year,link_id,sample_idx,s_m,lon,lat,B_m,C_1m
2011,0,0,0.00,115.190205,35.421695,882.08,-0.00146577
2011,0,1,82.57,115.190475,35.422360,1181.09,-0.00183908
2011,0,2,165.14,115.190940,35.422968,897.03,-0.00148252
2011,0,3,247.71,115.191516,35.423544,897.03,-0.00037632
2011,0,4,330.28,115.192092,35.424120,1061.49,0.00000000
2011,1,0,0.00,115.192092,35.424120,687.72,0.00000000
2011,1,1,94.03,115.193127,35.424120,687.72,-0.00038390
2011,1,2,188.06,115.194163,35.424120,657.82,-0.00013420
2011,1,3,282.09,115.194948,35.424012,672.77,-0.00018098
2011,1,4,376.12,115.195901,35.424084,672.77,-0.00064416
2011,1,5,470.15,115.196801,35.423851,672.77,-0.00134002
2011,1,6,564.17,115.197836,35.423851,657.82,-0.00314824
2011,1,7,658.20,115.198560,35.423312,747.53,-0.00404339
2011,10,0,0.00,115.188319,35.426815,807.33,0.00266568
2011,10,1,82.43,115.187567,35.426545,762.48,0.00256317
2011,10,2,164.86,115.186971,35.426006,926.93,0.00246065
2011,100,0,0.00,115.264855,35.450800,1480.10,0.00000000
2011,100,1,97.20,115.265325,35.450061,941.88,-0.00072778
2011,100,2,194.40,115.265794,35.449322,1435.25,-0.00161080
2011,100,3,291.61,115.265933,35.448644,1001.69,-0.00176604
2011,101,0,0.00,115.264855,35.450800,284.06,-0.00234409
2011,101,1,84.99,115.265479,35.451339,612.97,-0.00313870
2011,101,2,169.98,115.266260,35.451608,822.28,-0.00360729
2011,101,3,254.97,115.267128,35.451725,1031.59,-0.00283778
2011,101,4,339.96,115.267820,35.451608,1390.40,-0.00239429
2011,103,0,0.00,115.267820,35.451608,508.32,-0.00171791
2011,103,1,76.30,115.268352,35.452141,508.32,-0.00085895
2011,103,2,152.60,115.268983,35.452502,568.12,-0.00093758
2011,103,3,228.90,115.269515,35.453034,583.07,-0.00291323
2011,103,4,305.20,115.270245,35.453225,642.87,-0.00395129
2011,104,0,0.00,115.270245,35.453225,508.32,0.00000000
2011,104,1,93.00,115.270477,35.453996,463.47,-0.00033474
2011,104,2,186.00,115.270708,35.454767,418.61,-0.00177071
2011,104,3,278.99,115.271054,35.455504,328.91,-0.00361834
2011,104,4,371.99,115.271688,35.456015,343.86,-0.00379653
2011,104,5,464.99,115.272534,35.456323,612.97,-0.00225496
2011,104,6,557.99,115.273479,35.456459,657.82,-0.00128160
2011,105,0,0.00,115.270245,35.453225,1166.14,0.00366016
2011,105,1,99.29,115.270938,35.452533,1794.06,0.00493656
2011,105,2,198.59,115.271965,35.452417,747.53,0.00617541
2011,105,3,297.88,115.272902,35.452686,433.57,0.00598649
2011,105,4,397.18,115.273400,35.453416,463.47,0.00300132
2011,105,5,496.47,115.273479,35.454288,418.61,0.00011475
2011,105,6,595.77,115.273951,35.455045,568.12,0.00104504
2011,105,7,695.06,115.274018,35.455920,642.87,0.00202812
2011,106,0,0.00,115.273479,35.456459,568.12,0.00107265
2011,106,1,92.22,115.273705,35.457224,568.12,0.00041069
2011,106,2,184.44,115.273749,35.458043,343.86,-0.00181535
2011,106,3,276.65,115.274018,35.458795,299.01,-0.00387243
2011,106,4,368.87,115.274613,35.459424,299.01,-0.00176143
2011,106,5,461.09,115.275433,35.459761,343.86,0.00103022
2011,106,6,553.31,115.275905,35.460454,328.91,0.00012459
2011,106,7,645.52,115.276610,35.460938,328.91,-0.00035480
2011,106,8,737.74,115.277253,35.461581,358.81,-0.00126384
2011,106,9,829.96,115.277958,35.462119,328.91,-0.00246043
2011,106,10,922.18,115.278818,35.462388,403.66,-0.00106705
2011,106,11,1014.39,115.279678,35.462658,508.32,0.00000000
2011,107,0,0.00,115.273479,35.456459,1091.39,0.00000000
2011,107,1,38.63,115.273749,35.456190,1061.49,0.00000000
2011,107,2,77.27,115.274018,35.455920,1106.34,0.00000000
2011,108,0,0.00,115.274018,35.455920,612.97,-0.00000000
2011,108,1,85.04,115.274799,35.456190,598.02,-0.00000000
2011,108,2,170.07,115.275579,35.456459,343.86,0.00047031
2011,108,3,255.11,115.276360,35.456729,299.01,0.00194287
2011,108,4,340.14,115.277083,35.457099,299.01,0.00306481
2011,108,5,425.18,115.277676,35.457692,343.86,0.00230904
2011,108,6,510.21,115.278061,35.458346,388.71,0.00143358
2011,11,0,0.00,115.188049,35.423581,1794.06,-0.00228265
2011,11,1,78.51,115.187919,35.422912,1524.95,-0.00171747
2011,11,2,157.01,115.187510,35.422323,986.73,0.00000000
2011,11,3,235.52,115.187241,35.421695,882.08,0.00115230
2011,110,0,0.00,115.279678,35.462658,463.47,-0.00110795
2011,110,1,98.63,115.280256,35.463236,433.57,-0.00050802
2011,110,2,197.25,115.281043,35.463754,433.57,0.00055397
2011,110,3,295.88,115.281731,35.464442,433.57,0.00050802
2011,110,4,394.51,115.282419,35.465130,433.57,-0.00021859
2011,110,5,493.13,115.283107,35.465818,433.57,0.00000000
2011,110,6,591.76,115.283839,35.466431,493.37,0.00044639
2011,110,7,690.39,115.284373,35.467084,478.42,-0.00000000
2011,110,8,789.01,115.285062,35.467772,478.42,-0.00073582
2011,110,9,887.64,115.285750,35.468460,493.37,-0.00050510
2011,110,10,986.27,115.286537,35.468978,523.27,0.00153127
2011,110,11,1084.89,115.287223,35.469666,478.42,0.00104872
2011,110,12,1183.52,115.287497,35.470473,448.52,-0.00193689
2011,110,13,1282.15,115.288282,35.470993,478.42,-0.00105164
2011,110,14,1380.77,115.289046,35.471551,493.37,0.00027921
2011,110,15,1479.40,115.289757,35.472199,523.27,0.00050802
2011,110,16,1578.03,115.290544,35.472716,523.27,0.00113659
2011,110,17,1676.65,115.291024,35.473465,448.52,-0.00050802
2011,110,18,1775.28,115.291712,35.474153,493.37,-0.00213367
2011,110,19,1873.91,115.292499,35.474671,478.42,-0.00054695
2011,110,20,1972.53,115.293385,35.475017,508.32,0.00083772
2011,110,21,2071.16,115.294073,35.475706,493.37,-0.00023016
2011,110,22,2169.79,115.294912,35.476132,538.22,-0.00052893
2011,110,23,2268.41,115.295687,35.476671,538.22,0.00045544
2011,110,24,2367.04,115.296532,35.477087,538.22,0.00081471
2011,110,25,2465.66,115.297221,35.477775,538.22,0.00032167
2011,110,26,2564.29,115.298008,35.478293,523.27,0.00050802
2011,110,27,2662.92,115.298696,35.478981,508.32,0.00050802
2011,110,28,2761.54,115.299384,35.479669,493.37,-0.00050802
2011,110,29,2860.17,115.300072,35.480357,493.37,-0.00050802
2011,110,30,2958.80,115.300859,35.480874,493.37,-0.00000000
2011,110,31,3057.42,115.301547,35.481563,448.52,-0.00054695
2011,110,32,3156.05,115.302334,35.482080,418.61,-0.00046649
2011,110,33,3254.68,115.303121,35.482597,418.61,0.00015080
2011,110,34,3353.30,115.303893,35.483139,358.81,0.00039033
2011,110,35,3451.93,115.304668,35.483678,358.81,0.00025225
2011,110,36,3550.56,115.305383,35.484320,358.81,-0.00104734
2011,110,37,3649.18,115.306170,35.484838,358.81,-0.00145627
2011,110,38,3747.81,115.307055,35.485185,388.71,-0.00059284
2011,110,39,3846.44,115.307922,35.485565,358.81,0.00028388
2011,110,40,3945.06,115.308827,35.485878,373.76,0.00059284
2011,110,41,4043.69,115.309627,35.486373,388.71,-0.00032145
2011,110,42,4142.32,115.310500,35.486743,358.81,-0.00059284
2011,110,43,4240.94,115.311386,35.487089,313.96,-0.00029620
2011,110,44,4339.57,115.312271,35.487436,299.01,-0.00048642
2011,110,45,4438.20,115.313193,35.487721,299.01,-0.00032068
2011,110,46,4536.82,115.314124,35.487990,299.01,-0.00078714
2011,110,47,4635.45,115.315055,35.488260,299.01,-0.00090432
2011,110,48,4734.08,115.316111,35.488312,284.06,0.00055649
2011,110,49,4832.70,115.317072,35.488529,299.01,0.00090432
2011,110,50,4931.33,115.318003,35.488799,328.91,0.00017880
2011,110,51,5029.96,115.318933,35.489068,299.01,-0.00090432
2011,110,52,5128.58,115.319864,35.489338,328.91,-0.00090432
2011,110,53,5227.21,115.320951,35.489338,269.11,0.00090432
2011,110,54,5325.84,115.321881,35.489607,269.11,0.00000000
2011,110,55,5424.46,115.322812,35.489877,299.01,-0.00172503
2011,110,56,5523.09,115.323899,35.489877,239.21,0.00000000
2011,110,57,5621.72,115.324985,35.489877,269.11,0.00082071
2011,110,58,5720.34,115.325916,35.490146,269.11,-0.00082071
2011,110,59,5818.97,115.327003,35.490146,209.31,-0.00164142
2011,110,60,5917.60,115.328090,35.490146,269.11,-0.00000000
2011,110,61,6016.22,115.329020,35.489877,269.11,0.00082071
2011,110,62,6114.85,115.329951,35.490146,269.11,-0.00172503
2011,110,63,6213.48,115.330881,35.489877,299.01,-0.00345006
2011,111,0,0.00,115.279678,35.462658,1704.36,-0.00379867
2011,111,1,94.29,115.280217,35.461965,807.33,-0.00406394
2011,111,2,188.57,115.280066,35.461160,553.17,-0.00361451
2011,111,3,282.86,115.279825,35.460380,328.91,-0.00202935
2011,111,4,377.15,115.279167,35.459722,328.91,-0.00057944
2011,111,5,471.44,115.278718,35.459004,343.86,-0.00055024
2011,111,6,565.72,115.278061,35.458346,328.91,-0.00110048
2011,112,0,0.00,115.278061,35.458346,403.66,0.00000000
2011,112,1,19.32,115.277926,35.458481,657.82,0.00000000
2011,112,2,38.63,115.277791,35.458615,627.92,0.00000000
2011,114,0,0.00,115.330881,35.489877,1794.06,0.00000000
2011,114,1,74.75,115.330881,35.489203,1794.06,0.00000000
2011,114,2,149.50,115.330881,35.488529,822.28,0.00000000
2011,115,0,0.00,115.330881,35.489877,418.61,-0.00323287
2011,115,1,74.66,115.331548,35.490146,418.61,-0.00453284
2011,115,2,149.32,115.332371,35.490146,418.61,-0.00453284
2011,115,3,223.98,115.333037,35.489877,448.52,-0.00323287
2011,116,0,0.00,115.330881,35.488529,418.61,0.00813712
2011,116,1,77.64,115.331581,35.488260,313.96,0.00902471
2011,116,2,155.29,115.332163,35.488732,553.17,0.00528370
2011,116,3,232.93,115.332498,35.489334,657.82,-0.00046832
2011,116,4,310.57,115.333037,35.489877,598.02,-0.00159176
2011,117,0,0.00,115.330881,35.488529,463.47,-0.00578656
2011,117,1,56.00,115.330421,35.488260,284.06,-0.00554217
2011,117,2,111.99,115.329804,35.488260,284.06,-0.00529778
2011,118,0,0.00,115.333037,35.489877,388.71,0.00000000
2011,118,1,95.25,115.334087,35.489877,358.81,0.00000000
2011,118,2,190.49,115.335137,35.489877,358.81,0.00000000
2011,118,3,285.74,115.336186,35.489877,358.81,0.00000000
2011,118,4,380.98,115.337236,35.489877,358.81,0.00000000
2011,118,5,476.23,115.338286,35.489877,358.81,0.00069713
2011,118,6,571.48,115.339335,35.489877,388.71,0.00185482
2011,118,7,666.72,115.340260,35.490092,433.57,0.00155934
2011,118,8,761.97,115.341122,35.490416,373.76,0.00080331
2011,119,0,0.00,115.341122,35.490416,1794.06,0.00000000
2011,119,1,89.70,115.341122,35.491224,1794.06,0.00000000
2011,119,2,179.40,115.341122,35.492033,538.22,0.00000000
2011,12,0,0.00,115.188049,35.423581,717.63,0.00000000
2011,12,1,63.11,115.187510,35.423851,687.72,0.00000000
2011,12,2,126.23,115.186971,35.424120,672.77,0.00000000
2011,120,0,0.00,115.341122,35.490416,433.57,0.00438871
2011,120,1,87.85,115.341934,35.490146,358.81,0.00323620
2011,120,2,175.69,115.342746,35.490416,418.61,0.00000000
2011,120,3,263.54,115.343714,35.490416,388.71,-0.00104184
2011,120,4,351.39,115.344682,35.490416,328.91,0.00024699
2011,120,5,439.23,115.345650,35.490416,388.71,0.00104184
2011,120,6,527.08,115.346580,35.490483,373.76,0.00052157
2011,120,7,614.93,115.347431,35.490685,388.71,-0.00104184
2011,120,8,702.78,115.348399,35.490685,388.71,-0.00153711
2011,121,0,0.00,115.348399,35.490685,1315.65,-0.00291947
2011,121,1,96.61,115.348938,35.489972,1255.84,-0.00132934
2011,121,2,193.22,115.348938,35.489101,164.46,0.00199483
2011,121,3,289.84,115.349477,35.488529,583.07,0.00372886
2011,122,0,0.00,115.348399,35.490685,448.52,-0.00337459
2011,122,1,97.11,115.349175,35.491192,388.71,-0.00241310
2011,122,2,194.22,115.350227,35.491224,388.71,0.00000000
2011,122,3,291.33,115.351123,35.491523,373.76,0.00059417
2011,122,4,388.44,115.352055,35.491763,299.01,-0.00000000
2011,122,5,485.55,115.352973,35.492025,299.01,0.00122334
2011,122,6,582.66,115.353883,35.492302,269.11,0.00296410
2011,122,7,679.77,115.354625,35.492869,299.01,0.00389901
2011,122,8,776.87,115.355094,35.493607,254.16,0.00255657
2011,122,9,873.98,115.355136,35.494470,254.16,-0.00007432
2011,122,10,971.09,115.355405,35.495267,313.96,-0.00120854
2011,123,0,0.00,115.355405,35.495267,897.03,0.00000000
2011,123,1,85.58,115.356349,35.495267,598.02,0.00000000
2011,123,2,171.17,115.357292,35.495267,,0.00000000
2011,124,0,0.00,115.355405,35.495267,299.01,-0.00217696
2011,124,1,79.11,115.355136,35.495901,328.91,-0.00211310
2011,124,2,158.23,115.355136,35.496614,299.01,-0.00204925
2011,125,0,0.00,115.355136,35.496614,328.91,-0.00167651
2011,125,1,98.80,115.354597,35.497347,328.91,-0.00139756
2011,125,2,197.60,115.354383,35.498175,254.16,0.00029026
2011,125,3,296.40,115.354058,35.498971,328.91,0.00000000
2011,125,4,395.20,115.353519,35.499704,269.11,-0.00112420
2011,125,5,493.99,115.353519,35.500595,313.96,0.00139756
2011,125,6,592.79,115.353086,35.501359,343.86,0.00137579
2011,125,7,691.59,115.352441,35.502061,343.86,-0.00072235
2011,125,8,790.39,115.352125,35.502859,358.81,0.00017765
2011,125,9,889.19,115.351644,35.503610,418.61,0.00075075
2011,125,10,987.99,115.351094,35.504340,358.81,-0.00035708
2011,125,11,1086.79,115.350555,35.505073,388.71,-0.00011849
2011,125,12,1185.59,115.350202,35.505860,373.76,0.00017943
2011,125,13,1284.39,115.349512,35.506550,373.76,-0.00020631
2011,125,14,1383.19,115.349240,35.507361,373.76,0.00000000
2011,125,15,1481.98,115.348551,35.508050,373.76,-0.00070340
2011,125,16,1580.78,115.348279,35.508861,358.81,-0.00000886
2011,125,17,1679.58,115.347860,35.509629,388.71,0.00030693
2011,125,18,1778.38,115.347321,35.510363,388.71,-0.00106970
2011,125,19,1877.18,115.347051,35.511175,343.86,-0.00000000
2011,125,20,1975.98,115.346773,35.511984,388.71,0.00065943
2011,125,21,2074.78,115.346243,35.512720,373.76,-0.00070469
2011,125,22,2173.58,115.345973,35.513532,343.86,-0.00024567
2011,125,23,2272.38,115.345704,35.514343,328.91,0.00070469
2011,125,24,2371.18,115.345267,35.515107,358.81,0.00012293
2011,125,25,2469.97,115.344895,35.515889,328.91,-0.00040718
2011,125,26,2568.77,115.344514,35.516668,313.96,0.00054186
2011,125,27,2667.57,115.344242,35.517479,343.86,0.00026179
2011,125,28,2766.37,115.343553,35.518168,284.06,-0.00108754
2011,125,29,2865.17,115.343489,35.519040,284.06,0.00054186
2011,125,30,2963.97,115.343009,35.519791,269.11,0.00217508
2011,126,0,0.00,115.355136,35.496614,627.92,-0.00361926
2011,126,1,99.76,115.355923,35.497153,1151.19,-0.00349435
2011,126,2,199.51,115.357022,35.497153,104.65,-0.00336944
2011,127,0,0.00,115.343009,35.519791,1210.99,-0.00125824
2011,127,1,94.60,115.343768,35.520280,1345.55,-0.00127454
2011,127,2,189.20,115.344626,35.520599,627.92,-0.00129083
2011,128,0,0.00,115.343009,35.519791,328.91,-0.00131237
2011,128,1,96.07,115.342739,35.520578,209.31,-0.00013551
2011,128,2,192.13,115.342711,35.521436,299.01,0.00227340
2011,128,3,288.20,115.342250,35.522167,313.96,0.00174006
2011,128,4,384.27,115.341579,35.522837,358.81,-0.00184270
2011,128,5,480.34,115.341122,35.523570,328.91,-0.00233513
2011,128,6,576.40,115.341122,35.524436,373.76,0.00027077
2011,128,7,672.47,115.340853,35.525223,418.61,0.00147569
2011,128,8,768.54,115.340567,35.526005,433.57,0.00065455
2011,128,9,864.61,115.340044,35.526719,478.42,-0.00042731
2011,128,10,960.67,115.339775,35.527506,478.42,0.00014893
2011,128,11,1056.74,115.339390,35.528260,478.42,0.00016849
2011,128,12,1152.81,115.338929,35.528991,478.42,-0.00036248
2011,128,13,1248.88,115.338676,35.529783,478.42,0.00020019
2011,128,14,1344.94,115.338214,35.530514,433.57,-0.00033167
2011,128,15,1441.01,115.337888,35.531285,418.61,-0.00141705
2011,128,16,1537.08,115.337619,35.532073,433.57,-0.00157474
2011,128,17,1633.15,115.337619,35.532938,403.66,-0.00068954
2011,128,18,1729.21,115.337619,35.533804,523.27,0.00000000
2011,129,0,0.00,115.337619,35.533804,553.17,-0.00318700
2011,129,1,98.86,115.336830,35.534324,508.32,-0.00312498
2011,129,2,197.71,115.336557,35.535135,463.47,-0.00102184
2011,129,3,296.57,115.336271,35.535943,478.42,0.00047423
2011,129,4,395.43,115.335804,35.536697,463.47,-0.00037494
2011,129,5,494.28,115.335531,35.537509,433.57,-0.00034751
2011,129,6,593.14,115.335193,35.538301,448.52,0.00051771
2011,129,7,691.99,115.334924,35.539114,433.57,0.00052568
2011,129,8,790.85,115.334385,35.539848,418.61,-0.00139223
2011,129,9,889.71,115.334115,35.540660,373.76,-0.00204265
2011,129,10,988.56,115.334115,35.541551,343.86,-0.00065042
2011,129,11,1087.42,115.334115,35.542442,328.91,-0.00000000
2011,129,12,1186.28,115.334115,35.543333,239.21,-0.00048451
2011,129,13,1285.13,115.334115,35.544224,209.31,-0.00117354
2011,129,14,1383.99,115.334318,35.545056,194.36,-0.00033421
2011,129,15,1482.84,115.334591,35.545868,209.31,0.00087115
2011,129,16,1581.70,115.334654,35.546740,254.16,0.00103267
2011,13,0,0.00,115.234133,35.421425,493.37,-0.00000000
2011,13,1,19.32,115.234268,35.421560,523.27,-0.00000000
2011,13,2,38.64,115.234402,35.421695,508.32,-0.00000000
2011,130,0,0.00,115.337619,35.533804,1794.06,-0.00304229
2011,130,1,87.50,115.338427,35.534074,1480.10,-0.00442523
2011,130,2,175.00,115.339335,35.533975,732.58,-0.00440040
2011,130,3,262.50,115.340044,35.533535,478.42,-0.00299263
2011,131,0,0.00,115.334654,35.546740,1196.04,0.00579416
2011,131,1,55.96,115.334194,35.547010,463.47,0.00554933
2011,131,2,111.93,115.333576,35.547010,822.28,0.00530451
2011,132,0,0.00,115.334654,35.546740,194.36,0.00000000
2011,132,1,99.03,115.335193,35.547476,239.21,0.00000000
2011,132,2,198.07,115.335732,35.548211,239.21,0.00004325
2011,132,3,297.10,115.336271,35.548947,284.06,-0.00033316
2011,132,4,396.14,115.336793,35.549687,328.91,-0.00028062
2011,132,5,495.17,115.337484,35.550378,299.01,0.00056065
2011,132,6,594.21,115.337967,35.551130,313.96,0.00004422
2011,132,7,693.24,115.338462,35.551860,328.91,-0.00089533
2011,132,8,792.27,115.339031,35.552464,343.86,-0.00083035
2011,132,9,891.31,115.339722,35.553155,343.86,-0.00006718
2011,132,10,990.34,115.340471,35.553747,388.71,0.00051325
2011,132,11,1089.38,115.340995,35.554428,373.76,-0.00050346
2011,132,12,1188.41,115.341700,35.555094,403.66,-0.00014965
2011,132,13,1287.45,115.342476,35.555640,388.71,0.00102481
2011,132,14,1386.48,115.342959,35.556392,403.66,-0.00007511
2011,132,15,1485.51,115.343548,35.556971,388.71,-0.00050359
2011,132,16,1584.55,115.344231,35.557664,358.81,0.00000000
2011,132,17,1683.58,115.344922,35.558356,403.66,-0.00001776
2011,132,18,1782.62,115.345614,35.559047,433.57,-0.00000000
2011,132,19,1881.65,115.346305,35.559738,418.61,-0.00050346
2011,132,20,1980.69,115.346996,35.560429,463.47,-0.00050346
2011,132,21,2079.72,115.347786,35.560950,463.47,0.00000000
2011,132,22,2178.75,115.348477,35.561641,463.47,-0.00054194
2011,132,23,2277.79,115.349268,35.562162,493.37,-0.00054194
2011,132,24,2376.82,115.350058,35.562682,478.42,0.00000000
2011,132,25,2475.86,115.350848,35.563203,493.37,0.00054194
2011,132,26,2574.89,115.351638,35.563724,478.42,0.00054194
2011,132,27,2673.93,115.352329,35.564415,493.37,-0.00094532
2011,132,28,2772.96,115.353119,35.564936,478.42,-0.00054194
2011,132,29,2871.99,115.353980,35.565335,478.42,0.00052264
2011,132,30,2971.03,115.354700,35.565977,523.27,-0.00021880
2011,132,31,3070.06,115.355539,35.566413,538.22,-0.00040462
2011,132,32,3169.10,115.356319,35.566952,508.32,-0.00056623
2011,132,33,3268.13,115.357169,35.567368,538.22,-0.00028592
2011,132,34,3367.17,115.358034,35.567761,508.32,0.00064655
2011,132,35,3466.20,115.358849,35.568239,508.32,0.00000000
2011,132,36,3565.23,115.359639,35.568760,493.37,-0.00043281
2011,132,37,3664.27,115.360528,35.569110,463.47,0.00057129
2011,132,38,3763.30,115.361318,35.569631,478.42,0.00000000
2011,132,39,3862.34,115.362108,35.570151,478.42,-0.00159700
2011,132,40,3961.37,115.362997,35.570502,433.57,-0.00058760
2011,132,41,4060.41,115.363960,35.570725,418.61,-0.00087040
2011,132,42,4159.44,115.364776,35.571202,433.57,-0.00290717
2011,132,43,4258.47,115.365676,35.570995,448.52,-0.00157631
2011,132,44,4357.51,115.366768,35.570995,328.91,-0.00017411
2011,132,45,4456.54,115.367740,35.570787,254.16,-0.00039746
2011,132,46,4555.58,115.368796,35.570725,209.31,-0.00126982
2011,132,47,4654.61,115.369732,35.570456,194.36,-0.00069568
2011,132,48,4753.65,115.370605,35.570078,239.21,0.00074063
2011,132,49,4852.68,115.371604,35.569917,179.41,0.00000000
2011,132,50,4951.71,115.372540,35.569647,269.11,-0.00009291
2011,132,51,5050.75,115.373476,35.569378,328.91,-0.00000000
2011,132,52,5149.78,115.374459,35.569189,418.61,-0.00083154
2011,132,53,5248.82,115.375348,35.568839,508.32,-0.00111393
2011,133,0,0.00,115.375348,35.568839,418.61,0.00000000
2011,133,1,24.43,115.375618,35.568839,508.32,0.00000000
2011,133,2,48.86,115.375887,35.568839,478.42,0.00000000
2011,134,0,0.00,115.375348,35.568839,1225.94,0.00105172
2011,134,1,90.40,115.374717,35.568208,1734.26,0.00187920
2011,134,2,180.80,115.374270,35.567523,1001.69,0.00419559
2011,134,3,271.21,115.374081,35.566763,852.18,0.00721677
2011,134,4,361.61,115.374557,35.566144,403.66,0.01036128
2011,134,5,452.01,115.375281,35.566076,448.52,0.00827967
2011,134,6,542.41,115.375912,35.566707,1794.06,0.00289171
2011,134,7,632.82,115.376543,35.567338,1794.06,0.00123010
2011,134,8,723.22,115.376965,35.568030,1794.06,0.00126259
2011,135,0,0.00,115.375887,35.568839,493.37,0.00400448
2011,135,1,77.99,115.376261,35.568300,418.61,0.00395395
2011,135,2,155.99,115.376965,35.568030,448.52,0.00390342
2011,136,0,0.00,115.375887,35.568839,1240.89,0.00000000
2011,136,1,83.33,115.376469,35.569420,1136.24,-0.00053093
2011,136,2,166.66,115.377050,35.570002,986.73,-0.00580958
2011,136,3,249.99,115.377706,35.570456,493.37,-0.00974884
2011,136,4,333.32,115.378313,35.569917,553.17,-0.00894038
2011,137,0,0.00,115.376965,35.568030,1794.06,-0.00145844
2011,137,1,84.29,115.377345,35.568679,1345.55,-0.00072922
2011,137,2,168.57,115.377933,35.569267,1166.14,0.00072922
2011,137,3,252.86,115.378313,35.569917,568.12,0.00145844
2011,138,0,0.00,115.376965,35.568030,448.52,0.00040476
2011,138,1,91.02,115.377798,35.567736,448.52,0.00030320
2011,138,2,182.04,115.378660,35.567491,463.47,-0.00110069
2011,138,3,273.06,115.379508,35.567222,657.82,-0.00224863
2011,138,4,364.08,115.380199,35.566683,747.53,-0.00209423
2011,14,0,0.00,115.234133,35.421425,687.72,-0.00173502
2011,14,1,90.74,115.233134,35.421425,687.72,-0.00645128
2011,14,2,181.47,115.232274,35.421667,852.18,-0.01397470
2011,14,3,272.21,115.232716,35.422234,493.37,-0.01291184
2011,14,4,362.94,115.233715,35.422234,986.73,-0.00667990
2011,14,5,453.68,115.234402,35.421695,1794.06,-0.00431797
2011,140,0,0.00,115.378313,35.569917,687.72,-0.00206649
2011,140,1,75.26,115.379143,35.569917,583.07,-0.00411769
2011,140,2,150.51,115.379858,35.569719,463.47,-0.00396883
2011,140,3,225.77,115.380383,35.569193,612.97,0.00007998
2011,140,4,301.03,115.381007,35.568839,657.82,0.00192872
2011,141,0,0.00,115.380199,35.566683,747.53,0.00000000
2011,141,1,36.65,115.380603,35.566683,777.43,0.00000000
2011,141,2,73.29,115.381007,35.566683,807.33,0.00000000
2011,142,0,0.00,115.380199,35.566683,1614.66,0.00000000
2011,142,1,96.77,115.379524,35.566007,1704.36,-0.00042928
2011,142,2,193.54,115.378848,35.565332,1734.26,-0.00228707
2011,142,3,290.31,115.378092,35.564796,867.13,-0.00515724
2011,142,4,387.08,115.377299,35.564731,463.47,-0.00455341
2011,142,5,483.85,115.376426,35.565066,448.52,-0.00250790
2011,143,0,0.00,115.381007,35.568839,1136.24,0.00000000
2011,143,1,79.74,115.381007,35.568120,1181.09,0.00000000
2011,143,2,159.47,115.381007,35.567401,1315.65,0.00000000
2011,143,3,239.21,115.381007,35.566683,867.13,0.00000000
2011,144,0,0.00,115.381007,35.568839,1031.59,0.00867623
2011,144,1,34.26,115.381247,35.569078,1091.39,0.00879270
2011,144,2,68.51,115.381277,35.569378,702.67,0.00890917
2011,146,0,0.00,115.381007,35.566683,807.33,0.00306419
2011,146,1,82.35,115.381582,35.566108,747.53,0.00322516
2011,146,2,164.70,115.382355,35.565874,732.58,0.00338613
2011,147,0,0.00,115.382355,35.565874,717.63,-0.00257559
2011,147,1,64.16,115.382594,35.565366,1181.09,-0.00251835
2011,147,2,128.31,115.382624,35.564796,1420.30,-0.00246111
2011,148,0,0.00,115.382355,35.565874,1764.16,0.00000000
2011,148,1,99.76,115.383051,35.566570,1360.50,-0.00062978
2011,148,2,199.51,115.383747,35.567267,1196.04,-0.00366234
2011,148,3,299.27,115.384543,35.567729,762.48,-0.00555312
2011,148,4,399.02,115.385505,35.567491,583.07,-0.00503832
2011,148,5,498.78,115.386397,35.567179,568.12,-0.00414911
2011,148,6,598.54,115.386709,35.566371,986.73,-0.00171512
2011,148,7,698.29,115.387196,35.565614,1016.64,-0.00061881
2011,148,8,798.05,115.387475,35.564796,1076.44,-0.00107009
2011,149,0,0.00,115.382624,35.564796,732.58,-0.00000000
2011,149,1,83.93,115.383394,35.564527,762.48,0.00035630
2011,149,2,167.86,115.384163,35.564257,598.02,0.00126787
2011,149,3,251.79,115.384976,35.564062,687.72,0.00144537
2011,149,4,335.72,115.385858,35.563988,897.03,0.00106759
2011,15,0,0.00,115.234402,35.421695,598.02,0.00177410
2011,15,1,80.74,115.235163,35.421916,553.17,0.00259606
2011,15,2,161.48,115.235825,35.422309,568.12,0.00322842
2011,15,3,242.22,115.236388,35.422872,598.02,0.00231717
2011,15,4,322.96,115.236743,35.423496,687.72,0.00079776
2011,15,5,403.70,115.237097,35.424120,672.77,-0.00000000
2011,150,0,0.00,115.382624,35.564796,1794.06,-0.00000000
2011,150,1,77.23,115.382085,35.564257,1794.06,-0.00000000
2011,150,2,154.45,115.381546,35.563718,1764.16,0.00000000
2011,150,3,231.68,115.381007,35.563179,1614.66,0.00000000
2011,150,4,308.90,115.380468,35.562640,313.96,0.00000000
2011,151,0,0.00,115.387475,35.564796,1106.34,0.00204126
2011,151,1,94.57,115.386589,35.564527,1001.69,0.00200135
2011,151,2,189.13,115.385858,35.563988,1584.76,0.00196143
2011,152,0,0.00,115.387475,35.564796,612.97,-0.00296732
2011,152,1,77.82,115.388177,35.565066,538.22,-0.00282197
2011,152,2,155.64,115.389036,35.565066,867.13,-0.00416029
2011,152,3,233.47,115.389894,35.565066,837.23,-0.00565242
2011,152,4,311.29,115.390440,35.564527,568.12,-0.00566090
2011,153,0,0.00,115.387475,35.564796,882.08,0.00269965
2011,153,1,95.17,115.388140,35.564132,493.37,-0.00092351
2011,153,2,190.33,115.388804,35.564007,523.27,-0.00676112
2011,153,3,285.50,115.388804,35.563160,986.73,-0.00627526
2011,153,4,380.67,115.388140,35.562496,1644.56,-0.00178748
2011,153,5,475.83,115.387475,35.561832,1480.10,0.00000000
2011,154,0,0.00,115.385858,35.563988,897.03,0.00231996
2011,154,1,84.66,115.385858,35.563225,642.87,0.00251488
2011,154,2,169.32,115.386205,35.562563,612.97,0.00449269
2011,154,3,253.98,115.386588,35.561911,478.42,0.00611909
2011,154,4,338.64,115.387475,35.561832,926.93,0.00596261
2011,155,0,0.00,115.390440,35.564527,1614.66,-0.00540398
2011,155,1,49.21,115.390440,35.564083,1539.90,-0.00551609
2011,155,2,98.41,115.390170,35.563718,822.28,-0.00562820
2011,156,0,0.00,115.390440,35.564527,463.47,-0.00176558
2011,156,1,95.20,115.391490,35.564527,463.47,-0.00185694
2011,156,2,190.40,115.392384,35.564257,358.81,-0.00151296
2011,156,3,285.60,115.393277,35.563988,373.76,-0.00197664
2011,156,4,380.79,115.394087,35.563574,523.27,-0.00225619
2011,156,5,475.99,115.394752,35.562910,702.67,-0.00163674
2011,157,0,0.00,115.387475,35.561832,523.27,0.00098767
2011,157,1,85.09,115.387928,35.561293,538.22,0.00092815
2011,157,2,170.17,115.388553,35.560754,538.22,0.00086862
2011,158,0,0.00,115.394752,35.562910,418.61,-0.00890941
2011,158,1,34.26,115.394721,35.562610,598.02,-0.00879291
2011,158,2,68.51,115.394482,35.562371,1121.29,-0.00867642
2011,159,0,0.00,115.394752,35.562910,538.22,0.00250990
2011,159,1,85.09,115.395534,35.563179,418.61,0.00210263
2011,159,2,170.17,115.396160,35.563718,284.06,0.00107749
2011,159,3,255.26,115.396830,35.564180,239.21,0.00174956
2011,159,4,340.34,115.397424,35.564774,179.41,0.00265389
2011,159,5,425.43,115.397716,35.565455,149.51,0.00121396
2011,159,6,510.51,115.397986,35.566144,239.21,0.00015963
2011,160,0,0.00,115.388553,35.560754,1166.14,0.00000000
2011,160,1,80.78,115.388553,35.560026,956.83,0.00007651
2011,160,2,161.57,115.388553,35.559298,852.18,0.00287865
2011,160,3,242.35,115.388575,35.558576,807.33,0.00825511
2011,160,4,323.13,115.389238,35.558183,433.57,0.00847049
2011,160,5,403.91,115.389901,35.558328,568.12,0.00603504
2011,161,0,0.00,115.388553,35.560754,538.22,0.00000000
2011,161,1,24.43,115.388823,35.560754,897.03,0.00000000
2011,161,2,48.87,115.389092,35.560754,867.13,0.00000000
2011,162,0,0.00,115.394482,35.562371,433.57,0.00000000
2011,162,1,88.45,115.394282,35.561632,598.02,-0.00067780
2011,162,2,176.90,115.394082,35.560893,687.72,-0.00135641
2011,162,3,265.34,115.393674,35.560215,1121.29,-0.00135723
2011,163,0,0.00,115.394482,35.562371,747.53,0.00000000
2011,163,1,86.01,115.393533,35.562371,687.72,-0.00108827
2011,163,2,172.03,115.392585,35.562371,284.06,-0.00076927
2011,163,3,258.04,115.391792,35.562640,343.86,0.00405476
2011,163,4,344.05,115.390893,35.562555,463.47,0.00591794
2011,163,5,430.07,115.390293,35.561954,1450.20,0.00218219
2011,163,6,516.08,115.389693,35.561354,1465.15,0.00000000
2011,163,7,602.09,115.389092,35.560754,1285.75,0.00000000
2011,164,0,0.00,115.397986,35.566144,1569.81,0.00389827
2011,164,1,68.17,115.398581,35.565874,1240.89,0.00370989
2011,164,2,136.34,115.399333,35.565874,852.18,0.00352151
2011,165,0,0.00,115.397986,35.566144,239.21,0.00000000
2011,165,1,79.74,115.397986,35.566862,224.26,0.00000000
2011,165,2,159.47,115.397986,35.567581,284.06,0.00000000
2011,165,3,239.21,115.397986,35.568300,343.86,0.00000000
2011,166,0,0.00,115.389901,35.558328,89.70,0.00152532
2011,166,1,94.06,115.390170,35.559098,762.48,0.00148220
2011,166,2,188.12,115.390170,35.559945,971.78,0.00143908
2011,167,0,0.00,115.389901,35.558328,1016.64,0.00164705
2011,167,1,96.90,115.390657,35.557789,807.33,0.00155820
2011,167,2,193.80,115.391550,35.557487,777.43,0.00166421
2011,167,3,290.70,115.392424,35.557152,657.82,0.00465042
2011,167,4,387.60,115.393299,35.557145,583.07,0.00690838
2011,167,5,484.50,115.393975,35.557821,657.82,0.00500368
2011,167,6,581.39,115.394213,35.558625,612.97,0.00380584
2011,167,7,678.29,115.394213,35.559498,478.42,0.00343968
2011,167,8,775.19,115.393674,35.560215,657.82,0.00290003
2011,169,0,0.00,115.389092,35.560754,493.37,-0.00223681
2011,169,1,70.14,115.389681,35.560435,478.42,-0.00213862
2011,169,2,140.27,115.390170,35.559945,583.07,-0.00204043
2011,17,0,0.00,115.186971,35.426006,807.33,0.00000000
2011,17,1,69.77,115.186971,35.425378,1465.15,0.00000000
2011,17,2,139.53,115.186971,35.424749,1794.06,0.00000000
2011,17,3,209.30,115.186971,35.424120,1794.06,0.00000000
2011,170,0,0.00,115.393674,35.560215,657.82,0.00000000
2011,170,1,82.95,115.392759,35.560215,418.61,0.00000000
2011,170,2,165.90,115.391844,35.560215,299.01,0.00117285
2011,170,3,248.86,115.390929,35.560215,478.42,0.00247210
2011,170,4,331.81,115.390170,35.559945,568.12,0.00259848
2011,172,0,0.00,115.397986,35.568300,1435.25,0.00000000
2011,172,1,73.29,115.397177,35.568300,1554.85,0.00000000
2011,172,2,146.58,115.396369,35.568300,493.37,0.00000000
2011,173,0,0.00,115.397986,35.568300,328.91,0.00433812
2011,173,1,68.51,115.398464,35.568778,373.76,0.00439636
2011,173,2,137.03,115.398525,35.569378,373.76,0.00445459
2011,174,0,0.00,115.398525,35.569378,612.97,0.00572017
2011,174,1,75.26,115.397999,35.569903,1136.24,0.00574913
2011,174,2,150.51,115.397177,35.569917,1689.41,0.00577809
2011,175,0,0.00,115.398525,35.569378,358.81,0.00219098
2011,175,1,98.41,115.399003,35.570125,418.61,0.00163614
2011,175,2,196.83,115.399064,35.570995,343.86,0.00054065
2011,175,3,295.24,115.399333,35.571803,493.37,0.00081024
2011,175,4,393.65,115.399394,35.572672,523.27,0.00114728
2011,175,5,492.06,115.399333,35.573420,523.27,0.00067408
2011,176,0,0.00,115.397177,35.569917,493.37,-0.00174060
2011,176,1,88.19,115.396908,35.570633,448.52,-0.00268706
2011,176,2,176.39,115.396908,35.571428,328.91,-0.00381704
2011,176,3,264.58,115.397233,35.572128,523.27,-0.00225744
2011,176,4,352.78,115.397848,35.572744,508.32,0.00040707
2011,176,5,440.97,115.398255,35.573420,388.71,0.00132847
2011,177,0,0.00,115.397177,35.569917,433.57,-0.00923418
2011,177,1,43.74,115.396851,35.569647,568.12,-0.00904556
2011,177,2,87.47,115.396369,35.569647,403.66,-0.00885695
2011,178,0,0.00,115.399333,35.573420,1674.46,0.00000000
2011,178,1,48.86,115.398794,35.573420,1794.06,0.00000000
2011,178,2,97.72,115.398255,35.573420,1794.06,0.00000000
2011,179,0,0.00,115.399333,35.573420,508.32,-0.00267011
2011,179,1,96.67,115.399333,35.574291,523.27,-0.00146730
2011,179,2,193.34,115.399848,35.575013,493.37,0.00059096
2011,179,3,290.01,115.399896,35.575870,508.32,0.00013224
2011,179,4,386.68,115.400142,35.576670,478.42,-0.00065702
2011,179,5,483.35,115.400411,35.577462,508.32,-0.00013212
2011,18,0,0.00,115.186971,35.426006,897.03,0.00722712
2011,18,1,82.43,115.186376,35.426545,448.52,0.00757123
2011,18,2,164.86,115.185624,35.426276,568.12,0.00791535
2011,181,0,0.00,115.398255,35.573420,732.58,0.01067841
2011,181,1,31.52,115.398035,35.573640,1151.19,0.01107391
2011,181,2,63.04,115.397716,35.573689,867.13,0.01146941
2011,182,0,0.00,115.400411,35.577462,478.42,0.00054991
2011,182,1,97.88,115.400411,35.578345,448.52,-0.00013021
2011,182,2,195.76,115.400297,35.579194,448.52,-0.00128631
2011,182,3,293.65,115.400461,35.579938,478.42,-0.00110389
2011,182,4,391.53,115.400681,35.580756,448.52,0.00034813
2011,182,5,489.41,115.400950,35.581560,433.57,0.00123410
2011,182,6,587.29,115.400950,35.582442,418.61,0.00000000
2011,182,7,685.17,115.400950,35.583324,463.47,-0.00066636
2011,182,8,783.05,115.401220,35.584128,463.47,0.00000000
2011,182,9,880.94,115.401221,35.585009,463.47,-0.00069599
2011,182,10,978.82,115.401489,35.585814,463.47,-0.00070237
2011,182,11,1076.70,115.401759,35.586617,478.42,0.00057815
2011,182,12,1174.58,115.402028,35.587421,448.52,0.00070237
2011,182,13,1272.46,115.402075,35.588289,448.52,-0.00001581
2011,182,14,1370.34,115.402298,35.589107,433.57,0.00000000
2011,182,15,1468.23,115.402398,35.589960,463.47,0.00000000
2011,182,16,1566.11,115.402567,35.590793,418.61,0.00000000
2011,182,17,1663.99,115.402721,35.591630,418.61,0.00052203
2011,182,18,1761.87,115.402837,35.592479,388.71,0.00000000
2011,182,19,1859.75,115.402837,35.593361,433.57,-0.00051887
2011,182,20,1957.63,115.403106,35.594165,418.61,-0.00000000
2011,182,21,2055.52,115.403158,35.595032,403.66,0.00026572
2011,182,22,2153.40,115.403376,35.595851,388.71,0.00026869
2011,182,23,2251.28,115.403376,35.596733,388.71,-0.00013211
2011,182,24,2349.16,115.403538,35.597568,403.66,0.00011959
2011,182,25,2447.04,115.403645,35.598419,388.71,0.00000000
2011,182,26,2544.92,115.403652,35.599299,433.57,-0.00107111
2011,182,27,2642.81,115.403915,35.600105,418.61,-0.00070237
2011,182,28,2740.69,115.404184,35.600908,418.61,-0.00003907
2011,183,0,0.00,115.400411,35.577462,852.18,0.00430771
2011,183,1,90.88,115.401101,35.576923,1420.30,0.00419898
2011,183,2,181.76,115.402103,35.576923,1375.45,0.00204512
2011,183,3,272.64,115.403106,35.576923,642.87,0.00000000
2011,184,0,0.00,115.404184,35.600908,956.83,0.00295435
2011,184,1,77.99,115.404888,35.600639,1151.19,0.00280959
2011,184,2,155.98,115.405749,35.600639,1285.75,0.00133241
2011,184,3,233.97,115.406609,35.600639,642.87,0.00000000
2011,185,0,0.00,115.404184,35.600908,478.42,-0.00000000
2011,185,1,90.71,115.404817,35.601542,478.42,0.00003647
2011,185,2,181.42,115.405450,35.602175,418.61,0.00192843
2011,185,3,272.13,115.406070,35.602812,209.31,0.00504315
2011,185,4,362.84,115.406070,35.603630,418.61,0.00508604
2011,185,5,453.55,115.405626,35.604318,583.07,0.00247005
2011,185,6,544.26,115.404992,35.604951,583.07,0.00107042
2011,186,0,0.00,115.404184,35.600908,538.22,-0.00509430
2011,186,1,87.53,115.403645,35.601540,433.57,-0.00430815
2011,186,2,175.05,115.403915,35.602251,403.66,-0.00092835
2011,186,3,262.58,115.403915,35.603040,254.16,-0.00031878
2011,186,4,350.11,115.403915,35.603829,388.71,-0.00379990
2011,186,5,437.63,115.404282,35.604510,433.57,-0.00411046
2011,186,6,525.16,115.404992,35.604951,523.27,-0.00292399
2011,187,0,0.00,115.404992,35.604951,418.61,-0.00139412
2011,187,1,95.50,115.404992,35.605812,388.71,-0.00086080
2011,187,2,191.01,115.405262,35.606594,358.81,-0.00000000
2011,187,3,286.51,115.405323,35.607437,373.76,-0.00040599
2011,187,4,382.02,115.405531,35.608237,358.81,0.00000000
2011,187,5,477.52,115.405801,35.609019,388.71,0.00056973
2011,187,6,573.03,115.405801,35.609880,358.81,-0.00000000
2011,187,7,668.53,115.406070,35.610663,358.81,0.00000000
2011,187,8,764.04,115.406070,35.611523,388.71,-0.00073857
2011,187,9,859.54,115.406340,35.612306,373.76,-0.00073857
2011,187,10,955.05,115.406609,35.613088,388.71,0.00000000
2011,187,11,1050.55,115.406879,35.613870,388.71,-0.00000000
2011,187,12,1146.06,115.407148,35.614653,388.71,-0.00000000
2011,188,0,0.00,115.407148,35.614653,328.91,0.00137788
2011,188,1,98.78,115.407418,35.615465,373.76,0.00068894
2011,188,2,197.57,115.407418,35.616355,403.66,-0.00068894
2011,188,3,296.35,115.407687,35.617167,388.71,-0.00000000
2011,188,4,395.14,115.407957,35.617979,388.71,0.00068894
2011,188,5,493.92,115.407957,35.618869,388.71,0.00000000
2011,188,6,592.70,115.408226,35.619681,418.61,-0.00000000
2011,188,7,691.49,115.408226,35.620571,403.66,-0.00068894
2011,188,8,790.27,115.408496,35.621383,418.61,-0.00068894
2011,188,9,889.06,115.408765,35.622195,418.61,0.00000000
2011,188,10,987.84,115.409035,35.623007,388.71,0.00000000
2011,189,0,0.00,115.407148,35.614653,657.82,0.00000000
2011,189,1,57.90,115.406744,35.615057,672.77,0.00000000
2011,189,2,115.81,115.406340,35.615461,583.07,0.00000000
2011,190,0,0.00,115.407148,35.614653,657.82,0.00571593
2011,190,1,74.57,115.407669,35.614132,1420.30,0.00584856
2011,190,2,149.14,115.408481,35.614114,1151.19,0.00308308
2011,190,3,223.71,115.409304,35.614114,852.18,0.00018496
2011,191,0,0.00,115.409035,35.623007,448.52,0.00000000
2011,191,1,87.20,115.409035,35.623793,448.52,-0.00083871
2011,191,2,174.41,115.409035,35.624579,463.47,-0.00083871
2011,191,3,261.61,115.409304,35.625286,433.57,0.00167743
2011,191,4,348.81,115.409304,35.626072,463.47,0.00256747
2011,191,5,436.01,115.409035,35.626780,463.47,0.00178008
2011,192,0,0.00,115.409035,35.623007,657.82,0.00331967
2011,192,1,87.43,115.409645,35.622397,971.78,0.00430742
2011,192,2,174.86,115.410495,35.622199,1749.21,0.00340754
2011,192,3,262.29,115.411460,35.622199,732.58,0.00151991
2011,193,0,0.00,115.409035,35.626780,1794.06,0.00000000
2011,193,1,86.10,115.408084,35.626780,1794.06,0.00108595
2011,193,2,172.21,115.407134,35.626780,1001.69,0.00228809
2011,193,3,258.31,115.406340,35.626510,777.43,0.00240428
2011,194,0,0.00,115.409035,35.626780,463.47,-0.00000000
2011,194,1,92.08,115.409304,35.627531,463.47,0.00079596
2011,194,2,184.15,115.409574,35.628283,448.52,0.00154668
2011,194,3,276.23,115.409574,35.629113,478.42,0.00075072
2011,194,4,368.30,115.409574,35.629943,493.37,0.00000000
2011,194,5,460.38,115.409574,35.630772,493.37,-0.00056092
2011,194,6,552.45,115.409574,35.631602,478.42,-0.00075072
2011,194,7,644.53,115.409777,35.632373,493.37,0.00038193
2011,194,8,736.60,115.409843,35.633184,523.27,0.00075072
2011,194,9,828.68,115.409843,35.634014,523.27,0.00017899
2011,194,10,920.76,115.409843,35.634843,553.17,0.00000000
2011,194,11,1012.83,115.409843,35.635673,657.82,0.00000000
2011,195,0,0.00,115.409843,35.635673,1704.36,0.00000000
2011,195,1,88.98,115.408861,35.635673,1794.06,0.00000000
2011,195,2,177.96,115.407879,35.635673,1794.06,-0.00101473
2011,195,3,266.95,115.406896,35.635673,687.72,-0.00213708
2011,195,4,355.93,115.406070,35.635943,598.02,-0.00224469
2011,196,0,0.00,115.409843,35.635673,583.07,0.00004019
2011,196,1,97.86,115.410113,35.636477,568.12,0.00070222
2011,196,2,195.72,115.410375,35.637283,568.12,0.00132728
2011,196,3,293.57,115.410382,35.638162,568.12,-0.00000000
2011,196,4,391.43,115.410382,35.639044,553.17,-0.00064516
2011,196,5,489.29,115.410652,35.639848,568.12,0.00066312
2011,196,6,587.15,115.410652,35.640730,642.87,-0.00000000
2011,196,7,685.00,115.410652,35.641612,642.87,-0.00136534
2011,196,8,782.86,115.410921,35.642416,672.77,-0.00070222
2011,196,9,880.72,115.411191,35.643219,672.77,0.00000000
2011,197,0,0.00,115.411191,35.643219,1794.06,0.00007945
2011,197,1,89.78,115.410366,35.643472,1704.36,-0.00222384
2011,197,2,179.56,115.409843,35.643623,1196.04,-0.00198634
2011,197,3,269.34,115.409321,35.644281,1091.39,0.00198826
2011,197,4,359.12,115.408496,35.644567,867.13,0.00342207
2011,198,0,0.00,115.411191,35.643219,672.77,0.00000000
2011,198,1,93.43,115.411460,35.643983,612.97,0.00077222
2011,198,2,186.87,115.411730,35.644747,657.82,0.00040128
2011,198,3,280.30,115.411730,35.645589,687.72,-0.00155839
2011,198,4,373.73,115.412130,35.646314,702.67,-0.00141484
2011,198,5,467.16,115.412538,35.647038,717.63,-0.00032886
2011,198,6,560.60,115.413017,35.647740,792.38,-0.00114911
2011,198,7,654.03,115.413461,35.648454,717.63,-0.00222623
2011,198,8,747.46,115.414212,35.648936,747.53,-0.00117858
2011,198,9,840.89,115.414964,35.649417,837.23,-0.00000000
2011,199,0,0.00,115.414964,35.649417,657.82,-0.00015623
2011,199,1,96.35,115.415219,35.650212,642.87,-0.00011724
2011,199,2,192.70,115.415503,35.650998,612.97,-0.00098678
2011,199,3,289.05,115.415772,35.651788,538.22,-0.00146648
2011,199,4,385.40,115.416402,35.652473,433.57,-0.00115636
2011,199,5,481.75,115.416866,35.653206,403.66,-0.00121904
2011,199,6,578.10,115.417638,35.653709,328.91,0.00000000
2011,199,7,674.45,115.418201,35.654272,299.01,-0.00028440
2011,199,8,770.80,115.418874,35.654944,209.31,-0.00171070
2011,199,9,867.15,115.419704,35.655346,239.21,-0.00192204
2011,199,10,963.50,115.420517,35.655779,209.31,-0.00184394
2011,199,11,1059.85,115.421519,35.655885,209.31,0.00000000
2011,199,12,1156.20,115.422457,35.656102,224.26,-0.00000237
2011,199,13,1252.55,115.423333,35.656424,179.41,-0.00130567
2011,199,14,1348.90,115.424397,35.656424,224.26,-0.00018101
2011,199,15,1445.25,115.425367,35.656587,254.16,0.00072559
2011,199,16,1541.60,115.426368,35.656694,299.01,0.00000000
2011,199,17,1637.95,115.427276,35.656963,418.61,-0.00209251
2011,199,18,1734.30,115.428340,35.656963,478.42,-0.00267259
2011,199,19,1830.65,115.429247,35.656694,523.27,-0.00190014
2011,2,0,0.00,115.192092,35.424120,747.53,0.00276475
2011,2,1,80.50,115.191361,35.424389,687.72,0.00262995
2011,2,2,161.01,115.190475,35.424389,657.82,0.00249516
2011,20,0,0.00,115.186971,35.424120,583.07,-0.00603249
2011,20,1,75.35,115.186298,35.423851,418.61,-0.00603249
2011,20,2,150.70,115.185624,35.424120,583.07,-0.00603249
2011,200,0,0.00,115.414964,35.649417,1240.89,0.00000000
2011,200,1,92.94,115.415613,35.648769,1151.19,0.00019734
2011,200,2,185.89,115.416262,35.648120,1076.44,0.00057275
2011,200,3,278.83,115.416946,35.647531,897.03,0.00055097
2011,200,4,371.78,115.417659,35.646992,657.82,0.00035112
2011,201,0,0.00,115.429247,35.656694,478.42,0.00161971
2011,201,1,99.27,115.430344,35.656694,508.32,0.00080986
2011,201,2,198.55,115.431283,35.656963,508.32,-0.00080986
2011,201,3,297.82,115.432380,35.656963,538.22,-0.00000000
2011,201,4,397.09,115.433476,35.656963,538.22,0.00080986
2011,201,5,496.37,115.434416,35.657233,538.22,-0.00065518
2011,201,6,595.64,115.435513,35.657233,568.12,0.00000000
2011,201,7,694.92,115.436578,35.657287,553.17,0.00048458
2011,201,8,794.19,115.437549,35.657502,538.22,-0.00080986
2011,201,9,893.46,115.438645,35.657502,568.12,-0.00063926
2011,201,10,992.74,115.439742,35.657502,508.32,0.00000000
2011,201,11,1092.01,115.440838,35.657502,538.22,0.00000000
2011,201,12,1191.28,115.441935,35.657502,508.32,0.00000000
2011,201,13,1290.56,115.443031,35.657502,508.32,0.00000000
2011,201,14,1389.83,115.444128,35.657502,508.32,0.00068805
2011,201,15,1489.10,115.445224,35.657502,508.32,0.00080986
2011,201,16,1588.38,115.446187,35.657733,463.47,-0.00057839
2011,201,17,1687.65,115.447261,35.657772,448.52,0.00000000
2011,201,18,1786.92,115.448357,35.657772,388.71,0.00152596
2011,201,19,1886.20,115.449297,35.658041,358.81,0.00053098
2011,201,20,1985.47,115.450248,35.658291,269.11,0.00013331
2011,201,21,2084.75,115.451239,35.658473,239.21,0.00093176
2011,201,22,2184.02,115.452116,35.658850,209.31,0.00157768
2011,201,23,2283.29,115.453022,35.659178,164.46,0.00115238
2011,201,24,2382.57,115.453715,35.659872,179.41,0.00007836
2011,201,25,2481.84,115.454606,35.660224,209.31,0.00103938
2011,201,26,2581.11,115.455299,35.660917,299.01,0.00053880
2011,201,27,2680.39,115.455993,35.661610,373.76,-0.00050059
2011,201,28,2779.66,115.456785,35.662133,418.61,-0.00053880
2011,201,29,2878.93,115.457478,35.662827,403.66,-0.00053880
2011,201,30,2978.21,115.458370,35.663179,448.52,0.00053880
2011,201,31,3077.48,115.459063,35.663872,493.37,-0.00046287
2011,201,32,3176.75,115.459855,35.664395,493.37,-0.00094727
2011,201,33,3276.03,115.460729,35.664779,508.32,0.00056748
2011,201,34,3375.30,115.461512,35.665318,523.27,0.00051309
2011,201,35,3474.58,115.462295,35.665857,538.22,-0.00031288
2011,201,36,3573.85,115.463078,35.666396,538.22,0.00018726
2011,201,37,3673.12,115.463916,35.666839,553.17,0.00061586
2011,201,38,3772.40,115.464609,35.667532,583.07,-0.00029187
2011,201,39,3871.67,115.465427,35.668013,612.97,-0.00026992
2011,201,40,3970.94,115.466194,35.668578,598.02,0.00001910
2011,201,41,4070.22,115.466987,35.669101,627.92,-0.00013767
2011,201,42,4169.49,115.467775,35.669630,598.02,-0.00003823
2011,201,43,4268.76,115.468571,35.670147,627.92,-0.00056801
2011,201,44,4368.04,115.469364,35.670669,598.02,-0.00054888
2011,201,45,4467.31,115.470255,35.671022,627.92,0.00056801
2011,201,46,4566.58,115.471047,35.671545,627.92,0.00057957
2011,201,47,4665.86,115.471840,35.672068,568.12,0.00000000
2011,201,48,4765.13,115.472630,35.672594,598.02,-0.00059163
2011,201,49,4864.41,115.473424,35.673113,583.07,0.00000000
2011,201,50,4963.68,115.474316,35.673466,627.92,0.00058007
2011,201,51,5062.95,115.475009,35.674159,553.17,-0.00056801
2011,201,52,5162.23,115.475901,35.674512,553.17,0.00000402
2011,201,53,5261.50,115.476693,35.675034,568.12,0.00056801
2011,201,54,5360.77,115.477485,35.675558,568.12,-0.00000804
2011,201,55,5460.05,115.478278,35.676080,568.12,-0.00000000
2011,201,56,5559.32,115.479070,35.676603,568.12,-0.00056399
2011,201,57,5658.59,115.479862,35.677126,568.12,-0.00062656
2011,201,58,5757.87,115.480754,35.677478,583.07,-0.00000000
2011,201,59,5857.14,115.481556,35.677984,553.17,-0.00016960
2011,201,60,5956.41,115.482438,35.678354,583.07,0.00034440
2011,201,61,6055.69,115.483279,35.678792,538.22,0.00090077
2011,201,62,6154.96,115.484062,35.679331,568.12,-0.00011517
2011,201,63,6254.24,115.484845,35.679870,538.22,-0.00090077
2011,201,64,6353.51,115.485706,35.680275,553.17,-0.00081360
2011,201,65,6452.78,115.486568,35.680679,508.32,-0.00000000
2011,201,66,6552.06,115.487489,35.680980,523.27,0.00115238
2011,201,67,6651.33,115.488290,35.681487,538.22,0.00000000
2011,201,68,6750.60,115.489074,35.682025,538.22,-0.00079268
2011,201,69,6849.88,115.490013,35.682296,568.12,-0.00000000
2011,201,70,6949.15,115.490796,35.682835,538.22,-0.00000348
2011,201,71,7048.42,115.491736,35.683104,553.17,0.00072566
2011,201,72,7147.70,115.492519,35.683643,523.27,0.00009976
2011,201,73,7246.97,115.493333,35.684128,523.27,-0.00049751
2011,201,74,7346.24,115.494224,35.684481,478.42,0.00070653
2011,201,75,7445.52,115.495017,35.685004,478.42,0.00110680
2011,201,76,7544.79,115.495807,35.685530,523.27,0.00009448
2011,201,77,7644.07,115.496502,35.686220,523.27,-0.00093270
2011,201,78,7743.34,115.497373,35.686608,538.22,-0.00022053
2011,201,79,7842.61,115.498156,35.687147,508.32,-0.00040225
2011,201,80,7941.89,115.498978,35.687618,523.27,-0.00045210
2011,201,81,8041.16,115.499879,35.687955,493.37,0.00084602
2011,201,82,8140.43,115.500662,35.688493,478.42,-0.00022542
2011,201,83,8239.71,115.501455,35.689016,478.42,-0.00078805
2011,201,84,8338.98,115.502385,35.689303,463.47,-0.00000273
2011,201,85,8438.25,115.503167,35.689842,478.42,-0.00187693
2011,201,86,8537.53,115.504107,35.690111,418.61,-0.00106904
2011,201,87,8636.80,115.505204,35.690111,448.52,0.00253086
2011,201,88,8736.08,115.506011,35.690608,448.52,0.00121225
2011,201,89,8835.35,115.506803,35.691131,403.66,-0.00106812
2011,201,90,8934.62,115.507709,35.691459,328.91,-0.00014321
2011,201,91,9033.90,115.508586,35.691836,373.76,0.00058437
2011,201,92,9133.17,115.509432,35.692267,388.71,-0.00092664
2011,201,93,9232.44,115.510270,35.692711,388.71,-0.00174093
2011,201,94,9331.72,115.511312,35.692806,388.71,0.00000000
2011,201,95,9430.99,115.512251,35.693076,448.52,0.00117229
2011,202,0,0.00,115.429247,35.656694,642.87,-0.00000000
2011,202,1,91.95,115.428605,35.656052,583.07,-0.00013134
2011,202,2,183.89,115.427963,35.655410,493.37,-0.00256888
2011,202,3,275.84,115.427298,35.654807,313.96,-0.00468823
2011,202,4,367.79,115.426283,35.654807,284.06,-0.00450139
2011,203,0,0.00,115.512251,35.693076,1764.16,0.00000000
2011,203,1,19.29,115.512386,35.692941,1689.41,0.00000000
2011,203,2,38.59,115.512521,35.692806,1674.46,0.00000000
2011,204,0,0.00,115.512251,35.693076,433.57,-0.00315758
2011,204,1,93.94,115.512699,35.693792,358.81,-0.00359278
2011,204,2,187.88,115.513526,35.694154,388.71,-0.00236630
2011,204,3,281.82,115.514407,35.694423,433.57,-0.00070462
2011,205,0,0.00,115.512521,35.692806,792.38,-0.00143687
2011,205,1,94.05,115.512521,35.691958,717.63,-0.00147980
2011,205,2,188.10,115.512251,35.691189,538.22,-0.00152274
2011,206,0,0.00,115.512521,35.692806,1181.09,0.00343978
2011,206,1,98.98,115.513311,35.692285,807.33,0.00653382
2011,206,2,197.96,115.514394,35.692267,358.81,0.00827557
2011,206,3,296.94,115.514677,35.693070,598.02,0.00350084
2011,206,4,395.92,115.514946,35.693884,553.17,0.00007840
2011,207,0,0.00,115.514407,35.694423,388.71,-0.00215888
2011,207,1,71.11,115.514904,35.694920,463.47,-0.00434605
2011,207,2,142.22,115.515508,35.695232,418.61,-0.00515401
2011,207,3,213.33,115.516294,35.695232,538.22,-0.00377480
2011,208,0,0.00,115.514407,35.694423,1794.06,0.00000000
2011,208,1,38.59,115.514677,35.694154,1794.06,0.00000000
2011,208,2,77.18,115.514946,35.693884,1569.81,0.00000000
2011,209,0,0.00,115.514946,35.693884,1569.81,0.00330147
2011,209,1,84.23,115.515535,35.693296,1046.54,0.00843025
2011,209,2,168.45,115.516321,35.693103,403.66,0.01213156
2011,209,3,252.68,115.516563,35.693792,702.67,0.00705662
2011,209,4,336.91,115.516563,35.694551,1091.39,0.00265933
2011,209,5,421.13,115.516294,35.695232,1345.55,0.00190951
2011,21,0,0.00,115.237097,35.424120,702.67,0.00342507
2011,21,1,93.24,115.237945,35.424429,702.67,0.00249929
2011,21,2,186.48,115.238445,35.425123,702.67,-0.00025006
2011,21,3,279.72,115.239136,35.425620,747.53,-0.00001190
2011,21,4,372.96,115.239885,35.426099,732.58,0.00268426
2011,21,5,466.20,115.240331,35.426810,732.58,0.00064121
2011,21,6,559.44,115.240601,35.427571,717.63,-0.00131870
2011,21,7,652.69,115.241310,35.428063,702.67,0.00124383
2011,21,8,745.93,115.241679,35.428795,732.58,0.00183778
2011,21,9,839.17,115.241948,35.429557,762.48,0.00029338
2011,21,10,932.41,115.242218,35.430318,777.43,0.00000000
2011,211,0,0.00,115.516294,35.695232,523.27,-0.00247934
2011,211,1,90.01,115.516714,35.695921,463.47,-0.00251248
2011,211,2,180.02,115.517441,35.696379,463.47,-0.00061131
2011,211,3,270.03,115.518169,35.696837,448.52,0.00066149
2011,211,4,360.05,115.518798,35.697466,463.47,0.00197515
2011,211,5,450.06,115.519526,35.697924,418.61,0.00440024
2011,211,6,540.07,115.519528,35.698735,553.17,0.00485018
2011,212,0,0.00,115.519528,35.698735,523.27,0.00365387
2011,212,1,96.81,115.520501,35.698900,403.66,0.00404076
2011,212,2,193.62,115.521177,35.699576,358.81,0.00318962
2011,212,3,290.42,115.521645,35.700313,299.01,0.00167843
2011,212,4,387.23,115.521953,35.701096,224.26,0.00064293
2011,212,5,484.04,115.522162,35.701908,209.31,0.00049797
2011,212,6,580.85,115.522492,35.702684,179.41,0.00080389
2011,212,7,677.65,115.522492,35.703557,209.31,0.00015958
2011,212,8,774.46,115.522728,35.704361,224.26,0.00050939
2011,212,9,871.27,115.522762,35.705224,239.21,0.00000000
2011,212,10,968.08,115.522762,35.706096,254.16,-0.00059603
2011,212,11,1064.88,115.523031,35.706890,269.11,0.00067720
2011,212,12,1161.69,115.523031,35.707763,239.21,0.00135440
2011,212,13,1258.50,115.523031,35.708635,269.11,0.00118693
2011,212,14,1355.31,115.522762,35.709430,254.16,0.00000000
2011,212,15,1452.11,115.522569,35.710246,254.16,-0.00099885
2011,212,16,1548.92,115.522492,35.711096,299.01,-0.00000000
2011,212,17,1645.73,115.522492,35.711969,254.16,0.00048912
2011,212,18,1742.54,115.522223,35.712763,269.11,0.00000000
2011,212,19,1839.34,115.522223,35.713636,313.96,0.00071724
2011,212,20,1936.15,115.521953,35.714430,328.91,0.00079234
2011,212,21,2032.96,115.521684,35.715224,358.81,-0.00000000
2011,212,22,2129.77,115.521386,35.716010,358.81,-0.00015006
2011,212,23,2226.58,115.521145,35.716813,388.71,-0.00057269
2011,212,24,2323.38,115.520875,35.717607,388.71,0.00007495
2011,212,25,2420.19,115.520820,35.718463,418.61,0.00115466
2011,212,26,2517.00,115.520336,35.719195,403.66,0.00092440
2011,212,27,2613.81,115.520067,35.719990,448.52,0.00139728
2011,212,28,2710.61,115.519528,35.720564,463.47,0.00210971
2011,213,0,0.00,115.519528,35.698735,1345.55,0.00000000
2011,213,1,96.47,115.518854,35.699409,1390.40,0.00000000
2011,213,2,192.94,115.518180,35.700082,328.91,0.00000000
2011,214,0,0.00,115.519528,35.720564,448.52,0.00034746
2011,214,1,94.57,115.519528,35.721416,463.47,0.00200198
2011,214,2,189.13,115.519460,35.722249,478.42,0.00289747
2011,214,3,283.70,115.518799,35.722909,508.32,-0.00009670
2011,214,4,378.26,115.518348,35.723631,463.47,-0.00175968
2011,214,5,472.83,115.518105,35.724412,478.42,0.00111493
2011,214,6,567.40,115.517862,35.725194,538.22,0.00345438
2011,214,7,661.96,115.517102,35.725684,568.12,0.00349138
2011,215,0,0.00,115.519528,35.720564,777.43,-0.00287541
2011,215,1,79.22,115.518974,35.720011,1091.39,-0.00437931
2011,215,2,158.45,115.518247,35.719756,1210.99,-0.00415835
2011,215,3,237.67,115.517372,35.719756,807.33,-0.00243350
2011,216,0,0.00,115.517102,35.725684,418.61,0.00189040
2011,216,1,82.18,115.517102,35.726425,463.47,0.00247196
2011,216,2,164.36,115.516833,35.727088,418.61,0.00188452
2011,216,3,246.54,115.516424,35.727710,403.66,0.00096415
2011,216,4,328.72,115.516059,35.728344,478.42,0.00133227
2011,216,5,410.90,115.515485,35.728918,478.42,0.00145175
2011,217,0,0.00,115.517102,35.725684,956.83,0.00000000
2011,217,1,67.70,115.516629,35.725212,837.23,-0.00229930
2011,217,2,135.40,115.516157,35.724739,1016.64,-0.00479808
2011,217,3,203.10,115.515485,35.724606,747.53,-0.00499756
2011,218,0,0.00,115.515485,35.728918,448.52,0.00002737
2011,218,1,98.76,115.515216,35.729730,448.52,-0.00000000
2011,218,2,197.52,115.514941,35.730541,388.71,-0.00053626
2011,218,3,296.28,115.514677,35.731354,433.57,-0.00068809
2011,218,4,395.04,115.514606,35.732223,373.76,-0.00119034
2011,218,5,493.80,115.514407,35.733056,373.76,-0.00219390
2011,218,6,592.56,115.514753,35.733846,403.66,-0.00097691
2011,218,7,691.32,115.515025,35.734657,328.91,-0.00089386
2011,218,8,790.08,115.515297,35.735468,269.11,-0.00244498
2011,218,9,888.84,115.515987,35.736158,164.46,-0.00207523
2011,218,10,987.60,115.516744,35.736734,104.65,-0.00090340
2011,218,11,1086.36,115.517566,35.737197,194.36,-0.00145647
2011,218,12,1185.12,115.518355,35.737717,239.21,-0.00212284
2011,218,13,1283.88,115.519391,35.737812,299.01,-0.00000892
2011,218,14,1382.64,115.520326,35.738081,284.06,0.00152772
2011,218,15,1481.40,115.521218,35.738424,373.76,0.00042902
2011,218,16,1580.16,115.522038,35.738890,343.86,-0.00019495
2011,218,17,1678.92,115.522973,35.739159,388.71,0.00025412
2011,218,18,1777.68,115.523783,35.739642,418.61,-0.00135478
2011,218,19,1876.44,115.524686,35.739968,418.61,-0.00183873
2011,218,20,1975.21,115.525758,35.740000,403.66,-0.00039239
2011,218,21,2073.97,115.526712,35.740237,448.52,-0.00081859
2011,218,22,2172.73,115.527804,35.740237,388.71,-0.00071520
2011,218,23,2271.49,115.528896,35.740237,358.81,0.00000000
2011,218,24,2370.25,115.529987,35.740237,328.91,0.00046057
2011,218,25,2469.01,115.531079,35.740237,358.81,0.00081859
2011,218,26,2567.77,115.532080,35.740393,388.71,-0.00012715
2011,218,27,2666.53,115.533106,35.740507,388.71,-0.00081859
2011,218,28,2765.29,115.534197,35.740507,418.61,-0.00033342
2011,218,29,2864.05,115.535289,35.740507,418.61,0.00000000
2011,218,30,2962.81,115.536381,35.740507,418.61,0.00000000
2011,218,31,3061.57,115.537473,35.740507,418.61,0.00000000
2011,218,32,3160.33,115.538564,35.740507,418.61,-0.00081859
2011,218,33,3259.09,115.539656,35.740507,418.61,-0.00081859
2011,218,34,3357.85,115.540591,35.740237,418.61,0.00081859
2011,218,35,3456.61,115.541683,35.740237,448.52,0.00081859
2011,218,36,3555.37,115.542774,35.740237,418.61,-0.00069879
2011,218,37,3654.13,115.543866,35.740237,478.42,-0.00081859
2011,218,38,3752.89,115.544823,35.740005,433.57,0.00059104
2011,218,39,3851.65,115.545893,35.739968,478.42,0.00081859
2011,218,40,3950.41,115.546984,35.739968,508.32,-0.00071084
2011,218,41,4049.17,115.548076,35.739968,478.42,-0.00081859
2011,218,42,4147.93,115.549011,35.739698,478.42,0.00056907
2011,218,43,4246.69,115.550103,35.739698,478.42,-0.00000000
2011,218,44,4345.45,115.551144,35.739612,463.47,-0.00117756
2011,218,45,4444.21,115.552129,35.739429,478.42,-0.00084916
2011,218,46,4542.97,115.553064,35.739159,448.52,0.00006811
2011,218,47,4641.73,115.554008,35.738905,448.52,-0.00001618
2011,218,48,4740.49,115.554995,35.738726,448.52,0.00019356
2011,218,49,4839.25,115.555883,35.738377,448.52,0.00160915
2011,218,50,4938.01,115.556960,35.738351,418.61,0.00116540
2011,218,51,5036.77,115.558052,35.738351,328.91,0.00007477
2011,218,52,5135.53,115.559143,35.738351,388.71,0.00000000
2011,219,0,0.00,115.515485,35.728918,897.03,0.00000000
2011,219,1,85.60,115.514887,35.728320,926.93,0.00147201
2011,219,2,171.21,115.514289,35.727722,717.63,0.00351499
2011,219,3,256.81,115.514138,35.726995,583.07,0.00252349
2011,219,4,342.42,115.514138,35.726223,463.47,0.00096102
2011,22,0,0.00,115.237097,35.424120,1510.00,0.00000000
2011,22,1,77.28,115.236558,35.424659,1345.55,0.00000000
2011,22,2,154.56,115.236019,35.425198,1315.65,0.00000000
2011,22,3,231.83,115.235480,35.425737,867.13,0.00000000
2011,220,0,0.00,115.515485,35.724606,568.12,0.00000000
2011,220,1,74.75,115.515485,35.723933,478.42,0.00000000
2011,220,2,149.51,115.515485,35.723259,463.47,0.00000000
2011,221,0,0.00,115.515485,35.724606,583.07,-0.00286497
2011,221,1,85.02,115.514792,35.725030,418.61,-0.00282541
2011,221,2,170.03,115.514407,35.725684,418.61,-0.00278586
2011,222,0,0.00,115.559143,35.738351,1046.54,0.00539438
2011,222,1,49.19,115.559143,35.737907,612.97,0.00550608
2011,222,2,98.38,115.559413,35.737542,284.06,0.00561779
2011,223,0,0.00,115.559143,35.738351,403.66,-0.00296485
2011,223,1,77.87,115.559847,35.738620,343.86,-0.00281928
2011,223,2,155.74,115.560708,35.738620,239.21,-0.00133686
2011,223,3,233.61,115.561569,35.738620,388.71,0.00000000
2011,224,0,0.00,115.561569,35.738620,1225.94,0.00000000
2011,224,1,29.90,115.561569,35.738890,852.18,0.00000000
2011,224,2,59.80,115.561569,35.739159,852.18,0.00000000
2011,225,0,0.00,115.561569,35.738620,254.16,-0.00260957
2011,225,1,87.77,115.562182,35.738007,269.11,-0.00267971
2011,225,2,175.54,115.562377,35.737273,538.22,-0.00274986
2011,226,0,0.00,115.562377,35.737273,388.71,-0.00208625
2011,226,1,99.69,115.563470,35.737258,388.71,-0.00219052
2011,226,2,199.37,115.564365,35.736902,418.61,-0.00113276
2011,226,3,299.06,115.565260,35.736546,418.61,0.00030936
2011,226,4,398.74,115.566157,35.736195,448.52,0.00055150
2011,226,5,498.43,115.567102,35.735925,448.52,-0.00003651
2011,226,6,598.12,115.568043,35.735649,448.52,-0.00087556
2011,226,7,697.80,115.568938,35.735294,433.57,-0.00027285
2011,226,8,797.49,115.569780,35.734847,433.57,0.00061925
2011,226,9,897.18,115.570727,35.734582,418.61,-0.00000000
2011,226,10,996.86,115.571622,35.734226,433.57,-0.00036197
2011,226,11,1096.55,115.572517,35.733871,418.61,0.00000000
2011,226,12,1196.23,115.573402,35.733500,403.66,-0.00027912
2011,226,13,1295.92,115.574306,35.733159,403.66,-0.00057924
2011,226,14,1395.61,115.575135,35.732691,433.57,-0.00000000
2011,226,15,1495.29,115.575996,35.732278,388.71,0.00074058
2011,226,16,1594.98,115.576868,35.731883,418.61,0.00046485
2011,226,17,1694.67,115.577813,35.731613,388.71,-0.00089871
2011,226,18,1794.35,115.578680,35.731210,418.61,-0.00092322
2011,226,19,1894.04,115.579476,35.730684,418.61,0.00015813
2011,226,20,1993.72,115.580334,35.730266,388.71,-0.00014750
2011,226,21,2093.41,115.581166,35.729803,463.47,-0.00056287
2011,226,22,2193.10,115.581962,35.729277,448.52,-0.00020497
2011,226,23,2292.78,115.582757,35.728751,418.61,0.00000000
2011,226,24,2392.47,115.583553,35.728225,448.52,-0.00000000
2011,226,25,2492.16,115.584348,35.727699,373.76,0.00000000
2011,226,26,2591.84,115.585144,35.727173,373.76,0.00056287
2011,226,27,2691.53,115.585939,35.726647,358.81,0.00056287
2011,226,28,2791.21,115.586834,35.726291,358.81,-0.00056287
2011,226,29,2890.90,115.587629,35.725765,358.81,0.00000000
2011,226,30,2990.59,115.588425,35.725239,343.86,0.00114211
2011,226,31,3090.27,115.589320,35.724883,358.81,0.00022361
2011,226,32,3189.96,115.590214,35.724527,343.86,0.00058061
2011,226,33,3289.65,115.591048,35.724067,328.91,0.00128564
2011,226,34,3389.33,115.592103,35.723986,224.26,0.00027996
2011,226,35,3489.02,115.592998,35.723631,239.21,0.00021495
2011,226,36,3588.70,115.594040,35.723528,269.11,0.00061197
2011,226,37,3688.39,115.594985,35.723259,269.11,0.00054454
2011,226,38,3788.08,115.596087,35.723259,209.31,-0.00000000
2011,226,39,3887.76,115.597072,35.723059,194.36,0.00119560
2011,226,40,3987.45,115.598134,35.722989,209.31,0.00249072
2011,226,41,4087.14,115.599079,35.723259,179.41,0.00062214
2011,226,42,4186.82,115.600024,35.723528,179.41,-0.00000000
2011,226,43,4286.51,115.601048,35.723661,179.41,0.00104387
2011,226,44,4386.19,115.601913,35.724067,224.26,0.00091912
2011,226,45,4485.88,115.602837,35.724373,269.11,0.00020898
2011,226,46,4585.57,115.603646,35.724876,313.96,0.00000000
2011,226,47,4685.25,115.604591,35.725145,299.01,0.00016338
2011,226,48,4784.94,115.605379,35.725684,328.91,0.00000000
2011,226,49,4884.63,115.606317,35.725966,328.91,0.00076975
2011,226,50,4984.31,115.607112,35.726493,328.91,0.00080799
2011,226,51,5084.00,115.607908,35.727018,373.76,-0.00056287
2011,226,52,5183.68,115.608704,35.727544,373.76,-0.00056002
2011,226,53,5283.37,115.609598,35.727900,388.71,0.00056287
2011,226,54,5383.06,115.610394,35.728426,388.71,0.00049650
2011,226,55,5482.74,115.611189,35.728952,358.81,-0.00002428
2011,226,56,5582.43,115.611997,35.729457,388.71,-0.00042767
2011,226,57,5682.12,115.612785,35.729996,388.71,-0.00051334
2011,226,58,5781.80,115.613675,35.730360,403.66,0.00049404
2011,226,59,5881.49,115.614471,35.730886,388.71,0.00053761
2011,226,60,5981.17,115.615266,35.731412,373.76,-0.00000000
2011,226,61,6080.86,115.616062,35.731938,358.81,0.00000000
2011,226,62,6180.55,115.616857,35.732464,388.71,0.00000000
2011,226,63,6280.23,115.617653,35.732990,418.61,-0.00000000
2011,226,64,6379.92,115.618448,35.733516,418.61,-0.00000000
2011,226,65,6479.61,115.619244,35.734042,418.61,-0.00056287
2011,226,66,6579.29,115.620039,35.734568,418.61,0.00000000
2011,226,67,6678.98,115.620934,35.734923,448.52,0.00109678
2011,226,68,6778.66,115.621630,35.735620,433.57,-0.00000000
2011,226,69,6878.35,115.622426,35.736146,478.42,-0.00053391
2011,226,70,6978.04,115.623221,35.736672,478.42,0.00000000
2011,226,71,7077.72,115.624017,35.737198,478.42,0.00000000
2011,226,72,7177.41,115.624812,35.737724,448.52,-0.00000000
2011,226,73,7277.10,115.625608,35.738250,448.52,0.00040084
2011,226,74,7376.78,115.626403,35.738776,478.42,0.00000000
2011,226,75,7476.47,115.627125,35.739429,478.42,-0.00031737
2011,226,76,7576.15,115.627994,35.739828,448.52,0.00052000
2011,226,77,7675.84,115.628701,35.740507,478.42,-0.00002691
2011,226,78,7775.53,115.629489,35.741046,448.52,-0.00050520
2011,226,79,7875.21,115.630282,35.741576,448.52,-0.00005656
2011,226,80,7974.90,115.631077,35.742102,478.42,-0.00001480
2011,226,81,8074.59,115.631873,35.742628,448.52,-0.00056287
2011,226,82,8174.27,115.632668,35.743154,448.52,-0.00000000
2011,226,83,8273.96,115.633563,35.743510,418.61,0.00109678
2011,226,84,8373.64,115.634259,35.744206,418.61,-0.00056287
2011,226,85,8473.33,115.635055,35.744732,403.66,-0.00167602
2011,226,86,8573.02,115.635949,35.745088,373.76,-0.00115848
2011,227,0,0.00,115.562377,35.737273,837.23,-0.00204240
2011,227,1,70.06,115.561888,35.736783,388.71,-0.00214089
2011,227,2,140.12,115.561299,35.736464,343.86,-0.00223937
2011,228,0,0.00,115.635949,35.745088,433.57,-0.00023308
2011,228,1,99.38,115.636644,35.745782,433.57,-0.00103646
2011,228,2,198.76,115.637362,35.746436,448.52,-0.00134776
2011,228,3,298.14,115.638231,35.746830,463.47,0.00000000
2011,228,4,397.52,115.639024,35.747354,448.52,0.00042784
2011,228,5,496.90,115.639818,35.747878,448.52,-0.00000000
2011,228,6,596.28,115.640611,35.748402,463.47,0.00000000
2011,228,7,695.66,115.641405,35.748926,418.61,-0.00000000
2011,228,8,795.04,115.642198,35.749450,478.42,-0.00006619
2011,228,9,894.42,115.642992,35.749974,418.61,0.00000000
2011,228,10,993.80,115.643797,35.750478,448.52,-0.00043161
2011,228,11,1093.18,115.644578,35.751022,448.52,-0.00082036
2011,228,12,1192.56,115.645471,35.751376,433.57,-0.00006864
2011,228,13,1291.94,115.646308,35.751825,388.71,0.00001811
2011,228,14,1391.32,115.647157,35.752254,403.66,-0.00058284
2011,228,15,1490.70,115.648035,35.752634,373.76,0.00000000
2011,228,16,1590.08,115.648943,35.752961,373.76,0.00058284
2011,228,17,1689.46,115.649761,35.753442,328.91,-0.00020010
2011,228,18,1788.84,115.650629,35.753839,313.96,-0.00067196
2011,228,19,1888.22,115.651522,35.754193,313.96,-0.00052548
2011,228,20,1987.60,115.652430,35.754520,269.11,0.00017821
2011,228,21,2086.98,115.653371,35.754790,209.31,0.00072558
2011,228,22,2186.36,115.654200,35.755254,224.26,-0.00008909
2011,228,23,2285.74,115.655098,35.755598,209.31,-0.00092488
2011,228,24,2385.12,115.655985,35.755961,179.41,-0.00169642
2011,228,25,2484.50,115.656981,35.756137,179.41,-0.00089048
2011,228,26,2583.88,115.658068,35.756158,164.46,0.00016345
2011,228,27,2683.26,115.659022,35.756407,179.41,-0.00042762
2011,228,28,2782.64,115.660121,35.756407,209.31,0.00006462
2011,228,29,2882.02,115.661143,35.756538,239.21,0.00002236
2011,228,30,2981.40,115.662162,35.756676,209.31,-0.00080813
2011,228,31,3080.78,115.663260,35.756676,269.11,0.00035871
2011,228,32,3180.16,115.664359,35.756676,299.01,0.00169860
2011,228,33,3279.54,115.665310,35.756931,328.91,0.00009335
2011,228,34,3378.92,115.666243,35.757215,299.01,-0.00089048
2011,228,35,3478.30,115.667342,35.757215,328.91,-0.00004680
2011,228,36,3577.68,115.668283,35.757485,358.81,-0.00080813
2011,228,37,3677.06,115.669382,35.757485,358.81,-0.00000000
2011,228,38,3776.44,115.670481,35.757485,358.81,0.00080813
2011,228,39,3875.82,115.671423,35.757754,388.71,-0.00000000
2011,228,40,3975.20,115.672522,35.757754,388.71,-0.00000000
2011,228,41,4074.58,115.673464,35.758024,418.61,-0.00080813
2011,228,42,4173.96,115.674562,35.758024,418.61,-0.00080813
2011,228,43,4273.34,115.675661,35.758024,388.71,0.00025020
2011,228,44,4372.72,115.676760,35.758024,418.61,0.00080813
2011,228,45,4472.10,115.677808,35.758111,403.66,0.00087232
2011,228,46,4571.48,115.678801,35.758293,478.42,0.00089048
2011,228,47,4670.86,115.679792,35.758478,463.47,-0.00004063
2011,228,48,4770.24,115.680684,35.758832,448.52,-0.00169860
2011,228,49,4869.62,115.681783,35.758832,448.52,-0.00027377
2011,228,50,4969.00,115.682882,35.758832,448.52,0.00080813
2011,228,51,5068.38,115.683824,35.759102,418.61,-0.00080813
2011,228,52,5167.76,115.684923,35.759102,448.52,0.00000000
2011,228,53,5267.14,115.686021,35.759102,448.52,0.00080813
2011,228,54,5366.52,115.686963,35.759371,448.52,-0.00000000
2011,228,55,5465.90,115.688062,35.759371,448.52,-0.00000000
2011,228,56,5565.28,115.689004,35.759641,448.52,-0.00079790
2011,228,57,5664.66,115.690103,35.759641,448.52,0.00028316
2011,228,58,5764.04,115.691199,35.759644,418.61,0.00167601
2011,228,59,5863.42,115.692092,35.759998,418.61,0.00031047
2011,228,60,5962.80,115.693085,35.760180,403.66,0.00001237
2011,228,61,6062.18,115.694027,35.760449,373.76,0.00029685
2011,228,62,6161.56,115.694969,35.760719,388.71,-0.00000000
2011,229,0,0.00,115.635949,35.745088,1794.06,-0.00185642
2011,229,1,72.82,115.636458,35.744579,1794.06,-0.00191186
2011,229,2,145.64,115.636758,35.744010,882.08,-0.00196729
2011,23,0,0.00,115.185624,35.426276,822.28,0.00000000
2011,23,1,79.73,115.185624,35.425557,1345.55,0.00000000
2011,23,2,159.47,115.185624,35.424839,1794.06,0.00000000
2011,23,3,239.20,115.185624,35.424120,1794.06,0.00000000
2011,230,0,0.00,115.694969,35.760719,1405.35,-0.00312639
2011,230,1,99.90,115.695040,35.761598,687.72,-0.00517841
2011,230,2,199.80,115.695738,35.762296,284.06,-0.00585825
2011,230,3,299.71,115.696820,35.762336,254.16,-0.00235344
2011,230,4,399.61,115.697924,35.762336,224.26,-0.00179062
2011,230,5,499.51,115.699029,35.762336,1121.29,-0.00348640
2011,230,6,599.41,115.699820,35.761797,598.02,-0.00361238
2011,231,0,0.00,115.694969,35.760719,373.76,0.00206778
2011,231,1,92.55,115.695835,35.760449,328.91,0.00196965
2011,231,2,185.10,115.696858,35.760449,269.11,0.00093576
2011,231,3,277.66,115.697882,35.760449,239.21,0.00213054
2011,231,4,370.21,115.698905,35.760449,239.21,0.00575675
2011,231,5,462.76,115.699591,35.761029,343.86,0.00506828
2011,231,6,555.31,115.699820,35.761797,523.27,0.00288415
2011,233,0,0.00,115.699820,35.761797,463.47,0.00451224
2011,233,1,65.71,115.700359,35.762091,358.81,0.00438700
2011,233,2,131.42,115.700628,35.762605,284.06,0.00426177
2011,234,0,0.00,115.700628,35.762605,1240.89,0.00532945
2011,234,1,55.84,115.701246,35.762605,1076.44,0.00557589
2011,234,2,111.69,115.701706,35.762875,478.42,0.00582234
2011,235,0,0.00,115.700628,35.762605,493.37,-0.00269648
2011,235,1,98.38,115.700359,35.763414,209.31,-0.00269648
2011,235,2,196.76,115.700628,35.764222,209.31,-0.00269648
2011,236,0,0.00,115.700628,35.764222,1420.30,0.00000000
2011,236,1,60.93,115.701302,35.764222,1390.40,0.00000000
2011,236,2,121.85,115.701976,35.764222,299.01,0.00000000
2011,237,0,0.00,115.700628,35.764222,194.36,-0.00377746
2011,237,1,83.43,115.700359,35.764896,179.41,-0.00377746
2011,237,2,166.86,115.700628,35.765570,299.01,-0.00377746
2011,238,0,0.00,115.700628,35.765570,1569.81,0.00532980
2011,238,1,55.84,115.701246,35.765570,986.73,0.00557626
2011,238,2,111.69,115.701706,35.765839,612.97,0.00582273
2011,239,0,0.00,115.700628,35.765570,239.21,0.00000000
2011,239,1,92.96,115.700359,35.766329,269.11,-0.00077896
2011,239,2,185.91,115.700089,35.767089,284.06,-0.00151390
2011,239,3,278.87,115.700089,35.767927,299.01,-0.00073494
2011,239,4,371.83,115.700089,35.768764,299.01,0.00000000
2011,239,5,464.79,115.700089,35.769602,373.76,0.00000000
2011,239,6,557.74,115.700089,35.770440,373.76,-0.00073494
2011,239,7,650.70,115.700089,35.771278,403.66,-0.00151390
2011,239,8,743.66,115.700359,35.772038,493.37,-0.00155793
2011,24,0,0.00,115.185624,35.426276,478.42,0.00603278
2011,24,1,75.35,115.184950,35.426545,433.57,0.00603278
2011,24,2,150.70,115.184276,35.426276,553.17,0.00603278
2011,240,0,0.00,115.700359,35.772038,1659.51,0.00251510
2011,240,1,80.21,115.701246,35.772038,1181.09,0.00265174
2011,240,2,160.42,115.701976,35.772307,1031.59,0.00278837
2011,241,0,0.00,115.700359,35.772038,478.42,-0.00433522
2011,241,1,68.48,115.699880,35.772516,463.47,-0.00439299
2011,241,2,136.95,115.699820,35.773115,418.61,-0.00445077
2011,242,0,0.00,115.699820,35.773115,897.03,0.00122387
2011,242,1,93.39,115.700571,35.773598,852.18,0.00061193
2011,242,2,186.78,115.701224,35.774250,882.08,-0.00061193
2011,242,3,280.18,115.701976,35.774732,941.88,-0.00122387
2011,243,0,0.00,115.699820,35.773115,448.52,-0.00017918
2011,243,1,89.82,115.699401,35.773804,478.42,-0.00065642
2011,243,2,179.63,115.699011,35.774500,418.61,-0.00168438
2011,243,3,269.45,115.698773,35.775240,463.47,-0.00102303
2011,243,4,359.27,115.698742,35.776041,433.57,0.00083584
2011,243,5,449.09,115.698472,35.776772,448.52,-0.00009453
2011,243,6,538.90,115.698203,35.777504,418.61,-0.00083584
2011,243,7,628.72,115.698203,35.778313,448.52,0.00083584
2011,243,8,718.54,115.697933,35.779044,627.92,0.00167168
2011,244,0,0.00,115.697933,35.779044,1794.06,0.00439822
2011,244,1,50.76,115.698387,35.779229,1091.39,0.00418272
2011,244,2,101.51,115.698742,35.779583,792.38,0.00396721
2011,245,0,0.00,115.697933,35.779044,493.37,-0.00383958
2011,245,1,83.42,115.697394,35.779640,418.61,-0.00380825
2011,245,2,166.85,115.697394,35.780392,448.52,-0.00377692
2011,246,0,0.00,115.698742,35.779583,1210.99,0.00258294
2011,246,1,79.18,115.699617,35.779583,1210.99,0.00416333
2011,246,2,158.36,115.700336,35.779853,792.38,0.00418272
2011,246,3,237.55,115.700898,35.780392,717.63,0.00262172
2011,247,0,0.00,115.698742,35.779583,612.97,-0.00121294
2011,247,1,92.10,115.699176,35.780287,777.43,-0.00118215
2011,247,2,184.19,115.699820,35.780931,762.48,-0.00115137
2011,248,0,0.00,115.697394,35.780392,478.42,-0.00253854
2011,248,1,85.59,115.696796,35.780990,538.22,-0.00209694
2011,248,2,171.18,115.696586,35.781700,478.42,-0.00093288
2011,248,3,256.78,115.696227,35.782368,433.57,-0.00072076
2011,248,4,342.37,115.696047,35.783087,687.72,-0.00123111
2011,249,0,0.00,115.697394,35.780392,837.23,0.00000000
2011,249,1,93.39,115.698047,35.781044,852.18,-0.00117862
2011,249,2,186.78,115.698699,35.781697,1061.49,-0.00248565
2011,249,3,280.16,115.699550,35.782009,747.53,-0.00261407
2011,250,0,0.00,115.700898,35.780392,553.17,-0.00305523
2011,250,1,94.82,115.701659,35.779900,463.47,-0.00391432
2011,250,2,189.65,115.701976,35.779137,433.57,-0.00321968
2011,250,3,284.47,115.701976,35.778282,463.47,-0.00083297
2011,250,4,379.30,115.701976,35.777427,448.52,0.00000000
2011,251,0,0.00,115.700898,35.780392,657.82,0.00000000
2011,251,1,62.94,115.700359,35.780661,612.97,0.00000000
2011,251,2,125.88,115.699820,35.780931,672.77,0.00000000
2011,252,0,0.00,115.700898,35.780392,717.63,0.00442567
2011,252,1,75.55,115.701425,35.780920,568.12,0.00448080
2011,252,2,151.10,115.701437,35.781597,493.37,0.00231214
2011,252,3,226.65,115.701437,35.782278,478.42,0.00008835
2011,254,0,0.00,115.699820,35.780931,598.02,0.00313326
2011,254,1,64.14,115.699820,35.781509,478.42,0.00322655
2011,254,2,128.28,115.699550,35.782009,508.32,0.00331984
2011,255,0,0.00,115.696047,35.783087,1210.99,0.00153195
2011,255,1,83.92,115.696732,35.783503,867.13,-0.00080707
2011,255,2,167.83,115.697319,35.784089,1076.44,-0.00395738
2011,255,3,251.75,115.698203,35.784165,687.72,-0.00476866
2011,256,0,0.00,115.696047,35.783087,702.67,-0.00152094
2011,256,1,94.04,115.695777,35.783856,687.72,-0.00076047
2011,256,2,188.08,115.695777,35.784704,508.32,-0.00000000
2011,256,3,282.12,115.695508,35.785473,508.32,-0.00071766
2011,256,4,376.16,115.695508,35.786321,508.32,-0.00143532
2011,257,0,0.00,115.699550,35.782009,553.17,0.00000000
2011,257,1,29.90,115.699550,35.782278,478.42,0.00000000
2011,257,2,59.80,115.699550,35.782548,403.66,0.00000000
2011,258,0,0.00,115.698203,35.784165,732.58,0.00106219
2011,258,1,87.15,115.698203,35.784950,493.37,0.00254008
2011,258,2,174.31,115.698029,35.785686,418.61,0.00581833
2011,258,3,261.46,115.697420,35.786294,792.38,0.00637483
2011,258,4,348.62,115.696472,35.786321,1480.10,0.00266216
2011,258,5,435.77,115.695508,35.786321,1779.11,0.00019336
2011,259,0,0.00,115.698203,35.784165,807.33,0.00481544
2011,259,1,74.44,115.698822,35.783976,717.63,0.00341449
2011,259,2,148.89,115.699535,35.784165,134.55,0.00000000
2011,259,3,223.33,115.700359,35.784165,538.22,-0.00201355
2011,26,0,0.00,115.185624,35.424120,478.42,-0.00603249
2011,26,1,75.35,115.184950,35.423851,418.61,-0.00603249
2011,26,2,150.70,115.184276,35.424120,478.42,-0.00603249
2011,261,0,0.00,115.695508,35.786321,508.32,0.00173801
2011,261,1,88.73,115.695238,35.787042,478.42,-0.00000000
2011,261,2,177.46,115.694699,35.787686,433.57,-0.00253359
2011,261,3,266.19,115.694699,35.788485,448.52,-0.00166458
2011,261,4,354.93,115.694699,35.789285,508.32,0.00000000
2011,262,0,0.00,115.700359,35.784165,792.38,0.00171368
2011,262,1,88.73,115.700628,35.784886,448.52,0.00247241
2011,262,2,177.46,115.700628,35.785686,418.61,0.00247241
2011,262,3,266.20,115.700359,35.786408,493.37,0.00085684
2011,262,4,354.93,115.700089,35.787129,508.32,0.00000000
2011,263,0,0.00,115.700359,35.784165,448.52,0.00000000
2011,263,1,57.86,115.700763,35.783761,448.52,0.00000000
2011,263,2,115.71,115.701167,35.783356,478.42,0.00000000
2011,264,0,0.00,115.694699,35.789285,777.43,0.00000000
2011,264,1,79.68,115.695256,35.789842,672.77,0.00000000
2011,264,2,159.36,115.695813,35.790399,672.77,-0.00163803
2011,264,3,239.04,115.696369,35.790955,986.73,-0.00344595
2011,264,4,318.72,115.697125,35.791172,179.41,-0.00361585
2011,265,0,0.00,115.694699,35.789285,478.42,-0.00342020
2011,265,1,88.73,115.694160,35.789929,463.47,-0.00256689
2011,265,2,177.46,115.694160,35.790728,418.61,-0.00085679
2011,265,3,266.19,115.693891,35.791450,388.71,-0.00080774
2011,265,4,354.92,115.693891,35.792250,373.76,-0.00161548
2011,266,0,0.00,115.700089,35.787129,523.27,0.00000000
2011,266,1,94.10,115.699849,35.787908,478.42,0.00025607
2011,266,2,188.20,115.699610,35.788686,433.57,0.00034175
2011,266,3,282.31,115.699281,35.789439,463.47,-0.00008555
2011,266,4,376.41,115.699011,35.790209,418.61,-0.00116160
2011,266,5,470.51,115.698742,35.790979,418.61,-0.00147602
2011,266,6,564.61,115.698832,35.791801,388.71,0.00005754
2011,266,7,658.72,115.698742,35.792519,373.76,0.00108639
2011,267,0,0.00,115.700089,35.787129,598.02,0.00000000
2011,267,1,19.29,115.699954,35.786994,612.97,0.00000000
2011,267,2,38.57,115.699820,35.786860,627.92,0.00000000
2011,268,0,0.00,115.693891,35.792250,538.22,-0.00226976
2011,268,1,93.55,115.693352,35.792937,448.52,-0.00231477
2011,268,2,187.10,115.693210,35.793739,373.76,-0.00156776
2011,268,3,280.66,115.693082,35.794545,328.91,0.00000000
2011,268,4,374.21,115.693082,35.795388,343.86,0.00115640
2011,268,5,467.76,115.692813,35.796153,358.81,-0.00000000
2011,268,6,561.31,115.692543,35.796918,358.81,0.00000000
2011,268,7,654.86,115.692543,35.797761,343.86,0.00231477
2011,268,8,748.41,115.692004,35.798448,448.52,0.00309248
2011,269,0,0.00,115.693891,35.792250,642.87,0.00000000
2011,269,1,75.11,115.694416,35.792774,553.17,-0.00278204
2011,269,2,150.23,115.694940,35.793299,1285.75,-0.00576475
2011,269,3,225.34,115.695755,35.793328,1001.69,-0.00312335
2011,269,4,300.45,115.696586,35.793328,687.72,-0.00028126
2011,27,0,0.00,115.242218,35.430318,926.93,0.00326855
2011,27,1,86.52,115.243015,35.430588,792.38,0.00347784
2011,27,2,173.03,115.243565,35.431201,777.43,0.00102706
2011,27,3,259.55,115.244017,35.431848,762.48,-0.00129275
2011,27,4,346.06,115.244719,35.432281,792.38,0.00018793
2011,27,5,432.58,115.245323,35.432884,747.53,0.00066418
2011,27,6,519.09,115.245926,35.433488,717.63,0.00000000
2011,27,7,605.61,115.246530,35.434091,732.58,0.00000000
2011,270,0,0.00,115.698742,35.792519,373.76,0.00000000
2011,270,1,75.54,115.698742,35.793200,478.42,0.00000000
2011,270,2,151.07,115.698742,35.793881,448.52,0.00259117
2011,270,3,226.61,115.698742,35.794561,463.47,0.00564914
2011,270,4,302.15,115.698203,35.794945,897.03,0.00611594
2011,271,0,0.00,115.698742,35.792519,523.27,-0.00732483
2011,271,1,84.71,115.697951,35.792771,448.52,-0.00518028
2011,271,2,169.43,115.697933,35.793529,493.37,0.00028371
2011,271,3,254.14,115.697394,35.794136,538.22,0.00360315
2011,272,0,0.00,115.692004,35.798448,508.32,-0.00697488
2011,272,1,79.66,115.691611,35.797909,1151.19,-0.00649233
2011,272,2,159.33,115.690730,35.797909,478.42,-0.00300489
2011,272,3,238.99,115.689848,35.797909,104.65,0.00000000
2011,273,0,0.00,115.692004,35.798448,448.52,0.00261692
2011,273,1,75.78,115.691475,35.798978,478.42,0.00579685
2011,273,2,151.57,115.690799,35.799256,598.02,0.00752734
2011,273,3,227.35,115.690118,35.798987,971.78,0.00607790
2011,274,0,0.00,115.692004,35.798448,553.17,0.00000000
2011,274,1,38.57,115.692274,35.798717,478.42,0.00000000
2011,274,2,77.14,115.692543,35.798987,418.61,0.00000000
2011,275,0,0.00,115.696586,35.793328,493.37,0.00956736
2011,275,1,46.42,115.696701,35.792943,448.52,0.00981615
2011,275,2,92.83,115.697125,35.792789,747.53,0.01006493
2011,276,0,0.00,115.696586,35.793328,777.43,0.00000000
2011,276,1,57.85,115.696990,35.793732,553.17,0.00000000
2011,276,2,115.71,115.697394,35.794136,583.07,0.00000000
2011,277,0,0.00,115.698203,35.794945,328.91,0.00000000
2011,277,1,29.90,115.698203,35.795214,373.76,0.00000000
2011,277,2,59.80,115.698203,35.795484,343.86,0.00000000
2011,278,0,0.00,115.698203,35.794945,358.81,-0.00927573
2011,278,1,43.65,115.697877,35.794675,89.70,-0.00908685
2011,278,2,87.29,115.697394,35.794675,299.01,-0.00889798
2011,279,0,0.00,115.697394,35.794136,403.66,0.00000000
2011,279,1,29.90,115.697394,35.794406,328.91,0.00000000
2011,279,2,59.80,115.697394,35.794675,328.91,0.00000000
2011,28,0,0.00,115.242218,35.430318,1674.46,-0.00085893
2011,28,1,87.38,115.241608,35.430928,1524.95,-0.00064235
2011,28,2,174.76,115.241140,35.431578,1151.19,0.00197008
2011,28,3,262.13,115.240598,35.432208,1749.21,0.00571831
2011,28,4,349.51,115.239890,35.432302,956.83,0.00427042
2011,28,5,436.89,115.238984,35.432205,807.33,0.00147015
2011,281,0,0.00,115.692543,35.798987,1794.06,-0.00185154
2011,281,1,93.04,115.693572,35.798987,1121.29,-0.00280980
2011,281,2,186.07,115.694445,35.798717,463.47,-0.00387475
2011,281,3,279.11,115.695188,35.798228,418.61,-0.00252188
2011,281,4,372.15,115.695630,35.797518,373.76,-0.00053116
2011,281,5,465.18,115.696280,35.796868,358.81,-0.00070200
2011,281,6,558.22,115.696721,35.796157,343.86,-0.00120471
2011,281,7,651.25,115.697125,35.795435,328.91,-0.00089750
2011,281,8,744.29,115.697394,35.794675,373.76,-0.00078959
2011,282,0,0.00,115.692543,35.798987,388.71,0.00000000
2011,282,1,96.93,115.692274,35.799782,388.71,-0.00071446
2011,282,2,193.85,115.692004,35.800578,313.96,-0.00206379
2011,282,3,290.78,115.692004,35.801451,224.26,-0.00206379
2011,282,4,387.71,115.692274,35.802247,179.41,-0.00071446
2011,282,5,484.64,115.692543,35.803042,179.41,0.00000000
2011,282,6,581.56,115.692813,35.803838,179.41,0.00000000
2011,283,0,0.00,115.692813,35.803838,702.67,0.00000000
2011,283,1,77.63,115.693454,35.803466,822.28,-0.00172894
2011,283,2,155.26,115.694096,35.803093,299.01,-0.00340538
2011,283,3,232.89,115.694430,35.802490,224.26,-0.00335287
2011,284,0,0.00,115.692813,35.803838,179.41,0.00000000
2011,284,1,88.40,115.693082,35.804557,239.21,-0.00067960
2011,284,2,176.81,115.693352,35.805275,284.06,0.00000000
2011,284,3,265.21,115.693830,35.805933,239.21,0.00178701
2011,284,4,353.61,115.693891,35.806712,284.06,0.00000000
2011,284,5,442.02,115.694021,35.807471,269.11,-0.00201181
2011,284,6,530.42,115.694430,35.808150,299.01,-0.00180880
2011,285,0,0.00,115.694430,35.808150,328.91,-0.00133551
2011,285,1,97.41,115.694430,35.809028,284.06,-0.00148287
2011,285,2,194.82,115.694699,35.809828,313.96,-0.00070705
2011,285,3,292.23,115.695009,35.810616,284.06,0.00021579
2011,285,4,389.64,115.695238,35.811427,284.06,0.00070705
2011,285,5,487.06,115.695508,35.812227,209.31,0.00059932
2011,285,6,584.47,115.695508,35.813105,269.11,0.00000000
2011,285,7,681.88,115.695777,35.813905,269.11,-0.00000000
2011,285,8,779.29,115.695777,35.814783,239.21,-0.00070705
2011,285,9,876.70,115.696047,35.815583,269.11,-0.00043892
2011,285,10,974.11,115.696316,35.816382,269.11,0.00070705
2011,285,11,1071.52,115.696485,35.817212,254.16,0.00017736
2011,285,12,1168.93,115.696586,35.818060,313.96,-0.00000000
2011,285,13,1266.35,115.696855,35.818860,313.96,0.00092931
2011,285,14,1363.76,115.696855,35.819738,343.86,0.00133551
2011,286,0,0.00,115.694430,35.808150,1136.24,0.00000000
2011,286,1,85.25,115.695373,35.808150,1121.29,0.00000000
2011,286,2,170.50,115.696316,35.808150,777.43,0.00000000
2011,287,0,0.00,115.696855,35.819738,388.71,0.00231295
2011,287,1,92.65,115.697394,35.820276,313.96,0.00295666
2011,287,2,185.30,115.697664,35.821032,299.01,0.00253957
2011,287,3,277.95,115.697664,35.821867,299.01,0.00073939
2011,287,4,370.60,115.697664,35.822702,373.76,0.00000000
2011,288,0,0.00,115.696855,35.819738,493.37,-0.00000000
2011,288,1,38.56,115.696586,35.820008,493.37,-0.00000000
2011,288,2,77.13,115.696316,35.820277,523.27,-0.00000000
2011,289,0,0.00,115.697664,35.822702,1689.41,0.00000000
2011,289,1,85.24,115.696720,35.822702,1450.20,0.00000000
2011,289,2,170.47,115.695777,35.822702,657.82,0.00000000
2011,29,0,0.00,115.184276,35.426276,702.67,0.00000000
2011,29,1,79.73,115.184276,35.425557,1225.94,0.00000000
2011,29,2,159.47,115.184276,35.424839,1704.36,0.00000000
2011,29,3,239.20,115.184276,35.424120,1794.06,0.00000000
2011,290,0,0.00,115.697664,35.822702,313.96,0.00000000
2011,290,1,98.37,115.697933,35.823511,313.96,0.00134740
2011,290,2,196.74,115.698203,35.824319,299.01,0.00269481
2011,290,3,295.10,115.697933,35.825128,373.76,0.00269481
2011,291,0,0.00,115.697933,35.825128,388.71,0.00000000
2011,291,1,44.85,115.697933,35.825532,373.76,0.00000000
2011,291,2,89.71,115.697933,35.825936,388.71,0.00000000
2011,292,0,0.00,115.697933,35.825128,1794.06,0.00000000
2011,292,1,85.23,115.696990,35.825128,1480.10,0.00000000
2011,292,2,170.47,115.696047,35.825128,448.52,0.00000000
2011,293,0,0.00,115.697933,35.825936,1794.06,0.00000000
2011,293,1,97.41,115.696855,35.825936,1390.40,0.00000000
2011,293,2,194.82,115.695777,35.825936,299.01,0.00000000
2011,294,0,0.00,115.697933,35.825936,343.86,0.00184751
2011,294,1,85.51,115.698203,35.826629,328.91,0.00266468
2011,294,2,171.03,115.698203,35.827400,403.66,0.00266468
2011,294,3,256.54,115.697933,35.828092,388.71,0.00184751
2011,295,0,0.00,115.697933,35.828092,1794.06,0.00605569
2011,295,1,71.03,115.697147,35.828092,792.38,0.00516701
2011,295,2,142.06,115.696642,35.827610,463.47,0.00113921
2011,295,3,213.09,115.696047,35.827284,553.17,-0.00199991
2011,296,0,0.00,115.697933,35.828092,448.52,0.00279920
2011,296,1,95.89,115.698603,35.828763,433.57,0.00321611
2011,296,2,191.78,115.698742,35.829587,418.61,0.00216390
2011,296,3,287.68,115.698742,35.830451,299.01,-0.00034190
2011,296,4,383.57,115.698742,35.831315,328.91,-0.00068930
2011,296,5,479.46,115.699011,35.832101,328.91,0.00137860
2011,296,6,575.35,115.699011,35.832966,373.76,0.00210869
2011,296,7,671.24,115.698742,35.833752,388.71,0.00146018
2011,297,0,0.00,115.698742,35.833752,1659.51,0.00000000
2011,297,1,97.40,115.697664,35.833752,1420.30,0.00000000
2011,297,2,194.80,115.696586,35.833752,254.16,0.00000000
2011,298,0,0.00,115.698742,35.833752,418.61,0.00217951
2011,298,1,98.09,115.699218,35.834498,388.71,0.00216463
2011,298,2,196.17,115.699281,35.835364,373.76,0.00056280
2011,298,3,294.26,115.699335,35.836232,373.76,-0.00093145
2011,298,4,392.34,115.699603,35.837038,373.76,-0.00042446
2011,298,5,490.43,115.699820,35.837860,388.71,-0.00014342
2011,298,6,588.52,115.700089,35.838666,358.81,-0.00013833
2011,298,7,686.60,115.700359,35.839472,358.81,0.00000000
2011,298,8,784.69,115.700628,35.840278,299.01,0.00043749
2011,298,9,882.77,115.700898,35.841084,328.91,0.00044250
2011,298,10,980.86,115.700999,35.841938,358.81,-0.00152725
2011,298,11,1078.95,115.701267,35.842745,343.86,-0.00206461
2011,298,12,1177.03,115.701952,35.843430,343.86,-0.00037986
2011,298,13,1275.12,115.702429,35.844176,299.01,0.00053236
2011,298,14,1373.20,115.703054,35.844879,179.41,-0.00027110
2011,298,15,1471.29,115.703382,35.845668,164.46,-0.00155104
2011,298,16,1569.38,115.704167,35.846184,224.26,-0.00141175
2011,298,17,1667.46,115.704852,35.846869,239.21,-0.00113380
2011,298,18,1765.55,115.705729,35.847226,299.01,-0.00008057
2011,298,19,1863.63,115.706521,35.847730,328.91,-0.00000000
2011,298,20,1961.72,115.707306,35.848245,373.76,0.00004036
2011,298,21,2059.81,115.708190,35.848590,403.66,0.00068446
2011,298,22,2157.89,115.708876,35.849276,373.76,-0.00133900
2011,298,23,2255.98,115.709742,35.849652,403.66,-0.00181639
2011,298,24,2354.06,115.710670,35.849921,388.71,-0.00129034
2011,298,25,2452.15,115.711599,35.850191,358.81,-0.00257605
2011,298,26,2550.24,115.712685,35.850191,358.81,-0.00235549
2011,298,27,2648.32,115.713613,35.849921,239.21,-0.00155880
2011,298,28,2746.41,115.714578,35.849715,194.36,-0.00193442
2011,298,29,2844.50,115.715363,35.849200,209.31,-0.00182421
2011,298,30,2942.58,115.716148,35.848685,194.36,-0.00096208
2011,298,31,3040.67,115.716681,35.848035,269.11,-0.00007464
2011,298,32,3138.75,115.717337,35.847543,254.16,0.00032302
2011,298,33,3236.84,115.717985,35.846847,358.81,0.00027643
2011,298,34,3334.93,115.718770,35.846332,448.52,-0.00042520
2011,298,35,3433.01,115.719456,35.845646,448.52,-0.00051238
2011,298,36,3531.10,115.720032,35.845071,433.57,0.00000000
2011,299,0,0.00,115.720032,35.845071,433.57,0.00401683
2011,299,1,77.86,115.720405,35.844532,463.47,0.00396810
2011,299,2,155.71,115.721110,35.844262,523.27,0.00391937
2011,3,0,0.00,115.198560,35.423312,1794.06,0.00000000
2011,3,1,82.65,115.198560,35.422567,1794.06,-0.00093821
2011,3,2,165.29,115.198560,35.421822,1794.06,-0.00193468
2011,3,3,247.94,115.198290,35.421156,837.23,-0.00199295
2011,30,0,0.00,115.184276,35.426276,463.47,0.00239190
2011,30,1,86.30,115.183482,35.426545,433.57,0.00227665
2011,30,2,172.60,115.182532,35.426545,403.66,0.00108070
2011,30,3,258.90,115.181581,35.426545,403.66,0.00000000
2011,300,0,0.00,115.720032,35.845071,1405.35,0.00000000
2011,300,1,97.57,115.720714,35.845752,1749.21,-0.00190161
2011,300,2,195.14,115.721396,35.846434,1076.44,-0.00838644
2011,300,3,292.71,115.722177,35.846429,523.27,-0.01176238
2011,300,4,390.28,115.722457,35.845631,702.67,-0.00767358
2011,300,5,487.86,115.721792,35.844944,1614.66,-0.00243499
2011,300,6,585.43,115.721110,35.844262,1539.90,-0.00007792
2011,301,0,0.00,115.721110,35.844262,538.22,0.00117410
2011,301,1,91.77,115.721751,35.843621,583.07,0.00058705
2011,301,2,183.53,115.722492,35.843150,642.87,-0.00058705
2011,301,3,275.30,115.723133,35.842508,642.87,-0.00078280
2011,301,4,367.06,115.723774,35.841867,657.82,-0.00000000
2011,301,5,458.83,115.724344,35.841205,687.72,0.00040420
2011,301,6,550.59,115.724947,35.840694,732.58,0.00000000
2011,301,7,642.36,115.725589,35.840052,687.72,-0.00020845
2011,301,8,734.12,115.726230,35.839411,568.12,0.00000000
2011,302,0,0.00,115.726230,35.839411,687.72,0.00274894
2011,302,1,87.74,115.726425,35.838677,612.97,0.00267898
2011,302,2,175.49,115.727039,35.838064,717.63,0.00260902
2011,303,0,0.00,115.726230,35.839411,1225.94,-0.00000000
2011,303,1,90.57,115.726863,35.840044,1330.60,-0.00194321
2011,303,2,181.14,115.727496,35.840677,598.02,-0.00380992
2011,303,3,271.71,115.728427,35.840800,508.32,-0.00422666
2011,303,4,362.28,115.729259,35.840964,807.33,-0.00731226
2011,303,5,452.85,115.729991,35.840501,598.02,-0.00736785
2011,303,6,543.41,115.730003,35.839688,911.98,-0.00244881
2011,303,7,633.98,115.730003,35.838872,926.93,-0.00006657
2011,304,0,0.00,115.727039,35.838064,867.13,0.00102124
2011,304,1,99.35,115.727106,35.837188,478.42,0.00104048
2011,304,2,198.69,115.727382,35.836372,433.57,0.00106790
2011,304,3,298.04,115.727659,35.835557,433.57,0.00159076
2011,304,4,397.39,115.728144,35.834802,448.52,0.00138758
2011,304,5,496.73,115.728838,35.834108,448.52,0.00000000
2011,304,6,596.08,115.729464,35.833394,433.57,0.00032673
2011,304,7,695.42,115.730018,35.832659,493.37,0.00153000
2011,304,8,794.77,115.730811,35.832135,568.12,0.00173680
2011,305,0,0.00,115.727039,35.838064,1794.06,-0.00298562
2011,305,1,77.62,115.727740,35.838333,1584.76,-0.00112860
2011,305,2,155.23,115.728599,35.838333,1465.15,0.00149281
2011,305,3,232.85,115.729262,35.838670,403.66,0.00037177
2011,305,4,310.47,115.730003,35.838872,343.86,-0.00151366
2011,307,0,0.00,115.730003,35.838872,568.12,-0.00116733
2011,307,1,99.44,115.730946,35.838603,523.27,-0.00145135
2011,307,2,198.89,115.731790,35.838163,463.47,-0.00114718
2011,307,3,298.33,115.732585,35.837638,478.42,-0.00081574
2011,307,4,397.78,115.733379,35.837113,448.52,-0.00103447
2011,307,5,497.22,115.734074,35.836418,448.52,-0.00049823
2011,307,6,596.67,115.734769,35.835723,508.32,-0.00000000
2011,307,7,696.11,115.735464,35.835028,523.27,0.00000000
2011,307,8,795.56,115.736159,35.834333,508.32,0.00000000
2011,307,9,895.00,115.736854,35.833638,583.07,-0.00000000
2011,307,10,994.45,115.737549,35.832943,672.77,-0.00000000
2011,308,0,0.00,115.730811,35.832135,1749.21,-0.00000000
2011,308,1,78.10,115.731357,35.832681,1794.06,0.00113025
2011,308,2,156.21,115.731903,35.833226,1764.16,0.00338322
2011,308,3,234.31,115.732159,35.833856,672.77,0.00324470
2011,308,4,312.42,115.732159,35.834560,508.32,0.00198347
2011,309,0,0.00,115.730811,35.832135,508.32,0.00114350
2011,309,1,88.08,115.731427,35.831519,493.37,0.00133013
2011,309,2,176.16,115.732132,35.831057,508.32,0.00228210
2011,309,3,264.23,115.732857,35.830629,538.22,0.00220899
2011,309,4,352.31,115.733767,35.830518,568.12,-0.00000000
2011,309,5,440.39,115.734584,35.830248,687.72,-0.00137054
2011,310,0,0.00,115.737549,35.832943,538.22,0.00000000
2011,310,1,12.17,115.737684,35.832943,508.32,0.00000000
2011,310,2,24.35,115.737818,35.832943,508.32,0.00000000
2011,311,0,0.00,115.737549,35.832943,478.42,0.00347674
2011,311,1,53.51,115.737175,35.832569,328.91,0.00358315
2011,311,2,107.03,115.737010,35.832135,568.12,0.00368956
2011,312,0,0.00,115.734584,35.830248,1480.10,0.00000000
2011,312,1,96.41,115.735258,35.830922,1794.06,0.00000000
2011,312,2,192.81,115.735932,35.831596,553.17,0.00000000
2011,313,0,0.00,115.734584,35.830248,911.98,0.00010910
2011,313,1,84.51,115.734854,35.829565,568.12,0.00118884
2011,313,2,169.02,115.735139,35.828886,493.37,0.00215101
2011,313,3,253.54,115.735729,35.828295,463.47,0.00171149
2011,313,4,338.05,115.736320,35.827704,508.32,0.00144919
2011,313,5,422.56,115.737010,35.827284,747.53,0.00150884
2011,314,0,0.00,115.737010,35.832135,956.83,-0.00535231
2011,314,1,62.91,115.736570,35.831695,583.07,-0.00555195
2011,314,2,125.83,115.735932,35.831596,1061.49,-0.00575158
2011,315,0,0.00,115.737010,35.832135,777.43,0.00200246
2011,315,1,93.49,115.737730,35.831596,493.37,0.00061273
2011,315,2,186.99,115.738607,35.831326,478.42,-0.00288172
2011,315,3,280.48,115.739268,35.830685,508.32,-0.00313385
2011,315,4,373.98,115.739503,35.829911,553.17,-0.00124722
2011,315,5,467.47,115.739948,35.829197,852.18,-0.00176647
2011,315,6,560.96,115.739974,35.828362,1001.69,-0.00231975
2011,317,0,0.00,115.735932,35.831596,897.03,-0.00111293
2011,317,1,86.55,115.735662,35.832298,777.43,0.00284388
2011,317,2,173.10,115.735558,35.833048,523.27,0.00892024
2011,317,3,259.64,115.734854,35.832943,837.23,0.01103980
2011,318,0,0.00,115.737010,35.827284,1480.10,-0.00349902
2011,318,1,92.00,115.737653,35.827927,1151.19,-0.00521098
2011,318,2,184.01,115.738574,35.828092,627.92,-0.00506728
2011,318,3,276.01,115.739435,35.827823,433.57,-0.00321161
2011,319,0,0.00,115.737010,35.827284,822.28,0.00091093
2011,319,1,94.98,115.737279,35.826506,762.48,0.00248836
2011,319,2,189.97,115.737710,35.825775,358.81,0.00596262
2011,319,3,284.95,115.738541,35.825397,897.03,0.00619952
2011,319,4,379.93,115.739435,35.825667,343.86,0.00453958
2011,32,0,0.00,115.184276,35.424120,463.47,-0.00014299
2011,32,1,98.35,115.183349,35.423851,418.61,-0.00090959
2011,32,2,196.70,115.182411,35.423602,418.61,-0.00160414
2011,32,3,295.05,115.181340,35.423581,418.61,-0.00082545
2011,32,4,393.39,115.180257,35.423581,358.81,-0.00005940
2011,32,5,491.74,115.179174,35.423581,388.71,0.00082545
2011,32,6,590.09,115.178091,35.423581,418.61,0.00082545
2011,32,7,688.44,115.177164,35.423312,418.61,0.00000000
2011,32,8,786.79,115.176081,35.423312,388.71,-0.00000000
2011,32,9,885.14,115.175154,35.423042,388.71,-0.00082545
2011,32,10,983.49,115.174071,35.423042,358.81,0.00000000
2011,32,11,1081.84,115.172988,35.423042,388.71,0.00082545
2011,32,12,1180.18,115.172061,35.422773,358.81,-0.00011806
2011,32,13,1278.53,115.170978,35.422773,388.71,-0.00000000
2011,32,14,1376.88,115.170030,35.422540,313.96,-0.00060126
2011,32,15,1475.23,115.168968,35.422503,358.81,-0.00082545
2011,32,16,1573.58,115.167885,35.422503,328.91,-0.00093159
2011,32,17,1671.93,115.166802,35.422503,328.91,-0.00082545
2011,32,18,1770.28,115.165875,35.422773,388.71,0.00082545
2011,32,19,1868.62,115.164792,35.422773,328.91,0.00165091
2011,32,20,1966.97,115.163709,35.422773,328.91,0.00082545
2011,32,21,2065.32,115.162782,35.422503,388.71,-0.00082545
2011,32,22,2163.67,115.161700,35.422503,328.91,-0.00082545
2011,32,23,2262.02,115.160617,35.422503,358.81,-0.00000000
2011,32,24,2360.37,115.159534,35.422503,358.81,0.00000000
2011,32,25,2458.72,115.158763,35.422503,388.71,0.00000000
2011,32,26,2557.07,115.157680,35.422503,388.71,-0.00000000
2011,32,27,2655.41,115.156597,35.422503,358.81,0.00037759
2011,32,28,2753.76,115.155514,35.422503,478.42,0.00092908
2011,32,29,2852.11,115.154505,35.422376,418.61,0.00091956
2011,32,30,2950.46,115.153522,35.422202,448.52,0.00069580
2011,32,31,3048.81,115.152577,35.421964,388.71,-0.00047170
2011,32,32,3147.16,115.151650,35.421695,388.71,-0.00162488
2011,32,33,3245.51,115.150567,35.421695,358.81,-0.00140112
2011,32,34,3343.85,115.149484,35.421695,418.61,-0.00082545
2011,32,35,3442.20,115.148512,35.421886,493.37,-0.00050683
2011,32,36,3540.55,115.147474,35.421964,538.22,-0.00090959
2011,32,37,3638.90,115.146547,35.422234,598.02,-0.00130508
2011,320,0,0.00,115.739974,35.828362,837.23,0.00000000
2011,320,1,38.56,115.739705,35.828092,1539.90,0.00000000
2011,320,2,77.13,115.739435,35.827823,1524.95,0.00000000
2011,321,0,0.00,115.739974,35.828362,418.61,-0.00414331
2011,321,1,82.81,115.740733,35.828092,373.76,-0.00486474
2011,321,2,165.61,115.741121,35.827484,403.66,-0.00227286
2011,321,3,248.42,115.741322,35.826796,807.33,0.00172351
2011,321,4,331.22,115.741861,35.826206,687.72,0.00240656
2011,322,0,0.00,115.739435,35.827823,1061.49,0.00000000
2011,322,1,79.74,115.739435,35.827104,1151.19,0.00000000
2011,322,2,159.48,115.739435,35.826386,852.18,0.00000000
2011,322,3,239.22,115.739435,35.825667,1285.75,0.00000000
2011,325,0,0.00,115.739435,35.825667,403.66,0.00321143
2011,325,1,92.00,115.740296,35.825397,747.53,0.00506705
2011,325,2,184.01,115.741218,35.825563,687.72,0.00521081
2011,325,3,276.01,115.741861,35.826206,1240.89,0.00349895
2011,326,0,0.00,115.741861,35.826206,538.22,0.00000000
2011,326,1,99.96,115.742810,35.825936,448.52,0.00087985
2011,326,2,199.91,115.743759,35.825667,418.61,0.00230203
2011,326,3,299.87,115.744865,35.825667,358.81,0.00159720
2011,326,4,399.83,115.745847,35.825880,284.06,0.00035368
2011,326,5,499.78,115.746920,35.825936,239.21,0.00087985
2011,326,6,599.74,115.747869,35.826206,269.11,0.00070118
2011,326,7,699.70,115.748818,35.826475,269.11,0.00049501
2011,326,8,799.66,115.749767,35.826745,239.21,0.00191927
2011,326,9,899.61,115.750631,35.827160,269.11,0.00177221
2011,326,10,999.57,115.751329,35.827859,284.06,-0.00018257
2011,326,11,1099.53,115.752127,35.828387,269.11,-0.00053052
2011,326,12,1199.48,115.752925,35.828916,299.01,0.00091370
2011,326,13,1299.44,115.753723,35.829444,284.06,0.00118889
2011,326,14,1399.40,115.754257,35.830190,284.06,-0.00003584
2011,326,15,1499.35,115.754978,35.830787,299.01,0.00068691
2011,326,16,1599.31,115.755605,35.831460,269.11,0.00140943
2011,326,17,1699.27,115.755989,35.832250,254.16,0.00067472
2011,326,18,1799.23,115.756479,35.833009,284.06,-0.00026426
2011,326,19,1899.18,115.756760,35.833828,284.06,-0.00052750
2011,326,20,1999.14,115.757458,35.834527,254.16,0.00103089
2011,326,21,2099.10,115.757739,35.835347,269.11,0.00105907
2011,326,22,2199.05,115.758030,35.836163,313.96,0.00008446
2011,326,23,2299.01,115.758300,35.836986,284.06,0.00011257
2011,327,0,0.00,115.758300,35.836986,358.81,0.00169439
2011,327,1,99.40,115.758839,35.837584,313.96,0.00117176
2011,327,2,198.80,115.759162,35.838386,343.86,-0.00009062
2011,327,3,298.20,115.759647,35.839142,358.81,-0.00083038
2011,328,0,0.00,115.758300,35.836986,642.87,-0.00000000
2011,328,1,57.84,115.757896,35.837390,642.87,-0.00000000
2011,328,2,115.68,115.757491,35.837794,612.97,-0.00000000
2011,329,0,0.00,115.759647,35.839142,328.91,0.00013109
2011,329,1,96.63,115.759917,35.839935,358.81,0.00071851
2011,329,2,193.27,115.760162,35.840734,358.81,-0.00000000
2011,329,3,289.90,115.760186,35.841598,358.81,-0.00145153
2011,329,4,386.53,115.760677,35.842327,403.66,-0.00019697
2011,329,5,483.16,115.760995,35.843106,448.52,0.00073303
2011,329,6,579.80,115.761264,35.843899,388.71,0.00039269
2011,329,7,676.43,115.761534,35.844692,358.81,0.00071851
2011,329,8,773.06,115.761707,35.845513,373.76,0.00089789
2011,329,9,869.69,115.761803,35.846356,358.81,0.00067848
2011,329,10,966.33,115.761803,35.847226,373.76,0.00047567
2011,33,0,0.00,115.246530,35.434091,777.43,0.00104716
2011,33,1,91.79,115.246753,35.434853,792.38,-0.00063126
2011,33,2,183.58,115.246799,35.435667,717.63,-0.00348089
2011,33,3,275.37,115.247408,35.436317,672.77,-0.00304833
2011,33,4,367.16,115.248147,35.436786,388.71,-0.00144456
2011,330,0,0.00,115.759647,35.839142,612.97,0.00000000
2011,330,1,72.38,115.760153,35.838636,687.72,0.00095429
2011,330,2,144.77,115.760659,35.838130,911.98,0.00199900
2011,330,3,217.15,115.761264,35.837794,777.43,0.00208942
2011,331,0,0.00,115.761803,35.847226,583.07,-0.00000000
2011,331,1,85.23,115.761208,35.847822,642.87,0.00068269
2011,331,2,170.47,115.760612,35.848418,672.77,0.00142366
2011,331,3,255.70,115.759917,35.848843,792.38,0.00148194
2011,332,0,0.00,115.761803,35.847226,358.81,0.00156613
2011,332,1,84.07,115.762182,35.847875,373.76,0.00149578
2011,332,2,168.13,115.762342,35.848586,358.81,0.00095628
2011,332,3,252.20,115.762521,35.849292,328.91,0.00084964
2011,332,4,336.27,115.762612,35.850023,478.42,0.00090096
2011,332,5,420.34,115.762612,35.850781,478.42,0.00029489
2011,332,6,504.40,115.762612,35.851538,478.42,0.00000000
2011,333,0,0.00,115.762612,35.851538,627.92,0.00305964
2011,333,1,94.03,115.763151,35.852230,598.02,0.00300670
2011,333,2,188.07,115.763151,35.853077,493.37,0.00147688
2011,333,3,282.10,115.763151,35.853925,403.66,0.00000000
2011,333,4,376.14,115.763151,35.854772,433.57,0.00000000
2011,334,0,0.00,115.762612,35.851538,612.97,0.00000000
2011,334,1,77.12,115.762073,35.852077,672.77,0.00000000
2011,334,2,154.23,115.761534,35.852616,672.77,0.00000000
2011,334,3,231.35,115.760995,35.853155,837.23,0.00000000
2011,335,0,0.00,115.763151,35.854772,627.92,0.00175176
2011,335,1,99.81,115.763948,35.855300,448.52,0.00202881
2011,335,2,199.61,115.764498,35.856040,328.91,0.00066278
2011,335,3,299.42,115.764925,35.856816,299.01,-0.00202881
2011,335,4,399.23,115.765650,35.857467,224.26,-0.00194480
2011,335,5,499.04,115.766519,35.857871,209.31,-0.00127592
2011,335,6,598.84,115.767316,35.858398,149.51,-0.00173898
2011,335,7,698.65,115.768335,35.858545,179.41,-0.00134274
2011,335,8,798.46,115.769283,35.858815,209.31,-0.00064711
2011,335,9,898.26,115.770388,35.858815,269.11,-0.00028977
2011,335,10,998.07,115.771298,35.859021,313.96,-0.00133932
2011,335,11,1097.88,115.772195,35.858965,388.71,-0.00011169
2011,335,12,1197.69,115.773073,35.858815,388.71,0.00151288
2011,335,13,1297.49,115.774021,35.859084,388.71,0.00040146
2011,335,14,1397.30,115.775126,35.859084,418.61,0.00000000
2011,335,15,1497.11,115.776073,35.859354,448.52,-0.00080109
2011,335,16,1596.92,115.777178,35.859354,478.42,-0.00080109
2011,335,17,1696.72,115.778283,35.859354,508.32,0.00080109
2011,335,18,1796.53,115.779388,35.859354,508.32,0.00080109
2011,335,19,1896.34,115.780336,35.859623,478.42,-0.00032320
2011,335,20,1996.14,115.781441,35.859623,508.32,0.00000000
2011,335,21,2095.95,115.782450,35.859788,463.47,-0.00017797
2011,335,22,2195.76,115.783493,35.859893,508.32,-0.00080109
2011,335,23,2295.57,115.784598,35.859893,478.42,-0.00029992
2011,335,24,2395.37,115.785703,35.859893,478.42,0.00000000
2011,335,25,2495.18,115.786808,35.859893,448.52,0.00000000
2011,335,26,2594.99,115.787913,35.859893,448.52,0.00000000
2011,335,27,2694.79,115.789018,35.859893,448.52,0.00000000
2011,335,28,2794.60,115.790123,35.859893,448.52,0.00000000
2011,335,29,2894.41,115.791228,35.859893,448.52,-0.00080109
2011,335,30,2994.22,115.792333,35.859893,418.61,-0.00080109
2011,335,31,3094.02,115.793281,35.859623,418.61,0.00000000
2011,335,32,3193.83,115.794386,35.859623,418.61,0.00000000
2011,335,33,3293.64,115.795333,35.859354,418.61,0.00080109
2011,335,34,3393.44,115.796438,35.859354,448.52,-0.00000000
2011,335,35,3493.25,115.797543,35.859354,418.61,-0.00080109
2011,335,36,3593.06,115.798491,35.859084,418.61,0.00080109
2011,335,37,3692.87,115.799596,35.859084,448.52,0.00059078
2011,335,38,3792.67,115.800701,35.859084,418.61,-0.00080109
2011,335,39,3892.48,115.801763,35.859010,403.66,-0.00092670
2011,335,40,3992.29,115.802753,35.858815,388.71,-0.00000000
2011,335,41,4092.09,115.803754,35.858636,373.76,0.00053871
2011,335,42,4191.90,115.804806,35.858545,403.66,0.00000000
2011,335,43,4291.71,115.805845,35.858432,373.76,0.00000000
2011,335,44,4391.52,115.806859,35.858276,418.61,-0.00000000
2011,335,45,4491.32,115.807935,35.858227,373.76,-0.00092262
2011,335,46,4591.13,115.808911,35.858006,418.61,-0.00022620
2011,335,47,4690.94,115.809859,35.857737,403.66,0.00071983
2011,335,48,4790.75,115.810922,35.857666,403.66,-0.00041825
2011,335,49,4890.55,115.811911,35.857467,418.61,-0.00086318
2011,335,50,4990.36,115.812859,35.857198,403.66,0.00064446
2011,335,51,5090.17,115.813810,35.856934,418.61,0.00084497
2011,335,52,5189.97,115.814912,35.856928,418.61,-0.00088267
2011,335,53,5289.78,115.815859,35.856659,418.61,-0.00086447
2011,335,54,5389.59,115.816807,35.856389,418.61,-0.00000000
2011,335,55,5489.40,115.817754,35.856120,433.57,-0.00000000
2011,335,56,5589.20,115.818702,35.855850,418.61,-0.00000000
2011,335,57,5689.01,115.819650,35.855581,403.66,0.00000000
2011,335,58,5788.82,115.820597,35.855311,448.52,0.00000000
2011,335,59,5888.62,115.821545,35.855042,418.61,-0.00000000
2011,335,60,5988.43,115.822492,35.854772,418.61,-0.00115031
2011,335,61,6088.24,115.823440,35.854503,448.52,-0.00242922
2011,335,62,6188.05,115.824057,35.853964,478.42,-0.00255781
2011,336,0,0.00,115.763151,35.854772,926.93,0.00000000
2011,336,1,77.12,115.762612,35.855311,941.88,0.00000000
2011,336,2,154.23,115.762073,35.855850,642.87,0.00000000
2011,337,0,0.00,115.760995,35.853155,1001.69,-0.00087080
2011,337,1,84.96,115.760369,35.853694,807.33,-0.00093029
2011,337,2,169.92,115.759917,35.854233,762.48,-0.00098978
2011,338,0,0.00,115.760995,35.853155,747.53,-0.00279393
2011,338,1,80.14,115.760265,35.852886,941.88,-0.00265686
2011,338,2,160.28,115.759378,35.852886,119.60,-0.00251979
2011,339,0,0.00,115.824057,35.853964,508.32,-0.00325750
2011,339,1,98.96,115.825146,35.853953,448.52,-0.00254545
2011,339,2,197.92,115.825937,35.853431,463.47,-0.00004389
2011,339,3,296.88,115.826871,35.853155,538.22,0.00089477
2011,339,4,395.84,115.827809,35.852886,523.27,-0.00050039
2011,339,5,494.80,115.828747,35.852616,508.32,-0.00093303
2011,339,6,593.76,115.829597,35.852196,538.22,-0.00004437
2011,339,7,692.73,115.830466,35.851808,493.37,0.00093303
2011,339,8,791.69,115.831378,35.851493,463.47,-0.00043685
2011,339,9,890.65,115.832343,35.851269,448.52,-0.00247285
2011,339,10,989.61,115.832950,35.850730,478.42,-0.00293857
2011,34,0,0.00,115.246530,35.434091,1794.06,0.00464018
2011,34,1,85.52,115.247315,35.433822,1106.34,0.00464018
2011,34,2,171.04,115.248101,35.434091,807.33,0.00232009
2011,34,3,256.55,115.248887,35.434361,732.58,0.00124220
2011,34,4,342.07,115.249673,35.434630,373.76,0.00240254
2011,34,5,427.59,115.250303,35.435169,642.87,0.00232068
2011,340,0,0.00,115.824057,35.853964,1510.00,0.00000000
2011,340,1,85.23,115.823461,35.853368,1465.15,-0.00068270
2011,340,2,170.46,115.822865,35.852772,1016.64,-0.00142369
2011,340,3,255.69,115.822170,35.852347,777.43,-0.00148197
2011,341,0,0.00,115.762073,35.855850,1001.69,-0.00354457
2011,341,1,67.96,115.761320,35.855850,134.55,-0.00373495
2011,341,2,135.93,115.760725,35.856120,164.46,-0.00392532
2011,342,0,0.00,115.762073,35.855850,612.97,0.00514335
2011,342,1,69.49,115.761796,35.856397,119.60,0.01069919
2011,342,2,138.98,115.761211,35.856606,837.23,0.01230175
2011,342,3,208.48,115.760725,35.856120,478.42,0.00834847
2011,343,0,0.00,115.759917,35.854233,119.60,0.00000000
2011,343,1,24.34,115.759647,35.854233,104.65,0.00000000
2011,343,2,48.69,115.759378,35.854233,104.65,0.00000000
2011,344,0,0.00,115.759917,35.854233,418.61,0.00187593
2011,344,1,68.46,115.760186,35.854772,418.61,0.00282328
2011,344,2,136.92,115.760247,35.855251,448.52,0.00248400
2011,344,3,205.38,115.760186,35.855850,493.37,0.00119736
2011,345,0,0.00,115.832950,35.850730,463.47,-0.00000000
2011,345,1,19.28,115.833085,35.850595,493.37,-0.00000000
2011,345,2,38.56,115.833219,35.850460,508.32,-0.00000000
2011,346,0,0.00,115.833219,35.850460,493.37,0.00140434
2011,346,1,97.22,115.834138,35.850191,448.52,-0.00121881
2011,346,2,194.43,115.835174,35.850122,403.66,-0.00454600
2011,346,3,291.65,115.835645,35.849382,508.32,-0.00525004
2011,347,0,0.00,115.833219,35.850460,1061.49,0.00000000
2011,347,1,87.81,115.833219,35.849669,1196.04,-0.00146710
2011,347,2,175.62,115.833219,35.848878,807.33,-0.00946993
2011,347,3,263.43,115.832778,35.848304,493.37,-0.01433172
2011,347,4,351.23,115.832411,35.848939,642.87,-0.00671985
2011,347,5,439.04,115.832141,35.849652,627.92,-0.00078191
2011,348,0,0.00,115.832950,35.850730,1524.95,0.00185635
2011,348,1,72.79,115.832441,35.850221,1554.85,0.00191168
2011,348,2,145.58,115.832141,35.849652,1539.90,0.00196701
2011,349,0,0.00,115.760725,35.856120,687.72,0.01150636
2011,349,1,31.45,115.760406,35.856070,687.72,0.01110672
2011,349,2,62.90,115.760186,35.855850,508.32,0.01070709
2011,35,0,0.00,115.146547,35.422234,777.43,-0.00085499
2011,35,1,85.01,115.145954,35.421641,702.67,-0.00310774
2011,35,2,170.02,115.145299,35.421156,553.17,-0.00589149
2011,35,3,255.04,115.144363,35.421156,568.12,-0.00444531
2011,35,4,340.05,115.143583,35.421425,373.76,-0.00246812
2011,350,0,0.00,115.760186,35.855850,224.26,0.00000000
2011,350,1,36.51,115.759782,35.855850,119.60,0.00000000
2011,350,2,73.03,115.759378,35.855850,104.65,0.00000000
2011,352,0,0.00,115.835645,35.849382,508.32,-0.00330590
2011,352,1,96.10,115.836709,35.849382,418.61,-0.00182151
2011,352,2,192.21,115.837485,35.848890,403.66,0.00151201
2011,352,3,288.31,115.838522,35.848843,388.71,0.00182151
2011,352,4,384.42,115.839586,35.848843,328.91,0.00014094
2011,352,5,480.52,115.840650,35.848843,299.01,0.00000000
2011,352,6,576.62,115.841713,35.848843,239.21,0.00086594
2011,352,7,672.73,115.842777,35.848843,209.31,0.00132689
2011,352,8,768.83,115.843684,35.849113,179.41,0.00068251
2011,352,9,864.94,115.844671,35.849245,179.41,0.00157299
2011,352,10,961.04,115.845541,35.849577,134.55,0.00246909
2011,352,11,1057.14,115.846312,35.850078,149.51,0.00118336
2011,352,12,1153.25,115.846995,35.850730,239.21,-0.00025216
2011,352,13,1249.35,115.847755,35.851251,239.21,0.00000000
2011,352,14,1345.46,115.848494,35.851808,299.01,-0.00045127
2011,352,15,1441.56,115.849197,35.852425,284.06,-0.00058617
2011,352,16,1537.66,115.850068,35.852756,299.01,-0.00003527
2011,352,17,1633.77,115.850741,35.853425,358.81,-0.00121037
2011,352,18,1729.87,115.851648,35.853694,388.71,0.00006636
2011,352,19,1825.97,115.852480,35.854091,388.71,0.00228806
2011,352,20,1922.08,115.853162,35.854618,358.81,0.00103845
2011,352,21,2018.18,115.853722,35.855311,403.66,-0.00080937
2011,352,22,2114.29,115.854485,35.855826,388.71,-0.00148377
2011,352,23,2210.39,115.855220,35.856389,358.81,-0.00194387
2011,352,24,2306.49,115.856126,35.856659,463.47,-0.00215673
2011,353,0,0.00,115.835645,35.849382,1510.00,0.00000000
2011,353,1,83.41,115.835375,35.848709,1330.60,0.00000000
2011,353,2,166.82,115.835106,35.848035,313.96,0.00000000
2011,354,0,0.00,115.832141,35.849652,568.12,0.00000000
2011,354,1,12.17,115.832007,35.849652,568.12,0.00000000
2011,354,2,24.34,115.831872,35.849652,598.02,0.00000000
2011,355,0,0.00,115.856126,35.856659,418.61,-0.00207706
2011,355,1,98.09,115.856603,35.857405,418.61,-0.00264915
2011,355,2,196.17,115.857388,35.857920,403.66,-0.00224439
2011,355,3,294.26,115.858266,35.858276,418.61,-0.00007083
2011,355,4,392.35,115.859157,35.858611,403.66,0.00118024
2011,355,5,490.43,115.859941,35.859126,478.42,0.00061731
2011,355,6,588.52,115.860726,35.859642,448.52,-0.00177911
2011,355,7,686.61,115.861511,35.860157,448.52,-0.00343110
2011,355,8,784.69,115.862594,35.860162,598.02,-0.00330398
2011,356,0,0.00,115.856126,35.856659,1794.06,0.00000000
2011,356,1,88.61,115.856746,35.856040,1794.06,0.00203362
2011,356,2,177.21,115.857365,35.855420,986.73,0.00419136
2011,356,3,265.82,115.858282,35.855311,553.17,0.00431547
2011,357,0,0.00,115.862594,35.860162,553.17,-0.00484646
2011,357,1,68.13,115.862861,35.860699,478.42,-0.00692278
2011,357,2,136.25,115.863457,35.860971,508.32,-0.00627940
2011,357,3,204.38,115.864211,35.860971,627.92,-0.00355971
2011,358,0,0.00,115.862594,35.860162,1794.06,-0.00171515
2011,358,1,87.74,115.863133,35.859528,1061.49,-0.00174516
2011,358,2,175.48,115.863403,35.858815,882.08,-0.00177516
2011,359,0,0.00,115.864211,35.860971,568.12,-0.00299940
2011,359,1,97.20,115.864473,35.861771,508.32,-0.00303458
2011,359,2,194.39,115.865229,35.862318,508.32,-0.00132209
2011,359,3,291.59,115.865991,35.862857,478.42,0.00011570
2011,359,4,388.79,115.866710,35.863469,508.32,-0.00044051
2011,359,5,485.99,115.867488,35.863978,493.37,-0.00034342
2011,359,6,583.18,115.868267,35.864488,478.42,0.00000000
2011,359,7,680.38,115.869046,35.864997,448.52,0.00025507
2011,359,8,777.58,115.869825,35.865506,463.47,-0.00000000
2011,359,9,874.78,115.870559,35.866091,433.57,-0.00051629
2011,359,10,971.97,115.871382,35.866525,433.57,0.00054595
2011,359,11,1069.17,115.872161,35.867034,418.61,0.00082363
2011,359,12,1166.37,115.872843,35.867708,448.52,-0.00052843
2011,359,13,1263.57,115.873619,35.868222,418.61,-0.00028007
2011,359,14,1360.76,115.874398,35.868732,463.47,-0.00001753
2011,359,15,1457.96,115.875127,35.869325,433.57,-0.00008172
2011,359,16,1555.16,115.875955,35.869750,463.47,0.00056242
2011,359,17,1652.35,115.876650,35.870403,448.52,-0.00011020
2011,359,18,1749.55,115.877413,35.870939,418.61,-0.00056242
2011,359,19,1846.75,115.878192,35.871448,388.71,0.00047199
2011,359,20,1943.95,115.878971,35.871957,418.61,0.00056242
2011,359,21,2041.14,115.879650,35.872637,418.61,0.00000000
2011,359,22,2138.34,115.880429,35.873146,433.57,0.00034455
2011,359,23,2235.54,115.881108,35.873826,403.66,-0.00000000
2011,359,24,2332.74,115.881823,35.874445,418.61,-0.00070634
2011,359,25,2429.93,115.882567,35.875014,403.66,-0.00056242
2011,359,26,2527.13,115.883345,35.875523,403.66,-0.00040125
2011,36,0,0.00,115.146547,35.422234,792.38,0.00000000
2011,36,1,85.97,115.145948,35.422833,911.98,0.00071929
2011,36,2,171.95,115.145348,35.423433,852.18,0.00444545
2011,36,3,257.92,115.144643,35.423851,538.22,0.00672127
2011,36,4,343.90,115.143852,35.423581,358.81,0.00599023
2011,360,0,0.00,115.864211,35.860971,1794.06,-0.00433396
2011,360,1,68.46,115.864690,35.860492,1300.70,-0.00439153
2011,360,2,136.92,115.864750,35.859893,777.43,-0.00444910
2011,361,0,0.00,115.883345,35.875523,463.47,-0.00421819
2011,361,1,84.95,115.883521,35.876238,418.61,-0.00354540
2011,361,2,169.90,115.884214,35.876662,358.81,-0.00143631
2011,361,3,254.85,115.884808,35.877256,388.71,0.00068721
2011,361,4,339.80,115.885501,35.877679,418.61,0.00068721
2011,361,5,424.75,115.885886,35.878334,403.66,-0.00143324
2011,361,6,509.70,115.886579,35.878757,493.37,-0.00286648
2011,362,0,0.00,115.883345,35.875523,1719.31,0.00000000
2011,362,1,67.63,115.883818,35.875051,1450.20,0.00230174
2011,362,2,135.26,115.884291,35.874578,1285.75,0.00480393
2011,362,3,202.89,115.884962,35.874445,807.33,0.00500438
2011,363,0,0.00,115.886579,35.878757,418.61,-0.00148219
2011,363,1,97.70,115.886844,35.879561,448.52,-0.00110836
2011,363,2,195.40,115.887388,35.880284,448.52,-0.00070392
2011,363,3,293.10,115.887792,35.881048,448.52,0.00001203
2011,363,4,390.80,115.888466,35.881734,448.52,0.00142064
2011,363,5,488.50,115.888735,35.882536,493.37,0.00107196
2011,363,6,586.20,115.889005,35.883339,463.47,-0.00000000
2011,364,0,0.00,115.886579,35.878757,1495.05,-0.00000000
2011,364,1,85.22,115.887175,35.878162,1270.79,0.00068277
2011,364,2,170.44,115.887771,35.877566,1001.69,0.00142385
2011,364,3,255.66,115.888466,35.877140,,0.00148215
2011,365,0,0.00,115.889005,35.883339,1181.09,0.00000000
2011,365,1,95.36,115.889771,35.882842,1151.19,-0.00058535
2011,365,2,190.71,115.890537,35.882346,1091.39,-0.00058535
2011,365,3,286.07,115.891203,35.881679,971.78,0.00058535
2011,365,4,381.43,115.891969,35.881183,44.85,0.00117070
2011,366,0,0.00,115.889005,35.883339,762.48,-0.00256640
2011,366,1,98.63,115.888315,35.884028,493.37,-0.00257180
2011,366,2,197.26,115.888228,35.884718,433.57,-0.00138677
2011,366,3,295.89,115.888014,35.885407,328.91,0.00067606
2011,366,4,394.51,115.887927,35.886271,284.06,0.00210720
2011,366,5,493.14,115.887388,35.887004,269.11,0.00220428
2011,366,6,591.77,115.886782,35.887717,313.96,0.00106925
2011,366,7,690.40,115.885993,35.888237,269.11,-0.00008001
2011,366,8,789.03,115.885304,35.888926,343.86,0.00054538
2011,366,9,887.66,115.884568,35.889537,418.61,0.00069441
2011,366,10,986.29,115.883726,35.889965,448.52,-0.00048429
2011,366,11,1084.92,115.883014,35.890615,493.37,-0.00000000
2011,366,12,1183.54,115.882236,35.891154,523.27,0.00035538
2011,366,13,1282.17,115.881459,35.891693,478.42,-0.00000000
2011,367,0,0.00,115.881459,35.891693,538.22,-0.00151980
2011,367,1,83.92,115.880574,35.891769,448.52,-0.00319009
2011,367,2,167.83,115.879789,35.892016,463.47,-0.00532858
2011,367,3,251.75,115.879202,35.892603,583.07,-0.00439885
2011,367,4,335.67,115.879033,35.893310,657.82,-0.00300092
2011,368,0,0.00,115.881459,35.891693,1794.06,-0.00000000
2011,368,1,77.10,115.881998,35.892232,1599.71,-0.00000000
2011,368,2,154.20,115.882537,35.892771,1345.55,-0.00000000
2011,369,0,0.00,115.879033,35.893310,583.07,-0.00113195
2011,369,1,98.89,115.878096,35.893580,538.22,-0.00143174
2011,369,2,197.78,115.877253,35.894012,568.12,-0.00116017
2011,369,3,296.67,115.876462,35.894534,568.12,-0.00029441
2011,369,4,395.56,115.875672,35.895055,538.22,0.00030719
2011,369,5,494.45,115.874881,35.895576,568.12,0.00024744
2011,369,6,593.34,115.874036,35.896005,478.42,-0.00073726
2011,369,7,692.23,115.873256,35.896544,508.32,-0.00151793
2011,369,8,791.12,115.872566,35.897156,478.42,-0.00135046
2011,369,9,890.02,115.872027,35.897891,508.32,-0.00102009
2011,37,0,0.00,115.248147,35.436786,463.47,-0.00153419
2011,37,1,83.59,115.248416,35.437461,448.52,-0.00295557
2011,37,2,167.18,115.248896,35.438074,418.61,-0.00401720
2011,37,3,250.77,115.249626,35.438403,448.52,-0.00211778
2011,37,4,334.36,115.250390,35.438673,687.72,-0.00028905
2011,37,5,417.95,115.251155,35.438942,672.77,0.00000000
2011,37,6,501.54,115.251920,35.439212,732.58,0.00000000
2011,370,0,0.00,115.879033,35.893310,1794.06,0.00000000
2011,370,1,91.79,115.879675,35.893952,1704.36,-0.00281822
2011,370,2,183.59,115.880317,35.894593,926.93,-0.00665594
2011,370,3,275.38,115.881157,35.894420,478.42,-0.00427922
2011,370,4,367.18,115.881998,35.894119,478.42,-0.00088301
2011,371,0,0.00,115.882537,35.892771,1345.55,-0.00397024
2011,371,1,50.72,115.882891,35.893126,493.37,-0.00418627
2011,371,2,101.43,115.883345,35.893310,837.23,-0.00440231
2011,372,0,0.00,115.882537,35.892771,568.12,-0.00564466
2011,372,1,68.45,115.882267,35.893310,777.43,-0.00564466
2011,372,2,136.91,115.882537,35.893849,852.18,-0.00564466
2011,373,0,0.00,115.872027,35.897891,538.22,0.00000000
2011,373,1,83.84,115.871255,35.898161,478.42,-0.00129248
2011,373,2,167.68,115.870484,35.898430,448.52,-0.00249246
2011,373,3,251.52,115.869871,35.898969,493.37,-0.00239997
2011,374,0,0.00,115.872027,35.897891,1794.06,0.00156162
2011,374,1,92.36,115.872566,35.898568,1524.95,0.00259040
2011,374,2,184.73,115.872835,35.899323,971.78,0.00501651
2011,374,3,277.09,115.872752,35.900131,523.27,0.00848379
2011,374,4,369.45,115.871995,35.900586,523.27,0.00949620
2011,374,5,461.82,115.871162,35.900261,1106.34,0.00534838
2011,374,6,554.18,115.870516,35.899615,1794.06,0.00112905
2011,374,7,646.55,115.869871,35.898969,1794.06,-0.00000000
2011,375,0,0.00,115.869871,35.898969,523.27,0.00111891
2011,375,1,99.92,115.869073,35.899498,523.27,0.00078867
2011,375,2,199.84,115.868175,35.899856,478.42,-0.00037276
2011,375,3,299.76,115.867337,35.900317,478.42,-0.00045577
2011,375,4,399.68,115.866545,35.900856,448.52,0.00063742
2011,375,5,499.60,115.865682,35.901272,478.42,0.00022655
2011,375,6,599.51,115.864804,35.901664,448.52,-0.00015040
2011,375,7,699.43,115.863986,35.902159,403.66,-0.00055946
2011,375,8,799.35,115.863089,35.902517,388.71,-0.00120433
2011,375,9,899.27,115.862390,35.903216,403.66,-0.00027361
2011,375,10,999.19,115.861592,35.903744,388.71,-0.00082832
2011,375,11,1099.11,115.860845,35.904359,373.76,-0.00315527
2011,375,12,1199.03,115.860438,35.905071,343.86,-0.00371520
2011,375,13,1298.95,115.860438,35.905971,254.16,-0.00164525
2011,375,14,1398.87,115.860708,35.906794,239.21,0.00063322
2011,375,15,1498.79,115.860708,35.907694,209.31,0.00011678
2011,375,16,1598.70,115.860708,35.908595,224.26,-0.00130324
2011,375,17,1698.62,115.860929,35.909431,239.21,-0.00159404
2011,375,18,1798.54,115.861247,35.910240,254.16,-0.00049199
2011,375,19,1898.46,115.861786,35.910985,269.11,0.00097086
2011,375,20,1998.38,115.861979,35.911829,284.06,0.00029965
2011,375,21,2098.30,115.862260,35.912649,313.96,-0.00032812
2011,375,22,2198.22,115.862594,35.913453,373.76,-0.00025745
2011,375,23,2298.14,115.862864,35.914275,373.76,-0.00135857
2011,375,24,2398.06,115.863310,35.915047,418.61,-0.00117679
2011,375,25,2497.98,115.864009,35.915745,463.47,-0.00010352
2011,375,26,2597.90,115.864498,35.916504,448.52,-0.00033348
2011,375,27,2697.81,115.865197,35.917203,433.57,-0.00048736
2011,375,28,2797.73,115.865828,35.917921,373.76,-0.00031713
2011,375,29,2897.65,115.866485,35.918490,403.66,-0.00049312
2011,375,30,2997.57,115.867183,35.919189,328.91,-0.00086048
2011,375,31,3097.49,115.867981,35.919718,299.01,-0.00053062
2011,375,32,3197.41,115.868779,35.920246,269.11,-0.00077841
2011,375,33,3297.33,115.869577,35.920775,179.41,-0.00165861
2011,375,34,3397.25,115.870513,35.921068,179.41,-0.00096105
2011,375,35,3497.17,115.871462,35.921338,164.46,-0.00010850
2011,375,36,3597.09,115.872412,35.921607,149.51,-0.00088070
2011,375,37,3697.01,115.873366,35.921868,179.41,-0.00154942
2011,375,38,3796.92,115.874468,35.921876,209.31,0.00000000
2011,375,39,3896.84,115.875559,35.921905,224.26,0.00060748
2011,375,40,3996.76,115.876525,35.922146,269.11,-0.00000000
2011,375,41,4096.68,115.877632,35.922146,299.01,0.00008889
2011,375,42,4196.60,115.878581,35.922415,388.71,-0.00079928
2011,375,43,4296.52,115.879688,35.922415,418.61,-0.00079928
2011,375,44,4396.44,115.880795,35.922415,418.61,-0.00072141
2011,375,45,4496.36,115.881902,35.922415,448.52,-0.00039442
2011,375,46,4596.28,115.882835,35.922175,403.66,0.00062951
2011,375,47,4696.20,115.883732,35.922298,403.66,-0.00004416
2011,375,48,4796.11,115.884751,35.922146,358.81,0.00009189
2011,375,49,4896.03,115.885858,35.922146,328.91,0.00043858
2011,375,50,4995.95,115.886965,35.922146,328.91,0.00000000
2011,375,51,5095.87,115.888072,35.922146,299.01,0.00000000
2011,375,52,5195.79,115.889179,35.922146,358.81,0.00094842
2011,375,53,5295.71,115.890286,35.922146,388.71,0.00214149
2011,375,54,5395.63,115.891208,35.922463,403.66,0.00057352
2011,375,55,5495.55,115.892105,35.922821,388.71,-0.00175802
2011,375,56,5595.47,115.893134,35.922954,418.61,-0.00072266
2011,375,57,5695.39,115.894241,35.922954,358.81,0.00129652
2011,375,58,5795.31,115.895191,35.923224,343.86,0.00031787
2011,375,59,5895.22,115.896140,35.923493,328.91,-0.00088070
2011,375,60,5995.14,115.897189,35.923593,284.06,0.00023054
2011,375,61,6095.06,115.898197,35.923763,239.21,0.00154765
2011,375,62,6194.98,115.899146,35.924032,209.31,0.00130133
2011,375,63,6294.90,115.899981,35.924498,134.55,0.00051305
2011,375,64,6394.82,115.900878,35.924857,134.55,0.00179414
2011,375,65,6494.74,115.901676,35.925385,119.60,0.00302601
2011,375,66,6594.66,115.902166,35.926144,149.51,0.00099947
2011,375,67,6694.58,115.902480,35.926954,209.31,-0.00087580
2011,375,68,6794.50,115.903145,35.927662,239.21,0.00000000
2011,375,69,6894.41,115.903634,35.928421,254.16,0.00043245
2011,375,70,6994.33,115.904124,35.929180,254.16,0.00052746
2011,375,71,7094.25,115.904614,35.929939,269.11,0.00105898
2011,375,72,7194.17,115.904894,35.930759,269.11,0.00053152
2011,375,73,7294.09,115.905174,35.931578,239.21,-0.00000000
2011,376,0,0.00,115.905174,35.931578,1285.75,0.00000000
2011,376,1,72.96,115.905983,35.931578,568.12,0.00000000
2011,376,2,145.92,115.906791,35.931578,,0.00000000
2011,377,0,0.00,115.905174,35.931578,239.21,0.00164345
2011,377,1,97.68,115.905444,35.932381,209.31,0.00202751
2011,377,2,195.37,115.905393,35.933246,164.46,0.00107644
2011,377,3,293.05,115.905174,35.934064,134.55,0.00000000
2011,377,4,390.73,115.905174,35.934944,164.46,0.00083110
2011,377,5,488.41,115.904905,35.935747,209.31,0.00093617
2011,377,6,586.10,115.904635,35.936549,209.31,0.00071637
2011,377,7,683.78,115.904278,35.937326,269.11,0.00024732
2011,377,8,781.46,115.903827,35.938076,299.01,-0.00071637
2011,377,9,879.15,115.903557,35.938879,358.81,0.00009890
2011,377,10,976.83,115.903288,35.939681,373.76,0.00056828
2011,377,11,1074.51,115.902800,35.940421,403.66,-0.00115161
2011,377,12,1172.20,115.902535,35.941224,463.47,-0.00166457
2011,377,13,1269.88,115.902480,35.942089,418.61,-0.00105062
2011,378,0,0.00,115.902480,35.942089,882.08,-0.00261882
2011,378,1,75.70,115.903009,35.942618,1151.19,-0.00281830
2011,378,2,151.41,115.903685,35.942897,1046.54,-0.00156607
2011,378,3,227.11,115.904366,35.943167,822.28,-0.00011437
2011,379,0,0.00,115.902480,35.942089,493.37,-0.00259120
2011,379,1,88.00,115.901864,35.942704,463.47,-0.00243910
2011,379,2,176.00,115.901667,35.943440,508.32,-0.00068315
2011,379,3,264.00,115.901402,35.944156,493.37,0.00113060
2011,379,4,352.00,115.901064,35.944852,523.27,0.00068315
2011,379,5,439.99,115.900593,35.945509,508.32,-0.00088131
2011,379,6,527.99,115.900251,35.946203,553.17,-0.00136518
2011,379,7,615.99,115.900054,35.946939,538.22,-0.00094193
2011,38,0,0.00,115.248147,35.436786,1510.00,0.00859547
2011,38,1,57.96,115.248551,35.436382,1764.16,0.01097152
2011,38,2,115.91,115.248955,35.436517,433.57,0.01334757
2011,380,0,0.00,115.900054,35.946939,687.72,-0.00159287
2011,380,1,85.15,115.899260,35.947195,538.22,-0.00145085
2011,380,2,170.30,115.898565,35.947620,403.66,0.00000000
2011,380,3,255.46,115.897853,35.948017,284.06,0.00131888
2011,380,4,340.61,115.897076,35.948301,164.46,0.00079643
2011,380,5,425.76,115.896281,35.948556,,0.00026393
2011,381,0,0.00,115.900054,35.946939,792.38,0.00000000
2011,381,1,57.81,115.900458,35.947344,657.82,0.00000000
2011,381,2,115.62,115.900863,35.947748,553.17,0.00000000
2011,39,0,0.00,115.250303,35.435169,403.66,0.00180672
2011,39,1,77.67,115.250943,35.435540,388.71,0.00254791
2011,39,2,155.33,115.251485,35.436082,448.52,0.00082837
2011,39,3,233.00,115.251818,35.436685,702.67,-0.00254791
2011,39,4,310.66,115.252459,35.437056,612.97,-0.00346347
2011,4,0,0.00,115.198560,35.423312,687.72,-0.00375374
2011,4,1,94.70,115.199446,35.423581,568.12,-0.00276913
2011,4,2,189.40,115.200333,35.423312,538.22,0.00000000
2011,4,3,284.11,115.201376,35.423312,508.32,-0.00000000
2011,4,4,378.81,115.202419,35.423312,508.32,-0.00089226
2011,4,5,473.51,115.203306,35.423042,478.42,0.00089226
2011,4,6,568.21,115.204348,35.423042,448.52,-0.00000000
2011,4,7,662.91,115.205391,35.423042,508.32,-0.00187687
2011,4,8,757.61,115.206278,35.422773,493.37,-0.00227446
2011,4,9,852.32,115.207165,35.422503,538.22,-0.00270688
2011,4,10,947.02,115.207722,35.421964,598.02,-0.00283407
2011,40,0,0.00,115.250303,35.435169,1794.06,-0.00000000
2011,40,1,38.64,115.250033,35.435439,1794.06,-0.00000000
2011,40,2,77.27,115.249764,35.435708,956.83,-0.00000000
2011,41,0,0.00,115.143583,35.421425,1794.06,-0.00074749
2011,41,1,82.65,115.143583,35.422170,1794.06,-0.00093820
2011,41,2,165.29,115.143693,35.422883,837.23,-0.00074335
2011,41,3,247.94,115.143852,35.423581,1181.09,-0.00035778
2011,42,0,0.00,115.143583,35.421425,328.91,-0.00000000
2011,42,1,71.27,115.142954,35.421156,343.86,-0.00338363
2011,42,2,142.55,115.142325,35.420886,299.01,-0.00676725
2011,42,3,213.82,115.141696,35.421156,388.71,-0.00676725
2011,44,0,0.00,115.143852,35.423581,373.76,0.00260329
2011,44,1,82.87,115.143096,35.423851,313.96,0.00365209
2011,44,2,165.73,115.142183,35.423851,313.96,0.00365209
2011,44,3,248.60,115.141427,35.423581,343.86,0.00260329
2011,45,0,0.00,115.251920,35.439212,867.13,-0.00883336
2011,45,1,43.79,115.252402,35.439212,1719.31,-0.00902182
2011,45,2,87.58,115.252728,35.438942,807.33,-0.00921028
2011,46,0,0.00,115.251920,35.439212,1046.54,-0.00111986
2011,46,1,94.33,115.251952,35.440052,911.98,-0.00174386
2011,46,2,188.67,115.252193,35.440832,463.47,-0.00118392
2011,46,3,283.00,115.252642,35.441551,822.28,-0.00059591
2011,46,4,377.33,115.252883,35.442331,448.52,-0.00228116
2011,46,5,471.66,115.253541,35.442989,448.52,-0.00291899
2011,46,6,566.00,115.254298,35.443476,448.52,-0.00188312
2011,46,7,660.33,115.255154,35.443793,463.47,-0.00129876
2011,47,0,0.00,115.248955,35.436517,747.53,-0.01045717
2011,47,1,69.64,115.249540,35.436741,852.18,-0.01316000
2011,47,2,139.28,115.250025,35.436255,568.12,-0.01187472
2011,47,3,208.92,115.249764,35.435708,388.71,-0.00788662
2011,48,0,0.00,115.248955,35.436517,1390.40,0.00000000
2011,48,1,57.96,115.249359,35.436113,822.28,0.00000000
2011,48,2,115.91,115.249764,35.435708,956.83,0.00000000
2011,49,0,0.00,115.252459,35.437056,911.98,-0.00083716
2011,49,1,72.68,115.252548,35.437685,882.08,0.00000000
2011,49,2,145.36,115.252728,35.438287,956.83,0.00121925
2011,49,3,218.04,115.252728,35.438942,1061.49,0.00160135
2011,5,0,0.00,115.190475,35.424389,1285.75,0.00144385
2011,5,1,84.75,115.190092,35.425042,1061.49,0.00140538
2011,5,2,169.51,115.189501,35.425633,926.93,0.00068345
2011,5,3,254.26,115.188910,35.426224,926.93,0.00000000
2011,5,4,339.01,115.188319,35.426815,926.93,0.00000000
2011,50,0,0.00,115.252459,35.437056,1674.46,-0.00347849
2011,50,1,53.59,115.252832,35.436682,1539.90,-0.00358581
2011,50,2,107.17,115.252998,35.436247,882.08,-0.00369312
2011,53,0,0.00,115.141696,35.421156,1794.06,0.00021665
2011,53,1,92.61,115.141696,35.421990,1794.06,0.00074394
2011,53,2,185.23,115.141656,35.422813,777.43,0.00118358
2011,53,3,277.84,115.141427,35.423581,1450.20,0.00109593
2011,54,0,0.00,115.141696,35.421156,373.76,-0.00441505
2011,54,1,87.59,115.140888,35.420886,358.81,-0.00441505
2011,54,2,175.18,115.140079,35.421156,373.76,-0.00441505
2011,56,0,0.00,115.141427,35.423581,373.76,0.00351032
2011,56,1,68.27,115.140675,35.423581,343.86,0.00369774
2011,56,2,136.54,115.140079,35.423312,373.76,0.00388515
2011,58,0,0.00,115.252728,35.438942,732.58,0.00000000
2011,58,1,38.64,115.252998,35.439212,732.58,0.00000000
2011,58,2,77.27,115.253267,35.439481,328.91,0.00000000
2011,59,0,0.00,115.255154,35.443793,269.11,0.00000000
2011,59,1,84.78,115.255745,35.444384,209.31,0.00000000
2011,59,2,169.56,115.256336,35.444976,209.31,-0.00085880
2011,59,3,254.35,115.256928,35.445567,224.26,-0.00232670
2011,59,4,339.13,115.257640,35.445949,239.21,-0.00436042
2011,59,5,423.91,115.258418,35.446219,299.01,-0.00525471
2011,59,6,508.69,115.259196,35.445949,717.63,-0.00472437
2011,6,0,0.00,115.190475,35.424389,926.93,-0.00460375
2011,6,1,87.59,115.189822,35.423851,792.38,-0.00346137
2011,6,2,175.17,115.188858,35.423851,687.72,0.00000000
2011,6,3,262.76,115.188049,35.423581,642.87,0.00231899
2011,60,0,0.00,115.255154,35.443793,1794.06,-0.00174833
2011,60,1,75.09,115.255677,35.443269,956.83,-0.00087417
2011,60,2,150.17,115.255992,35.442685,702.67,0.00087417
2011,60,3,225.26,115.256516,35.442161,1225.94,0.00087417
2011,60,4,300.35,115.257040,35.441637,1539.90,0.00000000
2011,61,0,0.00,115.140079,35.421156,1794.06,0.00000000
2011,61,1,79.73,115.140079,35.421874,1794.06,0.00000000
2011,61,2,159.47,115.140079,35.422593,926.93,0.00000000
2011,61,3,239.20,115.140079,35.423312,1300.70,0.00000000
2011,62,0,0.00,115.140079,35.421156,388.71,-0.00178713
2011,62,1,99.18,115.139143,35.420886,508.32,-0.00251594
2011,62,2,198.37,115.138051,35.420886,568.12,-0.00251594
2011,62,3,297.55,115.137115,35.421156,598.02,-0.00178713
2011,64,0,0.00,115.140079,35.423312,433.57,0.00589123
2011,64,1,88.47,115.139265,35.423575,373.76,0.00649232
2011,64,2,176.94,115.138549,35.423129,478.42,0.00438557
2011,64,3,265.40,115.137932,35.422512,777.43,0.00192191
2011,64,4,353.87,115.137384,35.421874,926.93,0.00198921
2011,64,5,442.34,115.137115,35.421156,1300.70,0.00181232
2011,65,0,0.00,115.253267,35.439481,867.13,0.00524435
2011,65,1,80.62,115.253999,35.439212,598.02,0.00448979
2011,65,2,161.24,115.254731,35.439481,508.32,0.00250025
2011,65,3,241.86,115.255547,35.439605,448.52,0.00285343
2011,65,4,322.48,115.256208,35.439997,433.57,0.00298813
2011,65,5,403.10,115.256770,35.440559,433.57,0.00153468
2011,66,0,0.00,115.253267,35.439481,523.27,-0.00541081
2011,66,1,49.22,115.253267,35.439925,867.13,-0.00552320
2011,66,2,98.44,115.253537,35.440290,403.66,-0.00563560
2011,67,0,0.00,115.259196,35.445949,612.97,0.00040647
2011,67,1,71.45,115.259465,35.445384,642.87,0.00132624
2011,67,2,142.89,115.259776,35.444830,732.58,0.00199289
2011,67,3,214.34,115.260274,35.444332,1300.70,0.00173978
2011,68,0,0.00,115.259196,35.445949,508.32,0.00185659
2011,68,1,72.90,115.259704,35.446458,822.28,0.00191232
2011,68,2,145.81,115.260004,35.447027,523.27,0.00196805
2011,69,0,0.00,115.257040,35.441637,328.91,-0.00314493
2011,69,1,64.17,115.257040,35.441059,553.17,-0.00323912
2011,69,2,128.34,115.256770,35.440559,463.47,-0.00333331
2011,7,0,0.00,115.207722,35.421964,508.32,0.00000000
2011,7,1,99.97,115.208823,35.421964,478.42,-0.00079817
2011,7,2,199.94,115.209924,35.421964,448.52,-0.00167710
2011,7,3,299.90,115.210869,35.421695,448.52,-0.00087894
2011,7,4,399.87,115.211813,35.421425,448.52,0.00000000
2011,7,5,499.84,115.212758,35.421156,448.52,0.00000000
2011,7,6,599.81,115.213703,35.420886,418.61,-0.00000000
2011,7,7,699.77,115.214648,35.420617,418.61,0.00016644
2011,7,8,799.74,115.215592,35.420347,403.66,0.00044508
2011,7,9,899.71,115.216566,35.420127,448.52,-0.00033407
2011,7,10,999.68,115.217560,35.419942,448.52,-0.00089881
2011,7,11,1099.65,115.218427,35.419539,478.42,0.00016764
2011,7,12,1199.61,115.219372,35.419269,448.52,0.00045374
2011,7,13,1299.58,115.220316,35.419000,448.52,-0.00000000
2011,7,14,1399.55,115.221261,35.418730,448.52,-0.00000000
2011,7,15,1499.52,115.222206,35.418461,418.61,0.00000000
2011,7,16,1599.48,115.223151,35.418191,448.52,-0.00014943
2011,7,17,1699.45,115.224095,35.417922,478.42,-0.00000000
2011,7,18,1799.42,115.225014,35.417608,493.37,0.00116620
2011,7,19,1899.39,115.225985,35.417383,478.42,0.00247527
2011,7,20,1999.36,115.227086,35.417383,463.47,0.00225803
2011,7,21,2099.32,115.228030,35.417652,418.61,0.00087894
2011,7,22,2199.29,115.228989,35.417898,328.91,0.00008594
2011,7,23,2299.26,115.229920,35.418191,269.11,0.00021785
2011,7,24,2399.23,115.230877,35.418439,239.21,0.00171560
2011,7,25,2499.19,115.231772,35.418795,224.26,0.00150427
2011,7,26,2599.16,115.232469,35.419492,269.11,0.00048785
2011,7,27,2699.13,115.233364,35.419848,328.91,0.00255845
2011,7,28,2799.10,115.233853,35.420606,433.57,0.00260415
2011,7,29,2899.07,115.234133,35.421425,508.32,0.00106710
2011,70,0,0.00,115.257040,35.441637,433.57,0.00000000
2011,70,1,90.21,115.257669,35.442266,224.26,0.00060206
2011,70,2,180.41,115.258298,35.442896,209.31,-0.00100830
2011,70,3,270.62,115.258719,35.443586,239.21,-0.00256685
2011,70,4,360.82,115.259592,35.443793,478.42,0.00036204
2011,70,5,451.03,115.260274,35.444332,792.38,0.00263708
2011,72,0,0.00,115.137115,35.421156,508.32,0.00000000
2011,72,1,99.97,115.136014,35.421156,538.22,0.00079816
2011,72,2,199.94,115.134914,35.421156,508.32,0.00079816
2011,72,3,299.90,115.133969,35.420886,508.32,-0.00079816
2011,72,4,399.87,115.132868,35.420886,508.32,0.00000000
2011,72,5,499.84,115.131767,35.420886,538.22,0.00079816
2011,72,6,599.81,115.130823,35.420617,508.32,-0.00079816
2011,72,7,699.78,115.129722,35.420617,508.32,-0.00000000
2011,72,8,799.74,115.128621,35.420617,538.22,0.00140798
2011,72,9,899.71,115.127677,35.420347,508.32,-0.00000000
2011,72,10,999.68,115.126685,35.420158,523.27,-0.00035355
2011,72,11,1099.65,115.125631,35.420078,508.32,0.00000000
2011,72,12,1199.62,115.124687,35.419808,493.37,-0.00025626
2011,72,13,1299.59,115.123586,35.419808,478.42,0.00087892
2011,72,14,1399.55,115.122641,35.419539,493.37,0.00016025
2011,72,15,1499.52,115.121696,35.419269,478.42,0.00000000
2011,72,16,1599.49,115.120625,35.419218,493.37,0.00054908
2011,72,17,1699.46,115.119807,35.418730,448.52,-0.00087892
2011,72,18,1799.43,115.118706,35.418730,448.52,-0.00070933
2011,72,19,1899.39,115.117762,35.418461,478.42,0.00021836
2011,72,20,1999.36,115.116661,35.418461,478.42,0.00087892
2011,72,21,2099.33,115.115756,35.418122,493.37,-0.00043132
2011,72,22,2199.30,115.114771,35.417922,508.32,-0.00087892
2011,72,23,2299.27,115.113671,35.417922,478.42,0.00109188
2011,72,24,2399.23,115.112726,35.417652,493.37,0.00087892
2011,72,25,2499.20,115.111781,35.417383,493.37,0.00000000
2011,72,26,2599.17,115.110837,35.417113,448.52,0.00000000
2011,72,27,2699.14,115.109892,35.416844,478.42,-0.00054951
2011,72,28,2799.11,115.108947,35.416574,478.42,-0.00081954
2011,72,29,2899.07,115.107906,35.416471,478.42,0.00020562
2011,72,30,2999.04,115.106913,35.416286,448.52,0.00082591
2011,72,31,3099.01,115.105957,35.416035,418.61,0.00125695
2011,72,32,3198.98,115.105024,35.415745,433.57,0.00057814
2011,72,33,3298.95,115.104223,35.415227,388.71,-0.00091305
2011,72,34,3398.92,115.103235,35.415033,373.76,-0.00032761
2011,72,35,3498.88,115.102334,35.414688,313.96,-0.00052493
2011,72,36,3598.85,115.101389,35.414418,299.01,-0.00105250
2011,72,37,3698.82,115.100353,35.414307,224.26,0.00053130
2011,72,38,3798.79,115.099359,35.414122,194.36,0.00138011
2011,72,39,3898.76,115.098464,35.413766,149.51,0.00057814
2011,72,40,3998.72,115.097570,35.413411,209.31,0.00057684
2011,72,41,4098.69,115.096675,35.413055,194.36,0.00113749
2011,72,42,4198.66,115.095879,35.412528,179.41,0.00109258
2011,72,43,4298.63,115.095083,35.412002,194.36,0.00053193
2011,72,44,4398.60,115.094386,35.411305,239.21,-0.00024773
2011,72,45,4498.56,115.093590,35.410778,299.01,-0.00004407
2011,72,46,4598.53,115.092918,35.410215,313.96,0.00044290
2011,72,47,4698.50,115.092206,35.409664,388.71,0.00102734
2011,72,48,4798.47,115.091509,35.408967,418.61,0.00130198
2011,72,49,4898.44,115.091020,35.408209,403.66,0.00051388
2011,72,50,4998.40,115.090532,35.407451,403.66,-0.00000000
2011,72,51,5098.37,115.090043,35.406692,403.66,-0.00000000
2011,72,52,5198.34,115.089554,35.405934,388.71,0.00007295
2011,72,53,5298.31,115.089066,35.405176,433.57,0.00000000
2011,72,54,5398.28,115.088606,35.404409,433.57,-0.00014559
2011,72,55,5498.25,115.088088,35.403660,433.57,0.00106300
2011,72,56,5598.21,115.087599,35.402902,463.47,0.00216831
2011,72,57,5698.18,115.087528,35.402021,523.27,0.00206533
2011,74,0,0.00,115.256770,35.440559,986.73,0.00440740
2011,74,1,87.71,115.257580,35.440291,612.97,0.00439210
2011,74,2,175.43,115.258389,35.440561,463.47,0.00220131
2011,74,3,263.14,115.259201,35.440829,239.21,0.00151490
2011,74,4,350.85,115.260008,35.441102,224.26,0.00328779
2011,74,5,438.57,115.260620,35.441714,224.26,0.00288943
2011,74,6,526.28,115.261082,35.442369,254.16,0.00174397
2011,74,7,614.00,115.261352,35.443081,583.07,0.00064035
2011,74,8,701.71,115.261621,35.443793,568.12,-0.00000000
2011,75,0,0.00,115.260274,35.444332,568.12,0.00000000
2011,75,1,48.94,115.260813,35.444332,986.73,0.00000000
2011,75,2,97.87,115.261352,35.444332,598.02,0.00000000
2011,77,0,0.00,115.260004,35.447027,523.27,-0.00226655
2011,77,1,76.69,115.260331,35.447623,299.01,-0.00350140
2011,77,2,153.39,115.260896,35.448105,299.01,-0.00498114
2011,77,3,230.08,115.261598,35.448352,508.32,-0.00377225
2011,77,4,306.77,115.262430,35.448375,1016.64,-0.00231846
2011,78,0,0.00,115.260004,35.447027,1061.49,-0.00305409
2011,78,1,82.51,115.260679,35.446622,672.77,-0.00224860
2011,78,2,165.03,115.261046,35.445986,956.83,-0.00000000
2011,78,3,247.54,115.261621,35.445410,1225.94,0.00144310
2011,79,0,0.00,115.087528,35.402021,553.17,0.00342917
2011,79,1,99.45,115.086637,35.401669,493.37,0.00320150
2011,79,2,198.90,115.086180,35.400907,448.52,0.00141474
2011,79,3,298.34,115.085667,35.400160,508.32,-0.00033521
2011,79,4,397.79,115.085182,35.399406,523.27,0.00007217
2011,79,5,497.24,115.084563,35.398691,508.32,0.00014601
2011,79,6,596.69,115.084212,35.397897,523.27,-0.00051957
2011,79,7,696.14,115.083518,35.397204,568.12,0.00051781
2011,79,8,795.58,115.083034,35.396449,553.17,0.00070945
2011,79,9,895.03,115.082677,35.395657,553.17,-0.00060040
2011,79,10,994.48,115.082138,35.394918,568.12,-0.00037774
2011,79,11,1093.93,115.081599,35.394180,583.07,0.00068556
2011,79,12,1193.37,115.081094,35.393431,583.07,0.00051509
2011,79,13,1292.82,115.080791,35.392623,568.12,-0.00034617
2011,79,14,1392.27,115.080252,35.391885,568.12,-0.00012159
2011,79,15,1491.72,115.079847,35.391107,568.12,-0.00058717
2011,79,16,1591.17,115.079362,35.390352,612.97,-0.00020564
2011,79,17,1690.61,115.078669,35.389659,583.07,0.00084542
2011,79,18,1790.06,115.078392,35.388843,583.07,-0.00033919
2011,79,19,1889.51,115.077826,35.388113,598.02,-0.00011884
2011,79,20,1988.96,115.077287,35.387374,538.22,0.00068501
2011,79,21,2088.41,115.076937,35.386580,553.17,-0.00020701
2011,79,22,2187.85,115.076452,35.385825,523.27,-0.00034582
2011,79,23,2287.30,115.075967,35.385071,508.32,-0.00000000
2011,79,24,2386.75,115.075482,35.384316,493.37,-0.00047356
2011,79,25,2486.20,115.074997,35.383562,508.32,0.00006565
2011,79,26,2585.64,115.074323,35.382863,478.42,0.00149955
2011,79,27,2685.09,115.074053,35.382045,448.52,0.00034812
2011,79,28,2784.54,115.073751,35.381238,418.61,-0.00121578
2011,79,29,2883.99,115.073245,35.380489,448.52,-0.00035987
2011,79,30,2983.44,115.072706,35.379751,343.86,0.00038163
2011,79,31,3082.88,115.072296,35.378974,358.81,-0.00057347
2011,79,32,3182.33,115.071811,35.378220,313.96,-0.00019185
2011,79,33,3281.78,115.071117,35.377526,284.06,0.00105483
2011,79,34,3381.23,115.070841,35.376711,239.21,-0.00101371
2011,79,35,3480.68,115.070356,35.375956,209.31,-0.00312154
2011,79,36,3580.12,115.069564,35.375433,328.91,-0.00277189
2011,79,37,3679.57,115.068678,35.375072,343.86,-0.00206836
2011,79,38,3779.02,115.067683,35.374900,433.57,-0.00055416
2011,79,39,3878.47,115.066645,35.374802,538.22,0.00088855
2011,79,40,3977.91,115.065706,35.374533,657.82,-0.00031487
2011,79,41,4077.36,115.064768,35.374263,627.92,-0.00250207
2011,79,42,4176.81,115.063673,35.374263,583.07,-0.00250207
2011,79,43,4276.26,115.062734,35.374533,627.92,-0.00177710
2011,8,0,0.00,115.207722,35.421964,1599.71,0.00298658
2011,8,1,95.53,115.207183,35.421261,1794.06,0.00293203
2011,8,2,191.05,115.207183,35.420400,1001.69,0.00143874
2011,8,3,286.58,115.207183,35.419539,583.07,0.00000000
2011,80,0,0.00,115.087528,35.402021,1375.45,0.00000000
2011,80,1,72.57,115.088034,35.401515,1166.14,0.00095242
2011,80,2,145.13,115.088540,35.401009,1091.39,0.00199465
2011,80,3,217.70,115.089145,35.400674,777.43,0.00208445
2011,81,0,0.00,115.261621,35.443793,627.92,0.00259610
2011,81,1,75.34,115.262443,35.443807,538.22,0.00288437
2011,81,2,150.67,115.263125,35.444063,493.37,0.00316365
2011,81,3,226.01,115.263791,35.444346,284.06,0.00285602
2011,81,4,301.35,115.264316,35.444871,493.37,0.00255739
2011,82,0,0.00,115.261621,35.443793,956.83,-0.00867974
2011,82,1,34.27,115.261382,35.444032,1121.29,-0.00879678
2011,82,2,68.54,115.261352,35.444332,822.28,-0.00891381
2011,84,0,0.00,115.261352,35.444332,837.23,0.00333317
2011,84,1,64.17,115.261621,35.444832,986.73,0.00323898
2011,84,2,128.34,115.261621,35.445410,672.77,0.00314480
2011,85,0,0.00,115.262430,35.448375,284.06,-0.00203919
2011,85,1,70.19,115.262919,35.448864,433.57,-0.00213719
2011,85,2,140.37,115.263508,35.449183,448.52,-0.00223519
2011,86,0,0.00,115.262430,35.448375,1794.06,-0.00443134
2011,86,1,75.59,115.262957,35.447847,747.53,-0.00448963
2011,86,2,151.18,115.262969,35.447169,672.77,-0.00232061
2011,86,3,226.77,115.262969,35.446488,642.87,-0.00009331
2011,88,0,0.00,115.261621,35.445410,807.33,-0.00123912
2011,88,1,89.50,115.262246,35.446034,284.06,-0.00129010
2011,88,2,179.01,115.262969,35.446488,807.33,-0.00134108
2011,89,0,0.00,115.062734,35.374533,1061.49,0.00000000
2011,89,1,91.43,115.062734,35.375357,1106.34,0.00009878
2011,89,2,182.85,115.062734,35.376181,1210.99,0.00361470
2011,89,3,274.28,115.062698,35.376995,388.71,0.01346763
2011,89,4,365.70,115.061962,35.376995,702.67,0.01346763
2011,89,5,457.13,115.061926,35.376181,1166.14,0.00361470
2011,89,6,548.55,115.061926,35.375357,1106.34,0.00009878
2011,89,7,639.98,115.061926,35.374533,1061.49,0.00000000
2011,9,0,0.00,115.188319,35.426815,837.23,0.00000000
2011,9,1,14.95,115.188319,35.426950,837.23,0.00000000
2011,9,2,29.90,115.188319,35.427084,523.27,0.00000000
2011,90,0,0.00,115.062734,35.374533,837.23,-0.01342415
2011,90,1,50.89,115.062330,35.374263,538.22,-0.01342415
2011,90,2,101.79,115.061926,35.374533,762.48,-0.01342415
2011,91,0,0.00,115.264316,35.444871,284.06,0.00157421
2011,91,1,85.75,115.265112,35.445128,463.47,0.00295604
2011,91,2,171.50,115.265809,35.445555,463.47,0.00395603
2011,91,3,257.26,115.266203,35.446213,508.32,0.00221906
2011,91,4,343.01,115.266472,35.446907,313.96,0.00135556
2011,91,5,428.76,115.266742,35.447602,867.13,0.00179356
2011,91,6,514.51,115.266742,35.448375,642.87,0.00173992
2011,92,0,0.00,115.264316,35.444871,1270.79,0.00188966
2011,92,1,74.36,115.264006,35.445451,1375.45,0.00183650
2011,92,2,148.72,115.263488,35.445969,777.43,0.00089167
2011,92,3,223.08,115.262969,35.446488,1225.94,-0.00000000
2011,93,0,0.00,115.263508,35.449183,702.67,-0.00013487
2011,93,1,84.85,115.263777,35.449869,313.96,-0.00263665
2011,93,2,169.69,115.264066,35.450549,687.72,-0.00517653
2011,93,3,254.54,115.264855,35.450800,433.57,-0.00521463
2011,94,0,0.00,115.263508,35.449183,717.63,-0.00250340
2011,94,1,80.23,115.264166,35.449033,1629.61,-0.00241445
2011,94,2,160.47,115.264586,35.448732,971.78,0.00244520
2011,94,3,240.70,115.265206,35.448375,717.63,0.00675457
2011,94,4,320.94,115.265933,35.448644,777.43,0.00629323
2011,97,0,0.00,115.061926,35.374533,568.12,0.00000000
2011,97,1,89.79,115.060938,35.374533,627.92,0.00000000
2011,97,2,179.59,115.059950,35.374533,598.02,0.00000000
2011,97,3,269.38,115.058961,35.374533,598.02,0.00000000
2011,98,0,0.00,115.266742,35.448375,1076.44,-0.00883504
2011,98,1,43.78,115.266260,35.448375,1674.46,-0.00902351
2011,98,2,87.57,115.265933,35.448644,1734.26,-0.00921198
2011,99,0,0.00,115.266742,35.448375,373.76,0.00281750
2011,99,1,98.43,115.267281,35.449104,328.91,0.00210443
2011,99,2,196.87,115.267281,35.449991,343.86,-0.00000000
2011,99,3,295.30,115.267550,35.450800,642.87,-0.00069568
2011,99,4,393.74,115.267820,35.451608,642.87,0.00000000
