year,link_id,sample_idx,s_m,lon,lat,B_m,C_1m
2018,0,0,0.00,115.078635,35.393128,941.88,0.00000000
2018,0,1,77.29,115.079174,35.392589,1121.29,-0.00000000
2018,0,2,154.58,115.079713,35.392050,1240.89,-0.00000000
2018,0,3,231.87,115.080252,35.391511,1210.99,-0.00000000
2018,1,0,0.00,115.080252,35.391511,568.12,0.00308524
2018,1,1,80.79,115.080791,35.391940,538.22,0.00292370
2018,1,2,161.57,115.081060,35.392589,523.27,0.00276215
2018,10,0,0.00,115.078096,35.387738,1136.24,-0.00000000
2018,10,1,77.29,115.077557,35.388277,1121.29,-0.00000000
2018,10,2,154.58,115.077018,35.388816,1031.59,0.00000000
2018,10,3,231.88,115.076479,35.389355,941.88,0.00000000
2018,100,0,0.00,115.199638,35.416035,657.82,0.00202322
2018,100,1,93.49,115.200511,35.415766,627.92,0.00192792
2018,100,2,186.97,115.201540,35.415766,657.82,0.00000000
2018,100,3,280.46,115.202570,35.415766,657.82,-0.00091631
2018,100,4,373.95,115.203443,35.415496,687.72,0.00049033
2018,100,5,467.43,115.204472,35.415496,687.72,-0.00000000
2018,100,6,560.92,115.205427,35.415367,687.72,-0.00052746
2018,100,7,654.41,115.206375,35.415227,687.72,-0.00007427
2018,101,0,0.00,115.200716,35.420886,568.12,0.00920699
2018,101,1,43.79,115.200389,35.421156,642.87,0.00901855
2018,101,2,87.59,115.199907,35.421156,762.48,0.00883012
2018,102,0,0.00,115.200716,35.420886,583.07,-0.00055199
2018,102,1,92.60,115.201559,35.421191,553.17,-0.00041326
2018,102,2,185.20,115.202443,35.421425,523.27,-0.00103203
2018,102,3,277.80,115.203307,35.421695,508.32,-0.00276375
2018,102,4,370.40,115.204326,35.421695,508.32,-0.00290101
2018,102,5,463.00,115.205190,35.421425,523.27,-0.00103203
2018,102,6,555.60,115.206054,35.421156,553.17,0.00103203
2018,102,7,648.20,115.206917,35.420886,598.02,0.00290101
2018,102,8,740.80,115.207937,35.420886,627.92,0.00290101
2018,102,9,833.40,115.208800,35.421156,583.07,0.00206405
2018,103,0,0.00,115.206375,35.415227,777.43,-0.00095069
2018,103,1,97.08,115.207250,35.415562,687.72,-0.00201002
2018,103,2,194.16,115.208201,35.415766,717.63,-0.00204032
2018,103,3,291.25,115.209197,35.415639,672.77,-0.00076179
2018,103,4,388.33,115.210071,35.415689,642.87,0.00033381
2018,103,5,485.41,115.210940,35.415496,627.92,0.00007858
2018,103,6,582.49,115.211820,35.415710,553.17,-0.00166064
2018,103,7,679.57,115.212695,35.415374,538.22,-0.00001618
2018,103,8,776.66,115.213679,35.415227,508.32,0.00158471
2018,103,9,873.74,115.214747,35.415227,328.91,0.00045163
2018,103,10,970.82,115.215816,35.415227,358.81,-0.00084778
2018,103,11,1067.90,115.216885,35.415227,418.61,0.00000000
2018,103,12,1164.98,115.217798,35.414957,358.81,0.00169555
2018,103,13,1262.07,115.218711,35.415227,388.71,-0.00000000
2018,103,14,1359.15,115.219780,35.415227,328.91,-0.00084778
2018,103,15,1456.23,115.220849,35.415227,358.81,0.00084778
2018,103,16,1553.31,115.221918,35.415227,388.71,0.00084778
2018,103,17,1650.40,115.222831,35.415496,388.71,-0.00000000
2018,103,18,1747.48,115.223900,35.415496,358.81,0.00081514
2018,103,19,1844.56,115.224813,35.415766,328.91,0.00105132
2018,103,20,1941.64,115.225745,35.416002,328.91,0.00120737
2018,103,21,2038.72,115.226620,35.416337,299.01,0.00156740
2018,103,22,2135.81,115.227396,35.416844,254.16,0.00119243
2018,104,0,0.00,115.206375,35.415227,1076.44,-0.00086625
2018,104,1,87.49,115.206985,35.414616,1136.24,-0.00201159
2018,104,2,174.99,115.207453,35.413965,1420.30,-0.00110287
2018,104,3,262.48,115.207580,35.413213,1181.09,0.00201159
2018,104,4,349.98,115.208190,35.412603,867.13,0.00153599
2018,104,5,437.47,115.208800,35.411993,642.87,-0.00000000
2018,105,0,0.00,115.208531,35.421425,343.86,-0.00000000
2018,105,1,19.32,115.208666,35.421290,373.76,-0.00000000
2018,105,2,38.64,115.208800,35.421156,388.71,-0.00000000
2018,106,0,0.00,115.208800,35.421156,612.97,0.00441507
2018,106,1,87.59,115.209765,35.421156,583.07,0.00450929
2018,106,2,175.18,115.210417,35.421695,104.65,0.00460351
2018,107,0,0.00,115.208800,35.421156,194.36,0.00515913
2018,107,1,78.06,115.209136,35.420550,553.17,0.00526381
2018,107,2,156.13,115.209878,35.420347,687.72,0.00536848
2018,108,0,0.00,115.208531,35.421425,343.86,0.01066306
2018,108,1,31.56,115.208311,35.421645,463.47,0.01105636
2018,108,2,63.11,115.207992,35.421695,508.32,0.01144966
2018,109,0,0.00,115.208531,35.421425,538.22,-0.00076053
2018,109,1,71.27,115.209160,35.421695,508.32,-0.00338367
2018,109,2,142.55,115.209822,35.421907,523.27,-0.00588687
2018,109,3,213.82,115.210417,35.421695,508.32,-0.00576694
2018,11,0,0.00,115.082138,35.395015,1629.61,0.00372939
2018,11,1,98.17,115.081369,35.395554,1794.06,0.00360619
2018,11,2,196.34,115.080289,35.395554,1136.24,0.00391774
2018,11,3,294.51,115.079208,35.395554,777.43,0.00444282
2018,11,4,392.69,115.078511,35.394891,523.27,0.00232955
2018,11,5,490.86,115.077826,35.394206,553.17,0.00012596
2018,110,0,0.00,115.227396,35.416844,403.66,-0.00296738
2018,110,1,95.93,115.227648,35.417635,343.86,-0.00397487
2018,110,2,191.86,115.228382,35.418191,299.01,-0.00354665
2018,110,3,287.79,115.229282,35.418461,299.01,-0.00211093
2018,111,0,0.00,115.227396,35.416844,299.01,0.00000000
2018,111,1,85.54,115.228026,35.416844,209.31,0.00303088
2018,111,2,171.08,115.228967,35.416844,254.16,0.00718819
2018,111,3,256.62,115.229372,35.417473,209.31,0.00497130
2018,111,4,342.17,115.229552,35.418191,284.06,0.00162798
2018,112,0,0.00,115.210417,35.421695,448.52,-0.00000000
2018,112,1,77.93,115.211120,35.421964,373.76,-0.00147894
2018,112,2,155.86,115.211822,35.422234,418.61,-0.00414762
2018,112,3,233.79,115.212680,35.422234,448.52,-0.00414762
2018,112,4,311.72,115.213382,35.421964,463.47,-0.00295787
2018,113,0,0.00,115.210417,35.421695,299.01,0.00203888
2018,113,1,70.20,115.210907,35.421205,463.47,0.00213684
2018,113,2,140.39,115.211495,35.420886,583.07,0.00223480
2018,114,0,0.00,115.229552,35.418191,1719.31,0.00000000
2018,114,1,19.32,115.229417,35.418326,986.73,0.00000000
2018,114,2,38.64,115.229282,35.418461,1001.69,0.00000000
2018,116,0,0.00,115.229552,35.418191,299.01,0.00274581
2018,116,1,90.42,115.230479,35.418310,239.21,0.00342889
2018,116,2,180.85,115.231208,35.418770,224.26,0.00078893
2018,116,3,271.27,115.231839,35.419400,239.21,-0.00275663
2018,116,4,361.70,115.232754,35.419539,269.11,-0.00095258
2018,116,5,452.12,115.233594,35.419808,269.11,0.00107399
2018,117,0,0.00,115.229282,35.418461,1001.69,0.00373584
2018,117,1,74.89,115.228760,35.418983,612.97,-0.00000000
2018,117,2,149.78,115.228040,35.419164,553.17,-0.00556016
2018,117,3,224.67,115.227935,35.419808,538.22,-0.00738447
2018,118,0,0.00,115.213382,35.421964,299.01,-0.00050706
2018,118,1,98.26,115.214364,35.422137,284.06,-0.00162991
2018,118,2,196.53,115.215390,35.422234,269.11,-0.00256504
2018,118,3,294.79,115.216316,35.421964,358.81,-0.00104620
2018,118,4,393.06,115.217242,35.421695,313.96,0.00091122
2018,118,5,491.32,115.218192,35.421466,388.71,-0.00006670
2018,118,6,589.59,115.219250,35.421425,373.76,-0.00091122
2018,118,7,687.85,115.220056,35.420949,388.71,0.00147886
2018,118,8,786.12,115.221102,35.420886,373.76,0.00173813
2018,118,9,884.38,115.222184,35.420886,373.76,0.00101043
2018,118,10,982.64,115.223266,35.420886,343.86,0.00147172
2018,118,11,1080.91,115.224192,35.421156,328.91,-0.00082691
2018,118,12,1179.17,115.225163,35.421348,373.76,-0.00207826
2018,118,13,1277.44,115.226044,35.421156,373.76,0.00000000
2018,118,14,1375.70,115.227126,35.421156,373.76,0.00121308
2018,119,0,0.00,115.213382,35.421964,209.31,-0.00521097
2018,119,1,81.24,115.213024,35.421336,209.31,-0.00485160
2018,119,2,162.48,115.212234,35.421156,493.37,-0.00179216
2018,119,3,243.72,115.211495,35.420886,508.32,0.00090791
2018,12,0,0.00,115.082138,35.395015,598.02,-0.00000000
2018,12,1,92.70,115.082677,35.395692,642.87,0.00026992
2018,12,2,185.39,115.083216,35.396370,627.92,0.00056368
2018,12,3,278.09,115.083660,35.397076,612.97,0.00031251
2018,12,4,370.79,115.084098,35.397783,642.87,0.00001874
2018,12,5,463.48,115.084536,35.398491,612.97,-0.00000000
2018,12,6,556.18,115.084974,35.399198,612.97,0.00061780
2018,12,7,648.88,115.085412,35.399906,612.97,0.00123723
2018,12,8,741.57,115.085641,35.400674,642.87,0.00123887
2018,120,0,0.00,115.211495,35.420886,164.46,-0.00844561
2018,120,1,70.98,115.211199,35.420347,553.17,-0.00808530
2018,120,2,141.97,115.210417,35.420347,612.97,-0.00772498
2018,122,0,0.00,115.233594,35.419808,478.42,-0.00891470
2018,122,1,34.27,115.233624,35.420108,328.91,-0.00879756
2018,122,2,68.54,115.233863,35.420347,358.81,-0.00868041
2018,123,0,0.00,115.233594,35.419808,897.03,0.00190399
2018,123,1,95.73,115.233863,35.419024,762.48,0.00203730
2018,123,2,191.46,115.234402,35.418461,672.77,0.00217061
2018,124,0,0.00,115.227935,35.419808,343.86,-0.00172063
2018,124,1,87.86,115.227396,35.420442,254.16,-0.00175111
2018,124,2,175.72,115.227126,35.421156,627.92,-0.00178158
2018,125,0,0.00,115.227935,35.419808,373.76,-0.00298809
2018,125,1,87.59,115.228644,35.420248,239.21,-0.00294662
2018,125,2,175.18,115.229552,35.420347,313.96,-0.00290515
2018,127,0,0.00,115.227126,35.421156,239.21,-0.00322299
2018,127,1,92.74,115.227872,35.421632,299.01,-0.00336546
2018,127,2,185.49,115.228857,35.421695,343.86,-0.00196018
2018,127,3,278.23,115.229878,35.421695,343.86,0.00072529
2018,127,4,370.98,115.230899,35.421695,313.96,0.00093151
2018,127,5,463.72,115.231764,35.421964,224.26,-0.00093151
2018,127,6,556.46,115.232785,35.421964,284.06,-0.00186301
2018,128,0,0.00,115.233863,35.420347,403.66,0.00223479
2018,128,1,70.20,115.234452,35.420666,299.01,0.00213683
2018,128,2,140.39,115.234941,35.421156,463.47,0.00203887
2018,129,0,0.00,115.233863,35.420347,1794.06,-0.00173972
2018,129,1,71.45,115.233365,35.420845,1405.35,-0.00199297
2018,129,2,142.91,115.233055,35.421399,897.03,-0.00132647
2018,129,3,214.36,115.232785,35.421964,1016.64,-0.00040672
2018,13,0,0.00,115.075670,35.383965,418.61,-0.00140751
2018,13,1,98.59,115.075400,35.383156,373.76,-0.00109350
2018,13,2,197.18,115.074862,35.382425,328.91,-0.00023668
2018,13,3,295.77,115.074442,35.381659,328.91,-0.00000000
2018,13,4,394.36,115.073963,35.380910,343.86,-0.00015307
2018,13,5,492.95,115.073484,35.380162,284.06,-0.00000000
2018,13,6,591.54,115.073005,35.379413,284.06,0.00000000
2018,13,7,690.13,115.072526,35.378665,239.21,0.00000000
2018,13,8,788.72,115.072047,35.377916,179.41,0.00000000
2018,13,9,887.31,115.071568,35.377168,194.36,-0.00000000
2018,13,10,985.90,115.071089,35.376419,179.41,0.00000000
2018,131,0,0.00,115.232785,35.421964,299.01,-0.00595898
2018,131,1,88.87,115.233608,35.422234,448.52,-0.00652557
2018,131,2,177.75,115.234322,35.421775,1240.89,-0.00414035
2018,131,3,266.62,115.234941,35.421156,1794.06,-0.00118855
2018,133,0,0.00,115.234941,35.421156,418.61,0.00128946
2018,133,1,94.67,115.235799,35.421474,403.66,0.00064473
2018,133,2,189.34,115.236558,35.421964,388.71,-0.00064473
2018,133,3,284.01,115.237416,35.422283,358.81,0.00000000
2018,133,4,378.68,115.238274,35.422602,358.81,0.00127322
2018,133,5,473.35,115.239033,35.423091,358.81,0.00062849
2018,133,6,568.03,115.239792,35.423581,373.76,-0.00062849
2018,133,7,662.70,115.240551,35.424071,403.66,-0.00127322
2018,133,8,757.37,115.241409,35.424389,448.52,-0.00128946
2018,134,0,0.00,115.241409,35.424389,642.87,-0.00524819
2018,134,1,95.06,115.241864,35.425113,433.57,-0.00458142
2018,134,2,190.12,115.242862,35.425198,508.32,-0.00127922
2018,134,3,285.18,115.243752,35.425467,627.92,0.00067810
2018,134,4,380.25,115.244643,35.425737,717.63,-0.00000000
2018,135,0,0.00,115.241409,35.424389,1794.06,0.00000000
2018,135,1,77.28,115.241948,35.423851,1719.31,-0.00000000
2018,135,2,154.56,115.242487,35.423312,1196.04,-0.00000000
2018,135,3,231.84,115.243026,35.422773,747.53,-0.00000000
2018,136,0,0.00,115.244643,35.425737,627.92,0.00038427
2018,136,1,93.44,115.245360,35.426276,657.82,0.00113696
2018,136,2,186.88,115.246045,35.426870,553.17,0.00056749
2018,136,3,280.32,115.246489,35.427582,553.17,-0.00155758
2018,136,4,373.75,115.247239,35.428063,583.07,-0.00118024
2018,136,5,467.19,115.247990,35.428544,642.87,0.00000000
2018,136,6,560.63,115.248740,35.429025,672.77,0.00022488
2018,136,7,654.07,115.249491,35.429506,672.77,-0.00000000
2018,136,8,747.51,115.250206,35.430049,672.77,-0.00045410
2018,136,9,840.95,115.250992,35.430469,687.72,0.00061275
2018,136,10,934.38,115.251742,35.430950,687.72,0.00022922
2018,136,11,1027.82,115.252394,35.431601,732.58,-0.00192084
2018,136,12,1121.26,115.253243,35.431912,732.58,-0.00048923
2018,136,13,1214.70,115.254093,35.432222,777.43,0.00066212
2018,136,14,1308.14,115.254820,35.432744,747.53,-0.00113566
2018,136,15,1401.58,115.255692,35.433013,852.18,-0.00195783
2018,137,0,0.00,115.244643,35.425737,1794.06,-0.00333394
2018,137,1,64.17,115.244913,35.425237,1151.19,-0.00323971
2018,137,2,128.34,115.244913,35.424659,911.98,-0.00314547
2018,138,0,0.00,115.243026,35.422773,433.57,0.00533791
2018,138,1,79.42,115.243778,35.422985,433.57,0.00546515
2018,138,2,158.84,115.244104,35.423605,493.37,0.00159497
2018,138,3,238.26,115.244374,35.424243,747.53,-0.00279619
2018,138,4,317.68,115.244913,35.424659,762.48,-0.00318994
2018,139,0,0.00,115.243026,35.422773,568.12,-0.00321539
2018,139,1,96.03,115.242565,35.422042,358.81,-0.00281394
2018,139,2,192.06,115.241709,35.421695,373.76,-0.00127516
2018,139,3,288.08,115.240929,35.421214,358.81,-0.00062630
2018,139,4,384.11,115.240062,35.420886,343.86,-0.00111476
2018,14,0,0.00,115.075670,35.383965,1031.59,-0.00115125
2018,14,1,92.24,115.075027,35.384609,882.08,-0.00118223
2018,14,2,184.49,115.074592,35.385313,747.53,-0.00121321
2018,140,0,0.00,115.255692,35.433013,1390.40,-0.00434588
2018,140,1,95.73,115.255735,35.433864,971.78,-0.00510741
2018,140,2,191.46,115.256501,35.434361,792.38,-0.00398522
2018,140,3,287.19,115.257366,35.434687,822.28,-0.00125885
2018,140,4,382.92,115.258298,35.434900,867.13,0.00000041
2018,140,5,478.65,115.259196,35.435169,1136.24,0.00041702
2018,141,0,0.00,115.255692,35.433013,1794.06,0.00000000
2018,141,1,94.02,115.256348,35.432358,1794.06,-0.00000000
2018,141,2,188.04,115.257004,35.431702,1794.06,0.00163270
2018,141,3,282.06,115.257660,35.431046,1106.34,0.00499668
2018,141,4,376.08,115.258586,35.430857,807.33,0.00497855
2018,141,5,470.10,115.259465,35.431127,837.23,0.00322914
2018,143,0,0.00,115.244913,35.424659,1240.89,-0.00174830
2018,143,1,75.09,115.245436,35.424135,956.83,-0.00087415
2018,143,2,150.19,115.245752,35.423551,403.66,0.00087415
2018,143,3,225.28,115.246275,35.423027,104.65,0.00087415
2018,143,4,300.38,115.246799,35.422503,149.51,0.00000000
2018,144,0,0.00,115.259196,35.435169,1330.60,0.00000000
2018,144,1,91.45,115.259196,35.434345,1360.50,0.00000000
2018,144,2,182.90,115.259196,35.433521,1420.30,0.00000000
2018,144,3,274.34,115.259196,35.432697,1360.50,0.00076327
2018,144,4,365.79,115.259196,35.431872,926.93,0.00157283
2018,144,5,457.24,115.259465,35.431127,747.53,0.00161911
2018,145,0,0.00,115.259196,35.435169,971.78,-0.00202253
2018,145,1,75.34,115.259820,35.435524,941.88,-0.00202625
2018,145,2,150.69,115.260543,35.435708,1046.54,-0.00202998
2018,146,0,0.00,115.259465,35.431127,792.38,-0.00000000
2018,146,1,43.79,115.259870,35.430992,926.93,-0.00000000
2018,146,2,87.58,115.260274,35.430857,837.23,-0.00000000
2018,148,0,0.00,115.246799,35.422503,762.48,0.00372865
2018,148,1,95.01,115.247845,35.422503,657.82,0.00344437
2018,148,2,190.02,115.248580,35.423042,672.77,0.00140980
2018,148,3,285.02,115.249380,35.423467,583.07,-0.00055164
2018,148,4,380.03,115.250141,35.423959,598.02,0.00019159
2018,148,5,475.04,115.251002,35.424280,583.07,0.00062382
2018,148,6,570.05,115.251672,35.424928,657.82,0.00064278
2018,148,7,665.06,115.252525,35.425264,642.87,-0.00063740
2018,148,8,760.06,115.252979,35.425988,687.72,-0.00249368
2018,148,9,855.07,115.254014,35.426006,657.82,0.00049699
2018,148,10,950.08,115.254798,35.426459,672.77,0.00127792
2018,148,11,1045.09,115.255559,35.426951,672.77,-0.00101214
2018,148,12,1140.10,115.256420,35.427273,657.82,-0.00000000
2018,148,13,1235.10,115.257263,35.427623,657.82,0.00104630
2018,148,14,1330.11,115.258041,35.428086,672.77,0.00121555
2018,148,15,1425.12,115.258803,35.428578,687.72,0.00124650
2018,148,16,1520.13,115.259465,35.429240,717.63,0.00109704
2018,149,0,0.00,115.246799,35.422503,792.38,-0.00120908
2018,149,1,90.59,115.246167,35.421871,433.57,-0.00194763
2018,149,2,181.19,115.245437,35.421410,508.32,-0.00117165
2018,149,3,271.78,115.244607,35.421120,433.57,0.00008586
2018,149,4,362.37,115.243901,35.420617,433.57,-0.00104924
2018,149,5,452.96,115.243059,35.420347,433.57,-0.00096366
2018,149,6,543.56,115.242218,35.420078,433.57,-0.00000000
2018,15,0,0.00,115.085641,35.400674,687.72,0.00159886
2018,15,1,95.65,115.086407,35.401170,612.97,0.00165949
2018,15,2,191.29,115.086989,35.401862,598.02,0.00118982
2018,15,3,286.94,115.087533,35.402565,598.02,0.00013929
2018,15,4,382.58,115.087991,35.403293,612.97,-0.00032976
2018,15,5,478.23,115.088606,35.403976,598.02,0.00072403
2018,15,6,573.87,115.089117,35.404688,583.07,0.00078534
2018,15,7,669.52,115.089414,35.405463,538.22,-0.00073705
2018,15,8,765.17,115.089953,35.406168,568.12,-0.00065907
2018,15,9,860.81,115.090492,35.406872,598.02,0.00000000
2018,150,0,0.00,115.260543,35.435708,1674.46,0.00369313
2018,150,1,53.59,115.260709,35.435274,1794.06,0.00358582
2018,150,2,107.17,115.261082,35.434900,1794.06,0.00347850
2018,151,0,0.00,115.260543,35.435708,1031.59,0.00245010
2018,151,1,90.63,115.261176,35.436340,1031.59,0.00065490
2018,151,2,181.27,115.261391,35.437094,956.83,-0.00167677
2018,151,3,271.90,115.262122,35.437556,971.78,0.00057015
2018,151,4,362.53,115.262699,35.438204,956.83,0.00263364
2018,151,5,453.16,115.262969,35.438942,1001.69,0.00191374
2018,152,0,0.00,115.260543,35.430588,403.66,-0.00000000
2018,152,1,19.32,115.260409,35.430723,358.81,-0.00000000
2018,152,2,38.64,115.260274,35.430857,598.02,-0.00000000
2018,153,0,0.00,115.260274,35.430857,687.72,-0.00169079
2018,153,1,73.78,115.260274,35.431522,807.33,-0.00411637
2018,153,2,147.56,115.260469,35.432130,941.88,-0.00572919
2018,153,3,221.35,115.261082,35.432474,956.83,-0.00491642
2018,154,0,0.00,115.260543,35.430588,822.28,0.00000000
2018,154,1,36.71,115.260948,35.430588,822.28,0.00000000
2018,154,2,73.42,115.261352,35.430588,986.73,0.00000000
2018,155,0,0.00,115.260543,35.430588,702.67,0.00000000
2018,155,1,49.22,115.260409,35.430184,762.48,0.00000000
2018,155,2,98.44,115.260274,35.429779,702.67,0.00000000
2018,156,0,0.00,115.259465,35.429240,717.63,-0.00395793
2018,156,1,50.87,115.259820,35.429595,762.48,-0.00417183
2018,156,2,101.75,115.260274,35.429779,672.77,-0.00438572
2018,157,0,0.00,115.259465,35.429240,642.87,0.00603309
2018,157,1,75.35,115.260139,35.428971,672.77,0.00603309
2018,157,2,150.69,115.260813,35.429240,583.07,0.00603309
2018,158,0,0.00,115.261082,35.434900,1659.51,-0.00140637
2018,158,1,87.50,115.261792,35.434460,1674.46,-0.00135212
2018,158,2,175.01,115.262402,35.433850,1136.24,-0.00185688
2018,158,3,262.51,115.263012,35.433239,598.02,-0.00439353
2018,158,4,350.01,115.263238,35.432517,971.78,-0.00652244
2018,158,5,437.51,115.262870,35.431836,852.18,-0.00479698
2018,158,6,525.02,115.262160,35.431396,986.73,-0.00292025
2018,159,0,0.00,115.261082,35.434900,1330.60,0.00000000
2018,159,1,89.70,115.261082,35.434091,1300.70,0.00000000
2018,159,2,179.40,115.261082,35.433283,1225.94,0.00000000
2018,159,3,269.10,115.261082,35.432474,1166.14,0.00000000
2018,16,0,0.00,115.085641,35.400674,1629.61,-0.00000000
2018,16,1,75.10,115.085118,35.401198,1420.30,-0.00000000
2018,16,2,150.20,115.084594,35.401721,1315.65,-0.00087414
2018,16,3,225.30,115.084070,35.402245,1046.54,-0.00180023
2018,16,4,300.40,115.083755,35.402830,926.93,-0.00185219
2018,160,0,0.00,115.262969,35.438942,1001.69,0.00203629
2018,160,1,94.66,115.263855,35.439212,926.93,0.00182383
2018,160,2,189.33,115.264586,35.439751,837.23,0.00097851
2018,160,3,283.99,115.265345,35.440240,822.28,0.00041944
2018,160,4,378.66,115.266047,35.440829,792.38,0.00048580
2018,160,5,473.32,115.266765,35.441390,777.43,0.00055252
2018,160,6,567.99,115.267425,35.442051,747.53,0.00031334
2018,160,7,662.65,115.268085,35.442711,747.53,-0.00000000
2018,160,8,757.32,115.268745,35.443371,747.53,0.00054587
2018,160,9,851.98,115.269406,35.444032,717.63,-0.00035461
2018,160,10,946.65,115.269858,35.444753,687.72,-0.00156330
2018,160,11,1041.31,115.270676,35.445141,657.82,0.00127304
2018,160,12,1135.98,115.271323,35.445748,627.92,0.00317459
2018,160,13,1230.64,115.271619,35.446514,627.92,0.00138801
2018,160,14,1325.31,115.271862,35.447297,612.97,0.00029855
2018,161,0,0.00,115.262969,35.438942,1794.06,-0.00000000
2018,161,1,90.97,115.262334,35.439577,1794.06,-0.00000000
2018,161,2,181.94,115.261700,35.440211,1794.06,0.00000000
2018,161,3,272.91,115.261065,35.440846,1794.06,-0.00059101
2018,161,4,363.88,115.260431,35.441480,1151.19,-0.00376770
2018,161,5,454.85,115.260004,35.442176,956.83,-0.00559942
2018,161,6,545.83,115.260430,35.442871,807.33,-0.00194136
2018,161,7,636.80,115.260813,35.443579,747.53,0.00164958
2018,161,8,727.77,115.261082,35.444321,627.92,0.00193956
2018,161,9,818.74,115.261082,35.445141,538.22,0.00154269
2018,163,0,0.00,115.261082,35.432474,897.03,0.00000000
2018,163,1,38.64,115.261352,35.432205,1001.69,0.00000000
2018,163,2,77.28,115.261621,35.431935,612.97,0.00000000
2018,164,0,0.00,115.261352,35.430588,672.77,0.00000000
2018,164,1,19.32,115.261487,35.430723,672.77,0.00000000
2018,164,2,38.64,115.261621,35.430857,672.77,0.00000000
2018,165,0,0.00,115.261352,35.430588,687.72,-0.00378965
2018,165,1,83.49,115.261352,35.429835,672.77,-0.00382095
2018,165,2,166.98,115.260813,35.429240,568.12,-0.00385224
2018,166,0,0.00,115.261621,35.430857,986.73,0.01004824
2018,166,1,46.50,115.262045,35.431011,822.28,0.00980504
2018,166,2,93.01,115.262160,35.431396,642.87,0.00956185
2018,167,0,0.00,115.261621,35.430857,299.01,-0.00566747
2018,167,1,68.54,115.261352,35.431396,627.92,-0.00566747
2018,167,2,137.08,115.261621,35.431935,926.93,-0.00566747
2018,169,0,0.00,115.260274,35.429779,1046.54,0.00000000
2018,169,1,38.64,115.260543,35.429510,358.81,0.00000000
2018,169,2,77.28,115.260813,35.429240,299.01,0.00000000
2018,17,0,0.00,115.071089,35.376419,224.26,0.01004571
2018,17,1,46.52,115.070666,35.376266,179.41,0.00980336
2018,17,2,93.04,115.070550,35.375880,971.78,0.00956100
2018,173,0,0.00,115.262160,35.431396,538.22,-0.00000000
2018,173,1,38.64,115.261891,35.431666,343.86,-0.00000000
2018,173,2,77.28,115.261621,35.431935,612.97,-0.00000000
2018,174,0,0.00,115.271862,35.447297,687.72,0.00142654
2018,174,1,91.37,115.272598,35.447763,702.67,0.00307691
2018,174,2,182.74,115.273210,35.448408,583.07,0.00351127
2018,174,3,274.10,115.273247,35.449221,598.02,0.00125790
2018,174,4,365.47,115.273479,35.449976,508.32,0.00076446
2018,174,5,456.84,115.273479,35.450800,508.32,0.00130840
2018,175,0,0.00,115.271862,35.447297,1450.20,0.00000000
2018,175,1,91.93,115.271221,35.447938,1584.76,-0.00010083
2018,175,2,183.86,115.270580,35.448579,1360.50,-0.00197790
2018,175,3,275.79,115.269976,35.449231,702.67,-0.00381498
2018,175,4,367.72,115.269976,35.450060,523.27,-0.00434800
2018,175,5,459.65,115.270044,35.450868,478.42,-0.00476461
2018,175,6,551.58,115.270784,35.451339,583.07,-0.00470903
2018,176,0,0.00,115.261082,35.445141,642.87,-0.00000000
2018,176,1,50.87,115.261487,35.445410,642.87,-0.00000000
2018,176,2,101.74,115.261891,35.445680,642.87,-0.00000000
2018,177,0,0.00,115.261082,35.445141,478.42,0.00578101
2018,177,1,56.02,115.260621,35.445410,433.57,0.00553693
2018,177,2,112.04,115.260004,35.445410,612.97,0.00529286
2018,178,0,0.00,115.273479,35.450800,493.37,-0.00000000
2018,178,1,19.32,115.273614,35.450935,717.63,-0.00000000
2018,178,2,38.63,115.273749,35.451069,717.63,-0.00000000
2018,179,0,0.00,115.273479,35.450800,1734.26,0.00000000
2018,179,1,91.00,115.272477,35.450800,1794.06,-0.00203924
2018,179,2,182.00,115.271474,35.450800,807.33,-0.00418705
2018,179,3,273.00,115.270784,35.451339,732.58,-0.00429563
2018,18,0,0.00,115.071089,35.376419,1001.69,0.00532924
2018,18,1,63.14,115.071529,35.375979,1181.09,0.00552556
2018,18,2,126.27,115.072167,35.375880,807.33,0.00572188
2018,180,0,0.00,115.273749,35.451069,642.87,0.00208324
2018,180,1,78.50,115.273749,35.451777,478.42,0.00325700
2018,180,2,157.00,115.273479,35.452406,433.57,0.00326271
2018,180,3,235.50,115.272940,35.452956,642.87,0.00209466
2018,181,0,0.00,115.273749,35.451069,1704.36,0.00000000
2018,181,1,24.47,115.274018,35.451069,1644.56,0.00000000
2018,181,2,48.93,115.274288,35.451069,1584.76,0.00000000
2018,182,0,0.00,115.270784,35.451339,478.42,-0.00261587
2018,182,1,93.97,115.270784,35.452186,463.47,-0.00317598
2018,182,2,187.93,115.271261,35.452894,702.67,-0.00290190
2018,182,3,281.90,115.271916,35.453549,837.23,-0.00163931
2018,182,4,375.87,115.272671,35.454034,1076.44,-0.00121089
2018,184,0,0.00,115.261891,35.445680,598.02,0.00181234
2018,184,1,88.47,115.262299,35.446358,583.07,0.00135726
2018,184,2,176.94,115.262430,35.447117,508.32,-0.00000000
2018,184,3,265.41,115.262699,35.447836,493.37,-0.00090218
2018,185,0,0.00,115.261891,35.445680,269.11,0.00000000
2018,185,1,38.64,115.262160,35.445410,299.01,0.00000000
2018,185,2,77.27,115.262430,35.445141,104.65,0.00000000
2018,186,0,0.00,115.272940,35.452956,598.02,0.00314451
2018,186,1,64.17,115.272940,35.453534,478.42,0.00323867
2018,186,2,128.33,115.272671,35.454034,508.32,0.00333283
2018,187,0,0.00,115.272940,35.452956,747.53,0.00000000
2018,187,1,77.27,115.272401,35.452417,747.53,0.00000000
2018,187,2,154.54,115.271862,35.451878,478.42,0.00000000
2018,188,0,0.00,115.274288,35.451069,732.58,0.00000000
2018,188,1,57.95,115.274692,35.451474,732.58,0.00000000
2018,188,2,115.90,115.275096,35.451878,792.38,0.00000000
2018,189,0,0.00,115.274288,35.451069,1151.19,0.00003511
2018,189,1,97.01,115.274964,35.450393,1136.24,0.00230215
2018,189,2,194.02,115.275644,35.449722,1196.04,0.00454382
2018,189,3,291.04,115.276713,35.449722,164.46,0.00451845
2018,19,0,0.00,115.090492,35.406872,568.12,0.00115948
2018,19,1,93.74,115.090729,35.407648,627.92,-0.00000000
2018,19,2,187.47,115.090762,35.408483,568.12,-0.00117211
2018,19,3,281.21,115.091202,35.409199,299.01,-0.00174382
2018,19,4,374.95,115.091439,35.409975,239.21,-0.00232506
2018,19,5,468.68,115.092192,35.410458,224.26,-0.00117362
2018,19,6,562.42,115.092845,35.411112,194.36,-0.00092545
2018,19,7,656.16,115.093598,35.411595,209.31,-0.00190840
2018,19,8,749.89,115.094400,35.411993,164.46,-0.00323011
2018,19,9,843.63,115.095300,35.412219,523.27,-0.00392456
2018,19,10,937.37,115.096152,35.411993,807.33,-0.00335477
2018,190,0,0.00,115.272671,35.454034,478.42,0.00000000
2018,190,1,82.23,115.272671,35.454775,478.42,0.00000000
2018,190,2,164.45,115.272671,35.455516,478.42,0.00000000
2018,190,3,246.68,115.272671,35.456257,657.82,0.00000000
2018,190,4,328.90,115.272671,35.456998,598.02,0.00000000
2018,192,0,0.00,115.262699,35.447836,448.52,0.00351223
2018,192,1,68.25,115.263451,35.447836,508.32,0.00369981
2018,192,2,136.50,115.264047,35.448105,598.02,0.00388738
2018,193,0,0.00,115.262699,35.447836,478.42,-0.00275243
2018,193,1,87.85,115.262895,35.448570,463.47,-0.00268177
2018,193,2,175.70,115.263508,35.449183,493.37,-0.00261112
2018,194,0,0.00,115.275096,35.451878,1121.29,0.00441781
2018,194,1,87.57,115.275905,35.451608,627.92,0.00441781
2018,194,2,175.13,115.276713,35.451878,598.02,0.00441781
2018,195,0,0.00,115.275096,35.451878,792.38,-0.00105188
2018,195,1,96.98,115.275773,35.452554,986.73,-0.00109269
2018,195,2,193.95,115.276548,35.453060,732.58,0.00052594
2018,195,3,290.93,115.277323,35.453566,642.87,0.00215935
2018,195,4,387.90,115.277791,35.454303,627.92,0.00213331
2018,196,0,0.00,115.272671,35.456998,1614.66,0.00184916
2018,196,1,93.08,115.271645,35.456998,1300.70,0.00194552
2018,196,2,186.16,115.270776,35.456729,1136.24,0.00102094
2018,196,3,279.25,115.269907,35.456459,1046.54,0.00113693
2018,196,4,372.33,115.269038,35.456190,702.67,0.00308849
2018,196,5,465.41,115.268337,35.455629,687.72,0.00283153
2018,196,6,558.49,115.267896,35.454919,657.82,0.00087998
2018,196,7,651.57,115.267455,35.454209,612.97,0.00049184
2018,196,8,744.65,115.267015,35.453498,403.66,0.00122637
2018,196,9,837.74,115.266742,35.452739,418.61,0.00024095
2018,196,10,930.82,115.266550,35.451956,493.37,-0.00122637
2018,196,11,1023.90,115.266110,35.451246,538.22,-0.00375340
2018,196,12,1116.98,115.265669,35.450536,478.42,-0.00497060
2018,196,13,1210.06,115.264647,35.450530,358.81,-0.00094786
2018,196,14,1303.14,115.263777,35.450261,373.76,0.00200427
2018,197,0,0.00,115.272671,35.456998,568.12,-0.00000000
2018,197,1,98.51,115.272940,35.457808,523.27,0.00069439
2018,197,2,197.02,115.273210,35.458617,523.27,0.00069439
2018,197,3,295.54,115.273210,35.459505,538.22,-0.00086173
2018,197,4,394.05,115.273479,35.460314,478.42,-0.00195417
2018,197,5,492.56,115.273812,35.461104,478.42,-0.00196276
2018,197,6,591.07,115.274500,35.461792,463.47,-0.00036692
2018,197,7,689.58,115.275187,35.462479,403.66,0.00050339
2018,197,8,788.10,115.275665,35.463227,358.81,-0.00050339
2018,197,9,886.61,115.276353,35.463914,328.91,-0.00050339
2018,197,10,985.12,115.277040,35.464602,313.96,-0.00050928
2018,197,11,1083.63,115.277727,35.465289,299.01,-0.00070412
2018,197,12,1182.15,115.278513,35.465805,313.96,-0.00101530
2018,197,13,1280.66,115.279236,35.466431,328.91,-0.00130926
2018,197,14,1379.17,115.280166,35.466700,328.91,-0.00022268
2018,197,15,1477.68,115.280970,35.467184,328.91,0.00037775
2018,197,16,1576.19,115.281855,35.467530,299.01,0.00068964
2018,197,17,1674.71,115.282641,35.468047,328.91,-0.00000000
2018,197,18,1773.22,115.283427,35.468564,328.91,-0.00068519
2018,197,19,1871.73,115.284312,35.468909,313.96,0.00000000
2018,197,20,1970.24,115.285116,35.469395,313.96,0.00078733
2018,197,21,2068.75,115.285983,35.469772,388.71,0.00163563
2018,197,22,2167.27,115.286671,35.470459,328.91,0.00044620
2018,197,23,2265.78,115.287358,35.471146,328.91,-0.00105762
2018,197,24,2364.29,115.288144,35.471663,358.81,-0.00054834
2018,197,25,2462.80,115.288930,35.472180,358.81,0.00000000
2018,197,26,2561.32,115.289716,35.472696,433.57,0.00000000
2018,197,27,2659.83,115.290502,35.473213,478.42,0.00000000
2018,197,28,2758.34,115.291288,35.473729,478.42,-0.00000000
2018,197,29,2856.85,115.292074,35.474246,478.42,-0.00000000
2018,198,0,0.00,115.263508,35.449183,343.86,-0.00314464
2018,198,1,64.17,115.263508,35.449761,328.91,-0.00323881
2018,198,2,128.33,115.263777,35.450261,373.76,-0.00333297
2018,199,0,0.00,115.263508,35.449183,269.11,0.00000000
2018,199,1,19.32,115.263643,35.449048,269.11,0.00000000
2018,199,2,38.63,115.263777,35.448914,149.51,0.00000000
2018,2,0,0.00,115.080252,35.391511,612.97,-0.00340328
2018,2,1,68.55,115.080252,35.390893,568.12,-0.00426862
2018,2,2,137.09,115.079921,35.390372,553.17,-0.00330340
2018,2,3,205.64,115.079443,35.389894,508.32,-0.00147284
2018,20,0,0.00,115.090492,35.406872,1390.40,0.00485244
2018,20,1,85.98,115.091191,35.406762,732.58,0.00390611
2018,20,2,171.95,115.091918,35.407142,627.92,0.00109671
2018,20,3,257.93,115.092708,35.407411,612.97,0.00110937
2018,20,4,343.91,115.093483,35.407707,299.01,0.00319505
2018,20,5,429.88,115.094083,35.408307,239.21,0.00190002
2018,20,6,515.86,115.094535,35.408950,254.16,-0.00008576
2018,20,7,601.84,115.095074,35.409567,179.41,-0.00056657
2018,200,0,0.00,115.263777,35.450261,164.46,0.00921235
2018,200,1,43.78,115.263451,35.450530,313.96,0.00902388
2018,200,2,87.57,115.262969,35.450530,284.06,0.00883540
2018,202,0,0.00,115.292074,35.474246,508.32,-0.00215807
2018,202,1,90.66,115.292917,35.474515,598.02,-0.00107903
2018,202,2,181.31,115.293916,35.474515,388.71,0.00114078
2018,202,3,271.97,115.294759,35.474785,299.01,0.00321493
2018,202,4,362.63,115.295593,35.475069,328.91,0.00398893
2018,202,5,453.28,115.296017,35.475763,403.66,0.00256075
2018,202,6,543.94,115.296440,35.476456,598.02,0.00129250
2018,202,7,634.59,115.296656,35.477210,687.72,0.00129307
2018,203,0,0.00,115.292074,35.474246,882.08,-0.00265624
2018,203,1,95.85,115.292074,35.475110,672.77,-0.00202697
2018,203,2,191.70,115.292577,35.475827,687.72,-0.00057955
2018,203,3,287.55,115.292829,35.476617,418.61,-0.00286883
2018,203,4,383.40,115.293289,35.477347,299.01,-0.00402871
2018,203,5,479.25,115.294268,35.477480,568.12,-0.00185522
2018,203,6,575.10,115.295022,35.478002,463.47,-0.00504656
2018,203,7,670.95,115.295987,35.477879,1210.99,-0.00606052
2018,203,8,766.80,115.296656,35.477210,1794.06,-0.00365719
2018,204,0,0.00,115.296656,35.477210,583.07,-0.00000000
2018,204,1,74.87,115.297277,35.477562,583.07,0.00285467
2018,204,2,149.74,115.297898,35.477914,598.02,0.00556085
2018,204,3,224.60,115.298003,35.478558,732.58,0.00541238
2018,205,0,0.00,115.298003,35.478558,627.92,0.00016941
2018,205,1,91.09,115.298935,35.478681,598.02,0.00174971
2018,205,2,182.17,115.299854,35.478827,478.42,0.00321262
2018,205,3,273.26,115.300546,35.479366,448.52,0.00154762
2018,205,4,364.35,115.301237,35.479905,448.52,0.00000000
2018,206,0,0.00,115.298003,35.478558,1315.65,0.00000000
2018,206,1,38.63,115.297734,35.478827,1016.64,0.00000000
2018,206,2,77.26,115.297464,35.479097,1480.10,0.00000000
2018,207,0,0.00,115.301237,35.479905,448.52,0.00433936
2018,207,1,68.53,115.301715,35.480383,493.37,0.00439780
2018,207,2,137.06,115.301776,35.480983,553.17,0.00445623
2018,208,0,0.00,115.301237,35.479905,1794.06,0.00000000
2018,208,1,77.26,115.300698,35.480444,1599.71,0.00000000
2018,208,2,154.51,115.300159,35.480983,1151.19,-0.00000000
2018,208,3,231.77,115.299620,35.481522,523.27,0.00000000
2018,208,4,309.03,115.299081,35.482061,553.17,0.00000000
2018,209,0,0.00,115.297464,35.479097,627.92,0.00349500
2018,209,1,68.53,115.297734,35.479636,702.67,0.00566509
2018,209,2,137.06,115.297673,35.480236,1166.14,0.00608728
2018,209,3,205.59,115.297195,35.480714,538.22,0.00433937
2018,21,0,0.00,115.070550,35.375880,448.52,0.00576368
2018,21,1,75.38,115.069728,35.375867,343.86,0.00573566
2018,21,2,150.76,115.069202,35.375341,792.38,0.00570764
2018,210,0,0.00,115.297464,35.479097,1480.10,-0.00227995
2018,210,1,79.59,115.296909,35.479652,1031.59,-0.00566839
2018,210,2,159.18,115.296656,35.480296,612.97,-0.00826632
2018,210,3,238.77,115.297195,35.480714,598.02,-0.00747580
2018,211,0,0.00,115.301776,35.480983,538.22,0.00200774
2018,211,1,89.44,115.302762,35.480983,418.61,0.00270193
2018,211,2,178.88,115.303591,35.481253,343.86,0.00315095
2018,211,3,268.32,115.304340,35.481661,269.11,0.00210924
2018,211,4,357.77,115.304964,35.482285,269.11,0.00017347
2018,211,5,447.21,115.305611,35.482870,269.11,-0.00033553
2018,211,6,536.65,115.306311,35.483362,269.11,0.00062028
2018,211,7,626.09,115.306935,35.483986,313.96,0.00108528
2018,211,8,715.53,115.307559,35.484610,299.01,0.00125818
2018,211,9,804.97,115.307974,35.485295,448.52,0.00129165
2018,212,0,0.00,115.301776,35.480983,1794.06,-0.00173988
2018,212,1,71.44,115.301278,35.481482,1016.64,-0.00199278
2018,212,2,142.88,115.300968,35.482035,583.07,-0.00132589
2018,212,3,214.31,115.300698,35.482600,463.47,-0.00040611
2018,213,0,0.00,115.299081,35.482061,478.42,0.00253640
2018,213,1,80.69,115.298348,35.481792,463.47,0.00266061
2018,213,2,161.37,115.297758,35.481277,463.47,0.00159938
2018,213,3,242.06,115.297195,35.480714,583.07,0.00041393
2018,214,0,0.00,115.299081,35.482061,448.52,-0.00460910
2018,214,1,87.54,115.299733,35.482600,493.37,-0.00451484
2018,214,2,175.08,115.300698,35.482600,747.53,-0.00442059
2018,217,0,0.00,115.307974,35.485295,1614.66,0.00342259
2018,217,1,90.28,115.307345,35.485925,1151.19,0.00525793
2018,217,2,180.56,115.306453,35.486104,538.22,0.00517187
2018,217,3,270.84,115.305615,35.485834,328.91,0.00241453
2018,217,4,361.11,115.304763,35.485587,284.06,0.00130271
2018,217,5,451.39,115.304034,35.485128,254.16,0.00017219
2018,217,6,541.67,115.303255,35.484756,313.96,0.00008897
2018,217,7,631.95,115.302478,35.484380,239.21,0.00196093
2018,217,8,722.23,115.301776,35.483913,269.11,0.00205203
2018,217,9,812.51,115.301328,35.483230,299.01,-0.00000000
2018,217,10,902.78,115.300698,35.482600,553.17,-0.00104262
2018,218,0,0.00,115.307974,35.485295,418.61,-0.00142066
2018,218,1,98.75,115.308750,35.485834,388.71,-0.00078138
2018,218,2,197.49,115.309649,35.486161,373.76,0.00000000
2018,218,3,296.24,115.310437,35.486680,373.76,-0.00052029
2018,218,4,394.99,115.311323,35.487027,313.96,-0.00059846
2018,218,5,493.73,115.312210,35.487375,313.96,-0.00027938
2018,218,6,592.48,115.313098,35.487721,299.01,-0.00057782
2018,218,7,691.23,115.314030,35.487990,299.01,-0.00062087
2018,218,8,789.97,115.314969,35.488248,299.01,-0.00082110
2018,218,9,888.72,115.315955,35.488425,284.06,-0.00020268
2018,218,10,987.47,115.316982,35.488529,299.01,0.00086291
2018,218,11,1086.21,115.317914,35.488799,299.01,0.00055980
2018,218,12,1184.96,115.318846,35.489068,269.11,0.00000000
2018,218,13,1283.70,115.319778,35.489338,269.11,-0.00073759
2018,218,14,1382.45,115.320711,35.489607,269.11,-0.00047849
2018,218,15,1481.20,115.321769,35.489658,254.16,0.00056360
2018,218,16,1579.94,115.322656,35.490006,269.11,-0.00082762
2018,218,17,1678.69,115.323663,35.490146,269.11,-0.00154670
2018,218,18,1777.44,115.324751,35.490146,239.21,-0.00041458
2018,218,19,1876.18,115.325839,35.490146,209.31,0.00000000
2018,218,20,1974.93,115.326927,35.490146,209.31,0.00000000
2018,218,21,2073.68,115.328016,35.490146,209.31,0.00000000
2018,218,22,2172.42,115.329104,35.490146,269.11,0.00000000
2018,218,23,2271.17,115.330192,35.490146,269.11,-0.00035086
2018,218,24,2369.92,115.331280,35.490146,358.81,0.00000000
2018,218,25,2468.66,115.332120,35.490037,373.76,-0.00015394
2018,218,26,2567.41,115.333144,35.490146,388.71,-0.00081866
2018,218,27,2666.16,115.334076,35.489877,388.71,0.00050480
2018,218,28,2764.90,115.335165,35.489877,388.71,0.00081866
2018,218,29,2863.65,115.336253,35.489877,388.71,0.00000000
2018,218,30,2962.40,115.337341,35.489877,388.71,-0.00053057
2018,218,31,3061.14,115.338429,35.489877,478.42,-0.00081866
2018,218,32,3159.89,115.339414,35.489698,463.47,0.00026499
2018,218,33,3258.63,115.340450,35.489607,478.42,0.00000000
2018,218,34,3357.38,115.341538,35.489607,538.22,-0.00145511
2018,218,35,3456.13,115.342470,35.489338,553.17,-0.00180407
2018,219,0,0.00,115.342470,35.489338,598.02,-0.00179423
2018,219,1,99.00,115.343405,35.489607,568.12,-0.00090434
2018,219,2,198.01,115.344496,35.489607,568.12,0.00000000
2018,219,3,297.01,115.345432,35.489874,538.22,-0.00080067
2018,219,4,396.02,115.346522,35.489877,508.32,-0.00081429
2018,219,5,495.02,115.347613,35.489877,478.42,0.00080789
2018,219,6,594.02,115.348704,35.489877,508.32,0.00117593
2018,219,7,693.03,115.349639,35.490146,508.32,0.00062971
2018,219,8,792.03,115.350666,35.490257,478.42,0.00108299
2018,219,9,891.04,115.351554,35.490607,493.37,0.00082021
2018,219,10,990.04,115.352443,35.490955,418.61,0.00059867
2018,219,11,1089.05,115.353331,35.491306,358.81,0.00274922
2018,219,12,1188.05,115.354121,35.491826,313.96,0.00390158
2018,219,13,1287.05,115.354394,35.492638,284.06,0.00105543
2018,219,14,1386.06,115.354597,35.493471,299.01,-0.00016211
2018,219,15,1485.06,115.355136,35.494207,328.91,0.00186413
2018,219,16,1584.07,115.355136,35.495099,299.01,0.00133592
2018,219,17,1683.07,115.355136,35.495991,269.11,0.00000000
2018,219,18,1782.07,115.355136,35.496884,299.01,0.00000000
2018,22,0,0.00,115.070550,35.375880,926.93,-0.00000000
2018,22,1,57.97,115.070954,35.375476,553.17,-0.00000000
2018,22,2,115.94,115.071358,35.375072,149.51,-0.00000000
2018,220,0,0.00,115.342470,35.489338,1539.90,0.00157638
2018,220,1,92.61,115.342200,35.488582,1539.90,0.00153154
2018,220,2,185.22,115.342200,35.487747,1061.49,0.00074335
2018,220,3,277.83,115.342200,35.486912,,0.00000000
2018,221,0,0.00,115.355136,35.496884,1285.75,-0.00206119
2018,221,1,92.67,115.356001,35.497153,687.72,-0.00196372
2018,221,2,185.34,115.357022,35.497153,74.75,-0.00186626
2018,222,0,0.00,115.355136,35.496884,328.91,0.00000000
2018,222,1,38.63,115.354867,35.497153,328.91,0.00000000
2018,222,2,77.25,115.354597,35.497423,299.01,0.00000000
2018,223,0,0.00,115.354597,35.497423,284.06,0.00128460
2018,223,1,99.49,115.354597,35.498319,209.31,0.00132233
2018,223,2,198.98,115.354328,35.499137,269.11,0.00091335
2018,223,3,298.47,115.354058,35.499955,194.36,0.00079059
2018,223,4,397.97,115.353698,35.500747,284.06,0.00091830
2018,223,5,497.46,115.353212,35.501502,313.96,0.00049540
2018,223,6,596.95,115.352711,35.502252,343.86,-0.00008213
2018,223,7,696.44,115.352172,35.502992,358.81,0.00009284
2018,223,8,795.93,115.351756,35.503767,418.61,0.00004111
2018,223,9,895.42,115.351094,35.504471,418.61,0.00022778
2018,223,10,994.91,115.350785,35.505277,433.57,0.00047493
2018,223,11,1094.40,115.350016,35.505808,433.57,-0.00096786
2018,223,12,1193.90,115.349714,35.506617,388.71,-0.00028556
2018,223,13,1293.39,115.349229,35.507372,448.52,0.00011229
2018,223,14,1392.88,115.348668,35.508105,448.52,-0.00129999
2018,223,15,1492.37,115.348399,35.508923,448.52,0.00065325
2018,223,16,1591.86,115.348129,35.509741,448.52,0.00160661
2018,223,17,1691.35,115.347396,35.510283,463.47,-0.00189611
2018,223,18,1790.84,115.347051,35.511079,508.32,-0.00292894
2018,223,19,1890.33,115.347051,35.511975,448.52,-0.00166102
2018,224,0,0.00,115.354597,35.497423,1375.45,0.00351611
2018,224,1,68.22,115.353845,35.497423,1554.85,0.00370402
2018,224,2,136.43,115.353250,35.497153,523.27,0.00389194
2018,225,0,0.00,115.347051,35.511975,612.97,-0.00621602
2018,225,1,83.86,115.346268,35.512219,448.52,-0.00619521
2018,225,2,167.72,115.346100,35.512926,433.57,-0.00366693
2018,225,3,251.58,115.345973,35.513645,433.57,-0.00099930
2018,225,4,335.44,115.345973,35.514401,523.27,-0.00083914
2018,226,0,0.00,115.347051,35.511975,897.03,-0.00215956
2018,226,1,71.22,115.347548,35.512472,1121.29,-0.00433705
2018,226,2,142.44,115.348153,35.512784,1524.95,-0.00513628
2018,226,3,213.66,115.348938,35.512784,822.28,-0.00375801
2018,227,0,0.00,115.345973,35.514401,493.37,-0.00207080
2018,227,1,78.99,115.345434,35.514955,478.42,-0.00148287
2018,227,2,157.99,115.345165,35.515589,478.42,0.00146198
2018,227,3,236.98,115.344737,35.516176,508.32,0.00324295
2018,227,4,315.98,115.344087,35.516557,493.37,0.00266700
2018,228,0,0.00,115.345973,35.514401,1794.06,-0.00294785
2018,228,1,78.07,115.346677,35.514670,1360.50,-0.00280358
2018,228,2,156.13,115.347538,35.514670,1076.44,-0.00132965
2018,228,3,234.20,115.348399,35.514670,792.38,0.00000000
2018,229,0,0.00,115.344087,35.516557,523.27,0.00242559
2018,229,1,87.40,115.344087,35.517344,433.57,0.00172324
2018,229,2,174.81,115.343702,35.518020,313.96,0.00125272
2018,229,3,262.21,115.343548,35.518763,358.81,0.00247347
2018,229,4,349.61,115.343009,35.519252,373.76,0.00346238
2018,23,0,0.00,115.096152,35.411993,373.76,-0.00037027
2018,23,1,76.02,115.096039,35.411341,448.52,-0.00182856
2018,23,2,152.03,115.095882,35.410701,179.41,-0.00236235
2018,23,3,228.05,115.095395,35.410158,209.31,-0.00000000
2018,23,4,304.07,115.095074,35.409567,224.26,0.00143784
2018,230,0,0.00,115.344087,35.516557,926.93,-0.00922439
2018,230,1,43.76,115.343761,35.516287,1360.50,-0.00903584
2018,230,2,87.51,115.343278,35.516287,1225.94,-0.00884729
2018,231,0,0.00,115.343009,35.519252,313.96,-0.00145585
2018,231,1,96.24,115.342739,35.520040,313.96,-0.00141498
2018,231,2,192.48,115.342739,35.520908,179.41,0.00072792
2018,231,3,288.73,115.342739,35.521775,358.81,0.00288492
2018,231,4,384.97,115.342200,35.522486,328.91,0.00293987
2018,232,0,0.00,115.343009,35.519252,702.67,-0.01067290
2018,232,1,31.53,115.342789,35.519032,1061.49,-0.01106760
2018,232,2,63.07,115.342470,35.518982,1599.71,-0.01146231
2018,233,0,0.00,115.342200,35.522486,269.11,0.00133923
2018,233,1,91.98,115.342200,35.523315,358.81,0.00155212
2018,233,2,183.97,115.341960,35.524074,388.71,0.00061300
2018,233,3,275.95,115.341661,35.524816,448.52,-0.00079882
2018,233,4,367.94,115.341511,35.525601,553.17,0.00062811
2018,233,5,459.92,115.341392,35.526395,493.37,0.00240183
2018,233,6,551.91,115.340853,35.527067,687.72,0.00248883
2018,234,0,0.00,115.342200,35.522486,1345.55,0.00136238
2018,234,1,88.81,115.341482,35.522036,822.28,0.00000000
2018,234,2,177.63,115.340862,35.521417,747.53,-0.00213262
2018,234,3,266.44,115.340044,35.521138,523.27,-0.00290287
2018,235,0,0.00,115.340853,35.527067,852.18,0.00046524
2018,235,1,96.78,115.340079,35.526562,956.83,-0.00139575
2018,235,2,193.56,115.339344,35.525989,1076.44,-0.00472048
2018,235,3,290.34,115.338629,35.526057,1061.49,-0.00588155
2018,235,4,387.12,115.337679,35.526258,956.83,-0.00625292
2018,235,5,483.90,115.337349,35.527003,687.72,-0.00431611
2018,235,6,580.68,115.337349,35.527875,717.63,-0.00170527
2018,236,0,0.00,115.340853,35.527067,523.27,0.00891072
2018,236,1,34.26,115.340822,35.527367,687.72,0.00879407
2018,236,2,68.52,115.340583,35.527606,792.38,0.00867741
2018,237,0,0.00,115.337349,35.527875,717.63,0.00134650
2018,237,1,76.87,115.338084,35.527680,971.78,0.00168897
2018,237,2,153.74,115.338888,35.527606,1121.29,0.00137271
2018,237,3,230.62,115.339736,35.527606,1405.35,0.00035698
2018,237,4,307.49,115.340583,35.527606,1465.15,0.00000000
2018,238,0,0.00,115.337349,35.527875,897.03,-0.00433869
2018,238,1,68.52,115.336871,35.528354,792.38,-0.00439702
2018,238,2,137.04,115.336810,35.528953,523.27,-0.00445534
2018,24,0,0.00,115.096152,35.411993,299.01,-0.00171340
2018,24,1,96.61,115.096825,35.412667,269.11,-0.00132090
2018,24,2,193.22,115.097655,35.413071,209.31,-0.00049524
2018,24,3,289.83,115.098407,35.413610,209.31,-0.00077254
2018,24,4,386.44,115.099242,35.414005,194.36,-0.00097060
2018,24,5,483.05,115.100113,35.414337,254.16,-0.00039277
2018,24,6,579.66,115.100985,35.414670,239.21,-0.00000000
2018,24,7,676.27,115.101882,35.414957,239.21,0.00068523
2018,24,8,772.88,115.102727,35.415335,269.11,0.00000000
2018,24,9,869.49,115.103542,35.415766,239.21,-0.00097768
2018,24,10,966.10,115.104470,35.415999,328.91,-0.00061770
2018,24,11,1062.71,115.105357,35.416305,328.91,0.00000000
2018,24,12,1159.32,115.106312,35.416493,373.76,0.00045423
2018,24,13,1255.93,115.107173,35.416844,373.76,-0.00082259
2018,24,14,1352.54,115.108080,35.417113,358.81,-0.00209324
2018,24,15,1449.15,115.109123,35.417149,373.76,-0.00127152
2018,24,16,1545.76,115.109896,35.417113,418.61,-0.00058704
2018,240,0,0.00,115.340583,35.527606,792.38,0.00183598
2018,240,1,88.95,115.340995,35.528287,553.17,0.00220842
2018,240,2,177.91,115.341122,35.529052,523.27,0.00166215
2018,240,3,266.86,115.341122,35.529854,598.02,0.00117819
2018,240,4,355.81,115.341122,35.530656,598.02,0.00166215
2018,240,5,444.76,115.340853,35.531379,627.92,0.00171135
2018,241,0,0.00,115.336810,35.528953,762.48,-0.00481926
2018,241,1,84.81,115.336120,35.529375,882.08,-0.00713468
2018,241,2,169.63,115.336002,35.530105,583.07,-0.00753956
2018,241,3,254.44,115.336541,35.530570,657.82,-0.00562902
2018,242,0,0.00,115.336810,35.528953,926.93,0.00000000
2018,242,1,57.93,115.337215,35.529358,642.87,0.00000000
2018,242,2,115.86,115.337619,35.529762,627.92,0.00000000
2018,243,0,0.00,115.340853,35.531379,1794.06,0.00250125
2018,243,1,80.41,115.339966,35.531379,1510.00,0.00263661
2018,243,2,160.83,115.339236,35.531109,1240.89,0.00277197
2018,244,0,0.00,115.340853,35.531379,612.97,0.00258715
2018,244,1,72.67,115.341122,35.531955,627.92,0.00251144
2018,244,2,145.35,115.341122,35.532610,627.92,0.00121787
2018,244,3,218.02,115.341122,35.533265,911.98,0.00000000
2018,245,0,0.00,115.336541,35.530570,657.82,-0.00223638
2018,245,1,70.15,115.337129,35.530251,807.33,-0.00213823
2018,245,2,140.30,115.337619,35.529762,792.38,-0.00204009
2018,246,0,0.00,115.336541,35.530570,687.72,-0.00334664
2018,246,1,87.83,115.336137,35.531244,657.82,-0.00351841
2018,246,2,175.66,115.336271,35.531918,642.87,-0.00369018
2018,247,0,0.00,115.336541,35.530570,717.63,-0.00000000
2018,247,1,57.93,115.336945,35.530975,702.67,-0.00000000
2018,247,2,115.86,115.337349,35.531379,702.67,-0.00000000
2018,248,0,0.00,115.337619,35.529762,777.43,0.00208592
2018,248,1,72.51,115.338224,35.530097,777.43,0.00199593
2018,248,2,145.03,115.338730,35.530603,762.48,0.00095297
2018,248,3,217.54,115.339236,35.531109,747.53,0.00000000
2018,250,0,0.00,115.339236,35.531109,1136.24,0.00206294
2018,250,1,92.63,115.338371,35.531379,1121.29,0.00196534
2018,250,2,185.27,115.337349,35.531379,657.82,0.00186774
2018,252,0,0.00,115.341122,35.533265,1794.06,0.00000000
2018,252,1,99.33,115.340027,35.533265,1794.06,0.00000000
2018,252,2,198.66,115.338932,35.533265,1794.06,0.00000000
2018,252,3,297.99,115.337837,35.533265,284.06,0.00200706
2018,252,4,397.32,115.337054,35.533265,807.33,0.00352445
2018,252,5,496.65,115.336271,35.532726,747.53,0.00303479
2018,253,0,0.00,115.341122,35.533265,598.02,0.00000000
2018,253,1,94.06,115.341392,35.534035,598.02,0.00076288
2018,253,2,188.12,115.341661,35.534804,598.02,0.00148261
2018,253,3,282.18,115.341661,35.535651,598.02,0.00071973
2018,253,4,376.24,115.341661,35.536499,598.02,0.00000000
2018,253,5,470.30,115.341661,35.537347,553.17,-0.00023741
2018,253,6,564.36,115.341661,35.538195,568.12,0.00000000
2018,253,7,658.42,115.341753,35.539016,598.02,0.00078824
2018,253,8,752.48,115.341661,35.539733,612.97,0.00110165
2018,254,0,0.00,115.336271,35.531918,687.72,0.00000000
2018,254,1,19.31,115.336137,35.532053,732.58,0.00000000
2018,254,2,38.62,115.336002,35.532187,717.63,0.00000000
2018,255,0,0.00,115.336271,35.531918,269.11,-0.00774036
2018,255,1,70.92,115.337053,35.531918,732.58,-0.00809954
2018,255,2,141.84,115.337349,35.531379,732.58,-0.00845871
2018,256,0,0.00,115.336002,35.532187,956.83,0.00000000
2018,256,1,24.44,115.335732,35.532187,448.52,0.00000000
2018,256,2,48.88,115.335463,35.532187,807.33,0.00000000
2018,257,0,0.00,115.336002,35.532187,687.72,0.00867727
2018,257,1,34.26,115.336241,35.532426,672.77,0.00879390
2018,257,2,68.52,115.336271,35.532726,627.92,0.00891053
2018,26,0,0.00,115.095074,35.409567,1121.29,0.00395739
2018,26,1,50.88,115.095429,35.409212,1136.24,0.00417120
2018,26,2,101.76,115.095882,35.409028,612.97,0.00438500
2018,260,0,0.00,115.336271,35.532726,598.02,-0.00497932
2018,260,1,66.70,115.335707,35.533021,627.92,-0.00765945
2018,260,2,133.40,115.335476,35.533547,612.97,-0.00786687
2018,260,3,200.10,115.335732,35.534074,642.87,-0.00539415
2018,262,0,0.00,115.341661,35.539733,1794.06,0.00000000
2018,262,1,91.65,115.340651,35.539733,1794.06,0.00000000
2018,262,2,183.29,115.339640,35.539733,1794.06,0.00000000
2018,262,3,274.94,115.338629,35.539733,1106.34,0.00000000
2018,262,4,366.59,115.337619,35.539733,1255.84,0.00000000
2018,263,0,0.00,115.341661,35.539733,747.53,0.00000000
2018,263,1,92.61,115.341661,35.540568,792.38,-0.00074285
2018,263,2,185.21,115.341661,35.541403,1210.99,-0.00074285
2018,263,3,277.82,115.341931,35.542159,792.38,0.00074285
2018,263,4,370.43,115.341931,35.542993,807.33,0.00148571
2018,263,5,463.04,115.341931,35.543828,642.87,0.00153048
2018,263,6,555.64,115.341661,35.544584,1285.75,0.00157524
2018,264,0,0.00,115.335732,35.534074,508.32,-0.00389534
2018,264,1,68.19,115.336328,35.534343,777.43,-0.00370718
2018,264,2,136.38,115.337080,35.534343,762.48,-0.00351901
2018,265,0,0.00,115.335732,35.534074,627.92,-0.00433860
2018,265,1,68.52,115.335254,35.534552,612.97,-0.00330170
2018,265,2,137.04,115.335193,35.535152,627.92,0.00000000
2018,265,3,205.56,115.334924,35.535691,508.32,0.00226480
2018,266,0,0.00,115.337619,35.539733,598.02,-0.00000000
2018,266,1,98.42,115.337349,35.538925,598.02,-0.00000000
2018,266,2,196.84,115.337080,35.538116,583.07,-0.00000000
2018,267,0,0.00,115.337619,35.539733,687.72,-0.00314731
2018,267,1,91.36,115.337349,35.540478,792.38,-0.00397058
2018,267,2,182.71,115.337619,35.541223,792.38,-0.00319734
2018,267,3,274.07,115.338158,35.541889,867.13,-0.00160083
2018,268,0,0.00,115.341661,35.544584,1614.66,0.00000000
2018,268,1,36.66,115.341257,35.544584,1644.56,0.00000000
2018,268,2,73.31,115.340853,35.544584,1674.46,0.00000000
2018,269,0,0.00,115.341661,35.544584,1300.70,0.00000000
2018,269,1,93.38,115.342313,35.545236,1240.89,0.00000000
2018,269,2,186.76,115.342965,35.545887,1151.19,-0.00000000
2018,269,3,280.14,115.343616,35.546539,1136.24,-0.00000000
2018,269,4,373.52,115.344268,35.547191,1091.39,0.00036467
2018,269,5,466.90,115.344920,35.547842,1016.64,0.00264558
2018,269,6,560.28,115.345434,35.548534,807.33,0.00563160
2018,269,7,653.66,115.345271,35.549328,777.43,0.00869813
2018,269,8,747.03,115.344616,35.549974,747.53,0.00906272
2018,269,9,840.41,115.343869,35.549487,239.21,0.00365080
2018,269,10,933.79,115.343026,35.549165,762.48,0.00115763
2018,269,11,1027.17,115.342269,35.548695,1136.24,0.00182716
2018,269,12,1120.55,115.341617,35.548043,1151.19,0.00060506
2018,269,13,1213.93,115.340965,35.547392,1151.19,-0.00000000
2018,269,14,1307.31,115.340314,35.546740,1255.84,-0.00000000
2018,27,0,0.00,115.069202,35.375341,418.61,0.00056885
2018,27,1,91.76,115.068192,35.375341,508.32,0.00095223
2018,27,2,183.52,115.067231,35.375257,553.17,-0.00060345
2018,27,3,275.27,115.066329,35.375072,598.02,-0.00295633
2018,27,4,367.03,115.065475,35.375341,568.12,-0.00168508
2018,27,5,458.79,115.064621,35.375611,598.02,0.00000000
2018,270,0,0.00,115.334924,35.535691,478.42,-0.00232667
2018,270,1,70.12,115.334237,35.535839,328.91,-0.00561103
2018,270,2,140.24,115.333648,35.536158,373.76,-0.00751317
2018,270,3,210.36,115.333576,35.536769,403.66,-0.00613095
2018,271,0,0.00,115.334924,35.535691,583.07,0.00433858
2018,271,1,68.52,115.335402,35.536169,612.97,0.00439689
2018,271,2,137.04,115.335463,35.536769,598.02,0.00445520
2018,272,0,0.00,115.337080,35.538116,583.07,-0.00204829
2018,272,1,79.11,115.337080,35.537403,553.17,-0.00211206
2018,272,2,158.22,115.336810,35.536769,612.97,-0.00217583
2018,273,0,0.00,115.337080,35.538116,807.33,-0.00054091
2018,273,1,78.82,115.336367,35.538386,777.43,0.00000000
2018,273,2,157.64,115.335683,35.538705,343.86,0.00487131
2018,273,3,236.46,115.334941,35.538925,343.86,0.00826622
2018,273,4,315.29,115.334385,35.538386,627.92,0.00733071
2018,274,0,0.00,115.338158,35.541889,1151.19,0.00276201
2018,274,1,80.55,115.337426,35.542159,1106.34,0.00075484
2018,274,2,161.11,115.336538,35.542159,807.33,-0.00349252
2018,274,3,241.66,115.335878,35.542552,807.33,-0.00285649
2018,274,4,322.22,115.335316,35.543114,1315.65,0.00084591
2018,274,5,402.77,115.334654,35.543506,956.83,0.00167208
2018,275,0,0.00,115.338158,35.541889,926.93,0.00000000
2018,275,1,96.54,115.338832,35.542563,1345.55,0.00000000
2018,275,2,193.08,115.339505,35.543237,1345.55,0.00000000
2018,276,0,0.00,115.340853,35.544584,1315.65,-0.00185368
2018,276,1,85.55,115.340583,35.545277,1196.04,-0.00092684
2018,276,2,171.09,115.340583,35.546048,1166.14,0.00092684
2018,276,3,256.64,115.340314,35.546740,1225.94,0.00185368
2018,277,0,0.00,115.340853,35.544584,1255.84,-0.00000000
2018,277,1,96.54,115.340179,35.543910,1315.65,-0.00000000
2018,277,2,193.08,115.339505,35.543237,1345.55,-0.00000000
2018,278,0,0.00,115.340314,35.546740,1465.15,-0.00530449
2018,278,1,55.96,115.339697,35.546740,897.03,-0.00554931
2018,278,2,111.93,115.339236,35.547010,1196.04,-0.00579414
2018,28,0,0.00,115.069202,35.375341,1061.49,0.00000000
2018,28,1,77.30,115.069741,35.374802,568.12,0.00000000
2018,28,2,154.59,115.070280,35.374263,134.55,0.00000000
2018,280,0,0.00,115.333576,35.536769,837.23,0.00577564
2018,280,1,75.28,115.334399,35.536782,463.47,0.00574684
2018,280,2,150.56,115.334924,35.537308,553.17,0.00571804
2018,281,0,0.00,115.333576,35.536769,403.66,-0.00221137
2018,281,1,78.49,115.333307,35.537398,403.66,-0.00429305
2018,281,2,156.97,115.333307,35.538105,508.32,-0.00534183
2018,281,3,235.46,115.333846,35.538655,612.97,-0.00430892
2018,282,0,0.00,115.335463,35.536769,807.33,0.00000000
2018,282,1,61.10,115.336137,35.536769,956.83,0.00000000
2018,282,2,122.20,115.336810,35.536769,553.17,0.00000000
2018,283,0,0.00,115.335463,35.536769,523.27,0.00000000
2018,283,1,38.62,115.335193,35.537038,493.37,0.00000000
2018,283,2,77.24,115.334924,35.537308,747.53,0.00000000
2018,285,0,0.00,115.336810,35.536769,627.92,0.00426573
2018,285,1,65.79,115.337080,35.536254,687.72,0.00438951
2018,285,2,131.58,115.337619,35.535960,687.72,0.00451329
2018,286,0,0.00,115.334385,35.538386,583.07,-0.00433856
2018,286,1,68.52,115.334863,35.537908,523.27,-0.00439686
2018,286,2,137.04,115.334924,35.537308,538.22,-0.00445517
2018,287,0,0.00,115.334385,35.538386,583.07,0.01067487
2018,287,1,31.53,115.334165,35.538606,478.42,0.01106986
2018,287,2,63.06,115.333846,35.538655,508.32,0.01146485
2018,288,0,0.00,115.334654,35.543506,1076.44,-0.00464819
2018,288,1,78.98,115.334788,35.544179,1061.49,-0.00411673
2018,288,2,157.97,115.335424,35.544584,1151.19,-0.00110256
2018,288,3,236.95,115.335990,35.545111,598.02,0.00079965
2018,288,4,315.94,115.336541,35.545662,1196.04,0.00021914
2018,289,0,0.00,115.334654,35.543506,478.42,-0.00017412
2018,289,1,92.59,115.333946,35.542967,269.11,0.00146058
2018,289,2,185.17,115.333307,35.542513,358.81,0.00377801
2018,289,3,277.76,115.333037,35.541757,553.17,0.00395134
2018,289,4,370.34,115.333037,35.540923,523.27,0.00239546
2018,289,5,462.93,115.333388,35.540191,583.07,0.00031242
2018,289,6,555.52,115.333617,35.539423,433.57,-0.00036207
2018,289,7,648.10,115.333846,35.538655,448.52,0.00000000
2018,29,0,0.00,115.109896,35.417113,418.61,0.00000000
2018,29,1,19.32,115.110031,35.417248,448.52,0.00000000
2018,29,2,38.64,115.110165,35.417383,418.61,0.00000000
2018,290,0,0.00,115.339505,35.543237,1136.24,0.00579371
2018,290,1,55.97,115.339045,35.543506,1734.26,0.00554891
2018,290,2,111.93,115.338427,35.543506,882.08,0.00530411
2018,291,0,0.00,115.339236,35.547010,1076.44,0.00138262
2018,291,1,81.39,115.338966,35.547665,1031.59,0.00103260
2018,291,2,162.78,115.338517,35.548267,1091.39,-0.00000000
2018,291,3,244.17,115.338158,35.548896,897.03,-0.00068258
2018,292,0,0.00,115.339236,35.547010,1270.79,-0.00140735
2018,292,1,78.82,115.338679,35.546471,1360.50,-0.00152042
2018,292,2,157.63,115.338037,35.546080,1375.45,-0.00272544
2018,292,3,236.45,115.337388,35.545700,807.33,-0.00364649
2018,292,4,315.27,115.336541,35.545662,971.78,-0.00347561
2018,298,0,0.00,115.336541,35.545662,1315.65,0.00000000
2018,298,1,84.93,115.335948,35.546255,1151.19,0.00184759
2018,298,2,169.85,115.335356,35.546847,1345.55,0.00456031
2018,298,3,254.78,115.334513,35.547010,1091.39,0.00336646
2018,298,4,339.70,115.333576,35.547010,822.28,0.00130747
2018,299,0,0.00,115.338158,35.548896,1031.59,0.00152370
2018,299,1,94.11,115.338427,35.549666,822.28,0.00084257
2018,299,2,188.22,115.338427,35.550514,822.28,-0.00076185
2018,299,3,282.33,115.338668,35.551292,837.23,-0.00092686
2018,299,4,376.45,115.338966,35.552053,388.71,0.00076185
2018,299,5,470.56,115.339236,35.552823,299.01,-0.00008605
2018,299,6,564.67,115.339236,35.553671,239.21,-0.00276978
2018,299,7,658.78,115.339834,35.554345,254.16,-0.00206898
2018,299,8,752.89,115.340491,35.555002,254.16,-0.00260133
2018,299,9,847.00,115.341162,35.555633,269.11,-0.00462545
2018,299,10,941.11,115.342200,35.555633,418.61,-0.00451104
2018,3,0,0.00,115.081060,35.392589,1240.89,-0.00000000
2018,3,1,85.45,115.080464,35.393185,1285.75,0.00068140
2018,3,2,170.90,115.079868,35.393781,1106.34,0.00142070
2018,3,3,256.35,115.079174,35.394206,822.28,0.00147861
2018,30,0,0.00,115.109896,35.417113,1196.04,0.00133681
2018,30,1,91.91,115.109896,35.416285,1240.89,0.00565272
2018,30,2,183.82,115.110135,35.415526,538.22,0.00970201
2018,30,3,275.73,115.110974,35.415766,448.52,0.00943539
2018,300,0,0.00,115.338158,35.548896,971.78,0.00000000
2018,300,1,89.45,115.337534,35.549520,852.18,0.00000000
2018,300,2,178.90,115.336909,35.550145,672.77,0.00129079
2018,300,3,268.35,115.336285,35.550769,1136.24,0.00272090
2018,300,4,357.80,115.335463,35.551052,,0.00286021
2018,301,0,0.00,115.342200,35.555633,358.81,-0.00294816
2018,301,1,95.10,115.342447,35.556419,299.01,-0.00341947
2018,301,2,190.20,115.343169,35.556981,403.66,-0.00104360
2018,301,3,285.31,115.343972,35.557405,373.76,0.00167713
2018,301,4,380.41,115.344427,35.558130,403.66,-0.00031183
2018,301,5,475.51,115.345091,35.558793,418.61,-0.00108717
2018,301,6,570.61,115.345854,35.559287,418.61,0.00054688
2018,301,7,665.72,115.346517,35.559950,448.52,0.00054688
2018,301,8,760.82,115.347181,35.560614,433.57,-0.00054688
2018,301,9,855.92,115.347845,35.561278,433.57,-0.00113684
2018,301,10,951.02,115.348608,35.561771,448.52,-0.00101536
2018,301,11,1046.12,115.349370,35.562264,448.52,-0.00126036
2018,301,12,1141.23,115.350201,35.562640,478.42,-0.00123344
2018,301,13,1236.33,115.351094,35.562910,523.27,-0.00079694
2018,302,0,0.00,115.342200,35.555633,1599.71,0.00000000
2018,302,1,90.10,115.342829,35.555005,777.43,0.00395444
2018,302,2,180.20,115.343458,35.554376,777.43,0.00890098
2018,302,3,270.30,115.344087,35.554825,343.86,0.00989308
2018,303,0,0.00,115.351094,35.562910,642.87,-0.00151618
2018,303,1,83.46,115.351259,35.563614,568.12,-0.00152130
2018,303,2,166.93,115.351633,35.564257,538.22,-0.00152642
2018,304,0,0.00,115.351094,35.562910,1794.06,-0.00185653
2018,304,1,72.87,115.351602,35.562401,1794.06,-0.00191214
2018,304,2,145.74,115.351902,35.561832,882.08,-0.00196776
2018,305,0,0.00,115.351633,35.564257,553.17,0.00188629
2018,305,1,98.39,115.352561,35.564527,568.12,0.00139024
2018,305,2,196.78,115.353334,35.565066,508.32,0.00094034
2018,305,3,295.16,115.354188,35.565465,523.27,0.00031750
2018,305,4,393.55,115.354874,35.566151,568.12,-0.00017575
2018,305,5,491.94,115.355759,35.566497,523.27,0.00000000
2018,305,6,590.33,115.356446,35.567184,523.27,-0.00063313
2018,305,7,688.71,115.357330,35.567529,538.22,-0.00057918
2018,305,8,787.10,115.358125,35.568030,538.22,0.00010777
2018,305,9,885.49,115.359001,35.568391,553.17,0.00042482
2018,305,10,983.88,115.359786,35.568908,508.32,0.00044750
2018,305,11,1082.26,115.360599,35.569378,553.17,0.00030467
2018,305,12,1180.65,115.361371,35.569917,523.27,-0.00068673
2018,305,13,1279.04,115.362144,35.570456,508.32,-0.00185804
2018,305,14,1377.43,115.363073,35.570725,538.22,-0.00185224
2018,305,15,1475.81,115.364002,35.570995,538.22,-0.00255885
2018,305,16,1574.20,115.365087,35.570995,478.42,-0.00082488
2018,305,17,1672.59,115.366016,35.570725,418.61,0.00082488
2018,305,18,1770.98,115.366945,35.570995,328.91,-0.00173397
2018,305,19,1869.36,115.367874,35.570725,313.96,-0.00082488
2018,305,20,1967.75,115.368802,35.570456,239.21,0.00080600
2018,305,21,2066.14,115.369888,35.570456,194.36,-0.00090910
2018,305,22,2164.53,115.370798,35.570154,194.36,0.00020501
2018,305,23,2262.91,115.371746,35.569917,209.31,0.00138804
2018,305,24,2361.30,115.372831,35.569917,239.21,-0.00010191
2018,305,25,2459.69,115.373848,35.569799,284.06,-0.00192107
2018,305,26,2558.08,115.374845,35.569647,328.91,-0.00276714
2018,305,27,2656.47,115.375618,35.569108,448.52,-0.00265002
2018,306,0,0.00,115.351633,35.564257,1794.06,0.00000000
2018,306,1,57.92,115.351228,35.564661,1794.06,0.00000000
2018,306,2,115.84,115.350824,35.565066,867.13,0.00000000
2018,307,0,0.00,115.375618,35.569108,418.61,-0.00162288
2018,307,1,95.73,115.376583,35.568951,463.47,-0.00060921
2018,307,2,191.46,115.377417,35.568569,463.47,0.00000000
2018,307,3,287.19,115.378414,35.568468,493.37,-0.00191675
2018,307,4,382.93,115.379216,35.568030,568.12,-0.00356113
2018,307,5,478.66,115.379930,35.567467,687.72,-0.00322462
2018,307,6,574.39,115.380199,35.566683,867.13,-0.00275601
2018,308,0,0.00,115.375618,35.569108,1196.04,0.00064054
2018,308,1,84.29,115.375029,35.568520,1375.45,0.00141958
2018,308,2,168.57,115.374540,35.567903,1061.49,0.00188883
2018,308,3,252.86,115.374270,35.567222,777.43,0.00157903
2018,309,0,0.00,115.380199,35.566683,777.43,-0.00329279
2018,309,1,96.62,115.381265,35.566683,762.48,-0.00285395
2018,309,2,193.23,115.382043,35.566187,747.53,-0.00123539
2018,309,3,289.85,115.382915,35.565853,747.53,0.00015060
2018,309,4,386.46,115.383688,35.565349,747.53,0.00123539
2018,309,5,483.08,115.384589,35.565066,747.53,0.00025957
2018,309,6,579.70,115.385532,35.564853,762.48,-0.00183710
2018,309,7,676.31,115.386305,35.564350,762.48,0.00030810
2018,309,8,772.93,115.387078,35.563846,807.33,0.00121981
2018,309,9,869.54,115.388070,35.563718,747.53,-0.00158778
2018,309,10,966.16,115.388823,35.563179,822.28,-0.00291954
2018,31,0,0.00,115.110165,35.417383,433.57,-0.00565545
2018,31,1,89.29,115.110663,35.417922,388.71,-0.00416288
2018,31,2,178.58,115.111647,35.417922,358.81,-0.00022141
2018,31,3,267.87,115.112474,35.418191,388.71,0.00019335
2018,31,4,357.16,115.113301,35.418461,403.66,-0.00111375
2018,31,5,446.45,115.114256,35.418509,373.76,-0.00038317
2018,31,6,535.74,115.115111,35.418730,388.71,-0.00100735
2018,31,7,625.03,115.116094,35.418730,508.32,-0.00163505
2018,310,0,0.00,115.380199,35.566683,1584.76,0.00000000
2018,310,1,57.92,115.379795,35.566278,1689.41,0.00000000
2018,310,2,115.84,115.379391,35.565874,1719.31,0.00000000
2018,311,0,0.00,115.374270,35.567222,642.87,0.00236357
2018,311,1,92.19,115.374705,35.566517,553.17,0.00252101
2018,311,2,184.38,115.375447,35.566044,508.32,0.00121237
2018,311,3,276.57,115.376209,35.565605,583.07,0.00233772
2018,311,4,368.77,115.376932,35.565099,508.32,0.00538886
2018,311,5,460.96,115.377774,35.565335,553.17,0.00584859
2018,312,0,0.00,115.374270,35.567222,343.86,-0.00352162
2018,312,1,68.17,115.373518,35.567222,284.06,-0.00371001
2018,312,2,136.33,115.372923,35.567491,328.91,-0.00389839
2018,313,0,0.00,115.388823,35.563179,867.13,-0.00376263
2018,313,1,71.19,115.389608,35.563179,852.18,-0.00514116
2018,313,2,142.38,115.390212,35.562868,807.33,-0.00433953
2018,313,3,213.57,115.390709,35.562371,882.08,-0.00215938
2018,314,0,0.00,115.388823,35.563179,1315.65,0.00174009
2018,314,1,71.42,115.388324,35.562681,1644.56,0.00199253
2018,314,2,142.84,115.388014,35.562127,1629.61,0.00132513
2018,314,3,214.25,115.387745,35.561562,882.08,0.00040529
2018,315,0,0.00,115.379391,35.565874,1046.54,-0.00246111
2018,315,1,64.16,115.379360,35.565305,1016.64,-0.00251835
2018,315,2,128.31,115.379121,35.564796,882.08,-0.00257559
2018,316,0,0.00,115.379391,35.565874,717.63,0.00442811
2018,316,1,87.47,115.378426,35.565874,882.08,0.00452242
2018,316,2,174.95,115.377774,35.565335,702.67,0.00461673
2018,317,0,0.00,115.377774,35.565335,747.53,0.01067759
2018,317,1,31.52,115.377554,35.565555,553.17,0.01107297
2018,317,2,63.04,115.377235,35.565605,493.37,0.01146835
2018,319,0,0.00,115.390709,35.562371,1360.50,0.00128501
2018,319,1,99.44,115.390709,35.561474,1166.14,0.00153451
2018,319,2,198.88,115.390979,35.560657,867.13,0.00144890
2018,319,3,298.32,115.391331,35.559863,777.43,0.00195040
2018,319,4,397.76,115.391816,35.559108,523.27,0.00427040
2018,319,5,497.20,115.392616,35.558598,583.07,0.00709915
2018,319,6,596.64,115.393699,35.558623,717.63,0.00748138
2018,319,7,696.08,115.394213,35.559369,463.47,0.00456989
2018,319,8,795.52,115.394482,35.560187,1031.59,0.00222037
2018,319,9,894.96,115.394482,35.561083,1091.39,0.00266030
2018,319,10,994.40,115.394368,35.561946,956.83,0.00317770
2018,319,11,1093.84,115.393674,35.562640,1196.04,0.00285400
2018,32,0,0.00,115.110165,35.417383,971.78,-0.00147310
2018,32,1,68.54,115.110643,35.416905,1166.14,-0.00330310
2018,32,2,137.08,115.110974,35.416383,1659.51,-0.00426767
2018,32,3,205.62,115.110974,35.415766,807.33,-0.00340226
2018,320,0,0.00,115.390709,35.562371,1210.99,-0.01346374
2018,320,1,50.83,115.391114,35.562640,897.03,-0.01346374
2018,320,2,101.66,115.391518,35.562371,837.23,-0.01346374
2018,321,0,0.00,115.393674,35.562640,837.23,0.00000000
2018,321,1,69.88,115.392903,35.562640,598.02,0.00167255
2018,321,2,139.76,115.392132,35.562640,627.92,0.00352521
2018,321,3,209.64,115.391518,35.562371,837.23,0.00370533
2018,322,0,0.00,115.393674,35.562640,1136.24,-0.00224481
2018,322,1,87.31,115.394324,35.563179,732.58,-0.00125780
2018,322,2,174.61,115.395131,35.563449,523.27,0.00059040
2018,322,3,261.92,115.395799,35.563957,388.71,0.00179097
2018,322,4,349.22,115.396507,35.564396,313.96,0.00238619
2018,322,5,436.53,115.396908,35.565066,119.60,0.00264204
2018,324,0,0.00,115.391518,35.562371,941.88,-0.00174008
2018,324,1,71.42,115.392016,35.561872,1136.24,-0.00199253
2018,324,2,142.84,115.392326,35.561319,971.78,-0.00132514
2018,324,3,214.25,115.392596,35.560754,403.66,-0.00040530
2018,325,0,0.00,115.396908,35.565066,328.91,0.00593065
2018,325,1,92.18,115.397551,35.565170,164.46,0.00492380
2018,325,2,184.35,115.397986,35.565874,179.41,0.00391696
2018,326,0,0.00,115.396908,35.565066,1121.29,0.00396153
2018,326,1,50.83,115.396553,35.565420,852.18,0.00417605
2018,326,2,101.66,115.396099,35.565605,837.23,0.00439057
2018,327,0,0.00,115.397986,35.565874,1166.14,0.00000000
2018,327,1,61.08,115.398659,35.565874,1016.64,0.00000000
2018,327,2,122.16,115.399333,35.565874,822.28,0.00000000
2018,328,0,0.00,115.397986,35.565874,418.61,0.00000000
2018,328,1,82.97,115.397986,35.566622,239.21,-0.00092898
2018,328,2,165.94,115.397986,35.567370,224.26,-0.00154232
2018,328,3,248.91,115.398255,35.568039,284.06,0.00092898
2018,328,4,331.87,115.398424,35.568738,328.91,0.00282019
2018,328,5,414.84,115.398255,35.569378,358.81,0.00255574
2018,329,0,0.00,115.398255,35.569378,1405.35,0.00000000
2018,329,1,24.43,115.397986,35.569378,1554.85,0.00000000
2018,329,2,48.86,115.397716,35.569378,1614.66,0.00000000
2018,33,0,0.00,115.064621,35.375611,657.82,0.00457719
2018,33,1,75.78,115.064272,35.376150,627.92,0.00573305
2018,33,2,151.55,115.063575,35.376387,612.97,0.00470099
2018,33,3,227.33,115.062760,35.376419,687.72,0.00141391
2018,33,4,303.10,115.061926,35.376419,598.02,0.00031476
2018,330,0,0.00,115.398255,35.569378,313.96,0.00000000
2018,330,1,98.41,115.398525,35.570186,388.71,0.00054066
2018,330,2,196.83,115.398794,35.570995,433.57,0.00135090
2018,330,3,295.24,115.398855,35.571864,478.42,0.00114729
2018,330,4,393.65,115.398794,35.572612,493.37,0.00067409
2018,331,0,0.00,115.398794,35.572612,553.17,-0.00000000
2018,331,1,38.61,115.399064,35.572881,598.02,-0.00000000
2018,331,2,77.22,115.399333,35.573151,598.02,-0.00000000
2018,332,0,0.00,115.398794,35.572612,553.17,-0.01067829
2018,332,1,31.52,115.398574,35.572392,672.77,-0.01107377
2018,332,2,63.04,115.398255,35.572342,1136.24,-0.01146925
2018,333,0,0.00,115.399333,35.573151,1614.66,0.00000000
2018,333,1,73.29,115.400142,35.573151,1405.35,0.00000000
2018,333,2,146.57,115.400950,35.573151,1225.94,0.00000000
2018,333,3,219.86,115.401759,35.573151,642.87,0.00000000
2018,334,0,0.00,115.399333,35.573151,448.52,0.00000000
2018,334,1,83.46,115.399333,35.573746,523.27,0.00000000
2018,334,2,166.92,115.399333,35.574498,478.42,-0.00189220
2018,334,3,250.39,115.399333,35.575250,478.42,-0.00381572
2018,334,4,333.85,115.399872,35.575845,463.47,-0.00384703
2018,335,0,0.00,115.399872,35.575845,1794.06,-0.00172388
2018,335,1,96.31,115.400935,35.575845,1794.06,0.00148234
2018,335,2,192.62,115.401841,35.575576,971.78,0.00761388
2018,335,3,288.93,115.402373,35.576190,403.66,0.00710818
2018,335,4,385.24,115.402298,35.576923,538.22,0.00367718
2018,336,0,0.00,115.399872,35.575845,627.92,-0.00566035
2018,336,1,68.51,115.399603,35.576384,418.61,-0.00566035
2018,336,2,137.02,115.399872,35.576923,418.61,-0.00566035
2018,337,0,0.00,115.402298,35.576923,762.48,0.00000000
2018,337,1,73.28,115.401489,35.576923,1046.54,0.00000000
2018,337,2,146.57,115.400681,35.576923,1704.36,0.00000000
2018,337,3,219.85,115.399872,35.576923,1794.06,0.00000000
2018,338,0,0.00,115.402298,35.576923,508.32,0.00160740
2018,338,1,91.68,115.402567,35.577671,403.66,0.00332860
2018,338,2,183.35,115.402567,35.578497,553.17,0.00440369
2018,338,3,275.03,115.401960,35.579147,747.53,0.00196889
2018,338,4,366.71,115.401320,35.579787,717.63,0.00009010
2018,338,5,458.38,115.400681,35.580427,657.82,0.00000000
2018,34,0,0.00,115.064621,35.375611,1106.34,-0.00000000
2018,34,1,89.54,115.063996,35.374987,971.78,-0.00000000
2018,34,2,179.08,115.063372,35.374362,747.53,-0.00325632
2018,34,3,268.62,115.062748,35.373738,672.77,-0.00696975
2018,34,4,358.17,115.061926,35.373994,598.02,-0.00742685
2018,340,0,0.00,115.399872,35.576923,553.17,0.00000000
2018,340,1,86.11,115.399872,35.577700,388.71,0.00000000
2018,340,2,172.22,115.399872,35.578476,463.47,-0.00086106
2018,340,3,258.33,115.399872,35.579252,508.32,-0.00297330
2018,340,4,344.44,115.400142,35.579949,508.32,-0.00346450
2018,340,5,430.56,115.400681,35.580427,598.02,-0.00270453
2018,342,0,0.00,115.400681,35.580427,478.42,0.00000000
2018,342,1,94.06,115.400681,35.581275,478.42,-0.00023708
2018,342,2,188.11,115.400681,35.582122,448.52,-0.00071932
2018,342,3,282.17,115.400772,35.582943,478.42,-0.00048224
2018,342,4,376.23,115.400950,35.583739,493.37,-0.00000000
2018,342,5,470.28,115.401041,35.584560,538.22,-0.00050130
2018,342,6,564.34,115.401220,35.585356,508.32,-0.00076241
2018,342,7,658.39,115.401489,35.586125,538.22,0.00041701
2018,342,8,752.45,115.401759,35.586895,508.32,0.00076241
2018,342,9,846.51,115.401789,35.587734,508.32,0.00016804
2018,342,10,940.56,115.402028,35.588512,478.42,0.00000000
2018,342,11,1034.62,115.402028,35.589359,478.42,-0.00084615
2018,342,12,1128.68,115.402298,35.590129,403.66,-0.00152482
2018,343,0,0.00,115.402298,35.590129,508.32,0.00000000
2018,343,1,92.31,115.402298,35.590961,508.32,0.00000000
2018,343,2,184.63,115.402298,35.591793,523.27,-0.00074714
2018,343,3,276.94,115.402298,35.592625,493.37,-0.00083472
2018,343,4,369.26,115.402567,35.593378,508.32,0.00000000
2018,343,5,461.57,115.402597,35.594201,508.32,0.00015723
2018,343,6,553.89,115.402837,35.594964,493.37,-0.00000000
2018,343,7,646.20,115.402843,35.595794,508.32,-0.00005220
2018,343,8,738.52,115.403106,35.596549,478.42,0.00074714
2018,343,9,830.83,115.403106,35.597381,508.32,0.00072969
2018,343,10,923.14,115.403106,35.598214,448.52,0.00000000
2018,344,0,0.00,115.402298,35.590129,1584.76,0.00277594
2018,344,1,80.36,115.403028,35.589859,1794.06,0.00264027
2018,344,2,160.73,115.403915,35.589859,882.08,0.00250460
2018,345,0,0.00,115.403106,35.598214,777.43,0.00000000
2018,345,1,77.21,115.402567,35.598752,702.67,0.00000000
2018,345,2,154.43,115.402028,35.599291,642.87,0.00000000
2018,346,0,0.00,115.403106,35.598214,538.22,0.00221821
2018,346,1,99.41,115.403591,35.598968,433.57,0.00211452
2018,346,2,198.82,115.403645,35.599849,448.52,0.00068017
2018,346,3,298.23,115.403727,35.600721,478.42,-0.00051106
2018,346,4,397.64,115.403915,35.601562,433.57,0.00000000
2018,346,5,497.05,115.404071,35.602412,418.61,0.00056481
2018,346,6,596.46,115.404184,35.603276,448.52,-0.00000000
2018,346,7,695.87,115.404184,35.604172,418.61,-0.00105917
2018,346,8,795.28,115.404454,35.604989,418.61,0.00000000
2018,346,9,894.69,115.404723,35.605807,448.52,0.00068017
2018,346,10,994.10,115.404723,35.606703,418.61,-0.00068017
2018,346,11,1093.51,115.404992,35.607520,448.52,-0.00046704
2018,346,12,1192.92,115.405262,35.608338,478.42,0.00019528
2018,346,13,1292.33,115.405448,35.609179,523.27,0.00025975
2018,346,14,1391.74,115.405725,35.609995,463.47,0.00095026
2018,346,15,1491.15,115.405801,35.610869,508.32,0.00020729
2018,346,16,1590.56,115.405801,35.611765,553.17,-0.00046538
2018,346,17,1689.97,115.406070,35.612582,478.42,-0.00000000
2018,346,18,1789.38,115.406070,35.613478,553.17,-0.00000000
2018,346,19,1888.79,115.406340,35.614296,493.37,0.00064250
2018,346,20,1988.20,115.406340,35.615192,553.17,0.00128499
2018,347,0,0.00,115.406340,35.615192,657.82,0.00286432
2018,347,1,90.86,115.406879,35.615712,583.07,0.00264015
2018,347,2,181.73,115.407081,35.616472,553.17,0.00116421
2018,347,3,272.59,115.407298,35.617228,568.12,-0.00073666
2018,347,4,363.45,115.407515,35.617984,553.17,-0.00002474
2018,347,5,454.32,115.407957,35.618674,508.32,0.00195914
2018,347,6,545.18,115.407957,35.619493,523.27,0.00129101
2018,347,7,636.04,115.407957,35.620312,523.27,0.00000000
2018,348,0,0.00,115.406340,35.615192,807.33,-0.00000000
2018,348,1,77.21,115.405801,35.615731,807.33,-0.00000000
2018,348,2,154.41,115.405262,35.616270,807.33,0.00000000
2018,348,3,231.62,115.404723,35.616809,837.23,0.00000000
2018,349,0,0.00,115.407957,35.620312,867.13,0.00000000
2018,349,1,77.20,115.407418,35.620851,837.23,0.00000000
2018,349,2,154.41,115.406879,35.621390,747.53,0.00000000
2018,349,3,231.61,115.406340,35.621929,747.53,0.00000000
2018,350,0,0.00,115.407957,35.620312,538.22,0.00281578
2018,350,1,98.34,115.408496,35.621042,523.27,0.00210318
2018,350,2,196.68,115.408496,35.621928,493.37,0.00054581
2018,350,3,295.02,115.408765,35.622736,478.42,0.00000000
2018,350,4,393.35,115.408824,35.623605,478.42,-0.00039158
2018,350,5,491.69,115.409035,35.624430,463.47,-0.00000000
2018,350,6,590.03,115.409304,35.625238,478.42,0.00119770
2018,350,7,688.37,115.409304,35.626124,478.42,0.00000000
2018,350,8,786.71,115.409304,35.627011,463.47,-0.00073174
2018,350,9,885.05,115.409574,35.627818,493.37,-0.00000000
2018,350,10,983.38,115.409604,35.628696,523.27,0.00014971
2018,350,11,1081.72,115.409843,35.629513,523.27,-0.00000000
2018,350,12,1180.06,115.409843,35.630399,553.17,-0.00007462
2018,350,13,1278.40,115.410113,35.631207,583.07,0.00065664
2018,350,14,1376.74,115.410113,35.632093,598.02,0.00000000
2018,350,15,1475.08,115.410113,35.632979,598.02,0.00000000
2018,350,16,1573.41,115.410382,35.633787,762.48,0.00200858
2018,350,17,1671.75,115.410113,35.634595,822.28,0.00270387
2018,351,0,0.00,115.410113,35.634595,1794.06,0.00000000
2018,351,1,82.88,115.409198,35.634595,1794.06,0.00000000
2018,351,2,165.76,115.408283,35.634595,1794.06,0.00117502
2018,351,3,248.64,115.407368,35.634595,1001.69,0.00247681
2018,351,4,331.52,115.406609,35.634326,732.58,0.00260359
2018,352,0,0.00,115.410113,35.634595,717.63,0.00136651
2018,352,1,99.44,115.410652,35.635335,702.67,0.00205688
2018,352,2,198.89,115.410921,35.636153,672.77,0.00137362
2018,352,3,298.33,115.410921,35.637049,702.67,0.00000000
2018,352,4,397.77,115.411191,35.637867,702.67,-0.00000000
2018,352,5,497.21,115.411191,35.638763,747.53,-0.00067938
2018,352,6,596.66,115.411460,35.639581,792.38,-0.00045003
2018,352,7,696.10,115.411730,35.640399,792.38,0.00067938
2018,352,8,795.54,115.411910,35.641243,792.38,0.00022675
2018,352,9,894.99,115.411999,35.642113,807.33,-0.00000000
2018,352,10,994.43,115.412269,35.642931,822.28,0.00086507
2018,352,11,1093.87,115.412269,35.643827,867.13,0.00064179
2018,352,12,1193.31,115.412269,35.644567,837.23,0.00000000
2018,353,0,0.00,115.412269,35.644567,1689.41,0.00000000
2018,353,1,95.07,115.411219,35.644567,1629.61,0.00000000
2018,353,2,190.15,115.410169,35.644567,1510.00,-0.00088522
2018,353,3,285.22,115.409120,35.644567,1480.10,-0.00186221
2018,353,4,380.30,115.408226,35.644836,568.12,-0.00195397
2018,354,0,0.00,115.412269,35.644567,956.83,0.00867409
2018,354,1,34.25,115.412508,35.644806,807.33,0.00879022
2018,354,2,68.50,115.412538,35.645106,807.33,0.00890634
2018,355,0,0.00,115.412538,35.645106,956.83,0.00076598
2018,355,1,94.80,115.413091,35.645658,911.98,0.00067898
2018,355,2,189.60,115.413616,35.646359,926.93,0.00100702
2018,355,3,284.40,115.414155,35.647057,882.08,0.00147481
2018,355,4,379.20,115.414425,35.647833,837.23,0.00076378
2018,355,5,473.99,115.414694,35.648609,747.53,0.00000000
2018,356,0,0.00,115.412538,35.645106,1270.79,0.00520667
2018,356,1,81.73,115.411949,35.645645,1794.06,0.00515278
2018,356,2,163.47,115.411047,35.645645,1510.00,0.00254944
2018,356,3,245.20,115.410144,35.645645,1390.40,-0.00120932
2018,356,4,326.94,115.409242,35.645645,1300.70,-0.00254944
2018,356,5,408.67,115.408496,35.645914,598.02,-0.00268025
2018,357,0,0.00,115.414694,35.648609,1240.89,-0.00000000
2018,357,1,96.26,115.414022,35.649281,1196.04,0.00000000
2018,357,2,192.52,115.413350,35.649953,1435.25,0.00000000
2018,357,3,288.78,115.412678,35.650625,1330.60,-0.00233374
2018,357,4,385.05,115.412006,35.651298,762.48,-0.00860150
2018,357,5,481.31,115.412248,35.652091,837.23,-0.01214918
2018,357,6,577.57,115.413217,35.651973,1001.69,-0.00771653
2018,357,7,673.83,115.413889,35.651301,1480.10,-0.00183510
2018,357,8,770.09,115.414561,35.650629,1584.76,0.00000000
2018,357,9,866.35,115.415233,35.649956,1225.94,-0.00000000
2018,358,0,0.00,115.414694,35.648609,807.33,0.00384432
2018,358,1,83.45,115.415233,35.649204,732.58,0.00381300
2018,358,2,166.90,115.415233,35.649956,732.58,0.00378168
2018,36,0,0.00,115.110974,35.415766,747.53,0.01066245
2018,36,1,31.56,115.111194,35.415546,508.32,0.01105567
2018,36,2,63.12,115.111513,35.415496,373.76,0.01144888
2018,360,0,0.00,115.415233,35.649956,687.72,0.00059452
2018,360,1,98.72,115.415772,35.650690,553.17,0.00044788
2018,360,2,197.44,115.416194,35.651457,568.12,0.00000000
2018,360,3,296.16,115.416675,35.652207,508.32,-0.00067683
2018,360,4,394.88,115.417155,35.652957,418.61,-0.00102668
2018,360,5,493.61,115.417845,35.653646,343.86,-0.00050047
2018,360,6,592.33,115.418534,35.654335,269.11,-0.00050637
2018,360,7,691.05,115.419223,35.655025,269.11,-0.00164935
2018,360,8,789.77,115.420012,35.655544,209.31,-0.00200982
2018,360,9,888.49,115.420903,35.655885,194.36,-0.00111750
2018,360,10,987.21,115.421837,35.656155,149.51,-0.00115348
2018,360,11,1085.93,115.422770,35.656424,134.55,-0.00090282
2018,360,12,1184.65,115.423860,35.656424,149.51,0.00000000
2018,360,13,1283.37,115.424794,35.656694,209.31,-0.00081920
2018,360,14,1382.10,115.425884,35.656694,269.11,-0.00081920
2018,360,15,1480.82,115.426974,35.656694,358.81,0.00081920
2018,360,16,1579.54,115.428065,35.656694,418.61,0.00081920
2018,360,17,1678.26,115.428998,35.656963,448.52,-0.00081920
2018,360,18,1776.98,115.430088,35.656963,478.42,0.00000000
2018,360,19,1875.70,115.431178,35.656963,478.42,0.00081920
2018,360,20,1974.42,115.432112,35.657233,508.32,-0.00081920
2018,360,21,2073.14,115.433202,35.657233,538.22,-0.00081920
2018,360,22,2171.87,115.434292,35.657233,568.12,0.00000000
2018,360,23,2270.59,115.435383,35.657233,538.22,0.00000000
2018,360,24,2369.31,115.436473,35.657233,568.12,0.00045556
2018,360,25,2468.03,115.437563,35.657233,568.12,0.00081920
2018,360,26,2566.75,115.438564,35.657387,568.12,-0.00011661
2018,360,27,2665.47,115.439587,35.657502,568.12,-0.00081920
2018,360,28,2764.19,115.440677,35.657502,538.22,-0.00033894
2018,360,29,2862.91,115.441767,35.657502,508.32,0.00000000
2018,360,30,2961.63,115.442857,35.657502,538.22,0.00081920
2018,360,31,3060.36,115.443948,35.657502,538.22,0.00081920
2018,360,32,3159.08,115.444881,35.657772,508.32,0.00000000
2018,360,33,3257.80,115.445971,35.657772,478.42,0.00089431
2018,360,34,3356.52,115.446905,35.658041,463.47,-0.00000000
2018,360,35,3455.24,115.447840,35.658308,418.61,-0.00088636
2018,360,36,3553.96,115.448928,35.658311,373.76,0.00000000
2018,360,37,3652.68,115.449862,35.658580,328.91,-0.00000795
2018,360,38,3751.40,115.450952,35.658580,299.01,0.00117914
2018,360,39,3850.12,115.451886,35.658850,239.21,0.00204568
2018,360,40,3948.85,115.452773,35.659199,224.26,0.00130763
2018,360,41,4047.57,115.453561,35.659718,164.46,-0.00000233
2018,360,42,4146.29,115.454373,35.660197,194.36,-0.00030787
2018,360,43,4245.01,115.455237,35.660585,224.26,0.00057476
2018,360,44,4343.73,115.456026,35.661104,284.06,0.00043921
2018,360,45,4442.45,115.456814,35.661623,269.11,0.00105156
2018,360,46,4541.17,115.457602,35.662142,313.96,0.00207824
2018,360,47,4639.89,115.458083,35.662892,373.76,0.00205337
2018,361,0,0.00,115.458083,35.662892,358.81,0.00149215
2018,361,1,96.66,115.459055,35.663056,328.91,0.00183258
2018,361,2,193.32,115.459905,35.663431,299.01,0.00093899
2018,361,3,289.98,115.460703,35.663895,343.86,0.00016114
2018,361,4,386.64,115.461576,35.664229,388.71,0.00074827
2018,361,5,483.30,115.462324,35.664779,328.91,-0.00027020
2018,361,6,579.96,115.463124,35.665238,373.76,-0.00060076
2018,361,7,676.62,115.463988,35.665587,358.81,0.00094432
2018,361,8,773.27,115.464771,35.666077,403.66,0.00060076
2018,361,9,869.93,115.465497,35.666665,418.61,-0.00094432
2018,361,10,966.59,115.466319,35.667086,403.66,-0.00028863
2018,361,11,1063.25,115.467162,35.667474,388.71,0.00052476
2018,361,12,1159.91,115.467916,35.668013,388.71,-0.00001740
2018,361,13,1256.57,115.468741,35.668430,418.61,0.00018505
2018,361,14,1353.23,115.469515,35.668934,448.52,0.00030603
2018,361,15,1449.89,115.470289,35.669439,433.57,-0.00000000
2018,361,16,1546.55,115.471063,35.669943,418.61,-0.00000000
2018,361,17,1643.21,115.471837,35.670448,478.42,0.00000000
2018,361,18,1739.87,115.472611,35.670952,448.52,-0.00060076
2018,361,19,1836.53,115.473385,35.671457,448.52,-0.00000000
2018,361,20,1933.19,115.474258,35.671791,448.52,0.00117055
2018,361,21,2029.85,115.474933,35.672466,478.42,-0.00000000
2018,361,22,2126.50,115.475707,35.672971,448.52,0.00000000
2018,361,23,2223.16,115.476481,35.673475,463.47,0.00056979
2018,361,24,2319.82,115.477156,35.674150,493.37,-0.00056979
2018,361,25,2416.48,115.477931,35.674655,508.32,-0.00056979
2018,361,26,2513.14,115.478705,35.675160,448.52,-0.00121797
2018,361,27,2609.80,115.479479,35.675664,508.32,-0.00243334
2018,361,28,2706.46,115.480451,35.675828,553.17,-0.00243075
2018,362,0,0.00,115.458083,35.662892,1794.06,-0.00000000
2018,362,1,77.19,115.457544,35.663431,1046.54,-0.00000000
2018,362,2,154.38,115.457005,35.663970,149.51,-0.00000000
2018,363,0,0.00,115.480451,35.675828,1794.06,0.00000000
2018,363,1,97.12,115.481129,35.675150,1794.06,-0.00106146
2018,363,2,194.24,115.481807,35.674472,1674.46,-0.00218541
2018,363,3,291.35,115.482068,35.673672,702.67,-0.00224790
2018,364,0,0.00,115.480451,35.675828,553.17,-0.00000000
2018,364,1,77.18,115.480990,35.676367,508.32,-0.00000000
2018,364,2,154.37,115.481529,35.676906,553.17,0.00000000
2018,364,3,231.55,115.482068,35.677445,598.02,0.00000000
2018,365,0,0.00,115.482068,35.677445,568.12,0.00132385
2018,365,1,93.40,115.482918,35.677756,612.97,-0.00000000
2018,365,2,186.79,115.483670,35.678238,598.02,-0.00132040
2018,365,3,280.19,115.484619,35.678379,568.12,0.00023225
2018,365,4,373.58,115.485470,35.678691,583.07,0.00132040
2018,365,5,466.98,115.486286,35.679062,553.17,0.00085241
2018,365,6,560.37,115.487072,35.679484,568.12,0.00182488
2018,365,7,653.77,115.487823,35.679966,598.02,0.00255188
2018,365,8,747.17,115.488266,35.680679,672.77,0.00229945
2018,366,0,0.00,115.482068,35.677445,1794.06,0.00125119
2018,366,1,90.76,115.481643,35.678139,1794.06,0.00121913
2018,366,2,181.51,115.481009,35.678773,1300.70,0.00119471
2018,366,3,272.27,115.480375,35.679407,642.87,0.00125140
2018,366,4,363.03,115.479642,35.679870,224.26,0.00130044
2018,367,0,0.00,115.488266,35.680679,717.63,0.00368213
2018,367,1,95.60,115.489322,35.680679,598.02,0.00284025
2018,367,2,191.20,115.490065,35.681218,568.12,0.00085191
2018,367,3,286.80,115.490964,35.681487,568.12,0.00006437
2018,367,4,382.40,115.491730,35.681986,583.07,0.00081966
2018,367,5,478.00,115.492596,35.682313,568.12,0.00083821
2018,367,6,573.60,115.493263,35.682981,583.07,-0.00022320
2018,367,7,669.20,115.494091,35.683374,553.17,-0.00046518
2018,367,8,764.80,115.494833,35.683913,538.22,0.00044207
2018,367,9,860.41,115.495663,35.684302,523.27,-0.00037976
2018,367,10,956.01,115.496330,35.684970,523.27,-0.00209452
2018,367,11,1051.61,115.497295,35.685127,448.52,-0.00056072
2018,367,12,1147.21,115.498161,35.685453,493.37,0.00176756
2018,367,13,1242.81,115.499016,35.685799,433.57,0.00215975
2018,367,14,1338.41,115.499585,35.686338,478.42,0.00218474
2018,368,0,0.00,115.488266,35.680679,1794.06,0.00000000
2018,368,1,84.66,115.487675,35.681270,1794.06,0.00000000
2018,368,2,169.31,115.487084,35.681861,1554.85,-0.00068362
2018,368,3,253.97,115.486493,35.682452,284.06,-0.00140557
2018,368,4,338.63,115.486110,35.683104,119.60,-0.00144389
2018,369,0,0.00,115.499585,35.686338,598.02,0.00887816
2018,369,1,43.69,115.500068,35.686338,478.42,0.00906691
2018,369,2,87.38,115.500394,35.686608,478.42,0.00925566
2018,37,0,0.00,115.116094,35.418730,1659.51,0.00000000
2018,37,1,79.73,115.116094,35.418011,1166.14,0.00000000
2018,37,2,159.47,115.116094,35.417293,1076.44,0.00000000
2018,37,3,239.20,115.116094,35.416574,687.72,0.00000000
2018,370,0,0.00,115.499585,35.686338,1794.06,-0.00000000
2018,370,1,84.65,115.498994,35.686929,1539.90,-0.00000000
2018,370,2,169.31,115.498403,35.687521,1539.90,-0.00240080
2018,370,3,253.96,115.497812,35.688112,538.22,-0.00518498
2018,370,4,338.62,115.497968,35.688764,627.92,-0.00556836
2018,371,0,0.00,115.486110,35.683104,627.92,0.01116685
2018,371,1,50.79,115.485756,35.683289,672.77,0.01013069
2018,371,2,101.58,115.485302,35.683104,568.12,0.00909453
2018,372,0,0.00,115.486110,35.683104,762.48,0.00000000
2018,372,1,38.59,115.486380,35.683374,612.97,0.00000000
2018,372,2,77.18,115.486649,35.683643,612.97,0.00000000
2018,373,0,0.00,115.500394,35.686608,493.37,0.00134287
2018,373,1,89.38,115.501117,35.687062,463.47,0.00129171
2018,373,2,178.75,115.501741,35.687686,478.42,0.00124054
2018,374,0,0.00,115.500394,35.686608,1465.15,-0.00000000
2018,374,1,83.28,115.499812,35.687189,1794.06,-0.00000000
2018,374,2,166.56,115.499230,35.687771,1465.15,0.00071675
2018,374,3,249.83,115.498649,35.688352,717.63,0.00149560
2018,374,4,333.11,115.497968,35.688764,657.82,0.00155771
2018,375,0,0.00,115.497699,35.689033,642.87,0.00000000
2018,375,1,19.29,115.497564,35.689168,358.81,0.00000000
2018,375,2,38.59,115.497429,35.689303,209.31,0.00000000
2018,376,0,0.00,115.497968,35.688764,642.87,-0.00000000
2018,376,1,19.29,115.497833,35.688898,642.87,-0.00000000
2018,376,2,38.59,115.497699,35.689033,642.87,-0.00000000
2018,377,0,0.00,115.497429,35.689303,867.13,0.00539705
2018,377,1,49.20,115.497429,35.689746,612.97,0.00550887
2018,377,2,98.39,115.497160,35.690111,343.86,0.00562068
2018,379,0,0.00,115.497699,35.689033,732.58,-0.00000000
2018,379,1,57.88,115.498103,35.689437,493.37,-0.00000000
2018,379,2,115.77,115.498507,35.689842,493.37,-0.00000000
2018,38,0,0.00,115.116094,35.418730,448.52,-0.00920660
2018,38,1,43.80,115.116421,35.419000,493.37,-0.00901816
2018,38,2,87.59,115.116903,35.419000,358.81,-0.00882973
2018,380,0,0.00,115.497429,35.689303,433.57,-0.00080787
2018,380,1,95.09,115.496567,35.688979,463.47,-0.00060414
2018,380,2,190.19,115.495642,35.688764,523.27,0.00016912
2018,380,3,285.28,115.494748,35.688494,538.22,0.00120999
2018,380,4,380.38,115.493880,35.688179,538.22,0.00149448
2018,380,5,475.47,115.493117,35.687686,568.12,0.00130761
2018,381,0,0.00,115.501741,35.687686,672.77,0.00286460
2018,381,1,85.03,115.502434,35.688109,657.82,0.00282513
2018,381,2,170.06,115.502819,35.688764,598.02,0.00278567
2018,382,0,0.00,115.501741,35.687686,1794.06,0.00000000
2018,382,1,75.01,115.501217,35.688210,1300.70,0.00000000
2018,382,2,150.01,115.500693,35.688733,1300.70,-0.00087434
2018,382,3,225.02,115.500170,35.689257,448.52,-0.00180039
2018,382,4,300.03,115.499855,35.689842,702.67,-0.00185210
2018,383,0,0.00,115.497160,35.690111,553.17,0.00000000
2018,383,1,36.59,115.496755,35.690111,538.22,0.00000000
2018,383,2,73.18,115.496351,35.690111,568.12,0.00000000
2018,384,0,0.00,115.497160,35.690111,508.32,-0.00572801
2018,384,1,75.18,115.497685,35.690636,463.47,-0.00575756
2018,384,2,150.36,115.498507,35.690650,553.17,-0.00578711
2018,385,0,0.00,115.498507,35.689842,553.17,0.00000000
2018,385,1,60.98,115.499181,35.689842,553.17,0.00000000
2018,385,2,121.97,115.499855,35.689842,747.53,0.00000000
2018,386,0,0.00,115.498507,35.689842,373.76,0.00000000
2018,386,1,44.85,115.498507,35.690246,807.33,0.00000000
2018,386,2,89.70,115.498507,35.690650,403.66,0.00000000
2018,387,0,0.00,115.502819,35.688764,657.82,-0.00207104
2018,387,1,92.48,115.503684,35.689033,627.92,-0.00197281
2018,387,2,184.95,115.504705,35.689033,448.52,-0.00187459
2018,388,0,0.00,115.502819,35.688764,1151.19,0.00000000
2018,388,1,88.58,115.502409,35.689443,1136.24,0.00262556
2018,388,2,177.16,115.501999,35.690122,1106.34,0.00373966
2018,388,3,265.74,115.501328,35.690111,867.13,-0.00075567
2018,388,4,354.32,115.500663,35.690650,403.66,-0.00373954
2018,39,0,0.00,115.061926,35.376419,1166.14,0.00000000
2018,39,1,89.70,115.061926,35.375611,1136.24,0.00000000
2018,39,2,179.40,115.061926,35.374802,1061.49,0.00000000
2018,39,3,269.10,115.061926,35.373994,717.63,0.00000000
2018,390,0,0.00,115.499855,35.689842,657.82,0.00000000
2018,390,1,57.88,115.500259,35.690246,493.37,0.00000000
2018,390,2,115.77,115.500663,35.690650,523.27,0.00000000
2018,392,0,0.00,115.498507,35.690650,627.92,-0.00445760
2018,392,1,89.21,115.499179,35.691189,657.82,-0.00670225
2018,392,2,178.42,115.500165,35.691189,478.42,-0.00730738
2018,392,3,267.63,115.500663,35.690650,672.77,-0.00566785
2018,393,0,0.00,115.504705,35.689033,687.72,-0.00196743
2018,393,1,72.83,115.505005,35.689603,627.92,-0.00191194
2018,393,2,145.67,115.505514,35.690111,373.76,-0.00185645
2018,394,0,0.00,115.504705,35.689033,1405.35,0.00302001
2018,394,1,81.48,115.505275,35.688464,747.53,0.00621188
2018,394,2,162.97,115.506035,35.688225,313.96,0.01014016
2018,394,3,244.45,115.506710,35.688612,612.97,0.00778034
2018,394,4,325.93,115.506861,35.689303,373.76,0.00468409
2018,395,0,0.00,115.505514,35.690111,627.92,0.00239256
2018,395,1,86.59,115.505514,35.690892,956.83,0.00387887
2018,395,2,173.18,115.505140,35.691563,792.38,0.00413452
2018,395,3,259.77,115.504436,35.691998,822.28,0.00290385
2018,396,0,0.00,115.505514,35.690111,1614.66,0.00514149
2018,396,1,69.55,115.505791,35.689565,867.13,0.00637830
2018,396,2,139.10,115.506376,35.689356,777.43,0.00494273
2018,396,3,208.65,115.506861,35.689303,538.22,0.00227034
2018,397,0,0.00,115.505514,35.690111,1794.06,0.00396485
2018,397,1,50.79,115.505159,35.690466,1435.25,0.00417995
2018,397,2,101.57,115.504705,35.690650,747.53,0.00439504
2018,398,0,0.00,115.505514,35.690111,179.41,0.00000000
2018,398,1,82.28,115.506188,35.690515,493.37,0.00000000
2018,398,2,164.55,115.506861,35.690920,538.22,0.00000000
2018,399,0,0.00,115.506861,35.689303,463.47,0.00398395
2018,399,1,77.68,115.507503,35.688931,583.07,0.00834603
2018,399,2,155.36,115.508145,35.688969,388.71,0.00936772
2018,399,3,233.05,115.508478,35.689572,493.37,0.00602733
2018,4,0,0.00,115.081060,35.392589,553.17,-0.01066015
2018,4,1,31.56,115.081280,35.392809,717.63,-0.01105304
2018,4,2,63.13,115.081599,35.392859,1016.64,-0.01144593
2018,40,0,0.00,115.061926,35.376419,717.63,-0.00000000
2018,40,1,38.65,115.061656,35.376689,672.77,-0.00000000
2018,40,2,77.30,115.061387,35.376958,627.92,-0.00000000
2018,400,0,0.00,115.506861,35.690920,403.66,-0.00516570
2018,400,1,77.93,115.507197,35.691525,313.96,-0.00527257
2018,400,2,155.86,115.507939,35.691728,313.96,-0.00537944
2018,401,0,0.00,115.506861,35.690920,1794.06,-0.00000000
2018,401,1,72.45,115.507367,35.690414,1151.19,0.00095366
2018,401,2,144.89,115.507873,35.689908,598.02,0.00199753
2018,401,3,217.34,115.508478,35.689572,1046.54,0.00208774
2018,402,0,0.00,115.508478,35.689572,523.27,0.00823865
2018,402,1,71.89,115.509179,35.689734,373.76,0.00724333
2018,402,2,143.78,115.509287,35.690350,627.92,0.00232957
2018,402,3,215.67,115.509556,35.690920,642.87,-0.00158887
2018,404,0,0.00,115.507939,35.691728,612.97,0.00000000
2018,404,1,84.03,115.508317,35.692376,299.01,-0.00184987
2018,404,2,168.06,115.508695,35.693023,209.31,-0.00532071
2018,404,3,252.09,115.509436,35.693345,224.26,-0.00485210
2018,404,4,336.12,115.510365,35.693345,598.02,-0.00276251
2018,405,0,0.00,115.507939,35.691728,1794.06,0.00196573
2018,405,1,94.47,115.508669,35.691189,612.97,0.00200591
2018,405,2,188.95,115.509556,35.690920,373.76,0.00204609
2018,406,0,0.00,115.509556,35.690920,328.91,0.00443950
2018,406,1,87.38,115.510522,35.690920,224.26,0.00453388
2018,406,2,174.75,115.511173,35.691459,254.16,0.00462826
2018,408,0,0.00,115.510365,35.693345,269.11,-0.00317344
2018,408,1,89.21,115.510863,35.693884,239.21,-0.00305580
2018,408,2,178.42,115.511692,35.694154,239.21,-0.00146908
2018,408,3,267.63,115.512521,35.694423,299.01,-0.00000000
2018,409,0,0.00,115.510365,35.693345,1330.60,-0.00220798
2018,409,1,78.46,115.510634,35.692716,642.87,0.00000000
2018,409,2,156.91,115.510634,35.692009,837.23,0.00325550
2018,409,3,235.37,115.511173,35.691459,852.18,0.00430302
2018,41,0,0.00,115.061926,35.373994,598.02,0.00000000
2018,41,1,24.49,115.061656,35.373994,493.37,0.00000000
2018,41,2,48.98,115.061387,35.373994,523.27,0.00000000
2018,410,0,0.00,115.511173,35.691459,493.37,0.00000000
2018,410,1,76.56,115.511906,35.691653,224.26,0.00098321
2018,410,2,153.11,115.512639,35.691846,239.21,0.00374147
2018,410,3,229.67,115.513273,35.692211,254.16,0.00448488
2018,410,4,306.22,115.513599,35.692806,313.96,0.00345326
2018,412,0,0.00,115.512521,35.694423,254.16,-0.00196586
2018,412,1,94.47,115.513251,35.694962,299.01,-0.00200604
2018,412,2,188.94,115.514138,35.695232,523.27,-0.00204623
2018,413,0,0.00,115.512521,35.694423,1240.89,-0.00174042
2018,413,1,71.39,115.513019,35.693925,1210.99,-0.00199211
2018,413,2,142.77,115.513329,35.693371,478.42,-0.00132388
2018,413,3,214.16,115.513599,35.692806,1405.35,-0.00040397
2018,414,0,0.00,115.513599,35.692806,358.81,0.00574249
2018,414,1,62.98,115.514237,35.692905,269.11,0.00554387
2018,414,2,125.96,115.514677,35.693345,284.06,0.00534525
2018,416,0,0.00,115.514138,35.695232,343.86,-0.00244328
2018,416,1,76.55,115.514496,35.695771,388.71,-0.00409157
2018,416,2,153.11,115.515097,35.696191,388.71,-0.00374161
2018,416,3,229.66,115.515874,35.696310,388.71,-0.00000000
2018,416,4,306.21,115.516563,35.696579,418.61,0.00174336
2018,417,0,0.00,115.514138,35.695232,1465.15,-0.00238411
2018,417,1,75.56,115.514407,35.694629,807.33,-0.00119205
2018,417,2,151.12,115.514407,35.693948,762.48,0.00119205
2018,417,3,226.68,115.514677,35.693345,403.66,0.00238411
2018,418,0,0.00,115.514677,35.693345,373.76,0.00212659
2018,418,1,92.10,115.515617,35.693477,553.17,0.00267285
2018,418,2,184.21,115.516398,35.693884,328.91,0.00210244
2018,418,3,276.31,115.517102,35.694423,358.81,0.00098578
2018,420,0,0.00,115.516833,35.696849,388.71,0.00000000
2018,420,1,19.29,115.516698,35.696714,538.22,0.00000000
2018,420,2,38.59,115.516563,35.696579,523.27,0.00000000
2018,421,0,0.00,115.516563,35.696579,792.38,0.00000000
2018,421,1,85.53,115.516563,35.695808,568.12,0.00179689
2018,421,2,171.06,115.516563,35.695037,897.03,0.00363177
2018,421,3,256.58,115.517102,35.694423,777.43,0.00366975
2018,422,0,0.00,115.516833,35.696849,1480.10,-0.00174043
2018,422,1,71.38,115.517331,35.696350,1405.35,-0.00199210
2018,422,2,142.77,115.517641,35.695797,1240.89,-0.00132386
2018,422,3,214.15,115.517911,35.695232,642.87,-0.00040394
2018,423,0,0.00,115.516833,35.696849,388.71,-0.00332133
2018,423,1,87.37,115.517443,35.697459,388.71,-0.00431166
2018,423,2,174.74,115.518293,35.697657,418.61,-0.00341284
2018,423,3,262.11,115.519258,35.697657,717.63,-0.00152370
2018,424,0,0.00,115.517102,35.694423,373.76,0.00451256
2018,424,1,65.73,115.517641,35.694717,373.76,0.00438776
2018,424,2,131.47,115.517911,35.695232,448.52,0.00426296
2018,426,0,0.00,115.517911,35.695232,657.82,0.00491681
2018,426,1,81.09,115.518493,35.695232,568.12,0.00548804
2018,426,2,162.17,115.519142,35.695655,553.17,0.00581708
2018,426,3,243.26,115.519528,35.696274,642.87,0.00516986
2018,426,4,324.34,115.519528,35.697004,822.28,0.00341442
2018,426,5,405.43,115.519258,35.697657,1076.44,0.00206402
2018,427,0,0.00,115.519258,35.697657,538.22,-0.00070922
2018,427,1,91.85,115.519528,35.698407,553.17,-0.00203663
2018,427,2,183.69,115.519915,35.699122,448.52,-0.00198188
2018,427,3,275.54,115.520655,35.699593,463.47,0.00137282
2018,427,4,367.39,115.521145,35.700279,403.66,0.00152378
2018,427,5,459.24,115.521414,35.701028,328.91,-0.00093986
2018,427,6,551.08,115.521953,35.701699,269.11,-0.00158194
2018,428,0,0.00,115.521953,35.701699,1360.50,0.00000000
2018,428,1,60.97,115.522627,35.701699,1240.89,0.00000000
2018,428,2,121.95,115.523301,35.701699,807.33,0.00000000
2018,429,0,0.00,115.521953,35.701699,313.96,0.00097727
2018,429,1,99.51,115.522223,35.702518,224.26,0.00067772
2018,429,2,199.02,115.522299,35.703393,209.31,-0.00029404
2018,429,3,298.54,115.522492,35.704234,209.31,-0.00000000
2018,429,4,398.05,115.522762,35.705052,239.21,0.00107706
2018,429,5,497.56,115.522762,35.705949,254.16,-0.00000000
2018,429,6,597.07,115.522782,35.706840,254.16,-0.00054437
2018,429,7,696.59,115.523031,35.707665,269.11,0.00128056
2018,429,8,796.10,115.523031,35.708561,269.11,0.00166285
2018,429,9,895.61,115.522762,35.709380,284.06,0.00000000
2018,429,10,995.12,115.522589,35.710227,254.16,-0.00019226
2018,429,11,1094.63,115.522492,35.711096,209.31,0.00067772
2018,429,12,1194.15,115.522223,35.711914,269.11,-0.00023960
2018,429,13,1293.66,115.521953,35.712733,284.06,-0.00131800
2018,429,14,1393.17,115.521953,35.713630,299.01,-0.00000000
2018,429,15,1492.68,115.521953,35.714527,299.01,0.00114333
2018,429,16,1592.20,115.521684,35.715345,358.81,-0.00000000
2018,429,17,1691.71,115.521483,35.716184,358.81,-0.00082367
2018,429,18,1791.22,115.521414,35.717061,433.57,-0.00064122
2018,43,0,0.00,115.116094,35.416574,508.32,0.00374927
2018,43,1,71.28,115.116879,35.416574,358.81,0.00512703
2018,43,2,142.55,115.117484,35.416886,568.12,0.00433235
2018,43,3,213.83,115.117981,35.417383,538.22,0.00215990
2018,430,0,0.00,115.521414,35.717061,1255.84,0.00353349
2018,430,1,68.06,115.522166,35.717061,1285.75,0.00372290
2018,430,2,136.12,115.522762,35.717330,867.13,0.00391232
2018,431,0,0.00,115.521414,35.717061,388.71,-0.00384184
2018,431,1,83.44,115.520875,35.717656,388.71,-0.00381051
2018,431,2,166.87,115.520875,35.718408,433.57,-0.00377918
2018,432,0,0.00,115.520875,35.718408,523.27,-0.00531539
2018,432,1,80.75,115.520113,35.718631,433.57,-0.00643591
2018,432,2,161.49,115.519797,35.719268,433.57,-0.00395343
2018,432,3,242.24,115.519797,35.719995,373.76,-0.00017522
2018,432,4,322.98,115.519528,35.720645,403.66,-0.00097985
2018,432,5,403.73,115.519528,35.721373,463.47,-0.00195970
2018,433,0,0.00,115.520875,35.718408,672.77,0.00000000
2018,433,1,85.61,115.521473,35.719006,837.23,0.00147200
2018,433,2,171.21,115.522071,35.719604,553.17,0.00351510
2018,433,3,256.82,115.522223,35.720331,418.61,0.00252370
2018,433,4,342.42,115.522223,35.721103,403.66,0.00096121
2018,434,0,0.00,115.519528,35.721373,568.12,-0.00216309
2018,434,1,69.54,115.519805,35.721919,702.67,-0.00313835
2018,434,2,139.08,115.520290,35.722405,1016.64,-0.00319431
2018,434,3,208.62,115.520875,35.722720,971.78,-0.00227501
2018,435,0,0.00,115.519528,35.721373,612.97,-0.00286493
2018,435,1,85.02,115.518835,35.721796,553.17,-0.00282539
2018,435,2,170.03,115.518450,35.722451,433.57,-0.00278584
2018,436,0,0.00,115.519528,35.721373,1375.45,0.00033806
2018,436,1,88.73,115.520508,35.721373,1151.19,0.00414356
2018,436,2,177.46,115.521461,35.721420,867.13,0.01066824
2018,436,3,266.19,115.521495,35.722100,478.42,0.00856295
2018,436,4,354.92,115.520875,35.722720,523.27,0.00373849
2018,437,0,0.00,115.520875,35.722720,687.72,0.00220729
2018,437,1,78.45,115.521145,35.723349,493.37,0.00428558
2018,437,2,156.90,115.521145,35.724056,418.61,0.00533284
2018,437,3,235.35,115.520606,35.724606,418.61,0.00430183
2018,439,0,0.00,115.518450,35.722451,523.27,-0.00000000
2018,439,1,88.74,115.518180,35.723172,418.61,-0.00000000
2018,439,2,177.48,115.517911,35.723894,418.61,-0.00085745
2018,439,3,266.22,115.517641,35.724615,568.12,-0.00166576
2018,439,4,354.96,115.517641,35.725415,598.02,-0.00161661
2018,44,0,0.00,115.116094,35.416574,433.57,-0.00000000
2018,44,1,81.93,115.115424,35.416173,418.61,-0.00197257
2018,44,2,163.86,115.114754,35.415773,388.71,-0.00382034
2018,44,3,245.78,115.113856,35.415766,373.76,-0.00187721
2018,44,4,327.71,115.112954,35.415766,403.66,-0.00002944
2018,44,5,409.64,115.112052,35.415766,373.76,0.00000000
2018,440,0,0.00,115.518450,35.722451,837.23,0.00000000
2018,440,1,77.17,115.518989,35.722989,867.13,0.00000000
2018,440,2,154.33,115.519528,35.723528,986.73,0.00000000
2018,440,3,231.50,115.520067,35.724067,837.23,-0.00000000
2018,440,4,308.66,115.520606,35.724606,956.83,-0.00000000
2018,441,0,0.00,115.520606,35.724606,433.57,0.00071258
2018,441,1,77.92,115.520232,35.725145,568.12,0.00200575
2018,441,2,155.83,115.519797,35.725635,598.02,0.00326494
2018,441,3,233.75,115.519154,35.725954,672.77,0.00195624
2018,441,4,311.66,115.518450,35.726223,747.53,0.00068150
2018,443,0,0.00,115.517641,35.725415,792.38,0.00000000
2018,443,1,57.87,115.518045,35.725819,792.38,0.00000000
2018,443,2,115.75,115.518450,35.726223,1031.59,0.00000000
2018,444,0,0.00,115.517641,35.725415,627.92,-0.00271571
2018,444,1,82.48,115.516887,35.725684,523.27,-0.00484124
2018,444,2,164.96,115.516294,35.726227,553.17,-0.00528512
2018,444,3,247.44,115.516294,35.726971,598.02,-0.00124058
2018,444,4,329.92,115.516183,35.727682,433.57,0.00073312
2018,444,5,412.40,115.516024,35.728379,538.22,0.00034393
2018,445,0,0.00,115.518450,35.726223,598.02,-0.00000000
2018,445,1,83.43,115.518719,35.726897,657.82,-0.00000000
2018,445,2,166.87,115.518989,35.727571,493.37,-0.00000000
2018,446,0,0.00,115.516024,35.728379,538.22,-0.00136974
2018,446,1,99.25,115.515485,35.729117,508.32,-0.00138086
2018,446,2,198.49,115.515216,35.729934,463.47,-0.00069599
2018,446,3,297.74,115.514946,35.730750,478.42,-0.00000000
2018,446,4,396.99,115.514677,35.731566,448.52,-0.00132470
2018,446,5,496.24,115.514407,35.732383,418.61,-0.00264940
2018,446,6,595.48,115.514677,35.733199,463.47,-0.00183226
2018,446,7,694.73,115.514946,35.734015,403.66,-0.00069599
2018,446,8,793.98,115.515412,35.734774,328.91,-0.00006311
2018,446,9,893.23,115.515755,35.735569,224.26,-0.00125648
2018,446,10,992.47,115.516172,35.736343,179.41,-0.00259008
2018,446,11,1091.72,115.516965,35.736866,149.51,-0.00153884
2018,446,12,1190.97,115.517757,35.737389,179.41,-0.00115259
2018,446,13,1290.22,115.518608,35.737812,209.31,-0.00047787
2018,446,14,1389.46,115.519541,35.738094,239.21,0.00031107
2018,446,15,1488.71,115.520333,35.738617,239.21,0.00002189
2018,446,16,1587.96,115.521271,35.738890,254.16,0.00054318
2018,446,17,1687.21,115.522054,35.739429,239.21,-0.00073249
2018,446,18,1786.45,115.522909,35.739845,299.01,-0.00100625
2018,446,19,1885.70,115.523900,35.740028,343.86,-0.00040976
2018,446,20,1984.95,115.524718,35.740507,358.81,-0.00212351
2018,446,21,2084.20,115.525815,35.740507,388.71,-0.00149928
2018,446,22,2183.44,115.526912,35.740507,358.81,0.00000000
2018,446,23,2282.69,115.528009,35.740507,328.91,0.00000000
2018,446,24,2381.94,115.529106,35.740507,269.11,0.00081034
2018,446,25,2481.19,115.530203,35.740507,299.01,0.00081034
2018,446,26,2580.43,115.531143,35.740776,299.01,-0.00081034
2018,446,27,2679.68,115.532241,35.740776,328.91,-0.00081034
2018,446,28,2778.93,115.533338,35.740776,328.91,0.00000000
2018,446,29,2878.17,115.534435,35.740776,358.81,0.00000000
2018,446,30,2977.42,115.535532,35.740776,388.71,0.00000000
2018,446,31,3076.67,115.536629,35.740776,358.81,0.00000000
2018,446,32,3175.92,115.537726,35.740776,388.71,-0.00081034
2018,446,33,3275.16,115.538823,35.740776,388.71,-0.00081034
2018,446,34,3374.41,115.539763,35.740507,388.71,-0.00000000
2018,446,35,3473.66,115.540860,35.740507,418.61,-0.00000000
2018,446,36,3572.91,115.541801,35.740237,418.61,0.00081034
2018,446,37,3672.15,115.542898,35.740237,448.52,0.00000000
2018,446,38,3771.40,115.543995,35.740237,478.42,-0.00081034
2018,446,39,3870.65,115.544935,35.739968,478.42,0.00081034
2018,446,40,3969.90,115.546032,35.739968,478.42,0.00081034
2018,446,41,4069.14,115.547129,35.739968,508.32,-0.00081034
2018,446,42,4168.39,115.548226,35.739968,478.42,-0.00083744
2018,446,43,4267.64,115.549166,35.739698,508.32,-0.00000000
2018,446,44,4366.89,115.550259,35.739690,478.42,-0.00083683
2018,446,45,4466.13,115.551204,35.739429,478.42,-0.00005322
2018,446,46,4565.38,115.552144,35.739159,508.32,0.00086394
2018,446,47,4664.63,115.553231,35.739142,478.42,-0.00082634
2018,446,48,4763.88,115.554181,35.738890,493.37,-0.00089294
2018,446,49,4863.12,115.555114,35.738607,463.47,0.00092003
2018,446,50,4962.37,115.556061,35.738351,448.52,0.00089294
2018,446,51,5061.62,115.557158,35.738351,388.71,-0.00004047
2018,446,52,5160.87,115.558099,35.738081,358.81,-0.00000000
2018,446,53,5260.11,115.559196,35.738081,358.81,-0.00000000
2018,446,54,5359.36,115.560136,35.737812,343.86,0.00000000
2018,446,55,5458.61,115.561233,35.737812,313.96,-0.00132017
2018,446,56,5557.85,115.562173,35.737542,358.81,-0.00102037
2018,446,57,5657.10,115.563041,35.737148,358.81,0.00044061
2018,446,58,5756.35,115.564032,35.736966,388.71,-0.00044479
2018,446,59,5855.60,115.564923,35.736613,403.66,-0.00000000
2018,446,60,5954.84,115.565815,35.736261,403.66,0.00058561
2018,446,61,6054.09,115.566806,35.736078,418.61,-0.00058561
2018,446,62,6153.34,115.567697,35.735726,433.57,-0.00058561
2018,446,63,6252.59,115.568589,35.735373,448.52,0.00058561
2018,446,64,6351.83,115.569481,35.735020,418.61,0.00058561
2018,446,65,6451.08,115.570472,35.734838,388.71,-0.00058561
2018,446,66,6550.33,115.571363,35.734485,403.66,-0.00058561
2018,446,67,6649.58,115.572255,35.734132,373.76,0.00000000
2018,446,68,6748.82,115.573147,35.733780,418.61,-0.00000000
2018,446,69,6848.07,115.574038,35.733427,463.47,-0.00058449
2018,446,70,6947.32,115.574930,35.733074,433.57,-0.00058449
2018,446,71,7046.57,115.575722,35.732551,418.61,0.00071134
2018,446,72,7145.81,115.576614,35.732199,403.66,0.00058449
2018,446,73,7245.06,115.577527,35.731883,418.61,-0.00025365
2018,446,74,7344.31,115.578397,35.731493,433.57,-0.00000000
2018,446,75,7443.56,115.579289,35.731141,418.61,-0.00045496
2018,446,76,7542.80,115.580181,35.730788,418.61,-0.00058449
2018,446,77,7642.05,115.580974,35.730266,448.52,-0.00000548
2018,446,78,7741.30,115.581865,35.729912,448.52,-0.00000000
2018,446,79,7840.55,115.582657,35.729389,493.37,0.00000274
2018,446,80,7939.79,115.583549,35.729037,478.42,-0.00017303
2018,446,81,8039.04,115.584342,35.728514,478.42,-0.00000000
2018,446,82,8138.29,115.585203,35.728110,508.32,0.00040244
2018,446,83,8237.53,115.586026,35.727638,493.37,0.00000000
2018,446,84,8336.78,115.586927,35.727301,448.52,-0.00090140
2018,446,85,8436.03,115.587710,35.726762,478.42,-0.00134399
2018,447,0,0.00,115.516024,35.728379,1106.34,-0.00472169
2018,447,1,86.41,115.516665,35.728918,1689.41,-0.00562759
2018,447,2,172.83,115.517621,35.728918,986.73,-0.00560667
2018,447,3,259.24,115.518430,35.728668,523.27,-0.00581782
2018,447,4,345.65,115.518989,35.728193,403.66,-0.00575379
2018,447,5,432.06,115.518989,35.727571,478.42,-0.00455179
2018,448,0,0.00,115.518989,35.727571,1061.49,0.00000000
2018,448,1,24.38,115.519258,35.727571,1031.59,0.00000000
2018,448,2,48.76,115.519528,35.727571,941.88,0.00000000
2018,45,0,0.00,115.116903,35.419000,1794.06,0.00205147
2018,45,1,71.45,115.117193,35.418440,1315.65,0.00102573
2018,45,2,142.91,115.117691,35.417942,1091.39,-0.00102573
2018,45,3,214.36,115.117981,35.417383,702.67,-0.00205147
2018,450,0,0.00,115.587710,35.726762,1719.31,0.00125900
2018,450,1,94.21,115.587052,35.726104,1719.31,0.00172511
2018,450,2,188.41,115.586632,35.725377,1106.34,0.00152723
2018,450,3,282.62,115.586362,35.724606,717.63,0.00086325
2018,451,0,0.00,115.587710,35.726762,478.42,-0.00343668
2018,451,1,97.21,115.588587,35.726424,493.37,-0.00334765
2018,451,2,194.41,115.589057,35.725684,508.32,-0.00325863
2018,452,0,0.00,115.589057,35.725684,478.42,-0.00304287
2018,452,1,99.12,115.590047,35.725503,463.47,-0.00174564
2018,452,2,198.24,115.590778,35.724876,448.52,0.00092971
2018,452,3,297.36,115.591730,35.724629,418.61,0.00174564
2018,452,4,396.48,115.592656,35.724337,388.71,-0.00000000
2018,452,5,495.60,115.593710,35.724266,373.76,-0.00127603
2018,452,6,594.72,115.594533,35.723798,358.81,0.00000000
2018,452,7,693.84,115.595472,35.723528,299.01,0.00157966
2018,452,8,792.96,115.596411,35.723259,269.11,0.00170784
2018,452,9,892.08,115.597507,35.723259,239.21,0.00162496
2018,452,10,991.21,115.598602,35.723259,209.31,0.00170784
2018,452,11,1090.33,115.599541,35.723528,149.51,0.00081915
2018,452,12,1189.45,115.600480,35.723798,149.51,-0.00037366
2018,452,13,1288.57,115.601432,35.724045,239.21,0.00015266
2018,452,14,1387.69,115.602422,35.724227,254.16,0.00152758
2018,452,15,1486.81,115.603296,35.724606,299.01,0.00098219
2018,452,16,1585.93,115.604104,35.725101,299.01,-0.00007070
2018,452,17,1685.05,115.604995,35.725453,313.96,0.00009528
2018,452,18,1784.17,115.605799,35.725954,299.01,-0.00015350
2018,452,19,1883.29,115.606678,35.726326,343.86,0.00056960
2018,452,20,1982.41,115.607519,35.726762,328.91,0.00051546
2018,452,21,2081.53,115.608261,35.727371,343.86,-0.00056960
2018,452,22,2180.65,115.609152,35.727723,388.71,0.00027833
2018,452,23,2279.77,115.609943,35.728245,358.81,0.00056960
2018,452,24,2378.89,115.610735,35.728767,388.71,-0.00027877
2018,452,25,2478.01,115.611526,35.729289,403.66,-0.00022243
2018,452,26,2577.13,115.612367,35.729727,388.71,-0.00000619
2018,452,27,2676.25,115.613149,35.730266,388.71,0.00033212
2018,452,28,2775.37,115.614001,35.730685,373.76,0.00028495
2018,452,29,2874.49,115.614713,35.731344,373.76,-0.00056505
2018,452,30,2973.62,115.615584,35.731729,418.61,0.00000000
2018,452,31,3072.74,115.616375,35.732251,418.61,0.00045536
2018,452,32,3171.86,115.617167,35.732774,433.57,-0.00015978
2018,452,33,3270.98,115.617959,35.733296,403.66,-0.00056960
2018,452,34,3370.10,115.618778,35.733769,433.57,0.00026947
2018,452,35,3469.22,115.619641,35.734170,448.52,0.00024755
2018,452,36,3568.34,115.620342,35.734847,418.61,-0.00062897
2018,452,37,3667.46,115.621281,35.735117,448.52,0.00063448
2018,452,38,3766.58,115.622016,35.735736,463.47,0.00105955
2018,452,39,3865.70,115.622808,35.736258,493.37,0.00022783
2018,452,40,3964.82,115.623500,35.736951,493.37,-0.00054027
2018,452,41,4063.94,115.624292,35.737473,448.52,-0.00109604
2018,452,42,4163.06,115.625083,35.737995,493.37,0.00000000
2018,452,43,4262.18,115.625972,35.738351,448.52,0.00108359
2018,452,44,4361.30,115.626666,35.739039,493.37,-0.00000000
2018,452,45,4460.42,115.627458,35.739561,448.52,-0.00052781
2018,452,46,4559.54,115.628250,35.740083,508.32,0.00000000
2018,452,47,4658.66,115.629041,35.740605,448.52,0.00000000
2018,452,48,4757.78,115.629833,35.741128,508.32,0.00054027
2018,452,49,4856.91,115.630625,35.741650,463.47,0.00000000
2018,452,50,4956.03,115.631317,35.742342,493.37,-0.00110986
2018,452,51,5055.15,115.632208,35.742694,463.47,-0.00000000
2018,452,52,5154.27,115.632999,35.743216,478.42,0.00056960
2018,452,53,5253.39,115.633791,35.743738,478.42,0.00011750
2018,452,54,5352.51,115.634583,35.744260,448.52,0.00054027
2018,452,55,5451.63,115.635353,35.744819,448.52,0.00031105
2018,452,56,5550.75,115.636067,35.745475,478.42,-0.00054027
2018,452,57,5649.87,115.636858,35.745997,448.52,-0.00042855
2018,452,58,5748.99,115.637650,35.746519,463.47,-0.00000000
2018,452,59,5848.11,115.638441,35.747041,448.52,0.00000000
2018,452,60,5947.23,115.639233,35.747563,478.42,0.00000000
2018,452,61,6046.35,115.640025,35.748085,493.37,0.00000000
2018,452,62,6145.47,115.640816,35.748608,478.42,0.00054027
2018,452,63,6244.59,115.641608,35.749130,508.32,0.00011220
2018,452,64,6343.71,115.642300,35.749822,523.27,-0.00110986
2018,452,65,6442.83,115.643171,35.750208,508.32,-0.00079968
2018,452,66,6541.95,115.643983,35.750696,493.37,0.00000000
2018,452,67,6641.07,115.644874,35.751048,478.42,-0.00021299
2018,452,68,6740.19,115.645665,35.751570,433.57,-0.00027276
2018,452,69,6839.32,115.646612,35.751825,403.66,0.00010667
2018,452,70,6938.44,115.647394,35.752364,373.76,-0.00003824
2018,452,71,7037.56,115.648333,35.752634,358.81,0.00000000
2018,452,72,7136.68,115.649129,35.753148,343.86,-0.00027500
2018,452,73,7235.80,115.650053,35.753442,358.81,-0.00016428
2018,452,74,7334.92,115.650911,35.753851,328.91,-0.00011997
2018,452,75,7434.04,115.651802,35.754203,313.96,-0.00060178
2018,452,76,7533.16,115.652713,35.754520,269.11,-0.00034824
2018,452,77,7632.28,115.653652,35.754790,269.11,0.00076606
2018,452,78,7731.40,115.654574,35.755088,224.26,0.00072989
2018,452,79,7830.52,115.655372,35.755598,179.41,-0.00092971
2018,452,80,7929.64,115.656311,35.755868,239.21,-0.00110602
2018,452,81,8028.76,115.657250,35.756137,179.41,-0.00089536
2018,452,82,8127.88,115.658236,35.756325,194.36,-0.00035568
2018,452,83,8227.00,115.659285,35.756407,209.31,-0.00000000
2018,452,84,8326.12,115.660223,35.756676,179.41,-0.00107573
2018,452,85,8425.24,115.661319,35.756676,209.31,0.00000000
2018,452,86,8524.36,115.662415,35.756676,269.11,0.00081248
2018,452,87,8623.48,115.663354,35.756946,239.21,-0.00081248
2018,452,88,8722.61,115.664450,35.756946,299.01,-0.00000000
2018,452,89,8821.73,115.665545,35.756946,299.01,0.00081248
2018,452,90,8920.85,115.666484,35.757215,299.01,-0.00081248
2018,452,91,9019.97,115.667580,35.757215,328.91,-0.00056545
2018,452,92,9119.09,115.668676,35.757215,358.81,0.00081248
2018,452,93,9218.21,115.669722,35.757301,373.76,0.00117004
2018,452,94,9317.33,115.670710,35.757485,388.71,-0.00000000
2018,452,95,9416.45,115.671649,35.757754,388.71,-0.00141707
2018,452,96,9515.57,115.672745,35.757754,388.71,0.00000000
2018,452,97,9614.69,115.673841,35.757754,418.61,0.00081248
2018,452,98,9713.81,115.674780,35.758024,418.61,-0.00070666
2018,452,99,9812.93,115.675875,35.758024,448.52,0.00000000
2018,452,100,9912.05,115.676950,35.758061,403.66,0.00058903
2018,452,101,10011.17,115.677910,35.758293,448.52,-0.00000000
2018,452,102,10110.29,115.679006,35.758293,478.42,0.00101299
2018,452,103,10209.41,115.679945,35.758563,448.52,0.00000000
2018,452,104,10308.53,115.680883,35.758832,478.42,-0.00170784
2018,452,105,10407.65,115.681979,35.758832,448.52,-0.00081248
2018,452,106,10506.77,115.683075,35.758832,448.52,0.00000000
2018,452,107,10605.90,115.684171,35.758832,478.42,0.00081248
2018,452,108,10705.02,115.685267,35.758832,508.32,0.00081248
2018,452,109,10804.14,115.686206,35.759102,538.22,0.00000000
2018,452,110,10903.26,115.687301,35.759102,538.22,0.00089536
2018,452,111,11002.38,115.688240,35.759371,493.37,0.00089536
2018,452,112,11101.50,115.689179,35.759641,478.42,0.00000000
2018,452,113,11200.62,115.690118,35.759910,433.57,0.00000000
2018,453,0,0.00,115.589057,35.725684,1480.10,0.00236754
2018,453,1,81.34,115.588489,35.725116,1554.85,0.00232721
2018,453,2,162.69,115.588249,35.724453,852.18,0.00103108
2018,453,3,244.03,115.587979,35.723798,224.26,-0.00022472
2018,454,0,0.00,115.690118,35.759910,1794.06,-0.00204311
2018,454,1,79.09,115.690118,35.760623,1315.65,-0.00210645
2018,454,2,158.18,115.690387,35.761258,807.33,-0.00216978
2018,455,0,0.00,115.690118,35.759910,568.12,0.00183167
2018,455,1,98.06,115.691045,35.759641,478.42,0.00257721
2018,455,2,196.12,115.692129,35.759641,478.42,0.00166137
2018,455,3,294.18,115.693057,35.759910,508.32,-0.00000000
2018,455,4,392.24,115.694141,35.759910,478.42,0.00022075
2018,455,5,490.30,115.695068,35.760180,478.42,0.00000000
2018,455,6,588.36,115.696113,35.760247,433.57,0.00004084
2018,455,7,686.42,115.697080,35.760449,478.42,-0.00000000
2018,455,8,784.48,115.698079,35.760595,448.52,0.00058366
2018,455,9,882.54,115.699091,35.760719,448.52,0.00279933
2018,455,10,980.60,115.699945,35.761114,478.42,0.00388645
2018,455,11,1078.66,115.700628,35.761800,373.76,0.00302207
2018,455,12,1176.72,115.700898,35.762605,224.26,0.00217941
2018,456,0,0.00,115.700898,35.762605,1330.60,0.00889210
2018,456,1,43.66,115.701380,35.762605,941.88,0.00908094
2018,456,2,87.32,115.701706,35.762875,328.91,0.00926978
2018,457,0,0.00,115.700898,35.762605,1001.69,-0.00269648
2018,457,1,98.38,115.700628,35.763414,149.51,-0.00269648
2018,457,2,196.76,115.700898,35.764222,209.31,-0.00269648
2018,458,0,0.00,115.700898,35.764222,1510.00,0.00000000
2018,458,1,48.74,115.701437,35.764222,1450.20,0.00000000
2018,458,2,97.48,115.701976,35.764222,358.81,0.00000000
2018,459,0,0.00,115.700898,35.764222,553.17,-0.00505753
2018,459,1,87.76,115.700359,35.764857,179.41,-0.00515219
2018,459,2,175.53,115.700628,35.765570,313.96,-0.00524684
2018,46,0,0.00,115.116903,35.419000,418.61,-0.00024236
2018,46,1,89.65,115.117726,35.419283,328.91,-0.00128200
2018,46,2,179.31,115.118565,35.419539,328.91,-0.00116082
2018,46,3,268.96,115.119552,35.419539,358.81,-0.00094244
2018,46,4,358.61,115.120392,35.419794,523.27,-0.00296159
2018,46,5,448.27,115.121215,35.419539,568.12,-0.00403830
2018,460,0,0.00,115.700628,35.765570,1659.51,0.00532980
2018,460,1,55.84,115.701246,35.765570,986.73,0.00557626
2018,460,2,111.69,115.701706,35.765839,702.67,0.00582273
2018,461,0,0.00,115.700628,35.765570,209.31,-0.00221668
2018,461,1,99.40,115.700142,35.766325,254.16,-0.00211150
2018,461,2,198.81,115.700089,35.767205,299.01,-0.00131976
2018,461,3,298.21,115.700007,35.768077,313.96,-0.00051937
2018,461,4,397.62,115.700089,35.768841,328.91,0.00064115
2018,461,5,497.02,115.700089,35.769737,418.61,0.00020278
2018,461,6,596.43,115.699820,35.770554,388.71,-0.00064115
2018,461,7,695.83,115.700089,35.771372,478.42,0.00064115
2018,461,8,795.24,115.699820,35.772190,478.42,0.00064115
2018,461,9,894.64,115.699820,35.773086,508.32,0.00012823
2018,461,10,994.05,115.699550,35.773903,478.42,0.00000000
2018,461,11,1093.45,115.699498,35.774784,493.37,0.00005759
2018,461,12,1192.86,115.699281,35.775617,508.32,-0.00000000
2018,461,13,1292.26,115.699154,35.776476,508.32,-0.00049326
2018,461,14,1391.67,115.699011,35.777331,523.27,0.00000000
2018,461,15,1491.07,115.699011,35.778227,583.07,0.00098604
2018,461,16,1590.48,115.698742,35.779044,598.02,0.00135722
2018,462,0,0.00,115.698742,35.779044,1390.40,0.00149993
2018,462,1,84.76,115.699433,35.779466,1166.14,0.00036548
2018,462,2,169.53,115.700025,35.780059,1181.09,-0.00313372
2018,462,3,254.29,115.700769,35.780392,1345.55,-0.00415722
2018,462,4,339.06,115.701706,35.780392,807.33,-0.00281595
2018,463,0,0.00,115.698742,35.779044,553.17,0.00000000
2018,463,1,85.52,115.698472,35.779737,598.02,-0.00092427
2018,463,2,171.04,115.698203,35.780430,598.02,-0.00179517
2018,463,3,256.55,115.698203,35.781200,642.87,-0.00174180
2018,464,0,0.00,115.698203,35.781200,717.63,-0.00201697
2018,464,1,99.53,115.697507,35.781896,672.77,-0.00207704
2018,464,2,199.07,115.697230,35.782712,687.72,-0.00053229
2018,464,3,298.60,115.696952,35.783529,642.87,0.00089711
2018,464,4,398.14,115.696465,35.784285,598.02,0.00000000
2018,464,5,497.67,115.696047,35.785061,642.87,0.00065978
2018,464,6,597.20,115.695701,35.785858,598.02,0.00044197
2018,464,7,696.74,115.694969,35.786401,568.12,-0.00227495
2018,464,8,796.27,115.694838,35.787260,538.22,-0.00201233
2018,464,9,895.81,115.694699,35.788117,448.52,0.00067662
2018,464,10,995.34,115.694699,35.789014,418.61,0.00099266
2018,464,11,1094.87,115.694160,35.789755,448.52,-0.00067662
2018,464,12,1194.41,115.694160,35.790652,418.61,-0.00067662
2018,464,13,1293.94,115.693891,35.791471,373.76,-0.00063931
2018,464,14,1393.48,115.693891,35.792368,418.61,0.00041973
2018,464,15,1493.01,115.693891,35.793265,463.47,0.00176870
2018,464,16,1592.55,115.693453,35.794035,478.42,0.00051591
2018,464,17,1692.08,115.693175,35.794852,478.42,-0.00089911
2018,464,18,1791.61,115.692813,35.795644,463.47,-0.00093564
2018,464,19,1891.15,115.692813,35.796541,448.52,0.00044634
2018,464,20,1990.68,115.692543,35.797360,478.42,0.00067662
2018,464,21,2090.22,115.692274,35.798178,418.61,-0.00000000
2018,465,0,0.00,115.698203,35.781200,1046.54,0.00000000
2018,465,1,85.27,115.698798,35.781796,1016.64,-0.00068250
2018,465,2,170.53,115.699394,35.782392,1136.24,-0.00142323
2018,465,3,255.80,115.700089,35.782817,1031.59,-0.00148145
2018,466,0,0.00,115.692274,35.798178,1794.06,0.00000000
2018,466,1,73.08,115.691465,35.798178,1315.65,0.00000000
2018,466,2,146.16,115.690657,35.798178,657.82,-0.00000000
2018,466,3,219.24,115.689848,35.798178,,0.00000000
2018,467,0,0.00,115.692274,35.798178,478.42,0.00238122
2018,467,1,75.55,115.692543,35.798781,388.71,0.00119061
2018,467,2,151.10,115.692543,35.799462,358.81,-0.00119061
2018,467,3,226.65,115.692813,35.800065,358.81,-0.00238122
2018,468,0,0.00,115.700089,35.782817,837.23,0.00043541
2018,468,1,93.13,115.700531,35.783529,867.13,0.00150697
2018,468,2,186.25,115.700898,35.784262,672.77,0.00302971
2018,468,3,279.38,115.700898,35.785101,627.92,0.00198492
2018,468,4,372.50,115.700628,35.785862,612.97,-0.00000000
2018,468,5,465.63,115.700542,35.786676,598.02,0.00028037
2018,468,6,558.75,115.700359,35.787462,553.17,0.00000000
2018,468,7,651.88,115.700089,35.788224,493.37,-0.00052485
2018,468,8,745.01,115.700089,35.789063,418.61,0.00077587
2018,468,9,838.13,115.699820,35.789824,418.61,0.00155175
2018,469,0,0.00,115.700089,35.782817,1001.69,0.00000000
2018,469,1,87.30,115.700898,35.782548,986.73,0.00000000
2018,469,2,174.60,115.701706,35.782278,792.38,0.00000000
2018,47,0,0.00,115.061387,35.376958,508.32,0.00000000
2018,47,1,73.46,115.060578,35.376958,508.32,0.00000000
2018,47,2,146.93,115.059770,35.376958,568.12,0.00000000
2018,47,3,220.39,115.058961,35.376958,478.42,0.00000000
2018,470,0,0.00,115.692813,35.800065,702.67,0.00240833
2018,470,1,67.66,115.693385,35.800368,448.52,0.00120416
2018,470,2,135.33,115.693858,35.800840,418.61,-0.00120416
2018,470,3,202.99,115.694430,35.801143,388.71,-0.00240833
2018,471,0,0.00,115.692813,35.800065,373.76,-0.00152867
2018,471,1,93.80,115.692543,35.800832,328.91,-0.00210931
2018,471,2,187.59,115.692543,35.801678,284.06,-0.00144257
2018,471,3,281.39,115.692777,35.802455,254.16,-0.00111549
2018,471,4,375.19,115.692813,35.803290,448.52,-0.00288095
2018,471,5,468.98,115.693352,35.803838,508.32,-0.00372612
2018,472,0,0.00,115.699820,35.789824,448.52,0.00539148
2018,472,1,49.19,115.699820,35.790267,418.61,0.00550306
2018,472,2,98.37,115.699550,35.790633,463.47,0.00561465
2018,473,0,0.00,115.699820,35.789824,388.71,0.00353928
2018,473,1,68.01,115.699067,35.789824,239.21,0.00372919
2018,473,2,136.02,115.698472,35.789555,463.47,0.00391911
2018,474,0,0.00,115.693352,35.803838,433.57,0.00000000
2018,474,1,89.51,115.693352,35.804645,493.37,-0.00190055
2018,474,2,179.02,115.693352,35.805451,478.42,-0.00442862
2018,474,3,268.53,115.693974,35.806078,568.12,-0.00320458
2018,474,4,358.04,115.694699,35.806533,598.02,-0.00135302
2018,475,0,0.00,115.693352,35.803838,1166.14,0.00372807
2018,475,1,69.69,115.693966,35.803568,1794.06,0.00354629
2018,475,2,139.39,115.694737,35.803568,777.43,0.00168226
2018,475,3,209.08,115.695508,35.803568,1300.70,0.00000000
2018,476,0,0.00,115.699550,35.790633,418.61,0.00000000
2018,476,1,12.18,115.699415,35.790633,448.52,0.00000000
2018,476,2,24.36,115.699281,35.790633,448.52,0.00000000
2018,477,0,0.00,115.699550,35.790633,493.37,0.01772545
2018,477,1,38.57,115.699820,35.790902,448.52,0.01772545
2018,477,2,77.14,115.699550,35.791172,523.27,0.01772545
2018,478,0,0.00,115.694699,35.806533,418.61,-0.00142592
2018,478,1,94.33,115.694699,35.807383,373.76,-0.00071296
2018,478,2,188.65,115.694969,35.808155,343.86,0.00071296
2018,478,3,282.98,115.694969,35.809005,343.86,0.00045245
2018,478,4,377.31,115.694969,35.809855,299.01,-0.00146838
2018,478,5,471.63,115.695070,35.810676,343.86,-0.00164348
2018,478,6,565.96,115.695508,35.811399,358.81,0.00071111
2018,478,7,660.29,115.695761,35.812176,299.01,0.00114672
2018,478,8,754.61,115.695793,35.813017,328.91,-0.00066515
2018,478,9,848.94,115.696047,35.813794,358.81,-0.00071111
2018,478,10,943.27,115.696316,35.814566,373.76,-0.00004597
2018,478,11,1037.59,115.696586,35.815338,358.81,0.00075542
2018,478,12,1131.92,115.696855,35.816110,358.81,0.00146838
2018,478,13,1226.25,115.696855,35.816960,343.86,0.00071296
2018,478,14,1320.57,115.696855,35.817810,343.86,0.00000000
2018,478,15,1414.90,115.696855,35.818660,403.66,0.00000000
2018,479,0,0.00,115.694699,35.806533,762.48,-0.00308145
2018,479,1,96.99,115.695476,35.806025,553.17,-0.00385829
2018,479,2,193.97,115.695777,35.805238,478.42,-0.00374697
2018,479,3,290.96,115.695777,35.804364,239.21,-0.00214295
2018,479,4,387.94,115.695508,35.803568,493.37,-0.00142709
2018,48,0,0.00,115.061387,35.376958,1121.29,0.00172174
2018,48,1,88.79,115.061656,35.377680,1151.19,0.00167208
2018,48,2,177.57,115.061656,35.378480,583.07,0.00248328
2018,48,3,266.36,115.061656,35.379280,343.86,0.00338990
2018,48,4,355.14,115.061117,35.379923,104.65,0.00343566
2018,480,0,0.00,115.695508,35.803568,493.37,-0.00143501
2018,480,1,94.04,115.695508,35.802721,224.26,-0.00147780
2018,480,2,188.08,115.695238,35.801951,254.16,-0.00152058
2018,482,0,0.00,115.699550,35.791172,358.81,0.00000000
2018,482,1,12.18,115.699415,35.791172,388.71,0.00000000
2018,482,2,24.36,115.699281,35.791172,388.71,0.00000000
2018,483,0,0.00,115.699550,35.791172,433.57,0.00048995
2018,483,1,99.34,115.699395,35.791866,403.66,0.00044931
2018,483,2,198.67,115.699119,35.792681,418.61,-0.00024149
2018,483,3,298.01,115.698843,35.793496,433.57,-0.00046273
2018,483,4,397.34,115.698742,35.794362,448.52,0.00035958
2018,483,5,496.68,115.698472,35.795179,463.47,-0.00025115
2018,483,6,596.02,115.698223,35.796002,448.52,-0.00044392
2018,483,7,695.35,115.698203,35.796892,478.42,0.00137351
2018,483,8,794.69,115.697879,35.797693,463.47,0.00160296
2018,483,9,894.02,115.697394,35.798448,448.52,0.00082634
2018,484,0,0.00,115.696855,35.818660,418.61,0.00000000
2018,484,1,19.28,115.696990,35.818795,418.61,0.00000000
2018,484,2,38.56,115.697125,35.818930,418.61,0.00000000
2018,485,0,0.00,115.696855,35.818660,1794.06,-0.00339253
2018,485,1,99.45,115.695755,35.818660,1061.49,-0.00351842
2018,485,2,198.90,115.694969,35.819199,747.53,-0.00364430
2018,486,0,0.00,115.697125,35.818930,508.32,0.00000000
2018,486,1,77.13,115.696586,35.819469,583.07,-0.00000000
2018,486,2,154.26,115.696047,35.820008,583.07,-0.00000000
2018,486,3,231.39,115.695508,35.820547,538.22,-0.00000000
2018,487,0,0.00,115.697125,35.818930,388.71,0.00220945
2018,487,1,99.15,115.697609,35.819683,388.71,0.00230284
2018,487,2,198.30,115.697664,35.820561,403.66,0.00132576
2018,487,3,297.45,115.697664,35.821454,388.71,0.00012765
2018,487,4,396.60,115.697664,35.822348,388.71,0.00000000
2018,487,5,495.76,115.697664,35.823241,508.32,0.00000000
2018,488,0,0.00,115.695238,35.801951,1061.49,0.00000000
2018,488,1,36.54,115.694834,35.801951,1001.69,0.00000000
2018,488,2,73.08,115.694430,35.801951,747.53,0.00000000
2018,489,0,0.00,115.695238,35.801951,328.91,-0.00000000
2018,489,1,78.11,115.695575,35.801345,328.91,-0.00000000
2018,489,2,156.22,115.695912,35.800739,418.61,0.00000000
2018,489,3,234.34,115.696249,35.800132,403.66,0.00000000
2018,489,4,312.45,115.696586,35.799526,463.47,0.00000000
2018,49,0,0.00,115.117981,35.417383,822.28,0.00725249
2018,49,1,81.41,115.118565,35.416844,418.61,0.00833854
2018,49,2,162.81,115.119314,35.417099,373.76,0.00542692
2018,49,3,244.22,115.119980,35.417496,343.86,0.00153308
2018,49,4,325.62,115.120647,35.417893,568.12,0.00157084
2018,49,5,407.03,115.121215,35.418461,598.02,0.00150477
2018,490,0,0.00,115.697394,35.798448,149.51,0.00000000
2018,490,1,24.36,115.697125,35.798448,104.65,0.00000000
2018,490,2,48.72,115.696855,35.798448,388.71,0.00000000
2018,491,0,0.00,115.697394,35.798448,403.66,0.00619760
2018,491,1,88.50,115.697394,35.799246,478.42,0.00660097
2018,491,2,176.99,115.696586,35.799526,612.97,0.00700434
2018,492,0,0.00,115.697664,35.823241,1794.06,0.00000000
2018,492,1,81.18,115.696765,35.823241,1794.06,0.00000000
2018,492,2,162.35,115.695867,35.823241,598.02,0.00000000
2018,492,3,243.53,115.694969,35.823241,179.41,0.00000000
2018,493,0,0.00,115.697664,35.823241,433.57,0.00003893
2018,493,1,97.84,115.697933,35.824045,448.52,0.00000000
2018,493,2,195.68,115.698195,35.824851,448.52,-0.00003894
2018,493,3,293.52,115.698472,35.825653,448.52,0.00070056
2018,493,4,391.36,115.698742,35.826456,448.52,0.00138173
2018,493,5,489.20,115.698742,35.827338,388.71,0.00066169
2018,493,6,587.04,115.698742,35.828220,418.61,0.00066169
2018,493,7,684.88,115.698742,35.829102,403.66,0.00066169
2018,493,8,782.72,115.698472,35.829906,403.66,-0.00066169
2018,493,9,880.56,115.698472,35.830787,418.61,-0.00132339
2018,495,0,0.00,115.696586,35.799526,343.86,0.00331915
2018,495,1,64.14,115.696316,35.799026,358.81,0.00322590
2018,495,2,128.27,115.696316,35.798448,403.66,0.00313266
2018,496,0,0.00,115.698472,35.830787,1794.06,0.00000000
2018,496,1,97.40,115.697394,35.830787,1450.20,0.00000000
2018,496,2,194.80,115.696316,35.830787,448.52,0.00000000
2018,497,0,0.00,115.698472,35.830787,418.61,0.00135317
2018,497,1,99.50,115.698742,35.831606,373.76,0.00097811
2018,497,2,199.00,115.698742,35.832503,403.66,-0.00091282
2018,497,3,298.50,115.698886,35.833358,403.66,-0.00129767
2018,497,4,398.00,115.699373,35.834113,403.66,0.00113677
2018,497,5,497.50,115.699550,35.834959,373.76,0.00163544
2018,497,6,596.99,115.699550,35.835856,373.76,-0.00022395
2018,497,7,696.49,115.699550,35.836752,388.71,-0.00089820
2018,497,8,795.99,115.699820,35.837571,388.71,0.00000000
2018,497,9,895.49,115.699924,35.838438,373.76,-0.00015237
2018,497,10,994.99,115.700089,35.839287,358.81,-0.00047119
2018,497,11,1094.49,115.700359,35.840105,358.81,-0.00026532
2018,497,12,1193.99,115.700547,35.840947,343.86,-0.00078229
2018,497,13,1293.49,115.700898,35.841743,403.66,-0.00092499
2018,497,14,1392.99,115.701311,35.842520,358.81,-0.00053240
2018,497,15,1492.49,115.701798,35.843276,358.81,-0.00070122
2018,497,16,1591.99,115.702284,35.844032,313.96,-0.00051692
2018,497,17,1691.49,115.702979,35.844727,254.16,-0.00008204
2018,497,18,1790.98,115.703466,35.845483,194.36,-0.00190511
2018,497,19,1890.48,115.704178,35.846149,254.16,-0.00248698
2018,497,20,1989.98,115.705123,35.846418,209.31,-0.00042882
2018,497,21,2089.48,115.705949,35.846888,239.21,-0.00010188
2018,497,22,2188.98,115.706853,35.847226,209.31,0.00000000
2018,497,23,2288.48,115.707737,35.847599,224.26,0.00000000
2018,497,24,2387.98,115.708584,35.848035,179.41,-0.00092290
2018,497,25,2487.48,115.709526,35.848309,209.31,-0.00060018
2018,497,26,2586.98,115.710472,35.848574,179.41,0.00000000
2018,497,27,2686.48,115.711416,35.848843,149.51,-0.00087415
2018,497,28,2785.98,115.712360,35.849113,149.51,-0.00088839
2018,497,29,2885.48,115.713461,35.849113,149.51,-0.00080619
2018,497,30,2984.97,115.714406,35.849382,119.60,-0.00315879
2018,497,31,3084.47,115.715350,35.849113,149.51,-0.00264565
2018,497,32,3183.97,115.716181,35.848651,209.31,-0.00050905
2018,497,33,3283.47,115.717075,35.848296,209.31,-0.00021600
2018,497,34,3382.97,115.717870,35.847771,224.26,-0.00056470
2018,497,35,3482.47,115.718764,35.847416,224.26,-0.00056470
2018,497,36,3581.97,115.719460,35.846721,284.06,-0.00049115
2018,497,37,3681.47,115.720354,35.846365,269.11,-0.00204199
2018,497,38,3780.97,115.720840,35.845610,343.86,-0.00310169
2018,498,0,0.00,115.720840,35.845610,358.81,-0.00440059
2018,498,1,50.73,115.721294,35.845425,358.81,-0.00418478
2018,498,2,101.47,115.721649,35.845071,373.76,-0.00396897
2018,499,0,0.00,115.720840,35.845610,1629.61,-0.00204361
2018,499,1,70.01,115.720351,35.845120,1599.71,-0.00214228
2018,499,2,140.03,115.719762,35.844801,553.17,-0.00224095
2018,5,0,0.00,115.079443,35.389894,538.22,0.00000000
2018,5,1,99.56,115.079166,35.389078,508.32,-0.00154694
2018,5,2,199.11,115.078889,35.388262,478.42,-0.00311898
2018,5,3,298.67,115.078096,35.387738,523.27,-0.00314409
2018,50,0,0.00,115.121215,35.419539,1794.06,0.00000000
2018,50,1,59.80,115.121215,35.419000,1794.06,0.00000000
2018,50,2,119.60,115.121215,35.418461,1794.06,0.00000000
2018,500,0,0.00,115.721649,35.845071,358.81,-0.00440057
2018,500,1,50.73,115.722103,35.844886,373.76,-0.00418477
2018,500,2,101.47,115.722457,35.844532,358.81,-0.00396896
2018,501,0,0.00,115.721649,35.845071,1719.31,-0.00000000
2018,501,1,74.23,115.721130,35.844552,1225.94,0.00089182
2018,501,2,148.47,115.720611,35.844033,986.73,0.00183645
2018,501,3,222.70,115.720301,35.843454,822.28,0.00188924
2018,502,0,0.00,115.722457,35.844532,448.52,-0.00108372
2018,502,1,98.95,115.723248,35.844010,358.81,-0.00131967
2018,502,2,197.90,115.723940,35.843319,403.66,-0.00050331
2018,502,3,296.85,115.724468,35.842645,448.52,0.00054044
2018,502,4,395.80,115.725213,35.842045,463.47,0.00000000
2018,502,5,494.75,115.725904,35.841354,523.27,0.00023737
2018,502,6,593.70,115.726596,35.840662,538.22,0.00050331
2018,502,7,692.65,115.727387,35.840141,568.12,-0.00050331
2018,502,8,791.60,115.728078,35.839449,523.27,-0.00050331
2018,502,9,890.56,115.728770,35.838758,508.32,0.00050331
2018,502,10,989.51,115.729461,35.838066,523.27,0.00050331
2018,502,11,1088.46,115.730252,35.837545,478.42,-0.00050331
2018,502,12,1187.41,115.730944,35.836853,478.42,-0.00050331
2018,502,13,1286.36,115.731635,35.836162,478.42,-0.00000000
2018,502,14,1385.31,115.732327,35.835470,493.37,-0.00049740
2018,502,15,1484.26,115.733019,35.834779,478.42,-0.00007014
2018,502,16,1583.21,115.733501,35.834027,478.42,0.00100072
2018,502,17,1682.16,115.734279,35.833482,538.22,-0.00036326
2018,502,18,1781.11,115.734983,35.832814,508.32,-0.00100072
2018,502,19,1880.06,115.735466,35.832062,568.12,0.00017819
2018,502,20,1979.01,115.736158,35.831370,598.02,0.00000000
2018,502,21,2077.96,115.736740,35.830647,598.02,-0.00102201
2018,502,22,2176.91,115.737332,35.829927,672.77,-0.00106135
2018,502,23,2275.86,115.737605,35.829114,777.43,0.00025696
2018,502,24,2374.81,115.738088,35.828362,837.23,0.00107697
2018,503,0,0.00,115.722457,35.844532,1794.06,-0.00000000
2018,503,1,77.12,115.721918,35.843993,1315.65,-0.00000000
2018,503,2,154.24,115.721379,35.843454,1091.39,-0.00000000
2018,503,3,231.36,115.720840,35.842915,687.72,0.00000000
2018,504,0,0.00,115.720301,35.843454,418.61,-0.00440053
2018,504,1,50.73,115.719847,35.843638,328.91,-0.00418473
2018,504,2,101.47,115.719493,35.843993,358.81,-0.00396893
2018,505,0,0.00,115.720301,35.843454,433.57,0.00000000
2018,505,1,38.56,115.720571,35.843184,358.81,0.00000000
2018,505,2,77.12,115.720840,35.842915,433.57,0.00000000
2018,506,0,0.00,115.738088,35.828362,1495.05,0.00000000
2018,506,1,77.13,115.737549,35.827823,1166.14,0.00000000
2018,506,2,154.25,115.737010,35.827284,911.98,-0.00000000
2018,506,3,231.38,115.736471,35.826745,717.63,-0.00000000
2018,507,0,0.00,115.738088,35.828362,867.13,0.00535211
2018,507,1,62.91,115.738527,35.827922,911.98,0.00555173
2018,507,2,125.83,115.739166,35.827823,897.03,0.00575134
2018,508,0,0.00,115.720840,35.842915,568.12,0.00889888
2018,508,1,34.23,115.720870,35.842615,463.47,0.00878365
2018,508,2,68.46,115.721110,35.842376,403.66,0.00866843
2018,509,0,0.00,115.736471,35.826745,897.03,0.00439229
2018,509,1,83.89,115.735700,35.827014,1181.09,0.00612339
2018,509,2,167.77,115.734901,35.826792,448.52,0.00550913
2018,509,3,251.66,115.734315,35.826206,403.66,0.00316377
2018,51,0,0.00,115.121215,35.419539,508.32,0.00000000
2018,51,1,84.76,115.121992,35.419808,448.52,-0.00124180
2018,51,2,169.52,115.122769,35.420078,448.52,-0.00236348
2018,51,3,254.27,115.123703,35.420078,448.52,-0.00112168
2018,51,4,339.03,115.124636,35.420078,568.12,0.00000000
2018,51,5,423.79,115.125257,35.420078,568.12,0.00000000
2018,510,0,0.00,115.736471,35.826745,717.63,-0.00316376
2018,510,1,83.89,115.735885,35.826159,463.47,-0.00550908
2018,510,2,167.77,115.735086,35.825936,971.78,-0.00612332
2018,510,3,251.66,115.734315,35.826206,717.63,-0.00439223
2018,511,0,0.00,115.739166,35.827823,897.03,0.00526472
2018,511,1,94.72,115.739619,35.827100,882.08,0.00537488
2018,511,2,189.44,115.740617,35.827014,837.23,0.00227518
2018,511,3,284.16,115.741638,35.826968,807.33,-0.00120535
2018,511,4,378.88,115.742556,35.826745,657.82,-0.00000000
2018,511,5,473.60,115.743458,35.826495,598.02,0.00066967
2018,511,6,568.32,115.744495,35.826475,568.12,0.00089220
2018,511,7,663.04,115.745386,35.826206,478.42,0.00096054
2018,511,8,757.76,115.746277,35.826475,418.61,0.00000000
2018,511,9,852.48,115.747168,35.826206,328.91,0.00187723
2018,511,10,947.20,115.748059,35.826475,269.11,0.00375447
2018,512,0,0.00,115.739166,35.827823,1524.95,-0.00000000
2018,512,1,86.67,115.739771,35.828429,1584.76,-0.00000000
2018,512,2,173.35,115.740377,35.829034,1644.56,0.00000000
2018,512,3,260.02,115.740983,35.829640,1704.36,0.00019506
2018,512,4,346.69,115.741589,35.830246,1764.16,0.00218838
2018,512,5,433.37,115.742130,35.830870,852.18,0.00182054
2018,512,6,520.04,115.742130,35.831651,672.77,-0.00249729
2018,512,7,606.71,115.742669,35.832135,149.51,-0.00464902
2018,513,0,0.00,115.734315,35.826206,852.18,-0.00113844
2018,513,1,96.65,115.733540,35.826711,672.77,-0.00109728
2018,513,2,193.31,115.732865,35.827387,642.87,-0.00020372
2018,513,3,289.96,115.732189,35.828062,583.07,0.00052806
2018,513,4,386.62,115.731452,35.828631,583.07,-0.00065660
2018,513,5,483.27,115.730739,35.829243,553.17,-0.00159857
2018,513,6,579.92,115.730272,35.829979,553.17,-0.00147651
2018,514,0,0.00,115.748059,35.826475,1061.49,-0.00189192
2018,514,1,95.21,115.748724,35.827141,74.75,-0.00664949
2018,514,2,190.42,115.749489,35.827471,209.31,-0.00947780
2018,514,3,285.63,115.749946,35.826745,583.07,-0.00754855
2018,515,0,0.00,115.748059,35.826475,313.96,0.00681980
2018,515,1,71.03,115.748688,35.826206,239.21,0.00681980
2018,515,2,142.06,115.749317,35.826475,29.90,0.00340990
2018,515,3,213.10,115.749946,35.826745,209.31,0.00000000
2018,516,0,0.00,115.730272,35.829979,448.52,0.00000000
2018,516,1,24.35,115.730542,35.829979,478.42,0.00000000
2018,516,2,48.70,115.730811,35.829979,508.32,0.00000000
2018,517,0,0.00,115.730272,35.829979,523.27,0.00000000
2018,517,1,38.56,115.730003,35.830248,583.07,0.00000000
2018,517,2,77.13,115.729733,35.830518,508.32,0.00000000
2018,518,0,0.00,115.749946,35.826745,239.21,0.00000000
2018,518,1,36.53,115.750350,35.826745,239.21,0.00000000
2018,518,2,73.05,115.750754,35.826745,328.91,0.00000000
2018,519,0,0.00,115.750754,35.826745,269.11,0.00119763
2018,519,1,94.37,115.751304,35.827295,254.16,0.00000000
2018,519,2,188.75,115.751755,35.828015,194.36,-0.00115323
2018,519,3,283.12,115.752513,35.828504,224.26,-0.00055442
2018,519,4,377.50,115.753173,35.829164,239.21,0.00055442
2018,519,5,471.87,115.753932,35.829653,284.06,0.00167843
2018,519,6,566.25,115.754382,35.830373,299.01,0.00112401
2018,519,7,660.62,115.754833,35.831093,313.96,-0.00057643
2018,519,8,754.99,115.755283,35.831813,313.96,0.00000000
2018,519,9,849.37,115.755943,35.832473,284.06,0.00176512
2018,519,10,943.74,115.756185,35.833253,254.16,-0.00052520
2018,519,11,1038.12,115.756426,35.834034,284.06,-0.00190361
2018,519,12,1132.49,115.757185,35.834523,284.06,0.00111838
2018,519,13,1226.87,115.757491,35.835285,299.01,0.00097667
2018,519,14,1321.24,115.757877,35.836024,299.01,0.00000000
2018,519,15,1415.62,115.758300,35.836752,328.91,0.00076855
2018,519,16,1509.99,115.758569,35.837525,343.86,0.00087425
2018,52,0,0.00,115.121215,35.418461,777.43,-0.00140591
2018,52,1,87.52,115.121924,35.418021,986.73,0.00125331
2018,52,2,175.04,115.122534,35.417410,568.12,0.00717152
2018,52,3,262.56,115.123441,35.417453,448.52,0.00750485
2018,52,4,350.08,115.124051,35.418063,642.87,0.00233478
2018,52,5,437.60,115.124662,35.418674,702.67,0.00201025
2018,52,6,525.13,115.125257,35.419289,1121.29,0.00387374
2018,52,7,612.65,115.125257,35.420078,1794.06,0.00381734
2018,520,0,0.00,115.750754,35.826745,807.33,-0.00000000
2018,520,1,19.28,115.750889,35.826610,747.53,-0.00000000
2018,520,2,38.56,115.751024,35.826475,672.77,-0.00000000
2018,521,0,0.00,115.758569,35.837525,1794.06,-0.00440032
2018,521,1,50.74,115.758115,35.837709,1061.49,-0.00418454
2018,521,2,101.47,115.757761,35.838064,717.63,-0.00396877
2018,522,0,0.00,115.758569,35.837525,328.91,0.00193361
2018,522,1,71.35,115.759068,35.838023,358.81,0.00199163
2018,522,2,142.70,115.759358,35.838582,328.91,0.00102483
2018,522,3,214.05,115.759647,35.839142,358.81,-0.00000000
2018,523,0,0.00,115.759647,35.839142,373.76,-0.00211520
2018,523,1,80.42,115.759647,35.839866,358.81,-0.00203348
2018,523,2,160.85,115.759936,35.840508,373.76,-0.00090229
2018,523,3,241.27,115.760186,35.841160,388.71,-0.00105235
2018,523,4,321.69,115.760456,35.841807,448.52,-0.00212599
2018,523,5,402.12,115.760995,35.842376,433.57,-0.00200009
2018,524,0,0.00,115.759647,35.839142,702.67,0.00000000
2018,524,1,72.38,115.760153,35.838636,717.63,0.00095429
2018,524,2,144.77,115.760659,35.838130,1061.49,0.00199900
2018,524,3,217.15,115.761264,35.837794,777.43,0.00208942
2018,525,0,0.00,115.760995,35.842376,418.61,0.00000000
2018,525,1,44.85,115.760995,35.842780,448.52,0.00000000
2018,525,2,89.71,115.760995,35.843184,448.52,0.00000000
2018,526,0,0.00,115.760995,35.842376,642.87,-0.00000000
2018,526,1,85.24,115.761591,35.841780,672.77,0.00068267
2018,526,2,170.47,115.762186,35.841184,897.03,0.00142361
2018,526,3,255.71,115.762881,35.840759,792.38,0.00148189
2018,527,0,0.00,115.760995,35.843184,956.83,-0.00148190
2018,527,1,85.24,115.760300,35.843610,792.38,-0.00142363
2018,527,2,170.47,115.759704,35.844205,612.97,-0.00068268
2018,527,3,255.71,115.759108,35.844801,747.53,0.00000000
2018,528,0,0.00,115.760995,35.843184,448.52,0.00340389
2018,528,1,88.92,115.761534,35.843829,433.57,0.00335797
2018,528,2,177.84,115.761534,35.844631,448.52,0.00085237
2018,528,3,266.76,115.761534,35.845432,343.86,-0.00080365
2018,528,4,355.68,115.761803,35.846156,418.61,0.00080365
2018,528,5,444.60,115.761803,35.846957,493.37,0.00160731
2018,529,0,0.00,115.761803,35.846957,1794.06,0.00216123
2018,529,1,90.63,115.760957,35.847226,1794.06,0.00303515
2018,529,2,181.25,115.759954,35.847226,1091.39,0.00303515
2018,529,3,271.88,115.759108,35.846957,598.02,0.00216123
2018,530,0,0.00,115.761803,35.846957,478.42,0.00144966
2018,530,1,96.20,115.762342,35.847668,463.47,0.00218953
2018,530,2,192.40,115.762612,35.848457,448.52,0.00214937
2018,530,3,288.60,115.762612,35.849324,373.76,0.00068467
2018,530,4,384.80,115.762612,35.850191,448.52,0.00000000
2018,531,0,0.00,115.762612,35.850191,1300.70,0.00188166
2018,531,1,92.31,115.761590,35.850191,1524.95,0.00198054
2018,531,2,184.63,115.760725,35.849921,777.43,0.00207941
2018,532,0,0.00,115.762612,35.850191,508.32,0.00866821
2018,532,1,34.23,115.762851,35.850430,388.71,0.00878339
2018,532,2,68.46,115.762881,35.850730,403.66,0.00889858
2018,533,0,0.00,115.762881,35.850730,583.07,0.00311912
2018,533,1,80.10,115.763420,35.851154,523.27,0.00401221
2018,533,2,160.19,115.763690,35.851798,448.52,0.00344699
2018,533,3,240.29,115.763690,35.852520,343.86,0.00099434
2018,533,4,320.39,115.763690,35.853242,493.37,0.00000000
2018,533,5,400.48,115.763690,35.853964,299.01,0.00000000
2018,534,0,0.00,115.762881,35.850730,583.07,0.00155078
2018,534,1,93.62,115.762227,35.851384,897.03,0.00042819
2018,534,2,187.24,115.761438,35.851808,837.23,-0.00338376
2018,534,3,280.86,115.760995,35.852432,388.71,-0.00556766
2018,534,4,374.49,115.761088,35.853249,478.42,-0.00354769
2018,534,5,468.11,115.761534,35.853964,538.22,-0.00203317
2018,535,0,0.00,115.763690,35.853964,1330.60,0.00000000
2018,535,1,97.37,115.762612,35.853964,867.13,0.00000000
2018,535,2,194.75,115.761534,35.853964,1031.59,0.00000000
2018,536,0,0.00,115.763690,35.853964,478.42,0.00561079
2018,536,1,49.18,115.763959,35.854329,448.52,0.00549935
2018,536,2,98.36,115.763959,35.854772,538.22,0.00538792
2018,538,0,0.00,115.761534,35.853964,747.53,-0.00302571
2018,538,1,82.77,115.760856,35.854372,956.83,-0.00323875
2018,538,2,165.54,115.760486,35.855011,598.02,-0.00262000
2018,538,3,248.31,115.760186,35.855670,538.22,-0.00344462
2018,538,4,331.09,115.760086,35.856289,448.52,-0.00416528
2018,538,5,413.86,115.760456,35.856928,493.37,-0.00322952
2018,539,0,0.00,115.763959,35.854772,583.07,-0.00000000
2018,539,1,95.37,115.763293,35.855439,1121.29,0.00035621
2018,539,2,190.75,115.762626,35.856106,508.32,0.00174497
2018,539,3,286.12,115.761893,35.856659,89.70,0.00244605
2018,539,4,381.49,115.760995,35.856928,104.65,0.00211458
2018,54,0,0.00,115.125257,35.420078,568.12,-0.00055695
2018,54,1,98.88,115.126243,35.420255,583.07,0.00000000
2018,54,2,197.76,115.127279,35.420347,598.02,0.00000144
2018,54,3,296.64,115.128215,35.420610,627.92,-0.00025799
2018,54,4,395.52,115.129300,35.420617,657.82,-0.00000288
2018,54,5,494.40,115.130233,35.420886,657.82,-0.00165315
2018,54,6,593.29,115.131322,35.420886,687.72,-0.00253056
2018,54,7,692.17,115.132255,35.420617,627.92,0.00000000
2018,54,8,791.05,115.133187,35.420347,598.02,0.00253200
2018,54,9,889.93,115.134276,35.420347,598.02,0.00163266
2018,54,10,988.81,115.135209,35.420617,508.32,-0.00081633
2018,54,11,1087.69,115.136298,35.420617,508.32,-0.00083958
2018,54,12,1186.57,115.137387,35.420617,478.42,-0.00081633
2018,54,13,1285.45,115.138471,35.420608,448.52,-0.00076689
2018,54,14,1384.33,115.139408,35.420347,508.32,0.00081633
2018,54,15,1483.21,115.140497,35.420347,358.81,-0.00002618
2018,54,16,1582.10,115.141586,35.420347,388.71,-0.00081633
2018,54,17,1680.98,115.142518,35.420078,388.71,-0.00000000
2018,54,18,1779.86,115.143607,35.420078,358.81,-0.00000000
2018,54,19,1878.74,115.144540,35.419808,358.81,0.00000000
2018,54,20,1977.62,115.145629,35.419808,358.81,0.00000000
2018,54,21,2076.50,115.146562,35.419539,358.81,-0.00000000
2018,54,22,2175.38,115.147650,35.419539,358.81,-0.00000000
2018,54,23,2274.26,115.148583,35.419269,388.71,0.00081633
2018,54,24,2373.14,115.149672,35.419269,328.91,0.00081633
2018,54,25,2472.02,115.150761,35.419269,328.91,0.00000000
2018,54,26,2570.91,115.151849,35.419269,328.91,0.00000000
2018,54,27,2669.79,115.152938,35.419269,358.81,0.00000000
2018,54,28,2768.67,115.154027,35.419269,418.61,0.00000000
2018,54,29,2867.55,115.155116,35.419269,388.71,0.00067491
2018,54,30,2966.43,115.156204,35.419269,418.61,0.00000000
2018,54,31,3065.31,115.157108,35.419488,403.66,-0.00133080
2018,54,32,3164.19,115.158070,35.419269,388.71,0.00000000
2018,54,33,3263.07,115.159159,35.419269,299.01,0.00065589
2018,54,34,3361.95,115.160248,35.419269,269.11,0.00000000
2018,54,35,3460.83,115.161336,35.419269,269.11,0.00000000
2018,54,36,3559.71,115.162425,35.419269,269.11,0.00000000
2018,54,37,3658.60,115.163514,35.419269,299.01,0.00000000
2018,54,38,3757.48,115.164603,35.419269,328.91,0.00000000
2018,54,39,3856.36,115.165691,35.419269,328.91,-0.00005717
2018,54,40,3955.24,115.166780,35.419269,388.71,0.00000000
2018,54,41,4054.12,115.167857,35.419249,463.47,0.00021419
2018,54,42,4153.00,115.168646,35.419269,448.52,0.00031404
2018,540,0,0.00,115.763959,35.854772,448.52,0.00053638
2018,540,1,99.36,115.764498,35.855512,583.07,-0.00011945
2018,540,2,198.71,115.764930,35.856282,418.61,-0.00151062
2018,540,3,298.07,115.765625,35.856977,358.81,-0.00112299
2018,540,4,397.43,115.766418,35.857501,284.06,-0.00053715
2018,540,5,496.78,115.767113,35.858195,209.31,-0.00110349
2018,540,6,596.14,115.768006,35.858550,149.51,-0.00174541
2018,540,7,695.50,115.768800,35.859074,119.60,-0.00202249
2018,540,8,794.85,115.769894,35.859084,179.41,-0.00087629
2018,540,9,894.21,115.770836,35.859354,209.31,-0.00003286
2018,540,10,993.57,115.771936,35.859354,239.21,0.00089110
2018,540,11,1092.92,115.772879,35.859623,239.21,0.00000000
2018,540,12,1192.28,115.773822,35.859893,269.11,-0.00169969
2018,540,13,1291.63,115.774922,35.859893,269.11,-0.00080858
2018,540,14,1390.99,115.776022,35.859893,299.01,0.00000000
2018,540,15,1490.35,115.777122,35.859893,328.91,0.00050140
2018,540,16,1589.70,115.778222,35.859893,358.81,0.00080858
2018,540,17,1689.06,115.779222,35.860064,403.66,-0.00103168
2018,540,18,1788.42,115.780264,35.860162,418.61,-0.00250827
2018,540,19,1887.77,115.781207,35.859893,493.37,-0.00233881
2018,541,0,0.00,115.781207,35.859893,448.52,0.00160541
2018,541,1,99.71,115.782311,35.859893,448.52,0.00080270
2018,541,2,199.42,115.783257,35.860162,418.61,-0.00080270
2018,541,3,299.13,115.784361,35.860162,418.61,-0.00124517
2018,541,4,398.84,115.785465,35.860162,448.52,-0.00080270
2018,541,5,498.55,115.786480,35.860010,418.61,0.00010636
2018,541,6,598.26,115.787516,35.859893,448.52,0.00080270
2018,541,7,697.97,115.788619,35.859893,418.61,-0.00000517
2018,541,8,797.67,115.789723,35.859893,448.52,-0.00080270
2018,541,9,897.38,115.790758,35.859774,448.52,-0.00009593
2018,541,10,997.09,115.791774,35.859623,448.52,0.00080270
2018,541,11,1096.80,115.792878,35.859623,448.52,-0.00036549
2018,541,12,1196.51,115.793982,35.859623,418.61,-0.00080270
2018,541,13,1296.22,115.794928,35.859354,418.61,0.00080270
2018,541,14,1395.93,115.796032,35.859354,448.52,0.00070566
2018,541,15,1495.64,115.797136,35.859354,418.61,-0.00080270
2018,541,16,1595.35,115.798220,35.859319,433.57,-0.00059769
2018,541,17,1695.06,115.799186,35.859084,448.52,0.00080270
2018,541,18,1794.77,115.800290,35.859084,418.61,-0.00010797
2018,541,19,1894.48,115.801394,35.859084,418.61,-0.00080270
2018,541,20,1994.19,115.802341,35.858815,388.71,-0.00000000
2018,541,21,2093.90,115.803444,35.858815,418.61,-0.00000000
2018,541,22,2193.61,115.804391,35.858545,388.71,0.00000000
2018,541,23,2293.32,115.805495,35.858545,418.61,0.00000000
2018,541,24,2393.02,115.806441,35.858276,388.71,-0.00000000
2018,541,25,2492.73,115.807545,35.858276,388.71,-0.00088449
2018,541,26,2592.44,115.808492,35.858006,418.61,-0.00046845
2018,541,27,2692.15,115.809438,35.857737,433.57,0.00068668
2018,541,28,2791.86,115.810457,35.857592,448.52,0.00006784
2018,541,29,2891.57,115.811452,35.857405,448.52,-0.00047789
2018,541,30,2991.28,115.812435,35.857198,418.61,-0.00042718
2018,541,31,3090.99,115.813382,35.856928,448.52,0.00067570
2018,541,32,3190.70,115.814338,35.856676,448.52,0.00077469
2018,541,33,3290.41,115.815432,35.856659,478.42,-0.00088449
2018,541,34,3390.12,115.816379,35.856389,493.37,-0.00083139
2018,541,35,3489.83,115.817325,35.856120,493.37,0.00000000
2018,541,36,3589.54,115.818272,35.855850,493.37,-0.00000000
2018,541,37,3689.25,115.819218,35.855581,523.27,-0.00000000
2018,541,38,3788.96,115.820165,35.855311,538.22,-0.00000000
2018,541,39,3888.66,115.821111,35.855042,478.42,0.00000000
2018,541,40,3988.37,115.822058,35.854772,493.37,0.00000000
2018,541,41,4088.08,115.823004,35.854503,493.37,-0.00064929
2018,541,42,4187.79,115.823951,35.854233,508.32,-0.00091904
2018,541,43,4287.50,115.824786,35.853773,493.37,0.00038064
2018,541,44,4387.21,115.825686,35.853425,538.22,0.00087770
2018,541,45,4486.92,115.826633,35.853155,508.32,-0.00065039
2018,541,46,4586.63,115.827572,35.852874,538.22,-0.00169346
2018,541,47,4686.34,115.828368,35.852347,568.12,-0.00163153
2018,542,0,0.00,115.781207,35.859893,642.87,0.00236729
2018,542,1,81.31,115.780639,35.859324,747.53,0.00232633
2018,542,2,162.62,115.780398,35.858661,1016.64,0.00102991
2018,542,3,243.94,115.780129,35.858006,657.82,-0.00022555
2018,543,0,0.00,115.828368,35.852347,523.27,0.00242393
2018,543,1,92.12,115.829012,35.851703,463.47,0.00324229
2018,543,2,184.23,115.829855,35.851400,478.42,0.00216298
2018,543,3,276.35,115.830798,35.851269,448.52,0.00063003
2018,543,4,368.46,115.831661,35.850999,478.42,0.00144236
2018,543,5,460.58,115.832680,35.850999,568.12,0.00188998
2018,544,0,0.00,115.828368,35.852347,1794.06,0.00000000
2018,544,1,90.90,115.829004,35.852982,1554.85,-0.00006569
2018,544,2,181.79,115.829639,35.853618,1255.84,-0.00335744
2018,544,3,272.69,115.830286,35.854233,598.02,-0.00686146
2018,544,4,363.59,115.831135,35.853964,463.47,-0.00396427
2018,544,5,454.49,115.831984,35.853694,448.52,-0.00326029
2018,544,6,545.38,115.832776,35.853329,553.17,-0.00571288
2018,544,7,636.28,115.832950,35.852560,1046.54,-0.00410336
2018,544,8,727.18,115.832950,35.851741,1495.05,-0.00207085
2018,544,9,818.08,115.832680,35.850999,1794.06,-0.00162930
2018,546,0,0.00,115.832680,35.850999,553.17,0.00191651
2018,546,1,95.89,115.833427,35.850460,538.22,0.00165034
2018,546,2,191.78,115.834331,35.850191,523.27,0.00099366
2018,546,3,287.68,115.835188,35.849840,538.22,0.00059993
2018,546,4,383.57,115.836140,35.849652,538.22,0.00000000
2018,546,5,479.46,115.837044,35.849382,568.12,0.00066164
2018,546,6,575.35,115.837948,35.849113,478.42,0.00182989
2018,546,7,671.24,115.839010,35.849113,418.61,0.00086989
2018,546,8,767.14,115.840071,35.849113,388.71,0.00000000
2018,546,9,863.03,115.841133,35.849113,358.81,0.00086989
2018,546,10,958.92,115.842194,35.849113,328.91,0.00086989
2018,546,11,1054.81,115.843098,35.849382,269.11,-0.00000000
2018,546,12,1150.70,115.844160,35.849382,239.21,0.00178034
2018,546,13,1246.60,115.845064,35.849652,239.21,0.00200210
2018,546,14,1342.49,115.845838,35.850144,194.36,-0.00037486
2018,546,15,1438.38,115.846707,35.850474,179.41,0.00064035
2018,546,16,1534.27,115.847576,35.850804,209.31,0.00123696
2018,546,17,1630.16,115.848246,35.851474,224.26,-0.00010679
2018,546,18,1726.06,115.849115,35.851804,179.41,-0.00010679
2018,546,19,1821.95,115.849676,35.852364,254.16,0.00063548
2018,546,20,1917.84,115.850545,35.852694,269.11,0.00230979
2018,546,21,2013.73,115.851006,35.853425,448.52,0.00334862
2018,547,0,0.00,115.851006,35.853425,328.91,0.00532154
2018,547,1,90.02,115.851933,35.853544,328.91,0.00530015
2018,547,2,180.05,115.852354,35.854233,418.61,0.00527877
2018,548,0,0.00,115.851006,35.853425,1794.06,0.00000000
2018,548,1,57.84,115.850602,35.853829,1166.14,0.00000000
2018,548,2,115.67,115.850198,35.854233,747.53,0.00000000
2018,549,0,0.00,115.852354,35.854233,418.61,0.00094434
2018,549,1,96.52,115.853265,35.854503,463.47,0.00132290
2018,549,2,193.04,115.854100,35.854902,448.52,0.00122023
2018,549,3,289.57,115.854874,35.855407,433.57,0.00143661
2018,549,4,386.09,115.855648,35.855911,448.52,0.00125040
2018,549,5,482.61,115.856126,35.856643,403.66,-0.00103741
2018,549,6,579.13,115.856860,35.857198,478.42,-0.00141420
2018,549,7,675.65,115.857662,35.857655,463.47,-0.00002969
2018,549,8,772.18,115.858436,35.858160,448.52,0.00016380
2018,549,9,868.70,115.859210,35.858664,448.52,0.00057072
2018,549,10,965.22,115.859984,35.859169,433.57,0.00057072
2018,549,11,1061.74,115.860659,35.859843,433.57,-0.00000000
2018,549,12,1158.26,115.861433,35.860348,448.52,0.00052941
2018,549,13,1254.78,115.862107,35.861023,388.71,0.00000000
2018,549,14,1351.31,115.862782,35.861697,388.71,-0.00052941
2018,549,15,1447.83,115.863556,35.862202,358.81,0.00000000
2018,549,16,1544.35,115.864230,35.862876,358.81,0.00052941
2018,549,17,1640.87,115.865004,35.863381,358.81,0.00052941
2018,549,18,1737.39,115.865470,35.864116,373.76,0.00000000
2018,549,19,1833.92,115.866244,35.864621,358.81,-0.00057834
2018,549,20,1930.44,115.866710,35.865356,358.81,-0.00110013
2018,549,21,2026.96,115.867583,35.865690,358.81,0.00004893
2018,549,22,2123.48,115.868258,35.866365,358.81,0.00022198
2018,549,23,2220.00,115.869032,35.866869,343.86,-0.00117256
2018,549,24,2316.53,115.869768,35.867439,358.81,-0.00191438
2018,549,25,2413.05,115.870679,35.867708,463.47,-0.00218113
2018,55,0,0.00,115.168646,35.419269,1794.06,0.00259388
2018,55,1,93.01,115.168646,35.420107,1315.65,0.00329420
2018,55,2,186.03,115.168182,35.420810,672.77,0.00490236
2018,55,3,279.04,115.167514,35.421425,373.76,0.00514959
2018,55,4,372.06,115.166490,35.421425,373.76,0.00448897
2018,550,0,0.00,115.852354,35.854233,1794.06,0.00390792
2018,550,1,98.57,115.851665,35.854922,732.58,0.00715593
2018,550,2,197.15,115.850678,35.854983,343.86,0.00807775
2018,550,3,295.72,115.850198,35.854233,448.52,0.00575155
2018,551,0,0.00,115.850198,35.854233,388.71,0.00000000
2018,551,1,36.51,115.849793,35.854233,388.71,0.00000000
2018,551,2,73.03,115.849389,35.854233,313.96,0.00000000
2018,553,0,0.00,115.870679,35.867708,1390.40,-0.00309466
2018,553,1,93.47,115.871218,35.867022,747.53,-0.00348547
2018,553,2,186.94,115.871218,35.866179,598.02,-0.00319989
2018,553,3,280.41,115.871051,35.865385,403.66,-0.00206551
2018,553,4,373.88,115.870607,35.864671,388.71,-0.00194979
2018,553,5,467.35,115.870163,35.863958,373.76,-0.00114605
2018,553,6,560.82,115.869410,35.863474,358.81,0.00055825
2018,553,7,654.29,115.868966,35.862761,373.76,0.00000000
2018,553,8,747.76,115.868312,35.862107,358.81,-0.00112354
2018,553,9,841.23,115.867659,35.861454,373.76,-0.00117577
2018,553,10,934.70,115.866906,35.860971,373.76,-0.00122095
2018,554,0,0.00,115.870679,35.867708,433.57,-0.00000000
2018,554,1,38.56,115.870949,35.867978,418.61,-0.00000000
2018,554,2,77.11,115.871218,35.868247,433.57,-0.00000000
2018,555,0,0.00,115.871218,35.868247,1794.06,0.00048421
2018,555,1,81.15,115.871785,35.867680,1360.50,0.00302578
2018,555,2,162.30,115.872386,35.867169,612.97,0.00522683
2018,555,3,243.45,115.873284,35.867169,463.47,0.00244315
2018,555,4,324.60,115.874183,35.867169,837.23,0.00000000
2018,556,0,0.00,115.871218,35.868247,403.66,-0.00422862
2018,556,1,85.71,115.871608,35.868907,388.71,-0.00354688
2018,556,2,171.43,115.872406,35.869166,403.66,-0.00066081
2018,556,3,257.14,115.873105,35.869595,612.97,0.00154352
2018,557,0,0.00,115.874183,35.867169,373.76,0.00866772
2018,557,1,34.23,115.874422,35.867408,403.66,0.00878283
2018,557,2,68.46,115.874452,35.867708,478.42,0.00889794
2018,558,0,0.00,115.874183,35.867169,911.98,-0.00342244
2018,558,1,72.78,115.874213,35.866660,553.17,-0.00311379
2018,558,2,145.57,115.873913,35.866091,463.47,-0.00280514
2018,559,0,0.00,115.873105,35.869595,702.67,-0.00241310
2018,559,1,85.90,115.872835,35.870291,508.32,-0.00337359
2018,559,2,171.81,115.872930,35.871037,373.76,-0.00454632
2018,559,3,257.71,115.873322,35.871698,104.65,-0.00594386
2018,559,4,343.61,115.874022,35.872129,194.36,-0.00626351
2018,559,5,429.52,115.874722,35.872020,433.57,-0.00539787
2018,56,0,0.00,115.168646,35.419269,418.61,-0.00045568
2018,56,1,90.39,115.169641,35.419269,478.42,-0.00098231
2018,56,2,180.77,115.170598,35.419203,433.57,-0.00050276
2018,56,3,271.16,115.171475,35.419000,508.32,0.00098231
2018,56,4,361.54,115.172471,35.419000,478.42,0.00171291
2018,56,5,451.93,115.173466,35.419000,508.32,0.00206797
2018,56,6,542.32,115.174305,35.419269,523.27,0.00217133
2018,560,0,0.00,115.873105,35.869595,941.88,0.00145780
2018,560,1,84.19,115.873484,35.868946,1061.49,0.00072890
2018,560,2,168.39,115.874073,35.868357,1001.69,-0.00072890
2018,560,3,252.58,115.874452,35.867708,1255.84,-0.00145780
2018,561,0,0.00,115.873105,35.869595,612.97,-0.00000000
2018,561,1,38.56,115.873374,35.869864,418.61,-0.00000000
2018,561,2,77.11,115.873644,35.870134,358.81,-0.00000000
2018,562,0,0.00,115.874452,35.867708,642.87,0.00000000
2018,562,1,87.23,115.875261,35.867978,598.02,0.00000000
2018,562,2,174.47,115.876069,35.868247,194.36,0.00000000
2018,564,0,0.00,115.874722,35.872020,313.96,0.00107635
2018,564,1,81.31,115.874183,35.871443,89.70,0.00201070
2018,564,2,162.62,115.873794,35.870823,358.81,0.00237999
2018,564,3,243.93,115.873644,35.870134,388.71,0.00181493
2018,565,0,0.00,115.874722,35.872020,284.06,-0.00929014
2018,565,1,43.62,115.875047,35.872289,343.86,-0.00910118
2018,565,2,87.23,115.875530,35.872289,478.42,-0.00891222
2018,566,0,0.00,115.873644,35.870134,642.87,0.00039254
2018,566,1,90.63,115.874490,35.870403,209.31,0.00291394
2018,566,2,181.26,115.875308,35.870720,74.75,0.00577953
2018,566,3,271.90,115.875530,35.871473,254.16,0.00369410
2018,566,4,362.53,115.875530,35.872289,403.66,0.00126448
2018,568,0,0.00,115.876069,35.868247,373.76,0.00383600
2018,568,1,94.34,115.877027,35.868396,194.36,0.00370272
2018,568,2,188.68,115.877686,35.869056,74.75,0.00356945
2018,569,0,0.00,115.876069,35.868247,852.18,0.00000000
2018,569,1,29.90,115.876069,35.868517,897.03,0.00000000
2018,569,2,59.80,115.876069,35.868786,598.02,0.00000000
2018,57,0,0.00,115.174305,35.419269,1794.06,0.00000000
2018,57,1,92.00,115.174305,35.420098,1794.06,-0.00013016
2018,57,2,184.00,115.174305,35.420928,1450.20,-0.00200952
2018,57,3,276.00,115.174353,35.421743,747.53,-0.00289021
2018,57,4,368.00,115.174995,35.422384,598.02,0.00009699
2018,57,5,460.00,115.175383,35.423100,164.46,0.00146654
2018,57,6,552.00,115.175653,35.423851,627.92,0.00071739
2018,571,0,0.00,115.875530,35.872289,328.91,-0.00030573
2018,571,1,99.74,115.876227,35.872987,299.01,-0.00000000
2018,571,2,199.48,115.876878,35.873556,313.96,-0.00019784
2018,571,3,299.22,115.877512,35.874271,313.96,-0.00049509
2018,571,4,398.95,115.878308,35.874798,328.91,-0.00014438
2018,571,5,498.69,115.879006,35.875496,358.81,-0.00053279
2018,571,6,598.43,115.879802,35.876023,328.91,-0.00053279
2018,571,7,698.17,115.880599,35.876550,358.81,0.00024072
2018,571,8,797.91,115.881395,35.877077,313.96,0.00027816
2018,571,9,897.65,115.882148,35.877679,358.81,-0.00105797
2018,571,10,997.38,115.882937,35.878218,328.91,-0.00201396
2018,571,11,1097.12,115.883884,35.878488,403.66,-0.00183711
2018,572,0,0.00,115.883884,35.878488,583.07,-0.00312990
2018,572,1,64.13,115.883884,35.879066,478.42,-0.00322293
2018,572,2,128.26,115.884154,35.879566,448.52,-0.00331596
2018,573,0,0.00,115.883884,35.878488,1495.05,0.00316494
2018,573,1,83.85,115.884471,35.877902,1061.49,0.00551296
2018,573,2,167.71,115.885269,35.877679,612.97,0.00612905
2018,573,3,251.56,115.886040,35.877949,568.12,0.00439712
2018,574,0,0.00,115.884154,35.879566,388.71,-0.00369890
2018,574,1,55.78,115.884643,35.879786,463.47,-0.00359457
2018,574,2,111.56,115.885232,35.879835,598.02,-0.00349023
2018,575,0,0.00,115.884154,35.879566,1764.16,0.00364912
2018,575,1,99.39,115.883368,35.880105,837.23,0.00352304
2018,575,2,198.78,115.882267,35.880105,433.57,0.00339697
2018,576,0,0.00,115.886310,35.877679,119.60,0.00000000
2018,576,1,19.28,115.886175,35.877814,134.55,0.00000000
2018,576,2,38.55,115.886040,35.877949,179.41,0.00000000
2018,577,0,0.00,115.886040,35.877949,388.71,0.00200183
2018,577,1,78.42,115.886040,35.878656,598.02,0.00324384
2018,577,2,156.85,115.885780,35.879287,1091.39,0.00335446
2018,577,3,235.27,115.885232,35.879835,1345.55,0.00222307
2018,578,0,0.00,115.886310,35.877679,448.52,-0.00889756
2018,578,1,34.23,115.886280,35.877380,358.81,-0.00878249
2018,578,2,68.46,115.886040,35.877140,239.21,-0.00866743
2018,579,0,0.00,115.886310,35.877679,568.12,-0.00445662
2018,579,1,87.23,115.887118,35.877949,747.53,-0.00445662
2018,579,2,174.45,115.887927,35.877679,89.70,-0.00445662
2018,58,0,0.00,115.174305,35.419269,538.22,0.00067889
2018,58,1,93.48,115.175178,35.419000,538.22,0.00101169
2018,58,2,186.97,115.176103,35.418819,508.32,0.00130080
2018,58,3,280.45,115.177081,35.418730,508.32,0.00091638
2018,58,4,373.93,115.178110,35.418730,538.22,0.00028783
2018,58,5,467.42,115.179140,35.418730,508.32,0.00091638
2018,58,6,560.90,115.180169,35.418730,598.02,0.00192807
2018,58,7,654.38,115.181042,35.419000,657.82,0.00202339
2018,580,0,0.00,115.885232,35.879835,418.61,-0.00251436
2018,580,1,89.31,115.885438,35.880581,433.57,-0.00197203
2018,580,2,178.61,115.886040,35.881211,373.76,0.00000000
2018,580,3,267.92,115.886478,35.881890,403.66,0.00124761
2018,580,4,357.23,115.886849,35.882587,403.66,0.00085681
2018,580,5,446.53,115.887118,35.883314,358.81,0.00032406
2018,580,6,535.84,115.887388,35.884041,388.71,0.00000000
2018,580,7,625.15,115.887657,35.884768,343.86,0.00000000
2018,580,8,714.45,115.887927,35.885495,373.76,0.00000000
2018,581,0,0.00,115.887927,35.885495,1181.09,-0.00370493
2018,581,1,95.33,115.888825,35.885764,747.53,-0.00370493
2018,581,2,190.66,115.889723,35.885495,1016.64,-0.00185247
2018,581,3,285.99,115.890622,35.885225,29.90,-0.00000000
2018,582,0,0.00,115.887927,35.885495,478.42,0.00142115
2018,582,1,98.11,115.887657,35.886301,328.91,0.00053774
2018,582,2,196.22,115.887118,35.887029,284.06,0.00069098
2018,582,3,294.33,115.886914,35.887855,239.21,0.00210178
2018,582,4,392.44,115.886129,35.888370,239.21,0.00072604
2018,582,5,490.55,115.885443,35.889056,299.01,0.00000000
2018,582,6,588.66,115.884757,35.889742,388.71,0.00106333
2018,582,7,686.77,115.883972,35.890258,433.57,0.00055140
2018,582,8,784.88,115.883187,35.890774,508.32,-0.00051159
2018,582,9,882.99,115.882402,35.891289,508.32,-0.00055140
2018,582,10,981.10,115.881708,35.891963,583.07,0.00046933
2018,582,11,1079.21,115.880930,35.892491,568.12,0.00036279
2018,582,12,1177.32,115.880145,35.893007,612.97,0.00004226
2018,582,13,1275.43,115.879393,35.893580,627.92,0.00038062
2018,582,14,1373.54,115.878575,35.894038,627.92,-0.00041394
2018,582,15,1471.65,115.877789,35.894554,612.97,-0.00019201
2018,582,16,1569.76,115.877078,35.895197,627.92,0.00084461
2018,582,17,1667.87,115.876219,35.895586,627.92,0.00000000
2018,582,18,1765.98,115.875434,35.896101,627.92,-0.00043067
2018,582,19,1864.09,115.874648,35.896617,657.82,-0.00055140
2018,582,20,1962.20,115.873863,35.897133,657.82,-0.00055140
2018,582,21,2060.31,115.873177,35.897819,672.77,0.00016169
2018,582,22,2158.42,115.872392,35.898335,642.87,0.00055140
2018,582,23,2256.53,115.871676,35.898969,672.77,0.00115634
2018,582,24,2354.64,115.870821,35.899366,672.77,0.00058143
2018,582,25,2452.75,115.869975,35.899778,657.82,-0.00092060
2018,582,26,2550.86,115.869151,35.900228,642.87,-0.00058143
2018,582,27,2648.97,115.868432,35.900856,627.92,0.00053594
2018,582,28,2747.08,115.867581,35.901259,627.92,-0.00055140
2018,582,29,2845.19,115.866796,35.901775,583.07,-0.00093336
2018,582,30,2943.30,115.866110,35.902461,568.12,0.00055140
2018,582,31,3041.41,115.865325,35.902977,568.12,0.00028210
2018,582,32,3139.52,115.864539,35.903492,508.32,0.00058143
2018,582,33,3237.63,115.863802,35.904090,523.27,0.00290046
2018,582,34,3335.74,115.862869,35.904354,568.12,0.00284779
2018,582,35,3433.85,115.861786,35.904359,1151.19,0.00159610
2018,583,0,0.00,115.861786,35.904359,612.97,-0.00104868
2018,583,1,99.64,115.861199,35.904946,568.12,-0.00223787
2018,583,2,199.28,115.860708,35.905702,463.47,-0.00290232
2018,583,3,298.92,115.860708,35.906600,433.57,-0.00182560
2018,583,4,398.56,115.860708,35.907498,239.21,-0.00063681
2018,583,5,498.20,115.860977,35.908319,209.31,-0.00000000
2018,583,6,597.84,115.860977,35.909217,209.31,-0.00067386
2018,583,7,697.48,115.861247,35.910037,239.21,-0.00067386
2018,583,8,797.12,115.861516,35.910857,254.16,0.00000000
2018,583,9,896.76,115.861786,35.911677,254.16,-0.00012724
2018,583,10,996.39,115.862055,35.912497,313.96,-0.00068864
2018,583,11,1096.03,115.862375,35.913303,358.81,-0.00098357
2018,583,12,1195.67,115.862864,35.914059,388.71,-0.00041847
2018,583,13,1295.31,115.863350,35.914817,403.66,-0.00000000
2018,583,14,1394.95,115.863837,35.915574,448.52,-0.00051877
2018,583,15,1494.59,115.864325,35.916331,433.57,-0.00063364
2018,583,16,1594.23,115.865022,35.917028,433.57,-0.00030577
2018,583,17,1693.87,115.865559,35.917770,403.66,-0.00075376
2018,583,18,1793.51,115.866269,35.918373,388.71,-0.00113407
2018,583,19,1893.15,115.867002,35.919008,373.76,-0.00087931
2018,583,20,1992.79,115.867847,35.919451,328.91,-0.00036396
2018,583,21,2092.43,115.868636,35.919990,313.96,-0.00058389
2018,583,22,2192.07,115.869490,35.920418,269.11,-0.00015475
2018,583,23,2291.71,115.870371,35.920799,224.26,0.00000000
2018,583,24,2391.35,115.871160,35.921338,149.51,-0.00129750
2018,583,25,2490.99,115.872106,35.921607,179.41,-0.00092051
2018,583,26,2590.63,115.873052,35.921876,149.51,-0.00088591
2018,583,27,2690.27,115.873999,35.922146,179.41,-0.00168981
2018,583,28,2789.90,115.875103,35.922146,209.31,-0.00050721
2018,583,29,2889.54,115.876207,35.922146,209.31,0.00080390
2018,583,30,2989.18,115.877250,35.922249,239.21,0.00029955
2018,583,31,3088.82,115.878257,35.922415,269.11,0.00000000
2018,583,32,3188.46,115.879340,35.922452,284.06,-0.00071481
2018,583,33,3288.10,115.880308,35.922685,388.71,-0.00160781
2018,583,34,3387.74,115.881254,35.922415,388.71,0.00011856
2018,583,35,3487.38,115.882358,35.922415,358.81,0.00080390
2018,583,36,3587.02,115.883462,35.922415,388.71,0.00000000
2018,583,37,3686.66,115.884566,35.922415,358.81,-0.00080390
2018,583,38,3786.30,115.885670,35.922415,358.81,-0.00080390
2018,583,39,3885.94,115.886616,35.922146,299.01,0.00160781
2018,583,40,3985.58,115.887720,35.922146,179.41,0.00191956
2018,583,41,4085.22,115.888667,35.922415,358.81,-0.00080390
2018,583,42,4184.86,115.889488,35.922471,373.76,-0.00046526
2018,583,43,4284.50,115.890560,35.922415,418.61,0.00168981
2018,583,44,4384.14,115.891506,35.922685,418.61,0.00103942
2018,583,45,4483.78,115.892453,35.922954,448.52,-0.00010514
2018,583,46,4583.42,115.893399,35.923224,418.61,-0.00088591
2018,583,47,4683.05,115.894364,35.923462,403.66,-0.00068196
2018,583,48,4782.69,115.895449,35.923493,373.76,0.00028457
2018,583,49,4882.33,115.896396,35.923763,358.81,0.00047227
2018,583,50,4981.97,115.897448,35.923852,328.91,0.00061492
2018,583,51,5081.61,115.898343,35.924208,269.11,0.00032842
2018,583,52,5181.25,115.899338,35.924395,239.21,0.00058985
2018,583,53,5280.89,115.900234,35.924751,194.36,0.00115993
2018,583,54,5380.53,115.901128,35.925110,134.55,0.00215440
2018,583,55,5480.17,115.901925,35.925634,134.55,0.00208253
2018,583,56,5579.81,115.902413,35.926391,134.55,0.00059447
2018,583,57,5679.45,115.903110,35.927088,149.51,0.00051506
2018,583,58,5779.09,115.903557,35.927857,179.41,0.00084776
2018,583,59,5878.73,115.904085,35.928602,224.26,0.00106494
2018,583,60,5978.37,115.904363,35.929420,239.21,0.00063598
2018,583,61,6078.01,115.904642,35.930237,269.11,0.00006203
2018,583,62,6177.65,115.904920,35.931055,239.21,0.00015612
2018,583,63,6277.29,115.905174,35.931879,239.21,0.00140082
2018,583,64,6376.93,115.905411,35.932690,179.41,0.00311447
2018,583,65,6476.56,115.905132,35.933507,164.46,0.00047971
2018,583,66,6576.20,115.904635,35.934262,59.80,-0.00322471
2018,583,67,6675.84,115.904905,35.935082,179.41,-0.00379335
2018,584,0,0.00,115.861786,35.904359,1181.09,0.00174094
2018,584,1,71.33,115.861287,35.903861,1136.24,0.00199142
2018,584,2,142.67,115.860977,35.903307,1091.39,0.00132187
2018,584,3,214.00,115.860708,35.902742,1061.49,0.00040184
2018,585,0,0.00,115.904905,35.935082,747.53,0.00000000
2018,585,1,36.48,115.905309,35.935082,702.67,0.00000000
2018,585,2,72.96,115.905713,35.935082,583.07,0.00000000
2018,586,0,0.00,115.904905,35.935082,149.51,-0.00129958
2018,586,1,96.09,115.904635,35.935870,209.31,-0.00012950
2018,586,2,192.18,115.904607,35.936728,239.21,0.00131112
2018,586,3,288.26,115.904144,35.937460,284.06,0.00025946
2018,586,4,384.35,115.903827,35.938234,299.01,-0.00091973
2018,586,5,480.44,115.903557,35.939022,284.06,-0.00012996
2018,586,6,576.53,115.903383,35.939838,358.81,0.00125698
2018,586,7,672.61,115.903018,35.940599,388.71,0.00075810
2018,586,8,768.70,115.902480,35.941309,463.47,-0.00099859
2018,586,9,864.79,115.902204,35.942095,433.57,-0.00027033
2018,586,10,960.88,115.901941,35.942885,478.42,0.00046222
2018,586,11,1056.96,115.901487,35.943620,493.37,0.00000000
2018,586,12,1153.05,115.901233,35.944413,508.32,0.00002555
2018,586,13,1249.14,115.900771,35.945145,523.27,-0.00000000
2018,586,14,1345.23,115.900517,35.945938,568.12,0.00057120
2018,586,15,1441.32,115.900054,35.946670,568.12,0.00114240
2018,587,0,0.00,115.900054,35.946670,672.77,-0.00077845
2018,587,1,80.29,115.899322,35.946939,583.07,-0.00013550
2018,587,2,160.58,115.898633,35.947283,523.27,0.00077753
2018,587,3,240.87,115.897872,35.947504,388.71,-0.00113768
2018,587,4,321.16,115.897125,35.947748,284.06,-0.00307609
2018,587,5,401.45,115.896551,35.948287,164.46,-0.00282921
2018,588,0,0.00,115.900054,35.946670,807.33,0.00000000
2018,588,1,57.81,115.900458,35.947074,732.58,0.00000000
2018,588,2,115.62,115.900863,35.947478,583.07,0.00000000
2018,59,0,0.00,115.175653,35.423851,463.47,0.00062798
2018,59,1,95.31,115.174915,35.424389,448.52,0.00096688
2018,59,2,190.63,115.174125,35.424839,388.71,0.00132277
2018,59,3,285.94,115.173284,35.425198,388.71,0.00197575
2018,59,4,381.26,115.172390,35.425467,418.61,0.00218636
2018,59,5,476.57,115.171341,35.425467,403.66,0.00176097
2018,6,0,0.00,115.079443,35.389894,1181.09,-0.00000000
2018,6,1,82.58,115.078867,35.390470,1181.09,-0.00000000
2018,6,2,165.16,115.078291,35.391046,1061.49,-0.00148254
2018,6,3,247.74,115.077715,35.391622,867.13,-0.00303860
2018,6,4,330.32,115.077557,35.392320,598.02,-0.00311212
2018,60,0,0.00,115.175653,35.423851,553.17,-0.00426993
2018,60,1,96.39,115.176424,35.423888,523.27,-0.00318520
2018,60,2,192.78,115.177195,35.423386,583.07,0.00019170
2018,60,3,289.17,115.178065,35.423055,523.27,0.00102009
2018,60,4,385.56,115.179033,35.422895,598.02,-0.00062042
2018,60,5,481.94,115.179868,35.422503,568.12,0.00004876
2018,60,6,578.33,115.180773,35.422234,553.17,0.00089467
2018,61,0,0.00,115.181042,35.419000,792.38,0.00000000
2018,61,1,19.32,115.181177,35.418865,702.67,0.00000000
2018,61,2,38.64,115.181312,35.418730,717.63,0.00000000
2018,62,0,0.00,115.181042,35.419000,1794.06,0.00000000
2018,62,1,89.70,115.181042,35.419808,1390.40,0.00000000
2018,62,2,179.40,115.181042,35.420617,1121.29,0.00000000
2018,62,3,269.10,115.181042,35.421425,508.32,0.00000000
2018,63,0,0.00,115.181312,35.418730,1091.39,0.00000000
2018,63,1,96.60,115.181986,35.419404,1151.19,0.00000000
2018,63,2,193.20,115.182659,35.420078,1091.39,0.00000000
2018,64,0,0.00,115.181312,35.418730,672.77,0.00460324
2018,64,1,87.59,115.181965,35.418191,657.82,0.00450903
2018,64,2,175.18,115.182929,35.418191,598.02,0.00441481
2018,66,0,0.00,115.171341,35.425467,299.01,-0.00322312
2018,66,1,92.74,115.170595,35.424991,418.61,-0.00336563
2018,66,2,185.48,115.169610,35.424928,463.47,-0.00196033
2018,66,3,278.22,115.168589,35.424928,433.57,-0.00020626
2018,66,4,370.96,115.167568,35.424928,373.76,0.00000000
2018,67,0,0.00,115.180773,35.422234,508.32,0.00541180
2018,67,1,49.22,115.180773,35.421790,568.12,0.00552424
2018,67,2,98.44,115.181042,35.421425,807.33,0.00563667
2018,68,0,0.00,115.180773,35.422234,583.07,-0.00351022
2018,68,1,68.27,115.181525,35.422234,583.07,-0.00369762
2018,68,2,136.54,115.182120,35.421964,612.97,-0.00388502
2018,69,0,0.00,115.181042,35.421425,687.72,0.00572483
2018,69,1,63.11,115.181680,35.421524,747.53,0.00552818
2018,69,2,126.23,115.182120,35.421964,627.92,0.00533153
2018,7,0,0.00,115.081599,35.392859,568.12,-0.00174900
2018,7,1,85.56,115.081599,35.393630,553.17,-0.00180299
2018,7,2,171.13,115.081868,35.394322,523.27,-0.00092850
2018,7,3,256.69,115.082138,35.395015,657.82,0.00000000
2018,71,0,0.00,115.182659,35.420078,1046.54,-0.00152800
2018,71,1,94.07,115.182390,35.420847,1046.54,-0.00148469
2018,71,2,188.14,115.182390,35.421695,926.93,-0.00144138
2018,72,0,0.00,115.182659,35.420078,1091.39,-0.00258006
2018,72,1,96.31,115.183331,35.420749,911.98,-0.00669797
2018,72,2,192.62,115.184003,35.420890,568.12,-0.01125865
2018,72,3,288.93,115.184546,35.420323,926.93,-0.00913385
2018,72,4,385.24,115.184064,35.419595,1166.14,-0.00323404
2018,72,5,481.55,115.183392,35.418924,1315.65,0.00060398
2018,72,6,577.85,115.182929,35.418191,1644.56,0.00110974
2018,74,0,0.00,115.182929,35.418191,568.12,-0.00000000
2018,74,1,84.05,115.183698,35.417922,583.07,0.00126366
2018,74,2,168.10,115.184468,35.417652,538.22,0.00354614
2018,74,3,252.15,115.185393,35.417652,657.82,0.00354614
2018,74,4,336.20,115.186163,35.417922,747.53,0.00252731
2018,75,0,0.00,115.167568,35.424928,299.01,0.00344121
2018,75,1,99.82,115.166773,35.425454,343.86,0.00332737
2018,75,2,199.65,115.165681,35.425467,343.86,0.00321353
2018,76,0,0.00,115.167568,35.424928,388.71,0.00000000
2018,76,1,63.11,115.167029,35.424659,448.52,0.00000000
2018,76,2,126.23,115.166490,35.424389,493.37,0.00000000
2018,77,0,0.00,115.182390,35.421695,777.43,0.00000000
2018,77,1,19.32,115.182255,35.421829,762.48,0.00000000
2018,77,2,38.64,115.182120,35.421964,717.63,0.00000000
2018,8,0,0.00,115.081599,35.392859,1345.55,0.00000000
2018,8,1,98.33,115.082285,35.392173,1196.04,0.00051144
2018,8,2,196.67,115.082970,35.391487,1106.34,0.00106215
2018,8,3,295.00,115.083755,35.390972,747.53,0.00110142
2018,80,0,0.00,115.182390,35.421695,687.72,-0.00205065
2018,80,1,92.89,115.183257,35.421964,642.87,-0.00195385
2018,80,2,185.78,115.184280,35.421964,553.17,-0.00185705
2018,80,3,278.67,115.185302,35.421964,538.22,-0.00092852
2018,80,4,371.55,115.186169,35.421695,493.37,0.00092852
2018,80,5,464.44,115.187192,35.421695,523.27,0.00092852
2018,80,6,557.33,115.188215,35.421695,642.87,0.00000000
2018,80,7,650.22,115.189238,35.421695,612.97,0.00000000
2018,80,8,743.11,115.190260,35.421695,732.58,0.00000000
2018,80,9,836.00,115.191283,35.421695,986.73,0.00000000
2018,81,0,0.00,115.186163,35.417922,1794.06,0.00000000
2018,81,1,92.59,115.186163,35.418756,1569.81,-0.00191600
2018,81,2,185.19,115.186163,35.419591,1345.55,-0.00658093
2018,81,3,277.78,115.186761,35.420078,612.97,-0.00992562
2018,81,4,370.38,115.187780,35.420077,583.07,-0.00964030
2018,81,5,462.97,115.188049,35.419321,1420.30,-0.00512274
2018,81,6,555.56,115.188049,35.418487,1390.40,-0.00074313
2018,81,7,648.16,115.188049,35.417652,1794.06,0.00000000
2018,82,0,0.00,115.186163,35.417922,523.27,-0.00000000
2018,82,1,71.28,115.186792,35.417652,627.92,0.00338340
2018,82,2,142.55,115.187421,35.417383,508.32,0.00676680
2018,82,3,213.83,115.188049,35.417652,926.93,0.00676680
2018,83,0,0.00,115.191283,35.421695,598.02,0.00445733
2018,83,1,68.54,115.191344,35.421095,478.42,0.00439876
2018,83,2,137.08,115.191822,35.420617,1031.59,0.00434019
2018,84,0,0.00,115.191283,35.421695,463.47,-0.00720607
2018,84,1,85.15,115.191909,35.422234,807.33,-0.01172241
2018,84,2,170.29,115.192631,35.421915,299.01,-0.01315087
2018,84,3,255.44,115.192416,35.421210,358.81,-0.00629188
2018,84,4,340.59,115.191822,35.420617,538.22,-0.00252075
2018,85,0,0.00,115.188049,35.417652,598.02,-0.00124290
2018,85,1,82.87,115.188924,35.417586,598.02,-0.00159842
2018,85,2,165.74,115.189718,35.417383,882.08,-0.00130145
2018,85,3,248.61,115.190475,35.417113,956.83,-0.00064896
2018,86,0,0.00,115.191822,35.420617,403.66,0.00151732
2018,86,1,83.49,115.191988,35.419912,1061.49,0.00152243
2018,86,2,166.98,115.192361,35.419269,1031.59,0.00152754
2018,87,0,0.00,115.190475,35.417113,822.28,-0.00240131
2018,87,1,67.84,115.191047,35.416811,747.53,-0.00120066
2018,87,2,135.68,115.191520,35.416338,583.07,0.00120066
2018,87,3,203.52,115.192092,35.416035,807.33,0.00240131
2018,88,0,0.00,115.190475,35.417113,1106.34,0.00000000
2018,88,1,75.10,115.190999,35.417637,1121.29,0.00087415
2018,88,2,150.19,115.191522,35.418161,1315.65,0.00087415
2018,88,3,225.29,115.191838,35.418745,1136.24,-0.00087415
2018,88,4,300.38,115.192361,35.419269,717.63,-0.00174830
2018,89,0,0.00,115.190475,35.417113,1106.34,-0.00000000
2018,89,1,97.71,115.189793,35.416432,1300.70,0.00107777
2018,89,2,195.41,115.189112,35.415750,1569.81,0.00288268
2018,89,3,293.12,115.188858,35.414944,1240.89,0.00380671
2018,89,4,390.82,115.188858,35.414063,807.33,0.00343166
2018,89,5,488.53,115.189397,35.413340,1031.59,0.00285971
2018,9,0,0.00,115.078096,35.387738,493.37,-0.00144963
2018,9,1,85.51,115.077916,35.387020,478.42,-0.00145277
2018,9,2,171.02,115.077529,35.386363,418.61,-0.00074471
2018,9,3,256.53,115.077141,35.385705,403.66,-0.00000000
2018,9,4,342.04,115.076748,35.385050,388.71,-0.00134720
2018,9,5,427.55,115.076365,35.384391,388.71,-0.00279930
2018,9,6,513.06,115.075670,35.383965,448.52,-0.00287069
2018,91,0,0.00,115.192361,35.419269,822.28,-0.00023197
2018,91,1,88.86,115.193184,35.419000,941.88,-0.00367616
2018,91,2,177.71,115.193978,35.418707,732.58,-0.00658032
2018,91,3,266.57,115.193978,35.417906,1794.06,-0.00302015
2018,91,4,355.43,115.193978,35.417106,1794.06,0.00000000
2018,91,5,444.28,115.193978,35.416305,1794.06,0.00000000
2018,92,0,0.00,115.192092,35.416035,1016.64,0.00186277
2018,92,1,92.75,115.193113,35.416035,897.03,0.00195991
2018,92,2,185.50,115.193978,35.416305,1106.34,0.00205706
2018,93,0,0.00,115.192092,35.416035,1644.56,0.00122673
2018,93,1,93.02,115.191652,35.415325,1569.81,0.00071428
2018,93,2,186.04,115.191420,35.414555,1345.55,-0.00127303
2018,93,3,279.05,115.191014,35.413835,1121.29,-0.00470897
2018,93,4,372.07,115.190421,35.413340,882.08,-0.00525828
2018,93,5,465.09,115.189397,35.413340,612.97,-0.00384650
2018,95,0,0.00,115.189397,35.413340,911.98,-0.00303446
2018,95,1,76.97,115.188705,35.413071,598.02,-0.00288607
2018,95,2,153.95,115.187858,35.413071,523.27,-0.00136884
2018,95,3,230.92,115.187010,35.413071,523.27,0.00000000
2018,95,4,307.89,115.186163,35.413071,583.07,0.00000000
2018,96,0,0.00,115.193978,35.416305,822.28,-0.00000000
2018,96,1,63.12,115.194517,35.416035,822.28,-0.00000000
2018,96,2,126.23,115.195056,35.415766,747.53,-0.00000000
2018,97,0,0.00,115.195056,35.415766,1794.06,-0.00144148
2018,97,1,94.07,115.195056,35.414918,1794.06,-0.00148480
2018,97,2,188.14,115.194787,35.414149,1270.79,-0.00152812
2018,98,0,0.00,115.195056,35.415766,598.02,-0.00240618
2018,98,1,86.05,115.195848,35.416035,598.02,-0.00229019
2018,98,2,172.11,115.196795,35.416035,568.12,-0.00108710
2018,98,3,258.16,115.197743,35.416035,598.02,0.00000000
2018,98,4,344.21,115.198690,35.416035,598.02,0.00000000
2018,98,5,430.26,115.199638,35.416035,717.63,0.00000000
2018,99,0,0.00,115.199638,35.416035,1794.06,-0.00098711
2018,99,1,95.53,115.199678,35.416884,1794.06,-0.00038497
2018,99,2,191.05,115.199907,35.417678,1794.06,0.00069851
2018,99,3,286.58,115.199907,35.418539,687.72,-0.00084885
2018,99,4,382.11,115.199907,35.419400,448.52,-0.00219351
2018,99,5,477.63,115.200446,35.420104,403.66,-0.00000000
2018,99,6,573.16,115.200716,35.420886,44.85,0.00150946
