year,link_id,sample_idx,s_m,lon,lat,B_m,C_1m
2005,0,0,0.00,115.273749,35.456459,867.13,-0.00223530
2005,0,1,70.18,115.274337,35.456140,1794.06,-0.00213728
2005,0,2,140.36,115.274827,35.455651,1794.06,-0.00203927
2005,1,0,0.00,115.274827,35.455651,448.52,0.00000000
2005,1,1,48.93,115.275366,35.455651,538.22,0.00000000
2005,1,2,97.86,115.275905,35.455651,598.02,0.00000000
2005,10,0,0.00,115.277252,35.454303,358.81,-0.00203924
2005,10,1,70.18,115.276762,35.453814,358.81,-0.00213726
2005,10,2,140.37,115.276174,35.453495,343.86,-0.00223527
2005,101,0,0.00,115.345704,35.559406,418.61,0.00015901
2005,101,1,99.88,115.346500,35.559933,418.61,0.00011902
2005,101,2,199.76,115.347281,35.560484,418.61,0.00037758
2005,101,3,299.63,115.348070,35.561023,448.52,0.00077666
2005,101,4,399.51,115.348789,35.561683,433.57,-0.00045709
2005,101,5,499.39,115.349492,35.562371,448.52,-0.00086514
2005,101,6,599.27,115.350381,35.562736,448.52,0.00053238
2005,101,7,699.14,115.351078,35.563433,478.42,0.00009768
2005,101,8,799.02,115.351874,35.563960,478.42,0.00000000
2005,101,9,898.90,115.352647,35.564527,493.37,-0.00025806
2005,101,10,998.78,115.353368,35.565184,478.42,-0.00083622
2005,101,11,1098.66,115.354263,35.565540,508.32,0.00012984
2005,101,12,1198.53,115.355014,35.566144,478.42,-0.00050737
2005,101,13,1298.41,115.355855,35.566593,538.22,-0.00050907
2005,101,14,1398.29,115.356748,35.566952,493.37,0.00023944
2005,101,15,1498.17,115.357537,35.567491,508.32,0.00045888
2005,101,16,1598.05,115.358441,35.567832,508.32,0.00110415
2005,101,17,1697.92,115.359138,35.568529,493.37,-0.00051099
2005,101,18,1797.80,115.359934,35.569055,478.42,-0.00116540
2005,101,19,1897.68,115.360829,35.569411,448.52,-0.00036466
2005,101,20,1997.56,115.361638,35.569917,433.57,-0.00017818
2005,101,21,2097.43,115.362583,35.570186,418.61,0.00011463
2005,101,22,2197.31,115.363372,35.570725,388.71,-0.00091513
2005,101,23,2297.19,115.364317,35.570995,388.71,-0.00179598
2005,101,24,2397.07,115.365263,35.571264,358.81,-0.00204910
2005,101,25,2496.95,115.366364,35.571264,328.91,-0.00159948
2005,101,26,2596.82,115.367392,35.571136,239.21,-0.00132096
2005,101,27,2696.70,115.368411,35.570995,209.31,-0.00088085
2005,101,28,2796.58,115.369281,35.570594,179.41,-0.00046105
2005,101,29,2896.46,115.370302,35.570456,149.51,-0.00132200
2005,101,30,2996.33,115.371091,35.569917,194.36,-0.00081079
2005,101,31,3096.21,115.371966,35.569526,239.21,-0.00040434
2005,101,32,3196.09,115.372762,35.568999,358.81,-0.00017226
2005,101,33,3295.97,115.373558,35.568473,403.66,0.00113864
2005,101,34,3395.85,115.374403,35.568030,418.61,0.00145298
2005,101,35,3495.72,115.375348,35.567761,463.47,0.00117540
2005,102,0,0.00,115.375348,35.567761,508.32,0.00718468
2005,102,1,86.39,115.375534,35.567036,418.61,0.00645581
2005,102,2,172.79,115.376434,35.566945,478.42,0.00210104
2005,102,3,259.18,115.377235,35.566683,433.57,-0.00152485
2005,103,0,0.00,115.375348,35.567761,1480.10,0.00000000
2005,103,1,93.51,115.376001,35.568413,1225.94,-0.00295364
2005,103,2,187.02,115.376653,35.569066,807.33,-0.00642650
2005,103,3,280.53,115.377504,35.568839,448.52,-0.00694571
2005,104,0,0.00,115.377235,35.566683,911.98,0.00000000
2005,104,1,82.64,115.377235,35.567427,852.18,-0.00093655
2005,104,2,165.28,115.377235,35.568172,911.98,-0.00193110
2005,104,3,247.92,115.377504,35.568839,837.23,-0.00198909
2005,105,0,0.00,115.377235,35.566683,538.22,0.00923358
2005,105,1,43.74,115.377561,35.566413,538.22,0.00904497
2005,105,2,87.47,115.378043,35.566413,508.32,0.00885636
2005,107,0,0.00,115.377504,35.568839,448.52,-0.00738270
2005,107,1,83.85,115.378287,35.568594,418.61,-0.00711113
2005,107,2,167.70,115.378313,35.567846,792.38,-0.00441098
2005,107,3,251.54,115.378313,35.567090,1136.24,-0.00195661
2005,107,4,335.39,115.378043,35.566413,1196.04,-0.00193081
2005,109,0,0.00,115.378043,35.566413,553.17,0.00312149
2005,109,1,83.38,115.378625,35.565831,523.27,0.00307476
2005,109,2,166.75,115.379413,35.565605,538.22,0.00068190
2005,109,3,250.13,115.380176,35.565335,553.17,-0.00151402
2005,109,4,333.50,115.380866,35.564938,538.22,-0.00074939
2005,109,5,416.88,115.381546,35.564527,598.02,-0.00013497
2005,11,0,0.00,115.268359,35.450261,299.01,0.00536967
2005,11,1,78.05,115.267617,35.450058,313.96,0.00526476
2005,11,2,156.10,115.267281,35.449452,373.76,0.00515984
2005,110,0,0.00,115.381546,35.564527,538.22,0.00172709
2005,110,1,86.83,115.381816,35.563823,448.52,0.00325171
2005,110,2,173.66,115.382341,35.563193,403.66,0.00531052
2005,110,3,260.48,115.383134,35.562910,388.71,0.00404817
2005,110,4,347.31,115.384092,35.562910,418.61,0.00112582
2005,110,5,434.14,115.385050,35.562910,598.02,0.00000000
2005,111,0,0.00,115.381546,35.564527,1794.06,-0.00175927
2005,111,1,97.30,115.382226,35.565206,1360.50,-0.00326888
2005,111,2,194.60,115.383067,35.565605,732.58,-0.00586824
2005,111,3,291.90,115.384141,35.565605,388.71,-0.00618350
2005,111,4,389.20,115.384780,35.564967,403.66,-0.00376670
2005,111,5,486.50,115.385319,35.564247,657.82,-0.00178815
2005,111,6,583.80,115.385589,35.563449,657.82,-0.00145192
2005,112,0,0.00,115.385050,35.562910,657.82,0.00189739
2005,112,1,95.65,115.385319,35.562126,388.71,0.00253557
2005,112,2,191.29,115.385858,35.561562,343.86,0.00399164
2005,112,3,286.94,115.386600,35.561023,284.06,0.00336939
2005,112,4,382.58,115.387655,35.561023,538.22,-0.00000000
2005,112,5,478.23,115.388553,35.560754,418.61,-0.00192925
2005,113,0,0.00,115.385050,35.562910,1794.06,-0.00000000
2005,113,1,38.61,115.385319,35.563179,1764.16,-0.00000000
2005,113,2,77.23,115.385589,35.563449,672.77,-0.00000000
2005,114,0,0.00,115.385589,35.563449,568.12,0.00000000
2005,114,1,77.82,115.386447,35.563449,538.22,-0.00131616
2005,114,2,155.65,115.387306,35.563449,313.96,-0.00430793
2005,114,3,233.47,115.388010,35.563183,299.01,-0.00437438
2005,114,4,311.29,115.388553,35.562640,523.27,-0.00276520
2005,116,0,0.00,115.388553,35.560754,1136.24,0.00000000
2005,116,1,69.77,115.388553,35.561383,762.48,0.00000000
2005,116,2,139.54,115.388553,35.562011,837.23,-0.00000000
2005,116,3,209.30,115.388553,35.562640,672.77,0.00000000
2005,117,0,0.00,115.388553,35.560754,403.66,0.00081912
2005,117,1,93.56,115.389272,35.560215,388.71,0.00204161
2005,117,2,187.11,115.390057,35.559789,373.76,0.00222692
2005,117,3,280.67,115.391023,35.559676,358.81,0.00032251
2005,117,4,374.23,115.391899,35.559406,388.71,0.00242042
2005,117,5,467.79,115.392709,35.559250,478.42,0.00516020
2005,117,6,561.34,115.393494,35.559676,358.81,0.00287698
2005,117,7,654.90,115.394213,35.560215,284.06,0.00081912
2005,119,0,0.00,115.388553,35.562640,941.88,-0.00698497
2005,119,1,84.06,115.389168,35.563179,538.22,-0.00728781
2005,119,2,168.12,115.389938,35.562910,403.66,-0.00379533
2005,119,3,252.18,115.390709,35.562640,343.86,-0.00000000
2005,12,0,0.00,115.268359,35.450261,1794.06,-0.00000000
2005,12,1,77.27,115.268898,35.449722,1794.06,-0.00000000
2005,12,2,154.54,115.269437,35.449183,762.48,-0.00000000
2005,120,0,0.00,115.394213,35.560215,792.38,-0.00261053
2005,120,1,87.82,115.393600,35.560828,867.13,-0.00268098
2005,120,2,175.64,115.393404,35.561562,538.22,-0.00275144
2005,121,0,0.00,115.394213,35.560215,358.81,-0.00000000
2005,121,1,75.26,115.394886,35.560484,254.16,-0.00000000
2005,121,2,150.53,115.395560,35.560754,224.26,-0.00000000
2005,122,0,0.00,115.395560,35.560754,971.78,0.00000000
2005,122,1,59.80,115.395560,35.561293,493.37,0.00000000
2005,122,2,119.60,115.395560,35.561832,388.71,0.00000000
2005,123,0,0.00,115.395560,35.560754,702.67,0.00396140
2005,123,1,50.83,115.395915,35.560399,642.87,0.00417590
2005,123,2,101.66,115.396369,35.560215,,0.00439039
2005,124,0,0.00,115.395560,35.561832,1016.64,0.00000000
2005,124,1,61.08,115.394886,35.561832,343.86,0.00000000
2005,124,2,122.16,115.394213,35.561832,463.47,0.00000000
2005,125,0,0.00,115.395560,35.561832,194.36,0.00217516
2005,125,1,79.11,115.395830,35.562466,209.31,0.00211143
2005,125,2,158.22,115.395830,35.563179,358.81,0.00204771
2005,126,0,0.00,115.395830,35.563179,1196.04,0.00000000
2005,126,1,61.08,115.395156,35.563179,926.93,0.00000000
2005,126,2,122.16,115.394482,35.563179,403.66,0.00000000
2005,127,0,0.00,115.395830,35.563179,224.26,0.00226452
2005,127,1,68.51,115.396099,35.563718,254.16,0.00283048
2005,127,2,137.03,115.396160,35.564318,343.86,0.00245377
2005,127,3,205.54,115.396099,35.564796,373.76,0.00151110
2005,128,0,0.00,115.396099,35.564796,1255.84,0.00352142
2005,128,1,68.17,115.395347,35.564796,687.72,0.00370979
2005,128,2,136.34,115.394752,35.564527,463.47,0.00389816
2005,129,0,0.00,115.396099,35.564796,343.86,0.00000000
2005,129,1,81.38,115.396369,35.565451,343.86,-0.00103245
2005,129,2,162.77,115.396638,35.566106,388.71,-0.00201547
2005,129,3,244.15,115.397177,35.566683,358.81,-0.00196604
2005,13,0,0.00,115.270784,35.450261,403.66,0.00000000
2005,13,1,24.47,115.271054,35.450261,463.47,0.00000000
2005,13,2,48.93,115.271323,35.450261,463.47,0.00000000
2005,130,0,0.00,115.397177,35.566683,418.61,-0.00132918
2005,130,1,97.79,115.397177,35.567564,373.76,-0.00136843
2005,130,2,195.58,115.397447,35.568367,403.66,-0.00070384
2005,130,3,293.38,115.397716,35.569170,418.61,-0.00010410
2005,130,4,391.17,115.397986,35.569973,418.61,-0.00000000
2005,130,5,488.96,115.398294,35.570764,418.61,0.00020789
2005,130,6,586.75,115.398525,35.571578,418.61,0.00000000
2005,130,7,684.54,115.398794,35.572381,448.52,-0.00010379
2005,130,8,782.33,115.399064,35.573184,478.42,-0.00000000
2005,130,9,880.13,115.399333,35.573987,448.52,0.00051368
2005,130,10,977.92,115.399603,35.574790,418.61,0.00052489
2005,130,11,1075.71,115.399677,35.575650,403.66,-0.00031792
2005,130,12,1173.50,115.399942,35.576454,418.61,-0.00034055
2005,130,13,1271.29,115.400142,35.577277,388.71,0.00050808
2005,130,14,1369.08,115.400411,35.578080,418.61,0.00051950
2005,130,15,1466.88,115.400411,35.578962,433.57,-0.00043968
2005,130,16,1564.67,115.400681,35.579764,418.61,0.00000000
2005,130,17,1662.46,115.400850,35.580596,403.66,0.00018209
2005,130,18,1760.25,115.400950,35.581449,418.61,-0.00002212
2005,130,19,1858.04,115.401220,35.582252,388.71,0.00025760
2005,130,20,1955.83,115.401228,35.583130,328.91,-0.00065872
2005,130,21,2053.63,115.401489,35.583936,388.71,-0.00070384
2005,130,22,2151.42,115.401759,35.584739,388.71,-0.00004599
2005,131,0,0.00,115.397177,35.566683,687.72,0.00287376
2005,131,1,79.33,115.397731,35.566129,837.23,0.00437099
2005,131,2,158.66,115.398458,35.565874,1151.19,0.00414563
2005,131,3,237.99,115.399333,35.565874,822.28,0.00242303
2005,132,0,0.00,115.401759,35.584739,448.52,-0.00206129
2005,132,1,98.95,115.401823,35.585612,418.61,-0.00086387
2005,132,2,197.90,115.402298,35.586365,403.66,0.00068673
2005,132,3,296.84,115.402298,35.587257,388.71,0.00051995
2005,132,4,395.79,115.402567,35.588071,388.71,0.00015955
2005,132,5,494.74,115.402567,35.588962,388.71,0.00000000
2005,132,6,593.69,115.402772,35.589795,373.76,-0.00032132
2005,132,7,692.64,115.402837,35.590668,358.81,-0.00000000
2005,132,8,791.58,115.403106,35.591481,373.76,0.00016177
2005,132,9,890.53,115.403106,35.592373,358.81,-0.00034474
2005,132,10,989.48,115.403376,35.593186,358.81,0.00000000
2005,132,11,1088.43,115.403512,35.594038,358.81,0.00067957
2005,132,12,1187.38,115.403645,35.594891,328.91,-0.00000000
2005,132,13,1286.32,115.403645,35.595783,313.96,-0.00102155
2005,132,14,1385.27,115.403915,35.596597,299.01,0.00000000
2005,132,15,1484.22,115.404184,35.597410,299.01,0.00068673
2005,132,16,1583.17,115.404184,35.598302,284.06,-0.00000000
2005,132,17,1682.12,115.404454,35.599115,299.01,0.00000000
2005,132,18,1781.06,115.404454,35.600007,299.01,-0.00051995
2005,132,19,1880.01,115.404723,35.600820,313.96,-0.00000000
2005,132,20,1978.96,115.404928,35.601652,284.06,0.00101770
2005,132,21,2077.91,115.404992,35.602525,299.01,0.00000000
2005,132,22,2176.86,115.404992,35.603417,313.96,-0.00118448
2005,132,23,2275.80,115.405262,35.604231,269.11,-0.00034474
2005,132,24,2374.75,115.405531,35.605044,299.01,0.00068673
2005,132,25,2473.70,115.405668,35.605896,254.16,0.00000964
2005,132,26,2572.65,115.405801,35.606749,254.16,-0.00052968
2005,132,27,2671.60,115.406070,35.607562,269.11,-0.00020432
2005,132,28,2770.54,115.406279,35.608394,254.16,0.00037744
2005,132,29,2869.49,115.406552,35.609206,284.06,0.00088333
2005,132,30,2968.44,115.406609,35.610081,269.11,0.00015224
2005,132,31,3067.39,115.406682,35.610952,269.11,-0.00084441
2005,132,32,3166.34,115.406879,35.611786,284.06,-0.00036404
2005,132,33,3265.28,115.407148,35.612600,299.01,0.00050050
2005,132,34,3364.23,115.407293,35.613449,269.11,0.00004820
2005,132,35,3463.18,115.407418,35.614305,313.96,-0.00001883
2005,132,36,3562.13,115.407687,35.615118,328.91,0.00031584
2005,132,37,3661.08,115.407695,35.616008,313.96,-0.00064832
2005,132,38,3760.02,115.407957,35.616823,328.91,-0.00000000
2005,132,39,3858.97,115.408226,35.617637,358.81,0.00097464
2005,132,40,3957.92,115.408226,35.618528,328.91,-0.00000000
2005,132,41,4056.87,115.408371,35.619378,358.81,0.00004551
2005,132,42,4155.82,115.408496,35.620234,358.81,0.00064863
2005,132,43,4254.76,115.408496,35.621125,373.76,-0.00035300
2005,132,44,4353.71,115.408496,35.622017,343.86,-0.00064863
2005,132,45,4452.66,115.408765,35.622831,373.76,-0.00000000
2005,132,46,4551.61,115.408765,35.623722,403.66,-0.00000000
2005,132,47,4650.56,115.409035,35.624536,448.52,0.00000000
2005,132,48,4749.51,115.409035,35.625428,448.52,-0.00068673
2005,132,49,4848.45,115.409304,35.626241,448.52,-0.00137346
2005,133,0,0.00,115.401759,35.584739,657.82,-0.00000000
2005,133,1,85.36,115.402354,35.584143,642.87,0.00068194
2005,133,2,170.72,115.402950,35.583547,747.53,0.00142194
2005,133,3,256.08,115.403645,35.583122,822.28,0.00148000
2005,134,0,0.00,115.409304,35.626241,1794.06,0.00000000
2005,134,1,88.02,115.410276,35.626241,1674.46,0.00120305
2005,134,2,176.03,115.411248,35.626241,1121.29,0.00507393
2005,134,3,264.05,115.412039,35.626550,523.27,0.00891327
2005,134,4,352.06,115.412269,35.627277,403.66,0.00764351
2005,134,5,440.08,115.411687,35.627901,642.87,0.00269667
2005,134,6,528.09,115.411072,35.628515,672.77,0.00009554
2005,134,7,616.11,115.410458,35.629130,702.67,0.00000000
2005,134,8,704.12,115.409843,35.629744,747.53,-0.00000000
2005,135,0,0.00,115.409304,35.626241,448.52,0.00000000
2005,135,1,81.22,115.409304,35.626973,388.71,0.00000000
2005,135,2,162.45,115.409304,35.627705,463.47,0.00000000
2005,135,3,243.67,115.409304,35.628437,463.47,-0.00199884
2005,135,4,324.89,115.409304,35.629169,493.37,-0.00402002
2005,135,5,406.11,115.409843,35.629744,568.12,-0.00404236
2005,136,0,0.00,115.409843,35.629744,508.32,0.00000000
2005,136,1,92.97,115.409843,35.630582,553.17,0.00000000
2005,136,2,185.93,115.409843,35.631420,523.27,-0.00073615
2005,136,3,278.90,115.409843,35.632258,553.17,-0.00151652
2005,136,4,371.86,115.410113,35.633018,568.12,-0.00000000
2005,136,5,464.83,115.410382,35.633777,598.02,0.00151652
2005,136,6,557.79,115.410382,35.634615,598.02,0.00000000
2005,136,7,650.76,115.410382,35.635453,627.92,-0.00151652
2005,136,8,743.72,115.410652,35.636212,702.67,-0.00156075
2005,137,0,0.00,115.410652,35.636212,687.72,-0.00246000
2005,137,1,64.15,115.410682,35.636782,687.72,-0.00251716
2005,137,2,128.30,115.410921,35.637290,717.63,-0.00257432
2005,138,0,0.00,115.410652,35.636212,1151.19,-0.00107127
2005,138,1,99.57,115.411446,35.635688,971.78,-0.00103337
2005,138,2,199.13,115.412141,35.634992,897.03,-0.00049774
2005,138,3,298.70,115.412836,35.634297,926.93,0.00256688
2005,138,4,398.26,115.413532,35.633602,1270.79,0.00569583
2005,138,5,497.83,115.414425,35.633787,777.43,0.00625790
2005,139,0,0.00,115.410921,35.637290,956.83,-0.00000000
2005,139,1,87.16,115.410313,35.637899,1016.64,-0.00000000
2005,139,2,174.33,115.409704,35.638507,1016.64,0.00000000
2005,139,3,261.49,115.409096,35.639116,1091.39,-0.00023712
2005,139,4,348.66,115.408487,35.639725,1001.69,-0.00132457
2005,139,5,435.82,115.407957,35.640356,777.43,-0.00196005
2005,139,6,522.99,115.407687,35.641063,702.67,-0.00174520
2005,14,0,0.00,115.270784,35.450261,313.96,-0.00325484
2005,14,1,97.37,115.270314,35.449521,269.11,-0.00334268
2005,14,2,194.74,115.269437,35.449183,403.66,-0.00343051
2005,140,0,0.00,115.410921,35.637290,777.43,-0.01068488
2005,140,1,31.50,115.411141,35.637510,897.03,-0.01108130
2005,140,2,63.01,115.411460,35.637560,1689.41,-0.01147773
2005,142,0,0.00,115.414425,35.633787,598.02,0.00348839
2005,142,1,94.23,115.414393,35.634627,657.82,0.00346963
2005,142,2,188.47,115.413735,35.635285,926.93,0.00172544
2005,142,3,282.70,115.413077,35.635943,956.83,0.00000000
2005,143,0,0.00,115.411460,35.637560,687.72,0.00152375
2005,143,1,94.05,115.411730,35.638329,627.92,0.00148074
2005,143,2,188.10,115.411730,35.639177,672.77,0.00071887
2005,143,3,282.16,115.411730,35.640024,762.48,0.00000000
2005,143,4,376.21,115.411730,35.640872,583.07,-0.00148074
2005,143,5,470.26,115.411730,35.641720,687.72,-0.00301461
2005,143,6,564.31,115.412269,35.642411,777.43,-0.00306772
2005,144,0,0.00,115.411460,35.637560,956.83,-0.00000000
2005,144,1,77.20,115.411999,35.637021,867.13,-0.00000000
2005,144,2,154.40,115.412538,35.636482,852.18,-0.00000000
2005,144,3,231.60,115.413077,35.635943,956.83,0.00000000
2005,145,0,0.00,115.413077,35.635943,777.43,0.00000000
2005,145,1,88.74,115.413796,35.636392,867.13,0.00000000
2005,145,2,177.48,115.414515,35.636841,971.78,0.00000000
2005,145,3,266.22,115.415233,35.637290,792.38,0.00000000
2005,147,0,0.00,115.412269,35.642411,732.58,0.00539964
2005,147,1,49.20,115.412269,35.642854,807.33,0.00551157
2005,147,2,98.40,115.411999,35.643219,897.03,0.00562349
2005,148,0,0.00,115.412269,35.642411,1076.44,0.00000000
2005,148,1,57.90,115.412673,35.642006,1091.39,0.00000000
2005,148,2,115.79,115.413077,35.641602,1091.39,0.00000000
2005,149,0,0.00,115.411999,35.643219,1405.35,0.00204425
2005,149,1,94.51,115.411113,35.642950,1046.54,0.00200417
2005,149,2,189.02,115.410382,35.642411,897.03,0.00196409
2005,15,0,0.00,115.288840,35.470204,403.66,-0.00329516
2005,15,1,97.26,115.288893,35.471065,373.76,-0.00243233
2005,15,2,194.52,115.289572,35.471743,403.66,-0.00000000
2005,15,3,291.78,115.289918,35.472519,373.76,-0.00060885
2005,15,4,389.04,115.290303,35.473283,403.66,-0.00214244
2005,15,5,486.30,115.291080,35.473791,403.66,-0.00017482
2005,15,6,583.56,115.291759,35.474470,358.81,-0.00004803
2005,15,7,680.82,115.292318,35.475054,373.76,-0.00062576
2005,15,8,778.08,115.293105,35.475546,373.76,0.00057074
2005,15,9,875.34,115.293784,35.476225,388.71,0.00026759
2005,15,10,972.60,115.294462,35.476903,343.86,-0.00052271
2005,15,11,1069.86,115.295200,35.477480,328.91,-0.00043833
2005,15,12,1167.12,115.295918,35.478090,343.86,-0.00056319
2005,15,13,1264.38,115.296695,35.478598,328.91,0.00022248
2005,15,14,1361.64,115.297473,35.479106,328.91,0.00103219
2005,15,15,1458.90,115.298151,35.479784,284.06,-0.00056319
2005,15,16,1556.16,115.298840,35.480444,299.01,-0.00156142
2005,15,17,1653.42,115.299706,35.480800,269.11,-0.00008139
2005,15,18,1750.68,115.300484,35.481308,269.11,-0.00006447
2005,15,19,1847.94,115.301275,35.481792,269.11,-0.00042802
2005,15,20,1945.19,115.302137,35.482153,269.11,0.00115689
2005,15,21,2042.45,115.302915,35.482661,269.11,0.00107260
2005,15,22,2139.71,115.303593,35.483339,269.11,-0.00056319
2005,15,23,2236.97,115.304371,35.483847,269.11,-0.00115689
2005,15,24,2334.23,115.305148,35.484355,299.01,-0.00121802
2005,15,25,2431.49,115.306024,35.484692,284.06,-0.00181222
2005,15,26,2528.75,115.306903,35.485026,269.11,-0.00224676
2005,15,27,2626.01,115.307974,35.485026,299.01,-0.00211771
2005,150,0,0.00,115.411999,35.643219,792.38,0.00000000
2005,150,1,76.93,115.411999,35.643912,762.48,0.00000000
2005,150,2,153.85,115.411999,35.644606,762.48,-0.00108275
2005,150,3,230.78,115.411999,35.645299,747.53,-0.00223286
2005,150,4,307.71,115.412269,35.645914,657.82,-0.00230023
2005,151,0,0.00,115.413077,35.641602,882.08,0.00120794
2005,151,1,92.34,115.413513,35.640897,867.13,0.00252626
2005,151,2,184.67,115.414158,35.640252,1121.29,0.00444157
2005,151,3,277.01,115.415022,35.639985,792.38,0.00344972
2005,151,4,369.34,115.416042,35.639985,627.92,0.00186087
2005,152,0,0.00,115.413077,35.641602,1794.06,0.00000000
2005,152,1,97.82,115.414157,35.641602,1659.51,0.00001167
2005,152,2,195.65,115.415238,35.641602,1001.69,0.00324743
2005,152,3,293.47,115.416315,35.641606,792.38,0.00667208
2005,152,4,391.30,115.416581,35.642411,747.53,0.00687263
2005,153,0,0.00,115.410382,35.642411,1734.26,0.00337983
2005,153,1,99.62,115.409439,35.642680,1330.60,0.00337983
2005,153,2,199.24,115.408496,35.642411,747.53,0.00337983
2005,154,0,0.00,115.410382,35.642411,792.38,-0.00124028
2005,154,1,89.40,115.409758,35.641786,852.18,-0.00129141
2005,154,2,178.80,115.409035,35.641333,852.18,-0.00134254
2005,155,0,0.00,115.412269,35.645914,1016.64,-0.00000000
2005,155,1,57.90,115.411865,35.646318,1031.59,-0.00000000
2005,155,2,115.79,115.411460,35.646723,1031.59,-0.00000000
2005,156,0,0.00,115.412269,35.645914,1016.64,0.00216276
2005,156,1,97.40,115.413048,35.646424,897.03,0.00313865
2005,156,2,194.79,115.413519,35.647164,747.53,0.00259287
2005,156,3,292.19,115.413616,35.648014,732.58,0.00007852
2005,156,4,389.59,115.413886,35.648814,612.97,-0.00045708
2005,156,5,486.99,115.414155,35.649613,568.12,-0.00092858
2005,156,6,584.38,115.414425,35.650412,553.17,-0.00090999
2005,156,7,681.78,115.415041,35.651111,478.42,0.00040539
2005,156,8,779.18,115.415303,35.651913,433.57,-0.00071142
2005,156,9,876.58,115.415774,35.652654,328.91,-0.00213314
2005,156,10,973.97,115.416454,35.653334,299.01,-0.00103492
2005,156,11,1071.37,115.417234,35.653843,239.21,0.00000000
2005,156,12,1168.77,115.417914,35.654523,194.36,-0.00124389
2005,156,13,1266.16,115.418693,35.655033,209.31,-0.00210213
2005,156,14,1363.56,115.419586,35.655346,209.31,-0.00103186
2005,156,15,1460.96,115.420505,35.655616,209.31,-0.00015604
2005,156,16,1558.36,115.421427,35.655880,239.21,-0.00089477
2005,156,17,1655.75,115.422343,35.656155,239.21,-0.00177106
2005,156,18,1753.15,115.423418,35.656155,209.31,-0.00001642
2005,156,19,1850.55,115.424494,35.656155,239.21,0.00084229
2005,156,20,1947.95,115.425413,35.656424,269.11,-0.00008387
2005,156,21,2045.34,115.426488,35.656424,328.91,0.00015344
2005,156,22,2142.74,115.427390,35.656665,358.81,-0.00052188
2005,156,23,2240.14,115.428169,35.656694,418.61,-0.00151839
2005,157,0,0.00,115.411460,35.646723,837.23,0.00115616
2005,157,1,94.32,115.411011,35.647442,777.43,0.00112713
2005,157,2,188.64,115.410352,35.648100,1091.39,0.00054905
2005,157,3,282.96,115.409693,35.648759,1016.64,0.00000000
2005,157,4,377.27,115.409035,35.649417,747.53,-0.00000000
2005,158,0,0.00,115.411460,35.646723,1450.20,0.00000000
2005,158,1,85.42,115.410517,35.646723,1360.50,0.00000000
2005,158,2,170.85,115.409574,35.646723,867.13,0.00000000
2005,159,0,0.00,115.428169,35.656694,1584.76,0.00000000
2005,159,1,74.75,115.428169,35.657368,1285.75,0.00000000
2005,159,2,149.51,115.428169,35.658041,777.43,0.00000000
2005,16,0,0.00,115.288840,35.470204,1091.39,0.00123925
2005,16,1,89.49,115.289465,35.469579,1136.24,0.00129026
2005,16,2,178.98,115.290188,35.469126,553.17,0.00134126
2005,160,0,0.00,115.428169,35.656694,343.86,0.00268401
2005,160,1,81.68,115.428914,35.656424,358.81,0.00255298
2005,160,2,163.36,115.429816,35.656424,478.42,0.00405603
2005,160,3,245.04,115.430718,35.656424,493.37,0.00618049
2005,160,4,326.72,115.431133,35.656963,612.97,0.00667089
2005,161,0,0.00,115.428169,35.658041,433.57,-0.00000000
2005,161,1,43.70,115.427765,35.658176,328.91,-0.00000000
2005,161,2,87.40,115.427361,35.658311,299.01,-0.00000000
2005,162,0,0.00,115.428169,35.658041,553.17,-0.00563570
2005,162,1,95.49,115.428910,35.658580,343.86,-0.00717383
2005,162,2,190.99,115.429800,35.658297,553.17,-0.00563406
2005,162,3,286.48,115.430467,35.657630,792.38,-0.00127808
2005,162,4,381.97,115.431133,35.656963,837.23,-0.00000000
2005,163,0,0.00,115.431133,35.656963,508.32,0.00006957
2005,163,1,86.08,115.432084,35.656963,508.32,0.00108675
2005,163,2,172.15,115.433029,35.656973,508.32,0.00101226
2005,163,3,258.23,115.433828,35.657233,538.22,-0.00108675
2005,163,4,344.30,115.434779,35.657233,508.32,0.00003970
2005,163,5,430.38,115.435730,35.657233,508.32,0.00228984
2005,163,6,516.45,115.436523,35.657502,538.22,0.00240618
2005,164,0,0.00,115.436523,35.657502,388.71,0.00000000
2005,164,1,96.98,115.437594,35.657502,538.22,0.00000000
2005,164,2,193.95,115.438665,35.657502,568.12,0.00000000
2005,164,3,290.93,115.439736,35.657502,538.22,0.00084983
2005,164,4,387.91,115.440807,35.657502,538.22,0.00084983
2005,164,5,484.89,115.441722,35.657772,508.32,-0.00150541
2005,164,6,581.86,115.442792,35.657772,508.32,-0.00169965
2005,164,7,678.84,115.443741,35.657561,493.37,0.00047942
2005,164,8,775.82,115.444778,35.657502,478.42,0.00169703
2005,164,9,872.80,115.445849,35.657502,478.42,0.00102599
2005,164,10,969.77,115.446763,35.657771,448.52,-0.00035044
2005,164,11,1066.75,115.447834,35.657772,418.61,0.00000000
2005,164,12,1163.73,115.448811,35.657933,343.86,0.00072320
2005,164,13,1260.71,115.449819,35.658041,299.01,0.00040803
2005,164,14,1357.68,115.450733,35.658311,269.11,0.00149632
2005,164,15,1454.66,115.451735,35.658430,269.11,0.00278666
2005,164,16,1551.64,115.452412,35.659108,194.36,0.00076232
2005,164,17,1648.61,115.453188,35.659614,164.46,-0.00056592
2005,164,18,1745.59,115.453964,35.660121,239.21,0.00046961
2005,164,19,1842.57,115.454741,35.660628,284.06,0.00056592
2005,164,20,1939.55,115.455435,35.661275,313.96,-0.00036801
2005,164,21,2036.52,115.456194,35.661812,328.91,-0.00056592
2005,164,22,2133.50,115.456970,35.662319,343.86,-0.00069827
2005,164,23,2230.48,115.457747,35.662825,403.66,-0.00120978
2005,164,24,2327.46,115.458622,35.663162,433.57,-0.00122621
2005,165,0,0.00,115.436523,35.657502,1794.06,0.00000000
2005,165,1,59.80,115.436523,35.658041,1539.90,0.00000000
2005,165,2,119.60,115.436523,35.658580,882.08,0.00000000
2005,166,0,0.00,115.458622,35.663162,448.52,-0.00477412
2005,166,1,91.06,115.458840,35.663919,388.71,-0.00511008
2005,166,2,182.13,115.459659,35.664240,418.61,-0.00293228
2005,166,3,273.19,115.460508,35.664509,433.57,-0.00041851
2005,167,0,0.00,115.458622,35.663162,1794.06,0.00331975
2005,167,1,87.38,115.459232,35.662552,1136.24,0.00708606
2005,167,2,174.76,115.460082,35.662353,358.81,0.01097471
2005,167,3,262.13,115.460508,35.662934,463.47,0.00697428
2005,167,4,349.51,115.460508,35.663722,672.77,0.00142576
2005,167,5,436.89,115.460508,35.664509,717.63,0.00000000
2005,169,0,0.00,115.460508,35.664509,463.47,-0.00153334
2005,169,1,80.59,115.461071,35.665072,478.42,-0.00160123
2005,169,2,161.18,115.461733,35.665464,478.42,-0.00083455
2005,169,3,241.77,115.462395,35.665857,478.42,-0.00000000
2005,17,0,0.00,115.267281,35.449452,403.66,0.00221612
2005,17,1,97.79,115.266360,35.449183,358.81,0.00187869
2005,17,2,195.58,115.265620,35.448600,403.66,0.00058707
2005,17,3,293.37,115.264830,35.448105,418.61,-0.00071391
2005,17,4,391.17,115.264058,35.447577,388.71,-0.00058707
2005,17,5,488.96,115.263178,35.447237,403.66,0.00051388
2005,17,6,586.75,115.262397,35.446725,418.61,0.00058707
2005,17,7,684.54,115.261614,35.446219,418.61,-0.00072434
2005,17,8,782.33,115.260836,35.445702,418.61,-0.00058707
2005,17,9,880.12,115.259928,35.445410,358.81,0.00090313
2005,17,10,977.92,115.259175,35.444850,403.66,0.00114399
2005,17,11,1075.71,115.258394,35.444339,403.66,0.00004243
2005,17,12,1173.50,115.257712,35.443656,373.76,-0.00036408
2005,17,13,1271.29,115.256868,35.443254,358.81,0.00067180
2005,17,14,1369.08,115.256231,35.442610,358.81,0.00011067
2005,17,15,1466.87,115.255577,35.442061,388.71,-0.00087655
2005,17,16,1564.67,115.254797,35.441550,373.76,-0.00030351
2005,17,17,1662.46,115.254016,35.441038,373.76,0.00055692
2005,17,18,1760.25,115.253235,35.440527,388.71,0.00055692
2005,17,19,1858.04,115.252552,35.439845,403.66,-0.00055692
2005,17,20,1955.83,115.251772,35.439333,373.76,-0.00055692
2005,17,21,2053.62,115.250991,35.438822,448.52,0.00000000
2005,17,22,2151.42,115.250210,35.438310,433.57,0.00107397
2005,17,23,2249.21,115.249429,35.437799,463.47,0.00212259
2005,17,24,2347.00,115.248955,35.437056,508.32,0.00209722
2005,170,0,0.00,115.462395,35.665857,388.71,0.00000000
2005,170,1,82.87,115.462664,35.666525,598.02,-0.00123193
2005,170,2,165.74,115.462934,35.667194,313.96,-0.00369789
2005,170,3,248.60,115.463523,35.667743,313.96,-0.00385052
2005,170,4,331.47,115.464281,35.668013,299.01,-0.00276912
2005,171,0,0.00,115.462395,35.665857,1539.90,0.00448661
2005,171,1,80.47,115.463056,35.665465,762.48,0.00450449
2005,171,2,160.95,115.463717,35.665562,373.76,0.00291865
2005,171,3,241.42,115.464591,35.665587,313.96,0.00342578
2005,171,4,321.89,115.465336,35.665834,313.96,0.00424614
2005,171,5,402.37,115.465898,35.666396,299.01,0.00295563
2005,172,0,0.00,115.464281,35.668013,299.01,-0.00484573
2005,172,1,68.23,115.464549,35.668550,284.06,-0.00691046
2005,172,2,136.46,115.465145,35.668821,299.01,-0.00625828
2005,172,3,204.69,115.465898,35.668821,358.81,-0.00354138
2005,173,0,0.00,115.464281,35.668013,1794.06,0.00000000
2005,173,1,77.19,115.464820,35.667474,1794.06,0.00000000
2005,173,2,154.37,115.465359,35.666935,777.43,0.00000000
2005,173,3,231.56,115.465898,35.666396,1539.90,0.00000000
2005,174,0,0.00,115.465898,35.666396,299.01,0.00502956
2005,174,1,92.90,115.466745,35.666704,284.06,0.00490614
2005,174,2,185.79,115.466976,35.667474,642.87,0.00478273
2005,176,0,0.00,115.465898,35.668821,313.96,-0.00315740
2005,176,1,93.96,115.466346,35.669538,269.11,-0.00359214
2005,176,2,187.91,115.467173,35.669899,478.42,-0.00236538
2005,176,3,281.87,115.468054,35.670169,493.37,-0.00070388
2005,177,0,0.00,115.465898,35.668821,1794.06,-0.00115134
2005,177,1,92.14,115.466542,35.668178,926.93,-0.00118218
2005,177,2,184.27,115.466976,35.667474,807.33,-0.00121302
2005,178,0,0.00,115.466976,35.667474,313.96,0.00569904
2005,178,1,75.86,115.467803,35.667492,254.16,0.00566104
2005,178,2,151.72,115.468333,35.668022,269.11,0.00281152
2005,178,3,227.57,115.468863,35.668552,493.37,-0.00000000
2005,18,0,0.00,115.267281,35.449452,1794.06,0.00336793
2005,18,1,88.86,115.267901,35.448833,1181.09,0.00650941
2005,18,2,177.71,115.268770,35.448644,388.71,0.00768168
2005,18,3,266.57,115.269437,35.449183,388.71,0.00571246
2005,180,0,0.00,115.468054,35.670169,508.32,-0.00317759
2005,180,1,98.41,115.468533,35.670916,254.16,-0.00359210
2005,180,2,196.83,115.469418,35.671263,239.21,-0.00227134
2005,180,3,295.24,115.470358,35.671516,463.47,-0.00021108
2005,180,4,393.66,115.471288,35.671786,493.37,0.00011392
2005,181,0,0.00,115.468054,35.670169,1794.06,-0.00433670
2005,181,1,68.49,115.468533,35.669690,986.73,-0.00330010
2005,181,2,136.99,115.468593,35.669091,1240.89,0.00000000
2005,181,3,205.48,115.468863,35.668552,747.53,0.00226350
2005,183,0,0.00,115.468863,35.668552,493.37,-0.00000000
2005,183,1,88.65,115.469685,35.668821,463.47,0.00139791
2005,183,2,177.30,115.470508,35.669091,224.26,0.00313053
2005,183,3,265.96,115.471019,35.669614,269.11,0.00276521
2005,183,4,354.61,115.471558,35.670256,538.22,0.00190464
2005,183,5,443.26,115.471827,35.670977,583.07,0.00174408
2005,184,0,0.00,115.471288,35.671786,1076.44,0.00000000
2005,184,1,53.54,115.471558,35.671381,1016.64,0.00000000
2005,184,2,107.09,115.471827,35.670977,1046.54,0.00000000
2005,185,0,0.00,115.471288,35.671786,493.37,0.00000000
2005,185,1,87.52,115.471691,35.672457,254.16,-0.00092153
2005,185,2,175.05,115.472093,35.673129,194.36,-0.00414850
2005,185,3,262.57,115.472744,35.673672,179.41,-0.00440540
2005,185,4,350.09,115.473711,35.673672,508.32,-0.00222841
2005,185,5,437.61,115.474521,35.673941,538.22,-0.00326190
2005,185,6,525.14,115.475331,35.673672,852.18,-0.00442383
2005,186,0,0.00,115.471827,35.670977,598.02,0.00212649
2005,186,1,86.99,115.472788,35.670977,508.32,0.00264742
2005,186,2,173.98,115.473592,35.671247,209.31,0.00371404
2005,186,3,260.98,115.474343,35.671607,194.36,0.00404305
2005,186,4,347.97,115.474742,35.672275,224.26,0.00234803
2005,186,5,434.96,115.475061,35.672966,508.32,0.00060173
2005,186,6,521.95,115.475331,35.673672,493.37,0.00033375
2005,187,0,0.00,115.475331,35.673672,418.61,0.00033536
2005,187,1,97.97,115.476114,35.674186,403.66,0.00025043
2005,187,2,195.93,115.476868,35.674750,418.61,-0.00092225
2005,187,3,293.90,115.477636,35.675289,403.66,-0.00110005
2005,187,4,391.87,115.478562,35.675558,418.61,0.00074863
2005,187,5,489.83,115.479346,35.676070,403.66,0.00026560
2005,187,6,587.80,115.480129,35.676584,403.66,-0.00057807
2005,187,7,685.77,115.481012,35.676928,403.66,-0.00000000
2005,187,8,783.73,115.481795,35.677441,388.71,0.00000000
2005,187,9,881.70,115.482677,35.677785,403.66,0.00051710
2005,187,10,979.67,115.483461,35.678299,403.66,0.00000000
2005,187,11,1077.63,115.484255,35.678792,358.81,-0.00104704
2005,187,12,1175.60,115.485126,35.679156,358.81,-0.00050171
2005,187,13,1273.57,115.486009,35.679499,343.86,-0.00007050
2005,187,14,1371.53,115.486875,35.679870,313.96,0.00033115
2005,187,15,1469.50,115.487773,35.680186,313.96,0.00026772
2005,187,16,1567.46,115.488569,35.680679,313.96,-0.00095160
2005,187,17,1665.43,115.489494,35.680948,299.01,-0.00053550
2005,187,18,1763.40,115.490419,35.681218,269.11,0.00095160
2005,187,19,1861.36,115.491303,35.681559,254.16,0.00044322
2005,187,20,1959.33,115.492113,35.682026,284.06,-0.00026384
2005,187,21,2057.30,115.493039,35.682296,313.96,0.00025444
2005,187,22,2155.26,115.493851,35.682760,343.86,0.00043440
2005,187,23,2253.23,115.494733,35.683104,269.11,0.00016746
2005,187,24,2351.20,115.495517,35.683617,299.01,-0.00060044
2005,187,25,2449.16,115.496399,35.683961,313.96,-0.00033588
2005,187,26,2547.13,115.497281,35.684304,313.96,0.00000000
2005,187,27,2645.10,115.498121,35.684721,343.86,-0.00078318
2005,187,28,2743.06,115.499046,35.684991,343.86,-0.00104343
2005,188,0,0.00,115.499046,35.684991,1794.06,0.00321148
2005,188,1,95.64,115.499505,35.684262,1091.39,0.00784976
2005,188,2,191.28,115.500358,35.683913,269.11,0.01153854
2005,188,3,286.92,115.500663,35.684668,583.07,0.00609189
2005,188,4,382.56,115.500663,35.685530,672.77,0.00159475
2005,189,0,0.00,115.499046,35.684991,299.01,-0.00462774
2005,189,1,87.38,115.499698,35.685530,269.11,-0.00453337
2005,189,2,174.76,115.500663,35.685530,388.71,-0.00443899
2005,191,0,0.00,115.500663,35.685530,358.81,-0.00040288
2005,191,1,97.29,115.501424,35.686069,328.91,-0.00090018
2005,191,2,194.58,115.502220,35.686548,343.86,-0.00059255
2005,191,3,291.87,115.503098,35.686887,328.91,0.00069874
2005,191,4,389.16,115.503877,35.687396,328.91,0.00004144
2005,191,5,486.45,115.504655,35.687905,313.96,0.00051417
2005,191,6,583.74,115.505514,35.688249,328.91,0.00094784
2005,191,7,681.03,115.506003,35.688984,284.06,-0.00171571
2005,191,8,778.32,115.506893,35.689303,269.11,-0.00112895
2005,191,9,875.60,115.507759,35.689661,343.86,0.00110229
2005,191,10,972.89,115.508572,35.690111,328.91,0.00093082
2005,191,11,1070.18,115.509333,35.690650,284.06,0.00019762
2005,191,12,1167.47,115.510095,35.691188,328.91,0.00031557
2005,191,13,1264.76,115.510873,35.691697,358.81,0.00098522
2005,191,14,1362.05,115.511443,35.692267,358.81,0.00113883
2005,192,0,0.00,115.511443,35.692267,328.91,0.00233307
2005,192,1,82.92,115.512220,35.692505,284.06,0.00396808
2005,192,2,165.83,115.512790,35.692946,269.11,0.00422303
2005,192,3,248.75,115.513060,35.693615,284.06,0.00284297
2005,193,0,0.00,115.511443,35.692267,1794.06,-0.00284395
2005,193,1,90.38,115.510812,35.692898,1001.69,-0.00587241
2005,193,2,180.75,115.510671,35.693651,313.96,-0.00913437
2005,193,3,271.13,115.511401,35.694112,328.91,-0.00855089
2005,193,4,361.51,115.512375,35.694154,777.43,-0.00616567
2005,193,5,451.88,115.513060,35.693615,1794.06,-0.00459742
2005,195,0,0.00,115.513060,35.693615,328.91,-0.00117181
2005,195,1,91.90,115.513702,35.694256,328.91,-0.00058591
2005,195,2,183.80,115.514443,35.694728,358.81,0.00000000
2005,195,3,275.70,115.515084,35.695370,358.81,-0.00000000
2005,195,4,367.61,115.515825,35.695841,343.86,-0.00000000
2005,195,5,459.51,115.516467,35.696483,328.91,0.00058591
2005,195,6,551.41,115.517208,35.696955,358.81,0.00177402
2005,195,7,643.31,115.517641,35.697657,388.71,0.00237622
2005,196,0,0.00,115.517641,35.697657,448.52,0.00137184
2005,196,1,89.33,115.518563,35.697770,299.01,0.00345246
2005,196,2,178.66,115.519385,35.698053,269.11,0.00602927
2005,196,3,267.99,115.519797,35.698738,313.96,0.00450537
2005,196,4,357.32,115.519797,35.699543,388.71,0.00248527
2005,197,0,0.00,115.517641,35.697657,747.53,-0.00347864
2005,197,1,86.90,115.517372,35.698362,493.37,-0.00407529
2005,197,2,173.80,115.517641,35.699067,284.06,-0.00561690
2005,197,3,260.70,115.518088,35.699720,269.11,-0.00742811
2005,197,4,347.60,115.518994,35.699813,598.02,-0.00566626
2005,197,5,434.50,115.519797,35.699543,1420.30,-0.00303816
2005,198,0,0.00,115.519797,35.699543,373.76,0.00219415
2005,198,1,96.70,115.520572,35.700049,328.91,0.00169633
2005,198,2,193.41,115.521038,35.700785,269.11,0.00111954
2005,198,3,290.11,115.521684,35.701469,254.16,0.00095442
2005,198,4,386.81,115.521953,35.702262,194.36,0.00028706
2005,198,5,483.52,115.522438,35.702993,224.26,0.00116330
2005,198,6,580.22,115.522762,35.703770,179.41,0.00152707
2005,198,7,676.92,115.522762,35.704642,179.41,-0.00057696
2005,198,8,773.62,115.523002,35.705444,209.31,-0.00015007
2005,198,9,870.33,115.523301,35.706228,239.21,0.00139755
2005,198,10,967.03,115.523301,35.707100,224.26,0.00075397
2005,198,11,1063.73,115.523301,35.707972,209.31,0.00067870
2005,198,12,1160.44,115.523301,35.708843,209.31,0.00105715
2005,198,13,1257.14,115.523031,35.709636,239.21,0.00000000
2005,198,14,1353.84,115.522888,35.710466,209.31,-0.00074542
2005,198,15,1450.55,115.522762,35.711301,149.51,0.00044634
2005,198,16,1547.25,115.522762,35.712173,224.26,0.00108582
2005,198,17,1643.95,115.522324,35.712917,254.16,-0.00018052
2005,198,18,1740.65,115.522223,35.713759,284.06,-0.00071885
2005,198,19,1837.36,115.521953,35.714553,284.06,-0.00026582
2005,198,20,1934.06,115.521953,35.715424,269.11,0.00164547
2005,198,21,2030.76,115.521684,35.716218,313.96,0.00270280
2005,198,22,2127.47,115.521145,35.716791,418.61,0.00211465
2005,199,0,0.00,115.521145,35.716791,299.01,0.00040651
2005,199,1,95.49,115.521145,35.717652,269.11,0.00143384
2005,199,2,190.99,115.521064,35.718489,284.06,0.00228050
2005,199,3,286.48,115.520606,35.719217,313.96,0.00209983
2005,2,0,0.00,115.274827,35.455651,433.57,-0.00111440
2005,2,1,94.27,115.274169,35.454993,403.66,-0.00055720
2005,2,2,188.54,115.273413,35.454506,343.86,0.00035004
2005,2,3,282.81,115.272755,35.453849,343.86,0.00040827
2005,2,4,377.08,115.272132,35.453323,328.91,-0.00076040
2005,2,5,471.36,115.271525,35.452686,373.76,-0.00030163
2005,2,6,565.63,115.270694,35.452327,328.91,0.00209771
2005,2,7,659.90,115.270245,35.451608,373.76,0.00316140
2005,200,0,0.00,115.521145,35.716791,1465.15,0.00267881
2005,200,1,82.26,115.520392,35.716522,553.17,0.00257509
2005,200,2,164.52,115.519797,35.715983,642.87,0.00247137
2005,201,0,0.00,115.520606,35.719217,1794.06,0.01148840
2005,201,1,31.48,115.520287,35.719167,1106.34,0.01109078
2005,201,2,62.97,115.520067,35.718947,433.57,0.01069316
2005,202,0,0.00,115.520606,35.719217,328.91,0.00152540
2005,202,1,90.20,115.520602,35.720029,269.11,0.00188769
2005,202,2,180.40,115.520336,35.720764,313.96,0.00160963
2005,202,3,270.60,115.519969,35.721470,313.96,0.00255470
2005,202,4,360.80,115.519548,35.722161,358.81,0.00407225
2005,202,5,450.99,115.518719,35.722451,687.72,0.00400438
2005,203,0,0.00,115.519797,35.715983,508.32,-0.00257646
2005,203,1,76.61,115.519163,35.716347,313.96,-0.00440695
2005,203,2,153.23,115.518719,35.716909,269.11,-0.00495458
2005,203,3,229.84,115.518719,35.717600,284.06,-0.00367171
2005,204,0,0.00,115.519797,35.715983,463.47,0.00250624
2005,204,1,73.72,115.519528,35.715396,284.06,0.00516690
2005,204,2,147.44,115.519528,35.714732,269.11,0.00712101
2005,204,3,221.16,115.520067,35.714366,328.91,0.00641445
2005,205,0,0.00,115.520067,35.718947,433.57,-0.00000000
2005,205,1,96.46,115.519393,35.718273,448.52,-0.00000000
2005,205,2,192.92,115.518719,35.717600,418.61,-0.00000000
2005,206,0,0.00,115.520067,35.718947,403.66,0.00606839
2005,206,1,75.83,115.519386,35.719217,897.03,0.00751710
2005,206,2,151.66,115.518710,35.718938,553.17,0.00579083
2005,206,3,227.49,115.518180,35.718408,463.47,0.00261586
2005,207,0,0.00,115.518719,35.722451,493.37,0.00143333
2005,207,1,94.14,115.518719,35.723299,493.37,0.00139517
2005,207,2,188.28,115.518450,35.724069,299.01,0.00119297
2005,207,3,282.42,115.518209,35.724848,299.01,0.00168730
2005,207,4,376.57,115.517760,35.725566,448.52,0.00172364
2005,207,5,470.71,115.517102,35.726223,478.42,0.00110163
2005,208,0,0.00,115.518719,35.722451,583.07,-0.00573007
2005,208,1,75.16,115.518194,35.721926,1091.39,-0.00575977
2005,208,2,150.32,115.517372,35.721912,867.13,-0.00578947
2005,209,0,0.00,115.518719,35.717600,328.91,-0.00347726
2005,209,1,53.53,115.518345,35.717974,313.96,-0.00358393
2005,209,2,107.07,115.518180,35.718408,299.01,-0.00369060
2005,21,0,0.00,115.307974,35.485026,299.01,-0.00178709
2005,21,1,99.68,115.308761,35.485565,299.01,-0.00181202
2005,21,2,199.37,115.309703,35.485834,328.91,-0.00068233
2005,21,3,299.05,115.310645,35.486104,328.91,0.00000000
2005,21,4,398.74,115.311547,35.486443,313.96,-0.00046994
2005,21,5,498.42,115.312530,35.486643,299.01,-0.00005862
2005,21,6,598.11,115.313473,35.486912,269.11,0.00023380
2005,21,7,697.79,115.314425,35.487164,299.01,-0.00051217
2005,21,8,797.48,115.315357,35.487451,299.01,-0.00088430
2005,21,9,897.16,115.316409,35.487532,284.06,-0.00053992
2005,21,10,996.85,115.317398,35.487721,299.01,-0.00000000
2005,21,11,1096.53,115.318492,35.487728,299.01,0.00108497
2005,21,12,1196.22,115.319439,35.487990,313.96,0.00000000
2005,21,13,1295.90,115.320382,35.488260,328.91,-0.00156968
2005,21,14,1395.59,115.321480,35.488260,299.01,0.00088430
2005,21,15,1495.27,115.322560,35.488292,313.96,0.00148550
2005,21,16,1594.96,115.323365,35.488799,299.01,-0.00105385
2005,21,17,1694.64,115.324463,35.488799,328.91,-0.00077439
2005,21,18,1794.33,115.325437,35.489014,313.96,-0.00047952
2005,21,19,1894.01,115.326504,35.489068,328.91,-0.00035185
2005,21,20,1993.70,115.327603,35.489068,358.81,0.00064907
2005,21,21,2093.38,115.328611,35.489224,313.96,0.00066538
2005,21,22,2193.07,115.329644,35.489338,388.71,-0.00000000
2005,21,23,2292.75,115.330596,35.489591,358.81,-0.00026192
2005,21,24,2392.43,115.331685,35.489607,388.71,0.00088430
2005,21,25,2492.12,115.332627,35.489877,358.81,0.00053011
2005,21,26,2591.80,115.333570,35.490146,358.81,-0.00058499
2005,21,27,2691.49,115.334564,35.490325,343.86,-0.00029284
2005,21,28,2791.17,115.335556,35.490509,313.96,0.00027172
2005,21,29,2890.86,115.336553,35.490685,328.91,0.00059544
2005,21,30,2990.54,115.337495,35.490955,358.81,0.00031328
2005,21,31,3090.23,115.338438,35.491224,343.86,0.00000000
2005,21,32,3189.91,115.339380,35.491494,358.81,-0.00027004
2005,21,33,3289.60,115.340322,35.491763,328.91,0.00001465
2005,21,34,3389.28,115.341311,35.491952,313.96,0.00084755
2005,21,35,3488.97,115.342205,35.492306,358.81,0.00056287
2005,21,36,3588.65,115.343098,35.492661,328.91,-0.00087639
2005,21,37,3688.34,115.343991,35.493015,313.96,-0.00114830
2005,21,38,3788.02,115.345034,35.493111,299.01,0.00059421
2005,21,39,3887.71,115.345975,35.493382,284.06,0.00056346
2005,21,40,3987.39,115.346869,35.493737,269.11,-0.00058701
2005,21,41,4087.08,115.347861,35.493919,269.11,0.00000732
2005,21,42,4186.76,115.348804,35.494189,269.11,0.00029167
2005,21,43,4286.45,115.349746,35.494458,358.81,-0.00000000
2005,211,0,0.00,115.518180,35.718408,343.86,-0.00239005
2005,211,1,82.95,115.517641,35.718999,284.06,-0.00292630
2005,211,2,165.91,115.517439,35.719688,254.16,-0.00243437
2005,211,3,248.86,115.517372,35.720416,299.01,-0.00092743
2005,211,4,331.81,115.517372,35.721164,493.37,-0.00022434
2005,211,5,414.76,115.517372,35.721912,358.81,0.00000000
2005,212,0,0.00,115.517102,35.726223,433.57,0.00247716
2005,212,1,89.09,115.517102,35.727026,284.06,0.00189209
2005,212,2,178.19,115.516693,35.727711,254.16,0.00192293
2005,212,3,267.28,115.516488,35.728454,284.06,0.00395926
2005,212,4,356.37,115.515767,35.728906,328.91,0.00341791
2005,212,5,445.46,115.514946,35.729188,553.17,0.00145612
2005,213,0,0.00,115.517102,35.726223,553.17,-0.00356461
2005,213,1,94.45,115.516443,35.725564,1031.59,-0.00369718
2005,213,2,188.89,115.515485,35.725415,627.92,-0.00382975
2005,215,0,0.00,115.517372,35.721912,343.86,-0.00063561
2005,215,1,93.04,115.516657,35.722451,493.37,-0.00112772
2005,215,2,186.08,115.516024,35.723056,299.01,-0.00259960
2005,215,3,279.11,115.515532,35.723751,284.06,-0.00317920
2005,215,4,372.15,115.515485,35.724576,493.37,-0.00151217
2005,215,5,465.19,115.515485,35.725415,493.37,-0.00024532
2005,216,0,0.00,115.514946,35.729188,403.66,0.00146358
2005,216,1,93.18,115.514946,35.730028,343.86,0.00073179
2005,216,2,186.35,115.514677,35.730789,284.06,-0.00006803
2005,216,3,279.53,115.514677,35.731629,299.01,0.00000000
2005,216,4,372.71,115.514432,35.732398,328.91,-0.00053635
2005,216,5,465.88,115.514407,35.733230,299.01,-0.00120878
2005,217,0,0.00,115.514946,35.729188,672.77,0.00185643
2005,217,1,72.82,115.514438,35.728679,612.97,0.00191188
2005,217,2,145.65,115.514138,35.728110,538.22,0.00196733
2005,219,0,0.00,115.515485,35.725415,493.37,-0.00133617
2005,219,1,85.60,115.514887,35.726013,299.01,-0.00240715
2005,219,2,171.21,115.514498,35.726671,284.06,-0.00215019
2005,219,3,256.81,115.514407,35.727417,299.01,0.00020444
2005,219,4,342.42,115.514138,35.728110,403.66,0.00123114
2005,22,0,0.00,115.307974,35.485026,1435.25,-0.00347829
2005,22,1,53.58,115.308348,35.484652,1794.06,-0.00358549
2005,22,2,107.16,115.308513,35.484217,882.08,-0.00369270
2005,220,0,0.00,115.514407,35.733230,807.33,0.00240710
2005,220,1,67.69,115.514979,35.733533,403.66,0.00120355
2005,220,2,135.39,115.515452,35.734006,313.96,-0.00120355
2005,220,3,203.08,115.516024,35.734308,149.51,-0.00240710
2005,221,0,0.00,115.514407,35.733230,343.86,-0.00380719
2005,221,1,97.76,115.514138,35.734033,328.91,-0.00380659
2005,221,2,195.52,115.514607,35.734778,269.11,-0.00247809
2005,221,3,293.27,115.515081,35.735521,149.51,-0.00241113
2005,221,4,391.03,115.515770,35.736195,149.51,-0.00271099
2005,221,5,488.79,115.516694,35.736464,149.51,-0.00046916
2005,221,6,586.55,115.517527,35.736889,194.36,0.00056898
2005,221,7,684.31,115.518384,35.737273,239.21,-0.00000000
2005,221,8,782.06,115.519190,35.737744,254.16,-0.00087850
2005,221,9,879.82,115.520074,35.738081,284.06,-0.00000000
2005,221,10,977.58,115.520998,35.738351,299.01,0.00071531
2005,221,11,1075.34,115.521765,35.738890,284.06,-0.00025787
2005,221,12,1173.10,115.522688,35.739159,328.91,-0.00000000
2005,221,13,1270.86,115.523497,35.739625,343.86,-0.00018182
2005,221,14,1368.61,115.524379,35.739968,403.66,-0.00087938
2005,222,0,0.00,115.514138,35.728110,1076.44,0.00000000
2005,222,1,12.19,115.514003,35.728110,1076.44,0.00000000
2005,222,2,24.38,115.513868,35.728110,956.83,0.00000000
2005,223,0,0.00,115.524379,35.739968,418.61,0.00194989
2005,223,1,90.73,115.525382,35.739968,358.81,0.00205280
2005,223,2,181.46,115.526228,35.740237,328.91,0.00107786
2005,223,3,272.18,115.527074,35.740507,388.71,0.00000000
2005,224,0,0.00,115.524379,35.739968,1196.04,-0.00035606
2005,224,1,94.70,115.524379,35.740821,1121.29,-0.00352865
2005,224,2,189.40,115.524448,35.741654,463.47,-0.00701519
2005,224,3,284.10,115.525379,35.741854,313.96,-0.00768601
2005,224,4,378.80,115.526168,35.741951,478.42,-0.00689954
2005,224,5,473.50,115.526621,35.741229,1061.49,-0.00287810
2005,224,6,568.20,115.527074,35.740507,1315.65,0.00000000
2005,226,0,0.00,115.527074,35.740507,388.71,0.00263091
2005,226,1,98.49,115.527960,35.740315,343.86,0.00189035
2005,226,2,196.98,115.528937,35.740507,328.91,0.00082319
2005,226,3,295.48,115.530026,35.740507,358.81,0.00024829
2005,226,4,393.97,115.530958,35.740776,358.81,-0.00082319
2005,226,5,492.46,115.532047,35.740776,328.91,-0.00082319
2005,226,6,590.95,115.533135,35.740776,328.91,0.00000000
2005,226,7,689.44,115.534224,35.740776,328.91,0.00000000
2005,226,8,787.93,115.535313,35.740776,328.91,0.00000000
2005,226,9,886.43,115.536402,35.740776,328.91,0.00000000
2005,226,10,984.92,115.537491,35.740776,328.91,0.00000000
2005,226,11,1083.41,115.538579,35.740776,328.91,-0.00082319
2005,226,12,1181.90,115.539668,35.740776,358.81,-0.00082319
2005,226,13,1280.39,115.540600,35.740507,328.91,0.00082319
2005,226,14,1378.88,115.541689,35.740507,388.71,0.00082319
2005,226,15,1477.38,115.542778,35.740507,358.81,0.00000000
2005,226,16,1575.87,115.543866,35.740507,418.61,0.00000000
2005,226,17,1674.36,115.544955,35.740507,358.81,0.00000000
2005,226,18,1772.85,115.546044,35.740507,388.71,0.00000000
2005,226,19,1871.34,115.547133,35.740507,388.71,-0.00082319
2005,226,20,1969.84,115.548222,35.740507,388.71,-0.00082319
2005,226,21,2068.33,115.549153,35.740237,388.71,0.00000000
2005,226,22,2166.82,115.550242,35.740237,403.66,-0.00090739
2005,226,23,2265.31,115.551174,35.739968,388.71,-0.00090739
2005,226,24,2363.80,115.552106,35.739698,358.81,0.00090739
2005,226,25,2462.29,115.553038,35.739429,358.81,0.00099433
2005,226,26,2560.79,115.554126,35.739429,328.91,-0.00090739
2005,226,27,2659.28,115.555074,35.739186,328.91,-0.00108817
2005,226,28,2757.77,115.555990,35.738890,328.91,-0.00000000
2005,226,29,2856.26,115.556922,35.738620,299.01,0.00100124
2005,226,30,2954.75,115.557854,35.738351,269.11,0.00106457
2005,226,31,3053.24,115.558942,35.738351,328.91,0.00000000
2005,226,32,3151.74,115.559903,35.738130,313.96,-0.00043542
2005,226,33,3250.23,115.560963,35.738081,328.91,-0.00130384
2005,226,34,3348.72,115.561874,35.737776,343.86,-0.00057913
2005,226,35,3447.21,115.562760,35.737429,328.91,-0.00014790
2005,226,36,3545.70,115.563746,35.737251,358.81,-0.00176536
2005,226,37,3644.20,115.564533,35.736734,373.76,-0.00234198
2005,227,0,0.00,115.564533,35.736734,299.01,0.00000478
2005,227,1,99.48,115.565476,35.736464,358.81,0.00000000
2005,227,2,198.95,115.566419,35.736195,388.71,-0.00000478
2005,227,3,298.43,115.567361,35.735925,388.71,-0.00028466
2005,227,4,397.91,115.568304,35.735656,373.76,-0.00092063
2005,227,5,497.39,115.569198,35.735303,373.76,-0.00035265
2005,227,6,596.86,115.570032,35.734847,328.91,0.00010574
2005,227,7,696.34,115.570975,35.734578,328.91,-0.00046907
2005,227,8,795.82,115.571779,35.734070,373.76,-0.00021114
2005,227,9,895.30,115.572672,35.733715,328.91,-0.00005593
2005,227,10,994.77,115.573489,35.733230,313.96,0.00010540
2005,227,11,1094.25,115.574359,35.732837,328.91,-0.00000000
2005,227,12,1193.73,115.575217,35.732422,328.91,-0.00003398
2005,227,13,1293.20,115.576047,35.731958,343.86,0.00000000
2005,227,14,1392.68,115.576940,35.731603,328.91,-0.00077065
2005,227,15,1492.16,115.577734,35.731079,328.91,-0.00000000
2005,227,16,1591.64,115.578528,35.730554,328.91,0.00074032
2005,227,17,1691.11,115.579421,35.730200,373.76,0.00000000
2005,227,18,1790.59,115.580246,35.729727,343.86,-0.00034846
2005,227,19,1890.07,115.581109,35.729321,358.81,-0.00056534
2005,227,20,1989.55,115.581903,35.728796,358.81,-0.00008560
2005,227,21,2089.02,115.582697,35.728272,328.91,0.00056534
2005,227,22,2188.50,115.583545,35.727840,388.71,-0.00005298
2005,227,23,2287.98,115.584384,35.727393,313.96,-0.00007153
2005,227,24,2387.45,115.585178,35.726868,343.86,0.00031205
2005,227,25,2486.93,115.586059,35.726493,343.86,0.00014331
2005,227,26,2586.41,115.586866,35.725990,328.91,-0.00000000
2005,227,27,2685.89,115.587759,35.725635,343.86,-0.00057074
2005,227,28,2785.36,115.588553,35.725111,328.91,0.00000000
2005,227,29,2884.84,115.589359,35.724606,388.71,0.00159430
2005,227,30,2984.32,115.590240,35.724232,328.91,0.00151634
2005,227,31,3083.80,115.591233,35.724048,299.01,-0.00051362
2005,227,32,3183.27,115.592187,35.723798,209.31,-0.00035402
2005,227,33,3282.75,115.593020,35.723339,194.36,0.00204612
2005,227,34,3382.23,115.594072,35.723259,179.41,0.00088862
2005,227,35,3481.70,115.595172,35.723259,179.41,-0.00045074
2005,227,36,3581.18,115.596115,35.722989,149.51,0.00161298
2005,227,37,3680.66,115.597188,35.723035,164.46,0.00180412
2005,227,38,3780.14,115.598157,35.723259,209.31,0.00075142
2005,227,39,3879.61,115.599173,35.723403,209.31,0.00008808
2005,227,40,3979.09,115.600066,35.723757,194.36,-0.00062214
2005,227,41,4078.57,115.601142,35.723798,239.21,0.00140624
2005,227,42,4178.05,115.602085,35.724067,239.21,0.00168235
2005,227,43,4277.52,115.602870,35.724606,239.21,-0.00019283
2005,227,44,4377.00,115.603813,35.724876,299.01,0.00009704
2005,227,45,4476.48,115.604632,35.725359,299.01,0.00038453
2005,227,46,4575.95,115.605525,35.725713,299.01,0.00070759
2005,227,47,4675.43,115.606327,35.726223,328.91,0.00009509
2005,227,48,4774.91,115.607113,35.726762,299.01,-0.00114706
2005,227,49,4874.39,115.608006,35.727116,343.86,-0.00057614
2005,227,50,4973.86,115.608900,35.727471,358.81,0.00068243
2005,227,51,5073.34,115.609784,35.727840,388.71,0.00047632
2005,227,52,5172.82,115.610570,35.728379,358.81,-0.00020193
2005,227,53,5272.30,115.611480,35.728704,373.76,0.00061766
2005,227,54,5371.77,115.612274,35.729228,343.86,-0.00027675
2005,227,55,5471.25,115.613068,35.729753,358.81,-0.00009511
2005,227,56,5570.73,115.614026,35.729996,358.81,0.00179407
2005,227,57,5670.20,115.614547,35.730692,373.76,0.00054212
2005,227,58,5769.68,115.615341,35.731217,328.91,-0.00035949
2005,227,59,5869.16,115.616053,35.731883,388.71,-0.00035292
2005,227,60,5968.64,115.616839,35.732422,373.76,-0.00044359
2005,227,61,6068.11,115.617624,35.732961,373.76,-0.00009409
2005,227,62,6167.59,115.618418,35.733486,418.61,-0.00004768
2005,227,63,6267.07,115.619212,35.734010,448.52,-0.00056534
2005,227,64,6366.55,115.620006,35.734535,418.61,0.00000000
2005,227,65,6466.02,115.620900,35.734889,448.52,0.00056534
2005,227,66,6565.50,115.621594,35.735584,448.52,0.00000000
2005,227,67,6664.98,115.622488,35.735938,448.52,0.00000000
2005,227,68,6764.45,115.623183,35.736633,448.52,-0.00000000
2005,227,69,6863.93,115.624076,35.736987,418.61,0.00053624
2005,227,70,6963.41,115.624771,35.737682,463.47,0.00000000
2005,227,71,7062.89,115.625565,35.738207,448.52,-0.00053624
2005,227,72,7162.36,115.626359,35.738732,448.52,0.00000000
2005,227,73,7261.84,115.627153,35.739256,448.52,-0.00000000
2005,227,74,7361.32,115.627947,35.739781,433.57,0.00053624
2005,227,75,7460.79,115.628741,35.740305,418.61,0.00053624
2005,227,76,7560.27,115.629436,35.741000,433.57,-0.00053624
2005,227,77,7659.75,115.630230,35.741525,433.57,-0.00053624
2005,227,78,7759.23,115.631024,35.742049,448.52,-0.00000000
2005,227,79,7858.70,115.631818,35.742574,448.52,-0.00050361
2005,227,80,7958.18,115.632612,35.743099,433.57,-0.00000000
2005,227,81,8057.66,115.633495,35.743471,418.61,0.00098399
2005,227,82,8157.14,115.634201,35.744148,403.66,0.00053624
2005,227,83,8256.61,115.634995,35.744672,418.61,0.00005587
2005,227,84,8356.09,115.635689,35.745367,403.66,-0.00053624
2005,227,85,8455.57,115.636484,35.745892,448.52,-0.00110158
2005,227,86,8555.04,115.637278,35.746416,448.52,-0.00056534
2005,227,87,8654.52,115.638171,35.746771,403.66,0.00056534
2005,227,88,8754.00,115.638965,35.747295,448.52,0.00056534
2005,227,89,8853.48,115.639759,35.747820,403.66,-0.00000000
2005,227,90,8952.95,115.640553,35.748344,403.66,-0.00000000
2005,227,91,9052.43,115.641347,35.748869,418.61,0.00006742
2005,227,92,9151.91,115.642141,35.749394,418.61,0.00000000
2005,227,93,9251.39,115.642923,35.749939,418.61,-0.00013528
2005,227,94,9350.86,115.643729,35.750443,418.61,-0.00056534
2005,227,95,9450.34,115.644524,35.750967,403.66,-0.00056772
2005,227,96,9549.82,115.645417,35.751322,403.66,-0.00000000
2005,227,97,9649.29,115.646223,35.751825,388.71,-0.00016905
2005,227,98,9748.77,115.647104,35.752200,403.66,0.00000000
2005,227,99,9848.25,115.647951,35.752634,373.76,-0.00002999
2005,227,100,9947.73,115.648792,35.753079,343.86,-0.00058172
2005,227,101,10047.20,115.649685,35.753434,328.91,-0.00031244
2005,227,102,10146.68,115.650578,35.753788,299.01,0.00000000
2005,227,103,10246.16,115.651471,35.754142,254.16,0.00000000
2005,227,104,10345.64,115.652365,35.754496,254.16,0.00042388
2005,227,105,10445.11,115.653258,35.754851,224.26,-0.00000000
2005,227,106,10544.59,115.654079,35.755329,179.41,-0.00100447
2005,227,107,10644.07,115.655044,35.755559,194.36,-0.00044779
2005,227,108,10743.54,115.655964,35.755868,149.51,-0.00088862
2005,227,109,10843.02,115.656907,35.756137,179.41,-0.00102141
2005,227,110,10942.50,115.658007,35.756137,179.41,0.00079811
2005,227,111,11041.98,115.658949,35.756407,209.31,-0.00000000
2005,227,112,11141.45,115.659908,35.756650,194.36,-0.00152923
2005,227,113,11240.93,115.660992,35.756676,209.31,0.00000000
2005,227,114,11340.41,115.662091,35.756676,209.31,0.00161974
2005,227,115,11439.89,115.663034,35.756946,209.31,0.00088862
2005,227,116,11539.36,115.663977,35.757215,209.31,-0.00000000
2005,228,0,0.00,115.564533,35.736734,1794.06,0.00000000
2005,228,1,68.48,115.564264,35.736195,1794.06,0.00000000
2005,228,2,136.96,115.563994,35.735656,882.08,0.00000000
2005,229,0,0.00,115.663977,35.757215,1345.55,0.00000000
2005,229,1,59.80,115.663977,35.757754,1001.69,0.00000000
2005,229,2,119.61,115.663977,35.758293,777.43,0.00000000
2005,23,0,0.00,115.248955,35.437056,478.42,0.00061166
2005,23,1,79.41,115.248237,35.436786,448.52,0.00205443
2005,23,2,158.83,115.247551,35.436460,463.47,0.00501043
2005,23,3,238.24,115.247069,35.435885,508.32,0.00513002
2005,23,4,317.66,115.247069,35.435169,657.82,0.00373637
2005,230,0,0.00,115.663977,35.757215,269.11,0.00000000
2005,230,1,98.92,115.665071,35.757215,239.21,0.00000000
2005,230,2,197.83,115.666164,35.757215,269.11,0.00081593
2005,230,3,296.75,115.667258,35.757215,269.11,0.00081593
2005,230,4,395.67,115.668195,35.757485,299.01,-0.00000000
2005,230,5,494.59,115.669289,35.757485,299.01,-0.00000000
2005,230,6,593.50,115.670225,35.757754,328.91,-0.00066758
2005,230,7,692.42,115.671319,35.757754,388.71,0.00000000
2005,230,8,791.34,115.672383,35.757806,343.86,0.00050371
2005,230,9,890.25,115.673350,35.758024,358.81,-0.00036620
2005,230,10,989.17,115.674443,35.758024,388.71,0.00016387
2005,230,11,1088.09,115.675448,35.758176,388.71,-0.00010819
2005,230,12,1187.01,115.676474,35.758293,388.71,-0.00000000
2005,230,13,1285.92,115.677568,35.758293,388.71,0.00047439
2005,230,14,1384.84,115.678504,35.758563,433.57,0.00000000
2005,230,15,1483.76,115.679598,35.758563,418.61,0.00000000
2005,230,16,1582.67,115.680535,35.758832,418.61,-0.00053986
2005,230,17,1681.59,115.681629,35.758832,448.52,0.00001848
2005,230,18,1780.51,115.682667,35.758927,403.66,0.00111519
2005,230,19,1879.43,115.683656,35.759108,403.66,-0.00003693
2005,230,20,1978.34,115.684596,35.759371,388.71,-0.00057533
2005,230,21,2077.26,115.685689,35.759371,388.71,0.00091770
2005,230,22,2176.18,115.686626,35.759641,358.81,0.00000000
2005,230,23,2275.10,115.687563,35.759910,328.91,-0.00089925
2005,230,24,2374.01,115.688657,35.759910,328.91,0.00006181
2005,230,25,2472.93,115.689593,35.760180,299.01,0.00000000
2005,230,26,2571.85,115.690676,35.760199,284.06,0.00077149
2005,230,27,2670.76,115.691624,35.760449,269.11,-0.00000000
2005,230,28,2769.68,115.692561,35.760719,269.11,-0.00083330
2005,230,29,2868.60,115.693654,35.760719,269.11,0.00094300
2005,230,30,2967.52,115.694591,35.760988,269.11,0.00089925
2005,230,31,3066.43,115.695520,35.761270,299.01,-0.00008742
2005,230,32,3165.35,115.696465,35.761527,269.11,-0.00000000
2005,230,33,3264.27,115.697401,35.761797,299.01,0.00004367
2005,230,34,3363.18,115.698338,35.762066,358.81,0.00247479
2005,230,35,3462.10,115.699275,35.762336,478.42,0.00485563
2005,230,36,3561.02,115.699550,35.763144,418.61,0.00476166
2005,231,0,0.00,115.699550,35.763144,493.37,0.00307940
2005,231,1,80.66,115.700089,35.763573,358.81,0.00291731
2005,231,2,161.32,115.700359,35.764222,313.96,0.00275522
2005,232,0,0.00,115.699550,35.763144,852.18,0.00000000
2005,232,1,96.44,115.698876,35.763818,1166.14,0.00000000
2005,232,2,192.88,115.698203,35.764492,583.07,0.00000000
2005,233,0,0.00,115.700359,35.764222,1300.70,0.00000000
2005,233,1,73.11,115.701167,35.764222,1270.79,0.00000000
2005,233,2,146.22,115.701976,35.764222,254.16,0.00000000
2005,234,0,0.00,115.700359,35.764222,373.76,-0.00143565
2005,234,1,94.04,115.700359,35.765070,239.21,-0.00147848
2005,234,2,188.08,115.700628,35.765839,239.21,-0.00152132
2005,235,0,0.00,115.700628,35.765839,1480.10,0.00000000
2005,235,1,60.93,115.701302,35.765839,1450.20,0.00000000
2005,235,2,121.85,115.701976,35.765839,254.16,0.00000000
2005,236,0,0.00,115.700628,35.765839,239.21,-0.00053751
2005,236,1,91.95,115.700359,35.766590,239.21,-0.00079663
2005,236,2,183.90,115.700179,35.767366,284.06,-0.00179045
2005,236,3,275.85,115.700089,35.768169,299.01,-0.00075145
2005,236,4,367.79,115.700359,35.768919,299.01,0.00051113
2005,236,5,459.74,115.700089,35.769670,343.86,-0.00154808
2005,236,6,551.69,115.700359,35.770421,358.81,-0.00309615
2005,237,0,0.00,115.700359,35.770421,1240.89,-0.00000000
2005,237,1,87.31,115.701167,35.770690,1061.49,-0.00000000
2005,237,2,174.62,115.701976,35.770960,1001.69,-0.00000000
2005,238,0,0.00,115.700359,35.770421,388.71,-0.00191443
2005,238,1,84.07,115.700089,35.771100,373.76,-0.00185898
2005,238,2,168.15,115.700089,35.771858,343.86,0.00000000
2005,238,3,252.22,115.700089,35.772616,448.52,0.00090176
2005,238,4,336.30,115.699820,35.773295,463.47,-0.00180352
2005,238,5,420.37,115.699820,35.774053,508.32,-0.00276074
2005,238,6,504.44,115.700089,35.774732,553.17,-0.00191443
2005,239,0,0.00,115.700089,35.774732,463.47,0.00000000
2005,239,1,85.52,115.699820,35.775425,493.37,-0.00092430
2005,239,2,171.04,115.699550,35.776118,523.27,-0.00179524
2005,239,3,256.56,115.699550,35.776888,553.17,0.00030410
2005,239,4,342.07,115.699550,35.777659,523.27,0.00179524
2005,239,5,427.59,115.699191,35.778326,553.17,0.00000000
2005,239,6,513.11,115.699011,35.779044,568.12,-0.00124041
2005,24,0,0.00,115.248955,35.437056,1794.06,-0.00115127
2005,24,1,92.22,115.249598,35.436412,1420.30,-0.00118222
2005,24,2,184.45,115.250033,35.435708,882.08,-0.00121318
2005,240,0,0.00,115.700089,35.774732,538.22,0.00000000
2005,240,1,72.41,115.700595,35.774227,538.22,0.00095402
2005,240,2,144.82,115.701101,35.773721,553.17,0.00199836
2005,240,3,217.23,115.701706,35.773385,642.87,0.00208869
2005,241,0,0.00,115.699011,35.779044,762.48,0.00000000
2005,241,1,99.94,115.698214,35.779572,717.63,-0.00152612
2005,241,2,199.89,115.697416,35.780100,627.92,-0.00308426
2005,241,3,299.83,115.697125,35.780917,642.87,-0.00161366
2005,241,4,399.77,115.696855,35.781739,612.97,-0.00011103
2005,242,0,0.00,115.699011,35.779044,956.83,-0.00000000
2005,242,1,86.31,115.699614,35.779647,956.83,0.00060266
2005,242,2,172.63,115.700217,35.780250,882.08,0.00347078
2005,242,3,258.94,115.700628,35.780909,642.87,0.00421264
2005,242,4,345.26,115.700359,35.781609,627.92,0.00134452
2005,242,5,431.57,115.700359,35.782387,642.87,0.00090685
2005,242,6,517.89,115.700089,35.783087,672.77,0.00181371
2005,243,0,0.00,115.696855,35.781739,687.72,-0.00250308
2005,243,1,91.78,115.696316,35.782410,687.72,-0.00240358
2005,243,2,183.56,115.696199,35.783204,672.77,-0.00148583
2005,243,3,275.33,115.696047,35.783986,373.76,-0.00000000
2005,243,4,367.11,115.696047,35.784814,672.77,0.00033378
2005,243,5,458.89,115.695777,35.785563,672.77,-0.00150827
2005,243,6,550.67,115.695777,35.786390,732.58,-0.00334626
2005,243,7,642.44,115.696047,35.787139,852.18,-0.00301848
2005,243,8,734.22,115.696586,35.787668,1061.49,-0.00236099
2005,244,0,0.00,115.696855,35.781739,956.83,-0.00135649
2005,244,1,90.85,115.697490,35.782374,1181.09,-0.00322473
2005,244,2,181.71,115.698236,35.782817,1001.69,-0.00323143
2005,244,3,272.56,115.699241,35.782817,747.53,0.00038990
2005,244,4,363.41,115.700089,35.783087,1390.40,0.00214968
2005,245,0,0.00,115.700089,35.783087,642.87,0.00000000
2005,245,1,99.93,115.700089,35.783987,373.76,0.00050070
2005,245,2,199.86,115.700089,35.784888,672.77,0.00271615
2005,245,3,299.79,115.699875,35.785727,762.48,0.00450453
2005,245,4,399.72,115.699077,35.786255,941.88,0.00228908
2005,245,5,499.65,115.698181,35.786612,1016.64,-0.00055980
2005,245,6,599.58,115.697383,35.787140,867.13,-0.00055980
2005,245,7,699.51,115.696586,35.787668,867.13,0.00000000
2005,248,0,0.00,115.696586,35.787668,867.13,0.00015058
2005,248,1,99.82,115.695796,35.788207,882.08,-0.00214058
2005,248,2,199.65,115.694992,35.788723,687.72,-0.00439767
2005,248,3,299.47,115.694969,35.789616,672.77,-0.00159968
2005,248,4,399.30,115.694969,35.790515,433.57,0.00058212
2005,248,5,499.12,115.694699,35.791337,657.82,-0.00000000
2005,248,6,598.95,115.694699,35.792237,657.82,0.00067257
2005,248,7,698.77,115.694430,35.793058,343.86,0.00134515
2005,249,0,0.00,115.696586,35.787668,986.73,0.00000000
2005,249,1,92.08,115.697229,35.788312,1046.54,0.00011702
2005,249,2,184.15,115.697872,35.788955,1016.64,0.00198711
2005,249,3,276.23,115.698472,35.789611,792.38,0.00434464
2005,249,4,368.30,115.698472,35.790441,657.82,0.00247456
2005,249,5,460.38,115.698203,35.791192,433.57,0.00057953
2005,249,6,552.45,115.698203,35.792022,657.82,0.00305809
2005,249,7,644.53,115.697736,35.792717,792.38,0.00385153
2005,249,8,736.60,115.696993,35.793190,956.83,0.00111894
2005,249,9,828.68,115.696212,35.793597,493.37,-0.00074563
2005,249,10,920.75,115.695508,35.794136,882.08,-0.00098320
2005,25,0,0.00,115.349746,35.494458,1151.19,0.00000000
2005,25,1,75.95,115.350276,35.493928,882.08,0.00280725
2005,25,2,151.91,115.350806,35.493398,837.23,0.00565144
2005,25,3,227.86,115.351633,35.493380,313.96,0.00568837
2005,250,0,0.00,115.694430,35.793058,1794.06,0.00000000
2005,250,1,12.18,115.694295,35.793058,1794.06,0.00000000
2005,250,2,24.36,115.694160,35.793058,1794.06,0.00000000
2005,251,0,0.00,115.694430,35.793058,687.72,-0.00432932
2005,251,1,92.83,115.694699,35.793817,956.83,-0.00451088
2005,251,2,185.67,115.695508,35.794136,1196.04,-0.00469245
2005,252,0,0.00,115.695508,35.794136,358.81,-0.00195507
2005,252,1,91.62,115.695076,35.794837,642.87,-0.00187741
2005,252,2,183.25,115.694969,35.795631,627.92,-0.00080209
2005,252,3,274.87,115.694841,35.796420,612.97,-0.00026899
2005,252,4,366.50,115.694699,35.797205,612.97,-0.00046133
2005,252,5,458.12,115.694699,35.798031,598.02,0.00116886
2005,252,6,549.75,115.694591,35.798825,568.12,0.00224096
2005,252,7,641.37,115.694160,35.799526,612.97,0.00195507
2005,253,0,0.00,115.694160,35.799526,1794.06,0.00000000
2005,253,1,85.94,115.693209,35.799526,1794.06,0.00109052
2005,253,2,171.87,115.692259,35.799526,1345.55,0.00229807
2005,253,3,257.81,115.691465,35.799256,971.78,0.00241509
2005,254,0,0.00,115.694160,35.799526,612.97,0.00045307
2005,254,1,99.74,115.694211,35.800283,568.12,-0.00024707
2005,254,2,199.49,115.694179,35.801162,568.12,-0.00054179
2005,254,3,299.23,115.694430,35.801989,568.12,0.00052149
2005,254,4,398.98,115.694430,35.802887,538.22,0.00058967
2005,254,5,498.72,115.694430,35.803786,448.52,-0.00063644
2005,254,6,598.47,115.694430,35.804685,478.42,-0.00063644
2005,254,7,698.21,115.694699,35.805506,418.61,0.00105688
2005,254,8,797.95,115.694699,35.806405,403.66,0.00063644
2005,254,9,897.70,115.694519,35.807252,358.81,-0.00085367
2005,254,10,997.44,115.694699,35.808047,358.81,-0.00063644
2005,254,11,1097.19,115.694699,35.808946,328.91,-0.00087676
2005,254,12,1196.93,115.694969,35.809767,254.16,-0.00134710
2005,255,0,0.00,115.694969,35.809767,1689.41,0.00000000
2005,255,1,73.07,115.695777,35.809767,1794.06,0.00000000
2005,255,2,146.14,115.696586,35.809767,777.43,0.00000000
2005,256,0,0.00,115.694969,35.809767,254.16,-0.00286447
2005,256,1,95.48,115.694699,35.810549,239.21,-0.00212773
2005,256,2,190.96,115.694969,35.811332,209.31,-0.00069550
2005,256,3,286.44,115.694969,35.812192,179.41,-0.00005403
2005,256,4,381.93,115.695238,35.812975,179.41,-0.00000000
2005,256,5,477.41,115.695258,35.813829,179.41,-0.00062667
2005,256,6,572.89,115.695508,35.814618,239.21,-0.00073674
2005,256,7,668.37,115.695777,35.815400,239.21,-0.00005604
2005,256,8,763.85,115.696047,35.816183,239.21,0.00073674
2005,256,9,859.33,115.696316,35.816965,239.21,0.00084409
2005,256,10,954.82,115.696316,35.817826,284.06,-0.00000000
2005,256,11,1050.30,115.696545,35.818620,299.01,0.00038544
2005,256,12,1145.78,115.696586,35.819469,313.96,0.00098559
2005,257,0,0.00,115.696586,35.819469,478.42,-0.00040487
2005,257,1,81.32,115.696017,35.820037,463.47,-0.00232659
2005,257,2,162.64,115.695508,35.820622,373.76,-0.00399996
2005,257,3,243.96,115.695508,35.821355,313.96,-0.00375162
2005,258,0,0.00,115.696586,35.819469,388.71,0.00314805
2005,258,1,78.43,115.697125,35.820019,358.81,0.00325164
2005,258,2,156.87,115.697264,35.820686,343.86,0.00171410
2005,258,3,235.30,115.697394,35.821355,254.16,0.00007297
2005,259,0,0.00,115.695508,35.821355,911.98,0.00000000
2005,259,1,85.24,115.696451,35.821355,1495.05,0.00000000
2005,259,2,170.47,115.697394,35.821355,1255.84,0.00000000
2005,26,0,0.00,115.349746,35.494458,299.01,-0.00000000
2005,26,1,77.25,115.350285,35.494997,328.91,-0.00000000
2005,26,2,154.50,115.350824,35.495536,373.76,-0.00000000
2005,260,0,0.00,115.695508,35.821355,313.96,-0.00438651
2005,260,1,83.59,115.695508,35.821952,269.11,-0.00436191
2005,260,2,167.17,115.696016,35.822433,448.52,-0.00346900
2005,260,3,250.76,115.696626,35.822972,538.22,-0.00259998
2005,260,4,334.35,115.697394,35.823241,777.43,-0.00259929
2005,262,0,0.00,115.697394,35.821355,269.11,0.00238058
2005,262,1,75.55,115.697664,35.821958,343.86,0.00343190
2005,262,2,151.09,115.697664,35.822639,388.71,0.00343190
2005,262,3,226.64,115.697394,35.823241,403.66,0.00238058
2005,263,0,0.00,115.697394,35.823241,373.76,0.00257719
2005,263,1,72.66,115.697664,35.823818,358.81,0.00250216
2005,263,2,145.32,115.697664,35.824473,358.81,0.00121357
2005,263,3,217.98,115.697664,35.825128,328.91,0.00000000
2005,264,0,0.00,115.697664,35.825128,478.42,0.00000000
2005,264,1,85.62,115.697065,35.825726,448.52,-0.00154805
2005,264,2,171.25,115.696467,35.826325,418.61,-0.00490926
2005,264,3,256.87,115.696346,35.827044,209.31,-0.00506243
2005,264,4,342.49,115.696735,35.827703,194.36,-0.00170122
2005,264,5,428.11,115.697125,35.828362,388.71,0.00000000
2005,265,0,0.00,115.697664,35.825128,448.52,0.00032503
2005,265,1,80.43,115.698226,35.825690,448.52,0.00230584
2005,265,2,160.85,115.698742,35.826265,388.71,0.00408641
2005,265,3,241.28,115.698742,35.826990,179.41,0.00292947
2005,265,4,321.70,115.698742,35.827715,284.06,0.00203376
2005,265,5,402.13,115.698472,35.828362,343.86,0.00209474
2005,266,0,0.00,115.697125,35.828362,717.63,0.00000000
2005,266,1,60.88,115.697798,35.828362,1001.69,0.00000000
2005,266,2,121.76,115.698472,35.828362,1794.06,0.00000000
2005,267,0,0.00,115.697125,35.828362,433.57,0.00000000
2005,267,1,38.56,115.696855,35.828631,269.11,0.00000000
2005,267,2,77.13,115.696586,35.828901,328.91,0.00000000
2005,269,0,0.00,115.698472,35.828362,373.76,0.00156406
2005,269,1,87.75,115.698742,35.829075,239.21,0.00170204
2005,269,2,175.49,115.698742,35.829709,224.26,0.00184001
2005,27,0,0.00,115.247069,35.435169,627.92,0.00541984
2005,27,1,97.09,115.246000,35.435169,478.42,0.00453948
2005,27,2,194.17,115.245528,35.434437,463.47,0.00132266
2005,27,3,291.26,115.244752,35.433930,478.42,0.00001789
2005,27,4,388.34,115.244075,35.433253,478.42,-0.00000000
2005,27,5,485.43,115.243397,35.432576,493.37,-0.00000000
2005,27,6,582.51,115.242621,35.432069,448.52,0.00104344
2005,27,7,679.60,115.242153,35.431331,433.57,-0.00109027
2005,27,8,776.69,115.241476,35.430654,433.57,-0.00281743
2005,27,9,873.77,115.240601,35.430318,463.47,-0.00241703
2005,270,0,0.00,115.696586,35.828901,822.28,-0.01150280
2005,270,1,31.46,115.696266,35.828951,672.77,-0.01110357
2005,270,2,62.91,115.696047,35.829170,239.21,-0.01070433
2005,271,0,0.00,115.696586,35.828901,373.76,0.00159361
2005,271,1,91.90,115.696855,35.829651,179.41,0.00040484
2005,271,2,183.80,115.696855,35.830479,179.41,-0.00287883
2005,271,3,275.69,115.697259,35.831191,388.71,-0.00379288
2005,271,4,367.59,115.698000,35.831663,433.57,-0.00130602
2005,271,5,459.49,115.698742,35.832135,418.61,-0.00000000
2005,272,0,0.00,115.698742,35.829709,1794.06,0.00000000
2005,272,1,48.70,115.698203,35.829709,1794.06,0.00000000
2005,272,2,97.40,115.697664,35.829709,777.43,0.00000000
2005,273,0,0.00,115.698742,35.829709,194.36,0.00147318
2005,273,1,95.48,115.699011,35.830492,179.41,0.00212734
2005,273,2,190.96,115.699011,35.831352,328.91,0.00212734
2005,273,3,286.44,115.698742,35.832135,328.91,0.00147318
2005,274,0,0.00,115.698742,35.832135,328.91,0.00000000
2005,274,1,95.52,115.698742,35.832996,299.01,0.00000000
2005,274,2,191.05,115.698742,35.833857,299.01,-0.00069464
2005,274,3,286.57,115.698742,35.834718,358.81,-0.00143045
2005,274,4,382.09,115.699011,35.835500,358.81,-0.00073580
2005,274,5,477.62,115.699281,35.836283,358.81,0.00000000
2005,274,6,573.14,115.699550,35.837066,358.81,0.00073580
2005,274,7,668.67,115.699820,35.837849,373.76,0.00073580
2005,274,8,764.19,115.699820,35.838710,358.81,-0.00085666
2005,274,9,859.71,115.700089,35.839493,358.81,-0.00138354
2005,274,10,955.24,115.700402,35.840263,373.76,0.00023090
2005,274,11,1050.76,115.700861,35.840991,343.86,0.00128472
2005,274,12,1146.28,115.700901,35.841840,343.86,-0.00116011
2005,274,13,1241.81,115.701167,35.842624,358.81,-0.00220683
2005,274,14,1337.33,115.701819,35.843297,358.81,-0.00056220
2005,274,15,1432.86,115.702277,35.844025,299.01,0.00017106
2005,274,16,1528.38,115.702945,35.844692,209.31,0.00056220
2005,274,17,1623.90,115.703323,35.845444,149.51,-0.00008583
2005,274,18,1719.43,115.703862,35.846149,149.51,-0.00086912
2005,275,0,0.00,115.703862,35.846149,149.51,-0.00313205
2005,275,1,93.06,115.704303,35.846859,149.51,-0.00299313
2005,275,2,186.12,115.705119,35.847226,239.21,-0.00135669
2005,275,3,279.18,115.705902,35.847650,224.26,-0.00000000
2005,275,4,372.23,115.706707,35.848035,299.01,-0.00036370
2005,275,5,465.29,115.707501,35.848440,328.91,-0.00045947
2005,275,6,558.35,115.708350,35.848750,418.61,0.00072180
2005,275,7,651.41,115.709168,35.849113,388.71,0.00153924
2005,275,8,744.47,115.709884,35.849652,418.61,0.00065126
2005,275,9,837.53,115.710599,35.850191,403.66,-0.00000000
2005,276,0,0.00,115.703862,35.846149,1405.35,0.00535302
2005,276,1,62.91,115.704302,35.845709,1524.95,0.00555276
2005,276,2,125.81,115.704940,35.845610,284.06,0.00575250
2005,277,0,0.00,115.710599,35.850191,717.63,0.00000000
2005,277,1,89.71,115.710599,35.850999,508.32,0.00000000
2005,277,2,179.41,115.710599,35.851808,29.90,0.00000000
2005,278,0,0.00,115.710599,35.850191,388.71,-0.00357445
2005,278,1,96.99,115.711516,35.850460,388.71,-0.00357445
2005,278,2,193.97,115.712432,35.850191,373.76,-0.00178723
2005,278,3,290.96,115.713348,35.849921,239.21,-0.00000000
2005,278,4,387.94,115.714264,35.849652,209.31,0.00000000
2005,278,5,484.93,115.715181,35.849382,179.41,0.00000000
2005,279,0,0.00,115.715181,35.849382,1315.65,-0.00000000
2005,279,1,57.84,115.715585,35.849787,1121.29,-0.00000000
2005,279,2,115.68,115.715989,35.850191,538.22,-0.00000000
2005,28,0,0.00,115.247069,35.435169,1794.06,0.00203903
2005,28,1,70.19,115.247558,35.434680,1794.06,0.00213701
2005,28,2,140.38,115.248147,35.434361,1121.29,0.00223499
2005,280,0,0.00,115.715181,35.849382,209.31,0.00000000
2005,280,1,97.41,115.715862,35.848702,224.26,-0.00000000
2005,280,2,194.82,115.716542,35.848021,254.16,0.00051963
2005,280,3,292.24,115.717223,35.847340,328.91,0.00051963
2005,280,4,389.65,115.718003,35.846829,358.81,-0.00000000
2005,280,5,487.06,115.718684,35.846149,433.57,0.00000000
2005,280,6,584.47,115.719464,35.845638,448.52,-0.00051963
2005,280,7,681.89,115.720145,35.844957,508.32,-0.00051963
2005,280,8,779.30,115.720826,35.844276,553.17,0.00000000
2005,280,9,876.71,115.721507,35.843595,538.22,0.00000000
2005,280,10,974.12,115.722188,35.842915,538.22,0.00000000
2005,281,0,0.00,115.722188,35.842915,747.53,-0.00119124
2005,281,1,96.94,115.723163,35.842748,687.72,-0.00059562
2005,281,2,193.87,115.724039,35.842410,672.77,-0.00061275
2005,281,3,290.81,115.725015,35.842243,373.76,-0.00238806
2005,281,4,387.74,115.725792,35.841736,284.06,-0.00397989
2005,281,5,484.68,115.726469,35.841059,373.76,-0.00397589
2005,281,6,581.61,115.726500,35.840194,687.72,-0.00323322
2005,281,7,678.55,115.726500,35.839320,867.13,-0.00290507
2005,281,8,775.48,115.725961,35.838603,1315.65,-0.00288634
2005,282,0,0.00,115.722188,35.842915,672.77,0.00067182
2005,282,1,99.11,115.722253,35.842040,642.87,0.00104487
2005,282,2,198.23,115.722457,35.841206,612.97,0.00143279
2005,282,3,297.34,115.722803,35.840413,299.01,0.00210765
2005,282,4,396.45,115.723287,35.839660,313.96,0.00328059
2005,282,5,495.56,115.724081,35.839142,388.71,0.00275492
2005,282,6,594.68,115.725021,35.838872,747.53,0.00085816
2005,282,7,693.79,115.725961,35.838603,747.53,0.00000000
2005,283,0,0.00,115.725961,35.838603,568.12,0.00107084
2005,283,1,97.82,115.726435,35.837859,598.02,0.00053542
2005,283,2,195.64,115.727119,35.837175,538.22,-0.00053542
2005,283,3,293.46,115.727593,35.836431,568.12,-0.00053542
2005,283,4,391.28,115.728068,35.835687,523.27,0.00104459
2005,283,5,489.10,115.728543,35.834943,612.97,0.00104459
2005,283,6,586.92,115.729326,35.834429,553.17,-0.00104459
2005,283,7,684.74,115.729800,35.833685,523.27,-0.00088382
2005,283,8,782.56,115.730275,35.832941,523.27,0.00104459
2005,283,9,880.38,115.730811,35.832215,463.47,0.00180947
2005,283,10,978.20,115.731532,35.831683,433.57,0.00051529
2005,283,11,1076.02,115.732315,35.831170,433.57,-0.00092565
2005,283,12,1173.83,115.732999,35.830486,358.81,-0.00051529
2005,283,13,1271.65,115.733683,35.829803,358.81,0.00000000
2005,283,14,1369.47,115.734366,35.829119,313.96,-0.00000000
2005,283,15,1467.29,115.735050,35.828435,269.11,0.00000000
2005,283,16,1565.11,115.735733,35.827752,269.11,0.00051529
2005,283,17,1662.93,115.736417,35.827068,254.16,0.00107039
2005,283,18,1760.75,115.737200,35.826555,239.21,0.00012626
2005,283,19,1858.57,115.737983,35.826041,194.36,-0.00051034
2005,283,20,1956.39,115.738690,35.825397,209.31,0.00213853
2005,283,21,2054.21,115.739458,35.824858,209.31,0.00397566
2005,283,22,2152.03,115.740540,35.824858,209.31,0.00259058
2005,283,23,2249.85,115.741623,35.824858,209.31,0.00083494
2005,283,24,2347.67,115.742548,35.825128,209.31,-0.00053873
2005,283,25,2445.49,115.743631,35.825128,209.31,0.00058503
2005,283,26,2543.31,115.744655,35.825227,239.21,0.00198198
2005,283,27,2641.13,115.745537,35.825571,254.16,0.00067583
2005,283,28,2738.95,115.746420,35.825914,269.11,-0.00044356
2005,283,29,2836.77,115.747332,35.826206,269.11,-0.00034016
2005,283,30,2934.59,115.748257,35.826475,254.16,0.00087590
2005,283,31,3032.41,115.749183,35.826745,179.41,0.00095490
2005,283,32,3130.23,115.749951,35.827284,299.01,0.00066612
2005,283,33,3228.05,115.750876,35.827553,328.91,0.00123043
2005,283,34,3325.86,115.751405,35.828204,299.01,0.00008867
2005,283,35,3423.68,115.752238,35.828631,328.91,-0.00030521
2005,283,36,3521.50,115.752971,35.829231,313.96,0.00050817
2005,283,37,3619.32,115.753774,35.829709,328.91,0.00100974
2005,283,38,3717.14,115.754328,35.830319,254.16,0.00056221
2005,283,39,3814.96,115.755011,35.831002,254.16,-0.00047101
2005,283,40,3912.78,115.755695,35.831686,224.26,0.00000000
2005,283,41,4010.60,115.756413,35.832218,209.31,0.00107346
2005,283,42,4108.42,115.756952,35.832943,179.41,0.00142447
2005,284,0,0.00,115.756952,35.832943,179.41,0.00000000
2005,284,1,95.04,115.757222,35.833722,164.46,0.00074350
2005,284,2,190.09,115.757491,35.834500,209.31,0.00025937
2005,284,3,285.13,115.757491,35.835357,224.26,-0.00150127
2005,284,4,380.17,115.757938,35.836084,284.06,-0.00071666
2005,284,5,475.22,115.758300,35.836836,328.91,0.00075777
2005,284,6,570.26,115.758639,35.837594,343.86,0.00065204
2005,284,7,665.30,115.758839,35.838393,328.91,0.00144534
2005,284,8,760.34,115.759108,35.839172,328.91,0.00269592
2005,284,9,855.39,115.758839,35.839950,448.52,0.00289068
2005,285,0,0.00,115.756952,35.832943,1061.49,0.00204347
2005,285,1,70.02,115.757442,35.832454,956.83,0.00214211
2005,285,2,140.04,115.758030,35.832135,59.80,0.00224076
2005,286,0,0.00,115.758839,35.839950,1539.90,0.00000000
2005,286,1,85.22,115.757896,35.839950,1614.66,0.00000000
2005,286,2,170.43,115.756952,35.839950,598.02,0.00000000
2005,287,0,0.00,115.758839,35.839950,433.57,0.00929365
2005,287,1,53.51,115.759108,35.840354,448.52,0.00929365
2005,287,2,107.02,115.758839,35.840759,523.27,0.00929365
2005,288,0,0.00,115.758839,35.840759,1629.61,0.00000000
2005,288,1,97.39,115.757761,35.840759,1510.00,0.00000000
2005,288,2,194.78,115.756683,35.840759,508.32,0.00000000
2005,289,0,0.00,115.758839,35.840759,433.57,0.00261755
2005,289,1,90.92,115.759378,35.841422,448.52,0.00244582
2005,289,2,181.85,115.759483,35.842211,418.61,0.00144324
2005,289,3,272.77,115.759647,35.842983,448.52,0.00076801
2005,289,4,363.69,115.759647,35.843802,418.61,0.00046181
2005,289,5,454.62,115.759647,35.844622,418.61,-0.00076801
2005,289,6,545.54,115.759647,35.845441,388.71,-0.00076801
2005,289,7,636.46,115.759917,35.846183,358.81,0.00076801
2005,289,8,727.39,115.759917,35.847002,328.91,0.00076801
2005,289,9,818.31,115.759917,35.847822,299.01,-0.00076801
2005,289,10,909.23,115.759917,35.848641,299.01,-0.00158228
2005,289,11,1000.16,115.760186,35.849382,373.76,-0.00162854
2005,29,0,0.00,115.350824,35.495536,448.52,0.00249024
2005,29,1,80.58,115.351712,35.495536,299.01,0.00238202
2005,29,2,161.17,115.352444,35.495806,299.01,0.00265443
2005,29,3,241.75,115.353203,35.496029,328.91,0.00311100
2005,29,4,322.34,115.353765,35.496591,448.52,0.00159348
2005,29,5,402.92,115.354328,35.497153,478.42,-0.00000000
2005,290,0,0.00,115.760186,35.849382,1719.31,0.00000000
2005,290,1,60.86,115.760860,35.849382,1779.11,0.00000000
2005,290,2,121.72,115.761534,35.849382,1779.11,0.00000000
2005,291,0,0.00,115.760186,35.849382,403.66,0.00000000
2005,291,1,83.73,115.760186,35.850137,373.76,0.00000000
2005,291,2,167.45,115.760186,35.850892,269.11,0.00000000
2005,291,3,251.18,115.760186,35.851646,269.11,0.00000000
2005,291,4,334.90,115.760186,35.852401,313.96,0.00000000
2005,291,5,418.63,115.760186,35.853155,448.52,0.00000000
2005,292,0,0.00,115.761534,35.849382,463.47,-0.00396909
2005,292,1,50.73,115.761888,35.849737,717.63,-0.00418492
2005,292,2,101.46,115.762342,35.849921,583.07,-0.00440075
2005,293,0,0.00,115.761534,35.849382,553.17,0.00204365
2005,293,1,70.01,115.762023,35.848893,747.53,0.00214233
2005,293,2,140.02,115.762612,35.848574,732.58,0.00224100
2005,294,0,0.00,115.760186,35.853155,1300.70,-0.00243196
2005,294,1,79.00,115.759312,35.853155,941.88,-0.00233679
2005,294,2,157.99,115.758585,35.853409,493.37,-0.00351123
2005,294,3,236.99,115.757835,35.853621,478.42,-0.00489770
2005,294,4,315.98,115.757491,35.854233,747.53,-0.00501457
2005,295,0,0.00,115.760186,35.853155,433.57,0.00195714
2005,295,1,96.11,115.760725,35.853866,388.71,0.00118845
2005,295,2,192.22,115.760903,35.854680,343.86,-0.00057138
2005,295,3,288.33,115.761366,35.855413,373.76,-0.00276577
2005,295,4,384.44,115.761828,35.856145,313.96,-0.00342365
2005,295,5,480.56,115.762750,35.856389,239.21,-0.00090495
2005,295,6,576.67,115.763569,35.856808,224.26,-0.00001301
2005,295,7,672.78,115.764406,35.857198,209.31,-0.00194461
2005,295,8,768.89,115.765312,35.857467,209.31,-0.00139742
2005,295,9,865.00,115.766376,35.857467,239.21,0.00000000
2005,295,10,961.11,115.767283,35.857737,269.11,-0.00000000
2005,295,11,1057.22,115.768347,35.857737,299.01,-0.00000000
2005,295,12,1153.33,115.769254,35.858006,358.81,-0.00058164
2005,295,13,1249.44,115.770318,35.858006,418.61,0.00000000
2005,295,14,1345.56,115.771328,35.858099,463.47,0.00120263
2005,295,15,1441.67,115.772289,35.858276,478.42,0.00095543
2005,295,16,1537.78,115.773195,35.858545,448.52,0.00033444
2005,295,17,1633.89,115.774102,35.858815,448.52,0.00000000
2005,295,18,1730.00,115.775009,35.859084,493.37,-0.00000000
2005,296,0,0.00,115.775009,35.859084,1584.76,-0.00267490
2005,296,1,97.29,115.775009,35.859961,1151.19,-0.00364749
2005,296,2,194.59,115.775533,35.860686,568.12,-0.00637909
2005,296,3,291.88,115.776312,35.861196,373.76,-0.00826800
2005,296,4,389.18,115.777091,35.860774,837.23,-0.00543173
2005,296,5,486.47,115.777771,35.860094,1061.49,-0.00177402
2005,296,6,583.76,115.778242,35.859354,1300.70,-0.00108249
2005,297,0,0.00,115.775009,35.859084,568.12,0.00439180
2005,297,1,83.69,115.775778,35.858815,478.42,0.00358040
2005,297,2,167.37,115.776576,35.859035,373.76,0.00161297
2005,297,3,251.06,115.777473,35.859084,478.42,0.00127645
2005,297,4,334.75,115.778242,35.859354,508.32,0.00209596
2005,298,0,0.00,115.778242,35.859354,478.42,0.00139838
2005,298,1,99.92,115.779338,35.859372,478.42,0.00064338
2005,298,2,199.84,115.780298,35.859623,478.42,-0.00079924
2005,298,3,299.76,115.781404,35.859623,508.32,0.00005580
2005,298,4,399.68,115.782510,35.859623,478.42,0.00079924
2005,298,5,499.60,115.783459,35.859893,448.52,-0.00079924
2005,298,6,599.52,115.784565,35.859893,448.52,-0.00079924
2005,298,7,699.43,115.785671,35.859893,418.61,0.00000000
2005,298,8,799.35,115.786778,35.859893,388.71,0.00000000
2005,298,9,899.27,115.787884,35.859893,388.71,0.00000000
2005,298,10,999.19,115.788990,35.859893,388.71,-0.00053974
2005,298,11,1099.11,115.790096,35.859893,418.61,-0.00079924
2005,298,12,1199.03,115.791094,35.859707,373.76,0.00030118
2005,298,13,1298.95,115.792151,35.859623,418.61,0.00079924
2005,298,14,1398.87,115.793258,35.859623,388.71,-0.00021665
2005,298,15,1498.79,115.794364,35.859623,418.61,-0.00079924
2005,298,16,1598.71,115.795378,35.859466,418.61,0.00013491
2005,298,17,1698.63,115.796419,35.859354,388.71,0.00079924
2005,298,18,1798.55,115.797525,35.859354,418.61,0.00032031
2005,298,19,1898.47,115.798631,35.859354,448.52,0.00000000
2005,298,20,1998.39,115.799738,35.859354,388.71,-0.00079924
2005,298,21,2098.30,115.800844,35.859354,388.71,-0.00106551
2005,298,22,2198.22,115.801793,35.859084,388.71,-0.00055590
2005,298,23,2298.14,115.802850,35.859001,358.81,-0.00033482
2005,298,24,2398.06,115.803747,35.858643,388.71,0.00107805
2005,298,25,2497.98,115.804797,35.858545,358.81,0.00060110
2005,298,26,2597.90,115.805903,35.858545,358.81,-0.00122009
2005,298,27,2697.82,115.806852,35.858276,388.71,-0.00000000
2005,298,28,2797.74,115.807832,35.858061,343.86,0.00089541
2005,298,29,2897.66,115.808907,35.858006,358.81,-0.00078129
2005,298,30,2997.58,115.809925,35.857855,388.71,-0.00110197
2005,298,31,3097.50,115.810822,35.857497,358.81,0.00068801
2005,298,32,3197.42,115.811818,35.857309,388.71,0.00054918
2005,298,33,3297.34,115.812860,35.857198,388.71,-0.00078731
2005,298,34,3397.25,115.813808,35.856928,373.76,-0.00052529
2005,298,35,3497.17,115.814757,35.856659,358.81,0.00081664
2005,298,36,3597.09,115.815706,35.856389,358.81,0.00000000
2005,298,37,3697.01,115.816801,35.856369,358.81,-0.00084053
2005,298,38,3796.93,115.817604,35.855850,358.81,0.00050924
2005,298,39,3896.85,115.818694,35.855823,358.81,-0.00079835
2005,298,40,3996.77,115.819591,35.855465,388.71,-0.00102993
2005,298,41,4096.69,115.820450,35.855042,388.71,0.00082225
2005,298,42,4196.61,115.821399,35.854772,388.71,-0.00016176
2005,298,43,4296.53,115.822348,35.854503,403.66,-0.00040484
2005,298,44,4396.45,115.823180,35.854032,433.57,0.00045079
2005,298,45,4496.37,115.824176,35.853844,403.66,-0.00019675
2005,298,46,4596.29,115.825037,35.853425,418.61,-0.00016076
2005,298,47,4696.20,115.825970,35.853128,403.66,0.00000000
2005,298,48,4796.12,115.826867,35.852770,418.61,-0.00020917
2005,298,49,4896.04,115.827764,35.852412,418.61,-0.00053312
2005,298,50,4995.96,115.828662,35.852054,448.52,-0.00057608
2005,298,51,5095.88,115.829467,35.851538,448.52,0.00048951
2005,298,52,5195.80,115.830356,35.851167,403.66,0.00151609
2005,298,53,5295.72,115.831253,35.850809,388.71,0.00037638
2005,298,54,5395.64,115.832313,35.850730,358.81,-0.00187581
2005,298,55,5495.56,115.833105,35.850191,328.91,-0.00123336
2005,298,56,5595.48,115.833945,35.849735,388.71,0.00035971
2005,298,57,5695.40,115.834743,35.849207,343.86,0.00118446
2005,298,58,5795.32,115.835640,35.848849,313.96,0.00116451
2005,298,59,5895.24,115.836585,35.848574,299.01,0.00199755
2005,298,60,5995.16,115.837533,35.848306,284.06,0.00248639
2005,298,61,6095.07,115.838483,35.848574,239.21,0.00000000
2005,298,62,6194.99,115.839589,35.848574,239.21,-0.00037849
2005,298,63,6294.91,115.840696,35.848574,239.21,0.00155600
2005,298,64,6394.83,115.841718,35.848718,239.21,0.00169034
2005,298,65,6494.75,115.842615,35.849076,239.21,0.00116370
2005,298,66,6594.67,115.843542,35.849382,299.01,0.00035219
2005,298,67,6694.59,115.844334,35.849921,269.11,-0.00029878
2005,298,68,6794.51,115.845306,35.850150,284.06,0.00027456
2005,298,69,6894.43,115.846104,35.850679,269.11,0.00034727
2005,298,70,6994.35,115.847023,35.850999,239.21,0.00025020
2005,298,71,7094.27,115.847814,35.851538,254.16,0.00017823
2005,298,72,7194.19,115.848696,35.851923,299.01,0.00012951
2005,298,73,7294.11,115.849494,35.852451,284.06,-0.00008891
2005,298,74,7394.02,115.850346,35.852886,328.91,0.00060208
2005,298,75,7493.94,115.851188,35.853338,343.86,0.00109050
2005,298,76,7593.86,115.851887,35.854036,328.91,-0.00029663
2005,298,77,7693.78,115.852684,35.854564,343.86,-0.00053083
2005,298,78,7793.70,115.853482,35.855093,373.76,0.00000000
2005,298,79,7893.62,115.854280,35.855621,328.91,-0.00005972
2005,298,80,7993.54,115.855078,35.856149,299.01,-0.00055966
2005,298,81,8093.46,115.855886,35.856659,388.71,-0.00043797
2005,298,82,8193.38,115.856773,35.857035,418.61,0.00028082
2005,298,83,8293.30,115.857570,35.857564,403.66,-0.00006197
2005,298,84,8393.22,115.858418,35.858006,448.52,-0.00054331
2005,298,85,8493.14,115.859265,35.858450,448.52,0.00005808
2005,298,86,8593.06,115.860158,35.858815,448.52,0.00080088
2005,298,87,8692.98,115.860950,35.859354,478.42,0.00057043
2005,298,88,8792.89,115.861758,35.859865,418.61,0.00002128
2005,298,89,8892.81,115.862533,35.860432,448.52,-0.00019447
2005,298,90,8992.73,115.863353,35.860921,433.57,-0.00000000
2005,298,91,9092.65,115.864151,35.861449,388.71,-0.00043404
2005,298,92,9192.57,115.864949,35.861978,373.76,0.00000000
2005,298,93,9292.49,115.865846,35.862336,418.61,0.00055966
2005,298,94,9392.41,115.866544,35.863034,418.61,-0.00055966
2005,298,95,9492.33,115.867441,35.863392,418.61,0.00000000
2005,298,96,9592.25,115.868239,35.863920,418.61,0.00055966
2005,298,97,9692.17,115.869037,35.864449,448.52,-0.00000000
2005,298,98,9792.09,115.869834,35.864977,448.52,0.00018363
2005,298,99,9892.01,115.870632,35.865505,433.57,0.00053083
2005,298,100,9991.93,115.871396,35.866091,433.57,0.00017117
2005,298,101,10091.84,115.872128,35.866732,403.66,-0.00053083
2005,298,102,10191.76,115.872926,35.867260,448.52,-0.00035480
2005,298,103,10291.68,115.873724,35.867788,388.71,0.00000000
2005,298,104,10391.60,115.874522,35.868317,418.61,0.00053083
2005,298,105,10491.52,115.875319,35.868845,403.66,0.00053083
2005,298,106,10591.44,115.876018,35.869543,433.57,-0.00029950
2005,298,107,10691.36,115.876815,35.870071,388.71,0.00000000
2005,298,108,10791.28,115.877571,35.870673,388.71,0.00058666
2005,298,109,10891.20,115.878312,35.871298,373.76,-0.00000000
2005,298,110,10991.12,115.879010,35.871996,433.57,-0.00067431
2005,298,111,11091.04,115.879808,35.872525,418.61,0.00000000
2005,298,112,11190.96,115.880579,35.873098,448.52,0.00025007
2005,298,113,11290.88,115.881304,35.873751,418.61,-0.00053083
2005,298,114,11390.80,115.882102,35.874280,448.52,0.00013708
2005,298,115,11490.71,115.882899,35.874808,463.47,0.00053083
2005,298,116,11590.63,115.883598,35.875506,478.42,-0.00000000
2005,298,117,11690.55,115.884395,35.876034,478.42,0.00098091
2005,298,118,11790.47,115.885094,35.876733,463.47,0.00098091
2005,298,119,11890.39,115.885583,35.877492,478.42,-0.00098091
2005,298,120,11990.31,115.886282,35.878190,508.32,-0.00102476
2005,298,121,12090.23,115.887079,35.878718,523.27,-0.00004385
2005,298,122,12190.15,115.887668,35.879307,493.37,-0.00048698
2005,298,123,12290.07,115.888466,35.879835,523.27,-0.00097396
2005,299,0,0.00,115.888466,35.879835,568.12,-0.00000000
2005,299,1,98.36,115.888735,35.880644,433.57,-0.00000000
2005,299,2,196.72,115.889005,35.881452,523.27,-0.00000000
2005,3,0,0.00,115.275905,35.455651,418.61,-0.00000000
2005,3,1,85.13,115.276290,35.456306,433.57,-0.00071512
2005,3,2,170.26,115.276675,35.456960,373.76,-0.00282338
2005,3,3,255.40,115.277269,35.457554,388.71,-0.00369152
2005,3,4,340.53,115.278061,35.457807,433.57,-0.00316652
2005,30,0,0.00,115.350824,35.495536,717.63,0.00000000
2005,30,1,74.75,115.350824,35.496210,717.63,0.00000000
2005,30,2,149.50,115.350824,35.496884,433.57,0.00000000
2005,300,0,0.00,115.888466,35.879835,1315.65,0.00127011
2005,300,1,89.64,115.889092,35.879209,1285.75,0.00415972
2005,300,2,179.28,115.889821,35.878757,926.93,0.00787582
2005,300,3,268.92,115.890657,35.879027,583.07,0.00592413
2005,300,4,358.57,115.891161,35.879566,388.71,0.00314595
2005,301,0,0.00,115.889005,35.881452,1285.75,-0.00110389
2005,301,1,98.07,115.889790,35.880937,1181.09,-0.00106437
2005,301,2,196.14,115.890475,35.880251,1076.44,-0.00051242
2005,301,3,294.21,115.891161,35.879566,1001.69,0.00000000
2005,302,0,0.00,115.889005,35.881452,538.22,0.00000000
2005,302,1,44.85,115.889005,35.881857,523.27,0.00000000
2005,302,2,89.71,115.889005,35.882261,448.52,0.00000000
2005,304,0,0.00,115.891161,35.879566,388.71,0.00518519
2005,304,1,81.36,115.891700,35.880143,463.47,0.00678238
2005,304,2,162.71,115.891519,35.880824,941.88,0.00559894
2005,304,3,244.07,115.890951,35.881393,1016.64,0.00140915
2005,304,4,325.43,115.890382,35.881962,1061.49,0.00000000
2005,304,5,406.78,115.889813,35.882530,1016.64,-0.00000000
2005,305,0,0.00,115.889005,35.882261,1225.94,0.00891408
2005,305,1,43.61,115.889488,35.882261,612.97,0.00910305
2005,305,2,87.22,115.889813,35.882530,463.47,0.00929203
2005,306,0,0.00,115.889005,35.882261,1001.69,-0.00000000
2005,306,1,77.11,115.888466,35.882800,642.87,-0.00000000
2005,306,2,154.21,115.887927,35.883339,254.16,-0.00000000
2005,307,0,0.00,115.889813,35.882530,448.52,0.00143366
2005,307,1,94.03,115.889813,35.883378,388.71,0.00147634
2005,307,2,188.06,115.889544,35.884147,254.16,0.00151901
2005,308,0,0.00,115.889544,35.884147,343.86,0.00167608
2005,308,1,73.68,115.889544,35.884811,328.91,0.00410059
2005,308,2,147.37,115.889350,35.885419,284.06,0.00572317
2005,308,3,221.05,115.888735,35.885764,269.11,0.00492123
2005,309,0,0.00,115.889544,35.884147,1076.44,-0.00299746
2005,309,1,83.92,115.888614,35.884147,837.23,-0.00725877
2005,309,2,167.84,115.887927,35.884485,239.21,-0.01069112
2005,309,3,251.76,115.888149,35.885178,448.52,-0.00616984
2005,309,4,335.68,115.888735,35.885764,1285.75,-0.00247752
2005,31,0,0.00,115.240601,35.430318,418.61,-0.00109676
2005,31,1,96.86,115.240134,35.429582,463.47,-0.00106953
2005,31,2,193.71,115.239458,35.428906,418.61,-0.00052115
2005,31,3,290.57,115.238783,35.428231,418.61,-0.00052734
2005,31,4,387.43,115.238107,35.427555,418.61,-0.00109563
2005,31,5,484.29,115.237333,35.427050,388.71,-0.00056829
2005,31,6,581.14,115.236558,35.426545,463.47,0.00000000
2005,310,0,0.00,115.888735,35.885764,254.16,0.00303617
2005,310,1,98.83,115.888462,35.886576,209.31,0.00260946
2005,310,2,197.67,115.887681,35.887112,209.31,0.00151539
2005,310,3,296.50,115.886981,35.887788,299.01,0.00111556
2005,310,4,395.33,115.886122,35.888190,269.11,-0.00026421
2005,310,5,494.17,115.885301,35.888659,313.96,-0.00057255
2005,310,6,593.00,115.884610,35.889350,433.57,0.00095575
2005,310,7,691.83,115.883721,35.889701,433.57,-0.00000000
2005,310,8,790.66,115.882930,35.890222,448.52,0.00000000
2005,310,9,889.50,115.882140,35.890742,463.47,0.00030320
2005,310,10,988.33,115.881250,35.891093,478.42,-0.00057255
2005,310,11,1087.16,115.880506,35.891693,478.42,-0.00042219
2005,310,12,1186.00,115.879670,35.892135,493.37,0.00000000
2005,310,13,1284.83,115.878947,35.892771,523.27,-0.00000000
2005,310,14,1383.66,115.878089,35.893176,508.32,-0.00054301
2005,310,15,1482.50,115.877388,35.893849,568.12,0.00000000
2005,310,16,1581.33,115.876608,35.894388,538.22,0.00084803
2005,311,0,0.00,115.876608,35.894388,538.22,-0.00268697
2005,311,1,82.16,115.875856,35.894658,508.32,-0.00258249
2005,311,2,164.31,115.875261,35.895197,508.32,-0.00247802
2005,312,0,0.00,115.876608,35.894388,1794.06,-0.00000000
2005,312,1,87.73,115.877221,35.895001,1794.06,0.00154768
2005,312,2,175.46,115.877835,35.895615,1106.34,0.00267857
2005,312,3,263.18,115.877955,35.896370,822.28,0.00064399
2005,312,4,350.91,115.878225,35.897083,747.53,-0.00097380
2005,313,0,0.00,115.875261,35.895197,598.02,-0.00462943
2005,313,1,73.68,115.874722,35.895563,493.37,-0.00475430
2005,313,2,147.36,115.874549,35.896178,598.02,-0.00278004
2005,313,3,221.04,115.874452,35.896814,612.97,-0.00068090
2005,314,0,0.00,115.875261,35.895197,1794.06,-0.00000000
2005,314,1,99.92,115.875959,35.895895,1794.06,0.00048745
2005,314,2,199.84,115.876658,35.896594,1390.40,0.00099968
2005,314,3,299.75,115.877147,35.897352,852.18,0.00102445
2005,315,0,0.00,115.878225,35.897083,568.12,-0.00000000
2005,315,1,75.05,115.878899,35.896814,553.17,-0.00000000
2005,315,2,150.09,115.879572,35.896544,553.17,-0.00000000
2005,316,0,0.00,115.878225,35.897083,493.37,0.00584010
2005,316,1,55.77,115.877765,35.897352,538.22,0.00559264
2005,316,2,111.54,115.877147,35.897352,642.87,0.00534517
2005,317,0,0.00,115.874452,35.896814,777.43,-0.00366621
2005,317,1,95.81,115.873391,35.896814,598.02,-0.00347929
2005,317,2,191.63,115.872644,35.897352,523.27,-0.00150709
2005,317,3,287.44,115.871846,35.897802,508.32,0.00032665
2005,317,4,383.26,115.871077,35.898302,493.37,0.00004652
2005,317,5,479.07,115.870248,35.898700,448.52,0.00032412
2005,317,6,574.89,115.869502,35.899239,403.66,0.00078364
2005,317,7,670.70,115.868598,35.899508,418.61,-0.00000000
2005,317,8,766.52,115.867801,35.899961,403.66,-0.00063319
2005,317,9,862.33,115.866948,35.900317,418.61,-0.00059526
2005,317,10,958.15,115.866201,35.900856,388.71,-0.00014084
2005,317,11,1053.96,115.865394,35.901290,373.76,-0.00009245
2005,317,12,1149.77,115.864625,35.901790,373.76,-0.00023217
2005,317,13,1245.59,115.863855,35.902290,299.01,-0.00057943
2005,317,14,1341.40,115.863086,35.902789,358.81,-0.00057943
2005,317,15,1437.22,115.862416,35.903459,313.96,-0.00000000
2005,317,16,1533.03,115.861647,35.903959,328.91,-0.00053726
2005,317,17,1628.85,115.860977,35.904629,299.01,-0.00107452
2005,318,0,0.00,115.874452,35.896814,1794.06,-0.00255915
2005,318,1,75.05,115.874977,35.897338,1300.70,-0.00438913
2005,318,2,150.09,115.875642,35.897622,971.78,-0.00607877
2005,318,3,225.14,115.876473,35.897622,687.72,-0.00457017
2005,318,4,300.18,115.877147,35.897352,523.27,-0.00320191
2005,32,0,0.00,115.240601,35.430318,1794.06,-0.00000000
2005,32,1,96.59,115.239927,35.430992,1390.40,-0.00000000
2005,32,2,193.19,115.239253,35.431666,911.98,-0.00000000
2005,321,0,0.00,115.860977,35.904629,313.96,-0.00274362
2005,321,1,99.45,115.860438,35.905369,254.16,-0.00268761
2005,321,2,198.90,115.860438,35.906266,209.31,-0.00195509
2005,321,3,298.35,115.860438,35.907162,179.41,-0.00103595
2005,321,4,397.80,115.860708,35.907980,179.41,0.00000000
2005,321,5,497.25,115.860867,35.908831,179.41,-0.00031911
2005,321,6,596.70,115.860977,35.909695,239.21,-0.00136780
2005,321,7,696.15,115.861421,35.910463,254.16,-0.00020363
2005,321,8,795.60,115.861786,35.911254,239.21,0.00069128
2005,321,9,895.05,115.862055,35.912072,284.06,0.00024289
2005,321,10,994.50,115.862325,35.912891,284.06,-0.00039138
2005,321,11,1093.95,115.862594,35.913709,328.91,-0.00041112
2005,321,12,1193.40,115.863016,35.914483,343.86,-0.00071693
2005,321,13,1292.85,115.863294,35.915299,388.71,-0.00170630
2005,321,14,1392.30,115.863989,35.915995,403.66,-0.00080016
2005,321,15,1491.75,115.864684,35.916690,418.61,0.00049202
2005,321,16,1591.20,115.865289,35.917411,388.71,-0.00042899
2005,321,17,1690.64,115.865866,35.918141,388.71,-0.00098989
2005,321,18,1790.09,115.866661,35.918666,358.81,-0.00027783
2005,321,19,1889.54,115.867356,35.919362,313.96,-0.00053586
2005,321,20,1988.99,115.868151,35.919887,299.01,-0.00099585
2005,321,21,2088.44,115.868945,35.920412,224.26,-0.00056501
2005,321,22,2187.89,115.869821,35.920799,149.51,-0.00079352
2005,321,23,2287.34,115.870634,35.921293,179.41,-0.00116437
2005,321,24,2386.79,115.871628,35.921478,179.41,-0.00095133
2005,321,25,2486.24,115.872522,35.921833,164.46,-0.00157771
2005,321,26,2585.69,115.873599,35.921876,209.31,-0.00072244
2005,321,27,2685.14,115.874700,35.921876,209.31,0.00068366
2005,321,28,2784.59,115.875702,35.922048,224.26,-0.00022225
2005,321,29,2884.04,115.876747,35.922146,299.01,-0.00080706
2005,321,30,2983.49,115.877849,35.922146,358.81,-0.00028097
2005,321,31,3082.94,115.878950,35.922146,418.61,0.00080706
2005,321,32,3182.39,115.880052,35.922146,418.61,0.00080706
2005,321,33,3281.84,115.880997,35.922415,448.52,-0.00154811
2005,321,34,3381.29,115.882098,35.922415,448.52,-0.00080706
2005,321,35,3480.74,115.883055,35.922167,433.57,0.00067218
2005,321,36,3580.19,115.883987,35.922415,418.61,-0.00080706
2005,321,37,3679.64,115.884931,35.922146,388.71,0.00064848
2005,321,38,3779.09,115.886033,35.922146,358.81,0.00080706
2005,321,39,3878.54,115.886930,35.922334,313.96,-0.00113316
2005,321,40,3977.99,115.887922,35.922146,328.91,0.00058074
2005,321,41,4077.44,115.889024,35.922146,299.01,0.00136060
2005,321,42,4176.89,115.890010,35.922343,343.86,0.00045874
2005,321,43,4276.34,115.891070,35.922415,358.81,0.00013893
2005,321,44,4375.79,115.892014,35.922685,388.71,-0.00023242
2005,321,45,4475.24,115.893091,35.922728,343.86,0.00060317
2005,321,46,4574.69,115.894060,35.922954,388.71,0.00000000
2005,321,47,4674.14,115.895005,35.923224,358.81,-0.00081921
2005,321,48,4773.59,115.896107,35.923224,328.91,-0.00000000
2005,321,49,4873.04,115.897065,35.923469,284.06,0.00015491
2005,321,50,4972.49,115.898153,35.923493,239.21,0.00181350
2005,321,51,5071.93,115.899097,35.923763,164.46,0.00279046
2005,321,52,5171.38,115.899884,35.924302,134.55,0.00153388
2005,321,53,5270.83,115.900642,35.924890,119.60,0.00100189
2005,321,54,5370.28,115.901337,35.925585,194.36,0.00080180
2005,321,55,5469.73,115.901941,35.926307,164.46,0.00056596
2005,321,56,5569.18,115.902519,35.927036,239.21,-0.00000000
2005,321,57,5668.63,115.903005,35.927792,239.21,-0.00006661
2005,321,58,5768.08,115.903700,35.928487,328.91,0.00061147
2005,321,59,5867.53,115.904096,35.929269,284.06,0.00071379
2005,321,60,5966.98,115.904635,35.930010,299.01,0.00101393
2005,321,61,6066.43,115.904905,35.930828,269.11,-0.00000000
2005,321,62,6165.88,115.905174,35.931646,239.21,-0.00137181
2005,321,63,6265.33,115.905713,35.932387,209.31,-0.00136105
2005,322,0,0.00,115.860977,35.904629,1091.39,-0.00000000
2005,322,1,67.62,115.860505,35.904156,1046.54,-0.00230222
2005,322,2,135.23,115.860032,35.903683,373.76,-0.00480507
2005,322,3,202.85,115.859360,35.903551,59.80,-0.00500571
2005,323,0,0.00,115.905713,35.932387,986.73,0.00000000
2005,323,1,36.48,115.906118,35.932387,568.12,0.00000000
2005,323,2,72.96,115.906522,35.932387,,0.00000000
2005,324,0,0.00,115.905713,35.932387,284.06,-0.00219348
2005,324,1,98.61,115.905233,35.933137,194.36,-0.00229809
2005,324,2,197.21,115.905174,35.934008,134.55,-0.00068828
2005,324,3,295.82,115.905174,35.934897,164.46,0.00138216
2005,324,4,394.42,115.904905,35.935708,179.41,0.00087381
2005,324,5,493.03,115.904566,35.936499,239.21,0.00034108
2005,324,6,591.63,115.904295,35.937309,269.11,0.00033164
2005,324,7,690.24,115.903827,35.938062,328.91,-0.00047958
2005,324,8,788.85,115.903557,35.938873,388.71,-0.00047016
2005,324,9,887.45,115.903272,35.939679,403.66,0.00051263
2005,324,10,986.06,115.903000,35.940490,493.37,0.00130179
2005,324,11,1084.66,115.902520,35.941240,523.27,0.00054181
2005,324,12,1183.27,115.901941,35.941961,538.22,-0.00064580
2005,324,13,1281.87,115.901559,35.942739,508.32,-0.00054181
2005,324,14,1380.48,115.901132,35.943505,553.17,-0.00000942
2005,324,15,1479.09,115.900808,35.944300,508.32,0.00000472
2005,324,16,1577.69,115.900327,35.945049,553.17,-0.00068418
2005,324,17,1676.30,115.900054,35.945859,568.12,-0.00055965
2005,324,18,1774.90,115.899785,35.946670,568.12,-0.00001879
2005,325,0,0.00,115.899785,35.946670,702.67,-0.00000000
2005,325,1,88.00,115.898970,35.946945,598.02,-0.00110173
2005,325,2,175.99,115.898156,35.947221,448.52,-0.00147580
2005,325,3,263.99,115.897489,35.947748,284.06,-0.00002488
2005,325,4,351.99,115.896726,35.948111,194.36,-0.00000000
2005,325,5,439.99,115.896012,35.948556,,-0.00069839
2005,326,0,0.00,115.899785,35.946670,822.28,0.00000000
2005,326,1,38.54,115.900054,35.946939,762.48,0.00000000
2005,326,2,77.08,115.900324,35.947209,627.92,0.00000000
2005,327,0,0.00,115.900324,35.947209,598.02,-0.00538273
2005,327,1,49.17,115.900324,35.947652,672.77,-0.00549395
2005,327,2,98.35,115.900593,35.948017,433.57,-0.00560516
2005,328,0,0.00,115.900324,35.947209,1076.44,0.00000000
2005,328,1,24.31,115.900593,35.947209,1106.34,0.00000000
2005,328,2,48.63,115.900863,35.947209,1121.29,0.00000000
2005,33,0,0.00,115.354328,35.497153,418.61,0.00380826
2005,33,1,86.47,115.354597,35.497854,403.66,0.00352426
2005,33,2,172.93,115.354286,35.498542,373.76,0.00057611
2005,33,3,259.40,115.354058,35.499255,239.21,0.00000000
2005,33,4,345.86,115.354058,35.500034,313.96,0.00284663
2005,33,5,432.33,115.353519,35.500656,343.86,0.00360521
2005,34,0,0.00,115.354328,35.497153,642.87,0.00604105
2005,34,1,75.30,115.355001,35.496884,777.43,0.00604105
2005,34,2,150.61,115.355675,35.497153,1076.44,0.00604105
2005,35,0,0.00,115.236558,35.426545,1794.06,0.00000000
2005,35,1,77.28,115.236019,35.427084,1315.65,0.00000000
2005,35,2,154.55,115.235480,35.427623,1031.59,0.00000000
2005,35,3,231.83,115.234941,35.428162,583.07,0.00000000
2005,36,0,0.00,115.236558,35.426545,358.81,-0.00395784
2005,36,1,50.88,115.236204,35.426191,358.81,-0.00417172
2005,36,2,101.75,115.235750,35.426006,418.61,-0.00438560
2005,37,0,0.00,115.353519,35.500656,284.06,0.00412552
2005,37,1,97.05,115.353468,35.501516,284.06,0.00268878
2005,37,2,194.09,115.352711,35.502028,254.16,-0.00163810
2005,37,3,291.14,115.352441,35.502824,269.11,-0.00226412
2005,37,4,388.19,115.352441,35.503699,313.96,0.00139304
2005,37,5,485.24,115.352172,35.504495,373.76,0.00192625
2005,37,6,582.28,115.351652,35.505218,403.66,-0.00016383
2005,37,7,679.33,115.351184,35.505956,313.96,-0.00169030
2005,37,8,776.38,115.350924,35.506755,403.66,-0.00024346
2005,37,9,873.43,115.350824,35.507601,418.61,0.00142577
2005,37,10,970.47,115.350285,35.508318,418.61,0.00104285
2005,37,11,1067.52,115.349936,35.509091,433.57,-0.00043251
2005,37,12,1164.57,115.349258,35.509768,463.47,-0.00245327
2005,37,13,1261.62,115.349207,35.510628,478.42,-0.00330775
2005,38,0,0.00,115.353519,35.500656,598.02,-0.00123944
2005,38,1,89.48,115.352895,35.500032,612.97,-0.00129046
2005,38,2,178.95,115.352172,35.499578,508.32,-0.00134148
2005,39,0,0.00,115.234941,35.428162,463.47,-0.00471382
2005,39,1,65.82,115.235192,35.428682,403.66,-0.00479937
2005,39,2,131.65,115.235750,35.428971,373.76,-0.00488491
2005,4,0,0.00,115.275905,35.455651,1794.06,0.00000000
2005,4,1,96.58,115.276578,35.454977,882.08,0.00000000
2005,4,2,193.17,115.277252,35.454303,194.36,0.00000000
2005,40,0,0.00,115.234941,35.428162,433.57,0.00680790
2005,40,1,75.09,115.234418,35.427639,463.47,0.00815080
2005,40,2,150.19,115.234702,35.427054,941.88,0.00573037
2005,40,3,225.28,115.235226,35.426530,1225.94,0.00098353
2005,40,4,300.37,115.235750,35.426006,1659.51,0.00000000
2005,41,0,0.00,115.235750,35.426006,418.61,-0.00478088
2005,41,1,93.01,115.235518,35.425236,358.81,-0.00490243
2005,41,2,186.03,115.234672,35.424928,448.52,-0.00502399
2005,43,0,0.00,115.349207,35.510628,463.47,-0.00329557
2005,43,1,86.64,115.348408,35.510897,538.22,-0.00348228
2005,43,2,173.28,115.347860,35.511513,284.06,-0.00340432
2005,43,3,259.92,115.347404,35.512161,299.01,-0.00306779
2005,43,4,346.56,115.347321,35.512918,284.06,-0.00260576
2005,43,5,433.19,115.347321,35.513698,508.32,-0.00201125
2005,43,6,519.83,115.347590,35.514401,538.22,-0.00180690
2005,44,0,0.00,115.349207,35.510628,837.23,0.00049886
2005,44,1,82.54,115.349783,35.511204,852.18,0.00324662
2005,44,2,165.08,115.350285,35.511801,478.42,0.00284720
2005,44,3,247.62,115.350016,35.512467,328.91,-0.00299719
2005,44,4,330.16,115.350555,35.513053,852.18,-0.00569440
2005,45,0,0.00,115.234672,35.424928,403.66,-0.00134095
2005,45,1,99.24,115.234397,35.424114,388.71,-0.00107873
2005,45,2,198.48,115.233863,35.423376,373.76,-0.00130026
2005,45,3,297.72,115.233430,35.422608,388.71,-0.00151962
2005,45,4,396.96,115.232639,35.422087,388.71,-0.00012576
2005,45,5,496.20,115.231947,35.421395,403.66,0.00065860
2005,45,6,595.45,115.231254,35.420702,418.61,0.00046326
2005,45,7,694.69,115.230630,35.419991,403.66,-0.00032313
2005,45,8,793.93,115.230072,35.419269,448.52,-0.00146653
2005,45,9,893.17,115.229288,35.418736,418.61,-0.00087559
2005,45,10,992.41,115.228497,35.418214,478.42,0.00050142
2005,45,11,1091.65,115.227706,35.417693,418.61,0.00054012
2005,45,12,1190.89,115.227014,35.417001,388.71,0.00000000
2005,45,13,1290.13,115.226223,35.416479,358.81,-0.00054012
2005,45,14,1389.37,115.225531,35.415787,403.66,-0.00125329
2005,45,15,1488.61,115.224641,35.415436,403.66,0.00000000
2005,45,16,1587.85,115.223825,35.414957,373.76,0.00082696
2005,45,17,1687.10,115.223059,35.414394,328.91,-0.00179720
2005,45,18,1786.34,115.222264,35.413879,239.21,-0.00271949
2005,45,19,1885.58,115.221171,35.413879,328.91,-0.00080851
2005,45,20,1984.82,115.220234,35.413610,328.91,0.00000000
2005,45,21,2084.06,115.219142,35.413610,418.61,0.00014391
2005,45,22,2183.30,115.218205,35.413340,508.32,-0.00081025
2005,45,23,2282.54,115.217424,35.413340,448.52,-0.00190832
2005,46,0,0.00,115.234672,35.424928,1659.51,-0.00000000
2005,46,1,95.40,115.234007,35.425594,1106.34,-0.00309379
2005,46,2,190.80,115.233341,35.426259,642.87,-0.00703197
2005,46,3,286.21,115.233863,35.426815,313.96,-0.00787638
2005,47,0,0.00,115.347590,35.514401,448.52,0.00000000
2005,47,1,92.94,115.347150,35.515110,433.57,0.00000000
2005,47,2,185.88,115.346710,35.515819,463.47,-0.00000000
2005,47,3,278.82,115.346270,35.516529,418.61,0.00059656
2005,47,4,371.76,115.345831,35.517238,358.81,0.00059656
2005,47,5,464.70,115.345182,35.517887,373.76,-0.00154972
2005,47,6,557.64,115.344742,35.518596,358.81,-0.00125666
2005,47,7,650.59,115.344626,35.519400,373.76,0.00067819
2005,47,8,743.53,115.344087,35.520080,418.61,-0.00112646
2005,47,9,836.47,115.343840,35.520846,373.76,-0.00212966
2005,47,10,929.41,115.343817,35.521677,403.66,-0.00123613
2005,48,0,0.00,115.347590,35.514401,493.37,0.00367280
2005,48,1,76.27,115.348221,35.514039,657.82,0.00617812
2005,48,2,152.54,115.348852,35.514046,687.72,0.00091670
2005,48,3,228.81,115.349483,35.514394,493.37,-0.00797543
2005,48,4,305.07,115.350016,35.513862,299.01,-0.00910081
2005,49,0,0.00,115.350555,35.513053,926.93,0.00000000
2005,49,1,24.45,115.350824,35.513053,822.28,0.00000000
2005,49,2,48.89,115.351094,35.513053,822.28,0.00000000
2005,5,0,0.00,115.270245,35.451608,388.71,0.00270451
2005,5,1,91.19,115.269313,35.451484,299.01,0.00461506
2005,5,2,182.38,115.268578,35.451019,313.96,0.00510393
2005,5,3,273.57,115.268359,35.450261,358.81,0.00368225
2005,50,0,0.00,115.350555,35.513053,328.91,-0.00347816
2005,50,1,53.57,115.350181,35.513427,299.01,-0.00358530
2005,50,2,107.15,115.350016,35.513862,553.17,-0.00369244
2005,51,0,0.00,115.217424,35.413340,1181.09,-0.00144152
2005,51,1,94.07,115.217424,35.412492,822.28,-0.00148484
2005,51,2,188.14,115.217155,35.411723,149.51,-0.00152816
2005,52,0,0.00,115.217424,35.413340,553.17,0.00189214
2005,52,1,95.14,115.216689,35.413879,493.37,0.00197797
2005,52,2,190.28,115.215801,35.414155,463.47,0.00127452
2005,52,3,285.42,115.214906,35.414418,448.52,0.00002396
2005,52,4,380.55,115.213980,35.414629,463.47,-0.00127452
2005,52,5,475.69,115.213119,35.414951,508.32,-0.00105586
2005,52,6,570.83,115.212356,35.415444,523.27,0.00063832
2005,52,7,665.97,115.211495,35.415766,508.32,0.00127664
2005,53,0,0.00,115.343817,35.521677,358.81,-0.00193427
2005,53,1,71.43,115.343319,35.522175,388.71,-0.00199265
2005,53,2,142.86,115.343029,35.522735,433.57,-0.00102551
2005,53,3,214.28,115.342739,35.523294,418.61,0.00000000
2005,54,0,0.00,115.343817,35.521677,867.13,-0.00204000
2005,54,1,70.15,115.344307,35.522167,1136.24,-0.00213813
2005,54,2,140.31,115.344895,35.522486,1001.69,-0.00223626
2005,56,0,0.00,115.350016,35.513862,1016.64,-0.00389348
2005,56,1,68.20,115.350611,35.514131,463.47,-0.00370545
2005,56,2,136.41,115.351363,35.514131,553.17,-0.00351743
2005,57,0,0.00,115.211495,35.415766,1614.66,-0.00000000
2005,57,1,97.83,115.210813,35.415083,1495.05,0.00051077
2005,57,2,195.66,115.210131,35.414401,1240.89,0.00218114
2005,57,3,293.49,115.209657,35.413658,717.63,0.00303672
2005,57,4,391.31,115.209609,35.412790,657.82,0.00269548
2005,57,5,489.14,115.209674,35.411928,583.07,0.00241676
2005,57,6,586.97,115.210148,35.411184,538.22,0.00217526
2005,58,0,0.00,115.211495,35.415766,553.17,0.00208172
2005,58,1,99.29,115.210803,35.416458,478.42,0.00235728
2005,58,2,198.58,115.209913,35.416809,508.32,0.00115361
2005,58,3,297.87,115.208995,35.417113,478.42,-0.00052802
2005,58,4,397.16,115.208133,35.417512,508.32,-0.00084151
2005,58,5,496.45,115.207277,35.417922,493.37,-0.00059460
2005,58,6,595.74,115.206495,35.418461,538.22,0.00051645
2005,58,7,695.03,115.205660,35.418906,463.47,0.00095981
2005,58,8,794.32,115.204770,35.419257,478.42,0.00032507
2005,58,9,893.61,115.203880,35.419608,493.37,-0.00012518
2005,58,10,992.90,115.202990,35.419960,478.42,-0.00058492
2005,58,11,1092.19,115.202120,35.420347,463.47,-0.00024003
2005,58,12,1191.48,115.201308,35.420833,463.47,0.00096234
2005,58,13,1290.77,115.200402,35.421156,478.42,-0.00000000
2005,58,14,1390.06,115.199464,35.421425,448.52,-0.00074262
2005,58,15,1489.35,115.198683,35.421964,448.52,0.00063430
2005,58,16,1588.64,115.197746,35.422234,448.52,0.00035330
2005,58,17,1687.93,115.196858,35.422588,448.52,-0.00026910
2005,58,18,1787.22,115.195967,35.422939,448.52,0.00022006
2005,58,19,1886.52,115.195077,35.423290,448.52,0.00048816
2005,58,20,1985.81,115.194152,35.423581,448.52,0.00035227
2005,58,21,2085.10,115.193215,35.423851,448.52,0.00019491
2005,58,22,2184.39,115.192278,35.424120,433.57,0.00042176
2005,58,23,2283.68,115.191319,35.424353,478.42,0.00047400
2005,58,24,2382.97,115.190330,35.424534,448.52,0.00006349
2005,58,25,2482.26,115.189342,35.424714,478.42,-0.00040924
2005,58,26,2581.55,115.188372,35.424928,478.42,-0.00048526
2005,58,27,2680.84,115.187435,35.425198,493.37,0.00070417
2005,58,28,2780.13,115.186498,35.425467,448.52,0.00073109
2005,58,29,2879.42,115.185404,35.425467,478.42,-0.00089158
2005,58,30,2978.71,115.184496,35.425787,463.47,-0.00056125
2005,58,31,3078.00,115.183530,35.426006,478.42,0.00089158
2005,58,32,3177.29,115.182592,35.426276,478.42,0.00072173
2005,58,33,3276.58,115.181499,35.426276,448.52,0.00000000
2005,58,34,3375.87,115.180562,35.426545,448.52,0.00080942
2005,58,35,3475.16,115.179468,35.426545,418.61,0.00080942
2005,58,36,3574.45,115.178375,35.426545,388.71,-0.00080942
2005,58,37,3673.74,115.177282,35.426545,388.71,-0.00080942
2005,58,38,3773.03,115.176344,35.426815,418.61,0.00054015
2005,58,39,3872.32,115.175251,35.426815,418.61,0.00000000
2005,58,40,3971.61,115.174212,35.426908,403.66,-0.00024847
2005,58,41,4070.90,115.173220,35.427084,418.61,0.00080942
2005,58,42,4170.19,115.172127,35.427084,358.81,0.00051774
2005,58,43,4269.48,115.171034,35.427084,388.71,0.00012298
2005,58,44,4368.77,115.169940,35.427084,418.61,0.00080942
2005,58,45,4468.06,115.168872,35.427041,373.76,0.00055016
2005,58,46,4567.35,115.167910,35.426815,388.71,-0.00080942
2005,58,47,4666.64,115.166816,35.426815,388.71,-0.00067314
2005,58,48,4765.93,115.165723,35.426815,358.81,0.00000000
2005,58,49,4865.22,115.164630,35.426815,358.81,0.00080942
2005,58,50,4964.51,115.163536,35.426815,358.81,0.00080942
2005,58,51,5063.80,115.162599,35.426545,358.81,-0.00080942
2005,58,52,5163.09,115.161506,35.426545,328.91,-0.00000000
2005,58,53,5262.38,115.160412,35.426545,358.81,0.00080942
2005,58,54,5361.67,115.159475,35.426276,358.81,-0.00080942
2005,58,55,5460.97,115.158382,35.426276,328.91,-0.00000000
2005,58,56,5560.26,115.157288,35.426276,358.81,0.00080942
2005,58,57,5659.55,115.156351,35.426006,358.81,-0.00080942
2005,58,58,5758.84,115.155258,35.426006,358.81,0.00089158
2005,58,59,5858.13,115.154164,35.426006,388.71,0.00170100
2005,58,60,5957.42,115.153383,35.425467,388.71,-0.00079911
2005,58,61,6056.71,115.152290,35.425467,418.61,-0.00000000
2005,58,62,6156.00,115.151369,35.425169,433.57,0.00077371
2005,58,63,6255.29,115.150415,35.424928,418.61,0.00000000
2005,58,64,6354.58,115.149490,35.424638,418.61,-0.00093419
2005,58,65,6453.87,115.148540,35.424389,418.61,-0.00089158
2005,58,66,6553.16,115.147447,35.424389,418.61,0.00073813
2005,58,67,6652.45,115.146510,35.424120,388.71,0.00037297
2005,58,68,6751.74,115.145535,35.423916,373.76,-0.00037519
2005,58,69,6851.03,115.144546,35.423735,418.61,0.00013044
2005,58,70,6950.32,115.143557,35.423555,418.61,0.00050824
2005,58,71,7049.61,115.142604,35.423312,388.71,0.00038816
2005,58,72,7148.90,115.141667,35.423042,388.71,-0.00044733
2005,58,73,7248.19,115.140730,35.422773,388.71,-0.00026406
2005,58,74,7347.48,115.139700,35.422663,388.71,0.00016492
2005,58,75,7446.77,115.138810,35.422312,373.76,-0.00037621
2005,58,76,7546.06,115.137762,35.422234,388.71,0.00037082
2005,58,77,7645.35,115.136824,35.421964,373.76,0.00008741
2005,58,78,7744.64,115.135887,35.421695,328.91,0.00000000
2005,58,79,7843.93,115.134854,35.421590,373.76,0.00052746
2005,58,80,7943.22,115.134012,35.421156,358.81,-0.00089158
2005,58,81,8042.51,115.132975,35.421058,343.86,-0.00030312
2005,58,82,8141.80,115.131982,35.420886,358.81,0.00032163
2005,58,83,8241.09,115.131044,35.420617,388.71,-0.00056306
2005,58,84,8340.38,115.130009,35.420517,343.86,-0.00002670
2005,58,85,8439.67,115.129014,35.420347,328.91,0.00000000
2005,58,86,8538.96,115.128031,35.420156,343.86,-0.00087843
2005,58,87,8638.25,115.126983,35.420078,328.91,0.00000000
2005,58,88,8737.54,115.125890,35.420078,328.91,0.00147508
2005,58,89,8836.83,115.124952,35.419808,328.91,0.00036847
2005,58,90,8936.12,115.124015,35.419539,328.91,-0.00025116
2005,58,91,9035.42,115.122987,35.419425,328.91,0.00105783
2005,58,92,9134.71,115.122097,35.419074,313.96,-0.00034549
2005,58,93,9234.00,115.121203,35.418730,299.01,-0.00053473
2005,58,94,9333.29,115.120120,35.418713,269.11,0.00231069
2005,58,95,9432.58,115.119328,35.418191,284.06,0.00342807
2005,59,0,0.00,115.342739,35.523294,523.27,0.00140026
2005,59,1,84.29,115.342151,35.523882,433.57,-0.00013405
2005,59,2,168.57,115.341464,35.524300,463.47,-0.00361298
2005,59,3,252.86,115.341122,35.524960,403.66,-0.00393136
2005,59,4,337.15,115.341122,35.525719,478.42,-0.00230513
2005,6,0,0.00,115.270245,35.451608,911.98,0.00000000
2005,6,1,83.48,115.270515,35.450935,1061.49,0.00000000
2005,6,2,166.97,115.270784,35.450261,777.43,0.00000000
2005,60,0,0.00,115.342739,35.523294,926.93,0.00000000
2005,60,1,96.55,115.343413,35.523968,837.23,0.00000000
2005,60,2,193.10,115.344087,35.524641,926.93,0.00000000
2005,61,0,0.00,115.344895,35.522486,702.67,0.00000000
2005,61,1,68.20,115.345569,35.522351,732.58,0.00000000
2005,61,2,136.40,115.346243,35.522216,657.82,0.00000000
2005,62,0,0.00,115.344895,35.522486,448.52,0.00000000
2005,62,1,29.90,115.344895,35.522755,523.27,0.00000000
2005,62,2,59.80,115.344895,35.523025,448.52,0.00000000
2005,63,0,0.00,115.210148,35.411184,299.01,0.00246434
2005,63,1,88.48,115.210148,35.410387,299.01,0.00256211
2005,63,2,176.95,115.210548,35.409706,403.66,0.00135753
2005,63,3,265.43,115.210956,35.409028,403.66,0.00005517
2005,64,0,0.00,115.210148,35.411184,702.67,-0.00276388
2005,64,1,80.52,115.210878,35.411454,657.82,-0.00262915
2005,64,2,161.03,115.211765,35.411454,612.97,-0.00249442
2005,65,0,0.00,115.119328,35.418191,1420.30,-0.00541202
2005,65,1,49.22,115.119328,35.417747,687.72,-0.00552447
2005,65,2,98.44,115.119059,35.417383,343.86,-0.00563691
2005,66,0,0.00,115.119328,35.418191,328.91,0.00335847
2005,66,1,99.91,115.118384,35.418461,269.11,0.00335847
2005,66,2,199.81,115.117440,35.418191,299.01,0.00079918
2005,66,3,299.72,115.116497,35.417922,328.91,-0.00088006
2005,66,4,399.62,115.115397,35.417922,328.91,0.00064786
2005,66,5,499.53,115.114453,35.417652,328.91,-0.00000000
2005,66,6,599.43,115.113469,35.417452,343.86,-0.00042738
2005,66,7,699.34,115.112409,35.417383,358.81,0.00088006
2005,66,8,799.24,115.111465,35.417113,358.81,0.00065958
2005,66,9,899.15,115.110521,35.416844,388.71,-0.00073817
2005,66,10,999.06,115.109577,35.416574,388.71,-0.00000000
2005,66,11,1098.96,115.108504,35.416529,373.76,0.00058779
2005,66,12,1198.87,115.107690,35.416035,388.71,-0.00088006
2005,66,13,1298.77,115.106590,35.416035,358.81,-0.00026267
2005,66,14,1398.68,115.105646,35.415766,328.91,0.00019147
2005,66,15,1498.58,115.104630,35.415620,358.81,0.00083352
2005,66,16,1598.49,115.103637,35.415436,313.96,0.00184792
2005,66,17,1698.39,115.102814,35.414957,299.01,-0.00042047
2005,66,18,1798.30,115.101947,35.414555,299.01,-0.00115649
2005,66,19,1898.21,115.100926,35.414418,269.11,0.00091417
2005,66,20,1998.11,115.100060,35.414015,269.11,-0.00044818
2005,66,21,2098.02,115.099195,35.413610,239.21,-0.00107782
2005,66,22,2197.92,115.098095,35.413610,179.41,0.00090506
2005,66,23,2297.83,115.097279,35.413120,149.51,0.00124256
2005,66,24,2397.73,115.096285,35.412935,194.36,0.00126104
2005,66,25,2497.64,115.095575,35.412262,179.41,0.00071859
2005,66,26,2597.54,115.094694,35.411883,149.51,0.00053268
2005,66,27,2697.45,115.093998,35.411186,254.16,0.00079055
2005,66,28,2797.36,115.093202,35.410660,284.06,0.00098462
2005,66,29,2897.26,115.092648,35.409922,313.96,0.00069789
2005,66,30,2997.17,115.092017,35.409206,313.96,0.00004313
2005,66,31,3097.07,115.091505,35.408489,358.81,0.00011457
2005,66,32,3196.98,115.090942,35.407861,328.91,0.00047147
2005,66,33,3296.88,115.090454,35.407103,343.86,-0.00016245
2005,66,34,3396.79,115.089966,35.406346,358.81,-0.00028373
2005,66,35,3496.69,115.089269,35.405649,358.81,0.00131357
2005,66,36,3596.60,115.088875,35.404864,343.86,0.00057214
2005,66,37,3696.51,115.088606,35.404042,299.01,-0.00106022
2005,66,38,3796.41,115.088013,35.403315,373.76,-0.00028841
2005,66,39,3896.32,115.087525,35.402557,328.91,0.00026125
2005,66,40,3996.22,115.087036,35.401799,343.86,-0.00037010
2005,66,41,4096.13,115.086548,35.401042,418.61,-0.00051461
2005,66,42,4196.03,115.085911,35.400328,403.66,-0.00028695
2005,66,43,4295.94,115.085363,35.399587,448.52,0.00028281
2005,66,44,4395.84,115.084667,35.398891,418.61,0.00082079
2005,66,45,4495.75,115.084294,35.398099,388.71,-0.00002143
2005,66,46,4595.66,115.083755,35.397356,448.52,-0.00032595
2005,66,47,4695.56,115.083216,35.396613,418.61,0.00021787
2005,66,48,4795.47,115.082714,35.395860,433.57,0.00016221
2005,66,49,4895.37,115.082225,35.395102,448.52,0.00003535
2005,66,50,4995.28,115.081737,35.394344,478.42,0.00000000
2005,66,51,5095.18,115.081249,35.393587,478.42,-0.00005293
2005,66,52,5195.09,115.080761,35.392829,463.47,-0.00017965
2005,66,53,5294.99,115.080252,35.392077,478.42,0.00010602
2005,66,54,5394.90,115.079713,35.391335,448.52,0.00060596
2005,66,55,5494.81,115.079296,35.390556,463.47,0.00047709
2005,66,56,5594.71,115.078904,35.389770,448.52,-0.00014165
2005,66,57,5694.62,115.078528,35.388979,403.66,-0.00051831
2005,66,58,5794.52,115.078040,35.388222,433.57,-0.00028466
2005,66,59,5894.43,115.077557,35.387463,403.66,-0.00002374
2005,66,60,5994.33,115.077064,35.386706,433.57,-0.00000000
2005,66,61,6094.24,115.076575,35.385949,433.57,0.00019147
2005,66,62,6194.14,115.076087,35.385191,418.61,0.00000000
2005,66,63,6294.05,115.075670,35.384412,418.61,-0.00133938
2005,66,64,6393.96,115.075111,35.383675,478.42,-0.00047147
2005,66,65,6493.86,115.074323,35.383147,448.52,0.00114131
2005,66,66,6593.77,115.074036,35.382331,433.57,-0.00053263
2005,66,67,6693.67,115.073339,35.381634,493.37,0.00020474
2005,66,68,6793.58,115.072642,35.380937,418.61,0.00109395
2005,66,69,6893.48,115.072436,35.380097,418.61,-0.00029749
2005,66,70,6993.39,115.071775,35.379532,418.61,0.00044033
2005,66,71,7093.29,115.071496,35.378713,403.66,0.00011121
2005,66,72,7193.20,115.071008,35.377955,388.71,-0.00058138
2005,66,73,7293.11,115.070519,35.377198,343.86,0.00050405
2005,66,74,7393.01,115.070011,35.376446,299.01,0.00116771
2005,66,75,7492.92,115.069741,35.375624,269.11,0.00061246
2005,66,76,7592.82,115.069472,35.374802,239.21,-0.00000000
2005,67,0,0.00,115.341122,35.525719,418.61,-0.00089902
2005,67,1,97.06,115.340555,35.526287,433.57,-0.00148697
2005,67,2,194.11,115.340044,35.527013,388.71,-0.00240562
2005,67,3,291.17,115.339775,35.527809,433.57,-0.00204348
2005,67,4,388.23,115.339775,35.528684,403.66,-0.00135063
2005,68,0,0.00,115.341122,35.525719,1061.49,0.00000000
2005,68,1,77.24,115.341661,35.526258,926.93,0.00000000
2005,68,2,154.48,115.342200,35.526797,807.33,0.00000000
2005,68,3,231.72,115.342739,35.527336,732.58,0.00000000
2005,69,0,0.00,115.344087,35.524641,553.17,0.00121031
2005,69,1,89.58,115.344087,35.525449,448.52,0.00190721
2005,69,2,179.16,115.343880,35.526196,388.71,0.00321991
2005,69,3,268.74,115.343463,35.526882,433.57,0.00320492
2005,69,4,358.33,115.342739,35.527336,553.17,0.00257411
2005,7,0,0.00,115.278061,35.457807,373.76,-0.00106051
2005,7,1,98.44,115.278539,35.458554,418.61,-0.00103444
2005,7,2,196.87,115.279225,35.459241,433.57,-0.00083645
2005,7,3,295.31,115.279912,35.459928,373.76,0.00000000
2005,7,4,393.75,115.280664,35.460502,418.61,0.00067140
2005,7,5,492.18,115.281176,35.461191,373.76,0.00000000
2005,7,6,590.62,115.281862,35.461878,403.66,-0.00020957
2005,7,7,689.06,115.282549,35.462565,403.66,0.00050418
2005,7,8,787.49,115.283181,35.463268,358.81,0.00023920
2005,7,9,885.93,115.283714,35.463999,373.76,-0.00000000
2005,7,10,984.37,115.284401,35.464686,328.91,0.00066568
2005,7,11,1082.80,115.284879,35.465433,343.86,0.00000000
2005,7,12,1181.24,115.285357,35.466181,358.81,-0.00053025
2005,7,13,1279.68,115.286044,35.466868,343.86,0.00053025
2005,7,14,1378.11,115.286522,35.467615,313.96,0.00053025
2005,7,15,1476.55,115.287000,35.468363,284.06,-0.00019540
2005,7,16,1574.99,115.287478,35.469111,328.91,-0.00159077
2005,7,17,1673.42,115.288032,35.469836,328.91,-0.00275848
2005,7,18,1771.86,115.288840,35.470204,448.52,-0.00272622
2005,70,0,0.00,115.344087,35.524641,926.93,-0.00347148
2005,70,1,55.98,115.344675,35.524592,792.38,-0.00357518
2005,70,2,111.95,115.345165,35.524372,538.22,-0.00367887
2005,71,0,0.00,115.210956,35.409028,687.72,-0.00276373
2005,71,1,80.52,115.211687,35.409298,627.92,-0.00262902
2005,71,2,161.03,115.212573,35.409298,523.27,-0.00249430
2005,72,0,0.00,115.210956,35.409028,448.52,0.00172078
2005,72,1,87.86,115.210417,35.408394,254.16,0.00175127
2005,72,2,175.73,115.210148,35.407681,224.26,0.00178176
2005,73,0,0.00,115.069472,35.374802,299.01,-0.00134069
2005,73,1,95.84,115.068705,35.374305,209.31,-0.00151120
2005,73,2,191.67,115.067830,35.373994,239.21,-0.00099335
2005,73,3,287.51,115.066931,35.373725,358.81,-0.00146494
2005,73,4,383.34,115.066032,35.373455,388.71,-0.00270146
2005,73,5,479.18,115.065044,35.373570,358.81,-0.00100277
2005,73,6,575.02,115.064079,35.373725,358.81,-0.00000000
2005,73,7,670.85,115.063024,35.373725,388.71,-0.00038625
2005,73,8,766.69,115.062125,35.373994,388.71,0.00087061
2005,73,9,862.52,115.061071,35.373994,418.61,0.00087061
2005,73,10,958.36,115.060016,35.373994,388.71,0.00000000
2005,73,11,1054.20,115.058961,35.373994,418.61,0.00000000
2005,74,0,0.00,115.069472,35.374802,911.98,-0.00000000
2005,74,1,57.97,115.069876,35.374398,612.97,-0.00000000
2005,74,2,115.95,115.070280,35.373994,149.51,-0.00000000
2005,75,0,0.00,115.339775,35.528684,508.32,-0.00296663
2005,75,1,89.60,115.339051,35.529139,388.71,-0.00386152
2005,75,2,179.21,115.338697,35.529843,433.57,-0.00283240
2005,75,3,268.81,115.338635,35.530633,358.81,-0.00064296
2005,75,4,358.42,115.338427,35.531380,493.37,-0.00079456
2005,75,5,448.02,115.338427,35.532187,343.86,-0.00121157
2005,76,0,0.00,115.339775,35.528684,777.43,0.00000000
2005,76,1,93.53,115.340428,35.529337,702.67,-0.00295255
2005,76,2,187.07,115.341080,35.529989,747.53,-0.00642347
2005,76,3,280.60,115.341931,35.529762,612.97,-0.00694185
2005,77,0,0.00,115.342739,35.527336,612.97,0.00372213
2005,77,1,78.17,115.343009,35.527962,418.61,0.00516939
2005,77,2,156.35,115.342813,35.528610,388.71,0.00388146
2005,77,3,234.52,115.342268,35.529156,373.76,-0.00027861
2005,77,4,312.70,115.341931,35.529762,358.81,-0.00170351
2005,78,0,0.00,115.338427,35.532187,568.12,-0.00480040
2005,78,1,84.28,115.337654,35.532457,553.17,-0.00420151
2005,78,2,168.55,115.337349,35.533109,523.27,-0.00231594
2005,78,3,252.83,115.336882,35.533732,343.86,-0.00157359
2005,78,4,337.10,115.336712,35.534442,328.91,-0.00105895
2005,78,5,421.38,115.336541,35.535152,328.91,0.00000000
2005,79,0,0.00,115.338427,35.532187,1794.06,-0.00542019
2005,79,1,79.35,115.339146,35.532457,1076.44,-0.00271010
2005,79,2,158.71,115.339865,35.532187,1315.65,0.00271010
2005,79,3,238.06,115.340583,35.532457,343.86,0.00542019
2005,8,0,0.00,115.278061,35.457807,1659.51,0.00123918
2005,8,1,89.50,115.278685,35.457183,1659.51,0.00129017
2005,8,2,179.00,115.279408,35.456729,837.23,0.00134116
2005,81,0,0.00,115.341931,35.529762,732.58,0.00000000
2005,81,1,24.44,115.342200,35.529762,732.58,0.00000000
2005,81,2,48.88,115.342470,35.529762,642.87,0.00000000
2005,82,0,0.00,115.336541,35.535152,1240.89,-0.00195059
2005,82,1,74.63,115.337161,35.535502,1794.06,-0.00305327
2005,82,2,149.25,115.337874,35.535691,1659.51,-0.00307772
2005,82,3,223.88,115.338697,35.535691,792.38,-0.00199948
2005,83,0,0.00,115.336541,35.535152,373.76,0.00000000
2005,83,1,98.42,115.336271,35.535960,328.91,0.00000000
2005,83,2,196.84,115.336002,35.536769,343.86,-0.00069503
2005,83,3,295.26,115.335732,35.537577,358.81,-0.00135137
2005,83,4,393.68,115.335732,35.538464,373.76,-0.00065634
2005,83,5,492.10,115.335732,35.539194,388.71,0.00000000
2005,84,0,0.00,115.340583,35.532457,553.17,0.00135127
2005,84,1,92.23,115.340583,35.533288,523.27,0.00154357
2005,84,2,184.45,115.340339,35.534048,493.37,0.00094466
2005,84,3,276.68,115.340044,35.534793,343.86,0.00000000
2005,84,4,368.90,115.339775,35.535546,313.96,-0.00004622
2005,84,5,461.13,115.339505,35.536299,343.86,0.00052723
2005,84,6,553.36,115.339226,35.537048,313.96,0.00095980
2005,84,7,645.58,115.338791,35.537753,343.86,0.00106910
2005,84,8,737.81,115.338356,35.538457,358.81,0.00320950
2005,84,9,830.03,115.337712,35.539101,508.32,0.00506383
2005,84,10,922.26,115.336749,35.539194,1196.04,0.00277264
2005,84,11,1014.49,115.335732,35.539194,1255.84,0.00062458
2005,85,0,0.00,115.340583,35.532457,373.76,0.00000000
2005,85,1,96.55,115.341257,35.531783,328.91,0.00000000
2005,85,2,193.09,115.341931,35.531109,388.71,0.00000000
2005,87,0,0.00,115.335732,35.539194,373.76,-0.00105743
2005,87,1,99.98,115.335243,35.539953,358.81,-0.00052872
2005,87,2,199.95,115.334963,35.540772,403.66,-0.00048873
2005,87,3,299.93,115.334474,35.541531,388.71,-0.00169190
2005,87,4,399.91,115.334385,35.542406,343.86,-0.00204359
2005,87,5,499.88,115.334385,35.543307,299.01,-0.00084042
2005,87,6,599.86,115.334654,35.544129,224.26,0.00063566
2005,87,7,699.84,115.334654,35.545030,224.26,0.00063566
2005,87,8,799.81,115.334654,35.545932,194.36,0.00000000
2005,88,0,0.00,115.334654,35.545932,1166.14,0.00000000
2005,88,1,61.09,115.333981,35.545932,1046.54,0.00000000
2005,88,2,122.19,115.333307,35.545932,642.87,0.00000000
2005,89,0,0.00,115.334654,35.545932,179.41,0.00332916
2005,89,1,64.16,115.334924,35.546431,149.51,0.00323524
2005,89,2,128.32,115.334924,35.547010,239.21,0.00314133
2005,9,0,0.00,115.277252,35.454303,343.86,0.00223528
2005,9,1,70.18,115.277840,35.454622,448.52,0.00213727
2005,9,2,140.37,115.278330,35.455112,388.71,0.00203925
2005,90,0,0.00,115.334924,35.547010,1166.14,0.00000000
2005,90,1,61.09,115.334250,35.547010,1046.54,0.00000000
2005,90,2,122.18,115.333576,35.547010,702.67,0.00000000
2005,91,0,0.00,115.334924,35.547010,209.31,0.00000000
2005,91,1,96.42,115.335388,35.547743,239.21,0.00000000
2005,91,2,192.84,115.335852,35.548477,239.21,-0.00055292
2005,91,3,289.26,115.336317,35.549211,284.06,-0.00055292
2005,91,4,385.68,115.336990,35.549884,313.96,0.00055292
2005,91,5,482.10,115.337454,35.550617,299.01,-0.00000000
2005,91,6,578.52,115.337918,35.551351,299.01,-0.00129200
2005,91,7,674.94,115.338591,35.552024,299.01,-0.00052545
2005,91,8,771.36,115.339236,35.552563,299.01,0.00041556
2005,91,9,867.78,115.339827,35.553260,313.96,-0.00015288
2005,91,10,964.20,115.340500,35.553933,343.86,-0.00069961
2005,91,11,1060.62,115.341202,35.554555,343.86,0.00088314
2005,91,12,1157.04,115.341931,35.555112,313.96,0.00264163
2005,91,13,1253.46,115.342200,35.555903,358.81,0.00282735
2005,92,0,0.00,115.342200,35.555903,328.91,0.00110000
2005,92,1,82.91,115.342739,35.556351,328.91,0.00006077
2005,92,2,165.82,115.343248,35.556950,388.71,0.00079137
2005,92,3,248.73,115.343925,35.557359,328.91,0.00349908
2005,92,4,331.64,115.344087,35.558059,403.66,0.00443696
2005,93,0,0.00,115.342200,35.555903,1569.81,0.00296035
2005,93,1,80.65,115.341637,35.556466,1794.06,0.00713305
2005,93,2,161.29,115.340890,35.556711,418.61,0.00929537
2005,93,3,241.94,115.340314,35.556172,299.01,0.00728498
2005,94,0,0.00,115.344087,35.558059,418.61,0.00932158
2005,94,1,58.69,115.344694,35.558127,328.91,0.00935201
2005,94,2,117.38,115.344895,35.558598,403.66,0.00938244
2005,95,0,0.00,115.344087,35.558059,1480.10,-0.00236784
2005,95,1,81.39,115.343519,35.558627,1091.39,-0.00431951
2005,95,2,162.77,115.343278,35.559290,448.52,-0.00501768
2005,95,3,244.16,115.343548,35.559945,373.76,-0.00376420
2005,96,0,0.00,115.344895,35.558598,343.86,0.00488738
2005,96,1,65.78,115.345453,35.558886,328.91,0.00480114
2005,96,2,131.56,115.345704,35.559406,373.76,0.00471490
2005,97,0,0.00,115.344895,35.558598,1375.45,-0.00000000
2005,97,1,96.53,115.344221,35.559272,1210.99,-0.00000000
2005,97,2,193.07,115.343548,35.559945,941.88,-0.00000000
2005,98,0,0.00,115.343548,35.559945,343.86,-0.00436729
2005,98,1,84.06,115.344319,35.560215,598.02,-0.00609407
2005,98,2,168.12,115.345117,35.559993,1629.61,-0.00548926
2005,98,3,252.19,115.345704,35.559406,1480.10,-0.00315768
