year,link_id,sample_idx,s_m,lon,lat,B_m,C_1m
2001,0,0,0.00,115.210417,35.410645,403.66,0.00000000
2001,0,1,89.70,115.210417,35.409837,911.98,0.00000000
2001,0,2,179.40,115.210417,35.409028,777.43,0.00000000
2001,1,0,0.00,115.210417,35.409028,448.52,0.00882796
2001,1,1,43.80,115.210900,35.409028,373.76,0.00901638
2001,1,2,87.60,115.211226,35.409298,328.91,0.00920481
2001,10,0,0.00,115.157327,35.426276,328.91,-0.00239187
2001,10,1,86.30,115.156533,35.426006,269.11,-0.00227663
2001,10,2,172.60,115.155582,35.426006,269.11,-0.00108069
2001,10,3,258.90,115.154632,35.426006,269.11,0.00000000
2001,100,0,0.00,115.349477,35.517365,448.52,0.00283624
2001,100,1,78.83,115.348927,35.517915,598.02,0.00510393
2001,100,2,157.67,115.348207,35.518174,1106.34,0.00694492
2001,100,3,236.50,115.347431,35.518014,1151.19,0.00444979
2001,100,4,315.34,115.346782,35.517635,1495.05,0.00238136
2001,102,0,0.00,115.346782,35.517635,523.27,-0.00563095
2001,102,1,49.21,115.346512,35.518000,538.22,-0.00551873
2001,102,2,98.42,115.346512,35.518443,568.12,-0.00540651
2001,103,0,0.00,115.346512,35.518443,717.63,-0.00502614
2001,103,1,92.97,115.345666,35.518751,523.27,-0.00490387
2001,103,2,185.93,115.345434,35.519521,269.11,-0.00478160
2001,104,0,0.00,115.346512,35.518443,1001.69,0.00284021
2001,104,1,98.42,115.347199,35.519130,807.33,0.00319128
2001,104,2,196.84,115.347321,35.519981,299.01,0.00206159
2001,104,3,295.27,115.347321,35.520869,568.12,0.00058082
2001,105,0,0.00,115.345434,35.519521,612.97,0.00000000
2001,105,1,19.31,115.345569,35.519656,1061.49,0.00000000
2001,105,2,38.62,115.345704,35.519791,1091.39,0.00000000
2001,106,0,0.00,115.345434,35.519521,553.17,-0.00351520
2001,106,1,78.27,115.344591,35.519556,418.61,-0.00623259
2001,106,2,156.55,115.343946,35.519931,508.32,-0.00695740
2001,106,3,234.82,115.343817,35.520599,523.27,-0.00496483
2001,107,0,0.00,115.345704,35.519791,523.27,-0.00429373
2001,107,1,78.49,115.345434,35.520419,284.06,-0.00214687
2001,107,2,156.98,115.345704,35.521048,299.01,0.00214687
2001,107,3,235.46,115.345434,35.521677,299.01,0.00429373
2001,109,0,0.00,115.347321,35.520869,583.07,-0.00223625
2001,109,1,70.15,115.346732,35.521188,313.96,-0.00213812
2001,109,2,140.31,115.346243,35.521677,553.17,-0.00203999
2001,11,0,0.00,115.219311,35.414688,418.61,-0.00042873
2001,11,1,97.20,115.220069,35.415227,418.61,0.00024757
2001,11,2,194.40,115.220864,35.415702,433.57,0.00056417
2001,11,3,291.59,115.221542,35.416380,418.61,0.00010224
2001,11,4,388.79,115.222319,35.416887,433.57,0.00052362
2001,11,5,485.99,115.222997,35.417565,388.71,-0.00056417
2001,11,6,583.19,115.223674,35.418243,388.71,-0.00108779
2001,11,7,680.38,115.224550,35.418579,358.81,0.00108779
2001,11,8,777.58,115.225228,35.419257,343.86,0.00108779
2001,11,9,874.78,115.225906,35.419935,299.01,-0.00041208
2001,11,10,971.98,115.226584,35.420613,299.01,-0.00052362
2001,11,11,1069.17,115.227340,35.421156,269.11,-0.00139563
2001,11,12,1166.37,115.228038,35.421798,299.01,-0.00297373
2001,11,13,1263.57,115.229013,35.421964,328.91,-0.00337929
2001,110,0,0.00,115.347321,35.520869,1031.59,-0.00174647
2001,110,1,67.79,115.347794,35.521342,269.11,-0.00229599
2001,110,2,135.58,115.348347,35.521677,119.60,-0.00190536
2001,110,3,203.37,115.348938,35.521947,672.77,-0.00096520
2001,111,0,0.00,115.343817,35.520599,358.81,-0.00485365
2001,111,1,82.11,115.343145,35.521001,269.11,-0.00461207
2001,111,2,164.22,115.343009,35.521702,254.16,-0.00328857
2001,111,3,246.32,115.342834,35.522391,568.12,-0.00245296
2001,111,4,328.43,115.343009,35.523025,717.63,-0.00269928
2001,112,0,0.00,115.343817,35.520599,612.97,0.00000000
2001,112,1,67.79,115.344290,35.521072,642.87,-0.00229599
2001,112,2,135.58,115.344763,35.521545,672.77,-0.00479015
2001,112,3,203.37,115.345434,35.521677,687.72,-0.00498832
2001,114,0,0.00,115.345434,35.521677,553.17,0.00000000
2001,114,1,36.67,115.345838,35.521677,702.67,0.00000000
2001,114,2,73.33,115.346243,35.521677,732.58,0.00000000
2001,115,0,0.00,115.345434,35.521677,373.76,0.00204864
2001,115,1,79.11,115.345434,35.522390,284.06,0.00211244
2001,115,2,158.22,115.345165,35.523025,508.32,0.00217624
2001,117,0,0.00,115.346243,35.521677,1151.19,-0.00000000
2001,117,1,38.62,115.346512,35.521947,493.37,-0.00000000
2001,117,2,77.24,115.346782,35.522216,269.11,-0.00000000
2001,118,0,0.00,115.348938,35.521947,299.01,0.00620759
2001,118,1,88.61,115.348938,35.522745,553.17,0.00660733
2001,118,2,177.21,115.348129,35.523025,657.82,0.00700707
2001,119,0,0.00,115.348938,35.521947,239.21,-0.00128884
2001,119,1,87.21,115.349546,35.521338,538.22,-0.00064442
2001,119,2,174.42,115.349946,35.520669,508.32,0.00064442
2001,119,3,261.63,115.350555,35.520060,553.17,0.00128884
2001,12,0,0.00,115.219311,35.414688,1794.06,0.00000000
2001,12,1,87.25,115.219919,35.414079,1749.21,-0.00064437
2001,12,2,174.50,115.220528,35.413471,1181.09,-0.00132448
2001,12,3,261.75,115.220928,35.412801,762.48,-0.00136022
2001,120,0,0.00,115.343009,35.523025,627.92,0.00530177
2001,120,1,55.98,115.343626,35.523025,1061.49,0.00554641
2001,120,2,111.95,115.344087,35.523294,448.52,0.00579106
2001,121,0,0.00,115.343009,35.523025,328.91,-0.00867752
2001,121,1,34.26,115.342770,35.523264,313.96,-0.00879420
2001,121,2,68.52,115.342739,35.523564,269.11,-0.00891087
2001,122,0,0.00,115.345434,35.523294,433.57,0.00000000
2001,122,1,19.31,115.345299,35.523159,403.66,0.00000000
2001,122,2,38.62,115.345165,35.523025,448.52,0.00000000
2001,123,0,0.00,115.345165,35.523025,672.77,-0.00530177
2001,123,1,55.98,115.344548,35.523025,403.66,-0.00554641
2001,123,2,111.95,115.344087,35.523294,358.81,-0.00579106
2001,124,0,0.00,115.345434,35.523294,717.63,-0.00867752
2001,124,1,34.26,115.345195,35.523533,388.71,-0.00879419
2001,124,2,68.52,115.345165,35.523833,254.16,-0.00891086
2001,125,0,0.00,115.345434,35.523294,762.48,-0.00870401
2001,125,1,63.06,115.345973,35.523564,493.37,-0.00870401
2001,125,2,126.13,115.346512,35.523294,313.96,-0.00870401
2001,126,0,0.00,115.346782,35.522216,1001.69,0.00530412
2001,126,1,90.24,115.347708,35.522334,134.55,0.00528537
2001,126,2,180.47,115.348129,35.523025,373.76,0.00526661
2001,127,0,0.00,115.346782,35.522216,299.01,0.00246177
2001,127,1,64.16,115.346751,35.522785,433.57,0.00251905
2001,127,2,128.32,115.346512,35.523294,448.52,0.00257634
2001,128,0,0.00,115.348129,35.523025,433.57,0.00445543
2001,128,1,68.52,115.348068,35.523624,269.11,0.00439710
2001,128,2,137.04,115.347590,35.524102,239.21,0.00433876
2001,13,0,0.00,115.154632,35.426006,1629.61,0.00144128
2001,13,1,94.07,115.154632,35.426854,1106.34,0.00148458
2001,13,2,188.14,115.154363,35.427623,403.66,0.00152789
2001,130,0,0.00,115.344087,35.523294,313.96,0.00571922
2001,130,1,75.45,115.344356,35.523895,328.91,0.01254089
2001,130,2,150.90,115.343990,35.524275,732.58,0.01390734
2001,130,3,226.34,115.343365,35.523919,627.92,0.00422606
2001,130,4,301.79,115.342739,35.523564,837.23,-0.00000000
2001,132,0,0.00,115.342739,35.523564,702.67,-0.00462597
2001,132,1,86.85,115.342034,35.523460,538.22,-0.00545889
2001,132,2,173.71,115.341293,35.523833,478.42,-0.00625016
2001,132,3,260.56,115.340853,35.524398,388.71,-0.00460671
2001,132,4,347.41,115.340853,35.525180,224.26,-0.00300490
2001,134,0,0.00,115.342739,35.523564,239.21,-0.00287406
2001,134,1,95.51,115.342470,35.524346,358.81,-0.00213474
2001,134,2,191.03,115.342739,35.525128,269.11,0.00000000
2001,134,3,286.54,115.342739,35.525989,358.81,0.00139541
2001,136,0,0.00,115.346512,35.523294,269.11,-0.00204002
2001,136,1,70.15,115.347002,35.523784,284.06,-0.00213815
2001,136,2,140.31,115.347590,35.524102,687.72,-0.00223628
2001,137,0,0.00,115.347590,35.524102,747.53,-0.00000000
2001,137,1,68.52,115.347321,35.524641,328.91,-0.00000000
2001,137,2,137.04,115.347051,35.525180,343.86,-0.00000000
2001,139,0,0.00,115.340853,35.525180,299.01,-0.00315764
2001,139,1,78.49,115.340314,35.525731,269.11,-0.00326049
2001,139,2,156.97,115.340175,35.526398,224.26,-0.00171660
2001,139,3,235.46,115.340044,35.527067,224.26,-0.00006986
2001,14,0,0.00,115.154632,35.426006,358.81,-0.00868878
2001,14,1,63.11,115.154093,35.425737,239.21,-0.00868878
2001,14,2,126.22,115.153554,35.426006,373.76,-0.00868878
2001,140,0,0.00,115.340853,35.525180,1196.04,-0.00000000
2001,140,1,57.93,115.341257,35.525585,463.47,-0.00000000
2001,140,2,115.86,115.341661,35.525989,687.72,-0.00000000
2001,141,0,0.00,115.342739,35.525989,343.86,0.00206265
2001,141,1,92.64,115.343604,35.525719,523.27,0.00196507
2001,141,2,185.28,115.344626,35.525719,463.47,0.00186750
2001,142,0,0.00,115.342739,35.525989,209.31,0.00196785
2001,142,1,72.88,115.342439,35.526558,269.11,0.00191220
2001,142,2,145.76,115.341931,35.527067,209.31,0.00185655
2001,143,0,0.00,115.342739,35.525989,553.17,-0.00870440
2001,143,1,63.06,115.342200,35.525719,553.17,-0.00870440
2001,143,2,126.13,115.341661,35.525989,343.86,-0.00870440
2001,144,0,0.00,115.342739,35.525989,403.66,-0.00306325
2001,144,1,82.37,115.343314,35.526564,284.06,-0.00322406
2001,144,2,164.75,115.344087,35.526797,388.71,-0.00338486
2001,145,0,0.00,115.347051,35.525180,224.26,0.00163159
2001,145,1,88.45,115.347051,35.525978,508.32,0.00255914
2001,145,2,176.91,115.346782,35.526696,284.06,0.00259214
2001,145,3,265.36,115.346243,35.527336,239.21,0.00169759
2001,146,0,0.00,115.347051,35.525180,1046.54,0.00422942
2001,146,1,80.19,115.346167,35.525180,583.07,0.00020248
2001,146,2,160.39,115.345536,35.524744,358.81,-0.00784577
2001,146,3,240.58,115.345165,35.525154,194.36,-0.00586987
2001,146,4,320.78,115.344626,35.525719,299.01,0.00012734
2001,147,0,0.00,115.340044,35.527067,313.96,-0.00314585
2001,147,1,79.93,115.339505,35.527488,269.11,-0.00298343
2001,147,2,159.85,115.339236,35.528130,209.31,-0.00247597
2001,147,3,239.78,115.338966,35.528772,239.21,-0.00206852
2001,147,4,319.70,115.338966,35.529492,224.26,-0.00200611
2001,148,0,0.00,115.340044,35.527067,687.72,-0.00215951
2001,148,1,71.21,115.340541,35.527564,508.32,-0.00433779
2001,148,2,142.42,115.341146,35.527875,373.76,-0.00513774
2001,148,3,213.63,115.341931,35.527875,612.97,-0.00375940
2001,149,0,0.00,115.341661,35.525989,343.86,-0.00314201
2001,149,1,64.16,115.341661,35.526567,254.16,-0.00323598
2001,149,2,128.32,115.341931,35.527067,358.81,-0.00332994
2001,15,0,0.00,115.229013,35.421964,299.01,-0.00110984
2001,15,1,98.57,115.229590,35.422542,299.01,-0.00105668
2001,15,2,197.13,115.230377,35.423059,269.11,-0.00132495
2001,15,3,295.70,115.231163,35.423575,328.91,-0.00074608
2001,15,4,394.27,115.232089,35.423851,299.01,0.00048859
2001,15,5,492.84,115.232862,35.424389,328.91,0.00033587
2001,15,6,591.40,115.233719,35.424784,328.91,0.00006364
2001,15,7,689.97,115.234506,35.425301,313.96,-0.00016726
2001,15,8,788.54,115.235339,35.425737,299.01,-0.00049471
2001,15,9,887.10,115.236177,35.426164,284.06,0.00019715
2001,15,10,985.67,115.237042,35.426545,299.01,0.00006617
2001,15,11,1084.24,115.237815,35.427084,299.01,0.00018844
2001,15,12,1182.81,115.238733,35.427373,299.01,0.00078289
2001,15,13,1281.37,115.239421,35.428061,299.01,-0.00022259
2001,15,14,1379.94,115.240291,35.428432,299.01,0.00038549
2001,15,15,1478.51,115.241065,35.428971,269.11,0.00081341
2001,15,16,1577.08,115.241780,35.429611,254.16,-0.00046888
2001,15,17,1675.64,115.242566,35.430128,254.16,-0.00039895
2001,15,18,1774.21,115.243352,35.430644,269.11,-0.00004039
2001,15,19,1872.78,115.244139,35.431161,269.11,0.00000000
2001,15,20,1971.34,115.244932,35.431666,299.01,0.00008064
2001,15,21,2069.91,115.245711,35.432195,269.11,-0.00000000
2001,15,22,2168.48,115.246497,35.432712,328.91,-0.00004024
2001,15,23,2267.05,115.247284,35.433228,299.01,-0.00057747
2001,15,24,2365.61,115.248070,35.433745,343.86,-0.00117121
2001,15,25,2464.18,115.248955,35.434091,358.81,-0.00118747
2001,152,0,0.00,115.344626,35.525719,284.06,0.00502355
2001,152,1,77.24,115.344626,35.526258,433.57,0.00443624
2001,152,2,154.48,115.344087,35.526797,328.91,0.00384893
2001,153,0,0.00,115.341931,35.527067,239.21,-0.00647025
2001,153,1,53.57,115.341766,35.527441,254.16,-0.00604624
2001,153,2,107.14,115.341931,35.527875,328.91,-0.00562223
2001,155,0,0.00,115.344087,35.526797,493.37,-0.00000000
2001,155,1,49.21,115.343952,35.527202,239.21,-0.00000000
2001,155,2,98.42,115.343817,35.527606,224.26,-0.00000000
2001,157,0,0.00,115.346243,35.527336,463.47,-0.00000000
2001,157,1,96.55,115.345569,35.528010,328.91,-0.00000000
2001,157,2,193.10,115.344895,35.528684,269.11,-0.00000000
2001,158,0,0.00,115.346243,35.527336,284.06,-0.00000000
2001,158,1,38.62,115.345973,35.527067,164.46,-0.00000000
2001,158,2,77.24,115.345704,35.526797,149.51,-0.00000000
2001,159,0,0.00,115.338966,35.529492,284.06,-0.00360423
2001,159,1,86.63,115.338427,35.529974,224.26,-0.00427425
2001,159,2,173.27,115.338284,35.530713,179.41,-0.00347642
2001,159,3,259.90,115.338427,35.531379,209.31,-0.00200855
2001,16,0,0.00,115.229013,35.421964,1794.06,0.00000000
2001,16,1,77.28,115.229552,35.421425,1794.06,0.00000000
2001,16,2,154.56,115.230091,35.420886,553.17,0.00000000
2001,160,0,0.00,115.338966,35.529492,1794.06,0.00203995
2001,160,1,94.59,115.339853,35.529762,911.98,0.00200010
2001,160,2,189.18,115.340583,35.530301,598.02,0.00196026
2001,161,0,0.00,115.341931,35.527875,373.76,-0.00000000
2001,161,1,19.31,115.342066,35.528010,373.76,-0.00000000
2001,161,2,38.62,115.342200,35.528145,373.76,-0.00000000
2001,163,0,0.00,115.342200,35.528145,254.16,0.00891068
2001,163,1,34.26,115.342170,35.528445,254.16,0.00879403
2001,163,2,68.52,115.341931,35.528684,269.11,0.00867738
2001,164,0,0.00,115.342200,35.528145,478.42,0.01146350
2001,164,1,31.53,115.342519,35.528194,343.86,0.01106866
2001,164,2,63.06,115.342739,35.528414,418.61,0.01067382
2001,165,0,0.00,115.343817,35.527606,807.33,-0.00223634
2001,165,1,70.15,115.343229,35.527925,373.76,-0.00213821
2001,165,2,140.30,115.342739,35.528414,269.11,-0.00204007
2001,166,0,0.00,115.343817,35.527606,284.06,-0.00278485
2001,166,1,85.10,115.344202,35.528261,373.76,-0.00282392
2001,166,2,170.20,115.344895,35.528684,493.37,-0.00286300
2001,168,0,0.00,115.344895,35.528684,254.16,0.00253830
2001,168,1,97.32,115.344356,35.529404,239.21,0.00269838
2001,168,2,194.64,115.343548,35.529762,343.86,0.00285846
2001,169,0,0.00,115.338427,35.531379,867.13,-0.00337188
2001,169,1,99.72,115.339527,35.531379,358.81,-0.00349689
2001,169,2,199.45,115.340314,35.530840,373.76,-0.00362191
2001,17,0,0.00,115.153554,35.426006,1539.90,0.00000000
2001,17,1,44.85,115.153554,35.426411,1435.25,0.00000000
2001,17,2,89.70,115.153554,35.426815,1076.44,0.00000000
2001,170,0,0.00,115.338427,35.531379,209.31,-0.00332973
2001,170,1,64.16,115.338158,35.531879,209.31,-0.00323578
2001,170,2,128.32,115.338158,35.532457,299.01,-0.00314183
2001,171,0,0.00,115.340583,35.530301,269.11,-0.00867732
2001,171,1,34.26,115.340344,35.530540,224.26,-0.00879396
2001,171,2,68.52,115.340314,35.530840,179.41,-0.00891060
2001,172,0,0.00,115.340583,35.530301,358.81,-0.01067405
2001,172,1,31.53,115.340803,35.530521,642.87,-0.01106892
2001,172,2,63.06,115.341122,35.530570,463.47,-0.01146379
2001,173,0,0.00,115.342739,35.528414,254.16,-0.00434557
2001,173,1,95.69,115.342781,35.529265,284.06,-0.00449353
2001,173,2,191.38,115.343548,35.529762,299.01,-0.00464150
2001,174,0,0.00,115.343548,35.529762,254.16,0.00254831
2001,174,1,91.36,115.343548,35.530585,209.31,0.00319762
2001,174,2,182.72,115.343107,35.531280,269.11,0.00247631
2001,174,3,274.08,115.342470,35.531918,269.11,0.00110571
2001,177,0,0.00,115.340314,35.530840,433.57,-0.00000000
2001,177,1,77.24,115.340853,35.531379,493.37,-0.00000000
2001,177,2,154.48,115.341392,35.531918,523.27,-0.00000000
2001,178,0,0.00,115.338158,35.532457,269.11,-0.00433863
2001,178,1,68.52,115.337680,35.532935,254.16,-0.00439694
2001,178,2,137.04,115.337619,35.533535,284.06,-0.00445526
2001,179,0,0.00,115.338158,35.532457,1794.06,-0.00000000
2001,179,1,99.72,115.339101,35.532726,941.88,-0.00000000
2001,179,2,199.44,115.340044,35.532996,523.27,-0.00000000
2001,18,0,0.00,115.153554,35.426006,328.91,-0.00603271
2001,18,1,75.35,115.152880,35.425737,269.11,-0.00603271
2001,18,2,150.70,115.152207,35.426006,418.61,-0.00603271
2001,180,0,0.00,115.342470,35.531918,254.16,0.00139383
2001,180,1,93.09,115.342470,35.532757,269.11,0.00197979
2001,180,2,186.18,115.342214,35.533521,299.01,0.00182484
2001,180,3,279.27,115.341773,35.534232,284.06,0.00170081
2001,180,4,372.36,115.341332,35.534942,284.06,0.00234735
2001,180,5,465.46,115.340583,35.535421,269.11,0.00237699
2001,181,0,0.00,115.342470,35.531918,568.12,0.01146397
2001,181,1,31.53,115.342151,35.531868,209.31,0.01106908
2001,181,2,63.06,115.341931,35.531648,448.52,0.01067419
2001,182,0,0.00,115.341392,35.531918,433.57,-0.01146397
2001,182,1,31.53,115.341711,35.531868,388.71,-0.01106908
2001,182,2,63.06,115.341931,35.531648,269.11,-0.01067419
2001,183,0,0.00,115.341392,35.531918,224.26,0.00325598
2001,183,1,97.32,115.340921,35.532658,284.06,0.00334417
2001,183,2,194.64,115.340044,35.532996,388.71,0.00343236
2001,184,0,0.00,115.337619,35.533535,269.11,-0.00281499
2001,184,1,98.42,115.337080,35.534265,254.16,-0.00275890
2001,184,2,196.84,115.337080,35.535152,284.06,-0.00270281
2001,185,0,0.00,115.337619,35.533535,493.37,-0.00125833
2001,185,1,88.80,115.338239,35.534155,568.12,-0.00202853
2001,185,2,177.61,115.338957,35.534604,672.77,-0.00213285
2001,185,3,266.41,115.339775,35.534882,732.58,-0.00146698
2001,187,0,0.00,115.340044,35.532996,313.96,0.00221145
2001,187,1,78.49,115.340314,35.533625,299.01,0.00429320
2001,187,2,156.97,115.340314,35.534332,239.21,0.00534201
2001,187,3,235.46,115.339775,35.534882,284.06,0.00430907
2001,188,0,0.00,115.340583,35.535421,254.16,0.00354161
2001,188,1,71.94,115.340583,35.536070,224.26,0.00625590
2001,188,2,143.88,115.340205,35.536608,299.01,0.00724096
2001,188,3,215.82,115.339505,35.536769,493.37,0.00551173
2001,189,0,0.00,115.340583,35.535421,373.76,-0.00396073
2001,189,1,50.84,115.340229,35.535066,553.17,-0.00417511
2001,189,2,101.68,115.339775,35.534882,777.43,-0.00438949
2001,19,0,0.00,115.248955,35.434091,328.91,-0.00215984
2001,19,1,71.27,115.249452,35.434588,358.81,-0.00433323
2001,19,2,142.53,115.250057,35.434900,358.81,-0.00512876
2001,19,3,213.80,115.250842,35.434900,478.42,-0.00375090
2001,190,0,0.00,115.341931,35.531648,254.16,-0.00540579
2001,190,1,49.21,115.341931,35.531205,254.16,-0.00551797
2001,190,2,98.42,115.341661,35.530840,328.91,-0.00563016
2001,191,0,0.00,115.337080,35.535152,1360.50,0.00321863
2001,191,1,99.72,115.338172,35.535165,852.18,0.00333261
2001,191,2,199.44,115.338966,35.535691,493.37,0.00344658
2001,192,0,0.00,115.337080,35.535152,299.01,-0.00867718
2001,192,1,34.26,115.336841,35.535391,239.21,-0.00879380
2001,192,2,68.52,115.336810,35.535691,254.16,-0.00891042
2001,194,0,0.00,115.339775,35.534882,269.11,0.00000000
2001,194,1,57.93,115.339371,35.535287,269.11,0.00000000
2001,194,2,115.85,115.338966,35.535691,284.06,0.00000000
2001,195,0,0.00,115.339505,35.536769,239.21,0.00082466
2001,195,1,93.61,115.339236,35.537534,269.11,0.00236922
2001,195,2,187.22,115.338825,35.538258,284.06,0.00406246
2001,195,3,280.83,115.338023,35.538655,747.53,0.00260070
2001,195,4,374.44,115.337147,35.538925,747.53,0.00049513
2001,195,5,468.04,115.336271,35.539194,762.48,-0.00000000
2001,196,0,0.00,115.339505,35.536769,941.88,-0.00000000
2001,196,1,38.62,115.339236,35.536499,493.37,-0.00000000
2001,196,2,77.24,115.338966,35.536230,358.81,-0.00000000
2001,197,0,0.00,115.338966,35.535691,418.61,0.01774425
2001,197,1,38.62,115.339236,35.535960,299.01,0.01774425
2001,197,2,77.24,115.338966,35.536230,239.21,0.01774425
2001,199,0,0.00,115.336810,35.535691,313.96,-0.00454060
2001,199,1,87.86,115.336271,35.536184,269.11,-0.00332306
2001,199,2,175.72,115.336271,35.536976,254.16,-0.00105276
2001,199,3,263.58,115.336002,35.537689,538.22,-0.00165391
2001,199,4,351.44,115.336002,35.538481,568.12,-0.00253147
2001,199,5,439.30,115.336271,35.539194,568.12,-0.00175512
2001,2,0,0.00,115.210417,35.409028,403.66,-0.00000000
2001,2,1,63.12,115.209878,35.408759,493.37,-0.00000000
2001,2,2,126.24,115.209339,35.408489,717.63,-0.00000000
2001,20,0,0.00,115.248955,35.434091,1794.06,0.00078853
2001,20,1,84.31,115.249543,35.433503,1390.40,0.00456365
2001,20,2,168.61,115.250188,35.433013,433.57,0.01154086
2001,20,3,252.92,115.250842,35.433380,448.52,0.01000066
2001,20,4,337.22,115.250842,35.434140,627.92,0.00262918
2001,20,5,421.53,115.250842,35.434900,612.97,0.00000000
2001,200,0,0.00,115.336810,35.535691,837.23,0.00223646
2001,200,1,70.15,115.337399,35.536010,493.37,0.00213831
2001,200,2,140.29,115.337888,35.536499,433.57,0.00204016
2001,201,0,0.00,115.336271,35.539194,478.42,0.00116121
2001,201,1,93.68,115.336244,35.540030,433.57,0.00126919
2001,201,2,187.37,115.336002,35.540804,388.71,0.00076911
2001,201,3,281.05,115.335732,35.541570,373.76,0.00008053
2001,201,4,374.74,115.335463,35.542336,328.91,0.00078315
2001,201,5,468.42,115.335193,35.543102,358.81,0.00000000
2001,201,6,562.11,115.334654,35.543789,343.86,-0.00245036
2001,201,7,655.79,115.334654,35.544634,328.91,-0.00222022
2001,201,8,749.48,115.334720,35.545459,254.16,0.00035829
2001,201,9,843.16,115.334924,35.546244,194.36,0.00222022
2001,201,10,936.85,115.334654,35.547010,313.96,0.00261785
2001,204,0,0.00,115.338966,35.536230,299.01,0.00579280
2001,204,1,55.97,115.338506,35.536499,388.71,0.00554805
2001,204,2,111.94,115.337888,35.536499,852.18,0.00530330
2001,207,0,0.00,115.334654,35.547010,1136.24,0.00000000
2001,207,1,48.87,115.334115,35.547010,777.43,0.00000000
2001,207,2,97.75,115.333576,35.547010,463.47,0.00000000
2001,208,0,0.00,115.334654,35.547010,179.41,0.00062349
2001,208,1,98.41,115.335193,35.547739,224.26,0.00046980
2001,208,2,196.82,115.335611,35.548505,239.21,-0.00053009
2001,208,3,295.23,115.336089,35.549252,254.16,-0.00068815
2001,208,4,393.64,115.336776,35.549939,209.31,0.00000000
2001,208,5,492.05,115.337254,35.550687,284.06,-0.00050407
2001,208,6,590.45,115.337941,35.551374,284.06,-0.00050407
2001,208,7,688.86,115.338627,35.552061,269.11,0.00050407
2001,208,8,787.27,115.339314,35.552747,313.96,0.00050407
2001,208,9,885.68,115.339792,35.553495,269.11,-0.00050407
2001,208,10,984.09,115.340479,35.554182,313.96,-0.00101408
2001,208,11,1082.50,115.341166,35.554869,358.81,-0.00051001
2001,208,12,1180.91,115.341952,35.555385,358.81,0.00101408
2001,208,13,1279.32,115.342639,35.556072,343.86,0.00051001
2001,208,14,1377.73,115.343117,35.556820,358.81,-0.00044107
2001,208,15,1476.14,115.343903,35.557336,358.81,0.00035445
2001,208,16,1574.55,115.344356,35.558091,343.86,-0.00068151
2001,208,17,1672.95,115.344994,35.558598,388.71,-0.00067174
2001,208,18,1771.36,115.345744,35.559177,373.76,-0.00044067
2001,208,19,1869.77,115.346431,35.559864,418.61,-0.00084060
2001,208,20,1968.18,115.347315,35.560210,403.66,0.00105918
2001,208,21,2066.59,115.347893,35.560787,403.66,0.00064787
2001,208,22,2165.00,115.348579,35.561473,403.66,-0.00105918
2001,208,23,2263.41,115.349365,35.561990,448.52,-0.00004291
2001,208,24,2361.82,115.350151,35.562506,418.61,0.00054917
2001,208,25,2460.23,115.350846,35.563179,478.42,-0.00046074
2001,208,26,2558.64,115.351624,35.563709,448.52,-0.00037059
2001,208,27,2657.04,115.352409,35.564226,463.47,0.00050365
2001,208,28,2755.45,115.353164,35.564796,463.47,0.00019966
2001,208,29,2853.86,115.353882,35.565429,493.37,-0.00071036
2001,208,30,2952.27,115.354668,35.565945,508.32,-0.00046334
2001,208,31,3050.68,115.355482,35.566413,478.42,-0.00025176
2001,208,32,3149.09,115.356254,35.566952,508.32,-0.00040573
2001,208,33,3247.50,115.357124,35.567323,523.27,0.00041294
2001,208,34,3345.91,115.357910,35.567840,523.27,0.00049082
2001,208,35,3444.32,115.358696,35.568356,493.37,-0.00003703
2001,208,36,3542.73,115.359482,35.568872,478.42,-0.00057893
2001,208,37,3641.14,115.360274,35.569378,448.52,-0.00050342
2001,208,38,3739.54,115.361152,35.569735,433.57,0.00057893
2001,208,39,3837.95,115.361938,35.570251,478.42,-0.00003848
2001,208,40,3936.36,115.362724,35.570767,433.57,-0.00117421
2001,208,41,4034.77,115.363609,35.571113,358.81,-0.00153572
2001,208,42,4133.18,115.364494,35.571459,343.86,-0.00287797
2001,208,43,4231.59,115.365536,35.571534,373.76,-0.00215084
2001,208,44,4330.00,115.366465,35.571264,299.01,-0.00021331
2001,208,45,4428.41,115.367550,35.571264,209.31,-0.00148090
2001,208,46,4526.82,115.368479,35.570995,179.41,-0.00185139
2001,208,47,4625.23,115.369313,35.570561,194.36,-0.00055666
2001,208,48,4723.64,115.370181,35.570186,239.21,-0.00066646
2001,208,49,4822.04,115.370984,35.569699,239.21,0.00000473
2001,208,50,4920.45,115.371770,35.569183,269.11,0.00048030
2001,208,51,5018.86,115.372655,35.568839,299.01,-0.00000945
2001,208,52,5117.27,115.373440,35.568321,328.91,-0.00000000
2001,208,53,5215.68,115.374325,35.567975,343.86,-0.00057421
2001,208,54,5314.09,115.375111,35.567459,403.66,-0.00057893
2001,208,55,5412.50,115.375897,35.566942,418.61,0.00057893
2001,208,56,5510.91,115.376683,35.566426,388.71,0.00057893
2001,208,57,5609.32,115.377567,35.566080,403.66,-0.00057893
2001,208,58,5707.73,115.378353,35.565564,448.52,-0.00057893
2001,208,59,5806.13,115.379139,35.565048,403.66,0.00176995
2001,208,60,5904.54,115.379925,35.564531,373.76,0.00341367
2001,208,61,6002.95,115.381007,35.564527,478.42,0.00328744
2001,209,0,0.00,115.381007,35.564527,448.52,0.00108932
2001,209,1,99.38,115.381591,35.563943,403.66,0.00108073
2001,209,2,198.77,115.382384,35.563420,418.61,0.00164361
2001,209,3,298.15,115.383184,35.562910,388.71,0.00106222
2001,209,4,397.54,115.384167,35.562714,343.86,-0.00060718
2001,209,5,496.92,115.384960,35.562191,358.81,-0.00053806
2001,209,6,596.30,115.385847,35.561832,343.86,0.00004763
2001,209,7,695.69,115.386644,35.561316,299.01,-0.00000000
2001,209,8,795.07,115.387536,35.560963,284.06,-0.00049807
2001,209,9,894.46,115.388328,35.560440,284.06,0.00000000
2001,209,10,993.84,115.389137,35.559945,299.01,0.00095985
2001,209,11,1093.22,115.390012,35.559564,299.01,0.00116782
2001,209,12,1192.61,115.390904,35.559212,269.11,0.00131687
2001,209,13,1291.99,115.391894,35.559030,284.06,0.00236625
2001,209,14,1391.37,115.392896,35.558867,358.81,0.00415704
2001,209,15,1490.76,115.393777,35.559240,239.21,0.00456260
2001,209,16,1590.14,115.394482,35.559788,194.36,0.00347006
2001,209,17,1689.53,115.394752,35.560605,269.11,0.00133289
2001,209,18,1788.91,115.395021,35.561423,239.21,0.00000000
2001,209,19,1888.29,115.395291,35.562240,269.11,0.00000000
2001,209,20,1987.68,115.395560,35.563057,299.01,0.00000000
2001,209,21,2087.06,115.395830,35.563874,343.86,-0.00069586
2001,209,22,2186.45,115.396099,35.564691,358.81,-0.00000000
2001,209,23,2285.83,115.396638,35.565430,343.86,0.00202006
2001,209,24,2385.21,115.396638,35.566326,358.81,0.00132420
2001,209,25,2484.60,115.396638,35.567222,313.96,0.00000000
2001,21,0,0.00,115.230091,35.420886,373.76,0.00000000
2001,21,1,12.24,115.230225,35.420886,373.76,0.00000000
2001,21,2,24.48,115.230360,35.420886,373.76,0.00000000
2001,210,0,0.00,115.381007,35.564527,1524.95,0.00258602
2001,210,1,72.67,115.381277,35.565103,956.83,0.00251039
2001,210,2,145.34,115.381277,35.565758,732.58,0.00121738
2001,210,3,218.02,115.381277,35.566413,642.87,0.00000000
2001,211,0,0.00,115.396638,35.567222,358.81,0.00209942
2001,211,1,97.12,115.397177,35.567798,328.91,0.00249568
2001,211,2,194.25,115.397447,35.568595,388.71,0.00091981
2001,211,3,291.37,115.397519,35.569450,388.71,-0.00106026
2001,211,4,388.49,115.397986,35.570189,388.71,0.00059686
2001,211,5,485.62,115.398255,35.570986,358.81,0.00115446
2001,211,6,582.74,115.398300,35.571848,373.76,-0.00054842
2001,211,7,679.87,115.398561,35.572648,388.71,-0.00057191
2001,211,8,776.99,115.398821,35.573447,388.71,0.00002419
2001,211,9,874.11,115.399082,35.574246,343.86,-0.00000000
2001,211,10,971.24,115.399333,35.575049,358.81,-0.00007263
2001,211,11,1068.36,115.399603,35.575845,343.86,-0.00009688
2001,212,0,0.00,115.396638,35.567222,612.97,0.00000000
2001,212,1,19.31,115.396503,35.567356,612.97,0.00000000
2001,212,2,38.61,115.396369,35.567491,553.17,0.00000000
2001,213,0,0.00,115.399603,35.575845,373.76,0.00000000
2001,213,1,79.11,115.399603,35.576558,299.01,-0.00073422
2001,213,2,158.21,115.399603,35.577271,343.86,-0.00211106
2001,213,3,237.32,115.399798,35.577927,373.76,-0.00197916
2001,213,4,316.43,115.400142,35.578540,418.61,-0.00120462
2001,214,0,0.00,115.399603,35.575845,1734.26,0.00000000
2001,214,1,97.71,115.400681,35.575845,1315.65,0.00000000
2001,214,2,195.42,115.401759,35.575845,792.38,0.00000000
2001,215,0,0.00,115.400142,35.578540,388.71,0.00112731
2001,215,1,96.23,115.400396,35.579334,388.71,0.00060392
2001,215,2,192.47,115.400441,35.580188,373.76,-0.00056365
2001,215,3,288.70,115.400681,35.580985,388.71,0.00004014
2001,215,4,384.93,115.400950,35.581774,388.71,0.00056365
2001,215,5,481.17,115.400950,35.582642,388.71,-0.00072735
2001,215,6,577.40,115.401250,35.583422,358.81,-0.00056365
2001,215,7,673.63,115.401489,35.584219,388.71,0.00060655
2001,215,8,769.86,115.401759,35.585008,388.71,0.00056365
2001,215,9,866.10,115.401804,35.585862,403.66,-0.00052326
2001,215,10,962.33,115.402058,35.586656,388.71,-0.00056365
2001,215,11,1058.56,115.402313,35.587449,388.71,-0.00004162
2001,215,12,1154.80,115.402567,35.588242,358.81,0.00064406
2001,215,13,1251.03,115.402837,35.589031,388.71,0.00068568
2001,215,14,1347.26,115.402837,35.589898,358.81,-0.00016131
2001,215,15,1443.50,115.403106,35.590687,328.91,-0.00012080
2001,215,16,1539.73,115.403167,35.591537,358.81,-0.00039969
2001,215,17,1635.96,115.403421,35.592330,358.81,0.00004039
2001,215,18,1732.19,115.403645,35.593132,328.91,0.00039969
2001,215,19,1828.43,115.403721,35.593978,358.81,-0.00117992
2001,215,20,1924.66,115.403975,35.594771,358.81,-0.00105715
2001,215,21,2020.89,115.404454,35.595499,403.66,0.00126033
2001,215,22,2117.13,115.404693,35.596297,373.76,0.00113805
2001,215,23,2213.36,115.404723,35.597155,388.71,-0.00072735
2001,215,24,2309.59,115.404992,35.597944,358.81,-0.00129388
2001,216,0,0.00,115.400142,35.578540,762.48,-0.00117388
2001,216,1,95.33,115.400906,35.578046,642.87,-0.00166868
2001,216,2,190.66,115.401571,35.577380,508.32,-0.00164761
2001,216,3,285.99,115.402028,35.576654,403.66,-0.00113176
2001,217,0,0.00,115.404992,35.597944,1704.36,0.00000000
2001,217,1,12.21,115.405127,35.597944,1465.15,0.00000000
2001,217,2,24.42,115.405262,35.597944,1465.15,0.00000000
2001,218,0,0.00,115.404992,35.597944,388.71,-0.00135590
2001,218,1,99.57,115.404723,35.598763,328.91,-0.00195880
2001,218,2,199.14,115.404723,35.599660,269.11,-0.00166498
2001,218,3,298.71,115.404992,35.600479,254.16,0.00000000
2001,218,4,398.28,115.405146,35.601332,254.16,0.00019338
2001,218,5,497.85,115.405262,35.602196,209.31,-0.00000000
2001,218,6,597.42,115.405493,35.603026,239.21,0.00009574
2001,218,7,696.99,115.405531,35.603912,179.41,0.00000000
2001,218,8,796.56,115.405801,35.604731,239.21,0.00009502
2001,218,9,896.13,115.405801,35.605628,209.31,-0.00000000
2001,218,10,995.70,115.406070,35.606447,209.31,0.00000000
2001,218,11,1095.27,115.406070,35.607345,239.21,-0.00013012
2001,218,12,1194.84,115.406340,35.608164,209.31,-0.00067795
2001,218,13,1294.41,115.406393,35.609046,254.16,-0.00165908
2001,218,14,1393.98,115.406879,35.609802,239.21,-0.00222249
2001,219,0,0.00,115.406879,35.609802,269.11,0.00000000
2001,219,1,95.50,115.406879,35.610663,269.11,-0.00143561
2001,219,2,191.01,115.406879,35.611523,284.06,-0.00292557
2001,219,3,286.51,115.407418,35.612227,299.01,-0.00297994
2001,22,0,0.00,115.230091,35.420886,358.81,-0.00000000
2001,22,1,38.64,115.229821,35.420617,373.76,-0.00000000
2001,22,2,77.28,115.229552,35.420347,299.01,-0.00000000
2001,220,0,0.00,115.406879,35.609802,642.87,-0.00000000
2001,220,1,63.02,115.407418,35.609532,642.87,-0.00000000
2001,220,2,126.04,115.407957,35.609263,553.17,-0.00000000
2001,221,0,0.00,115.407418,35.612227,254.16,0.00000000
2001,221,1,95.68,115.407418,35.613090,269.11,0.00000000
2001,221,2,191.37,115.407418,35.613952,239.21,0.00000000
2001,221,3,287.05,115.407418,35.614814,299.01,0.00000000
2001,221,4,382.73,115.407418,35.615677,269.11,0.00000000
2001,221,5,478.41,115.407418,35.616539,299.01,0.00000000
2001,222,0,0.00,115.407418,35.612227,867.13,0.00277744
2001,222,1,80.34,115.408148,35.611958,1794.06,0.00264165
2001,222,2,160.69,115.409035,35.611958,612.97,0.00250587
2001,223,0,0.00,115.407418,35.616539,1794.06,-0.00176338
2001,223,1,95.26,115.406366,35.616539,1121.29,-0.00348689
2001,223,2,190.52,115.405472,35.616809,612.97,-0.00571723
2001,223,3,285.77,115.404992,35.617418,373.76,-0.00405740
2001,223,4,381.03,115.404900,35.618249,328.91,-0.00189691
2001,223,5,476.29,115.404723,35.619056,328.91,-0.00214370
2001,223,6,571.55,115.404992,35.619836,343.86,0.00025090
2001,223,7,666.81,115.405262,35.620617,343.86,0.00214370
2001,223,8,762.07,115.404992,35.621397,328.91,0.00000000
2001,223,9,857.32,115.404992,35.622255,403.66,-0.00214370
2001,223,10,952.58,115.404992,35.623114,388.71,-0.00294026
2001,223,11,1047.84,115.405531,35.623815,583.07,-0.00299443
2001,224,0,0.00,115.407418,35.616539,284.06,0.00205021
2001,224,1,94.05,115.407866,35.617256,313.96,0.00178719
2001,224,2,188.11,115.407957,35.618078,328.91,0.00076208
2001,224,3,282.16,115.408135,35.618873,328.91,0.00048219
2001,224,4,376.21,115.408226,35.619695,328.91,0.00071904
2001,224,5,470.27,115.408226,35.620542,343.86,0.00023685
2001,224,6,564.32,115.408226,35.621390,418.61,0.00000000
2001,225,0,0.00,115.405531,35.623815,418.61,0.00000000
2001,225,1,44.85,115.405531,35.624220,373.76,0.00000000
2001,225,2,89.70,115.405531,35.624624,373.76,0.00000000
2001,226,0,0.00,115.405531,35.623815,717.63,0.01347669
2001,226,1,50.81,115.405936,35.623546,164.46,0.01347669
2001,226,2,101.62,115.406340,35.623815,568.12,0.01347669
2001,227,0,0.00,115.408226,35.621390,1794.06,-0.00108796
2001,227,1,98.45,115.407140,35.621390,1794.06,-0.00524795
2001,227,2,196.90,115.406158,35.621572,433.57,-0.01003823
2001,227,3,295.36,115.406461,35.622320,463.47,-0.00620690
2001,227,4,393.81,115.407148,35.623007,493.37,-0.00174529
2001,228,0,0.00,115.408226,35.621390,373.76,0.00270039
2001,228,1,98.40,115.408496,35.622199,403.66,0.00270039
2001,228,2,196.81,115.408226,35.623007,433.57,0.00270039
2001,229,0,0.00,115.405531,35.624624,418.61,-0.00810661
2001,229,1,73.62,115.406244,35.624451,657.82,-0.00786652
2001,229,2,147.23,115.406340,35.623815,418.61,-0.00762644
2001,23,0,0.00,115.152207,35.426006,1420.30,0.00000000
2001,23,1,29.90,115.152207,35.426276,1315.65,0.00000000
2001,23,2,59.80,115.152207,35.426545,882.08,0.00000000
2001,230,0,0.00,115.405531,35.624624,642.87,-0.00867466
2001,230,1,34.25,115.405292,35.624863,433.57,-0.00879087
2001,230,2,68.50,115.405262,35.625163,373.76,-0.00890708
2001,232,0,0.00,115.406340,35.623815,822.28,-0.00488860
2001,232,1,65.76,115.406898,35.623527,568.12,-0.00480201
2001,232,2,131.52,115.407148,35.623007,463.47,-0.00471542
2001,234,0,0.00,115.407148,35.623007,1794.06,0.00000000
2001,234,1,48.83,115.407687,35.623007,1794.06,0.00000000
2001,234,2,97.65,115.408226,35.623007,1794.06,0.00000000
2001,236,0,0.00,115.408226,35.623007,493.37,0.00054187
2001,236,1,91.93,115.408496,35.623757,373.76,-0.00000000
2001,236,2,183.87,115.408675,35.624534,403.66,0.00026355
2001,236,3,275.80,115.409035,35.625258,388.71,0.00155169
2001,236,4,367.73,115.409035,35.626086,388.71,0.00101720
2001,236,5,459.66,115.409035,35.626915,388.71,0.00000000
2001,236,6,551.60,115.409035,35.627743,463.47,-0.00075314
2001,236,7,643.53,115.409035,35.628572,448.52,-0.00075314
2001,236,8,735.46,115.409304,35.629322,553.17,-0.00079855
2001,236,9,827.40,115.409304,35.630151,538.22,-0.00240101
2001,236,10,919.33,115.409843,35.630822,568.12,-0.00320491
2001,237,0,0.00,115.409574,35.631092,657.82,0.00000000
2001,237,1,19.30,115.409709,35.630957,687.72,0.00000000
2001,237,2,38.60,115.409843,35.630822,657.82,0.00000000
2001,238,0,0.00,115.409574,35.631092,627.92,0.00000000
2001,238,1,19.30,115.409709,35.631227,583.07,0.00000000
2001,238,2,38.60,115.409843,35.631361,598.02,0.00000000
2001,239,0,0.00,115.409574,35.631092,1794.06,0.00000000
2001,239,1,77.96,115.408713,35.631092,1794.06,-0.00133339
2001,239,2,155.93,115.407853,35.631092,1270.79,-0.00281172
2001,239,3,233.89,115.407148,35.631361,1031.59,-0.00295666
2001,24,0,0.00,115.152207,35.426006,358.81,-0.00571085
2001,24,1,75.35,115.151681,35.425481,358.81,-0.00573911
2001,24,2,150.70,115.150859,35.425467,299.01,-0.00576738
2001,240,0,0.00,115.409843,35.631361,1794.06,0.00000000
2001,240,1,79.34,115.410719,35.631361,1794.06,0.00000000
2001,240,2,158.67,115.411595,35.631361,1285.75,0.00000000
2001,240,3,238.01,115.412471,35.631361,762.48,0.00000000
2001,240,4,317.35,115.413347,35.631361,328.91,0.00000000
2001,241,0,0.00,115.409843,35.630822,657.82,-0.00000000
2001,241,1,77.20,115.410382,35.630283,672.77,-0.00000000
2001,241,2,154.40,115.410921,35.629744,702.67,-0.00000000
2001,242,0,0.00,115.409843,35.631361,568.12,-0.00264009
2001,242,1,94.92,115.409574,35.632138,508.32,-0.00215881
2001,242,2,189.84,115.409795,35.632930,478.42,-0.00025629
2001,242,3,284.77,115.409843,35.633771,478.42,-0.00000000
2001,242,4,379.69,115.409843,35.634627,493.37,-0.00133013
2001,242,5,474.61,115.410113,35.635404,538.22,-0.00149532
2001,243,0,0.00,115.413347,35.631361,702.67,0.00000000
2001,243,1,80.81,115.413347,35.630633,538.22,-0.00224672
2001,243,2,161.61,115.413347,35.629905,553.17,-0.00493209
2001,243,3,242.42,115.412808,35.629475,747.53,-0.00537073
2001,244,0,0.00,115.413347,35.631361,523.27,-0.00154852
2001,244,1,94.16,115.413616,35.632132,508.32,-0.00077426
2001,244,2,188.32,115.414155,35.632823,523.27,0.00153439
2001,244,3,282.48,115.414425,35.633594,478.42,0.00372899
2001,244,4,376.65,115.414425,35.634442,568.12,0.00372518
2001,244,5,470.81,115.413886,35.635134,777.43,0.00306117
2001,245,0,0.00,115.410921,35.629744,1644.56,-0.00187201
2001,245,1,92.54,115.411943,35.629744,598.02,-0.00197000
2001,245,2,185.07,115.412808,35.629475,448.52,-0.00206799
2001,246,0,0.00,115.410921,35.629744,538.22,0.00484558
2001,246,1,68.25,115.411189,35.629207,687.72,0.00690794
2001,246,2,136.50,115.411785,35.628936,612.97,0.00625397
2001,246,3,204.75,115.412538,35.628936,493.37,0.00353764
2001,247,0,0.00,115.410113,35.635404,508.32,0.00000000
2001,247,1,97.96,115.410113,35.636287,508.32,0.00000000
2001,247,2,195.91,115.410113,35.637169,523.27,-0.00066175
2001,247,3,293.87,115.410113,35.638052,523.27,-0.00066175
2001,247,4,391.82,115.410382,35.638857,523.27,0.00000000
2001,247,5,489.78,115.410382,35.639740,553.17,-0.00018723
2001,247,6,587.74,115.410652,35.640544,568.12,-0.00000000
2001,247,7,685.69,115.410725,35.641406,568.12,-0.00032077
2001,247,8,783.65,115.410921,35.642232,717.63,-0.00070076
2001,247,9,881.61,115.411191,35.643036,672.77,-0.00090826
2001,247,10,979.56,115.411460,35.643840,672.77,-0.00141829
2001,247,11,1077.52,115.411999,35.644567,687.72,-0.00140558
2001,248,0,0.00,115.410113,35.635404,867.13,0.00388688
2001,248,1,96.08,115.410860,35.634865,1794.06,0.00410569
2001,248,2,192.15,115.411921,35.634865,1569.81,0.00268827
2001,248,3,288.23,115.412918,35.634975,941.88,0.00069629
2001,248,4,384.31,115.413886,35.635134,583.07,0.00034054
2001,249,0,0.00,115.412808,35.629475,523.27,-0.00890692
2001,249,1,34.25,115.412777,35.629175,598.02,-0.00879073
2001,249,2,68.50,115.412538,35.628936,777.43,-0.00867454
2001,252,0,0.00,115.413886,35.635134,553.17,0.00052355
2001,252,1,94.42,115.414336,35.635854,553.17,0.00154271
2001,252,2,188.85,115.414694,35.636601,523.27,0.00152566
2001,252,3,283.27,115.414694,35.637452,523.27,-0.00051102
2001,252,4,377.69,115.414964,35.638225,538.22,-0.00075573
2001,252,5,472.12,115.415233,35.638997,568.12,0.00075573
2001,252,6,566.54,115.415503,35.639770,553.17,0.00231233
2001,252,7,660.96,115.415503,35.640621,568.12,0.00283464
2001,252,8,755.39,115.415186,35.641380,657.82,0.00278174
2001,252,9,849.81,115.414735,35.642100,926.93,0.00205831
2001,252,10,944.23,115.413977,35.642589,986.73,-0.00000000
2001,252,11,1038.65,115.413318,35.643248,867.13,-0.00055461
2001,252,12,1133.08,115.412659,35.643907,867.13,-0.00000000
2001,252,13,1227.50,115.411999,35.644567,837.23,-0.00000000
2001,254,0,0.00,115.412538,35.628936,687.72,-0.00488112
2001,254,1,89.51,115.413077,35.628286,463.47,-0.00234126
2001,254,2,179.01,115.412808,35.627558,433.57,0.00310184
2001,254,3,268.52,115.413347,35.627049,598.02,0.00600508
2001,255,0,0.00,115.411999,35.644567,598.02,0.00000000
2001,255,1,98.51,115.411999,35.645454,568.12,-0.00096851
2001,255,2,197.01,115.411999,35.646342,583.07,-0.00167312
2001,255,3,295.52,115.412393,35.647116,583.07,-0.00038216
2001,255,4,394.02,115.412663,35.647925,583.07,-0.00005424
2001,255,5,492.53,115.412933,35.648734,523.27,-0.00107896
2001,255,6,591.04,115.413347,35.649502,523.27,-0.00034251
2001,255,7,689.54,115.413886,35.650233,448.52,0.00037551
2001,255,8,788.05,115.414161,35.651040,433.57,-0.00090194
2001,255,9,886.55,115.414694,35.651773,373.76,-0.00129346
2001,255,10,985.06,115.415328,35.652477,358.81,-0.00050270
2001,255,11,1083.56,115.416016,35.653165,299.01,-0.00063559
2001,255,12,1182.07,115.416704,35.653852,239.21,-0.00132407
2001,255,13,1280.58,115.417491,35.654370,209.31,-0.00112511
2001,255,14,1379.08,115.418324,35.654807,149.51,-0.00144467
2001,255,15,1477.59,115.419164,35.655234,209.31,-0.00167256
2001,255,16,1576.09,115.420186,35.655346,239.21,0.00000000
2001,255,17,1674.60,115.421117,35.655616,269.11,-0.00036939
2001,255,18,1773.11,115.422048,35.655885,239.21,-0.00090696
2001,255,19,1871.61,115.423136,35.655885,269.11,-0.00000000
2001,255,20,1970.12,115.424067,35.656155,239.21,-0.00039185
2001,255,21,2068.62,115.425155,35.656155,299.01,0.00000000
2001,255,22,2167.13,115.426158,35.656300,328.91,0.00066650
2001,255,23,2265.64,115.427174,35.656424,358.81,-0.00000000
2001,255,24,2364.14,115.428129,35.656653,373.76,-0.00014278
2001,255,25,2462.65,115.429193,35.656694,418.61,0.00000000
2001,255,26,2561.15,115.430124,35.656963,418.61,-0.00095476
2001,255,27,2659.66,115.431212,35.656963,448.52,-0.00082289
2001,255,28,2758.16,115.432299,35.656963,448.52,0.00000000
2001,255,29,2856.67,115.433387,35.656963,448.52,0.00000000
2001,255,30,2955.18,115.434475,35.656963,448.52,0.00000000
2001,255,31,3053.68,115.435563,35.656963,448.52,0.00000000
2001,255,32,3152.19,115.436651,35.656963,448.52,0.00000000
2001,255,33,3250.69,115.437738,35.656963,448.52,0.00082289
2001,255,34,3349.20,115.438826,35.656963,478.42,0.00172985
2001,255,35,3447.71,115.439757,35.657233,448.52,0.00181392
2001,256,0,0.00,115.439757,35.657233,478.42,0.00000000
2001,256,1,94.21,115.440798,35.657233,418.61,0.00090206
2001,256,2,188.42,115.441838,35.657233,418.61,0.00189798
2001,256,3,282.63,115.442722,35.657502,403.66,0.00199183
2001,257,0,0.00,115.439757,35.657233,1794.06,0.00000000
2001,257,1,86.72,115.439757,35.658014,1794.06,-0.00136024
2001,257,2,173.44,115.439757,35.658796,1046.54,-0.00623294
2001,257,3,260.16,115.440162,35.659389,418.61,-0.00769655
2001,257,4,346.88,115.441120,35.659389,403.66,-0.00507850
2001,257,5,433.60,115.442078,35.659389,433.57,-0.00460000
2001,257,6,520.32,115.442722,35.658850,657.82,-0.00469071
2001,258,0,0.00,115.442722,35.657502,1794.06,0.00000000
2001,258,1,74.75,115.442722,35.658176,1794.06,0.00000000
2001,258,2,149.51,115.442722,35.658850,657.82,0.00000000
2001,259,0,0.00,115.442722,35.657502,433.57,0.00233049
2001,259,1,87.40,115.443530,35.657233,388.71,0.00443643
2001,259,2,174.80,115.444495,35.657233,418.61,0.00558376
2001,259,3,262.21,115.445147,35.657772,493.37,0.00462515
2001,26,0,0.00,115.250842,35.434900,418.61,-0.00108700
2001,26,1,95.43,115.251507,35.435565,388.71,-0.00054350
2001,26,2,190.87,115.252272,35.436060,418.61,-0.00058618
2001,26,3,286.30,115.252937,35.436726,388.71,-0.00058618
2001,26,4,381.73,115.253801,35.437050,418.61,0.00032561
2001,26,5,477.16,115.254466,35.437716,403.66,-0.00000000
2001,26,6,572.60,115.255275,35.438134,448.52,-0.00001849
2001,26,7,668.03,115.255995,35.438706,433.57,0.00019228
2001,26,8,763.46,115.256753,35.439212,448.52,-0.00096484
2001,26,9,858.89,115.257492,35.439751,448.52,-0.00185192
2001,26,10,954.33,115.258387,35.440020,433.57,-0.00200384
2001,261,0,0.00,115.442722,35.658850,538.22,-0.00564163
2001,261,1,95.07,115.443458,35.659389,403.66,-0.00657718
2001,261,2,190.14,115.444347,35.659111,538.22,-0.00689831
2001,261,3,285.22,115.445110,35.658618,1091.39,-0.00533825
2001,261,4,380.29,115.445147,35.657772,1554.85,-0.00439262
2001,263,0,0.00,115.445147,35.657772,478.42,0.00311195
2001,263,1,95.21,115.446010,35.657557,403.66,0.00257060
2001,263,2,190.41,115.446937,35.657772,388.71,0.00088273
2001,263,3,285.62,115.447934,35.657864,343.86,-0.00044640
2001,263,4,380.82,115.448883,35.658041,328.91,-0.00052582
2001,263,5,476.03,115.449934,35.658041,299.01,0.00031450
2001,263,6,571.23,115.450920,35.658154,224.26,0.00254414
2001,263,7,666.44,115.451880,35.658311,239.21,0.00376365
2001,263,8,761.64,115.452547,35.658973,149.51,0.00120843
2001,263,9,856.85,115.453211,35.659638,164.46,-0.00112511
2001,263,10,952.05,115.453975,35.660132,209.31,-0.00058822
2001,263,11,1047.26,115.454739,35.660626,224.26,0.00058822
2001,263,12,1142.46,115.455503,35.661121,299.01,0.00058822
2001,263,13,1237.67,115.456168,35.661786,328.91,-0.00000000
2001,263,14,1332.87,115.456932,35.662280,284.06,0.00054527
2001,263,15,1428.08,115.457597,35.662945,284.06,0.00054527
2001,263,16,1523.28,115.458261,35.663610,269.11,-0.00051230
2001,263,17,1618.49,115.458926,35.664274,328.91,-0.00094122
2001,263,18,1713.69,115.459684,35.664779,269.11,-0.00127814
2001,263,19,1808.90,115.460422,35.665318,299.01,-0.00185660
2001,263,20,1904.10,115.461317,35.665587,299.01,-0.00201475
2001,264,0,0.00,115.461317,35.665587,284.06,-0.00264319
2001,264,1,87.25,115.461717,35.666257,284.06,-0.00267961
2001,264,2,174.50,115.462426,35.666696,328.91,-0.00065167
2001,264,3,261.75,115.463134,35.667135,313.96,0.00000000
2001,264,4,349.00,115.463743,35.667744,328.91,-0.00221040
2001,264,5,436.25,115.464551,35.668013,299.01,-0.00300812
2001,265,0,0.00,115.461317,35.665587,1794.06,0.00172026
2001,265,1,76.19,115.461849,35.665055,1644.56,0.00128306
2001,265,2,152.38,115.462480,35.664693,777.43,0.00379456
2001,265,3,228.58,115.463058,35.664240,463.47,0.00748245
2001,265,4,304.77,115.463742,35.664509,299.01,0.00822163
2001,266,0,0.00,115.464551,35.668013,269.11,-0.00110741
2001,266,1,94.49,115.465211,35.668672,269.11,-0.00123006
2001,266,2,188.98,115.465970,35.669162,239.21,-0.00122765
2001,266,3,283.47,115.466741,35.669630,269.11,-0.00157393
2001,266,4,377.96,115.467587,35.669970,284.06,-0.00129049
2001,266,5,472.44,115.468515,35.670169,418.61,0.00000000
2001,266,6,566.93,115.469402,35.670438,433.57,0.00053573
2001,267,0,0.00,115.464551,35.668013,1794.06,0.00124043
2001,267,1,89.39,115.465175,35.667388,1225.94,0.00129158
2001,267,2,178.77,115.465898,35.666935,687.72,0.00134273
2001,268,0,0.00,115.469402,35.670438,672.77,-0.00127705
2001,268,1,92.52,115.469382,35.669610,553.17,-0.00180346
2001,268,2,185.03,115.469132,35.668849,478.42,-0.00232454
2001,268,3,277.55,115.468716,35.668136,269.11,-0.00236908
2001,268,4,370.06,115.468070,35.667490,239.21,-0.00183409
2001,268,5,462.58,115.467325,35.667014,239.21,-0.00062461
2001,268,6,555.10,115.466580,35.666538,284.06,-0.00000000
2001,268,7,647.61,115.465835,35.666063,299.01,-0.00000000
2001,268,8,740.13,115.465090,35.665587,299.01,-0.00000000
2001,269,0,0.00,115.469402,35.670438,418.61,-0.00117447
2001,269,1,97.71,115.470183,35.670950,403.66,-0.00000000
2001,269,2,195.42,115.471064,35.671292,388.71,0.00058724
2001,269,3,293.14,115.471746,35.671974,373.76,-0.00119090
2001,269,4,390.85,115.472627,35.672316,388.71,-0.00058724
2001,269,5,488.56,115.473507,35.672657,343.86,0.00119090
2001,269,6,586.27,115.474289,35.673169,358.81,0.00058724
2001,269,7,683.99,115.475070,35.673681,328.91,-0.00000000
2001,269,8,781.70,115.475852,35.674193,328.91,0.00000000
2001,269,9,879.41,115.476633,35.674705,358.81,-0.00058724
2001,269,10,977.12,115.477414,35.675217,373.76,-0.00119090
2001,269,11,1074.83,115.478295,35.675558,358.81,-0.00120733
2001,27,0,0.00,115.150859,35.425467,1539.90,0.00000000
2001,27,1,59.80,115.150859,35.426006,1300.70,0.00000000
2001,27,2,119.60,115.150859,35.426545,747.53,0.00000000
2001,270,0,0.00,115.478295,35.675558,373.76,-0.00118236
2001,270,1,97.40,115.479074,35.676068,328.91,-0.00063216
2001,270,2,194.80,115.479953,35.676408,358.81,-0.00000000
2001,270,3,292.20,115.480739,35.676906,299.01,-0.00106624
2001,270,4,389.60,115.481610,35.677257,343.86,-0.00043547
2001,270,5,486.99,115.482577,35.677445,328.91,0.00104040
2001,270,6,584.39,115.483339,35.677984,313.96,0.00026503
2001,270,7,681.79,115.484246,35.678275,313.96,0.00006682
2001,270,8,779.19,115.485025,35.678785,299.01,0.00017044
2001,270,9,876.59,115.485904,35.679125,328.91,-0.00000000
2001,270,10,973.99,115.486683,35.679634,299.01,-0.00060762
2001,270,11,1071.39,115.487561,35.679974,254.16,-0.00060762
2001,270,12,1168.79,115.488440,35.680313,254.16,-0.00015677
2001,270,13,1266.19,115.489318,35.680653,239.21,0.00000000
2001,270,14,1363.58,115.490222,35.680948,254.16,0.00061989
2001,270,15,1460.98,115.491075,35.681332,269.11,0.00060762
2001,270,16,1558.38,115.491903,35.681757,254.16,-0.00000000
2001,270,17,1655.78,115.492733,35.682181,269.11,-0.00000000
2001,270,18,1753.18,115.493585,35.682565,284.06,-0.00001526
2001,270,19,1850.58,115.494390,35.683030,254.16,0.00000000
2001,270,20,1947.98,115.495269,35.683369,299.01,0.00003052
2001,270,21,2045.38,115.496048,35.683879,299.01,-0.00098820
2001,270,22,2142.78,115.496948,35.684182,299.01,-0.00001525
2001,270,23,2240.17,115.497867,35.684452,299.01,0.00084370
2001,270,24,2337.57,115.498629,35.684991,328.91,-0.00018662
2001,270,25,2434.97,115.499548,35.685260,343.86,0.00006246
2001,270,26,2532.37,115.500341,35.685747,313.96,0.00033112
2001,270,27,2629.77,115.501220,35.686086,299.01,0.00008204
2001,270,28,2727.17,115.501999,35.686596,299.01,-0.00010335
2001,270,29,2824.57,115.502877,35.686936,328.91,0.00059118
2001,270,30,2921.97,115.503674,35.687416,299.01,0.00089062
2001,270,31,3019.37,115.504436,35.687955,299.01,0.00039220
2001,271,0,0.00,115.478295,35.675558,1794.06,0.00000000
2001,271,1,96.48,115.478969,35.674885,1794.06,0.00000000
2001,271,2,192.96,115.479642,35.674211,627.92,0.00000000
2001,272,0,0.00,115.504436,35.687955,388.71,0.00887846
2001,272,1,43.69,115.504919,35.687955,328.91,0.00906721
2001,272,2,87.38,115.505244,35.688225,299.01,0.00925596
2001,273,0,0.00,115.504436,35.687955,448.52,-0.00375659
2001,273,1,81.35,115.504436,35.688688,284.06,-0.00590692
2001,273,2,162.71,115.504946,35.689274,179.41,-0.00738969
2001,273,3,244.06,115.505514,35.689303,194.36,-0.00672214
2001,274,0,0.00,115.505244,35.688225,299.01,0.00096990
2001,274,1,67.72,115.505836,35.688494,104.65,0.00191024
2001,274,2,135.43,115.506389,35.688830,269.11,0.00229871
2001,274,3,203.15,115.506861,35.689303,299.01,0.00174683
2001,275,0,0.00,115.505244,35.688225,553.17,-0.00245919
2001,275,1,64.15,115.505275,35.688794,194.36,-0.00251630
2001,275,2,128.29,115.505514,35.689303,373.76,-0.00257340
2001,277,0,0.00,115.505514,35.689303,119.60,-0.00606375
2001,277,1,75.18,115.506188,35.689572,418.61,-0.00606375
2001,277,2,150.36,115.506861,35.689303,642.87,-0.00606375
2001,279,0,0.00,115.506861,35.689303,299.01,-0.00133484
2001,279,1,91.92,115.507603,35.689774,284.06,-0.00066742
2001,279,2,183.85,115.508443,35.690076,313.96,0.00066742
2001,279,3,275.77,115.509184,35.690547,284.06,0.00054509
2001,279,4,367.70,115.509925,35.691019,328.91,-0.00000000
2001,279,5,459.62,115.510685,35.691459,328.91,0.00024345
2001,279,6,551.54,115.511407,35.691962,328.91,0.00063298
2001,279,7,643.47,115.512148,35.692434,313.96,0.00109750
2001,279,8,735.39,115.512790,35.693076,299.01,0.00117127
2001,28,0,0.00,115.150859,35.425467,328.91,-0.00142959
2001,28,1,97.34,115.149943,35.425198,328.91,-0.00092955
2001,28,2,194.67,115.148909,35.425134,313.96,0.00048842
2001,28,3,292.01,115.147956,35.424928,299.01,0.00067054
2001,28,4,389.35,115.147040,35.424659,299.01,-0.00070317
2001,28,5,486.68,115.146082,35.424463,313.96,-0.00129477
2001,28,6,584.02,115.145052,35.424389,269.11,0.00000000
2001,28,7,681.36,115.143980,35.424389,299.01,0.00155378
2001,28,8,778.69,115.143065,35.424120,299.01,0.00092955
2001,28,9,876.03,115.142149,35.423851,299.01,0.00000000
2001,28,10,973.37,115.141233,35.423581,269.11,-0.00092955
2001,28,11,1070.70,115.140317,35.423312,269.11,-0.00092955
2001,28,12,1168.04,115.139245,35.423312,269.11,0.00092955
2001,28,13,1265.38,115.138330,35.423042,299.01,0.00110546
2001,28,14,1362.71,115.137414,35.422773,269.11,0.00000000
2001,28,15,1460.05,115.136526,35.422454,269.11,-0.00035067
2001,28,16,1557.39,115.135582,35.422234,269.11,0.00029483
2001,28,17,1654.72,115.134666,35.421964,239.21,0.00017475
2001,28,18,1752.06,115.133798,35.421612,269.11,-0.00058640
2001,28,19,1849.40,115.132835,35.421425,239.21,-0.00078251
2001,28,20,1946.73,115.131919,35.421156,284.06,-0.00025963
2001,28,21,2044.07,115.130872,35.421112,254.16,0.00062671
2001,28,22,2141.40,115.129996,35.420774,299.01,0.00015724
2001,28,23,2238.74,115.129015,35.420617,254.16,-0.00077375
2001,28,24,2336.08,115.128100,35.420347,269.11,-0.00053559
2001,28,25,2433.41,115.127028,35.420347,239.21,0.00046604
2001,28,26,2530.75,115.126112,35.420078,269.11,0.00092955
2001,28,27,2628.09,115.125120,35.419940,269.11,0.00034052
2001,28,28,2725.42,115.124280,35.419539,239.21,-0.00092955
2001,28,29,2822.76,115.123268,35.419436,284.06,-0.00059181
2001,28,30,2920.10,115.122293,35.419269,269.11,0.00042950
2001,280,0,0.00,115.512790,35.693076,1674.46,0.00124058
2001,280,1,89.37,115.512166,35.693700,1674.46,0.00129175
2001,280,2,178.75,115.511443,35.694154,642.87,0.00134292
2001,281,0,0.00,115.512790,35.693076,284.06,0.00045811
2001,281,1,94.10,115.513516,35.693615,269.11,0.00062165
2001,281,2,188.21,115.514204,35.694220,313.96,0.00055823
2001,281,3,282.31,115.514861,35.694877,328.91,0.00016564
2001,281,4,376.42,115.515518,35.695534,313.96,0.00000000
2001,281,5,470.52,115.516176,35.696191,328.91,0.00000000
2001,281,6,564.63,115.516833,35.696849,313.96,0.00000000
2001,282,0,0.00,115.516833,35.696849,358.81,0.00342966
2001,282,1,92.02,115.517674,35.697151,343.86,0.00207900
2001,282,2,184.04,115.518180,35.697833,343.86,-0.00017483
2001,282,3,276.07,115.518925,35.698196,373.76,0.00035183
2001,282,4,368.09,115.519591,35.698799,358.81,0.00102767
2001,282,5,460.11,115.520234,35.699441,358.81,0.00070997
2001,282,6,552.13,115.520875,35.700084,299.01,0.00056901
2001,282,7,644.16,115.521310,35.700787,239.21,-0.00057699
2001,282,8,736.18,115.521953,35.701430,209.31,-0.00114575
2001,283,0,0.00,115.516833,35.696849,1599.71,-0.00185645
2001,283,1,72.83,115.516324,35.697357,956.83,-0.00191193
2001,283,2,145.66,115.516024,35.697926,642.87,-0.00196741
2001,284,0,0.00,115.521953,35.701430,986.73,0.00000000
2001,284,1,60.97,115.522627,35.701430,971.78,0.00000000
2001,284,2,121.95,115.523301,35.701430,777.43,0.00000000
2001,285,0,0.00,115.521953,35.701430,299.01,-0.00216879
2001,285,1,97.15,115.522005,35.702290,134.55,-0.00171715
2001,285,2,194.31,115.522475,35.703030,209.31,0.00062116
2001,285,3,291.46,115.522762,35.703822,179.41,0.00129848
2001,285,4,388.62,115.522762,35.704698,209.31,0.00004457
2001,285,5,485.77,115.523031,35.705495,209.31,-0.00000000
2001,285,6,582.93,115.523031,35.706371,239.21,-0.00000000
2001,285,7,680.08,115.523301,35.707168,269.11,0.00067229
2001,285,8,777.24,115.523301,35.708044,224.26,0.00134458
2001,285,9,874.39,115.523301,35.708919,209.31,0.00122085
2001,285,10,971.55,115.523031,35.709717,209.31,-0.00000000
2001,285,11,1068.70,115.522823,35.710532,179.41,-0.00107320
2001,285,12,1165.86,115.522762,35.711390,149.51,-0.00000000
2001,285,13,1263.01,115.522762,35.712265,179.41,0.00074991
2001,285,14,1360.17,115.522492,35.713063,209.31,0.00000000
2001,285,15,1457.32,115.522406,35.713913,224.26,0.00044045
2001,285,16,1554.48,115.522223,35.714736,269.11,0.00143859
2001,285,17,1651.63,115.521884,35.715513,254.16,0.00112273
2001,285,18,1748.79,115.521414,35.716252,299.01,0.00069973
2001,286,0,0.00,115.521414,35.716252,822.28,0.00310918
2001,286,1,99.97,115.520617,35.715724,448.52,0.00308418
2001,286,2,199.94,115.520336,35.714905,269.11,0.00305919
2001,287,0,0.00,115.521414,35.716252,313.96,0.00008153
2001,287,1,97.30,115.521152,35.717053,313.96,0.00006116
2001,287,2,194.59,115.520875,35.717849,328.91,0.00103825
2001,287,3,291.89,115.520606,35.718648,358.81,0.00099767
2001,287,4,389.18,115.519949,35.719334,313.96,-0.00051767
2001,287,5,486.48,115.519687,35.720135,343.86,0.00006047
2001,287,6,583.77,115.519216,35.720875,343.86,0.00055797
2001,287,7,681.07,115.518746,35.721616,343.86,-0.00000000
2001,287,8,778.36,115.518275,35.722356,358.81,0.00000000
2001,287,9,875.66,115.517804,35.723096,373.76,-0.00055797
2001,287,10,972.95,115.517333,35.723836,358.81,-0.00055797
2001,287,11,1070.25,115.517071,35.724637,373.76,0.00055797
2001,287,12,1167.54,115.516601,35.725377,343.86,0.00030411
2001,287,13,1264.84,115.516130,35.726118,328.91,-0.00055797
2001,287,14,1362.13,115.515755,35.726886,328.91,-0.00010034
2001,287,15,1459.43,115.515397,35.727659,358.81,-0.00003232
2001,287,16,1556.72,115.514946,35.728405,358.81,-0.00072435
2001,287,17,1654.02,115.514677,35.729203,284.06,-0.00119796
2001,287,18,1751.31,115.514407,35.730002,284.06,-0.00070970
2001,287,19,1848.61,115.514407,35.730879,254.16,-0.00000000
2001,287,20,1945.90,115.514138,35.731678,224.26,-0.00067017
2001,287,21,2043.20,115.514138,35.732554,179.41,-0.00067017
2001,287,22,2140.49,115.514138,35.733431,224.26,0.00000000
2001,287,23,2237.79,115.514138,35.734308,224.26,0.00000000
2001,288,0,0.00,115.514138,35.734308,1091.39,0.00000000
2001,288,1,36.57,115.513734,35.734308,986.73,0.00000000
2001,288,2,73.14,115.513329,35.734308,867.13,0.00000000
2001,289,0,0.00,115.514138,35.734308,269.11,-0.00205535
2001,289,1,94.21,115.514407,35.735079,194.36,-0.00263859
2001,289,2,188.43,115.515036,35.735746,164.46,-0.00228656
2001,289,3,282.64,115.515794,35.736234,149.51,-0.00130933
2001,289,4,376.85,115.516551,35.736721,119.60,-0.00063369
2001,289,5,471.07,115.517407,35.737039,164.46,-0.00012342
2001,289,6,565.28,115.518165,35.737527,179.41,-0.00095785
2001,289,7,659.49,115.519040,35.737812,209.31,-0.00089345
2001,289,8,753.70,115.519925,35.738081,269.11,0.00061608
2001,289,9,847.92,115.520809,35.738351,299.01,0.00085839
2001,289,10,942.13,115.521591,35.738797,284.06,0.00034177
2001,289,11,1036.34,115.522447,35.739114,284.06,-0.00068736
2001,289,12,1130.56,115.523205,35.739602,343.86,-0.00065011
2001,289,13,1224.77,115.524190,35.739698,358.81,0.00184550
2001,289,14,1318.98,115.524918,35.740237,403.66,0.00329954
2001,29,0,0.00,115.258387,35.440020,478.42,-0.00106740
2001,29,1,98.14,115.258863,35.440766,463.47,-0.00155446
2001,29,2,196.27,115.259548,35.441450,463.47,-0.00157360
2001,29,3,294.41,115.260331,35.441964,478.42,-0.00000000
2001,29,4,392.54,115.261115,35.442478,448.52,0.00055284
2001,29,5,490.68,115.261799,35.443162,463.47,-0.00009037
2001,29,6,588.82,115.262583,35.443676,448.52,-0.00000000
2001,29,7,686.95,115.263284,35.444332,448.52,-0.00036713
2001,29,8,785.09,115.264050,35.444875,418.61,0.00000000
2001,29,9,883.22,115.264834,35.445388,433.57,0.00097086
2001,29,10,981.36,115.265518,35.446073,403.66,0.00051336
2001,29,11,1079.50,115.266203,35.446758,403.66,0.00000000
2001,290,0,0.00,115.524918,35.740237,388.71,0.00000000
2001,290,1,99.51,115.526018,35.740237,388.71,0.00080596
2001,290,2,199.02,115.527118,35.740237,358.81,0.00080596
2001,290,3,298.53,115.528061,35.740507,358.81,-0.00080596
2001,290,4,398.04,115.529161,35.740507,328.91,-0.00000000
2001,290,5,497.55,115.530261,35.740507,328.91,0.00102915
2001,290,6,597.06,115.531204,35.740776,328.91,0.00000000
2001,290,7,696.57,115.532264,35.740846,313.96,-0.00044078
2001,290,8,796.07,115.533247,35.741046,328.91,-0.00080596
2001,290,9,895.58,115.534347,35.741046,299.01,-0.00058838
2001,290,10,995.09,115.535447,35.741046,299.01,0.00000000
2001,290,11,1094.60,115.536548,35.741046,299.01,0.00000000
2001,290,12,1194.11,115.537648,35.741046,269.11,0.00019455
2001,290,13,1293.62,115.538748,35.741046,209.31,0.00036594
2001,290,14,1393.13,115.539808,35.741114,224.26,-0.00041277
2001,290,15,1492.64,115.540702,35.741162,254.16,-0.00070132
2001,290,16,1592.15,115.541734,35.741046,239.21,0.00021821
2001,290,17,1691.66,115.542834,35.741046,239.21,0.00033539
2001,290,18,1791.17,115.543934,35.741046,239.21,0.00000000
2001,290,19,1890.68,115.545034,35.741046,209.31,0.00000000
2001,290,20,1990.19,115.546134,35.741046,269.11,-0.00080596
2001,290,21,2089.70,115.547234,35.741046,239.21,-0.00080596
2001,290,22,2189.20,115.548177,35.740776,269.11,0.00000000
2001,290,23,2288.71,115.549278,35.740776,269.11,-0.00088802
2001,290,24,2388.22,115.550221,35.740507,239.21,-0.00082426
2001,290,25,2487.73,115.551164,35.740237,269.11,0.00035000
2001,290,26,2587.24,115.552118,35.739986,269.11,0.00050546
2001,290,27,2686.75,115.553110,35.739802,269.11,0.00020276
2001,290,28,2786.26,115.554103,35.739618,269.11,-0.00029877
2001,290,29,2885.77,115.555093,35.739429,254.16,-0.00055276
2001,290,30,2985.28,115.556036,35.739159,239.21,-0.00027045
2001,290,31,3084.79,115.556979,35.738890,269.11,0.00001834
2001,290,32,3184.30,115.557922,35.738620,269.11,0.00030532
2001,290,33,3283.81,115.558869,35.738356,269.11,-0.00001770
2001,290,34,3383.32,115.559861,35.738172,269.11,-0.00030468
2001,290,35,3482.83,115.560755,35.737817,269.11,-0.00001964
2001,290,36,3582.34,115.561748,35.737633,299.01,-0.00031061
2001,290,37,3681.84,115.562638,35.737273,269.11,0.00001900
2001,290,38,3781.35,115.563581,35.737003,313.96,0.00004025
2001,290,39,3880.86,115.564524,35.736734,299.01,0.00000000
2001,290,40,3980.37,115.565421,35.736385,313.96,0.00027036
2001,290,41,4079.88,115.566410,35.736195,328.91,-0.00056082
2001,290,42,4179.39,115.567307,35.735846,373.76,-0.00065298
2001,290,43,4278.90,115.568201,35.735492,358.81,0.00020038
2001,290,44,4378.41,115.569082,35.735117,358.81,-0.00027009
2001,290,45,4477.92,115.570025,35.734847,299.01,-0.00056200
2001,290,46,4577.43,115.570811,35.734308,299.01,0.00016762
2001,290,47,4676.94,115.571754,35.734039,313.96,-0.00012275
2001,290,48,4776.45,115.572569,35.733549,313.96,0.00017285
2001,290,49,4875.96,115.573463,35.733194,313.96,0.00024596
2001,290,50,4975.47,115.574356,35.732840,313.96,-0.00058132
2001,290,51,5074.97,115.575213,35.732422,328.91,-0.00014893
2001,290,52,5174.48,115.576044,35.731960,343.86,0.00000000
2001,290,53,5273.99,115.576938,35.731606,328.91,-0.00021513
2001,290,54,5373.50,115.577732,35.731081,299.01,0.00021828
2001,290,55,5473.01,115.578625,35.730726,343.86,-0.00040118
2001,290,56,5572.52,115.579457,35.730266,328.91,-0.00043420
2001,290,57,5672.03,115.580243,35.729727,299.01,0.00023258
2001,290,58,5771.54,115.581108,35.729322,343.86,0.00000281
2001,290,59,5871.05,115.581902,35.728797,343.86,0.00016860
2001,290,60,5970.56,115.582759,35.728379,299.01,-0.00014417
2001,290,61,6070.07,115.583590,35.727918,313.96,-0.00002263
2001,290,62,6169.58,115.584384,35.727393,328.91,0.00028693
2001,290,63,6269.09,115.585274,35.727032,299.01,-0.00052056
2001,290,64,6368.60,115.586060,35.726493,328.91,0.00014096
2001,290,65,6468.11,115.586866,35.725989,313.96,0.00066479
2001,290,66,6567.61,115.587760,35.725634,328.91,-0.00007061
2001,290,67,6667.12,115.588575,35.725145,299.01,-0.00024247
2001,290,68,6766.63,115.589448,35.724755,269.11,0.00000000
2001,290,69,6866.14,115.590242,35.724230,269.11,0.00164322
2001,290,70,6965.65,115.591136,35.723876,224.26,0.00116392
2001,290,71,7065.16,115.592190,35.723798,179.41,-0.00035906
2001,290,72,7164.67,115.593022,35.723337,164.46,0.00110993
2001,290,73,7264.18,115.594077,35.723259,179.41,0.00088802
2001,290,74,7363.69,115.595107,35.723139,164.46,0.00014956
2001,290,75,7463.20,115.596120,35.722989,149.51,0.00080596
2001,290,76,7562.71,115.597220,35.722989,149.51,0.00065399
2001,290,77,7662.22,115.598320,35.722989,149.51,0.00169398
2001,290,78,7761.73,115.599375,35.723067,164.46,0.00213255
2001,290,79,7861.24,115.600206,35.723528,149.51,0.00000000
2001,290,80,7960.75,115.601149,35.723798,209.31,-0.00065871
2001,290,81,8060.25,115.602092,35.724067,209.31,0.00079694
2001,290,82,8159.76,115.603035,35.724337,224.26,0.00108693
2001,290,83,8259.27,115.603843,35.724839,269.11,0.00036634
2001,290,84,8358.78,115.604736,35.725194,269.11,0.00007635
2001,290,85,8458.29,115.605531,35.725719,299.01,0.00000000
2001,290,86,8557.80,115.606424,35.726073,328.91,0.00026619
2001,290,87,8657.31,115.607219,35.726598,284.06,-0.00000000
2001,290,88,8756.82,115.608066,35.727032,328.91,0.00003836
2001,290,89,8856.33,115.608906,35.727477,313.96,-0.00000000
2001,290,90,8955.84,115.609701,35.728002,343.86,-0.00110010
2001,290,91,9055.35,115.610594,35.728357,343.86,-0.00058132
2001,290,92,9154.86,115.611524,35.728649,328.91,0.00145189
2001,290,93,9254.37,115.612381,35.729066,358.81,0.00162118
2001,290,94,9353.88,115.613096,35.729727,358.81,0.00001858
2001,290,95,9453.38,115.613882,35.730266,358.81,-0.00041045
2001,290,96,9552.89,115.614665,35.730811,328.91,-0.00003720
2001,290,97,9652.40,115.615459,35.731335,328.91,-0.00006448
2001,290,98,9751.91,115.616241,35.731883,403.66,0.00001862
2001,290,99,9851.42,115.617048,35.732385,403.66,0.00000000
2001,290,100,9950.93,115.617813,35.732961,418.61,-0.00025753
2001,290,101,10050.44,115.618637,35.733435,403.66,-0.00000000
2001,290,102,10149.95,115.619431,35.733960,433.57,-0.00037090
2001,290,103,10249.46,115.620225,35.734484,403.66,0.00000000
2001,290,104,10348.97,115.621114,35.734847,418.61,0.00051021
2001,290,105,10448.48,115.621814,35.735534,373.76,-0.00000000
2001,290,106,10547.99,115.622708,35.735889,388.71,0.00023503
2001,290,107,10647.50,115.623403,35.736584,388.71,0.00000000
2001,290,108,10747.01,115.624258,35.737003,418.61,0.00012755
2001,290,109,10846.52,115.624991,35.737633,388.71,-0.00000000
2001,290,110,10946.02,115.625786,35.738158,403.66,-0.00033575
2001,290,111,11045.53,115.626580,35.738683,403.66,-0.00000000
2001,290,112,11145.04,115.627374,35.739208,403.66,0.00053586
2001,290,113,11244.55,115.628169,35.739733,433.57,0.00081263
2001,290,114,11344.06,115.628864,35.740428,403.66,-0.00053586
2001,290,115,11443.57,115.629604,35.741046,418.61,-0.00111799
2001,290,116,11543.08,115.630452,35.741478,433.57,0.00042888
2001,290,117,11642.59,115.631247,35.742002,418.61,0.00077782
2001,290,118,11742.10,115.631962,35.742663,418.61,-0.00087622
2001,290,119,11841.61,115.632748,35.743202,448.52,-0.00040539
2001,290,120,11941.12,115.633630,35.743577,448.52,0.00148111
2001,290,121,12040.63,115.634325,35.744272,418.61,0.00004862
2001,290,122,12140.14,115.635020,35.744967,388.71,-0.00103377
2001,290,123,12239.65,115.635893,35.745358,448.52,-0.00002428
2001,290,124,12339.15,115.636609,35.746017,448.52,-0.00030212
2001,290,125,12438.66,115.637465,35.746436,448.52,-0.00030157
2001,290,126,12538.17,115.638251,35.746975,388.71,0.00039353
2001,290,127,12637.68,115.639091,35.747421,433.57,0.00021016
2001,290,128,12737.19,115.639823,35.748052,418.61,-0.00000000
2001,290,129,12836.70,115.640679,35.748471,403.66,-0.00000000
2001,290,130,12936.21,115.641395,35.749130,418.61,-0.00089719
2001,290,131,13035.72,115.642268,35.749520,433.57,0.00000000
2001,290,132,13135.23,115.643124,35.749939,418.61,0.00114405
2001,290,133,13234.74,115.643857,35.750570,403.66,-0.00020863
2001,290,134,13334.25,115.644651,35.751095,433.57,-0.00141070
2001,290,135,13433.76,115.645483,35.751556,418.61,-0.00071908
2001,290,136,13533.27,115.646426,35.751825,358.81,0.00043468
2001,290,137,13632.78,115.647232,35.752329,403.66,0.00024339
2001,290,138,13732.29,115.648126,35.752683,328.91,-0.00033694
2001,290,139,13831.79,115.648941,35.753173,328.91,-0.00012147
2001,290,140,13931.30,115.649884,35.753442,328.91,0.00024009
2001,290,141,14030.81,115.650670,35.753981,284.06,-0.00056070
2001,290,142,14130.32,115.651601,35.754272,269.11,-0.00041165
2001,290,143,14229.83,115.652494,35.754626,224.26,0.00019780
2001,290,144,14329.34,115.653388,35.754981,224.26,-0.00031418
2001,290,145,14428.85,115.654285,35.755329,179.41,0.00004487
2001,290,146,14528.36,115.655228,35.755598,149.51,-0.00026778
2001,290,147,14627.87,115.656069,35.756044,179.41,-0.00119374
2001,290,148,14727.38,115.657115,35.756137,149.51,-0.00026667
2001,290,149,14826.89,115.658058,35.756407,149.51,0.00058934
2001,290,150,14926.40,115.659047,35.756597,164.46,-0.00030255
2001,290,151,15025.91,115.659944,35.756946,209.31,-0.00088802
2001,290,152,15125.42,115.661032,35.756966,224.26,-0.00038169
2001,290,153,15224.92,115.661987,35.757215,239.21,0.00000000
2001,290,154,15324.43,115.663087,35.757215,269.11,0.00006288
2001,290,155,15423.94,115.664030,35.757485,239.21,-0.00080596
2001,290,156,15523.45,115.665130,35.757485,239.21,-0.00080596
2001,290,157,15622.96,115.666230,35.757485,239.21,0.00000000
2001,290,158,15722.47,115.667330,35.757485,269.11,0.00029794
2001,290,159,15821.98,115.668431,35.757485,299.01,0.00080596
2001,290,160,15921.49,115.669470,35.757588,284.06,0.00018673
2001,290,161,16021.00,115.670474,35.757754,313.96,-0.00080596
2001,290,162,16120.51,115.671574,35.757754,328.91,-0.00048467
2001,290,163,16220.02,115.672674,35.757754,328.91,0.00072717
2001,290,164,16319.53,115.673774,35.757754,358.81,0.00080596
2001,290,165,16419.04,115.674732,35.757999,343.86,-0.00065666
2001,290,166,16518.55,115.675817,35.758024,358.81,-0.00025644
2001,290,167,16618.06,115.676917,35.758024,388.71,0.00073545
2001,290,168,16717.56,115.677908,35.758211,373.76,0.00003390
2001,290,169,16817.07,115.678960,35.758293,388.71,-0.00000000
2001,290,170,16916.58,115.679993,35.758409,358.81,-0.00013615
2001,290,171,17016.09,115.681004,35.758563,358.81,-0.00063922
2001,290,172,17115.60,115.682104,35.758563,388.71,0.00082443
2001,290,173,17215.11,115.683170,35.758621,343.86,0.00132920
2001,290,174,17314.62,115.684063,35.758976,328.91,-0.00090771
2001,290,175,17414.13,115.685090,35.759102,328.91,-0.00068998
2001,290,176,17513.64,115.686190,35.759102,313.96,0.00133000
2001,290,177,17613.15,115.687133,35.759371,269.11,0.00027690
2001,290,178,17712.66,115.688076,35.759641,269.11,-0.00088802
2001,290,179,17812.17,115.689126,35.759727,254.16,0.00032072
2001,290,180,17911.68,115.690119,35.759910,224.26,0.00088802
2001,290,181,18011.19,115.691062,35.760180,239.21,0.00029041
2001,290,182,18110.70,115.692005,35.760449,209.31,-0.00000000
2001,290,183,18210.20,115.692949,35.760719,209.31,0.00000000
2001,290,184,18309.71,115.693892,35.760988,209.31,-0.00000000
2001,290,185,18409.22,115.694835,35.761258,209.31,-0.00000000
2001,290,186,18508.73,115.695778,35.761527,209.31,0.00000000
2001,290,187,18608.24,115.696721,35.761797,209.31,0.00000000
2001,290,188,18707.75,115.697664,35.762066,239.21,0.00000000
2001,290,189,18807.26,115.698607,35.762336,269.11,-0.00000000
2001,290,190,18906.77,115.699550,35.762605,388.71,-0.00000000
2001,291,0,0.00,115.524918,35.740237,1420.30,0.00000000
2001,291,1,49.19,115.524783,35.740641,1091.39,0.00000000
2001,291,2,98.38,115.524648,35.741046,313.96,0.00000000
2001,292,0,0.00,115.699550,35.762605,328.91,-0.00396678
2001,292,1,50.76,115.699905,35.762960,358.81,-0.00418221
2001,292,2,101.52,115.700359,35.763144,358.81,-0.00439764
2001,293,0,0.00,115.699550,35.762605,583.07,-0.00108946
2001,293,1,94.64,115.700211,35.761944,358.81,-0.00111815
2001,293,2,189.29,115.700664,35.761222,89.70,0.00114836
2001,293,3,283.93,115.701116,35.760500,,0.00353634
2001,293,4,378.58,115.701976,35.760180,,0.00362912
2001,294,0,0.00,115.700359,35.763144,373.76,-0.00313387
2001,294,1,64.14,115.700359,35.763722,284.06,-0.00322721
2001,294,2,128.28,115.700628,35.764222,224.26,-0.00332055
2001,295,0,0.00,115.700359,35.763144,493.37,0.00278774
2001,295,1,80.22,115.701089,35.762875,433.57,0.00265115
2001,295,2,160.43,115.701976,35.762875,209.31,0.00251457
2001,296,0,0.00,115.700628,35.764222,1270.79,0.00000000
2001,296,1,60.93,115.701302,35.764222,1121.29,0.00000000
2001,296,2,121.85,115.701976,35.764222,343.86,0.00000000
2001,297,0,0.00,115.700628,35.764222,299.01,-0.00184111
2001,297,1,87.76,115.700628,35.764857,179.41,-0.00170287
2001,297,2,175.53,115.700898,35.765570,164.46,-0.00156463
2001,298,0,0.00,115.700898,35.765570,1450.20,0.00000000
2001,298,1,48.74,115.701437,35.765570,1270.79,0.00000000
2001,298,2,97.48,115.701976,35.765570,343.86,0.00000000
2001,299,0,0.00,115.700898,35.765570,194.36,-0.00205286
2001,299,1,81.26,115.700628,35.766224,149.51,-0.00135563
2001,299,2,162.52,115.700628,35.766956,179.41,-0.00096667
2001,299,3,243.78,115.700448,35.767636,254.16,-0.00205034
2001,299,4,325.04,115.700628,35.768265,284.06,-0.00282574
2001,3,0,0.00,115.211226,35.409298,822.28,-0.00666697
2001,3,1,93.72,115.211254,35.410134,239.21,-0.01313420
2001,3,2,187.44,115.212006,35.410134,807.33,-0.01313420
2001,3,3,281.16,115.212034,35.409298,822.28,-0.00666697
2001,30,0,0.00,115.258387,35.440020,1794.06,-0.00185659
2001,30,1,72.90,115.258896,35.439512,1510.00,-0.00191233
2001,30,2,145.81,115.259196,35.438942,882.08,-0.00196807
2001,300,0,0.00,115.700628,35.768265,1719.31,0.00000000
2001,300,1,73.11,115.701437,35.768265,1569.81,0.00000000
2001,300,2,146.22,115.702245,35.768265,313.96,0.00000000
2001,301,0,0.00,115.700628,35.768265,254.16,-0.00108005
2001,301,1,98.38,115.700359,35.769073,328.91,-0.00134816
2001,301,2,196.76,115.700298,35.769942,343.86,-0.00114321
2001,301,3,295.13,115.700359,35.770690,373.76,-0.00067015
2001,302,0,0.00,115.700359,35.770690,1240.89,0.00000000
2001,302,1,87.31,115.701167,35.770960,1136.24,0.00000000
2001,302,2,174.62,115.701976,35.771229,1001.69,0.00000000
2001,303,0,0.00,115.700359,35.770690,388.71,-0.00139721
2001,303,1,98.01,115.700089,35.771495,373.76,-0.00108665
2001,303,2,196.02,115.700089,35.772379,373.76,0.00000000
2001,303,3,294.03,115.699976,35.773229,403.66,0.00078923
2001,303,4,392.03,115.699820,35.774067,433.57,0.00069860
2001,303,5,490.04,115.699550,35.774872,463.47,-0.00040119
2001,303,6,588.05,115.699281,35.775677,478.42,-0.00028402
2001,303,7,686.06,115.699281,35.776561,508.32,0.00111839
2001,303,8,784.07,115.698850,35.777319,508.32,-0.00013725
2001,303,9,882.08,115.698583,35.778125,508.32,-0.00083441
2001,303,10,980.08,115.698472,35.778976,508.32,-0.00027082
2001,303,11,1078.09,115.698203,35.779781,523.27,-0.00028398
2001,303,12,1176.10,115.698200,35.780664,523.27,0.00067854
2001,303,13,1274.11,115.697933,35.781470,523.27,0.00137011
2001,304,0,0.00,115.697933,35.781470,568.12,-0.00170251
2001,304,1,88.15,115.697394,35.782108,553.17,-0.00260024
2001,304,2,176.30,115.697125,35.782824,598.02,-0.00132755
2001,304,3,264.45,115.697125,35.783619,538.22,0.00174899
2001,304,4,352.59,115.696723,35.784297,583.07,0.00134515
2001,304,5,440.74,115.696316,35.784973,612.97,0.00003520
2001,305,0,0.00,115.697933,35.781470,926.93,0.00000000
2001,305,1,83.23,115.698515,35.782051,926.93,0.00000000
2001,305,2,166.47,115.699096,35.782633,941.88,-0.00071701
2001,305,3,249.70,115.699678,35.783214,1001.69,-0.00149621
2001,305,4,332.94,115.700359,35.783626,822.28,-0.00155839
2001,306,0,0.00,115.696316,35.784973,1270.79,0.00170796
2001,306,1,79.68,115.695660,35.784587,1091.39,0.00163797
2001,306,2,159.36,115.695103,35.784030,926.93,-0.00000000
2001,306,3,239.05,115.694547,35.783473,1106.34,-0.00163797
2001,306,4,318.73,115.693891,35.783087,867.13,-0.00170796
2001,307,0,0.00,115.696316,35.784973,598.02,0.00112250
2001,307,1,94.04,115.696286,35.785812,598.02,0.00123493
2001,307,2,188.08,115.696047,35.786590,598.02,0.00000000
2001,307,3,282.12,115.695777,35.787360,598.02,-0.00131350
2001,307,4,376.16,115.695777,35.788207,598.02,-0.00000000
2001,307,5,470.20,115.695747,35.789046,553.17,0.00055659
2001,307,6,564.24,115.695508,35.789824,568.12,-0.00056125
2001,307,7,658.28,115.695508,35.790672,538.22,0.00008323
2001,307,8,752.32,115.695447,35.791502,598.02,0.00039537
2001,307,9,846.36,115.695238,35.792289,568.12,0.00067368
2001,307,10,940.40,115.695238,35.793136,598.02,0.00092630
2001,307,11,1034.44,115.694729,35.793836,553.17,-0.00123493
2001,307,12,1128.48,115.694699,35.794675,553.17,-0.00264334
2001,308,0,0.00,115.694699,35.794675,568.12,-0.00189879
2001,308,1,84.40,115.694430,35.795358,523.27,-0.00184385
2001,308,2,168.79,115.694430,35.796118,568.12,-0.00089445
2001,308,3,253.19,115.694430,35.796879,553.17,0.00000000
2001,308,4,337.59,115.694430,35.797639,508.32,0.00000000
2001,309,0,0.00,115.694699,35.794675,777.43,-0.00000000
2001,309,1,92.57,115.695346,35.795322,777.43,0.00000000
2001,309,2,185.13,115.695993,35.795969,747.53,0.00000000
2001,309,3,277.70,115.696640,35.796615,717.63,-0.00000000
2001,309,4,370.26,115.697286,35.797262,732.58,-0.00000000
2001,309,5,462.83,115.697933,35.797909,672.77,0.00000000
2001,31,0,0.00,115.122293,35.419269,941.88,-0.00314566
2001,31,1,64.17,115.122293,35.419847,538.22,-0.00323991
2001,31,2,128.34,115.122562,35.420347,388.71,-0.00333415
2001,310,0,0.00,115.694430,35.797639,1046.54,0.00159917
2001,310,1,82.21,115.695103,35.798044,822.28,0.00063771
2001,310,2,164.43,115.695678,35.798618,852.18,-0.00164178
2001,310,3,246.64,115.696372,35.798987,956.83,-0.00197899
2001,310,4,328.85,115.697125,35.799256,852.18,-0.00099817
2001,311,0,0.00,115.694430,35.797639,508.32,0.00000000
2001,311,1,97.69,115.694160,35.798442,553.17,-0.00070302
2001,311,2,195.38,115.693891,35.799244,463.47,-0.00136700
2001,311,3,293.07,115.693891,35.800125,463.47,-0.00132796
2001,311,4,390.77,115.693891,35.801005,478.42,-0.00066398
2001,311,5,488.46,115.694160,35.801807,448.52,0.00066398
2001,311,6,586.15,115.694160,35.802688,448.52,0.00066398
2001,311,7,683.84,115.694160,35.803568,448.52,0.00000000
2001,312,0,0.00,115.694160,35.803568,612.97,0.00110197
2001,312,1,98.18,115.694945,35.804084,523.27,0.00106256
2001,312,2,196.35,115.695632,35.804770,463.47,0.00154866
2001,312,3,294.53,115.696318,35.805456,388.71,0.00213546
2001,312,4,392.70,115.696586,35.806263,269.11,0.00219676
2001,313,0,0.00,115.694160,35.803568,463.47,-0.00136367
2001,313,1,99.15,115.693891,35.804384,403.66,-0.00132602
2001,313,2,198.30,115.693891,35.805278,373.76,-0.00064419
2001,313,3,297.46,115.693891,35.806171,269.11,-0.00064419
2001,313,4,396.61,115.693891,35.807065,269.11,-0.00132602
2001,313,5,495.76,115.694160,35.807880,343.86,-0.00136367
2001,314,0,0.00,115.694160,35.807880,1539.90,-0.00279090
2001,314,1,76.27,115.695004,35.807880,1046.54,-0.00498736
2001,314,2,152.55,115.695691,35.807611,523.27,-0.00566695
2001,314,3,228.82,115.696047,35.807072,313.96,-0.00415007
2001,315,0,0.00,115.694160,35.807880,269.11,0.00000000
2001,315,1,98.09,115.694160,35.808764,239.21,-0.00042399
2001,315,2,196.18,115.694160,35.809648,209.31,-0.00110487
2001,315,3,294.27,115.694336,35.810482,224.26,-0.00117865
2001,315,4,392.36,115.694603,35.811288,224.26,-0.00050293
2001,315,5,490.45,115.694969,35.812066,239.21,0.00094426
2001,315,6,588.54,115.695238,35.812872,209.31,0.00052327
2001,315,7,686.63,115.695238,35.813756,224.26,-0.00069702
2001,315,8,784.72,115.695674,35.814514,239.21,0.00016186
2001,315,9,882.81,115.695777,35.815368,239.21,0.00012813
2001,315,10,980.90,115.696047,35.816174,239.21,0.00023958
2001,315,11,1078.99,115.696267,35.816994,254.16,0.00042491
2001,315,12,1177.08,115.696326,35.817861,239.21,-0.00066203
2001,315,13,1275.17,115.696593,35.818668,269.11,-0.00053249
2001,315,14,1373.26,115.696861,35.819474,269.11,0.00070155
2001,315,15,1471.35,115.697125,35.820282,254.16,0.00133485
2001,315,16,1569.44,115.697125,35.821166,269.11,0.00064357
2001,315,17,1667.53,115.697125,35.821894,269.11,0.00000000
2001,316,0,0.00,115.697125,35.821894,1719.31,0.00000000
2001,316,1,60.88,115.696451,35.821894,1300.70,0.00000000
2001,316,2,121.77,115.695777,35.821894,657.82,0.00000000
2001,317,0,0.00,115.697125,35.821894,224.26,0.00094879
2001,317,1,99.80,115.697394,35.822715,254.16,0.00067249
2001,317,2,199.60,115.697475,35.823592,254.16,0.00039283
2001,317,3,299.40,115.697664,35.824436,239.21,0.00009176
2001,317,4,399.21,115.697664,35.825336,284.06,-0.00019474
2001,317,5,499.01,115.697895,35.826168,254.16,0.00045751
2001,317,6,598.81,115.697933,35.827057,239.21,0.00000000
2001,317,7,698.61,115.697933,35.827956,254.16,-0.00054927
2001,317,8,798.41,115.698203,35.828778,284.06,-0.00000000
2001,317,9,898.21,115.698203,35.829677,284.06,-0.00065977
2001,317,10,998.01,115.698472,35.830498,284.06,0.00000000
2001,317,11,1097.82,115.698737,35.831321,254.16,0.00128385
2001,317,12,1197.62,115.698742,35.832219,269.11,0.00015221
2001,317,13,1297.42,115.698742,35.833119,269.11,-0.00062409
2001,317,14,1397.22,115.698948,35.833958,313.96,0.00033930
2001,317,15,1497.02,115.699011,35.834840,343.86,-0.00021718
2001,317,16,1596.82,115.699011,35.835739,343.86,-0.00116400
2001,317,17,1696.62,115.699369,35.836535,358.81,-0.00023220
2001,317,18,1796.42,115.699550,35.837382,328.91,0.00022897
2001,317,19,1896.23,115.699820,35.838203,358.81,-0.00022311
2001,317,20,1996.03,115.699998,35.839051,343.86,-0.00045964
2001,317,21,2095.83,115.700359,35.839846,343.86,0.00067249
2001,317,22,2195.63,115.700628,35.840668,373.76,0.00153863
2001,317,23,2295.43,115.700628,35.841567,373.76,0.00127094
2001,318,0,0.00,115.700628,35.841567,672.77,0.00247605
2001,318,1,82.19,115.700033,35.842106,1166.14,0.00258030
2001,318,2,164.38,115.699281,35.842376,104.65,0.00268455
2001,319,0,0.00,115.700628,35.841567,343.86,0.00095497
2001,319,1,88.70,115.701248,35.842187,388.71,0.00157834
2001,319,2,177.40,115.701706,35.842854,328.91,0.00094927
2001,319,3,266.10,115.701976,35.843575,269.11,-0.00124249
2001,319,4,354.79,115.702481,35.844228,284.06,-0.00142676
2001,319,5,443.49,115.703101,35.844848,194.36,0.00028516
2001,319,6,532.19,115.703721,35.845468,209.31,0.00127589
2001,319,7,620.89,115.704131,35.846149,224.26,0.00130976
2001,32,0,0.00,115.122293,35.419269,284.06,-0.00075994
2001,32,1,94.83,115.121434,35.418949,299.01,-0.00056841
2001,32,2,189.65,115.120516,35.418730,269.11,-0.00138893
2001,32,3,284.48,115.119628,35.418461,269.11,-0.00137969
2001,32,4,379.31,115.118659,35.418591,224.26,0.00099465
2001,32,5,474.13,115.117899,35.418379,224.26,0.00126424
2001,32,6,568.96,115.116964,35.418191,269.11,0.00039428
2001,32,7,663.79,115.116076,35.417922,299.01,-0.00067799
2001,32,8,758.61,115.115188,35.417652,299.01,-0.00098189
2001,32,9,853.44,115.114143,35.417652,299.01,0.00087341
2001,32,10,948.27,115.113255,35.417383,328.91,0.00098189
2001,32,11,1043.10,115.112350,35.417142,328.91,-0.00077134
2001,32,12,1137.92,115.111479,35.416844,343.86,-0.00187172
2001,32,13,1232.75,115.110435,35.416844,299.01,-0.00198379
2001,320,0,0.00,115.704131,35.846149,1465.15,-0.00347668
2001,320,1,53.51,115.703758,35.846523,1001.69,-0.00358305
2001,320,2,107.02,115.703592,35.846957,747.53,-0.00368943
2001,321,0,0.00,115.704131,35.846149,239.21,0.00114789
2001,321,1,96.27,115.704904,35.846651,224.26,0.00110626
2001,321,2,192.54,115.705576,35.847324,239.21,-0.00057394
2001,321,3,288.80,115.706249,35.847997,254.16,-0.00171149
2001,321,4,385.07,115.707121,35.848329,313.96,0.00000000
2001,321,5,481.34,115.707893,35.848832,328.91,0.00060523
2001,321,6,577.61,115.708665,35.849335,343.86,-0.00000000
2001,321,7,673.87,115.709437,35.849837,328.91,-0.00122701
2001,321,8,770.14,115.710209,35.850340,343.86,-0.00222313
2001,321,9,866.41,115.711180,35.850502,299.01,-0.00242151
2001,321,10,962.68,115.712113,35.850730,269.11,-0.00214294
2001,321,11,1058.94,115.713021,35.850460,179.41,-0.00212293
2001,321,12,1155.21,115.714087,35.850460,119.60,-0.00424330
2001,321,13,1251.48,115.714766,35.849798,89.70,-0.00234112
2001,321,14,1347.75,115.715230,35.849064,164.46,0.00102912
2001,321,15,1444.01,115.716002,35.848562,269.11,0.00000000
2001,321,16,1540.28,115.716675,35.847889,269.11,-0.00053232
2001,321,17,1636.55,115.717347,35.847216,328.91,-0.00052589
2001,321,18,1732.82,115.718020,35.846543,328.91,-0.00052589
2001,321,19,1829.08,115.718484,35.845810,343.86,-0.00000000
2001,321,20,1925.35,115.719157,35.845137,388.71,-0.00055325
2001,321,21,2021.62,115.719621,35.844404,358.81,0.00000000
2001,321,22,2117.89,115.720084,35.843670,373.76,0.00055325
2001,321,23,2214.16,115.720757,35.842997,343.86,-0.00000000
2001,321,24,2310.42,115.721221,35.842264,328.91,0.00052589
2001,321,25,2406.69,115.721894,35.841591,328.91,0.00052589
2001,321,26,2502.96,115.722457,35.841028,358.81,-0.00000000
2001,322,0,0.00,115.722457,35.841028,313.96,0.00145845
2001,322,1,82.43,115.722727,35.840363,328.91,0.00183362
2001,322,2,164.87,115.723191,35.839755,343.86,0.00148223
2001,322,3,247.30,115.723767,35.839179,328.91,0.00037783
2001,322,4,329.73,115.724344,35.838603,269.11,-0.00000000
2001,323,0,0.00,115.722457,35.841028,1016.64,-0.00000000
2001,323,1,96.40,115.723131,35.841702,1046.54,-0.00000000
2001,323,2,192.80,115.723805,35.842376,777.43,-0.00000000
2001,324,0,0.00,115.724344,35.838603,1046.54,-0.00124144
2001,324,1,89.30,115.724968,35.839227,1240.89,-0.00129273
2001,324,2,178.59,115.725691,35.839681,627.92,-0.00134401
2001,325,0,0.00,115.724344,35.838603,313.96,0.00145850
2001,325,1,82.43,115.724613,35.837938,269.11,0.00183366
2001,325,2,164.87,115.725078,35.837329,313.96,0.00148223
2001,325,3,247.30,115.725654,35.836753,328.91,0.00037782
2001,325,4,329.73,115.726230,35.836177,373.76,0.00000000
2001,326,0,0.00,115.726230,35.836177,299.01,0.00471714
2001,326,1,65.69,115.726480,35.835658,313.96,0.00480487
2001,326,2,131.37,115.727039,35.835369,388.71,0.00489260
2001,327,0,0.00,115.726230,35.836177,1016.64,-0.00144060
2001,327,1,92.00,115.726873,35.836820,1136.24,-0.00324037
2001,327,2,183.99,115.727637,35.837255,702.67,-0.00410279
2001,327,3,275.99,115.728655,35.837255,463.47,-0.00316543
2001,328,0,0.00,115.727039,35.835369,313.96,0.00165935
2001,328,1,90.81,115.727308,35.834628,269.11,0.00142887
2001,328,2,181.61,115.727847,35.833966,269.11,0.00087866
2001,328,3,272.42,115.728315,35.833283,299.01,0.00116718
2001,328,4,363.22,115.728950,35.832649,284.06,0.00229968
2001,328,5,454.03,115.729655,35.832135,254.16,0.00241698
2001,328,6,544.83,115.730503,35.831865,269.11,0.00100501
2001,328,7,635.64,115.731350,35.831596,328.91,0.00000000
2001,329,0,0.00,115.727039,35.835369,1061.49,0.00000000
2001,329,1,96.40,115.727712,35.836042,1016.64,0.00000000
2001,329,2,192.81,115.728386,35.836716,822.28,0.00000000
2001,33,0,0.00,115.266203,35.446758,418.61,0.00269115
2001,33,1,92.16,115.267043,35.447059,358.81,0.00255975
2001,33,2,184.32,115.267686,35.447702,358.81,0.00179053
2001,33,3,276.49,115.268329,35.448345,328.91,-0.00024923
2001,33,4,368.65,115.268763,35.449049,328.91,-0.00179053
2001,33,5,460.81,115.269545,35.449452,313.96,-0.00009442
2001,33,6,552.97,115.270247,35.449993,299.01,0.00121417
2001,33,7,645.13,115.270890,35.450636,269.11,0.00092000
2001,33,8,737.30,115.271533,35.451279,284.06,0.00118371
2001,33,9,829.46,115.271967,35.451983,269.11,0.00060736
2001,33,10,921.62,115.272401,35.452686,254.16,0.00000000
2001,330,0,0.00,115.731350,35.831596,1599.71,-0.00000000
2001,330,1,19.28,115.731485,35.831731,1420.30,-0.00000000
2001,330,2,38.56,115.731620,35.831865,1375.45,-0.00000000
2001,331,0,0.00,115.731350,35.831596,343.86,0.00105246
2001,331,1,98.64,115.731831,35.830846,254.16,0.00175992
2001,331,2,197.29,115.732520,35.830157,194.36,0.00172654
2001,331,3,295.93,115.733351,35.829709,239.21,0.00000840
2001,331,4,394.57,115.734128,35.829170,269.11,-0.00138541
2001,331,5,493.22,115.734854,35.828589,209.31,-0.00066003
2001,331,6,591.86,115.735367,35.827849,209.31,0.00066595
2001,331,7,690.50,115.736156,35.827330,194.36,0.00042502
2001,331,8,789.15,115.736845,35.826640,149.51,0.00054541
2001,331,9,887.79,115.737634,35.826121,209.31,-0.00000000
2001,331,10,986.43,115.738422,35.825602,194.36,0.00100816
2001,331,11,1085.08,115.739112,35.824913,224.26,0.00299478
2001,331,12,1183.72,115.740172,35.824858,179.41,0.00173765
2001,331,13,1282.36,115.741106,35.824589,149.51,0.00181738
2001,331,14,1381.01,115.742173,35.824632,164.46,0.00227770
2001,331,15,1479.65,115.743133,35.824858,194.36,0.00090464
2001,331,16,1578.29,115.744067,35.825128,209.31,0.00014788
2001,331,17,1676.94,115.745002,35.825397,209.31,0.00000000
2001,331,18,1775.58,115.745936,35.825667,209.31,-0.00000000
2001,331,19,1874.22,115.746871,35.825936,239.21,0.00000000
2001,331,20,1972.87,115.747805,35.826206,209.31,0.00000000
2001,331,21,2071.51,115.748740,35.826475,239.21,0.00027186
2001,331,22,2170.15,115.749674,35.826745,209.31,0.00054969
2001,331,23,2268.80,115.750563,35.827093,284.06,0.00144896
2001,331,24,2367.44,115.751451,35.827442,254.16,0.00117113
2001,331,25,2466.08,115.752140,35.828131,179.41,-0.00000000
2001,331,26,2564.73,115.753028,35.828480,209.31,-0.00000000
2001,331,27,2663.37,115.753718,35.829170,179.41,0.00049972
2001,331,28,2762.01,115.754606,35.829519,194.36,0.00155249
2001,331,29,2860.66,115.755086,35.830269,164.46,0.00067266
2001,331,30,2959.30,115.755776,35.830958,194.36,0.00066367
2001,331,31,3057.94,115.756413,35.831662,164.46,0.00200402
2001,331,32,3156.59,115.756683,35.832473,134.55,0.00096024
2001,331,33,3255.23,115.756952,35.833284,134.55,0.00068879
2001,331,34,3353.87,115.757222,35.834095,239.21,0.00090468
2001,331,35,3452.52,115.757222,35.834984,254.16,-0.00000000
2001,331,36,3551.16,115.757404,35.835820,254.16,0.00022937
2001,331,37,3649.80,115.757491,35.836684,239.21,-0.00000000
2001,331,38,3748.45,115.757491,35.837573,284.06,-0.00044526
2001,331,39,3847.09,115.757761,35.838384,299.01,0.00065070
2001,331,40,3945.73,115.757761,35.839273,269.11,0.00065070
2001,331,41,4044.38,115.757761,35.840162,269.11,0.00000000
2001,331,42,4143.02,115.757761,35.841051,269.11,0.00000000
2001,331,43,4241.66,115.757761,35.841940,299.01,-0.00065070
2001,331,44,4340.31,115.757761,35.842829,313.96,-0.00065070
2001,331,45,4438.95,115.758030,35.843640,328.91,0.00000000
2001,331,46,4537.59,115.758030,35.844529,328.91,-0.00000000
2001,331,47,4636.24,115.758300,35.845340,328.91,0.00065070
2001,331,48,4734.88,115.758300,35.846229,373.76,-0.00000000
2001,331,49,4833.52,115.758300,35.847118,343.86,-0.00065070
2001,331,50,4932.17,115.758569,35.847929,328.91,0.00055006
2001,331,51,5030.81,115.758569,35.848818,373.76,-0.00011291
2001,331,52,5129.45,115.758612,35.849695,343.86,-0.00112714
2001,331,53,5228.10,115.758884,35.850505,343.86,0.00022475
2001,331,54,5326.74,115.759108,35.851329,358.81,0.00057708
2001,331,55,5425.38,115.759108,35.852218,358.81,-0.00080062
2001,331,56,5524.03,115.759378,35.853029,328.91,-0.00044618
2001,331,57,5622.67,115.759647,35.853840,313.96,0.00000000
2001,331,58,5721.31,115.759823,35.854679,313.96,-0.00134030
2001,331,59,5819.96,115.760186,35.855462,269.11,-0.00139534
2001,331,60,5918.60,115.760784,35.856178,209.31,0.00000000
2001,331,61,6017.24,115.761264,35.856928,209.31,0.00059530
2001,332,0,0.00,115.731620,35.831865,448.52,0.00000000
2001,332,1,12.18,115.731755,35.831865,448.52,0.00000000
2001,332,2,24.35,115.731889,35.831865,448.52,0.00000000
2001,333,0,0.00,115.731620,35.831865,328.91,-0.00163002
2001,333,1,90.89,115.731350,35.832606,403.66,-0.00109620
2001,333,2,181.78,115.731350,35.833426,328.91,0.00164314
2001,333,3,272.67,115.731177,35.834195,284.06,0.00327200
2001,333,4,363.56,115.730542,35.834830,269.11,0.00269534
2001,334,0,0.00,115.761264,35.856928,269.11,-0.00054895
2001,334,1,98.26,115.762249,35.857105,134.55,-0.00082758
2001,334,2,196.51,115.763283,35.857198,149.51,-0.00082732
2001,334,3,294.77,115.764370,35.857198,209.31,-0.00027422
2001,334,4,393.03,115.765458,35.857198,269.11,0.00082732
2001,334,5,491.29,115.766546,35.857198,299.01,0.00173949
2001,334,6,589.54,115.767476,35.857467,328.91,0.00000000
2001,334,7,687.80,115.768407,35.857737,299.01,-0.00091620
2001,334,8,786.06,115.769495,35.857737,313.96,-0.00000000
2001,334,9,884.31,115.770426,35.858005,299.01,0.00000808
2001,334,10,982.57,115.771513,35.858006,299.01,0.00087321
2001,334,11,1080.83,115.772443,35.858276,284.06,-0.00000404
2001,334,12,1179.08,115.773380,35.858534,299.01,-0.00166831
2001,334,13,1277.34,115.774462,35.858545,328.91,-0.00082732
2001,334,14,1375.60,115.775550,35.858545,358.81,0.00079510
2001,334,15,1473.86,115.776637,35.858545,358.81,0.00082732
2001,334,16,1572.11,115.777568,35.858815,358.81,-0.00082732
2001,334,17,1670.37,115.778656,35.858815,388.71,-0.00000000
2001,334,18,1768.63,115.779743,35.858815,388.71,0.00082732
2001,334,19,1866.88,115.780674,35.859084,358.81,0.00000000
2001,334,20,1965.14,115.781762,35.859084,328.91,0.00000000
2001,334,21,2063.40,115.782692,35.859354,299.01,-0.00000000
2001,334,22,2161.65,115.783780,35.859354,313.96,0.00091216
2001,334,23,2259.91,115.784710,35.859623,328.91,0.00182433
2001,335,0,0.00,115.761264,35.856928,493.37,-0.00866801
2001,335,1,34.23,115.761025,35.857168,209.31,-0.00878317
2001,335,2,68.46,115.760995,35.857467,926.93,-0.00889833
2001,336,0,0.00,115.784710,35.859623,328.91,0.00000000
2001,336,1,99.48,115.785812,35.859623,328.91,0.00000000
2001,336,2,198.96,115.786913,35.859623,328.91,0.00000000
2001,336,3,298.44,115.788014,35.859623,328.91,0.00000000
2001,336,4,397.92,115.789116,35.859623,328.91,0.00000000
2001,336,5,497.40,115.790217,35.859623,358.81,0.00000000
2001,336,6,596.88,115.791319,35.859623,388.71,0.00000000
2001,336,7,696.36,115.792420,35.859623,358.81,0.00000000
2001,336,8,795.84,115.793521,35.859623,358.81,0.00000000
2001,336,9,895.33,115.794623,35.859623,388.71,-0.00080651
2001,336,10,994.81,115.795724,35.859623,388.71,-0.00080651
2001,336,11,1094.29,115.796668,35.859354,388.71,0.00080651
2001,336,12,1193.77,115.797769,35.859354,388.71,0.00080651
2001,336,13,1293.25,115.798871,35.859354,388.71,-0.00080651
2001,336,14,1392.73,115.799972,35.859354,358.81,-0.00080651
2001,336,15,1492.21,115.800916,35.859084,358.81,0.00080651
2001,336,16,1591.69,115.802017,35.859084,358.81,0.00000000
2001,336,17,1691.17,115.803119,35.859084,358.81,-0.00080651
2001,336,18,1790.65,115.804063,35.858815,328.91,-0.00000000
2001,336,19,1890.13,115.805164,35.858815,328.91,-0.00088877
2001,336,20,1989.61,115.806108,35.858545,313.96,0.00000000
2001,336,21,2089.09,115.807052,35.858276,299.01,0.00088877
2001,336,22,2188.57,115.808153,35.858276,299.01,-0.00088562
2001,336,23,2288.05,115.809097,35.858006,269.11,-0.00004394
2001,336,24,2387.53,115.810042,35.857738,299.01,0.00088269
2001,336,25,2487.01,115.811135,35.857723,299.01,-0.00079786
2001,336,26,2586.50,115.812087,35.857467,299.01,-0.00088583
2001,336,27,2685.98,115.813031,35.857198,299.01,-0.00004696
2001,336,28,2785.46,115.813975,35.856928,313.96,0.00023264
2001,336,29,2884.94,115.814919,35.856659,299.01,0.00000000
2001,336,30,2984.42,115.815903,35.856458,269.11,-0.00046760
2001,336,31,3083.90,115.816807,35.856120,284.06,-0.00000000
2001,336,32,3183.38,115.817751,35.855850,284.06,0.00023496
2001,336,33,3282.86,115.818695,35.855581,269.11,-0.00092329
2001,336,34,3382.34,115.819639,35.855311,284.06,-0.00092329
2001,336,35,3481.82,115.820425,35.854772,299.01,0.00003093
2001,336,36,3581.30,115.821369,35.854503,299.01,0.00000000
2001,336,37,3680.78,115.822161,35.853973,299.01,-0.00006183
2001,336,38,3780.26,115.823100,35.853694,299.01,0.00007494
2001,336,39,3879.74,115.823886,35.853155,299.01,0.00003090
2001,336,40,3979.22,115.824843,35.852908,299.01,-0.00031885
2001,336,41,4078.70,115.825617,35.852347,254.16,-0.00000000
2001,336,42,4178.18,115.826532,35.852028,254.16,0.00041445
2001,336,43,4277.67,115.827348,35.851538,254.16,0.00021376
2001,336,44,4377.15,115.828292,35.851269,284.06,-0.00017054
2001,336,45,4476.63,115.829115,35.850792,254.16,0.00049666
2001,336,46,4576.11,115.830022,35.850460,269.11,0.00025793
2001,336,47,4675.59,115.830966,35.850191,254.16,-0.00074547
2001,336,48,4775.07,115.831797,35.849727,239.21,-0.00051383
2001,336,49,4874.55,115.832691,35.849372,269.11,-0.00077372
2001,336,50,4974.03,115.833483,35.848843,269.11,0.00025590
2001,336,51,5073.51,115.834280,35.848322,269.11,0.00256567
2001,336,52,5172.99,115.835214,35.848035,254.16,0.00261857
2001,336,53,5272.47,115.836315,35.848035,239.21,0.00166818
2001,336,54,5371.95,115.837417,35.848035,209.31,0.00080651
2001,336,55,5471.43,115.838361,35.848304,209.31,-0.00000000
2001,336,56,5570.91,115.839462,35.848304,194.36,0.00088877
2001,336,57,5670.39,115.840406,35.848574,239.21,0.00088877
2001,336,58,5769.87,115.841350,35.848843,254.16,0.00000000
2001,336,59,5869.36,115.842294,35.849113,269.11,0.00039428
2001,336,60,5968.84,115.843238,35.849382,269.11,0.00068816
2001,336,61,6068.32,115.844114,35.849767,284.06,0.00077292
2001,336,62,6167.80,115.845009,35.850122,284.06,0.00046858
2001,336,63,6267.28,115.845803,35.850647,269.11,-0.00088569
2001,336,64,6366.76,115.846699,35.850999,239.21,-0.00056022
2001,336,65,6466.24,115.847643,35.851269,254.16,0.00118289
2001,336,66,6565.72,115.848485,35.851713,284.06,0.00113555
2001,336,67,6665.20,115.849280,35.852238,254.16,-0.00017113
2001,336,68,6764.68,115.850075,35.852763,328.91,-0.00056487
2001,336,69,6864.16,115.850947,35.853155,299.01,-0.00025295
2001,336,70,6963.64,115.851763,35.853643,328.91,-0.00000000
2001,336,71,7063.12,115.852657,35.853998,299.01,0.00069175
2001,336,72,7162.60,115.853452,35.854523,328.91,0.00058793
2001,336,73,7262.08,115.854247,35.855049,328.91,-0.00000000
2001,336,74,7361.56,115.855037,35.855581,328.91,0.00035811
2001,336,75,7461.04,115.855836,35.856099,358.81,-0.00009494
2001,336,76,7560.53,115.856437,35.856659,373.76,-0.00029794
2001,336,77,7660.01,115.857316,35.857040,373.76,0.00009494
2001,336,78,7759.49,115.858011,35.857735,373.76,-0.00088561
2001,336,79,7858.97,115.858905,35.858090,403.66,0.00000000
2001,336,80,7958.45,115.859741,35.858545,418.61,0.00089164
2001,336,81,8057.93,115.860494,35.859140,403.66,-0.00056487
2001,336,82,8157.41,115.861314,35.859623,418.61,-0.00089804
2001,336,83,8256.89,115.862183,35.860021,388.71,0.00023518
2001,336,84,8356.37,115.863044,35.860432,403.66,0.00062492
2001,336,85,8455.85,115.863831,35.860971,388.71,0.00041895
2001,336,86,8555.33,115.864666,35.861426,433.57,0.00053870
2001,336,87,8654.81,115.865404,35.862049,448.52,-0.00000000
2001,336,88,8754.29,115.866191,35.862588,418.61,-0.00072225
2001,336,89,8853.77,115.866977,35.863127,448.52,0.00000000
2001,336,90,8953.25,115.867845,35.863527,448.52,0.00090316
2001,336,91,9052.73,115.868551,35.864205,448.52,-0.00003341
2001,336,92,9152.21,115.869335,35.864747,418.61,-0.00053575
2001,336,93,9251.70,115.870130,35.865272,418.61,-0.00062072
2001,336,94,9351.18,115.870924,35.865797,418.61,-0.00056487
2001,336,95,9450.66,115.871818,35.866152,403.66,0.00056487
2001,336,96,9550.14,115.872613,35.866678,358.81,0.00110062
2001,336,97,9649.62,115.873408,35.867203,373.76,0.00053575
2001,336,98,9749.10,115.874103,35.867898,388.71,-0.00019455
2001,336,99,9848.58,115.874898,35.868423,388.71,-0.00053575
2001,336,100,9948.06,115.875630,35.869056,373.76,-0.00013864
2001,336,101,10047.54,115.876487,35.869474,373.76,0.00103353
2001,336,102,10147.02,115.877182,35.870169,328.91,0.00033319
2001,336,103,10246.50,115.877878,35.870864,313.96,-0.00049778
2001,336,104,10345.98,115.878672,35.871389,328.91,0.00049778
2001,336,105,10445.46,115.879368,35.872085,388.71,0.00000000
2001,336,106,10544.94,115.880063,35.872780,418.61,-0.00103353
2001,336,107,10644.42,115.880858,35.873305,403.66,-0.00053575
2001,336,108,10743.90,115.881652,35.873830,448.52,0.00053575
2001,336,109,10843.38,115.882447,35.874356,448.52,0.00053575
2001,336,110,10942.87,115.883142,35.875051,463.47,0.00049778
2001,336,111,11042.35,115.883937,35.875576,463.47,0.00150679
2001,336,112,11141.83,115.884423,35.876332,508.32,0.00201802
2001,337,0,0.00,115.784710,35.859623,1061.49,0.00156628
2001,337,1,81.31,115.784351,35.860252,822.28,0.00000000
2001,337,2,162.62,115.783783,35.860820,822.28,-0.00238007
2001,337,3,243.93,115.783632,35.861510,,-0.00319387
2001,338,0,0.00,115.884423,35.876332,463.47,0.00344003
2001,338,1,97.12,115.885301,35.876671,448.52,0.00335036
2001,338,2,194.24,115.885771,35.877410,418.61,0.00326068
2001,339,0,0.00,115.884423,35.876332,1779.11,-0.00145347
2001,339,1,98.51,115.883735,35.877021,1255.84,-0.00339141
2001,339,2,197.02,115.883345,35.877796,702.67,-0.00705931
2001,339,3,295.53,115.883706,35.878579,508.32,-0.00694011
2001,339,4,394.04,115.884693,35.878757,508.32,-0.00509094
2001,34,0,0.00,115.266203,35.446758,1794.06,0.00000000
2001,34,1,85.43,115.265607,35.447353,1794.06,0.00068155
2001,34,2,170.85,115.265011,35.447949,926.93,0.00142106
2001,34,3,256.28,115.264316,35.448375,568.12,0.00147900
2001,340,0,0.00,115.885771,35.877410,1629.61,-0.00115139
2001,340,1,92.06,115.885127,35.878053,1270.79,-0.00118213
2001,340,2,184.12,115.884693,35.878757,747.53,-0.00121286
2001,341,0,0.00,115.885771,35.877410,568.12,0.00424948
2001,341,1,87.56,115.886582,35.877682,523.27,0.00414687
2001,341,2,175.13,115.886985,35.878354,478.42,0.00202212
2001,341,3,262.69,115.887388,35.879027,553.17,0.00000000
2001,342,0,0.00,115.884693,35.878757,583.07,-0.00582686
2001,342,1,83.67,115.884693,35.879511,448.52,-0.00663756
2001,342,2,167.35,115.885395,35.879835,538.22,-0.00762476
2001,342,3,251.02,115.886164,35.880105,702.67,-0.00767915
2001,342,4,334.70,115.886803,35.879612,1539.90,-0.00415263
2001,342,5,418.37,115.887388,35.879027,1435.25,-0.00074821
2001,343,0,0.00,115.887388,35.879027,508.32,0.00487066
2001,343,1,80.62,115.888051,35.879420,508.32,0.00477144
2001,343,2,161.25,115.888196,35.880105,583.07,0.00467222
2001,344,0,0.00,115.888196,35.880105,583.07,0.00255576
2001,344,1,80.48,115.888930,35.880374,508.32,0.00267626
2001,344,2,160.96,115.889520,35.880890,463.47,0.00160340
2001,344,3,241.44,115.890083,35.881452,448.52,0.00041004
2001,345,0,0.00,115.888196,35.880105,1345.55,-0.00185633
2001,345,1,72.78,115.887688,35.880614,702.67,-0.00191163
2001,345,2,145.56,115.887388,35.881183,433.57,-0.00196693
2001,346,0,0.00,115.890083,35.881452,1121.29,0.00332540
2001,346,1,87.22,115.890692,35.880843,1121.29,0.00432206
2001,346,2,174.45,115.891542,35.880644,478.42,0.00342587
2001,346,3,261.67,115.892508,35.880644,89.70,0.00153300
2001,347,0,0.00,115.890083,35.881452,493.37,0.00351103
2001,347,1,86.40,115.890352,35.882153,403.66,0.00260729
2001,347,2,172.79,115.890083,35.882854,373.76,0.00133088
2001,347,3,259.19,115.890083,35.883632,313.96,0.00181831
2001,347,4,345.59,115.889669,35.884291,284.06,0.00127646
2001,347,5,431.98,115.889274,35.884956,179.41,-0.00012550
2001,348,0,0.00,115.889274,35.884956,1106.34,0.00000000
2001,348,1,48.67,115.888735,35.884956,1210.99,0.00000000
2001,348,2,97.34,115.888196,35.884956,687.72,0.00000000
2001,349,0,0.00,115.889274,35.884956,299.01,0.00406803
2001,349,1,99.21,115.889329,35.885710,209.31,0.00373821
2001,349,2,198.43,115.888635,35.886403,179.41,0.00220459
2001,349,3,297.64,115.887942,35.887097,239.21,0.00089043
2001,349,4,396.86,115.887149,35.887620,239.21,0.00000000
2001,349,5,496.07,115.886383,35.888190,254.16,-0.00075959
2001,349,6,595.29,115.885662,35.888837,239.21,-0.00000000
2001,349,7,694.50,115.884969,35.889531,328.91,0.00078724
2001,349,8,793.72,115.884176,35.890054,343.86,0.00053865
2001,349,9,892.93,115.883404,35.890615,373.76,0.00024334
2001,349,10,992.14,115.882590,35.891101,358.81,0.00056794
2001,349,11,1091.36,115.881797,35.891625,343.86,0.00044556
2001,349,12,1190.57,115.880904,35.891978,373.76,-0.00056794
2001,349,13,1289.79,115.880111,35.892502,373.76,-0.00113589
2001,35,0,0.00,115.110435,35.416844,792.38,-0.00385269
2001,35,1,83.49,115.109896,35.417439,1495.05,-0.00382139
2001,35,2,166.98,115.109896,35.418191,822.28,-0.00379010
2001,350,0,0.00,115.880111,35.892502,373.76,0.00119486
2001,350,1,96.85,115.879335,35.893009,448.52,0.00121143
2001,350,2,193.70,115.878459,35.893345,448.52,0.00122766
2001,350,3,290.55,115.877583,35.893682,493.37,0.00121013
2001,350,4,387.40,115.876608,35.893849,538.22,0.00119294
2001,351,0,0.00,115.880111,35.892502,1510.00,-0.00188919
2001,351,1,74.22,115.880421,35.893081,1524.95,-0.00183643
2001,351,2,148.44,115.880940,35.893600,1495.05,-0.00089184
2001,351,3,222.66,115.881459,35.894119,59.80,-0.00000000
2001,352,0,0.00,115.876608,35.893849,553.17,0.00108172
2001,352,1,99.58,115.876021,35.894436,493.37,0.00103099
2001,352,2,199.17,115.875226,35.894962,493.37,-0.00004429
2001,352,3,298.75,115.874430,35.895488,508.32,-0.00001284
2001,352,4,398.33,115.873734,35.896184,448.52,0.00104111
2001,352,5,497.91,115.872841,35.896544,448.52,-0.00007025
2001,352,6,597.50,115.872053,35.897083,418.61,-0.00058978
2001,352,7,697.08,115.871265,35.897622,418.61,0.00000000
2001,352,8,796.66,115.870477,35.898161,403.66,0.00022200
2001,352,9,896.25,115.869689,35.898700,373.76,0.00026432
2001,352,10,995.83,115.868861,35.899171,358.81,0.00042458
2001,352,11,1095.41,115.868065,35.899697,373.76,0.00035656
2001,352,12,1194.99,115.867170,35.900053,388.71,-0.00062965
2001,352,13,1294.58,115.866379,35.900586,328.91,-0.00051310
2001,352,14,1394.16,115.865591,35.901125,358.81,-0.00040572
2001,352,15,1493.74,115.864784,35.901631,284.06,-0.00055912
2001,352,16,1593.33,115.864087,35.902327,328.91,-0.00006254
2001,352,17,1692.91,115.863292,35.902853,328.91,-0.00000000
2001,352,18,1792.49,115.862596,35.903549,284.06,0.00053443
2001,352,19,1892.08,115.861800,35.904076,299.01,0.00000000
2001,352,20,1991.66,115.861004,35.904602,299.01,-0.00203749
2001,352,21,2091.24,115.860308,35.905298,254.16,-0.00357006
2001,352,22,2190.82,115.860030,35.906115,179.41,-0.00275944
2001,352,23,2290.41,115.860169,35.906897,209.31,-0.00099336
2001,352,24,2389.99,115.860169,35.907794,119.60,-0.00141838
2001,352,25,2489.57,115.860438,35.908614,134.55,-0.00136442
2001,352,26,2589.16,115.860881,35.909383,194.36,0.00019621
2001,352,27,2688.74,115.861247,35.910175,194.36,0.00000000
2001,352,28,2788.32,115.861516,35.910995,254.16,-0.00012939
2001,352,29,2887.90,115.862055,35.911736,269.11,0.00044662
2001,352,30,2987.49,115.862202,35.912591,313.96,-0.00125005
2001,352,31,3087.07,115.862689,35.913348,328.91,-0.00033598
2001,352,32,3186.65,115.863386,35.914044,328.91,0.00158208
2001,352,33,3286.24,115.863455,35.914921,313.96,-0.00053118
2001,352,34,3385.82,115.863942,35.915678,313.96,-0.00213267
2001,353,0,0.00,115.876608,35.893849,1794.06,0.00174092
2001,353,1,71.34,115.876109,35.893350,1689.41,0.00199145
2001,353,2,142.67,115.875800,35.892797,1240.89,0.00132197
2001,353,3,214.01,115.875530,35.892232,672.77,0.00040195
2001,354,0,0.00,115.863942,35.915678,1315.65,-0.00241044
2001,354,1,67.61,115.863370,35.915981,1106.34,-0.00120522
2001,354,2,135.22,115.862897,35.916453,822.28,0.00120522
2001,354,3,202.83,115.862325,35.916756,74.75,0.00241044
2001,355,0,0.00,115.863942,35.915678,388.71,0.00210280
2001,355,1,68.45,115.864420,35.916157,343.86,0.00329712
2001,355,2,136.90,115.864690,35.916696,358.81,0.00333919
2001,355,3,205.35,115.864750,35.917295,373.76,0.00218695
2001,356,0,0.00,115.864750,35.917295,373.76,0.00050074
2001,356,1,96.21,115.865522,35.917798,388.71,0.00057438
2001,356,2,192.42,115.866252,35.918373,358.81,0.00008280
2001,356,3,288.63,115.866967,35.918973,313.96,-0.00000000
2001,356,4,384.84,115.867739,35.919476,299.01,-0.00016637
2001,356,5,481.05,115.868412,35.920148,239.21,-0.00118010
2001,356,6,577.25,115.869255,35.920529,239.21,-0.00086942
2001,356,7,673.46,115.870055,35.920983,194.36,-0.00077449
2001,356,8,769.67,115.870914,35.921338,149.51,-0.00098737
2001,356,9,865.88,115.871823,35.921607,149.51,-0.00092831
2001,356,10,962.09,115.872731,35.921876,149.51,-0.00095352
2001,356,11,1058.30,115.873740,35.921973,164.46,-0.00065808
2001,356,12,1154.51,115.874706,35.922146,194.36,-0.00086405
2001,356,13,1250.72,115.875772,35.922146,269.11,-0.00054093
2001,356,14,1346.93,115.876838,35.922146,299.01,0.00000000
2001,356,15,1443.14,115.877904,35.922146,358.81,0.00000000
2001,356,16,1539.34,115.878970,35.922146,328.91,0.00000000
2001,356,17,1635.55,115.880036,35.922146,358.81,0.00000000
2001,356,18,1731.76,115.881102,35.922146,358.81,0.00086405
2001,356,19,1827.97,115.882167,35.922146,358.81,0.00181756
2001,356,20,1924.18,115.883076,35.922415,388.71,0.00190704
2001,357,0,0.00,115.864750,35.917295,1181.09,-0.00224200
2001,357,1,69.98,115.864162,35.917614,792.38,-0.00214321
2001,357,2,139.96,115.863672,35.918104,642.87,-0.00204442
2001,358,0,0.00,115.883076,35.922415,1794.06,0.00000000
2001,358,1,80.41,115.883076,35.923140,1510.00,0.00098552
2001,358,2,160.82,115.883076,35.923865,717.63,0.00299412
2001,358,3,241.23,115.882806,35.924512,568.12,0.00309716
2001,358,4,321.63,115.882291,35.925087,508.32,0.00125198
2001,358,5,402.04,115.881728,35.925649,418.61,0.00032682
2001,359,0,0.00,115.883076,35.922415,418.61,0.00113025
2001,359,1,98.84,115.883966,35.922065,403.66,0.00223833
2001,359,2,197.67,115.884951,35.921876,358.81,0.00253593
2001,359,3,296.51,115.885944,35.922050,313.96,0.00032431
2001,359,4,395.34,115.886984,35.922146,328.91,-0.00000000
2001,359,5,494.18,115.888079,35.922146,299.01,0.00053841
2001,359,6,593.02,115.889016,35.922415,358.81,0.00090110
2001,359,7,691.85,115.890111,35.922415,388.71,0.00274541
2001,359,8,790.69,115.890891,35.922954,418.61,0.00368863
2001,36,0,0.00,115.110435,35.416844,313.96,-0.00114476
2001,36,1,99.63,115.109542,35.416490,299.01,-0.00085437
2001,36,2,199.26,115.108553,35.416305,299.01,-0.00058654
2001,36,3,298.89,115.107612,35.416035,328.91,-0.00058309
2001,36,4,398.53,115.106569,35.415942,284.06,0.00027398
2001,36,5,498.16,115.105578,35.415759,299.01,0.00084359
2001,36,6,597.79,115.104633,35.415496,328.91,0.00031256
2001,36,7,697.42,115.103692,35.415227,269.11,0.00002385
2001,36,8,797.05,115.102751,35.414957,269.11,0.00000000
2001,36,9,896.68,115.101810,35.414687,299.01,0.00057002
2001,36,10,996.32,115.100869,35.414418,239.21,0.00091925
2001,36,11,1095.95,115.100026,35.413980,284.06,-0.00022903
2001,36,12,1195.58,115.099143,35.413610,239.21,-0.00091925
2001,36,13,1295.21,115.098202,35.413340,209.31,-0.00012549
2001,36,14,1394.84,115.097261,35.413071,179.41,0.00050464
2001,36,15,1494.47,115.096357,35.412737,224.26,0.00035452
2001,36,16,1594.11,115.095465,35.412384,119.60,0.00006774
2001,36,17,1693.74,115.094572,35.412030,149.51,0.00114549
2001,36,18,1793.37,115.093680,35.411677,134.55,0.00217906
2001,36,19,1893.00,115.092985,35.410982,239.21,0.00161366
2001,36,20,1992.63,115.092290,35.410287,284.06,0.00154277
2001,36,21,2092.26,115.091840,35.409521,269.11,0.00086988
2001,36,22,2191.90,115.091526,35.408714,313.96,-0.00000000
2001,36,23,2291.53,115.091040,35.407959,299.01,0.00062996
2001,36,24,2391.16,115.090762,35.407142,343.86,0.00107432
2001,360,0,0.00,115.863672,35.918104,373.76,0.01771593
2001,360,1,38.55,115.863942,35.918373,418.61,0.01771593
2001,360,2,77.09,115.863672,35.918643,239.21,0.01771593
2001,361,0,0.00,115.863672,35.918104,373.76,-0.01071340
2001,361,1,31.43,115.863453,35.917884,343.86,-0.01111395
2001,361,2,62.87,115.863133,35.917834,553.17,-0.01151450
2001,362,0,0.00,115.881728,35.925649,,-0.00347669
2001,362,1,68.45,115.881459,35.926188,,-0.00564301
2001,362,2,136.89,115.881519,35.926788,119.60,-0.00607117
2001,362,3,205.34,115.881998,35.927266,254.16,-0.00433300
2001,363,0,0.00,115.881728,35.925649,508.32,0.00723107
2001,363,1,57.82,115.881324,35.925245,254.16,0.00819474
2001,363,2,115.63,115.881459,35.924841,119.60,0.00915840
2001,364,0,0.00,115.890891,35.922954,1674.46,0.00000000
2001,364,1,72.65,115.890891,35.923609,1181.09,-0.00121209
2001,364,2,145.31,115.890891,35.924264,568.12,-0.00249898
2001,364,3,217.96,115.891161,35.924841,478.42,-0.00257377
2001,365,0,0.00,115.890891,35.922954,448.52,0.00326508
2001,365,1,74.34,115.891557,35.922685,358.81,0.00457610
2001,365,2,148.68,115.892381,35.922685,328.91,0.00457610
2001,365,3,223.02,115.893047,35.922954,358.81,0.00326508
2001,366,0,0.00,115.891161,35.924841,598.02,0.00440345
2001,366,1,50.71,115.891615,35.925025,373.76,0.00418727
2001,366,2,101.41,115.891969,35.925380,358.81,0.00397109
2001,367,0,0.00,115.891161,35.924841,792.38,-0.00000000
2001,367,1,38.54,115.890891,35.925110,642.87,-0.00000000
2001,367,2,77.09,115.890622,35.925380,568.12,-0.00000000
2001,368,0,0.00,115.893047,35.922954,299.01,0.00534819
2001,368,1,55.76,115.893665,35.922954,343.86,0.00559585
2001,368,2,111.51,115.894125,35.923224,343.86,0.00584350
2001,369,0,0.00,115.893047,35.922954,1480.10,0.00000000
2001,369,1,74.76,115.893047,35.923628,1181.09,0.00000000
2001,369,2,149.51,115.893047,35.924302,642.87,0.00000000
2001,37,0,0.00,115.272401,35.452686,1450.20,0.00306151
2001,37,1,82.42,115.271826,35.453261,1794.06,0.00322201
2001,37,2,164.83,115.271054,35.453495,837.23,0.00338251
2001,370,0,0.00,115.891969,35.925380,343.86,-0.00892201
2001,370,1,43.59,115.892452,35.925380,403.66,-0.00911103
2001,370,2,87.19,115.892778,35.925110,612.97,-0.00930005
2001,371,0,0.00,115.891969,35.925380,493.37,0.00609191
2001,371,1,75.03,115.891295,35.925649,568.12,0.00609191
2001,371,2,150.05,115.890622,35.925380,583.07,0.00609191
2001,372,0,0.00,115.890622,35.925380,598.02,0.00000000
2001,372,1,77.71,115.889761,35.925380,373.76,0.00134294
2001,372,2,155.41,115.888900,35.925380,373.76,0.00283255
2001,372,3,233.12,115.888196,35.925110,388.71,0.00297921
2001,374,0,0.00,115.894125,35.923224,358.81,0.00002643
2001,374,1,97.61,115.895207,35.923224,358.81,0.00083872
2001,374,2,195.22,115.896286,35.923229,299.01,0.00081056
2001,374,3,292.83,115.897212,35.923493,254.16,-0.00000000
2001,374,4,390.44,115.898294,35.923493,239.21,0.00189929
2001,374,5,488.05,115.899218,35.923763,149.51,0.00313703
2001,374,6,585.65,115.899984,35.924302,119.60,0.00169564
2001,374,7,683.26,115.900692,35.924940,164.46,0.00085464
2001,374,8,780.87,115.901375,35.925623,209.31,0.00077047
2001,374,9,878.48,115.901941,35.926339,194.36,0.00100936
2001,374,10,976.09,115.902480,35.927063,254.16,0.00027414
2001,374,11,1073.70,115.902795,35.927851,284.06,-0.00078016
2001,374,12,1171.31,115.903478,35.928534,284.06,0.00013360
2001,374,13,1268.92,115.903951,35.929277,299.01,0.00053733
2001,374,14,1366.53,115.904424,35.930020,299.01,-0.00049133
2001,374,15,1464.14,115.904898,35.930763,284.06,-0.00161270
2001,374,16,1561.75,115.905471,35.931335,254.16,-0.00163143
2001,374,17,1659.35,115.906252,35.931848,224.26,-0.00102011
2001,375,0,0.00,115.894125,35.923224,1405.35,0.00269202
2001,375,1,98.35,115.894125,35.924110,792.38,0.00274766
2001,375,2,196.70,115.893586,35.924841,747.53,0.00280329
2001,376,0,0.00,115.893047,35.924302,837.23,-0.00560655
2001,376,1,49.17,115.892778,35.924667,433.57,-0.00549528
2001,376,2,98.35,115.892778,35.925110,358.81,-0.00538400
2001,377,0,0.00,115.893047,35.924302,493.37,0.00000000
2001,377,1,38.54,115.893317,35.924571,373.76,0.00000000
2001,377,2,77.09,115.893586,35.924841,373.76,0.00000000
2001,379,0,0.00,115.892778,35.925110,328.91,-0.01354103
2001,379,1,50.71,115.893182,35.925380,313.96,-0.01354103
2001,379,2,101.41,115.893586,35.925110,478.42,-0.01354103
2001,38,0,0.00,115.272401,35.452686,328.91,0.00089088
2001,38,1,87.85,115.273014,35.453299,284.06,0.00154820
2001,38,2,175.70,115.273479,35.453955,299.01,0.00175066
2001,38,3,263.55,115.273749,35.454668,343.86,0.00064790
2001,38,4,351.40,115.274018,35.455381,373.76,-0.00000000
2001,380,0,0.00,115.893586,35.924841,254.16,0.00000000
2001,380,1,14.95,115.893586,35.924976,254.16,0.00000000
2001,380,2,29.90,115.893586,35.925110,358.81,0.00000000
2001,383,0,0.00,115.893586,35.925110,403.66,-0.01071415
2001,383,1,31.43,115.893806,35.925330,373.76,-0.01111481
2001,383,2,62.87,115.894125,35.925380,343.86,-0.01151547
2001,39,0,0.00,115.090762,35.407142,373.76,0.00338402
2001,39,1,82.97,115.089986,35.406905,269.11,0.00464725
2001,39,2,165.94,115.089414,35.406324,269.11,0.00562148
2001,39,3,248.90,115.089245,35.405625,299.01,0.00394935
2001,39,4,331.87,115.089414,35.404986,388.71,0.00256622
2001,4,0,0.00,115.211226,35.409298,493.37,0.01343144
2001,4,1,50.88,115.211630,35.409028,269.11,0.01343144
2001,4,2,101.76,115.212034,35.409298,299.01,0.01343144
2001,40,0,0.00,115.090762,35.407142,852.18,0.00000000
2001,40,1,77.28,115.091301,35.406603,837.23,0.00000000
2001,40,2,154.57,115.091840,35.406064,747.53,0.00000000
2001,41,0,0.00,115.274018,35.455381,388.71,0.00364294
2001,41,1,94.55,115.274875,35.455700,373.76,0.00355121
2001,41,2,189.10,115.275326,35.456420,343.86,0.00115358
2001,41,3,283.65,115.275777,35.457141,343.86,-0.00009493
2001,41,4,378.20,115.276437,35.457800,328.91,0.00234781
2001,41,5,472.74,115.276713,35.458572,373.76,0.00259795
2001,41,6,567.29,115.276713,35.459424,388.71,0.00146274
2001,42,0,0.00,115.274018,35.455381,1016.64,0.00000000
2001,42,1,57.95,115.273614,35.455786,926.93,0.00000000
2001,42,2,115.90,115.273210,35.456190,867.13,0.00000000
2001,43,0,0.00,115.089414,35.404986,299.01,0.00000000
2001,43,1,19.32,115.089280,35.404851,269.11,0.00000000
2001,43,2,38.64,115.089145,35.404716,269.11,0.00000000
2001,44,0,0.00,115.089414,35.404986,1794.06,-0.00000000
2001,44,1,63.12,115.089953,35.404716,1001.69,-0.00000000
2001,44,2,126.25,115.090492,35.404447,269.11,-0.00000000
2001,45,0,0.00,115.089145,35.404716,403.66,0.00809731
2001,45,1,73.70,115.088433,35.404544,284.06,0.00786056
2001,45,2,147.40,115.088336,35.403908,328.91,0.00762381
2001,46,0,0.00,115.089145,35.404716,807.33,-0.00000000
2001,46,1,57.96,115.089549,35.404312,941.88,-0.00000000
2001,46,2,115.93,115.089953,35.403908,822.28,-0.00000000
2001,47,0,0.00,115.276713,35.459424,463.47,0.00102079
2001,47,1,97.72,115.277494,35.459935,433.57,0.00222181
2001,47,2,195.44,115.278066,35.460507,418.61,0.00272754
2001,47,3,293.16,115.278330,35.461310,463.47,0.00203226
2001,48,0,0.00,115.276713,35.459424,1360.50,0.00570415
2001,48,1,89.48,115.276040,35.459963,1151.19,0.00548996
2001,48,2,178.95,115.275168,35.459765,657.82,0.00475635
2001,48,3,268.43,115.274248,35.459653,358.81,0.00504048
2001,48,4,357.90,115.273749,35.458992,313.96,0.00192764
2001,48,5,447.38,115.273416,35.458283,313.96,-0.00058449
2001,48,6,536.85,115.272693,35.457830,358.81,0.00099438
2001,48,7,626.33,115.272486,35.457084,343.86,-0.00067296
2001,48,8,715.81,115.271862,35.456459,358.81,-0.00251490
2001,49,0,0.00,115.088336,35.403908,358.81,0.00416571
2001,49,1,99.87,115.087528,35.403528,284.06,0.00325042
2001,49,2,199.74,115.087258,35.402707,299.01,0.00002223
2001,49,3,299.60,115.086719,35.401964,358.81,-0.00090584
2001,49,4,399.47,115.086088,35.401390,343.86,0.00072004
2001,49,5,499.34,115.085641,35.400621,313.96,0.00090584
2001,49,6,599.21,115.085112,35.399875,358.81,0.00106529
2001,49,7,699.08,115.084833,35.399057,373.76,0.00127999
2001,5,0,0.00,115.209339,35.408489,418.61,0.00046153
2001,5,1,99.57,115.208728,35.409028,433.57,0.00062428
2001,5,2,199.14,115.207961,35.409598,328.91,0.00049176
2001,5,3,298.70,115.207159,35.410106,299.01,-0.00048424
2001,5,4,398.27,115.206375,35.410645,254.16,-0.00053639
2001,5,5,497.84,115.205681,35.411340,239.21,-0.00001414
2001,5,6,597.41,115.204887,35.411863,239.21,-0.00099127
2001,5,7,696.98,115.204219,35.412566,209.31,-0.00086769
2001,5,8,796.54,115.203707,35.413313,254.16,0.00049279
2001,5,9,896.11,115.203013,35.414008,239.21,0.00042944
2001,5,10,995.68,115.202318,35.414702,269.11,0.00049848
2001,5,11,1095.25,115.201624,35.415397,239.21,0.00049848
2001,5,12,1194.82,115.200830,35.415920,239.21,-0.00000000
2001,5,13,1294.38,115.200136,35.416615,224.26,0.00000000
2001,5,14,1393.95,115.199343,35.417139,224.26,-0.00030824
2001,5,15,1493.52,115.198648,35.417833,179.41,0.00015842
2001,5,16,1593.09,115.197915,35.418461,224.26,0.00063061
2001,5,17,1692.65,115.197131,35.419000,269.11,0.00021234
2001,5,18,1792.22,115.196367,35.419575,209.31,0.00021403
2001,5,19,1891.79,115.195574,35.420099,239.21,0.00016563
2001,5,20,1991.36,115.194781,35.420622,254.16,0.00000000
2001,5,21,2090.93,115.193988,35.421146,254.16,0.00076498
2001,5,22,2190.49,115.193194,35.421670,269.11,0.00071317
2001,5,23,2290.06,115.192268,35.421964,284.06,0.00003198
2001,5,24,2389.63,115.191484,35.422503,269.11,0.00144157
2001,5,25,2489.20,115.190543,35.422773,299.01,0.00092046
2001,5,26,2588.77,115.189527,35.422911,328.91,-0.00100780
2001,5,27,2688.33,115.188663,35.423312,358.81,0.00000000
2001,5,28,2787.90,115.187743,35.423617,328.91,-0.00000000
2001,5,29,2887.47,115.186782,35.423851,328.91,-0.00092046
2001,5,30,2987.04,115.185959,35.424324,373.76,0.00034622
2001,5,31,3086.61,115.185057,35.424659,373.76,0.00092046
2001,5,32,3186.17,115.184117,35.424928,388.71,0.00022425
2001,5,33,3285.74,115.183176,35.425198,388.71,-0.00000000
2001,5,34,3385.31,115.182236,35.425467,388.71,-0.00000000
2001,5,35,3484.88,115.181296,35.425737,388.71,0.00054655
2001,5,36,3584.45,115.180355,35.426006,403.66,0.00088637
2001,5,37,3684.01,115.179320,35.426112,373.76,0.00003404
2001,5,38,3783.58,115.178318,35.426276,388.71,-0.00000000
2001,5,39,3883.15,115.177338,35.426477,388.71,0.00008612
2001,5,40,3982.72,115.176282,35.426545,388.71,-0.00000000
2001,5,41,4082.29,115.175341,35.426815,418.61,0.00088327
2001,5,42,4181.85,115.174245,35.426815,448.52,0.00000000
2001,5,43,4281.42,115.173177,35.426865,403.66,-0.00050769
2001,5,44,4380.99,115.172208,35.427084,418.61,0.00080478
2001,5,45,4480.56,115.171112,35.427084,358.81,0.00064885
2001,5,46,4580.12,115.170015,35.427084,418.61,0.00080478
2001,5,47,4679.69,115.168919,35.427084,388.71,0.00080478
2001,5,48,4779.26,115.167979,35.426815,418.61,-0.00080478
2001,5,49,4878.83,115.166882,35.426815,388.71,-0.00080478
2001,5,50,4978.40,115.165786,35.426815,358.81,0.00000000
2001,5,51,5077.96,115.164690,35.426815,388.71,0.00000000
2001,5,52,5177.53,115.163593,35.426815,388.71,0.00000000
2001,5,53,5277.10,115.162497,35.426815,358.81,0.00000000
2001,5,54,5376.67,115.161400,35.426815,358.81,0.00080478
2001,5,55,5476.24,115.160304,35.426815,388.71,0.00165173
2001,5,56,5575.80,115.159364,35.426545,388.71,-0.00000000
2001,5,57,5675.37,115.158417,35.426288,358.81,-0.00158617
2001,5,58,5774.94,115.157327,35.426276,358.81,-0.00147844
2001,50,0,0.00,115.088336,35.403908,1435.25,0.00000000
2001,50,1,89.53,115.089010,35.403369,926.93,0.00000000
2001,50,2,179.05,115.089684,35.402830,792.38,0.00000000
2001,51,0,0.00,115.278330,35.461310,478.42,0.00197204
2001,51,1,74.87,115.278999,35.461580,358.81,0.00425685
2001,51,2,149.75,115.279572,35.462014,358.81,0.00556066
2001,51,3,224.62,115.279678,35.462658,388.71,0.00457967
2001,52,0,0.00,115.278330,35.461310,1255.84,-0.00282787
2001,52,1,97.57,115.277649,35.461991,837.23,-0.00448667
2001,52,2,195.15,115.277522,35.462833,418.61,-0.00811717
2001,52,3,292.72,115.277996,35.463466,508.32,-0.00979876
2001,52,4,390.30,115.278997,35.463338,1270.79,-0.00656729
2001,52,5,487.87,115.279678,35.462658,1480.10,-0.00362594
2001,53,0,0.00,115.084833,35.399057,388.71,0.00550547
2001,53,1,71.98,115.084133,35.398896,328.91,0.00723882
2001,53,2,143.97,115.083755,35.398358,403.66,0.00625989
2001,53,3,215.95,115.083755,35.397710,388.71,0.00354761
2001,54,0,0.00,115.084833,35.399057,1031.59,-0.00212583
2001,54,1,76.85,115.085369,35.398521,687.72,-0.00404514
2001,54,2,153.70,115.085641,35.397908,478.42,-0.00718441
2001,54,3,230.55,115.085468,35.397266,343.86,-0.00665314
2001,54,4,307.40,115.084833,35.396901,448.52,-0.00490190
2001,55,0,0.00,115.279678,35.462658,418.61,-0.00109352
2001,55,1,95.14,115.280341,35.463321,403.66,-0.00054676
2001,55,2,190.29,115.281104,35.463815,403.66,-0.00000000
2001,55,3,285.43,115.281768,35.464478,388.71,0.00000000
2001,55,4,380.57,115.282530,35.464971,388.71,0.00089964
2001,55,5,475.72,115.283194,35.465635,343.86,0.00054676
2001,55,6,570.86,115.283720,35.466339,373.76,-0.00015663
2001,55,7,666.00,115.284412,35.466853,403.66,0.00054021
2001,55,8,761.14,115.284867,35.467577,373.76,-0.00074301
2001,55,9,856.29,115.285530,35.468241,433.57,-0.00054021
2001,55,10,951.43,115.286293,35.468734,433.57,0.00160023
2001,55,11,1046.57,115.286748,35.469459,433.57,0.00021570
2001,55,12,1141.72,115.287223,35.470178,448.52,-0.00154990
2001,55,13,1236.86,115.287928,35.470743,448.52,-0.00098562
2001,55,14,1332.00,115.288630,35.471340,463.47,-0.00005033
2001,55,15,1427.15,115.289392,35.471833,433.57,0.00076991
2001,55,16,1522.29,115.290056,35.472497,448.52,0.00017466
2001,55,17,1617.43,115.290720,35.473161,448.52,-0.00175836
2001,55,18,1712.58,115.291452,35.473707,463.47,-0.00242054
2001,55,19,1807.72,115.292344,35.473976,493.37,-0.00206855
2001,56,0,0.00,115.083755,35.397710,373.76,0.00451391
2001,56,1,65.84,115.083216,35.397416,328.91,0.00439103
2001,56,2,131.67,115.082946,35.396901,358.81,0.00426814
2001,57,0,0.00,115.083755,35.397710,926.93,0.00203861
2001,57,1,70.21,115.084245,35.397220,1270.79,0.00213653
2001,57,2,140.41,115.084833,35.396901,956.83,0.00223445
2001,58,0,0.00,115.084833,35.396901,822.28,0.00000000
2001,58,1,19.32,115.084968,35.396766,1016.64,0.00000000
2001,58,2,38.64,115.085102,35.396632,837.23,0.00000000
2001,6,0,0.00,115.209339,35.408489,1106.34,-0.00000000
2001,6,1,96.61,115.208666,35.407816,627.92,-0.00000000
2001,6,2,193.21,115.207992,35.407142,,-0.00000000
2001,60,0,0.00,115.292344,35.473976,598.02,-0.00468684
2001,60,1,66.72,115.292392,35.474564,523.27,-0.00576679
2001,60,2,133.43,115.292857,35.475029,463.47,-0.00466640
2001,60,3,200.15,115.293422,35.475324,448.52,-0.00248605
2001,61,0,0.00,115.292344,35.473976,1794.06,-0.00000000
2001,61,1,57.94,115.292748,35.473572,1166.14,-0.00000000
2001,61,2,115.89,115.293152,35.473168,867.13,-0.00000000
2001,62,0,0.00,115.082946,35.396901,388.71,0.00209559
2001,62,1,78.51,115.082407,35.396351,388.71,0.00326438
2001,62,2,157.02,115.082138,35.395722,388.71,0.00325871
2001,62,3,235.53,115.082138,35.395015,403.66,0.00208426
2001,63,0,0.00,115.082946,35.396901,926.93,0.00000000
2001,63,1,96.17,115.083617,35.396230,807.33,-0.00102587
2001,63,2,192.35,115.084288,35.395560,612.97,-0.00438851
2001,63,3,288.52,115.084563,35.394773,373.76,-0.00597829
2001,63,4,384.69,115.084024,35.394206,358.81,-0.00523130
2001,64,0,0.00,115.293422,35.475324,478.42,0.00000000
2001,64,1,85.28,115.293808,35.475980,328.91,-0.00214363
2001,64,2,170.57,115.294194,35.476636,403.66,-0.00517096
2001,64,3,255.85,115.294987,35.476889,343.86,-0.00309786
2001,64,4,341.13,115.295879,35.476973,358.81,-0.00154832
2001,64,5,426.42,115.296681,35.477210,568.12,-0.00366864
2001,64,6,511.70,115.297464,35.476941,508.32,-0.00438173
2001,65,0,0.00,115.293422,35.475324,1794.06,0.00415798
2001,65,1,92.63,115.294130,35.474785,911.98,0.00605463
2001,65,2,185.26,115.295151,35.474785,313.96,0.00636171
2001,65,3,277.89,115.295847,35.475334,418.61,0.00142579
2001,65,4,370.52,115.296394,35.475863,433.57,0.00040121
2001,65,5,463.15,115.297235,35.476173,418.61,0.00375142
2001,65,6,555.78,115.297464,35.476941,388.71,0.00477986
2001,66,0,0.00,115.082138,35.395015,403.66,0.00297809
2001,66,1,90.32,115.081409,35.394555,373.76,0.00250098
2001,66,2,180.63,115.081060,35.393844,373.76,0.00111784
2001,66,3,270.95,115.080567,35.393174,403.66,0.00080644
2001,66,4,361.26,115.080252,35.392452,358.81,0.00084397
2001,66,5,451.58,115.079982,35.391717,373.76,-0.00095870
2001,66,6,541.90,115.079713,35.390982,373.76,-0.00216383
2001,66,7,632.21,115.079090,35.390350,463.47,-0.00031172
2001,66,8,722.53,115.078460,35.389720,433.57,0.00186539
2001,66,9,812.84,115.078096,35.389012,388.71,0.00141386
2001,66,10,903.16,115.077826,35.388277,358.81,0.00059689
2001,67,0,0.00,115.082138,35.395015,1061.49,0.00041476
2001,67,1,80.73,115.082701,35.394452,1031.59,0.00159850
2001,67,2,161.46,115.083292,35.393937,852.18,0.00265722
2001,67,3,242.19,115.084024,35.393667,134.55,0.00253221
2001,69,0,0.00,115.297464,35.476941,523.27,-0.00227869
2001,69,1,98.40,115.297464,35.477670,553.17,-0.00388267
2001,69,2,196.79,115.297881,35.478436,403.66,-0.00398375
2001,69,3,295.19,115.298765,35.478781,403.66,-0.00126172
2001,69,4,393.59,115.299551,35.479297,403.66,-0.00059567
2001,69,5,491.98,115.300438,35.479636,388.71,-0.00055278
2001,69,6,590.38,115.301319,35.479987,343.86,0.00012657
2001,69,7,688.78,115.302203,35.480333,388.71,0.00077774
2001,69,8,787.17,115.303067,35.480714,299.01,0.00034396
2001,69,9,885.57,115.303839,35.481253,328.91,-0.00040932
2001,69,10,983.96,115.304757,35.481539,299.01,-0.00011524
2001,69,11,1082.36,115.305542,35.482055,284.06,-0.00089691
2001,69,12,1180.76,115.306467,35.482331,269.11,-0.00071073
2001,69,13,1279.15,115.307395,35.482600,269.11,0.00041672
2001,69,14,1377.55,115.308294,35.482920,224.26,-0.00034745
2001,69,15,1475.95,115.309178,35.483265,239.21,-0.00087159
2001,69,16,1574.34,115.310179,35.483409,239.21,0.00017312
2001,69,17,1672.74,115.311107,35.483678,209.31,-0.00037207
2001,69,18,1771.14,115.312036,35.483948,269.11,0.00031652
2001,69,19,1869.53,115.312814,35.483936,284.06,0.00178619
2001,69,20,1967.93,115.313579,35.484487,299.01,-0.00050172
2001,69,21,2066.33,115.314508,35.484756,299.01,-0.00098212
2001,69,22,2164.72,115.315467,35.484972,328.91,0.00011890
2001,69,23,2263.12,115.316364,35.485295,299.01,-0.00000000
2001,69,24,2361.52,115.317334,35.485492,343.86,-0.00060401
2001,69,25,2459.91,115.318220,35.485834,358.81,-0.00090877
2001,69,26,2558.31,115.319304,35.485834,388.71,0.00122493
2001,69,27,2656.71,115.320233,35.486104,388.71,0.00231844
2001,69,28,2755.10,115.321069,35.486532,478.42,-0.00002485
2001,69,29,2853.50,115.321854,35.487048,448.52,-0.00147596
2001,69,30,2951.89,115.322837,35.487222,403.66,0.00027126
2001,69,31,3050.29,115.323721,35.487568,433.57,0.00060185
2001,69,32,3148.69,115.324561,35.487990,418.61,-0.00054260
2001,69,33,3247.08,115.325489,35.488260,433.57,-0.00001158
2001,69,34,3345.48,115.326374,35.488603,433.57,-0.00032472
2001,69,35,3443.88,115.327258,35.488949,388.71,-0.00010597
2001,69,36,3542.27,115.328242,35.489123,448.52,-0.00000000
2001,69,37,3640.67,115.329045,35.489607,388.71,-0.00037372
2001,69,38,3739.07,115.330109,35.489643,358.81,0.00119173
2001,69,39,3837.46,115.330894,35.490159,373.76,0.00085404
2001,69,40,3935.86,115.331778,35.490504,373.76,-0.00049219
2001,69,41,4034.26,115.332602,35.490955,388.71,-0.00013940
2001,69,42,4132.65,115.333530,35.491224,358.81,0.00030948
2001,69,43,4231.05,115.334332,35.491711,328.91,0.00036652
2001,69,44,4329.45,115.335230,35.492033,358.81,0.00091447
2001,69,45,4427.84,115.336002,35.492572,299.01,0.00146353
2001,7,0,0.00,115.209339,35.408489,493.37,-0.00431386
2001,7,1,78.51,115.209878,35.407939,583.07,-0.00326404
2001,7,2,157.02,115.209878,35.407232,358.81,-0.00000000
2001,7,3,235.53,115.210148,35.406603,119.60,0.00221421
2001,70,0,0.00,115.077826,35.388277,777.43,0.00000000
2001,70,1,72.57,115.078332,35.387771,897.03,0.00095236
2001,70,2,145.14,115.078838,35.387265,1240.89,0.00199451
2001,70,3,217.72,115.079443,35.386930,687.72,0.00208430
2001,71,0,0.00,115.077826,35.388277,373.76,0.00434066
2001,71,1,68.55,115.077348,35.387799,343.86,0.00439930
2001,71,2,137.09,115.077287,35.387199,373.76,0.00445795
2001,72,0,0.00,115.336002,35.492572,313.96,0.00000000
2001,72,1,87.53,115.336810,35.492841,269.11,0.00000000
2001,72,2,175.07,115.337619,35.493111,284.06,0.00000000
2001,73,0,0.00,115.336002,35.492572,1794.06,-0.00217703
2001,73,1,79.11,115.335732,35.493206,1181.09,-0.00211317
2001,73,2,158.23,115.335732,35.493919,687.72,-0.00204931
2001,74,0,0.00,115.077287,35.387199,418.61,0.00866792
2001,74,1,61.47,115.076760,35.386941,358.81,0.00825848
2001,74,2,122.93,115.076748,35.386391,328.91,0.00784904
2001,75,0,0.00,115.077287,35.387199,897.03,-0.00000000
2001,75,1,67.85,115.077760,35.386726,807.33,0.00229380
2001,75,2,135.70,115.078233,35.386253,1390.40,0.00478492
2001,75,3,203.56,115.078904,35.386121,807.33,0.00498224
2001,76,0,0.00,115.337619,35.493111,867.13,0.00246222
2001,76,1,64.16,115.337588,35.493680,1270.79,0.00251953
2001,76,2,128.33,115.337349,35.494189,687.72,0.00257685
2001,77,0,0.00,115.337619,35.493111,299.01,0.00438800
2001,77,1,50.85,115.338073,35.493295,254.16,0.00417381
2001,77,2,101.71,115.338427,35.493650,343.86,0.00395962
2001,78,0,0.00,115.076748,35.386391,941.88,0.00123876
2001,78,1,89.54,115.077372,35.385766,1106.34,0.00128969
2001,78,2,179.07,115.078096,35.385313,822.28,0.00134063
2001,79,0,0.00,115.076748,35.386391,328.91,0.00173396
2001,79,1,98.31,115.076209,35.385662,343.86,0.00103117
2001,79,2,196.62,115.076003,35.384837,343.86,-0.00102602
2001,79,3,294.92,115.075526,35.384090,358.81,-0.00065848
2001,79,4,393.23,115.074862,35.383398,358.81,0.00096878
2001,79,5,491.54,115.074592,35.382591,328.91,-0.00037269
2001,79,6,589.85,115.074094,35.381851,388.71,-0.00049083
2001,79,7,688.16,115.073514,35.381134,373.76,0.00070057
2001,79,8,786.46,115.073140,35.380358,358.81,0.00000000
2001,79,9,884.77,115.072706,35.379599,343.86,-0.00101870
2001,79,10,983.08,115.072186,35.378865,358.81,-0.00036890
2001,79,11,1081.39,115.071501,35.378179,328.91,0.00063706
2001,79,12,1179.70,115.071089,35.377414,299.01,0.00020110
2001,79,13,1278.00,115.070547,35.376686,269.11,0.00038932
2001,79,14,1376.31,115.070070,35.375940,254.16,0.00181032
2001,79,15,1474.62,115.069741,35.375150,239.21,0.00206284
2001,79,16,1572.93,115.069741,35.374263,1001.69,0.00161928
2001,8,0,0.00,115.212034,35.409298,209.31,0.00211399
2001,8,1,95.99,115.212935,35.409567,194.36,0.00187032
2001,8,2,191.98,115.213670,35.410125,239.21,0.00061054
2001,8,3,287.97,115.214438,35.410623,254.16,0.00014923
2001,8,4,383.96,115.215206,35.411122,284.06,0.00057916
2001,8,5,479.96,115.215915,35.411723,299.01,0.00044752
2001,8,6,575.95,115.216644,35.412290,299.01,0.00000000
2001,8,7,671.94,115.217313,35.412960,403.66,0.00031679
2001,8,8,767.93,115.218082,35.413459,358.81,0.00053717
2001,8,9,863.92,115.218542,35.414189,373.76,-0.00111633
2001,8,10,959.91,115.219311,35.414688,418.61,-0.00223265
2001,80,0,0.00,115.338427,35.493650,717.63,-0.00337201
2001,80,1,90.41,115.338427,35.494464,313.96,-0.00566580
2001,80,2,180.82,115.338946,35.494997,239.21,-0.00948410
2001,80,3,271.23,115.339683,35.495089,583.07,-0.00791739
2001,80,4,361.64,115.340314,35.494458,1794.06,-0.00482615
2001,81,0,0.00,115.338427,35.493650,343.86,0.00599823
2001,81,1,85.92,115.339218,35.493380,269.11,0.00740284
2001,81,2,171.84,115.339923,35.493798,254.16,0.00581614
2001,81,3,257.76,115.340314,35.494458,403.66,0.00282484
2001,82,0,0.00,115.069741,35.374263,284.06,-0.00342598
2001,82,1,99.35,115.068950,35.373742,209.31,-0.00254925
2001,82,2,198.70,115.067866,35.373725,209.31,-0.00074704
2001,82,3,298.05,115.066929,35.373455,269.11,-0.00086250
2001,82,4,397.40,115.066147,35.373455,239.21,-0.00117212
2001,82,5,496.75,115.065054,35.373455,239.21,-0.00080839
2001,82,6,596.10,115.064005,35.373532,224.26,-0.00034748
2001,82,7,695.45,115.063023,35.373725,239.21,-0.00000000
2001,82,8,794.80,115.061930,35.373725,239.21,0.00000992
2001,82,9,894.15,115.060992,35.373994,299.01,0.00161679
2001,82,10,993.50,115.059950,35.373905,284.06,0.00166126
2001,82,11,1092.85,115.058961,35.373725,179.41,0.00058980
2001,83,0,0.00,115.069741,35.374263,583.07,0.01065827
2001,83,1,31.57,115.069961,35.374043,1046.54,0.01105089
2001,83,2,63.14,115.070280,35.373994,971.78,0.01144351
2001,84,0,0.00,115.340314,35.494458,299.01,-0.00000000
2001,84,1,92.42,115.341176,35.494728,328.91,-0.00026850
2001,84,2,184.84,115.342039,35.494997,299.01,-0.00079422
2001,84,3,277.26,115.342941,35.495198,313.96,0.00053909
2001,84,4,369.69,115.343882,35.495331,313.96,0.00240228
2001,84,5,462.11,115.344626,35.495806,358.81,0.00267494
2001,85,0,0.00,115.344626,35.495806,807.33,-0.00175956
2001,85,1,85.25,115.344626,35.496574,583.07,-0.00328898
2001,85,2,170.51,115.344895,35.497264,313.96,-0.00639699
2001,85,3,255.76,115.345484,35.497692,403.66,-0.00825898
2001,85,4,341.01,115.346424,35.497692,403.66,-0.00668758
2001,85,5,426.26,115.347051,35.497153,1510.00,-0.00483279
2001,86,0,0.00,115.344626,35.495806,388.71,0.00276064
2001,86,1,76.67,115.345471,35.495806,299.01,0.00412470
2001,86,2,153.33,115.346159,35.496075,284.06,0.00498502
2001,86,3,230.00,115.346725,35.496557,313.96,0.00337349
2001,86,4,306.66,115.347051,35.497153,478.42,0.00226569
2001,88,0,0.00,115.347051,35.497153,448.52,0.00144096
2001,88,1,89.60,115.347874,35.497437,418.61,0.00095229
2001,88,2,179.21,115.348598,35.497892,403.66,-0.00000000
2001,88,3,268.81,115.349389,35.498231,403.66,0.00024716
2001,88,4,358.42,115.350145,35.498630,418.61,0.00000000
2001,88,5,448.02,115.350869,35.499085,403.66,-0.00037562
2001,88,6,537.63,115.351692,35.499369,403.66,0.00137363
2001,88,7,627.23,115.352402,35.499848,433.57,0.00306258
2001,88,8,716.84,115.353042,35.500449,433.57,0.00319382
2001,88,9,806.44,115.353250,35.501195,343.86,0.00280303
2001,89,0,0.00,115.353250,35.501195,1031.59,-0.00369961
2001,89,1,69.93,115.353864,35.501465,1210.99,-0.00351991
2001,89,2,139.85,115.354635,35.501465,418.61,-0.00167010
2001,89,3,209.78,115.355405,35.501465,,0.00000000
2001,9,0,0.00,115.157327,35.426276,1465.15,0.00216238
2001,9,1,69.64,115.157050,35.426823,911.98,0.00313642
2001,9,2,139.29,115.156564,35.427308,508.32,0.00319136
2001,9,3,208.93,115.155980,35.427623,343.86,0.00227227
2001,90,0,0.00,115.353250,35.501195,568.12,0.00000000
2001,90,1,99.15,115.352980,35.502010,343.86,-0.00068482
2001,90,2,198.30,115.352711,35.502826,179.41,-0.00068482
2001,90,3,297.45,115.352711,35.503719,239.21,0.00068482
2001,90,4,396.61,115.352441,35.504534,299.01,0.00038335
2001,90,5,495.76,115.352172,35.505349,313.96,0.00024986
2001,90,6,594.91,115.352019,35.506199,343.86,0.00140748
2001,90,7,694.06,115.351536,35.506951,328.91,0.00031822
2001,90,8,793.21,115.351053,35.507704,343.86,-0.00051159
2001,90,9,892.36,115.350778,35.508517,343.86,0.00001318
2001,90,10,991.52,115.350285,35.509267,358.81,-0.00059443
2001,90,11,1090.67,115.350016,35.510082,343.86,-0.00058126
2001,90,12,1189.82,115.349746,35.510897,373.76,0.00000000
2001,91,0,0.00,115.349746,35.510897,358.81,-0.00274678
2001,91,1,93.13,115.349096,35.511547,418.61,-0.00249011
2001,91,2,186.26,115.348938,35.512340,373.76,-0.00079282
2001,91,3,279.39,115.348668,35.513101,418.61,0.00032390
2001,91,4,372.52,115.348399,35.513862,448.52,0.00000000
2001,92,0,0.00,115.349746,35.510897,777.43,-0.00174645
2001,92,1,67.80,115.350219,35.511370,1016.64,-0.00229583
2001,92,2,135.59,115.350772,35.511706,1061.49,-0.00190507
2001,92,3,203.39,115.351363,35.511975,762.48,-0.00096492
2001,93,0,0.00,115.348399,35.513862,807.33,-0.00000000
2001,93,1,82.44,115.348974,35.514437,867.13,-0.00000000
2001,93,2,164.89,115.349549,35.515012,986.73,0.00207341
2001,93,3,247.33,115.350124,35.515587,657.82,0.00913047
2001,93,4,329.77,115.350079,35.516224,463.47,0.01107083
2001,93,5,412.22,115.349207,35.516287,897.03,0.00802754
2001,94,0,0.00,115.348399,35.513862,448.52,-0.00433889
2001,94,1,68.52,115.347921,35.514340,433.57,-0.00439724
2001,94,2,137.05,115.347860,35.514940,478.42,-0.00445560
2001,95,0,0.00,115.349207,35.516287,553.17,-0.00246186
2001,95,1,64.16,115.349238,35.516857,583.07,-0.00251915
2001,95,2,128.32,115.349477,35.517365,642.87,-0.00257644
2001,96,0,0.00,115.349207,35.516287,941.88,0.00000000
2001,96,1,96.56,115.348533,35.515613,986.73,0.00000000
2001,96,2,193.11,115.347860,35.514940,867.13,0.00000000
2001,97,0,0.00,115.347860,35.514940,418.61,-0.00232234
2001,97,1,83.47,115.347321,35.515535,448.52,-0.00289961
2001,97,2,166.95,115.347112,35.516226,433.57,-0.00152167
2001,97,3,250.42,115.347051,35.516961,433.57,0.00097504
2001,97,4,333.89,115.346782,35.517635,508.32,0.00151656
2001,99,0,0.00,115.349477,35.517365,792.38,-0.00884746
2001,99,1,43.76,115.349959,35.517365,598.02,-0.00903601
2001,99,2,87.51,115.350285,35.517096,433.57,-0.00922457
