year,link_id,sample_idx,s_m,lon,lat,B_m,C_1m
2024,0,0,0.00,115.081330,35.393937,702.67,0.00000000
2024,0,1,24.48,115.081060,35.393937,672.77,0.00000000
2024,0,2,48.97,115.080791,35.393937,672.77,0.00000000
2024,1,0,0.00,115.080791,35.393937,89.70,-0.00000000
2024,1,1,19.32,115.080656,35.394071,89.70,-0.00000000
2024,1,2,38.64,115.080521,35.394206,239.21,-0.00000000
2024,10,0,0.00,115.075670,35.389625,732.58,-0.00395687
2024,10,1,50.89,115.075315,35.389270,478.42,-0.00417058
2024,10,2,101.78,115.074862,35.389086,777.43,-0.00438429
2024,100,0,0.00,115.130108,35.420347,538.22,0.00260307
2024,100,1,82.87,115.130865,35.420078,508.32,0.00365180
2024,100,2,165.74,115.131777,35.420078,508.32,0.00365180
2024,100,3,248.61,115.132533,35.420347,538.22,0.00260307
2024,101,0,0.00,115.132533,35.423042,254.16,0.00000000
2024,101,1,99.67,115.132533,35.422144,1794.06,0.00000000
2024,101,2,199.33,115.132533,35.421245,1794.06,0.00000000
2024,101,3,299.00,115.132533,35.420347,1794.06,0.00000000
2024,102,0,0.00,115.132533,35.423042,657.82,-0.00920738
2024,102,1,43.79,115.132860,35.423312,568.12,-0.00901894
2024,102,2,87.59,115.133342,35.423312,627.92,-0.00883050
2024,103,0,0.00,115.132533,35.420347,598.02,0.00883000
2024,103,1,43.80,115.133016,35.420347,538.22,0.00901843
2024,103,2,87.59,115.133342,35.420617,687.72,0.00920687
2024,104,0,0.00,115.133342,35.423312,284.06,0.00000000
2024,104,1,99.67,115.133342,35.422413,897.03,0.00000000
2024,104,2,199.33,115.133342,35.421515,1794.06,0.00000000
2024,104,3,299.00,115.133342,35.420617,1794.06,0.00000000
2024,105,0,0.00,115.133342,35.423312,598.02,0.00227225
2024,105,1,69.64,115.133926,35.423627,642.87,0.00319133
2024,105,2,139.29,115.134412,35.424112,627.92,0.00313640
2024,105,3,208.93,115.134689,35.424659,388.71,0.00216237
2024,107,0,0.00,115.133342,35.420617,568.12,0.00211839
2024,107,1,91.46,115.134193,35.420347,538.22,0.00297661
2024,107,2,182.92,115.135200,35.420347,538.22,0.00191741
2024,107,3,274.37,115.136051,35.420617,538.22,-0.00095871
2024,107,4,365.83,115.137058,35.420617,508.32,-0.00095871
2024,107,5,457.29,115.138065,35.420617,478.42,0.00000000
2024,107,6,548.75,115.139072,35.420617,478.42,0.00000000
2024,107,7,640.21,115.140079,35.420617,478.42,0.00000000
2024,108,0,0.00,115.134689,35.424659,568.12,0.00181185
2024,108,1,98.54,115.133760,35.424928,642.87,0.00172812
2024,108,2,197.08,115.132675,35.424928,553.17,0.00108487
2024,108,3,295.61,115.131590,35.424928,493.37,0.00082219
2024,108,4,394.15,115.130557,35.424839,508.32,0.00027437
2024,108,5,492.69,115.129576,35.424659,583.07,-0.00082219
2024,108,6,591.23,115.128491,35.424659,523.27,-0.00107409
2024,109,0,0.00,115.134689,35.424659,642.87,-0.00521507
2024,109,1,97.78,115.135470,35.425170,523.27,-0.00482496
2024,109,2,195.57,115.136350,35.424885,538.22,-0.00166109
2024,109,3,293.35,115.137229,35.424774,553.17,0.00100023
2024,109,4,391.14,115.138061,35.424659,523.27,-0.00001692
2024,109,5,488.92,115.139137,35.424659,523.27,-0.00046081
2024,109,6,586.71,115.140058,35.424389,493.37,-0.00000000
2024,109,7,684.49,115.141135,35.424389,493.37,-0.00000000
2024,109,8,782.28,115.142056,35.424120,493.37,0.00000000
2024,109,9,880.06,115.143132,35.424120,433.57,-0.00092064
2024,109,10,977.85,115.144053,35.423851,463.47,-0.00187504
2024,109,11,1075.63,115.144974,35.423581,583.07,-0.00187882
2024,109,12,1173.42,115.145739,35.423042,478.42,-0.00184884
2024,11,0,0.00,115.076748,35.388816,747.53,-0.00125654
2024,11,1,94.70,115.075989,35.388327,448.52,-0.00127276
2024,11,2,189.39,115.075131,35.388008,807.33,-0.00128898
2024,110,0,0.00,115.140079,35.420617,568.12,0.00369207
2024,110,1,69.99,115.140694,35.420347,508.32,0.00351292
2024,110,2,139.98,115.141465,35.420347,478.42,0.00166688
2024,110,3,209.97,115.142235,35.420347,418.61,0.00000000
2024,111,0,0.00,115.140079,35.420617,822.28,-0.00000000
2024,111,1,89.13,115.140701,35.421238,837.23,-0.00000000
2024,111,2,178.26,115.141323,35.421860,882.08,-0.00125763
2024,111,3,267.39,115.141944,35.422482,717.63,-0.00487377
2024,111,4,356.52,115.142757,35.422773,463.47,-0.00583506
2024,111,5,445.65,115.143583,35.422503,538.22,-0.00443784
2024,112,0,0.00,115.145739,35.423042,717.63,-0.00200944
2024,112,1,85.67,115.146278,35.422427,687.72,-0.00183581
2024,112,2,171.35,115.146517,35.421725,1225.94,-0.00072487
2024,112,3,257.02,115.146817,35.421041,1629.61,0.00000000
2024,112,4,342.70,115.147086,35.420347,1569.81,-0.00021244
2024,113,0,0.00,115.145739,35.423042,777.43,-0.00322792
2024,113,1,74.71,115.145072,35.422773,568.12,-0.00161396
2024,113,2,149.42,115.144249,35.422773,403.66,0.00161396
2024,113,3,224.13,115.143583,35.422503,627.92,0.00322792
2024,114,0,0.00,115.142235,35.420347,1300.70,-0.00115898
2024,114,1,94.30,115.142684,35.421066,1061.49,-0.00000000
2024,114,2,188.60,115.143342,35.421723,1181.09,0.00177473
2024,114,3,282.90,115.143583,35.422503,747.53,0.00239048
2024,115,0,0.00,115.142235,35.420347,448.52,0.00117588
2024,115,1,99.44,115.143174,35.420078,523.27,0.00088871
2024,115,2,198.89,115.144215,35.419984,433.57,0.00114099
2024,115,3,298.33,115.145208,35.419808,627.92,0.00250243
2024,115,4,397.77,115.146195,35.419995,583.07,0.00222805
2024,115,5,497.21,115.147086,35.420347,777.43,0.00113167
2024,118,0,0.00,115.147086,35.420347,598.02,0.00000000
2024,118,1,83.99,115.148011,35.420347,598.02,0.00000000
2024,118,2,167.97,115.148936,35.420347,538.22,-0.00114306
2024,118,3,251.96,115.149860,35.420347,568.12,0.00000000
2024,118,4,335.95,115.150629,35.420078,568.12,0.00355181
2024,118,5,419.93,115.151398,35.420347,642.87,0.00481750
2024,119,0,0.00,115.151398,35.420347,627.92,-0.00161300
2024,119,1,99.46,115.152493,35.420347,627.92,-0.00080650
2024,119,2,198.93,115.153432,35.420078,657.82,-0.00000000
2024,119,3,298.39,115.154528,35.420078,627.92,-0.00000000
2024,119,4,397.86,115.155467,35.419808,568.12,0.00000000
2024,119,5,497.32,115.156562,35.419808,568.12,0.00000000
2024,119,6,596.79,115.157501,35.419539,568.12,-0.00000000
2024,119,7,696.25,115.158596,35.419539,553.17,-0.00088830
2024,119,8,795.72,115.159536,35.419269,568.12,-0.00088830
2024,119,9,895.18,115.160475,35.419000,538.22,0.00088830
2024,119,10,994.64,115.161414,35.418730,508.32,0.00169480
2024,119,11,1094.11,115.162509,35.418730,478.42,0.00000000
2024,119,12,1193.57,115.163604,35.418730,478.42,-0.00127258
2024,119,13,1293.04,115.164544,35.418461,478.42,-0.00000000
2024,119,14,1392.50,115.165556,35.418317,508.32,0.00090847
2024,119,15,1491.97,115.166578,35.418191,508.32,0.00080650
2024,119,16,1591.43,115.167673,35.418191,448.52,0.00036412
2024,119,17,1690.90,115.168768,35.418191,478.42,-0.00080650
2024,119,18,1790.36,115.169863,35.418191,508.32,-0.00080650
2024,119,19,1889.83,115.170803,35.417922,538.22,0.00080650
2024,119,20,1989.29,115.171898,35.417922,538.22,0.00140796
2024,119,21,2088.75,115.172993,35.417922,538.22,0.00080650
2024,119,22,2188.22,115.173970,35.418126,583.07,-0.00041452
2024,119,23,2287.68,115.175027,35.418191,568.12,-0.00161300
2024,119,24,2387.15,115.176122,35.418191,583.07,-0.00099344
2024,119,25,2486.61,115.177062,35.417922,598.02,-0.00000000
2024,119,26,2586.08,115.178157,35.417922,598.02,-0.00000000
2024,119,27,2685.54,115.179096,35.417652,627.92,0.00000000
2024,119,28,2785.01,115.180191,35.417652,598.02,0.00000000
2024,119,29,2884.47,115.181130,35.417383,627.92,0.00000000
2024,119,30,2983.93,115.182226,35.417383,627.92,0.00000000
2024,119,31,3083.40,115.183165,35.417113,598.02,0.00080521
2024,119,32,3182.86,115.184260,35.417113,598.02,-0.00000000
2024,119,33,3282.33,115.185355,35.417113,598.02,-0.00080375
2024,119,34,3381.79,115.186294,35.416844,583.07,0.00080650
2024,119,35,3481.26,115.187390,35.416844,568.12,-0.00000146
2024,119,36,3580.72,115.188485,35.416844,568.12,-0.00089570
2024,119,37,3680.19,115.189424,35.416574,598.02,-0.00000000
2024,119,38,3779.65,115.190503,35.416546,598.02,-0.00070416
2024,119,39,3879.11,115.191458,35.416305,598.02,0.00000000
2024,119,40,3978.58,115.192397,35.416035,568.12,0.00159986
2024,119,41,4078.04,115.193493,35.416035,538.22,0.00080650
2024,119,42,4177.51,115.194588,35.416035,538.22,-0.00080650
2024,119,43,4276.97,115.195683,35.416035,568.12,-0.00080650
2024,119,44,4376.44,115.196622,35.415766,598.02,0.00000000
2024,119,45,4475.90,115.197717,35.415766,598.02,-0.00079842
2024,119,46,4575.37,115.198657,35.415496,627.92,-0.00050371
2024,119,47,4674.83,115.199611,35.415253,627.92,0.00071400
2024,119,48,4774.30,115.200601,35.415072,627.92,0.00013425
2024,119,49,4873.76,115.201630,35.414957,627.92,-0.00080388
2024,119,50,4973.22,115.202569,35.414688,657.82,-0.00043128
2024,119,51,5072.69,115.203509,35.414418,657.82,0.00088830
2024,119,52,5172.15,115.204463,35.414175,657.82,0.00071854
2024,119,53,5271.62,115.205543,35.414149,657.82,-0.00000000
2024,119,54,5371.08,115.206482,35.413879,657.82,0.00008221
2024,119,55,5470.55,115.207577,35.413879,687.72,0.00000000
2024,119,56,5570.01,115.208516,35.413610,717.63,0.00080650
2024,119,57,5669.48,115.209612,35.413610,657.82,0.00080650
2024,119,58,5768.94,115.210707,35.413610,598.02,0.00000000
2024,119,59,5868.40,115.211802,35.413610,598.02,0.00000000
2024,119,60,5967.87,115.212897,35.413610,598.02,0.00000000
2024,119,61,6067.33,115.213992,35.413610,568.12,0.00000000
2024,119,62,6166.80,115.215087,35.413610,598.02,0.00074071
2024,119,63,6266.26,115.216183,35.413610,627.92,0.00080650
2024,119,64,6365.73,115.217134,35.413858,627.92,0.00013208
2024,119,65,6465.19,115.218217,35.413879,538.22,0.00083721
2024,119,66,6564.66,115.219156,35.414149,448.52,-0.00006629
2024,119,67,6664.12,115.220104,35.414403,418.61,-0.00078937
2024,119,68,6763.58,115.221191,35.414418,403.66,0.00028789
2024,119,69,6863.05,115.222130,35.414688,358.81,-0.00004274
2024,119,70,6962.51,115.223173,35.414777,343.86,0.00116695
2024,119,71,7061.98,115.224163,35.414959,373.76,0.00203257
2024,119,72,7161.44,115.224956,35.415482,373.76,0.00114946
2024,119,73,7260.91,115.225847,35.415834,373.76,0.00056662
2024,119,74,7360.37,115.226541,35.416528,299.01,-0.00063594
2024,119,75,7459.84,115.227432,35.416880,358.81,-0.00056662
2024,119,76,7559.30,115.228236,35.417383,343.86,-0.00015769
2024,119,77,7658.77,115.229116,35.417755,299.01,0.00033281
2024,119,78,7758.23,115.229959,35.418191,284.06,0.00107281
2024,119,79,7857.69,115.230742,35.418730,269.11,-0.00009335
2024,119,80,7957.16,115.231493,35.419324,254.16,-0.00142864
2024,119,81,8056.62,115.232385,35.419677,239.21,-0.00002251
2024,119,82,8156.09,115.233276,35.420029,284.06,0.00114946
2024,119,83,8255.55,115.234031,35.420617,328.91,0.00013819
2024,119,84,8355.02,115.234861,35.421075,343.86,0.00000000
2024,119,85,8454.48,115.235653,35.421598,388.71,0.00021148
2024,119,86,8553.95,115.236446,35.422121,418.61,-0.00056662
2024,119,87,8653.41,115.237238,35.422644,433.57,-0.00056662
2024,119,88,8752.87,115.238130,35.422996,433.57,0.00056662
2024,119,89,8852.34,115.238922,35.423519,478.42,0.00056662
2024,119,90,8951.80,115.239715,35.424042,463.47,-0.00000000
2024,119,91,9051.27,115.240507,35.424565,493.37,-0.00000000
2024,119,92,9150.73,115.241300,35.425088,493.37,0.00044844
2024,119,93,9250.20,115.242092,35.425611,478.42,0.00000000
2024,119,94,9349.66,115.242803,35.426276,523.27,-0.00035446
2024,119,95,9449.13,115.243677,35.426657,538.22,0.00053758
2024,119,96,9548.59,115.244371,35.427351,583.07,-0.00009398
2024,119,97,9648.05,115.245163,35.427874,568.12,-0.00053758
2024,119,98,9747.52,115.245956,35.428397,598.02,0.00000000
2024,119,99,9846.98,115.246748,35.428920,598.02,0.00000000
2024,119,100,9946.45,115.247541,35.429443,642.87,-0.00056662
2024,119,101,10045.91,115.248333,35.429966,612.97,-0.00114946
2024,119,102,10145.38,115.249225,35.430318,657.82,-0.00116568
2024,12,0,0.00,115.076748,35.388816,672.77,-0.00167406
2024,12,1,88.89,115.077415,35.388816,1001.69,-0.00329276
2024,12,2,177.79,115.078284,35.388628,1330.60,-0.00413876
2024,12,3,266.68,115.078904,35.388008,1345.55,-0.00336605
2024,120,0,0.00,115.151398,35.420347,1794.06,0.00000000
2024,120,1,92.35,115.151398,35.421179,1794.06,0.00134352
2024,120,2,184.70,115.151398,35.422012,1285.75,0.00336922
2024,120,3,277.05,115.150926,35.422706,956.83,0.00491963
2024,120,4,369.41,115.150259,35.423312,568.12,0.00513525
2024,120,5,461.76,115.149242,35.423312,553.17,0.00448261
2024,121,0,0.00,115.249225,35.430318,657.82,-0.00307687
2024,121,1,83.04,115.249387,35.431019,732.58,-0.00533719
2024,121,2,166.09,115.249966,35.431599,493.37,-0.00623061
2024,121,3,249.13,115.250842,35.431666,777.43,-0.00486371
2024,122,0,0.00,115.249225,35.430318,1659.51,0.00000000
2024,122,1,81.40,115.249792,35.429751,1435.25,0.00164228
2024,122,2,162.80,115.250360,35.429183,1345.55,0.00557646
2024,122,3,244.20,115.251134,35.428971,777.43,0.00772877
2024,122,4,325.60,115.251891,35.429212,493.37,0.00529455
2024,122,5,407.00,115.252459,35.429779,657.82,0.00299993
2024,123,0,0.00,115.250842,35.431666,508.32,0.00000000
2024,123,1,38.64,115.251111,35.431935,523.27,0.00000000
2024,123,2,77.28,115.251381,35.432205,478.42,0.00000000
2024,124,0,0.00,115.250842,35.431666,1659.51,-0.00084981
2024,124,1,87.24,115.251450,35.431057,1225.94,-0.00064438
2024,124,2,174.49,115.251920,35.430408,1106.34,-0.00000000
2024,124,3,261.73,115.252459,35.429779,807.33,0.00043895
2024,125,0,0.00,115.252459,35.429779,837.23,0.00883169
2024,125,1,43.79,115.252941,35.429779,538.22,0.00902014
2024,125,2,87.58,115.253267,35.430049,493.37,0.00920859
2024,127,0,0.00,115.251381,35.432205,538.22,0.00000000
2024,127,1,99.60,115.251867,35.432961,463.47,-0.00051766
2024,127,2,199.21,115.252353,35.433716,433.57,-0.00101003
2024,127,3,298.81,115.253048,35.434411,403.66,-0.00000000
2024,127,4,398.42,115.253742,35.435106,403.66,-0.00000000
2024,127,5,498.02,115.254229,35.435861,358.81,-0.00093417
2024,127,6,597.62,115.255022,35.436385,418.61,0.00049237
2024,127,7,697.23,115.255692,35.437087,358.81,0.00087497
2024,127,8,796.83,115.256203,35.437836,403.66,-0.00046101
2024,127,9,896.43,115.256898,35.438531,418.61,0.00005921
2024,127,10,996.04,115.257579,35.439229,358.81,-0.00006527
2024,127,11,1095.64,115.258079,35.439981,403.66,-0.00099043
2024,127,12,1195.25,115.258872,35.440505,403.66,-0.00073241
2024,127,13,1294.85,115.259567,35.441200,493.37,-0.00168193
2024,127,14,1394.45,115.260411,35.441637,508.32,-0.00198608
2024,127,15,1494.06,115.261352,35.441907,553.17,-0.00114480
2024,128,0,0.00,115.251381,35.432205,1599.71,-0.00000000
2024,128,1,75.09,115.251904,35.431681,1315.65,-0.00000000
2024,128,2,150.18,115.252428,35.431157,1031.59,-0.00087416
2024,128,3,225.27,115.252952,35.430634,941.88,-0.00180025
2024,128,4,300.37,115.253267,35.430049,702.67,-0.00185218
2024,129,0,0.00,115.253267,35.430049,523.27,0.00203619
2024,129,1,94.67,115.254154,35.430318,523.27,0.00199655
2024,129,2,189.33,115.254884,35.430857,433.57,0.00195691
2024,13,0,0.00,115.074862,35.389086,478.42,0.00000000
2024,13,1,19.32,115.074727,35.388951,478.42,0.00000000
2024,13,2,38.65,115.074592,35.388816,433.57,0.00000000
2024,131,0,0.00,115.261352,35.441907,568.12,-0.00047423
2024,131,1,92.69,115.261581,35.442675,433.57,-0.00123686
2024,131,2,185.38,115.261891,35.443420,373.76,-0.00315970
2024,131,3,278.07,115.262457,35.444090,343.86,-0.00302681
2024,131,4,370.76,115.263301,35.444395,343.86,-0.00020997
2024,131,5,463.45,115.264047,35.444871,373.76,0.00131377
2024,132,0,0.00,115.261352,35.441907,1794.06,0.00212958
2024,132,1,98.20,115.262037,35.441222,1046.54,0.00233203
2024,132,2,196.40,115.262919,35.440878,612.97,0.00058197
2024,132,3,294.60,115.263816,35.440559,164.46,-0.00143065
2024,132,4,392.80,115.264586,35.440020,164.46,-0.00149076
2024,133,0,0.00,115.254884,35.430857,1270.79,0.01066401
2024,133,1,31.55,115.254664,35.431077,149.51,0.01105745
2024,133,2,63.11,115.254345,35.431127,657.82,0.01145088
2024,134,0,0.00,115.254884,35.430857,403.66,0.00118267
2024,134,1,95.04,115.255646,35.431350,403.66,0.00048928
2024,134,2,190.07,115.256309,35.432012,403.66,-0.00059133
2024,134,3,285.11,115.257088,35.432474,403.66,-0.00016022
2024,134,4,380.14,115.257832,35.432997,388.71,-0.00000000
2024,134,5,475.18,115.258557,35.433552,418.61,0.00004755
2024,134,6,570.22,115.259355,35.433981,403.66,0.00070094
2024,134,7,665.25,115.260018,35.434644,388.71,0.00021473
2024,134,8,760.29,115.260761,35.435169,433.57,0.00033628
2024,134,9,855.32,115.261443,35.435799,358.81,0.00054815
2024,134,10,950.36,115.262106,35.436462,373.76,0.00121407
2024,134,11,1045.39,115.262769,35.437125,433.57,0.00111180
2024,134,12,1140.43,115.263014,35.437910,388.71,-0.00111180
2024,134,13,1235.47,115.263677,35.438573,493.37,0.00000000
2024,134,14,1330.50,115.264340,35.439235,508.32,0.00228840
2024,134,15,1425.54,115.264586,35.440020,672.77,0.00235320
2024,135,0,0.00,115.264047,35.444871,328.91,0.00000000
2024,135,1,99.78,115.264743,35.445567,358.81,-0.00049626
2024,135,2,199.55,115.265439,35.446263,328.91,-0.00049626
2024,135,3,299.33,115.266234,35.446788,299.01,0.00028216
2024,135,4,399.11,115.266930,35.447484,343.86,0.00000000
2024,135,5,498.88,115.267669,35.448105,358.81,-0.00057615
2024,135,6,598.66,115.268420,35.448706,343.86,-0.00000000
2024,135,7,698.44,115.269215,35.449231,388.71,0.00100433
2024,135,8,798.22,115.269911,35.449927,343.86,0.00049626
2024,135,9,897.99,115.270515,35.450650,343.86,-0.00043932
2024,135,10,997.77,115.271194,35.451209,343.86,-0.00000000
2024,135,11,1097.55,115.271889,35.451905,388.71,-0.00080497
2024,135,12,1197.32,115.272585,35.452601,433.57,-0.00217200
2024,135,13,1297.10,115.273479,35.452956,493.37,-0.00228360
2024,136,0,0.00,115.264047,35.444871,1794.06,-0.00108867
2024,136,1,94.80,115.264708,35.444210,1151.19,-0.00004193
2024,136,2,189.59,115.265161,35.443488,687.72,0.00538861
2024,136,3,284.39,115.265914,35.442985,433.57,0.00928419
2024,136,4,379.19,115.266472,35.443524,313.96,0.00879599
2024,137,0,0.00,115.264586,35.440020,328.91,-0.00056060
2024,137,1,94.46,115.265470,35.440290,373.76,0.00129708
2024,137,2,188.92,115.266398,35.440485,328.91,0.00402750
2024,137,3,283.38,115.266910,35.441098,373.76,0.00243586
2024,137,4,377.84,115.267281,35.441788,358.81,0.00043719
2024,137,5,472.30,115.267847,35.442473,433.57,0.00138102
2024,137,6,566.77,115.268089,35.443254,418.61,0.00185913
2024,138,0,0.00,115.273479,35.452956,717.63,-0.00449137
2024,138,1,71.97,115.273479,35.453605,612.97,-0.00625830
2024,138,2,143.93,115.273920,35.454034,478.42,-0.00535085
2024,138,3,215.90,115.274557,35.454303,583.07,-0.00267648
2024,139,0,0.00,115.273479,35.452956,1599.71,0.00000000
2024,139,1,77.27,115.274018,35.452417,1345.55,0.00000000
2024,139,2,154.54,115.274557,35.451878,867.13,0.00000000
2024,14,0,0.00,115.074323,35.388816,403.66,0.00000000
2024,14,1,12.24,115.074457,35.388816,403.66,0.00000000
2024,14,2,24.48,115.074592,35.388816,403.66,0.00000000
2024,140,0,0.00,115.268089,35.443254,343.86,0.00352956
2024,140,1,80.70,115.268850,35.443476,313.96,0.00336378
2024,140,2,161.41,115.269413,35.444039,313.96,0.00159900
2024,140,3,242.11,115.269976,35.444602,343.86,-0.00000000
2024,141,0,0.00,115.268089,35.443254,642.87,0.00921107
2024,141,1,43.79,115.267763,35.443524,418.61,0.00902261
2024,141,2,87.57,115.267281,35.443524,523.27,0.00883414
2024,142,0,0.00,115.274557,35.454303,523.27,-0.00340074
2024,142,1,68.53,115.274557,35.454921,478.42,-0.00426626
2024,142,2,137.07,115.274888,35.455442,493.37,-0.00330264
2024,142,3,205.60,115.275366,35.455920,478.42,-0.00147350
2024,143,0,0.00,115.274557,35.454303,1794.06,0.00000000
2024,143,1,88.85,115.275177,35.453684,1240.89,0.00202725
2024,143,2,177.71,115.275797,35.453064,777.43,0.00417642
2024,143,3,266.56,115.276713,35.452956,1121.29,0.00429834
2024,144,0,0.00,115.269976,35.444602,448.52,-0.00663917
2024,144,1,72.90,115.269467,35.445110,598.02,-0.00697278
2024,144,2,145.81,115.269706,35.445680,373.76,-0.00730638
2024,145,0,0.00,115.269976,35.444602,343.86,0.00000000
2024,145,1,92.22,115.270619,35.445245,313.96,0.00057563
2024,145,2,184.44,115.271262,35.445888,358.81,0.00118222
2024,145,3,276.66,115.271697,35.446592,358.81,0.00060659
2024,145,4,368.88,115.272132,35.447297,373.76,0.00000000
2024,146,0,0.00,115.275366,35.455920,508.32,0.00014754
2024,146,1,89.53,115.275782,35.456606,478.42,-0.00000000
2024,146,2,179.05,115.276174,35.457298,508.32,-0.00078896
2024,146,3,268.58,115.276613,35.457977,523.27,-0.00150824
2024,146,4,358.11,115.277238,35.458601,538.22,-0.00183012
2024,146,5,447.63,115.277904,35.459154,583.07,-0.00144468
2024,146,6,537.16,115.278685,35.459509,837.23,0.00000000
2024,146,7,626.69,115.279408,35.459963,807.33,0.00081521
2024,147,0,0.00,115.275366,35.455920,1659.51,-0.00000000
2024,147,1,87.85,115.275978,35.455308,1689.41,-0.00067584
2024,147,2,175.70,115.276591,35.454695,1061.49,-0.00268173
2024,147,3,263.55,115.276983,35.454017,583.07,-0.00322711
2024,147,4,351.40,115.276983,35.453225,777.43,-0.00244244
2024,148,0,0.00,115.276983,35.453225,418.61,-0.00000000
2024,148,1,19.32,115.276848,35.453091,627.92,-0.00000000
2024,148,2,38.63,115.276713,35.452956,612.97,-0.00000000
2024,149,0,0.00,115.276713,35.452956,642.87,-0.00131866
2024,149,1,89.76,115.276504,35.452208,612.97,-0.00195991
2024,149,2,179.52,115.276087,35.451521,433.57,-0.00130058
2024,149,3,269.28,115.275460,35.450895,388.71,0.00000000
2024,149,4,359.04,115.275043,35.450208,373.76,-0.00060809
2024,149,5,448.80,115.274417,35.449582,358.81,-0.00000000
2024,149,6,538.57,115.273791,35.448955,343.86,0.00120150
2024,149,7,628.33,115.273373,35.448268,373.76,-0.00128601
2024,149,8,718.09,115.272940,35.447586,373.76,-0.00383522
2024,149,9,807.85,115.272132,35.447297,433.57,-0.00391159
2024,15,0,0.00,115.074862,35.389086,642.87,0.00174618
2024,15,1,67.85,115.074388,35.389559,284.06,0.00600197
2024,15,2,135.70,115.073836,35.389894,538.22,0.00939045
2024,15,3,203.55,115.073245,35.389625,478.42,0.00852315
2024,150,0,0.00,115.276983,35.453225,583.07,0.00113033
2024,150,1,99.38,115.277921,35.453495,598.02,0.00247928
2024,150,2,198.76,115.278764,35.453929,493.37,0.00268434
2024,150,3,298.15,115.279249,35.454683,493.37,0.00027570
2024,150,4,397.53,115.279942,35.455377,553.17,0.00092045
2024,150,5,496.91,115.280636,35.456070,508.32,0.00262111
2024,150,6,596.29,115.280755,35.456931,523.27,0.00193735
2024,150,7,695.68,115.280979,35.457761,807.33,0.00306519
2024,150,8,795.06,115.280795,35.458576,1046.54,0.00354771
2024,150,9,894.44,115.280101,35.459270,1390.40,0.00121374
2024,150,10,993.82,115.279408,35.459963,1659.51,0.00000000
2024,153,0,0.00,115.272132,35.447297,209.31,0.00000000
2024,153,1,38.63,115.271862,35.447566,328.91,0.00000000
2024,153,2,77.27,115.271593,35.447836,373.76,0.00000000
2024,154,0,0.00,115.279408,35.459963,717.63,0.00345522
2024,154,1,88.47,115.279947,35.460603,642.87,0.00259384
2024,154,2,176.93,115.279947,35.461400,642.87,0.00000000
2024,154,3,265.40,115.280217,35.462119,627.92,-0.00173245
2024,155,0,0.00,115.280217,35.462119,1629.61,0.00000000
2024,155,1,95.38,115.279551,35.462784,1524.95,0.00000000
2024,155,2,190.77,115.278886,35.463450,1255.84,-0.00061082
2024,155,3,286.15,115.278220,35.464115,956.83,-0.00316904
2024,155,4,381.54,115.277791,35.464849,762.48,-0.00688674
2024,155,5,476.92,115.278070,35.465622,747.53,-0.00977167
2024,155,6,572.30,115.278965,35.465892,1181.09,-0.00862610
2024,155,7,667.69,115.279694,35.465336,1136.24,-0.00352743
2024,155,8,763.07,115.280360,35.464671,1390.40,-0.00034449
2024,155,9,858.46,115.281025,35.464005,1569.81,-0.00000000
2024,156,0,0.00,115.280217,35.462119,612.97,0.00431176
2024,156,1,78.50,115.280755,35.462669,612.97,0.00326238
2024,156,2,157.00,115.280755,35.463376,657.82,0.00000000
2024,156,3,235.50,115.281025,35.464005,612.97,-0.00221300
2024,157,0,0.00,115.281025,35.464005,732.58,0.00308411
2024,157,1,80.76,115.281564,35.464434,717.63,0.00292246
2024,157,2,161.53,115.281833,35.465083,762.48,0.00276081
2024,158,0,0.00,115.281833,35.465083,1599.71,-0.00000000
2024,158,1,86.27,115.281232,35.465685,1375.45,-0.00000000
2024,158,2,172.54,115.280630,35.466287,1136.24,0.00100439
2024,158,3,258.81,115.280028,35.466889,1136.24,0.00369754
2024,158,4,345.08,115.279281,35.467239,1031.59,0.00412548
2024,158,5,431.36,115.278330,35.467239,612.97,0.00286465
2024,159,0,0.00,115.281833,35.465083,687.72,0.00000000
2024,159,1,99.14,115.282525,35.465775,747.53,0.00049698
2024,159,2,198.27,115.283217,35.466466,717.63,0.00049698
2024,159,3,297.41,115.283700,35.467219,702.67,0.00018864
2024,159,4,396.54,115.284391,35.467910,672.77,0.00052257
2024,159,5,495.68,115.284798,35.468685,612.97,0.00005072
2024,159,6,594.81,115.285357,35.469415,583.07,-0.00052257
2024,159,7,693.95,115.285876,35.470157,538.22,-0.00065346
2024,159,8,793.08,115.286532,35.470859,508.32,-0.00049698
2024,159,9,892.22,115.287223,35.471551,478.42,-0.00016577
2024,16,0,0.00,115.074592,35.388816,777.43,0.00000000
2024,16,1,53.60,115.074862,35.388412,956.83,0.00000000
2024,16,2,107.19,115.075131,35.388008,822.28,0.00000000
2024,160,0,0.00,115.287223,35.471551,568.12,-0.00207128
2024,160,1,84.19,115.288008,35.471797,508.32,-0.00079962
2024,160,2,168.38,115.288922,35.471821,328.91,0.00313852
2024,160,3,252.57,115.289677,35.472119,254.16,0.00619678
2024,160,4,336.76,115.290188,35.472728,239.21,0.00505298
2024,160,5,420.95,115.290188,35.473487,224.26,0.00175869
2024,160,6,505.14,115.290188,35.474246,448.52,0.00000000
2024,161,0,0.00,115.287223,35.471551,598.02,-0.00154259
2024,161,1,90.96,115.287223,35.472371,538.22,-0.00158940
2024,161,2,181.91,115.287493,35.473112,343.86,-0.00164941
2024,161,3,272.87,115.287762,35.473853,89.70,-0.00163889
2024,161,4,363.82,115.288301,35.474515,343.86,-0.00161516
2024,162,0,0.00,115.290188,35.474246,328.91,0.00064249
2024,162,1,96.44,115.290938,35.474785,358.81,-0.00038036
2024,162,2,192.87,115.291632,35.475421,328.91,-0.00065425
2024,162,3,289.31,115.292503,35.475752,328.91,-0.00017085
2024,162,4,385.75,115.293189,35.476402,343.86,-0.00061447
2024,162,5,482.18,115.294095,35.476671,358.81,0.00055121
2024,162,6,578.62,115.294846,35.477210,343.86,0.00086201
2024,162,7,675.06,115.295596,35.477749,373.76,-0.00081451
2024,162,8,771.49,115.296361,35.478263,403.66,-0.00077099
2024,162,9,867.93,115.297232,35.478595,403.66,0.00056245
2024,162,10,964.37,115.298003,35.479097,418.61,0.00120879
2024,163,0,0.00,115.290188,35.474246,717.63,0.00206003
2024,163,1,92.69,115.289323,35.474515,523.27,0.00196266
2024,163,2,185.38,115.288301,35.474515,523.27,0.00186528
2024,165,0,0.00,115.288301,35.474515,941.88,0.00000000
2024,165,1,19.31,115.288167,35.474650,612.97,0.00000000
2024,165,2,38.63,115.288032,35.474785,358.81,0.00000000
2024,166,0,0.00,115.298003,35.479097,373.76,-0.00200555
2024,166,1,99.94,115.298492,35.479855,388.71,-0.00179091
2024,166,2,199.87,115.299288,35.480382,388.71,-0.00102654
2024,166,3,299.81,115.300040,35.480983,373.76,-0.00048245
2024,166,4,399.74,115.300880,35.481435,343.86,-0.00051604
2024,166,5,499.68,115.301676,35.481961,358.81,-0.00031674
2024,166,6,599.61,115.302563,35.482331,388.71,0.00047296
2024,166,7,699.55,115.303367,35.482844,418.61,0.00000000
2024,166,8,799.48,115.304163,35.483371,403.66,0.00004308
2024,166,9,899.42,115.305058,35.483727,388.71,0.00056078
2024,166,10,999.36,115.305756,35.484424,373.76,-0.00059843
2024,166,11,1099.29,115.306651,35.484780,373.76,-0.00056078
2024,166,12,1199.23,115.307453,35.485295,388.71,-0.00107990
2024,166,13,1299.16,115.308342,35.485662,403.66,-0.00058123
2024,166,14,1399.10,115.309336,35.485848,373.76,0.00111754
2024,166,15,1499.03,115.310132,35.486373,388.71,0.00033170
2024,166,16,1598.97,115.311027,35.486730,328.91,-0.00057701
2024,166,17,1698.90,115.311866,35.487182,328.91,-0.00091385
2024,166,18,1798.84,115.312817,35.487442,358.81,-0.00055690
2024,166,19,1898.77,115.313757,35.487721,299.01,-0.00000000
2024,166,20,1998.71,115.314702,35.487990,299.01,0.00053523
2024,166,21,2098.65,115.315647,35.488260,269.11,0.00085845
2024,166,22,2198.58,115.316495,35.488696,284.06,-0.00111604
2024,166,23,2298.52,115.317390,35.489052,269.11,-0.00168662
2024,166,24,2398.45,115.318482,35.489068,269.11,0.00055136
2024,166,25,2498.39,115.319427,35.489338,269.11,0.00054992
2024,166,26,2598.32,115.320372,35.489607,239.21,0.00000000
2024,166,27,2698.26,115.321366,35.489793,209.31,-0.00033626
2024,166,28,2798.19,115.322263,35.490146,239.21,-0.00108465
2024,166,29,2898.13,115.323364,35.490146,224.26,-0.00026514
2024,166,30,2998.07,115.324347,35.490349,194.36,-0.00040672
2024,166,31,3098.00,115.325410,35.490416,179.41,-0.00159748
2024,166,32,3197.94,115.326512,35.490416,209.31,-0.00098575
2024,166,33,3297.87,115.327457,35.490146,209.31,0.00153646
2024,166,34,3397.81,115.328558,35.490146,239.21,0.00159748
2024,166,35,3497.74,115.329514,35.490396,254.16,-0.00073000
2024,166,36,3597.68,115.330604,35.490416,269.11,-0.00137030
2024,166,37,3697.61,115.331403,35.490399,313.96,-0.00076002
2024,166,38,3797.55,115.332397,35.490247,343.86,0.00108747
2024,166,39,3897.49,115.333440,35.490146,388.71,0.00243069
2024,166,40,3997.42,115.334385,35.490416,463.47,0.00232496
2024,167,0,0.00,115.298003,35.479097,1794.06,0.00123931
2024,167,1,89.49,115.298627,35.478473,1405.35,0.00129031
2024,167,2,178.97,115.299351,35.478019,837.23,0.00134132
2024,168,0,0.00,115.334385,35.490416,1794.06,0.00000000
2024,168,1,69.77,115.334385,35.491044,1779.11,0.00000000
2024,168,2,139.53,115.334385,35.491673,867.13,0.00000000
2024,168,3,209.30,115.334385,35.492302,448.52,0.00000000
2024,169,0,0.00,115.334385,35.490416,403.66,0.00206083
2024,169,1,92.68,115.335250,35.490146,538.22,0.00196340
2024,169,2,185.35,115.336271,35.490146,538.22,0.00186596
2024,169,3,278.03,115.337293,35.490146,568.12,0.00196340
2024,169,4,370.70,115.338158,35.490416,627.92,0.00206083
2024,17,0,0.00,115.074323,35.388816,762.48,-0.00195550
2024,17,1,94.70,115.073592,35.388277,493.37,-0.00199505
2024,17,2,189.39,115.072706,35.388008,852.18,-0.00203460
2024,170,0,0.00,115.338158,35.490416,598.02,0.00206083
2024,170,1,92.68,115.339023,35.490146,568.12,0.00196340
2024,170,2,185.35,115.340044,35.490146,627.92,0.00186596
2024,171,0,0.00,115.338158,35.490416,1076.44,-0.00267925
2024,171,1,96.90,115.337888,35.491210,1405.35,-0.00270539
2024,171,2,193.81,115.338137,35.492011,1121.29,-0.00359330
2024,171,3,290.71,115.338395,35.492809,897.03,-0.00566082
2024,171,4,387.62,115.339269,35.493144,568.12,-0.00484030
2024,171,5,484.52,115.340044,35.493111,657.82,-0.00281401
2024,172,0,0.00,115.338158,35.490416,792.38,0.00000000
2024,172,1,90.02,115.338786,35.491044,926.93,0.00000000
2024,172,2,180.04,115.339414,35.491672,926.93,0.00189671
2024,172,3,270.06,115.340042,35.492300,403.66,0.00379501
2024,172,4,360.09,115.340044,35.493111,433.57,0.00379660
2024,173,0,0.00,115.340044,35.490146,642.87,0.00459162
2024,173,1,99.29,115.340653,35.489607,627.92,0.00334587
2024,173,2,198.59,115.341747,35.489607,657.82,0.00105006
2024,173,3,297.88,115.342685,35.489338,418.61,0.00080939
2024,173,4,397.18,115.343779,35.489338,388.71,0.00080939
2024,173,5,496.47,115.344874,35.489338,328.91,0.00000000
2024,173,6,595.77,115.345968,35.489338,358.81,0.00000000
2024,173,7,695.06,115.347062,35.489338,358.81,0.00000000
2024,173,8,794.36,115.348157,35.489338,328.91,0.00116456
2024,173,9,893.65,115.349251,35.489338,358.81,0.00350707
2024,173,10,992.94,115.350125,35.489717,418.61,0.00430923
2024,173,11,1092.24,115.350818,35.490410,448.52,0.00304355
2024,173,12,1191.53,115.351094,35.491224,672.77,0.00215366
2024,174,0,0.00,115.340044,35.490146,941.88,0.00000000
2024,174,1,97.19,115.340722,35.490824,926.93,0.00106157
2024,174,2,194.37,115.341400,35.491502,1181.09,0.00218589
2024,174,3,291.56,115.341661,35.492302,254.16,0.00224863
2024,175,0,0.00,115.340044,35.493111,627.92,0.00000000
2024,175,1,48.91,115.340583,35.493111,657.82,0.00000000
2024,175,2,97.81,115.341122,35.493111,687.72,0.00000000
2024,176,0,0.00,115.351094,35.491224,493.37,0.00000000
2024,176,1,59.80,115.351094,35.491763,672.77,0.00000000
2024,176,2,119.60,115.351094,35.492302,657.82,0.00000000
2024,177,0,0.00,115.351094,35.491224,1181.09,-0.00000000
2024,177,1,88.12,115.351708,35.490609,971.78,-0.00000000
2024,177,2,176.25,115.352323,35.489994,657.82,0.00144389
2024,177,3,264.37,115.352938,35.489380,179.41,0.00784366
2024,177,4,352.50,115.353652,35.489201,732.58,0.00989855
2024,177,5,440.62,115.354058,35.489877,687.72,0.00699758
2024,178,0,0.00,115.341661,35.492302,747.53,0.00389908
2024,178,1,78.03,115.342365,35.492572,478.42,0.00395010
2024,178,2,156.06,115.342739,35.493111,373.76,0.00400111
2024,179,0,0.00,115.341661,35.492302,1539.90,-0.00000000
2024,179,1,53.58,115.341392,35.492706,822.28,-0.00000000
2024,179,2,107.15,115.341122,35.493111,1166.14,-0.00000000
2024,18,0,0.00,115.074323,35.388816,657.82,0.00444745
2024,18,1,88.31,115.073507,35.389086,612.97,0.00796936
2024,18,2,176.62,115.072706,35.388804,657.82,0.00884010
2024,18,3,264.93,115.072706,35.388008,508.32,0.00618893
2024,181,0,0.00,115.341122,35.493111,493.37,-0.00803995
2024,181,1,67.80,115.341595,35.493584,463.47,-0.00998076
2024,181,2,135.61,115.342167,35.493413,657.82,-0.00674107
2024,181,3,203.41,115.342739,35.493111,867.13,-0.00156057
2024,182,0,0.00,115.351363,35.492572,777.43,-0.00000000
2024,182,1,19.31,115.351228,35.492437,807.33,-0.00000000
2024,182,2,38.63,115.351094,35.492302,807.33,-0.00000000
2024,183,0,0.00,115.351094,35.492302,837.23,0.00065635
2024,183,1,92.67,115.350072,35.492302,867.13,0.00093302
2024,183,2,185.35,115.349108,35.492203,837.23,0.00124947
2024,183,3,278.02,115.348186,35.492033,358.81,0.00103047
2024,183,4,370.69,115.347321,35.491763,373.76,0.00077168
2024,184,0,0.00,115.351363,35.492572,1495.05,-0.00000000
2024,184,1,96.57,115.352037,35.491898,1181.09,-0.00000000
2024,184,2,193.13,115.352711,35.491224,971.78,0.00000000
2024,184,3,289.70,115.353384,35.490550,627.92,0.00000000
2024,184,4,386.27,115.354058,35.489877,149.51,-0.00000000
2024,185,0,0.00,115.351363,35.492572,1495.05,-0.00000000
2024,185,1,95.26,115.350698,35.493236,1031.59,0.00126094
2024,185,2,190.51,115.350034,35.493901,1181.09,0.00370168
2024,185,3,285.77,115.349151,35.494189,478.42,0.00393120
2024,185,4,381.03,115.348101,35.494189,343.86,0.00182676
2024,185,5,476.29,115.347150,35.494018,343.86,0.00046224
2024,185,6,571.54,115.346158,35.493919,343.86,0.00093968
2024,185,7,666.80,115.345228,35.493712,373.76,0.00208406
2024,185,8,762.06,115.344365,35.493389,418.61,-0.00073793
2024,185,9,857.32,115.343633,35.492841,373.76,-0.00494600
2024,185,10,952.57,115.342739,35.493111,777.43,-0.00587549
2024,186,0,0.00,115.351363,35.492572,777.43,0.00000000
2024,186,1,38.63,115.351633,35.492841,717.63,0.00000000
2024,186,2,77.25,115.351902,35.493111,687.72,0.00000000
2024,187,0,0.00,115.354058,35.489877,732.58,0.00000000
2024,187,1,43.77,115.354462,35.490011,657.82,0.00000000
2024,187,2,87.54,115.354867,35.490146,553.17,0.00000000
2024,188,0,0.00,115.351902,35.493111,1435.25,0.00000000
2024,188,1,93.56,115.352555,35.492458,1360.50,0.00117667
2024,188,2,187.11,115.353208,35.491805,926.93,0.00248095
2024,188,3,280.67,115.354058,35.491494,538.22,0.00260856
2024,189,0,0.00,115.351902,35.493111,687.72,0.00000000
2024,189,1,85.72,115.352500,35.493709,598.02,0.00056446
2024,189,2,171.44,115.353098,35.494307,493.37,0.00209582
2024,189,3,257.17,115.353519,35.494957,478.42,0.00164032
2024,189,4,342.89,115.353669,35.495686,478.42,-0.00072356
2024,189,5,428.61,115.354058,35.496345,508.32,-0.00166504
2024,190,0,0.00,115.354058,35.496345,1225.94,0.00000000
2024,190,1,36.68,115.354462,35.496345,1196.04,0.00000000
2024,190,2,73.36,115.354867,35.496345,1016.64,0.00000000
2024,191,0,0.00,115.354058,35.496345,418.61,0.00000000
2024,191,1,93.13,115.354058,35.497184,463.47,0.00073479
2024,191,2,186.26,115.354058,35.498023,358.81,0.00143740
2024,191,3,279.39,115.353789,35.498784,343.86,-0.00000000
2024,191,4,372.52,115.353545,35.499552,299.01,-0.00131123
2024,191,5,465.65,115.353519,35.500384,299.01,0.00077903
2024,191,6,558.78,115.353497,35.501217,299.01,0.00239581
2024,191,7,651.91,115.352980,35.501906,284.06,0.00000000
2024,191,8,745.04,115.352615,35.502639,239.21,-0.00061136
2024,191,9,838.17,115.352441,35.503427,403.66,0.00295723
2024,191,10,931.30,115.351941,35.504121,508.32,0.00427382
2024,191,11,1024.43,115.351094,35.504429,598.02,0.00342676
2024,192,0,0.00,115.354867,35.496345,1061.49,0.00115930
2024,192,1,92.45,115.355512,35.495700,1031.59,-0.00062685
2024,192,2,184.90,115.356255,35.495225,852.18,-0.00428592
2024,192,3,277.36,115.356483,35.494458,822.28,-0.00382640
2024,192,4,369.81,115.356256,35.493691,822.28,-0.00129015
2024,192,5,462.26,115.356214,35.492870,807.33,-0.00159549
2024,192,6,554.71,115.355800,35.492158,702.67,-0.00062208
2024,192,7,647.17,115.355405,35.491440,822.28,0.00080460
2024,192,8,739.62,115.355136,35.490685,642.87,0.00074870
2024,193,0,0.00,115.354867,35.496345,553.17,-0.00287301
2024,193,1,79.38,115.355420,35.496898,747.53,-0.00436728
2024,193,2,158.76,115.356148,35.497153,478.42,-0.00413996
2024,193,3,238.14,115.357022,35.497153,,-0.00241837
2024,194,0,0.00,115.351094,35.504429,508.32,0.00161600
2024,194,1,96.57,115.350837,35.505225,538.22,0.00168990
2024,194,2,193.14,115.350285,35.505934,523.27,0.00119198
2024,194,3,289.71,115.349698,35.506633,598.02,0.00000000
2024,194,4,386.29,115.349024,35.507307,568.12,-0.00031008
2024,194,5,482.86,115.348559,35.508042,627.92,0.00052395
2024,194,6,579.43,115.347885,35.508716,627.92,0.00000000
2024,194,7,676.00,115.347211,35.509390,642.87,-0.00052395
2024,194,8,772.57,115.346746,35.510124,687.72,0.00052395
2024,194,9,869.14,115.346072,35.510798,687.72,0.00105417
2024,194,10,965.72,115.345398,35.511472,702.67,0.00110173
2024,194,11,1062.29,115.344626,35.511975,732.58,0.00114302
2024,195,0,0.00,115.351094,35.504429,1315.65,0.00433904
2024,195,1,68.52,115.350615,35.503951,732.58,0.00330207
2024,195,2,137.05,115.350555,35.503351,598.02,0.00000000
2024,195,3,205.57,115.350285,35.502812,612.97,-0.00226510
2024,196,0,0.00,115.344626,35.511975,702.67,0.00018671
2024,196,1,92.19,115.344626,35.512806,642.87,0.00154514
2024,196,2,184.39,115.344591,35.513627,568.12,0.00134765
2024,196,3,276.58,115.344087,35.514311,493.37,-0.00079521
2024,196,4,368.77,115.344087,35.515142,478.42,0.00010413
2024,196,5,460.97,115.343817,35.515894,403.66,0.00000000
2024,196,6,553.16,115.343548,35.516646,403.66,-0.00126185
2024,196,7,645.35,115.343548,35.517477,373.76,0.00079521
2024,196,8,737.55,115.343443,35.518278,343.86,0.00225154
2024,196,9,829.74,115.343009,35.518982,388.71,0.00197938
2024,197,0,0.00,115.344626,35.511975,1480.10,-0.00000000
2024,197,1,75.29,115.343952,35.511706,1330.60,-0.00000000
2024,197,2,150.59,115.343278,35.511436,1106.34,-0.00000000
2024,198,0,0.00,115.350285,35.502812,956.83,0.00000000
2024,198,1,12.23,115.350150,35.502812,956.83,0.00000000
2024,198,2,24.45,115.350016,35.502812,956.83,0.00000000
2024,199,0,0.00,115.350285,35.502812,418.61,-0.00333090
2024,199,1,64.16,115.350555,35.502313,269.11,-0.00323687
2024,199,2,128.33,115.350555,35.501734,313.96,-0.00314284
2024,2,0,0.00,115.080791,35.393937,523.27,-0.00178197
2024,2,1,87.87,115.080521,35.393223,553.17,-0.00175147
2024,2,2,175.73,115.079982,35.392589,523.27,-0.00172097
2024,20,0,0.00,115.075131,35.388008,478.42,0.00333543
2024,20,1,64.17,115.074862,35.387508,747.53,0.00324109
2024,20,2,128.35,115.074862,35.386930,882.08,0.00314676
2024,200,0,0.00,115.343009,35.518982,1794.06,0.00000000
2024,200,1,61.11,115.342335,35.518982,1794.06,0.00000000
2024,200,2,122.23,115.341661,35.518982,1106.34,0.00000000
2024,201,0,0.00,115.343009,35.518982,373.76,0.00000000
2024,201,1,92.87,115.343009,35.519819,343.86,0.00017649
2024,201,2,185.74,115.343009,35.520656,358.81,0.00073873
2024,201,3,278.62,115.342942,35.521474,328.91,0.00037514
2024,201,4,371.49,115.342739,35.522252,328.91,-0.00073873
2024,201,5,464.36,115.342739,35.523089,269.11,-0.00055163
2024,201,6,557.23,115.342739,35.523926,343.86,-0.00031136
2024,201,7,650.11,115.342739,35.524763,373.76,-0.00073873
2024,201,8,742.98,115.342855,35.525566,433.57,0.00064063
2024,201,9,835.85,115.343009,35.526358,448.52,0.00226067
2024,201,10,928.72,115.342739,35.527117,493.37,0.00119268
2024,201,11,1021.60,115.342470,35.527875,523.27,0.00000000
2024,202,0,0.00,115.342470,35.527875,1794.06,0.00000000
2024,202,1,12.22,115.342335,35.527875,1794.06,0.00000000
2024,202,2,24.44,115.342200,35.527875,1794.06,0.00000000
2024,203,0,0.00,115.342470,35.527875,493.37,0.00148511
2024,203,1,95.31,115.342739,35.528656,508.32,0.00144329
2024,203,2,190.61,115.342739,35.529515,523.27,0.00000000
2024,203,3,285.92,115.342739,35.530374,523.27,-0.00070073
2024,203,4,381.23,115.343009,35.531154,508.32,0.00070073
2024,203,5,476.54,115.343009,35.532013,538.22,0.00031162
2024,203,6,571.84,115.343009,35.532872,568.12,-0.00070073
2024,203,7,667.15,115.343161,35.533687,553.17,0.00009056
2024,203,8,762.46,115.343278,35.534512,568.12,0.00070073
2024,203,9,857.76,115.343278,35.535371,642.87,0.00029855
2024,203,10,953.07,115.343278,35.536230,642.87,0.00000000
2024,204,0,0.00,115.343278,35.536230,777.43,0.00298133
2024,204,1,82.10,115.343817,35.536671,657.82,0.00317945
2024,204,2,164.21,115.344087,35.537332,657.82,0.00133039
2024,204,3,246.31,115.344261,35.538021,657.82,-0.00107537
2024,204,4,328.41,115.344626,35.538655,627.92,-0.00143395
2024,205,0,0.00,115.343278,35.536230,1240.89,-0.00228047
2024,205,1,94.97,115.342517,35.536722,971.78,0.00018740
2024,205,2,189.95,115.342062,35.537446,867.13,0.00424283
2024,205,3,284.92,115.341092,35.537577,1210.99,0.00333452
2024,205,4,379.89,115.340044,35.537577,194.36,0.00083864
2024,206,0,0.00,115.344626,35.538655,867.13,-0.00199327
2024,206,1,95.93,115.344087,35.539363,762.48,-0.00063575
2024,206,2,191.85,115.343913,35.540177,657.82,0.00124736
2024,206,3,287.78,115.343243,35.540846,373.76,-0.00093920
2024,206,4,383.70,115.342739,35.541564,299.01,-0.00315378
2024,206,5,479.63,115.342739,35.542428,612.97,-0.00265623
2024,207,0,0.00,115.344626,35.538655,747.53,-0.00004183
2024,207,1,89.06,115.345295,35.539194,687.72,0.00000000
2024,207,2,178.13,115.345968,35.539728,538.22,0.00000000
2024,207,3,267.19,115.346634,35.540272,403.66,-0.00108592
2024,207,4,356.25,115.347310,35.540800,598.02,-0.00212005
2024,207,5,445.31,115.348129,35.541081,747.53,-0.00211010
2024,208,0,0.00,115.342739,35.542428,627.92,-0.00584391
2024,208,1,76.64,115.342105,35.542792,523.27,-0.01089390
2024,208,2,153.28,115.342082,35.543388,448.52,-0.01439602
2024,208,3,229.92,115.342859,35.543506,1076.44,-0.00851611
2024,208,4,306.56,115.343548,35.543237,1539.90,-0.00418408
2024,209,0,0.00,115.342739,35.542428,493.37,0.00000000
2024,209,1,57.93,115.343143,35.542832,403.66,0.00000000
2024,209,2,115.85,115.343548,35.543237,313.96,0.00000000
2024,21,0,0.00,115.078904,35.388008,702.67,-0.00198557
2024,21,1,80.41,115.078904,35.387283,642.87,-0.00244571
2024,21,2,160.81,115.078635,35.386637,448.52,-0.00334354
2024,21,3,241.22,115.078264,35.386021,508.32,-0.00521185
2024,21,4,321.62,115.077605,35.385631,523.27,-0.00500297
2024,21,5,402.03,115.076748,35.385582,627.92,-0.00336349
2024,210,0,0.00,115.343548,35.543237,313.96,-0.00000000
2024,210,1,96.54,115.344221,35.543910,508.32,-0.00000000
2024,210,2,193.08,115.344895,35.544584,642.87,-0.00000000
2024,211,0,0.00,115.344895,35.544584,1166.14,0.00000000
2024,211,1,36.66,115.345299,35.544584,1166.14,0.00000000
2024,211,2,73.31,115.345704,35.544584,1166.14,0.00000000
2024,212,0,0.00,115.344895,35.544584,478.42,-0.00217560
2024,212,1,79.11,115.344626,35.545219,538.22,-0.00211185
2024,212,2,158.22,115.344626,35.545932,448.52,-0.00204809
2024,212,3,237.33,115.344626,35.546645,478.42,-0.00211185
2024,212,4,316.44,115.344895,35.547279,523.27,-0.00217560
2024,213,0,0.00,115.345704,35.544584,657.82,0.00000000
2024,213,1,96.54,115.346377,35.545258,732.58,0.00000000
2024,213,2,193.08,115.347051,35.545932,612.97,0.00000000
2024,214,0,0.00,115.345704,35.544584,612.97,0.00204025
2024,214,1,70.14,115.346193,35.544095,493.37,0.00213841
2024,214,2,140.29,115.346782,35.543776,627.92,0.00223658
2024,215,0,0.00,115.344895,35.547279,1465.15,0.00000000
2024,215,1,97.75,115.345973,35.547279,1465.15,0.00000000
2024,215,2,195.49,115.347051,35.547279,612.97,0.00000000
2024,216,0,0.00,115.344895,35.547279,418.61,-0.00180828
2024,216,1,86.58,115.344626,35.547981,553.17,-0.00175598
2024,216,2,173.17,115.344626,35.548761,538.22,-0.00170368
2024,216,3,259.75,115.344626,35.549542,463.47,-0.00175598
2024,216,4,346.34,115.344895,35.550243,523.27,-0.00180828
2024,217,0,0.00,115.347051,35.545932,568.12,-0.00000000
2024,217,1,95.00,115.347506,35.546655,433.57,0.00150048
2024,217,2,190.01,115.347960,35.547379,373.76,0.00620008
2024,217,3,285.01,115.347844,35.548103,493.37,0.00636299
2024,217,4,380.01,115.346944,35.548357,852.18,0.00022456
2024,217,5,475.01,115.346221,35.548917,583.07,-0.00176283
2024,217,6,570.02,115.345558,35.549580,583.07,-0.00032401
2024,217,7,665.02,115.344895,35.550243,598.02,-0.00000000
2024,218,0,0.00,115.347051,35.545932,762.48,0.00389640
2024,218,1,68.18,115.347647,35.545662,418.61,0.00370816
2024,218,2,136.37,115.348399,35.545662,194.36,0.00351992
2024,219,0,0.00,115.344895,35.550243,478.42,0.00000000
2024,219,1,84.41,115.344895,35.551004,493.37,0.00000000
2024,219,2,168.81,115.344895,35.551765,493.37,0.00089722
2024,219,3,253.22,115.344895,35.552526,493.37,0.00184982
2024,219,4,337.62,115.344626,35.553208,553.17,0.00190520
2024,22,0,0.00,115.078904,35.388008,807.33,0.00882419
2024,22,1,43.81,115.079386,35.388008,657.82,0.00901258
2024,22,2,87.62,115.079713,35.388277,598.02,0.00920098
2024,220,0,0.00,115.344626,35.553208,1794.06,0.00000000
2024,220,1,89.59,115.345614,35.553208,1794.06,0.00000000
2024,220,2,179.19,115.346602,35.553208,1794.06,0.00000000
2024,220,3,268.78,115.347590,35.553208,822.28,0.00000000
2024,221,0,0.00,115.344626,35.553208,553.17,-0.00185349
2024,221,1,85.54,115.344356,35.553900,583.07,-0.00092675
2024,221,2,171.09,115.344356,35.554671,583.07,0.00092675
2024,221,3,256.63,115.344087,35.555364,627.92,0.00185349
2024,222,0,0.00,115.344087,35.555364,777.43,0.00321626
2024,222,1,85.23,115.343492,35.555959,1240.89,0.00432867
2024,222,2,170.47,115.342676,35.556172,1031.59,0.00442465
2024,222,3,255.70,115.341736,35.556172,1061.49,0.00388885
2024,222,4,340.93,115.340916,35.555966,1001.69,0.00700667
2024,222,5,426.16,115.340314,35.555515,717.63,0.00800605
2024,222,6,511.40,115.340583,35.554825,627.92,0.00636824
2024,223,0,0.00,115.344087,35.555364,717.63,-0.00086734
2024,223,1,95.65,115.344546,35.556092,642.87,0.00008017
2024,223,2,191.30,115.345165,35.556774,612.97,0.00222350
2024,223,3,286.95,115.345434,35.557557,568.12,0.00099905
2024,223,4,382.60,115.345434,35.558420,493.37,-0.00082607
2024,223,5,478.25,115.345964,35.559127,433.57,0.00065111
2024,223,6,573.90,115.346005,35.559977,403.66,-0.00038512
2024,223,7,669.55,115.346255,35.560767,328.91,-0.00209027
2024,223,8,765.20,115.346714,35.561495,299.01,-0.00145541
2024,223,9,860.85,115.347244,35.562101,328.91,-0.00034794
2024,223,10,956.50,115.347860,35.562744,269.11,0.00044310
2024,223,11,1052.15,115.348399,35.563449,224.26,0.00054838
2024,224,0,0.00,115.348399,35.563449,269.11,-0.00020534
2024,224,1,99.11,115.349090,35.564140,269.11,-0.00050265
2024,224,2,198.22,115.349803,35.564796,313.96,-0.00082393
2024,224,3,297.33,115.350573,35.565353,403.66,-0.00054105
2024,224,4,396.44,115.351364,35.565875,418.61,-0.00011709
2024,224,5,495.55,115.352154,35.566396,418.61,0.00049586
2024,224,6,594.66,115.352945,35.566917,448.52,0.00049586
2024,224,7,693.77,115.353527,35.567499,478.42,-0.00040641
2024,224,8,792.88,115.354318,35.568020,493.37,-0.00049586
2024,224,9,891.99,115.355093,35.568569,493.37,-0.00017967
2024,224,10,991.10,115.355899,35.569063,553.17,-0.00057035
2024,224,11,1090.21,115.356690,35.569584,553.17,-0.00048013
2024,224,12,1189.32,115.357580,35.569935,568.12,0.00057035
2024,224,13,1288.43,115.358370,35.570456,568.12,-0.00021893
2024,224,14,1387.54,115.359161,35.570977,538.22,-0.00115701
2024,224,15,1486.65,115.360088,35.571264,538.22,0.00000167
2024,224,16,1585.76,115.360941,35.571679,538.22,-0.00105014
2024,224,17,1684.87,115.361805,35.572073,493.37,-0.00263721
2024,224,18,1783.98,115.362899,35.572073,418.61,-0.00203021
2024,224,19,1883.09,115.363992,35.572073,388.71,-0.00159943
2024,224,20,1982.20,115.364929,35.571803,299.01,-0.00000000
2024,224,21,2081.31,115.365884,35.571565,224.26,0.00068499
2024,224,22,2180.42,115.366959,35.571534,209.31,-0.00137900
2024,224,23,2279.53,115.367896,35.571264,209.31,-0.00172277
2024,224,24,2378.64,115.368751,35.570854,179.41,-0.00066293
2024,224,25,2477.75,115.369613,35.570456,239.21,-0.00005361
2024,224,26,2576.86,115.370432,35.569982,239.21,-0.00000000
2024,224,27,2675.97,115.371321,35.569631,269.11,-0.00073401
2024,224,28,2775.08,115.372112,35.569110,328.91,-0.00057035
2024,224,29,2874.19,115.372903,35.568589,403.66,0.00071929
2024,224,30,2973.30,115.373693,35.568068,403.66,0.00115701
2024,224,31,3072.41,115.374608,35.567761,448.52,0.00028710
2024,224,32,3171.52,115.375473,35.567366,508.32,-0.00058667
2024,224,33,3270.63,115.376363,35.567016,523.27,-0.00043604
2024,224,34,3369.74,115.377153,35.566494,523.27,0.00058667
2024,224,35,3468.85,115.378043,35.566144,568.12,0.00117333
2024,225,0,0.00,115.348399,35.563449,1510.00,0.00306412
2024,225,1,82.35,115.348973,35.562874,1794.06,0.00322507
2024,225,2,164.70,115.349746,35.562640,837.23,0.00338602
2024,226,0,0.00,115.378043,35.566144,1764.16,0.00000000
2024,226,1,87.00,115.378650,35.566751,1510.00,0.00000000
2024,226,2,173.99,115.379257,35.567358,1270.79,-0.00001221
2024,226,3,260.99,115.379865,35.567965,971.78,-0.00346971
2024,226,4,347.99,115.380474,35.568569,792.38,-0.00731788
2024,226,5,434.98,115.381277,35.568300,717.63,-0.00772074
2024,227,0,0.00,115.378043,35.566144,553.17,0.00414688
2024,227,1,71.19,115.378540,35.565647,553.17,0.00433966
2024,227,2,142.37,115.379235,35.565491,612.97,0.00226622
2024,227,3,213.56,115.379930,35.565335,598.02,0.00000000
2024,228,0,0.00,115.381277,35.568300,732.58,-0.00121754
2024,228,1,93.12,115.381253,35.567467,926.93,-0.00239503
2024,228,2,186.23,115.381007,35.566700,1614.66,-0.00234362
2024,228,3,279.35,115.380371,35.566046,1794.06,-0.00000000
2024,228,4,372.47,115.379930,35.565335,1794.06,0.00111471
2024,229,0,0.00,115.381277,35.568300,807.33,0.00000000
2024,229,1,36.65,115.381681,35.568300,702.67,0.00000000
2024,229,2,73.29,115.382085,35.568300,702.67,0.00000000
2024,231,0,0.00,115.379930,35.565335,642.87,0.00571986
2024,231,1,75.26,115.380455,35.564810,612.97,0.00574879
2024,231,2,150.52,115.381277,35.564796,837.23,0.00577773
2024,232,0,0.00,115.381277,35.564796,1794.06,-0.00000000
2024,232,1,94.72,115.381938,35.565457,1599.71,-0.00000000
2024,232,2,189.44,115.382599,35.566118,1300.70,-0.00000000
2024,232,3,284.16,115.383260,35.566779,807.33,0.00404095
2024,232,4,378.88,115.383921,35.567441,732.58,0.00938995
2024,232,5,473.60,115.383163,35.567761,627.92,0.01069800
2024,233,0,0.00,115.381277,35.564796,657.82,0.00300583
2024,233,1,81.37,115.381845,35.564228,598.02,0.00415568
2024,233,2,162.74,115.382603,35.563988,657.82,0.00271923
2024,233,3,244.10,115.383476,35.563945,598.02,-0.00085021
2024,233,4,325.47,115.384241,35.563718,627.92,-0.00183333
2024,234,0,0.00,115.384241,35.563718,702.67,0.00306797
2024,234,1,81.16,115.384599,35.563091,598.02,0.00485722
2024,234,2,162.31,115.385265,35.562695,747.53,0.00497871
2024,234,3,243.47,115.386128,35.562640,807.33,0.00331095
2024,235,0,0.00,115.384241,35.563718,1794.06,0.00000000
2024,235,1,86.88,115.384848,35.564325,1659.51,0.00000000
2024,235,2,173.76,115.385454,35.564931,1315.65,-0.00000000
2024,235,3,260.64,115.386061,35.565537,583.07,-0.00000000
2024,235,4,347.51,115.386667,35.566144,343.86,0.00000000
2024,236,0,0.00,115.386128,35.562640,971.78,0.00697607
2024,236,1,77.01,115.386248,35.561981,553.17,0.00704038
2024,236,2,154.03,115.386983,35.561785,508.32,0.00463579
2024,236,3,231.04,115.387704,35.561562,538.22,0.00219797
2024,236,4,308.05,115.388553,35.561562,568.12,0.00222906
2024,237,0,0.00,115.386128,35.562640,1794.06,0.00000000
2024,237,1,90.98,115.386763,35.563275,1794.06,-0.00104015
2024,237,2,181.96,115.387398,35.563910,1225.94,-0.00601853
2024,237,3,272.94,115.388200,35.564257,538.22,-0.01056202
2024,237,4,363.92,115.388823,35.563663,702.67,-0.00671171
2024,237,5,454.90,115.388823,35.562843,971.78,-0.00031151
2024,237,6,545.88,115.389092,35.562101,1405.35,0.00163314
2024,238,0,0.00,115.386667,35.566144,687.72,0.00189324
2024,238,1,93.77,115.387545,35.565874,612.97,0.00100547
2024,238,2,187.55,115.388570,35.565858,553.17,-0.00063157
2024,238,3,281.32,115.389457,35.565605,612.97,-0.00092006
2024,238,4,375.09,115.390374,35.565401,553.17,-0.00195122
2024,238,5,468.86,115.391226,35.565088,553.17,-0.00344793
2024,238,6,562.64,115.391880,35.564433,642.87,-0.00231182
2024,238,7,656.41,115.392326,35.563718,642.87,-0.00117093
2024,239,0,0.00,115.386667,35.566144,837.23,0.00261384
2024,239,1,75.91,115.386137,35.566673,792.38,0.00280904
2024,239,2,151.83,115.385461,35.566952,627.92,0.00155605
2024,239,3,227.74,115.384780,35.567222,627.92,0.00010786
2024,24,0,0.00,115.072706,35.388008,583.07,0.00000000
2024,24,1,38.65,115.072436,35.387738,463.47,0.00000000
2024,24,2,77.29,115.072167,35.387469,403.66,0.00000000
2024,240,0,0.00,115.388553,35.561562,1300.70,0.00484530
2024,240,1,68.29,115.388821,35.561025,583.07,0.00690359
2024,240,2,136.57,115.389417,35.560754,598.02,0.00624654
2024,240,3,204.86,115.390170,35.560754,657.82,0.00353120
2024,241,0,0.00,115.388553,35.561562,1569.81,0.00000000
2024,241,1,38.61,115.388823,35.561832,1569.81,0.00000000
2024,241,2,77.23,115.389092,35.562101,1569.81,0.00000000
2024,242,0,0.00,115.389092,35.562101,1270.79,0.00149658
2024,242,1,84.91,115.389784,35.562523,807.33,0.00036221
2024,242,2,169.83,115.390377,35.563116,687.72,-0.00312598
2024,242,3,254.74,115.391120,35.563449,687.72,-0.00413986
2024,242,4,339.66,115.392057,35.563449,956.83,-0.00279992
2024,244,0,0.00,115.392326,35.563718,493.37,0.00000000
2024,244,1,19.31,115.392192,35.563583,299.01,0.00000000
2024,244,2,38.61,115.392057,35.563449,284.06,0.00000000
2024,245,0,0.00,115.392326,35.563718,553.17,0.01146813
2024,245,1,31.52,115.392645,35.563768,358.81,0.01107278
2024,245,2,63.04,115.392865,35.563988,792.38,0.01067742
2024,247,0,0.00,115.392057,35.563449,1435.25,-0.00345125
2024,247,1,94.35,115.392057,35.562755,493.37,-0.00340007
2024,247,2,188.71,115.391487,35.562071,807.33,-0.00190476
2024,247,3,283.06,115.390829,35.561412,1360.50,-0.00023031
2024,247,4,377.42,115.390170,35.560754,1405.35,-0.00000000
2024,248,0,0.00,115.390170,35.560754,598.02,0.00295482
2024,248,1,92.67,115.390706,35.560215,568.12,0.00442544
2024,248,2,185.34,115.391572,35.559945,627.92,0.00528040
2024,248,3,278.01,115.392496,35.560115,657.82,0.00272719
2024,248,4,370.68,115.393303,35.560484,478.42,0.00137286
2024,248,5,463.34,115.394169,35.560754,388.71,0.00362544
2024,248,6,556.01,115.394832,35.561373,373.76,0.00384757
2024,248,7,648.68,115.395021,35.562153,523.27,0.00096316
2024,248,8,741.35,115.395291,35.562910,508.32,-0.00047399
2024,25,0,0.00,115.074862,35.386930,538.22,0.00394899
2024,25,1,76.33,115.074132,35.386739,418.61,0.00377020
2024,25,2,152.67,115.073600,35.386207,373.76,0.00093712
2024,25,3,229.00,115.073067,35.385674,822.28,-0.00179571
2024,25,4,305.33,115.072436,35.385313,747.53,-0.00187425
2024,250,0,0.00,115.392865,35.563988,612.97,-0.00956390
2024,250,1,46.47,115.392981,35.564373,418.61,-0.00980914
2024,250,2,92.95,115.393404,35.564527,508.32,-0.01005439
2024,251,0,0.00,115.392865,35.563988,777.43,-0.00340902
2024,251,1,97.44,115.393743,35.563649,583.07,-0.00044848
2024,251,2,194.89,115.394216,35.562910,956.83,0.00396980
2024,251,3,292.33,115.395291,35.562910,627.92,0.00542753
2024,252,0,0.00,115.395560,35.563179,328.91,0.00000000
2024,252,1,19.31,115.395425,35.563044,358.81,0.00000000
2024,252,2,38.61,115.395291,35.562910,403.66,0.00000000
2024,254,0,0.00,115.395560,35.563179,1255.84,0.00000000
2024,254,1,79.79,115.395003,35.563736,598.02,0.00000000
2024,254,2,159.58,115.394446,35.564293,956.83,0.00163598
2024,254,3,239.36,115.393890,35.564850,777.43,0.00344090
2024,254,4,319.15,115.393135,35.565066,777.43,0.00360984
2024,255,0,0.00,115.395560,35.563179,418.61,0.00076159
2024,255,1,93.93,115.396283,35.563718,299.01,0.00236969
2024,255,2,187.86,115.396908,35.564338,269.11,0.00255832
2024,255,3,281.78,115.397000,35.565158,269.11,-0.00045353
2024,255,4,375.71,115.397447,35.565874,269.11,-0.00204590
2024,256,0,0.00,115.397447,35.565874,269.11,0.00010947
2024,256,1,96.96,115.397716,35.566670,239.21,-0.00000000
2024,256,2,193.92,115.397965,35.567471,254.16,-0.00010955
2024,256,3,290.88,115.398255,35.568260,269.11,0.00013665
2024,256,4,387.85,115.398525,35.569056,284.06,0.00077118
2024,256,5,484.81,115.398743,35.569866,313.96,0.00100772
2024,256,6,581.77,115.398794,35.570725,403.66,0.00085601
2024,257,0,0.00,115.397447,35.565874,867.13,0.00000000
2024,257,1,85.51,115.398390,35.565874,1016.64,0.00000000
2024,257,2,171.02,115.399333,35.565874,822.28,0.00000000
2024,258,0,0.00,115.398794,35.570725,1524.95,-0.00414429
2024,258,1,96.36,115.397731,35.570725,1046.54,-0.00726447
2024,258,2,192.72,115.397177,35.571283,388.71,-0.00748924
2024,258,3,289.07,115.397447,35.572073,418.61,-0.00459383
2024,259,0,0.00,115.398794,35.570725,343.86,0.00156632
2024,259,1,87.82,115.399064,35.571438,358.81,0.00170537
2024,259,2,175.64,115.399064,35.572073,433.57,0.00184441
2024,26,0,0.00,115.074862,35.386930,792.38,0.00000000
2024,26,1,80.73,115.075523,35.386538,612.97,-0.00083299
2024,26,2,161.47,115.076185,35.386145,1794.06,-0.00159842
2024,26,3,242.20,115.076748,35.385582,1794.06,-0.00153085
2024,260,0,0.00,115.397447,35.572073,762.48,0.00000000
2024,260,1,73.29,115.398255,35.572073,1136.24,0.00000000
2024,260,2,146.58,115.399064,35.572073,1495.05,0.00000000
2024,261,0,0.00,115.397447,35.572073,433.57,0.00890905
2024,261,1,34.26,115.397416,35.572372,508.32,0.00879260
2024,261,2,68.51,115.397177,35.572612,642.87,0.00867614
2024,263,0,0.00,115.399064,35.572073,418.61,0.00347791
2024,263,1,53.56,115.399437,35.572446,403.66,0.00358491
2024,263,2,107.12,115.399603,35.572881,463.47,0.00369192
2024,264,0,0.00,115.399603,35.572881,852.18,0.00157297
2024,264,1,99.07,115.398812,35.573402,1046.54,0.00047406
2024,264,2,198.14,115.397886,35.573689,867.13,-0.00341692
2024,264,3,297.20,115.397177,35.574286,612.97,-0.00657211
2024,264,4,396.27,115.397177,35.575179,373.76,-0.00614593
2024,264,5,495.34,115.397802,35.575845,642.87,-0.00273025
2024,264,6,594.41,115.398660,35.576250,627.92,0.00031416
2024,264,7,693.47,115.399351,35.576941,612.97,-0.00017542
2024,264,8,792.54,115.400142,35.577462,687.72,-0.00108302
2024,265,0,0.00,115.399603,35.572881,538.22,0.00330276
2024,265,1,90.53,115.400142,35.573540,493.37,0.00325398
2024,265,2,181.05,115.400142,35.574356,493.37,0.00082488
2024,265,3,271.58,115.400142,35.575172,523.27,-0.00077771
2024,265,4,362.10,115.400411,35.575909,508.32,0.00155543
2024,265,5,452.63,115.400411,35.576725,553.17,0.00238031
2024,265,6,543.15,115.400142,35.577462,538.22,0.00164977
2024,266,0,0.00,115.400142,35.577462,478.42,-0.00065526
2024,266,1,99.35,115.400209,35.578338,478.42,-0.00016247
2024,266,2,198.71,115.400411,35.579175,538.22,0.00064346
2024,266,3,298.06,115.400411,35.580070,478.42,0.00047830
2024,266,4,397.42,115.400411,35.580966,313.96,0.00000000
2024,267,0,0.00,115.400411,35.580966,1584.76,-0.00810478
2024,267,1,73.63,115.399699,35.581139,508.32,-0.00786536
2024,267,2,147.26,115.399603,35.581774,478.42,-0.00762593
2024,268,0,0.00,115.400411,35.580966,493.37,0.00141973
2024,268,1,97.38,115.400681,35.581765,448.52,0.00113740
2024,268,2,194.76,115.400681,35.582643,448.52,0.00000000
2024,268,3,292.14,115.400781,35.583491,508.32,-0.00017320
2024,268,4,389.51,115.400950,35.584320,493.37,-0.00070986
2024,268,5,486.89,115.400950,35.585197,553.17,-0.00131885
2024,268,6,584.27,115.401489,35.585918,538.22,0.00070986
2024,268,7,681.65,115.401621,35.586757,538.22,0.00070572
2024,268,8,779.03,115.401759,35.587595,508.32,-0.00000000
2024,268,9,876.41,115.402028,35.588394,478.42,0.00099071
2024,268,10,973.78,115.402028,35.589272,508.32,0.00000000
2024,268,11,1071.16,115.402044,35.590145,478.42,-0.00059083
2024,268,12,1168.54,115.402298,35.590948,478.42,0.00067023
2024,268,13,1265.92,115.402298,35.591826,523.27,-0.00075095
2024,268,14,1363.30,115.402298,35.592704,523.27,-0.00138009
2024,268,15,1460.68,115.402837,35.593425,493.37,0.00138009
2024,268,16,1558.05,115.402837,35.594302,478.42,0.00138009
2024,268,17,1655.43,115.402837,35.595180,508.32,0.00000000
2024,268,18,1752.81,115.402837,35.596058,508.32,0.00000000
2024,269,0,0.00,115.402837,35.596058,1794.06,0.00000000
2024,269,1,81.41,115.401938,35.596058,1794.06,0.00000000
2024,269,2,162.81,115.401040,35.596058,1225.94,0.00000000
2024,269,3,244.22,115.400142,35.596058,822.28,0.00000000
2024,27,0,0.00,115.076748,35.385582,508.32,-0.00000000
2024,27,1,97.03,115.076488,35.384784,448.52,-0.00162841
2024,27,2,194.06,115.076229,35.383985,807.33,-0.00489858
2024,27,3,291.09,115.075453,35.383479,418.61,-0.00496720
2024,27,4,388.12,115.074416,35.383426,418.61,-0.00270369
2024,27,5,485.15,115.073348,35.383426,657.82,-0.00194230
2024,27,6,582.18,115.072436,35.383696,717.63,-0.00187129
2024,270,0,0.00,115.402837,35.596058,493.37,-0.00000000
2024,270,1,87.38,115.403106,35.596767,493.37,0.00088673
2024,270,2,174.76,115.403376,35.597476,478.42,0.00172233
2024,270,3,262.13,115.403376,35.598263,448.52,0.00000000
2024,270,4,349.51,115.403376,35.599051,433.57,-0.00083559
2024,270,5,436.89,115.403645,35.599760,448.52,-0.00088673
2024,270,6,524.27,115.403645,35.600547,448.52,-0.00265178
2024,270,7,611.64,115.404184,35.601178,478.42,-0.00353008
2024,271,0,0.00,115.404184,35.601178,448.52,0.00000000
2024,271,1,98.56,115.404184,35.602066,418.61,0.00000000
2024,271,2,197.13,115.404184,35.602955,448.52,-0.00059848
2024,271,3,295.69,115.404184,35.603843,448.52,-0.00075402
2024,271,4,394.25,115.404431,35.604659,403.66,-0.00011082
2024,271,5,492.82,115.404493,35.605530,463.47,-0.00005877
2024,271,6,591.38,115.404723,35.606351,448.52,-0.00020774
2024,271,7,689.94,115.404826,35.607210,448.52,-0.00026619
2024,271,8,788.51,115.405096,35.608019,433.57,0.00052077
2024,271,9,887.07,115.405262,35.608859,448.52,0.00042521
2024,271,10,985.63,115.405262,35.609748,403.66,-0.00025749
2024,271,11,1084.19,115.405531,35.610557,448.52,0.00000000
2024,271,12,1182.76,115.405531,35.611446,478.42,-0.00021245
2024,271,13,1281.32,115.405801,35.612256,433.57,-0.00000000
2024,271,14,1379.88,115.405885,35.613120,448.52,0.00042112
2024,271,15,1478.45,115.406070,35.613954,508.32,0.00065376
2024,271,16,1577.01,115.406070,35.614842,448.52,0.00044510
2024,271,17,1675.57,115.406070,35.615731,463.47,0.00000000
2024,272,0,0.00,115.404184,35.601178,747.53,0.00509851
2024,272,1,82.72,115.404784,35.600639,1330.60,0.00503601
2024,272,2,165.44,115.405697,35.600639,1255.84,0.00248676
2024,272,3,248.16,115.406609,35.600639,702.67,0.00000000
2024,273,0,0.00,115.406070,35.615731,538.22,0.00303159
2024,273,1,98.27,115.406609,35.616318,478.42,0.00261443
2024,273,2,196.55,115.406707,35.617175,508.32,-0.00005217
2024,273,3,294.82,115.406879,35.618011,508.32,-0.00069629
2024,273,4,393.10,115.407418,35.618740,493.37,0.00180838
2024,273,5,491.37,115.407418,35.619626,478.42,0.00083506
2024,273,6,589.64,115.407418,35.620511,433.57,-0.00120654
2024,273,7,687.92,115.407632,35.621335,448.52,-0.00027919
2024,273,8,786.19,115.407901,35.622142,463.47,0.00039927
2024,273,9,884.47,115.407957,35.623012,448.52,-0.00055587
2024,273,10,982.74,115.408229,35.623818,448.52,-0.00053945
2024,273,11,1081.02,115.408496,35.624626,493.37,0.00000000
2024,273,12,1179.29,115.408765,35.625434,523.27,-0.00000715
2024,273,13,1277.56,115.409035,35.626241,448.52,-0.00000000
2024,274,0,0.00,115.406070,35.615731,777.43,0.00000000
2024,274,1,77.21,115.405531,35.616270,702.67,0.00000000
2024,274,2,154.41,115.404992,35.616809,642.87,0.00000000
2024,275,0,0.00,115.409035,35.626241,493.37,0.00000000
2024,275,1,85.54,115.409035,35.627012,523.27,-0.00179828
2024,275,2,171.07,115.409035,35.627783,523.27,-0.00363453
2024,275,3,256.61,115.409574,35.628397,598.02,-0.00367252
2024,276,0,0.00,115.409035,35.626241,777.43,0.00003164
2024,276,1,96.89,115.409711,35.625565,807.33,0.00230579
2024,276,2,193.77,115.410391,35.624893,1435.25,0.00455705
2024,276,3,290.66,115.411460,35.624893,792.38,0.00453416
2024,277,0,0.00,115.409574,35.628397,538.22,0.00134999
2024,277,1,99.76,115.409843,35.629218,538.22,0.00131268
2024,277,2,199.52,115.409843,35.630117,553.17,-0.00000000
2024,277,3,299.28,115.409843,35.631016,553.17,-0.00121132
2024,277,4,399.04,115.410113,35.631837,583.07,0.00000000
2024,277,5,498.80,115.410343,35.632669,598.02,0.00112005
2024,277,6,598.57,115.410382,35.633556,598.02,0.00000000
2024,277,7,698.33,115.410382,35.634456,612.97,-0.00122141
2024,277,8,798.09,115.410652,35.635276,627.92,-0.00000000
2024,277,9,897.85,115.410921,35.636097,627.92,0.00069819
2024,277,10,997.61,115.410921,35.636996,627.92,-0.00067499
2024,277,11,1097.37,115.411181,35.637820,642.87,-0.00074658
2024,277,12,1197.13,115.411460,35.638638,642.87,-0.00009677
2024,278,0,0.00,115.409574,35.628397,777.43,-0.00000000
2024,278,1,96.88,115.410250,35.627721,822.28,0.00000000
2024,278,2,193.77,115.410927,35.627044,777.43,-0.00070450
2024,278,3,290.65,115.411603,35.626368,672.77,-0.00394063
2024,278,4,387.53,115.411999,35.625610,448.52,-0.00567202
2024,278,5,484.41,115.411460,35.624893,523.27,-0.00487178
2024,279,0,0.00,115.411460,35.624893,583.07,0.00000000
2024,279,1,59.80,115.411460,35.624354,448.52,0.00000000
2024,279,2,119.60,115.411460,35.623815,418.61,0.00000000
2024,281,0,0.00,115.411460,35.638638,1794.06,0.00000000
2024,281,1,96.07,115.412521,35.638638,1794.06,0.00042907
2024,281,2,192.15,115.413582,35.638638,1420.30,0.00281141
2024,281,3,288.22,115.414563,35.638775,1001.69,0.00418291
2024,281,4,384.29,115.415233,35.639446,732.58,0.00360114
2024,282,0,0.00,115.411460,35.638638,687.72,0.00000000
2024,282,1,92.65,115.411460,35.639473,627.92,0.00000000
2024,282,2,185.29,115.411460,35.640308,627.92,0.00000000
2024,282,3,277.94,115.411460,35.641143,747.53,-0.00027570
2024,282,4,370.58,115.411460,35.641978,747.53,-0.00092066
2024,282,5,463.23,115.411563,35.642783,732.58,-0.00279515
2024,282,6,555.88,115.411792,35.643551,822.28,-0.00397349
2024,282,7,648.52,115.412538,35.644028,1031.59,-0.00364660
2024,283,0,0.00,115.415233,35.639446,792.38,0.00886962
2024,283,1,43.71,115.415716,35.639446,777.43,0.00905832
2024,283,2,87.42,115.416042,35.639716,777.43,0.00924701
2024,284,0,0.00,115.415233,35.639446,627.92,0.00176618
2024,284,1,87.53,115.415503,35.640157,627.92,0.00336749
2024,284,2,175.05,115.415503,35.640946,777.43,0.00446932
2024,284,3,262.58,115.414983,35.641583,986.73,0.00225863
2024,284,4,350.11,115.414372,35.642194,1061.49,0.00027371
2024,284,5,437.63,115.413761,35.642805,1121.29,0.00000000
2024,284,6,525.16,115.413149,35.643416,1210.99,-0.00000000
2024,284,7,612.68,115.412538,35.644028,1270.79,-0.00000000
2024,285,0,0.00,115.412538,35.644028,747.53,-0.00061279
2024,285,1,99.01,115.412538,35.644920,762.48,-0.00152352
2024,285,2,198.03,115.412668,35.645775,777.43,-0.00208576
2024,285,3,297.04,115.413151,35.646527,822.28,-0.00091265
2024,285,4,396.06,115.413616,35.647284,837.23,-0.00008790
2024,285,5,495.07,115.414116,35.648031,822.28,-0.00038291
2024,285,6,594.09,115.414599,35.648783,822.28,-0.00047912
2024,285,7,693.10,115.415233,35.649491,777.43,0.00009767
2024,285,8,792.12,115.415773,35.650226,747.53,-0.00000000
2024,285,9,891.13,115.416311,35.650962,657.82,-0.00000000
2024,285,10,990.15,115.416947,35.651670,598.02,0.00052302
2024,285,11,1089.16,115.417389,35.652433,568.12,-0.00033523
2024,285,12,1188.18,115.417912,35.653174,493.37,-0.00152382
2024,285,13,1287.19,115.418603,35.653865,403.66,-0.00090336
2024,285,14,1386.21,115.419394,35.654386,328.91,-0.00081327
2024,285,15,1485.22,115.420085,35.655078,299.01,-0.00133201
2024,285,16,1584.24,115.421022,35.655346,239.21,-0.00051601
2024,285,17,1683.25,115.421802,35.655885,209.31,-0.00092872
2024,285,18,1782.27,115.422739,35.656155,194.36,-0.00182865
2024,285,19,1881.28,115.423676,35.656424,209.31,-0.00089720
2024,285,20,1980.30,115.424769,35.656424,239.21,-0.00000000
2024,285,21,2079.31,115.425706,35.656694,269.11,0.00000000
2024,285,22,2178.33,115.426799,35.656694,299.01,0.00024824
2024,285,23,2277.34,115.427736,35.656963,358.81,-0.00000000
2024,285,24,2376.36,115.428785,35.657040,373.76,0.00038800
2024,285,25,2475.37,115.429766,35.657233,388.71,0.00089720
2024,285,26,2574.39,115.430703,35.657502,388.71,-0.00063624
2024,285,27,2673.40,115.431639,35.657772,418.61,-0.00171141
2024,285,28,2772.42,115.432733,35.657772,388.71,-0.00081421
2024,285,29,2871.43,115.433826,35.657772,418.61,0.00081421
2024,285,30,2970.45,115.434919,35.657772,418.61,0.00000000
2024,285,31,3069.46,115.435856,35.658041,418.61,-0.00252561
2024,285,32,3168.48,115.436793,35.657772,463.47,-0.00342281
2024,286,0,0.00,115.436793,35.657772,1794.06,0.00000000
2024,286,1,69.77,115.436793,35.657143,1794.06,0.00000000
2024,286,2,139.54,115.436793,35.656514,1794.06,-0.00000000
2024,286,3,209.31,115.436793,35.655885,493.37,0.00000000
2024,287,0,0.00,115.436793,35.657772,433.57,-0.00210405
2024,287,1,91.78,115.437650,35.658041,418.61,-0.00105202
2024,287,2,183.55,115.438663,35.658041,418.61,-0.00050578
2024,287,3,275.33,115.439520,35.658311,448.52,-0.00190406
2024,287,4,367.11,115.440446,35.658161,448.52,-0.00085289
2024,287,5,458.89,115.441390,35.658041,448.52,-0.00000000
2024,287,6,550.66,115.442404,35.658041,448.52,-0.00159742
2024,287,7,642.44,115.443261,35.657772,478.42,-0.00210405
2024,288,0,0.00,115.443261,35.657772,508.32,-0.00250850
2024,288,1,80.31,115.444148,35.657772,478.42,-0.00264452
2024,288,2,160.61,115.444878,35.657502,538.22,-0.00278055
2024,289,0,0.00,115.443261,35.657772,1734.26,0.00000000
2024,289,1,82.63,115.443261,35.657027,1554.85,-0.00093553
2024,289,2,165.27,115.443261,35.656282,1031.59,-0.00192890
2024,289,3,247.90,115.442991,35.655616,837.23,-0.00198673
2024,29,0,0.00,115.079713,35.388277,612.97,0.00000000
2024,29,1,98.17,115.080595,35.388620,612.97,0.00118131
2024,29,2,196.34,115.081477,35.388963,598.02,0.00173394
2024,29,3,294.51,115.082161,35.389648,568.12,-0.00000000
2024,29,4,392.68,115.082945,35.390162,538.22,-0.00055264
2024,29,5,490.85,115.083728,35.390676,508.32,-0.00058252
2024,29,6,589.02,115.084511,35.391190,478.42,-0.00058252
2024,29,7,687.18,115.085393,35.391533,463.47,0.00067786
2024,29,8,785.35,115.086177,35.392047,448.52,0.00113516
2024,29,9,883.52,115.086944,35.392589,448.52,0.00036691
2024,29,10,981.69,115.087645,35.393245,418.61,0.00042218
2024,29,11,1079.86,115.088428,35.393759,448.52,0.00060357
2024,29,12,1178.03,115.088921,35.394476,463.47,-0.00080848
2024,29,13,1276.20,115.089688,35.395018,403.66,-0.00164835
2024,29,14,1374.37,115.090458,35.395554,403.66,-0.00082343
2024,29,15,1472.54,115.091353,35.395875,478.42,0.00058252
2024,29,16,1570.71,115.092136,35.396389,478.42,0.00227576
2024,29,17,1668.88,115.092920,35.396903,478.42,0.00320948
2024,29,18,1767.05,115.093187,35.397710,568.12,0.00318163
2024,290,0,0.00,115.444878,35.657502,777.43,0.00000000
2024,290,1,19.30,115.445012,35.657637,747.53,0.00000000
2024,290,2,38.60,115.445147,35.657772,583.07,0.00000000
2024,291,0,0.00,115.444878,35.657502,1554.85,0.00000000
2024,291,1,74.75,115.444878,35.656829,1076.44,0.00000000
2024,291,2,149.51,115.444878,35.656155,448.52,0.00000000
2024,292,0,0.00,115.445147,35.657772,627.92,-0.00439038
2024,292,1,89.95,115.445827,35.658311,463.47,-0.00428462
2024,292,2,179.91,115.446821,35.658311,478.42,-0.00308170
2024,292,3,269.86,115.447814,35.658311,358.81,-0.00208943
2024,292,4,359.82,115.448651,35.658041,538.22,-0.00219435
2024,293,0,0.00,115.445147,35.657772,732.58,-0.00000000
2024,293,1,91.48,115.445786,35.657133,837.23,0.00107160
2024,293,2,182.96,115.446425,35.656494,642.87,0.00521529
2024,293,3,274.43,115.447237,35.656155,313.96,0.00846451
2024,293,4,365.91,115.447999,35.656582,627.92,0.00630621
2024,293,5,457.39,115.448429,35.657281,1046.54,0.00261953
2024,293,6,548.87,115.448651,35.658041,1210.99,0.00126827
2024,295,0,0.00,115.448651,35.658041,493.37,-0.00142047
2024,295,1,96.68,115.449425,35.658546,403.66,-0.00243252
2024,295,2,193.35,115.450316,35.658850,328.91,-0.00192043
2024,295,3,290.03,115.451370,35.658874,284.06,0.00065885
2024,295,4,386.71,115.452295,35.659119,239.21,0.00192043
2024,295,5,483.39,115.453205,35.659389,239.21,0.00106343
2024,295,6,580.06,115.453960,35.659928,179.41,-0.00007434
2024,295,7,676.74,115.454871,35.660197,239.21,0.00075737
2024,295,8,773.42,115.455637,35.660716,239.21,0.00078458
2024,295,9,870.09,115.456411,35.661220,239.21,-0.00004714
2024,295,10,966.77,115.457185,35.661725,284.06,0.00052888
2024,295,11,1063.45,115.457959,35.662230,269.11,0.00000000
2024,295,12,1160.13,115.458642,35.662892,328.91,-0.00108436
2024,295,13,1256.80,115.459508,35.663239,328.91,-0.00003023
2024,295,14,1353.48,115.460282,35.663744,403.66,-0.00004507
2024,295,15,1450.16,115.461061,35.664240,373.76,-0.00068001
2024,295,16,1546.83,115.461929,35.664583,403.66,0.00000000
2024,295,17,1643.51,115.462726,35.665048,448.52,0.00025008
2024,295,18,1740.19,115.463577,35.665422,478.42,0.00047776
2024,295,19,1836.87,115.464351,35.665926,463.47,0.00045624
2024,295,20,1933.54,115.465146,35.666396,478.42,-0.00035095
2024,295,21,2030.22,115.465900,35.666935,433.57,0.00000783
2024,295,22,2126.90,115.466773,35.667270,448.52,0.00104334
2024,295,23,2223.57,115.467448,35.667945,493.37,-0.00000392
2024,295,24,2320.25,115.468222,35.668450,508.32,-0.00000000
2024,295,25,2416.93,115.468996,35.668954,508.32,0.00109804
2024,295,26,2513.61,115.469671,35.669630,523.27,0.00105689
2024,296,0,0.00,115.469671,35.669630,523.27,0.00002373
2024,296,1,99.84,115.470617,35.669899,553.17,0.00091618
2024,296,2,199.67,115.471561,35.670172,523.27,0.00171792
2024,296,3,299.51,115.472352,35.670708,478.42,0.00022325
2024,296,4,399.35,115.473154,35.671226,493.37,-0.00056128
2024,296,5,499.19,115.474049,35.671582,493.37,0.00112278
2024,296,6,599.02,115.474846,35.672109,493.37,0.00056128
2024,296,7,698.86,115.475543,35.672806,493.37,-0.00053243
2024,296,8,798.70,115.476438,35.673163,508.32,0.00053243
2024,296,9,898.53,115.477135,35.673860,538.22,0.00033550
2024,296,10,998.37,115.477932,35.674387,538.22,-0.00000000
2024,296,11,1098.21,115.478666,35.675019,538.22,-0.00025738
2024,296,12,1198.05,115.479425,35.675611,553.17,-0.00053243
2024,296,13,1297.88,115.480245,35.676097,538.22,-0.00050579
2024,296,14,1397.72,115.481018,35.676664,553.17,-0.00056128
2024,296,15,1497.56,115.481913,35.677021,553.17,0.00013282
2024,296,16,1597.39,115.482709,35.677547,568.12,0.00030657
2024,296,17,1697.23,115.483558,35.677984,627.92,0.00003420
2024,296,18,1797.07,115.484348,35.678523,627.92,-0.00004610
2024,296,19,1896.91,115.485198,35.678958,642.87,0.00026065
2024,296,20,1996.74,115.485994,35.679484,672.77,-0.00012085
2024,296,21,2096.58,115.486790,35.680011,657.82,-0.00056128
2024,296,22,2196.42,115.487661,35.680409,687.72,0.00028633
2024,296,23,2296.25,115.488482,35.680894,702.67,0.00000000
2024,296,24,2396.09,115.489278,35.681421,717.63,-0.00042595
2024,296,25,2495.93,115.490174,35.681778,732.58,-0.00000000
2024,296,26,2595.77,115.490970,35.682304,732.58,-0.00000000
2024,296,27,2695.60,115.491865,35.682661,762.48,-0.00057761
2024,296,28,2795.44,115.492662,35.683188,762.48,-0.00172196
2024,296,29,2895.28,115.493656,35.683374,807.33,-0.00228870
2024,297,0,0.00,115.469671,35.669630,1794.06,-0.00115134
2024,297,1,92.14,115.469028,35.670273,1794.06,-0.00118218
2024,297,2,184.27,115.468593,35.670977,882.08,-0.00121302
2024,298,0,0.00,115.493656,35.683374,897.03,-0.00305924
2024,298,1,99.98,115.493937,35.684193,762.48,-0.00308415
2024,298,2,199.97,115.494734,35.684721,687.72,-0.00310905
2024,299,0,0.00,115.493656,35.683374,1390.40,0.00000000
2024,299,1,87.15,115.494265,35.682765,1405.35,-0.00064450
2024,299,2,174.30,115.494873,35.682157,1390.40,-0.00132458
2024,299,3,261.44,115.495273,35.681487,882.08,-0.00136017
2024,3,0,0.00,115.080521,35.394206,583.07,0.00161892
2024,3,1,84.57,115.079734,35.393958,553.17,0.00160543
2024,3,2,169.13,115.079045,35.393539,568.12,0.00129640
2024,3,3,253.70,115.078357,35.393120,583.07,0.00145170
2024,3,4,338.27,115.077733,35.392589,583.07,0.00148795
2024,3,5,422.83,115.077287,35.392050,612.97,0.00107336
2024,30,0,0.00,115.079713,35.388277,1794.06,0.00000000
2024,30,1,92.24,115.079069,35.388920,1405.35,0.00000000
2024,30,2,184.48,115.078426,35.389564,822.28,-0.00118223
2024,30,3,276.72,115.077783,35.390207,1584.76,-0.00243180
2024,30,4,368.96,115.077557,35.390972,672.77,-0.00249913
2024,300,0,0.00,115.494734,35.684721,956.83,0.00060885
2024,300,1,85.53,115.494914,35.685440,777.43,-0.00000000
2024,300,2,171.06,115.495004,35.686185,627.92,-0.00092531
2024,300,3,256.59,115.495273,35.686877,493.37,-0.00124176
2024,301,0,0.00,115.494734,35.684721,1166.14,0.00088769
2024,301,1,96.03,115.495603,35.684391,897.03,0.00160427
2024,301,2,192.06,115.496542,35.684182,672.77,0.00095680
2024,301,3,288.09,115.497603,35.684182,493.37,-0.00116042
2024,301,4,384.12,115.498507,35.683913,657.82,-0.00191360
2024,302,0,0.00,115.495273,35.686877,732.58,0.00155771
2024,302,1,83.28,115.495954,35.687288,687.72,0.00149561
2024,302,2,166.56,115.496535,35.687870,119.60,0.00071675
2024,302,3,249.83,115.497117,35.688452,538.22,0.00000000
2024,302,4,333.11,115.497699,35.689033,612.97,0.00000000
2024,303,0,0.00,115.495273,35.686877,1046.54,-0.00562083
2024,303,1,49.20,115.495004,35.687242,672.77,-0.00550901
2024,303,2,98.39,115.495004,35.687686,642.87,-0.00539718
2024,304,0,0.00,115.497699,35.689033,493.37,0.00039813
2024,304,1,95.51,115.498754,35.689033,568.12,-0.00104071
2024,304,2,191.02,115.499528,35.689090,583.07,-0.00246575
2024,304,3,286.52,115.500394,35.688764,672.77,-0.00245196
2024,305,0,0.00,115.497699,35.689033,747.53,0.00478530
2024,305,1,82.28,115.497025,35.689437,732.58,0.00531466
2024,305,2,164.55,115.496351,35.689303,508.32,0.00584402
2024,306,0,0.00,115.500394,35.688764,956.83,0.00000000
2024,306,1,87.20,115.500394,35.687978,762.48,0.00000000
2024,306,2,174.40,115.500394,35.687192,448.52,0.00172741
2024,306,3,261.60,115.500394,35.686406,702.67,0.00172741
2024,306,4,348.80,115.500933,35.685777,717.63,-0.00172741
2024,306,5,435.99,115.500933,35.684991,732.58,-0.00345482
2024,307,0,0.00,115.500394,35.688764,598.02,-0.00177920
2024,307,1,99.97,115.501184,35.689303,538.22,-0.00180332
2024,307,2,199.95,115.502132,35.689572,538.22,-0.00179303
2024,307,3,299.92,115.503080,35.689842,508.32,-0.00000000
2024,307,4,399.89,115.504184,35.689842,448.52,0.00268263
2024,307,5,499.86,115.504975,35.690381,299.01,0.00360664
2024,308,0,0.00,115.505244,35.690111,1465.15,0.00000000
2024,308,1,19.29,115.505110,35.690246,1599.71,0.00000000
2024,308,2,38.59,115.504975,35.690381,1629.61,0.00000000
2024,309,0,0.00,115.504975,35.690381,1629.61,-0.00432882
2024,309,1,97.11,115.504297,35.691059,1270.79,-0.00391811
2024,309,2,194.22,115.504506,35.691798,418.61,-0.00096388
2024,309,3,291.34,115.504436,35.692537,598.02,0.00157966
2024,31,0,0.00,115.072167,35.387469,702.67,-0.00891591
2024,31,1,34.27,115.072136,35.387169,538.22,-0.00879862
2024,31,2,68.55,115.071897,35.386930,388.71,-0.00868133
2024,310,0,0.00,115.505244,35.690111,1465.15,-0.00312988
2024,310,1,82.41,115.505820,35.689536,986.73,-0.00187676
2024,310,2,164.83,115.505919,35.688899,747.53,0.00155095
2024,310,3,247.24,115.506322,35.688494,149.51,0.00372556
2024,311,0,0.00,115.505244,35.690111,523.27,-0.00204188
2024,311,1,70.08,115.505734,35.690601,463.47,-0.00214029
2024,311,2,140.16,115.506322,35.690920,388.71,-0.00223870
2024,312,0,0.00,115.506322,35.688494,882.08,-0.00507116
2024,312,1,76.62,115.506322,35.687804,792.38,-0.00495551
2024,312,2,153.24,115.505780,35.687412,612.97,-0.00192992
2024,312,3,229.87,115.505244,35.686877,642.87,0.00098003
2024,313,0,0.00,115.506322,35.688494,642.87,0.00231826
2024,313,1,80.31,115.506883,35.689055,553.17,0.00510833
2024,313,2,160.62,115.507131,35.689707,971.78,0.00620250
2024,313,3,240.93,115.506674,35.690298,1076.44,0.00184691
2024,313,4,321.24,115.506322,35.690920,1151.19,-0.00081280
2024,315,0,0.00,115.506322,35.690920,403.66,0.00114394
2024,315,1,91.99,115.506965,35.691562,358.81,0.00057741
2024,315,2,183.98,115.507400,35.692265,299.01,-0.00056685
2024,315,3,275.97,115.508041,35.692908,269.11,-0.00167141
2024,315,4,367.96,115.508683,35.693550,239.21,-0.00456823
2024,315,5,459.96,115.509505,35.693884,299.01,-0.00571898
2024,315,6,551.95,115.510365,35.693615,717.63,-0.00449974
2024,316,0,0.00,115.510634,35.693884,343.86,0.00000000
2024,316,1,19.29,115.510500,35.693749,388.71,0.00000000
2024,316,2,38.59,115.510365,35.693615,373.76,0.00000000
2024,317,0,0.00,115.510365,35.693615,523.27,-0.00313630
2024,317,1,64.15,115.510365,35.693036,508.32,-0.00322983
2024,317,2,128.29,115.510095,35.692537,284.06,-0.00332335
2024,318,0,0.00,115.510634,35.693884,418.61,-0.00107601
2024,318,1,99.42,115.510911,35.694700,254.16,-0.00159053
2024,318,2,198.83,115.511397,35.695455,239.21,-0.00204479
2024,318,3,298.25,115.512091,35.696149,239.21,-0.00099227
2024,318,4,397.66,115.512884,35.696673,239.21,-0.00000000
2024,318,5,497.08,115.513579,35.697367,299.01,-0.00053708
2024,318,6,596.50,115.514372,35.697891,328.91,-0.00053708
2024,318,7,695.91,115.515166,35.698415,328.91,0.00000000
2024,318,8,795.33,115.515959,35.698939,313.96,0.00000000
2024,318,9,894.74,115.516752,35.699463,358.81,0.00000000
2024,318,10,994.16,115.517546,35.699987,328.91,-0.00000000
2024,318,11,1093.57,115.518339,35.700511,358.81,0.00053708
2024,318,12,1192.99,115.519133,35.701035,328.91,0.00053708
2024,318,13,1292.41,115.519827,35.701729,358.81,-0.00053708
2024,318,14,1391.82,115.520621,35.702253,328.91,-0.00053708
2024,318,15,1491.24,115.521414,35.702777,373.76,-0.00000000
2024,319,0,0.00,115.510634,35.693884,1794.06,0.00124058
2024,319,1,89.37,115.511259,35.693260,388.71,0.00129175
2024,319,2,178.75,115.511982,35.692806,299.01,0.00134292
2024,32,0,0.00,115.072167,35.387469,657.82,0.00347436
2024,32,1,78.91,115.071616,35.388019,448.52,0.00600333
2024,32,2,157.83,115.070967,35.388156,732.58,0.00595005
2024,32,3,236.74,115.070220,35.387947,583.07,0.00168390
2024,32,4,315.65,115.069472,35.387738,523.27,0.00000000
2024,320,0,0.00,115.521414,35.702777,313.96,-0.00062053
2024,320,1,98.39,115.521892,35.703525,343.86,0.00022738
2024,320,2,196.78,115.522492,35.704238,269.11,0.00140486
2024,320,3,295.16,115.522762,35.705046,284.06,0.00063741
2024,320,4,393.55,115.523031,35.705855,209.31,-0.00000000
2024,320,5,491.94,115.523388,35.706638,224.26,0.00114157
2024,320,6,590.33,115.523570,35.707472,179.41,0.00134897
2024,320,7,688.72,115.523570,35.708359,179.41,0.00109245
2024,320,8,787.10,115.523570,35.709245,179.41,0.00134897
2024,320,9,885.49,115.523301,35.710054,179.41,0.00069373
2024,320,10,983.88,115.523031,35.710862,179.41,0.00000000
2024,320,11,1082.27,115.522762,35.711671,179.41,-0.00000000
2024,320,12,1180.66,115.522492,35.712479,224.26,0.00000000
2024,320,13,1279.05,115.522223,35.713288,254.16,0.00000000
2024,320,14,1377.43,115.521953,35.714096,299.01,0.00070849
2024,320,15,1475.82,115.521684,35.714905,358.81,0.00070849
2024,320,16,1574.21,115.521145,35.715635,358.81,-0.00070849
2024,320,17,1672.60,115.520875,35.716443,328.91,-0.00140223
2024,320,18,1770.99,115.520606,35.717252,373.76,-0.00134897
2024,320,19,1869.37,115.520606,35.718139,448.52,-0.00131048
2024,321,0,0.00,115.521414,35.702777,1240.89,0.00000000
2024,321,1,96.47,115.522088,35.702104,1076.44,0.00000000
2024,321,2,192.93,115.522762,35.701430,119.60,0.00000000
2024,322,0,0.00,115.520606,35.718139,1076.44,0.00000000
2024,322,1,85.35,115.521549,35.718139,986.73,0.00000000
2024,322,2,170.69,115.522492,35.718139,807.33,0.00000000
2024,323,0,0.00,115.520606,35.718139,418.61,-0.00347726
2024,323,1,53.53,115.520232,35.718513,403.66,-0.00358393
2024,323,2,107.07,115.520067,35.718947,388.71,-0.00369060
2024,324,0,0.00,115.522762,35.701430,493.37,-0.00258162
2024,324,1,92.78,115.522762,35.700594,418.61,-0.00152124
2024,324,2,185.56,115.522301,35.699891,418.61,-0.00061654
2024,324,3,278.35,115.522223,35.699078,418.61,-0.00157299
2024,324,4,371.13,115.521631,35.698413,343.86,-0.00121258
2024,324,5,463.91,115.521145,35.697719,373.76,-0.00104114
2024,324,6,556.69,115.520544,35.697057,358.81,-0.00176274
2024,324,7,649.48,115.519797,35.696579,343.86,-0.00149458
2024,325,0,0.00,115.522762,35.701430,986.73,0.00000000
2024,325,1,24.39,115.523031,35.701430,807.33,0.00000000
2024,325,2,48.78,115.523301,35.701430,777.43,0.00000000
2024,326,0,0.00,115.520067,35.718947,523.27,-0.00463693
2024,326,1,73.72,115.519528,35.719313,463.47,-0.00476100
2024,326,2,147.44,115.519355,35.719928,478.42,-0.00278168
2024,326,3,221.16,115.519258,35.720564,403.66,-0.00067829
2024,327,0,0.00,115.520067,35.718947,762.48,0.00000000
2024,327,1,85.30,115.520662,35.719543,807.33,-0.00068233
2024,327,2,170.59,115.521258,35.720139,926.93,-0.00142282
2024,327,3,255.89,115.521953,35.720564,747.53,-0.00148100
2024,328,0,0.00,115.519258,35.720564,448.52,-0.00242240
2024,328,1,96.55,115.518694,35.721129,418.61,-0.00221076
2024,328,2,193.09,115.518450,35.721928,418.61,-0.00092974
2024,328,3,289.64,115.518180,35.722720,418.61,0.00013965
2024,329,0,0.00,115.519258,35.720564,777.43,-0.00000000
2024,329,1,85.69,115.519857,35.721163,822.28,-0.00000000
2024,329,2,171.37,115.520455,35.721761,897.03,0.00168050
2024,329,3,257.06,115.521054,35.722360,568.12,0.00530971
2024,329,4,342.75,115.521145,35.723105,418.61,0.00592868
2024,329,5,428.43,115.520665,35.723738,403.66,0.00267403
2024,329,6,514.12,115.520067,35.724337,523.27,0.00074913
2024,33,0,0.00,115.072436,35.385313,553.17,0.00000000
2024,33,1,89.70,115.072436,35.384504,1136.24,0.00000000
2024,33,2,179.40,115.072436,35.383696,1510.00,0.00000000
2024,330,0,0.00,115.518180,35.722720,538.22,-0.00342271
2024,330,1,88.74,115.517641,35.723363,388.71,-0.00318127
2024,330,2,177.48,115.517641,35.724163,553.17,-0.00085745
2024,330,3,266.22,115.517574,35.724943,448.52,0.00103716
2024,330,4,354.96,115.517372,35.725684,508.32,0.00084939
2024,331,0,0.00,115.518180,35.722720,956.83,-0.00089556
2024,331,1,85.29,115.518776,35.723316,956.83,-0.00068234
2024,331,2,170.59,115.519438,35.723798,986.73,-0.00000000
2024,331,3,255.88,115.520067,35.724337,1046.54,0.00046911
2024,332,0,0.00,115.520067,35.724337,568.12,0.00433860
2024,332,1,90.48,115.520061,35.725151,448.52,0.00660812
2024,332,2,180.97,115.519372,35.725684,792.38,0.00648072
2024,332,3,271.45,115.518372,35.725684,1420.30,0.00204191
2024,332,4,361.93,115.517372,35.725684,1106.34,0.00000000
2024,335,0,0.00,115.517372,35.725684,538.22,-0.00433588
2024,335,1,68.48,115.516893,35.726163,538.22,-0.00329942
2024,335,2,136.97,115.516833,35.726762,523.27,-0.00000000
2024,335,3,205.45,115.516563,35.727301,568.12,0.00226295
2024,336,0,0.00,115.516563,35.727301,867.13,0.00000000
2024,336,1,77.16,115.517102,35.727840,1001.69,0.00000000
2024,336,2,154.33,115.517641,35.728379,986.73,0.00000000
2024,337,0,0.00,115.516563,35.727301,642.87,0.00086226
2024,337,1,99.05,115.515772,35.727823,642.87,-0.00123529
2024,337,2,198.10,115.514946,35.728193,598.02,-0.00428179
2024,337,3,297.15,115.514677,35.729007,553.17,-0.00261538
2024,337,4,396.20,115.514677,35.729900,373.76,0.00000000
2024,337,5,495.25,115.514407,35.730715,523.27,-0.00129238
2024,337,6,594.30,115.514407,35.731607,598.02,-0.00197642
2024,337,7,693.35,115.514677,35.732422,642.87,-0.00136807
2024,338,0,0.00,115.517641,35.728379,403.66,-0.00152096
2024,338,1,98.79,115.517375,35.729191,553.17,-0.00016614
2024,338,2,197.59,115.517427,35.729941,328.91,0.00289744
2024,338,3,296.38,115.516945,35.730692,553.17,0.00280844
2024,338,4,395.18,115.516156,35.731212,583.07,0.00050534
2024,338,5,493.97,115.515466,35.731902,642.87,0.00054406
2024,338,6,592.76,115.514677,35.732422,762.48,0.00108813
2024,34,0,0.00,115.072436,35.385313,1061.49,0.00000000
2024,34,1,98.45,115.072167,35.386121,612.97,0.00000000
2024,34,2,196.89,115.071897,35.386930,418.61,0.00000000
2024,341,0,0.00,115.514677,35.732422,1181.09,0.00000000
2024,341,1,90.73,115.513831,35.732691,882.08,0.00107767
2024,341,2,181.47,115.512985,35.732961,657.82,0.00205246
2024,341,3,272.20,115.511982,35.732961,478.42,0.00194957
2024,342,0,0.00,115.514677,35.732422,717.63,0.00135523
2024,342,1,99.81,115.515216,35.733165,583.07,0.00091092
2024,342,2,199.62,115.515485,35.733986,508.32,0.00000000
2024,342,3,299.43,115.515933,35.734756,358.81,-0.00012948
2024,342,4,399.24,115.516294,35.735551,299.01,-0.00081289
2024,342,5,499.05,115.516701,35.736332,239.21,-0.00207049
2024,342,6,598.86,115.517413,35.737003,209.31,-0.00211696
2024,342,7,698.67,115.518203,35.737542,239.21,-0.00130449
2024,342,8,798.48,115.519090,35.737913,224.26,-0.00066555
2024,342,9,898.29,115.519938,35.738351,254.16,-0.00002046
2024,342,10,998.10,115.520881,35.738626,269.11,0.00030374
2024,342,11,1097.91,115.521678,35.739153,269.11,0.00004091
2024,342,12,1197.72,115.522620,35.739429,328.91,-0.00060789
2024,342,13,1297.53,115.523410,35.739968,358.81,-0.00181970
2024,342,14,1397.34,115.524464,35.740053,373.76,-0.00143411
2024,342,15,1497.15,115.525460,35.740237,418.61,-0.00080096
2024,342,16,1596.96,115.526563,35.740237,418.61,0.00026326
2024,342,17,1696.77,115.527666,35.740237,418.61,0.00080096
2024,342,18,1796.59,115.528613,35.740507,328.91,-0.00080096
2024,342,19,1896.40,115.529716,35.740507,328.91,-0.00000000
2024,342,20,1996.21,115.530819,35.740507,328.91,0.00080096
2024,342,21,2096.02,115.531766,35.740776,299.01,-0.00080096
2024,342,22,2195.83,115.532869,35.740776,328.91,-0.00080096
2024,342,23,2295.64,115.533973,35.740776,358.81,0.00000000
2024,342,24,2395.45,115.535076,35.740776,388.71,0.00000000
2024,342,25,2495.26,115.536179,35.740776,388.71,-0.00080096
2024,342,26,2595.07,115.537283,35.740776,388.71,-0.00080096
2024,342,27,2694.88,115.538229,35.740507,418.61,-0.00000000
2024,342,28,2794.69,115.539332,35.740507,448.52,-0.00088241
2024,342,29,2894.50,115.540279,35.740237,358.81,-0.00176481
2024,343,0,0.00,115.540279,35.740237,1794.06,-0.00345346
2024,343,1,91.28,115.540279,35.739414,1510.00,-0.00381848
2024,343,2,182.56,115.539740,35.738890,598.02,-0.00418350
2024,344,0,0.00,115.540279,35.740237,358.81,0.00000000
2024,344,1,99.72,115.541381,35.740237,478.42,-0.00080237
2024,344,2,199.45,115.542483,35.740237,448.52,-0.00080237
2024,344,3,299.17,115.543429,35.739968,508.32,0.00080237
2024,344,4,398.90,115.544531,35.739968,538.22,0.00080237
2024,344,5,498.62,115.545634,35.739968,478.42,-0.00052180
2024,344,6,598.35,115.546736,35.739968,478.42,-0.00080237
2024,344,7,698.07,115.547734,35.739789,463.47,0.00026310
2024,344,8,797.80,115.548784,35.739698,508.32,-0.00000000
2024,344,9,897.52,115.549886,35.739698,478.42,-0.00123555
2024,344,10,997.25,115.550831,35.739429,478.42,0.00000000
2024,344,11,1096.97,115.551810,35.739216,493.37,0.00051009
2024,344,12,1196.70,115.552879,35.739159,478.42,-0.00088398
2024,344,13,1296.42,115.553824,35.738890,493.37,-0.00070220
2024,344,14,1396.15,115.554770,35.738620,448.52,0.00088398
2024,344,15,1495.87,115.555715,35.738351,478.42,0.00088398
2024,344,16,1595.60,115.556817,35.738351,388.71,0.00000000
2024,344,17,1695.32,115.557763,35.738081,388.71,0.00077473
2024,344,18,1795.05,115.558865,35.738081,358.81,-0.00000000
2024,344,19,1894.77,115.559962,35.738071,328.91,-0.00166786
2024,344,20,1994.50,115.560913,35.737812,209.31,-0.00122074
2024,344,21,2094.22,115.561851,35.737530,299.01,-0.00086647
2024,344,22,2193.95,115.562746,35.737174,328.91,-0.00025256
2024,344,23,2293.67,115.563592,35.736734,358.81,0.00087561
2024,344,24,2393.39,115.564536,35.736462,343.86,0.00059808
2024,344,25,2493.12,115.565483,35.736195,328.91,-0.00000000
2024,344,26,2592.84,115.566428,35.735925,358.81,-0.00000877
2024,344,27,2692.57,115.567374,35.735656,388.71,0.00025452
2024,344,28,2792.29,115.568319,35.735386,403.66,0.00000000
2024,344,29,2892.02,115.569308,35.735193,403.66,-0.00051185
2024,344,30,2991.74,115.570210,35.734847,433.57,-0.00062589
2024,344,31,3091.47,115.571155,35.734578,418.61,-0.00066108
2024,344,32,3191.19,115.571993,35.734125,433.57,0.00033451
2024,344,33,3290.92,115.572889,35.733769,418.61,0.00090686
2024,344,34,3390.64,115.573834,35.733500,418.61,-0.00059548
2024,344,35,3490.37,115.574778,35.733227,418.61,-0.00089525
2024,344,36,3590.09,115.575573,35.732701,433.57,0.00029756
2024,344,37,3689.82,115.576513,35.732422,448.52,0.00005393
2024,344,38,3789.54,115.577363,35.731989,463.47,-0.00000000
2024,344,39,3889.27,115.578258,35.731633,478.42,-0.00013096
2024,344,40,3988.99,115.579153,35.731277,463.47,-0.00057877
2024,344,41,4088.72,115.579981,35.730805,448.52,0.00006541
2024,344,42,4188.44,115.580844,35.730394,478.42,-0.00000000
2024,344,43,4288.17,115.581715,35.729996,448.52,-0.00010806
2024,344,44,4387.89,115.582535,35.729512,493.37,0.00006456
2024,344,45,4487.62,115.583430,35.729156,493.37,-0.00014161
2024,344,46,4587.34,115.584237,35.728649,463.47,0.00018511
2024,344,47,4687.06,115.585121,35.728274,508.32,-0.00030022
2024,344,48,4786.79,115.585970,35.727840,478.42,0.00000000
2024,344,49,4886.51,115.586759,35.727301,508.32,0.00060506
2024,344,50,4986.24,115.587704,35.727032,523.27,-0.00023781
2024,344,51,5085.96,115.588502,35.726509,508.32,-0.00011024
2024,344,52,5185.69,115.589397,35.726153,523.27,0.00047735
2024,344,53,5285.41,115.590226,35.725684,523.27,0.00076896
2024,344,54,5385.14,115.591172,35.725415,508.32,-0.00023954
2024,344,55,5484.86,115.592082,35.725085,538.22,-0.00038479
2024,344,56,5584.59,115.592906,35.724606,448.52,0.00074788
2024,344,57,5684.31,115.593872,35.724373,433.57,0.00046668
2024,344,58,5784.04,115.594767,35.724017,403.66,0.00033983
2024,344,59,5883.76,115.595742,35.723798,358.81,0.00100661
2024,344,60,5983.49,115.596687,35.723528,358.81,0.00227105
2024,344,61,6083.21,115.597789,35.723528,299.01,0.00160474
2024,344,62,6182.94,115.598744,35.723783,269.11,-0.00066740
2024,344,63,6282.66,115.599837,35.723798,179.41,-0.00143157
2024,345,0,0.00,115.599837,35.723798,299.01,0.00868890
2024,345,1,97.21,115.600424,35.723259,149.51,0.00802464
2024,345,2,194.42,115.601185,35.723798,179.41,0.00736038
2024,346,0,0.00,115.599837,35.723798,179.41,-0.00606784
2024,346,1,75.16,115.600511,35.724067,149.51,-0.00606784
2024,346,2,150.31,115.601185,35.723798,373.76,-0.00606784
2024,348,0,0.00,115.601185,35.723798,209.31,0.00109649
2024,348,1,98.61,115.602118,35.724067,209.31,0.00140954
2024,348,2,197.21,115.602959,35.724494,224.26,0.00077745
2024,348,3,295.82,115.603747,35.725013,328.91,-0.00001403
2024,348,4,394.42,115.604603,35.725415,328.91,-0.00037191
2024,348,5,493.03,115.605379,35.725954,328.91,-0.00045608
2024,348,6,591.64,115.606309,35.726228,388.71,0.00076270
2024,348,7,690.24,115.607088,35.726762,373.76,0.00072276
2024,348,8,788.85,115.607885,35.727264,403.66,-0.00000000
2024,348,9,887.45,115.608673,35.727783,403.66,-0.00052160
2024,348,10,986.06,115.609461,35.728301,403.66,-0.00050780
2024,348,11,1084.67,115.610348,35.728650,448.52,0.00057591
2024,348,12,1183.27,115.611125,35.729188,418.61,0.00064259
2024,348,13,1281.88,115.611924,35.729687,433.57,0.00000000
2024,348,14,1380.48,115.612677,35.730266,418.61,0.00022036
2024,348,15,1479.09,115.613500,35.730723,433.57,0.00039627
2024,348,16,1577.70,115.614189,35.731412,418.61,-0.00035515
2024,348,17,1676.30,115.615005,35.731883,418.61,0.00029685
2024,348,18,1774.91,115.615765,35.732449,448.52,-0.00000000
2024,348,19,1873.51,115.616453,35.733138,478.42,-0.00115156
2024,348,20,1972.12,115.617341,35.733486,478.42,0.00000000
2024,348,21,2070.73,115.618109,35.734039,478.42,0.00034479
2024,348,22,2169.33,115.618916,35.734523,493.37,-0.00057591
2024,348,23,2267.94,115.619704,35.735042,493.37,-0.00046225
2024,348,24,2366.54,115.620592,35.735390,508.32,0.00000000
2024,348,25,2465.15,115.621380,35.735908,478.42,0.00057591
2024,348,26,2563.76,115.622267,35.736256,508.32,0.00136173
2024,348,27,2662.36,115.622955,35.736945,463.47,-0.00057591
2024,348,28,2760.97,115.623698,35.737542,448.52,-0.00250231
2024,348,29,2859.57,115.624631,35.737812,493.37,-0.00228116
2024,349,0,0.00,115.624631,35.737812,1794.06,0.00170242
2024,349,1,78.13,115.624967,35.737205,1794.06,0.00027813
2024,349,2,156.25,115.625513,35.736660,1390.40,-0.00387661
2024,349,3,234.38,115.625709,35.736012,762.48,-0.00516062
2024,349,4,312.51,115.625439,35.735386,553.17,-0.00371417
2024,350,0,0.00,115.624631,35.737812,478.42,-0.00000000
2024,350,1,99.54,115.625425,35.738337,478.42,-0.00000000
2024,350,2,199.08,115.626220,35.738862,478.42,0.00000000
2024,350,3,298.62,115.627014,35.739387,493.37,0.00000000
2024,350,4,398.16,115.627809,35.739912,478.42,0.00000000
2024,350,5,497.70,115.628604,35.740437,508.32,-0.00000000
2024,350,6,597.24,115.629398,35.740962,463.47,0.00000000
2024,350,7,696.78,115.630193,35.741487,508.32,-0.00000000
2024,350,8,796.32,115.630987,35.742012,508.32,0.00000000
2024,350,9,895.86,115.631782,35.742538,523.27,-0.00000000
2024,350,10,995.40,115.632577,35.743063,478.42,-0.00000000
2024,350,11,1094.95,115.633371,35.743588,448.52,0.00000000
2024,350,12,1194.49,115.634166,35.744113,448.52,0.00053547
2024,350,13,1294.03,115.634960,35.744638,418.61,-0.00000000
2024,350,14,1393.57,115.635656,35.745333,493.37,-0.00053547
2024,350,15,1493.11,115.636549,35.745688,448.52,-0.00000000
2024,350,16,1592.65,115.637245,35.746384,478.42,0.00000000
2024,350,17,1692.19,115.638139,35.746738,448.52,0.00053547
2024,350,18,1791.73,115.638834,35.747434,493.37,-0.00000000
2024,350,19,1891.27,115.639629,35.747959,448.52,-0.00053547
2024,350,20,1990.81,115.640423,35.748484,508.32,-0.00000000
2024,350,21,2090.35,115.641218,35.749009,448.52,0.00047122
2024,350,22,2189.89,115.642012,35.749534,478.42,0.00000000
2024,350,23,2289.43,115.642720,35.750208,478.42,-0.00096482
2024,350,24,2388.97,115.643602,35.750584,493.37,-0.00056453
2024,350,25,2488.51,115.644396,35.751109,448.52,-0.00063002
2024,350,26,2588.05,115.645290,35.751464,448.52,-0.00058092
2024,350,27,2687.59,115.646180,35.751825,418.61,0.00053760
2024,350,28,2787.13,115.647078,35.752174,403.66,0.00058092
2024,350,29,2886.67,115.647872,35.752699,358.81,-0.00044363
2024,350,30,2986.21,115.648766,35.753054,328.91,-0.00000000
2024,350,31,3085.75,115.649640,35.753442,299.01,0.00022257
2024,350,32,3185.30,115.650454,35.753934,254.16,-0.00100227
2024,350,33,3284.84,115.651370,35.754251,269.11,-0.00020917
2024,350,34,3384.38,115.652314,35.754520,209.31,0.00025918
2024,350,35,3483.92,115.653136,35.754998,179.41,-0.00071142
2024,350,36,3583.46,115.654129,35.755183,209.31,0.00007796
2024,350,37,3683.00,115.655023,35.755538,224.26,0.00020569
2024,350,38,3782.54,115.655931,35.755868,209.31,-0.00138676
2024,350,39,3882.08,115.656874,35.756137,209.31,-0.00189989
2024,350,40,3981.62,115.657975,35.756137,209.31,-0.00036112
2024,350,41,4081.16,115.659075,35.756137,209.31,0.00080544
2024,350,42,4180.70,115.660087,35.756290,224.26,0.00073798
2024,350,43,4280.24,115.661120,35.756407,239.21,-0.00000000
2024,350,44,4379.78,115.662063,35.756676,239.21,-0.00037685
2024,350,45,4479.32,115.663164,35.756676,269.11,0.00000000
2024,350,46,4578.86,115.664107,35.756946,284.06,-0.00080544
2024,350,47,4678.40,115.665208,35.756946,299.01,-0.00000000
2024,350,48,4777.94,115.666308,35.756946,299.01,0.00080544
2024,350,49,4877.48,115.667252,35.757215,328.91,-0.00080544
2024,350,50,4977.02,115.668352,35.757215,358.81,0.00000000
2024,350,51,5076.56,115.669453,35.757215,358.81,0.00080544
2024,350,52,5176.10,115.670397,35.757485,388.71,-0.00000000
2024,350,53,5275.65,115.671497,35.757485,358.81,-0.00000000
2024,350,54,5375.19,115.672441,35.757754,388.71,-0.00080544
2024,350,55,5474.73,115.673541,35.757754,418.61,0.00000000
2024,350,56,5574.27,115.674642,35.757754,418.61,0.00080544
2024,350,57,5673.81,115.675585,35.758024,448.52,-0.00018104
2024,350,58,5773.35,115.676686,35.758024,448.52,0.00000000
2024,350,59,5872.89,115.677663,35.758235,403.66,0.00036595
2024,350,60,5972.43,115.678730,35.758293,478.42,-0.00000000
2024,350,61,6071.97,115.679674,35.758563,448.52,-0.00018491
2024,350,62,6171.51,115.680774,35.758563,478.42,0.00000000
2024,350,63,6271.05,115.681718,35.758832,478.42,-0.00080544
2024,350,64,6370.59,115.682818,35.758832,508.32,-0.00000000
2024,350,65,6470.13,115.683919,35.758832,478.42,0.00000000
2024,350,66,6569.67,115.684862,35.759102,478.42,-0.00249835
2024,350,67,6669.21,115.685806,35.758832,523.27,-0.00338581
2024,351,0,0.00,115.685806,35.758832,1360.50,0.00000000
2024,351,1,75.54,115.685806,35.758151,1360.50,0.00000000
2024,351,2,151.08,115.685806,35.757471,1360.50,-0.00259229
2024,351,3,226.62,115.685806,35.756790,956.83,-0.00565141
2024,351,4,302.16,115.685267,35.756407,583.07,-0.00611823
2024,352,0,0.00,115.685806,35.758832,538.22,-0.00209174
2024,352,1,83.77,115.686575,35.759102,538.22,-0.00127353
2024,352,2,167.54,115.687472,35.759151,523.27,0.00080633
2024,352,3,251.31,115.688271,35.759371,523.27,0.00127353
2024,352,4,335.08,115.689040,35.759641,508.32,0.00047909
2024,353,0,0.00,115.689040,35.759641,717.63,-0.00123797
2024,353,1,79.49,115.689309,35.760279,986.73,-0.00251670
2024,353,2,158.99,115.689733,35.760873,583.07,-0.00324400
2024,353,3,238.48,115.690387,35.761258,538.22,-0.00269257
2024,354,0,0.00,115.689040,35.759641,642.87,0.00926918
2024,354,1,43.66,115.689366,35.759371,598.02,0.00908034
2024,354,2,87.32,115.689848,35.759371,508.32,0.00889151
2024,355,0,0.00,115.689848,35.759371,1345.55,0.00523795
2024,355,1,98.35,115.690326,35.758624,523.27,0.00572557
2024,355,2,196.69,115.691378,35.758563,254.16,0.00560434
2024,355,3,295.04,115.692395,35.758684,403.66,0.00432650
2024,355,4,393.39,115.693082,35.759371,687.72,0.00365752
2024,356,0,0.00,115.689848,35.759371,478.42,-0.00196807
2024,356,1,94.42,115.690578,35.759910,343.86,-0.00200839
2024,356,2,188.84,115.691465,35.760180,403.66,-0.00204871
2024,357,0,0.00,115.693082,35.759371,478.42,0.01149368
2024,357,1,31.47,115.693401,35.759421,448.52,0.01109547
2024,357,2,62.95,115.693621,35.759641,627.92,0.01069726
2024,358,0,0.00,115.693082,35.759371,403.66,0.00196807
2024,358,1,94.42,115.692352,35.759910,403.66,0.00200839
2024,358,2,188.84,115.691465,35.760180,523.27,0.00204871
2024,359,0,0.00,115.691465,35.760180,1435.25,-0.00180354
2024,359,1,88.92,115.691669,35.760922,867.13,-0.00553004
2024,359,2,177.85,115.692126,35.761527,418.61,-0.00998797
2024,359,3,266.77,115.693000,35.761340,627.92,-0.00705361
2024,359,4,355.70,115.693621,35.760719,1031.59,-0.00338780
2024,36,0,0.00,115.072436,35.383696,553.17,-0.00363919
2024,36,1,84.79,115.071815,35.383157,508.32,-0.00367971
2024,36,2,169.58,115.070957,35.383026,508.32,-0.00123332
2024,36,3,254.36,115.070104,35.382887,478.42,0.00000000
2024,36,4,339.15,115.069327,35.382618,478.42,-0.00174762
2024,36,5,423.94,115.068394,35.382618,598.02,-0.00224165
2024,361,0,0.00,115.693621,35.759641,1629.61,0.00000000
2024,361,1,59.80,115.693621,35.760180,1659.51,0.00000000
2024,361,2,119.61,115.693621,35.760719,1629.61,0.00000000
2024,362,0,0.00,115.693621,35.759641,538.22,0.00202801
2024,362,1,93.41,115.694497,35.759371,388.71,0.00244880
2024,362,2,186.83,115.695530,35.759371,508.32,0.00389650
2024,362,3,280.24,115.696472,35.759527,433.57,0.00423059
2024,362,4,373.65,115.697125,35.760180,687.72,0.00353776
2024,364,0,0.00,115.693621,35.760719,657.82,-0.00151849
2024,364,1,91.77,115.694262,35.761360,433.57,-0.00440088
2024,364,2,183.55,115.695003,35.761763,343.86,-0.00768298
2024,364,3,275.32,115.695842,35.761462,702.67,-0.00526346
2024,364,4,367.10,115.696483,35.760821,837.23,-0.00122211
2024,364,5,458.87,115.697125,35.760180,956.83,0.00000000
2024,365,0,0.00,115.697125,35.760180,538.22,-0.00224384
2024,365,1,86.02,115.697924,35.760440,508.32,-0.00149818
2024,365,2,172.04,115.698870,35.760449,508.32,0.00227158
2024,365,3,258.07,115.699721,35.760621,523.27,0.00538959
2024,365,4,344.09,115.700322,35.761221,448.52,0.00387147
2024,365,5,430.11,115.700628,35.761908,328.91,0.00125440
2024,365,6,516.13,115.700898,35.762605,179.41,0.00024935
2024,366,0,0.00,115.700898,35.762605,1390.40,0.00889210
2024,366,1,43.66,115.701380,35.762605,1061.49,0.00908094
2024,366,2,87.32,115.701706,35.762875,358.81,0.00926978
2024,367,0,0.00,115.700898,35.762605,642.87,-0.00152135
2024,367,1,94.04,115.700628,35.763375,179.41,-0.00147851
2024,367,2,188.08,115.700628,35.764222,239.21,-0.00143567
2024,368,0,0.00,115.700628,35.764222,583.07,-0.00000000
2024,368,1,19.29,115.700493,35.764357,553.17,-0.00000000
2024,368,2,38.58,115.700359,35.764492,299.01,-0.00000000
2024,369,0,0.00,115.700628,35.764222,1569.81,0.00000000
2024,369,1,60.93,115.701302,35.764222,1539.90,0.00000000
2024,369,2,121.85,115.701976,35.764222,149.51,0.00000000
2024,37,0,0.00,115.093187,35.397710,523.27,0.00166799
2024,37,1,98.34,115.094114,35.397979,463.47,0.00423431
2024,37,2,196.68,115.094804,35.398442,523.27,0.00607586
2024,37,3,295.02,115.094804,35.399328,478.42,0.00337312
2024,37,4,393.36,115.094535,35.400136,299.01,0.00069756
2024,37,5,491.70,115.094265,35.400943,164.46,-0.00000000
2024,370,0,0.00,115.700359,35.764492,209.31,0.00000000
2024,370,1,96.88,115.700359,35.765365,224.26,0.00067561
2024,370,2,193.76,115.700359,35.766238,254.16,0.00104371
2024,370,3,290.65,115.700089,35.767033,284.06,0.00000000
2024,370,4,387.53,115.699949,35.767866,269.11,-0.00072530
2024,370,5,484.41,115.699820,35.768701,328.91,-0.00067561
2024,370,6,581.29,115.699820,35.769574,373.76,0.00035720
2024,370,7,678.17,115.699820,35.770448,373.76,0.00000000
2024,370,8,775.06,115.699550,35.771243,403.66,-0.00206671
2024,370,9,871.94,115.699820,35.772038,463.47,-0.00278221
2024,371,0,0.00,115.700359,35.764492,328.91,0.00000000
2024,371,1,77.15,115.699820,35.763953,328.91,0.00000000
2024,371,2,154.30,115.699281,35.763414,343.86,0.00000000
2024,372,0,0.00,115.699820,35.772038,1794.06,0.00000000
2024,372,1,81.23,115.700718,35.772038,1794.06,0.00000000
2024,372,2,162.46,115.701616,35.772038,956.83,0.00000000
2024,372,3,243.68,115.702515,35.772038,44.85,0.00000000
2024,373,0,0.00,115.699820,35.772038,478.42,0.00000000
2024,373,1,69.77,115.699820,35.772666,448.52,0.00000000
2024,373,2,139.54,115.699820,35.773295,448.52,0.00000000
2024,373,3,209.31,115.699820,35.773924,553.17,0.00000000
2024,374,0,0.00,115.699281,35.763414,343.86,-0.01069764
2024,374,1,31.47,115.699061,35.763194,373.76,-0.01109591
2024,374,2,62.95,115.698742,35.763144,463.47,-0.01149418
2024,375,0,0.00,115.699281,35.763414,717.63,0.01069768
2024,375,1,31.47,115.699061,35.763634,642.87,0.01109595
2024,375,2,62.95,115.698742,35.763683,717.63,0.01149422
2024,376,0,0.00,115.699820,35.773924,1794.06,0.00000000
2024,376,1,69.72,115.700591,35.773924,1779.11,0.00168106
2024,376,2,139.43,115.701362,35.773924,1181.09,0.00354369
2024,376,3,209.15,115.701976,35.774193,971.78,0.00372526
2024,377,0,0.00,115.699820,35.773924,463.47,-0.00115033
2024,377,1,78.44,115.699480,35.774533,508.32,-0.00299981
2024,377,2,156.88,115.699281,35.775182,493.37,-0.00428351
2024,377,3,235.33,115.699550,35.775810,568.12,-0.00371773
2024,378,0,0.00,115.699550,35.775810,1794.06,0.00201308
2024,378,1,74.45,115.700373,35.775810,1749.21,0.00309417
2024,378,2,148.90,115.701087,35.776000,1046.54,0.00306441
2024,378,3,223.35,115.701706,35.776349,1001.69,0.00195357
2024,379,0,0.00,115.699550,35.775810,568.12,-0.00429979
2024,379,1,78.44,115.699011,35.776361,508.32,-0.00533027
2024,379,2,156.88,115.699011,35.777068,568.12,-0.00428343
2024,379,3,235.33,115.699281,35.777697,598.02,-0.00220613
2024,38,0,0.00,115.093187,35.397710,1285.75,0.00000000
2024,38,1,96.25,115.092516,35.398381,1300.70,0.00039379
2024,38,2,192.50,115.091845,35.399052,568.12,0.00423777
2024,38,3,288.75,115.091100,35.399596,642.87,0.00812048
2024,38,4,385.00,115.090305,35.399139,508.32,0.00438150
2024,38,5,481.25,115.089634,35.398468,493.37,-0.00228554
2024,38,6,577.50,115.088857,35.397979,448.52,-0.00402337
2024,38,7,673.74,115.087797,35.397979,612.97,-0.00326569
2024,380,0,0.00,115.699281,35.777697,1719.31,0.00000000
2024,380,1,81.22,115.700179,35.777697,1420.30,0.00000000
2024,380,2,162.44,115.701077,35.777697,1360.50,0.00000000
2024,380,3,243.67,115.701976,35.777697,403.66,0.00000000
2024,381,0,0.00,115.699281,35.777697,642.87,-0.00433514
2024,381,1,68.47,115.698802,35.778175,553.17,-0.00329879
2024,381,2,136.95,115.698742,35.778775,583.07,-0.00000000
2024,381,3,205.42,115.698472,35.779314,612.97,0.00226244
2024,382,0,0.00,115.698472,35.779314,598.02,-0.00165372
2024,382,1,85.52,115.698084,35.779972,568.12,-0.00214469
2024,382,2,171.04,115.697933,35.780699,568.12,-0.00179517
2024,382,3,256.55,115.697933,35.781470,627.92,-0.00095468
2024,383,0,0.00,115.698472,35.779314,867.13,-0.00000000
2024,383,1,89.10,115.699095,35.779936,956.83,-0.00000000
2024,383,2,178.21,115.699717,35.780559,956.83,0.00018651
2024,383,3,267.31,115.700340,35.781182,941.88,0.00288122
2024,383,4,356.42,115.700898,35.781823,657.82,0.00530070
2024,383,5,445.52,115.700628,35.782548,508.32,0.00521198
2024,384,0,0.00,115.697933,35.781470,837.23,-0.00465486
2024,384,1,94.82,115.697171,35.781962,642.87,-0.00391428
2024,384,2,189.65,115.697125,35.782803,612.97,-0.00171410
2024,384,3,284.47,115.696855,35.783580,642.87,-0.00083291
2024,384,4,379.29,115.696855,35.784434,523.27,-0.00141132
2024,385,0,0.00,115.697933,35.781470,926.93,0.00000000
2024,385,1,57.86,115.698337,35.781874,1031.59,0.00000000
2024,385,2,115.72,115.698742,35.782278,956.83,0.00000000
2024,386,0,0.00,115.700628,35.782548,508.32,0.00539188
2024,386,1,49.19,115.700628,35.782991,612.97,0.00550348
2024,386,2,98.38,115.700359,35.783356,627.92,0.00561509
2024,387,0,0.00,115.700628,35.782548,209.31,-0.00207588
2024,387,1,92.38,115.699763,35.782278,1300.70,-0.00197728
2024,387,2,184.76,115.698742,35.782278,1689.41,-0.00187868
2024,388,0,0.00,115.696855,35.784434,897.03,-0.00142169
2024,388,1,91.02,115.696120,35.784900,852.18,-0.00319367
2024,388,2,182.05,115.695508,35.785543,538.22,-0.00417183
2024,388,3,273.07,115.695508,35.786363,568.12,-0.00103795
2024,388,4,364.09,115.695466,35.787171,433.57,0.00052731
2024,388,5,455.12,115.695238,35.787926,717.63,-0.00076690
2024,388,6,546.14,115.695238,35.788746,717.63,-0.00128632
2024,389,0,0.00,115.696855,35.784434,897.03,0.00000000
2024,389,1,96.43,115.697529,35.785108,986.73,0.00000000
2024,389,2,192.86,115.698203,35.785782,867.13,0.00000000
2024,39,0,0.00,115.071897,35.386930,837.23,0.00000000
2024,39,1,97.94,115.070819,35.386930,523.27,0.00000000
2024,39,2,195.88,115.069741,35.386930,493.37,0.00000000
2024,390,0,0.00,115.698742,35.782278,717.63,-0.00197532
2024,390,1,72.90,115.699042,35.782848,792.38,-0.00495715
2024,390,2,145.81,115.699552,35.783356,971.78,-0.00700287
2024,390,3,218.71,115.700359,35.783356,807.33,-0.00606678
2024,392,0,0.00,115.700359,35.783356,642.87,0.00000000
2024,392,1,92.60,115.700359,35.784191,493.37,0.00074064
2024,392,2,185.19,115.700359,35.785025,508.32,0.00152570
2024,392,3,277.79,115.700089,35.785782,657.82,0.00157011
2024,394,0,0.00,115.695238,35.788746,1794.06,0.00000000
2024,394,1,94.07,115.696279,35.788746,1794.06,0.00090497
2024,394,2,188.14,115.697319,35.788746,747.53,0.00190431
2024,394,3,282.20,115.698203,35.789016,777.43,0.00199868
2024,395,0,0.00,115.695238,35.788746,583.07,-0.00004932
2024,395,1,82.95,115.694969,35.789416,418.61,-0.00098381
2024,395,2,165.89,115.694706,35.790087,747.53,-0.00186393
2024,395,3,248.84,115.694699,35.790833,747.53,-0.00000000
2024,395,4,331.78,115.694699,35.791580,732.58,0.00188859
2024,395,5,414.73,115.694430,35.792250,702.67,0.00196763
2024,396,0,0.00,115.698203,35.785782,1031.59,0.00000000
2024,396,1,85.27,115.699146,35.785782,837.23,0.00000000
2024,396,2,170.55,115.700089,35.785782,986.73,0.00000000
2024,397,0,0.00,115.698203,35.785782,747.53,-0.00181490
2024,397,1,81.33,115.698353,35.786471,642.87,-0.00238067
2024,397,2,162.66,115.698742,35.787091,598.02,-0.00201202
2024,397,3,243.99,115.699281,35.787668,1061.49,-0.00107761
2024,399,0,0.00,115.700089,35.785782,568.12,0.00263172
2024,399,1,94.68,115.700359,35.786557,598.02,0.00498975
2024,399,2,189.36,115.700141,35.787347,642.87,0.00616803
2024,399,3,284.05,115.699281,35.787668,1151.19,0.00498827
2024,4,0,0.00,115.080521,35.394206,478.42,-0.00299557
2024,4,1,89.79,115.080939,35.394893,448.52,-0.00253099
2024,4,2,179.59,115.081701,35.395284,463.47,-0.00145138
2024,4,3,269.38,115.082389,35.395804,478.42,-0.00000000
2024,4,4,359.17,115.083210,35.396093,478.42,0.00107061
2024,4,5,448.97,115.083838,35.396715,433.57,0.00000000
2024,4,6,538.76,115.084563,35.397171,448.52,-0.00130488
2024,40,0,0.00,115.068394,35.382618,1704.36,0.00000000
2024,40,1,79.73,115.068394,35.383336,1704.36,0.00000000
2024,40,2,159.47,115.068394,35.384055,1659.51,0.00000000
2024,40,3,239.20,115.068394,35.384774,822.28,0.00000000
2024,400,0,0.00,115.698203,35.789016,717.63,0.00000000
2024,400,1,89.71,115.698203,35.789824,448.52,0.00000000
2024,400,2,179.41,115.698203,35.790633,747.53,0.00000000
2024,400,3,269.12,115.698203,35.791441,747.53,0.00000000
2024,401,0,0.00,115.698203,35.789016,822.28,0.00000000
2024,401,1,62.93,115.698742,35.788746,612.97,0.00000000
2024,401,2,125.87,115.699281,35.788477,657.82,0.00000000
2024,402,0,0.00,115.694430,35.792250,1794.06,0.00000000
2024,402,1,12.18,115.694295,35.792250,1794.06,0.00000000
2024,402,2,24.36,115.694160,35.792250,1794.06,0.00000000
2024,403,0,0.00,115.694430,35.792250,792.38,-0.00177614
2024,403,1,87.76,115.694699,35.792962,882.08,-0.00174607
2024,403,2,175.51,115.695238,35.793597,1016.64,-0.00171599
2024,405,0,0.00,115.699281,35.787668,448.52,0.00000000
2024,405,1,44.85,115.699281,35.788072,493.37,0.00000000
2024,405,2,89.71,115.699281,35.788477,717.63,0.00000000
2024,406,0,0.00,115.698203,35.791441,1001.69,0.00000000
2024,406,1,95.41,115.697437,35.791938,971.78,-0.00044243
2024,406,2,190.82,115.696671,35.792434,867.13,-0.00058502
2024,406,3,286.23,115.695979,35.793058,926.93,0.00014514
2024,406,4,381.64,115.695238,35.793597,941.88,0.00057546
2024,407,0,0.00,115.698203,35.791441,687.72,-0.00465317
2024,407,1,91.61,115.698843,35.791340,598.02,-0.00545808
2024,407,2,183.23,115.699483,35.790700,433.57,-0.00424715
2024,407,3,274.84,115.699550,35.789894,553.17,-0.00290855
2024,407,4,366.46,115.699820,35.789146,777.43,-0.00412247
2024,407,5,458.07,115.699281,35.788477,971.78,-0.00465915
2024,41,0,0.00,115.068394,35.382618,478.42,-0.00149820
2024,41,1,77.96,115.067692,35.382348,523.27,-0.00147763
2024,41,2,155.92,115.066912,35.382214,598.02,-0.00277082
2024,41,3,233.88,115.066131,35.382079,627.92,-0.00414411
2024,41,4,311.83,115.065429,35.382348,837.23,-0.00420364
2024,410,0,0.00,115.695238,35.793597,717.63,0.00143513
2024,410,1,94.04,115.695238,35.794445,687.72,0.00071756
2024,410,2,188.08,115.694969,35.795214,702.67,-0.00000000
2024,410,3,282.12,115.694969,35.796062,717.63,0.00000000
2024,410,4,376.16,115.694699,35.796831,717.63,-0.00000000
2024,410,5,470.20,115.694699,35.797679,672.77,0.00076036
2024,410,6,564.23,115.694430,35.798448,687.72,0.00152072
2024,411,0,0.00,115.694430,35.798448,1524.95,0.00000000
2024,411,1,43.64,115.694025,35.798313,1539.90,0.00000000
2024,411,2,87.29,115.693621,35.798178,1450.20,0.00000000
2024,412,0,0.00,115.694430,35.798448,687.72,0.00059205
2024,412,1,98.66,115.694430,35.799337,687.72,0.00000000
2024,412,2,197.31,115.694305,35.800190,687.72,-0.00060694
2024,412,3,295.97,115.694430,35.800959,657.82,0.00000000
2024,412,4,394.62,115.694430,35.801848,627.92,0.00031092
2024,412,5,493.28,115.694430,35.802738,598.02,0.00000000
2024,412,6,591.93,115.694430,35.803627,523.27,-0.00040574
2024,412,7,690.59,115.694430,35.804516,478.42,-0.00065060
2024,412,8,789.25,115.694600,35.805356,418.61,0.00017197
2024,412,9,887.90,115.694699,35.806216,418.61,0.00044239
2024,412,10,986.56,115.694699,35.807105,373.76,-0.00041683
2024,412,11,1085.21,115.694788,35.807969,373.76,-0.00090212
2024,412,12,1183.87,115.694969,35.808805,358.81,0.00000000
2024,412,13,1282.52,115.695238,35.809617,343.86,0.00045973
2024,412,14,1381.18,115.695238,35.810506,358.81,-0.00055932
2024,412,15,1479.83,115.695508,35.811317,328.91,0.00000000
2024,412,16,1578.49,115.695727,35.812142,299.01,0.00043409
2024,412,17,1677.15,115.695777,35.813017,299.01,-0.00000000
2024,412,18,1775.80,115.696047,35.813828,284.06,0.00012523
2024,412,19,1874.46,115.696047,35.814717,299.01,-0.00000000
2024,412,20,1973.11,115.696316,35.815528,284.06,0.00065060
2024,412,21,2071.77,115.696316,35.816417,239.21,0.00065060
2024,412,22,2170.42,115.696316,35.817307,224.26,-0.00065060
2024,412,23,2269.08,115.696316,35.818196,254.16,-0.00065060
2024,412,24,2367.74,115.696586,35.819007,269.11,-0.00085525
2024,412,25,2466.39,115.696586,35.819896,373.76,-0.00139212
2024,412,26,2565.05,115.697189,35.820610,373.76,0.00069295
2024,412,27,2663.70,115.697394,35.821440,388.71,0.00070343
2024,412,28,2762.36,115.697523,35.822292,388.71,-0.00053688
2024,412,29,2861.01,115.697933,35.823062,448.52,-0.00000000
2024,412,30,2959.67,115.698066,35.823913,463.47,-0.00034679
2024,412,31,3058.32,115.698472,35.824684,448.52,0.00068869
2024,412,32,3156.98,115.698742,35.825496,388.71,0.00104597
2024,412,33,3255.64,115.698742,35.826385,448.52,-0.00000000
2024,412,34,3354.29,115.699011,35.827196,418.61,0.00065060
2024,412,35,3452.95,115.699011,35.828085,418.61,0.00065060
2024,412,36,3551.60,115.699011,35.828974,418.61,0.00000000
2024,412,37,3650.26,115.699011,35.829863,373.76,-0.00058801
2024,412,38,3748.91,115.699011,35.830752,328.91,-0.00065060
2024,412,39,3847.57,115.699255,35.831571,328.91,0.00052945
2024,412,40,3946.23,115.699281,35.832453,373.76,0.00000000
2024,412,41,4044.88,115.699281,35.833342,343.86,-0.00059204
2024,412,42,4143.54,115.699550,35.834153,358.81,-0.00000000
2024,412,43,4242.19,115.699550,35.835042,373.76,-0.00000000
2024,412,44,4340.85,115.699820,35.835853,358.81,0.00065060
2024,412,45,4439.50,115.699820,35.836742,373.76,0.00000000
2024,412,46,4538.16,115.699820,35.837631,388.71,-0.00065060
2024,412,47,4636.81,115.700089,35.838442,388.71,0.00014819
2024,412,48,4735.47,115.700089,35.839332,388.71,-0.00068869
2024,412,49,4834.13,115.700299,35.840160,388.71,-0.00084736
2024,412,50,4932.78,115.700628,35.840954,388.71,-0.00000000
2024,412,51,5031.44,115.700842,35.841781,403.66,-0.00108740
2024,412,52,5130.09,115.701167,35.842576,358.81,-0.00149095
2024,412,53,5228.75,115.701803,35.843281,358.81,-0.00052613
2024,412,54,5327.40,115.702283,35.844031,313.96,-0.00013306
2024,412,55,5426.06,115.702973,35.844720,254.16,-0.00003123
2024,412,56,5524.72,115.703453,35.845470,239.21,-0.00185592
2024,412,57,5623.37,115.704149,35.846149,254.16,-0.00324097
2024,412,58,5722.03,115.705084,35.846418,239.21,-0.00054602
2024,412,59,5820.68,115.706018,35.846688,239.21,0.00093739
2024,412,60,5919.34,115.706807,35.847207,269.11,-0.00080337
2024,412,61,6017.99,115.707730,35.847496,254.16,-0.00093808
2024,412,62,6116.65,115.708665,35.847765,239.21,-0.00006757
2024,412,63,6215.30,115.709599,35.848035,269.11,-0.00090439
2024,412,64,6313.96,115.710534,35.848304,299.01,-0.00172483
2024,412,65,6412.62,115.711625,35.848304,269.11,-0.00082044
2024,412,66,6511.27,115.712717,35.848304,299.01,0.00000000
2024,412,67,6609.93,115.713809,35.848304,299.01,-0.00000637
2024,412,68,6708.58,115.714901,35.848304,269.11,-0.00082044
2024,412,69,6807.24,115.715991,35.848302,269.11,-0.00171073
2024,412,70,6905.89,115.716927,35.848035,239.21,-0.00000000
2024,412,71,7004.55,115.717862,35.847765,239.21,0.00171710
2024,412,72,7103.21,115.718954,35.847765,269.11,0.00164087
2024,413,0,0.00,115.718954,35.847765,1046.54,-0.00538826
2024,413,1,49.18,115.718954,35.848209,717.63,-0.00549971
2024,413,2,98.36,115.719223,35.848574,44.85,-0.00561116
2024,414,0,0.00,115.718954,35.847765,194.36,0.00079652
2024,414,1,93.60,115.719675,35.847226,209.31,0.00125230
2024,414,2,187.19,115.720461,35.846798,194.36,0.00018400
2024,414,3,280.79,115.721313,35.846484,194.36,-0.00085404
2024,414,4,374.38,115.721997,35.845879,224.26,-0.00092451
2024,414,5,467.98,115.722820,35.845516,209.31,-0.00231574
2024,414,6,561.57,115.723266,35.844801,358.81,-0.00315046
2024,415,0,0.00,115.723266,35.844801,299.01,-0.00770519
2024,415,1,69.99,115.724040,35.844801,269.11,-0.00830503
2024,415,2,139.98,115.724344,35.844276,284.06,-0.00466964
2024,415,3,209.96,115.724613,35.843723,358.81,-0.00043441
2024,416,0,0.00,115.723266,35.844801,1719.31,0.00000000
2024,416,1,57.84,115.722861,35.844397,1794.06,0.00000000
2024,416,2,115.68,115.722457,35.843993,717.63,0.00000000
2024,417,0,0.00,115.724613,35.843723,299.01,-0.00112169
2024,417,1,97.34,115.725393,35.843213,358.81,-0.00108133
2024,417,2,194.67,115.726073,35.842533,328.91,-0.00000000
2024,417,3,292.01,115.726753,35.841852,358.81,0.00052048
2024,417,4,389.34,115.727533,35.841342,388.71,0.00000000
2024,417,5,486.68,115.728213,35.840662,418.61,-0.00052048
2024,417,6,584.02,115.728993,35.840152,463.47,-0.00157560
2024,417,7,681.35,115.729464,35.839411,418.61,-0.00211024
2024,418,0,0.00,115.724613,35.843723,1629.61,-0.00636006
2024,418,1,88.61,115.723947,35.843184,343.86,-0.00773090
2024,418,2,177.23,115.723123,35.843454,239.21,-0.00564722
2024,418,3,265.84,115.722457,35.843993,284.06,-0.00219270
2024,42,0,0.00,115.094265,35.400943,209.31,0.00066605
2024,42,1,90.71,115.094535,35.401682,104.65,0.00082341
2024,42,2,181.43,115.094696,35.402453,89.70,0.00096356
2024,42,3,272.14,115.094804,35.403239,164.46,0.00237582
2024,42,4,362.86,115.094804,35.404056,239.21,0.00355141
2024,42,5,453.57,115.094265,35.404716,299.01,0.00329753
2024,420,0,0.00,115.722457,35.843993,284.06,0.00928492
2024,420,1,43.63,115.722132,35.844262,209.31,0.00909599
2024,420,2,87.25,115.721649,35.844262,254.16,0.00890706
2024,421,0,0.00,115.729464,35.839411,403.66,-0.00347671
2024,421,1,53.51,115.729838,35.839037,433.57,-0.00358310
2024,421,2,107.02,115.730003,35.838603,418.61,-0.00368950
2024,422,0,0.00,115.729464,35.839411,1539.90,0.00000000
2024,422,1,90.22,115.728833,35.838781,1330.60,0.00092745
2024,422,2,180.44,115.728203,35.838150,941.88,0.00661982
2024,422,3,270.67,115.727913,35.837459,403.66,0.01382335
2024,422,4,360.89,115.728643,35.837512,897.03,0.01018273
2024,422,5,451.11,115.729372,35.837972,1584.76,0.00265952
2024,422,6,541.33,115.730003,35.838603,1659.51,0.00121554
2024,423,0,0.00,115.730003,35.838603,418.61,0.00000000
2024,423,1,92.93,115.730543,35.838063,418.61,-0.00056500
2024,423,2,185.86,115.731192,35.837413,448.52,-0.00116002
2024,423,3,278.79,115.731633,35.836703,478.42,-0.00000000
2024,423,4,371.72,115.732073,35.835993,493.37,0.00079860
2024,423,5,464.64,115.732723,35.835344,493.37,0.00000000
2024,423,6,557.57,115.733237,35.834655,523.27,-0.00041094
2024,423,7,650.50,115.733813,35.833985,493.37,0.00000000
2024,423,8,743.43,115.734253,35.833275,553.17,0.00077236
2024,423,9,836.36,115.734902,35.832625,553.17,0.00056500
2024,423,10,929.29,115.735552,35.831976,568.12,-0.00000000
2024,423,11,1022.22,115.736201,35.831326,583.07,-0.00000000
2024,424,0,0.00,115.736201,35.831326,627.92,0.00023113
2024,424,1,77.09,115.736322,35.830667,642.87,0.00291747
2024,424,2,154.17,115.736471,35.830015,598.02,0.00598229
2024,424,3,231.26,115.737122,35.829709,583.07,0.00343176
2024,424,4,308.35,115.737818,35.829440,762.48,0.00050275
2024,425,0,0.00,115.736201,35.831326,1719.31,-0.00164170
2024,425,1,95.08,115.736866,35.831991,1794.06,-0.00345394
2024,425,2,190.16,115.737677,35.832404,1151.19,-0.00686400
2024,425,3,285.23,115.738691,35.832340,523.27,-0.00825283
2024,425,4,380.31,115.739166,35.831620,642.87,-0.00709153
2024,425,5,475.39,115.739147,35.830769,1031.59,-0.00481436
2024,425,6,570.47,115.738483,35.830104,1794.06,-0.00174475
2024,425,7,665.55,115.737818,35.829440,1749.21,0.00000000
2024,426,0,0.00,115.737818,35.829440,687.72,0.00311016
2024,426,1,99.10,115.738093,35.828626,657.82,0.00259683
2024,426,2,198.19,115.738885,35.828104,702.67,0.00104175
2024,426,3,297.29,115.739577,35.827411,747.53,0.00169586
2024,426,4,396.38,115.740369,35.826889,717.63,0.00228301
2024,426,5,495.48,115.741360,35.826707,672.77,0.00069985
2024,426,6,594.58,115.742251,35.826355,598.02,0.00039181
2024,426,7,693.67,115.743260,35.826206,538.22,0.00076675
2024,426,8,792.77,115.744200,35.825936,448.52,0.00170841
2024,426,9,891.86,115.745297,35.825936,388.71,0.00162589
2024,426,10,990.96,115.746312,35.826076,269.11,-0.00002766
2024,426,11,1090.06,115.747333,35.826206,239.21,-0.00000000
2024,426,12,1189.15,115.748429,35.826206,239.21,0.00153093
2024,426,13,1288.25,115.749369,35.826475,239.21,0.00197113
2024,426,14,1387.34,115.750274,35.826804,313.96,0.00152408
2024,426,15,1486.44,115.751066,35.827326,269.11,0.00119133
2024,426,16,1585.54,115.751858,35.827848,224.26,0.00104207
2024,426,17,1684.63,115.752550,35.828541,269.11,0.00050184
2024,426,18,1783.73,115.753243,35.829233,254.16,0.00049596
2024,426,19,1882.82,115.753935,35.829926,313.96,0.00101729
2024,426,20,1981.92,115.754419,35.830679,343.86,0.00000000
2024,426,21,2081.02,115.754902,35.831432,358.81,-0.00001294
2024,426,22,2180.11,115.755595,35.832125,373.76,0.00159902
2024,426,23,2279.21,115.755874,35.832937,299.01,0.00111689
2024,426,24,2378.30,115.756144,35.833752,299.01,0.00005250
2024,427,0,0.00,115.756144,35.833752,1794.06,-0.00240894
2024,427,1,67.65,115.755572,35.834054,1210.99,-0.00120447
2024,427,2,135.30,115.755099,35.834527,941.88,0.00120447
2024,427,3,202.95,115.754527,35.834830,598.02,0.00240894
2024,428,0,0.00,115.756144,35.833752,328.91,0.00561201
2024,428,1,49.18,115.756413,35.834117,358.81,0.00550052
2024,428,2,98.37,115.756413,35.834560,433.57,0.00538904
2024,429,0,0.00,115.756413,35.834560,418.61,0.00207081
2024,429,1,99.40,115.757207,35.835085,328.91,0.00311722
2024,429,2,198.80,115.757693,35.835840,313.96,0.00312125
2024,429,3,298.20,115.757761,35.836716,343.86,0.00207886
2024,43,0,0.00,115.094265,35.400943,433.57,-0.00920329
2024,43,1,43.80,115.093939,35.400674,538.22,-0.00901487
2024,43,2,87.61,115.093457,35.400674,612.97,-0.00882646
2024,430,0,0.00,115.756413,35.834560,867.13,0.00000000
2024,430,1,96.40,115.755740,35.835234,852.18,0.00000000
2024,430,2,192.81,115.755066,35.835908,702.67,0.00000000
2024,431,0,0.00,115.757761,35.836716,807.33,-0.00000000
2024,431,1,57.84,115.757357,35.837120,702.67,-0.00000000
2024,431,2,115.68,115.756952,35.837525,807.33,-0.00000000
2024,432,0,0.00,115.757761,35.836716,448.52,0.00308345
2024,432,1,82.03,115.758433,35.837119,358.81,0.00425708
2024,432,2,164.05,115.758798,35.837753,403.66,0.00306742
2024,432,3,246.08,115.758839,35.838480,343.86,-0.00050296
2024,432,4,328.10,115.759108,35.839142,448.52,-0.00171007
2024,433,0,0.00,115.755066,35.835908,328.91,-0.00275808
2024,433,1,95.70,115.755335,35.836692,313.96,-0.00383599
2024,433,2,191.40,115.756051,35.837255,388.71,-0.00356525
2024,433,3,287.10,115.756952,35.837525,493.37,-0.00221660
2024,434,0,0.00,115.755066,35.835908,403.66,-0.00000000
2024,434,1,19.28,115.754931,35.835773,358.81,-0.00000000
2024,434,2,38.56,115.754796,35.835638,328.91,-0.00000000
2024,436,0,0.00,115.756952,35.837525,657.82,-0.00377466
2024,436,1,96.27,115.756413,35.838236,448.52,-0.00563057
2024,436,2,192.55,115.756593,35.839052,328.91,-0.00708705
2024,436,3,288.82,115.757365,35.839555,553.17,-0.00686793
2024,436,4,385.10,115.758336,35.839644,1794.06,-0.00555629
2024,436,5,481.37,115.759108,35.839142,1345.55,-0.00406433
2024,438,0,0.00,115.759108,35.839142,478.42,-0.00129918
2024,438,1,99.52,115.759386,35.839958,418.61,-0.00106820
2024,438,2,199.05,115.759917,35.840702,418.61,-0.00000000
2024,438,3,298.57,115.760359,35.841470,403.66,0.00053211
2024,438,4,398.10,115.760725,35.842261,448.52,0.00000000
2024,438,5,497.62,115.761123,35.843043,433.57,0.00021625
2024,438,6,597.14,115.761534,35.843821,418.61,0.00069100
2024,438,7,696.67,115.761803,35.844640,418.61,0.00036125
2024,438,8,796.19,115.762073,35.845459,433.57,-0.00027797
2024,438,9,895.71,115.762342,35.846278,463.47,-0.00069100
2024,438,10,995.24,115.762720,35.847066,463.47,-0.00013456
2024,438,11,1094.76,115.763151,35.847838,418.61,0.00069100
2024,438,12,1194.29,115.763420,35.848657,448.52,0.00073834
2024,438,13,1293.81,115.763690,35.849476,433.57,0.00000000
2024,438,14,1393.33,115.763831,35.850332,463.47,-0.00090331
2024,438,15,1492.86,115.764229,35.851114,448.52,-0.00026834
2024,438,16,1592.38,115.764595,35.851905,418.61,0.00013451
2024,438,17,1691.91,115.764873,35.852721,418.61,-0.00084126
2024,438,18,1791.43,115.765307,35.853492,448.52,-0.00092829
2024,438,19,1890.95,115.765846,35.854233,478.42,-0.00052333
2024,439,0,0.00,115.765846,35.854233,418.61,-0.00114127
2024,439,1,99.24,115.766115,35.855050,403.66,-0.00112136
2024,439,2,198.48,115.766606,35.855802,433.57,-0.00053515
2024,439,3,297.72,115.767091,35.856556,403.66,-0.00050405
2024,439,4,396.97,115.767575,35.857310,358.81,-0.00151421
2024,439,5,496.21,115.768269,35.858004,284.06,-0.00153305
2024,439,6,595.45,115.769062,35.858528,269.11,-0.00127911
2024,439,7,694.69,115.769855,35.859051,194.36,-0.00115192
2024,439,8,793.93,115.770777,35.859354,179.41,-0.00023642
2024,439,9,893.17,115.771640,35.859758,149.51,-0.00103103
2024,439,10,992.42,115.772532,35.860111,164.46,-0.00231006
2024,439,11,1091.66,115.773601,35.860162,209.31,-0.00124998
2024,439,12,1190.90,115.774700,35.860162,209.31,-0.00118870
2024,439,13,1290.14,115.775798,35.860162,269.11,-0.00263154
2024,439,14,1389.38,115.776698,35.859821,254.16,0.00026174
2024,439,15,1488.62,115.777524,35.859354,149.51,0.00526308
2024,439,16,1587.87,115.778482,35.859594,209.31,0.00258647
2024,439,17,1687.11,115.779249,35.860162,328.91,-0.00182103
2024,439,18,1786.35,115.780348,35.860162,388.71,-0.00169326
2024,439,19,1885.59,115.781289,35.860432,388.71,-0.00162102
2024,439,20,1984.83,115.782250,35.860197,373.76,-0.00020996
2024,439,21,2084.07,115.783329,35.860162,448.52,-0.00000000
2024,439,22,2183.32,115.784428,35.860162,448.52,-0.00071259
2024,439,23,2282.56,115.785369,35.859893,448.52,0.00081051
2024,439,24,2381.80,115.786468,35.859893,448.52,0.00081051
2024,439,25,2481.04,115.787567,35.859893,448.52,0.00000000
2024,439,26,2580.28,115.788665,35.859893,478.42,-0.00081051
2024,439,27,2679.52,115.789764,35.859893,478.42,-0.00081051
2024,439,28,2778.77,115.790705,35.859623,448.52,0.00081051
2024,439,29,2878.01,115.791804,35.859623,448.52,0.00057755
2024,439,30,2977.25,115.792903,35.859623,478.42,-0.00081051
2024,439,31,3076.49,115.793954,35.859542,433.57,-0.00119613
2024,439,32,3175.73,115.794943,35.859354,478.42,-0.00000000
2024,439,33,3274.97,115.795884,35.859084,478.42,0.00142909
2024,439,34,3374.21,115.796983,35.859084,448.52,0.00081051
2024,439,35,3473.46,115.798082,35.859084,448.52,0.00000000
2024,439,36,3572.70,115.799180,35.859084,478.42,-0.00081051
2024,439,37,3671.94,115.800279,35.859084,418.61,-0.00099644
2024,439,38,3771.18,115.801220,35.858815,448.52,-0.00000000
2024,439,39,3870.42,115.802285,35.858757,403.66,-0.00012800
2024,439,40,3969.66,115.803260,35.858545,448.52,0.00000000
2024,439,41,4068.91,115.804269,35.858391,418.61,-0.00000000
2024,439,42,4168.15,115.805300,35.858276,448.52,-0.00000000
2024,439,43,4267.39,115.806252,35.858024,418.61,0.00025720
2024,439,44,4366.63,115.807341,35.858006,418.61,-0.00029859
2024,439,45,4465.87,115.808282,35.857737,418.61,-0.00052041
2024,439,46,4565.11,115.809327,35.857644,418.61,-0.00120454
2024,439,47,4664.36,115.810219,35.857291,418.61,-0.00063650
2024,439,48,4763.60,115.811106,35.856928,373.76,0.00150313
2024,439,49,4862.84,115.812047,35.856659,388.71,0.00121365
2024,439,50,4962.08,115.813146,35.856659,388.71,-0.00089327
2024,439,51,5061.32,115.814087,35.856389,388.71,-0.00088938
2024,439,52,5160.56,115.815029,35.856120,388.71,0.00029624
2024,439,53,5259.81,115.815971,35.855851,388.71,-0.00000777
2024,439,54,5359.05,115.816962,35.855668,403.66,-0.00028808
2024,439,55,5458.29,115.817853,35.855311,388.71,0.00002409
2024,439,56,5557.53,115.818846,35.855132,403.66,-0.00031638
2024,439,57,5656.77,115.819739,35.854778,418.61,-0.00001204
2024,439,58,5756.01,115.820677,35.854503,388.71,0.00030822
2024,439,59,5855.26,115.821623,35.854242,388.71,-0.00003656
2024,439,60,5954.50,115.822559,35.853964,403.66,-0.00000000
2024,439,61,6053.74,115.823501,35.853694,418.61,0.00002840
2024,439,62,6152.98,115.824442,35.853425,418.61,0.00089327
2024,439,63,6252.22,115.825383,35.853155,478.42,0.00170378
2024,439,64,6351.46,115.826482,35.853155,538.22,0.00162102
2024,44,0,0.00,115.094265,35.400943,702.67,0.00195594
2024,44,1,94.69,115.093535,35.401482,627.92,0.00199552
2024,44,2,189.37,115.092648,35.401752,687.72,0.00203510
2024,440,0,0.00,115.765846,35.854233,897.03,0.00076618
2024,440,1,83.87,115.766432,35.853647,941.88,0.00310099
2024,440,2,167.74,115.767073,35.853155,1704.36,0.00490798
2024,440,3,251.61,115.768002,35.853155,612.97,0.00438014
2024,441,0,0.00,115.826482,35.853155,1375.45,0.00000000
2024,441,1,72.66,115.826482,35.853810,1345.55,-0.00121313
2024,441,2,145.31,115.826482,35.854465,1390.40,-0.00250121
2024,441,3,217.97,115.826752,35.855042,762.48,-0.00257616
2024,442,0,0.00,115.826482,35.853155,523.27,0.00161333
2024,442,1,99.42,115.827276,35.852631,508.32,0.00168249
2024,442,2,198.84,115.828211,35.852347,538.22,0.00181438
2024,442,3,298.25,115.829154,35.852077,568.12,0.00174610
2024,442,4,397.67,115.830255,35.852077,568.12,0.00161510
2024,443,0,0.00,115.830255,35.852077,702.67,0.00490274
2024,443,1,93.23,115.830698,35.851365,583.07,0.00430600
2024,443,2,186.46,115.831647,35.851224,553.17,0.00119428
2024,443,3,279.68,115.832497,35.850913,568.12,-0.00000000
2024,443,4,372.91,115.833348,35.850602,508.32,0.00129799
2024,443,5,466.14,115.834297,35.850460,568.12,0.00127529
2024,444,0,0.00,115.830255,35.852077,1360.50,0.00115138
2024,444,1,92.07,115.830898,35.852721,1285.75,0.00118213
2024,444,2,184.14,115.831333,35.853425,463.47,0.00121288
2024,445,0,0.00,115.834297,35.850460,583.07,0.00186004
2024,445,1,95.15,115.835036,35.849921,538.22,0.00198045
2024,445,2,190.30,115.835925,35.849641,568.12,0.00206478
2024,445,3,285.45,115.836828,35.849382,538.22,0.00185968
2024,445,4,380.60,115.837881,35.849382,508.32,-0.00003859
2024,445,5,475.75,115.838935,35.849382,418.61,-0.00088391
2024,445,6,570.90,115.839831,35.849113,388.71,0.00176783
2024,445,7,666.05,115.840884,35.849113,358.81,0.00176783
2024,445,8,761.20,115.841780,35.849382,328.91,-0.00057246
2024,445,9,856.35,115.842833,35.849382,299.01,0.00097576
2024,445,10,951.51,115.843829,35.849481,269.11,0.00218737
2024,445,11,1046.66,115.844625,35.849921,254.16,0.00061972
2024,445,12,1141.81,115.845521,35.850191,254.16,0.00036998
2024,445,13,1236.96,115.846320,35.850626,224.26,0.00043070
2024,445,14,1332.11,115.847156,35.850999,239.21,-0.00000000
2024,445,15,1427.26,115.847949,35.851445,239.21,0.00062023
2024,445,16,1522.41,115.848790,35.851808,299.01,0.00097132
2024,445,17,1617.56,115.849477,35.852435,269.11,0.00000000
2024,445,18,1712.71,115.850267,35.852886,284.06,-0.00000000
2024,445,19,1807.86,115.851006,35.853425,328.91,0.00061958
2024,446,0,0.00,115.834297,35.850460,1300.70,0.00115138
2024,446,1,92.07,115.834941,35.851104,1465.15,0.00118213
2024,446,2,184.14,115.835375,35.851808,882.08,0.00121288
2024,447,0,0.00,115.851006,35.853425,1794.06,-0.00000000
2024,447,1,38.56,115.850737,35.853694,1794.06,-0.00000000
2024,447,2,77.12,115.850467,35.853964,1794.06,-0.00000000
2024,448,0,0.00,115.851006,35.853425,388.71,0.00268509
2024,448,1,82.18,115.851758,35.853694,373.76,0.00258079
2024,448,2,164.36,115.852354,35.854233,343.86,0.00247649
2024,449,0,0.00,115.850467,35.853964,553.17,-0.00335507
2024,449,1,90.27,115.850467,35.854777,478.42,-0.00823089
2024,449,2,180.54,115.850984,35.855311,343.86,-0.01128036
2024,449,3,270.81,115.851723,35.854864,1794.06,-0.00538540
2024,449,4,361.08,115.852354,35.854233,1794.06,-0.00131678
2024,45,0,0.00,115.087797,35.397979,538.22,-0.00471358
2024,45,1,65.83,115.088048,35.398499,493.37,-0.00479896
2024,45,2,131.67,115.088606,35.398788,448.52,-0.00488434
2024,450,0,0.00,115.850467,35.853964,598.02,0.00369745
2024,450,1,55.79,115.849978,35.854184,508.32,0.00359316
2024,450,2,111.59,115.849389,35.854233,343.86,0.00348887
2024,451,0,0.00,115.852354,35.854233,373.76,0.00000000
2024,451,1,97.63,115.853135,35.854746,418.61,-0.00000000
2024,451,2,195.25,115.853917,35.855258,448.52,-0.00056055
2024,451,3,292.88,115.854699,35.855770,403.66,-0.00000000
2024,451,4,390.50,115.855575,35.856120,418.61,0.00073973
2024,451,5,488.13,115.856262,35.856794,433.57,-0.00058764
2024,451,6,585.75,115.857107,35.857198,448.52,-0.00038786
2024,451,7,683.38,115.857925,35.857649,493.37,0.00058764
2024,451,8,781.00,115.858707,35.858161,448.52,0.00020868
2024,451,9,878.63,115.859488,35.858673,478.42,0.00000000
2024,451,10,976.25,115.860270,35.859185,448.52,0.00055729
2024,451,11,1073.88,115.861052,35.859698,493.37,0.00055729
2024,451,12,1171.50,115.861734,35.860380,493.37,0.00000000
2024,451,13,1269.13,115.862516,35.860892,493.37,0.00000000
2024,451,14,1366.75,115.863198,35.861575,493.37,0.00000000
2024,451,15,1464.38,115.863980,35.862087,493.37,-0.00000000
2024,451,16,1562.00,115.864662,35.862769,493.37,0.00000000
2024,451,17,1659.63,115.865444,35.863281,493.37,0.00000000
2024,451,18,1757.25,115.866126,35.863964,508.32,0.00000000
2024,451,19,1854.88,115.866908,35.864476,508.32,-0.00000000
2024,451,20,1952.50,115.867590,35.865158,493.37,0.00000000
2024,451,21,2050.13,115.868372,35.865671,463.47,0.00051727
2024,451,22,2147.75,115.869054,35.866353,448.52,0.00000000
2024,451,23,2245.38,115.869737,35.867035,493.37,-0.00051727
2024,451,24,2343.00,115.870519,35.867547,463.47,0.00051727
2024,451,25,2440.63,115.871201,35.868230,448.52,0.00051727
2024,451,26,2538.25,115.871883,35.868912,433.57,-0.00000000
2024,451,27,2635.88,115.872566,35.869595,418.61,-0.00000000
2024,452,0,0.00,115.872566,35.869595,553.17,0.00000000
2024,452,1,44.85,115.872566,35.869999,523.27,0.00000000
2024,452,2,89.71,115.872566,35.870403,418.61,0.00000000
2024,453,0,0.00,115.872566,35.869595,627.92,-0.00252076
2024,453,1,80.12,115.873453,35.869595,478.42,-0.00265792
2024,453,2,160.25,115.874183,35.869325,702.67,-0.00279508
2024,46,0,0.00,115.087797,35.397979,448.52,-0.01066066
2024,46,1,31.56,115.087577,35.397759,463.47,-0.01105362
2024,46,2,63.13,115.087258,35.397710,508.32,-0.01144658
2024,47,0,0.00,115.065429,35.382348,1465.15,0.00000000
2024,47,1,86.60,115.065429,35.383129,1435.25,-0.00112736
2024,47,2,173.20,115.065429,35.383909,1255.84,-0.00175946
2024,47,3,259.79,115.065781,35.384587,807.33,-0.00007240
2024,47,4,346.39,115.065968,35.385313,598.02,0.00111940
2024,48,0,0.00,115.065429,35.382348,657.82,-0.00000000
2024,48,1,87.62,115.064621,35.382079,717.63,-0.00000000
2024,48,2,175.24,115.063812,35.381809,717.63,-0.00000000
2024,49,0,0.00,115.094265,35.404716,269.11,0.00117268
2024,49,1,86.15,115.094535,35.405414,269.11,0.00091534
2024,49,2,172.31,115.094633,35.406162,269.11,-0.00024956
2024,49,3,258.46,115.094804,35.406888,269.11,-0.00000000
2024,49,4,344.61,115.095074,35.407586,269.11,0.00144074
2024,49,5,430.76,115.095074,35.408363,284.06,0.00172438
2024,49,6,516.92,115.095074,35.409139,254.16,0.00177752
2024,49,7,603.07,115.094804,35.409837,299.01,0.00183067
2024,5,0,0.00,115.077287,35.392050,627.92,-0.00000000
2024,5,1,74.90,115.076666,35.391699,657.82,0.00285386
2024,5,2,149.80,115.076045,35.391347,702.67,0.00555983
2024,5,3,224.70,115.075940,35.390703,747.53,0.00541193
2024,50,0,0.00,115.094265,35.404716,1061.49,0.00198913
2024,50,1,94.25,115.093384,35.404986,1046.54,0.00367129
2024,50,2,188.49,115.092346,35.404986,493.37,0.00689773
2024,50,3,282.74,115.091602,35.404479,239.21,0.00639393
2024,50,4,376.99,115.091570,35.403638,224.26,0.00434585
2024,51,0,0.00,115.094265,35.404716,299.01,0.00030683
2024,51,1,80.39,115.093705,35.404156,269.11,0.00156619
2024,51,2,160.78,115.093187,35.403582,179.41,0.00206590
2024,51,3,241.17,115.093000,35.402913,89.70,0.00000000
2024,51,4,321.56,115.092648,35.402291,149.51,-0.00130625
2024,52,0,0.00,115.092648,35.401752,179.41,0.00000000
2024,52,1,19.32,115.092514,35.401887,179.41,0.00000000
2024,52,2,38.64,115.092379,35.402021,179.41,0.00000000
2024,53,0,0.00,115.092379,35.402021,373.76,0.00000000
2024,53,1,19.32,115.092514,35.402156,358.81,0.00000000
2024,53,2,38.64,115.092648,35.402291,299.01,0.00000000
2024,54,0,0.00,115.092379,35.402021,612.97,0.00000000
2024,54,1,12.24,115.092244,35.402021,612.97,0.00000000
2024,54,2,24.48,115.092109,35.402021,612.97,0.00000000
2024,55,0,0.00,115.092648,35.401752,134.55,-0.00276198
2024,55,1,80.78,115.092379,35.401103,328.91,-0.00292354
2024,55,2,161.57,115.091840,35.400674,493.37,-0.00308510
2024,56,0,0.00,115.092648,35.402291,179.41,0.01066113
2024,56,1,31.56,115.092428,35.402511,598.02,0.01105416
2024,56,2,63.12,115.092109,35.402560,478.42,0.01144718
2024,58,0,0.00,115.066238,35.385582,598.02,0.00000000
2024,58,1,19.32,115.066103,35.385448,553.17,0.00000000
2024,58,2,38.65,115.065968,35.385313,583.07,0.00000000
2024,59,0,0.00,115.066238,35.385582,254.16,-0.00000000
2024,59,1,49.22,115.066103,35.385987,388.71,-0.00000000
2024,59,2,98.45,115.065968,35.386391,418.61,-0.00000000
2024,6,0,0.00,115.077287,35.392050,269.11,0.00000000
2024,6,1,19.32,115.077422,35.391915,239.21,0.00000000
2024,6,2,38.65,115.077557,35.391781,194.36,0.00000000
2024,60,0,0.00,115.065968,35.385313,762.48,0.01065942
2024,60,1,31.57,115.065748,35.385533,807.33,0.01105220
2024,60,2,63.13,115.065429,35.385582,777.43,0.01144499
2024,61,0,0.00,115.066238,35.385582,747.53,0.00000000
2024,61,1,19.32,115.066373,35.385448,777.43,0.00000000
2024,61,2,38.65,115.066507,35.385313,837.23,0.00000000
2024,62,0,0.00,115.066238,35.385582,598.02,-0.01065945
2024,62,1,31.57,115.066458,35.385802,478.42,-0.01105223
2024,62,2,63.13,115.066777,35.385852,523.27,-0.01144502
2024,63,0,0.00,115.063812,35.381809,1166.14,-0.00292435
2024,63,1,96.60,115.063273,35.382522,1315.65,-0.00286903
2024,63,2,193.20,115.063273,35.383393,1240.89,-0.00211505
2024,63,3,289.81,115.063273,35.384264,1046.54,-0.00304275
2024,63,4,386.41,115.063552,35.385053,762.48,-0.00337375
2024,63,5,483.01,115.064325,35.385556,657.82,-0.00221338
2024,63,6,579.61,115.064998,35.386229,538.22,-0.00301071
2024,63,7,676.22,115.065968,35.386391,553.17,-0.00367305
2024,64,0,0.00,115.063812,35.381809,762.48,0.00161573
2024,64,1,92.34,115.062971,35.381507,762.48,0.00196900
2024,64,2,184.68,115.062247,35.381001,747.53,0.00102103
2024,64,3,277.03,115.061584,35.380390,657.82,-0.00196900
2024,64,4,369.37,115.060838,35.379923,657.82,-0.00312825
2024,64,5,461.71,115.059902,35.379785,687.72,-0.00132223
2024,64,6,554.05,115.058961,35.379653,463.47,-0.00004574
2024,65,0,0.00,115.094804,35.409837,1196.04,0.00000000
2024,65,1,61.20,115.094130,35.409837,1076.44,0.00000000
2024,65,2,122.39,115.093457,35.409837,433.57,0.00000000
2024,66,0,0.00,115.094804,35.409837,328.91,0.00217926
2024,66,1,79.12,115.095074,35.410471,313.96,0.00211524
2024,66,2,158.24,115.095074,35.411184,598.02,0.00205122
2024,67,0,0.00,115.091570,35.403638,463.47,0.00464587
2024,67,1,83.90,115.090788,35.403395,463.47,0.00310733
2024,67,2,167.79,115.090411,35.402749,388.71,-0.00036684
2024,67,3,251.69,115.089727,35.402334,478.42,0.00077262
2024,67,4,335.58,115.089145,35.401890,448.52,0.00336330
2024,67,5,419.48,115.088875,35.401213,343.86,0.00287887
2024,68,0,0.00,115.091570,35.403638,433.57,0.00920378
2024,68,1,43.80,115.091897,35.403369,553.17,0.00901536
2024,68,2,87.60,115.092379,35.403369,493.37,0.00882694
2024,7,0,0.00,115.075940,35.390703,553.17,0.00000000
2024,7,1,24.48,115.076209,35.390703,553.17,0.00000000
2024,7,2,48.97,115.076479,35.390703,523.27,0.00000000
2024,70,0,0.00,115.065968,35.386391,493.37,-0.00115885
2024,70,1,99.86,115.066862,35.386746,493.37,-0.00114490
2024,70,2,199.72,115.067855,35.386930,538.22,-0.00113096
2024,71,0,0.00,115.095074,35.411184,493.37,-0.00388403
2024,71,1,68.28,115.095669,35.411454,508.32,-0.00369670
2024,71,2,136.55,115.096421,35.411454,717.63,-0.00350937
2024,72,0,0.00,115.095074,35.411184,1091.39,0.00308386
2024,72,1,76.32,115.094541,35.411717,403.66,0.00749684
2024,72,2,152.64,115.093910,35.411907,717.63,0.00825498
2024,72,3,228.96,115.093333,35.411454,583.07,0.00123700
2024,72,4,305.28,115.092648,35.411184,448.52,-0.00212615
2024,73,0,0.00,115.096421,35.411454,343.86,-0.00227335
2024,73,1,96.69,115.096679,35.412250,313.96,-0.00273923
2024,73,2,193.39,115.097353,35.412924,239.21,-0.00235537
2024,73,3,290.08,115.098126,35.413428,209.31,-0.00117161
2024,73,4,386.77,115.098930,35.413879,164.46,-0.00051994
2024,73,5,483.47,115.099771,35.414265,194.36,-0.00061754
2024,73,6,580.16,115.100591,35.414688,179.41,-0.00097600
2024,73,7,676.86,115.101515,35.414931,239.21,0.00061176
2024,73,8,773.55,115.102408,35.415227,239.21,-0.00000000
2024,73,9,870.24,115.103161,35.415766,269.11,-0.00122266
2024,73,10,966.94,115.104226,35.415766,313.96,0.00000000
2024,73,11,1063.63,115.105003,35.416262,328.91,-0.00064848
2024,73,12,1160.32,115.106043,35.416305,388.71,0.00000000
2024,73,13,1257.02,115.106952,35.416574,388.71,0.00079979
2024,73,14,1353.71,115.107860,35.416844,433.57,-0.00000000
2024,73,15,1450.40,115.108769,35.417113,448.52,-0.00000000
2024,73,16,1547.10,115.109678,35.417383,448.52,0.00000000
2024,73,17,1643.79,115.110586,35.417652,448.52,0.00000000
2024,73,18,1740.49,115.111495,35.417922,448.52,0.00000000
2024,73,19,1837.18,115.112404,35.418191,448.52,-0.00094255
2024,73,20,1933.87,115.113313,35.418461,478.42,-0.00094255
2024,73,21,2030.57,115.114377,35.418461,478.42,0.00094255
2024,73,22,2127.26,115.115286,35.418730,508.32,0.00188509
2024,74,0,0.00,115.096421,35.411454,1196.04,0.00203876
2024,74,1,70.20,115.096911,35.410964,627.92,0.00213670
2024,74,2,140.40,115.097499,35.410645,642.87,0.00223465
2024,75,0,0.00,115.092648,35.411184,478.42,0.00000000
2024,75,1,43.80,115.092244,35.411050,508.32,0.00000000
2024,75,2,87.60,115.091840,35.410915,493.37,0.00000000
2024,76,0,0.00,115.092648,35.411184,598.02,0.00000000
2024,76,1,44.85,115.092648,35.410780,358.81,0.00000000
2024,76,2,89.70,115.092648,35.410376,313.96,0.00000000
2024,77,0,0.00,115.115286,35.418730,672.77,0.00000000
2024,77,1,84.33,115.115665,35.419379,508.32,-0.00072938
2024,77,2,168.67,115.116045,35.420028,403.66,-0.00141979
2024,77,3,253.00,115.116633,35.420617,373.76,-0.00138082
2024,78,0,0.00,115.115286,35.418730,687.72,0.00577754
2024,78,1,56.03,115.115747,35.418461,538.22,0.00553367
2024,78,2,112.07,115.116364,35.418461,478.42,0.00528980
2024,79,0,0.00,115.091840,35.410915,328.91,0.00000000
2024,79,1,94.07,115.091840,35.410067,313.96,-0.00072079
2024,79,2,188.14,115.091840,35.409219,254.16,-0.00148490
2024,79,3,282.21,115.091570,35.408450,269.11,-0.00076411
2024,79,4,376.28,115.091301,35.407681,269.11,0.00000000
2024,8,0,0.00,115.075940,35.390703,687.72,0.00333532
2024,8,1,64.17,115.075670,35.390203,777.43,0.00324099
2024,8,2,128.34,115.075670,35.389625,1031.59,0.00314667
2024,80,0,0.00,115.091840,35.410915,343.86,0.00000000
2024,80,1,19.32,115.091705,35.411050,224.26,0.00000000
2024,80,2,38.64,115.091570,35.411184,89.70,0.00000000
2024,81,0,0.00,115.116364,35.418461,598.02,0.00130541
2024,81,1,90.39,115.116994,35.417830,598.02,0.00208774
2024,81,2,180.79,115.117731,35.417383,553.17,0.00452156
2024,81,3,271.18,115.118570,35.417113,89.70,0.00716191
2024,81,4,361.57,115.119328,35.417449,388.71,0.00506306
2024,81,5,451.96,115.119801,35.418125,328.91,0.00053896
2024,81,6,542.36,115.120432,35.418756,493.37,0.00015092
2024,81,7,632.75,115.121062,35.419386,642.87,0.00123191
2024,81,8,723.14,115.121484,35.420078,911.98,0.00126453
2024,82,0,0.00,115.116364,35.418461,598.02,0.00000000
2024,82,1,38.64,115.116633,35.418730,538.22,0.00000000
2024,82,2,77.28,115.116903,35.419000,463.47,0.00000000
2024,83,0,0.00,115.091301,35.407681,299.01,0.00740259
2024,83,1,80.78,115.090762,35.407252,269.11,0.00697833
2024,83,2,161.56,115.091031,35.406603,299.01,0.00655406
2024,84,0,0.00,115.091301,35.407681,299.01,-0.00730811
2024,84,1,72.91,115.091540,35.407111,254.16,-0.00697412
2024,84,2,145.83,115.091031,35.406603,328.91,-0.00664012
2024,85,0,0.00,115.121484,35.420078,627.92,0.00528998
2024,85,1,56.03,115.122101,35.420078,627.92,0.00553387
2024,85,2,112.07,115.122562,35.420347,717.63,0.00577775
2024,86,0,0.00,115.121484,35.420078,687.72,0.00388485
2024,86,1,68.27,115.120888,35.420347,657.82,0.00369746
2024,86,2,136.54,115.120137,35.420347,568.12,0.00351007
2024,87,0,0.00,115.116903,35.419000,478.42,0.00193158
2024,87,1,91.13,115.117906,35.419000,119.60,0.00273889
2024,87,2,182.26,115.118754,35.419269,313.96,0.00320896
2024,87,3,273.40,115.119501,35.419711,508.32,0.00211575
2024,87,4,364.53,115.120137,35.420347,657.82,0.00135978
2024,88,0,0.00,115.116903,35.419000,478.42,-0.00121319
2024,88,1,92.23,115.117338,35.419704,343.86,-0.00118223
2024,88,2,184.46,115.117981,35.420347,478.42,-0.00115126
2024,9,0,0.00,115.075670,35.389625,508.32,-0.00223433
2024,9,1,70.21,115.076258,35.389306,508.32,-0.00213643
2024,9,2,140.42,115.076748,35.388816,1001.69,-0.00203852
2024,90,0,0.00,115.091031,35.406603,418.61,-0.01775369
2024,90,1,38.64,115.091301,35.406333,254.16,-0.01775369
2024,90,2,77.29,115.091031,35.406064,269.11,-0.01775369
2024,91,0,0.00,115.122562,35.420347,777.43,-0.00274262
2024,91,1,92.93,115.121914,35.420995,777.43,-0.00325795
2024,91,2,185.86,115.121754,35.421786,1121.29,-0.00333518
2024,91,3,278.79,115.121754,35.422624,1031.59,-0.00793924
2024,91,4,371.73,115.122110,35.423312,612.97,-0.01369320
2024,91,5,464.66,115.122825,35.422779,433.57,-0.00937866
2024,91,6,557.59,115.122832,35.421944,1300.70,-0.00293246
2024,91,7,650.52,115.122832,35.421106,1300.70,-0.00153965
2024,91,8,743.45,115.122562,35.420347,1255.84,-0.00156670
2024,93,0,0.00,115.122562,35.420347,657.82,0.00181164
2024,93,1,98.54,115.123491,35.420078,612.97,0.00250672
2024,93,2,197.09,115.124576,35.420078,568.12,0.00164420
2024,93,3,295.63,115.125513,35.420334,568.12,-0.00074027
2024,93,4,394.17,115.126590,35.420347,538.22,-0.00082210
2024,93,5,492.72,115.127675,35.420347,568.12,-0.00003853
2024,93,6,591.26,115.128761,35.420347,508.32,0.00000000
2024,94,0,0.00,115.120137,35.420347,717.63,0.00125619
2024,94,1,90.68,115.119713,35.421041,687.72,0.00438890
2024,94,2,181.37,115.119080,35.421673,299.01,0.00740360
2024,94,3,272.05,115.118250,35.421425,388.71,0.00728559
2024,95,0,0.00,115.128761,35.420347,1794.06,0.00000000
2024,95,1,97.48,115.128761,35.421226,1794.06,-0.00114795
2024,95,2,194.95,115.128761,35.422104,1151.19,-0.00627766
2024,95,3,292.43,115.129191,35.422773,523.27,-0.00867693
2024,95,4,389.90,115.130108,35.422503,627.92,-0.00709442
2024,96,0,0.00,115.128761,35.420347,687.72,0.00603205
2024,96,1,75.35,115.129434,35.420078,478.42,0.00603205
2024,96,2,150.71,115.130108,35.420347,583.07,0.00603205
2024,97,0,0.00,115.130108,35.422503,777.43,0.00000000
2024,97,1,79.73,115.130108,35.421784,1794.06,0.00000000
2024,97,2,159.47,115.130108,35.421066,1794.06,-0.00000000
2024,97,3,239.20,115.130108,35.420347,1794.06,0.00000000
2024,98,0,0.00,115.130108,35.422503,762.48,-0.00204359
2024,98,1,92.31,115.130813,35.423042,598.02,-0.00407131
2024,98,2,184.62,115.131673,35.423312,493.37,-0.00502892
2024,98,3,276.93,115.132533,35.423042,657.82,-0.00395881
