year,link_id,sample_idx,s_m,lon,lat,B_m,C_1m
2002,0,0,0.00,115.336810,35.542967,313.96,0.00270006
2002,0,1,82.77,115.336134,35.543374,343.86,0.00327755
2002,0,2,165.53,115.335298,35.543506,897.03,0.00248354
2002,0,3,248.30,115.334385,35.543506,1136.24,0.00111204
2002,1,0,0.00,115.334385,35.543506,269.11,0.00139515
2002,1,1,95.51,115.334385,35.542645,239.21,0.00143674
2002,1,2,191.03,115.334654,35.541863,209.31,0.00073917
2002,1,3,286.54,115.334924,35.541081,179.41,-0.00000000
2002,10,0,0.00,115.343009,35.556711,1510.00,-0.00185653
2002,10,1,72.87,115.342500,35.557220,1166.14,-0.00191215
2002,10,2,145.74,115.342200,35.557789,926.93,-0.00196777
2002,100,0,0.00,115.347860,35.518713,882.08,0.00239757
2002,100,1,86.21,115.348654,35.518443,1121.29,0.00228189
2002,100,2,172.42,115.349604,35.518443,1166.14,0.00108310
2002,100,3,258.63,115.350555,35.518443,822.28,0.00000000
2002,102,0,0.00,115.347590,35.517096,538.22,0.00060391
2002,102,1,90.39,115.347860,35.516360,568.12,0.00012673
2002,102,2,180.79,115.348226,35.515652,553.17,-0.00060221
2002,102,3,271.18,115.348439,35.514899,538.22,0.00058838
2002,102,4,361.58,115.348668,35.514151,523.27,0.00114130
2002,102,5,451.97,115.349207,35.513494,538.22,-0.00082648
2002,102,6,542.37,115.349477,35.512758,523.27,-0.00084104
2002,102,7,632.76,115.349710,35.512011,523.27,0.00106286
2002,102,8,723.16,115.350016,35.511285,508.32,0.00165732
2002,102,9,813.55,115.350555,35.510628,508.32,0.00141165
2002,103,0,0.00,115.402298,35.582583,433.57,0.00471509
2002,103,1,65.77,115.402548,35.582063,583.07,0.00480145
2002,103,2,131.55,115.403106,35.581774,732.58,0.00488781
2002,104,0,0.00,115.402298,35.582583,433.57,0.00397622
2002,104,1,99.64,115.402993,35.583278,284.06,0.00480617
2002,104,2,199.29,115.402837,35.584065,313.96,0.00413883
2002,104,3,298.93,115.402454,35.584852,553.17,0.00206785
2002,104,4,398.58,115.401759,35.585547,657.82,0.00149416
2002,105,0,0.00,115.401759,35.585547,403.66,-0.00333648
2002,105,1,88.76,115.401759,35.586347,403.66,-0.00253925
2002,105,2,177.52,115.402298,35.586990,388.71,0.00085880
2002,105,3,266.27,115.402567,35.587712,388.71,0.00172981
2002,105,4,355.03,115.402567,35.588512,358.81,0.00000000
2002,105,5,443.79,115.402837,35.589233,358.81,-0.00000000
2002,105,6,532.55,115.402837,35.590033,358.81,-0.00085880
2002,105,7,621.30,115.403106,35.590755,343.86,-0.00085880
2002,105,8,710.06,115.403376,35.591476,343.86,0.00000000
2002,107,0,0.00,115.350555,35.510628,478.42,-0.00040459
2002,107,1,93.44,115.350824,35.509864,433.57,-0.00030291
2002,107,2,186.88,115.351024,35.509080,418.61,-0.00000000
2002,107,3,280.32,115.351259,35.508307,433.57,0.00070977
2002,107,4,373.76,115.351493,35.507533,388.71,0.00060916
2002,107,5,467.21,115.351937,35.506820,358.81,-0.00050816
2002,107,6,560.65,115.352172,35.506046,343.86,-0.00118051
2002,107,7,654.09,115.352441,35.505283,284.06,0.00040635
2002,107,8,747.53,115.352441,35.504441,239.21,0.00156128
2002,107,9,840.97,115.353084,35.503786,284.06,-0.00136774
2002,107,10,934.41,115.353250,35.502992,119.60,-0.00078763
2002,107,11,1027.85,115.353250,35.502150,239.21,0.00261873
2002,107,12,1121.29,115.353789,35.501465,478.42,0.00311205
2002,108,0,0.00,115.350555,35.510628,941.88,-0.00571637
2002,108,1,75.29,115.351080,35.511153,1480.10,-0.00574504
2002,108,2,150.59,115.351902,35.511167,867.13,-0.00577372
2002,109,0,0.00,115.403376,35.591476,1255.84,0.00450082
2002,109,1,86.64,115.404277,35.591570,493.37,0.00598618
2002,109,2,173.29,115.404882,35.592174,254.16,0.00729727
2002,109,3,259.93,115.404992,35.592923,358.81,0.00589657
2002,109,4,346.58,115.404519,35.593566,493.37,0.00274169
2002,109,5,433.22,115.403915,35.594171,508.32,0.00081323
2002,11,0,0.00,115.336541,35.536230,254.16,0.00104067
2002,11,1,98.42,115.336602,35.535360,254.16,0.00161083
2002,11,2,196.84,115.336871,35.534552,224.26,0.00163649
2002,11,3,295.26,115.337349,35.533804,284.06,0.00109200
2002,110,0,0.00,115.403376,35.591476,313.96,-0.00246357
2002,110,1,87.39,115.403106,35.592185,284.06,-0.00255752
2002,110,2,174.78,115.403222,35.592939,358.81,-0.00295430
2002,110,3,262.16,115.403376,35.593682,328.91,-0.00335821
2002,110,4,349.55,115.403915,35.594171,373.76,-0.00345929
2002,111,0,0.00,115.353789,35.501465,926.93,0.00000000
2002,111,1,73.35,115.354597,35.501465,418.61,0.00000000
2002,111,2,146.70,115.355405,35.501465,,0.00000000
2002,112,0,0.00,115.353789,35.501465,269.11,0.00217682
2002,112,1,79.11,115.353519,35.500831,299.01,0.00211298
2002,112,2,158.23,115.353519,35.500117,403.66,0.00204914
2002,114,0,0.00,115.403915,35.594171,328.91,-0.00104058
2002,114,1,94.93,115.403951,35.595016,299.01,-0.00113140
2002,114,2,189.85,115.404184,35.595804,284.06,0.00000000
2002,114,3,284.78,115.404441,35.596584,284.06,0.00057810
2002,114,4,379.70,115.404454,35.597436,284.06,-0.00074800
2002,114,5,474.63,115.404723,35.598214,269.11,-0.00142998
2002,115,0,0.00,115.353519,35.500117,388.71,-0.00029914
2002,115,1,98.45,115.352746,35.499578,328.91,-0.00022517
2002,115,2,196.90,115.351948,35.499085,313.96,0.00000000
2002,115,3,295.34,115.351162,35.498569,269.11,-0.00050310
2002,115,4,393.79,115.350376,35.498052,269.11,-0.00057870
2002,115,5,492.24,115.349491,35.497707,269.11,0.00000000
2002,115,6,590.69,115.348706,35.497190,299.01,-0.00059501
2002,115,7,689.14,115.347821,35.496845,284.06,-0.00032054
2002,115,8,787.58,115.346936,35.496499,254.16,0.00059501
2002,115,9,886.03,115.346097,35.496075,269.11,0.00013515
2002,115,10,984.48,115.345266,35.495637,254.16,-0.00059501
2002,115,11,1082.93,115.344396,35.495267,239.21,-0.00094178
2002,115,12,1181.38,115.343497,35.494946,239.21,-0.00059543
2002,115,13,1279.82,115.342538,35.494728,239.21,0.00094178
2002,115,14,1378.27,115.341628,35.494425,209.31,0.00119044
2002,115,15,1476.72,115.340837,35.493919,209.31,0.00000000
2002,115,16,1575.17,115.339958,35.493563,224.26,-0.00048730
2002,115,17,1673.62,115.339135,35.493111,209.31,0.00040416
2002,115,18,1772.06,115.338206,35.492841,239.21,0.00121557
2002,115,19,1870.51,115.337502,35.492185,149.51,-0.00254475
2002,115,20,1968.96,115.336661,35.491763,179.41,-0.00531860
2002,115,21,2067.41,115.335732,35.492033,343.86,-0.00452870
2002,116,0,0.00,115.353519,35.500117,1061.49,0.01067096
2002,116,1,31.54,115.353739,35.499897,538.22,0.01106539
2002,116,2,63.08,115.354058,35.499848,478.42,0.01145983
2002,117,0,0.00,115.404723,35.598214,1375.45,0.00000000
2002,117,1,85.47,115.405666,35.598214,1166.14,0.00000000
2002,117,2,170.95,115.406609,35.598214,433.57,0.00000000
2002,118,0,0.00,115.404723,35.598214,328.91,-0.00313954
2002,118,1,64.15,115.404723,35.598792,284.06,-0.00323332
2002,118,2,128.31,115.404992,35.599291,284.06,-0.00332709
2002,119,0,0.00,115.335732,35.492033,583.07,0.00540792
2002,119,1,49.21,115.335732,35.492476,777.43,0.00552020
2002,119,2,98.43,115.335463,35.492841,418.61,0.00563247
2002,12,0,0.00,115.336541,35.536230,418.61,-0.00571803
2002,12,1,75.28,115.337066,35.536755,1166.14,-0.00574682
2002,12,2,150.56,115.337888,35.536769,313.96,-0.00577562
2002,120,0,0.00,115.335732,35.492033,209.31,-0.00000000
2002,120,1,50.85,115.335328,35.491763,209.31,-0.00000000
2002,120,2,101.71,115.334924,35.491494,299.01,-0.00000000
2002,121,0,0.00,115.404992,35.599291,1794.06,0.00000000
2002,121,1,48.84,115.405531,35.599291,1554.85,0.00000000
2002,121,2,97.68,115.406070,35.599291,882.08,0.00000000
2002,122,0,0.00,115.404992,35.599291,299.01,-0.00565920
2002,122,1,68.51,115.404723,35.599830,239.21,-0.00565920
2002,122,2,137.01,115.404992,35.600369,239.21,-0.00565920
2002,123,0,0.00,115.334924,35.491494,269.11,-0.00777733
2002,123,1,80.68,115.334900,35.490931,179.41,-0.00813689
2002,123,2,161.36,115.334153,35.490685,209.31,-0.00563082
2002,123,3,242.04,115.333576,35.490685,299.01,-0.00276521
2002,124,0,0.00,115.334924,35.491494,792.38,0.00723420
2002,124,1,82.39,115.334328,35.492033,224.26,0.00757928
2002,124,2,164.79,115.333576,35.491763,209.31,0.00792437
2002,125,0,0.00,115.404992,35.600369,1704.36,0.00000000
2002,125,1,73.26,115.405801,35.600369,1405.35,0.00000000
2002,125,2,146.52,115.406609,35.600369,672.77,0.00000000
2002,126,0,0.00,115.404992,35.600369,299.01,-0.00128358
2002,126,1,99.46,115.404992,35.601266,269.11,-0.00064179
2002,126,2,198.93,115.405262,35.602084,209.31,0.00000000
2002,126,3,298.39,115.405262,35.602980,224.26,-0.00067941
2002,126,4,397.85,115.405531,35.603798,239.21,0.00000000
2002,126,5,497.31,115.405801,35.604616,239.21,0.00132120
2002,126,6,596.78,115.405801,35.605513,194.36,-0.00000000
2002,126,7,696.24,115.405801,35.606409,209.31,-0.00132120
2002,126,8,795.70,115.406070,35.607227,239.21,-0.00067941
2002,126,9,895.17,115.406340,35.608045,239.21,0.00067941
2002,126,10,994.63,115.406609,35.608863,269.11,0.00067941
2002,126,11,1094.09,115.406609,35.609760,239.21,0.00000000
2002,126,12,1193.55,115.406879,35.610578,239.21,0.00000000
2002,126,13,1293.02,115.406879,35.611474,239.21,0.00000000
2002,126,14,1392.48,115.407148,35.612292,269.11,0.00064179
2002,126,15,1491.94,115.407148,35.613189,269.11,-0.00000000
2002,126,16,1591.41,115.407148,35.614085,254.16,-0.00077402
2002,126,17,1690.87,115.407418,35.614903,313.96,-0.00067941
2002,126,18,1790.33,115.407471,35.615784,254.16,-0.00165697
2002,126,19,1889.79,115.407957,35.616539,284.06,-0.00221960
2002,127,0,0.00,115.333576,35.490685,343.86,0.00000000
2002,127,1,59.80,115.333576,35.491224,403.66,0.00000000
2002,127,2,119.60,115.333576,35.491763,313.96,0.00000000
2002,128,0,0.00,115.333576,35.490685,224.26,-0.01067001
2002,128,1,31.54,115.333356,35.490465,194.36,-0.01106431
2002,128,2,63.08,115.333037,35.490416,239.21,-0.01145860
2002,13,0,0.00,115.347321,35.560215,328.91,-0.00090506
2002,13,1,91.58,115.348174,35.560484,269.11,0.00172949
2002,13,2,183.16,115.349094,35.560640,209.31,0.00510574
2002,13,3,274.74,115.349477,35.561354,269.11,0.00326846
2002,13,4,366.32,115.349746,35.562101,388.71,0.00068948
2002,130,0,0.00,115.333576,35.491763,328.91,0.00038235
2002,130,1,75.96,115.333046,35.491772,224.26,0.00315784
2002,130,2,151.91,115.332220,35.491754,224.26,0.00577386
2002,130,3,227.87,115.331690,35.491224,179.41,0.00561440
2002,131,0,0.00,115.407957,35.616539,1764.16,0.00000000
2002,131,1,73.25,115.408765,35.616539,1255.84,0.00000000
2002,131,2,146.49,115.409574,35.616539,822.28,0.00000000
2002,132,0,0.00,115.407957,35.616539,269.11,-0.00205633
2002,132,1,81.28,115.407687,35.617193,313.96,-0.00263514
2002,132,2,162.56,115.407687,35.617926,313.96,-0.00296443
2002,132,3,243.84,115.407868,35.618606,313.96,-0.00204496
2002,132,4,325.11,115.408226,35.619234,358.81,-0.00137500
2002,133,0,0.00,115.333037,35.490416,209.31,-0.00513175
2002,133,1,76.67,115.332711,35.489820,164.46,-0.00545877
2002,133,2,153.34,115.331989,35.489607,239.21,-0.00493170
2002,133,3,230.01,115.331246,35.489432,224.26,-0.00415863
2002,133,4,306.68,115.330612,35.489607,328.91,-0.00423965
2002,134,0,0.00,115.333037,35.490416,702.67,0.00246302
2002,134,1,82.39,115.332442,35.490955,388.71,0.00256580
2002,134,2,164.79,115.331690,35.491224,373.76,0.00266858
2002,136,0,0.00,115.331690,35.491224,179.41,0.00193434
2002,136,1,71.44,115.331192,35.490726,179.41,0.00199275
2002,136,2,142.87,115.330902,35.490166,448.52,0.00102558
2002,136,3,214.31,115.330612,35.489607,448.52,-0.00000000
2002,137,0,0.00,115.408226,35.619234,299.01,0.00000000
2002,137,1,69.77,115.408226,35.619863,343.86,0.00000000
2002,137,2,139.54,115.408226,35.620492,343.86,0.00000000
2002,137,3,209.31,115.408226,35.621121,343.86,0.00000000
2002,138,0,0.00,115.408226,35.619234,478.42,0.00565958
2002,138,1,71.16,115.408723,35.618737,882.08,0.00761511
2002,138,2,142.31,115.409484,35.618695,986.73,0.00679275
2002,138,3,213.47,115.410113,35.618965,687.72,0.00401486
2002,14,0,0.00,115.347321,35.560215,747.53,-0.00257800
2002,14,1,91.85,115.347051,35.560964,523.27,-0.00398877
2002,14,2,183.71,115.347229,35.561740,254.16,-0.00644906
2002,14,3,275.56,115.347876,35.562371,254.16,-0.00706809
2002,14,4,367.41,115.348889,35.562371,568.12,-0.00436880
2002,14,5,459.26,115.349746,35.562101,687.72,-0.00210001
2002,140,0,0.00,115.330612,35.489607,299.01,0.00000000
2002,140,1,96.49,115.329705,35.489338,328.91,0.00006073
2002,140,2,192.98,115.328798,35.489068,328.91,0.00028775
2002,140,3,289.47,115.327900,35.488782,358.81,0.00039362
2002,140,4,385.96,115.327029,35.488450,373.76,0.00040482
2002,140,5,482.46,115.326158,35.488118,358.81,0.00001044
2002,140,6,578.95,115.325325,35.487721,343.86,-0.00069258
2002,140,7,675.44,115.324418,35.487451,343.86,-0.00046479
2002,140,8,771.93,115.323511,35.487182,299.01,-0.00000000
2002,140,9,868.42,115.322604,35.486912,299.01,-0.00000000
2002,140,10,964.91,115.321697,35.486643,299.01,-0.00094684
2002,140,11,1061.40,115.320790,35.486373,299.01,-0.00094684
2002,140,12,1157.89,115.319726,35.486373,299.01,0.00041443
2002,140,13,1254.38,115.318819,35.486104,269.11,-0.00000000
2002,140,14,1350.87,115.317825,35.485983,299.01,0.00010183
2002,140,15,1447.37,115.316849,35.485834,254.16,0.00094684
2002,140,16,1543.86,115.315941,35.485565,269.11,0.00053531
2002,140,17,1640.35,115.315034,35.485295,239.21,-0.00000000
2002,140,18,1736.84,115.314144,35.484997,239.21,-0.00020908
2002,140,19,1833.33,115.313220,35.484756,239.21,0.00000000
2002,140,20,1929.82,115.312313,35.484487,209.31,-0.00012047
2002,140,21,2026.31,115.311406,35.484217,209.31,-0.00000000
2002,140,22,2122.80,115.310462,35.484010,179.41,0.00067916
2002,140,23,2219.29,115.309591,35.483678,149.51,0.00090870
2002,141,0,0.00,115.408496,35.621390,403.66,-0.00000000
2002,141,1,19.30,115.408361,35.621255,388.71,-0.00000000
2002,141,2,38.60,115.408226,35.621121,418.61,-0.00000000
2002,142,0,0.00,115.408496,35.621390,418.61,0.00000000
2002,142,1,69.77,115.408496,35.622019,373.76,0.00000000
2002,142,2,139.54,115.408496,35.622648,343.86,0.00000000
2002,142,3,209.31,115.408496,35.623276,373.76,0.00000000
2002,143,0,0.00,115.408226,35.621121,1121.29,0.00371085
2002,143,1,69.83,115.407612,35.621390,1465.15,0.00353033
2002,143,2,139.67,115.406841,35.621390,1465.15,0.00167490
2002,143,3,209.50,115.406070,35.621390,254.16,0.00000000
2002,144,0,0.00,115.408496,35.621390,523.27,0.00041259
2002,144,1,80.61,115.409059,35.620827,493.37,0.00160078
2002,144,2,161.23,115.409649,35.620312,687.72,0.00266603
2002,144,3,241.84,115.410382,35.620043,807.33,0.00254310
2002,145,0,0.00,115.309591,35.483678,284.06,-0.00508616
2002,145,1,74.87,115.309278,35.483095,149.51,-0.01009534
2002,145,2,149.73,115.308583,35.482870,104.65,-0.01249443
2002,145,3,224.60,115.308244,35.483409,1360.50,-0.00988434
2002,146,0,0.00,115.309591,35.483678,209.31,0.00792325
2002,146,1,82.40,115.308840,35.483948,134.55,0.00757829
2002,146,2,164.80,115.308244,35.483409,149.51,0.00723332
2002,147,0,0.00,115.408496,35.623276,1794.06,-0.00065960
2002,147,1,78.35,115.407631,35.623276,1794.06,-0.00348810
2002,147,2,156.69,115.406808,35.623348,897.03,-0.00783933
2002,147,3,235.04,115.406340,35.623918,388.71,-0.00653652
2002,147,4,313.39,115.406340,35.624624,373.76,-0.00371098
2002,148,0,0.00,115.408496,35.623276,418.61,0.00116908
2002,148,1,86.13,115.408765,35.623974,388.71,0.00091289
2002,148,2,172.26,115.408864,35.624722,403.66,0.00064956
2002,148,3,258.39,115.409035,35.625449,373.76,0.00086010
2002,148,4,344.53,115.409035,35.626225,448.52,0.00053889
2002,148,5,430.66,115.409035,35.627001,448.52,-0.00177299
2002,148,6,516.79,115.409035,35.627777,463.47,-0.00358560
2002,148,7,602.92,115.409574,35.628397,598.02,-0.00362522
2002,149,0,0.00,115.308244,35.483409,209.31,0.00050110
2002,149,1,88.22,115.307332,35.483305,164.46,0.00143415
2002,149,2,176.44,115.306456,35.483139,179.41,0.00165624
2002,149,3,264.66,115.305705,35.482757,179.41,0.00064037
2002,149,4,352.89,115.304892,35.482482,179.41,0.00014709
2002,149,5,441.11,115.304164,35.482061,209.31,-0.00068169
2002,149,6,529.33,115.303348,35.481792,209.31,0.00084315
2002,149,7,617.55,115.302532,35.481522,179.41,0.00312324
2002,149,8,705.77,115.302046,35.480983,164.46,0.00323809
2002,15,0,0.00,115.337349,35.533804,1001.69,-0.00336310
2002,15,1,99.29,115.338288,35.534074,717.63,-0.00585755
2002,15,2,198.57,115.339230,35.533810,134.55,-0.00657164
2002,15,3,297.86,115.339505,35.532996,373.76,-0.00479129
2002,150,0,0.00,115.409574,35.628397,493.37,-0.00204617
2002,150,1,79.10,115.409574,35.629110,508.32,-0.00210976
2002,150,2,158.20,115.409843,35.629744,583.07,-0.00217335
2002,151,0,0.00,115.409574,35.628397,837.23,-0.00000000
2002,151,1,99.06,115.410265,35.627705,807.33,0.00000000
2002,151,2,198.12,115.410957,35.627014,687.72,0.00104439
2002,151,3,297.18,115.411649,35.626322,792.38,0.00220227
2002,151,4,396.23,115.412538,35.625971,583.07,0.00231575
2002,152,0,0.00,115.302046,35.480983,209.31,0.00147555
2002,152,1,85.49,115.301153,35.480899,164.46,0.00125806
2002,152,2,170.97,115.300358,35.480644,164.46,0.00156947
2002,152,3,256.46,115.299532,35.480444,149.51,0.00279484
2002,152,4,341.94,115.298869,35.479963,164.46,0.00219648
2002,152,5,427.43,115.298273,35.479366,209.31,0.00090166
2002,153,0,0.00,115.302046,35.480983,702.67,-0.00000000
2002,153,1,38.63,115.302315,35.480714,523.27,-0.00000000
2002,153,2,77.26,115.302585,35.480444,598.02,-0.00000000
2002,154,0,0.00,115.410113,35.629475,612.97,0.00000000
2002,154,1,19.30,115.409978,35.629610,642.87,0.00000000
2002,154,2,38.60,115.409843,35.629744,657.82,0.00000000
2002,155,0,0.00,115.409843,35.629744,657.82,-0.00000000
2002,155,1,83.45,115.409574,35.630418,538.22,-0.00000000
2002,155,2,166.90,115.409304,35.631092,553.17,-0.00000000
2002,156,0,0.00,115.410113,35.629475,1121.29,-0.00000000
2002,156,1,90.83,115.410959,35.629744,1136.24,-0.00107504
2002,156,2,181.66,115.411805,35.630014,1330.60,-0.00204760
2002,156,3,272.49,115.412808,35.630014,672.77,-0.00194514
2002,157,0,0.00,115.410113,35.629475,612.97,0.00000000
2002,157,1,77.20,115.410652,35.628936,837.23,0.00000000
2002,157,2,154.40,115.411191,35.628397,807.33,0.00000000
2002,157,3,231.60,115.411730,35.627858,672.77,0.00000000
2002,158,0,0.00,115.412538,35.625971,523.27,0.00000000
2002,158,1,59.80,115.412538,35.626510,478.42,0.00000000
2002,158,2,119.60,115.412538,35.627049,448.52,0.00000000
2002,159,0,0.00,115.412538,35.625971,523.27,-0.00000000
2002,159,1,19.30,115.412673,35.625837,523.27,-0.00000000
2002,159,2,38.60,115.412808,35.625702,568.12,-0.00000000
2002,16,0,0.00,115.337349,35.533804,239.21,0.00275168
2002,16,1,87.83,115.337545,35.533070,209.31,0.00268118
2002,16,2,175.66,115.338158,35.532457,299.01,0.00261068
2002,160,0,0.00,115.298273,35.479366,224.26,0.00410320
2002,160,1,74.87,115.297553,35.479185,194.36,0.00573049
2002,160,2,149.73,115.297030,35.478663,254.16,0.00556087
2002,160,3,224.60,115.296925,35.478019,358.81,0.00376396
2002,161,0,0.00,115.298273,35.479366,1480.10,-0.00347831
2002,161,1,53.58,115.298646,35.478993,971.78,-0.00358553
2002,161,2,107.16,115.298812,35.478558,627.92,-0.00369275
2002,162,0,0.00,115.409304,35.631092,1794.06,0.00000000
2002,162,1,73.23,115.408496,35.631092,1794.06,0.00000000
2002,162,2,146.47,115.407687,35.631092,1794.06,0.00000000
2002,162,3,219.70,115.406879,35.631092,403.66,0.00000000
2002,163,0,0.00,115.409304,35.631092,568.12,0.00217328
2002,163,1,79.10,115.409574,35.631726,508.32,0.00210969
2002,163,2,158.20,115.409574,35.632439,672.77,0.00204610
2002,164,0,0.00,115.412808,35.630014,568.12,0.00022421
2002,164,1,86.35,115.413077,35.630714,642.87,0.00271899
2002,164,2,172.70,115.413306,35.631402,523.27,0.00327690
2002,164,3,259.05,115.412808,35.632035,568.12,0.00059030
2002,164,4,345.41,115.412808,35.632813,777.43,0.00194205
2002,164,5,431.76,115.412333,35.633453,852.18,0.00241870
2002,164,6,518.11,115.411730,35.634056,971.78,0.00079387
2002,165,0,0.00,115.412808,35.630014,538.22,0.00217278
2002,165,1,81.37,115.412808,35.629437,553.17,0.00000000
2002,165,2,162.74,115.413077,35.628782,493.37,-0.00307788
2002,165,3,244.11,115.412808,35.628127,627.92,-0.00398297
2002,166,0,0.00,115.411730,35.627858,792.38,-0.00580472
2002,166,1,55.92,115.412191,35.628127,1091.39,-0.00555929
2002,166,2,111.84,115.412808,35.628127,463.47,-0.00531385
2002,167,0,0.00,115.411730,35.627858,672.77,-0.00000000
2002,167,1,57.90,115.412134,35.627454,732.58,-0.00000000
2002,167,2,115.80,115.412538,35.627049,672.77,-0.00000000
2002,169,0,0.00,115.412538,35.627049,777.43,0.00663457
2002,169,1,72.85,115.413047,35.627558,583.07,0.00696631
2002,169,2,145.70,115.412808,35.628127,627.92,0.00729805
2002,17,0,0.00,115.349746,35.562101,328.91,0.00127342
2002,17,1,95.22,115.350609,35.562425,373.76,0.00063671
2002,17,2,190.44,115.351372,35.562919,313.96,0.00062036
2002,17,3,285.66,115.352235,35.563242,313.96,0.00120875
2002,17,4,380.89,115.352899,35.563907,313.96,-0.00000000
2002,17,5,476.11,115.353663,35.564401,358.81,-0.00078228
2002,17,6,571.33,115.354426,35.564895,328.91,-0.00003258
2002,17,7,666.55,115.355221,35.565335,343.86,0.00038452
2002,17,8,761.77,115.355959,35.565874,328.91,-0.00055393
2002,17,9,856.99,115.356717,35.566377,328.91,-0.00019063
2002,17,10,952.21,115.357580,35.566701,358.81,0.00172037
2002,17,11,1047.44,115.358244,35.567366,358.81,0.00113386
2002,17,12,1142.66,115.358909,35.568030,403.66,0.00000000
2002,170,0,0.00,115.296656,35.477749,269.11,-0.00000000
2002,170,1,19.31,115.296790,35.477884,299.01,-0.00000000
2002,170,2,38.63,115.296925,35.478019,254.16,-0.00000000
2002,171,0,0.00,115.296656,35.477749,388.71,-0.00327684
2002,171,1,89.44,115.296656,35.476943,388.71,-0.00519364
2002,171,2,178.89,115.296159,35.476402,209.31,-0.00714238
2002,171,3,268.33,115.295329,35.476132,418.61,-0.00570079
2002,171,4,357.78,115.294500,35.476402,717.63,-0.00422727
2002,172,0,0.00,115.296925,35.478019,1794.06,0.01066873
2002,172,1,31.54,115.297145,35.477799,583.07,0.01106284
2002,172,2,63.09,115.297464,35.477749,284.06,0.01145696
2002,173,0,0.00,115.296656,35.477749,433.57,0.00602868
2002,173,1,81.58,115.295913,35.478019,299.01,0.00704201
2002,173,2,163.16,115.295221,35.477662,224.26,0.00648852
2002,173,3,244.74,115.294652,35.477093,254.16,0.00405327
2002,173,4,326.32,115.294500,35.476402,328.91,0.00318484
2002,174,0,0.00,115.406879,35.631092,941.88,0.00000000
2002,174,1,19.30,115.406744,35.631227,792.38,0.00000000
2002,174,2,38.60,115.406609,35.631361,807.33,0.00000000
2002,175,0,0.00,115.406879,35.631092,627.92,-0.00516422
2002,175,1,77.96,115.406543,35.630487,627.92,-0.00527060
2002,175,2,155.92,115.405801,35.630283,538.22,-0.00537697
2002,176,0,0.00,115.409574,35.632439,1794.06,0.00000000
2002,176,1,88.99,115.408592,35.632439,1794.06,-0.00101465
2002,176,2,177.97,115.407609,35.632439,1210.99,-0.00101465
2002,176,3,266.96,115.406783,35.632709,642.87,0.00101465
2002,176,4,355.94,115.405801,35.632709,493.37,0.00202930
2002,177,0,0.00,115.409574,35.632439,493.37,0.00220928
2002,177,1,78.47,115.409843,35.633068,627.92,-0.00000000
2002,177,2,156.94,115.409843,35.633775,657.82,-0.00325728
2002,177,3,235.40,115.410382,35.634326,762.48,-0.00430528
2002,178,0,0.00,115.411730,35.634056,1794.06,-0.00352690
2002,178,1,68.12,115.410978,35.634056,1091.39,-0.00371574
2002,178,2,136.24,115.410382,35.634326,807.33,-0.00390458
2002,179,0,0.00,115.411730,35.634056,777.43,0.00000000
2002,179,1,89.77,115.412357,35.634683,807.33,-0.00000000
2002,179,2,179.55,115.412983,35.635310,837.23,-0.00061492
2002,179,3,269.32,115.413610,35.635937,493.37,0.00000000
2002,179,4,359.09,115.414336,35.636393,657.82,0.00251842
2002,179,5,448.86,115.414754,35.637080,553.17,0.00320320
2002,179,6,538.64,115.414964,35.637829,508.32,0.00190964
2002,179,7,628.41,115.414964,35.638638,463.47,0.00121988
2002,18,0,0.00,115.339505,35.532996,418.61,-0.00000000
2002,18,1,19.31,115.339371,35.532861,388.71,-0.00000000
2002,18,2,38.62,115.339236,35.532726,388.71,-0.00000000
2002,180,0,0.00,115.294500,35.476402,328.91,0.00217864
2002,180,1,97.06,115.293587,35.476132,328.91,0.00190979
2002,180,2,194.11,115.292849,35.475560,388.71,0.00116205
2002,180,3,291.17,115.292073,35.475053,313.96,0.00086656
2002,180,4,388.23,115.291396,35.474376,358.81,0.00052498
2002,180,5,485.28,115.290719,35.473699,388.71,-0.00000000
2002,180,6,582.34,115.290042,35.473022,358.81,-0.00046768
2002,180,7,679.39,115.289365,35.472345,358.81,-0.00022805
2002,180,8,776.45,115.288599,35.471821,388.71,0.00040983
2002,180,9,873.51,115.288032,35.471126,358.81,0.00046354
2002,180,10,970.56,115.287344,35.470594,388.71,0.00057667
2002,180,11,1067.62,115.286876,35.469856,403.66,-0.00015581
2002,180,12,1164.68,115.286199,35.469179,388.71,0.00004718
2002,180,13,1261.73,115.285646,35.468587,388.71,0.00047651
2002,180,14,1358.79,115.285163,35.467874,343.86,-0.00056600
2002,180,15,1455.84,115.284528,35.467184,358.81,-0.00010742
2002,180,16,1552.90,115.283919,35.466629,343.86,0.00106469
2002,180,17,1649.96,115.283450,35.465891,313.96,0.00006902
2002,180,18,1747.01,115.282982,35.465153,313.96,-0.00106469
2002,180,19,1844.07,115.282304,35.464476,313.96,0.00000103
2002,180,20,1941.13,115.281627,35.463799,284.06,0.00051882
2002,180,21,2038.18,115.281159,35.463061,269.11,-0.00016829
2002,180,22,2135.24,115.280482,35.462384,254.16,-0.00109216
2002,180,23,2232.30,115.279947,35.461665,269.11,-0.00237171
2002,180,24,2329.35,115.279139,35.461310,284.06,-0.00289567
2002,181,0,0.00,115.405801,35.630283,762.48,-0.00646199
2002,181,1,53.55,115.405636,35.630657,642.87,-0.00603914
2002,181,2,107.10,115.405801,35.631092,627.92,-0.00561630
2002,182,0,0.00,115.405801,35.630283,672.77,0.00930774
2002,182,1,53.55,115.405531,35.629879,538.22,0.00930774
2002,182,2,107.10,115.405801,35.629475,792.38,0.00930774
2002,183,0,0.00,115.410382,35.634326,657.82,0.00000000
2002,183,1,29.90,115.410382,35.634595,657.82,0.00000000
2002,183,2,59.80,115.410382,35.634865,657.82,0.00000000
2002,184,0,0.00,115.414964,35.638638,1136.24,0.00000000
2002,184,1,36.61,115.414560,35.638638,1435.25,0.00000000
2002,184,2,73.23,115.414155,35.638638,523.27,0.00000000
2002,185,0,0.00,115.414964,35.638638,493.37,0.00930713
2002,185,1,53.55,115.415233,35.639042,493.37,0.00930713
2002,185,2,107.10,115.414964,35.639446,553.17,0.00930713
2002,186,0,0.00,115.279139,35.461310,867.13,-0.00347839
2002,186,1,53.58,115.278765,35.461684,627.92,-0.00358564
2002,186,2,107.16,115.278600,35.462119,463.47,-0.00369290
2002,187,0,0.00,115.279139,35.461310,239.21,-0.01066705
2002,187,1,31.55,115.278918,35.461090,269.11,-0.01106092
2002,187,2,63.10,115.278600,35.461041,388.71,-0.01145479
2002,188,0,0.00,115.405801,35.629475,478.42,0.00000000
2002,188,1,24.41,115.406070,35.629475,284.06,0.00000000
2002,188,2,48.82,115.406340,35.629475,343.86,0.00000000
2002,189,0,0.00,115.405801,35.629475,493.37,0.00164264
2002,189,1,90.68,115.405531,35.628736,478.42,0.00207192
2002,189,2,181.37,115.405531,35.627919,493.37,0.00060853
2002,189,3,272.05,115.405693,35.627211,448.52,-0.00173975
2002,189,4,362.73,115.405478,35.626457,418.61,-0.00109769
2002,189,5,453.41,115.405262,35.625702,388.71,-0.00000000
2002,19,0,0.00,115.339236,35.532726,777.43,-0.00367932
2002,19,1,55.97,115.338746,35.532506,1794.06,-0.00357561
2002,19,2,111.94,115.338158,35.532457,1136.24,-0.00347190
2002,190,0,0.00,115.410382,35.634865,687.72,-0.00307286
2002,190,1,96.37,115.409610,35.635367,672.77,-0.00387685
2002,190,2,192.75,115.409304,35.636147,523.27,-0.00312088
2002,190,3,289.12,115.409304,35.637015,493.37,-0.00078046
2002,190,4,385.50,115.409304,35.637884,493.37,-0.00033782
2002,190,5,481.87,115.409304,35.638753,478.42,-0.00214791
2002,190,6,578.24,115.409440,35.639582,538.22,-0.00321409
2002,190,7,674.62,115.410113,35.640255,612.97,-0.00280800
2002,191,0,0.00,115.410382,35.634865,777.43,0.00000000
2002,191,1,92.15,115.411026,35.635508,807.33,0.00011728
2002,191,2,184.30,115.411669,35.636152,822.28,0.00118219
2002,191,3,276.45,115.412269,35.636808,717.63,0.00205347
2002,191,4,368.60,115.412538,35.637560,523.27,0.00197713
2002,192,0,0.00,115.414964,35.639446,1225.94,0.00000000
2002,192,1,36.61,115.414560,35.639446,1524.95,0.00000000
2002,192,2,73.23,115.414155,35.639446,553.17,0.00000000
2002,193,0,0.00,115.414964,35.639446,448.52,0.00539980
2002,193,1,49.20,115.414964,35.639890,463.47,0.00551174
2002,193,2,98.40,115.414694,35.640255,538.22,0.00562367
2002,194,0,0.00,115.278600,35.461041,313.96,0.00097409
2002,194,1,79.40,115.277881,35.460771,299.01,0.00433653
2002,194,2,158.81,115.277252,35.460428,179.41,0.00879618
2002,194,3,238.21,115.277252,35.459713,433.57,0.00705808
2002,194,4,317.62,115.277791,35.459154,762.48,0.00422278
2002,195,0,0.00,115.278600,35.461041,867.13,-0.00000000
2002,195,1,38.63,115.278330,35.461310,1031.59,-0.00000000
2002,195,2,77.26,115.278061,35.461580,837.23,-0.00000000
2002,196,0,0.00,115.278600,35.461041,418.61,-0.00382193
2002,196,1,89.56,115.278869,35.460312,209.31,-0.00527450
2002,196,2,179.13,115.278515,35.459608,179.41,-0.00484586
2002,196,3,268.69,115.277791,35.459154,269.11,-0.00296466
2002,197,0,0.00,115.410113,35.640255,777.43,0.00113449
2002,197,1,96.87,115.410888,35.640761,642.87,-0.00059806
2002,197,2,193.75,115.411565,35.641437,702.67,-0.00299027
2002,197,3,290.62,115.412538,35.641602,418.61,-0.00364992
2002,198,0,0.00,115.410113,35.640255,941.88,-0.00345743
2002,198,1,85.62,115.409515,35.640852,612.97,-0.00419742
2002,198,2,171.25,115.409483,35.641511,523.27,-0.00344751
2002,198,3,256.87,115.409574,35.642256,523.27,-0.00159440
2002,198,4,342.50,115.409843,35.642950,269.11,-0.00123119
2002,199,0,0.00,115.410113,35.640255,941.88,0.00000000
2002,199,1,98.20,115.410799,35.639569,672.77,0.00051194
2002,199,2,196.40,115.411484,35.638883,672.77,0.00106328
2002,199,3,294.60,115.412269,35.638368,583.07,0.00110267
2002,2,0,0.00,115.334385,35.543506,269.11,-0.00201463
2002,2,1,86.58,115.334242,35.544171,254.16,-0.00145201
2002,2,2,173.17,115.334385,35.544910,179.41,0.00000000
2002,2,3,259.75,115.334385,35.545690,179.41,0.00044470
2002,2,4,346.34,115.334385,35.546471,134.55,0.00000000
2002,20,0,0.00,115.339505,35.532996,328.91,-0.00277209
2002,20,1,80.41,115.340236,35.533265,179.41,-0.00263673
2002,20,2,160.82,115.341122,35.533265,403.66,-0.00250136
2002,200,0,0.00,115.412538,35.637560,1091.39,0.00152068
2002,200,1,87.42,115.413446,35.637461,642.87,0.00172943
2002,200,2,174.84,115.414155,35.637560,538.22,0.00193819
2002,201,0,0.00,115.412538,35.637560,612.97,-0.00562378
2002,201,1,49.20,115.412269,35.637925,313.96,-0.00551184
2002,201,2,98.40,115.412269,35.638368,523.27,-0.00539991
2002,202,0,0.00,115.414694,35.640255,343.86,-0.00366994
2002,202,1,92.53,115.413850,35.639949,717.63,-0.00806609
2002,202,2,185.06,115.413347,35.640169,508.32,-0.00657354
2002,202,3,277.58,115.413184,35.640956,598.02,0.00102439
2002,202,4,370.11,115.412538,35.641602,926.93,0.00273362
2002,203,0,0.00,115.414694,35.640255,523.27,0.00185159
2002,203,1,85.53,115.414964,35.640947,523.27,0.00092579
2002,203,2,171.07,115.414964,35.641718,523.27,-0.00092579
2002,203,3,256.60,115.415233,35.642411,373.76,-0.00185159
2002,205,0,0.00,115.277791,35.459154,269.11,-0.00052186
2002,205,1,99.69,115.277304,35.458398,254.16,0.00000000
2002,205,2,199.38,115.276713,35.457672,239.21,0.00000000
2002,205,3,299.07,115.276331,35.456885,239.21,-0.00100806
2002,205,4,398.76,115.275635,35.456190,239.21,-0.00149426
2002,206,0,0.00,115.412538,35.641602,523.27,-0.00000000
2002,206,1,68.50,115.412808,35.642141,269.11,-0.00000000
2002,206,2,137.00,115.413077,35.642680,224.26,-0.00000000
2002,208,0,0.00,115.409843,35.642950,1210.99,0.00352760
2002,208,1,68.11,115.410595,35.642950,1210.99,0.00371651
2002,208,2,136.23,115.411191,35.643219,299.01,0.00390541
2002,209,0,0.00,115.409843,35.642950,418.61,-0.00562346
2002,209,1,49.20,115.409574,35.643315,254.16,-0.00551153
2002,209,2,98.40,115.409574,35.643758,373.76,-0.00539961
2002,21,0,0.00,115.339236,35.532726,358.81,-0.00000000
2002,21,1,96.55,115.339910,35.532053,239.21,-0.00000000
2002,21,2,193.09,115.340583,35.531379,209.31,-0.00000000
2002,211,0,0.00,115.412269,35.638368,1151.19,0.00000000
2002,211,1,43.71,115.412673,35.638503,882.08,0.00000000
2002,211,2,87.42,115.413077,35.638638,358.81,0.00000000
2002,212,0,0.00,115.415233,35.642411,1510.00,0.00000000
2002,212,1,12.20,115.415368,35.642411,687.72,0.00000000
2002,212,2,24.41,115.415503,35.642411,687.72,0.00000000
2002,213,0,0.00,115.415233,35.642411,687.72,0.00000000
2002,213,1,38.60,115.414964,35.642680,702.67,0.00000000
2002,213,2,77.20,115.414694,35.642950,732.58,0.00000000
2002,214,0,0.00,115.415503,35.642411,328.91,-0.01068540
2002,214,1,31.50,115.415723,35.642631,612.97,-0.01108190
2002,214,2,63.01,115.416042,35.642680,568.12,-0.01147840
2002,215,0,0.00,115.415503,35.642411,672.77,0.01068536
2002,215,1,31.50,115.415723,35.642191,403.66,0.01108186
2002,215,2,63.01,115.416042,35.642141,687.72,0.01147835
2002,216,0,0.00,115.275635,35.456190,254.16,-0.00045990
2002,216,1,70.15,115.275366,35.455636,224.26,-0.00467085
2002,216,2,140.31,115.275060,35.455112,239.21,-0.00826388
2002,216,3,210.46,115.274288,35.455112,388.71,-0.00764597
2002,217,0,0.00,115.275635,35.456190,777.43,0.00721672
2002,217,1,82.95,115.275034,35.456729,702.67,0.01013846
2002,217,2,165.90,115.274280,35.456452,179.41,0.01089501
2002,217,3,248.85,115.274018,35.455781,254.16,0.00625684
2002,217,4,331.80,115.274288,35.455112,448.52,0.00378387
2002,218,0,0.00,115.413077,35.642680,1151.19,0.00250764
2002,218,1,80.32,115.413964,35.642680,478.42,0.00264358
2002,218,2,160.64,115.414694,35.642950,343.86,0.00277953
2002,219,0,0.00,115.413077,35.642680,792.38,-0.00332533
2002,219,1,64.15,115.412808,35.643180,284.06,-0.00323167
2002,219,2,128.30,115.412808,35.643758,373.76,-0.00313802
2002,22,0,0.00,115.338158,35.532457,299.01,0.00000000
2002,22,1,89.70,115.338158,35.531648,209.31,0.00000000
2002,22,2,179.40,115.338158,35.530840,254.16,0.00000000
2002,220,0,0.00,115.409574,35.643758,433.57,-0.00270602
2002,220,1,91.33,115.408936,35.644396,687.72,-0.00403799
2002,220,2,182.66,115.408765,35.645169,254.16,-0.00396701
2002,220,3,274.00,115.409035,35.645914,269.11,-0.00256406
2002,221,0,0.00,115.409574,35.643758,299.01,-0.00000000
2002,221,1,57.90,115.409978,35.644162,269.11,-0.00000000
2002,221,2,115.79,115.410382,35.644567,328.91,-0.00000000
2002,222,0,0.00,115.414694,35.642950,328.91,0.00168393
2002,222,1,73.74,115.414694,35.643614,254.16,0.00410903
2002,222,2,147.47,115.414500,35.644222,852.18,0.00572640
2002,222,3,221.21,115.413886,35.644567,1121.29,0.00491869
2002,224,0,0.00,115.274288,35.455112,523.27,0.00216245
2002,224,1,69.63,115.274565,35.454565,702.67,0.00313660
2002,224,2,139.27,115.275051,35.454079,1136.24,0.00319164
2002,224,3,208.90,115.275635,35.453764,29.90,0.00227253
2002,225,0,0.00,115.274288,35.455112,269.11,-0.00000000
2002,225,1,38.63,115.274018,35.454842,299.01,-0.00000000
2002,225,2,77.27,115.273749,35.454573,239.21,-0.00000000
2002,226,0,0.00,115.412808,35.643758,1749.21,-0.00142243
2002,226,1,87.41,115.411900,35.643857,777.43,-0.00221389
2002,226,2,174.83,115.411092,35.644127,747.53,-0.00224442
2002,226,3,262.24,115.410382,35.644567,1270.79,-0.00148349
2002,227,0,0.00,115.412808,35.643758,418.61,-0.00204137
2002,227,1,70.10,115.413297,35.644248,493.37,-0.00213970
2002,227,2,140.20,115.413886,35.644567,612.97,-0.00223803
2002,228,0,0.00,115.409035,35.645914,911.98,0.00000000
2002,228,1,36.61,115.409439,35.645914,777.43,0.00000000
2002,228,2,73.22,115.409843,35.645914,867.13,0.00000000
2002,229,0,0.00,115.409035,35.645914,388.71,-0.00678584
2002,229,1,85.05,115.408881,35.646569,463.47,-0.00657151
2002,229,2,170.10,115.409574,35.646992,269.11,-0.00635718
2002,231,0,0.00,115.410382,35.644567,284.06,0.00000000
2002,231,1,44.85,115.410382,35.644971,284.06,0.00000000
2002,231,2,89.70,115.410382,35.645375,508.32,0.00000000
2002,232,0,0.00,115.413886,35.644567,269.11,0.00000000
2002,232,1,69.77,115.413886,35.645195,239.21,0.00000000
2002,232,2,139.54,115.413886,35.645824,463.47,0.00000000
2002,232,3,209.31,115.413886,35.646453,343.86,0.00000000
2002,234,0,0.00,115.273749,35.454573,254.16,-0.00392070
2002,234,1,84.84,115.273749,35.453808,254.16,-0.00537895
2002,234,2,169.69,115.273180,35.453225,254.16,-0.00493801
2002,234,3,254.53,115.272401,35.452956,343.86,-0.00303883
2002,235,0,0.00,115.273749,35.454573,478.42,0.00000000
2002,235,1,48.93,115.273210,35.454573,343.86,0.00000000
2002,235,2,97.86,115.272671,35.454573,403.66,0.00000000
2002,236,0,0.00,115.409843,35.645914,478.42,0.00313790
2002,236,1,64.15,115.409843,35.646492,358.81,0.00323155
2002,236,2,128.30,115.409574,35.646992,269.11,0.00332520
2002,237,0,0.00,115.409843,35.645914,358.81,0.00000000
2002,237,1,38.60,115.410113,35.645645,553.17,0.00000000
2002,237,2,77.20,115.410382,35.645375,867.13,0.00000000
2002,238,0,0.00,115.409574,35.646992,313.96,-0.00141083
2002,238,1,93.48,115.409574,35.647835,284.06,-0.00149924
2002,238,2,186.96,115.409835,35.648601,269.11,-0.00295618
2002,238,3,280.43,115.410113,35.649363,313.96,-0.00446025
2002,238,4,373.91,115.410921,35.649687,612.97,-0.00459577
2002,24,0,0.00,115.358909,35.568030,448.52,0.00434677
2002,24,1,69.59,115.359494,35.568345,388.71,0.00319278
2002,24,2,139.19,115.359771,35.568892,403.66,0.00000000
2002,24,3,208.78,115.360256,35.569378,358.81,-0.00203879
2002,240,0,0.00,115.410382,35.645375,508.32,-0.00000000
2002,240,1,93.51,115.411258,35.645645,403.66,0.00049572
2002,240,2,187.03,115.412134,35.645914,433.57,0.00000000
2002,240,3,280.54,115.412936,35.646311,418.61,-0.00145706
2002,240,4,374.05,115.413886,35.646453,1599.71,-0.00192268
2002,243,0,0.00,115.413886,35.646453,313.96,0.00205840
2002,243,1,81.22,115.414155,35.647107,299.01,0.00199833
2002,243,2,162.44,115.414155,35.647839,239.21,0.00096914
2002,243,3,243.66,115.414155,35.648571,224.26,0.00096914
2002,243,4,324.88,115.414155,35.649303,254.16,0.00199833
2002,243,5,406.11,115.413886,35.649956,448.52,0.00205840
2002,244,0,0.00,115.272401,35.452956,313.96,-0.00217190
2002,244,1,98.90,115.272128,35.452144,299.01,-0.00211067
2002,244,2,197.80,115.271439,35.451454,299.01,-0.00102471
2002,244,3,296.70,115.270749,35.450764,313.96,0.00012780
2002,244,4,395.60,115.270059,35.450075,299.01,0.00000000
2002,244,5,494.50,115.269503,35.449452,328.91,0.00025371
2002,244,6,593.40,115.268789,35.448805,343.86,-0.00000000
2002,244,7,692.30,115.268308,35.448054,373.76,-0.00088679
2002,244,8,791.20,115.267519,35.447535,418.61,-0.00018351
2002,244,9,890.10,115.266829,35.446845,343.86,0.00010272
2002,244,10,989.00,115.266102,35.446219,373.76,-0.00015621
2002,244,11,1087.90,115.265394,35.445623,358.81,-0.00025754
2002,244,12,1186.80,115.264770,35.445056,388.71,-0.00070949
2002,244,13,1285.70,115.263982,35.444536,388.71,-0.00038910
2002,244,14,1384.60,115.263193,35.444017,418.61,0.00054392
2002,244,15,1483.50,115.262404,35.443498,403.66,0.00004587
2002,244,16,1582.40,115.261714,35.442808,418.61,-0.00054392
2002,244,17,1681.30,115.260835,35.442446,418.61,0.00008334
2002,244,18,1780.20,115.260137,35.441770,388.71,0.00049835
2002,244,19,1879.10,115.259281,35.441368,418.61,0.00018645
2002,244,20,1978.00,115.258768,35.440670,373.76,-0.00049835
2002,244,21,2076.90,115.257881,35.440322,343.86,0.00073355
2002,244,22,2175.80,115.257191,35.439632,358.81,0.00104921
2002,244,23,2274.70,115.256501,35.438942,403.66,0.00000000
2002,245,0,0.00,115.272401,35.452956,1285.75,0.00000000
2002,245,1,38.63,115.272132,35.453225,1121.29,0.00000000
2002,245,2,77.27,115.271862,35.453495,612.97,0.00000000
2002,246,0,0.00,115.410921,35.649687,358.81,-0.00357733
2002,246,1,92.44,115.411149,35.650454,358.81,-0.00400454
2002,246,2,184.89,115.411894,35.650929,433.57,-0.00302737
2002,246,3,277.33,115.412697,35.651304,657.82,-0.00320434
2002,246,4,369.77,115.413561,35.651573,1091.39,-0.00436696
2002,246,5,462.22,115.414425,35.651304,403.66,-0.00394825
2002,247,0,0.00,115.410921,35.649687,1121.29,-0.00000000
2002,247,1,19.30,115.411056,35.649552,747.53,-0.00000000
2002,247,2,38.60,115.411191,35.649417,717.63,-0.00000000
2002,248,0,0.00,115.413886,35.649956,911.98,0.00113533
2002,248,1,99.61,115.412893,35.649772,1046.54,0.00114932
2002,248,2,199.22,115.411999,35.649417,583.07,0.00116331
2002,249,0,0.00,115.413886,35.649956,493.37,0.00152573
2002,249,1,83.45,115.414260,35.650600,448.52,0.00152061
2002,249,2,166.90,115.414425,35.651304,478.42,0.00151548
2002,25,0,0.00,115.358909,35.568030,1719.31,-0.00049432
2002,25,1,82.46,115.358333,35.568606,1569.81,-0.00000000
2002,25,2,164.93,115.357831,35.569203,388.71,0.00082710
2002,25,3,247.39,115.357292,35.569647,59.80,0.00115988
2002,250,0,0.00,115.256501,35.438942,313.96,0.00001369
2002,250,1,87.69,115.255691,35.438673,373.76,0.00118341
2002,250,2,175.38,115.254882,35.438402,388.71,0.00149051
2002,250,3,263.06,115.254228,35.437864,358.81,0.00197737
2002,250,4,350.75,115.253462,35.437520,388.71,0.00403833
2002,250,5,438.44,115.253267,35.436786,508.32,0.00474983
2002,251,0,0.00,115.256501,35.438942,1794.06,-0.00347849
2002,251,1,53.59,115.256875,35.438568,1554.85,-0.00358580
2002,251,2,107.17,115.257040,35.438134,777.43,-0.00369311
2002,253,0,0.00,115.414425,35.651304,418.61,-0.00000000
2002,253,1,98.58,115.415113,35.651992,358.81,0.00000000
2002,253,2,197.17,115.415802,35.652681,299.01,0.00000000
2002,253,3,295.75,115.416490,35.653369,299.01,-0.00050782
2002,253,4,394.34,115.417178,35.654057,194.36,-0.00105460
2002,253,5,492.92,115.417966,35.654575,179.41,-0.00112323
2002,253,6,591.50,115.418753,35.655093,164.46,-0.00116928
2002,253,7,690.09,115.419640,35.655441,179.41,-0.00146152
2002,253,8,788.67,115.420526,35.655788,164.46,-0.00117176
2002,253,9,887.26,115.421559,35.655885,239.21,-0.00058096
2002,253,10,985.84,115.422498,35.656143,209.31,-0.00106490
2002,253,11,1084.42,115.423579,35.656155,179.41,0.00000000
2002,253,12,1183.01,115.424668,35.656155,239.21,0.00078702
2002,253,13,1281.59,115.425600,35.656424,269.11,-0.00054943
2002,253,14,1380.18,115.426689,35.656424,299.01,-0.00000000
2002,253,15,1478.76,115.427723,35.656517,313.96,0.00025443
2002,253,16,1577.34,115.428709,35.656694,328.91,-0.00082155
2002,253,17,1675.93,115.429798,35.656694,358.81,0.00029500
2002,253,18,1774.51,115.430887,35.656694,388.71,-0.00000000
2002,253,19,1873.10,115.431818,35.656963,418.61,-0.00254856
2002,253,20,1971.68,115.432750,35.656694,493.37,-0.00345401
2002,254,0,0.00,115.253267,35.436786,418.61,0.00233554
2002,254,1,90.93,115.252336,35.436664,358.81,0.00274273
2002,254,2,181.86,115.251576,35.436247,373.76,0.00175683
2002,254,3,272.79,115.250870,35.435737,328.91,0.00064872
2002,254,4,363.72,115.250137,35.435273,313.96,-0.00086572
2002,254,5,454.65,115.249503,35.434639,134.55,-0.00077608
2002,254,6,545.58,115.248572,35.434517,313.96,0.00314939
2002,254,7,636.51,115.248147,35.433822,313.96,0.00518580
2002,255,0,0.00,115.253267,35.436786,1450.20,0.00000000
2002,255,1,38.64,115.253537,35.436517,1510.00,0.00000000
2002,255,2,77.27,115.253806,35.436247,867.13,0.00000000
2002,256,0,0.00,115.432750,35.656694,1794.06,-0.00539885
2002,256,1,49.20,115.432750,35.657137,1121.29,-0.00551074
2002,256,2,98.40,115.433020,35.657502,732.58,-0.00562264
2002,257,0,0.00,115.432750,35.656694,538.22,0.00238688
2002,257,1,86.41,115.433548,35.656424,508.32,0.00227158
2002,257,2,172.82,115.434502,35.656424,299.01,0.00215627
2002,257,3,259.22,115.435456,35.656424,448.52,0.00227158
2002,257,4,345.63,115.436254,35.656694,313.96,0.00238688
2002,258,0,0.00,115.248147,35.433822,493.37,0.00441622
2002,258,1,87.58,115.247338,35.434091,269.11,0.00441622
2002,258,2,175.16,115.246530,35.433822,134.55,0.00441622
2002,259,0,0.00,115.248147,35.433822,911.98,-0.00378953
2002,259,1,83.49,115.248416,35.433148,358.81,-0.00378953
2002,259,2,166.98,115.248147,35.432474,209.31,-0.00378953
2002,26,0,0.00,115.341122,35.533265,299.01,0.00204012
2002,26,1,70.15,115.341612,35.532776,269.11,0.00213827
2002,26,2,140.30,115.342200,35.532457,239.21,0.00223641
2002,260,0,0.00,115.433020,35.657502,1001.69,-0.00275995
2002,260,1,99.46,115.432750,35.658320,612.97,-0.00777272
2002,260,2,198.93,115.433043,35.659119,418.61,-0.01135289
2002,260,3,298.39,115.433828,35.658580,612.97,-0.00992030
2002,261,0,0.00,115.433020,35.657502,612.97,0.00185647
2002,261,1,72.84,115.433529,35.658011,493.37,0.00191199
2002,261,2,145.69,115.433828,35.658580,657.82,0.00196752
2002,262,0,0.00,115.436254,35.656694,388.71,0.00167285
2002,262,1,89.46,115.437176,35.656580,373.76,0.00188752
2002,262,2,178.91,115.437916,35.656694,299.01,0.00211361
2002,262,3,268.37,115.438821,35.656836,403.66,0.00046779
2002,262,4,357.83,115.439579,35.657233,358.81,-0.00211361
2002,262,5,447.29,115.440567,35.657233,358.81,-0.00151888
2002,262,6,536.74,115.441554,35.657233,388.71,0.00000000
2002,262,7,626.20,115.442542,35.657233,388.71,0.00000000
2002,262,8,715.66,115.443530,35.657233,388.71,0.00000000
2002,263,0,0.00,115.436254,35.656694,1121.29,0.00000000
2002,263,1,68.50,115.435984,35.657233,1016.64,0.00000000
2002,263,2,136.99,115.435715,35.657772,732.58,0.00000000
2002,263,3,205.49,115.435445,35.658311,986.73,0.00000000
2002,264,0,0.00,115.246530,35.433822,388.71,0.00784849
2002,264,1,61.45,115.246518,35.434372,897.03,0.00825834
2002,264,2,122.91,115.245991,35.434630,717.63,0.00866820
2002,265,0,0.00,115.246530,35.433822,134.55,-0.00000000
2002,265,1,77.28,115.245991,35.433283,239.21,-0.00000000
2002,265,2,154.55,115.245452,35.432744,149.51,0.00000000
2002,265,3,231.83,115.244913,35.432205,74.75,0.00000000
2002,266,0,0.00,115.246530,35.433822,882.08,-0.00172048
2002,266,1,87.86,115.247069,35.433187,971.78,-0.00175094
2002,266,2,175.71,115.247338,35.432474,328.91,-0.00178140
2002,268,0,0.00,115.433828,35.658580,478.42,0.01148050
2002,268,1,31.50,115.434147,35.658630,358.81,0.01108376
2002,268,2,63.00,115.434367,35.658850,687.72,0.01068703
2002,269,0,0.00,115.443530,35.657233,1734.26,-0.00313752
2002,269,1,64.15,115.443530,35.657811,1151.19,-0.00323113
2002,269,2,128.30,115.443800,35.658311,657.82,-0.00332475
2002,27,0,0.00,115.341122,35.533265,343.86,-0.00196783
2002,27,1,72.88,115.341422,35.533835,328.91,-0.00191219
2002,27,2,145.76,115.341931,35.534343,299.01,-0.00185654
2002,270,0,0.00,115.443530,35.657233,403.66,0.00285675
2002,270,1,79.27,115.444249,35.656963,328.91,0.00543364
2002,270,2,158.54,115.445124,35.656963,418.61,0.00674969
2002,270,3,237.80,115.445686,35.657502,508.32,0.00548885
2002,271,0,0.00,115.435445,35.658311,583.07,-0.00000000
2002,271,1,63.00,115.434906,35.658580,343.86,-0.00000000
2002,271,2,126.00,115.434367,35.658850,523.27,-0.00000000
2002,272,0,0.00,115.435445,35.658311,687.72,-0.00070040
2002,272,1,85.04,115.435984,35.658921,418.61,-0.00076017
2002,272,2,170.09,115.436523,35.659389,508.32,-0.00081993
2002,273,0,0.00,115.244913,35.432205,269.11,0.00369317
2002,273,1,53.59,115.245078,35.431770,911.98,0.00358584
2002,273,2,107.18,115.245452,35.431396,837.23,0.00347851
2002,274,0,0.00,115.244913,35.432205,74.75,0.00251625
2002,274,1,95.22,115.244051,35.431882,239.21,0.00239317
2002,274,2,190.43,115.243387,35.431218,239.21,0.00062736
2002,274,3,285.65,115.242723,35.430554,224.26,-0.00054605
2002,274,4,380.87,115.241966,35.430049,209.31,-0.00030816
2002,274,5,476.09,115.241296,35.429396,224.26,-0.00120993
2002,274,6,571.30,115.240493,35.428971,239.21,-0.00096862
2002,274,7,666.52,115.239671,35.428580,224.26,0.00051312
2002,274,8,761.74,115.238864,35.428162,239.21,0.00030698
2002,274,9,856.95,115.238128,35.427623,239.21,0.00075495
2002,274,10,952.17,115.237283,35.427271,239.21,0.00258501
2002,274,11,1047.39,115.236828,35.426545,313.96,0.00319089
2002,275,0,0.00,115.434367,35.658850,568.12,-0.00956534
2002,275,1,46.45,115.434483,35.659235,612.97,-0.00981205
2002,275,2,92.90,115.434906,35.659389,313.96,-0.01005876
2002,277,0,0.00,115.445686,35.657502,1539.90,0.00000000
2002,277,1,44.85,115.445686,35.657907,1524.95,0.00000000
2002,277,2,89.70,115.445686,35.658311,702.67,0.00000000
2002,278,0,0.00,115.445686,35.657502,403.66,0.00872504
2002,278,1,63.00,115.446225,35.657233,358.81,0.00872504
2002,278,2,126.00,115.446764,35.657502,328.91,0.00872504
2002,279,0,0.00,115.236828,35.426545,269.11,0.00325847
2002,279,1,95.94,115.235772,35.426545,239.21,0.00344600
2002,279,2,191.87,115.234996,35.426061,254.16,0.00186478
2002,279,3,287.81,115.234228,35.425562,254.16,0.00004802
2002,279,4,383.75,115.233460,35.425064,299.01,0.00000000
2002,279,5,479.69,115.232692,35.424565,284.06,-0.00004345
2002,279,6,575.62,115.231924,35.424067,269.11,-0.00061122
2002,279,7,671.56,115.231149,35.423581,299.01,-0.00052268
2002,279,8,767.50,115.230289,35.423241,299.01,0.00119103
2002,279,9,863.44,115.229521,35.422742,328.91,0.00114593
2002,279,10,959.37,115.228852,35.422073,328.91,-0.00085969
2002,279,11,1055.31,115.228084,35.421575,358.81,-0.00005021
2002,279,12,1151.25,115.227271,35.421156,373.76,0.00165069
2002,279,13,1247.18,115.226757,35.420517,343.86,-0.00052960
2002,279,14,1343.12,115.226088,35.419848,343.86,-0.00137080
2002,279,15,1439.06,115.225221,35.419520,343.86,0.00057980
2002,279,16,1535.00,115.224552,35.418851,388.71,0.00057980
2002,279,17,1630.93,115.223784,35.418353,403.66,0.00053774
2002,279,18,1726.87,115.223115,35.417684,403.66,0.00053774
2002,279,19,1822.81,115.222446,35.417015,433.57,0.00109067
2002,279,20,1918.74,115.221777,35.416345,373.76,0.00000000
2002,279,21,2014.68,115.221525,35.415554,388.71,-0.00344695
2002,279,22,2110.62,115.220658,35.415227,388.71,-0.00471256
2002,28,0,0.00,115.338158,35.530840,463.47,0.00442995
2002,28,1,75.58,115.337630,35.530312,134.55,0.00448746
2002,28,2,151.16,115.337619,35.529635,284.06,0.00231853
2002,28,3,226.74,115.337619,35.528953,224.26,0.00009209
2002,280,0,0.00,115.236828,35.426545,1794.06,0.00203893
2002,280,1,70.19,115.237317,35.426056,882.08,0.00213690
2002,280,2,140.39,115.237906,35.425737,747.53,0.00223487
2002,281,0,0.00,115.446764,35.657502,837.23,-0.00239711
2002,281,1,92.52,115.447034,35.658258,463.47,-0.00596095
2002,281,2,185.04,115.447677,35.658850,224.26,-0.01016780
2002,281,3,277.56,115.448483,35.658479,598.02,-0.00695913
2002,281,4,370.08,115.448920,35.657772,1450.20,-0.00310746
2002,282,0,0.00,115.446764,35.657502,448.52,0.00285676
2002,282,1,79.27,115.447483,35.657233,269.11,0.00543366
2002,282,2,158.53,115.448358,35.657233,239.21,0.00674972
2002,282,3,237.80,115.448920,35.657772,433.57,0.00548888
2002,283,0,0.00,115.220658,35.415227,1794.06,-0.00000000
2002,283,1,87.25,115.220050,35.415835,1270.79,-0.00225714
2002,283,2,174.50,115.219441,35.416444,672.77,-0.00489623
2002,283,3,261.74,115.219580,35.417113,403.66,-0.00527818
2002,284,0,0.00,115.220658,35.415227,388.71,-0.00325437
2002,284,1,97.39,115.220188,35.414486,373.76,-0.00334205
2002,284,2,194.78,115.219311,35.414149,388.71,-0.00342974
2002,285,0,0.00,115.448920,35.657772,313.96,-0.00240623
2002,285,1,86.07,115.449714,35.658041,299.01,-0.00228988
2002,285,2,172.15,115.450665,35.658041,269.11,-0.00108677
2002,285,3,258.22,115.451615,35.658041,269.11,0.00000000
2002,286,0,0.00,115.219311,35.414149,1794.06,-0.00000000
2002,286,1,77.28,115.218772,35.414688,1285.75,-0.00000000
2002,286,2,154.56,115.218233,35.415227,911.98,-0.00000000
2002,287,0,0.00,115.219311,35.414149,388.71,-0.00244761
2002,287,1,90.69,115.218887,35.413455,358.81,-0.00247956
2002,287,2,181.37,115.218156,35.412993,358.81,-0.00125576
2002,287,3,272.06,115.217424,35.412532,284.06,-0.00000000
2002,288,0,0.00,115.451615,35.658041,418.61,-0.00314979
2002,288,1,97.41,115.451885,35.658841,149.51,-0.00320057
2002,288,2,194.83,115.452657,35.659353,149.51,-0.00223274
2002,288,3,292.24,115.453436,35.659863,194.36,-0.00001599
2002,288,4,389.65,115.454315,35.660202,254.16,0.00115171
2002,288,5,487.06,115.454995,35.660882,239.21,0.00056063
2002,288,6,584.48,115.455774,35.661392,299.01,0.00000000
2002,288,7,681.89,115.456454,35.662072,328.91,-0.00056063
2002,288,8,779.30,115.457234,35.662582,328.91,-0.00115171
2002,288,9,876.71,115.458013,35.663092,343.86,-0.00119859
2002,288,10,974.13,115.458891,35.663431,418.61,-0.00121502
2002,289,0,0.00,115.451615,35.658041,1240.89,0.00396398
2002,289,1,50.80,115.451970,35.657687,777.43,0.00417893
2002,289,2,101.59,115.452424,35.657502,612.97,0.00439387
2002,29,0,0.00,115.338158,35.530840,239.21,-0.00160959
2002,29,1,78.17,115.338703,35.530294,254.16,-0.00224616
2002,29,2,156.35,115.339040,35.529688,164.46,-0.00388144
2002,29,3,234.52,115.339236,35.529040,224.26,-0.00430112
2002,29,4,312.70,115.338966,35.528414,299.01,-0.00372209
2002,290,0,0.00,115.218233,35.415227,418.61,0.00000000
2002,290,1,36.72,115.217829,35.415227,403.66,0.00000000
2002,290,2,73.43,115.217424,35.415227,403.66,0.00000000
2002,291,0,0.00,115.218233,35.415227,373.76,0.01775302
2002,291,1,38.64,115.218502,35.415496,493.37,0.01775302
2002,291,2,77.28,115.218233,35.415766,657.82,0.01775302
2002,292,0,0.00,115.217424,35.412532,1794.06,0.00123892
2002,292,1,89.52,115.216800,35.413156,1794.06,0.00128988
2002,292,2,179.04,115.216077,35.413610,448.52,0.00134084
2002,293,0,0.00,115.217424,35.412532,269.11,-0.00108642
2002,293,1,95.47,115.216758,35.411866,269.11,-0.00126789
2002,293,2,190.93,115.215994,35.411371,209.31,-0.00155117
2002,293,3,286.40,115.215207,35.410915,209.31,-0.00211714
2002,293,4,381.87,115.214312,35.410645,269.11,0.00042500
2002,293,5,477.33,115.213601,35.410595,149.51,0.00225596
2002,293,6,572.80,115.212936,35.409929,254.16,-0.00134317
2002,293,7,668.27,115.212072,35.409605,299.01,-0.00249585
2002,293,8,763.73,115.211110,35.409451,388.71,-0.00061237
2002,293,9,859.20,115.210148,35.409298,478.42,0.00000000
2002,294,0,0.00,115.458891,35.663431,388.71,-0.00370695
2002,294,1,75.39,115.459000,35.664079,328.91,-0.00451430
2002,294,2,150.79,115.459527,35.664606,313.96,-0.00362090
2002,294,3,226.18,115.460152,35.664962,343.86,-0.00096008
2002,294,4,301.57,115.460778,35.665318,373.76,-0.00000000
2002,295,0,0.00,115.458891,35.663431,1794.06,0.00204157
2002,295,1,70.09,115.459381,35.662942,1360.50,0.00213994
2002,295,2,140.18,115.459969,35.662623,762.48,0.00223830
2002,296,0,0.00,115.210148,35.409298,717.63,-0.00314603
2002,296,1,64.17,115.210148,35.408719,627.92,-0.00324031
2002,296,2,128.34,115.209878,35.408220,568.12,-0.00333459
2002,297,0,0.00,115.210148,35.409298,433.57,0.00260243
2002,297,1,82.88,115.209391,35.409567,418.61,0.00130122
2002,297,2,165.76,115.208479,35.409567,328.91,-0.00130122
2002,297,3,248.63,115.207722,35.409837,373.76,-0.00260243
2002,298,0,0.00,115.460778,35.665318,328.91,-0.00246948
2002,298,1,82.29,115.461373,35.665857,328.91,-0.00257299
2002,298,2,164.58,115.462125,35.666126,358.81,-0.00267650
2002,299,0,0.00,115.460778,35.665318,1794.06,0.00000000
2002,299,1,96.48,115.461452,35.664644,1734.26,0.00000000
2002,299,2,192.97,115.462125,35.663970,239.21,0.00000000
2002,3,0,0.00,115.334924,35.541081,1465.15,0.00000000
2002,3,1,61.10,115.335598,35.541081,1136.24,0.00000000
2002,3,2,122.19,115.336271,35.541081,822.28,0.00000000
2002,30,0,0.00,115.360256,35.569378,762.48,0.00152562
2002,30,1,82.46,115.359890,35.570014,1016.64,0.00438072
2002,30,2,164.93,115.359314,35.570589,762.48,0.00753792
2002,30,3,247.39,115.358639,35.570456,403.66,0.00784003
2002,300,0,0.00,115.209878,35.408220,1061.49,-0.00348017
2002,300,1,83.23,115.209199,35.407810,583.07,-0.00662126
2002,300,2,166.46,115.208421,35.407791,343.86,-0.00901426
2002,300,3,249.69,115.207841,35.408371,971.78,-0.00623387
2002,300,4,332.92,115.207722,35.409087,777.43,-0.00249708
2002,300,5,416.15,115.207722,35.409837,882.08,-0.00079258
2002,301,0,0.00,115.209878,35.408220,986.73,-0.00333463
2002,301,1,64.17,115.210148,35.407720,433.57,-0.00324035
2002,301,2,128.34,115.210148,35.407142,119.60,-0.00314607
2002,303,0,0.00,115.207722,35.409837,358.81,0.00106753
2002,303,1,96.29,115.207051,35.410508,299.01,-0.00004937
2002,303,2,192.58,115.206281,35.411009,269.11,-0.00218797
2002,303,3,288.87,115.205836,35.411747,194.36,-0.00047410
2002,303,4,385.15,115.205563,35.412535,254.16,0.00218797
2002,303,5,481.44,115.204793,35.413036,224.26,0.00105723
2002,303,6,577.73,115.204121,35.413708,239.21,-0.00049055
2002,303,7,674.02,115.203351,35.414208,224.26,-0.00053377
2002,303,8,770.31,115.202872,35.414936,209.31,0.00102710
2002,303,9,866.60,115.202117,35.415442,209.31,0.00053377
2002,303,10,962.89,115.201347,35.415943,209.31,-0.00107032
2002,303,11,1059.17,115.200676,35.416614,224.26,0.00000000
2002,303,12,1155.46,115.200004,35.417286,239.21,0.00110917
2002,303,13,1251.75,115.199234,35.417787,209.31,-0.00000000
2002,303,14,1348.04,115.198463,35.418287,239.21,-0.00057540
2002,303,15,1444.33,115.197792,35.418959,224.26,-0.00000000
2002,303,16,1540.62,115.197021,35.419460,194.36,0.00057540
2002,303,17,1636.91,115.196350,35.420131,194.36,0.00145932
2002,303,18,1733.20,115.195481,35.420462,224.26,0.00060657
2002,303,19,1829.48,115.194666,35.420886,254.16,-0.00114565
2002,303,20,1925.77,115.193841,35.421292,269.11,-0.00171574
2002,303,21,2022.06,115.193170,35.421964,269.11,-0.00169487
2002,304,0,0.00,115.462125,35.666126,1554.85,-0.00171759
2002,304,1,87.79,115.462664,35.665492,1151.19,-0.00174780
2002,304,2,175.58,115.462934,35.664779,702.67,-0.00177801
2002,305,0,0.00,115.462125,35.666126,328.91,-0.00101949
2002,305,1,81.27,115.462709,35.666665,358.81,-0.00118871
2002,305,2,162.54,115.463359,35.667091,358.81,-0.00081995
2002,305,3,243.81,115.464026,35.667488,373.76,-0.00014098
2002,305,4,325.08,115.464693,35.667885,358.81,0.00000000
2002,305,5,406.35,115.465359,35.668282,343.86,0.00000000
2002,306,0,0.00,115.193170,35.421964,209.31,-0.00000000
2002,306,1,98.11,115.192288,35.422307,254.16,-0.00017423
2002,306,2,196.21,115.191406,35.422650,254.16,0.00008457
2002,306,3,294.32,115.190553,35.423042,269.11,0.00034847
2002,306,4,392.43,115.189628,35.423312,284.06,0.00043146
2002,306,5,490.54,115.188761,35.423678,313.96,0.00100896
2002,306,6,588.64,115.187780,35.423851,328.91,0.00133434
2002,307,0,0.00,115.193170,35.421964,1270.79,-0.00276158
2002,307,1,80.78,115.193439,35.422613,941.88,-0.00292317
2002,307,2,161.55,115.193978,35.423042,612.97,-0.00308476
2002,308,0,0.00,115.465359,35.668282,328.91,0.00039859
2002,308,1,93.45,115.466078,35.668821,328.91,0.00000000
2002,308,2,186.91,115.466764,35.669417,313.96,-0.00061154
2002,308,3,280.36,115.467515,35.669899,269.11,-0.00082450
2002,309,0,0.00,115.465359,35.668282,1794.06,0.00000000
2002,309,1,96.48,115.466033,35.667608,1225.94,0.00000000
2002,309,2,192.97,115.466707,35.666935,104.65,0.00000000
2002,31,0,0.00,115.360256,35.569378,627.92,0.00882328
2002,31,1,85.08,115.360949,35.569262,388.71,0.00778212
2002,31,2,170.17,115.361334,35.569917,418.61,0.00674096
2002,310,0,0.00,115.187780,35.423851,269.11,0.00496748
2002,310,1,95.45,115.187214,35.424389,239.21,0.00450946
2002,310,2,190.91,115.186163,35.424389,299.01,0.00405143
2002,311,0,0.00,115.187780,35.423851,1061.49,-0.00149767
2002,311,1,91.79,115.187140,35.423210,807.33,-0.00707815
2002,311,2,183.59,115.186401,35.422804,239.21,-0.01196191
2002,311,3,275.38,115.186163,35.423562,612.97,-0.00629792
2002,311,4,367.17,115.186163,35.424389,986.73,-0.00133066
2002,312,0,0.00,115.467515,35.669899,254.16,-0.00521770
2002,312,1,81.09,115.467873,35.670526,224.26,-0.00486150
2002,312,2,162.18,115.468663,35.670708,328.91,-0.00179977
2002,312,3,243.28,115.469402,35.670977,269.11,0.00090576
2002,313,0,0.00,115.467515,35.669899,1495.05,0.00459231
2002,313,1,90.72,115.468204,35.669360,553.17,0.00799210
2002,313,2,181.44,115.469179,35.669407,209.31,0.00993983
2002,313,3,272.16,115.469402,35.670159,463.47,0.00487967
2002,313,4,362.88,115.469402,35.670977,508.32,0.00127156
2002,315,0,0.00,115.186163,35.424389,328.91,0.00348008
2002,315,1,92.09,115.185521,35.425032,313.96,0.00322339
2002,315,2,184.19,115.184603,35.425198,299.01,0.00107504
2002,315,3,276.28,115.183744,35.425467,299.01,0.00063563
2002,315,4,368.38,115.182886,35.425737,343.86,0.00104393
2002,315,5,460.47,115.181872,35.425737,388.71,-0.00000000
2002,315,6,552.57,115.181014,35.426006,388.71,0.00000000
2002,315,7,644.66,115.180000,35.426006,388.71,0.00000000
2002,315,8,736.76,115.179142,35.426276,388.71,0.00000000
2002,315,9,828.85,115.178128,35.426276,388.71,-0.00104393
2002,315,10,920.95,115.177270,35.426545,358.81,-0.00208786
2002,317,0,0.00,115.469402,35.670977,328.91,0.00000000
2002,317,1,96.85,115.470177,35.671483,269.11,-0.00059824
2002,317,2,193.70,115.470953,35.671989,269.11,-0.00059824
2002,317,3,290.56,115.471827,35.672325,269.11,0.00059824
2002,317,4,387.41,115.472603,35.672830,269.11,0.00000000
2002,317,5,484.26,115.473378,35.673336,269.11,-0.00059824
2002,317,6,581.11,115.474253,35.673672,299.01,0.00059824
2002,317,7,677.96,115.475028,35.674178,254.16,-0.00000000
2002,317,8,774.82,115.475803,35.674684,209.31,-0.00121293
2002,317,9,871.67,115.476678,35.675019,239.21,-0.00122937
2002,318,0,0.00,115.177270,35.426545,463.47,0.00379708
2002,318,1,97.24,115.176511,35.427084,403.66,0.00282994
2002,318,2,194.49,115.175440,35.427084,418.61,0.00277498
2002,318,3,291.73,115.174525,35.427354,448.52,0.00451968
2002,318,4,388.98,115.173766,35.426815,568.12,0.00535218
2002,319,0,0.00,115.177270,35.426545,777.43,-0.00010902
2002,319,1,97.94,115.176586,35.425862,732.58,-0.00280437
2002,319,2,195.88,115.175892,35.425198,328.91,-0.00787779
2002,319,3,293.83,115.174924,35.425388,328.91,-0.00673977
2002,319,4,391.77,115.174449,35.426132,583.07,-0.00110233
2002,319,5,489.71,115.173766,35.426815,553.17,0.00101903
2002,32,0,0.00,115.342200,35.532457,299.01,0.00217595
2002,32,1,79.11,115.342470,35.533091,269.11,0.00211217
2002,32,2,158.22,115.342470,35.533804,254.16,0.00204839
2002,320,0,0.00,115.476678,35.675019,254.16,-0.00479040
2002,320,1,95.40,115.476927,35.675807,209.31,-0.00464548
2002,320,2,190.81,115.477812,35.676097,194.36,-0.00166386
2002,320,3,286.21,115.478656,35.676458,194.36,0.00024798
2002,320,4,381.61,115.479449,35.676906,194.36,-0.00040737
2002,320,5,477.02,115.480346,35.677175,209.31,0.00033844
2002,320,6,572.42,115.481150,35.677605,194.36,-0.00017905
2002,320,7,667.82,115.481983,35.677984,209.31,-0.00078629
2002,320,8,763.23,115.482879,35.678256,209.31,0.00057751
2002,320,9,858.63,115.483743,35.678581,209.31,-0.00043235
2002,320,10,954.03,115.484518,35.679062,239.21,-0.00284334
2002,320,11,1049.44,115.485571,35.679062,269.11,-0.00326722
2002,321,0,0.00,115.476678,35.675019,1764.16,-0.00203925
2002,321,1,69.56,115.477164,35.674534,941.88,0.00000000
2002,321,2,139.11,115.477441,35.673987,448.52,0.00319384
2002,321,3,208.67,115.478026,35.673672,418.61,0.00434843
2002,322,0,0.00,115.173766,35.426815,433.57,0.00205762
2002,322,1,92.74,115.172901,35.427084,418.61,0.00196043
2002,322,2,185.48,115.171880,35.427084,388.71,0.00186324
2002,322,3,278.22,115.170858,35.427084,388.71,0.00196043
2002,322,4,370.96,115.169993,35.426815,358.81,0.00205762
2002,323,0,0.00,115.485571,35.679062,254.16,-0.00274270
2002,323,1,96.33,115.486148,35.679601,239.21,-0.00261449
2002,323,2,192.66,115.487056,35.679870,239.21,-0.00109344
2002,323,3,288.99,115.487963,35.680140,269.11,0.00037812
2002,323,4,385.32,115.488846,35.680450,269.11,0.00068477
2002,323,5,481.65,115.489717,35.680782,284.06,0.00022797
2002,323,6,577.98,115.490528,35.681218,209.31,-0.00013294
2002,323,7,674.31,115.491436,35.681487,239.21,-0.00029950
2002,323,8,770.64,115.492231,35.681949,284.06,-0.00041886
2002,323,9,866.98,115.493201,35.682110,254.16,0.00077120
2002,323,10,963.31,115.494001,35.682565,269.11,0.00096593
2002,323,11,1059.64,115.494844,35.682945,269.11,0.00047709
2002,323,12,1155.97,115.495616,35.683447,284.06,0.00043421
2002,323,13,1252.30,115.496409,35.683913,284.06,0.00037930
2002,323,14,1348.63,115.497160,35.684452,284.06,0.00050273
2002,324,0,0.00,115.485571,35.679062,926.93,0.00000000
2002,324,1,38.59,115.485841,35.678792,986.73,0.00000000
2002,324,2,77.18,115.486110,35.678523,956.83,0.00000000
2002,325,0,0.00,115.169993,35.426815,1794.06,-0.00253044
2002,325,1,90.64,115.169993,35.425998,1465.15,-0.00623817
2002,325,2,181.27,115.169563,35.425307,343.86,-0.01107186
2002,325,3,271.91,115.168832,35.425551,508.32,-0.00730856
2002,325,4,362.55,115.168200,35.426183,657.82,-0.00120965
2002,325,5,453.18,115.167568,35.426815,642.87,0.00000000
2002,326,0,0.00,115.169993,35.426815,373.76,0.00260348
2002,326,1,82.86,115.169237,35.427084,448.52,0.00365236
2002,326,2,165.73,115.168324,35.427084,418.61,0.00365236
2002,326,3,248.59,115.167568,35.426815,418.61,0.00260348
2002,327,0,0.00,115.497160,35.684452,358.81,0.00887782
2002,327,1,43.69,115.497642,35.684452,269.11,0.00906657
2002,327,2,87.38,115.497968,35.684721,313.96,0.00925532
2002,328,0,0.00,115.497160,35.684452,598.02,-0.00125532
2002,328,1,68.99,115.497160,35.685074,478.42,-0.00534649
2002,328,2,137.99,115.497288,35.685658,239.21,-0.00895105
2002,328,3,206.98,115.497968,35.685799,328.91,-0.00846444
2002,329,0,0.00,115.167568,35.426815,358.81,0.00000000
2002,329,1,96.09,115.166510,35.426815,358.81,0.00000000
2002,329,2,192.18,115.165452,35.426815,358.81,0.00086593
2002,329,3,288.27,115.164393,35.426815,388.71,0.00086593
2002,329,4,384.36,115.163491,35.426545,358.81,-0.00086593
2002,329,5,480.45,115.162433,35.426545,299.01,-0.00086593
2002,329,6,576.53,115.161375,35.426545,299.01,0.00086593
2002,329,7,672.62,115.160317,35.426545,328.91,0.00086593
2002,329,8,768.71,115.159415,35.426276,328.91,-0.00086593
2002,329,9,864.80,115.158357,35.426276,299.01,0.00000000
2002,329,10,960.89,115.157299,35.426276,299.01,0.00086593
2002,329,11,1056.98,115.156397,35.426006,299.01,-0.00070728
2002,329,12,1153.07,115.155338,35.426006,299.01,0.00000000
2002,329,13,1249.16,115.154310,35.425954,284.06,-0.00033905
2002,329,14,1345.25,115.153378,35.425737,299.01,-0.00268690
2002,329,15,1441.34,115.152476,35.426006,358.81,-0.00328115
2002,33,0,0.00,115.342200,35.532457,224.26,0.00000000
2002,33,1,57.93,115.342605,35.532053,209.31,0.00000000
2002,33,2,115.86,115.343009,35.531648,269.11,0.00000000
2002,330,0,0.00,115.497968,35.684721,583.07,0.00000000
2002,330,1,59.80,115.497968,35.685260,568.12,0.00000000
2002,330,2,119.61,115.497968,35.685799,463.47,0.00000000
2002,331,0,0.00,115.497968,35.684721,239.21,0.00137484
2002,331,1,89.22,115.498889,35.684833,239.21,0.00345315
2002,331,2,178.43,115.499710,35.685116,239.21,0.00471384
2002,331,3,267.65,115.500124,35.685799,388.71,0.00389621
2002,333,0,0.00,115.497968,35.685799,254.16,-0.00363394
2002,333,1,99.58,115.498755,35.686338,209.31,-0.00350845
2002,333,2,199.15,115.499855,35.686338,328.91,-0.00338297
2002,334,0,0.00,115.152476,35.426006,1270.79,0.00000000
2002,334,1,59.80,115.152476,35.426545,1151.19,0.00000000
2002,334,2,119.60,115.152476,35.427084,852.18,0.00000000
2002,335,0,0.00,115.152476,35.426006,299.01,-0.00146054
2002,335,1,97.50,115.151697,35.425497,299.01,-0.00158506
2002,335,2,195.00,115.150797,35.425198,328.91,-0.00188634
2002,335,3,292.49,115.149879,35.424928,299.01,-0.00103155
2002,335,4,389.99,115.148806,35.424928,299.01,0.00000000
2002,335,5,487.49,115.147888,35.424659,269.11,-0.00000000
2002,335,6,584.99,115.146814,35.424659,299.01,0.00022634
2002,335,7,682.48,115.145897,35.424389,269.11,0.00000000
2002,335,8,779.98,115.144863,35.424322,224.26,0.00046161
2002,335,9,877.48,115.143906,35.424120,239.21,0.00092633
2002,335,10,974.98,115.142988,35.423851,239.21,-0.00068795
2002,335,11,1072.48,115.142071,35.423581,269.11,-0.00092633
2002,335,12,1169.97,115.140997,35.423581,269.11,0.00092633
2002,335,13,1267.47,115.140079,35.423312,269.11,0.00092633
2002,335,14,1364.97,115.139162,35.423042,239.21,-0.00046877
2002,335,15,1462.47,115.138244,35.422773,269.11,-0.00000000
2002,335,16,1559.96,115.137249,35.422637,254.16,0.00094610
2002,335,17,1657.46,115.136409,35.422234,254.16,0.00000000
2002,335,18,1754.96,115.135491,35.421964,269.11,-0.00047732
2002,335,19,1852.46,115.134574,35.421695,269.11,-0.00045436
2002,335,20,1949.96,115.133656,35.421425,269.11,-0.00092633
2002,335,21,2047.45,115.132663,35.421285,269.11,-0.00025034
2002,335,22,2144.95,115.131665,35.421156,239.21,0.00035091
2002,335,23,2242.45,115.130711,35.420950,254.16,-0.00000941
2002,335,24,2339.95,115.129734,35.420782,254.16,-0.00068862
2002,335,25,2437.44,115.128756,35.420617,269.11,-0.00105257
2002,335,26,2534.94,115.127683,35.420617,269.11,-0.00100529
2002,336,0,0.00,115.500124,35.685799,269.11,0.00377396
2002,336,1,71.12,115.500910,35.685799,239.21,0.00515312
2002,336,2,142.23,115.501514,35.686111,224.26,0.00434560
2002,336,3,213.35,115.502011,35.686608,269.11,0.00215892
2002,337,0,0.00,115.500124,35.685799,1435.25,-0.00867292
2002,337,1,34.25,115.499885,35.686038,1435.25,-0.00878886
2002,337,2,68.49,115.499855,35.686338,493.37,-0.00890479
2002,339,0,0.00,115.499855,35.686338,269.11,-0.00480430
2002,339,1,68.22,115.500124,35.686875,299.01,-0.00688502
2002,339,2,136.44,115.500718,35.687147,224.26,-0.00626029
2002,339,3,204.66,115.501472,35.687147,299.01,-0.00355484
2002,34,0,0.00,115.338966,35.528414,313.96,0.00000000
2002,34,1,24.44,115.338697,35.528414,657.82,0.00000000
2002,34,2,48.88,115.338427,35.528414,672.77,0.00000000
2002,340,0,0.00,115.127683,35.420617,254.16,-0.00179670
2002,340,1,99.37,115.126900,35.420078,269.11,-0.00190067
2002,340,2,198.74,115.125962,35.419808,209.31,-0.00092410
2002,340,3,298.11,115.125011,35.419562,239.21,0.00005646
2002,340,4,397.49,115.124086,35.419269,239.21,-0.00089004
2002,340,5,496.86,115.123131,35.419029,254.16,-0.00077440
2002,340,6,596.23,115.122053,35.419000,239.21,0.00089004
2002,340,7,695.60,115.121115,35.418730,209.31,0.00079615
2002,340,8,794.97,115.120177,35.418461,209.31,0.00000000
2002,340,9,894.34,115.119239,35.418191,209.31,-0.00000000
2002,340,10,993.71,115.118301,35.417922,149.51,-0.00089004
2002,340,11,1093.08,115.117363,35.417652,209.31,-0.00169810
2002,340,12,1192.46,115.116268,35.417652,209.31,-0.00005666
2002,340,13,1291.83,115.115174,35.417652,254.16,0.00133928
2002,340,14,1391.20,115.114226,35.417401,269.11,0.00011370
2002,340,15,1490.57,115.113236,35.417220,284.06,-0.00018721
2002,340,16,1589.94,115.112204,35.417113,269.11,0.00083301
2002,340,17,1689.31,115.111266,35.416844,299.01,-0.00009210
2002,340,18,1788.68,115.110327,35.416574,299.01,-0.00089004
2002,340,19,1888.06,115.109279,35.416496,284.06,-0.00049673
2002,340,20,1987.43,115.108295,35.416305,299.01,-0.00080806
2002,340,21,2086.80,115.107201,35.416305,299.01,-0.00112648
2002,341,0,0.00,115.127683,35.420617,642.87,-0.00868039
2002,341,1,34.27,115.127444,35.420856,1255.84,-0.00879753
2002,341,2,68.54,115.127413,35.421156,882.08,-0.00891467
2002,342,0,0.00,115.502011,35.686608,299.01,0.00200215
2002,342,1,75.85,115.502739,35.686797,328.91,0.00294505
2002,342,2,151.69,115.503367,35.687156,224.26,0.00281199
2002,342,3,227.54,115.503897,35.687686,239.21,0.00173603
2002,343,0,0.00,115.502011,35.686608,1285.75,-0.00000000
2002,343,1,38.59,115.501741,35.686877,1255.84,-0.00000000
2002,343,2,77.18,115.501472,35.687147,822.28,-0.00000000
2002,344,0,0.00,115.501472,35.687147,299.01,0.00324224
2002,344,1,80.11,115.502130,35.687536,299.01,-0.00007372
2002,344,2,160.21,115.502481,35.688156,224.26,-0.00794545
2002,344,3,240.32,115.503326,35.688225,463.47,-0.00919242
2002,344,4,320.43,115.503897,35.687686,1061.49,-0.00588361
2002,346,0,0.00,115.107201,35.416305,343.86,-0.00265499
2002,346,1,97.92,115.106608,35.415766,284.06,-0.00344417
2002,346,2,195.84,115.105686,35.415496,269.11,-0.00209223
2002,346,3,293.76,115.104608,35.415496,284.06,0.00091791
2002,346,4,391.69,115.103690,35.415219,269.11,0.00086733
2002,346,5,489.61,115.102764,35.414957,239.21,0.00018534
2002,346,6,587.53,115.101842,35.414688,299.01,0.00097783
2002,346,7,685.45,115.100950,35.414366,254.16,0.00058066
2002,346,8,783.37,115.100153,35.413879,254.16,-0.00095473
2002,346,9,881.29,115.099231,35.413610,239.21,-0.00076600
2002,346,10,979.21,115.098309,35.413341,209.31,-0.00009060
2002,346,11,1077.13,115.097387,35.413071,179.41,0.00075986
2002,346,12,1175.06,115.096449,35.412829,224.26,0.00060185
2002,346,13,1272.98,115.095667,35.412317,164.46,-0.00056840
2002,346,14,1370.90,115.094688,35.412146,119.60,0.00118741
2002,346,15,1468.82,115.093854,35.411723,119.60,0.00122870
2002,346,16,1566.74,115.093125,35.411122,194.36,0.00002116
2002,346,17,1664.66,115.092244,35.410780,254.16,0.00240732
2002,346,18,1762.58,115.091570,35.410094,209.31,0.00318021
2002,346,19,1860.50,115.091301,35.409291,179.41,0.00052312
2002,346,20,1958.43,115.091029,35.408487,239.21,-0.00141403
2002,346,21,2056.35,115.090555,35.407744,284.06,-0.00107389
2002,346,22,2154.27,115.089953,35.407037,269.11,0.00011863
2002,346,23,2252.19,115.089398,35.406317,284.06,0.00108863
2002,346,24,2350.11,115.088923,35.405573,254.16,0.00076377
2002,346,25,2448.03,115.088657,35.404768,284.06,-0.00108863
2002,346,26,2545.95,115.088183,35.404024,313.96,-0.00108863
2002,346,27,2643.87,115.087500,35.403341,313.96,0.00027253
2002,346,28,2741.80,115.087026,35.402597,299.01,0.00010726
2002,346,29,2839.72,115.086450,35.401883,284.06,-0.00001422
2002,346,30,2937.64,115.085911,35.401158,269.11,-0.00021341
2002,346,31,3035.56,115.085394,35.400427,343.86,-0.00025831
2002,346,32,3133.48,115.084711,35.399744,313.96,0.00062291
2002,346,33,3231.40,115.084237,35.399000,313.96,0.00105905
2002,346,34,3329.32,115.083755,35.398258,328.91,0.00059177
2002,346,35,3427.24,115.083485,35.397454,358.81,-0.00103112
2002,346,36,3525.17,115.083022,35.396707,403.66,-0.00057225
2002,346,37,3623.09,115.082339,35.396024,373.76,0.00106070
2002,346,38,3721.01,115.082073,35.395219,343.86,0.00000000
2002,346,39,3818.93,115.081599,35.394476,418.61,-0.00110470
2002,347,0,0.00,115.107201,35.416305,732.58,-0.00347858
2002,347,1,53.59,115.106827,35.416678,1151.19,-0.00358594
2002,347,2,107.18,115.106662,35.417113,239.21,-0.00369330
2002,348,0,0.00,115.503897,35.687686,328.91,0.01148430
2002,348,1,31.49,115.504216,35.687735,299.01,0.01108714
2002,348,2,62.98,115.504436,35.687955,299.01,0.01068998
2002,349,0,0.00,115.081599,35.394476,358.81,0.00416510
2002,349,1,88.55,115.080784,35.394200,433.57,0.00474422
2002,349,2,177.10,115.080375,35.393521,403.66,0.00336482
2002,349,3,265.65,115.080174,35.392782,284.06,0.00133507
2002,349,4,354.20,115.079982,35.392040,328.91,0.00120779
2002,349,5,442.75,115.079982,35.391242,433.57,0.00115175
2002,35,0,0.00,115.338966,35.528414,254.16,0.00000000
2002,35,1,50.84,115.339371,35.528145,313.96,0.00000000
2002,35,2,101.68,115.339775,35.527875,299.01,0.00000000
2002,350,0,0.00,115.081599,35.394476,897.03,-0.00000000
2002,350,1,57.97,115.082003,35.394071,911.98,-0.00000000
2002,350,2,115.93,115.082407,35.393667,897.03,-0.00000000
2002,351,0,0.00,115.504436,35.687955,313.96,-0.00105919
2002,351,1,87.09,115.504436,35.688740,239.21,-0.00466796
2002,351,2,174.18,115.504608,35.689475,134.55,-0.00773779
2002,351,3,261.28,115.505514,35.689572,149.51,-0.00719885
2002,352,0,0.00,115.504436,35.687955,358.81,0.00092078
2002,352,1,81.48,115.505023,35.687955,269.11,0.00354518
2002,352,2,162.97,115.505872,35.688043,194.36,0.00649910
2002,352,3,244.45,115.506322,35.688647,149.51,0.00410950
2002,352,4,325.93,115.506592,35.689303,254.16,0.00139039
2002,353,0,0.00,115.079982,35.391242,583.07,0.00694818
2002,353,1,91.72,115.079046,35.391114,373.76,0.00638510
2002,353,2,183.43,115.078904,35.390329,388.71,0.00203391
2002,353,3,275.15,115.078601,35.389591,328.91,-0.00126392
2002,353,4,366.86,115.078170,35.388891,403.66,-0.00038682
2002,353,5,458.58,115.077739,35.388190,403.66,0.00042539
2002,353,6,550.29,115.077308,35.387490,373.76,0.00063139
2002,353,7,642.01,115.077018,35.386748,373.76,-0.00026396
2002,353,8,733.73,115.076654,35.386027,343.86,0.00063253
2002,353,9,825.44,115.076209,35.385331,373.76,0.00238312
2002,353,10,917.16,115.076209,35.384504,373.76,0.00256123
2002,354,0,0.00,115.079982,35.391242,672.77,0.00000000
2002,354,1,38.65,115.080252,35.390972,717.63,0.00000000
2002,354,2,77.29,115.080521,35.390703,747.53,0.00000000
2002,355,0,0.00,115.082407,35.393667,777.43,-0.00000000
2002,355,1,63.13,115.082946,35.393398,627.92,-0.00000000
2002,355,2,126.26,115.083485,35.393128,343.86,-0.00000000
2002,356,0,0.00,115.082407,35.393667,284.06,-0.00039909
2002,356,1,87.82,115.082407,35.393033,448.52,-0.00170969
2002,356,2,175.63,115.082347,35.392259,284.06,-0.00307105
2002,356,3,263.45,115.081868,35.391608,313.96,-0.00332212
2002,356,4,351.27,115.081331,35.390974,403.66,-0.00346494
2002,356,5,439.08,115.080521,35.390703,538.22,-0.00340745
2002,357,0,0.00,115.505514,35.689572,254.16,-0.00862516
2002,357,1,70.05,115.505801,35.690111,179.41,-0.01226464
2002,357,2,140.11,115.506575,35.690111,418.61,-0.01226464
2002,357,3,210.16,115.506861,35.689572,837.23,-0.00862516
2002,358,0,0.00,115.505514,35.689572,568.12,0.00581272
2002,358,1,55.88,115.505975,35.689303,269.11,0.00556683
2002,358,2,111.77,115.506592,35.689303,328.91,0.00532094
2002,359,0,0.00,115.506592,35.689303,209.31,-0.00000000
2002,359,1,19.29,115.506727,35.689437,239.21,-0.00000000
2002,359,2,38.59,115.506861,35.689572,299.01,-0.00000000
2002,36,0,0.00,115.361334,35.569917,448.52,0.00154208
2002,36,1,92.74,115.362180,35.570223,403.66,0.00067181
2002,36,2,185.48,115.362911,35.570725,373.76,-0.00019883
2002,36,3,278.22,115.363771,35.571006,388.71,-0.00100616
2002,36,4,370.96,115.364517,35.571483,343.86,-0.00341389
2002,36,5,463.71,115.365511,35.571534,358.81,-0.00284784
2002,36,6,556.45,115.366406,35.571313,284.06,-0.00052114
2002,36,7,649.19,115.367401,35.571264,209.31,-0.00033180
2002,36,8,741.93,115.368267,35.570995,179.41,-0.00084844
2002,36,9,834.67,115.369239,35.570906,164.46,-0.00165884
2002,36,10,927.41,115.370001,35.570456,149.51,-0.00039569
2002,36,11,1020.15,115.370830,35.570122,194.36,-0.00122170
2002,36,12,1112.89,115.371676,35.569816,224.26,-0.00358647
2002,36,13,1205.63,115.372114,35.569108,313.96,-0.00359777
2002,362,0,0.00,115.506861,35.689572,269.11,0.00047138
2002,362,1,91.55,115.507716,35.689842,284.06,0.00104184
2002,362,2,183.10,115.508537,35.690169,313.96,0.00136244
2002,362,3,274.64,115.509275,35.690638,299.01,0.00009351
2002,362,4,366.19,115.510014,35.691107,299.01,-0.00000000
2002,362,5,457.74,115.510821,35.691459,313.96,0.00272567
2002,362,6,549.29,115.511491,35.692045,284.06,0.00369145
2002,362,7,640.84,115.511712,35.692806,299.01,0.00285713
2002,363,0,0.00,115.076209,35.384504,433.57,0.00361896
2002,363,1,94.87,115.075350,35.384184,358.81,0.00394611
2002,363,2,189.75,115.074897,35.383462,269.11,0.00230781
2002,363,3,284.62,115.074592,35.382696,328.91,-0.00082772
2002,363,4,379.50,115.074199,35.381955,358.81,-0.00116180
2002,363,5,474.37,115.073538,35.381294,373.76,0.00040958
2002,363,6,569.25,115.073085,35.380571,328.91,0.00000000
2002,363,7,664.12,115.072632,35.379849,313.96,-0.00057248
2002,363,8,759.00,115.071970,35.379187,313.96,0.00064226
2002,363,9,853.87,115.071517,35.378465,313.96,0.00116180
2002,363,10,948.75,115.071089,35.377735,328.91,0.00097057
2002,363,11,1043.62,115.070819,35.376958,284.06,0.00090206
2002,364,0,0.00,115.076209,35.384504,941.88,0.00203846
2002,364,1,70.21,115.076699,35.384015,1210.99,0.00213636
2002,364,2,140.43,115.077287,35.383696,732.58,0.00223426
2002,366,0,0.00,115.080521,35.390703,747.53,0.00000000
2002,366,1,38.65,115.080791,35.390433,837.23,0.00000000
2002,366,2,77.29,115.081060,35.390164,702.67,0.00000000
2002,367,0,0.00,115.511712,35.692806,358.81,-0.00353156
2002,367,1,68.08,115.510960,35.692806,508.32,-0.00372080
2002,367,2,136.16,115.510365,35.693076,538.22,-0.00391005
2002,368,0,0.00,115.511712,35.692806,328.91,0.00151674
2002,368,1,84.03,115.512597,35.692882,373.76,0.00350298
2002,368,2,168.06,115.513382,35.693128,239.21,0.00532073
2002,368,3,252.09,115.513868,35.693744,254.16,0.00335774
2002,368,4,336.12,115.514138,35.694423,343.86,0.00156324
2002,369,0,0.00,115.511712,35.692806,373.76,-0.00343134
2002,369,1,95.05,115.511750,35.693652,269.11,-0.00435702
2002,369,2,190.11,115.512414,35.694316,224.26,-0.00595712
2002,369,3,285.16,115.513244,35.694693,448.52,-0.00557941
2002,369,4,380.21,115.514138,35.694423,717.63,-0.00452728
2002,37,0,0.00,115.361334,35.569917,1435.25,-0.00000000
2002,37,1,96.53,115.360661,35.570590,1061.49,-0.00000000
2002,37,2,193.06,115.359987,35.571264,104.65,-0.00000000
2002,370,0,0.00,115.070819,35.376958,254.16,0.00459690
2002,370,1,87.43,115.070280,35.376470,224.26,0.00336543
2002,370,2,174.87,115.070280,35.375682,149.51,0.00017852
2002,370,3,262.30,115.070011,35.374973,134.55,-0.00088846
2002,370,4,349.73,115.069741,35.374263,224.26,0.00000000
2002,371,0,0.00,115.070819,35.376958,583.07,0.00000000
2002,371,1,77.30,115.071358,35.376419,911.98,0.00000000
2002,371,2,154.59,115.071897,35.375880,583.07,0.00000000
2002,372,0,0.00,115.514138,35.694423,313.96,0.00416305
2002,372,1,83.65,115.514905,35.694693,343.86,0.00275436
2002,372,2,167.30,115.515296,35.695311,313.96,0.00007734
2002,372,3,250.95,115.515979,35.695725,299.01,0.00011468
2002,372,4,334.61,115.516563,35.696310,299.01,0.00142035
2002,373,0,0.00,115.069741,35.374263,209.31,-0.00140762
2002,373,1,96.78,115.068968,35.373759,194.36,-0.00183272
2002,373,2,193.55,115.068079,35.373455,164.46,-0.00191503
2002,373,3,290.33,115.067124,35.373264,224.26,-0.00140317
2002,373,4,387.10,115.066105,35.373186,239.21,-0.00170658
2002,373,5,483.88,115.065040,35.373186,209.31,-0.00108953
2002,373,6,580.65,115.064130,35.373455,209.31,0.00000000
2002,373,7,677.43,115.063066,35.373455,239.21,0.00000000
2002,373,8,774.20,115.062156,35.373725,239.21,0.00085329
2002,373,9,870.98,115.061091,35.373725,209.31,0.00085329
2002,373,10,967.75,115.060026,35.373725,209.31,0.00000000
2002,373,11,1064.53,115.058961,35.373725,239.21,0.00000000
2002,374,0,0.00,115.069741,35.374263,553.17,0.00395646
2002,374,1,50.89,115.070096,35.373909,194.36,0.00417010
2002,374,2,101.79,115.070550,35.373725,299.01,0.00438374
2002,375,0,0.00,115.516563,35.696310,328.91,0.00000000
2002,375,1,92.90,115.517311,35.696788,269.11,0.00000000
2002,375,2,185.80,115.518059,35.697266,299.01,0.00000000
2002,375,3,278.70,115.518807,35.697745,284.06,0.00061908
2002,375,4,371.60,115.519555,35.698223,299.01,0.00061908
2002,375,5,464.50,115.520204,35.698872,269.11,0.00119303
2002,375,6,557.40,115.520952,35.699351,254.16,0.00296355
2002,375,7,650.30,115.521183,35.700121,179.41,0.00177051
2002,375,8,743.20,115.521414,35.700891,164.46,0.00000000
2002,376,0,0.00,115.516563,35.696310,1569.81,0.00000000
2002,376,1,71.38,115.516065,35.696808,1405.35,-0.00199209
2002,376,2,142.77,115.515566,35.697307,642.87,-0.00404996
2002,376,3,214.15,115.515485,35.697926,478.42,-0.00411574
2002,377,0,0.00,115.521414,35.700891,209.31,0.00490531
2002,377,1,76.62,115.522048,35.701256,164.46,0.00664763
2002,377,2,153.24,115.522223,35.701896,119.60,0.00603993
2002,377,3,229.85,115.521953,35.702508,224.26,0.00368992
2002,378,0,0.00,115.521414,35.700891,1061.49,0.00000000
2002,378,1,57.88,115.521010,35.701295,343.86,0.00000000
2002,378,2,115.76,115.520606,35.701699,299.01,0.00000000
2002,379,0,0.00,115.521953,35.702508,358.81,0.00531356
2002,379,1,90.12,115.521026,35.702390,149.51,0.00529338
2002,379,2,180.24,115.520606,35.701699,179.41,0.00527321
2002,38,0,0.00,115.343009,35.531648,433.57,-0.00396063
2002,38,1,50.84,115.342654,35.531294,343.86,-0.00417499
2002,38,2,101.68,115.342200,35.531109,343.86,-0.00438935
2002,380,0,0.00,115.521953,35.702508,164.46,0.00149628
2002,380,1,94.67,115.522492,35.703205,209.31,0.00190340
2002,380,2,189.33,115.522762,35.703980,179.41,0.00076522
2002,380,3,284.00,115.522892,35.704795,209.31,-0.00002172
2002,380,4,378.67,115.523301,35.705529,209.31,0.00145975
2002,380,5,473.33,115.523301,35.706383,179.41,0.00109142
2002,380,6,568.00,115.523301,35.707236,209.31,0.00000000
2002,380,7,662.67,115.523301,35.708089,224.26,0.00070875
2002,380,8,757.33,115.523301,35.708942,209.31,0.00123961
2002,380,9,852.00,115.523031,35.709717,209.31,0.00000000
2002,380,10,946.67,115.522840,35.710515,179.41,-0.00104019
2002,380,11,1041.33,115.522762,35.711345,134.55,-0.00070875
2002,380,12,1136.00,115.522762,35.712199,179.41,0.00050933
2002,380,13,1230.67,115.522762,35.713052,179.41,0.00145975
2002,380,14,1325.33,115.522492,35.713827,179.41,0.00150200
2002,382,0,0.00,115.520606,35.701699,313.96,0.00399487
2002,382,1,75.84,115.519878,35.701510,239.21,0.00294546
2002,382,2,151.68,115.519348,35.700981,269.11,0.00000000
2002,382,3,227.52,115.518719,35.700621,269.11,-0.00189605
2002,383,0,0.00,115.522492,35.713827,224.26,0.00263152
2002,383,1,94.95,115.522492,35.714682,254.16,0.00221114
2002,383,2,189.90,115.522001,35.715396,254.16,0.00000000
2002,383,3,284.85,115.521684,35.716159,239.21,-0.00109639
2002,383,4,379.80,115.521510,35.716965,269.11,0.00040572
2002,383,5,474.75,115.521265,35.717749,239.21,0.00079007
2002,383,6,569.70,115.520875,35.718492,239.21,0.00036642
2002,383,7,664.65,115.520565,35.719257,269.11,-0.00000000
2002,383,8,759.60,115.520110,35.719981,239.21,-0.00077214
2002,383,9,854.55,115.519865,35.720766,224.26,-0.00026306
2002,383,10,949.50,115.519619,35.721550,239.21,0.00115211
2002,383,11,1044.45,115.519258,35.722301,239.21,0.00056938
2002,383,12,1139.40,115.518719,35.723000,254.16,-0.00025673
2002,383,13,1234.36,115.518450,35.723778,269.11,0.00000000
2002,383,14,1329.31,115.517911,35.724477,254.16,-0.00000000
2002,383,15,1424.26,115.517641,35.725255,269.11,0.00074389
2002,383,16,1519.21,115.517102,35.725954,254.16,0.00148779
2002,384,0,0.00,115.522492,35.713827,1420.30,0.00000000
2002,384,1,60.97,115.521818,35.713827,897.03,0.00000000
2002,384,2,121.93,115.521145,35.713827,822.28,0.00000000
2002,385,0,0.00,115.517102,35.725954,254.16,0.00278587
2002,385,1,85.02,115.516717,35.726608,239.21,0.00282542
2002,385,2,170.03,115.516024,35.727032,373.76,0.00286498
2002,386,0,0.00,115.517102,35.725954,583.07,-0.00215876
2002,386,1,71.09,115.516606,35.725457,822.28,-0.00434755
2002,386,2,142.19,115.516002,35.725145,807.33,-0.00515697
2002,386,3,213.28,115.515216,35.725145,1001.69,-0.00377761
2002,387,0,0.00,115.516024,35.727032,299.01,0.00154351
2002,387,1,90.78,115.516024,35.727850,239.21,0.00193017
2002,387,2,181.55,115.515755,35.728590,239.21,0.00164984
2002,387,3,272.33,115.515375,35.729298,299.01,0.00015273
2002,387,4,363.10,115.514946,35.729992,224.26,-0.00083146
2002,387,5,453.88,115.514677,35.730731,269.11,-0.00049277
2002,387,6,544.65,115.514407,35.731471,239.21,-0.00081837
2002,387,7,635.43,115.514138,35.732211,224.26,-0.00081837
2002,387,8,726.20,115.514138,35.733029,239.21,0.00081837
2002,387,9,816.98,115.513868,35.733769,239.21,0.00163674
2002,388,0,0.00,115.516024,35.727032,583.07,-0.00204228
2002,388,1,70.06,115.515535,35.726543,852.18,-0.00214075
2002,388,2,140.13,115.514946,35.726223,553.17,-0.00223923
2002,389,0,0.00,115.515216,35.725145,388.71,0.00114234
2002,389,1,86.33,115.515401,35.724421,269.11,-0.00000000
2002,389,2,172.66,115.515755,35.723746,269.11,-0.00043507
2002,389,3,258.99,115.515772,35.722973,284.06,0.00211424
2002,389,4,345.32,115.516166,35.722309,284.06,0.00112669
2002,389,5,431.64,115.516769,35.721706,284.06,-0.00280531
2002,389,6,517.97,115.516833,35.721103,254.16,-0.00390773
2002,39,0,0.00,115.343009,35.531648,269.11,-0.00148281
2002,39,1,81.39,115.343577,35.531080,194.36,-0.00232846
2002,39,2,162.79,115.343936,35.530452,179.41,-0.00238270
2002,39,3,244.18,115.344087,35.529762,224.26,-0.00159128
2002,390,0,0.00,115.515216,35.725145,254.16,-0.00332206
2002,390,1,64.14,115.514946,35.725645,239.21,-0.00322862
2002,390,2,128.29,115.514946,35.726223,358.81,-0.00313518
2002,391,0,0.00,115.513868,35.733769,867.13,0.00000000
2002,391,1,12.19,115.513734,35.733769,627.92,0.00000000
2002,391,2,24.38,115.513599,35.733769,627.92,0.00000000
2002,392,0,0.00,115.513868,35.733769,343.86,0.00106944
2002,392,1,99.34,115.514353,35.734524,254.16,-0.00029330
2002,392,2,198.67,115.514629,35.735339,164.46,-0.00233445
2002,392,3,298.01,115.515386,35.735925,164.46,-0.00196322
2002,392,4,397.34,115.516170,35.736464,179.41,-0.00108418
2002,392,5,496.68,115.517009,35.736910,194.36,-0.00094449
2002,392,6,596.01,115.517901,35.737263,209.31,-0.00031709
2002,392,7,695.35,115.518793,35.737616,254.16,-0.00000000
2002,392,8,794.69,115.519686,35.737970,254.16,-0.00000000
2002,392,9,894.02,115.520578,35.738323,254.16,-0.00000000
2002,392,10,993.36,115.521470,35.738676,284.06,0.00015730
2002,392,11,1092.69,115.522363,35.739030,328.91,0.00000000
2002,392,12,1192.03,115.523228,35.739429,328.91,-0.00073288
2002,392,13,1291.36,115.524147,35.739736,328.91,-0.00070510
2002,392,14,1390.70,115.525111,35.739968,328.91,-0.00073677
2002,392,15,1490.04,115.526052,35.740237,358.81,-0.00076175
2002,392,16,1589.37,115.527122,35.740285,343.86,-0.00030632
2002,392,17,1688.71,115.528091,35.740507,358.81,-0.00080886
2002,392,18,1788.04,115.529189,35.740507,328.91,0.00015181
2002,392,19,1887.38,115.530287,35.740507,328.91,0.00170014
2002,392,20,1986.71,115.531228,35.740776,328.91,0.00000000
2002,392,21,2086.05,115.532170,35.741046,328.91,-0.00170014
2002,392,22,2185.39,115.533268,35.741046,299.01,-0.00080886
2002,392,23,2284.72,115.534366,35.741046,299.01,0.00000000
2002,392,24,2384.06,115.535464,35.741046,299.01,0.00000000
2002,392,25,2483.39,115.536562,35.741046,269.11,0.00000000
2002,392,26,2582.73,115.537660,35.741046,269.11,0.00000000
2002,392,27,2682.06,115.538758,35.741046,239.21,0.00000000
2002,392,28,2781.40,115.539856,35.741046,209.31,0.00000000
2002,392,29,2880.74,115.540955,35.741046,239.21,0.00000000
2002,392,30,2980.07,115.542053,35.741046,209.31,0.00000000
2002,392,31,3079.41,115.543151,35.741046,239.21,0.00000000
2002,392,32,3178.74,115.544249,35.741046,239.21,0.00000000
2002,392,33,3278.08,115.545347,35.741046,209.31,0.00000000
2002,392,34,3377.42,115.546445,35.741046,239.21,-0.00080886
2002,392,35,3476.75,115.547543,35.741046,239.21,-0.00080886
2002,392,36,3576.09,115.548484,35.740776,239.21,0.00000000
2002,392,37,3675.42,115.549583,35.740776,239.21,-0.00060772
2002,392,38,3774.76,115.550524,35.740507,269.11,-0.00089128
2002,392,39,3874.09,115.551514,35.740321,239.21,-0.00085914
2002,392,40,3973.43,115.552406,35.739968,254.16,-0.00115115
2002,394,0,0.00,115.514946,35.726223,328.91,-0.00000000
2002,394,1,38.58,115.514677,35.726493,239.21,-0.00000000
2002,394,2,77.16,115.514407,35.726762,269.11,-0.00000000
2002,395,0,0.00,115.516833,35.721103,553.17,0.00000000
2002,395,1,12.19,115.516698,35.721103,508.32,0.00000000
2002,395,2,24.38,115.516563,35.721103,508.32,0.00000000
2002,396,0,0.00,115.516833,35.721103,284.06,0.00426250
2002,396,1,65.73,115.517102,35.720589,269.11,0.00438747
2002,396,2,131.45,115.517641,35.720295,284.06,0.00451244
2002,397,0,0.00,115.552406,35.739968,239.21,-0.00000000
2002,397,1,97.42,115.553384,35.739798,224.26,-0.00010288
2002,397,2,194.83,115.554362,35.739628,224.26,-0.00044912
2002,397,3,292.25,115.555323,35.739429,239.21,-0.00059214
2002,397,4,389.66,115.556243,35.739159,224.26,0.00031206
2002,397,5,487.08,115.557162,35.738890,239.21,0.00031421
2002,397,6,584.50,115.558175,35.738780,239.21,-0.00017176
2002,397,7,681.91,115.559054,35.738440,224.26,0.00031440
2002,397,8,779.33,115.560079,35.738351,269.11,-0.00038618
2002,397,9,876.75,115.560999,35.738081,239.21,-0.00062862
2002,397,10,974.16,115.561919,35.737812,269.11,-0.00007589
2002,397,11,1071.58,115.562839,35.737542,254.16,-0.00032713
2002,397,12,1168.99,115.563746,35.737251,254.16,-0.00081065
2002,397,13,1266.41,115.564625,35.736911,254.16,-0.00030791
2002,397,14,1363.83,115.565441,35.736464,299.01,0.00088654
2002,397,15,1461.24,115.566361,35.736195,299.01,0.00063504
2002,397,16,1558.66,115.567281,35.735925,328.91,-0.00062249
2002,397,17,1656.07,115.568201,35.735656,328.91,-0.00096255
2002,397,18,1753.49,115.569019,35.735212,328.91,0.00011979
2002,397,19,1850.91,115.569884,35.734847,313.96,0.00054891
2002,397,20,1948.32,115.570777,35.734532,313.96,-0.00060723
2002,397,21,2045.74,115.571656,35.734192,299.01,-0.00069630
2002,397,22,2143.16,115.572436,35.733682,328.91,0.00045828
2002,397,23,2240.57,115.573315,35.733342,313.96,-0.00000000
2002,397,24,2337.99,115.574169,35.732961,299.01,-0.00031090
2002,397,25,2435.40,115.574973,35.732492,299.01,0.00060723
2002,397,26,2532.82,115.575852,35.732152,313.96,0.00091969
2002,398,0,0.00,115.552406,35.739968,1031.59,-0.00125326
2002,398,1,68.98,115.552406,35.739346,1151.19,-0.00534446
2002,398,2,137.96,115.552278,35.738761,478.42,-0.00895120
2002,398,3,206.94,115.551598,35.738620,284.06,-0.00846673
2002,399,0,0.00,115.575852,35.732152,328.91,-0.00204764
2002,399,1,94.44,115.576739,35.731883,239.21,-0.00200738
2002,399,2,188.89,115.577469,35.731344,224.26,-0.00196712
2002,4,0,0.00,115.334924,35.541081,224.26,0.00116295
2002,4,1,88.76,115.334924,35.540281,239.21,0.00166914
2002,4,2,177.53,115.335119,35.539538,224.26,0.00132722
2002,4,3,266.29,115.335463,35.538838,239.21,0.00000000
2002,4,4,355.06,115.335732,35.538116,209.31,-0.00047911
2002,40,0,0.00,115.339775,35.527875,328.91,0.00000000
2002,40,1,63.06,115.340314,35.527606,299.01,0.00000000
2002,40,2,126.12,115.340853,35.527336,149.51,0.00000000
2002,400,0,0.00,115.575852,35.732152,1151.19,0.00267178
2002,400,1,98.10,115.575585,35.731346,612.97,0.00610940
2002,400,2,196.19,115.575848,35.730539,254.16,0.00799347
2002,400,3,294.29,115.576930,35.730535,328.91,0.00643992
2002,401,0,0.00,115.577469,35.731344,299.01,-0.00606049
2002,401,1,72.93,115.578275,35.731344,239.21,-0.00699749
2002,401,2,145.86,115.578785,35.730836,328.91,-0.00495544
2002,401,3,218.79,115.579086,35.730266,403.66,-0.00197639
2002,402,0,0.00,115.577469,35.731344,1794.06,-0.00000000
2002,402,1,53.53,115.577200,35.730940,1794.06,-0.00000000
2002,402,2,107.06,115.576930,35.730535,897.03,-0.00000000
2002,403,0,0.00,115.576930,35.730535,358.81,0.00678096
2002,403,1,99.15,115.577208,35.729727,284.06,0.00824959
2002,403,2,198.30,115.578304,35.729727,523.27,0.00669114
2002,403,3,297.45,115.579086,35.730266,1076.44,0.00366407
2002,405,0,0.00,115.579086,35.730266,328.91,-0.00029007
2002,405,1,89.82,115.579922,35.729996,313.96,-0.00093341
2002,405,2,179.63,115.580737,35.729692,328.91,-0.00141677
2002,405,3,269.45,115.581464,35.729235,313.96,-0.00039206
2002,405,4,359.26,115.582191,35.728778,343.86,0.00000000
2002,405,5,449.08,115.582951,35.728379,313.96,0.00019508
2002,405,6,538.90,115.583644,35.727864,299.01,0.00070048
2002,405,7,628.71,115.584466,35.727571,313.96,-0.00107150
2002,405,8,718.53,115.585196,35.727120,343.86,-0.00197875
2002,405,9,808.34,115.585823,35.726493,358.81,-0.00127639
2002,406,0,0.00,115.585823,35.726493,328.91,-0.00214896
2002,406,1,96.15,115.586729,35.726223,299.01,-0.00189390
2002,406,2,192.31,115.587464,35.725661,343.86,-0.00060722
2002,406,3,288.46,115.588235,35.725159,328.91,0.00081942
2002,406,4,384.61,115.589006,35.724658,343.86,0.00123091
2002,406,5,480.76,115.589876,35.724327,328.91,0.00111061
2002,406,6,576.92,115.590746,35.723996,313.96,0.00070964
2002,406,7,673.07,115.591693,35.723798,209.31,-0.00003613
2002,406,8,769.22,115.592599,35.723528,209.31,0.00069545
2002,406,9,865.37,115.593505,35.723259,209.31,0.00106544
2002,406,10,961.53,115.594567,35.723259,239.21,-0.00000000
2002,406,11,1057.68,115.595492,35.723022,164.46,0.00065431
2002,406,12,1153.83,115.596536,35.722989,149.51,0.00086495
2002,406,13,1249.98,115.597599,35.722989,149.51,0.00096446
2002,406,14,1346.14,115.598661,35.722989,179.41,0.00181926
2002,406,15,1442.29,115.599567,35.723259,179.41,0.00095431
2002,406,16,1538.44,115.600473,35.723528,149.51,0.00000000
2002,406,17,1634.59,115.601379,35.723798,179.41,0.00090107
2002,406,18,1730.75,115.602285,35.724067,239.21,0.00098792
2002,406,19,1826.90,115.603047,35.724583,209.31,0.00017341
2002,406,20,1923.05,115.603939,35.724876,269.11,0.00095327
2002,406,21,2019.20,115.604688,35.725415,269.11,0.00173340
2002,407,0,0.00,115.585823,35.726493,1061.49,-0.00000000
2002,407,1,83.43,115.585554,35.725819,1136.24,-0.00000000
2002,407,2,166.87,115.585284,35.725145,792.38,-0.00000000
2002,408,0,0.00,115.604688,35.725415,239.21,0.00271331
2002,408,1,90.99,115.605621,35.725540,269.11,0.00273608
2002,408,2,181.98,115.606356,35.726005,313.96,0.00137943
2002,408,3,272.97,115.607091,35.726470,299.01,0.00064651
2002,408,4,363.96,115.607825,35.726935,343.86,0.00124434
2002,408,5,454.95,115.608461,35.727571,328.91,0.00119564
2002,409,0,0.00,115.604688,35.725415,523.27,0.00507158
2002,409,1,76.33,115.604688,35.726103,1106.34,0.00553494
2002,409,2,152.67,115.604149,35.726493,538.22,0.00599831
2002,41,0,0.00,115.339775,35.527875,328.91,0.00143962
2002,41,1,94.06,115.339775,35.527028,224.26,0.00148278
2002,41,2,188.12,115.340044,35.526258,104.65,0.00152595
2002,410,0,0.00,115.608461,35.727571,284.06,0.00199058
2002,410,1,92.99,115.609408,35.727710,328.91,0.00255170
2002,410,2,185.98,115.610203,35.728110,313.96,0.00128164
2002,410,3,278.97,115.610917,35.728649,328.91,-0.00050067
2002,410,4,371.96,115.611753,35.728977,328.91,0.00034650
2002,410,5,464.95,115.612501,35.729457,328.91,0.00056791
2002,410,6,557.94,115.613251,35.729935,313.96,-0.00000000
2002,410,7,650.93,115.614000,35.730415,358.81,0.00000448
2002,410,8,743.92,115.614748,35.730894,313.96,0.00061769
2002,410,9,836.91,115.615497,35.731373,358.81,0.00033237
2002,410,10,929.89,115.616147,35.732023,373.76,-0.00069392
2002,410,11,1022.88,115.616942,35.732422,388.71,-0.00003688
2002,410,12,1115.87,115.617656,35.732961,403.66,-0.00049616
2002,410,13,1208.86,115.618393,35.733460,403.66,-0.00161447
2002,410,14,1301.85,115.619241,35.733769,343.86,-0.00149317
2002,411,0,0.00,115.608461,35.727571,1719.31,-0.00867173
2002,411,1,34.24,115.608222,35.727810,1225.94,-0.00878747
2002,411,2,68.48,115.608191,35.728110,508.32,-0.00890322
2002,412,0,0.00,115.619241,35.733769,1794.06,-0.00171674
2002,412,1,87.77,115.619780,35.733135,1390.40,-0.00174688
2002,412,2,175.55,115.620049,35.732422,882.08,-0.00177702
2002,413,0,0.00,115.619241,35.733769,418.61,-0.00186566
2002,413,1,99.13,115.619933,35.734462,388.71,-0.00104194
2002,413,2,198.26,115.620805,35.734847,418.61,0.00032740
2002,413,3,297.39,115.621517,35.735506,403.66,-0.00000000
2002,413,4,396.52,115.622308,35.736028,448.52,-0.00066643
2002,413,5,495.64,115.623100,35.736551,433.57,0.00000000
2002,413,6,594.77,115.623932,35.737003,418.61,0.00045488
2002,413,7,693.90,115.624683,35.737595,433.57,-0.00000000
2002,413,8,793.03,115.625475,35.738117,448.52,-0.00022497
2002,413,9,892.16,115.626267,35.738639,418.61,0.00054015
2002,413,10,991.29,115.627059,35.739162,433.57,0.00054015
2002,413,11,1090.42,115.627751,35.739854,448.52,-0.00054015
2002,413,12,1189.55,115.628543,35.740376,448.52,-0.00054015
2002,413,13,1288.67,115.629334,35.740899,448.52,0.00000000
2002,413,14,1387.80,115.630126,35.741421,448.52,0.00000000
2002,413,15,1486.93,115.630918,35.741943,433.57,0.00000000
2002,413,16,1586.06,115.631710,35.742465,448.52,-0.00012677
2002,413,17,1685.19,115.632501,35.742987,433.57,0.00000000
2002,413,18,1784.32,115.633315,35.743471,418.61,0.00078412
2002,413,19,1883.45,115.634085,35.744032,403.66,0.00054015
2002,413,20,1982.58,115.634777,35.744724,403.66,-0.00065735
2002,413,21,2081.71,115.635569,35.745247,418.61,-0.00054015
2002,413,22,2180.83,115.636361,35.745769,448.52,-0.00000000
2002,413,23,2279.96,115.637152,35.746291,448.52,-0.00030272
2002,413,24,2379.09,115.637944,35.746813,418.61,0.00000000
2002,413,25,2478.22,115.638789,35.747244,448.52,0.00041183
2002,413,26,2577.35,115.639527,35.747858,418.61,-0.00000000
2002,413,27,2676.48,115.640353,35.748322,433.57,-0.00048263
2002,413,28,2775.61,115.641111,35.748902,418.61,-0.00056947
2002,413,29,2874.74,115.642002,35.749254,418.61,0.00037352
2002,413,30,2973.87,115.642793,35.749776,388.71,0.00056947
2002,413,31,3072.99,115.643585,35.750298,418.61,0.00000000
2002,413,32,3172.12,115.644377,35.750821,418.61,-0.00013023
2002,413,33,3271.25,115.645169,35.751343,403.66,-0.00098858
2002,413,34,3370.38,115.645983,35.751825,388.71,-0.00159360
2002,413,35,3469.51,115.646922,35.752095,388.71,-0.00139142
2002,413,36,3568.64,115.647861,35.752364,388.71,0.00208707
2002,413,37,3667.77,115.648616,35.752387,358.81,0.00301047
2002,413,38,3766.90,115.648921,35.753173,358.81,-0.00115749
2002,413,39,3866.02,115.649860,35.753442,328.91,-0.00142313
2002,413,40,3965.15,115.650642,35.753981,284.06,-0.00064450
2002,413,41,4064.28,115.651581,35.754251,269.11,-0.00036271
2002,413,42,4163.41,115.652471,35.754603,224.26,0.00028340
2002,413,43,4262.54,115.653362,35.754955,224.26,-0.00021004
2002,413,44,4361.67,115.654253,35.755307,179.41,-0.00049408
2002,413,45,4460.80,115.655180,35.755598,149.51,-0.00035844
2002,413,46,4559.93,115.656119,35.755868,164.46,-0.00018535
2002,413,47,4659.06,115.657058,35.756137,164.46,-0.00040740
2002,413,48,4758.18,115.658015,35.756374,164.46,0.00009249
2002,413,49,4857.31,115.659006,35.756556,179.41,-0.00009589
2002,413,50,4956.44,115.659896,35.756908,194.36,-0.00075495
2002,413,51,5055.57,115.660970,35.756946,239.21,-0.00039192
2002,413,52,5154.70,115.661909,35.757215,239.21,-0.00012179
2002,413,53,5253.83,115.663005,35.757215,239.21,-0.00000000
2002,413,54,5352.96,115.663944,35.757485,239.21,-0.00081234
2002,413,55,5452.09,115.665040,35.757485,239.21,-0.00081234
2002,413,56,5551.21,115.666136,35.757485,239.21,0.00081234
2002,413,57,5650.34,115.667232,35.757485,239.21,0.00081234
2002,413,58,5749.47,115.668171,35.757754,239.21,0.00000000
2002,413,59,5848.60,115.669267,35.757754,269.11,0.00000000
2002,413,60,5947.73,115.670206,35.758024,239.21,-0.00081234
2002,413,61,6046.86,115.671302,35.758024,269.11,-0.00081234
2002,413,62,6145.99,115.672398,35.758024,269.11,0.00070411
2002,413,63,6245.12,115.673494,35.758024,299.01,0.00081234
2002,413,64,6344.25,115.674453,35.758259,284.06,-0.00060688
2002,413,65,6443.37,115.675529,35.758293,328.91,-0.00081234
2002,413,66,6542.50,115.676625,35.758293,328.91,-0.00009723
2002,413,67,6641.63,115.677721,35.758293,269.11,0.00000000
2002,414,0,0.00,115.677721,35.758293,1794.06,0.00000000
2002,414,1,59.80,115.677721,35.757754,1674.46,0.00000000
2002,414,2,119.61,115.677721,35.757215,882.08,0.00000000
2002,415,0,0.00,115.677721,35.758293,328.91,-0.00190865
2002,415,1,96.16,115.678627,35.758563,328.91,-0.00181926
2002,415,2,192.31,115.679690,35.758563,328.91,-0.00086493
2002,415,3,288.47,115.680754,35.758563,388.71,0.00086493
2002,415,4,384.62,115.681817,35.758563,388.71,0.00086493
2002,415,5,480.78,115.682723,35.758832,388.71,-0.00000000
2002,415,6,576.93,115.683786,35.758832,358.81,-0.00000000
2002,415,7,673.09,115.684693,35.759102,328.91,0.00000000
2002,415,8,769.24,115.685756,35.759102,328.91,0.00007084
2002,415,9,865.40,115.686662,35.759371,299.01,-0.00000000
2002,415,10,961.55,115.687713,35.759392,254.16,0.00080798
2002,415,11,1057.71,115.688631,35.759641,269.11,0.00000000
2002,415,12,1153.86,115.689538,35.759910,239.21,-0.00087882
2002,415,13,1250.02,115.690601,35.759910,239.21,0.00095432
2002,415,14,1346.17,115.691507,35.760180,209.31,0.00095432
2002,415,15,1442.33,115.692413,35.760449,209.31,-0.00000000
2002,415,16,1538.48,115.693319,35.760719,209.31,0.00000000
2002,415,17,1634.64,115.694225,35.760988,209.31,0.00000000
2002,415,18,1730.79,115.695132,35.761258,179.41,-0.00000000
2002,415,19,1826.95,115.696038,35.761527,194.36,0.00000000
2002,415,20,1923.10,115.696944,35.761797,179.41,-0.00057812
2002,415,21,2019.26,115.697850,35.762066,209.31,-0.00095432
2002,415,22,2115.41,115.698850,35.762175,254.16,-0.00019623
2002,415,23,2211.57,115.699820,35.762336,313.96,0.00035994
2002,416,0,0.00,115.699820,35.762336,448.52,-0.00115136
2002,416,1,92.10,115.700463,35.761692,239.21,-0.00118216
2002,416,2,184.20,115.700898,35.760988,,-0.00121295
2002,417,0,0.00,115.699820,35.762336,299.01,0.00264469
2002,417,1,81.34,115.700359,35.762912,299.01,0.00201239
2002,417,2,162.67,115.700538,35.763593,194.36,0.00000000
2002,417,3,244.01,115.700898,35.764222,209.31,-0.00138009
2002,418,0,0.00,115.700898,35.764222,1300.70,0.00000000
2002,418,1,48.74,115.701437,35.764222,1121.29,0.00000000
2002,418,2,97.48,115.701976,35.764222,254.16,0.00000000
2002,419,0,0.00,115.700898,35.764222,194.36,-0.00377746
2002,419,1,83.43,115.700628,35.764896,149.51,-0.00377746
2002,419,2,166.86,115.700898,35.765570,164.46,-0.00377746
2002,42,0,0.00,115.372114,35.569108,269.11,-0.00530655
2002,42,1,90.21,115.373041,35.568990,254.16,-0.00528743
2002,42,2,180.42,115.373462,35.568300,388.71,-0.00526831
2002,420,0,0.00,115.700898,35.765570,1450.20,0.00000000
2002,420,1,48.74,115.701437,35.765570,1270.79,0.00000000
2002,420,2,97.48,115.701976,35.765570,254.16,0.00000000
2002,421,0,0.00,115.700898,35.765570,164.46,-0.00143342
2002,421,1,96.80,115.700628,35.766364,149.51,-0.00078229
2002,421,2,193.60,115.700628,35.767236,209.31,-0.00063283
2002,421,3,290.40,115.700386,35.768023,254.16,-0.00053856
2002,421,4,387.20,115.700612,35.768820,284.06,0.00130489
2002,421,5,484.00,115.700359,35.769619,328.91,-0.00007261
2002,421,6,580.80,115.700089,35.770413,328.91,-0.00134881
2002,421,7,677.60,115.700359,35.771208,328.91,0.00139346
2002,421,8,774.41,115.700089,35.772002,388.71,0.00139346
2002,421,9,871.21,115.699820,35.772796,388.71,-0.00071671
2002,421,10,968.01,115.699550,35.773591,373.76,-0.00139346
2002,421,11,1064.81,115.699550,35.774463,403.66,-0.00135350
2002,422,0,0.00,115.699550,35.774463,433.57,-0.00068052
2002,422,1,97.65,115.699011,35.775187,358.81,-0.00106894
2002,422,2,195.30,115.698603,35.775949,388.71,-0.00073392
2002,422,3,292.96,115.698339,35.776752,388.71,0.00000824
2002,422,4,390.61,115.697933,35.777515,373.76,-0.00034975
2002,422,5,488.26,115.697664,35.778317,328.91,-0.00077536
2002,422,6,585.91,115.697394,35.779119,373.76,0.00000000
2002,422,7,683.57,115.697281,35.779966,358.81,0.00082928
2002,422,8,781.22,115.696855,35.780722,403.66,-0.00000000
2002,422,9,878.87,115.696586,35.781524,358.81,0.00022591
2002,422,10,976.52,115.696316,35.782326,403.66,0.00071843
2002,422,11,1074.18,115.695805,35.783058,403.66,-0.00066985
2002,422,12,1171.83,115.695508,35.783852,388.71,-0.00083365
2002,422,13,1269.48,115.695277,35.784665,343.86,0.00012897
2002,422,14,1367.13,115.695012,35.785469,373.76,0.00008842
2002,422,15,1464.79,115.694699,35.786258,358.81,-0.00010217
2002,422,16,1562.44,115.694483,35.787076,373.76,-0.00053951
2002,422,17,1660.09,115.694160,35.787862,358.81,-0.00136844
2002,422,18,1757.74,115.694160,35.788742,299.01,-0.00080213
2002,422,19,1855.40,115.694160,35.789622,299.01,0.00066467
2002,422,20,1953.05,115.694160,35.790502,299.01,0.00066467
2002,422,21,2050.70,115.693891,35.791304,358.81,-0.00000000
2002,422,22,2148.35,115.693891,35.792184,358.81,-0.00000000
2002,422,23,2246.01,115.693621,35.792986,328.91,-0.00066467
2002,422,24,2343.66,115.693621,35.793867,328.91,-0.00132933
2002,423,0,0.00,115.699550,35.774463,672.77,0.00000000
2002,423,1,80.53,115.700113,35.775026,642.87,-0.00160234
2002,423,2,161.07,115.700675,35.775588,1031.59,-0.00337184
2002,423,3,241.60,115.701437,35.775810,29.90,-0.00353902
2002,424,0,0.00,115.693621,35.793867,867.13,0.00439875
2002,424,1,50.75,115.694075,35.794051,598.02,0.00418318
2002,424,2,101.50,115.694430,35.794406,463.47,0.00396761
2002,425,0,0.00,115.693621,35.793867,313.96,-0.00207943
2002,425,1,94.91,115.693167,35.794590,343.86,-0.00227445
2002,425,2,189.81,115.693082,35.795421,299.01,-0.00074616
2002,425,3,284.72,115.693082,35.796276,269.11,0.00048858
2002,425,4,379.62,115.692813,35.797054,239.21,-0.00070429
2002,425,5,474.53,115.692813,35.797909,224.26,-0.00140858
2002,426,0,0.00,115.694430,35.794406,1151.19,0.00353965
2002,426,1,68.01,115.695182,35.794406,448.52,0.00372960
2002,426,2,136.02,115.695777,35.794675,538.22,0.00391955
2002,427,0,0.00,115.694430,35.794406,328.91,-0.00514267
2002,427,1,69.51,115.694706,35.794952,418.61,-0.01069260
2002,427,2,139.03,115.695291,35.795161,717.63,-0.01229241
2002,427,3,208.54,115.695777,35.794675,358.81,-0.00834229
2002,428,0,0.00,115.692813,35.797909,433.57,-0.00300326
2002,428,1,87.29,115.693522,35.798349,687.72,-0.00296189
2002,428,2,174.58,115.694430,35.798448,433.57,-0.00292051
2002,429,0,0.00,115.692813,35.797909,209.31,-0.00154985
2002,429,1,93.17,115.692543,35.798671,209.31,-0.00150611
2002,429,2,186.34,115.692543,35.799510,179.41,-0.00073118
2002,429,3,279.52,115.692543,35.800350,209.31,-0.00073118
2002,429,4,372.69,115.692543,35.801190,209.31,-0.00150611
2002,429,5,465.86,115.692813,35.801951,209.31,-0.00154985
2002,43,0,0.00,115.372114,35.569108,1644.56,0.00506818
2002,43,1,87.65,115.371575,35.568475,702.67,0.00890843
2002,43,2,175.29,115.371842,35.567763,239.21,0.01209275
2002,43,3,262.94,115.372808,35.567761,523.27,0.00802591
2002,43,4,350.58,115.373462,35.568300,1375.45,0.00461499
2002,430,0,0.00,115.695777,35.794675,568.12,0.01006502
2002,430,1,46.42,115.696201,35.794829,358.81,0.00981621
2002,430,2,92.83,115.696316,35.795214,313.96,0.00956739
2002,431,0,0.00,115.692813,35.801951,1629.61,0.00000000
2002,431,1,69.69,115.693584,35.801951,1794.06,0.00168219
2002,431,2,139.39,115.694355,35.801951,568.12,0.00354615
2002,431,3,209.08,115.694969,35.802221,433.57,0.00372792
2002,432,0,0.00,115.692813,35.801951,269.11,-0.00428238
2002,432,1,78.44,115.692543,35.802580,209.31,-0.00428238
2002,432,2,156.87,115.692813,35.803209,269.11,-0.00214119
2002,432,3,235.31,115.693082,35.803838,209.31,-0.00000000
2002,433,0,0.00,115.694969,35.802221,313.96,0.00479242
2002,433,1,95.72,115.694718,35.803011,284.06,0.00398064
2002,433,2,191.43,115.693827,35.803299,478.42,0.00069136
2002,433,3,287.15,115.693082,35.803838,388.71,-0.00178615
2002,434,0,0.00,115.694969,35.802221,239.21,-0.00000000
2002,434,1,72.40,115.695475,35.801715,239.21,0.00095413
2002,434,2,144.80,115.695980,35.801209,269.11,0.00199864
2002,434,3,217.20,115.696586,35.800873,388.71,0.00208900
2002,435,0,0.00,115.693082,35.803838,209.31,-0.00539070
2002,435,1,49.19,115.693082,35.804281,239.21,-0.00550225
2002,435,2,98.37,115.693352,35.804646,209.31,-0.00561381
2002,436,0,0.00,115.696855,35.801143,299.01,0.00000000
2002,436,1,19.28,115.696720,35.801008,209.31,0.00000000
2002,436,2,38.57,115.696586,35.800873,299.01,0.00000000
2002,437,0,0.00,115.696586,35.800873,194.36,-0.00143507
2002,437,1,94.04,115.696586,35.800026,209.31,-0.00071754
2002,437,2,188.08,115.696316,35.799256,179.41,0.00000000
2002,437,3,282.12,115.696316,35.798409,209.31,-0.00076033
2002,437,4,376.16,115.696047,35.797639,209.31,-0.00152065
2002,438,0,0.00,115.696855,35.801143,209.31,-0.00890044
2002,438,1,34.23,115.696885,35.801443,224.26,-0.00878503
2002,438,2,68.47,115.697125,35.801682,239.21,-0.00866962
2002,439,0,0.00,115.696855,35.801143,598.02,0.00000000
2002,439,1,24.36,115.697125,35.801143,134.55,0.00000000
2002,439,2,48.72,115.697394,35.801143,104.65,0.00000000
2002,44,0,0.00,115.344087,35.529762,254.16,-0.01067396
2002,44,1,31.53,115.343867,35.529542,269.11,-0.01106882
2002,44,2,63.06,115.343548,35.529492,284.06,-0.01146368
2002,440,0,0.00,115.693352,35.804646,1629.61,0.00000000
2002,440,1,60.90,115.694025,35.804646,717.63,0.00000000
2002,440,2,121.79,115.694699,35.804646,777.43,0.00000000
2002,441,0,0.00,115.693352,35.804646,224.26,-0.00441363
2002,441,1,79.48,115.693159,35.805262,179.41,-0.00586949
2002,441,2,158.95,115.693506,35.805878,209.31,-0.00530919
2002,441,3,238.43,115.694160,35.806263,672.77,-0.00329303
2002,442,0,0.00,115.696047,35.797639,478.42,-0.01149870
2002,442,1,31.46,115.695728,35.797689,448.52,-0.01109993
2002,442,2,62.93,115.695508,35.797909,299.01,-0.01070115
2002,443,0,0.00,115.696047,35.797639,269.11,-0.00561423
2002,443,1,49.19,115.696316,35.797274,239.21,-0.00550266
2002,443,2,98.37,115.696316,35.796831,224.26,-0.00539109
2002,444,0,0.00,115.697125,35.801682,134.55,0.00000000
2002,444,1,12.18,115.697259,35.801682,134.55,0.00000000
2002,444,2,24.36,115.697394,35.801682,104.65,0.00000000
2002,445,0,0.00,115.697125,35.801682,194.36,-0.00216865
2002,445,1,79.09,115.696855,35.802317,343.86,-0.00210539
2002,445,2,158.18,115.696855,35.803029,299.01,-0.00204214
2002,446,0,0.00,115.694160,35.806263,343.86,-0.00369474
2002,446,1,55.82,115.694650,35.806483,807.33,-0.00359054
2002,446,2,111.64,115.695238,35.806533,1136.24,-0.00348634
2002,447,0,0.00,115.694160,35.806263,343.86,-0.00216850
2002,447,1,79.09,115.693891,35.806898,358.81,-0.00210526
2002,447,2,158.17,115.693891,35.807611,239.21,-0.00204201
2002,447,3,237.26,115.693891,35.808324,209.31,-0.00210526
2002,447,4,316.35,115.694160,35.808958,194.36,-0.00216850
2002,448,0,0.00,115.696316,35.796831,313.96,-0.00736811
2002,448,1,97.17,115.695556,35.796292,627.92,-0.00803293
2002,448,2,194.33,115.694969,35.796831,313.96,-0.00869776
2002,449,0,0.00,115.696316,35.796831,328.91,0.01070104
2002,449,1,31.46,115.696536,35.796611,493.37,0.01109980
2002,449,2,62.93,115.696855,35.796562,433.57,0.01149856
2002,45,0,0.00,115.344087,35.529762,224.26,-0.00000000
2002,45,1,57.93,115.344491,35.529358,104.65,-0.00000000
2002,45,2,115.86,115.344895,35.528953,254.16,-0.00000000
2002,450,0,0.00,115.696855,35.803029,598.02,0.00000000
2002,450,1,24.36,115.697125,35.803029,134.55,0.00000000
2002,450,2,48.72,115.697394,35.803029,104.65,0.00000000
2002,451,0,0.00,115.696855,35.803029,343.86,-0.00003531
2002,451,1,88.14,115.696448,35.803706,224.26,-0.00046558
2002,451,2,176.29,115.696047,35.804384,269.11,-0.00132730
2002,451,3,264.43,115.695777,35.805100,224.26,-0.00043233
2002,451,4,352.57,115.695645,35.805856,239.21,0.00134496
2002,451,5,440.72,115.695238,35.806533,164.46,0.00179582
2002,452,0,0.00,115.695238,35.806533,388.71,0.00039736
2002,452,1,83.71,115.695614,35.807178,343.86,0.00302494
2002,452,2,167.41,115.695894,35.807763,254.16,0.00545426
2002,452,3,251.12,115.695518,35.808409,269.11,0.00624985
2002,452,4,334.83,115.695086,35.808958,807.33,0.00637600
2002,452,5,418.54,115.694160,35.808958,837.23,0.00550830
2002,454,0,0.00,115.694160,35.808958,224.26,-0.00137402
2002,454,1,96.06,115.694160,35.809824,179.41,-0.00088014
2002,454,2,192.12,115.694430,35.810612,209.31,-0.00071658
2002,454,3,288.18,115.694502,35.811456,194.36,-0.00107683
2002,454,4,384.24,115.694965,35.812188,224.26,0.00064180
2002,454,5,480.30,115.695238,35.812975,209.31,0.00068601
2002,454,6,576.35,115.695262,35.813833,239.21,-0.00113957
2002,454,7,672.41,115.695725,35.814565,254.16,0.00044474
2002,454,8,768.47,115.695978,35.815358,224.26,0.00103201
2002,454,9,864.53,115.696047,35.816203,239.21,-0.00058845
2002,454,10,960.59,115.696316,35.816991,239.21,-0.00034654
2002,454,11,1056.65,115.696586,35.817779,269.11,0.00072765
2002,454,12,1152.71,115.696782,35.818587,224.26,0.00033574
2002,454,13,1248.77,115.696855,35.819432,239.21,0.00000000
2002,454,14,1344.83,115.697125,35.820220,254.16,0.00088014
2002,454,15,1440.89,115.697125,35.821086,269.11,0.00137402
2002,455,0,0.00,115.697125,35.821086,299.01,0.00434193
2002,455,1,89.61,115.697664,35.821596,239.21,0.00342837
2002,455,2,179.21,115.697664,35.822403,269.11,0.00100303
2002,455,3,268.82,115.697849,35.823157,224.26,0.00029610
2002,455,4,358.42,115.697933,35.823940,224.26,0.00079142
2002,455,5,448.03,115.697933,35.824748,209.31,0.00024094
2002,455,6,537.63,115.697933,35.825555,239.21,0.00000000
2002,455,7,627.24,115.697933,35.826363,194.36,0.00000000
2002,455,8,716.84,115.697933,35.827014,239.21,0.00000000
2002,456,0,0.00,115.697125,35.821086,358.81,-0.00000000
2002,456,1,19.28,115.696990,35.821220,358.81,-0.00000000
2002,456,2,38.56,115.696855,35.821355,358.81,-0.00000000
2002,457,0,0.00,115.697933,35.827014,1794.06,0.00000000
2002,457,1,60.88,115.697259,35.827014,1794.06,0.00000000
2002,457,2,121.76,115.696586,35.827014,568.12,0.00000000
2002,458,0,0.00,115.697933,35.827014,239.21,-0.00132745
2002,458,1,97.69,115.697933,35.827895,254.16,-0.00066372
2002,458,2,195.38,115.698203,35.828697,284.06,-0.00000000
2002,458,3,293.07,115.698203,35.829578,284.06,-0.00000000
2002,458,4,390.76,115.698472,35.830380,299.01,0.00066372
2002,458,5,488.45,115.698472,35.831260,269.11,0.00051907
2002,458,6,586.14,115.698472,35.832141,299.01,-0.00066372
2002,458,7,683.82,115.698533,35.833004,299.01,-0.00036588
2002,458,8,781.51,115.698742,35.833824,328.91,-0.00000000
2002,458,9,879.20,115.698742,35.834704,328.91,-0.00057405
2002,458,10,976.89,115.699011,35.835507,358.81,-0.00070272
2002,458,11,1074.58,115.699174,35.836340,358.81,0.00014568
2002,458,12,1172.27,115.699550,35.837111,358.81,0.00136645
2002,458,13,1269.96,115.699550,35.837992,373.76,0.00093890
2002,458,14,1367.65,115.699550,35.838872,403.66,0.00000000
2002,459,0,0.00,115.699550,35.838872,1450.20,-0.00182637
2002,459,1,91.45,115.698538,35.838872,1390.40,-0.00539727
2002,459,2,182.90,115.697676,35.839129,538.22,-0.00760880
2002,459,3,274.35,115.697664,35.839950,373.76,-0.00624941
2002,46,0,0.00,115.340853,35.527336,433.57,-0.00922644
2002,46,1,43.75,115.341179,35.527606,1031.59,-0.00903788
2002,46,2,87.51,115.341661,35.527606,612.97,-0.00884931
2002,460,0,0.00,115.699550,35.838872,388.71,0.00297323
2002,460,1,95.45,115.700089,35.839576,358.81,0.00182242
2002,460,2,190.91,115.700089,35.840437,388.71,-0.00075120
2002,460,3,286.36,115.700507,35.841176,388.71,-0.00080520
2002,460,4,381.82,115.700898,35.841923,358.81,-0.00048095
2002,460,5,477.27,115.701214,35.842692,373.76,-0.00114253
2002,460,6,572.73,115.701881,35.843359,328.91,0.00018325
2002,460,7,668.18,115.702339,35.844087,284.06,-0.00000000
2002,460,8,763.64,115.702797,35.844814,164.46,-0.00109806
2002,460,9,859.09,115.703464,35.845481,179.41,-0.00053504
2002,460,10,954.55,115.704131,35.846149,179.41,0.00000000
2002,461,0,0.00,115.704131,35.846149,1465.15,-0.00347668
2002,461,1,53.51,115.703758,35.846523,1001.69,-0.00358305
2002,461,2,107.02,115.703592,35.846957,747.53,-0.00368943
2002,462,0,0.00,115.704131,35.846149,239.21,0.00099112
2002,462,1,96.38,115.704904,35.846652,239.21,-0.00010507
2002,462,2,192.76,115.705479,35.847213,299.01,-0.00047054
2002,462,3,289.14,115.706341,35.847549,269.11,0.00016659
2002,462,4,385.52,115.707014,35.848223,313.96,-0.00002501
2002,462,5,481.91,115.707876,35.848574,328.91,-0.00012338
2002,462,6,578.29,115.708560,35.849230,328.91,-0.00060374
2002,462,7,674.67,115.709433,35.849563,343.86,-0.00032430
2002,462,8,771.05,115.710205,35.850067,328.91,-0.00063224
2002,462,9,867.43,115.711042,35.850460,284.06,-0.00311426
2002,462,10,963.81,115.711952,35.850730,269.11,-0.00407507
2002,462,11,1060.19,115.712862,35.850460,209.31,-0.00252185
2002,462,12,1156.57,115.713771,35.850191,164.46,-0.00194279
2002,462,13,1252.95,115.714567,35.849727,134.55,-0.00150193
2002,462,14,1349.33,115.715181,35.849177,194.36,-0.00098354
2002,462,15,1445.72,115.715904,35.848659,224.26,-0.00110484
2002,462,16,1542.10,115.716369,35.847925,254.16,0.00066401
2002,462,17,1638.48,115.717042,35.847252,328.91,0.00087275
2002,462,18,1734.86,115.717815,35.846748,328.91,-0.00053104
2002,462,19,1831.24,115.718415,35.846053,328.91,-0.00071364
2002,462,20,1927.62,115.719053,35.845511,403.66,-0.00052463
2002,462,21,2024.00,115.719517,35.844776,373.76,-0.00015910
2002,462,22,2120.38,115.720191,35.844103,388.71,-0.00058030
2002,462,23,2216.76,115.720656,35.843369,403.66,-0.00055191
2002,462,24,2313.14,115.721110,35.842631,328.91,0.00171295
2002,462,25,2409.53,115.721585,35.841900,343.86,0.00340414
2002,462,26,2505.91,115.722457,35.841567,448.52,0.00343916
2002,463,0,0.00,115.722457,35.841567,388.71,0.00338545
2002,463,1,68.46,115.722457,35.840950,328.91,0.00425204
2002,463,2,136.93,115.722787,35.840429,343.86,0.00329804
2002,463,3,205.39,115.723266,35.839950,388.71,0.00147743
2002,464,0,0.00,115.722457,35.841567,956.83,-0.00185132
2002,464,1,89.91,115.723085,35.842195,1121.29,-0.00680434
2002,464,2,179.81,115.723714,35.842466,493.37,-0.01084069
2002,464,3,269.72,115.724342,35.841838,328.91,-0.00685874
2002,464,4,359.63,115.724344,35.841028,478.42,-0.00379346
2002,465,0,0.00,115.723266,35.839950,358.81,0.00000000
2002,465,1,95.06,115.723721,35.839225,313.96,0.00056782
2002,465,2,190.13,115.724176,35.838500,284.06,0.00056782
2002,465,3,285.19,115.724841,35.837836,284.06,0.00000000
2002,465,4,380.25,115.725296,35.837111,284.06,0.00053953
2002,465,5,475.32,115.725961,35.836447,358.81,0.00107906
2002,466,0,0.00,115.723266,35.839950,1061.49,-0.00000000
2002,466,1,77.12,115.723805,35.840489,956.83,-0.00000000
2002,466,2,154.24,115.724344,35.841028,956.83,-0.00000000
2002,467,0,0.00,115.724344,35.841028,433.57,-0.00538551
2002,467,1,77.86,115.725086,35.840824,328.91,-0.00527741
2002,467,2,155.72,115.725422,35.840220,328.91,-0.00516932
2002,469,0,0.00,115.725961,35.836447,926.93,-0.00000000
2002,469,1,95.21,115.726626,35.837112,926.93,0.00308928
2002,469,2,190.41,115.727291,35.837777,388.71,0.00701931
2002,469,3,285.62,115.726769,35.838333,284.06,0.00786006
2002,47,0,0.00,115.340853,35.527336,269.11,-0.00000000
2002,47,1,38.62,115.341122,35.527067,104.65,-0.00000000
2002,47,2,77.24,115.341392,35.526797,239.21,-0.00000000
2002,470,0,0.00,115.725961,35.836447,299.01,0.00283951
2002,470,1,82.85,115.726230,35.835778,269.11,0.00422230
2002,470,2,165.69,115.726800,35.835338,284.06,0.00397129
2002,470,3,248.54,115.727578,35.835099,508.32,0.00233747
2002,471,0,0.00,115.727578,35.835099,373.76,0.00269176
2002,471,1,98.20,115.727578,35.834214,284.06,0.00312099
2002,471,2,196.41,115.728114,35.833485,239.21,0.00213368
2002,471,3,294.61,115.728801,35.832798,254.16,0.00086974
2002,471,4,392.81,115.729487,35.832112,239.21,0.00106172
2002,471,5,491.02,115.730272,35.831596,254.16,0.00110109
2002,472,0,0.00,115.727578,35.835099,897.03,-0.00000000
2002,472,1,38.56,115.727847,35.835369,986.73,-0.00000000
2002,472,2,77.12,115.728117,35.835638,867.13,-0.00000000
2002,473,0,0.00,115.730272,35.831596,672.77,-0.00136014
2002,473,1,87.09,115.730672,35.832265,732.58,-0.00561754
2002,473,2,174.18,115.731281,35.832874,313.96,-0.01009164
2002,473,3,261.28,115.731889,35.832404,224.26,-0.01030834
2002,474,0,0.00,115.730272,35.831596,239.21,-0.00000000
2002,474,1,75.77,115.730802,35.831066,224.26,0.00281554
2002,474,2,151.53,115.731331,35.830537,149.51,0.00567008
2002,474,3,227.30,115.732159,35.830518,269.11,0.00570909
2002,475,0,0.00,115.728117,35.835638,299.01,0.00000000
2002,475,1,59.80,115.728117,35.836177,373.76,0.00000000
2002,475,2,119.61,115.728117,35.836716,343.86,0.00000000
2002,476,0,0.00,115.728117,35.835638,269.11,0.01297053
2002,476,1,87.74,115.728730,35.835173,538.22,0.01200694
2002,476,2,175.49,115.728925,35.835908,433.57,0.01104335
2002,477,0,0.00,115.732159,35.830518,254.16,0.00503749
2002,477,1,72.88,115.732459,35.829948,164.46,0.00495868
2002,477,2,145.76,115.733127,35.829709,284.06,0.00224241
2002,477,3,218.64,115.733776,35.829440,299.01,-0.00039505
2002,478,0,0.00,115.732159,35.830518,1749.21,-0.00573717
2002,478,1,75.09,115.732684,35.831043,553.17,-0.00576741
2002,478,2,150.18,115.733506,35.831057,388.71,-0.00579765
2002,479,0,0.00,115.733776,35.829440,343.86,0.00143455
2002,479,1,94.04,115.733776,35.830287,373.76,0.00147730
2002,479,2,188.07,115.733506,35.831057,373.76,0.00152005
2002,48,0,0.00,115.340044,35.526258,687.72,0.00000000
2002,48,1,36.66,115.340449,35.526258,284.06,0.00000000
2002,48,2,73.33,115.340853,35.526258,747.53,0.00000000
2002,480,0,0.00,115.733776,35.829440,269.11,-0.00217993
2002,480,1,96.97,115.734553,35.828932,224.26,-0.00108997
2002,480,2,193.93,115.735022,35.828194,209.31,0.00052459
2002,480,3,290.90,115.735798,35.827687,179.41,0.00052459
2002,480,4,387.87,115.736476,35.827009,209.31,0.00000000
2002,480,5,484.84,115.737253,35.826502,194.36,0.00000000
2002,480,6,581.80,115.737931,35.825824,194.36,0.00073578
2002,480,7,678.77,115.738708,35.825317,194.36,0.00238666
2002,480,8,775.74,115.739513,35.824858,209.31,0.00246504
2002,480,9,872.70,115.740560,35.824812,164.46,0.00096762
2002,480,10,969.67,115.741502,35.824589,149.51,0.00170025
2002,480,11,1066.64,115.742576,35.824589,149.51,0.00248455
2002,480,12,1163.61,115.743491,35.824858,179.41,0.00093776
2002,480,13,1260.57,115.744407,35.825128,209.31,-0.00000000
2002,480,14,1357.54,115.745323,35.825397,209.31,-0.00000000
2002,480,15,1454.51,115.746239,35.825667,209.31,0.00002612
2002,480,16,1551.47,115.747155,35.825936,209.31,0.00088470
2002,480,17,1648.44,115.748066,35.826213,224.26,0.00091947
2002,480,18,1745.41,115.748843,35.826721,209.31,-0.00100830
2002,480,19,1842.38,115.749745,35.827014,239.21,-0.00029931
2002,480,20,1939.34,115.750695,35.827225,254.16,0.00182128
2002,480,21,2036.31,115.751472,35.827733,239.21,0.00064718
2002,480,22,2133.28,115.752249,35.828240,209.31,-0.00029327
2002,480,23,2230.24,115.753094,35.828631,194.36,0.00021750
2002,480,24,2327.21,115.753852,35.829170,179.41,0.00057886
2002,480,25,2424.18,115.754679,35.829592,209.31,0.00127666
2002,480,26,2521.15,115.755357,35.830270,149.51,0.00132268
2002,480,27,2618.11,115.756035,35.830948,134.55,0.00162475
2002,480,28,2715.08,115.756503,35.831686,134.55,0.00113291
2002,480,29,2812.05,115.756763,35.832484,119.60,0.00138358
2002,480,30,2909.01,115.757222,35.833225,134.55,0.00326034
2002,480,31,3005.98,115.756952,35.834021,239.21,0.00380645
2002,481,0,0.00,115.733506,35.831057,373.76,-0.00000000
2002,481,1,83.42,115.733237,35.831731,224.26,-0.00000000
2002,481,2,166.83,115.732967,35.832404,284.06,-0.00000000
2002,482,0,0.00,115.756952,35.834021,1240.89,0.00000000
2002,482,1,12.17,115.756818,35.834021,971.78,0.00000000
2002,482,2,24.35,115.756683,35.834021,971.78,0.00000000
2002,483,0,0.00,115.756952,35.834021,194.36,0.00002328
2002,483,1,98.68,115.757224,35.834832,224.26,0.00070534
2002,483,2,197.37,115.757491,35.835644,239.21,0.00133819
2002,483,3,296.05,115.757491,35.836533,254.16,-0.00000559
2002,483,4,394.74,115.757491,35.837423,284.06,-0.00065008
2002,483,5,493.42,115.757761,35.838234,284.06,0.00065008
2002,483,6,592.11,115.757761,35.839124,313.96,0.00000000
2002,483,7,690.79,115.757761,35.840013,313.96,-0.00065008
2002,483,8,789.48,115.758030,35.840824,299.01,0.00065008
2002,483,9,888.16,115.758030,35.841714,299.01,0.00065008
2002,483,10,986.85,115.758030,35.842603,343.86,0.00000000
2002,483,11,1085.53,115.758030,35.843493,328.91,0.00000000
2002,483,12,1184.22,115.758030,35.844382,373.76,-0.00052357
2002,483,13,1282.90,115.758030,35.845271,373.76,-0.00065008
2002,483,14,1381.59,115.758249,35.846098,388.71,-0.00025440
2002,483,15,1480.27,115.758300,35.846972,418.61,0.00000000
2002,483,16,1578.96,115.758569,35.847784,373.76,0.00077797
2002,483,17,1677.64,115.758569,35.848673,328.91,0.00016651
2002,483,18,1776.33,115.758569,35.849562,343.86,-0.00065008
2002,483,19,1875.01,115.758772,35.850393,343.86,0.00018678
2002,483,20,1973.70,115.758839,35.851263,299.01,-0.00068811
2002,483,21,2072.38,115.758897,35.852136,284.06,-0.00213964
2002,483,22,2171.07,115.759378,35.852886,313.96,-0.00219647
2002,484,0,0.00,115.759378,35.852886,1330.60,0.00000000
2002,484,1,73.03,115.760186,35.852886,1360.50,0.00000000
2002,484,2,146.06,115.760995,35.852886,493.37,0.00000000
2002,485,0,0.00,115.759378,35.852886,328.91,-0.00078913
2002,485,1,97.05,115.759308,35.853625,328.91,-0.00229321
2002,485,2,194.11,115.759378,35.854479,358.81,-0.00282385
2002,485,3,291.16,115.760038,35.855163,299.01,-0.00056011
2002,485,4,388.21,115.760456,35.855917,224.26,-0.00157772
2002,485,5,485.26,115.760977,35.856641,149.51,-0.00378374
2002,485,6,582.32,115.761883,35.856928,179.41,-0.00284232
2002,485,7,679.37,115.762800,35.857198,119.60,-0.00184998
2002,485,8,776.42,115.763875,35.857198,209.31,-0.00084860
2002,485,9,873.48,115.764949,35.857198,269.11,0.00033363
2002,485,10,970.53,115.766024,35.857198,269.11,0.00146211
2002,485,11,1067.58,115.767034,35.857308,313.96,0.00106112
2002,485,12,1164.63,115.767911,35.857646,313.96,-0.00030549
2002,485,13,1261.69,115.768932,35.857737,328.91,-0.00054614
2002,485,14,1358.74,115.769849,35.858006,328.91,-0.00072521
2002,485,15,1455.79,115.770924,35.858006,328.91,0.00000000
2002,485,16,1552.85,115.771916,35.858147,299.01,0.00085462
2002,485,17,1649.90,115.772915,35.858276,299.01,-0.00000000
2002,485,18,1746.95,115.773832,35.858545,299.01,-0.00128604
2002,485,19,1844.00,115.774907,35.858545,358.81,-0.00084860
2002,485,20,1941.06,115.775981,35.858545,328.91,0.00084860
2002,485,21,2038.11,115.777056,35.858545,328.91,0.00178468
2002,485,22,2135.16,115.777973,35.858815,328.91,0.00187216
2002,486,0,0.00,115.777973,35.858815,388.71,0.00252014
2002,486,1,80.13,115.778860,35.858815,299.01,0.00265724
2002,486,2,160.27,115.779590,35.859084,313.96,0.00279434
2002,487,0,0.00,115.777973,35.858815,1794.06,0.00000000
2002,487,1,70.80,115.777973,35.859453,1510.00,-0.00297578
2002,487,2,141.61,115.777973,35.860091,568.12,-0.00642978
2002,487,3,212.41,115.778512,35.860432,373.76,-0.00690800
2002,488,0,0.00,115.779590,35.859084,1794.06,0.00008718
2002,488,1,75.54,115.779590,35.859765,1584.76,0.00231013
2002,488,2,151.08,115.779579,35.860443,747.53,0.00447870
2002,488,3,226.62,115.779051,35.860971,493.37,0.00442431
2002,489,0,0.00,115.779590,35.859084,358.81,-0.00154973
2002,489,1,97.60,115.780372,35.859057,328.91,0.00030912
2002,489,2,195.21,115.781279,35.858815,328.91,0.00183021
2002,489,3,292.81,115.782202,35.859084,299.01,-0.00009252
2002,489,4,390.42,115.783283,35.859084,269.11,-0.00083874
2002,489,5,488.02,115.784364,35.859084,239.21,0.00037481
2002,489,6,585.63,115.785444,35.859084,209.31,0.00083874
2002,489,7,683.23,115.786452,35.859209,239.21,0.00190444
2002,489,8,780.84,115.787448,35.859354,373.76,0.00281312
2002,489,9,878.44,115.788214,35.859893,493.37,0.00274522
2002,49,0,0.00,115.340044,35.526258,209.31,0.00322160
2002,49,1,82.48,115.340044,35.525672,104.65,0.00428802
2002,49,2,164.96,115.340448,35.525046,239.21,0.00407101
2002,49,3,247.44,115.341122,35.524641,299.01,0.00278759
2002,490,0,0.00,115.788214,35.859893,508.32,0.00130663
2002,490,1,90.13,115.787584,35.860523,523.27,0.00321893
2002,490,2,180.26,115.786848,35.860971,239.21,0.00427033
2002,490,3,270.40,115.785850,35.860971,224.26,0.00170471
2002,490,4,360.53,115.784852,35.860971,224.26,-0.00098838
2002,490,5,450.66,115.783854,35.860971,254.16,-0.00098838
2002,490,6,540.79,115.783013,35.861240,254.16,0.00098838
2002,490,7,630.93,115.782015,35.861240,284.06,0.00197677
2002,491,0,0.00,115.788214,35.859893,358.81,0.00177763
2002,491,1,99.48,115.789158,35.859623,358.81,0.00169537
2002,491,2,198.96,115.790259,35.859623,388.71,0.00080656
2002,491,3,298.43,115.791360,35.859623,388.71,0.00000000
2002,491,4,397.91,115.792462,35.859623,388.71,0.00000000
2002,491,5,497.39,115.793563,35.859623,358.81,0.00000000
2002,491,6,596.87,115.794664,35.859623,358.81,0.00000000
2002,491,7,696.34,115.795765,35.859623,358.81,-0.00080656
2002,491,8,795.82,115.796867,35.859623,388.71,-0.00080656
2002,491,9,895.30,115.797811,35.859354,418.61,0.00080656
2002,491,10,994.78,115.798912,35.859354,388.71,-0.00000000
2002,491,11,1094.25,115.800013,35.859354,358.81,-0.00080656
2002,491,12,1193.73,115.800957,35.859084,358.81,0.00058306
2002,491,13,1293.21,115.802058,35.859084,358.81,0.00000000
2002,491,14,1392.69,115.803114,35.859006,343.86,-0.00033923
2002,491,15,1492.17,115.804104,35.858815,328.91,-0.00000000
2002,491,16,1591.64,115.805205,35.858815,328.91,-0.00113265
2002,491,17,1691.12,115.806149,35.858545,328.91,0.00000000
2002,491,18,1790.60,115.807093,35.858276,328.91,0.00088882
2002,491,19,1890.08,115.808194,35.858276,299.01,-0.00040122
2002,491,20,1989.55,115.809138,35.858006,328.91,-0.00012567
2002,491,21,2089.03,115.810167,35.857882,299.01,-0.00007089
2002,491,22,2188.51,115.811160,35.857697,299.01,-0.00062972
2002,491,23,2287.99,115.812127,35.857467,299.01,-0.00041671
2002,491,24,2387.46,115.813071,35.857198,269.11,-0.00013342
2002,491,25,2486.94,115.814015,35.856928,299.01,0.00000000
2002,491,26,2586.42,115.814959,35.856659,299.01,0.00000000
2002,491,27,2685.90,115.815903,35.856389,269.11,0.00014438
2002,491,28,2785.38,115.816847,35.856120,299.01,-0.00000000
2002,491,29,2884.85,115.817816,35.855893,269.11,-0.00028966
2002,491,30,2984.33,115.818735,35.855581,269.11,-0.00014905
2002,491,31,3083.81,115.819679,35.855311,299.01,-0.00077806
2002,491,32,3183.29,115.820597,35.854998,313.96,-0.00062457
2002,491,33,3282.76,115.821409,35.854503,299.01,0.00081860
2002,491,34,3382.24,115.822353,35.854233,284.06,-0.00014972
2002,491,35,3481.72,115.823279,35.853933,269.11,-0.00106228
2002,491,36,3581.20,115.824083,35.853425,299.01,0.00027956
2002,491,37,3680.67,115.824967,35.853053,299.01,0.00000000
2002,491,38,3780.15,115.825861,35.852698,299.01,-0.00052324
2002,491,39,3879.63,115.826656,35.852173,269.11,0.00058136
2002,491,40,3979.11,115.827550,35.851818,284.06,0.00020985
2002,491,41,4078.58,115.828444,35.851463,254.16,-0.00058136
2002,491,42,4178.06,115.829275,35.850999,284.06,0.00003384
2002,491,43,4277.54,115.830133,35.850583,269.11,0.00058136
2002,491,44,4377.02,115.831005,35.850191,269.11,0.00000000
2002,491,45,4476.50,115.831921,35.849873,254.16,-0.00058136
2002,491,46,4575.97,115.832736,35.849382,239.21,0.00021772
2002,491,47,4675.45,115.833609,35.848993,239.21,0.00000000
2002,491,48,4774.93,115.834503,35.848638,224.26,0.00048879
2002,491,49,4874.41,115.835298,35.848112,254.16,0.00264101
2002,491,50,4973.88,115.836354,35.848035,239.21,0.00191220
2002,491,51,5073.36,115.837455,35.848035,209.31,0.00066301
2002,491,52,5172.84,115.838557,35.848035,209.31,0.00102123
2002,491,53,5272.32,115.839569,35.848187,164.46,0.00074595
2002,491,54,5371.79,115.840563,35.848371,224.26,0.00125981
2002,491,55,5471.27,115.841546,35.848574,224.26,0.00143114
2002,491,56,5570.75,115.842351,35.849081,269.11,-0.00000000
2002,491,57,5670.23,115.843276,35.849382,299.01,-0.00015230
2002,491,58,5769.71,115.844139,35.849791,299.01,0.00000000
2002,491,59,5869.18,115.845033,35.850146,254.16,0.00030389
2002,491,60,5968.66,115.845927,35.850501,239.21,0.00019730
2002,491,61,6068.14,115.846737,35.850999,224.26,-0.00039594
2002,491,62,6167.62,115.847681,35.851269,254.16,0.00076085
2002,491,63,6267.09,115.848509,35.851737,284.06,0.00105294
2002,491,64,6366.57,115.849304,35.852262,269.11,-0.00033116
2002,491,65,6466.05,115.850099,35.852787,328.91,-0.00047261
2002,491,66,6565.53,115.850985,35.853155,299.01,0.00047535
2002,491,67,6665.00,115.851771,35.853694,328.91,0.00038346
2002,491,68,6764.48,115.852582,35.854192,328.91,-0.00062426
2002,491,69,6863.96,115.853376,35.854717,328.91,-0.00000580
2002,491,70,6963.44,115.854288,35.855042,328.91,0.00104960
2002,491,71,7062.92,115.854856,35.855658,313.96,-0.00006661
2002,491,72,7162.39,115.855688,35.856120,313.96,-0.00073362
2002,491,73,7261.87,115.856474,35.856659,313.96,-0.00023697
2002,491,74,7361.35,115.857339,35.857063,358.81,-0.00000114
2002,491,75,7460.83,115.858134,35.857588,343.86,0.00009138
2002,491,76,7560.30,115.858991,35.858006,388.71,0.00044283
2002,491,77,7659.78,115.859778,35.858545,418.61,0.00005520
2002,491,78,7759.26,115.860564,35.859084,388.71,0.00000000
2002,491,79,7858.74,115.861412,35.859519,373.76,0.00025196
2002,491,80,7958.21,115.862137,35.860162,418.61,-0.00105778
2002,491,81,8057.69,115.863001,35.860569,388.71,-0.00009495
2002,491,82,8157.17,115.863895,35.860924,358.81,0.00200191
2002,491,83,8256.65,115.864481,35.861510,388.71,0.00225713
2002,492,0,0.00,115.864481,35.861510,388.71,0.00281226
2002,492,1,89.17,115.865402,35.861623,358.81,0.00308137
2002,492,2,178.34,115.866125,35.862076,343.86,0.00143695
2002,492,3,267.51,115.866813,35.862588,373.76,0.00082855
2002,492,4,356.67,115.867570,35.862982,373.76,0.00255831
2002,492,5,445.84,115.867984,35.863666,388.71,0.00298294
2002,493,0,0.00,115.864481,35.861510,1794.06,-0.00000000
2002,493,1,77.11,115.863942,35.862049,1794.06,-0.00192377
2002,493,2,154.23,115.863403,35.862588,792.38,-0.00443003
2002,493,3,231.34,115.863403,35.863127,538.22,-0.00501253
2002,494,0,0.00,115.867984,35.863666,1794.06,0.00173989
2002,494,1,96.71,115.867308,35.864342,1360.50,0.00410909
2002,494,2,193.43,115.866472,35.864744,493.37,0.00551648
2002,494,3,290.14,115.865559,35.864474,388.71,0.00455468
2002,495,0,0.00,115.867984,35.863666,418.61,-0.00000000
2002,495,1,99.57,115.868780,35.864192,418.61,0.00000000
2002,495,2,199.15,115.869575,35.864717,388.71,0.00000000
2002,495,3,298.72,115.870370,35.865243,388.71,-0.00056373
2002,495,4,398.29,115.871166,35.865769,403.66,-0.00000000
2002,495,5,497.87,115.872060,35.866125,358.81,0.00109840
2002,495,6,597.44,115.872756,35.866821,358.81,0.00000000
2002,495,7,697.02,115.873552,35.867347,373.76,-0.00000000
2002,495,8,796.59,115.874347,35.867873,358.81,0.00152247
2002,495,9,896.16,115.875043,35.868569,358.81,0.00150381
2002,495,10,995.74,115.875530,35.869325,388.71,0.00103203
2002,496,0,0.00,115.875530,35.869325,358.81,0.00538668
2002,496,1,77.84,115.876273,35.869529,373.76,0.00527835
2002,496,2,155.69,115.876608,35.870134,343.86,0.00517002
2002,497,0,0.00,115.875530,35.869325,1196.04,-0.00148138
2002,497,1,82.77,115.875161,35.869964,852.18,-0.00361223
2002,497,2,165.53,115.874991,35.870661,373.76,-0.01104130
2002,497,3,248.30,115.875405,35.871212,508.32,-0.01356863
2002,497,4,331.07,115.876029,35.870712,1794.06,-0.00572702
2002,497,5,413.83,115.876608,35.870134,1794.06,-0.00065631
2002,498,0,0.00,115.876608,35.870134,418.61,0.00262361
2002,498,1,93.20,115.877458,35.870445,358.81,0.00249457
2002,498,2,186.40,115.878110,35.871096,358.81,0.00118277
2002,498,3,279.60,115.878761,35.871748,373.76,-0.00000000
2002,498,4,372.80,115.879303,35.872289,373.76,-0.00000000
2002,499,0,0.00,115.879303,35.872289,418.61,-0.00059489
2002,499,1,95.36,115.880044,35.872828,418.61,0.00014522
2002,499,2,190.72,115.880835,35.873282,448.52,0.00058532
2002,499,3,286.09,115.881501,35.873949,448.52,-0.00044266
2002,499,4,381.45,115.882267,35.874445,478.42,-0.00117064
2002,5,0,0.00,115.334385,35.546471,164.46,0.00000000
2002,5,1,96.44,115.334924,35.547183,149.51,0.00060014
2002,5,2,192.87,115.335463,35.547895,239.21,0.00072444
2002,5,3,289.31,115.335778,35.548672,224.26,-0.00047990
2002,5,4,385.74,115.336271,35.549397,224.26,-0.00080378
2002,5,5,482.18,115.336810,35.550110,209.31,-0.00054336
2002,5,6,578.61,115.337380,35.550813,269.11,-0.00060088
2002,5,7,675.05,115.338053,35.551486,284.06,0.00015029
2002,5,8,771.48,115.338726,35.552159,284.06,0.00052527
2002,5,9,867.92,115.339236,35.552879,269.11,-0.00082630
2002,5,10,964.35,115.339863,35.553566,313.96,-0.00052527
2002,5,11,1060.79,115.340635,35.554068,313.96,0.00041891
2002,5,12,1157.23,115.341099,35.554802,328.91,-0.00053158
2002,5,13,1253.66,115.341871,35.555304,328.91,0.00052527
2002,5,14,1350.10,115.342544,35.555977,343.86,0.00160959
2002,5,15,1446.53,115.343009,35.556711,343.86,0.00110546
2002,50,0,0.00,115.373462,35.568300,328.91,0.00113358
2002,50,1,99.41,115.374254,35.567776,373.76,0.00056679
2002,50,2,198.82,115.375146,35.567424,403.66,-0.00056679
2002,50,3,298.22,115.375939,35.566900,373.76,-0.00056679
2002,50,4,397.63,115.376732,35.566377,388.71,0.00001537
2002,50,5,497.04,115.377524,35.565854,358.81,0.00000000
2002,50,6,596.45,115.378320,35.565335,418.61,0.00078130
2002,50,7,695.85,115.379110,35.564807,358.81,0.00075917
2002,50,8,795.26,115.380044,35.564527,358.81,-0.00000000
2002,50,9,894.67,115.380827,35.563988,373.76,-0.00038295
2002,50,10,994.08,115.381767,35.563718,343.86,-0.00069654
2002,50,11,1093.48,115.382479,35.563055,373.76,0.00077366
2002,50,12,1192.89,115.383371,35.562702,343.86,0.00048519
2002,50,13,1292.30,115.384263,35.562350,299.01,-0.00114988
2002,50,14,1391.71,115.385059,35.561832,328.91,0.00021135
2002,50,15,1491.11,115.385848,35.561303,269.11,0.00076171
2002,50,16,1590.52,115.386782,35.561023,299.01,-0.00000000
2002,50,17,1689.93,115.387566,35.560484,284.06,0.00077681
2002,50,18,1789.34,115.388506,35.560215,239.21,-0.00012831
2002,50,19,1888.74,115.389415,35.559892,269.11,-0.00097174
2002,50,20,1988.15,115.390208,35.559369,269.11,0.00106568
2002,50,21,2087.56,115.391100,35.559016,254.16,0.00156038
2002,50,22,2186.97,115.392090,35.558834,269.11,0.00248382
2002,50,23,2286.37,115.393050,35.558598,358.81,0.00527955
2002,50,24,2385.78,115.393874,35.559067,224.26,0.00422585
2002,50,25,2485.19,115.394482,35.559786,164.46,0.00189267
2002,50,26,2584.60,115.395021,35.560525,194.36,0.00196674
2002,50,27,2684.00,115.395291,35.561343,209.31,0.00069552
2002,50,28,2783.41,115.395397,35.562208,269.11,-0.00083663
2002,50,29,2882.82,115.395830,35.562977,269.11,0.00036310
2002,50,30,2982.23,115.396099,35.563795,299.01,0.00110171
2002,50,31,3081.64,115.396226,35.564654,328.91,-0.00003876
2002,50,32,3181.04,115.396369,35.565508,328.91,0.00000000
2002,50,33,3280.45,115.396638,35.566326,358.81,0.00099919
2002,50,34,3379.86,115.396638,35.567222,343.86,0.00128581
2002,500,0,0.00,115.879303,35.872289,1794.06,-0.00000000
2002,500,1,96.39,115.878629,35.872963,1270.79,-0.00000000
2002,500,2,192.77,115.877955,35.873637,657.82,-0.00000000
2002,501,0,0.00,115.882267,35.874445,956.83,-0.00182753
2002,501,1,85.94,115.881998,35.875142,822.28,-0.00266601
2002,501,2,171.87,115.881998,35.875916,612.97,-0.00518612
2002,501,3,257.81,115.882276,35.876610,343.86,-0.00603263
2002,501,4,343.75,115.883076,35.876871,478.42,-0.00519751
2002,502,0,0.00,115.882267,35.874445,478.42,-0.00000000
2002,502,1,83.85,115.883039,35.874715,493.37,0.00129192
2002,502,2,167.71,115.883810,35.874984,493.37,0.00249144
2002,502,3,251.56,115.884423,35.875523,373.76,0.00239905
2002,503,0,0.00,115.883076,35.876871,657.82,-0.00389750
2002,503,1,84.68,115.883076,35.877634,373.76,-0.00536890
2002,503,2,169.36,115.883643,35.878218,508.32,-0.00495642
2002,503,3,254.04,115.884423,35.878488,418.61,-0.00307253
2002,504,0,0.00,115.883076,35.876871,777.43,0.00000000
2002,504,1,96.38,115.883750,35.876197,1794.06,0.00000000
2002,504,2,192.77,115.884423,35.875523,1794.06,0.00000000
2002,505,0,0.00,115.884423,35.875523,463.47,0.00269432
2002,505,1,79.45,115.885078,35.875909,478.42,0.00324446
2002,505,2,158.90,115.885501,35.876502,358.81,0.00251514
2002,505,3,238.36,115.885771,35.877140,403.66,0.00123567
2002,507,0,0.00,115.884423,35.878488,1330.60,0.00000000
2002,507,1,96.38,115.885097,35.877814,926.93,0.00000000
2002,507,2,192.77,115.885771,35.877140,1629.61,0.00000000
2002,508,0,0.00,115.884423,35.878488,911.98,-0.00653379
2002,508,1,80.62,115.884154,35.879137,508.32,-0.00695949
2002,508,2,161.25,115.884693,35.879566,538.22,-0.00738520
2002,51,0,0.00,115.344895,35.528953,284.06,-0.00224427
2002,51,1,95.71,115.345662,35.528456,254.16,-0.00221706
2002,51,2,191.43,115.346121,35.527727,254.16,-0.00106376
2002,51,3,287.14,115.346581,35.526999,254.16,-0.00057804
2002,51,4,382.85,115.347051,35.526273,239.21,-0.00064096
2002,51,5,478.57,115.347290,35.525480,254.16,-0.00072208
2002,51,6,574.28,115.347750,35.524751,284.06,-0.00382582
2002,51,7,669.99,115.347719,35.523962,328.91,-0.00476497
2002,51,8,765.71,115.347051,35.523294,418.61,-0.00325898
2002,510,0,0.00,115.885771,35.877140,508.32,0.00347653
2002,510,1,53.50,115.886145,35.877514,388.71,0.00358284
2002,510,2,107.01,115.886310,35.877949,598.02,0.00368914
2002,511,0,0.00,115.884693,35.879566,508.32,-0.00080625
2002,511,1,89.25,115.884899,35.880311,328.91,-0.00132806
2002,511,2,178.51,115.885232,35.881019,284.06,-0.00243402
2002,511,3,267.76,115.885729,35.881679,373.76,-0.00125927
2002,511,4,357.02,115.886452,35.882133,403.66,0.00150909
2002,511,5,446.27,115.886867,35.882818,433.57,0.00125927
2002,511,6,535.53,115.887282,35.883502,343.86,0.00000000
2002,511,7,624.78,115.887696,35.884186,328.91,-0.00064628
2002,511,8,714.04,115.888111,35.884871,478.42,-0.00125927
2002,511,9,803.29,115.888735,35.885495,493.37,-0.00122597
2002,512,0,0.00,115.884693,35.879566,358.81,0.00000000
2002,512,1,77.11,115.885232,35.879027,1240.89,0.00000000
2002,512,2,154.21,115.885771,35.878488,926.93,-0.00000000
2002,512,3,231.32,115.886310,35.877949,1569.81,0.00000000
2002,513,0,0.00,115.886310,35.877949,508.32,0.00254054
2002,513,1,94.33,115.887267,35.878098,448.52,0.00314841
2002,513,2,188.67,115.888026,35.878587,448.52,0.00127939
2002,513,3,283.00,115.888686,35.879247,403.66,-0.00187814
2002,513,4,377.34,115.889544,35.879566,463.47,-0.00255878
2002,515,0,0.00,115.888735,35.885495,373.76,-0.00299827
2002,515,1,91.00,115.889471,35.885029,388.71,-0.00319343
2002,515,2,182.01,115.889813,35.884308,269.11,-0.00260501
2002,515,3,273.01,115.890083,35.883565,254.16,-0.00103602
2002,515,4,364.01,115.890125,35.882757,284.06,-0.00024946
2002,515,5,455.02,115.890352,35.882003,373.76,-0.00076623
2002,515,6,546.02,115.890352,35.881183,403.66,-0.00128417
2002,516,0,0.00,115.888735,35.885495,284.06,-0.00108795
2002,516,1,98.43,115.888256,35.886243,194.36,-0.00000000
2002,516,2,196.87,115.887986,35.887052,179.41,0.00208320
2002,516,3,295.30,115.887298,35.887740,194.36,0.00208683
2002,516,4,393.74,115.886510,35.888259,224.26,-0.00000000
2002,516,5,492.17,115.885723,35.888777,224.26,0.00057742
2002,516,6,590.61,115.885035,35.889465,269.11,0.00112503
2002,516,7,689.04,115.884049,35.889643,313.96,-0.00112503
2002,516,8,787.48,115.883360,35.890331,328.91,0.00000000
2002,516,9,885.91,115.882573,35.890849,328.91,0.00112503
2002,516,10,984.35,115.881686,35.891197,343.86,-0.00000000
2002,516,11,1082.78,115.880898,35.891715,373.76,-0.00000000
2002,516,12,1181.22,115.880011,35.892063,343.86,-0.00000000
2002,516,13,1279.65,115.879224,35.892581,343.86,-0.00045359
2002,516,14,1378.09,115.878337,35.892929,358.81,0.00000000
2002,516,15,1476.52,115.877627,35.893580,343.86,0.00091734
2002,516,16,1574.95,115.876663,35.893795,343.86,-0.00057742
2002,516,17,1673.39,115.875875,35.894313,373.76,-0.00046374
2002,516,18,1771.82,115.875088,35.894831,343.86,0.00117136
2002,516,19,1870.26,115.874201,35.895179,388.71,-0.00000000
2002,516,20,1968.69,115.873314,35.895526,343.86,-0.00171897
2002,516,21,2067.13,115.872526,35.896044,328.91,-0.00112503
2002,516,22,2165.56,115.871838,35.896733,313.96,0.00054761
2002,516,23,2264.00,115.871050,35.897251,284.06,0.00097229
2002,516,24,2362.43,115.870263,35.897769,269.11,0.00035297
2002,516,25,2460.87,115.869402,35.898161,254.16,-0.00027653
2002,516,26,2559.30,115.868627,35.898700,313.96,-0.00049111
2002,516,27,2657.74,115.867801,35.899153,269.11,-0.00069576
2002,516,28,2756.17,115.867076,35.899778,269.11,-0.00000000
2002,516,29,2854.61,115.866325,35.900359,284.06,0.00054761
2002,516,30,2953.04,115.865526,35.900856,328.91,0.00000000
2002,516,31,3051.47,115.864750,35.901395,239.21,-0.00027629
2002,517,0,0.00,115.889544,35.879566,538.22,-0.00167623
2002,517,1,73.68,115.889544,35.880230,448.52,-0.00410076
2002,517,2,147.37,115.889738,35.880838,418.61,-0.00572323
2002,517,3,221.05,115.890352,35.881183,493.37,-0.00492118
2002,518,0,0.00,115.889544,35.879566,1181.09,0.00000000
2002,518,1,38.55,115.889813,35.879296,1196.04,0.00000000
2002,518,2,77.11,115.890083,35.879027,867.13,0.00000000
2002,52,0,0.00,115.344895,35.528953,299.01,0.00338233
2002,52,1,88.20,115.344626,35.528237,179.41,0.00404974
2002,52,2,176.41,115.344895,35.527521,134.55,0.00257376
2002,52,3,264.61,115.345368,35.526864,224.26,-0.00214209
2002,52,4,352.82,115.345704,35.526166,254.16,-0.00426492
2002,52,5,441.02,115.345434,35.525450,284.06,-0.00381529
2002,520,0,0.00,115.890352,35.881183,1046.54,0.00567565
2002,520,1,71.00,115.890849,35.880687,867.13,0.00764465
2002,520,2,142.00,115.891610,35.880644,642.87,0.00682694
2002,520,3,213.00,115.892239,35.880913,807.33,0.00404023
2002,521,0,0.00,115.864750,35.901395,209.31,-0.00260867
2002,521,1,87.73,115.864137,35.902008,254.16,-0.00267852
2002,521,2,175.45,115.863942,35.902742,358.81,-0.00274837
2002,522,0,0.00,115.864750,35.901395,1539.90,-0.00000000
2002,522,1,77.10,115.865289,35.901934,1599.71,-0.00000000
2002,522,2,154.20,115.865828,35.902473,687.72,-0.00000000
2002,523,0,0.00,115.863942,35.902742,224.26,-0.00227630
2002,523,1,98.22,115.863011,35.903012,299.01,-0.00197178
2002,523,2,196.43,115.862270,35.903606,269.11,-0.00113010
2002,523,3,294.65,115.861484,35.904122,299.01,-0.00094453
2002,523,4,392.87,115.860797,35.904809,284.06,-0.00169442
2002,523,5,491.09,115.860169,35.905512,224.26,-0.00333913
2002,523,6,589.30,115.859899,35.906320,179.41,-0.00324334
2002,523,7,687.52,115.860169,35.907127,134.55,-0.00094815
2002,523,8,785.74,115.860285,35.907979,134.55,-0.00080352
2002,523,9,883.96,115.860553,35.908786,179.41,-0.00094679
2002,523,10,982.17,115.860977,35.909549,209.31,0.00026877
2002,523,11,1080.39,115.861299,35.910341,239.21,0.00054995
2002,523,12,1178.61,115.861568,35.911148,224.26,-0.00043779
2002,523,13,1276.83,115.861836,35.911956,269.11,-0.00109628
2002,523,14,1375.04,115.862325,35.912700,299.01,-0.00049047
2002,523,15,1473.26,115.862792,35.913450,343.86,0.00019392
2002,523,16,1571.48,115.863269,35.914197,313.96,0.00051864
2002,523,17,1669.70,115.863672,35.914966,299.01,0.00015621
2002,523,18,1767.91,115.864016,35.915752,358.81,-0.00107689
2002,523,19,1866.13,115.864493,35.916499,358.81,-0.00088069
2002,523,20,1964.35,115.865180,35.917186,328.91,-0.00050465
2002,523,21,2062.56,115.865657,35.917933,373.76,-0.00101537
2002,523,22,2160.78,115.866444,35.918449,328.91,-0.00051072
2002,523,23,2259.00,115.867130,35.919136,299.01,-0.00025364
2002,523,24,2357.22,115.867916,35.919653,313.96,-0.00055007
2002,523,25,2455.43,115.868650,35.920260,239.21,-0.00106718
2002,523,26,2553.65,115.869489,35.920686,194.36,-0.00037968
2002,523,27,2651.87,115.870353,35.921068,179.41,0.00006670
2002,523,28,2750.09,115.871126,35.921607,119.60,-0.00133850
2002,523,29,2848.30,115.872046,35.921896,149.51,-0.00198902
2002,523,30,2946.52,115.872987,35.922146,119.60,-0.00174109
2002,523,31,3044.74,115.874076,35.922146,119.60,0.00001717
2002,523,32,3142.96,115.875164,35.922146,179.41,0.00000000
2002,523,33,3241.17,115.876085,35.922400,194.36,-0.00246884
2002,523,34,3339.39,115.877025,35.922146,269.11,-0.00174109
2002,523,35,3437.61,115.877955,35.921876,299.01,-0.00011124
2002,524,0,0.00,115.863942,35.902742,1554.85,-0.00496351
2002,524,1,94.32,115.864701,35.903232,508.32,-0.00516964
2002,524,2,188.63,115.865559,35.903012,299.01,-0.00537577
2002,525,0,0.00,115.877955,35.921876,463.47,-0.00144008
2002,525,1,91.93,115.877313,35.921234,358.81,-0.00324340
2002,525,2,183.86,115.876549,35.920799,194.36,-0.00410926
2002,525,3,275.80,115.875530,35.920799,194.36,-0.00317179
2002,526,0,0.00,115.877955,35.921876,299.01,-0.00219992
2002,526,1,89.87,115.878794,35.922146,358.81,-0.00209437
2002,526,2,179.74,115.879789,35.922146,358.81,-0.00099441
2002,526,3,269.61,115.880785,35.922146,328.91,0.00000000
2002,526,4,359.48,115.881781,35.922146,328.91,0.00099441
2002,526,5,449.35,115.882777,35.922146,358.81,0.00209437
2002,526,6,539.22,115.883615,35.922415,373.76,0.00219992
2002,527,0,0.00,115.883615,35.922415,1794.06,0.00000000
2002,527,1,89.71,115.883615,35.923224,1510.00,0.00000000
2002,527,2,179.41,115.883615,35.924032,209.31,0.00000000
2002,528,0,0.00,115.883615,35.922415,448.52,0.01354039
2002,528,1,50.71,115.884019,35.922146,358.81,0.01354039
2002,528,2,101.41,115.884423,35.922415,448.52,0.01354039
2002,529,0,0.00,115.883615,35.924032,508.32,0.00000000
2002,529,1,19.27,115.883480,35.924167,553.17,0.00000000
2002,529,2,38.54,115.883345,35.924302,553.17,0.00000000
2002,53,0,0.00,115.341661,35.527606,657.82,-0.01067378
2002,53,1,31.53,115.341881,35.527826,598.02,-0.01106861
2002,53,2,63.06,115.342200,35.527875,538.22,-0.01146344
2002,530,0,0.00,115.883615,35.924032,433.57,-0.00772242
2002,530,1,78.90,115.884365,35.923821,583.07,-0.00762792
2002,530,2,157.80,115.884423,35.923127,1779.11,-0.00397917
2002,530,3,236.70,115.884423,35.922415,1794.06,-0.00042493
2002,531,0,0.00,115.883345,35.924302,134.55,0.00444788
2002,531,1,68.45,115.883285,35.924901,508.32,0.00439045
2002,531,2,136.89,115.882806,35.925380,418.61,0.00433303
2002,532,0,0.00,115.883345,35.924302,568.12,0.00000000
2002,532,1,67.92,115.882672,35.924167,343.86,0.00000000
2002,532,2,135.83,115.881998,35.924032,343.86,0.00000000
2002,534,0,0.00,115.884423,35.922415,448.52,0.01354039
2002,534,1,50.71,115.884828,35.922146,388.71,0.01354039
2002,534,2,101.41,115.885232,35.922415,403.66,0.01354039
2002,535,0,0.00,115.882806,35.925380,59.80,0.00000000
2002,535,1,14.95,115.882806,35.925515,59.80,0.00000000
2002,535,2,29.90,115.882806,35.925649,104.65,0.00000000
2002,536,0,0.00,115.882806,35.925380,343.86,-0.00641711
2002,536,1,93.80,115.882051,35.925327,388.71,-0.00741618
2002,536,2,187.60,115.881459,35.926001,,-0.00710812
2002,536,3,281.40,115.881551,35.926820,,-0.00392017
2002,536,4,375.20,115.881998,35.927536,,-0.00203936
2002,537,0,0.00,115.885232,35.922415,1794.06,0.00000000
2002,537,1,72.65,115.885232,35.923070,1794.06,-0.00121210
2002,537,2,145.31,115.885232,35.923725,672.77,-0.00249900
2002,537,3,217.96,115.885501,35.924302,657.82,-0.00257379
2002,538,0,0.00,115.885232,35.922415,358.81,0.00176652
2002,538,1,99.78,115.886180,35.922146,358.81,0.00168481
2002,538,2,199.56,115.887286,35.922146,299.01,0.00160309
2002,538,3,299.35,115.888391,35.922146,299.01,0.00080154
2002,538,4,399.13,115.889339,35.922415,358.81,-0.00080154
2002,538,5,498.91,115.890445,35.922415,358.81,-0.00080154
2002,538,6,598.69,115.891551,35.922415,328.91,0.00000000
2002,538,7,698.48,115.892657,35.922415,299.01,0.00037014
2002,538,8,798.26,115.893762,35.922415,269.11,0.00080154
2002,538,9,898.04,115.894793,35.922544,209.31,0.00023093
2002,538,10,997.82,115.895816,35.922685,209.31,-0.00000000
2002,538,11,1097.60,115.896884,35.922749,134.55,0.00168351
2002,538,12,1197.39,115.897870,35.922954,149.51,0.00200042
2002,538,13,1297.17,115.898677,35.923464,134.55,0.00113852
2002,538,14,1396.95,115.899574,35.923822,104.65,0.00164767
2002,538,15,1496.73,115.900272,35.924519,104.65,0.00102654
2002,538,16,1596.52,115.900969,35.925217,179.41,0.00048867
2002,538,17,1696.30,115.901667,35.925915,209.31,0.00100217
2002,538,18,1796.08,115.902156,35.926673,224.26,0.00051351
2002,538,19,1895.86,115.902644,35.927431,239.21,-0.00050534
2002,538,20,1995.64,115.903133,35.928189,254.16,-0.00051351
2002,538,21,2095.43,115.903827,35.928888,269.11,0.00093140
2002,538,22,2195.21,115.904319,35.929645,284.06,0.00104239
2002,538,23,2294.99,115.904635,35.930453,269.11,0.00000000
2002,538,24,2394.77,115.905087,35.931221,254.16,0.00104083
2002,538,25,2494.55,115.905444,35.932018,224.26,0.00262813
2002,538,26,2594.34,115.905444,35.932917,149.51,0.00148448
2002,538,27,2694.12,115.905174,35.933738,134.55,-0.00063488
2002,538,28,2793.90,115.905174,35.934638,119.60,0.00090983
2002,538,29,2893.68,115.905174,35.935537,164.46,0.00225582
2002,538,30,2993.47,115.904542,35.936253,224.26,0.00020998
2002,538,31,3093.25,115.904262,35.937072,239.21,-0.00036539
2002,538,32,3193.03,115.903827,35.937845,269.11,0.00027122
2002,538,33,3292.81,115.903494,35.938648,313.96,0.00062255
2002,538,34,3392.59,115.903006,35.939406,343.86,-0.00006535
2002,538,35,3492.38,115.902480,35.940154,328.91,-0.00071831
2002,538,36,3592.16,115.902210,35.940975,373.76,0.00070887
2002,538,37,3691.94,115.901749,35.941741,403.66,0.00062465
2002,538,38,3791.72,115.901132,35.942462,418.61,-0.00057361
2002,538,39,3891.51,115.900772,35.943257,433.57,0.00051351
2002,538,40,3991.29,115.900283,35.944015,463.47,-0.00020539
2002,538,41,4091.07,115.899586,35.944713,478.42,-0.00260665
2002,538,42,4190.85,115.899515,35.945592,448.52,-0.00312854
2002,539,0,0.00,115.899515,35.945592,448.52,-0.00462727
2002,539,1,73.67,115.898976,35.945959,463.47,-0.00475238
2002,539,2,147.34,115.898804,35.946573,403.66,-0.00277957
2002,539,3,221.01,115.898707,35.947209,373.76,-0.00068165
2002,54,0,0.00,115.341661,35.527606,254.16,-0.01019398
2002,54,1,65.79,115.341931,35.527092,269.11,-0.01054003
2002,54,2,131.58,115.341392,35.526797,911.98,-0.01088608
2002,540,0,0.00,115.899515,35.945592,897.03,0.00000000
2002,540,1,90.23,115.900146,35.946223,717.63,0.00079811
2002,540,2,180.47,115.900777,35.946854,433.57,0.00478572
2002,540,3,270.70,115.901132,35.947565,373.76,0.00985082
2002,540,4,360.93,115.900515,35.948017,657.82,0.00770142
2002,540,5,451.16,115.899515,35.948017,926.93,0.00367642
2002,541,0,0.00,115.898707,35.947209,612.97,-0.00131958
2002,541,1,78.57,115.897958,35.947418,418.61,-0.00099104
2002,541,2,157.14,115.897280,35.947748,299.01,-0.00146184
2002,541,3,235.71,115.896567,35.948017,209.31,-0.00245779
2002,541,4,314.28,115.896012,35.948556,,-0.00265442
2002,542,0,0.00,115.898707,35.947209,702.67,0.00000000
2002,542,1,57.81,115.899111,35.947613,523.27,0.00000000
2002,542,2,115.62,115.899515,35.948017,358.81,0.00000000
2002,543,0,0.00,115.899515,35.948017,478.42,-0.00889486
2002,543,1,34.22,115.899545,35.948317,343.86,-0.00878011
2002,543,2,68.44,115.899785,35.948556,299.01,-0.00866537
2002,56,0,0.00,115.341392,35.526797,403.66,0.00000000
2002,56,1,38.62,115.341122,35.526528,433.57,0.00000000
2002,56,2,77.24,115.340853,35.526258,343.86,0.00000000
2002,57,0,0.00,115.340853,35.526258,224.26,0.00000000
2002,57,1,68.52,115.341122,35.525719,239.21,-0.00283143
2002,57,2,137.04,115.341392,35.525180,269.11,-0.00566286
2002,57,3,205.56,115.341122,35.524641,373.76,-0.00566286
2002,59,0,0.00,115.341122,35.524641,269.11,-0.00204480
2002,59,1,79.58,115.341661,35.524081,269.11,-0.00067730
2002,59,2,159.15,115.341931,35.523443,284.06,0.00193184
2002,59,3,238.73,115.342470,35.523025,328.91,0.00317349
2002,6,0,0.00,115.334385,35.546471,553.17,0.00922995
2002,6,1,43.75,115.334059,35.546740,732.58,0.00904136
2002,6,2,87.49,115.333576,35.546740,433.57,0.00885277
2002,61,0,0.00,115.396638,35.567222,358.81,0.00284328
2002,61,1,99.62,115.397177,35.567821,358.81,0.00254087
2002,61,2,199.24,115.397293,35.568685,373.76,0.00039851
2002,61,3,298.87,115.397447,35.569538,373.76,-0.00104004
2002,61,4,398.49,115.397849,35.570319,373.76,0.00000000
2002,61,5,498.11,115.398127,35.571136,358.81,0.00072088
2002,61,6,597.73,115.398405,35.571953,358.81,0.00042277
2002,61,7,697.35,115.398525,35.572816,328.91,-0.00035837
2002,61,8,796.97,115.398794,35.573635,328.91,-0.00031491
2002,61,9,896.60,115.399064,35.574454,299.01,0.00056915
2002,61,10,996.22,115.399308,35.575281,299.01,0.00055050
2002,61,11,1095.84,115.399377,35.576159,328.91,-0.00114879
2002,61,12,1195.46,115.399603,35.576991,299.01,-0.00198918
2002,61,13,1295.08,115.400142,35.577732,388.71,-0.00158873
2002,62,0,0.00,115.396638,35.567222,612.97,-0.00000000
2002,62,1,38.61,115.396369,35.567491,612.97,-0.00000000
2002,62,2,77.22,115.396099,35.567761,642.87,-0.00000000
2002,63,0,0.00,115.347051,35.523294,403.66,-0.00257889
2002,63,1,76.81,115.346416,35.523659,328.91,-0.00348821
2002,63,2,153.62,115.345973,35.524223,284.06,-0.00269899
2002,63,3,230.44,115.345762,35.524853,328.91,0.00000000
2002,63,4,307.25,115.345434,35.525450,254.16,0.00100045
2002,64,0,0.00,115.347051,35.523294,328.91,0.00540625
2002,64,1,49.21,115.347051,35.522850,343.86,0.00551845
2002,64,2,98.42,115.347321,35.522486,373.76,0.00563066
2002,65,0,0.00,115.345434,35.525450,463.47,-0.00000000
2002,65,1,75.29,115.344760,35.525719,373.76,-0.00000000
2002,65,2,150.57,115.344087,35.525989,358.81,-0.00000000
2002,67,0,0.00,115.342470,35.523025,299.01,0.00956326
2002,67,1,46.48,115.342585,35.522639,299.01,0.00980786
2002,67,2,92.97,115.343009,35.522486,358.81,0.01005247
2002,68,0,0.00,115.342470,35.523025,627.92,0.00000000
2002,68,1,74.33,115.342988,35.523543,553.17,0.00089170
2002,68,2,148.67,115.343507,35.524062,388.71,0.00183649
2002,68,3,223.00,115.343817,35.524641,358.81,0.00188958
2002,69,0,0.00,115.400142,35.577732,373.76,-0.00204734
2002,69,1,79.11,115.400142,35.578445,358.81,-0.00211103
2002,69,2,158.21,115.400411,35.579079,343.86,-0.00217473
2002,7,0,0.00,115.335732,35.538116,328.91,0.00182460
2002,7,1,83.73,115.335732,35.537362,209.31,0.00315592
2002,7,2,167.45,115.336002,35.536686,269.11,0.00367655
2002,7,3,251.18,115.336541,35.536230,284.06,0.00286587
2002,70,0,0.00,115.400142,35.577732,553.17,0.00204062
2002,70,1,70.13,115.400631,35.577242,702.67,0.00213884
2002,70,2,140.26,115.401220,35.576923,822.28,0.00223706
2002,71,0,0.00,115.347321,35.522486,1106.34,-0.00011781
2002,71,1,86.69,115.348276,35.522486,1121.29,-0.00284036
2002,71,2,173.39,115.349223,35.522470,867.13,-0.00638861
2002,71,3,260.08,115.349746,35.521841,672.77,-0.00446701
2002,71,4,346.77,115.350016,35.521138,657.82,-0.00171972
2002,72,0,0.00,115.347321,35.522486,343.86,-0.00891091
2002,72,1,34.26,115.347290,35.522186,403.66,-0.00879423
2002,72,2,68.52,115.347051,35.521947,493.37,-0.00867756
2002,73,0,0.00,115.344087,35.525989,612.97,-0.00530211
2002,73,1,55.97,115.343470,35.525989,388.71,-0.00554678
2002,73,2,111.95,115.343009,35.526258,284.06,-0.00579145
2002,74,0,0.00,115.344087,35.525989,254.16,0.00540606
2002,74,1,49.21,115.344087,35.526432,134.55,0.00551825
2002,74,2,98.42,115.343817,35.526797,239.21,0.00563045
2002,75,0,0.00,115.343009,35.522486,358.81,0.00208198
2002,75,1,78.49,115.343009,35.521778,328.91,0.00325487
2002,75,2,156.98,115.343278,35.521149,328.91,0.00326063
2002,75,3,235.46,115.343817,35.520599,358.81,0.00209350
2002,76,0,0.00,115.343009,35.522486,1255.84,-0.00123957
2002,76,1,89.46,115.343633,35.523110,642.87,-0.00129061
2002,76,2,178.93,115.344356,35.523564,702.67,-0.00134165
2002,77,0,0.00,115.400411,35.579079,1584.76,0.00287356
2002,77,1,86.20,115.401362,35.579079,882.08,0.00667038
2002,77,2,172.41,115.402109,35.579430,299.01,0.01064206
2002,77,3,258.61,115.401884,35.580032,403.66,0.00641375
2002,77,4,344.81,115.401282,35.580634,568.12,0.00100529
2002,77,5,431.01,115.400681,35.581235,553.17,0.00000000
2002,78,0,0.00,115.400411,35.579079,358.81,-0.00249318
2002,78,1,88.44,115.400142,35.579798,343.86,-0.00336110
2002,78,2,176.89,115.400272,35.580557,328.91,-0.00302002
2002,78,3,265.33,115.400681,35.581235,343.86,-0.00181103
2002,8,0,0.00,115.335732,35.538116,867.13,0.00186803
2002,8,1,92.63,115.336754,35.538116,837.23,0.00196566
2002,8,2,185.25,115.337619,35.538386,373.76,0.00206328
2002,80,0,0.00,115.350016,35.521138,418.61,-0.00000000
2002,80,1,87.21,115.349407,35.520530,493.37,0.00064442
2002,80,2,174.42,115.348799,35.519921,508.32,0.00132452
2002,80,3,261.63,115.348399,35.519252,897.03,0.00136020
2002,81,0,0.00,115.347051,35.521947,1166.14,0.00176666
2002,81,1,91.05,115.346047,35.521947,1360.50,0.00274521
2002,81,2,182.11,115.345187,35.521699,822.28,0.00338107
2002,81,3,273.16,115.344453,35.521234,1510.00,0.00211706
2002,81,4,364.22,115.343817,35.520599,1255.84,0.00119573
2002,82,0,0.00,115.347051,35.521947,373.76,-0.00180892
2002,82,1,86.59,115.347321,35.521245,328.91,-0.00175658
2002,82,2,173.17,115.347321,35.520464,687.72,-0.00170423
2002,82,3,259.76,115.347321,35.519684,762.48,-0.00175658
2002,82,4,346.35,115.347051,35.518982,777.43,-0.00180892
2002,83,0,0.00,115.343009,35.526258,254.16,0.00000000
2002,83,1,19.31,115.342874,35.526393,269.11,0.00000000
2002,83,2,38.62,115.342739,35.526528,254.16,0.00000000
2002,84,0,0.00,115.343009,35.526258,463.47,-0.00396050
2002,84,1,50.84,115.343364,35.526613,612.97,-0.00417484
2002,84,2,101.68,115.343817,35.526797,538.22,-0.00438918
2002,86,0,0.00,115.343817,35.526797,209.31,0.00133784
2002,86,1,99.24,115.343542,35.527612,74.75,-0.00000000
2002,86,2,198.47,115.343009,35.528351,284.06,0.00123953
2002,86,3,297.71,115.342992,35.529240,254.16,0.00668912
2002,86,4,396.94,115.342200,35.529223,538.22,0.00956135
2002,87,0,0.00,115.343817,35.520599,747.53,0.00445550
2002,87,1,68.52,115.343878,35.519999,672.77,0.00439715
2002,87,2,137.04,115.344356,35.519521,747.53,0.00433881
2002,89,0,0.00,115.400681,35.581235,358.81,-0.00314012
2002,89,1,64.16,115.400681,35.581814,358.81,-0.00323394
2002,89,2,128.31,115.400950,35.582313,373.76,-0.00332776
2002,9,0,0.00,115.343009,35.556711,343.86,0.00334806
2002,9,1,98.50,115.343894,35.557058,313.96,0.00273233
2002,9,2,197.00,115.344373,35.557806,299.01,-0.00041156
2002,9,3,295.50,115.345060,35.558493,299.01,-0.00156033
2002,9,4,394.00,115.345930,35.558867,328.91,0.00088770
2002,9,5,492.50,115.346633,35.559527,299.01,0.00105719
2002,9,6,591.00,115.347321,35.560215,328.91,0.00015800
2002,90,0,0.00,115.348399,35.519252,1465.15,0.00000000
2002,90,1,85.56,115.349342,35.519252,1166.14,0.00000000
2002,90,2,171.12,115.350285,35.519252,822.28,0.00000000
2002,91,0,0.00,115.348399,35.519252,553.17,-0.00000000
2002,91,1,38.62,115.348129,35.518982,1225.94,-0.00000000
2002,91,2,77.24,115.347860,35.518713,1255.84,-0.00000000
2002,92,0,0.00,115.347051,35.518982,657.82,0.00430219
2002,92,1,90.93,115.346361,35.519521,1001.69,0.00419353
2002,92,2,181.87,115.345359,35.519521,687.72,0.00204243
2002,92,3,272.80,115.344356,35.519521,657.82,0.00000000
2002,93,0,0.00,115.347051,35.518982,672.77,0.00000000
2002,93,1,38.62,115.347321,35.518713,657.82,0.00000000
2002,93,2,77.24,115.347590,35.518443,612.97,0.00000000
2002,95,0,0.00,115.344356,35.519521,777.43,0.00138077
2002,95,1,98.75,115.344087,35.518710,702.67,0.00310764
2002,95,2,197.51,115.344087,35.517820,448.52,0.00512859
2002,95,3,296.26,115.344732,35.517259,702.67,0.00482886
2002,95,4,395.01,115.345569,35.516826,1091.39,0.00429505
2002,95,5,493.77,115.346658,35.516826,1465.15,0.00307948
2002,95,6,592.52,115.347590,35.517096,1435.25,0.00180389
2002,96,0,0.00,115.400950,35.582313,732.58,-0.00000000
2002,96,1,68.16,115.401624,35.582448,777.43,-0.00000000
2002,96,2,136.31,115.402298,35.582583,807.33,-0.00000000
2002,97,0,0.00,115.400950,35.582313,343.86,-0.00376989
2002,97,1,83.61,115.400681,35.582988,373.76,-0.00279917
2002,97,2,167.23,115.400950,35.583664,313.96,-0.00041738
2002,97,3,250.84,115.400950,35.584417,299.01,-0.00224842
2002,97,4,334.45,115.401076,35.585134,299.01,-0.00516282
2002,97,5,418.07,115.401759,35.585547,418.61,-0.00483510
2002,98,0,0.00,115.347860,35.518713,1255.84,0.00000000
2002,98,1,19.31,115.347725,35.518578,1225.94,0.00000000
2002,98,2,38.62,115.347590,35.518443,1210.99,0.00000000
2002,99,0,0.00,115.347590,35.518443,657.82,0.00000000
2002,99,1,74.75,115.347590,35.517769,642.87,0.00000000
2002,99,2,149.50,115.347590,35.517096,642.87,0.00000000
