year,link_id,sample_idx,s_m,lon,lat,B_m,C_1m
2022,0,0,0.00,115.521953,35.719486,777.43,0.00208807
2022,0,1,72.43,115.521348,35.719150,986.73,0.00199781
2022,0,2,144.87,115.520842,35.718645,732.58,0.00095378
2022,0,3,217.30,115.520336,35.718139,672.77,0.00000000
2022,1,0,0.00,115.520336,35.718139,358.81,0.00000000
2022,1,1,99.80,115.520606,35.717317,358.81,-0.00045111
2022,1,2,199.60,115.520875,35.716496,328.91,0.00063457
2022,1,3,299.41,115.520965,35.715623,373.76,0.00103520
2022,1,4,399.21,115.521663,35.714926,328.91,-0.00058429
2022,1,5,499.01,115.521733,35.714047,284.06,0.00000000
2022,1,6,598.81,115.522221,35.713289,269.11,-0.00004679
2022,1,7,698.62,115.522501,35.712471,239.21,-0.00053381
2022,1,8,798.42,115.522762,35.711647,179.41,0.00062758
2022,1,9,898.22,115.523059,35.710834,209.31,-0.00012206
2022,1,10,998.02,115.523548,35.710076,134.55,-0.00188990
2022,1,11,1097.83,115.523570,35.709183,164.46,-0.00123834
2022,1,12,1197.63,115.523570,35.708284,179.41,-0.00068777
2022,1,13,1297.43,115.523570,35.707384,179.41,-0.00000000
2022,1,14,1397.23,115.523301,35.706563,179.41,0.00194660
2022,1,15,1497.04,115.523570,35.705742,224.26,0.00262025
2022,10,0,0.00,115.520606,35.722720,568.12,-0.00310921
2022,10,1,99.97,115.521403,35.722192,403.66,-0.00308419
2022,10,2,199.94,115.521684,35.721373,403.66,-0.00305918
2022,100,0,0.00,115.411999,35.646184,702.67,0.00096778
2022,100,1,90.52,115.411785,35.645430,657.82,0.00031841
2022,100,2,181.04,115.411730,35.644630,553.17,0.00000000
2022,100,3,271.55,115.411460,35.643893,627.92,0.00094262
2022,100,4,362.07,115.411460,35.643077,553.17,-0.00082421
2022,100,5,452.59,115.411460,35.642261,493.37,-0.00325143
2022,100,6,543.11,115.410921,35.641602,538.22,-0.00330016
2022,101,0,0.00,115.411999,35.646184,1794.06,0.00198491
2022,101,1,94.36,115.411114,35.646453,1569.81,0.00279044
2022,101,2,188.73,115.410072,35.646453,1240.89,0.00396139
2022,101,3,283.09,115.409187,35.646184,882.08,0.00542102
2022,101,4,377.46,115.408496,35.645614,568.12,0.00548995
2022,101,5,471.82,115.408496,35.644763,583.07,0.00347357
2022,101,6,566.19,115.408585,35.643939,807.33,0.00227188
2022,101,7,660.55,115.409035,35.643219,837.23,0.00206129
2022,102,0,0.00,115.699550,35.774193,568.12,-0.00232442
2022,102,1,92.87,115.698901,35.774842,583.07,-0.00248627
2022,102,2,185.73,115.698670,35.775612,553.17,-0.00198315
2022,102,3,278.60,115.698472,35.776392,418.61,-0.00119517
2022,102,4,371.46,115.698472,35.777229,418.61,-0.00027206
2022,102,5,464.33,115.698472,35.778066,463.47,0.00000000
2022,102,6,557.19,115.698373,35.778874,478.42,-0.00087419
2022,102,7,650.06,115.698472,35.779583,598.02,-0.00122033
2022,103,0,0.00,115.699550,35.774193,702.67,0.00000000
2022,103,1,88.28,115.700167,35.774810,762.48,0.00000000
2022,103,2,176.57,115.700784,35.775427,777.43,-0.00021310
2022,103,3,264.85,115.701401,35.776044,837.23,0.00188944
2022,103,4,353.14,115.701976,35.776531,508.32,0.00576781
2022,103,5,441.42,115.701976,35.777327,418.61,0.00539211
2022,103,6,529.70,115.701437,35.777966,478.42,0.00345370
2022,104,0,0.00,115.410921,35.641602,538.22,0.00539973
2022,104,1,49.20,115.410921,35.641159,598.02,0.00551166
2022,104,2,98.40,115.411191,35.640794,657.82,0.00562359
2022,105,0,0.00,115.410921,35.641602,926.93,-0.00000000
2022,105,1,85.33,115.410326,35.642198,1061.49,0.00068211
2022,105,2,170.66,115.409730,35.642794,1136.24,0.00142232
2022,105,3,256.00,115.409035,35.643219,1076.44,0.00148043
2022,106,0,0.00,115.409035,35.643219,642.87,-0.01068544
2022,106,1,31.50,115.408815,35.642999,926.93,-0.01108195
2022,106,2,63.01,115.408496,35.642950,867.13,-0.01147846
2022,108,0,0.00,115.698472,35.779583,1794.06,0.00232755
2022,108,1,77.83,115.699333,35.779583,1794.06,0.00133819
2022,108,2,155.67,115.700056,35.779820,1196.04,-0.00085409
2022,108,3,233.50,115.700898,35.779853,747.53,-0.00205701
2022,109,0,0.00,115.698472,35.779583,598.02,-0.00218829
2022,109,1,98.38,115.697994,35.780331,493.37,-0.00215377
2022,109,2,196.75,115.697933,35.781200,568.12,-0.00211925
2022,11,0,0.00,115.517911,35.723528,418.61,-0.00207564
2022,11,1,75.96,115.517380,35.724059,493.37,-0.00335696
2022,11,2,151.92,115.517102,35.724663,523.27,-0.00235526
2022,11,3,227.88,115.517102,35.725348,433.57,0.00114268
2022,11,4,303.84,115.516833,35.725954,433.57,0.00235762
2022,110,0,0.00,115.701437,35.777966,717.63,0.00000000
2022,110,1,12.18,115.701302,35.777966,717.63,0.00000000
2022,110,2,24.37,115.701167,35.777966,717.63,0.00000000
2022,111,0,0.00,115.701437,35.777966,523.27,0.00375594
2022,111,1,81.33,115.701706,35.778621,478.42,0.00500886
2022,111,2,162.66,115.701466,35.779285,598.02,0.00431461
2022,111,3,243.99,115.700898,35.779853,672.77,0.00236744
2022,112,0,0.00,115.411191,35.640794,1794.06,0.00000000
2022,112,1,85.83,115.412138,35.640794,1794.06,0.00000000
2022,112,2,171.65,115.413086,35.640794,1689.41,0.00000000
2022,112,3,257.48,115.414034,35.640794,777.43,-0.00109325
2022,112,4,343.31,115.414981,35.640794,388.71,-0.00230359
2022,112,5,429.13,115.415772,35.640524,284.06,-0.00242068
2022,113,0,0.00,115.411191,35.640794,553.17,0.00217305
2022,113,1,79.10,115.410921,35.640159,538.22,0.00210948
2022,113,2,158.20,115.410921,35.639446,523.27,0.00204591
2022,115,0,0.00,115.700898,35.779853,642.87,0.00256885
2022,115,1,91.68,115.701167,35.780601,493.37,0.00450056
2022,115,2,183.37,115.700991,35.781376,612.97,0.00400130
2022,115,3,275.05,115.700251,35.781847,657.82,-0.00040786
2022,115,4,366.73,115.699820,35.782548,612.97,-0.00238604
2022,116,0,0.00,115.697933,35.781200,657.82,-0.00388058
2022,116,1,82.95,115.697394,35.781792,583.07,-0.00385098
2022,116,2,165.89,115.697394,35.782539,598.02,-0.00154943
2022,116,3,248.84,115.697394,35.783287,627.92,0.00092679
2022,116,4,331.79,115.697286,35.784003,523.27,0.00075915
2022,116,5,414.73,115.697125,35.784704,627.92,0.00038725
2022,117,0,0.00,115.697933,35.781200,837.23,0.00000000
2022,117,1,90.00,115.698562,35.781829,926.93,-0.00153048
2022,117,2,180.00,115.699191,35.782458,1091.39,-0.00396393
2022,117,3,270.00,115.699820,35.782548,837.23,-0.00486690
2022,118,0,0.00,115.415772,35.640524,508.32,0.00000000
2022,118,1,68.50,115.415503,35.639985,598.02,-0.00000000
2022,118,2,137.00,115.415233,35.639446,568.12,-0.00000000
2022,118,3,205.50,115.414964,35.638907,568.12,-0.00000000
2022,119,0,0.00,115.415772,35.640524,612.97,0.00141066
2022,119,1,97.77,115.416311,35.641249,598.02,0.00142360
2022,119,2,195.53,115.416581,35.642051,583.07,0.00071827
2022,119,3,293.30,115.416850,35.642854,538.22,-0.00089102
2022,119,4,391.06,115.417120,35.643657,687.72,-0.00013997
2022,119,5,488.83,115.417724,35.644362,672.77,0.00262424
2022,119,6,586.59,115.417659,35.645106,598.02,0.00374639
2022,12,0,0.00,115.517911,35.723528,807.33,-0.00000000
2022,12,1,90.03,115.518540,35.724157,956.83,-0.00000000
2022,12,2,180.05,115.519168,35.724786,852.18,0.00000000
2022,12,3,270.08,115.519797,35.725415,807.33,0.00000000
2022,120,0,0.00,115.410921,35.639446,627.92,0.00384750
2022,120,1,95.09,115.410382,35.638888,523.27,0.00350846
2022,120,2,190.17,115.410382,35.638031,493.37,0.00158471
2022,120,3,285.26,115.410382,35.637174,523.27,0.00000000
2022,120,4,380.34,115.410382,35.636317,508.32,-0.00070310
2022,120,5,475.43,115.410382,35.635460,508.32,-0.00070310
2022,120,6,570.51,115.410113,35.634681,523.27,0.00013966
2022,120,7,665.60,115.410113,35.633824,508.32,-0.00000000
2022,120,8,760.68,115.409895,35.633030,493.37,0.00037286
2022,120,9,855.77,115.409843,35.632188,478.42,0.00000000
2022,120,10,950.85,115.409820,35.631338,478.42,-0.00112765
2022,120,11,1045.94,115.409574,35.630553,493.37,-0.00123025
2022,121,0,0.00,115.410921,35.639446,1046.54,0.00369982
2022,121,1,98.63,115.411697,35.638907,1794.06,0.00357527
2022,121,2,197.26,115.412786,35.638907,1614.66,0.00172535
2022,121,3,295.88,115.413875,35.638907,762.48,0.00000000
2022,121,4,394.51,115.414964,35.638907,433.57,0.00000000
2022,122,0,0.00,115.699820,35.782548,897.03,0.00248790
2022,122,1,84.21,115.700408,35.783136,762.48,0.00372165
2022,122,2,168.41,115.700628,35.783831,538.22,0.00592258
2022,122,3,252.62,115.700507,35.784555,583.07,0.00585836
2022,122,4,336.83,115.699820,35.784973,837.23,0.00482695
2022,124,0,0.00,115.697125,35.784704,1794.06,0.00000000
2022,124,1,85.95,115.698075,35.784704,1330.60,0.00109013
2022,124,2,171.90,115.699026,35.784704,1270.79,0.00229721
2022,124,3,257.85,115.699820,35.784973,448.52,0.00241416
2022,125,0,0.00,115.697125,35.784704,568.12,-0.00561496
2022,125,1,49.19,115.696855,35.785069,642.87,-0.00550336
2022,125,2,98.37,115.696855,35.785512,612.97,-0.00539176
2022,126,0,0.00,115.414964,35.638907,672.77,-0.00127456
2022,126,1,99.79,115.414964,35.638008,493.37,-0.00063728
2022,126,2,199.58,115.414694,35.637187,523.27,0.00000000
2022,126,3,299.37,115.414694,35.636287,493.37,-0.00067456
2022,126,4,399.16,115.414425,35.635466,523.27,-0.00136400
2022,126,5,498.95,115.414155,35.634645,538.22,0.00000000
2022,126,6,598.75,115.413616,35.633903,538.22,0.00138770
2022,126,7,698.54,115.413616,35.633003,493.37,0.00131184
2022,126,8,798.33,115.413357,35.632180,463.47,0.00188440
2022,126,9,898.12,115.413616,35.631361,523.27,0.00254165
2022,128,0,0.00,115.409574,35.630553,956.83,-0.00144507
2022,128,1,86.32,115.410276,35.630121,792.38,-0.00138877
2022,128,2,172.65,115.410878,35.629518,672.77,-0.00180286
2022,128,3,258.97,115.411481,35.628915,598.02,-0.00498899
2022,128,4,345.30,115.411730,35.628210,403.66,-0.00639891
2022,128,5,431.62,115.411191,35.627588,568.12,-0.00509308
2022,129,0,0.00,115.409574,35.630553,493.37,0.00182859
2022,129,1,81.28,115.409304,35.629899,493.37,0.00102803
2022,129,2,162.55,115.409274,35.629175,448.52,0.00119755
2022,129,3,243.83,115.409035,35.628512,463.47,0.00296408
2022,129,4,325.11,115.409304,35.627858,448.52,0.00376053
2022,13,0,0.00,115.521145,35.700891,538.22,0.00299049
2022,13,1,98.70,115.520158,35.700713,433.57,0.00306944
2022,13,2,197.40,115.519528,35.700148,373.76,0.00095590
2022,13,3,296.10,115.518831,35.699543,418.61,0.00009465
2022,13,4,394.81,115.518001,35.699095,388.71,0.00061627
2022,13,5,493.51,115.517521,35.698345,418.61,-0.00140381
2022,13,6,592.21,115.516674,35.697926,433.57,-0.00096546
2022,13,7,690.91,115.515845,35.697477,433.57,0.00099424
2022,13,8,789.61,115.515056,35.696959,403.66,0.00023318
2022,13,9,888.31,115.514343,35.696310,418.61,-0.00085607
2022,13,10,987.01,115.513479,35.695921,418.61,0.00054527
2022,13,11,1085.72,115.512691,35.695402,403.66,0.00023891
2022,13,12,1184.42,115.512002,35.694712,373.76,-0.00171139
2022,13,13,1283.12,115.511079,35.694423,343.86,-0.00058118
2022,13,14,1381.82,115.510226,35.694015,328.91,0.00000000
2022,13,15,1480.52,115.509369,35.693615,313.96,0.00110123
2022,13,16,1579.22,115.508451,35.693318,254.16,0.00271835
2022,13,17,1677.92,115.507971,35.692568,269.11,0.00072943
2022,13,18,1776.63,115.507281,35.691878,328.91,-0.00050052
2022,13,19,1875.33,115.506592,35.691189,388.71,-0.00000000
2022,131,0,0.00,115.699820,35.784973,807.33,0.00189798
2022,131,1,90.30,115.700242,35.785665,702.67,0.00378776
2022,131,2,180.59,115.700359,35.786445,627.92,0.00634260
2022,131,3,270.89,115.699841,35.787108,882.08,0.00521767
2022,131,4,361.19,115.699011,35.787399,1181.09,0.00342769
2022,132,0,0.00,115.696855,35.785512,612.97,-0.00102297
2022,132,1,89.83,115.696227,35.786140,732.58,-0.00246037
2022,132,2,179.66,115.695777,35.786819,672.77,-0.00250619
2022,132,3,269.49,115.695777,35.787629,642.87,-0.00055731
2022,132,4,359.32,115.695508,35.788360,403.66,-0.00078776
2022,132,5,449.15,115.695508,35.789170,672.77,-0.00241095
2022,132,6,538.99,115.695508,35.789979,717.63,-0.00329394
2022,132,7,628.82,115.696047,35.790633,897.03,-0.00334151
2022,133,0,0.00,115.696855,35.785512,926.93,-0.00000000
2022,133,1,98.12,115.697541,35.786198,762.48,-0.00051224
2022,133,2,196.24,115.698226,35.786883,1106.34,-0.00106394
2022,133,3,294.36,115.699011,35.787399,717.63,-0.00110341
2022,134,0,0.00,115.411191,35.627588,852.18,0.00206789
2022,134,1,92.54,115.410326,35.627858,1794.06,0.00196991
2022,134,2,185.07,115.409304,35.627858,1734.26,0.00187192
2022,135,0,0.00,115.411191,35.627588,448.52,-0.00669505
2022,135,1,83.08,115.411460,35.626918,388.71,-0.00943888
2022,135,2,166.15,115.410869,35.626510,941.88,-0.00801522
2022,135,3,249.23,115.409952,35.626510,1345.55,-0.00192386
2022,135,4,332.31,115.409035,35.626510,1794.06,0.00000000
2022,137,0,0.00,115.409304,35.627858,418.61,0.00334441
2022,137,1,87.80,115.408900,35.627184,388.71,0.00351566
2022,137,2,175.60,115.409035,35.626510,403.66,0.00368692
2022,138,0,0.00,115.699011,35.787399,672.77,0.00346323
2022,138,1,91.39,115.699011,35.788222,672.77,0.00587269
2022,138,2,182.78,115.698469,35.788746,1061.49,0.00245365
2022,138,3,274.17,115.697534,35.788876,418.61,-0.00345117
2022,138,4,365.56,115.697394,35.789659,702.67,0.00043894
2022,138,5,456.95,115.696784,35.790164,882.08,0.00255146
2022,138,6,548.34,115.696047,35.790633,926.93,0.00069753
2022,14,0,0.00,115.521145,35.700891,1091.39,-0.00267005
2022,14,1,89.90,115.521773,35.700263,1001.69,-0.00328448
2022,14,2,179.81,115.521953,35.699505,762.48,-0.00381412
2022,14,3,269.71,115.521953,35.698695,478.42,-0.00381368
2022,14,4,359.62,115.521503,35.698015,433.57,-0.00246166
2022,14,5,449.52,115.520875,35.697388,388.71,-0.00102530
2022,140,0,0.00,115.696047,35.790633,672.77,0.00000000
2022,140,1,97.69,115.696047,35.791513,657.82,0.00066404
2022,140,2,195.38,115.696047,35.792394,687.72,0.00108513
2022,140,3,293.08,115.695777,35.793196,657.82,0.00040861
2022,140,4,390.77,115.695615,35.794029,657.82,-0.00014579
2022,140,5,488.46,115.695350,35.794833,657.82,-0.00080366
2022,140,6,586.15,115.695238,35.795681,672.77,-0.00093934
2022,140,7,683.84,115.695238,35.796562,627.92,-0.00053796
2022,142,0,0.00,115.409035,35.626510,388.71,0.00332601
2022,142,1,64.15,115.408765,35.626011,388.71,0.00323231
2022,142,2,128.30,115.408765,35.625432,493.37,0.00313861
2022,143,0,0.00,115.695238,35.796562,1360.50,-0.00479305
2022,143,1,82.21,115.695912,35.796966,1794.06,-0.00532462
2022,143,2,164.43,115.696586,35.796831,867.13,-0.00585618
2022,144,0,0.00,115.695238,35.796562,433.57,-0.00000000
2022,144,1,98.37,115.694969,35.797370,627.92,-0.00000000
2022,144,2,196.74,115.694699,35.798178,657.82,-0.00000000
2022,144,3,295.12,115.694430,35.798987,642.87,0.00000000
2022,144,4,393.49,115.694160,35.799795,657.82,0.00000000
2022,145,0,0.00,115.408765,35.625432,1794.06,0.00000000
2022,145,1,89.51,115.409754,35.625432,1225.94,0.00000000
2022,145,2,179.03,115.410742,35.625432,926.93,0.00000000
2022,145,3,268.54,115.411730,35.625432,762.48,0.00000000
2022,146,0,0.00,115.408765,35.625432,418.61,0.00562456
2022,146,1,49.20,115.408496,35.625067,388.71,0.00551259
2022,146,2,98.40,115.408496,35.624624,403.66,0.00540062
2022,147,0,0.00,115.694160,35.799795,642.87,-0.00131062
2022,147,1,98.32,115.694160,35.800682,642.87,0.00000000
2022,147,2,196.64,115.694430,35.801490,598.02,0.00065531
2022,147,3,294.96,115.694160,35.802298,568.12,-0.00065531
2022,147,4,393.28,115.694430,35.803106,538.22,0.00000000
2022,147,5,491.60,115.694430,35.803992,448.52,0.00000000
2022,147,6,589.92,115.694430,35.804878,388.71,-0.00065531
2022,147,7,688.24,115.694699,35.805686,373.76,0.00065531
2022,147,8,786.57,115.694699,35.806572,373.76,-0.00000000
2022,147,9,884.89,115.694699,35.807458,358.81,-0.00065531
2022,147,10,983.21,115.694969,35.808266,343.86,0.00065531
2022,147,11,1081.53,115.694969,35.809152,358.81,-0.00053931
2022,147,12,1179.85,115.694969,35.810039,328.91,-0.00135180
2022,147,13,1278.17,115.695449,35.810786,358.81,0.00038961
2022,147,14,1376.49,115.695509,35.811654,358.81,0.00054501
2022,147,15,1474.81,115.695777,35.812463,328.91,-0.00054404
2022,147,16,1573.13,115.695838,35.813331,313.96,-0.00163551
2022,147,17,1671.45,115.696316,35.814079,343.86,-0.00218652
2022,148,0,0.00,115.694160,35.799795,1510.00,0.00049521
2022,148,1,83.63,115.693377,35.799552,1360.50,-0.00091327
2022,148,2,167.26,115.692624,35.799256,1390.40,-0.00129143
2022,148,3,250.89,115.691699,35.799256,1196.04,0.00279180
2022,148,4,334.53,115.690929,35.798990,941.88,0.00636197
2022,148,5,418.16,115.690387,35.798393,493.37,0.00532872
2022,148,6,501.79,115.690387,35.797639,657.82,0.00377821
2022,149,0,0.00,115.408496,35.624624,448.52,-0.00396310
2022,149,1,50.81,115.408141,35.624269,523.27,-0.00417788
2022,149,2,101.62,115.407687,35.624085,583.07,-0.00439267
2022,15,0,0.00,115.519797,35.725415,508.32,0.00132804
2022,15,1,91.81,115.519797,35.726242,433.57,0.00377290
2022,15,2,183.62,115.519559,35.727001,463.47,0.00563687
2022,15,3,275.44,115.518719,35.727301,732.58,0.00505598
2022,150,0,0.00,115.408496,35.624624,1794.06,0.00261547
2022,150,1,82.70,115.409252,35.624354,1794.06,0.00366844
2022,150,2,165.40,115.410165,35.624354,941.88,0.00366844
2022,150,3,248.10,115.410921,35.624624,762.48,0.00261547
2022,151,0,0.00,115.696316,35.814079,1794.06,0.00251754
2022,151,1,80.17,115.697203,35.814079,1046.54,0.00265440
2022,151,2,160.34,115.697933,35.814348,687.72,0.00279126
2022,152,0,0.00,115.696316,35.814079,358.81,0.00000000
2022,152,1,95.04,115.696316,35.814779,299.01,-0.00051518
2022,152,2,190.07,115.696316,35.815636,299.01,-0.00070209
2022,152,3,285.11,115.696516,35.816434,328.91,-0.00037668
2022,152,4,380.15,115.696586,35.817271,343.86,-0.00074379
2022,152,5,475.18,115.696855,35.818049,343.86,0.00018976
2022,152,6,570.22,115.697125,35.818827,328.91,0.00074379
2022,152,7,665.26,115.697125,35.819684,358.81,-0.00000000
2022,152,8,760.29,115.697394,35.820462,373.76,0.00013737
2022,152,9,855.33,115.697394,35.821319,358.81,-0.00053545
2022,152,10,950.37,115.697612,35.822112,358.81,-0.00027628
2022,152,11,1045.40,115.697859,35.822897,418.61,0.00104887
2022,152,12,1140.44,115.697933,35.823732,448.52,0.00084100
2022,152,13,1235.48,115.697933,35.824589,448.52,0.00037733
2022,153,0,0.00,115.407687,35.624085,403.66,0.00000000
2022,153,1,99.22,115.407687,35.623191,403.66,-0.00064503
2022,153,2,198.44,115.407687,35.622296,373.76,-0.00132792
2022,153,3,297.66,115.407418,35.621481,358.81,-0.00000000
2022,153,4,396.88,115.407148,35.620665,373.76,0.00132792
2022,153,5,496.10,115.407148,35.619771,403.66,-0.00018469
2022,153,6,595.32,115.407148,35.618876,433.57,-0.00132792
2022,153,7,694.54,115.406805,35.618082,433.57,-0.00030805
2022,153,8,793.76,115.406609,35.617245,448.52,0.00068288
2022,153,9,892.98,115.406340,35.616429,463.47,0.00049274
2022,153,10,992.20,115.406340,35.615535,448.52,-0.00003767
2022,153,11,1091.42,115.406070,35.614719,433.57,0.00000000
2022,153,12,1190.64,115.406055,35.613829,478.42,-0.00014218
2022,153,13,1289.86,115.405801,35.613009,433.57,0.00000000
2022,153,14,1389.08,115.405714,35.612140,433.57,0.00039389
2022,153,15,1488.30,115.405531,35.611299,448.52,0.00000000
2022,153,16,1587.52,115.405531,35.610404,448.52,-0.00021403
2022,153,17,1686.74,115.405262,35.609589,448.52,-0.00000000
2022,153,18,1785.95,115.405262,35.608694,448.52,-0.00023720
2022,153,19,1885.17,115.404992,35.607879,433.57,0.00000000
2022,153,20,1984.39,115.404898,35.607012,463.47,-0.00020223
2022,153,21,2083.61,115.404723,35.606168,433.57,0.00000000
2022,153,22,2182.83,115.404454,35.605353,448.52,0.00043943
2022,153,23,2282.05,115.404454,35.604458,418.61,-0.00000000
2022,153,24,2381.27,115.404184,35.603643,448.52,-0.00000000
2022,153,25,2480.49,115.404184,35.602748,448.52,-0.00000000
2022,153,26,2579.71,115.403915,35.601933,418.61,0.00000000
2022,153,27,2678.93,115.403915,35.601038,478.42,0.00000000
2022,153,28,2778.15,115.403645,35.600222,448.52,0.00000000
2022,153,29,2877.37,115.403645,35.599328,448.52,0.00000000
2022,153,30,2976.59,115.403376,35.598512,448.52,-0.00000000
2022,153,31,3075.81,115.403376,35.597618,448.52,-0.00000000
2022,153,32,3175.03,115.403106,35.596802,478.42,-0.00000000
2022,153,33,3274.25,115.403106,35.595908,493.37,-0.00068288
2022,153,34,3373.47,115.402837,35.595092,493.37,0.00000000
2022,153,35,3472.69,115.402567,35.594276,508.32,0.00068288
2022,153,36,3571.91,115.402567,35.593382,508.32,-0.00000000
2022,153,37,3671.13,115.402298,35.592566,478.42,-0.00000000
2022,153,38,3770.35,115.402298,35.591672,508.32,-0.00000000
2022,153,39,3869.57,115.402028,35.590856,523.27,0.00000000
2022,153,40,3968.79,115.402028,35.589962,508.32,-0.00000000
2022,153,41,4068.01,115.401759,35.589146,523.27,0.00000000
2022,153,42,4167.23,115.401759,35.588252,508.32,-0.00016079
2022,153,43,4266.45,115.401489,35.587436,538.22,-0.00017503
2022,153,44,4365.67,115.401425,35.586561,493.37,-0.00035631
2022,153,45,4464.89,115.401149,35.585747,538.22,0.00034745
2022,153,46,4564.11,115.400950,35.584910,493.37,0.00116214
2022,153,47,4663.33,115.400950,35.584016,523.27,0.00047262
2022,153,48,4762.55,115.400950,35.583122,508.32,0.00000000
2022,154,0,0.00,115.407687,35.624085,762.48,-0.00000000
2022,154,1,77.20,115.407148,35.624624,583.07,-0.00000000
2022,154,2,154.41,115.406609,35.625163,612.97,-0.00000000
2022,155,0,0.00,115.697933,35.824589,448.52,0.00228174
2022,155,1,97.78,115.698507,35.825163,433.57,0.00215246
2022,155,2,195.56,115.698772,35.825967,463.47,0.00107079
2022,155,3,293.34,115.699038,35.826771,433.57,0.00074690
2022,155,4,391.12,115.699281,35.827582,478.42,0.00128294
2022,155,5,488.89,115.699281,35.828464,388.71,0.00106148
2022,155,6,586.67,115.699281,35.829345,358.81,0.00020917
2022,155,7,684.45,115.699089,35.830171,328.91,-0.00094505
2022,155,8,782.23,115.699199,35.830975,313.96,-0.00040529
2022,155,9,880.01,115.699281,35.831832,328.91,0.00026962
2022,155,10,977.79,115.699281,35.832714,299.01,-0.00046635
2022,155,11,1075.57,115.699368,35.833570,328.91,-0.00023337
2022,155,12,1173.35,115.699550,35.834398,328.91,0.00066246
2022,155,13,1271.13,115.699550,35.835279,343.86,-0.00021990
2022,155,14,1368.91,115.699550,35.836161,373.76,-0.00066246
2022,155,15,1466.68,115.699820,35.836964,388.71,0.00066246
2022,155,16,1564.46,115.699820,35.837845,388.71,0.00000000
2022,155,17,1662.24,115.699820,35.838726,403.66,-0.00104460
2022,155,18,1760.02,115.700089,35.839529,418.61,0.00000000
2022,155,19,1857.80,115.700237,35.840368,403.66,-0.00029753
2022,155,20,1955.58,115.700359,35.841214,418.61,-0.00161641
2022,155,21,2053.36,115.700768,35.841977,418.61,-0.00164288
2022,155,22,2151.14,115.701242,35.842720,403.66,-0.00070615
2022,155,23,2248.92,115.701926,35.843404,358.81,0.00053585
2022,155,24,2346.70,115.702400,35.844148,299.01,0.00053585
2022,155,25,2444.47,115.702874,35.844891,224.26,-0.00104543
2022,155,26,2542.25,115.703349,35.845635,194.36,-0.00211669
2022,155,27,2640.03,115.704131,35.846149,239.21,-0.00214252
2022,156,0,0.00,115.697933,35.824589,672.77,-0.00000000
2022,156,1,38.56,115.697664,35.824858,717.63,-0.00000000
2022,156,2,77.13,115.697394,35.825128,642.87,-0.00000000
2022,157,0,0.00,115.400950,35.583122,1794.06,0.00000000
2022,157,1,81.42,115.401848,35.583122,1794.06,0.00000000
2022,157,2,162.84,115.402747,35.583122,1614.66,0.00000000
2022,157,3,244.26,115.403645,35.583122,822.28,0.00000000
2022,158,0,0.00,115.400950,35.583122,463.47,0.00000000
2022,158,1,98.41,115.400681,35.582313,478.42,0.00000000
2022,158,2,196.82,115.400411,35.581505,508.32,0.00000000
2022,159,0,0.00,115.704131,35.846149,1151.19,-0.00347668
2022,159,1,53.51,115.703758,35.846523,762.48,-0.00358305
2022,159,2,107.02,115.703592,35.846957,822.28,-0.00368943
2022,160,0,0.00,115.704131,35.846149,239.21,0.00000000
2022,160,1,99.19,115.705023,35.846501,224.26,-0.00000000
2022,160,2,198.38,115.705915,35.846854,239.21,-0.00022122
2022,160,3,297.57,115.706807,35.847207,239.21,-0.00050817
2022,160,4,396.76,115.707736,35.847496,254.16,-0.00035320
2022,160,5,495.94,115.708677,35.847765,239.21,-0.00015551
2022,160,6,595.13,115.709617,35.848035,239.21,-0.00089423
2022,160,7,694.32,115.710573,35.848278,284.06,-0.00154207
2022,160,8,793.51,115.711656,35.848304,269.11,-0.00081139
2022,160,9,892.70,115.712754,35.848304,299.01,-0.00007428
2022,160,10,991.89,115.713851,35.848304,299.01,-0.00010408
2022,160,11,1091.08,115.714949,35.848304,299.01,-0.00081139
2022,160,12,1190.27,115.716026,35.848268,254.16,-0.00147691
2022,160,13,1289.46,115.716988,35.848035,209.31,-0.00089423
2022,160,14,1388.64,115.717928,35.847765,194.36,-0.00022652
2022,160,15,1487.83,115.718869,35.847496,179.41,-0.00097606
2022,160,16,1587.02,115.719792,35.847197,134.55,-0.00162585
2022,160,17,1686.21,115.720584,35.846674,179.41,-0.00081062
2022,160,18,1785.40,115.721377,35.846151,254.16,-0.00053913
2022,160,19,1884.59,115.722159,35.845610,254.16,-0.00042455
2022,160,20,1983.78,115.722863,35.844934,328.91,0.00053913
2022,160,21,2082.97,115.723655,35.844411,328.91,-0.00005565
2022,160,22,2182.16,115.724448,35.843888,358.81,-0.00103998
2022,160,23,2281.35,115.725141,35.843195,358.81,-0.00050085
2022,160,24,2380.53,115.725834,35.842502,388.71,0.00050085
2022,160,25,2479.72,115.726527,35.841809,388.71,0.00050085
2022,160,26,2578.91,115.727320,35.841286,448.52,-0.00050085
2022,160,27,2678.10,115.728013,35.840592,448.52,-0.00098631
2022,160,28,2777.29,115.728706,35.839899,478.42,-0.00000000
2022,160,29,2876.48,115.729194,35.839147,478.42,0.00102145
2022,160,30,2975.67,115.729983,35.838623,538.22,0.00000000
2022,160,31,3074.86,115.730567,35.838039,418.61,-0.00068358
2022,160,32,3174.05,115.731260,35.837346,478.42,-0.00051663
2022,160,33,3273.23,115.731889,35.836634,478.42,-0.00070709
2022,160,34,3372.42,115.732428,35.835896,448.52,-0.00047613
2022,160,35,3471.61,115.732922,35.835145,478.42,0.00035969
2022,160,36,3570.80,115.733406,35.834391,493.37,0.00099276
2022,160,37,3669.99,115.734099,35.833698,523.27,0.00000000
2022,160,38,3769.18,115.734792,35.833005,583.07,-0.00049498
2022,160,39,3868.37,115.735276,35.832251,523.27,0.00049498
2022,160,40,3967.56,115.735970,35.831558,583.07,0.00049498
2022,160,41,4066.75,115.736663,35.830865,553.17,-0.00049498
2022,160,42,4165.93,115.737356,35.830172,568.12,-0.00049498
2022,160,43,4265.12,115.737840,35.829418,568.12,-0.00000000
2022,160,44,4364.31,115.738533,35.828725,627.92,0.00049498
2022,160,45,4463.50,115.739018,35.827971,612.97,0.00049498
2022,160,46,4562.69,115.739810,35.827448,642.87,0.00010729
2022,160,47,4661.88,115.740294,35.826694,583.07,0.00201343
2022,160,48,4761.07,115.741107,35.826206,598.02,0.00266043
2022,160,49,4860.26,115.742048,35.825936,493.37,0.00094314
2022,160,50,4959.45,115.742988,35.825667,418.61,0.00089423
2022,160,51,5058.63,115.743961,35.825453,313.96,0.00217347
2022,160,52,5157.82,115.745027,35.825397,299.01,0.00235914
2022,160,53,5257.01,115.745967,35.825667,209.31,0.00059933
2022,160,54,5356.20,115.746935,35.825890,194.36,0.00031677
2022,160,55,5455.39,115.747926,35.826073,239.21,0.00090779
2022,160,56,5554.58,115.748789,35.826475,209.31,0.00024356
2022,160,57,5653.77,115.749729,35.826745,239.21,0.00081519
2022,160,58,5752.96,115.750602,35.827131,269.11,0.00186441
2022,160,59,5852.15,115.751394,35.827654,299.01,0.00099349
2022,160,60,5951.34,115.752087,35.828348,239.21,0.00000000
2022,160,61,6050.52,115.752880,35.828871,284.06,0.00025392
2022,160,62,6149.71,115.753573,35.829564,299.01,0.00050085
2022,160,63,6248.90,115.754257,35.830118,269.11,0.00048223
2022,160,64,6348.09,115.754850,35.830841,313.96,0.00049498
2022,160,65,6447.28,115.755543,35.831534,269.11,0.00077996
2022,160,66,6546.47,115.756027,35.832288,254.16,0.00105612
2022,160,67,6645.66,115.756511,35.833041,254.16,0.00000000
2022,160,68,6744.85,115.756787,35.833856,239.21,-0.00055043
2022,160,69,6844.04,115.757480,35.834549,239.21,0.00107557
2022,160,70,6943.22,115.757761,35.835361,239.21,0.00111975
2022,160,71,7042.41,115.758030,35.836177,239.21,0.00005919
2022,161,0,0.00,115.400411,35.581505,478.42,0.00000000
2022,161,1,99.04,115.400411,35.580612,478.42,-0.00046532
2022,161,2,198.08,115.400411,35.579720,523.27,-0.00064766
2022,161,3,297.12,115.400216,35.578884,553.17,-0.00036759
2022,161,4,396.16,115.400142,35.578013,478.42,-0.00000000
2022,161,5,495.20,115.399872,35.577199,508.32,0.00018525
2022,161,6,594.24,115.399872,35.576306,508.32,-0.00068572
2022,161,7,693.29,115.399603,35.575492,493.37,-0.00068572
2022,161,8,792.33,115.399333,35.574678,493.37,-0.00000000
2022,161,9,891.37,115.399064,35.573863,463.47,0.00032394
2022,161,10,990.41,115.398794,35.573049,433.57,0.00068572
2022,161,11,1089.45,115.398651,35.572199,433.57,0.00071264
2022,161,12,1188.49,115.398525,35.571343,433.57,0.00000000
2022,161,13,1287.53,115.398525,35.570450,358.81,-0.00035086
2022,161,14,1386.57,115.398255,35.569636,388.71,0.00000000
2022,161,15,1485.61,115.398255,35.568743,313.96,0.00000000
2022,161,16,1584.65,115.397986,35.567929,284.06,0.00064766
2022,161,17,1683.69,115.397986,35.567036,224.26,0.00064766
2022,161,18,1782.73,115.397986,35.566144,179.41,0.00000000
2022,162,0,0.00,115.400411,35.581505,717.63,-0.00000000
2022,162,1,38.61,115.400142,35.581774,702.67,-0.00000000
2022,162,2,77.22,115.399872,35.582044,702.67,-0.00000000
2022,163,0,0.00,115.758030,35.836177,777.43,-0.00890560
2022,163,1,43.63,115.757548,35.836177,1794.06,-0.00909452
2022,163,2,87.26,115.757222,35.836447,762.48,-0.00928344
2022,164,0,0.00,115.758030,35.836177,284.06,0.00187686
2022,164,1,83.41,115.758569,35.836773,284.06,0.00191873
2022,164,2,166.83,115.758839,35.837447,269.11,0.00120112
2022,164,3,250.24,115.759108,35.838120,299.01,0.00059933
2022,164,4,333.66,115.759317,35.838812,313.96,0.00053617
2022,164,5,417.07,115.759482,35.839516,358.81,0.00015766
2022,164,6,500.49,115.759647,35.840220,373.76,0.00000000
2022,165,0,0.00,115.397986,35.566144,1375.45,0.00389826
2022,165,1,68.17,115.398581,35.565874,1240.89,0.00370989
2022,165,2,136.34,115.399333,35.565874,852.18,0.00352151
2022,166,0,0.00,115.397986,35.566144,209.31,-0.00000000
2022,166,1,87.82,115.397581,35.565470,209.31,0.00044364
2022,166,2,175.64,115.397177,35.564796,209.31,0.00000000
2022,166,3,263.46,115.396908,35.564083,239.21,-0.00130307
2022,166,4,351.28,115.396369,35.563449,343.86,-0.00171884
2022,167,0,0.00,115.757222,35.836447,627.92,0.01070511
2022,167,1,31.46,115.757002,35.836667,897.03,0.01110446
2022,167,2,62.91,115.756683,35.836716,747.53,0.01150381
2022,168,0,0.00,115.757222,35.836447,313.96,-0.00928344
2022,168,1,43.63,115.756896,35.836177,299.01,-0.00909452
2022,168,2,87.26,115.756413,35.836177,553.17,-0.00890560
2022,169,0,0.00,115.759647,35.840220,433.57,0.00660004
2022,169,1,91.78,115.760456,35.840530,433.57,0.00540491
2022,169,2,183.55,115.760456,35.841357,418.61,0.00130602
2022,169,3,275.33,115.760725,35.842106,388.71,-0.00159773
2022,17,0,0.00,115.516833,35.725954,538.22,-0.00140775
2022,17,1,83.43,115.516250,35.726537,568.12,-0.00237009
2022,17,2,166.87,115.515876,35.727180,553.17,-0.00299271
2022,17,3,250.30,115.515755,35.727897,418.61,-0.00172935
2022,17,4,333.74,115.515755,35.728649,463.47,-0.00080571
2022,170,0,0.00,115.759647,35.840220,702.67,0.00124145
2022,170,1,89.30,115.759023,35.840844,926.93,0.00129274
2022,170,2,178.59,115.758300,35.841298,792.38,0.00134402
2022,171,0,0.00,115.396369,35.563449,239.21,-0.00000000
2022,171,1,97.74,115.396104,35.562645,164.46,-0.00055714
2022,171,2,195.48,115.395839,35.561841,164.46,-0.00215941
2022,171,3,293.23,115.395366,35.561098,194.36,-0.00326373
2022,171,4,390.97,115.394584,35.560586,299.01,-0.00241108
2022,171,5,488.71,115.393704,35.560245,433.57,-0.00100363
2022,171,6,586.45,115.392800,35.559945,598.02,-0.00211978
2022,171,7,684.19,115.391879,35.559676,568.12,-0.00392601
2022,171,8,781.94,115.390957,35.559945,538.22,-0.00231493
2022,171,9,879.68,115.390085,35.560300,553.17,-0.00035041
2022,171,10,977.42,115.389205,35.560641,538.22,0.00004915
2022,171,11,1075.16,115.388348,35.561023,538.22,-0.00031539
2022,171,12,1172.90,115.387444,35.561324,538.22,-0.00127065
2022,171,13,1270.65,115.386663,35.561835,523.27,-0.00014336
2022,171,14,1368.39,115.385896,35.562371,508.32,0.00177856
2022,171,15,1466.13,115.385002,35.562688,523.27,0.00060363
2022,171,16,1563.87,115.384053,35.562910,523.27,-0.00093195
2022,171,17,1661.61,115.383242,35.563370,538.22,-0.00060363
2022,171,18,1759.36,115.382362,35.563711,583.07,-0.00017959
2022,171,19,1857.10,115.381581,35.564223,568.12,0.00003603
2022,171,20,1954.84,115.380700,35.564564,568.12,0.00028887
2022,171,21,2052.58,115.379913,35.565066,598.02,0.00053109
2022,171,22,2150.32,115.378992,35.565335,508.32,-0.00013297
2022,171,23,2248.07,115.378159,35.565758,538.22,-0.00056712
2022,171,24,2345.81,115.377305,35.566144,508.32,-0.00000000
2022,171,25,2443.55,115.376498,35.566611,538.22,0.00060363
2022,171,26,2541.29,115.375618,35.566952,538.22,0.00089545
2022,172,0,0.00,115.396369,35.563449,612.97,0.00209411
2022,172,1,91.02,115.395678,35.563988,882.08,0.00214768
2022,172,2,182.04,115.394830,35.564257,538.22,0.00110063
2022,172,3,273.06,115.393982,35.564527,568.12,0.00000000
2022,172,4,364.09,115.393135,35.564796,523.27,0.00000000
2022,173,0,0.00,115.760725,35.842106,418.61,0.00084136
2022,173,1,99.60,115.761212,35.842863,418.61,0.00053127
2022,173,2,199.20,115.761534,35.843667,403.66,-0.00000000
2022,173,3,298.80,115.761978,35.844436,403.66,0.00033632
2022,173,4,398.40,115.762342,35.845229,388.71,0.00068993
2022,173,5,498.00,115.762612,35.846048,418.61,0.00024302
2022,173,6,597.60,115.762881,35.846868,388.71,-0.00000000
2022,173,7,697.20,115.763151,35.847687,388.71,0.00000000
2022,173,8,796.80,115.763420,35.848507,388.71,0.00000000
2022,173,9,896.40,115.763690,35.849327,403.66,0.00000000
2022,173,10,996.00,115.763959,35.850146,418.61,0.00004402
2022,173,11,1095.60,115.764229,35.850966,433.57,0.00000000
2022,173,12,1195.20,115.764481,35.851791,418.61,-0.00008810
2022,173,13,1294.80,115.764768,35.852605,448.52,0.00000000
2022,173,14,1394.40,115.765037,35.853425,448.52,0.00008816
2022,174,0,0.00,115.760725,35.842106,717.63,-0.00000000
2022,174,1,88.61,115.761345,35.841487,702.67,0.00203339
2022,174,2,177.23,115.761964,35.840867,1270.79,0.00419081
2022,174,3,265.84,115.762881,35.840759,807.33,0.00431485
2022,175,0,0.00,115.760725,35.842106,971.78,0.00391459
2022,175,1,95.75,115.759980,35.842645,1674.46,0.00591931
2022,175,2,191.50,115.758920,35.842645,463.47,0.00816517
2022,175,3,287.25,115.758221,35.842027,358.81,0.00653403
2022,175,4,383.00,115.758300,35.841298,508.32,0.00466174
2022,177,0,0.00,115.758300,35.841298,448.52,-0.00928434
2022,177,1,43.63,115.757974,35.841028,598.02,-0.00909542
2022,177,2,87.26,115.757491,35.841028,508.32,-0.00890649
2022,178,0,0.00,115.375618,35.566952,538.22,0.00362666
2022,178,1,92.39,115.375181,35.567658,478.42,0.00304468
2022,178,2,184.77,115.374339,35.567962,403.66,0.00190841
2022,178,3,277.16,115.373595,35.568436,418.61,0.00199753
2022,178,4,369.54,115.372653,35.568569,388.71,0.00264094
2022,179,0,0.00,115.375618,35.566952,1794.06,0.00000000
2022,179,1,86.42,115.375014,35.566349,1794.06,-0.00192286
2022,179,2,172.84,115.374411,35.565746,941.88,-0.00542196
2022,179,3,259.26,115.373540,35.565605,463.47,-0.00595550
2022,179,4,345.69,115.372710,35.565817,433.57,-0.00344086
2022,179,5,432.11,115.372008,35.566250,388.71,-0.00098446
2022,179,6,518.53,115.371306,35.566683,403.66,-0.00000000
2022,18,0,0.00,115.516833,35.725954,837.23,0.00000000
2022,18,1,80.56,115.517395,35.726517,897.03,-0.00160185
2022,18,2,161.12,115.517958,35.727079,1061.49,-0.00337066
2022,18,3,241.68,115.518719,35.727301,657.82,-0.00353763
2022,180,0,0.00,115.765037,35.853425,762.48,0.00174717
2022,180,1,67.64,115.764565,35.853898,1166.14,0.00230141
2022,180,2,135.28,115.764012,35.854233,941.88,0.00191511
2022,180,3,202.92,115.763420,35.854503,523.27,0.00097459
2022,181,0,0.00,115.765037,35.853425,418.61,0.00000000
2022,181,1,57.84,115.765442,35.853829,478.42,0.00000000
2022,181,2,115.67,115.765846,35.854233,463.47,0.00000000
2022,182,0,0.00,115.372653,35.568569,418.61,0.00318592
2022,182,1,81.63,115.372239,35.569108,358.81,0.00358030
2022,182,2,163.26,115.371524,35.569428,313.96,0.00072910
2022,182,3,244.89,115.370757,35.569657,269.11,-0.00125823
2022,182,4,326.52,115.370187,35.570227,209.31,0.00172344
2022,182,5,408.15,115.369419,35.570456,209.31,0.00344687
2022,183,0,0.00,115.372653,35.568569,1614.66,0.00000000
2022,183,1,72.50,115.372147,35.568063,1315.65,-0.00095313
2022,183,2,144.99,115.371641,35.567557,388.71,-0.00199631
2022,183,3,217.49,115.371036,35.567222,269.11,-0.00208635
2022,184,0,0.00,115.765846,35.854233,418.61,0.00000000
2022,184,1,97.78,115.766115,35.855037,448.52,-0.00052289
2022,184,2,195.56,115.766385,35.855840,418.61,-0.00160063
2022,184,3,293.34,115.766851,35.856586,433.57,-0.00160756
2022,184,4,391.13,115.767535,35.857270,403.66,-0.00104541
2022,184,5,488.91,115.768218,35.857953,299.01,-0.00107103
2022,184,6,586.69,115.769001,35.858466,269.11,-0.00103285
2022,184,7,684.47,115.769784,35.858980,194.36,-0.00058568
2022,184,8,782.25,115.770648,35.859354,149.51,-0.00027711
2022,184,9,880.03,115.771448,35.859836,119.60,-0.00185810
2022,184,10,977.81,115.772341,35.860162,134.55,-0.00271287
2022,184,11,1075.59,115.773423,35.860162,209.31,-0.00094856
2022,184,12,1173.38,115.774506,35.860162,209.31,0.00000000
2022,184,13,1271.16,115.775573,35.860188,254.16,-0.00028106
2022,184,14,1368.94,115.776356,35.860162,299.01,-0.00041204
2022,185,0,0.00,115.765846,35.854233,807.33,0.00076618
2022,185,1,83.87,115.766432,35.853647,852.18,0.00310099
2022,185,2,167.74,115.767073,35.853155,1704.36,0.00490798
2022,185,3,251.61,115.768002,35.853155,612.97,0.00438014
2022,186,0,0.00,115.369419,35.570456,239.21,0.00311730
2022,186,1,90.07,115.368912,35.570995,149.51,0.00221675
2022,186,2,180.13,115.368075,35.571264,149.51,0.00143877
2022,186,3,270.20,115.367346,35.571720,134.55,0.00154686
2022,186,4,360.27,115.366401,35.571803,179.41,0.00109410
2022,186,5,450.33,115.365563,35.572073,239.21,0.00131754
2022,186,6,540.40,115.364570,35.572073,269.11,0.00077121
2022,186,7,630.47,115.363576,35.572073,388.71,-0.00007309
2022,186,8,720.53,115.362619,35.572135,463.47,-0.00067761
2022,186,9,810.60,115.361891,35.572091,538.22,-0.00190502
2022,186,10,900.67,115.361065,35.572342,762.48,-0.00216414
2022,187,0,0.00,115.369419,35.570456,1390.40,-0.00533903
2022,187,1,63.04,115.368979,35.570016,373.76,-0.00553675
2022,187,2,126.08,115.368341,35.569917,164.46,-0.00573447
2022,188,0,0.00,115.776356,35.860162,493.37,-0.00327438
2022,188,1,86.10,115.776958,35.860764,388.71,-0.00490069
2022,188,2,172.20,115.777790,35.860971,149.51,-0.00739228
2022,188,3,258.29,115.778658,35.860825,403.66,-0.00676373
2022,188,4,344.39,115.779051,35.860162,732.58,-0.00526991
2022,189,0,0.00,115.776356,35.860162,418.61,0.00307119
2022,189,1,82.18,115.776930,35.859588,194.36,0.00540023
2022,189,2,164.35,115.777704,35.859354,119.60,0.00772926
2022,189,3,246.53,115.778477,35.859588,239.21,0.00540023
2022,189,4,328.71,115.779051,35.860162,598.02,0.00307119
2022,19,0,0.00,115.506592,35.691189,702.67,-0.00269850
2022,19,1,98.39,115.506861,35.690381,657.82,-0.00269850
2022,19,2,196.78,115.506592,35.689572,598.02,-0.00269850
2022,190,0,0.00,115.361065,35.572342,1151.19,0.00000000
2022,190,1,19.31,115.360930,35.572477,1166.14,0.00000000
2022,190,2,38.61,115.360795,35.572612,1151.19,0.00000000
2022,191,0,0.00,115.361065,35.572342,553.17,-0.00220817
2022,191,1,96.45,115.360392,35.571669,508.32,-0.00170793
2022,191,2,192.91,115.359521,35.571337,523.27,0.00057276
2022,191,3,289.36,115.358748,35.570834,523.27,0.00060385
2022,191,4,385.81,115.358075,35.570161,493.37,-0.00117660
2022,191,5,482.27,115.357204,35.569829,508.32,0.00000000
2022,191,6,578.72,115.356432,35.569326,508.32,0.00117660
2022,191,7,675.17,115.355660,35.568823,478.42,0.00057276
2022,191,8,771.62,115.354987,35.568150,418.61,-0.00057276
2022,191,9,868.08,115.354214,35.567647,448.52,-0.00057276
2022,191,10,964.53,115.353442,35.567145,418.61,0.00000000
2022,191,11,1060.98,115.352670,35.566642,403.66,-0.00060385
2022,191,12,1157.44,115.351898,35.566139,358.81,-0.00000000
2022,191,13,1253.89,115.351027,35.565807,343.86,0.00117660
2022,191,14,1350.34,115.350353,35.565134,284.06,-0.00000000
2022,191,15,1446.80,115.349581,35.564631,239.21,0.00000000
2022,191,16,1543.25,115.348809,35.564129,254.16,0.00057276
2022,191,17,1639.70,115.348136,35.563456,194.36,-0.00057276
2022,191,18,1736.15,115.347364,35.562953,179.41,0.00053133
2022,191,19,1832.61,115.346592,35.562450,209.31,0.00229257
2022,191,20,1929.06,115.346127,35.561716,209.31,0.00172143
2022,191,21,2025.51,115.345704,35.560970,194.36,0.00091763
2022,191,22,2121.97,115.345434,35.560179,328.91,0.00042210
2022,191,23,2218.42,115.345151,35.559393,358.81,0.00011211
2022,191,24,2314.87,115.344895,35.558598,269.11,0.00014940
2022,192,0,0.00,115.779051,35.860162,358.81,0.00000000
2022,192,1,98.19,115.780138,35.860162,358.81,0.00000000
2022,192,2,196.37,115.781225,35.860162,418.61,0.00000000
2022,192,3,294.56,115.782312,35.860162,418.61,0.00000000
2022,192,4,392.74,115.783399,35.860162,418.61,-0.00061934
2022,192,5,490.93,115.784486,35.860162,448.52,-0.00082857
2022,192,6,589.11,115.785454,35.859958,463.47,0.00042889
2022,192,7,687.30,115.786503,35.859893,478.42,0.00082857
2022,192,8,785.48,115.787590,35.859893,478.42,-0.00063812
2022,192,9,883.67,115.788677,35.859893,448.52,-0.00082857
2022,192,10,981.85,115.789607,35.859623,448.52,0.00082857
2022,192,11,1080.04,115.790694,35.859623,448.52,0.00082857
2022,192,12,1178.22,115.791781,35.859623,448.52,-0.00015006
2022,192,13,1276.41,115.792868,35.859623,478.42,-0.00082857
2022,192,14,1374.59,115.793925,35.859572,433.57,-0.00051263
2022,192,15,1472.78,115.794884,35.859354,478.42,0.00041287
2022,192,16,1570.96,115.795971,35.859354,478.42,-0.00016588
2022,192,17,1669.15,115.796977,35.859214,448.52,0.00002847
2022,192,18,1767.33,115.797988,35.859084,478.42,0.00082857
2022,192,19,1865.52,115.799075,35.859084,448.52,-0.00044134
2022,192,20,1963.70,115.800162,35.859084,418.61,-0.00082857
2022,192,21,2061.89,115.801092,35.858815,418.61,-0.00000000
2022,192,22,2160.07,115.802179,35.858815,418.61,-0.00016906
2022,192,23,2258.26,115.803108,35.858545,433.57,0.00000000
2022,192,24,2356.44,115.804165,35.858494,403.66,0.00033495
2022,192,25,2454.63,115.805125,35.858276,448.52,-0.00000000
2022,192,26,2552.81,115.806212,35.858276,418.61,-0.00016588
2022,192,27,2651.00,115.807142,35.858006,388.71,0.00000000
2022,192,28,2749.18,115.808229,35.858006,418.61,-0.00091357
2022,192,29,2847.37,115.809158,35.857737,418.61,-0.00128249
2022,192,30,2945.55,115.810088,35.857467,448.52,-0.00003994
2022,192,31,3043.74,115.810956,35.857093,433.57,0.00042872
2022,192,32,3141.92,115.811941,35.856917,358.81,0.00007983
2022,192,33,3240.11,115.812826,35.856571,373.76,0.00113523
2022,192,34,3338.29,115.813807,35.856389,418.61,0.00170226
2022,192,35,3436.48,115.814894,35.856389,418.61,0.00109424
2022,193,0,0.00,115.344895,35.558598,1629.61,-0.00000000
2022,193,1,43.74,115.345299,35.558463,1121.29,-0.00000000
2022,193,2,87.48,115.345704,35.558328,867.13,-0.00000000
2022,194,0,0.00,115.344895,35.558598,269.11,0.00303687
2022,194,1,88.20,115.344356,35.557960,403.66,0.00195132
2022,194,2,176.40,115.344290,35.557184,493.37,0.00043289
2022,194,3,264.59,115.343883,35.556508,553.17,-0.00043289
2022,194,4,352.79,115.343817,35.555732,627.92,-0.00195132
2022,194,5,440.99,115.343278,35.555094,717.63,-0.00303687
2022,195,0,0.00,115.814894,35.856389,463.47,0.00267816
2022,195,1,97.52,115.815485,35.855850,388.71,0.00254958
2022,195,2,195.04,115.816407,35.855581,358.81,0.00211275
2022,195,3,292.56,115.817329,35.855311,388.71,0.00092671
2022,195,4,390.08,115.818405,35.855304,388.71,-0.00087609
2022,195,5,487.59,115.819331,35.855042,403.66,-0.00092671
2022,195,6,585.11,115.820253,35.854772,388.71,-0.00002616
2022,195,7,682.63,115.821176,35.854503,418.61,-0.00009250
2022,195,8,780.15,115.822098,35.854233,433.57,-0.00000000
2022,195,9,877.67,115.823005,35.853938,433.57,-0.00041931
2022,195,10,975.19,115.823942,35.853694,433.57,-0.00086125
2022,195,11,1072.71,115.824765,35.853255,433.57,0.00015646
2022,195,12,1170.23,115.825646,35.852914,403.66,0.00169490
2022,195,13,1267.74,115.826551,35.852616,448.52,0.00128205
2022,195,14,1365.26,115.827631,35.852616,508.32,-0.00089821
2022,195,15,1462.78,115.828553,35.852347,523.27,-0.00124698
2022,195,16,1560.30,115.829465,35.852059,538.22,-0.00083162
2022,195,17,1657.82,115.830345,35.851718,583.07,-0.00031988
2022,195,18,1755.34,115.831162,35.851269,523.27,0.00089618
2022,195,19,1852.86,115.832085,35.850999,538.22,0.00064015
2022,195,20,1950.38,115.833007,35.850730,538.22,-0.00064015
2022,195,21,2047.90,115.833929,35.850460,538.22,-0.00096086
2022,195,22,2145.41,115.834746,35.850011,553.17,0.00031988
2022,195,23,2242.93,115.835616,35.849652,538.22,0.00188757
2022,195,24,2340.45,115.836538,35.849382,568.12,0.00192270
2022,195,25,2437.97,115.837618,35.849382,508.32,-0.00000000
2022,195,26,2535.49,115.838665,35.849327,433.57,-0.00049407
2022,195,27,2633.01,115.839620,35.849113,418.61,0.00168053
2022,195,28,2730.53,115.840699,35.849113,358.81,0.00149888
2022,195,29,2828.05,115.841621,35.849382,328.91,-0.00074605
2022,195,30,2925.57,115.842701,35.849382,299.01,-0.00000000
2022,195,31,3023.08,115.843762,35.849414,254.16,0.00218456
2022,195,32,3120.60,115.844703,35.849652,209.31,0.00180912
2022,195,33,3218.12,115.845522,35.850097,224.26,0.00000000
2022,195,34,3315.64,115.846403,35.850438,179.41,0.00023496
2022,195,35,3413.16,115.847283,35.850780,194.36,0.00060556
2022,195,36,3510.68,115.848064,35.851291,209.31,0.00058903
2022,195,37,3608.20,115.848944,35.851632,239.21,0.00166608
2022,195,38,3705.72,115.849626,35.852314,269.11,0.00107705
2022,195,39,3803.23,115.850198,35.852886,299.01,0.00000000
2022,196,0,0.00,115.814894,35.856389,1210.99,0.00265746
2022,196,1,89.43,115.815519,35.857014,1599.71,0.00508131
2022,196,2,178.85,115.815702,35.857767,837.23,0.00647164
2022,196,3,268.28,115.815163,35.858276,448.52,0.00543812
2022,197,0,0.00,115.343278,35.555094,1330.60,-0.00000000
2022,197,1,90.90,115.342432,35.555364,1255.84,0.00107314
2022,197,2,181.80,115.341586,35.555633,657.82,0.00204412
2022,197,3,272.70,115.340583,35.555633,328.91,0.00194194
2022,198,0,0.00,115.343278,35.555094,657.82,-0.00115420
2022,198,1,92.74,115.343817,35.554416,627.92,-0.00157759
2022,198,2,185.48,115.344155,35.553678,568.12,-0.00197955
2022,198,3,278.22,115.344356,35.552901,523.27,-0.00078519
2022,198,4,370.96,115.344356,35.552065,493.37,0.00089326
2022,198,5,463.70,115.344626,35.551308,463.47,0.00058259
2022,198,6,556.44,115.344866,35.550542,403.66,0.00017175
2022,198,7,649.18,115.345096,35.549773,343.86,0.00120309
2022,198,8,741.92,115.345434,35.549036,358.81,0.00149163
2022,198,9,834.66,115.345973,35.548357,299.01,0.00115420
2022,199,0,0.00,115.850198,35.852886,269.11,0.00358480
2022,199,1,83.87,115.851082,35.852962,313.96,0.00396040
2022,199,2,167.74,115.851740,35.853425,358.81,0.00249050
2022,199,3,251.61,115.852354,35.853964,328.91,0.00064499
2022,2,0,0.00,115.520336,35.718139,448.52,-0.00200212
2022,2,1,80.45,115.519797,35.718707,433.57,-0.00212896
2022,2,2,160.89,115.519528,35.719354,358.81,-0.00105361
2022,2,3,241.34,115.519277,35.720006,388.71,-0.00090220
2022,2,4,321.78,115.518989,35.720647,418.61,-0.00203583
2022,2,5,402.23,115.518989,35.721373,403.66,-0.00211868
2022,20,0,0.00,115.506592,35.691189,717.63,0.00324775
2022,20,1,74.51,115.505926,35.691459,328.91,0.00455284
2022,20,2,149.02,115.505102,35.691459,239.21,0.00455284
2022,20,3,223.54,115.504436,35.691189,328.91,0.00324775
2022,200,0,0.00,115.850198,35.852886,1764.16,-0.00185635
2022,200,1,72.79,115.849689,35.853395,1016.64,-0.00191168
2022,200,2,145.58,115.849389,35.853964,822.28,-0.00196700
2022,201,0,0.00,115.345973,35.548357,478.42,0.00004091
2022,201,1,99.28,115.346912,35.548088,717.63,-0.00245534
2022,201,2,198.55,115.347854,35.547824,209.31,-0.00487154
2022,201,3,297.83,115.348129,35.547010,493.37,-0.00479148
2022,202,0,0.00,115.345973,35.548357,598.02,0.00255727
2022,202,1,90.94,115.345704,35.547616,433.57,0.00235901
2022,202,2,181.88,115.345869,35.546844,224.26,0.00221992
2022,202,3,272.83,115.345973,35.546055,463.47,0.00245515
2022,202,4,363.77,115.346512,35.545393,568.12,0.00263120
2022,203,0,0.00,115.852354,35.853964,373.76,-0.00056552
2022,203,1,95.64,115.853098,35.854503,418.61,0.00016358
2022,203,2,191.28,115.853889,35.854961,418.61,0.00058181
2022,203,3,286.92,115.854558,35.855629,388.71,0.00013548
2022,203,4,382.56,115.855325,35.856127,433.57,-0.00032490
2022,203,5,478.20,115.855994,35.856796,433.57,-0.00119536
2022,203,6,573.85,115.856818,35.857198,448.52,0.00002585
2022,203,7,669.49,115.857629,35.857622,433.57,0.00061355
2022,203,8,765.13,115.858306,35.858276,448.52,-0.00084106
2022,203,9,860.77,115.859165,35.858619,433.57,-0.00000000
2022,203,10,956.41,115.859932,35.859117,478.42,0.00114012
2022,203,11,1052.05,115.860700,35.859616,448.52,0.00030854
2022,203,12,1147.69,115.861369,35.860284,478.42,-0.00058181
2022,203,13,1243.33,115.862184,35.860701,478.42,-0.00002578
2022,203,14,1338.97,115.862904,35.861281,463.47,-0.00000000
2022,203,15,1434.61,115.863672,35.861779,478.42,-0.00056552
2022,204,0,0.00,115.852354,35.853964,1794.06,0.00000000
2022,204,1,67.64,115.851881,35.854437,1794.06,0.00230141
2022,204,2,135.28,115.851408,35.854909,867.13,0.00480314
2022,204,3,202.92,115.850737,35.855042,433.57,0.00500346
2022,205,0,0.00,115.348129,35.547010,328.91,0.00352002
2022,205,1,68.18,115.348881,35.547010,269.11,0.00370827
2022,205,2,136.36,115.349477,35.547279,403.66,0.00389652
2022,206,0,0.00,115.348129,35.547010,642.87,-0.00296898
2022,206,1,82.47,115.347762,35.546373,493.37,-0.00221639
2022,206,2,164.95,115.347088,35.545968,612.97,-0.00000000
2022,206,3,247.42,115.346512,35.545393,478.42,0.00146379
2022,207,0,0.00,115.346512,35.545393,224.26,0.00143932
2022,207,1,94.06,115.346512,35.544545,388.71,0.00148247
2022,207,2,188.12,115.346782,35.543776,358.81,0.00152561
2022,209,0,0.00,115.863672,35.861779,463.47,0.00000000
2022,209,1,38.56,115.863942,35.862049,463.47,0.00000000
2022,209,2,77.11,115.864211,35.862318,463.47,0.00000000
2022,21,0,0.00,115.506592,35.691189,388.71,-0.00000000
2022,21,1,57.88,115.506188,35.690785,418.61,-0.00000000
2022,21,2,115.77,115.505783,35.690381,328.91,-0.00000000
2022,210,0,0.00,115.863672,35.861779,1794.06,-0.00000000
2022,210,1,92.58,115.864319,35.861132,1794.06,0.00142664
2022,210,2,185.16,115.864966,35.860485,1106.34,0.00958692
2022,210,3,277.74,115.865713,35.860316,463.47,0.01441230
2022,210,4,370.32,115.865505,35.861024,1121.29,0.00737992
2022,210,5,462.90,115.864858,35.861671,1794.06,0.00112790
2022,210,6,555.48,115.864211,35.862318,1794.06,0.00000000
2022,211,0,0.00,115.346512,35.543506,388.71,-0.00000000
2022,211,1,19.31,115.346647,35.543641,388.71,-0.00000000
2022,211,2,38.62,115.346782,35.543776,418.61,-0.00000000
2022,212,0,0.00,115.346512,35.543506,373.76,0.00891013
2022,212,1,34.26,115.346543,35.543206,373.76,0.00879355
2022,212,2,68.52,115.346782,35.542967,388.71,0.00867696
2022,213,0,0.00,115.346512,35.543506,1794.06,0.00000000
2022,213,1,24.44,115.346243,35.543506,1794.06,0.00000000
2022,213,2,48.88,115.345973,35.543506,1794.06,0.00000000
2022,214,0,0.00,115.346782,35.543776,822.28,0.00000000
2022,214,1,75.27,115.347455,35.544045,1076.44,0.00000000
2022,214,2,150.55,115.348129,35.544315,1031.59,0.00000000
2022,215,0,0.00,115.864211,35.862318,463.47,-0.00109690
2022,215,1,94.86,115.864874,35.862981,493.37,-0.00054845
2022,215,2,189.73,115.865637,35.863474,493.37,0.00054845
2022,215,3,284.59,115.866300,35.864137,523.27,0.00000000
2022,215,4,379.46,115.866963,35.864800,463.47,-0.00114026
2022,215,5,474.32,115.867725,35.865293,478.42,0.00000000
2022,215,6,569.18,115.868488,35.865786,448.52,0.00114026
2022,215,7,664.05,115.869151,35.866449,463.47,-0.00000000
2022,215,8,758.91,115.869814,35.867112,448.52,-0.00054845
2022,215,9,853.78,115.870576,35.867605,448.52,0.00054845
2022,215,10,948.64,115.871239,35.868268,433.57,0.00054845
2022,215,11,1043.51,115.871903,35.868931,433.57,-0.00000000
2022,215,12,1138.37,115.872566,35.869595,418.61,-0.00000000
2022,216,0,0.00,115.346782,35.542967,388.71,-0.00174003
2022,216,1,71.42,115.347280,35.542469,299.01,-0.00199259
2022,216,2,142.85,115.347590,35.541915,224.26,-0.00132532
2022,216,3,214.27,115.347860,35.541350,403.66,-0.00040550
2022,217,0,0.00,115.346782,35.542967,358.81,0.00120454
2022,217,1,79.11,115.346438,35.542354,284.06,0.00197958
2022,217,2,158.22,115.346243,35.541698,89.70,0.00211196
2022,217,3,237.33,115.346243,35.540985,373.76,0.00073465
2022,217,4,316.44,115.346243,35.540272,358.81,0.00000000
2022,218,0,0.00,115.872566,35.869595,493.37,-0.00219542
2022,218,1,98.17,115.872834,35.870402,418.61,-0.00264559
2022,218,2,196.34,115.873520,35.871088,358.81,-0.00209863
2022,218,3,294.52,115.874306,35.871604,284.06,-0.00055075
2022,218,4,392.69,115.875091,35.872120,343.86,0.00055075
2022,218,5,490.86,115.875877,35.872636,358.81,0.00156738
2022,218,6,589.03,115.876563,35.873323,388.71,0.00101663
2022,218,7,687.21,115.877040,35.874069,373.76,-0.00101663
2022,218,8,785.38,115.877726,35.874755,418.61,-0.00061681
2022,218,9,883.55,115.878512,35.875272,463.47,0.00154788
2022,218,10,981.72,115.879033,35.876005,418.61,0.00022483
2022,218,11,1079.90,115.879467,35.876765,493.37,-0.00209863
2022,218,12,1178.07,115.880252,35.877281,568.12,-0.00175613
2022,218,13,1276.24,115.881038,35.877797,463.47,-0.00117545
2022,218,14,1374.41,115.881923,35.878143,388.71,0.00164283
2022,218,15,1472.59,115.882806,35.878490,373.76,0.00436495
2022,218,16,1570.76,115.883076,35.879296,254.16,0.00425482
2022,219,0,0.00,115.872566,35.869595,627.92,-0.00252076
2022,219,1,80.12,115.873453,35.869595,508.32,-0.00265792
2022,219,2,160.25,115.874183,35.869325,702.67,-0.00279508
2022,22,0,0.00,115.518719,35.727301,672.77,0.00377590
2022,22,1,83.11,115.518989,35.727972,568.12,0.00340018
2022,22,2,166.22,115.518724,35.728644,433.57,0.00347386
2022,22,3,249.34,115.518561,35.729346,448.52,0.00494447
2022,22,4,332.45,115.517864,35.729727,672.77,0.00352953
2022,22,5,415.56,115.517102,35.729996,777.43,0.00109335
2022,220,0,0.00,115.347860,35.541350,837.23,0.00000000
2022,220,1,12.22,115.347994,35.541350,343.86,0.00000000
2022,220,2,24.44,115.348129,35.541350,343.86,0.00000000
2022,221,0,0.00,115.347860,35.541350,269.11,0.00000000
2022,221,1,67.78,115.347387,35.540877,269.11,-0.00229630
2022,221,2,135.56,115.346914,35.540404,358.81,-0.00479090
2022,221,3,203.35,115.346243,35.540272,612.97,-0.00498920
2022,222,0,0.00,115.345704,35.539733,388.71,0.00000000
2022,222,1,19.31,115.345838,35.539868,388.71,0.00000000
2022,222,2,38.62,115.345973,35.540003,418.61,0.00000000
2022,223,0,0.00,115.346243,35.540272,418.61,0.00000000
2022,223,1,19.31,115.346108,35.540137,418.61,0.00000000
2022,223,2,38.62,115.345973,35.540003,418.61,0.00000000
2022,225,0,0.00,115.345704,35.539733,1076.44,0.00165398
2022,225,1,89.37,115.344718,35.539733,1046.54,0.00629342
2022,225,2,178.74,115.343863,35.539509,358.81,0.01095227
2022,225,3,268.12,115.344187,35.538825,493.37,0.00632817
2022,225,4,357.49,115.344811,35.538201,627.92,0.00084232
2022,225,5,446.86,115.345434,35.537577,657.82,-0.00000000
2022,226,0,0.00,115.345973,35.540003,598.02,0.00000000
2022,226,1,96.54,115.345299,35.540676,388.71,0.00000000
2022,226,2,193.09,115.344626,35.541350,358.81,0.00000000
2022,227,0,0.00,115.345704,35.539733,373.76,-0.00173106
2022,227,1,88.45,115.345973,35.539015,418.61,-0.00336247
2022,227,2,176.90,115.345973,35.538217,388.71,-0.00422323
2022,227,3,265.36,115.345434,35.537577,418.61,-0.00345258
2022,228,0,0.00,115.883076,35.879296,418.61,0.00444841
2022,228,1,87.16,115.883983,35.879395,328.91,0.00432829
2022,228,2,174.32,115.884593,35.880005,328.91,0.00087517
2022,228,3,261.48,115.885202,35.880614,373.76,-0.00153062
2022,228,4,348.64,115.885992,35.880913,448.52,0.00110546
2022,228,5,435.80,115.886642,35.881452,478.42,0.00021502
2022,228,6,522.96,115.887119,35.881992,463.47,-0.00274100
2022,228,7,610.11,115.887927,35.882261,553.17,-0.00309772
2022,229,0,0.00,115.883076,35.879296,418.61,0.00770464
2022,229,1,82.17,115.883041,35.879871,926.93,0.00708627
2022,229,2,164.33,115.882267,35.880105,747.53,0.00646790
2022,230,0,0.00,115.345434,35.537577,373.76,-0.00445518
2022,230,1,68.52,115.345373,35.536977,433.57,-0.00439688
2022,230,2,137.04,115.344895,35.536499,433.57,-0.00433857
2022,231,0,0.00,115.887927,35.882261,508.32,-0.00158923
2022,231,1,81.31,115.888077,35.882950,448.52,-0.00237989
2022,231,2,162.61,115.888436,35.883579,418.61,-0.00232617
2022,231,3,243.92,115.889005,35.884147,403.66,-0.00148179
2022,232,0,0.00,115.887927,35.882261,1255.84,0.00000000
2022,232,1,72.37,115.888433,35.881755,1166.14,0.00095448
2022,232,2,144.73,115.888939,35.881249,523.27,0.00199943
2022,232,3,217.10,115.889544,35.880913,,0.00208991
2022,233,0,0.00,115.344895,35.536499,403.66,0.00000000
2022,233,1,79.11,115.344895,35.535786,418.61,-0.00102417
2022,233,2,158.22,115.344895,35.535073,388.71,-0.00211212
2022,233,3,237.33,115.344626,35.534439,358.81,-0.00108795
2022,233,4,316.44,115.344356,35.533804,373.76,0.00000000
2022,234,0,0.00,115.344895,35.536499,612.97,-0.00000000
2022,234,1,77.24,115.344356,35.537038,583.07,-0.00000000
2022,234,2,154.47,115.343817,35.537577,612.97,-0.00000000
2022,235,0,0.00,115.889005,35.884147,448.52,0.00214937
2022,235,1,97.55,115.888950,35.885011,403.66,0.00095905
2022,235,2,195.11,115.888477,35.885753,284.06,0.00062210
2022,235,3,292.66,115.888466,35.886629,224.26,0.00318221
2022,235,4,390.22,115.887805,35.887112,224.26,0.00212610
2022,235,5,487.77,115.887118,35.887574,239.21,-0.00035039
2022,235,6,585.33,115.886448,35.888190,269.11,0.00021178
2022,235,7,682.88,115.885682,35.888729,269.11,0.00033337
2022,235,8,780.43,115.884933,35.889297,343.86,0.00027741
2022,235,9,877.99,115.884152,35.889808,418.61,0.00018783
2022,235,10,975.54,115.883371,35.890320,403.66,-0.00026559
2022,235,11,1073.10,115.882589,35.890832,433.57,0.00000000
2022,235,12,1170.65,115.881855,35.891424,463.47,0.00053790
2022,235,13,1268.21,115.881027,35.891856,493.37,0.00037269
2022,235,14,1365.76,115.880245,35.892368,508.32,0.00031612
2022,235,15,1463.31,115.879401,35.892771,508.32,-0.00016253
2022,235,16,1560.87,115.878583,35.893221,493.37,-0.00058843
2022,235,17,1658.42,115.877802,35.893733,478.42,-0.00076819
2022,235,18,1755.98,115.877020,35.894245,493.37,-0.00107595
2022,235,19,1853.53,115.876339,35.894927,508.32,-0.00103584
2022,236,0,0.00,115.889005,35.884147,807.33,-0.00337105
2022,236,1,69.63,115.889776,35.884147,747.53,-0.00168553
2022,236,2,139.26,115.890390,35.883878,418.61,0.00168553
2022,236,3,208.89,115.891161,35.883878,,0.00337105
2022,237,0,0.00,115.344356,35.533804,373.76,0.00000000
2022,237,1,95.51,115.344356,35.532943,299.01,-0.00069766
2022,237,2,191.03,115.344356,35.532083,328.91,-0.00143692
2022,237,3,286.54,115.344087,35.531300,358.81,-0.00000000
2022,237,4,382.06,115.343817,35.530518,358.81,-0.00000000
2022,237,5,477.57,115.343817,35.529657,478.42,-0.00223062
2022,237,6,573.08,115.343278,35.528953,433.57,-0.00298272
2022,238,0,0.00,115.344356,35.533804,1614.66,0.00000000
2022,238,1,85.54,115.343413,35.533804,1315.65,0.00000000
2022,238,2,171.09,115.342470,35.533804,792.38,0.00000000
2022,239,0,0.00,115.876339,35.894927,1764.16,-0.00160860
2022,239,1,80.25,115.876691,35.895549,1794.06,-0.00111082
2022,239,2,160.50,115.877252,35.896110,1749.21,0.00080430
2022,239,3,240.76,115.877686,35.896707,792.38,0.00176048
2022,239,4,321.01,115.877955,35.897352,433.57,0.00129931
2022,24,0,0.00,115.515755,35.728649,777.43,-0.00503099
2022,24,1,92.86,115.514908,35.728957,523.27,-0.00490710
2022,24,2,185.73,115.514677,35.729727,508.32,-0.00478320
2022,240,0,0.00,115.876339,35.894927,717.63,-0.00078350
2022,240,1,94.61,115.875448,35.895197,508.32,-0.00122917
2022,240,2,189.21,115.874618,35.895569,493.37,-0.00124280
2022,240,3,283.82,115.873857,35.896061,478.42,0.00019332
2022,240,4,378.43,115.873092,35.896544,448.52,0.00056871
2022,240,5,473.03,115.872236,35.896873,403.66,-0.00122263
2022,240,6,567.64,115.871476,35.897364,403.66,-0.00119264
2022,240,7,662.24,115.870814,35.898026,448.52,-0.00055138
2022,240,8,756.85,115.870053,35.898517,433.57,-0.00166915
2022,240,9,851.46,115.869601,35.899239,478.42,-0.00223553
2022,241,0,0.00,115.343278,35.528953,493.37,0.00000000
2022,241,1,82.64,115.343278,35.528209,523.27,-0.00093700
2022,241,2,165.28,115.343278,35.527464,508.32,-0.00193208
2022,241,3,247.92,115.343009,35.526797,508.32,-0.00199015
2022,242,0,0.00,115.343278,35.528953,717.63,0.00041346
2022,242,1,80.66,115.342715,35.529516,702.67,0.00159986
2022,242,2,161.32,115.342125,35.530031,1151.19,0.00266249
2022,242,3,241.98,115.341392,35.530301,568.12,0.00253872
2022,243,0,0.00,115.877955,35.897352,672.77,0.00000000
2022,243,1,82.16,115.878629,35.896948,523.27,0.00000000
2022,243,2,164.31,115.879303,35.896544,508.32,-0.00000000
2022,243,3,246.47,115.879977,35.896140,493.37,0.00000000
2022,243,4,328.62,115.880650,35.895736,478.42,0.00000000
2022,244,0,0.00,115.877955,35.897352,672.77,0.00000000
2022,244,1,38.55,115.877686,35.897622,478.42,0.00000000
2022,244,2,77.10,115.877417,35.897891,478.42,0.00000000
2022,245,0,0.00,115.869601,35.899239,508.32,-0.00259571
2022,245,1,89.07,115.868680,35.899351,478.42,-0.00346119
2022,245,2,178.13,115.867943,35.899778,448.52,-0.00306650
2022,245,3,267.20,115.867445,35.900317,448.52,-0.00180633
2022,246,0,0.00,115.869601,35.899239,1794.06,0.00174093
2022,246,1,71.33,115.870100,35.899738,1794.06,0.00199143
2022,246,2,142.67,115.870410,35.900291,1031.59,0.00132190
2022,246,3,214.00,115.870679,35.900856,747.53,0.00040188
2022,247,0,0.00,115.343009,35.526797,493.37,0.00000000
2022,247,1,85.47,115.343009,35.526027,478.42,0.00087500
2022,247,2,170.93,115.343009,35.525257,478.42,0.00087500
2022,247,3,256.40,115.343278,35.524565,433.57,-0.00087500
2022,247,4,341.86,115.343278,35.523795,373.76,-0.00087500
2022,247,5,427.33,115.343278,35.523025,373.76,0.00000000
2022,248,0,0.00,115.343009,35.526797,1196.04,-0.00264105
2022,248,1,92.99,115.342162,35.527105,852.18,-0.00251184
2022,248,2,185.97,115.341513,35.527754,672.77,-0.00061859
2022,248,3,278.96,115.340864,35.528403,792.38,-0.00111735
2022,248,4,371.95,115.340116,35.528881,478.42,-0.00626183
2022,248,5,464.93,115.340044,35.529698,403.66,-0.00832237
2022,248,6,557.92,115.340743,35.530191,747.53,-0.00534374
2022,248,7,650.91,115.341392,35.530301,837.23,-0.00318627
2022,249,0,0.00,115.341392,35.530301,463.47,0.00000000
2022,249,1,29.90,115.341392,35.530570,388.71,0.00000000
2022,249,2,59.80,115.341392,35.530840,373.76,0.00000000
2022,25,0,0.00,115.515755,35.728649,837.23,-0.00000000
2022,25,1,96.45,115.516429,35.729323,837.23,-0.00000000
2022,25,2,192.91,115.517102,35.729996,926.93,-0.00000000
2022,251,0,0.00,115.877417,35.897891,493.37,-0.00070924
2022,251,1,99.14,115.876525,35.898244,463.47,-0.00058532
2022,251,2,198.27,115.875693,35.898700,478.42,0.00000000
2022,251,3,297.41,115.874840,35.899120,448.52,-0.00000000
2022,251,4,396.55,115.873969,35.899508,388.71,-0.00068340
2022,251,5,495.69,115.873156,35.899996,448.52,0.00043994
2022,251,6,594.82,115.872363,35.900519,433.57,0.00210520
2022,251,7,693.96,115.871571,35.900670,478.42,0.00116205
2022,251,8,793.10,115.870679,35.900856,612.97,-0.00010104
2022,252,0,0.00,115.877417,35.897891,149.51,0.00866683
2022,252,1,34.23,115.877656,35.898131,269.11,0.00878180
2022,252,2,68.45,115.877686,35.898430,493.37,0.00889677
2022,253,0,0.00,115.867445,35.900317,463.47,-0.00201881
2022,253,1,95.15,115.866549,35.900586,448.52,-0.00186869
2022,253,2,190.29,115.865810,35.901125,418.61,-0.00008614
2022,253,3,285.44,115.865052,35.901632,403.66,0.00081617
2022,253,4,380.58,115.864188,35.901957,373.76,-0.00057706
2022,253,5,475.73,115.863423,35.902452,328.91,-0.00120809
2022,253,6,570.87,115.862659,35.902947,328.91,-0.00052879
2022,253,7,666.02,115.861994,35.903612,343.86,0.00103749
2022,253,8,761.16,115.861219,35.904090,328.91,-0.00066862
2022,253,9,856.31,115.860438,35.904454,328.91,-0.00373076
2022,253,10,951.45,115.860118,35.905219,209.31,-0.00366249
2022,253,11,1046.60,115.859899,35.906013,179.41,-0.00225902
2022,253,12,1141.74,115.860169,35.906792,194.36,-0.00226037
2022,253,13,1236.89,115.860213,35.907637,523.27,-0.00390385
2022,253,14,1332.03,115.860977,35.908132,448.52,-0.00464775
2022,254,0,0.00,115.867445,35.900317,1794.06,-0.00000000
2022,254,1,87.07,115.868054,35.900926,1794.06,0.00064459
2022,254,2,174.13,115.868663,35.901534,598.02,0.00132465
2022,254,3,261.20,115.869062,35.902203,328.91,0.00136012
2022,256,0,0.00,115.870679,35.900856,642.87,0.00498445
2022,256,1,88.58,115.870599,35.901475,448.52,0.00529666
2022,256,2,177.15,115.869880,35.901924,433.57,0.00354045
2022,256,3,265.73,115.869062,35.902203,463.47,0.00147204
2022,257,0,0.00,115.343278,35.523025,807.33,0.00170530
2022,257,1,79.81,115.342622,35.522638,553.17,0.00093847
2022,257,2,159.62,115.342066,35.522081,478.42,0.00000000
2022,257,3,239.43,115.341420,35.521677,568.12,0.00053929
2022,257,4,319.23,115.340853,35.521138,403.66,0.00125022
2022,258,0,0.00,115.343278,35.523025,358.81,-0.00110222
2022,258,1,94.06,115.343370,35.522307,343.86,-0.00078863
2022,258,2,188.12,115.343278,35.521486,403.66,0.00000000
2022,258,3,282.19,115.343278,35.520638,269.11,0.00087349
2022,258,4,376.25,115.343278,35.519791,328.91,0.00148291
2022,258,5,470.31,115.343517,35.519013,299.01,0.00016836
2022,258,6,564.37,115.343817,35.518252,343.86,-0.00148291
2022,258,7,658.43,115.343817,35.517404,328.91,-0.00080433
2022,258,8,752.49,115.343817,35.516557,418.61,0.00000000
2022,259,0,0.00,115.860977,35.908132,299.01,-0.00136844
2022,259,1,96.19,115.860977,35.908999,209.31,-0.00068422
2022,259,2,192.38,115.861247,35.909788,209.31,-0.00072460
2022,259,3,288.57,115.861247,35.910655,179.41,-0.00218797
2022,259,4,384.76,115.861786,35.911366,209.31,-0.00292675
2022,26,0,0.00,115.506592,35.689572,209.31,-0.00396482
2022,26,1,50.79,115.506237,35.689217,14.95,-0.00417991
2022,26,2,101.57,115.505783,35.689033,328.91,-0.00439500
2022,260,0,0.00,115.860977,35.908132,433.57,0.00153229
2022,260,1,86.00,115.861678,35.907701,328.91,0.00000000
2022,260,2,172.01,115.862478,35.907440,328.91,-0.00076615
2022,260,3,258.01,115.863079,35.906839,358.81,-0.00000000
2022,260,4,344.02,115.863880,35.906578,358.81,-0.00139674
2022,260,5,430.02,115.864481,35.905976,358.81,-0.00279348
2022,262,0,0.00,115.869062,35.902203,433.57,0.00000000
2022,262,1,96.37,115.868388,35.902877,403.66,0.00000000
2022,262,2,192.74,115.867715,35.903551,418.61,0.00000000
2022,263,0,0.00,115.343817,35.516557,1794.06,-0.00235649
2022,263,1,82.77,115.344730,35.516557,1121.29,-0.00332444
2022,263,2,165.53,115.345486,35.516287,702.67,-0.00431511
2022,263,3,248.30,115.346143,35.515848,328.91,-0.00349863
2022,263,4,331.07,115.346512,35.515209,284.06,-0.00265942
2022,264,0,0.00,115.343817,35.516557,358.81,0.00347815
2022,264,1,53.57,115.343443,35.516183,358.81,0.00358529
2022,264,2,107.14,115.343278,35.515748,328.91,0.00369242
2022,265,0,0.00,115.861786,35.911366,239.21,-0.00103673
2022,265,1,98.45,115.861847,35.912236,254.16,-0.00105692
2022,265,2,196.89,115.862117,35.913045,284.06,-0.00108594
2022,265,3,295.34,115.862387,35.913854,358.81,-0.00109109
2022,265,4,393.79,115.862866,35.914603,358.81,-0.00054371
2022,265,5,492.23,115.863346,35.915352,403.66,0.00000000
2022,265,6,590.68,115.863825,35.916100,358.81,-0.00103025
2022,265,7,689.12,115.864304,35.916849,418.61,-0.00103025
2022,265,8,787.57,115.865092,35.917367,358.81,0.00002596
2022,265,9,886.02,115.865571,35.918116,328.91,-0.00050827
2022,265,10,984.46,115.866354,35.918643,358.81,-0.00094484
2022,265,11,1082.91,115.867047,35.919322,328.91,-0.00088201
2022,265,12,1181.36,115.867905,35.919721,254.16,-0.00030346
2022,265,13,1279.80,115.868681,35.920260,239.21,-0.00044371
2022,265,14,1378.25,115.869510,35.920707,194.36,-0.00123574
2022,265,15,1476.69,115.870390,35.921068,164.46,-0.00094303
2022,265,16,1575.14,115.871323,35.921338,149.51,-0.00122755
2022,265,17,1673.59,115.872256,35.921607,209.31,-0.00090860
2022,265,18,1772.03,115.873347,35.921607,209.31,-0.00000000
2022,265,19,1870.48,115.874280,35.921876,239.21,0.00000000
2022,265,20,1968.93,115.875371,35.921876,239.21,0.00000000
2022,265,21,2067.37,115.876304,35.922146,239.21,-0.00082409
2022,265,22,2165.82,115.877395,35.922146,299.01,-0.00000000
2022,265,23,2264.26,115.878485,35.922146,299.01,0.00082409
2022,265,24,2362.71,115.879419,35.922415,328.91,-0.00056318
2022,265,25,2461.16,115.880509,35.922415,358.81,-0.00049468
2022,265,26,2559.60,115.881548,35.922505,373.76,-0.00055047
2022,265,27,2658.05,115.882435,35.922517,373.76,-0.00062845
2022,265,28,2756.50,115.883466,35.922415,388.71,0.00028955
2022,265,29,2854.94,115.884557,35.922415,388.71,-0.00001954
2022,265,30,2953.39,115.885648,35.922415,328.91,0.00000000
2022,265,31,3051.83,115.886481,35.922317,284.06,0.00060719
2022,265,32,3150.28,115.887514,35.922415,239.21,0.00000000
2022,265,33,3248.73,115.888605,35.922415,269.11,-0.00028861
2022,265,34,3347.17,115.889696,35.922415,388.71,0.00082409
2022,265,35,3445.62,115.890787,35.922415,358.81,0.00146120
2022,265,36,3544.07,115.891720,35.922685,388.71,0.00090860
2022,265,37,3642.51,115.892699,35.922876,403.66,0.00082198
2022,265,38,3740.96,115.893586,35.923224,388.71,0.00110098
2022,266,0,0.00,115.861786,35.911366,553.17,0.00204434
2022,266,1,69.98,115.862275,35.910877,418.61,0.00214312
2022,266,2,139.97,115.862864,35.910558,463.47,0.00224190
2022,267,0,0.00,115.864750,35.906246,612.97,-0.00000000
2022,267,1,19.27,115.864616,35.906111,598.02,-0.00000000
2022,267,2,38.55,115.864481,35.905976,583.07,-0.00000000
2022,268,0,0.00,115.864481,35.905976,179.41,0.00673620
2022,268,1,95.57,115.864522,35.905127,328.91,0.00835595
2022,268,2,191.13,115.865289,35.905168,523.27,0.00997570
2022,269,0,0.00,115.864750,35.906246,343.86,-0.00876453
2022,269,1,62.88,115.865289,35.906515,493.37,-0.00876453
2022,269,2,125.75,115.865828,35.906246,343.86,-0.00876453
2022,27,0,0.00,115.506592,35.689572,807.33,-0.00706084
2022,27,1,77.68,115.506797,35.688969,672.77,-0.01060736
2022,27,2,155.36,115.506215,35.688494,313.96,-0.01115649
2022,27,3,233.05,115.505514,35.688764,687.72,-0.00815912
2022,270,0,0.00,115.864750,35.906246,358.81,-0.00433330
2022,270,1,68.45,115.865229,35.905767,373.76,-0.00439077
2022,270,2,136.90,115.865289,35.905168,328.91,-0.00444824
2022,271,0,0.00,115.867715,35.903551,493.37,0.00000000
2022,271,1,44.85,115.867715,35.903955,463.47,0.00000000
2022,271,2,89.71,115.867715,35.904359,388.71,0.00000000
2022,272,0,0.00,115.867715,35.903551,493.37,-0.00431754
2022,272,1,88.58,115.866797,35.903660,373.76,-0.00561700
2022,272,2,177.15,115.866178,35.904279,343.86,-0.00529670
2022,272,3,265.73,115.866098,35.904898,373.76,-0.00367694
2022,273,0,0.00,115.346512,35.515209,373.76,-0.00000000
2022,273,1,49.21,115.346377,35.514805,284.06,-0.00000000
2022,273,2,98.42,115.346243,35.514401,254.16,-0.00000000
2022,274,0,0.00,115.346512,35.515209,493.37,-0.00474907
2022,274,1,66.70,115.347077,35.514914,403.66,-0.00466660
2022,274,2,133.41,115.347333,35.514388,328.91,-0.00229206
2022,274,3,200.11,115.347590,35.513862,403.66,-0.00000000
2022,275,0,0.00,115.343278,35.515748,328.91,-0.01067254
2022,275,1,31.53,115.343058,35.515528,612.97,-0.01106720
2022,275,2,63.07,115.342739,35.515479,1121.29,-0.01146186
2022,276,0,0.00,115.343278,35.515748,418.61,-0.00174308
2022,276,1,88.17,115.343548,35.515032,313.96,-0.00169284
2022,276,2,176.34,115.343548,35.514237,194.36,-0.00082130
2022,276,3,264.51,115.343548,35.513443,373.76,0.00027987
2022,276,4,352.68,115.343548,35.512648,403.66,0.00283190
2022,276,5,440.85,115.343642,35.511881,463.47,0.00493713
2022,276,6,529.02,115.344356,35.511436,523.27,0.00477020
2022,277,0,0.00,115.893586,35.923224,1465.15,-0.00053210
2022,277,1,80.09,115.893586,35.923946,956.83,-0.00440741
2022,277,2,160.17,115.893661,35.924646,403.66,-0.01494010
2022,277,3,240.26,115.894320,35.924646,583.07,-0.01494010
2022,277,4,320.35,115.894395,35.923946,1106.34,-0.00440741
2022,277,5,400.44,115.894395,35.923224,1390.40,-0.00053210
2022,278,0,0.00,115.893586,35.923224,523.27,0.01354057
2022,278,1,50.71,115.893990,35.922954,358.81,0.01354057
2022,278,2,101.41,115.894395,35.923224,418.61,0.01354057
2022,279,0,0.00,115.865289,35.905168,493.37,-0.00891828
2022,279,1,43.60,115.865772,35.905168,358.81,-0.00910728
2022,279,2,87.20,115.866098,35.904898,328.91,-0.00929628
2022,28,0,0.00,115.504436,35.691189,478.42,0.00000000
2022,28,1,29.90,115.504436,35.690920,911.98,0.00000000
2022,28,2,59.80,115.504436,35.690650,612.97,0.00000000
2022,280,0,0.00,115.867715,35.904359,343.86,0.00460447
2022,280,1,67.62,115.867242,35.904832,343.86,0.00603962
2022,280,2,135.23,115.866570,35.904965,493.37,0.00552495
2022,280,3,202.85,115.866098,35.904898,612.97,0.00357512
2022,281,0,0.00,115.867715,35.904359,583.07,-0.00603481
2022,281,1,69.99,115.868204,35.904409,493.37,-0.00508733
2022,281,2,139.97,115.868793,35.904090,448.52,-0.00413984
2022,284,0,0.00,115.344356,35.511436,493.37,-0.00106135
2022,284,1,98.64,115.344626,35.510626,388.71,0.00055933
2022,284,2,197.28,115.344690,35.509755,388.71,0.00293083
2022,284,3,295.93,115.345378,35.509067,418.61,0.00319997
2022,284,4,394.57,115.346120,35.508472,448.52,0.00249178
2022,284,5,493.21,115.347051,35.508202,553.17,0.00226528
2022,285,0,0.00,115.344356,35.511436,1196.04,-0.00561539
2022,285,1,75.94,115.344886,35.511966,1510.00,-0.00577537
2022,285,2,151.89,115.345713,35.511984,732.58,-0.00315948
2022,285,3,227.83,115.346243,35.511975,612.97,-0.00038361
2022,286,0,0.00,115.894395,35.923224,388.71,0.00000000
2022,286,1,83.38,115.895319,35.923224,358.81,0.00116088
2022,286,2,166.76,115.896242,35.923224,328.91,0.00126093
2022,286,3,250.13,115.897009,35.923493,269.11,0.00077916
2022,286,4,333.51,115.897920,35.923515,239.21,0.00406390
2022,286,5,416.89,115.898602,35.923928,269.11,0.00483178
2022,286,6,500.27,115.898976,35.924571,254.16,0.00289398
2022,287,0,0.00,115.347051,35.508202,553.17,0.00292918
2022,287,1,85.11,115.347228,35.507487,523.27,0.00292172
2022,287,2,170.22,115.347822,35.506893,523.27,0.00282376
2022,287,3,255.33,115.348425,35.506316,523.27,0.00279302
2022,287,4,340.44,115.349207,35.506046,538.22,0.00285277
2022,288,0,0.00,115.347051,35.508202,1375.45,0.00108500
2022,288,1,91.00,115.347686,35.508837,1031.59,0.00247330
2022,288,2,182.00,115.348129,35.509528,717.63,0.00481040
2022,288,3,273.00,115.348129,35.510348,418.61,0.00531558
2022,288,4,364.00,115.347590,35.511011,418.61,0.00309469
2022,288,5,455.00,115.346933,35.511436,388.71,0.00042025
2022,288,6,546.01,115.346243,35.511975,523.27,-0.00047692
2022,289,0,0.00,115.346243,35.511975,478.42,-0.01067220
2022,289,1,31.54,115.346463,35.512195,627.92,-0.01106681
2022,289,2,63.07,115.346782,35.512245,687.72,-0.01146141
2022,29,0,0.00,115.504436,35.691189,867.13,-0.00000000
2022,29,1,19.29,115.504301,35.691324,882.08,-0.00000000
2022,29,2,38.59,115.504167,35.691459,867.13,-0.00000000
2022,291,0,0.00,115.898976,35.924571,299.01,0.00121058
2022,291,1,99.93,115.899926,35.924841,209.31,0.00091519
2022,291,2,199.86,115.900771,35.925289,194.36,0.00113498
2022,291,3,299.79,115.901668,35.925649,179.41,0.00202515
2022,291,4,399.72,115.902368,35.926346,164.46,0.00155326
2022,291,5,499.65,115.902921,35.926997,194.36,0.00065912
2022,291,6,599.58,115.903446,35.927694,179.41,0.00061884
2022,291,7,699.51,115.903936,35.928453,239.21,0.00087067
2022,291,8,799.44,115.904366,35.929230,239.21,0.00075727
2022,291,9,899.37,115.904635,35.930053,239.21,0.00040712
2022,291,10,999.30,115.904987,35.930852,239.21,0.00041382
2022,291,11,1099.23,115.905174,35.931698,239.21,0.00066968
2022,291,12,1199.16,115.905444,35.932521,179.41,0.00109638
2022,291,13,1299.09,115.905444,35.933421,149.51,0.00138535
2022,291,14,1399.02,115.905444,35.934322,,0.00130260
2022,291,15,1498.95,115.905125,35.935131,164.46,0.00042667
2022,291,16,1598.88,115.904905,35.935968,209.31,0.00020824
2022,291,17,1698.81,115.904635,35.936790,209.31,0.00080797
2022,291,18,1798.74,115.904284,35.937589,254.16,0.00026749
2022,291,19,1898.67,115.903827,35.938358,269.11,-0.00054534
2022,291,20,1998.60,115.903557,35.939181,313.96,0.00022291
2022,291,21,2098.53,115.903233,35.939988,358.81,0.00044815
2022,291,22,2198.46,115.902743,35.940747,388.71,-0.00071277
2022,291,23,2298.39,115.902463,35.941566,388.71,-0.00000000
2022,291,24,2398.32,115.902210,35.942394,418.61,0.00067178
2022,291,25,2498.25,115.901693,35.943145,433.57,-0.00053255
2022,291,26,2598.18,115.901412,35.943964,478.42,-0.00007038
2022,291,27,2698.11,115.901132,35.944784,508.32,0.00053381
2022,291,28,2798.04,115.900642,35.945543,478.42,0.00047263
2022,291,29,2897.97,115.900361,35.946363,538.22,0.00206845
2022,291,30,2997.90,115.899765,35.946939,612.97,0.00259509
2022,291,31,3097.83,115.898973,35.947478,463.47,0.00160809
2022,291,32,3197.76,115.898076,35.947839,328.91,0.00061696
2022,291,33,3297.69,115.897179,35.948198,179.41,0.00000688
2022,291,34,3397.62,115.896281,35.948556,,0.00000000
2022,292,0,0.00,115.898976,35.924571,1375.45,0.00215796
2022,292,1,70.97,115.898480,35.925068,672.77,0.00435747
2022,292,2,141.95,115.897876,35.925380,328.91,0.00517660
2022,292,3,212.92,115.897090,35.925380,254.16,0.00379623
2022,293,0,0.00,115.349207,35.506046,1091.39,-0.00108850
2022,293,1,97.18,115.349677,35.506785,1196.04,-0.00054425
2022,293,2,194.36,115.350355,35.507463,1016.64,0.00054425
2022,293,3,291.54,115.350824,35.508202,822.28,0.00108850
2022,294,0,0.00,115.349207,35.506046,508.32,0.00104892
2022,294,1,98.95,115.349689,35.505295,508.32,0.00102323
2022,294,2,197.90,115.350379,35.504605,463.47,0.00049877
2022,294,3,296.84,115.351070,35.503914,403.66,-0.00049877
2022,294,4,395.79,115.351760,35.503224,403.66,-0.00102323
2022,294,5,494.74,115.352242,35.502473,343.86,-0.00000000
2022,294,6,593.69,115.352724,35.501721,328.91,0.00052446
2022,294,7,692.63,115.353414,35.501031,284.06,-0.00052446
2022,294,8,791.58,115.353896,35.500280,269.11,0.00000000
2022,294,9,890.53,115.354377,35.499529,194.36,-0.00053073
2022,294,10,989.48,115.355068,35.498838,164.46,-0.00214432
2022,294,11,1088.42,115.355136,35.497966,149.51,-0.00057252
2022,294,12,1187.37,115.355405,35.497153,269.11,0.00103323
2022,295,0,0.00,115.355405,35.497153,328.91,-0.00540769
2022,295,1,49.21,115.355405,35.496709,284.06,-0.00551995
2022,295,2,98.43,115.355136,35.496345,418.61,-0.00563221
2022,296,0,0.00,115.355405,35.497153,926.93,0.00000000
2022,296,1,73.36,115.356214,35.497153,598.02,0.00000000
2022,296,2,146.71,115.357022,35.497153,74.75,0.00000000
2022,297,0,0.00,115.355136,35.496345,269.11,0.00540773
2022,297,1,49.21,115.355136,35.495901,568.12,0.00552000
2022,297,2,98.43,115.355405,35.495536,1031.59,0.00563226
2022,298,0,0.00,115.355136,35.496345,1121.29,-0.00223589
2022,298,1,70.16,115.354548,35.496663,1106.34,-0.00213780
2022,298,2,140.33,115.354058,35.497153,433.57,-0.00203972
2022,299,0,0.00,115.355405,35.495536,926.93,0.00249921
2022,299,1,80.44,115.356292,35.495536,717.63,0.00263438
2022,299,2,160.89,115.357022,35.495806,807.33,0.00276955
2022,3,0,0.00,115.523570,35.705742,1136.24,0.00000000
2022,3,1,48.78,115.524109,35.705742,777.43,0.00000000
2022,3,2,97.55,115.524648,35.705742,44.85,0.00000000
2022,30,0,0.00,115.505783,35.690381,284.06,-0.00795188
2022,30,1,82.28,115.505031,35.690111,478.42,-0.00760382
2022,30,2,164.55,115.504436,35.690650,1495.05,-0.00725577
2022,300,0,0.00,115.355405,35.495536,328.91,-0.00140258
2022,300,1,85.93,115.355015,35.494876,418.61,-0.00203867
2022,300,2,171.86,115.354415,35.494276,568.12,-0.00206758
2022,300,3,257.79,115.353717,35.493847,583.07,-0.00127434
2022,300,4,343.72,115.353018,35.493418,642.87,-0.00127513
2022,300,5,429.65,115.352250,35.493111,732.58,0.00032459
2022,300,6,515.58,115.351459,35.492841,792.38,0.00220719
2022,300,7,601.51,115.350824,35.492302,852.18,0.00230324
2022,301,0,0.00,115.350824,35.492302,1495.05,0.00196794
2022,301,1,72.89,115.350524,35.492872,1569.81,0.00191225
2022,301,2,145.78,115.350016,35.493380,867.13,0.00185656
2022,302,0,0.00,115.350824,35.492302,837.23,-0.00460996
2022,302,1,87.53,115.350172,35.491763,717.63,-0.00451570
2022,302,2,175.07,115.349207,35.491763,837.23,-0.00442143
2022,303,0,0.00,115.350824,35.492302,1390.40,-0.00000000
2022,303,1,93.45,115.351476,35.491650,1315.65,-0.00000000
2022,303,2,186.90,115.352128,35.490998,1136.24,-0.00125054
2022,303,3,280.35,115.352780,35.490346,911.98,-0.00386434
2022,303,4,373.79,115.352980,35.489562,1031.59,-0.00392093
2022,303,5,467.24,115.352711,35.488799,837.23,-0.00261427
2022,304,0,0.00,115.350016,35.493380,717.63,-0.00149552
2022,304,1,84.96,115.349324,35.493802,732.58,0.00087190
2022,304,2,169.92,115.348731,35.494395,762.48,0.00539878
2022,304,3,254.89,115.347831,35.494458,672.77,0.00525328
2022,304,4,339.85,115.347051,35.494189,702.67,0.00294833
2022,305,0,0.00,115.350016,35.493380,523.27,0.00506723
2022,305,1,87.84,115.350555,35.494015,956.83,0.00516283
2022,305,2,175.68,115.350285,35.494728,583.07,0.00525844
2022,306,0,0.00,115.349207,35.491763,1659.51,-0.00000000
2022,306,1,87.84,115.348803,35.492437,1764.16,-0.00000000
2022,306,2,175.68,115.348399,35.493111,882.08,-0.00000000
2022,307,0,0.00,115.349207,35.491763,852.18,-0.00533505
2022,307,1,63.08,115.348767,35.491323,792.38,-0.00553220
2022,307,2,126.16,115.348129,35.491224,687.72,-0.00572936
2022,308,0,0.00,115.347051,35.494189,1255.84,-0.00204930
2022,308,1,79.11,115.347051,35.493476,926.93,-0.00211316
2022,308,2,158.23,115.346782,35.492841,941.88,-0.00217702
2022,309,0,0.00,115.347051,35.494189,852.18,0.00869947
2022,309,1,63.08,115.346512,35.494458,702.67,0.00869947
2022,309,2,126.16,115.345973,35.494189,657.82,0.00869947
2022,31,0,0.00,115.505783,35.690381,433.57,0.00226504
2022,31,1,83.44,115.505618,35.689677,867.13,0.00236896
2022,31,2,166.88,115.505783,35.689033,747.53,0.00247287
2022,310,0,0.00,115.348129,35.491224,1764.16,0.00188961
2022,310,1,74.34,115.347819,35.491804,1719.31,0.00183650
2022,310,2,148.69,115.347300,35.492322,882.08,0.00089169
2022,310,3,223.03,115.346782,35.492841,1360.50,0.00000000
2022,311,0,0.00,115.348129,35.491224,657.82,-0.00000000
2022,311,1,63.08,115.347590,35.490955,598.02,-0.00000000
2022,311,2,126.16,115.347051,35.490685,687.72,-0.00000000
2022,313,0,0.00,115.346782,35.492841,1360.50,-0.00261089
2022,313,1,87.84,115.346169,35.493454,777.43,-0.00268146
2022,313,2,175.68,115.345973,35.494189,956.83,-0.00275203
2022,315,0,0.00,115.345973,35.494189,598.02,0.00416360
2022,315,1,90.10,115.345136,35.494458,553.17,0.00307057
2022,315,2,180.20,115.344300,35.494189,553.17,0.00098877
2022,315,3,270.30,115.343307,35.494189,523.27,0.00109303
2022,315,4,360.41,115.342470,35.493919,657.82,0.00218605
2022,316,0,0.00,115.347051,35.490685,777.43,0.00000000
2022,316,1,73.36,115.346243,35.490685,627.92,0.00000000
2022,316,2,146.72,115.345434,35.490685,627.92,0.00000000
2022,317,0,0.00,115.347051,35.490685,1345.55,-0.00261090
2022,317,1,87.84,115.347664,35.490072,1375.45,-0.00268148
2022,317,2,175.68,115.347860,35.489338,1450.20,-0.00275206
2022,318,0,0.00,115.345434,35.490685,1390.40,0.00000000
2022,318,1,19.31,115.345299,35.490820,1405.35,0.00000000
2022,318,2,38.63,115.345165,35.490955,897.03,0.00000000
2022,319,0,0.00,115.345434,35.490685,1779.11,0.00000000
2022,319,1,82.23,115.345434,35.489944,1704.36,0.00000000
2022,319,2,164.45,115.345434,35.489203,1659.51,0.00000000
2022,319,3,246.68,115.345434,35.488462,1240.89,0.00000000
2022,319,4,328.90,115.345434,35.487721,254.16,0.00000000
2022,32,0,0.00,115.517102,35.729996,568.12,0.00204381
2022,32,1,79.09,115.517102,35.730709,508.32,0.00210720
2022,32,2,158.19,115.516833,35.731344,388.71,0.00217060
2022,320,0,0.00,115.345165,35.490955,1794.06,0.00000000
2022,320,1,79.73,115.345165,35.491673,1794.06,0.00000000
2022,320,2,159.47,115.345165,35.492392,1510.00,-0.00000000
2022,320,3,239.20,115.345165,35.493111,583.07,0.00000000
2022,321,0,0.00,115.345165,35.490955,657.82,0.00000000
2022,321,1,87.53,115.344356,35.490685,568.12,0.00000000
2022,321,2,175.07,115.343548,35.490416,553.17,0.00000000
2022,322,0,0.00,115.347860,35.489338,777.43,0.00271111
2022,322,1,80.21,115.347201,35.488949,941.88,0.00238287
2022,322,2,160.43,115.346782,35.488348,986.73,-0.00202877
2022,322,3,240.64,115.346290,35.487769,598.02,-0.00585739
2022,322,4,320.85,115.345434,35.487721,657.82,-0.00560259
2022,323,0,0.00,115.347860,35.489338,1106.34,0.00049575
2022,323,1,81.42,115.348428,35.488770,1091.39,0.00301587
2022,323,2,162.85,115.349029,35.488260,971.78,0.00518829
2022,323,3,244.27,115.349927,35.488260,493.37,0.00242029
2022,323,4,325.69,115.350824,35.488260,762.48,0.00000000
2022,325,0,0.00,115.345434,35.487721,657.82,-0.00921912
2022,325,1,43.77,115.345108,35.487451,568.12,-0.00903060
2022,325,2,87.54,115.344626,35.487451,553.17,-0.00884208
2022,326,0,0.00,115.343548,35.490416,1794.06,0.00000000
2022,326,1,99.67,115.343548,35.489517,1794.06,0.00000000
2022,326,2,199.34,115.343548,35.488619,1255.84,0.00000000
2022,326,3,299.00,115.343548,35.487721,254.16,0.00000000
2022,327,0,0.00,115.343548,35.490416,792.38,0.00578686
2022,327,1,55.99,115.343087,35.490685,568.12,0.00554245
2022,327,2,111.99,115.342470,35.490685,538.22,0.00529804
2022,328,0,0.00,115.342470,35.490685,1794.06,0.00000000
2022,328,1,89.70,115.342470,35.491494,1794.06,0.00000000
2022,328,2,179.40,115.342470,35.492302,1270.79,-0.00000000
2022,328,3,269.10,115.342470,35.493111,343.86,0.00000000
2022,329,0,0.00,115.342470,35.490685,762.48,-0.01344856
2022,329,1,50.85,115.342066,35.490416,478.42,-0.01344856
2022,329,2,101.71,115.341661,35.490685,717.63,-0.01344856
2022,330,0,0.00,115.341661,35.490685,1794.06,0.00000000
2022,330,1,84.41,115.341661,35.491446,1794.06,0.00031709
2022,330,2,168.81,115.341661,35.492207,1794.06,0.00089789
2022,330,3,253.22,115.341563,35.492939,493.37,0.00083835
2022,330,4,337.63,115.341392,35.493650,657.82,0.00051510
2022,331,0,0.00,115.341661,35.490685,538.22,-0.00206085
2022,331,1,92.68,115.340796,35.490416,538.22,-0.00196341
2022,331,2,185.35,115.339775,35.490416,598.02,-0.00186597
2022,332,0,0.00,115.339775,35.490416,1794.06,0.00000000
2022,332,1,82.23,115.339775,35.491157,1794.06,0.00000000
2022,332,2,164.45,115.339775,35.491898,1659.51,0.00000000
2022,332,3,246.68,115.339775,35.492639,852.18,0.00000000
2022,332,4,328.90,115.339775,35.493380,343.86,0.00000000
2022,333,0,0.00,115.339775,35.490416,598.02,0.00000000
2022,333,1,95.07,115.339039,35.490416,478.42,0.00000000
2022,333,2,190.15,115.337992,35.490416,418.61,0.00000000
2022,333,3,285.22,115.336944,35.490416,418.61,0.00000000
2022,333,4,380.30,115.335896,35.490416,418.61,0.00000000
2022,333,5,475.37,115.334848,35.490416,358.81,-0.00000000
2022,333,6,570.45,115.333801,35.490416,358.81,0.00000000
2022,333,7,665.52,115.332753,35.490416,328.91,0.00088512
2022,333,8,760.60,115.331705,35.490416,328.91,0.00088512
2022,333,9,855.67,115.330814,35.490146,299.01,-0.00088512
2022,333,10,950.74,115.329766,35.490146,269.11,-0.00088512
2022,333,11,1045.82,115.328718,35.490146,179.41,0.00000000
2022,333,12,1140.89,115.327670,35.490146,179.41,0.00000000
2022,333,13,1235.97,115.326622,35.490146,149.51,0.00088512
2022,333,14,1331.04,115.325575,35.490146,209.31,0.00186179
2022,333,15,1426.12,115.324683,35.489877,239.21,0.00195335
2022,334,0,0.00,115.324683,35.489877,1629.61,0.00000000
2022,334,1,59.80,115.324683,35.489338,1031.59,0.00000000
2022,334,2,119.60,115.324683,35.488799,807.33,0.00000000
2022,335,0,0.00,115.324683,35.489877,239.21,0.00332246
2022,335,1,97.61,115.323764,35.490146,269.11,0.00366753
2022,335,2,195.23,115.322827,35.489907,284.06,0.00236331
2022,335,3,292.84,115.321948,35.489567,313.96,0.00035701
2022,335,4,390.46,115.321069,35.489227,343.86,-0.00088641
2022,335,5,488.07,115.320190,35.488887,388.71,-0.00112733
2022,335,6,585.69,115.319166,35.488799,418.61,0.00056588
2022,335,7,683.30,115.318246,35.488529,388.71,0.00158563
2022,335,8,780.91,115.317356,35.488209,418.61,0.00059947
2022,335,9,878.53,115.316564,35.487721,418.61,-0.00095792
2022,335,10,976.14,115.315644,35.487451,403.66,-0.00055784
2022,335,11,1073.76,115.314724,35.487182,418.61,0.00095792
2022,335,12,1171.37,115.313841,35.486850,403.66,0.00051617
2022,335,13,1268.98,115.313042,35.486373,388.71,-0.00033813
2022,335,14,1366.60,115.312122,35.486104,358.81,-0.00047451
2022,335,15,1464.21,115.311304,35.485660,373.76,-0.00012017
2022,335,16,1561.83,115.310326,35.485491,343.86,0.00084273
2022,335,17,1659.44,115.309546,35.484980,373.76,-0.00000000
2022,335,18,1757.06,115.308667,35.484641,313.96,-0.00060548
2022,335,19,1854.67,115.307788,35.484301,313.96,0.00000000
2022,335,20,1952.28,115.306910,35.483961,358.81,0.00000000
2022,335,21,2049.90,115.306031,35.483621,313.96,0.00119464
2022,335,22,2147.51,115.305152,35.483281,328.91,0.00227232
2022,335,23,2245.13,115.304471,35.482600,269.11,0.00215537
2022,336,0,0.00,115.304471,35.482600,299.01,0.00045773
2022,336,1,84.11,115.303686,35.482355,328.91,0.00162237
2022,336,2,168.23,115.302930,35.482061,313.96,0.00247449
2022,336,3,252.34,115.302315,35.481522,358.81,0.00216196
2022,337,0,0.00,115.304471,35.482600,1794.06,-0.00000000
2022,337,1,77.26,115.305010,35.482061,1794.06,-0.00000000
2022,337,2,154.51,115.305549,35.481522,822.28,-0.00000000
2022,338,0,0.00,115.302315,35.481522,1794.06,0.00123932
2022,338,1,89.49,115.302939,35.480898,1315.65,0.00129033
2022,338,2,178.97,115.303663,35.480444,822.28,0.00134134
2022,339,0,0.00,115.302315,35.481522,328.91,-0.00266621
2022,339,1,92.57,115.301570,35.481047,313.96,-0.00133311
2022,339,2,185.14,115.300628,35.480913,373.76,0.00133311
2022,339,3,277.72,115.299883,35.480438,358.81,0.00133311
2022,339,4,370.29,115.299139,35.479963,403.66,0.00000000
2022,339,5,462.86,115.298394,35.479488,358.81,0.00000000
2022,339,6,555.43,115.297649,35.479012,388.71,0.00016141
2022,339,7,648.00,115.296904,35.478537,373.76,0.00000000
2022,339,8,740.58,115.296185,35.478019,373.76,0.00030959
2022,339,9,833.15,115.295415,35.477587,388.71,0.00120281
2022,339,10,925.72,115.294769,35.476941,373.76,0.00146361
2022,34,0,0.00,115.514677,35.729727,418.61,-0.00384138
2022,34,1,83.43,115.514138,35.730322,373.76,-0.00381005
2022,34,2,166.87,115.514138,35.731074,418.61,-0.00377872
2022,340,0,0.00,115.294769,35.476941,1524.95,-0.00000000
2022,340,1,57.94,115.295173,35.476537,1524.95,-0.00000000
2022,340,2,115.89,115.295578,35.476132,867.13,-0.00000000
2022,341,0,0.00,115.294769,35.476941,284.06,-0.00151306
2022,341,1,86.63,115.294066,35.476507,403.66,-0.00099403
2022,341,2,173.26,115.293264,35.476244,358.81,0.00000000
2022,341,3,259.89,115.292530,35.475863,328.91,0.00047358
2022,341,4,346.53,115.291759,35.475547,313.96,0.00075653
2022,341,5,433.16,115.291055,35.475113,313.96,0.00052044
2022,341,6,519.79,115.290352,35.474680,284.06,-0.00000000
2022,341,7,606.42,115.289649,35.474246,299.01,-0.00000000
2022,342,0,0.00,115.289649,35.474246,1031.59,-0.00000000
2022,342,1,99.78,115.288706,35.474515,747.53,-0.00000000
2022,342,2,199.55,115.287762,35.474785,777.43,-0.00000000
2022,343,0,0.00,115.289649,35.474246,299.01,0.00173986
2022,343,1,71.44,115.289150,35.473748,239.21,0.00199281
2022,343,2,142.88,115.288840,35.473194,59.80,0.00132597
2022,343,3,214.32,115.288571,35.472629,358.81,0.00040619
2022,344,0,0.00,115.288571,35.472629,179.41,0.00203532
2022,344,1,94.60,115.287685,35.472360,328.91,0.00240816
2022,344,2,189.20,115.286954,35.471821,373.76,0.00177947
2022,344,3,283.80,115.286294,35.471161,433.57,0.00093551
2022,344,4,378.39,115.285635,35.470501,478.42,0.00056051
2022,344,5,472.99,115.285183,35.469780,508.32,0.00000000
2022,344,6,567.59,115.284528,35.469119,508.32,0.00054697
2022,344,7,662.19,115.284072,35.468400,583.07,-0.00054654
2022,344,8,756.79,115.283621,35.467679,612.97,-0.00225762
2022,344,9,851.39,115.282862,35.467189,642.87,-0.00115015
2022,344,10,945.98,115.282103,35.466700,687.72,0.00000000
2022,345,0,0.00,115.288571,35.472629,971.78,-0.00000000
2022,345,1,19.32,115.288706,35.472494,956.83,-0.00000000
2022,345,2,38.63,115.288840,35.472360,956.83,-0.00000000
2022,346,0,0.00,115.282103,35.466700,792.38,-0.00382156
2022,346,1,89.40,115.282103,35.465894,687.72,-0.00334011
2022,346,2,178.80,115.281481,35.465270,732.58,-0.00117896
2022,346,3,268.21,115.281025,35.464598,717.63,0.00083330
2022,346,4,357.61,115.280486,35.463949,702.67,0.00144314
2022,346,5,447.01,115.280217,35.463222,672.77,0.00086021
2022,346,6,536.41,115.279947,35.462495,702.67,-0.00000000
2022,346,7,625.82,115.279678,35.461768,672.77,-0.00000000
2022,346,8,715.22,115.279408,35.461041,687.72,0.00000000
2022,347,0,0.00,115.282103,35.466700,1435.25,0.00000000
2022,347,1,75.08,115.281579,35.467224,1450.20,0.00000000
2022,347,2,150.16,115.281055,35.467748,1315.65,-0.00087418
2022,347,3,225.24,115.280532,35.468271,1166.14,-0.00180027
2022,347,4,300.32,115.280217,35.468856,926.93,-0.00185217
2022,348,0,0.00,115.279408,35.461041,1046.54,0.00265582
2022,348,1,88.26,115.278693,35.460596,897.03,0.00233700
2022,348,2,176.52,115.278286,35.459919,852.18,0.00062922
2022,348,3,264.78,115.277791,35.459268,583.07,-0.00010252
2022,348,4,353.04,115.277264,35.458627,612.97,-0.00000000
2022,348,5,441.31,115.276856,35.457950,568.12,-0.00005467
2022,348,6,529.57,115.276241,35.457334,553.17,0.00134608
2022,348,7,617.83,115.275905,35.456637,538.22,0.00134218
2022,348,8,706.09,115.275635,35.455920,508.32,0.00043758
2022,349,0,0.00,115.279408,35.461041,1524.95,0.00000000
2022,349,1,95.03,115.280071,35.460378,1435.25,0.00000000
2022,349,2,190.06,115.280734,35.459715,1285.75,-0.00000000
2022,349,3,285.10,115.281397,35.459052,1046.54,0.00025329
2022,349,4,380.13,115.282060,35.458389,583.07,-0.00026441
2022,349,5,475.16,115.282769,35.457807,373.76,-0.00271275
2022,349,6,570.19,115.283181,35.457145,553.17,-0.00404904
2022,349,7,665.23,115.283181,35.456289,583.07,-0.00260176
2022,349,8,760.26,115.282911,35.455511,553.17,-0.00150992
2022,349,9,855.29,115.282642,35.454733,553.17,-0.00150747
2022,349,10,950.32,115.282103,35.454034,553.17,-0.00149066
2022,35,0,0.00,115.514677,35.729727,911.98,0.00000000
2022,35,1,93.42,115.515329,35.730379,837.23,-0.00117828
2022,35,2,186.83,115.515982,35.731032,807.33,-0.00248483
2022,35,3,280.25,115.516833,35.731344,313.96,-0.00261310
2022,350,0,0.00,115.275635,35.455920,1629.61,0.00000000
2022,350,1,98.30,115.276321,35.455235,1614.66,0.00051157
2022,350,2,196.60,115.277007,35.454549,1285.75,0.00106244
2022,350,3,294.90,115.277791,35.454034,239.21,0.00110174
2022,351,0,0.00,115.275635,35.455920,568.12,0.00155591
2022,351,1,94.48,115.274877,35.455432,538.22,0.00215561
2022,351,2,188.97,115.274288,35.454753,448.52,0.00139358
2022,351,3,283.45,115.273952,35.454034,418.61,0.00035666
2022,351,4,377.93,115.273427,35.453443,418.61,0.00010663
2022,351,5,472.42,115.273185,35.452662,418.61,-0.00081113
2022,351,6,566.90,115.272526,35.452003,463.47,-0.00057701
2022,351,7,661.39,115.272075,35.451283,433.57,-0.00054796
2022,351,8,755.87,115.271416,35.450624,463.47,-0.00054796
2022,351,9,850.35,115.270757,35.449964,448.52,-0.00000000
2022,351,10,944.84,115.270098,35.449305,418.61,0.00000000
2022,351,11,1039.32,115.269439,35.448646,433.57,0.00000000
2022,351,12,1133.80,115.268780,35.447987,433.57,0.00000000
2022,351,13,1228.29,115.268121,35.447328,463.47,0.00054796
2022,351,14,1322.77,115.267462,35.446669,463.47,0.00112498
2022,351,15,1417.26,115.267011,35.445949,478.42,0.00115403
2022,352,0,0.00,115.282103,35.454034,478.42,-0.00229852
2022,352,1,96.91,115.282053,35.453175,493.37,-0.00222291
2022,352,2,193.82,115.281564,35.452444,523.27,-0.00101677
2022,352,3,290.74,115.281118,35.451701,448.52,-0.00000000
2022,352,4,387.65,115.280650,35.450964,418.61,-0.00112497
2022,352,5,484.56,115.280183,35.450227,403.66,-0.00216226
2022,352,6,581.47,115.279408,35.449722,418.61,-0.00218835
2022,353,0,0.00,115.282103,35.454034,523.27,0.00000000
2022,353,1,36.70,115.281699,35.454034,493.37,0.00000000
2022,353,2,73.39,115.281294,35.454034,463.47,0.00000000
2022,354,0,0.00,115.267011,35.445949,493.37,-0.00123502
2022,354,1,95.46,115.266247,35.445454,433.57,0.00000000
2022,354,2,190.93,115.265383,35.445129,418.61,0.00120326
2022,354,3,286.39,115.264717,35.444463,418.61,0.00058575
2022,354,4,381.86,115.263952,35.443968,403.66,0.00029841
2022,354,5,477.32,115.263287,35.443302,418.61,-0.00058575
2022,354,6,572.79,115.262575,35.442715,463.47,-0.00006859
2022,354,7,668.25,115.261757,35.442312,448.52,0.00166549
2022,354,8,763.72,115.261300,35.441585,463.47,0.00031329
2022,354,9,859.18,115.260634,35.440919,493.37,-0.00053663
2022,354,10,954.65,115.259968,35.440253,493.37,0.00000000
2022,354,11,1050.11,115.259302,35.439587,463.47,0.00110155
2022,354,12,1145.58,115.258636,35.438921,478.42,0.00226749
2022,354,13,1241.04,115.258387,35.438134,493.37,0.00233189
2022,355,0,0.00,115.267011,35.445949,1794.06,-0.00000000
2022,355,1,85.43,115.267607,35.445353,1495.05,0.00068155
2022,355,2,170.85,115.268203,35.444757,672.77,0.00142104
2022,355,3,256.28,115.268898,35.444332,164.46,0.00147898
2022,356,0,0.00,115.279408,35.449722,89.70,-0.00566655
2022,356,1,68.53,115.279139,35.450261,463.47,-0.00566655
2022,356,2,137.07,115.279408,35.450800,403.66,-0.00566655
2022,357,0,0.00,115.279408,35.449722,433.57,-0.00000000
2022,357,1,99.36,115.278715,35.449029,403.66,-0.00050052
2022,357,2,198.72,115.278022,35.448336,463.47,-0.00050052
2022,357,3,298.08,115.277230,35.447813,463.47,-0.00050277
2022,357,4,397.44,115.276537,35.447120,493.37,-0.00053865
2022,357,5,496.80,115.275653,35.446758,418.61,0.00089349
2022,357,6,596.17,115.274953,35.446076,418.61,0.00000000
2022,357,7,695.53,115.274244,35.445410,418.61,-0.00140373
2022,357,8,794.89,115.273369,35.445031,448.52,-0.00000000
2022,357,9,894.25,115.272577,35.444508,433.57,0.00101301
2022,357,10,993.61,115.271785,35.443986,478.42,0.00103917
2022,357,11,1092.97,115.271092,35.443293,418.61,0.00050052
2022,357,12,1192.33,115.270399,35.442600,433.57,0.00000000
2022,357,13,1291.69,115.269706,35.441907,403.66,0.00000000
2022,358,0,0.00,115.258387,35.438134,508.32,0.00229993
2022,358,1,99.44,115.257496,35.437782,493.37,0.00218753
2022,358,2,198.88,115.256803,35.437088,493.37,0.00101651
2022,358,3,298.32,115.256109,35.436394,463.47,-0.00049976
2022,358,4,397.76,115.255411,35.435708,478.42,-0.00045591
2022,358,5,497.20,115.254623,35.435178,478.42,0.00049976
2022,358,6,596.64,115.253930,35.434484,463.47,-0.00002279
2022,358,7,696.08,115.253236,35.433791,508.32,-0.00049976
2022,358,8,795.52,115.252444,35.433268,493.37,0.00034419
2022,358,9,894.96,115.251750,35.432574,508.32,-0.00053781
2022,358,10,994.40,115.251025,35.431935,478.42,-0.00126484
2022,358,11,1093.84,115.250165,35.431528,508.32,0.00053781
2022,358,12,1193.28,115.249373,35.431006,493.37,0.00038284
2022,358,13,1292.72,115.248679,35.430312,493.37,-0.00053781
2022,358,14,1392.16,115.247788,35.429960,493.37,-0.00000000
2022,358,15,1491.60,115.247094,35.429266,493.37,-0.00056687
2022,358,16,1591.04,115.246203,35.428914,493.37,0.00000000
2022,358,17,1690.48,115.245411,35.428391,508.32,0.00110468
2022,358,18,1789.92,115.244619,35.427868,493.37,0.00053781
2022,358,19,1889.36,115.243925,35.427175,463.47,-0.00053781
2022,358,20,1988.80,115.243133,35.426652,448.52,-0.00000000
2022,358,21,2088.24,115.242340,35.426129,418.61,0.00048861
2022,358,22,2187.68,115.241647,35.425435,433.57,-0.00053781
2022,358,23,2287.12,115.240845,35.424928,418.61,-0.00038461
2022,358,24,2386.56,115.240062,35.424389,418.61,0.00020799
2022,359,0,0.00,115.258387,35.438134,1794.06,0.00000000
2022,359,1,79.85,115.258944,35.437577,1435.25,0.00000000
2022,359,2,159.70,115.259501,35.437020,1181.09,0.00163483
2022,359,3,239.55,115.260058,35.436463,194.36,0.00343806
2022,359,4,319.40,115.260813,35.436247,612.97,0.00360646
2022,36,0,0.00,115.505783,35.689033,642.87,-0.00000000
2022,36,1,19.29,115.505649,35.688898,463.47,-0.00000000
2022,36,2,38.59,115.505514,35.688764,672.77,-0.00000000
2022,360,0,0.00,115.240062,35.424389,388.71,0.00114376
2022,360,1,99.61,115.239121,35.424120,358.81,0.00143327
2022,360,2,199.22,115.238277,35.423683,358.81,0.00168191
2022,360,3,298.83,115.237484,35.423159,358.81,0.00074739
2022,360,4,398.44,115.236789,35.422464,358.81,-0.00110082
2022,360,5,498.05,115.235982,35.421964,313.96,-0.00094706
2022,360,6,597.65,115.235103,35.421587,343.86,0.00110082
2022,360,7,697.26,115.234310,35.421063,313.96,0.00048426
2022,360,8,796.87,115.233615,35.420368,328.91,-0.00126300
2022,360,9,896.48,115.232723,35.420015,284.06,0.00000000
2022,360,10,996.09,115.231901,35.419539,239.21,0.00082343
2022,360,11,1095.70,115.231136,35.418967,254.16,-0.00056488
2022,360,12,1195.31,115.230332,35.418461,299.01,-0.00060063
2022,360,13,1294.92,115.229450,35.418089,343.86,-0.00058110
2022,360,14,1394.53,115.228656,35.417565,343.86,-0.00179188
2022,360,15,1494.14,115.227665,35.417383,358.81,-0.00230035
2022,361,0,0.00,115.240062,35.424389,1225.94,-0.00217891
2022,361,1,79.12,115.240331,35.423755,807.33,-0.00211491
2022,361,2,158.24,115.240331,35.423042,553.17,-0.00205092
2022,362,0,0.00,115.227665,35.417383,1794.06,-0.00115126
2022,362,1,92.23,115.227022,35.418026,568.12,-0.00118223
2022,362,2,184.46,115.226587,35.418730,433.57,-0.00121319
2022,363,0,0.00,115.227665,35.417383,343.86,-0.00123894
2022,363,1,89.52,115.227041,35.416758,373.76,-0.00128990
2022,363,2,179.04,115.226318,35.416305,343.86,-0.00134086
2022,364,0,0.00,115.226318,35.416305,343.86,-0.00326908
2022,364,1,97.93,115.225843,35.415561,284.06,-0.00358577
2022,364,2,195.85,115.224958,35.415227,299.01,-0.00217844
2022,364,3,293.78,115.224036,35.414957,299.01,-0.00022721
2022,364,4,391.70,115.223114,35.414688,328.91,0.00000000
2022,364,5,489.63,115.222192,35.414418,313.96,-0.00049965
2022,364,6,587.56,115.221269,35.414149,328.91,-0.00091783
2022,364,7,685.48,115.220264,35.414024,388.71,0.00006565
2022,364,8,783.41,115.219269,35.413879,448.52,-0.00000000
2022,364,9,881.34,115.218347,35.413610,478.42,-0.00048383
2022,364,10,979.26,115.217269,35.413610,553.17,0.00091783
2022,364,11,1077.19,115.216346,35.413340,598.02,0.00183565
2022,365,0,0.00,115.226318,35.416305,1719.31,-0.00000000
2022,365,1,77.28,115.225779,35.416844,1390.40,-0.00000000
2022,365,2,154.56,115.225240,35.417383,672.77,-0.00000000
2022,366,0,0.00,115.216346,35.413340,822.28,-0.00000000
2022,366,1,91.22,115.215710,35.412704,911.98,-0.00000000
2022,366,2,182.44,115.215074,35.412068,986.73,-0.00152134
2022,366,3,273.67,115.214438,35.411432,747.53,-0.00493635
2022,366,4,364.89,115.213604,35.411232,463.47,-0.00314416
2022,366,5,456.11,115.212728,35.411454,463.47,0.00105056
2022,366,6,547.33,115.211880,35.411184,493.37,-0.00212305
2022,366,7,638.55,115.210875,35.411184,523.27,-0.00540217
2022,366,8,729.78,115.210170,35.411701,807.33,-0.00291067
2022,366,9,821.00,115.209534,35.412337,882.08,-0.00041126
2022,366,10,912.22,115.208898,35.412974,882.08,0.00000000
2022,366,11,1003.44,115.208261,35.413610,822.28,0.00000000
2022,367,0,0.00,115.216346,35.413340,732.58,0.00443087
2022,367,1,89.46,115.215673,35.413879,598.02,0.00432816
2022,367,2,178.92,115.214688,35.413879,568.12,0.00183318
2022,367,3,268.38,115.213703,35.413879,478.42,-0.00100340
2022,367,4,357.84,115.212764,35.413958,463.47,-0.00041675
2022,367,5,447.30,115.211889,35.414149,478.42,0.00100340
2022,367,6,536.76,115.210904,35.414149,478.42,0.00164839
2022,367,7,626.21,115.209919,35.414149,598.02,0.00211273
2022,367,8,715.67,115.209083,35.413892,627.92,0.00127063
2022,367,9,805.13,115.208261,35.413610,657.82,0.00022000
2022,368,0,0.00,115.208261,35.413610,657.82,0.00266556
2022,368,1,81.93,115.207515,35.413879,627.92,0.00133278
2022,368,2,163.86,115.206613,35.413879,598.02,-0.00000000
2022,368,3,245.79,115.205867,35.414149,598.02,0.00000000
2022,368,4,327.72,115.204965,35.414149,627.92,-0.00133278
2022,368,5,409.65,115.204219,35.414418,627.92,-0.00266556
2022,369,0,0.00,115.204219,35.414418,1794.06,0.00142332
2022,369,1,93.68,115.204219,35.415263,1644.56,0.00228209
2022,369,2,187.36,115.203955,35.416030,926.93,0.00335482
2022,369,3,281.04,115.203411,35.416715,687.72,0.00465443
2022,369,4,374.72,115.202692,35.417113,478.42,0.00340492
2022,369,5,468.40,115.201661,35.417113,463.47,0.00053487
2022,369,6,562.08,115.200785,35.417383,433.57,0.00298902
2022,369,7,655.76,115.199754,35.417383,598.02,0.00539747
2022,369,8,749.44,115.199058,35.416803,1091.39,0.00264590
2022,369,9,843.12,115.198405,35.416150,1210.99,0.00023745
2022,369,10,936.80,115.197751,35.415496,1106.34,0.00000000
2022,37,0,0.00,115.505514,35.688764,254.16,0.00000000
2022,37,1,36.59,115.505110,35.688764,224.26,0.00000000
2022,37,2,73.18,115.504705,35.688764,448.52,0.00000000
2022,370,0,0.00,115.204219,35.414418,598.02,0.00000000
2022,370,1,96.06,115.203473,35.414418,598.02,-0.00032523
2022,370,2,192.12,115.202416,35.414418,508.32,-0.00086643
2022,370,3,288.18,115.201419,35.414523,478.42,-0.00019008
2022,370,4,384.25,115.200456,35.414688,448.52,0.00043466
2022,370,5,480.31,115.199399,35.414688,568.12,-0.00229556
2022,370,6,576.37,115.198421,35.414826,478.42,-0.00417361
2022,370,7,672.43,115.197751,35.415496,568.12,-0.00358902
2022,371,0,0.00,115.197751,35.415496,568.12,0.00159633
2022,371,1,96.04,115.196850,35.415766,538.22,0.00095600
2022,371,2,192.08,115.195819,35.415812,523.27,0.00031302
2022,371,3,288.13,115.194891,35.416035,508.32,0.00086679
2022,371,4,384.17,115.193833,35.416035,418.61,0.00071161
2022,371,5,480.21,115.192776,35.416035,478.42,-0.00071161
2022,371,6,576.25,115.191718,35.416035,508.32,-0.00182279
2022,371,7,672.30,115.190790,35.416259,523.27,-0.00031302
2022,371,8,768.34,115.189915,35.416574,508.32,0.00182279
2022,371,9,864.38,115.188858,35.416574,508.32,0.00204925
2022,372,0,0.00,115.188858,35.416574,732.58,0.00041454
2022,372,1,80.72,115.188295,35.417137,717.63,0.00410045
2022,372,2,161.44,115.187704,35.417652,508.32,0.00788913
2022,372,3,242.15,115.186971,35.417383,373.76,0.00799189
2022,373,0,0.00,115.188858,35.416574,1076.44,-0.00173769
2022,373,1,97.04,115.188181,35.415897,403.66,-0.00408636
2022,373,2,194.07,115.187345,35.415496,538.22,-0.00547445
2022,373,3,291.11,115.186432,35.415766,269.11,-0.00451388
2022,374,0,0.00,115.186971,35.417383,478.42,0.00342151
2022,374,1,95.07,115.186517,35.418107,313.96,0.00458109
2022,374,2,190.13,115.185656,35.418428,269.11,0.00484224
2022,374,3,285.20,115.184628,35.418461,269.11,0.00304571
2022,374,4,380.27,115.183737,35.418191,299.01,0.00214760
2022,375,0,0.00,115.186971,35.417383,867.13,0.00281849
2022,375,1,98.44,115.186432,35.416653,926.93,0.00276227
2022,375,2,196.88,115.186432,35.415766,1794.06,0.00270604
2022,377,0,0.00,115.186432,35.415766,313.96,-0.00237627
2022,377,1,86.57,115.185635,35.415496,284.06,-0.00226188
2022,377,2,173.14,115.184682,35.415496,254.16,-0.00107374
2022,377,3,259.71,115.183729,35.415496,313.96,-0.00006703
2022,377,4,346.28,115.182776,35.415496,284.06,-0.00321942
2022,377,5,432.85,115.181833,35.415514,284.06,-0.00638914
2022,377,6,519.42,115.181438,35.416179,448.52,-0.00323675
2022,377,7,605.99,115.181042,35.416844,1001.69,0.00000000
2022,378,0,0.00,115.183737,35.418191,1734.26,-0.00375627
2022,378,1,94.63,115.183737,35.417338,926.93,-0.00644820
2022,378,2,189.26,115.183126,35.416844,328.91,-0.00642141
2022,378,3,283.89,115.182084,35.416844,568.12,-0.00185134
2022,378,4,378.53,115.181042,35.416844,598.02,0.00000000
2022,379,0,0.00,115.183737,35.418191,269.11,0.00000000
2022,379,1,98.22,115.182812,35.418461,612.97,0.00320361
2022,379,2,196.43,115.181887,35.418730,388.71,0.00617929
2022,379,3,294.65,115.181189,35.418068,583.07,0.00304083
2022,379,4,392.86,115.180504,35.417383,1076.44,0.00013029
2022,381,0,0.00,115.181042,35.416844,792.38,0.00000000
2022,381,1,38.64,115.180773,35.417113,777.43,0.00000000
2022,381,2,77.28,115.180504,35.417383,777.43,0.00000000
2022,383,0,0.00,115.180504,35.417383,627.92,0.00004722
2022,383,1,99.33,115.179566,35.417652,627.92,0.00089077
2022,383,2,198.67,115.178624,35.417915,598.02,0.00165633
2022,383,3,298.00,115.177534,35.417922,538.22,0.00080871
2022,383,4,397.33,115.176441,35.417922,568.12,-0.00078917
2022,383,5,496.66,115.175347,35.417922,568.12,0.00000000
2022,383,6,596.00,115.174409,35.418191,508.32,0.00161742
2022,383,7,695.33,115.173471,35.417922,538.22,0.00000000
2022,383,8,794.66,115.172378,35.417922,538.22,-0.00093937
2022,383,9,893.99,115.171284,35.417922,538.22,-0.00080871
2022,383,10,993.33,115.170217,35.417968,493.37,-0.00053345
2022,383,11,1092.66,115.169252,35.418191,508.32,0.00080871
2022,383,12,1191.99,115.168159,35.418191,478.42,0.00020276
2022,383,13,1291.32,115.167065,35.418191,478.42,-0.00080871
2022,383,14,1390.66,115.166063,35.418349,478.42,0.00013798
2022,383,15,1489.99,115.165034,35.418461,478.42,0.00000000
2022,383,16,1589.32,115.163940,35.418461,448.52,-0.00048534
2022,383,17,1688.65,115.163002,35.418730,478.42,0.00080871
2022,383,18,1787.99,115.161908,35.418730,448.52,0.00161742
2022,384,0,0.00,115.161908,35.418730,777.43,-0.00000000
2022,384,1,93.68,115.161464,35.419444,762.48,0.00000000
2022,384,2,187.36,115.161019,35.420159,792.38,0.00187627
2022,384,3,281.03,115.160574,35.420873,403.66,0.00490859
2022,384,4,374.71,115.159706,35.421156,343.86,0.00399162
2022,384,5,468.39,115.158674,35.421156,568.12,0.00191861
2022,385,0,0.00,115.161908,35.418730,598.02,-0.00237293
2022,385,1,86.63,115.161111,35.418461,538.22,-0.00225871
2022,385,2,173.26,115.160157,35.418461,508.32,-0.00214449
2022,385,3,259.89,115.159203,35.418461,358.81,-0.00225871
2022,385,4,346.51,115.158405,35.418730,343.86,-0.00237293
2022,386,0,0.00,115.158674,35.421156,1375.45,0.00157782
2022,386,1,92.61,115.158405,35.420400,732.58,0.00153288
2022,386,2,185.23,115.158405,35.419565,1794.06,0.00074397
2022,386,3,277.84,115.158405,35.418730,1794.06,0.00000000
2022,387,0,0.00,115.158674,35.421156,403.66,0.00295325
2022,387,1,86.95,115.157969,35.421591,373.76,0.00221222
2022,387,2,173.89,115.157072,35.421695,328.91,0.00117742
2022,387,3,260.84,115.156270,35.421964,313.96,0.00150599
2022,387,4,347.79,115.155313,35.421964,313.96,0.00000000
2022,387,5,434.73,115.154355,35.421964,254.16,-0.00224159
2022,387,6,521.68,115.153554,35.422234,269.11,-0.00235484
2022,388,0,0.00,115.158405,35.418730,538.22,0.00000000
2022,388,1,95.57,115.157353,35.418730,358.81,0.00000000
2022,388,2,191.13,115.156300,35.418730,299.01,0.00000000
2022,388,3,286.70,115.155248,35.418730,299.01,0.00000000
2022,388,4,382.26,115.154196,35.418730,299.01,0.00000000
2022,388,5,477.83,115.153144,35.418730,239.21,0.00000000
2022,388,6,573.39,115.152091,35.418730,239.21,-0.00012379
2022,388,7,668.96,115.151039,35.418730,269.11,-0.00087572
2022,388,8,764.52,115.150010,35.418770,284.06,-0.00149957
2022,388,9,860.09,115.149091,35.419000,269.11,-0.00047653
2022,388,10,955.65,115.148183,35.419250,299.01,0.00068142
2022,388,11,1051.22,115.147220,35.419404,299.01,0.00000359
2022,388,12,1146.78,115.146246,35.419539,328.91,0.00006622
2022,388,13,1242.35,115.145350,35.419808,328.91,0.00134867
2022,388,14,1337.91,115.144297,35.419808,358.81,-0.00096604
2022,388,15,1433.48,115.143245,35.419808,687.72,-0.00380330
2022,388,16,1529.05,115.142505,35.420347,627.92,-0.00392307
2022,389,0,0.00,115.153554,35.422234,313.96,0.00562709
2022,389,1,94.67,115.152824,35.422773,254.16,0.00575256
2022,389,2,189.34,115.151937,35.422503,299.01,0.00587803
2022,39,0,0.00,115.504436,35.690650,254.16,0.00000000
2022,39,1,57.88,115.504032,35.690246,627.92,0.00000000
2022,39,2,115.77,115.503628,35.689842,508.32,0.00000000
2022,390,0,0.00,115.153554,35.422234,328.91,-0.00587797
2022,390,1,94.67,115.152668,35.421964,254.16,-0.00575251
2022,390,2,189.34,115.151937,35.422503,328.91,-0.00562704
2022,391,0,0.00,115.142505,35.420347,418.61,0.00000000
2022,391,1,89.74,115.141517,35.420347,418.61,0.00000000
2022,391,2,179.48,115.140528,35.420347,388.71,0.00000000
2022,391,3,269.23,115.139540,35.420347,388.71,0.00000000
2022,392,0,0.00,115.142505,35.420347,1091.39,-0.00145875
2022,392,1,84.33,115.142884,35.420996,926.93,-0.00072938
2022,392,2,168.67,115.143473,35.421584,971.78,0.00072938
2022,392,3,253.00,115.143852,35.422234,508.32,0.00145875
2022,393,0,0.00,115.151937,35.422503,313.96,0.00276464
2022,393,1,80.51,115.151207,35.422773,284.06,0.00262985
2022,393,2,161.01,115.150320,35.422773,284.06,0.00249506
2022,394,0,0.00,115.139540,35.420347,1076.44,-0.00230755
2022,394,1,99.77,115.139053,35.421104,1569.81,-0.00355095
2022,394,2,199.53,115.139020,35.421983,897.03,-0.00525587
2022,394,3,299.30,115.139507,35.422739,612.97,-0.00285870
2022,394,4,399.06,115.140401,35.423094,657.82,0.00154765
2022,394,5,498.83,115.140888,35.423851,269.11,0.00309530
2022,395,0,0.00,115.139540,35.420347,403.66,-0.00214200
2022,395,1,90.98,115.138695,35.420078,358.81,-0.00204023
2022,395,2,181.95,115.137693,35.420078,328.91,-0.00096923
2022,395,3,272.93,115.136691,35.420078,388.71,0.00096923
2022,395,4,363.90,115.135689,35.420078,388.71,0.00096923
2022,395,5,454.88,115.134844,35.419808,418.61,-0.00096923
2022,395,6,545.85,115.133842,35.419808,388.71,-0.00193846
2022,395,7,636.83,115.132840,35.419808,448.52,-0.00204023
2022,395,8,727.80,115.131994,35.420078,493.37,-0.00214200
2022,396,0,0.00,115.143852,35.422234,627.92,0.00000000
2022,396,1,87.96,115.144821,35.422234,313.96,0.00000000
2022,396,2,175.92,115.145789,35.422234,313.96,0.00000000
2022,396,3,263.88,115.146758,35.422234,313.96,0.00000000
2022,396,4,351.84,115.147726,35.422234,313.96,0.00000000
2022,396,5,439.80,115.148695,35.422234,284.06,0.00218827
2022,396,6,527.76,115.149664,35.422234,269.11,0.00447260
2022,396,7,615.72,115.150320,35.422773,448.52,0.00456866
2022,397,0,0.00,115.143852,35.422234,1031.59,0.00000000
2022,397,1,74.75,115.143852,35.422907,358.81,0.00000000
2022,397,2,149.50,115.143852,35.423581,627.92,0.00000000
2022,398,0,0.00,115.150320,35.422773,433.57,0.00353709
2022,398,1,94.03,115.149664,35.423428,328.91,0.00420639
2022,398,2,188.06,115.148717,35.423581,313.96,0.00293665
2022,398,3,282.09,115.147682,35.423581,313.96,0.00049880
2022,398,4,376.12,115.146646,35.423581,313.96,-0.00074672
2022,398,5,470.15,115.145611,35.423581,343.86,0.00000000
2022,398,6,564.18,115.144706,35.423806,343.86,0.00240067
2022,398,7,658.21,115.143852,35.423581,343.86,0.00330789
2022,4,0,0.00,115.523570,35.705742,209.31,0.00222256
2022,4,1,78.45,115.523022,35.705194,239.21,0.00335707
2022,4,2,156.91,115.522762,35.704562,269.11,0.00324923
2022,4,3,235.36,115.522762,35.703855,328.91,0.00200688
2022,400,0,0.00,115.140888,35.423851,463.47,-0.00145840
2022,400,1,77.93,115.141629,35.424053,448.52,-0.00255248
2022,400,2,155.86,115.142448,35.424120,433.57,-0.00414779
2022,400,3,233.78,115.143210,35.423954,493.37,-0.00346873
2022,400,4,311.71,115.143852,35.423581,508.32,-0.00228845
2022,401,0,0.00,115.140888,35.423851,403.66,0.00162861
2022,401,1,95.79,115.139989,35.424120,373.76,0.00096127
2022,401,2,191.58,115.138959,35.424163,373.76,0.00029162
2022,401,3,287.38,115.138035,35.424389,343.86,0.00087146
2022,401,4,383.17,115.136981,35.424389,373.76,0.00072680
2022,401,5,478.96,115.135926,35.424389,403.66,0.00000000
2022,401,6,574.75,115.135183,35.424389,373.76,0.00000000
2022,401,7,670.54,115.134128,35.424389,403.66,0.00000000
2022,401,8,766.34,115.133073,35.424389,403.66,-0.00087146
2022,401,9,862.13,115.132018,35.424389,523.27,-0.00087146
2022,401,10,957.92,115.131120,35.424659,403.66,0.00145283
2022,401,11,1053.71,115.130065,35.424659,403.66,0.00174293
2022,401,12,1149.50,115.129116,35.424476,418.61,-0.00031509
2022,401,13,1245.30,115.128111,35.424389,403.66,0.00000000
2022,401,14,1341.09,115.127056,35.424389,553.17,0.00060519
2022,401,15,1436.88,115.126157,35.424120,373.76,-0.00000000
2022,401,16,1532.67,115.125103,35.424120,403.66,0.00096127
2022,401,17,1628.46,115.124204,35.423851,553.17,0.00195568
2022,401,18,1724.26,115.123305,35.423581,612.97,0.00195290
2022,401,19,1820.05,115.122562,35.423042,702.67,0.00191697
2022,402,0,0.00,115.131994,35.420078,1794.06,0.00121616
2022,402,1,89.66,115.131994,35.420886,1794.06,0.00191099
2022,402,2,179.33,115.131786,35.421633,1001.69,0.00432514
2022,402,3,268.99,115.131370,35.422319,523.27,0.00618203
2022,402,4,358.66,115.130489,35.422503,403.66,0.00382603
2022,402,5,448.32,115.129501,35.422503,403.66,0.00166491
2022,402,6,537.99,115.128514,35.422503,403.66,0.00210269
2022,402,7,627.65,115.127683,35.422234,598.02,0.00220805
2022,403,0,0.00,115.131994,35.420078,418.61,-0.00271890
2022,403,1,81.15,115.131257,35.419808,418.61,-0.00258647
2022,403,2,162.31,115.130363,35.419808,388.71,-0.00122702
2022,403,3,243.46,115.129470,35.419808,388.71,0.00000000
2022,403,4,324.62,115.128576,35.419808,388.71,0.00000000
2022,403,5,405.77,115.127683,35.419808,538.22,0.00000000
2022,404,0,0.00,115.122562,35.423042,104.65,0.00000000
2022,404,1,99.67,115.122562,35.422144,971.78,0.00000000
2022,404,2,199.33,115.122562,35.421245,1240.89,0.00000000
2022,404,3,299.00,115.122562,35.420347,1121.29,0.00000000
2022,405,0,0.00,115.122562,35.423042,687.72,0.00551852
2022,405,1,72.56,115.122056,35.423075,553.17,0.00569179
2022,405,2,145.11,115.121451,35.422740,687.72,0.00388504
2022,405,3,217.67,115.120945,35.422234,747.53,0.00190503
2022,406,0,0.00,115.127683,35.422234,971.78,0.00000000
2022,406,1,89.70,115.127683,35.421425,926.93,0.00000000
2022,406,2,179.40,115.127683,35.420617,1734.26,-0.00000000
2022,406,3,269.10,115.127683,35.419808,1704.36,0.00000000
2022,407,0,0.00,115.127683,35.422234,538.22,0.00000000
2022,407,1,85.66,115.126739,35.422234,403.66,0.00000000
2022,407,2,171.32,115.125796,35.422234,403.66,0.00000000
2022,409,0,0.00,115.127683,35.419808,403.66,-0.00236200
2022,409,1,86.82,115.126883,35.419539,388.71,-0.00224837
2022,409,2,173.64,115.125927,35.419539,388.71,-0.00106737
2022,409,3,260.46,115.124971,35.419539,538.22,-0.00224837
2022,409,4,347.28,115.124015,35.419539,672.77,-0.00458687
2022,409,5,434.10,115.123371,35.420078,732.58,-0.00467700
2022,41,0,0.00,115.516833,35.731344,388.71,0.00008908
2022,41,1,75.56,115.516833,35.732025,433.57,0.00231339
2022,41,2,151.11,115.516822,35.732703,388.71,0.00448211
2022,41,3,226.67,115.516294,35.733230,418.61,0.00442651
2022,410,0,0.00,115.122293,35.420078,687.72,-0.00000000
2022,410,1,19.32,115.122427,35.420212,732.58,-0.00000000
2022,410,2,38.64,115.122562,35.420347,732.58,-0.00000000
2022,411,0,0.00,115.122562,35.420347,807.33,0.00920682
2022,411,1,43.80,115.122888,35.420078,627.92,0.00901838
2022,411,2,87.59,115.123371,35.420078,538.22,0.00882995
2022,412,0,0.00,115.122293,35.420078,747.53,-0.00000000
2022,412,1,77.28,115.121754,35.420617,1061.49,-0.00000000
2022,412,2,154.56,115.121215,35.421156,642.87,-0.00000000
2022,413,0,0.00,115.122293,35.420078,867.13,-0.00140241
2022,413,1,85.96,115.121902,35.419417,583.07,-0.00353740
2022,413,2,171.92,115.121302,35.418818,523.27,-0.00512052
2022,413,3,257.89,115.120406,35.418730,478.42,-0.00456865
2022,414,0,0.00,115.120945,35.422234,224.26,0.00839677
2022,414,1,71.27,115.120316,35.422503,493.37,0.00676739
2022,414,2,142.54,115.119753,35.422120,538.22,0.00106019
2022,414,3,213.82,115.119059,35.421964,328.91,-0.00301763
2022,415,0,0.00,115.120945,35.422234,523.27,-0.00333408
2022,415,1,64.17,115.121215,35.421734,553.17,-0.00323984
2022,415,2,128.34,115.121215,35.421156,1121.29,-0.00314559
2022,417,0,0.00,115.125796,35.422234,553.17,-0.00073327
2022,417,1,83.40,115.125190,35.421695,732.58,-0.00018125
2022,417,2,166.80,115.124534,35.421241,867.13,0.00071602
2022,417,3,250.19,115.123952,35.420659,882.08,0.00053063
2022,417,4,333.59,115.123371,35.420078,687.72,0.00000000
2022,42,0,0.00,115.514138,35.731074,403.66,-0.00433581
2022,42,1,68.48,115.513659,35.731553,388.71,-0.00329935
2022,42,2,136.97,115.513599,35.732152,403.66,-0.00000000
2022,42,3,205.45,115.513329,35.732691,553.17,0.00226290
2022,420,0,0.00,115.121215,35.421156,508.32,0.00199793
2022,420,1,89.65,115.120228,35.421156,508.32,0.00198248
2022,420,2,179.30,115.119396,35.420886,328.91,0.00110435
2022,420,3,268.96,115.118549,35.420645,313.96,0.00024201
2022,420,4,358.61,115.117734,35.420347,59.80,-0.00000000
2022,420,5,448.26,115.116903,35.420078,433.57,-0.00024235
2022,422,0,0.00,115.120406,35.418730,448.52,0.00000000
2022,422,1,89.52,115.119782,35.418106,313.96,-0.00094908
2022,422,2,179.04,115.119158,35.417481,328.91,-0.00574193
2022,422,3,268.56,115.118385,35.417113,224.26,-0.00831561
2022,422,4,358.08,115.117711,35.417652,852.18,-0.00704553
2022,423,0,0.00,115.120406,35.418730,762.48,0.00920660
2022,423,1,43.80,115.120080,35.419000,627.92,0.00901816
2022,423,2,87.59,115.119598,35.419000,299.01,0.00882973
2022,424,0,0.00,115.116903,35.420078,702.67,-0.00541187
2022,424,1,49.22,115.116903,35.420521,702.67,-0.00552431
2022,424,2,98.44,115.117172,35.420886,523.27,-0.00563675
2022,425,0,0.00,115.116903,35.420078,553.17,0.00281509
2022,425,1,72.91,115.116603,35.419508,1270.79,0.00312803
2022,425,2,145.82,115.116633,35.419000,941.88,0.00344097
2022,426,0,0.00,115.117711,35.417652,508.32,-0.00134087
2022,426,1,89.52,115.116988,35.418106,568.12,-0.00128991
2022,426,2,179.04,115.116364,35.418730,598.02,-0.00123895
2022,427,0,0.00,115.117711,35.417652,568.12,-0.00278295
2022,427,1,80.72,115.118288,35.418191,418.61,-0.00127117
2022,427,2,161.44,115.119035,35.418437,209.31,0.00159874
2022,427,3,242.15,115.119598,35.419000,403.66,0.00295687
2022,429,0,0.00,115.119598,35.419000,463.47,0.00335060
2022,429,1,99.19,115.118662,35.419269,209.31,0.00251584
2022,429,2,198.37,115.117720,35.419009,388.71,0.00008014
2022,429,3,297.56,115.116633,35.419000,448.52,-0.00152080
2022,43,0,0.00,115.514138,35.731074,837.23,-0.00000000
2022,43,1,77.16,115.514677,35.731613,926.93,-0.00000000
2022,43,2,154.32,115.515216,35.732152,463.47,-0.00000000
2022,43,3,231.49,115.515755,35.732691,328.91,0.00000000
2022,43,4,308.65,115.516294,35.733230,493.37,0.00000000
2022,430,0,0.00,115.116633,35.419000,508.32,0.00000000
2022,430,1,19.32,115.116499,35.418865,523.27,0.00000000
2022,430,2,38.64,115.116364,35.418730,523.27,0.00000000
2022,432,0,0.00,115.116364,35.418730,478.42,-0.00054757
2022,432,1,98.77,115.115379,35.418553,463.47,0.00002916
2022,432,2,197.54,115.114345,35.418461,448.52,0.00055457
2022,432,3,296.31,115.113413,35.418191,418.61,-0.00030295
2022,432,4,395.08,115.112423,35.418023,403.66,0.00029587
2022,432,5,493.85,115.111394,35.417922,418.61,0.00111001
2022,432,6,592.61,115.110551,35.417499,433.57,0.00045446
2022,432,7,691.38,115.109566,35.417322,388.71,0.00033229
2022,432,8,790.15,115.108756,35.416844,388.71,-0.00040344
2022,432,9,888.92,115.107793,35.416627,373.76,-0.00035663
2022,432,10,987.69,115.106893,35.416305,358.81,0.00000000
2022,432,11,1086.46,115.105961,35.416035,388.71,-0.00018420
2022,432,12,1185.23,115.105030,35.415766,388.71,0.00057500
2022,432,13,1284.00,115.104098,35.415496,358.81,0.00093543
2022,432,14,1382.77,115.103262,35.415061,343.86,-0.00021542
2022,432,15,1481.54,115.102391,35.414688,284.06,-0.00164825
2022,432,16,1580.31,115.101459,35.414418,299.01,-0.00035958
2022,432,17,1679.08,115.100406,35.414360,239.21,0.00144680
2022,432,18,1777.84,115.099596,35.413879,194.36,-0.00050388
2022,432,19,1876.61,115.098665,35.413610,179.41,-0.00073398
2022,432,20,1975.38,115.097647,35.413489,209.31,0.00221103
2022,432,21,2074.15,115.096802,35.413071,209.31,0.00306043
2022,432,22,2172.92,115.096072,35.412452,194.36,0.00105231
2022,432,23,2271.69,115.095592,35.411702,299.01,-0.00135327
2022,432,24,2370.46,115.094804,35.411184,373.76,-0.00210462
2022,433,0,0.00,115.094804,35.411184,269.11,0.00239188
2022,433,1,75.59,115.094535,35.410582,284.06,0.00119594
2022,433,2,151.19,115.094535,35.409900,269.11,-0.00119594
2022,433,3,226.78,115.094265,35.409298,418.61,-0.00239188
2022,434,0,0.00,115.094804,35.411184,1345.55,0.00355402
2022,434,1,94.68,115.094144,35.411845,269.11,0.00368508
2022,434,2,189.36,115.093187,35.411993,657.82,0.00381613
2022,435,0,0.00,115.094265,35.409298,1360.50,-0.00208455
2022,435,1,72.56,115.093660,35.409633,1181.09,-0.00199473
2022,435,2,145.13,115.093154,35.410139,1151.19,-0.00095246
2022,435,3,217.69,115.092648,35.410645,538.22,-0.00000000
2022,436,0,0.00,115.094265,35.409298,284.06,-0.00278423
2022,436,1,85.15,115.093880,35.408643,493.37,-0.00282302
2022,436,2,170.30,115.093187,35.408220,598.02,-0.00286180
2022,437,0,0.00,115.094265,35.409298,1435.25,0.00276372
2022,437,1,80.52,115.094996,35.409028,837.23,0.00262901
2022,437,2,161.04,115.095882,35.409028,433.57,0.00249429
2022,438,0,0.00,115.093187,35.408220,583.07,-0.00000000
2022,438,1,82.25,115.093761,35.407646,553.17,-0.00035564
2022,438,2,164.50,115.094335,35.407073,553.17,-0.00247791
2022,438,3,246.75,115.094804,35.406469,343.86,-0.00381481
2022,438,4,329.00,115.094804,35.405727,284.06,-0.00169254
2022,438,5,411.25,115.094804,35.404986,328.91,0.00000000
2022,439,0,0.00,115.093187,35.408220,837.23,-0.00061720
2022,439,1,96.17,115.092440,35.408759,1046.54,-0.00261660
2022,439,2,192.34,115.091747,35.409390,553.17,-0.00360972
2022,439,3,288.50,115.091840,35.410127,328.91,-0.00037459
2022,439,4,384.67,115.091570,35.410915,388.71,0.00185426
2022,44,0,0.00,115.504705,35.688764,568.12,0.00000000
2022,44,1,71.39,115.504416,35.688204,867.13,-0.00102516
2022,44,2,142.77,115.504126,35.687645,792.38,-0.00199212
2022,44,3,214.16,115.503628,35.687147,478.42,-0.00193393
2022,440,0,0.00,115.093187,35.408220,478.42,0.00291819
2022,440,1,96.69,115.092648,35.407506,373.76,0.00280335
2022,440,2,193.39,115.092648,35.406634,373.76,0.00072215
2022,440,3,290.08,115.092624,35.405770,254.16,-0.00127787
2022,440,4,386.78,115.092379,35.404970,328.91,-0.00000000
2022,440,5,483.47,115.092109,35.404177,328.91,0.00055961
2022,440,6,580.16,115.092109,35.403306,358.81,-0.00072215
2022,440,7,676.86,115.091803,35.402524,358.81,-0.00052646
2022,440,8,773.55,115.091570,35.401720,388.71,-0.00000000
2022,440,9,870.25,115.091301,35.400928,343.86,-0.00009953
2022,440,10,966.94,115.091031,35.400135,343.86,-0.00000000
2022,441,0,0.00,115.091031,35.400135,343.86,-0.00110617
2022,441,1,98.18,115.090764,35.399328,388.71,-0.00072915
2022,441,2,196.37,115.090287,35.398583,388.71,0.00037244
2022,441,3,294.55,115.089953,35.397795,343.86,0.00000480
2022,441,4,392.74,115.089684,35.396989,328.91,-0.00124582
2022,441,5,490.92,115.089145,35.396262,373.76,-0.00057878
2022,441,6,589.11,115.088606,35.395535,373.76,0.00070211
2022,441,7,687.29,115.088115,35.394793,343.86,0.00116614
2022,441,8,785.48,115.087797,35.394001,313.96,0.00030395
2022,441,9,883.66,115.087528,35.393195,313.96,-0.00083011
2022,441,10,981.85,115.087103,35.392434,284.06,-0.00121551
2022,441,11,1080.03,115.086627,35.391689,254.16,-0.00090237
2022,441,12,1178.22,115.085943,35.391004,239.21,-0.00000000
2022,441,13,1276.40,115.085372,35.390286,194.36,0.00047257
2022,441,14,1374.59,115.084782,35.389573,194.36,-0.00050710
2022,441,15,1472.77,115.084306,35.388828,164.46,-0.00074611
2022,441,16,1570.96,115.083522,35.388314,179.41,-0.00055971
2022,441,17,1669.14,115.083046,35.387568,194.36,-0.00241548
2022,441,18,1767.33,115.082164,35.387225,209.31,-0.00168672
2022,441,19,1865.51,115.081254,35.386930,239.21,0.00059797
2022,441,20,1963.70,115.080399,35.386539,269.11,0.00059859
2022,441,21,2061.88,115.079560,35.386121,299.01,-0.00008885
2022,441,22,2160.07,115.078734,35.385681,358.81,-0.00076884
2022,441,23,2258.25,115.077851,35.385338,373.76,-0.00076906
2022,441,24,2356.44,115.076941,35.385043,418.61,-0.00034738
2022,441,25,2454.62,115.076016,35.384774,388.71,0.00085791
2022,441,26,2552.81,115.075092,35.384504,299.01,0.00186418
2022,441,27,2650.99,115.074323,35.383965,343.86,0.00183530
2022,442,0,0.00,115.091031,35.400135,657.82,0.00000000
2022,442,1,77.29,115.090492,35.400674,612.97,0.00000000
2022,442,2,154.57,115.089953,35.401213,553.17,0.00000000
2022,443,0,0.00,115.074323,35.383965,1345.55,0.00205185
2022,443,1,79.12,115.074323,35.383252,777.43,0.00211592
2022,443,2,158.25,115.074592,35.382618,239.21,0.00217999
2022,444,0,0.00,115.074323,35.383965,433.57,0.00191021
2022,444,1,96.08,115.073421,35.384235,358.81,0.00182112
2022,444,2,192.17,115.072364,35.384235,299.01,0.00086602
2022,444,3,288.25,115.071306,35.384235,269.11,0.00000000
2022,444,4,384.33,115.070249,35.384235,299.01,0.00000000
2022,444,5,480.41,115.069191,35.384235,299.01,0.00047465
2022,444,6,576.50,115.068134,35.384235,328.91,0.00086602
2022,444,7,672.58,115.067164,35.384083,299.01,-0.00011003
2022,444,8,768.66,115.066174,35.383965,299.01,-0.00086602
2022,444,9,864.74,115.065117,35.383965,239.21,0.00050139
2022,444,10,960.83,115.064060,35.383965,269.11,0.00168081
2022,444,11,1056.91,115.063158,35.383696,239.21,-0.00000000
2022,444,12,1152.99,115.062234,35.383465,224.26,-0.00005121
2022,444,13,1249.07,115.061199,35.383426,239.21,0.00303058
2022,444,14,1345.16,115.060400,35.382979,224.26,0.00243755
2022,444,15,1441.24,115.059730,35.382309,149.51,-0.00040756
2022,444,16,1537.32,115.058961,35.381809,,-0.00115624
2022,45,0,0.00,115.504705,35.688764,299.01,0.00000000
2022,45,1,77.18,115.504167,35.689303,717.63,0.00000000
2022,45,2,154.36,115.503628,35.689842,747.53,0.00000000
2022,46,0,0.00,115.503628,35.689842,657.82,0.00000000
2022,46,1,89.08,115.502643,35.689842,418.61,0.00059516
2022,46,2,178.15,115.501659,35.689842,508.32,0.00213257
2022,46,3,267.23,115.500770,35.689679,478.42,0.00199455
2022,46,4,356.30,115.500005,35.689303,448.52,0.00114868
2022,46,5,445.38,115.499178,35.689033,448.52,0.00177779
2022,46,6,534.46,115.498507,35.688494,448.52,0.00217252
2022,48,0,0.00,115.516294,35.733230,403.66,0.00313490
2022,48,1,64.14,115.516294,35.733808,568.12,0.00322832
2022,48,2,128.29,115.516024,35.734308,642.87,0.00332174
2022,5,0,0.00,115.518989,35.721373,867.13,-0.00000000
2022,5,1,72.43,115.519495,35.721878,822.28,-0.00095379
2022,5,2,144.87,115.520001,35.722384,1016.64,-0.00199785
2022,5,3,217.30,115.520606,35.722720,777.43,-0.00208810
2022,50,0,0.00,115.513329,35.732691,508.32,-0.00000000
2022,50,1,85.01,115.513714,35.733346,448.52,-0.00077642
2022,50,2,170.02,115.514099,35.734000,328.91,-0.00282548
2022,50,3,255.04,115.514703,35.734578,598.02,-0.00348208
2022,50,4,340.05,115.515485,35.734847,837.23,-0.00286605
2022,51,0,0.00,115.513329,35.732691,747.53,0.00444332
2022,51,1,87.34,115.512521,35.732961,657.82,0.00444332
2022,51,2,174.68,115.511712,35.732691,1046.54,0.00444332
2022,52,0,0.00,115.503628,35.687147,463.47,0.00439491
2022,52,1,50.79,115.503174,35.686962,463.47,0.00417984
2022,52,2,101.57,115.502819,35.686608,463.47,0.00396476
2022,53,0,0.00,115.503628,35.687147,388.71,-0.00473062
2022,53,1,92.13,115.503732,35.686443,343.86,-0.00436728
2022,53,2,184.26,115.503089,35.685799,463.47,-0.00400393
2022,54,0,0.00,115.498507,35.688494,1465.15,-0.00096745
2022,54,1,88.96,115.499128,35.687873,1794.06,-0.00289804
2022,54,2,177.92,115.499585,35.687204,971.78,-0.00782135
2022,54,3,266.88,115.499426,35.686448,403.66,-0.00895664
2022,54,4,355.84,115.498507,35.686338,433.57,-0.00709920
2022,55,0,0.00,115.498507,35.688494,418.61,-0.00308807
2022,55,1,76.35,115.497820,35.688225,388.71,0.00035983
2022,55,2,152.70,115.496977,35.688225,388.71,0.00565528
2022,55,3,229.05,115.496621,35.687686,418.61,0.00750283
2022,56,0,0.00,115.516024,35.734308,612.97,-0.00000000
2022,56,1,38.58,115.515755,35.734578,627.92,-0.00000000
2022,56,2,77.16,115.515485,35.734847,1405.35,-0.00000000
2022,57,0,0.00,115.516024,35.734308,478.42,-0.00000000
2022,57,1,62.96,115.516563,35.734578,313.96,-0.00000000
2022,57,2,125.92,115.517102,35.734847,343.86,-0.00000000
2022,58,0,0.00,115.515485,35.734847,313.96,-0.00000000
2022,58,1,99.67,115.515973,35.735604,194.36,-0.00100614
2022,58,2,199.34,115.516460,35.736361,239.21,-0.00203652
2022,58,3,299.00,115.517255,35.736887,179.41,-0.00144833
2022,58,4,398.67,115.518051,35.737413,224.26,-0.00114248
2022,58,5,498.34,115.518920,35.737812,254.16,-0.00087254
2022,58,6,598.01,115.519840,35.738124,284.06,-0.00000000
2022,58,7,697.68,115.520735,35.738480,328.91,0.00014800
2022,58,8,797.34,115.521629,35.738835,313.96,-0.00000000
2022,58,9,897.01,115.522524,35.739191,343.86,-0.00000000
2022,58,10,996.68,115.523419,35.739547,388.71,-0.00007116
2022,58,11,1096.35,115.524313,35.739902,403.66,-0.00126408
2022,58,12,1196.02,115.525220,35.740237,448.52,-0.00220480
2022,58,13,1295.68,115.526322,35.740237,448.52,-0.00101188
2022,58,14,1395.35,115.527424,35.740237,418.61,0.00000000
2022,58,15,1495.02,115.528525,35.740237,328.91,0.00027508
2022,58,16,1594.69,115.529627,35.740237,299.01,0.00080332
2022,58,17,1694.35,115.530673,35.740333,313.96,0.00023062
2022,58,18,1794.02,115.531674,35.740507,328.91,-0.00000000
2022,58,19,1893.69,115.532776,35.740507,358.81,0.00029761
2022,58,20,1993.36,115.533721,35.740776,358.81,-0.00080332
2022,58,21,2093.03,115.534822,35.740776,388.71,-0.00126355
2022,58,22,2192.69,115.535924,35.740776,388.71,-0.00080332
2022,58,23,2292.36,115.536934,35.740618,388.71,0.00014094
2022,58,24,2392.03,115.537971,35.740507,418.61,-0.00000000
2022,58,25,2491.70,115.539073,35.740507,448.52,-0.00136909
2022,58,26,2591.37,115.540017,35.740237,493.37,0.00000000
2022,58,27,2691.03,115.540962,35.739968,478.42,0.00168837
2022,58,28,2790.70,115.542064,35.739968,478.42,0.00080332
2022,58,29,2890.37,115.543166,35.739968,478.42,0.00000000
2022,58,30,2990.04,115.544268,35.739968,508.32,0.00000000
2022,58,31,3089.71,115.545369,35.739968,448.52,-0.00003185
2022,58,32,3189.37,115.546471,35.739968,478.42,-0.00080332
2022,58,33,3289.04,115.547567,35.739956,478.42,-0.00073567
2022,58,34,3388.71,115.548518,35.739698,478.42,-0.00000000
2022,58,35,3488.38,115.549620,35.739698,478.42,-0.00017411
2022,58,36,3588.05,115.550565,35.739429,508.32,0.00000000
2022,58,37,3687.71,115.551641,35.739385,463.47,-0.00060007
2022,58,38,3787.38,115.552611,35.739159,478.42,-0.00075474
2022,58,39,3887.05,115.553556,35.738890,448.52,0.00073838
2022,58,40,3986.72,115.554523,35.738659,463.47,0.00063200
2022,58,41,4086.38,115.555603,35.738620,448.52,-0.00081221
2022,58,42,4186.05,115.556547,35.738351,418.61,0.00012273
2022,58,43,4285.72,115.557505,35.738103,388.71,0.00102729
2022,58,44,4385.39,115.558594,35.738081,358.81,0.00026532
2022,58,45,4485.06,115.559592,35.737902,343.86,-0.00000157
2022,58,46,4584.72,115.560586,35.737906,313.96,-0.00069036
2022,58,47,4684.39,115.561381,35.737730,284.06,-0.00082423
2022,58,48,4784.06,115.562373,35.737542,328.91,-0.00103906
2022,58,49,4883.73,115.563318,35.737273,373.76,-0.00114771
2022,58,50,4983.40,115.564164,35.736833,403.66,0.00113923
2022,58,51,5083.06,115.565059,35.736478,388.71,0.00143354
2022,58,52,5182.73,115.566152,35.736463,418.61,-0.00114776
2022,58,53,5282.40,115.567046,35.736107,448.52,-0.00118039
2022,58,54,5382.07,115.567941,35.735751,433.57,0.00000000
2022,58,55,5481.74,115.568830,35.735386,448.52,0.00062021
2022,58,56,5581.40,115.569730,35.735040,433.57,-0.00000000
2022,58,57,5681.07,115.570720,35.734847,433.57,-0.00114164
2022,58,58,5780.74,115.571520,35.734329,448.52,0.00051784
2022,58,59,5880.41,115.572414,35.733973,433.57,0.00055405
2022,58,60,5980.08,115.573397,35.733769,433.57,-0.00084973
2022,58,61,6079.74,115.574203,35.733262,433.57,0.00048032
2022,58,62,6179.41,115.575130,35.732961,448.52,0.00014552
2022,58,63,6279.08,115.576075,35.732691,418.61,-0.00081221
2022,58,64,6378.75,115.576887,35.732195,448.52,0.00018637
2022,58,65,6478.41,115.577807,35.731883,448.52,0.00000000
2022,58,66,6578.08,115.578677,35.731484,433.57,-0.00000000
2022,58,67,6677.75,115.579540,35.731074,448.52,-0.00006576
2022,58,68,6777.42,115.580466,35.730772,478.42,-0.00057943
2022,58,69,6877.09,115.581261,35.730246,463.47,0.00013166
2022,58,70,6976.75,115.582156,35.729891,463.47,-0.00030350
2022,58,71,7076.42,115.583005,35.729457,478.42,-0.00062199
2022,58,72,7176.09,115.583793,35.728918,478.42,0.00055103
2022,58,73,7275.76,115.584641,35.728483,478.42,0.00030856
2022,58,74,7375.43,115.585526,35.728110,478.42,-0.00018743
2022,58,75,7475.09,115.586331,35.727602,493.37,0.00000000
2022,58,76,7574.76,115.587226,35.727246,478.42,-0.00006010
2022,58,77,7674.43,115.588022,35.726720,493.37,0.00039145
2022,58,78,7774.10,115.588916,35.726365,523.27,0.00000000
2022,58,79,7873.77,115.589779,35.725954,523.27,-0.00014391
2022,58,80,7973.43,115.590606,35.725483,493.37,0.00001702
2022,58,81,8073.10,115.591511,35.725145,478.42,0.00085134
2022,58,82,8172.77,115.592299,35.724606,493.37,0.00169368
2022,58,83,8272.44,115.593389,35.724586,448.52,-0.00078283
2022,58,84,8372.11,115.594284,35.724231,388.71,-0.00018751
2022,58,85,8471.77,115.595134,35.723798,418.61,0.00173604
2022,58,86,8571.44,115.596235,35.723798,328.91,0.00052888
2022,58,87,8671.11,115.597180,35.723528,299.01,0.00160664
2022,58,88,8770.78,115.598282,35.723528,269.11,0.00160664
2022,58,89,8870.44,115.599227,35.723798,179.41,-0.00035183
2022,58,90,8970.11,115.600329,35.723798,179.41,0.00079091
2022,58,91,9069.78,115.601340,35.723953,239.21,0.00182448
2022,58,92,9169.45,115.602235,35.724309,254.16,0.00126117
2022,58,93,9269.12,115.603129,35.724665,313.96,0.00057943
2022,58,94,9368.78,115.603925,35.725191,313.96,0.00050118
2022,58,95,9468.45,115.604819,35.725546,358.81,0.00000000
2022,58,96,9568.12,115.605527,35.726223,343.86,-0.00101530
2022,58,97,9667.79,115.606509,35.726428,373.76,0.00056305
2022,58,98,9767.46,115.607305,35.726954,373.76,0.00053102
2022,58,99,9867.12,115.608100,35.727480,388.71,-0.00050226
2022,58,100,9966.79,115.608992,35.727840,388.71,0.00052992
2022,58,101,10066.46,115.609780,35.728379,418.61,0.00044368
2022,58,102,10166.13,115.610586,35.728887,418.61,0.00001624
2022,58,103,10265.80,115.611381,35.729413,448.52,0.00005859
2022,58,104,10365.46,115.612177,35.729939,418.61,0.00000000
2022,58,105,10465.13,115.612972,35.730465,448.52,0.00030662
2022,58,106,10564.80,115.613767,35.730991,448.52,0.00000000
2022,58,107,10664.47,115.614507,35.731613,418.61,-0.00007076
2022,58,108,10764.14,115.615358,35.732043,418.61,0.00042809
2022,58,109,10863.80,115.616055,35.732739,478.42,-0.00030604
2022,58,110,10963.47,115.616870,35.733230,463.47,-0.00087463
2022,58,111,11063.14,115.617658,35.733769,493.37,0.00013989
2022,58,112,11162.81,115.618540,35.734147,448.52,0.00044654
2022,58,113,11262.47,115.619236,35.734843,478.42,-0.00063276
2022,58,114,11362.14,115.620131,35.735198,478.42,0.00000000
2022,58,115,11461.81,115.620926,35.735724,478.42,0.00056305
2022,58,116,11561.48,115.621722,35.736250,418.61,-0.00000000
2022,58,117,11661.15,115.622517,35.736776,478.42,-0.00056305
2022,58,118,11760.81,115.623313,35.737302,448.52,-0.00001078
2022,58,119,11860.48,115.624207,35.737658,448.52,0.00056305
2022,58,120,11960.15,115.624905,35.738351,418.61,-0.00054105
2022,58,121,12059.82,115.625798,35.738710,403.66,-0.00020674
2022,58,122,12159.49,115.626593,35.739236,433.57,0.00055183
2022,58,123,12259.15,115.627426,35.739698,448.52,0.00040942
2022,58,124,12358.82,115.628184,35.740287,463.47,0.00000000
2022,58,125,12458.49,115.628980,35.740813,478.42,-0.00020269
2022,58,126,12558.16,115.629775,35.741339,478.42,-0.00000000
2022,58,127,12657.83,115.630571,35.741865,478.42,0.00000000
2022,58,128,12757.49,115.631366,35.742391,478.42,-0.00056305
2022,58,129,12857.16,115.632161,35.742917,463.47,-0.00056305
2022,58,130,12956.83,115.633056,35.743273,448.52,0.00056305
2022,58,131,13056.50,115.633852,35.743799,448.52,0.00109714
2022,58,132,13156.17,115.634647,35.744325,433.57,0.00077309
2022,58,133,13255.83,115.635343,35.745021,433.57,-0.00053408
2022,58,134,13355.50,115.636092,35.745627,448.52,-0.00068904
2022,58,135,13455.17,115.636934,35.746073,433.57,-0.00000000
2022,58,136,13554.84,115.637667,35.746705,448.52,0.00012037
2022,58,137,13654.51,115.638525,35.747125,463.47,0.00045866
2022,58,138,13754.17,115.639221,35.747821,448.52,-0.00024226
2022,58,139,13853.84,115.640031,35.748322,478.42,-0.00037900
2022,58,140,13953.51,115.640819,35.748861,448.52,0.00012189
2022,58,141,14053.18,115.641607,35.749399,478.42,-0.00007966
2022,58,142,14152.84,115.642394,35.749939,478.42,-0.00069576
2022,58,143,14252.51,115.643198,35.750450,493.37,-0.00071723
2022,58,144,14352.18,115.644093,35.750806,463.47,0.00004865
2022,58,145,14451.85,115.644915,35.751286,448.52,-0.00026929
2022,58,146,14551.52,115.645783,35.751688,418.61,-0.00057943
2022,58,147,14651.18,115.646678,35.752043,388.71,0.00035092
2022,58,148,14750.85,115.647572,35.752399,403.66,0.00021414
2022,58,149,14850.52,115.648380,35.752903,388.71,-0.00101482
2022,58,150,14950.19,115.649325,35.753173,358.81,0.00011776
2022,58,151,15049.86,115.650256,35.753466,343.86,0.00075977
2022,58,152,15149.52,115.651058,35.753981,313.96,-0.00091948
2022,58,153,15249.19,115.652002,35.754251,299.01,-0.00083942
2022,58,154,15348.86,115.652947,35.754520,269.11,0.00004896
2022,58,155,15448.53,115.653892,35.754790,269.11,0.00091948
2022,58,156,15548.20,115.654828,35.755074,239.21,0.00082129
2022,58,157,15647.86,115.655625,35.755598,239.21,-0.00180454
2022,58,158,15747.53,115.656569,35.755868,239.21,-0.00175531
2022,58,159,15847.20,115.657671,35.755868,239.21,0.00088506
2022,58,160,15946.87,115.658616,35.756137,209.31,0.00000000
2022,58,161,16046.54,115.659561,35.756407,239.21,-0.00129901
2022,58,162,16146.20,115.660663,35.756407,209.31,-0.00000000
2022,58,163,16245.87,115.661686,35.756542,239.21,0.00084875
2022,58,164,16345.54,115.662709,35.756676,269.11,0.00000000
2022,58,165,16445.21,115.663654,35.756946,269.11,-0.00123811
2022,58,166,16544.87,115.664756,35.756946,269.11,-0.00000000
2022,58,167,16644.54,115.665858,35.756946,299.01,0.00080332
2022,58,168,16744.21,115.666803,35.757215,313.96,-0.00080332
2022,58,169,16843.88,115.667904,35.757215,358.81,0.00000000
2022,58,170,16943.55,115.669006,35.757215,358.81,0.00094250
2022,58,171,17043.21,115.669951,35.757485,388.71,-0.00000000
2022,58,172,17142.88,115.671027,35.757529,343.86,-0.00027615
2022,58,173,17242.55,115.671998,35.757754,388.71,-0.00080332
2022,58,174,17342.22,115.673100,35.757754,388.71,-0.00015542
2022,58,175,17441.89,115.674201,35.757754,418.61,0.00080332
2022,58,176,17541.55,115.675201,35.757929,403.66,0.00059503
2022,58,177,17641.22,115.676248,35.758024,448.52,0.00000000
2022,58,178,17740.89,115.677193,35.758293,418.61,-0.00110596
2022,58,179,17840.56,115.678295,35.758293,448.52,-0.00000000
2022,58,180,17940.23,115.679396,35.758293,448.52,0.00124933
2022,58,181,18039.89,115.680341,35.758563,448.52,0.00000000
2022,58,182,18139.56,115.681363,35.758701,478.42,-0.00087013
2022,58,183,18239.23,115.682388,35.758832,478.42,-0.00080332
2022,58,184,18338.90,115.683490,35.758832,448.52,-0.00118252
2022,58,185,18438.57,115.684592,35.758832,478.42,-0.00168837
2022,58,186,18538.23,115.685536,35.758563,523.27,-0.00177011
2022,6,0,0.00,115.518989,35.721373,598.02,-0.00462368
2022,6,1,96.55,115.518215,35.721877,478.42,-0.00387096
2022,6,2,193.09,115.518180,35.722737,493.37,-0.00092973
2022,6,3,289.64,115.517911,35.723528,418.61,0.00125877
2022,60,0,0.00,115.502819,35.686608,463.47,0.00000000
2022,60,1,44.85,115.502819,35.686203,433.57,0.00000000
2022,60,2,89.70,115.502819,35.685799,433.57,0.00000000
2022,61,0,0.00,115.502819,35.686608,403.66,0.00357049
2022,61,1,97.03,115.501747,35.686608,433.57,0.00346533
2022,61,2,194.05,115.500989,35.686069,448.52,0.00097013
2022,61,3,291.08,115.500191,35.685597,358.81,-0.00119514
2022,61,4,388.11,115.499316,35.685260,343.86,-0.00097038
2022,62,0,0.00,115.502819,35.685799,403.66,0.00000000
2022,62,1,12.20,115.502954,35.685799,403.66,0.00000000
2022,62,2,24.39,115.503089,35.685799,403.66,0.00000000
2022,64,0,0.00,115.502819,35.685799,478.42,-0.00063069
2022,64,1,95.14,115.502082,35.685260,433.57,-0.00110348
2022,64,2,190.29,115.501292,35.684811,463.47,-0.00032434
2022,64,3,285.43,115.500429,35.684487,388.71,0.00137705
2022,64,4,380.58,115.499712,35.683913,403.66,0.00063968
2022,64,5,475.72,115.499001,35.683329,433.57,-0.00058891
2022,64,6,570.86,115.498238,35.682835,598.02,-0.00063069
2022,65,0,0.00,115.496621,35.687686,1629.61,0.00000000
2022,65,1,38.59,115.496890,35.687416,1659.51,0.00000000
2022,65,2,77.18,115.497160,35.687147,867.13,0.00000000
2022,66,0,0.00,115.496621,35.687686,269.11,0.00110015
2022,66,1,94.22,115.495963,35.687028,403.66,0.00172525
2022,66,2,188.44,115.495514,35.686309,478.42,0.00177347
2022,66,3,282.65,115.495273,35.685530,687.72,0.00119660
2022,67,0,0.00,115.685536,35.758563,1794.06,0.00000000
2022,67,1,82.63,115.685536,35.757818,1390.40,-0.00093438
2022,67,2,165.26,115.685536,35.757073,1076.44,-0.00192641
2022,67,3,247.89,115.685267,35.756407,747.53,-0.00198405
2022,68,0,0.00,115.685536,35.758563,493.37,-0.00000000
2022,68,1,97.76,115.686460,35.758832,538.22,-0.00000000
2022,68,2,195.52,115.687384,35.759102,538.22,-0.00092175
2022,68,3,293.28,115.688308,35.759371,508.32,-0.00175770
2022,68,4,391.04,115.689389,35.759371,508.32,-0.00083595
2022,68,5,488.80,115.690470,35.759371,448.52,0.00069543
2022,68,6,586.56,115.691551,35.759371,418.61,0.00083595
2022,68,7,684.32,115.692500,35.759598,463.47,0.00028330
2022,68,8,782.08,115.693556,35.759641,508.32,0.00000000
2022,68,9,879.84,115.694480,35.759910,478.42,-0.00097873
2022,68,10,977.60,115.695561,35.759910,508.32,-0.00000000
2022,68,11,1075.35,115.696642,35.759910,478.42,0.00120533
2022,68,12,1173.11,115.697566,35.760180,478.42,0.00092175
2022,68,13,1270.87,115.698582,35.760290,493.37,0.00167235
2022,68,14,1368.63,115.699414,35.760719,493.37,0.00349663
2022,68,15,1466.39,115.700246,35.761145,478.42,0.00488529
2022,68,16,1564.15,115.700359,35.761994,553.17,0.00277965
2022,68,17,1661.91,115.700359,35.762875,254.16,0.00054202
2022,69,0,0.00,115.499316,35.685260,463.47,0.00578671
2022,69,1,75.18,115.498493,35.685246,194.36,0.00575718
2022,69,2,150.36,115.497968,35.684721,448.52,0.00572766
2022,7,0,0.00,115.522762,35.703855,269.11,0.00107579
2022,7,1,95.26,115.522096,35.703190,313.96,0.00168678
2022,7,2,190.51,115.521640,35.702464,299.01,0.00173431
2022,7,3,285.77,115.521392,35.701678,433.57,0.00058543
2022,7,4,381.03,115.521145,35.700891,433.57,-0.00000000
2022,70,0,0.00,115.499316,35.685260,642.87,-0.00445242
2022,70,1,68.49,115.499255,35.684661,493.37,-0.00439445
2022,70,2,136.98,115.498777,35.684182,642.87,-0.00433648
2022,71,0,0.00,115.495273,35.685530,598.02,0.00347741
2022,71,1,53.54,115.494899,35.685156,657.82,0.00358416
2022,71,2,107.08,115.494734,35.684721,717.63,0.00369090
2022,72,0,0.00,115.495273,35.685530,1016.64,0.00164102
2022,72,1,95.51,115.496172,35.685260,956.83,-0.00000000
2022,72,2,191.02,115.497202,35.685218,687.72,-0.00249072
2022,72,3,286.53,115.497968,35.684721,523.27,-0.00334042
2022,73,0,0.00,115.700359,35.762875,852.18,0.00278775
2022,73,1,80.22,115.699629,35.763144,1480.10,0.00265116
2022,73,2,160.43,115.698742,35.763144,538.22,0.00251458
2022,74,0,0.00,115.700359,35.762875,1420.30,0.00000000
2022,74,1,73.11,115.701167,35.762875,1360.50,0.00000000
2022,74,2,146.23,115.701976,35.762875,149.51,0.00000000
2022,75,0,0.00,115.700359,35.762875,254.16,-0.00204304
2022,75,1,79.09,115.700359,35.763588,209.31,-0.00210637
2022,75,2,158.18,115.700628,35.764222,209.31,-0.00216970
2022,77,0,0.00,115.497968,35.684721,598.02,-0.00439483
2022,77,1,50.79,115.498422,35.684537,433.57,-0.00417976
2022,77,2,101.58,115.498777,35.684182,493.37,-0.00396470
2022,78,0,0.00,115.497968,35.684721,418.61,-0.00431805
2022,78,1,90.78,115.497279,35.684182,478.42,-0.00420919
2022,78,2,181.56,115.496276,35.684182,807.33,-0.00205017
2022,78,3,272.34,115.495273,35.684182,777.43,0.00000000
2022,8,0,0.00,115.522762,35.703855,1210.99,0.00391106
2022,8,1,68.07,115.523357,35.703586,1016.64,0.00372173
2022,8,2,136.14,115.524109,35.703586,762.48,0.00353241
2022,80,0,0.00,115.498777,35.684182,642.87,-0.00000000
2022,80,1,57.89,115.498372,35.683778,463.47,-0.00000000
2022,80,2,115.77,115.497968,35.683374,583.07,-0.00000000
2022,81,0,0.00,115.494734,35.684721,687.72,0.00271208
2022,81,1,91.02,115.493801,35.684597,612.97,0.00338118
2022,81,2,182.04,115.493066,35.684131,657.82,0.00202514
2022,81,3,273.06,115.492431,35.683496,657.82,-0.00064628
2022,81,4,364.08,115.491696,35.683031,672.77,-0.00064628
2022,81,5,455.09,115.490961,35.682565,672.77,0.00000000
2022,82,0,0.00,115.494734,35.684721,1599.71,0.00000000
2022,82,1,38.59,115.495004,35.684452,1225.94,0.00000000
2022,82,2,77.18,115.495273,35.684182,1121.29,0.00000000
2022,83,0,0.00,115.700628,35.764222,1539.90,0.00000000
2022,83,1,60.93,115.701302,35.764222,1480.10,0.00000000
2022,83,2,121.85,115.701976,35.764222,299.01,0.00000000
2022,84,0,0.00,115.700628,35.764222,224.26,-0.00377746
2022,84,1,83.43,115.700359,35.764896,179.41,-0.00377746
2022,84,2,166.86,115.700628,35.765570,254.16,-0.00377746
2022,85,0,0.00,115.495273,35.684182,1061.49,0.00073057
2022,85,1,97.12,115.495743,35.683443,1166.14,0.00054416
2022,85,2,194.23,115.496351,35.682745,926.93,-0.00000000
2022,85,3,291.35,115.496890,35.682026,583.07,-0.00035775
2022,87,0,0.00,115.490961,35.682565,807.33,-0.00063893
2022,87,1,90.93,115.490744,35.681809,807.33,-0.00064155
2022,87,2,181.85,115.490422,35.681083,807.33,-0.00064399
2022,87,3,272.78,115.490100,35.680357,777.43,-0.00237021
2022,87,4,363.70,115.489674,35.679661,313.96,-0.00416184
2022,87,5,454.63,115.488862,35.679331,343.86,-0.00377086
2022,87,6,545.55,115.488008,35.679073,388.71,-0.00567575
2022,87,7,636.48,115.487076,35.679175,792.38,-0.00667784
2022,87,8,727.40,115.486649,35.679870,986.73,-0.00531883
2022,88,0,0.00,115.490961,35.682565,1225.94,0.00383085
2022,88,1,93.80,115.490082,35.682835,867.13,0.00369321
2022,88,2,187.59,115.489203,35.682565,672.77,0.00194933
2022,88,3,281.39,115.488302,35.682332,687.72,0.00210175
2022,88,4,375.19,115.487449,35.682017,672.77,0.00391565
2022,88,5,468.99,115.486919,35.681326,343.86,0.00369475
2022,88,6,562.78,115.486557,35.680586,478.42,0.00307005
2022,88,7,656.58,115.486649,35.679870,1210.99,0.00272149
2022,89,0,0.00,115.700628,35.765570,1689.41,0.00000000
2022,89,1,60.93,115.701302,35.765570,1659.51,0.00000000
2022,89,2,121.85,115.701976,35.765570,448.52,0.00000000
2022,9,0,0.00,115.520606,35.722720,508.32,0.00000000
2022,9,1,81.26,115.520606,35.723452,388.71,0.00096709
2022,9,2,162.53,115.520606,35.724185,403.66,0.00302709
2022,9,3,243.79,115.520336,35.724839,403.66,0.00304361
2022,9,4,325.06,115.519797,35.725415,433.57,0.00196722
2022,90,0,0.00,115.700628,35.765570,209.31,-0.00220392
2022,90,1,98.93,115.700146,35.766321,224.26,-0.00230252
2022,90,2,197.87,115.700089,35.767197,269.11,-0.00133275
2022,90,3,296.80,115.700089,35.768088,299.01,-0.00013218
2022,90,4,395.73,115.700089,35.768980,328.91,0.00064742
2022,90,5,494.66,115.700089,35.769872,418.61,0.00133275
2022,90,6,593.60,115.699820,35.770685,418.61,0.00068533
2022,90,7,692.53,115.699550,35.771499,448.52,0.00000000
2022,91,0,0.00,115.486649,35.679870,657.82,-0.00000000
2022,91,1,62.99,115.487188,35.680140,657.82,-0.00000000
2022,91,2,125.97,115.487727,35.680409,299.01,-0.00000000
2022,93,0,0.00,115.486649,35.679870,642.87,0.00000000
2022,93,1,99.91,115.485853,35.679343,627.92,-0.00056046
2022,93,2,199.82,115.485056,35.678816,627.92,0.00000000
2022,93,3,299.73,115.484160,35.678459,598.02,0.00042956
2022,93,4,399.64,115.483462,35.677761,583.07,-0.00065697
2022,93,5,499.55,115.482543,35.677445,568.12,-0.00029446
2022,93,6,599.46,115.481753,35.676906,538.22,0.00019256
2022,93,7,699.37,115.480874,35.676520,538.22,0.00042536
2022,93,8,799.29,115.480077,35.675993,508.32,0.00046441
2022,93,9,899.20,115.479280,35.675466,523.27,0.00053166
2022,93,10,999.11,115.478484,35.674939,523.27,0.00053166
2022,93,11,1099.02,115.477786,35.674241,538.22,-0.00053166
2022,93,12,1198.93,115.476989,35.673714,508.32,-0.00053166
2022,93,13,1298.84,115.476192,35.673186,508.32,0.00024386
2022,93,14,1398.75,115.475396,35.672659,493.37,0.00000000
2022,93,15,1498.66,115.474644,35.672055,508.32,-0.00049363
2022,93,16,1598.57,115.473802,35.671605,493.37,-0.00051730
2022,93,17,1698.48,115.473005,35.671077,523.27,-0.00022836
2022,93,18,1798.39,115.472117,35.670708,538.22,0.00047576
2022,93,19,1898.30,115.471327,35.670169,538.22,-0.00016500
2022,93,20,1998.21,115.470516,35.669666,508.32,-0.00051892
2022,93,21,2098.12,115.469620,35.669309,493.37,0.00055411
2022,93,22,2198.04,115.468823,35.668782,493.37,0.00050940
2022,93,23,2297.95,115.468011,35.668282,478.42,-0.00037928
2022,93,24,2397.86,115.467221,35.667743,508.32,-0.00045639
2022,93,25,2497.77,115.466334,35.667370,493.37,0.00046830
2022,93,26,2597.68,115.465537,35.666843,478.42,0.00050745
2022,93,27,2697.59,115.464741,35.666316,433.57,-0.00018256
2022,93,28,2797.50,115.463944,35.665789,463.47,-0.00056046
2022,93,29,2897.41,115.463114,35.665318,448.52,-0.00019020
2022,93,30,2997.32,115.462251,35.664904,418.61,0.00016732
2022,93,31,3097.23,115.461454,35.664377,418.61,0.00001850
2022,93,32,3197.14,115.460588,35.663970,403.66,0.00023063
2022,93,33,3297.05,115.459798,35.663431,388.71,0.00015343
2022,93,34,3396.96,115.458965,35.662966,313.96,0.00016251
2022,93,35,3496.87,115.458168,35.662439,269.11,0.00020083
2022,93,36,3596.78,115.457372,35.661911,284.06,0.00000000
2022,93,37,3696.70,115.456575,35.661384,254.16,0.00000000
2022,93,38,3796.61,115.455778,35.660857,254.16,-0.00041068
2022,93,39,3896.52,115.454981,35.660330,209.31,-0.00113724
2022,93,40,3996.43,115.454112,35.659928,149.51,-0.00040469
2022,93,41,4096.34,115.453190,35.659616,194.36,-0.00000000
2022,93,42,4196.25,115.452375,35.659119,239.21,-0.00179520
2022,93,43,4296.16,115.451398,35.658902,284.06,-0.00114282
2022,93,44,4396.07,115.450325,35.658850,328.91,0.00088041
2022,93,45,4495.98,115.449408,35.658529,373.76,0.00037825
2022,93,46,4595.89,115.448431,35.658311,388.71,-0.00065266
2022,93,47,4695.80,115.447485,35.658041,448.52,-0.00070875
2022,93,48,4795.71,115.446423,35.657970,463.47,-0.00043514
2022,93,49,4895.62,115.445435,35.657772,508.32,-0.00000000
2022,93,50,4995.53,115.444334,35.657767,538.22,0.00019253
2022,93,51,5095.45,115.443385,35.657502,538.22,-0.00079926
2022,93,52,5195.36,115.442281,35.657502,538.22,-0.00078440
2022,93,53,5295.27,115.441178,35.657502,538.22,0.00000000
2022,93,54,5395.18,115.440074,35.657502,568.12,0.00000000
2022,93,55,5495.09,115.438971,35.657502,568.12,0.00054942
2022,93,56,5595.00,115.437867,35.657502,568.12,0.00079926
2022,93,57,5694.91,115.436874,35.657314,523.27,-0.00032004
2022,93,58,5794.82,115.435817,35.657233,538.22,-0.00159851
2022,93,59,5894.73,115.434714,35.657233,538.22,-0.00022938
2022,93,60,5994.64,115.433767,35.657502,508.32,0.00159851
2022,93,61,6094.55,115.432821,35.657233,508.32,0.00000000
2022,93,62,6194.46,115.431717,35.657233,478.42,-0.00000000
2022,93,63,6294.37,115.430614,35.657233,448.52,0.00109045
2022,93,64,6394.28,115.429667,35.656963,418.61,0.00000000
2022,93,65,6494.19,115.428617,35.656872,373.76,-0.00057286
2022,93,66,6594.11,115.427617,35.656694,358.81,-0.00000000
2022,93,67,6694.02,115.426513,35.656694,328.91,0.00028166
2022,93,68,6793.93,115.425567,35.656424,239.21,-0.00038438
2022,93,69,6893.84,115.424463,35.656424,209.31,0.00000000
2022,93,70,6993.75,115.423444,35.656280,179.41,0.00078674
2022,93,71,7093.66,115.422413,35.656155,179.41,0.00168061
2022,93,72,7193.57,115.421467,35.655885,224.26,0.00157368
2022,93,73,7293.48,115.420657,35.655380,299.01,0.00092995
2022,93,74,7393.39,115.419761,35.655023,299.01,0.00166032
2022,93,75,7493.30,115.419063,35.654326,343.86,0.00073896
2022,93,76,7593.21,115.418366,35.653628,403.66,0.00053138
2022,93,77,7693.12,115.417659,35.653075,478.42,0.00158912
2022,93,78,7793.03,115.417289,35.652282,553.17,0.00047042
2022,93,79,7892.94,115.416800,35.651523,612.97,-0.00030048
2022,93,80,7992.86,115.416311,35.650765,687.72,0.00000000
2022,94,0,0.00,115.699550,35.771499,1794.06,0.00000000
2022,94,1,12.18,115.699415,35.771499,1599.71,0.00000000
2022,94,2,24.37,115.699281,35.771499,1599.71,0.00000000
2022,95,0,0.00,115.699550,35.771499,448.52,0.00248765
2022,95,1,88.41,115.699820,35.772217,448.52,0.00167736
2022,95,2,176.82,115.699689,35.772976,448.52,-0.00044423
2022,95,3,265.23,115.699820,35.773654,553.17,-0.00175553
2022,96,0,0.00,115.416311,35.650765,792.38,0.00377045
2022,96,1,99.23,115.415321,35.650583,672.77,0.00384729
2022,96,2,198.45,115.414694,35.649871,687.72,0.00220611
2022,96,3,297.68,115.414144,35.649137,717.63,0.00027148
2022,96,4,396.90,115.413616,35.648396,702.67,0.00000000
2022,96,5,496.13,115.413077,35.647659,777.43,-0.00002745
2022,96,6,595.36,115.412538,35.646921,732.58,-0.00000000
2022,96,7,694.58,115.411999,35.646184,687.72,-0.00000000
2022,97,0,0.00,115.416311,35.650765,1405.35,0.00000000
2022,97,1,94.83,115.416973,35.650103,1181.09,0.00000000
2022,97,2,189.65,115.417635,35.649441,1091.39,-0.00192692
2022,97,3,284.48,115.418298,35.648779,941.88,-0.00312514
2022,97,4,379.30,115.418198,35.648052,792.38,-0.00168265
2022,97,5,474.13,115.418467,35.647275,762.48,-0.00119134
2022,97,6,568.95,115.418198,35.646499,717.63,0.00000000
2022,97,7,663.78,115.418198,35.645645,717.63,0.00141381
2022,98,0,0.00,115.699820,35.773654,1794.06,0.00000000
2022,98,1,81.23,115.700718,35.773654,1659.51,0.00000000
2022,98,2,162.45,115.701616,35.773654,1076.44,0.00000000
2022,98,3,243.68,115.702515,35.773654,,0.00000000
2022,99,0,0.00,115.699820,35.773654,508.32,-0.00867041
2022,99,1,34.24,115.699580,35.773894,448.52,-0.00878594
2022,99,2,68.48,115.699550,35.774193,463.47,-0.00890148
