year,link_id,sample_idx,s_m,lon,lat,B_m,C_1m
2014,0,0,0.00,115.248686,35.426815,598.02,0.00000000
2014,0,1,89.70,115.248686,35.426006,762.48,0.00000000
2014,0,2,179.40,115.248686,35.425198,822.28,0.00000000
2014,1,0,0.00,115.248686,35.425198,403.66,-0.00011745
2014,1,1,98.60,115.249615,35.425467,328.91,-0.00000000
2014,1,2,197.20,115.250555,35.425720,313.96,0.00105631
2014,1,3,295.81,115.251475,35.426006,299.01,0.00093864
2014,1,4,394.41,115.252249,35.426545,269.11,-0.00033026
2014,1,5,493.01,115.253179,35.426815,299.01,0.00058023
2014,1,6,591.61,115.253998,35.427276,284.06,0.00046104
2014,1,7,690.21,115.254784,35.427793,269.11,-0.00039050
2014,1,8,788.81,115.255669,35.428139,269.11,0.00079596
2014,1,9,887.42,115.256456,35.428656,269.11,0.00057704
2014,1,10,986.02,115.257204,35.429240,269.11,0.00011798
2014,1,11,1084.62,115.258029,35.429690,284.06,0.00155853
2014,1,12,1183.22,115.258717,35.430378,343.86,0.00175023
2014,1,13,1281.82,115.259196,35.431127,284.06,0.00105719
2014,10,0,0.00,115.237097,35.420886,926.93,0.00000000
2014,10,1,85.44,115.237693,35.420290,1181.09,0.00068148
2014,10,2,170.88,115.238289,35.419694,1016.64,0.00142088
2014,10,3,256.32,115.238984,35.419269,807.33,0.00147880
2014,100,0,0.00,115.208261,35.416035,822.28,0.00342407
2014,100,1,90.43,115.207631,35.416666,553.17,0.00425920
2014,100,2,180.85,115.206738,35.416844,448.52,0.00246555
2014,100,3,271.28,115.205742,35.416844,508.32,0.00181009
2014,100,4,361.70,115.204948,35.417034,478.42,0.00434411
2014,100,5,452.13,115.204219,35.416574,911.98,0.00490480
2014,101,0,0.00,115.281564,35.466431,194.36,-0.00477308
2014,101,1,91.18,115.281783,35.467189,194.36,-0.00510439
2014,101,2,182.36,115.282602,35.467509,343.86,-0.00292394
2014,101,3,273.54,115.283450,35.467778,328.91,-0.00041218
2014,102,0,0.00,115.281564,35.466431,822.28,-0.00931862
2014,102,1,53.58,115.281833,35.466026,149.51,-0.00931862
2014,102,2,107.16,115.281564,35.465622,104.65,-0.00931862
2014,104,0,0.00,115.281564,35.465622,508.32,0.00602803
2014,104,1,81.46,115.282305,35.465353,284.06,0.00779955
2014,104,2,162.92,115.282997,35.465708,179.41,0.00753176
2014,104,3,244.39,115.283357,35.466337,179.41,0.00408219
2014,104,4,325.85,115.283450,35.467044,388.71,0.00166193
2014,104,5,407.31,115.283450,35.467778,373.76,0.00065194
2014,105,0,0.00,115.204219,35.416574,687.72,-0.00000000
2014,105,1,93.15,115.203778,35.417285,657.82,-0.00072042
2014,105,2,186.30,115.203337,35.417995,553.17,-0.00122498
2014,105,3,279.45,115.203141,35.418778,956.83,-0.00028831
2014,105,4,372.60,115.202872,35.419539,1210.99,0.00043251
2014,106,0,0.00,115.204219,35.416574,926.93,-0.00361303
2014,106,1,99.83,115.203432,35.416035,523.27,-0.00348836
2014,106,2,199.66,115.202333,35.416035,448.52,-0.00336370
2014,108,0,0.00,115.283450,35.467778,299.01,-0.00106827
2014,108,1,98.08,115.283926,35.468523,269.11,-0.00155576
2014,108,2,196.17,115.284610,35.469208,224.26,-0.00102162
2014,108,3,294.25,115.285394,35.469721,239.21,0.00102162
2014,108,4,392.34,115.286078,35.470405,224.26,0.00051379
2014,108,5,490.42,115.286553,35.471151,254.16,-0.00102162
2014,108,6,588.50,115.287337,35.471664,224.26,-0.00000000
2014,108,7,686.59,115.288021,35.472349,224.26,0.00000000
2014,108,8,784.67,115.288705,35.473033,239.21,-0.00106713
2014,108,9,882.76,115.289488,35.473546,224.26,-0.00055333
2014,108,10,980.84,115.290271,35.474060,239.21,-0.00000000
2014,108,11,1078.92,115.291055,35.474574,269.11,0.00106713
2014,108,12,1177.01,115.291838,35.475087,284.06,0.00106713
2014,108,13,1275.09,115.292313,35.475833,269.11,-0.00106713
2014,108,14,1373.18,115.293096,35.476346,299.01,-0.00106713
2014,108,15,1471.26,115.293880,35.476860,269.11,-0.00118289
2014,108,16,1569.34,115.294663,35.477373,313.96,-0.00058329
2014,108,17,1667.43,115.295644,35.477546,343.86,0.00118289
2014,108,18,1765.51,115.296328,35.478230,343.86,0.00096800
2014,108,19,1863.60,115.297210,35.478573,403.66,0.00129256
2014,108,20,1961.68,115.297734,35.479304,328.91,-0.00086218
2014,108,21,2059.76,115.298426,35.479905,313.96,-0.00299281
2014,108,22,2157.85,115.299351,35.480175,388.71,-0.00244557
2014,109,0,0.00,115.202602,35.419808,732.58,0.00000000
2014,109,1,19.32,115.202737,35.419673,553.17,0.00000000
2014,109,2,38.64,115.202872,35.419539,702.67,0.00000000
2014,11,0,0.00,115.262430,35.434361,313.96,0.00000000
2014,11,1,44.85,115.262430,35.434765,269.11,0.00000000
2014,11,2,89.70,115.262430,35.435169,209.31,0.00000000
2014,110,0,0.00,115.202602,35.419808,867.13,-0.00152754
2014,110,1,83.49,115.202228,35.420451,956.83,-0.00152243
2014,110,2,166.98,115.202063,35.421156,657.82,-0.00151732
2014,111,0,0.00,115.202872,35.419539,971.78,-0.00492880
2014,111,1,96.06,115.203640,35.420038,568.12,-0.00334917
2014,111,2,192.11,115.204519,35.419808,523.27,-0.00016017
2014,111,3,288.17,115.205421,35.420078,313.96,-0.00014192
2014,111,4,384.23,115.206478,35.420078,284.06,-0.00173305
2014,111,5,480.28,115.207536,35.420078,433.57,-0.00182224
2014,111,6,576.34,115.208438,35.419808,269.11,-0.00095572
2014,111,7,672.40,115.209339,35.419539,493.37,0.00000000
2014,112,0,0.00,115.202602,35.419808,807.33,-0.00317107
2014,112,1,75.35,115.201928,35.419539,478.42,-0.00150902
2014,112,2,150.71,115.201099,35.419539,792.38,0.00316212
2014,112,3,226.06,115.200433,35.419256,956.83,0.00436425
2014,112,4,301.41,115.199907,35.418730,1121.29,0.00255729
2014,113,0,0.00,115.202333,35.416035,642.87,0.00644677
2014,113,1,83.22,115.201901,35.416574,792.38,0.00595408
2014,113,2,166.45,115.200985,35.416574,747.53,0.00546139
2014,114,0,0.00,115.202333,35.416035,1136.24,-0.00000000
2014,114,1,88.56,115.201715,35.415418,612.97,-0.00088977
2014,114,2,177.11,115.201097,35.414800,941.88,-0.00350852
2014,114,3,265.67,115.200343,35.414418,627.92,-0.00410587
2014,114,4,354.23,115.199368,35.414418,403.66,-0.00297422
2014,115,0,0.00,115.299351,35.480175,373.76,-0.00620909
2014,115,1,88.62,115.299351,35.480974,254.16,-0.00660828
2014,115,2,177.24,115.300159,35.481253,239.21,-0.00700747
2014,116,0,0.00,115.299351,35.480175,867.13,0.00427347
2014,116,1,80.22,115.300078,35.479905,508.32,0.00878337
2014,116,2,160.44,115.300865,35.480073,269.11,0.01314117
2014,116,3,240.65,115.300719,35.480693,882.08,0.00793048
2014,116,4,320.87,115.300159,35.481253,1794.06,0.00287189
2014,117,0,0.00,115.209339,35.419539,463.47,0.00000000
2014,117,1,19.32,115.209474,35.419673,508.32,0.00000000
2014,117,2,38.64,115.209609,35.419808,538.22,0.00000000
2014,118,0,0.00,115.209339,35.419539,627.92,0.01066283
2014,118,1,31.56,115.209560,35.419318,508.32,0.01105610
2014,118,2,63.12,115.209878,35.419269,463.47,0.01144937
2014,119,0,0.00,115.199907,35.418730,1300.70,0.00000000
2014,119,1,74.75,115.199907,35.418056,1584.76,0.00000000
2014,119,2,149.50,115.199907,35.417383,1794.06,0.00000000
2014,12,0,0.00,115.262430,35.434361,523.27,0.00203902
2014,12,1,70.19,115.262919,35.433871,1016.64,0.00213700
2014,12,2,140.38,115.263508,35.433552,433.57,0.00223498
2014,120,0,0.00,115.199907,35.418730,568.12,0.00203374
2014,120,1,88.88,115.198928,35.418730,418.61,0.00101687
2014,120,2,177.77,115.198106,35.418461,568.12,-0.00101687
2014,120,3,266.65,115.197127,35.418461,478.42,0.00000000
2014,120,4,355.53,115.196148,35.418461,627.92,0.00214129
2014,120,5,444.42,115.195326,35.418191,627.92,0.00224884
2014,121,0,0.00,115.200985,35.416574,553.17,0.00203883
2014,121,1,70.20,115.200496,35.417064,358.81,0.00213678
2014,121,2,140.40,115.199907,35.417383,538.22,0.00223473
2014,122,0,0.00,115.200985,35.416574,1166.14,0.00000000
2014,122,1,96.60,115.200311,35.415900,1166.14,0.00000000
2014,122,2,193.20,115.199638,35.415227,657.82,0.00000000
2014,123,0,0.00,115.199368,35.414418,568.12,0.00920581
2014,123,1,43.80,115.199042,35.414688,627.92,0.00901738
2014,123,2,87.59,115.198560,35.414688,553.17,0.00882895
2014,124,0,0.00,115.199368,35.414418,612.97,-0.00000000
2014,124,1,75.36,115.198744,35.414063,553.17,-0.00152086
2014,124,2,150.71,115.198119,35.413708,508.32,-0.00497679
2014,124,3,226.07,115.197347,35.413610,493.37,-0.00552144
2014,124,4,301.43,115.196673,35.413879,508.32,-0.00413102
2014,125,0,0.00,115.300159,35.481253,254.16,-0.00094388
2014,125,1,86.73,115.300629,35.481792,284.06,-0.00194664
2014,125,2,173.47,115.301273,35.482331,254.16,-0.00154890
2014,125,3,260.20,115.302062,35.482617,269.11,-0.00133383
2014,125,4,346.94,115.302716,35.483139,269.11,-0.00239257
2014,125,5,433.67,115.303668,35.483145,299.01,0.00000000
2014,125,6,520.40,115.304471,35.483409,284.06,0.00226589
2014,127,0,0.00,115.199907,35.417383,1166.14,-0.00000000
2014,127,1,91.95,115.199266,35.416741,627.92,-0.00012381
2014,127,2,183.89,115.198625,35.416100,837.23,-0.00255575
2014,127,3,275.84,115.197962,35.415496,508.32,-0.00639470
2014,127,4,367.78,115.196949,35.415496,523.27,-0.00705223
2014,127,5,459.73,115.196207,35.415963,897.03,-0.00424771
2014,127,6,551.68,115.195774,35.416665,911.98,-0.00246218
2014,127,7,643.62,115.195326,35.417362,1689.41,-0.00258729
2014,127,8,735.57,115.195326,35.418191,1465.15,-0.00256672
2014,129,0,0.00,115.195326,35.418191,583.07,0.00388468
2014,129,1,68.27,115.194730,35.418461,553.17,0.00369730
2014,129,2,136.54,115.193978,35.418461,568.12,0.00350992
2014,13,0,0.00,115.260274,35.434630,254.16,0.00000000
2014,13,1,14.95,115.260274,35.434765,254.16,0.00000000
2014,13,2,29.90,115.260274,35.434900,254.16,0.00000000
2014,130,0,0.00,115.304471,35.483409,313.96,-0.00000000
2014,130,1,75.96,115.305001,35.483939,358.81,-0.00280701
2014,130,2,151.92,115.305531,35.484469,388.71,-0.00565091
2014,130,3,227.88,115.306357,35.484487,508.32,-0.00568779
2014,131,0,0.00,115.304471,35.483409,1794.06,-0.00000000
2014,131,1,53.58,115.304741,35.483005,1794.06,-0.00000000
2014,131,2,107.16,115.305010,35.482600,598.02,-0.00000000
2014,132,0,0.00,115.193978,35.418461,1255.84,0.00000000
2014,132,1,77.28,115.193439,35.419000,1151.19,-0.00000000
2014,132,2,154.56,115.192900,35.419539,1031.59,-0.00000000
2014,132,3,231.84,115.192361,35.420078,792.38,-0.00000000
2014,133,0,0.00,115.193978,35.418461,568.12,-0.00460321
2014,133,1,87.59,115.193326,35.417922,568.12,-0.00346096
2014,133,2,175.18,115.192361,35.417922,478.42,0.00000000
2014,133,3,262.78,115.191553,35.417652,448.52,0.00231870
2014,134,0,0.00,115.306357,35.484487,642.87,0.00000000
2014,134,1,78.96,115.306357,35.483775,612.97,-0.00203170
2014,134,2,157.93,115.306357,35.483063,478.42,-0.00742780
2014,134,3,236.89,115.305880,35.482600,299.01,-0.00791464
2014,134,4,315.85,115.305010,35.482600,358.81,-0.00503707
2014,135,0,0.00,115.306357,35.484487,373.76,-0.00168809
2014,135,1,96.12,115.307028,35.485157,373.76,-0.00227939
2014,135,2,192.23,115.307851,35.485565,358.81,-0.00178868
2014,135,3,288.35,115.308754,35.485834,328.91,0.00048228
2014,135,4,384.46,115.309633,35.486145,328.91,0.00091142
2014,135,5,480.58,115.310404,35.486643,328.91,-0.00053931
2014,135,6,576.70,115.311271,35.486975,313.96,-0.00062492
2014,135,7,672.81,115.312139,35.487304,313.96,-0.00000980
2014,135,8,768.93,115.313008,35.487633,284.06,-0.00011936
2014,135,9,865.05,115.313876,35.487963,284.06,-0.00062367
2014,135,10,961.16,115.314763,35.488260,269.11,-0.00038653
2014,135,11,1057.28,115.315712,35.488451,269.11,-0.00049966
2014,135,12,1153.39,115.316580,35.488780,269.11,-0.00011778
2014,135,13,1249.51,115.317628,35.488799,269.11,0.00163800
2014,135,14,1345.63,115.318415,35.489268,299.01,-0.00053096
2014,135,15,1441.74,115.319284,35.489598,239.21,-0.00187587
2014,135,16,1537.86,115.320338,35.489607,209.31,-0.00014763
2014,135,17,1633.98,115.321241,35.489877,209.31,-0.00003223
2014,135,18,1730.09,115.322284,35.489903,194.36,-0.00018145
2014,135,19,1826.21,115.323203,35.490146,209.31,-0.00086547
2014,135,20,1922.32,115.324262,35.490146,209.31,0.00009027
2014,135,21,2018.44,115.325321,35.490146,209.31,0.00086547
2014,135,22,2114.56,115.326224,35.490416,209.31,-0.00173093
2014,135,23,2210.67,115.327284,35.490416,179.41,-0.00268554
2014,135,24,2306.79,115.328187,35.490146,209.31,-0.00190921
2014,137,0,0.00,115.305010,35.482600,448.52,-0.00242319
2014,137,1,81.92,115.305010,35.481862,358.81,-0.00480437
2014,137,2,163.85,115.304679,35.481253,299.01,-0.00583877
2014,137,3,245.77,115.303932,35.480983,284.06,-0.00449200
2014,138,0,0.00,115.192361,35.420078,717.63,0.00000000
2014,138,1,24.48,115.192092,35.420078,463.47,0.00000000
2014,138,2,48.95,115.191822,35.420078,463.47,0.00000000
2014,139,0,0.00,115.192361,35.420078,941.88,0.00541486
2014,139,1,81.61,115.192631,35.420734,388.71,0.00735286
2014,139,2,163.21,115.192179,35.421338,538.22,0.00590083
2014,139,3,244.82,115.191412,35.421566,553.17,0.00039826
2014,139,4,326.42,115.190744,35.421964,433.57,-0.00171427
2014,14,0,0.00,115.260274,35.434630,313.96,0.00000000
2014,14,1,19.32,115.260139,35.434496,269.11,0.00000000
2014,14,2,38.64,115.260004,35.434361,269.11,0.00000000
2014,140,0,0.00,115.191553,35.417652,1166.14,-0.00000000
2014,140,1,74.37,115.191034,35.418171,1031.59,-0.00089166
2014,140,2,148.73,115.190515,35.418689,1106.34,-0.00183650
2014,140,3,223.10,115.190205,35.419269,717.63,-0.00188968
2014,141,0,0.00,115.191553,35.417652,448.52,0.00000000
2014,141,1,77.93,115.190851,35.417383,418.61,-0.00111796
2014,141,2,155.87,115.190149,35.417113,478.42,-0.00147877
2014,141,3,233.80,115.189329,35.417046,717.63,0.00036827
2014,141,4,311.73,115.188588,35.416844,523.27,0.00145818
2014,142,0,0.00,115.191553,35.417652,1166.14,0.00000000
2014,142,1,77.28,115.192092,35.417113,1270.79,0.00000000
2014,142,2,154.56,115.192631,35.416574,1151.19,0.00000000
2014,142,3,231.84,115.193170,35.416035,747.53,0.00000000
2014,143,0,0.00,115.328187,35.490146,1794.06,0.00784785
2014,143,1,61.44,115.328198,35.489596,239.21,0.00825818
2014,143,2,122.88,115.328726,35.489338,149.51,0.00866852
2014,144,0,0.00,115.328187,35.490146,149.51,-0.00222274
2014,144,1,89.39,115.329015,35.490416,149.51,-0.00234974
2014,144,2,178.77,115.330001,35.490416,179.41,-0.00303689
2014,144,3,268.16,115.330947,35.490350,239.21,-0.00160529
2014,144,4,357.55,115.331670,35.489897,269.11,0.00094690
2014,144,5,446.94,115.332643,35.489877,328.91,0.00083339
2014,144,6,536.32,115.333472,35.489607,328.91,0.00108486
2014,144,7,625.71,115.334457,35.489607,269.11,0.00201027
2014,144,8,715.10,115.335442,35.489607,299.01,0.00211650
2014,144,9,804.49,115.336271,35.489877,403.66,0.00222274
2014,145,0,0.00,115.190744,35.421964,553.17,0.00000000
2014,145,1,14.95,115.190744,35.422099,553.17,0.00000000
2014,145,2,29.90,115.190744,35.422234,807.33,0.00000000
2014,146,0,0.00,115.190744,35.421964,388.71,-0.00441512
2014,146,1,87.59,115.189936,35.421695,523.27,-0.00441512
2014,146,2,175.18,115.189127,35.421964,478.42,-0.00441512
2014,147,0,0.00,115.188319,35.416574,762.48,0.00000000
2014,147,1,19.32,115.188454,35.416709,642.87,0.00000000
2014,147,2,38.64,115.188588,35.416844,627.92,0.00000000
2014,148,0,0.00,115.188588,35.416844,1794.06,0.00000000
2014,148,1,89.70,115.188588,35.417652,1794.06,0.00000000
2014,148,2,179.40,115.188588,35.418461,1794.06,0.00000000
2014,148,3,269.10,115.188588,35.419269,777.43,0.00000000
2014,149,0,0.00,115.188319,35.416574,687.72,0.00000000
2014,149,1,73.43,115.187510,35.416574,508.32,0.00000000
2014,149,2,146.86,115.186702,35.416574,627.92,0.00000000
2014,15,0,0.00,115.235750,35.420617,583.07,-0.00331518
2014,15,1,87.59,115.235139,35.420006,523.27,-0.00429604
2014,15,2,175.18,115.234289,35.419808,418.61,-0.00234528
2014,15,3,262.77,115.233324,35.419808,269.11,0.00070900
2014,15,4,350.36,115.232516,35.419539,269.11,-0.00104807
2014,15,5,437.95,115.231609,35.419440,343.86,-0.00242544
2014,15,6,525.54,115.230899,35.419539,358.81,-0.00192308
2014,150,0,0.00,115.188319,35.416574,1210.99,-0.00161012
2014,150,1,80.39,115.187967,35.415953,1196.04,-0.00080506
2014,150,2,160.77,115.187406,35.415392,1181.09,0.00080506
2014,150,3,241.16,115.187054,35.414770,1106.34,0.00080506
2014,150,4,321.54,115.186702,35.414149,568.12,-0.00000000
2014,151,0,0.00,115.336271,35.489877,1539.90,0.00000000
2014,151,1,59.80,115.336271,35.490416,1794.06,0.00000000
2014,151,2,119.60,115.336271,35.490955,882.08,0.00000000
2014,152,0,0.00,115.336271,35.489877,358.81,0.00181682
2014,152,1,98.42,115.337200,35.489607,358.81,0.00173275
2014,152,2,196.83,115.338284,35.489607,358.81,0.00082434
2014,152,3,295.25,115.339369,35.489607,328.91,0.00000000
2014,152,4,393.66,115.340453,35.489607,358.81,0.00000000
2014,152,5,492.08,115.341538,35.489607,388.71,0.00000000
2014,152,6,590.49,115.342623,35.489607,358.81,0.00000000
2014,152,7,688.91,115.343707,35.489607,358.81,0.00000000
2014,152,8,787.32,115.344792,35.489607,299.01,-0.00033471
2014,152,9,885.74,115.345876,35.489607,358.81,-0.00082434
2014,152,10,984.16,115.346895,35.489494,343.86,0.00070080
2014,152,11,1082.57,115.347889,35.489338,388.71,0.00255710
2014,152,12,1180.99,115.348818,35.489607,328.91,0.00136666
2014,152,13,1279.40,115.349746,35.489877,299.01,-0.00000000
2014,153,0,0.00,115.189127,35.421964,702.67,0.00000000
2014,153,1,74.75,115.189127,35.422638,583.07,0.00000000
2014,153,2,149.50,115.189127,35.423312,119.60,0.00000000
2014,154,0,0.00,115.189127,35.421964,702.67,-0.00193167
2014,154,1,91.13,115.188124,35.421964,508.32,0.00072240
2014,154,2,182.26,115.187276,35.422234,478.42,0.00514079
2014,154,3,273.39,115.186529,35.421791,448.52,0.00413243
2014,154,4,364.52,115.185893,35.421156,1196.04,0.00135976
2014,155,0,0.00,115.188588,35.419269,687.72,0.00577767
2014,155,1,56.03,115.188127,35.419539,448.52,0.00553379
2014,155,2,112.07,115.187510,35.419539,523.27,0.00528991
2014,156,0,0.00,115.188588,35.419269,1210.99,-0.00000000
2014,156,1,77.28,115.189127,35.419808,777.43,-0.00000000
2014,156,2,154.56,115.189666,35.420347,747.53,-0.00000000
2014,157,0,0.00,115.186702,35.416574,792.38,-0.00000000
2014,157,1,19.32,115.186567,35.416709,642.87,-0.00000000
2014,157,2,38.64,115.186432,35.416844,747.53,-0.00000000
2014,158,0,0.00,115.186432,35.416844,598.02,0.00000000
2014,158,1,73.43,115.185624,35.416844,418.61,0.00000000
2014,158,2,146.86,115.184815,35.416844,418.61,0.00000000
2014,158,3,220.29,115.184007,35.416844,448.52,0.00000000
2014,159,0,0.00,115.186702,35.416574,911.98,0.00004114
2014,159,1,97.21,115.186024,35.415896,1076.44,0.00106162
2014,159,2,194.43,115.185354,35.415216,1181.09,0.00211948
2014,159,3,291.64,115.185085,35.414418,269.11,0.00215685
2014,16,0,0.00,115.235750,35.420617,1106.34,0.00000000
2014,16,1,89.95,115.235123,35.421244,1016.64,0.00207058
2014,16,2,179.90,115.234495,35.421871,463.47,0.00459209
2014,16,3,269.85,115.233558,35.421964,284.06,0.00377589
2014,16,4,359.80,115.232568,35.421964,254.16,0.00241530
2014,16,5,449.75,115.231724,35.421711,284.06,0.00129874
2014,16,6,539.70,115.230899,35.421425,284.06,0.00027563
2014,160,0,0.00,115.186432,35.416844,1420.30,0.00195202
2014,160,1,83.49,115.186702,35.417517,1794.06,0.00097601
2014,160,2,166.98,115.186702,35.418270,1794.06,-0.00196047
2014,160,3,250.47,115.186971,35.418944,717.63,-0.00290234
2014,160,4,333.96,115.187510,35.419539,837.23,-0.00188375
2014,161,0,0.00,115.186702,35.414149,627.92,-0.00295913
2014,161,1,94.68,115.185943,35.414099,463.47,-0.00266986
2014,161,2,189.35,115.185085,35.414418,583.07,-0.00238058
2014,162,0,0.00,115.186702,35.414149,1001.69,0.00000000
2014,162,1,57.96,115.187106,35.413744,956.83,0.00000000
2014,162,2,115.92,115.187510,35.413340,777.43,0.00000000
2014,163,0,0.00,115.349746,35.489877,1315.65,0.00000000
2014,163,1,74.75,115.349746,35.490550,1360.50,0.00000000
2014,163,2,149.50,115.349746,35.491224,224.26,0.00000000
2014,164,0,0.00,115.349746,35.489877,433.57,0.00547968
2014,164,1,96.04,115.350492,35.489338,299.01,0.00463408
2014,164,2,192.08,115.351394,35.489607,299.01,0.00212481
2014,164,3,288.11,115.352453,35.489607,239.21,0.00318268
2014,164,4,384.15,115.353316,35.489944,194.36,0.00404153
2014,164,5,480.19,115.353778,35.490674,209.31,0.00193136
2014,164,6,576.23,115.354448,35.491345,149.51,0.00170916
2014,164,7,672.27,115.354597,35.492167,164.46,0.00002951
2014,164,8,768.31,115.354954,35.492928,209.31,0.00014741
2014,164,9,864.34,115.355405,35.493662,179.41,0.00216751
2014,164,10,960.38,115.355405,35.494527,224.26,0.00118239
2014,164,11,1056.42,115.355405,35.495393,254.16,0.00000000
2014,164,12,1152.46,115.355405,35.496259,209.31,0.00142162
2014,164,13,1248.50,115.355405,35.497124,269.11,0.00216751
2014,164,14,1344.54,115.354867,35.497833,239.21,0.00074589
2014,164,15,1440.57,115.354597,35.498620,254.16,-0.00058324
2014,164,16,1536.61,115.354058,35.499328,194.36,-0.00136490
2014,164,17,1632.65,115.353999,35.500176,224.26,0.00089696
2014,164,18,1728.69,115.353746,35.500968,254.16,0.00223634
2014,164,19,1824.73,115.353076,35.501638,284.06,-0.00004957
2014,164,20,1920.77,115.352615,35.502369,299.01,-0.00004875
2014,164,21,2016.80,115.352172,35.503105,299.01,0.00177190
2014,164,22,2112.84,115.351593,35.503660,358.81,0.00169321
2014,164,23,2208.88,115.350824,35.504160,373.76,0.00095971
2014,165,0,0.00,115.185893,35.421156,463.47,0.00000000
2014,165,1,61.19,115.185220,35.421156,463.47,0.00000000
2014,165,2,122.37,115.184546,35.421156,433.57,0.00000000
2014,166,0,0.00,115.185893,35.421156,508.32,0.00296835
2014,166,1,82.52,115.186260,35.420519,583.07,0.00221580
2014,166,2,165.05,115.186935,35.420114,523.27,0.00000000
2014,166,3,247.57,115.187510,35.419539,627.92,-0.00146324
2014,169,0,0.00,115.184007,35.416844,1794.06,0.00000000
2014,169,1,72.68,115.184007,35.416189,1674.46,-0.00121958
2014,169,2,145.36,115.184007,35.415533,1524.95,-0.00251512
2014,169,3,218.04,115.183737,35.414957,822.28,-0.00259110
2014,17,0,0.00,115.262430,35.435169,254.16,0.00316115
2014,17,1,81.16,115.263095,35.435565,179.41,0.00324146
2014,17,2,162.32,115.263452,35.436192,164.46,0.00200217
2014,17,3,243.47,115.263777,35.436828,89.70,0.00256457
2014,17,4,324.63,115.264047,35.437481,239.21,0.00423074
2014,17,5,405.79,115.263777,35.438134,388.71,0.00401491
2014,170,0,0.00,115.184007,35.416844,792.38,0.00920625
2014,170,1,43.80,115.183681,35.417113,508.32,0.00901782
2014,170,2,87.59,115.183198,35.417113,418.61,0.00882939
2014,171,0,0.00,115.185085,35.414418,478.42,-0.00747309
2014,171,1,97.39,115.184208,35.414217,448.52,-0.00700348
2014,171,2,194.78,115.183737,35.414957,852.18,-0.00653387
2014,172,0,0.00,115.350824,35.504160,403.66,0.00204043
2014,172,1,99.52,115.350555,35.504978,388.71,0.00160542
2014,172,2,199.04,115.349962,35.505561,403.66,0.00009078
2014,172,3,298.57,115.349477,35.506316,358.81,-0.00049397
2014,172,4,398.09,115.348991,35.507071,373.76,-0.00028043
2014,172,5,497.61,115.348505,35.507827,328.91,-0.00014494
2014,172,6,597.13,115.348129,35.508614,328.91,0.00054731
2014,172,7,696.65,115.347590,35.509354,358.81,-0.00027208
2014,172,8,796.18,115.347051,35.510094,328.91,-0.00132904
2014,172,9,895.70,115.346782,35.510912,328.91,0.00000000
2014,172,10,995.22,115.346493,35.511725,328.91,0.00059664
2014,172,11,1094.74,115.345973,35.512470,328.91,-0.00020540
2014,172,12,1194.26,115.345704,35.513288,328.91,0.00039834
2014,172,13,1293.79,115.345244,35.514051,299.01,0.00040983
2014,172,14,1393.31,115.344759,35.514807,299.01,-0.00046664
2014,172,15,1492.83,115.344356,35.515586,299.01,-0.00020443
2014,172,16,1592.35,115.343996,35.516378,328.91,0.00053382
2014,172,17,1691.87,115.343548,35.517145,299.01,-0.00001972
2014,172,18,1791.40,115.343024,35.517889,254.16,-0.00107165
2014,172,19,1890.92,115.342747,35.518705,149.51,-0.00063537
2014,172,20,1990.44,115.342470,35.519521,209.31,0.00000000
2014,173,0,0.00,115.350824,35.504160,867.13,0.00000000
2014,173,1,77.25,115.350285,35.503621,762.48,0.00000000
2014,173,2,154.50,115.349746,35.503082,702.67,0.00000000
2014,174,0,0.00,115.184546,35.421156,926.93,0.00000000
2014,174,1,88.23,115.184546,35.420360,747.53,-0.00119478
2014,174,2,176.46,115.184546,35.419565,508.32,-0.00319345
2014,174,3,264.68,115.184160,35.418883,911.98,-0.00269269
2014,174,4,352.91,115.183544,35.418267,1629.61,-0.00069402
2014,174,5,441.14,115.182929,35.417652,1061.49,-0.00000000
2014,175,0,0.00,115.184546,35.421156,463.47,0.00258902
2014,175,1,83.08,115.183787,35.421425,463.47,0.00246335
2014,175,2,166.17,115.182872,35.421425,523.27,0.00116884
2014,175,3,249.25,115.181957,35.421425,463.47,0.00000000
2014,175,4,332.34,115.181042,35.421425,837.23,0.00000000
2014,177,0,0.00,115.183737,35.414957,403.66,-0.00789828
2014,177,1,76.41,115.183007,35.415149,568.12,-0.00794272
2014,177,2,152.82,115.182929,35.415815,1225.94,-0.00540304
2014,177,3,229.23,115.182929,35.416503,1674.46,-0.00257945
2014,177,4,305.63,115.183198,35.417113,1629.61,-0.00233999
2014,178,0,0.00,115.183198,35.417113,508.32,-0.00868049
2014,178,1,34.27,115.182959,35.417352,822.28,-0.00879764
2014,178,2,68.54,115.182929,35.417652,1794.06,-0.00891480
2014,18,0,0.00,115.262430,35.435169,418.61,-0.00288535
2014,18,1,97.24,115.261891,35.435888,224.26,-0.00291638
2014,18,2,194.48,115.261891,35.436765,164.46,-0.00424211
2014,18,3,291.72,115.261927,35.437631,119.60,-0.00634115
2014,18,4,388.96,115.262803,35.437968,179.41,-0.00416558
2014,18,5,486.20,115.263777,35.438134,508.32,-0.00118567
2014,180,0,0.00,115.342470,35.519521,224.26,-0.00866869
2014,180,1,61.43,115.341942,35.519779,209.31,-0.00825809
2014,180,2,122.87,115.341931,35.520330,,-0.00784750
2014,181,0,0.00,115.342470,35.519521,209.31,-0.00166463
2014,181,1,85.71,115.342739,35.520215,119.60,0.00044200
2014,181,2,171.43,115.343249,35.520839,209.31,0.00507536
2014,181,3,257.14,115.343127,35.521559,224.26,0.00534916
2014,181,4,342.86,115.342529,35.522157,373.76,0.00154811
2014,181,5,428.57,115.341931,35.522755,418.61,-0.00000000
2014,183,0,0.00,115.182929,35.417652,508.32,0.00000000
2014,183,1,80.51,115.182042,35.417652,448.52,-0.00066379
2014,183,2,161.02,115.181156,35.417652,463.47,-0.00262954
2014,183,3,241.53,115.180355,35.417800,463.47,-0.00322397
2014,183,4,322.04,115.179695,35.418191,941.88,-0.00251644
2014,184,0,0.00,115.181042,35.421425,1046.54,0.00469589
2014,184,1,86.63,115.180401,35.421964,493.37,0.00460684
2014,184,2,173.25,115.179447,35.421964,493.37,0.00225889
2014,184,3,259.88,115.178493,35.421964,463.47,0.00000000
2014,184,4,346.50,115.177539,35.421964,807.33,0.00000000
2014,185,0,0.00,115.181042,35.421425,612.97,0.00412054
2014,185,1,80.50,115.180504,35.420857,1016.64,0.00410188
2014,185,2,161.00,115.180504,35.420131,657.82,0.00032891
2014,185,3,241.50,115.180504,35.419406,1539.90,-0.00309833
2014,185,4,322.00,115.180048,35.418814,1524.95,-0.00098636
2014,185,5,402.50,115.179695,35.418191,1390.40,0.00079851
2014,186,0,0.00,115.341931,35.522755,328.91,0.00243332
2014,186,1,95.77,115.341888,35.523606,343.86,0.00169453
2014,186,2,191.55,115.341392,35.524324,403.66,-0.00000000
2014,186,3,287.32,115.341178,35.525125,448.52,0.00042503
2014,186,4,383.09,115.340853,35.525893,478.42,0.00141999
2014,186,5,478.87,115.340314,35.526600,538.22,-0.00027080
2014,186,6,574.64,115.339799,35.527313,508.32,-0.00209134
2014,186,7,670.41,115.339548,35.528103,493.37,-0.00184876
2014,186,8,766.19,115.339505,35.528953,568.12,-0.00109064
2014,187,0,0.00,115.341931,35.522755,702.67,-0.00306315
2014,187,1,82.38,115.341356,35.522180,822.28,-0.00322394
2014,187,2,164.75,115.340583,35.521947,807.33,-0.00338472
2014,188,0,0.00,115.179695,35.418191,807.33,0.00000000
2014,188,1,94.47,115.178655,35.418191,448.52,-0.00089685
2014,188,2,188.93,115.177615,35.418191,807.33,-0.00188661
2014,188,3,283.40,115.176731,35.418461,822.28,-0.00197952
2014,19,0,0.00,115.230899,35.419539,941.88,0.00000000
2014,19,1,69.77,115.230899,35.420167,1151.19,0.00000000
2014,19,2,139.53,115.230899,35.420796,657.82,0.00000000
2014,19,3,209.30,115.230899,35.421425,882.08,0.00000000
2014,190,0,0.00,115.177539,35.421964,508.32,-0.00000000
2014,190,1,19.32,115.177404,35.422099,418.61,-0.00000000
2014,190,2,38.64,115.177270,35.422234,418.61,-0.00000000
2014,191,0,0.00,115.177539,35.421964,1240.89,0.00000000
2014,191,1,81.30,115.177539,35.421231,941.88,-0.00086538
2014,191,2,162.61,115.177539,35.420498,418.61,-0.00303705
2014,191,3,243.91,115.177298,35.419836,1360.50,-0.00335306
2014,191,4,325.22,115.176731,35.419269,1330.60,-0.00236279
2014,192,0,0.00,115.177270,35.422234,1106.34,0.00448990
2014,192,1,70.17,115.177197,35.422845,403.66,0.00750939
2014,192,2,140.33,115.176695,35.423312,702.67,0.00826047
2014,192,3,210.50,115.175922,35.423312,523.27,0.00599206
2014,193,0,0.00,115.177270,35.422234,807.33,-0.00249504
2014,193,1,80.51,115.176383,35.422234,493.37,-0.00262983
2014,193,2,161.01,115.175653,35.422503,313.96,-0.00276461
2014,194,0,0.00,115.339505,35.528953,687.72,-0.00000000
2014,194,1,96.59,115.338732,35.529457,687.72,-0.00110118
2014,194,2,193.17,115.337959,35.529960,433.57,-0.00162487
2014,194,3,289.76,115.337494,35.530695,358.81,-0.00101438
2014,194,4,386.35,115.336820,35.531369,343.86,-0.00111843
2014,194,5,482.94,115.336541,35.532158,299.01,-0.00112864
2014,194,6,579.52,115.336098,35.532900,284.06,-0.00166812
2014,194,7,676.11,115.336002,35.533742,284.06,-0.00140444
2014,194,8,772.70,115.336002,35.534613,299.01,-0.00047443
2014,195,0,0.00,115.339505,35.528953,956.83,0.00000000
2014,195,1,94.07,115.340162,35.529610,971.78,0.00095102
2014,195,2,188.15,115.340818,35.530266,762.48,0.00282685
2014,195,3,282.22,115.341122,35.531026,642.87,0.00323328
2014,195,4,376.30,115.341122,35.531874,373.76,0.00202559
2014,195,5,470.37,115.340917,35.532662,373.76,0.00212720
2014,195,6,564.45,115.340678,35.533440,284.06,0.00182745
2014,195,7,658.52,115.340044,35.533961,284.06,-0.00041028
2014,195,8,752.60,115.339684,35.534704,284.06,-0.00052977
2014,195,9,846.67,115.339236,35.535421,313.96,0.00049779
2014,196,0,0.00,115.340583,35.521947,433.57,0.01067320
2014,196,1,31.53,115.340363,35.522167,478.42,0.01106796
2014,196,2,63.07,115.340044,35.522216,837.23,0.01146271
2014,197,0,0.00,115.340583,35.521947,224.26,-0.01067317
2014,197,1,31.53,115.340363,35.521726,657.82,-0.01106792
2014,197,2,63.07,115.340044,35.521677,657.82,-0.01146266
2014,198,0,0.00,115.176731,35.418461,777.43,-0.00188846
2014,198,1,96.61,115.175823,35.418191,717.63,-0.00180053
2014,198,2,193.22,115.174759,35.418191,657.82,-0.00085630
2014,198,3,289.83,115.173695,35.418191,299.01,-0.00180053
2014,198,4,386.45,115.172632,35.418191,328.91,-0.00372246
2014,198,5,483.06,115.171880,35.418730,373.76,-0.00384385
2014,199,0,0.00,115.176731,35.418461,1794.06,0.00000000
2014,199,1,44.85,115.176731,35.418865,1689.41,0.00000000
2014,199,2,89.70,115.176731,35.419269,1584.76,0.00000000
2014,2,0,0.00,115.248686,35.425198,373.76,-0.00183809
2014,2,1,98.11,115.247917,35.424659,358.81,-0.00144086
2014,2,2,196.21,115.246993,35.424389,388.71,0.00033344
2014,2,3,294.32,115.246139,35.423999,418.61,0.00103464
2014,2,4,392.43,115.245356,35.423485,433.57,0.00026574
2014,2,5,490.54,115.244532,35.423042,388.71,-0.00051282
2014,2,6,588.64,115.243764,35.422503,448.52,-0.00154731
2014,2,7,686.75,115.242839,35.422234,418.61,-0.00178875
2014,2,8,784.86,115.241915,35.421964,418.61,-0.00091429
2014,2,9,882.97,115.240848,35.421942,433.57,0.00076213
2014,2,10,981.07,115.239910,35.421695,418.61,-0.00000000
2014,2,11,1079.18,115.238986,35.421425,418.61,-0.00166544
2014,2,12,1177.29,115.237906,35.421425,448.52,-0.00165928
2014,20,0,0.00,115.230899,35.419539,433.57,0.00000000
2014,20,1,38.64,115.230630,35.419269,403.66,0.00000000
2014,20,2,77.28,115.230360,35.419000,403.66,0.00000000
2014,201,0,0.00,115.176731,35.419269,897.03,-0.00144082
2014,201,1,86.50,115.176028,35.419702,971.78,-0.00231333
2014,201,2,173.01,115.175425,35.420305,807.33,-0.00272314
2014,201,3,259.51,115.175114,35.420994,627.92,-0.00127394
2014,201,4,346.01,115.174844,35.421695,672.77,-0.00028744
2014,202,0,0.00,115.175922,35.423312,224.26,0.00000000
2014,202,1,29.90,115.175922,35.423581,254.16,0.00000000
2014,202,2,59.80,115.175922,35.423851,209.31,0.00000000
2014,203,0,0.00,115.175922,35.423312,732.58,0.00563661
2014,203,1,49.22,115.175653,35.422947,807.33,0.00552417
2014,203,2,98.44,115.175653,35.422503,1031.59,0.00541174
2014,205,0,0.00,115.175653,35.422503,493.37,0.00000000
2014,205,1,57.96,115.175248,35.422099,762.48,0.00000000
2014,205,2,115.92,115.174844,35.421695,1001.69,0.00000000
2014,206,0,0.00,115.336002,35.534613,328.91,-0.00248843
2014,206,1,91.98,115.335463,35.535285,328.91,-0.00160280
2014,206,2,183.97,115.335344,35.536079,328.91,0.00009613
2014,206,3,275.95,115.334924,35.536786,299.01,-0.00079871
2014,206,4,367.93,115.334654,35.537536,284.06,-0.00200664
2014,206,5,459.91,115.334654,35.538365,328.91,-0.00075321
2014,206,6,551.90,115.334654,35.539194,313.96,0.00000000
2014,207,0,0.00,115.336002,35.534613,493.37,0.00000000
2014,207,1,38.62,115.336271,35.534882,493.37,0.00000000
2014,207,2,77.24,115.336541,35.535152,493.37,0.00000000
2014,208,0,0.00,115.339236,35.535421,762.48,0.00000000
2014,208,1,95.65,115.338338,35.535152,433.57,-0.00183885
2014,208,2,191.29,115.337439,35.534882,986.73,-0.00367770
2014,208,3,286.94,115.336541,35.535152,523.27,-0.00367770
2014,209,0,0.00,115.339236,35.535421,373.76,0.00298945
2014,209,1,93.69,115.339505,35.536187,299.01,0.00177149
2014,209,2,187.37,115.339236,35.536953,299.01,-0.00036651
2014,209,3,281.06,115.339406,35.537748,328.91,0.00019208
2014,209,4,374.74,115.339368,35.538523,328.91,0.00071528
2014,209,5,468.43,115.339236,35.539329,328.91,0.00025674
2014,209,6,562.11,115.339236,35.540173,358.81,0.00114595
2014,209,7,655.80,115.338966,35.540939,358.81,0.00076914
2014,209,8,749.48,115.338697,35.541705,343.86,-0.00000000
2014,209,9,843.17,115.338427,35.542471,328.91,-0.00000000
2014,209,10,936.85,115.338158,35.543237,269.11,-0.00000000
2014,210,0,0.00,115.171880,35.418730,1794.06,0.00346363
2014,210,1,91.36,115.171880,35.419554,657.82,0.00382991
2014,210,2,182.72,115.171341,35.420078,478.42,0.00419619
2014,211,0,0.00,115.171880,35.418730,553.17,-0.01343342
2014,211,1,50.88,115.171475,35.418461,299.01,-0.01343342
2014,211,2,101.76,115.171071,35.418730,373.76,-0.01343342
2014,212,0,0.00,115.174844,35.421695,657.82,0.00212097
2014,212,1,82.69,115.173934,35.421695,403.66,0.00000000
2014,212,2,165.39,115.173197,35.421456,313.96,-0.00339678
2014,212,3,248.08,115.172424,35.421695,299.01,-0.00381231
2014,212,4,330.78,115.171670,35.421964,269.11,-0.00270018
2014,212,5,413.47,115.171071,35.422503,388.71,-0.00244833
2014,213,0,0.00,115.334654,35.539194,1016.64,-0.00306265
2014,213,1,76.64,115.335343,35.539464,1300.70,-0.00549754
2014,213,2,153.28,115.336188,35.539464,598.02,-0.00775105
2014,213,3,229.93,115.336754,35.538981,313.96,-0.00491729
2014,213,4,306.57,115.337080,35.538386,299.01,-0.00226492
2014,214,0,0.00,115.334654,35.539194,388.71,-0.00171535
2014,214,1,98.42,115.334115,35.539924,373.76,-0.00156648
2014,214,2,196.84,115.333907,35.540750,343.86,-0.00054970
2014,214,3,295.25,115.333637,35.541559,328.91,-0.00038164
2014,214,4,393.67,115.333368,35.542367,269.11,-0.00120752
2014,214,5,492.09,115.333307,35.543237,119.60,-0.00216184
2014,214,6,590.51,115.333307,35.544124,104.65,-0.00220487
2014,214,7,688.93,115.333846,35.544854,119.60,0.00000000
2014,214,8,787.34,115.334115,35.545662,179.41,0.00141961
2014,215,0,0.00,115.336541,35.535152,583.07,0.00086843
2014,215,1,85.10,115.337167,35.535691,553.17,0.00092796
2014,215,2,170.20,115.337619,35.536230,463.47,0.00098749
2014,217,0,0.00,115.171341,35.420078,657.82,-0.00000000
2014,217,1,38.64,115.171071,35.419808,657.82,-0.00000000
2014,217,2,77.28,115.170802,35.419539,627.92,-0.00000000
2014,218,0,0.00,115.171071,35.418730,1794.06,0.00541195
2014,218,1,49.22,115.171071,35.419174,792.38,0.00552439
2014,218,2,98.44,115.170802,35.419539,463.47,0.00563683
2014,219,0,0.00,115.171071,35.418730,418.61,-0.00195719
2014,219,1,94.98,115.170181,35.418461,269.11,-0.00275240
2014,219,2,189.96,115.169136,35.418461,269.11,-0.00261634
2014,219,3,284.94,115.168246,35.418730,269.11,-0.00000000
2014,219,4,379.92,115.167335,35.418963,284.06,0.00161604
2014,219,5,474.89,115.166310,35.419000,269.11,0.00000000
2014,219,6,569.87,115.165264,35.419000,299.01,-0.00175210
2014,219,7,664.85,115.164375,35.419269,299.01,-0.00000000
2014,219,8,759.83,115.163485,35.419539,299.01,0.00136674
2014,219,9,854.81,115.162439,35.419539,269.11,0.00000000
2014,219,10,949.79,115.161483,35.419694,284.06,-0.00079302
2014,219,11,1044.77,115.160503,35.419808,328.91,-0.00097860
2014,219,12,1139.75,115.159613,35.420078,388.71,0.00040488
2014,219,13,1234.72,115.158724,35.420347,358.81,0.00097860
2014,219,14,1329.70,115.157678,35.420347,358.81,-0.00097860
2014,219,15,1424.68,115.156788,35.420617,328.91,-0.00195719
2014,22,0,0.00,115.230899,35.421425,627.92,0.00562701
2014,22,1,94.67,115.230168,35.421964,343.86,0.00575248
2014,22,2,189.34,115.229282,35.421695,373.76,0.00587794
2014,220,0,0.00,115.171071,35.422503,343.86,-0.00221768
2014,220,1,91.69,115.170135,35.422630,269.11,-0.00269934
2014,220,2,183.37,115.169364,35.423042,328.91,-0.00046128
2014,220,3,275.06,115.168659,35.423568,284.06,0.00136017
2014,220,4,366.75,115.167723,35.423695,299.01,-0.00016458
2014,220,5,458.43,115.166985,35.424164,313.96,0.00144852
2014,220,6,550.12,115.166105,35.424389,284.06,0.00263334
2014,220,7,641.81,115.165096,35.424389,284.06,0.00047063
2014,220,8,733.49,115.164086,35.424389,284.06,0.00000000
2014,220,9,825.18,115.163340,35.424474,284.06,0.00060265
2014,220,10,916.87,115.162379,35.424389,284.06,0.00000000
2014,220,11,1008.55,115.161369,35.424389,284.06,-0.00056801
2014,221,0,0.00,115.171071,35.422503,463.47,-0.00868748
2014,221,1,72.56,115.171577,35.423009,328.91,-0.01096385
2014,221,2,145.11,115.172182,35.422740,328.91,-0.00785144
2014,221,3,217.67,115.172688,35.422234,373.76,-0.00246266
2014,222,0,0.00,115.334115,35.545662,463.47,0.00922980
2014,222,1,43.75,115.333789,35.545932,627.92,0.00904121
2014,222,2,87.49,115.333307,35.545932,822.28,0.00885263
2014,223,0,0.00,115.334115,35.545662,134.55,0.00347802
2014,223,1,53.57,115.334489,35.546036,119.60,0.00358509
2014,223,2,107.13,115.334654,35.546471,119.60,0.00369215
2014,224,0,0.00,115.170802,35.419539,583.07,0.00235099
2014,224,1,92.49,115.170365,35.420245,358.81,0.00358155
2014,224,2,184.98,115.169621,35.420719,284.06,0.00321303
2014,224,3,277.46,115.168700,35.420886,269.11,0.00040600
2014,224,4,369.95,115.167837,35.421156,269.11,-0.00080198
2014,225,0,0.00,115.156788,35.420617,1614.66,0.00000000
2014,225,1,72.68,115.156788,35.421272,1300.70,-0.00121949
2014,225,2,145.36,115.156788,35.421927,747.53,-0.00251495
2014,225,3,218.04,115.157057,35.422503,478.42,-0.00259091
2014,226,0,0.00,115.156788,35.420617,373.76,-0.00248362
2014,226,1,84.76,115.156011,35.420347,388.71,-0.00291980
2014,226,2,169.51,115.155077,35.420347,373.76,-0.00224339
2014,226,3,254.27,115.154224,35.420485,463.47,-0.00242676
2014,226,4,339.03,115.153367,35.420617,508.32,-0.00368264
2014,226,5,423.79,115.152746,35.421156,553.17,-0.00364256
2014,227,0,0.00,115.161369,35.424389,732.58,-0.00784861
2014,227,1,61.46,115.161358,35.423839,299.01,-0.00825837
2014,227,2,122.91,115.160830,35.423581,373.76,-0.00866814
2014,228,0,0.00,115.161369,35.424389,418.61,0.00073232
2014,228,1,94.51,115.160513,35.424707,373.76,0.00152364
2014,228,2,189.02,115.159600,35.424928,343.86,0.00188474
2014,228,3,283.53,115.158559,35.424928,343.86,0.00008501
2014,228,4,378.05,115.157518,35.424928,343.86,-0.00089596
2014,228,5,472.56,115.156591,35.425125,328.91,0.00041103
2014,228,6,567.07,115.155593,35.425198,343.86,0.00278071
2014,228,7,661.58,115.154552,35.425198,373.76,0.00411853
2014,228,8,756.09,115.153824,35.424659,508.32,0.00400512
2014,229,0,0.00,115.334654,35.546471,657.82,-0.01146586
2014,229,1,31.53,115.334973,35.546421,1300.70,-0.01107076
2014,229,2,63.05,115.335193,35.546201,388.71,-0.01067566
2014,230,0,0.00,115.334654,35.546471,493.37,0.00000000
2014,230,1,38.62,115.334385,35.546740,433.57,0.00000000
2014,230,2,77.23,115.334115,35.547010,358.81,0.00000000
2014,231,0,0.00,115.167837,35.421156,284.06,0.00000000
2014,231,1,14.95,115.167837,35.421290,284.06,0.00000000
2014,231,2,29.90,115.167837,35.421425,328.91,0.00000000
2014,232,0,0.00,115.167837,35.421156,418.61,-0.01110558
2014,232,1,50.88,115.167482,35.420971,284.06,-0.01007705
2014,232,2,101.75,115.167029,35.421156,284.06,-0.00904852
2014,233,0,0.00,115.152746,35.421156,747.53,-0.00498382
2014,233,1,67.84,115.152075,35.421287,702.67,-0.00478628
2014,233,2,135.67,115.151602,35.421760,762.48,-0.00229437
2014,233,3,203.51,115.151129,35.422234,1016.64,0.00000000
2014,234,0,0.00,115.152746,35.421156,1106.34,0.00000000
2014,234,1,84.88,115.153338,35.421748,1106.34,0.00000000
2014,234,2,169.77,115.153930,35.422340,1106.34,0.00070138
2014,234,3,254.65,115.154522,35.422932,657.82,0.00503965
2014,234,4,339.54,115.154898,35.423585,807.33,0.00737953
2014,234,5,424.42,115.154273,35.424120,956.83,0.00252886
2014,234,6,509.31,115.153824,35.424659,1016.64,-0.00102481
2014,235,0,0.00,115.153824,35.424659,448.52,0.00123611
2014,235,1,93.06,115.153076,35.424181,493.37,0.00119033
2014,235,2,186.11,115.152427,35.423532,1106.34,0.00057227
2014,235,3,279.17,115.151778,35.422883,1121.29,0.00000000
2014,235,4,372.23,115.151129,35.422234,1106.34,0.00000000
2014,237,0,0.00,115.335193,35.546201,104.65,0.00097552
2014,237,1,99.57,115.335463,35.547020,149.51,-0.00006189
2014,237,2,199.14,115.335540,35.547895,239.21,-0.00106610
2014,237,3,298.71,115.336026,35.548651,254.16,-0.00056937
2014,237,4,398.27,115.336304,35.549467,239.21,-0.00071725
2014,237,5,497.84,115.336810,35.550217,209.31,-0.00094763
2014,237,6,597.41,115.337349,35.550957,254.16,-0.00015390
2014,237,7,696.98,115.337971,35.551674,269.11,0.00046747
2014,237,8,796.55,115.338457,35.552429,269.11,-0.00017942
2014,237,9,896.12,115.338943,35.553185,254.16,-0.00051749
2014,237,10,995.69,115.339638,35.553880,209.31,0.00058694
2014,237,11,1095.26,115.340125,35.554636,164.46,-0.00018029
2014,237,12,1194.82,115.340583,35.555399,179.41,-0.00188736
2014,237,13,1294.39,115.341239,35.555903,179.41,-0.00111022
2014,237,14,1393.96,115.342024,35.556442,269.11,0.00048721
2014,237,15,1493.53,115.342784,35.557025,269.11,0.00079825
2014,237,16,1593.10,115.343479,35.557720,269.11,0.00081321
2014,237,17,1692.67,115.344173,35.558415,284.06,-0.00005925
2014,237,18,1792.24,115.344660,35.559171,299.01,-0.00154164
2014,237,19,1891.81,115.345465,35.559676,373.76,-0.00147416
2014,237,20,1991.37,115.346250,35.560215,388.71,-0.00053322
2014,237,21,2090.94,115.347140,35.560573,403.66,0.00049954
2014,237,22,2190.51,115.347934,35.561098,478.42,0.00108462
2014,237,23,2290.08,115.348728,35.561622,418.61,0.00053588
2014,237,24,2389.65,115.349423,35.562317,493.37,-0.00027119
2014,237,25,2489.22,115.350217,35.562841,463.47,-0.00053588
2014,237,26,2588.79,115.350963,35.563449,478.42,-0.00053629
2014,237,27,2688.36,115.351805,35.563890,478.42,0.00053588
2014,237,28,2787.92,115.352598,35.564415,493.37,0.00071816
2014,237,29,2887.49,115.353293,35.565109,508.32,-0.00058330
2014,237,30,2987.06,115.354104,35.565605,523.27,-0.00035238
2014,237,31,3086.63,115.354890,35.566144,478.42,0.00014160
2014,237,32,3186.20,115.355675,35.566683,523.27,0.00000000
2014,238,0,0.00,115.335193,35.546201,388.71,-0.00347802
2014,238,1,53.57,115.335567,35.545827,239.21,-0.00358509
2014,238,2,107.13,115.335732,35.545393,164.46,-0.00369215
2014,239,0,0.00,115.167029,35.421156,553.17,0.00000000
2014,239,1,19.32,115.166894,35.421021,553.17,0.00000000
2014,239,2,38.64,115.166759,35.420886,538.22,0.00000000
2014,24,0,0.00,115.263777,35.438134,313.96,-0.00000000
2014,24,1,93.15,115.264218,35.438844,269.11,0.00072037
2014,24,2,186.29,115.264660,35.439555,299.01,0.00122486
2014,24,3,279.44,115.264855,35.440337,284.06,0.00028821
2014,24,4,372.58,115.265125,35.441098,299.01,-0.00043255
2014,240,0,0.00,115.167029,35.421156,343.86,0.00920704
2014,240,1,43.79,115.166703,35.421425,284.06,0.00901860
2014,240,2,87.59,115.166220,35.421425,254.16,0.00883016
2014,241,0,0.00,115.151129,35.422234,657.82,0.00000000
2014,241,1,99.83,115.150029,35.422234,598.02,0.00000000
2014,241,2,199.66,115.148930,35.422234,657.82,0.00000000
2014,241,3,299.49,115.147831,35.422234,657.82,0.00080043
2014,241,4,399.32,115.146732,35.422234,657.82,0.00080043
2014,241,5,499.15,115.145788,35.421964,657.82,-0.00080043
2014,241,6,598.98,115.144689,35.421964,627.92,-0.00080043
2014,241,7,698.81,115.143590,35.421964,627.92,0.00080043
2014,241,8,798.64,115.142491,35.421964,687.72,0.00080043
2014,241,9,898.47,115.141547,35.421695,657.82,-0.00080043
2014,241,10,998.30,115.140448,35.421695,627.92,-0.00080043
2014,241,11,1098.13,115.139349,35.421695,627.92,0.00000000
2014,241,12,1197.96,115.138250,35.421695,598.02,0.00080043
2014,241,13,1297.79,115.137150,35.421695,627.92,0.00080043
2014,241,14,1397.62,115.136207,35.421425,657.82,-0.00080043
2014,241,15,1497.45,115.135108,35.421425,627.92,0.00000000
2014,241,16,1597.28,115.134009,35.421425,642.87,0.00080043
2014,241,17,1697.11,115.133065,35.421156,627.92,-0.00000000
2014,241,18,1796.94,115.131966,35.421156,627.92,-0.00000000
2014,241,19,1896.77,115.131023,35.420886,627.92,-0.00080043
2014,241,20,1996.60,115.129924,35.420886,598.02,0.00000000
2014,241,21,2096.43,115.128825,35.420886,598.02,0.00168192
2014,241,22,2196.26,115.127881,35.420617,598.02,0.00046240
2014,241,23,2296.09,115.126938,35.420347,598.02,-0.00088148
2014,241,24,2395.92,115.125922,35.420203,568.12,-0.00068519
2014,241,25,2495.75,115.124895,35.420078,568.12,0.00088148
2014,241,26,2595.58,115.123838,35.420006,523.27,0.00086372
2014,241,27,2695.41,115.123009,35.419539,523.27,-0.00092369
2014,241,28,2795.24,115.121910,35.419539,508.32,-0.00064093
2014,241,29,2895.08,115.120959,35.419283,478.42,-0.00068275
2014,241,30,2994.91,115.119867,35.419269,448.52,-0.00144992
2014,242,0,0.00,115.355675,35.566683,508.32,0.00110657
2014,242,1,83.37,115.356438,35.566952,508.32,0.00123710
2014,242,2,166.75,115.357136,35.567335,508.32,0.00020860
2014,242,3,250.12,115.357817,35.567746,508.32,0.00013524
2014,242,4,333.50,115.358572,35.568030,538.22,0.00175209
2014,242,5,416.87,115.359178,35.568569,478.42,0.00228326
2014,243,0,0.00,115.355675,35.566683,1794.06,-0.00185652
2014,243,1,72.87,115.355166,35.567191,1704.36,-0.00191214
2014,243,2,145.74,115.354867,35.567761,882.08,-0.00196775
2014,244,0,0.00,115.119867,35.419269,538.22,-0.00000000
2014,244,1,19.32,115.119732,35.419134,418.61,-0.00000000
2014,244,2,38.64,115.119598,35.419000,418.61,-0.00000000
2014,245,0,0.00,115.119598,35.419000,418.61,0.00243425
2014,245,1,81.47,115.118701,35.419000,448.52,0.00241614
2014,245,2,162.95,115.117960,35.418730,104.65,0.00271117
2014,245,3,244.42,115.117202,35.418490,403.66,0.00301406
2014,245,4,325.89,115.116633,35.417922,553.17,0.00300380
2014,246,0,0.00,115.119867,35.419269,792.38,0.00000000
2014,246,1,96.60,115.119193,35.419943,627.92,0.00000000
2014,246,2,193.20,115.118520,35.420617,747.53,0.00000000
2014,247,0,0.00,115.119598,35.419000,1001.69,-0.00499907
2014,247,1,81.42,115.119777,35.418371,642.87,-0.00409777
2014,247,2,162.84,115.119328,35.417768,433.57,-0.00090616
2014,247,3,244.26,115.119059,35.417113,702.67,0.00138414
2014,248,0,0.00,115.359178,35.568569,911.98,-0.00167851
2014,248,1,87.21,115.359178,35.569355,747.53,-0.00184685
2014,248,2,174.41,115.359448,35.570063,642.87,-0.00251401
2014,248,3,261.62,115.359752,35.570760,373.76,-0.00578453
2014,248,4,348.83,115.360422,35.571264,343.86,-0.00788115
2014,248,5,436.03,115.361267,35.571062,672.77,-0.00509295
2014,248,6,523.24,115.362033,35.570725,1210.99,-0.00232117
2014,248,7,610.45,115.362682,35.570186,1315.65,-0.00166252
2014,249,0,0.00,115.359178,35.568569,508.32,-0.00212846
2014,249,1,83.68,115.359945,35.568839,538.22,-0.00127581
2014,249,2,167.36,115.360841,35.568885,343.86,0.00213187
2014,249,3,251.04,115.361635,35.569108,328.91,0.00422564
2014,249,4,334.72,115.362143,35.569589,328.91,0.00209376
2014,249,5,418.40,115.362682,35.570186,403.66,0.00042314
2014,25,0,0.00,115.230360,35.419000,1794.06,-0.00139184
2014,25,1,98.44,115.230630,35.418191,1166.14,-0.00270601
2014,25,2,196.88,115.230630,35.417304,388.71,-0.00341932
2014,25,3,295.32,115.230091,35.416574,284.06,-0.00281846
2014,250,0,0.00,115.116633,35.417922,448.52,-0.00170184
2014,250,1,96.91,115.115566,35.417922,508.32,0.00000000
2014,250,2,193.82,115.114655,35.418191,478.42,0.00264002
2014,250,3,290.72,115.113744,35.417922,493.37,0.00147404
2014,250,4,387.63,115.112833,35.417652,478.42,-0.00068334
2014,250,5,484.54,115.111871,35.417471,478.42,-0.00032232
2014,250,6,581.45,115.110899,35.417307,463.47,0.00041549
2014,250,7,678.35,115.109944,35.417113,448.52,0.00063739
2014,250,8,775.26,115.109033,35.416844,448.52,-0.00067033
2014,250,9,872.17,115.108122,35.416574,418.61,-0.00153104
2014,250,10,969.08,115.107055,35.416574,418.61,0.00000000
2014,250,11,1065.99,115.106038,35.416489,343.86,0.00122702
2014,250,12,1162.89,115.105077,35.416305,299.01,0.00093818
2014,250,13,1259.80,115.104166,35.416035,254.16,0.00031776
2014,250,14,1356.71,115.103255,35.415766,224.26,0.00024745
2014,250,15,1453.62,115.102346,35.415492,194.36,0.00094421
2014,250,16,1550.53,115.101473,35.415158,194.36,0.00047670
2014,250,17,1647.43,115.100678,35.414688,149.51,0.00001375
2014,250,18,1744.34,115.099767,35.414418,179.41,0.00071221
2014,250,19,1841.25,115.099012,35.413879,179.41,0.00034588
2014,250,20,1938.16,115.098177,35.413479,209.31,-0.00035329
2014,250,21,2035.06,115.097402,35.412974,209.31,0.00036396
2014,250,22,2131.97,115.096529,35.412639,224.26,0.00169302
2014,250,23,2228.88,115.095853,35.411963,254.16,0.00056773
2014,250,24,2325.79,115.095177,35.411287,328.91,-0.00052683
2014,250,25,2422.70,115.094402,35.410782,358.81,0.00052683
2014,250,26,2519.60,115.093726,35.410106,403.66,0.00105366
2014,251,0,0.00,115.116633,35.417922,1151.19,0.00123894
2014,251,1,89.52,115.117258,35.417297,627.92,0.00128991
2014,251,2,179.04,115.117981,35.416844,627.92,0.00134087
2014,252,0,0.00,115.362682,35.570186,478.42,-0.00000000
2014,252,1,98.15,115.363565,35.570530,463.47,-0.00092302
2014,252,2,196.30,115.364448,35.570874,448.52,-0.00274440
2014,252,3,294.44,115.365430,35.570942,463.47,-0.00200170
2014,252,4,392.59,115.366387,35.570725,388.71,0.00047776
2014,252,5,490.74,115.367469,35.570725,299.01,-0.00017094
2014,252,6,588.89,115.368552,35.570725,239.21,-0.00096169
2014,252,7,687.04,115.369478,35.570456,179.41,-0.00091376
2014,252,8,785.18,115.370538,35.570415,104.65,-0.00064036
2014,252,9,883.33,115.371331,35.569917,179.41,0.00116113
2014,252,10,981.48,115.372414,35.569917,209.31,-0.00013177
2014,252,11,1079.63,115.373385,35.569724,269.11,-0.00108618
2014,252,12,1177.78,115.374268,35.569380,299.01,0.00089642
2014,252,13,1275.92,115.375250,35.569207,373.76,-0.00000000
2014,252,14,1374.07,115.376275,35.569108,448.52,-0.00169320
2014,252,15,1472.22,115.377114,35.568689,493.37,0.00043964
2014,252,16,1570.37,115.377997,35.568345,478.42,0.00086277
2014,252,17,1668.52,115.379054,35.568300,448.52,-0.00088824
2014,252,18,1766.67,115.379862,35.567828,508.32,0.00000000
2014,252,19,1864.81,115.380844,35.567654,493.37,-0.00015020
2014,252,20,1962.96,115.381727,35.567310,523.27,-0.00038571
2014,252,21,2061.11,115.382610,35.566966,508.32,0.00047471
2014,252,22,2159.26,115.383528,35.566683,538.22,0.00017445
2014,252,23,2257.41,115.384455,35.566413,478.42,-0.00089861
2014,252,24,2355.55,115.385358,35.566105,478.42,-0.00038754
2014,252,25,2453.70,115.386151,35.565605,448.52,0.00094776
2014,252,26,2551.85,115.387124,35.565417,463.47,0.00000000
2014,252,27,2650.00,115.388003,35.565066,478.42,-0.00049905
2014,252,28,2748.15,115.388890,35.564729,478.42,0.00059880
2014,252,29,2846.29,115.389773,35.564385,448.52,0.00098844
2014,252,30,2944.44,115.390755,35.564211,448.52,-0.00000000
2014,252,31,3042.59,115.391708,35.563988,418.61,-0.00143714
2014,252,32,3140.74,115.392620,35.563694,433.57,-0.00177947
2014,252,33,3238.89,115.393404,35.563179,448.52,-0.00151353
2014,253,0,0.00,115.093726,35.410106,598.02,0.00113622
2014,253,1,99.54,115.092630,35.410106,627.92,0.00171645
2014,253,2,199.09,115.091646,35.409913,284.06,0.00321926
2014,253,3,298.63,115.090755,35.409560,239.21,0.00417428
2014,253,4,398.17,115.090223,35.408818,209.31,0.00208478
2014,253,5,497.72,115.089953,35.408000,239.21,-0.00001858
2014,253,6,597.26,115.089414,35.407260,284.06,0.00069519
2014,253,7,696.80,115.089145,35.406442,299.01,0.00137543
2014,253,8,796.35,115.088875,35.405624,568.12,0.00068025
2014,253,9,895.89,115.088875,35.404726,568.12,-0.00068025
2014,253,10,995.43,115.088606,35.403908,568.12,-0.00136049
2014,254,0,0.00,115.093726,35.410106,463.47,0.00028571
2014,254,1,94.82,115.093457,35.409330,538.22,0.00021402
2014,254,2,189.65,115.093238,35.408540,239.21,0.00000000
2014,254,3,284.47,115.092993,35.407757,209.31,-0.00042920
2014,254,4,379.29,115.092749,35.406973,269.11,-0.00118223
2014,254,5,474.11,115.092379,35.406227,284.06,-0.00216451
2014,254,6,568.94,115.091844,35.405529,284.06,-0.00288137
2014,254,7,663.76,115.091084,35.405038,538.22,-0.00154834
2014,254,8,758.58,115.090226,35.404716,598.02,-0.00001458
2014,254,9,853.40,115.089465,35.404228,627.92,-0.00064268
2014,254,10,948.23,115.088606,35.403908,627.92,-0.00127078
2014,255,0,0.00,115.393404,35.563179,448.52,0.00176271
2014,255,1,95.27,115.394455,35.563179,418.61,0.00219637
2014,255,2,190.55,115.395350,35.563449,448.52,0.00151880
2014,255,3,285.82,115.396191,35.563810,328.91,0.00132621
2014,255,4,381.10,115.397054,35.564134,209.31,0.00330025
2014,255,5,476.37,115.397716,35.564800,149.51,0.00402010
2014,255,6,571.64,115.397986,35.565580,239.21,0.00239536
2014,255,7,666.92,115.397986,35.566439,164.46,0.00000000
2014,255,8,762.19,115.398044,35.567280,194.36,-0.00059889
2014,255,9,857.47,115.398255,35.568078,254.16,-0.00000000
2014,255,10,952.74,115.398331,35.568914,299.01,0.00024765
2014,255,11,1048.01,115.398525,35.569716,373.76,0.00070089
2014,255,12,1143.29,115.398525,35.570575,433.57,-0.00020184
2014,255,13,1238.56,115.398525,35.571434,448.52,-0.00168971
2014,255,14,1333.84,115.398794,35.572214,478.42,-0.00074269
2014,255,15,1429.11,115.399151,35.572969,493.37,0.00094302
2014,255,16,1524.38,115.399333,35.573774,493.37,0.00000000
2014,255,17,1619.66,115.399438,35.574603,508.32,-0.00116031
2014,255,18,1714.93,115.399872,35.575335,508.32,0.00000000
2014,255,19,1810.21,115.400142,35.576115,523.27,0.00092684
2014,256,0,0.00,115.393404,35.563179,1255.84,-0.00133881
2014,256,1,89.02,115.393200,35.562436,1225.94,-0.00199097
2014,256,2,178.03,115.392788,35.561754,1016.64,-0.00395763
2014,256,3,267.05,115.392166,35.561133,717.63,-0.00477730
2014,256,4,356.07,115.391248,35.561023,493.37,-0.00428247
2014,258,0,0.00,115.088606,35.403908,598.02,0.00100457
2014,258,1,98.64,115.087918,35.403220,523.27,0.00103054
2014,258,2,197.29,115.087439,35.402471,538.22,0.00052825
2014,258,3,295.93,115.086959,35.401722,553.17,0.00000000
2014,258,4,394.58,115.086480,35.400973,568.12,-0.00052825
2014,258,5,493.22,115.086000,35.400224,583.07,-0.00052825
2014,258,6,591.86,115.085312,35.399536,612.97,0.00052825
2014,258,7,690.51,115.084833,35.398788,568.12,0.00105650
2014,259,0,0.00,115.400142,35.576115,493.37,-0.00054171
2014,259,1,97.74,115.400142,35.576996,493.37,-0.00066525
2014,259,2,195.48,115.400254,35.577844,478.42,-0.00011154
2014,259,3,293.21,115.400411,35.578679,448.52,0.00000000
2014,259,4,390.95,115.400411,35.579560,493.37,-0.00084279
2014,259,5,488.69,115.400681,35.580363,478.42,-0.00000000
2014,259,6,586.43,115.400896,35.581181,448.52,0.00109470
2014,259,7,684.17,115.400950,35.582046,448.52,0.00066525
2014,259,8,781.90,115.400950,35.582927,478.42,-0.00053477
2014,259,9,879.64,115.400950,35.583808,448.52,-0.00136979
2014,259,10,977.38,115.401220,35.584610,463.47,-0.00070454
2014,259,11,1075.12,115.401489,35.585413,493.37,0.00070454
2014,259,12,1172.86,115.401759,35.586215,448.52,0.00070454
2014,259,13,1270.59,115.401759,35.587096,478.42,-0.00000000
2014,259,14,1368.33,115.402028,35.587898,448.52,0.00066525
2014,259,15,1466.07,115.402028,35.588779,478.42,0.00000000
2014,259,16,1563.81,115.402028,35.589660,463.47,-0.00136979
2014,259,17,1661.54,115.402298,35.590463,478.42,0.00000000
2014,259,18,1759.28,115.402567,35.591265,478.42,0.00136979
2014,259,19,1857.02,115.402567,35.592146,478.42,0.00066525
2014,259,20,1954.76,115.402567,35.593027,478.42,-0.00066525
2014,259,21,2052.50,115.402567,35.593908,448.52,-0.00136979
2014,259,22,2150.23,115.402837,35.594710,433.57,-0.00140907
2014,26,0,0.00,115.230360,35.419000,328.91,0.00000000
2014,26,1,36.71,115.229956,35.419000,299.01,0.00000000
2014,26,2,73.43,115.229552,35.419000,508.32,0.00000000
2014,260,0,0.00,115.400142,35.576115,1764.16,0.00198762
2014,260,1,94.30,115.401025,35.575845,1794.06,0.00189409
2014,260,2,188.59,115.402066,35.575845,1255.84,0.00090028
2014,260,3,282.89,115.403106,35.575845,583.07,0.00000000
2014,261,0,0.00,115.084833,35.398788,1554.85,0.00000000
2014,261,1,83.41,115.085415,35.398206,1330.60,0.00000000
2014,261,2,166.82,115.085996,35.397624,1210.99,0.00071596
2014,261,3,250.23,115.086578,35.397042,1136.24,0.00149376
2014,261,4,333.64,115.087258,35.396632,747.53,0.00155561
2014,262,0,0.00,115.084833,35.398788,598.02,0.00116535
2014,262,1,92.50,115.084188,35.398142,612.97,0.00062727
2014,262,2,185.00,115.083755,35.397435,598.02,-0.00060607
2014,262,3,277.50,115.083216,35.396901,627.92,-0.00130132
2014,263,0,0.00,115.402837,35.594710,1794.06,0.00000000
2014,263,1,97.69,115.403915,35.594710,1794.06,0.00000000
2014,263,2,195.38,115.404992,35.594710,897.03,0.00000000
2014,264,0,0.00,115.402837,35.594710,478.42,-0.00540227
2014,264,1,49.20,115.402837,35.595154,493.37,-0.00551431
2014,264,2,98.41,115.403106,35.595519,493.37,-0.00562634
2014,265,0,0.00,115.083216,35.396901,523.27,-0.00013597
2014,265,1,84.87,115.082946,35.396215,598.02,-0.00263740
2014,265,2,169.73,115.082658,35.395534,612.97,-0.00517593
2014,265,3,254.60,115.081868,35.395284,672.77,-0.00521303
2014,266,0,0.00,115.083216,35.396901,1539.90,0.00125802
2014,266,1,89.78,115.082590,35.397527,1599.71,0.00319331
2014,266,2,179.56,115.081863,35.397979,1375.45,0.00731569
2014,266,3,269.34,115.080875,35.397979,702.67,0.01020616
2014,266,4,359.12,115.080521,35.397318,598.02,0.00794345
2014,266,5,448.90,115.080791,35.396587,941.88,0.00359136
2014,266,6,538.67,115.081242,35.395910,1285.75,0.00160810
2014,266,7,628.45,115.081868,35.395284,1225.94,0.00101086
2014,267,0,0.00,115.403106,35.595519,493.37,0.00000000
2014,267,1,90.94,115.403106,35.596338,478.42,-0.00007138
2014,267,2,181.88,115.403106,35.597158,508.32,-0.00077024
2014,267,3,272.82,115.403132,35.597970,433.57,-0.00143593
2014,267,4,363.76,115.403376,35.598719,418.61,-0.00000000
2014,267,5,454.71,115.403645,35.599460,433.57,0.00073708
2014,267,6,545.65,115.403645,35.600280,418.61,0.00000000
2014,267,7,636.59,115.403915,35.601021,433.57,0.00000000
2014,267,8,727.53,115.403915,35.601840,433.57,-0.00015527
2014,267,9,818.47,115.404184,35.602582,418.61,-0.00000000
2014,267,10,909.41,115.404236,35.603386,403.66,-0.00034206
2014,267,11,1000.35,115.404454,35.604142,433.57,-0.00099465
2014,268,0,0.00,115.403106,35.595519,1794.06,0.00000000
2014,268,1,97.69,115.404184,35.595519,1794.06,0.00000000
2014,268,2,195.38,115.405262,35.595519,897.03,0.00000000
2014,269,0,0.00,115.081868,35.395284,642.87,-0.00891562
2014,269,1,34.27,115.081838,35.394984,598.02,-0.00879837
2014,269,2,68.54,115.081599,35.394745,598.02,-0.00868111
2014,27,0,0.00,115.229282,35.421695,313.96,0.00000000
2014,27,1,19.32,115.229147,35.421560,328.91,0.00000000
2014,27,2,38.64,115.229013,35.421425,358.81,0.00000000
2014,270,0,0.00,115.404454,35.604142,598.02,-0.00000000
2014,270,1,85.97,115.405153,35.604572,553.17,0.00072888
2014,270,2,171.94,115.405852,35.605002,508.32,0.00284998
2014,270,3,257.91,115.406452,35.605602,463.47,0.00553842
2014,270,4,343.89,115.406609,35.606331,299.01,0.00593600
2014,270,5,429.86,115.406193,35.606984,508.32,0.00309918
2014,270,6,515.83,115.405593,35.607585,523.27,0.00058050
2014,270,7,601.80,115.404992,35.608185,523.27,-0.00000000
2014,271,0,0.00,115.404454,35.604142,448.52,-0.00144096
2014,271,1,96.67,115.404184,35.604935,448.52,-0.00140064
2014,271,2,193.33,115.404184,35.605806,418.61,-0.00136032
2014,271,3,290.00,115.404184,35.606678,418.61,-0.00213572
2014,271,4,386.66,115.404454,35.607470,433.57,-0.00217626
2014,271,5,483.33,115.404992,35.608185,388.71,-0.00144141
2014,272,0,0.00,115.081599,35.394745,1255.84,0.00039231
2014,272,1,89.71,115.080612,35.394745,1225.94,0.00127902
2014,272,2,179.41,115.079657,35.394689,852.18,0.00389969
2014,272,3,269.12,115.078833,35.394405,612.97,0.00600488
2014,272,4,358.83,115.078365,35.393733,478.42,0.00554275
2014,272,5,448.53,115.078400,35.393093,732.58,0.00272312
2014,272,6,538.24,115.078635,35.392353,792.38,0.00160871
2014,272,7,627.95,115.078817,35.391598,852.18,0.00257244
2014,272,8,717.65,115.079443,35.390972,1240.89,0.00266432
2014,273,0,0.00,115.081599,35.394745,672.77,-0.00160327
2014,273,1,89.30,115.081599,35.393940,627.92,-0.00123660
2014,273,2,178.59,115.081330,35.393214,463.47,-0.00023407
2014,273,3,267.89,115.081190,35.392450,478.42,-0.00192906
2014,273,4,357.18,115.080985,35.391705,448.52,-0.00481349
2014,273,5,446.48,115.080263,35.391253,583.07,-0.00340940
2014,273,6,535.77,115.079443,35.390972,762.48,-0.00145174
2014,274,0,0.00,115.404992,35.608185,568.12,-0.00345018
2014,274,1,99.65,115.405787,35.608710,941.88,-0.00333611
2014,274,2,199.30,115.406879,35.608724,508.32,-0.00322204
2014,275,0,0.00,115.404992,35.608185,388.71,-0.00000000
2014,275,1,99.88,115.404723,35.609007,388.71,-0.00067342
2014,275,2,199.76,115.404454,35.609828,254.16,-0.00130963
2014,275,3,299.64,115.404454,35.610729,269.11,-0.00127241
2014,275,4,399.52,115.404454,35.611629,209.31,-0.00072281
2014,275,5,499.40,115.404723,35.612451,209.31,-0.00011199
2014,275,6,599.28,115.404758,35.613341,254.16,-0.00117270
2014,275,7,699.16,115.405038,35.614159,299.01,-0.00061389
2014,275,8,799.04,115.405527,35.614917,313.96,0.00057374
2014,275,9,898.92,115.405598,35.615797,328.91,-0.00053343
2014,275,10,998.80,115.406070,35.616560,388.71,-0.00061420
2014,275,11,1098.68,115.406366,35.617374,373.76,-0.00052935
2014,275,12,1198.56,115.406855,35.618132,403.66,0.00004046
2014,275,13,1298.44,115.407343,35.618890,433.57,0.00092484
2014,275,14,1398.32,115.407623,35.619709,418.61,0.00042182
2014,275,15,1498.20,115.407957,35.620512,448.52,0.00019040
2014,275,16,1598.08,115.408226,35.621334,448.52,0.00016407
2014,275,17,1697.97,115.408496,35.622155,448.52,0.00067342
2014,275,18,1797.85,115.408765,35.622977,388.71,0.00067342
2014,275,19,1897.73,115.408765,35.623877,418.61,0.00000000
2014,275,20,1997.61,115.409035,35.624699,388.71,0.00063621
2014,275,21,2097.49,115.409035,35.625599,448.52,-0.00052419
2014,275,22,2197.37,115.409035,35.626500,433.57,-0.00130963
2014,275,23,2297.25,115.409515,35.627260,463.47,0.00102550
2014,275,24,2397.13,115.409574,35.628143,448.52,0.00130963
2014,275,25,2497.01,115.409574,35.629043,478.42,-0.00050131
2014,275,26,2596.89,115.409574,35.629944,448.52,-0.00063621
2014,275,27,2696.77,115.409843,35.630765,478.42,0.00041041
2014,275,28,2796.65,115.409843,35.631666,478.42,-0.00000000
2014,275,29,2896.53,115.409941,35.632537,448.52,-0.00017388
2014,275,30,2996.41,115.410113,35.633388,478.42,0.00063621
2014,275,31,3096.29,115.410113,35.634288,478.42,-0.00023653
2014,275,32,3196.17,115.410113,35.635188,478.42,-0.00063621
2014,275,33,3296.05,115.410382,35.636010,478.42,0.00063621
2014,275,34,3395.93,115.410382,35.636910,478.42,0.00063621
2014,275,35,3495.81,115.410382,35.637810,508.32,0.00000000
2014,275,36,3595.69,115.410382,35.638710,478.42,-0.00063621
2014,275,37,3695.57,115.410382,35.639611,493.37,-0.00063621
2014,275,38,3795.45,115.410652,35.640432,493.37,0.00063621
2014,275,39,3895.33,115.410652,35.641333,553.17,0.00127241
2014,277,0,0.00,115.079443,35.390972,598.02,-0.00369353
2014,277,1,53.60,115.079278,35.390537,598.02,-0.00358611
2014,277,2,107.19,115.078904,35.390164,598.02,-0.00347869
2014,278,0,0.00,115.406879,35.608724,448.52,-0.01068198
2014,278,1,31.51,115.407099,35.608944,313.96,-0.01107799
2014,278,2,63.02,115.407418,35.608993,448.52,-0.01147401
2014,279,0,0.00,115.406879,35.608724,568.12,0.01068195
2014,279,1,31.51,115.407099,35.608504,897.03,0.01107795
2014,279,2,63.02,115.407418,35.608454,717.63,0.01147396
2014,28,0,0.00,115.229013,35.421425,403.66,0.00000000
2014,28,1,24.47,115.228743,35.421425,373.76,0.00000000
2014,28,2,48.95,115.228474,35.421425,373.76,0.00000000
2014,280,0,0.00,115.410652,35.641333,672.77,0.00347153
2014,280,1,94.85,115.411413,35.641824,612.97,0.00391593
2014,280,2,189.71,115.411658,35.642608,553.17,0.00283218
2014,280,3,284.56,115.411730,35.643442,627.92,0.00083515
2014,280,4,379.41,115.411730,35.644297,523.27,0.00036626
2014,281,0,0.00,115.410652,35.641333,867.13,-0.00000000
2014,281,1,90.77,115.410018,35.641966,867.13,0.00005036
2014,281,2,181.55,115.409384,35.642600,1031.59,0.00000000
2014,281,3,272.32,115.408742,35.643219,956.83,-0.00017037
2014,281,4,363.09,115.408226,35.643758,747.53,-0.00024002
2014,282,0,0.00,115.078904,35.390164,538.22,-0.00106564
2014,282,1,97.15,115.078852,35.389303,583.07,-0.00221405
2014,282,2,194.29,115.078592,35.388504,538.22,-0.00193823
2014,282,3,291.44,115.077914,35.387826,493.37,0.00056151
2014,282,4,388.59,115.077557,35.387055,448.52,0.00051757
2014,282,5,485.74,115.077185,35.386289,433.57,-0.00056151
2014,282,6,582.88,115.076716,35.385550,448.52,-0.00026057
2014,282,7,680.03,115.076247,35.384812,463.47,0.00000000
2014,282,8,777.18,115.075778,35.384073,418.61,-0.00054523
2014,282,9,874.33,115.075309,35.383335,418.61,0.00000000
2014,282,10,971.47,115.074632,35.382657,403.66,0.00110674
2014,282,11,1068.62,115.074371,35.381858,373.76,-0.00049453
2014,282,12,1165.77,115.073902,35.381120,388.71,-0.00053293
2014,282,13,1262.92,115.073245,35.380436,358.81,0.00100241
2014,282,14,1360.06,115.072975,35.379640,313.96,-0.00005711
2014,282,15,1457.21,115.072496,35.378904,284.06,0.00005362
2014,282,16,1554.36,115.072027,35.378166,209.31,0.00002853
2014,282,17,1651.51,115.071766,35.377366,149.51,-0.00162492
2014,282,18,1748.65,115.071089,35.376689,179.41,-0.00212682
2014,283,0,0.00,115.078904,35.390164,1255.84,0.00276468
2014,283,1,77.95,115.078360,35.390707,1375.45,0.00436521
2014,283,2,155.90,115.077656,35.390972,1360.50,0.00429199
2014,283,3,233.86,115.076798,35.390972,1046.54,0.00130912
2014,283,4,311.81,115.075940,35.390972,762.48,0.00000000
2014,284,0,0.00,115.411730,35.644297,598.02,-0.00000000
2014,284,1,38.60,115.411999,35.644567,627.92,-0.00000000
2014,284,2,77.20,115.412269,35.644836,598.02,-0.00000000
2014,285,0,0.00,115.411730,35.644297,1405.35,0.00367693
2014,285,1,98.95,115.410951,35.644836,1794.06,0.00355207
2014,285,2,197.91,115.409858,35.644836,1121.29,0.00171361
2014,285,3,296.86,115.408765,35.644836,747.53,0.00000000
2014,286,0,0.00,115.071089,35.376689,209.31,0.00208417
2014,286,1,72.58,115.070484,35.376354,194.36,0.00199440
2014,286,2,145.15,115.069978,35.375848,224.26,0.00095231
2014,286,3,217.73,115.069472,35.375341,343.86,-0.00000000
2014,287,0,0.00,115.071089,35.376689,1031.59,0.00000000
2014,287,1,57.97,115.071493,35.376285,837.23,0.00000000
2014,287,2,115.94,115.071897,35.375880,583.07,0.00000000
2014,288,0,0.00,115.412269,35.644836,687.72,0.00334391
2014,288,1,96.57,115.413042,35.645340,568.12,0.00387174
2014,288,2,193.14,115.413299,35.646136,553.17,0.00273691
2014,288,3,289.70,115.413347,35.646992,553.17,0.00107424
2014,289,0,0.00,115.412269,35.644836,1046.54,0.00000000
2014,289,1,97.64,115.411587,35.645518,926.93,-0.00038634
2014,289,2,195.27,115.410905,35.646200,986.73,-0.00145663
2014,289,3,292.91,115.410382,35.646927,612.97,-0.00245322
2014,289,4,390.55,115.410113,35.647729,553.17,-0.00204904
2014,289,5,488.19,115.410113,35.648609,642.87,-0.00133221
2014,29,0,0.00,115.229282,35.421695,418.61,0.00276459
2014,29,1,80.51,115.228552,35.421964,313.96,0.00262980
2014,29,2,161.01,115.227665,35.421964,284.06,0.00249502
2014,290,0,0.00,115.069472,35.375341,702.67,0.00196823
2014,290,1,72.92,115.069772,35.374772,538.22,0.00191243
2014,290,2,145.85,115.070280,35.374263,224.26,0.00185662
2014,291,0,0.00,115.069472,35.375341,299.01,0.00249238
2014,291,1,80.55,115.068585,35.375341,388.71,0.00262692
2014,291,2,161.09,115.067855,35.375072,463.47,0.00276146
2014,292,0,0.00,115.413347,35.646992,926.93,-0.00000000
2014,292,1,79.75,115.412790,35.647549,1091.39,0.00023739
2014,292,2,159.50,115.412233,35.648106,986.73,0.00163674
2014,292,3,239.24,115.411645,35.648609,897.03,0.00263613
2014,292,4,318.99,115.410921,35.648878,179.41,0.00247358
2014,293,0,0.00,115.413347,35.646992,598.02,0.00246522
2014,293,1,82.50,115.413886,35.647579,583.07,0.00109548
2014,293,2,164.99,115.414081,35.648265,478.42,-0.00148237
2014,293,3,247.49,115.414657,35.648841,463.47,-0.00134524
2014,293,4,329.98,115.415233,35.649417,433.57,-0.00000000
2014,294,0,0.00,115.410113,35.648609,911.98,0.00887129
2014,294,1,43.70,115.410595,35.648609,702.67,0.00905999
2014,294,2,87.41,115.410921,35.648878,657.82,0.00924870
2014,295,0,0.00,115.410113,35.648609,598.02,-0.00450041
2014,295,1,76.63,115.409843,35.649221,463.47,-0.00604208
2014,295,2,153.27,115.410113,35.649834,463.47,-0.00549703
2014,295,3,229.90,115.410652,35.650226,493.37,-0.00341032
2014,296,0,0.00,115.067855,35.375072,1091.39,-0.00089356
2014,296,1,88.56,115.067654,35.374332,1001.69,-0.00135532
2014,296,2,177.13,115.067316,35.373633,1016.64,-0.00185216
2014,296,3,265.69,115.066836,35.372975,822.28,-0.00475150
2014,296,4,354.25,115.066207,35.372377,418.61,-0.00635972
2014,296,5,442.81,115.065389,35.372647,373.76,-0.00152741
2014,296,6,531.38,115.064414,35.372647,373.76,0.00102443
2014,296,7,619.94,115.063439,35.372647,373.76,0.00000000
2014,296,8,708.50,115.062465,35.372647,403.66,0.00000000
2014,297,0,0.00,115.067855,35.375072,448.52,-0.00010079
2014,297,1,99.23,115.066763,35.375072,538.22,-0.00081038
2014,297,2,198.46,115.065681,35.375090,388.71,-0.00159192
2014,297,3,297.69,115.064735,35.375341,388.71,-0.00089260
2014,297,4,396.93,115.063798,35.375611,343.86,0.00083194
2014,297,5,496.16,115.062862,35.375880,358.81,-0.00000000
2014,297,6,595.39,115.061770,35.375880,388.71,-0.00181920
2014,297,7,694.62,115.060990,35.376419,388.71,0.00089260
2014,297,8,793.85,115.060053,35.376689,388.71,0.00262958
2014,297,9,893.08,115.058961,35.376689,299.01,0.00162075
2014,298,0,0.00,115.410921,35.648878,627.92,0.00204569
2014,298,1,79.10,115.410921,35.649591,553.17,0.00210924
2014,298,2,158.20,115.410652,35.650226,553.17,0.00217280
2014,3,0,0.00,115.259196,35.431127,299.01,0.00226573
2014,3,1,96.55,115.260103,35.431396,269.11,0.00297855
2014,3,2,193.10,115.260813,35.431969,239.21,0.00379130
2014,3,3,289.65,115.261304,35.432696,269.11,0.00311672
2014,3,4,386.20,115.261352,35.433552,299.01,0.00234220
2014,30,0,0.00,115.229013,35.421425,269.11,-0.00932160
2014,30,1,53.59,115.229282,35.421021,508.32,-0.00932160
2014,30,2,107.18,115.229013,35.420617,508.32,-0.00932160
2014,300,0,0.00,115.415233,35.649417,1794.06,-0.00175217
2014,300,1,78.75,115.415882,35.649038,1240.89,0.00032338
2014,300,2,157.51,115.416432,35.648488,1210.99,0.00272839
2014,300,3,236.26,115.417215,35.648339,403.66,0.00086969
2014,300,4,315.01,115.417928,35.648070,44.85,-0.00131845
2014,301,0,0.00,115.415233,35.649417,433.57,0.00157295
2014,301,1,92.60,115.415503,35.650174,433.57,0.00152834
2014,301,2,185.20,115.415503,35.651008,448.52,0.00074187
2014,301,3,277.81,115.415503,35.651843,448.52,0.00000000
2014,303,0,0.00,115.410652,35.650226,448.52,-0.00118011
2014,303,1,93.38,115.411095,35.650939,448.52,-0.00171758
2014,303,2,186.77,115.411747,35.651591,463.47,-0.00138494
2014,303,3,280.15,115.412498,35.652072,463.47,-0.00104472
2014,303,4,373.53,115.413193,35.652651,508.32,-0.00453695
2014,303,5,466.91,115.414067,35.652921,971.78,-0.00711576
2014,303,6,560.30,115.414851,35.652495,702.67,-0.00412904
2014,303,7,653.68,115.415503,35.651843,1315.65,-0.00152584
2014,304,0,0.00,115.415503,35.651843,598.02,0.00334894
2014,304,1,98.46,115.416388,35.652190,493.37,0.00273284
2014,304,2,196.92,115.416867,35.652938,418.61,0.00004608
2014,304,3,295.38,115.417555,35.653625,328.91,-0.00050317
2014,304,4,393.84,115.418341,35.654142,254.16,0.00031470
2014,304,5,492.30,115.418820,35.654891,254.16,-0.00163531
2014,304,6,590.75,115.419642,35.655346,194.36,-0.00182002
2014,304,7,689.21,115.420492,35.655755,179.41,-0.00160909
2014,304,8,787.67,115.421378,35.656101,164.46,-0.00148761
2014,304,9,886.13,115.422434,35.656155,149.51,-0.00031729
2014,304,10,984.59,115.423365,35.656424,149.51,-0.00017516
2014,304,11,1083.05,115.424432,35.656460,164.46,-0.00022955
2014,304,12,1181.51,115.425383,35.656694,239.21,-0.00045570
2014,304,13,1279.97,115.426470,35.656694,299.01,0.00011403
2014,304,14,1378.43,115.427485,35.656818,328.91,0.00006243
2014,304,15,1476.89,115.428488,35.656963,388.71,-0.00017890
2014,304,16,1575.35,115.429576,35.656963,418.61,0.00039327
2014,304,17,1673.80,115.430539,35.657177,403.66,-0.00048258
2014,304,18,1772.26,115.431593,35.657233,448.52,-0.00043201
2014,304,19,1870.72,115.432681,35.657233,478.42,0.00066148
2014,304,20,1969.18,115.433691,35.657365,538.22,-0.00081549
2014,304,21,2067.64,115.434699,35.657502,538.22,-0.00129286
2014,304,22,2166.10,115.435629,35.657233,508.32,0.00124750
2014,304,23,2264.56,115.436646,35.657355,508.32,0.00090654
2014,304,24,2363.02,115.437647,35.657502,538.22,-0.00082370
2014,304,25,2461.48,115.438735,35.657502,538.22,-0.00043738
2014,304,26,2559.94,115.439822,35.657502,508.32,0.00000000
2014,304,27,2658.40,115.440909,35.657502,508.32,0.00000000
2014,304,28,2756.86,115.441997,35.657502,508.32,0.00018826
2014,304,29,2855.31,115.443084,35.657502,508.32,0.00082370
2014,304,30,2953.77,115.444134,35.657567,493.37,0.00042867
2014,304,31,3052.23,115.445102,35.657772,478.42,-0.00082370
2014,304,32,3150.69,115.446189,35.657772,508.32,0.00020677
2014,304,33,3249.15,115.447277,35.657772,463.47,0.00173158
2014,304,34,3347.61,115.448207,35.658041,418.61,0.00047644
2014,304,35,3446.07,115.449138,35.658311,328.91,-0.00090788
2014,304,36,3544.53,115.450142,35.658455,299.01,-0.00006076
2014,304,37,3642.99,115.451156,35.658580,269.11,0.00102827
2014,304,38,3741.45,115.452087,35.658850,224.26,0.00147856
2014,304,39,3839.91,115.452997,35.659154,179.41,0.00101363
2014,304,40,3938.36,115.453784,35.659671,164.46,0.00072562
2014,304,41,4036.82,115.454669,35.660018,209.31,0.00112619
2014,304,42,4135.28,115.455357,35.660705,239.21,0.00000000
2014,304,43,4233.74,115.456144,35.661222,269.11,-0.00000000
2014,304,44,4332.20,115.456930,35.661739,299.01,0.00038512
2014,304,45,4430.66,115.457618,35.662427,343.86,-0.00112619
2014,304,46,4529.12,115.458434,35.662892,388.71,-0.00115508
2014,304,47,4627.58,115.459290,35.663291,388.71,0.00108011
2014,304,48,4726.04,115.460139,35.663701,358.81,0.00105419
2014,304,49,4824.50,115.460654,35.664386,388.71,-0.00108011
2014,304,50,4922.96,115.461540,35.664732,403.66,-0.00028423
2014,304,51,5021.41,115.462327,35.665250,448.52,0.00057797
2014,304,52,5119.87,115.463113,35.665767,433.57,-0.00045868
2014,304,53,5218.33,115.463900,35.666284,448.52,-0.00038374
2014,304,54,5316.79,115.464766,35.666665,448.52,0.00060274
2014,304,55,5415.25,115.465539,35.667204,478.42,-0.00038622
2014,304,56,5513.71,115.466313,35.667743,463.47,-0.00040699
2014,304,57,5612.17,115.467244,35.668013,448.52,0.00131455
2014,304,58,5710.63,115.467932,35.668699,448.52,0.00026293
2014,304,59,5809.09,115.468719,35.669216,448.52,0.00000363
2014,304,60,5907.55,115.469505,35.669733,448.52,0.00000000
2014,304,61,6006.01,115.470193,35.670421,493.37,-0.00004718
2014,304,62,6104.47,115.471079,35.670767,463.47,0.00263450
2014,304,63,6202.92,115.471558,35.671515,523.27,0.00268435
2014,304,64,6301.38,115.471827,35.672325,568.12,0.00110178
2014,305,0,0.00,115.471827,35.672325,627.92,0.00070397
2014,305,1,93.96,115.472708,35.672594,568.12,0.00236550
2014,305,2,187.91,115.473536,35.672955,583.07,0.00359222
2014,305,3,281.87,115.473983,35.673672,642.87,0.00315742
2014,306,0,0.00,115.471827,35.672325,1794.06,-0.00000000
2014,306,1,91.93,115.471185,35.672967,1734.26,0.00109746
2014,306,2,183.87,115.470543,35.673608,687.72,0.00456914
2014,306,3,275.80,115.469721,35.673941,612.97,0.00572029
2014,306,4,367.74,115.468863,35.673672,493.37,0.00449722
2014,307,0,0.00,115.473983,35.673672,747.53,0.00354188
2014,307,1,68.23,115.474737,35.673672,627.92,0.00625886
2014,307,2,136.45,115.475332,35.673943,583.07,0.00691080
2014,307,3,204.68,115.475600,35.674480,717.63,0.00484575
2014,308,0,0.00,115.473983,35.673672,1794.06,-0.00282390
2014,308,1,97.37,115.473303,35.674352,1240.89,-0.00366250
2014,308,2,194.74,115.473175,35.675192,971.78,-0.00687874
2014,308,3,292.11,115.473362,35.676015,508.32,-0.01095772
2014,308,4,389.48,115.474240,35.675840,1121.29,-0.00784151
2014,308,5,486.85,115.474920,35.675160,1300.70,-0.00151198
2014,308,6,584.22,115.475600,35.674480,1794.06,0.00000000
2014,309,0,0.00,115.475600,35.674480,583.07,0.00204546
2014,309,1,94.49,115.476487,35.674750,568.12,0.00200532
2014,309,2,188.97,115.477217,35.675289,598.02,0.00196517
2014,31,0,0.00,115.265125,35.441098,747.53,0.00000000
2014,31,1,85.64,115.264182,35.441098,777.43,0.00000000
2014,31,2,171.28,115.263238,35.441098,373.76,0.00000000
2014,310,0,0.00,115.477217,35.675289,657.82,-0.00025610
2014,310,1,95.11,115.478179,35.675442,687.72,0.00028553
2014,310,2,190.21,115.479161,35.675558,448.52,0.00151752
2014,310,3,285.32,115.480055,35.675828,388.71,0.00254381
2014,310,4,380.42,115.480865,35.676242,418.61,0.00225796
2014,310,5,475.53,115.481529,35.676906,388.71,0.00163619
2014,311,0,0.00,115.477217,35.675289,1554.85,-0.00298353
2014,311,1,93.69,115.476948,35.676055,1031.59,-0.00298353
2014,311,2,187.37,115.477217,35.676821,777.43,-0.00227333
2014,311,3,281.06,115.477487,35.677587,702.67,-0.00187817
2014,311,4,374.75,115.478026,35.678275,433.57,-0.00204298
2014,311,5,468.44,115.478587,35.678815,403.66,-0.00209560
2014,311,6,562.12,115.479340,35.679298,433.57,-0.00098124
2014,311,7,655.81,115.480193,35.679612,433.57,-0.00000000
2014,311,8,749.50,115.480920,35.680140,433.57,-0.00116555
2014,311,9,843.18,115.481798,35.680409,627.92,-0.00199512
2014,312,0,0.00,115.481529,35.676906,433.57,-0.00000000
2014,312,1,90.55,115.482260,35.677368,418.61,0.00125732
2014,312,2,181.10,115.482992,35.677830,508.32,0.00248214
2014,312,3,271.65,115.483415,35.678523,523.27,0.00244964
2014,313,0,0.00,115.481529,35.676906,1794.06,0.00000000
2014,313,1,77.18,115.480990,35.677445,1794.06,0.00000000
2014,313,2,154.37,115.480451,35.677984,1794.06,-0.00000000
2014,313,3,231.55,115.479912,35.678523,717.63,0.00000000
2014,314,0,0.00,115.481798,35.680409,717.63,0.00136017
2014,314,1,87.15,115.482198,35.679740,941.88,0.00132458
2014,314,2,174.30,115.482807,35.679131,1794.06,0.00064449
2014,314,3,261.45,115.483415,35.678523,1794.06,0.00000000
2014,315,0,0.00,115.481798,35.680409,687.72,-0.00356310
2014,315,1,94.48,115.482458,35.681069,448.52,-0.00369545
2014,315,2,188.96,115.483415,35.681218,687.72,-0.00382780
2014,316,0,0.00,115.483415,35.678523,508.32,0.00162942
2014,316,1,80.29,115.484273,35.678572,687.72,0.00168523
2014,316,2,160.58,115.485032,35.678792,642.87,0.00174104
2014,317,0,0.00,115.483415,35.681218,702.67,-0.00088898
2014,317,1,99.20,115.483899,35.681971,523.27,-0.00387871
2014,317,2,198.40,115.484476,35.682565,627.92,-0.00786067
2014,317,3,297.61,115.485473,35.682395,1136.24,-0.00656881
2014,317,4,396.81,115.486165,35.681702,1375.45,-0.00266321
2014,317,5,496.01,115.486649,35.680948,1196.04,-0.00104171
2014,318,0,0.00,115.483415,35.681218,747.53,0.00000000
2014,318,1,77.18,115.483954,35.680679,1345.55,0.00000000
2014,318,2,154.36,115.484493,35.680140,1794.06,-0.00000000
2014,318,3,231.55,115.485032,35.679601,1794.06,-0.00000000
2014,319,0,0.00,115.485032,35.678792,747.53,0.00000000
2014,319,1,44.85,115.485032,35.679197,822.28,0.00000000
2014,319,2,89.70,115.485032,35.679601,837.23,0.00000000
2014,32,0,0.00,115.265125,35.441098,299.01,-0.00214970
2014,32,1,99.41,115.265401,35.441913,343.86,-0.00133054
2014,32,2,198.81,115.266094,35.442607,358.81,0.00083000
2014,32,3,298.22,115.266472,35.443392,328.91,0.00204722
2014,32,4,397.62,115.266742,35.444210,388.71,0.00096153
2014,32,5,497.03,115.266742,35.445106,358.81,-0.00068182
2014,32,6,596.44,115.267011,35.445923,403.66,-0.00000000
2014,32,7,695.84,115.267281,35.446740,478.42,0.00132575
2014,32,8,795.25,115.267281,35.447636,553.17,0.00064393
2014,32,9,894.65,115.267281,35.448375,523.27,0.00000000
2014,320,0,0.00,115.485032,35.678792,1689.41,0.00000000
2014,320,1,85.32,115.485628,35.678197,1734.26,0.00068221
2014,320,2,170.63,115.486224,35.677601,1106.34,0.00142255
2014,320,3,255.95,115.486919,35.677175,583.07,0.00148069
2014,321,0,0.00,115.486649,35.680948,612.97,-0.00172588
2014,321,1,81.28,115.487316,35.681346,627.92,-0.00086294
2014,321,2,162.57,115.488082,35.681573,627.92,-0.00087446
2014,321,3,243.85,115.488749,35.681970,627.92,-0.00252531
2014,321,4,325.13,115.489614,35.682026,747.53,-0.00330170
2014,322,0,0.00,115.486649,35.680948,598.02,-0.00149097
2014,322,1,82.92,115.486380,35.680279,747.53,-0.00422309
2014,322,2,165.84,115.485909,35.679669,478.42,-0.00624007
2014,322,3,248.76,115.485032,35.679601,747.53,-0.00552493
2014,325,0,0.00,115.489614,35.682026,583.07,-0.00000000
2014,325,1,19.30,115.489749,35.682161,598.02,-0.00000000
2014,325,2,38.59,115.489883,35.682296,538.22,-0.00000000
2014,326,0,0.00,115.489883,35.682296,777.43,0.00000000
2014,326,1,79.29,115.490759,35.682296,777.43,0.00000000
2014,326,2,158.57,115.491635,35.682296,777.43,0.00000000
2014,326,3,237.86,115.492511,35.682296,373.76,0.00000000
2014,326,4,317.14,115.493387,35.682296,343.86,0.00000000
2014,327,0,0.00,115.489614,35.682026,1315.65,0.00000000
2014,327,1,77.18,115.490153,35.681487,1151.19,0.00000000
2014,327,2,154.36,115.490692,35.680948,1225.94,0.00000000
2014,328,0,0.00,115.489883,35.682296,1076.44,-0.00215036
2014,328,1,81.73,115.489883,35.682876,882.08,-0.00200185
2014,328,2,163.45,115.490153,35.683534,448.52,-0.00222445
2014,328,3,245.18,115.490430,35.684190,358.81,-0.00374017
2014,328,4,326.90,115.491024,35.684721,328.91,-0.00376036
2014,328,5,408.63,115.491770,35.684991,224.26,-0.00263594
2014,329,0,0.00,115.493387,35.682296,687.72,-0.00000000
2014,329,1,38.59,115.493656,35.682026,388.71,-0.00000000
2014,329,2,77.18,115.493926,35.681757,403.66,-0.00000000
2014,33,0,0.00,115.229552,35.419000,418.61,-0.00000000
2014,33,1,77.28,115.229013,35.418461,358.81,-0.00000000
2014,33,2,154.56,115.228474,35.417922,299.01,-0.00000000
2014,330,0,0.00,115.493387,35.682296,358.81,0.00000000
2014,330,1,38.59,115.493656,35.682565,328.91,0.00000000
2014,330,2,77.18,115.493926,35.682835,313.96,0.00000000
2014,331,0,0.00,115.490692,35.680948,777.43,-0.00250983
2014,331,1,80.29,115.491579,35.680948,448.52,-0.00264598
2014,331,2,160.57,115.492309,35.680679,179.41,-0.00278213
2014,332,0,0.00,115.490692,35.680948,986.73,0.00516031
2014,332,1,77.69,115.491025,35.680345,313.96,0.00936683
2014,332,2,155.37,115.491764,35.680140,598.02,0.01047373
2014,332,3,233.06,115.492309,35.680679,538.22,0.00737411
2014,333,0,0.00,115.491770,35.684991,1794.06,-0.00867296
2014,333,1,34.25,115.492009,35.684752,1076.44,-0.00878890
2014,333,2,68.49,115.492039,35.684452,478.42,-0.00890484
2014,334,0,0.00,115.491770,35.684991,358.81,-0.00026182
2014,334,1,99.80,115.492467,35.685688,284.06,-0.00102798
2014,334,2,199.60,115.493191,35.686338,269.11,-0.00081751
2014,334,3,299.40,115.494059,35.686741,254.16,-0.00000000
2014,334,4,399.20,115.494768,35.687416,269.11,-0.00089236
2014,334,5,499.00,115.495651,35.687794,254.16,-0.00027278
2014,334,6,598.79,115.496503,35.688225,239.21,-0.00000000
2014,334,7,698.59,115.497292,35.688764,269.11,-0.00145693
2014,334,8,798.39,115.498238,35.689033,358.81,-0.00183382
2014,335,0,0.00,115.493926,35.681757,343.86,0.00000000
2014,335,1,36.59,115.494330,35.681757,343.86,0.00000000
2014,335,2,73.19,115.494734,35.681757,373.76,0.00000000
2014,336,0,0.00,115.493926,35.681757,388.71,-0.00174681
2014,336,1,67.72,115.493453,35.681284,568.12,-0.00229859
2014,336,2,135.44,115.492900,35.680948,523.27,-0.00191002
2014,336,3,203.16,115.492309,35.680679,508.32,-0.00096969
2014,337,0,0.00,115.493926,35.682835,343.86,0.00210700
2014,337,1,87.38,115.494891,35.682835,284.06,0.00341182
2014,337,2,174.76,115.495699,35.683104,269.11,0.00347964
2014,337,3,262.14,115.496351,35.683643,239.21,0.00224265
2014,338,0,0.00,115.493926,35.682835,837.23,0.00000000
2014,338,1,59.80,115.493926,35.683374,612.97,0.00000000
2014,338,2,119.61,115.493926,35.683913,598.02,0.00000000
2014,34,0,0.00,115.229552,35.419000,762.48,0.00000000
2014,34,1,38.64,115.229282,35.419269,792.38,0.00000000
2014,34,2,77.28,115.229013,35.419539,717.63,0.00000000
2014,340,0,0.00,115.498238,35.689033,358.81,-0.00415226
2014,340,1,71.11,115.498734,35.689530,343.86,-0.00434578
2014,340,2,142.23,115.499429,35.689686,358.81,-0.00226965
2014,340,3,213.34,115.500124,35.689842,358.81,0.00000000
2014,341,0,0.00,115.498238,35.689033,1031.59,-0.00000000
2014,341,1,87.79,115.498507,35.688320,911.98,0.00064584
2014,341,2,175.57,115.498777,35.687607,792.38,0.00174750
2014,341,3,263.36,115.499242,35.686951,986.73,0.00154793
2014,341,4,351.14,115.499855,35.686338,1061.49,0.00089254
2014,342,0,0.00,115.496351,35.683643,463.47,-0.00468411
2014,342,1,81.48,115.496503,35.684334,284.06,-0.00538267
2014,342,2,162.97,115.497177,35.684721,254.16,-0.00770398
2014,342,3,244.45,115.497921,35.684991,358.81,-0.00835297
2014,342,4,325.94,115.498507,35.684452,1225.94,-0.00737920
2014,343,0,0.00,115.496351,35.683643,313.96,0.00245989
2014,343,1,88.71,115.497018,35.683643,254.16,0.00330861
2014,343,2,177.42,115.497841,35.683913,239.21,0.00317232
2014,343,3,266.14,115.498507,35.684452,254.16,0.00218731
2014,344,0,0.00,115.500124,35.689842,1196.04,0.00198809
2014,344,1,78.14,115.500124,35.689137,1270.79,0.00324920
2014,344,2,156.28,115.500380,35.688508,822.28,0.00338479
2014,344,3,234.41,115.500926,35.687962,687.72,0.00112963
2014,344,4,312.55,115.501472,35.687416,1240.89,0.00000000
2014,345,0,0.00,115.500124,35.689842,313.96,-0.00218577
2014,345,1,74.51,115.500790,35.690111,642.87,-0.00162383
2014,345,2,149.03,115.501561,35.690201,627.92,-0.00000000
2014,345,3,223.54,115.502280,35.690381,612.97,0.00106189
2014,346,0,0.00,115.499855,35.686338,328.91,0.00096985
2014,346,1,67.72,115.500446,35.686608,299.01,0.00191019
2014,346,2,135.43,115.500999,35.686943,343.86,0.00229868
2014,346,3,203.15,115.501472,35.687416,373.76,0.00174683
2014,347,0,0.00,115.499855,35.686338,343.86,0.00014936
2014,347,1,89.49,115.499438,35.685653,299.01,-0.00058327
2014,347,2,178.97,115.499046,35.684960,239.21,-0.00149046
2014,347,3,268.46,115.498507,35.684452,239.21,-0.00166501
2014,349,0,0.00,115.501472,35.687416,328.91,0.00453862
2014,349,1,97.62,115.502352,35.687757,343.86,0.00387402
2014,349,2,195.23,115.502616,35.688560,448.52,0.00105030
2014,349,3,292.85,115.503089,35.689303,762.48,-0.00110883
2014,35,0,0.00,115.229013,35.420617,612.97,0.00000000
2014,35,1,59.80,115.229013,35.420078,971.78,0.00000000
2014,35,2,119.60,115.229013,35.419539,941.88,0.00000000
2014,351,0,0.00,115.502280,35.690381,598.02,0.00000000
2014,351,1,53.54,115.502550,35.690785,687.72,0.00000000
2014,351,2,107.08,115.502819,35.691189,508.32,0.00000000
2014,352,0,0.00,115.502280,35.690381,1794.06,0.00196743
2014,352,1,72.83,115.502580,35.689811,672.77,0.00191194
2014,352,2,145.67,115.503089,35.689303,1405.35,0.00185645
2014,353,0,0.00,115.503089,35.689303,598.02,-0.00000000
2014,353,1,87.38,115.503897,35.689572,568.12,-0.00000000
2014,353,2,174.75,115.504705,35.689842,433.57,-0.00000000
2014,354,0,0.00,115.504705,35.689842,1210.99,0.00000000
2014,354,1,44.85,115.504705,35.690246,1285.75,0.00000000
2014,354,2,89.70,115.504705,35.690650,702.67,0.00000000
2014,355,0,0.00,115.504705,35.689842,1584.76,0.00058821
2014,355,1,95.53,115.505447,35.689303,1405.35,0.00267635
2014,355,2,191.06,115.506238,35.688848,478.42,0.00656678
2014,355,3,286.59,115.507103,35.689006,328.91,0.00577235
2014,355,4,382.11,115.507771,35.689673,508.32,0.00326500
2014,355,5,477.64,115.508438,35.690340,583.07,0.00337723
2014,355,6,573.17,115.508478,35.691189,807.33,0.00340008
2014,356,0,0.00,115.504705,35.690650,299.01,-0.00207114
2014,356,1,92.47,115.505570,35.690920,358.81,-0.00103557
2014,356,2,184.95,115.506592,35.690920,328.91,0.00000000
2014,356,3,277.42,115.507457,35.691189,508.32,-0.00093734
2014,356,4,369.89,115.508478,35.691189,418.61,-0.00187468
2014,357,0,0.00,115.504705,35.690650,867.13,-0.00000000
2014,357,1,19.29,115.504571,35.690785,1480.10,-0.00000000
2014,357,2,38.59,115.504436,35.690920,598.02,-0.00000000
2014,359,0,0.00,115.508478,35.691189,463.47,-0.00037835
2014,359,1,97.53,115.509242,35.691728,448.52,-0.00087833
2014,359,2,195.06,115.510039,35.692211,493.37,-0.00058949
2014,359,3,292.58,115.510918,35.692551,508.32,0.00009966
2014,359,4,390.11,115.511699,35.693062,478.42,-0.00010235
2014,359,5,487.64,115.512578,35.693402,493.37,0.00000000
2014,359,6,585.17,115.513375,35.693884,448.52,0.00020422
2014,359,7,682.69,115.514238,35.694253,493.37,0.00114860
2014,359,8,780.22,115.515018,35.694764,493.37,0.00048762
2014,359,9,877.75,115.515699,35.695445,493.37,-0.00110294
2014,359,10,975.28,115.516579,35.695786,478.42,-0.00000000
2014,359,11,1072.81,115.517351,35.696310,478.42,0.00073301
2014,359,12,1170.33,115.518139,35.696807,433.57,0.00055911
2014,359,13,1267.86,115.518879,35.697388,448.52,0.00121487
2014,359,14,1365.39,115.519600,35.697999,388.71,0.00212656
2014,359,15,1462.92,115.520067,35.698743,403.66,0.00180835
2014,359,16,1560.44,115.520336,35.699543,403.66,0.00105347
2014,36,0,0.00,115.229013,35.420617,388.71,0.00883002
2014,36,1,43.80,115.228530,35.420617,299.01,0.00901846
2014,36,2,87.59,115.228204,35.420347,508.32,0.00920689
2014,360,0,0.00,115.520336,35.699543,373.76,0.00441310
2014,360,1,98.93,115.521226,35.699894,373.76,0.00376732
2014,360,2,197.87,115.521499,35.700706,284.06,0.00164361
2014,360,3,296.80,115.521981,35.701458,299.01,0.00107759
2014,360,4,395.74,115.522223,35.702279,149.51,0.00116579
2014,360,5,494.67,115.522319,35.703143,179.41,0.00040790
2014,360,6,593.61,115.522492,35.703985,224.26,0.00009999
2014,360,7,692.54,115.522492,35.704876,254.16,-0.00023686
2014,360,8,791.48,115.522721,35.705701,254.16,-0.00020084
2014,360,9,890.41,115.522762,35.706581,284.06,0.00000000
2014,360,10,989.35,115.523031,35.707395,284.06,0.00139634
2014,360,11,1088.28,115.523031,35.708287,299.01,0.00129549
2014,360,12,1187.22,115.522762,35.709100,313.96,0.00000000
2014,360,13,1286.15,115.522762,35.709992,284.06,0.00058115
2014,360,14,1385.09,115.522492,35.710805,299.01,-0.00000000
2014,360,15,1484.02,115.522263,35.711630,254.16,-0.00092490
2014,360,16,1582.96,115.522223,35.712510,269.11,0.00000000
2014,360,17,1681.89,115.522134,35.713376,284.06,0.00051479
2014,360,18,1780.83,115.521953,35.714215,299.01,0.00138619
2014,360,19,1879.76,115.521796,35.715061,358.81,0.00080731
2014,360,20,1978.70,115.521145,35.715764,358.81,-0.00070050
2014,360,21,2077.63,115.521145,35.716656,358.81,-0.00029265
2014,360,22,2176.57,115.520606,35.717391,373.76,0.00000000
2014,360,23,2275.50,115.520606,35.718282,373.76,0.00070050
2014,360,24,2374.44,115.520067,35.719018,418.61,-0.00037608
2014,360,25,2473.37,115.519797,35.719831,448.52,-0.00070050
2014,360,26,2572.30,115.519674,35.720687,463.47,0.00075659
2014,360,27,2671.24,115.519258,35.721458,478.42,0.00000000
2014,360,28,2770.17,115.518989,35.722271,478.42,-0.00017873
2014,360,29,2869.11,115.518719,35.723085,493.37,0.00070050
2014,360,30,2968.04,115.518372,35.723876,523.27,0.00036116
2014,360,31,3066.98,115.517911,35.724634,523.27,0.00045514
2014,360,32,3165.91,115.517616,35.725440,538.22,0.00076427
2014,360,33,3264.85,115.516925,35.726131,523.27,-0.00091528
2014,360,34,3363.78,115.516563,35.726917,493.37,-0.00099532
2014,360,35,3462.72,115.516294,35.727731,538.22,0.00046014
2014,360,36,3561.65,115.515896,35.728507,478.42,0.00003629
2014,360,37,3660.59,115.515485,35.729279,448.52,-0.00049639
2014,360,38,3759.52,115.515216,35.730093,448.52,-0.00036818
2014,360,39,3858.46,115.514868,35.730884,433.57,-0.00040692
2014,360,40,3957.39,115.514677,35.731720,433.57,-0.00103940
2014,360,41,4056.33,115.514407,35.732533,388.71,-0.00246406
2014,360,42,4155.26,115.514558,35.733381,433.57,-0.00193567
2014,360,43,4254.20,115.514946,35.734160,373.76,-0.00026404
2014,360,44,4353.13,115.515216,35.734974,284.06,-0.00104190
2014,360,45,4452.07,115.515587,35.735757,224.26,-0.00236354
2014,360,46,4551.00,115.516278,35.736449,179.41,-0.00239185
2014,360,47,4649.94,115.517068,35.736969,194.36,-0.00121296
2014,360,48,4748.87,115.517958,35.737320,224.26,-0.00037805
2014,360,49,4847.80,115.518765,35.737812,224.26,-0.00038986
2014,360,50,4946.74,115.519701,35.738081,254.16,0.00016984
2014,360,51,5045.67,115.520527,35.738541,254.16,0.00048846
2014,360,52,5144.61,115.521416,35.738892,269.11,0.00020821
2014,360,53,5243.54,115.522207,35.739413,269.11,-0.00109325
2014,360,54,5342.48,115.523096,35.739763,373.76,-0.00137026
2014,360,55,5441.41,115.524070,35.739968,358.81,-0.00005544
2014,360,56,5540.35,115.525007,35.740237,358.81,-0.00067729
2014,360,57,5639.28,115.525943,35.740507,388.71,-0.00089886
2014,360,58,5738.22,115.527037,35.740507,358.81,-0.00000000
2014,360,59,5837.15,115.527974,35.740776,328.91,-0.00081561
2014,360,60,5936.09,115.529067,35.740776,239.21,-0.00159339
2014,360,61,6035.02,115.530161,35.740776,254.16,-0.00081561
2014,360,62,6133.96,115.531104,35.740518,328.91,0.00156078
2014,360,63,6232.89,115.532191,35.740507,328.91,0.00163122
2014,360,64,6331.83,115.533127,35.740776,328.91,-0.00078300
2014,360,65,6430.76,115.534221,35.740776,328.91,-0.00081561
2014,360,66,6529.70,115.535314,35.740776,328.91,0.00000000
2014,360,67,6628.63,115.536408,35.740776,328.91,0.00000000
2014,360,68,6727.57,115.537502,35.740776,358.81,-0.00040498
2014,360,69,6826.50,115.538595,35.740776,358.81,-0.00081561
2014,360,70,6925.44,115.539608,35.740638,388.71,-0.00015971
2014,360,71,7024.37,115.540625,35.740507,418.61,-0.00000000
2014,360,72,7123.31,115.541685,35.740448,403.66,-0.00006579
2014,360,73,7222.24,115.542655,35.740237,418.61,0.00081561
2014,360,74,7321.17,115.543749,35.740237,478.42,0.00063047
2014,360,75,7420.11,115.544842,35.740237,418.61,-0.00002387
2014,360,76,7519.04,115.545936,35.740237,478.42,-0.00081561
2014,360,77,7617.98,115.547025,35.740229,448.52,-0.00166175
2014,360,78,7716.91,115.547966,35.739968,478.42,-0.00089886
2014,360,79,7815.85,115.548903,35.739698,403.66,-0.00005771
2014,361,0,0.00,115.520336,35.699543,1255.84,0.00000000
2014,361,1,57.88,115.519932,35.699948,1240.89,0.00000000
2014,361,2,115.76,115.519528,35.700352,627.92,0.00000000
2014,362,0,0.00,115.548903,35.739698,403.66,0.00176746
2014,362,1,99.74,115.549848,35.739429,478.42,0.00168587
2014,362,2,199.48,115.550951,35.739429,508.32,-0.00010795
2014,362,3,299.22,115.552053,35.739429,478.42,-0.00168587
2014,362,4,398.96,115.552979,35.739125,493.37,-0.00066103
2014,362,5,498.69,115.553945,35.738890,463.47,-0.00000000
2014,362,6,598.43,115.554890,35.738620,448.52,0.00076897
2014,362,7,698.17,115.555836,35.738351,478.42,0.00168587
2014,362,8,797.91,115.556938,35.738351,418.61,0.00080214
2014,362,9,897.65,115.558041,35.738351,328.91,0.00000000
2014,362,10,997.39,115.559143,35.738351,388.71,0.00000000
2014,363,0,0.00,115.548903,35.739698,926.93,0.00433571
2014,363,1,68.48,115.548424,35.739220,1644.56,0.00329927
2014,363,2,136.96,115.548364,35.738620,1734.26,0.00000000
2014,363,3,205.44,115.548094,35.738081,882.08,-0.00226283
2014,364,0,0.00,115.559143,35.738351,1046.54,0.00218859
2014,364,1,68.48,115.559204,35.737751,702.67,0.00334165
2014,364,2,136.96,115.559474,35.737212,269.11,0.00329928
2014,364,3,205.45,115.559952,35.736734,209.31,0.00210385
2014,365,0,0.00,115.559143,35.738351,433.57,-0.00214779
2014,365,1,90.89,115.559991,35.738620,313.96,-0.00370067
2014,365,2,181.78,115.560996,35.738620,89.70,-0.00517150
2014,365,3,272.66,115.561742,35.738177,194.36,-0.00322318
2014,365,4,363.55,115.562377,35.737542,373.76,-0.00135690
2014,366,0,0.00,115.562377,35.737542,343.86,-0.00097339
2014,366,1,97.02,115.563293,35.737273,388.71,-0.00011645
2014,366,2,194.03,115.564129,35.736868,358.81,0.00061200
2014,366,3,291.05,115.565105,35.736701,358.81,-0.00037024
2014,366,4,388.07,115.565981,35.736364,373.76,0.00000000
2014,366,5,485.08,115.566857,35.736027,418.61,0.00012045
2014,366,6,582.10,115.567832,35.735860,403.66,-0.00086230
2014,366,7,679.12,115.568629,35.735386,418.61,0.00097197
2014,366,8,776.13,115.569544,35.735117,358.81,0.00073699
2014,366,9,873.15,115.570560,35.735019,373.76,-0.00109243
2014,366,10,970.16,115.571375,35.734578,358.81,-0.00011016
2014,366,11,1067.18,115.572312,35.734345,373.76,0.00000000
2014,366,12,1164.20,115.573188,35.734008,343.86,-0.00037654
2014,366,13,1261.21,115.574064,35.733671,313.96,-0.00012996
2014,366,14,1358.23,115.574940,35.733334,328.91,0.00011412
2014,366,15,1455.25,115.575795,35.732961,313.96,-0.00035382
2014,366,16,1552.26,115.576711,35.732691,299.01,-0.00153635
2014,366,17,1649.28,115.577469,35.732152,328.91,-0.00187690
2014,367,0,0.00,115.562377,35.737542,837.23,-0.00000000
2014,367,1,77.16,115.561838,35.737003,568.12,-0.00000000
2014,367,2,154.32,115.561299,35.736464,657.82,-0.00000000
2014,368,0,0.00,115.577469,35.732152,388.71,0.00000000
2014,368,1,75.15,115.578143,35.731883,328.91,0.00000000
2014,368,2,150.30,115.578817,35.731613,358.81,0.00000000
2014,369,0,0.00,115.577469,35.732152,1794.06,0.00329548
2014,369,1,90.53,115.576930,35.731493,1181.09,0.00555035
2014,369,2,181.06,115.576930,35.730677,493.37,0.01187089
2014,369,3,271.58,115.577552,35.730349,418.61,0.01126988
2014,369,4,362.11,115.578184,35.730981,1270.79,0.00330161
2014,369,5,452.64,115.578817,35.731613,1719.31,0.00000000
2014,37,0,0.00,115.267281,35.448375,1405.35,0.00000000
2014,37,1,48.93,115.266742,35.448375,1405.35,0.00000000
2014,37,2,97.87,115.266203,35.448375,1285.75,0.00000000
2014,370,0,0.00,115.578817,35.731613,328.91,-0.00257696
2014,370,1,83.95,115.579587,35.731344,358.81,-0.00128848
2014,370,2,167.90,115.580201,35.730805,358.81,0.00128848
2014,370,3,251.85,115.580972,35.730535,373.76,0.00128848
2014,370,4,335.80,115.581743,35.730266,328.91,-0.00128848
2014,370,5,419.75,115.582514,35.729996,328.91,-0.00248517
2014,370,6,503.70,115.583128,35.729457,388.71,-0.00239339
2014,371,0,0.00,115.583128,35.729457,358.81,-0.00215846
2014,371,1,72.93,115.583836,35.729289,313.96,-0.00412846
2014,371,2,145.86,115.584445,35.728949,313.96,-0.00495538
2014,371,3,218.79,115.584745,35.728379,358.81,-0.00381230
2014,372,0,0.00,115.583128,35.729457,1794.06,0.00000000
2014,372,1,38.58,115.582859,35.729188,1794.06,0.00000000
2014,372,2,77.16,115.582589,35.728918,1794.06,0.00000000
2014,373,0,0.00,115.584745,35.728379,1794.06,-0.00298666
2014,373,1,80.90,115.584180,35.727814,1181.09,-0.00451838
2014,373,2,161.81,115.583428,35.727571,508.32,-0.00853101
2014,373,3,242.71,115.582554,35.727606,313.96,-0.01080512
2014,373,4,323.62,115.582589,35.728189,583.07,-0.00516347
2014,373,5,404.52,115.582589,35.728918,702.67,0.00027139
2014,374,0,0.00,115.584745,35.728379,388.71,-0.00117674
2014,374,1,98.93,115.585635,35.728029,343.86,-0.00101349
2014,374,2,197.86,115.586425,35.727508,358.81,-0.00057196
2014,374,3,296.79,115.587241,35.727032,418.61,-0.00029164
2014,374,4,395.72,115.588005,35.726467,403.66,-0.00054250
2014,374,5,494.64,115.588796,35.725946,388.71,0.00014481
2014,374,6,593.57,115.589487,35.725255,448.52,0.00170283
2014,374,7,692.50,115.590376,35.724905,418.61,0.00116033
2014,374,8,791.43,115.591266,35.724554,388.71,0.00073946
2014,374,9,890.36,115.592155,35.724204,328.91,0.00101280
2014,374,10,989.29,115.593169,35.724067,299.01,-0.00030134
2014,374,11,1088.22,115.594106,35.723798,299.01,-0.00045243
2014,374,12,1187.15,115.595022,35.723493,299.01,0.00113420
2014,374,13,1286.08,115.595979,35.723259,239.21,0.00171469
2014,374,14,1385.01,115.597072,35.723259,209.31,0.00070273
2014,374,15,1483.93,115.598166,35.723259,179.41,0.00099881
2014,374,16,1582.86,115.599260,35.723259,179.41,0.00171469
2014,374,17,1681.79,115.600163,35.723585,134.55,0.00052239
2014,374,18,1780.72,115.601133,35.723798,209.31,0.00093329
2014,374,19,1879.65,115.602069,35.724067,239.21,0.00112679
2014,374,20,1978.58,115.602849,35.724606,239.21,-0.00026915
2014,374,21,2077.51,115.603785,35.724876,299.01,0.00059041
2014,374,22,2176.44,115.604610,35.725337,313.96,0.00048459
2014,374,23,2275.37,115.605400,35.725858,299.01,-0.00026136
2014,374,24,2374.30,115.606290,35.726208,343.86,0.00000000
2014,374,25,2473.22,115.607061,35.726762,313.96,-0.00032904
2014,374,26,2572.15,115.607970,35.727080,328.91,-0.00000000
2014,374,27,2671.08,115.608777,35.727571,358.81,0.00088339
2014,374,28,2770.01,115.609649,35.727951,373.76,0.00057196
2014,374,29,2868.94,115.610340,35.728642,373.76,-0.00085878
2014,374,30,2967.87,115.611230,35.728992,403.66,-0.00000000
2014,374,31,3066.80,115.612052,35.729457,373.76,0.00037990
2014,374,32,3165.73,115.612810,35.730034,388.71,-0.00000256
2014,374,33,3264.66,115.613700,35.730384,373.76,0.00038289
2014,374,34,3363.58,115.614391,35.731074,373.76,0.00000512
2014,374,35,3462.51,115.615280,35.731426,373.76,0.00054250
2014,374,36,3561.44,115.615971,35.732117,403.66,-0.00000256
2014,374,37,3660.37,115.616761,35.732637,403.66,-0.00111446
2014,374,38,3759.30,115.617551,35.733158,403.66,-0.00057196
2014,374,39,3858.23,115.618441,35.733508,388.71,0.00057196
2014,374,40,3957.16,115.619231,35.734029,418.61,0.00057196
2014,374,41,4056.09,115.620021,35.734550,403.66,0.00000000
2014,374,42,4155.02,115.620812,35.735071,418.61,-0.00000000
2014,374,43,4253.95,115.621602,35.735591,403.66,-0.00000000
2014,374,44,4352.87,115.622392,35.736112,433.57,-0.00000000
2014,374,45,4451.80,115.623182,35.736633,448.52,0.00000000
2014,374,46,4550.73,115.623972,35.737154,448.52,0.00000000
2014,374,47,4649.66,115.624763,35.737674,448.52,-0.00000000
2014,374,48,4748.59,115.625553,35.738195,448.52,0.00054250
2014,374,49,4847.52,115.626343,35.738716,463.47,0.00000000
2014,374,50,4946.45,115.627034,35.739407,448.52,-0.00054250
2014,374,51,5045.38,115.627924,35.739757,448.52,0.00054250
2014,374,52,5144.31,115.628615,35.740448,463.47,-0.00000000
2014,374,53,5243.23,115.629405,35.740969,433.57,-0.00054250
2014,374,54,5342.16,115.630195,35.741490,448.52,-0.00000000
2014,374,55,5441.09,115.630985,35.742011,448.52,-0.00000000
2014,374,56,5540.02,115.631776,35.742531,448.52,0.00000000
2014,374,57,5638.95,115.632566,35.743052,448.52,-0.00000000
2014,374,58,5737.88,115.633356,35.743573,448.52,0.00000000
2014,374,59,5836.81,115.634146,35.744093,418.61,0.00054250
2014,374,60,5935.74,115.634936,35.744614,403.66,0.00054250
2014,374,61,6034.67,115.635628,35.745305,418.61,-0.00054250
2014,374,62,6133.60,115.636418,35.745826,418.61,-0.00108740
2014,374,63,6232.52,115.637208,35.746347,433.57,-0.00048263
2014,374,64,6331.45,115.638093,35.746705,463.47,0.00066407
2014,374,65,6430.38,115.638872,35.747244,448.52,0.00060180
2014,374,66,6529.31,115.639652,35.747783,418.61,-0.00026600
2014,374,67,6628.24,115.640432,35.748322,463.47,-0.00090657
2014,374,68,6727.17,115.641258,35.748780,448.52,-0.00101349
2014,374,69,6826.10,115.642148,35.749130,448.52,-0.00074586
2014,376,0,0.00,115.582589,35.728918,493.37,0.00203763
2014,376,1,75.15,115.581866,35.728734,583.07,0.00203372
2014,376,2,150.31,115.581242,35.728379,747.53,0.00202980
2014,377,0,0.00,115.642148,35.749130,448.52,-0.00312538
2014,377,1,99.17,115.642632,35.749884,433.57,-0.00262633
2014,377,2,198.34,115.643523,35.750236,448.52,-0.00047753
2014,377,3,297.51,115.644315,35.750759,448.52,-0.00000000
2014,377,4,396.68,115.645104,35.751286,418.61,-0.00081289
2014,377,5,495.85,115.645998,35.751633,403.66,0.00000000
2014,377,6,595.02,115.646826,35.752095,388.71,-0.00014780
2014,377,7,694.19,115.647681,35.752508,358.81,-0.00058537
2014,377,8,793.36,115.648573,35.752860,373.76,0.00029492
2014,377,9,892.53,115.649464,35.753213,328.91,0.00022153
2014,377,10,991.70,115.650270,35.753712,328.91,-0.00042499
2014,377,11,1090.87,115.651209,35.753981,299.01,-0.00044322
2014,377,12,1190.03,115.652038,35.754440,284.06,-0.00066719
2014,377,13,1289.20,115.653029,35.754622,239.21,0.00022169
2014,377,14,1388.37,115.653920,35.754974,254.16,0.00058646
2014,377,15,1487.54,115.654811,35.755326,239.21,0.00036755
2014,377,16,1586.71,115.655703,35.755678,194.36,-0.00084244
2014,377,17,1685.88,115.656532,35.756137,179.41,-0.00183223
2014,377,18,1785.05,115.657628,35.756137,179.41,-0.00062224
2014,377,19,1884.22,115.658568,35.756407,179.41,-0.00000000
2014,377,20,1983.39,115.659664,35.756407,179.41,-0.00000000
2014,377,21,2082.56,115.660604,35.756676,179.41,-0.00081166
2014,377,22,2181.73,115.661700,35.756676,209.31,0.00000000
2014,377,23,2280.90,115.662797,35.756676,239.21,0.00081166
2014,377,24,2380.07,115.663736,35.756946,239.21,-0.00081166
2014,377,25,2479.24,115.664833,35.756946,299.01,-0.00081166
2014,377,26,2578.41,115.665929,35.756946,328.91,0.00081166
2014,377,27,2677.58,115.667026,35.756946,328.91,0.00081166
2014,377,28,2776.75,115.667965,35.757215,358.81,0.00000000
2014,377,29,2875.92,115.669062,35.757215,358.81,0.00000000
2014,377,30,2975.09,115.670001,35.757485,358.81,-0.00000000
2014,377,31,3074.26,115.671098,35.757485,388.71,-0.00000000
2014,377,32,3173.43,115.672037,35.757754,388.71,-0.00028565
2014,377,33,3272.60,115.673134,35.757754,388.71,0.00000000
2014,377,34,3371.77,115.674126,35.757933,403.66,-0.00026267
2014,377,35,3470.93,115.675170,35.758024,418.61,-0.00047987
2014,377,36,3570.10,115.676266,35.758024,418.61,0.00054832
2014,377,37,3669.27,115.677296,35.758138,418.61,0.00024171
2014,377,38,3768.44,115.678302,35.758293,448.52,0.00089445
2014,377,39,3867.61,115.679376,35.758332,463.47,0.00100161
2014,377,40,3966.78,115.680181,35.758832,448.52,-0.00157653
2014,377,41,4065.95,115.681278,35.758832,478.42,-0.00076344
2014,377,42,4165.12,115.682348,35.758878,433.57,0.00053857
2014,377,43,4264.29,115.683314,35.759102,418.61,-0.00081166
2014,377,44,4363.46,115.684410,35.759102,448.52,-0.00066815
2014,377,45,4462.63,115.685507,35.759102,448.52,0.00051591
2014,377,46,4561.80,115.686603,35.759102,478.42,0.00081166
2014,377,47,4660.97,115.687598,35.759277,463.47,0.00060190
2014,377,48,4760.14,115.688639,35.759371,478.42,0.00089445
2014,377,49,4859.31,115.689579,35.759641,463.47,0.00117658
2014,378,0,0.00,115.642148,35.749130,1794.06,-0.00000000
2014,378,1,72.42,115.642654,35.748625,1794.06,0.00095391
2014,378,2,144.84,115.643160,35.748119,1210.99,0.00199811
2014,378,3,217.27,115.643765,35.747783,822.28,0.00208840
2014,379,0,0.00,115.689579,35.759641,583.07,0.00000000
2014,379,1,90.91,115.690214,35.760276,612.97,-0.00059881
2014,379,2,181.81,115.690849,35.760911,538.22,-0.00351474
2014,379,3,272.72,115.691583,35.761376,328.91,-0.00902996
2014,379,4,363.62,115.692318,35.761214,672.77,-0.00936309
2014,379,5,454.53,115.692543,35.760460,1270.79,-0.00388926
2014,379,6,545.43,115.692543,35.759641,1734.26,-0.00128040
2014,38,0,0.00,115.267281,35.448375,732.58,0.00434316
2014,38,1,78.19,115.267820,35.448922,508.32,0.00331327
2014,38,2,156.39,115.267820,35.449627,657.82,-0.00111720
2014,38,3,234.58,115.268083,35.450255,493.37,-0.00336126
2014,38,4,312.77,115.268628,35.450800,553.17,-0.00220474
2014,380,0,0.00,115.689579,35.759641,493.37,0.00180168
2014,380,1,98.83,115.690515,35.759371,448.52,0.00253553
2014,380,2,197.67,115.691607,35.759371,358.81,0.00253553
2014,380,3,296.50,115.692543,35.759641,328.91,0.00180168
2014,381,0,0.00,115.692543,35.759641,433.57,0.00390790
2014,381,1,92.91,115.693414,35.759371,388.71,0.00288232
2014,381,2,185.82,115.694284,35.759641,358.81,0.00004548
2014,381,3,278.73,115.695311,35.759641,328.91,0.00000000
2014,381,4,371.63,115.696330,35.759655,269.11,0.00083148
2014,381,5,464.54,115.697209,35.759910,269.11,-0.00000000
2014,381,6,557.45,115.698236,35.759910,299.01,0.00213465
2014,381,7,650.36,115.699106,35.760180,313.96,0.00309507
2014,381,8,743.27,115.699820,35.760719,373.76,0.00202365
2014,382,0,0.00,115.699820,35.760719,672.77,0.00059580
2014,382,1,82.23,115.699245,35.761293,822.28,0.00170743
2014,382,2,164.47,115.698629,35.761797,627.92,0.00509483
2014,382,3,246.70,115.697877,35.762066,284.06,0.00620316
2014,382,4,328.94,115.697125,35.761797,269.11,0.00503574
2014,383,0,0.00,115.699820,35.760719,358.81,0.00296900
2014,383,1,98.38,115.700210,35.761406,358.81,0.00249363
2014,383,2,196.76,115.700089,35.762258,269.11,0.00072061
2014,383,3,295.14,115.700089,35.763144,149.51,-0.00057705
2014,384,0,0.00,115.700089,35.763144,1360.50,0.00353715
2014,384,1,68.03,115.699337,35.763144,508.32,0.00372688
2014,384,2,136.06,115.698742,35.762875,388.71,0.00391661
2014,385,0,0.00,115.700089,35.763144,254.16,0.00000000
2014,385,1,68.48,115.700359,35.763683,194.36,0.00000000
2014,385,2,136.95,115.700628,35.764222,209.31,0.00000000
2014,386,0,0.00,115.700628,35.764222,1480.10,0.00000000
2014,386,1,60.93,115.701302,35.764222,1420.30,0.00000000
2014,386,2,121.85,115.701976,35.764222,179.41,0.00000000
2014,387,0,0.00,115.700628,35.764222,194.36,-0.00565105
2014,387,1,68.48,115.700359,35.764761,179.41,-0.00565105
2014,387,2,136.95,115.700628,35.765300,254.16,-0.00565105
2014,388,0,0.00,115.700628,35.765300,1599.71,0.00000000
2014,388,1,60.93,115.701302,35.765300,1539.90,0.00000000
2014,388,2,121.85,115.701976,35.765300,299.01,0.00000000
2014,389,0,0.00,115.700628,35.765300,179.41,0.00000000
2014,389,1,97.85,115.700359,35.766104,239.21,-0.00070107
2014,389,2,195.69,115.700089,35.766908,284.06,-0.00110792
2014,389,3,293.54,115.700089,35.767789,269.11,-0.00000000
2014,389,4,391.38,115.699983,35.768640,328.91,0.00013987
2014,389,5,489.23,115.699820,35.769475,328.91,-0.00066213
2014,389,6,587.07,115.699820,35.770357,373.76,0.00026697
2014,389,7,684.92,115.699820,35.771239,388.71,0.00000000
2014,389,8,782.76,115.699550,35.772042,463.47,-0.00202534
2014,389,9,880.61,115.699820,35.772846,508.32,-0.00272641
2014,39,0,0.00,115.228474,35.417922,448.52,0.00141796
2014,39,1,87.59,115.227566,35.417823,269.11,0.00101928
2014,39,2,175.18,115.226758,35.417553,239.21,-0.00002289
2014,39,3,262.78,115.225892,35.417383,269.11,-0.00303926
2014,39,4,350.37,115.225141,35.417212,224.26,-0.00514230
2014,39,5,437.96,115.224431,35.417652,254.16,-0.00487246
2014,390,0,0.00,115.699820,35.772846,1749.21,0.00000000
2014,390,1,69.72,115.700591,35.772846,1599.71,0.00168101
2014,390,2,139.43,115.701362,35.772846,1151.19,0.00354359
2014,390,3,209.15,115.701976,35.773115,1016.64,0.00372516
2014,391,0,0.00,115.699820,35.772846,478.42,-0.00112666
2014,391,1,93.17,115.699586,35.773618,448.52,-0.00046074
2014,391,2,186.35,115.699550,35.774447,448.52,-0.00000000
2014,391,3,279.52,115.699281,35.775209,508.32,-0.00083399
2014,391,4,372.69,115.699281,35.776049,523.27,-0.00073140
2014,391,5,465.87,115.699281,35.776888,523.27,0.00000000
2014,392,0,0.00,115.699281,35.776888,657.82,-0.00415315
2014,392,1,99.83,115.698472,35.777271,598.02,-0.00365093
2014,392,2,199.65,115.698203,35.778092,523.27,-0.00154845
2014,392,3,299.48,115.697825,35.778883,478.42,-0.00054670
2014,392,4,399.31,115.697546,35.779701,463.47,-0.00125684
2014,392,5,499.14,115.697394,35.780557,448.52,-0.00040050
2014,392,6,598.96,115.697394,35.781457,523.27,0.00095639
2014,392,7,698.79,115.697125,35.782278,538.22,0.00134529
2014,393,0,0.00,115.699281,35.776888,837.23,0.00000000
2014,393,1,96.82,115.699957,35.777565,897.03,0.00035241
2014,393,2,193.64,115.700633,35.778241,837.23,0.00052010
2014,393,3,290.46,115.701167,35.778959,747.53,0.00164237
2014,393,4,387.28,115.701777,35.779655,583.07,0.00341804
2014,393,5,484.10,115.701706,35.780392,478.42,0.00388672
2014,394,0,0.00,115.697125,35.782278,1539.90,0.00000000
2014,394,1,98.47,115.698214,35.782278,1300.70,-0.00057476
2014,394,2,196.95,115.699303,35.782278,1151.19,0.00000000
2014,394,3,295.42,115.700281,35.782087,627.92,0.00189017
2014,394,4,393.89,115.701167,35.782278,149.51,0.00263083
2014,395,0,0.00,115.697125,35.782278,568.12,-0.00000000
2014,395,1,94.35,115.696586,35.782972,598.02,-0.00075202
2014,395,2,188.69,115.696047,35.783666,463.47,-0.00152151
2014,395,3,283.04,115.695777,35.784439,448.52,-0.00076949
2014,395,4,377.39,115.695508,35.785211,493.37,0.00000000
2014,395,5,471.73,115.695238,35.785983,478.42,0.00000000
2014,395,6,566.08,115.694969,35.786755,448.52,-0.00000000
2014,395,7,660.42,115.694699,35.787527,388.71,0.00012388
2014,395,8,754.77,115.694430,35.788300,388.71,0.00076949
2014,395,9,849.12,115.694117,35.789059,358.81,0.00127885
2014,395,10,943.46,115.693621,35.789766,388.71,-0.00076949
2014,395,11,1037.81,115.693082,35.790460,269.11,-0.00250794
2014,395,12,1132.16,115.693082,35.791310,239.21,-0.00075536
2014,395,13,1226.50,115.692942,35.792120,239.21,-0.00002670
2014,395,14,1320.85,115.692813,35.792933,239.21,-0.00071288
2014,395,15,1415.19,115.692813,35.793783,299.01,-0.00033633
2014,395,16,1509.54,115.692813,35.794633,299.01,0.00000000
2014,395,17,1603.89,115.692813,35.795484,299.01,0.00000000
2014,396,0,0.00,115.701706,35.780392,568.12,0.00000000
2014,396,1,12.18,115.701571,35.780392,807.33,0.00000000
2014,396,2,24.37,115.701437,35.780392,807.33,0.00000000
2014,397,0,0.00,115.701706,35.780392,672.77,0.00867021
2014,397,1,34.24,115.701945,35.780631,568.12,0.00878572
2014,397,2,68.47,115.701976,35.780931,508.32,0.00890123
2014,398,0,0.00,115.701167,35.782278,583.07,0.00099488
2014,398,1,86.12,115.701167,35.783054,538.22,0.00110214
2014,398,2,172.23,115.701008,35.783785,553.17,0.00073130
2014,398,3,258.35,115.700824,35.784507,553.17,-0.00048318
2014,398,4,344.46,115.700628,35.785227,478.42,-0.00077152
2014,398,5,430.58,115.700628,35.786003,508.32,0.00115072
2014,398,6,516.70,115.700482,35.786736,463.47,0.00215641
2014,398,7,602.81,115.700089,35.787399,463.47,0.00168791
2014,399,0,0.00,115.701167,35.782278,493.37,-0.00867018
2014,399,1,34.24,115.701406,35.782039,448.52,-0.00878568
2014,399,2,68.47,115.701437,35.781739,523.27,-0.00890118
2014,4,0,0.00,115.259196,35.431127,717.63,-0.00143528
2014,4,1,82.13,115.258832,35.431761,418.61,-0.00352506
2014,4,2,164.26,115.258657,35.432450,254.16,-0.00525027
2014,4,3,246.39,115.259046,35.433013,254.16,-0.00260278
2014,4,4,328.52,115.259465,35.433552,284.06,-0.00031986
2014,40,0,0.00,115.228474,35.417922,837.23,-0.00347857
2014,40,1,53.59,115.228847,35.417548,1270.79,-0.00358593
2014,40,2,107.18,115.229013,35.417113,343.86,-0.00369329
2014,400,0,0.00,115.692813,35.795484,284.06,-0.00200082
2014,400,1,80.43,115.692274,35.796052,299.01,-0.00212706
2014,400,2,160.86,115.692004,35.796699,299.01,-0.00210049
2014,400,3,241.29,115.691754,35.797351,313.96,-0.00090226
2014,400,4,321.73,115.691735,35.798071,328.91,0.00104768
2014,400,5,402.16,115.691465,35.798717,328.91,0.00195221
2014,401,0,0.00,115.692813,35.795484,448.52,-0.00124119
2014,401,1,89.32,115.693437,35.796108,583.07,-0.00129244
2014,401,2,178.64,115.694160,35.796562,463.47,-0.00134369
2014,402,0,0.00,115.700089,35.787399,194.36,0.00000000
2014,402,1,12.18,115.699954,35.787399,194.36,0.00000000
2014,402,2,24.36,115.699820,35.787399,224.26,0.00000000
2014,403,0,0.00,115.700089,35.787399,478.42,0.00175107
2014,403,1,87.80,115.700359,35.788112,448.52,0.00252610
2014,403,2,175.60,115.700359,35.788903,403.66,0.00176076
2014,403,3,263.40,115.700089,35.789616,388.71,0.00054745
2014,403,4,351.20,115.700055,35.790398,403.66,0.00271659
2014,403,5,439.00,115.699650,35.791072,433.57,0.00182201
2014,403,6,526.81,115.699011,35.791536,388.71,-0.00195125
2014,403,7,614.61,115.698742,35.792250,269.11,-0.00298784
2014,404,0,0.00,115.691465,35.798717,1225.94,0.00353999
2014,404,1,68.00,115.690713,35.798717,1061.49,0.00372996
2014,404,2,136.01,115.690118,35.798448,792.38,0.00391994
2014,405,0,0.00,115.691465,35.798717,418.61,0.00383887
2014,405,1,83.42,115.692004,35.799313,284.06,0.00380753
2014,405,2,166.84,115.692004,35.800065,254.16,0.00377620
2014,406,0,0.00,115.698742,35.792250,508.32,0.00000000
2014,406,1,36.54,115.698337,35.792250,553.17,0.00000000
2014,406,2,73.09,115.697933,35.792250,553.17,0.00000000
2014,407,0,0.00,115.698742,35.792250,239.21,0.00141246
2014,407,1,93.55,115.698742,35.793093,224.26,0.00149373
2014,407,2,187.10,115.698479,35.793860,209.31,0.00080724
2014,407,3,280.66,115.698203,35.794623,313.96,-0.00076853
2014,407,4,374.21,115.697933,35.795388,328.91,-0.00101192
2014,407,5,467.76,115.697933,35.796231,328.91,0.00155101
2014,407,6,561.31,115.697745,35.797020,313.96,0.00200761
2014,407,7,654.86,115.697125,35.797683,284.06,-0.00078248
2014,407,8,748.41,115.696855,35.798448,313.96,-0.00203086
2014,408,0,0.00,115.692004,35.800065,1450.20,0.00178747
2014,408,1,94.64,115.693051,35.800065,343.86,0.00085695
2014,408,2,189.28,115.693941,35.800334,493.37,-0.00328378
2014,408,3,283.92,115.694981,35.800322,433.57,-0.00554407
2014,408,4,378.56,115.695642,35.799661,328.91,-0.00229708
2014,408,5,473.20,115.696304,35.799000,328.91,0.00000000
2014,408,6,567.84,115.696855,35.798448,299.01,0.00000000
2014,409,0,0.00,115.692004,35.800065,463.47,-0.00262041
2014,409,1,94.12,115.691735,35.800835,254.16,-0.00219123
2014,409,2,188.25,115.691945,35.801623,134.55,-0.00181004
2014,409,3,282.37,115.692004,35.802454,179.41,-0.00228699
2014,409,4,376.50,115.692543,35.803146,209.31,-0.00135797
2014,409,5,470.62,115.693082,35.803838,269.11,0.00000000
2014,411,0,0.00,115.696855,35.798448,388.71,0.00525587
2014,411,1,78.11,115.697394,35.798996,239.21,0.00620385
2014,411,2,156.22,115.697259,35.799661,313.96,0.00441777
2014,411,3,234.34,115.696923,35.800267,284.06,0.00084186
2014,411,4,312.45,115.696586,35.800873,358.81,-0.00000000
2014,412,0,0.00,115.693082,35.803838,299.01,-0.00506827
2014,412,1,76.32,115.693082,35.804526,343.86,-0.00553158
2014,412,2,152.63,115.693621,35.804916,403.66,-0.00599490
2014,413,0,0.00,115.693082,35.803838,403.66,0.00204314
2014,413,1,70.03,115.693572,35.803349,523.27,0.00214174
2014,413,2,140.06,115.694160,35.803029,433.57,0.00224034
2014,414,0,0.00,115.693621,35.804916,284.06,0.00000000
2014,414,1,85.52,115.693621,35.805687,299.01,-0.00179464
2014,414,2,171.03,115.693621,35.806457,284.06,-0.00362727
2014,414,3,256.55,115.694160,35.807072,343.86,-0.00366525
2014,415,0,0.00,115.693621,35.804916,448.52,0.00137956
2014,415,1,84.82,115.694214,35.804323,478.42,-0.00075208
2014,415,2,169.64,115.694906,35.803901,358.81,-0.00355883
2014,415,3,254.45,115.695081,35.803187,269.11,0.00075208
2014,415,4,339.27,115.695255,35.802473,373.76,0.00590007
2014,415,5,424.09,115.696047,35.802221,313.96,0.00606203
2014,416,0,0.00,115.694160,35.807072,299.01,0.00220544
2014,416,1,78.44,115.694430,35.807701,328.91,0.00000000
2014,416,2,156.87,115.694430,35.808408,373.76,-0.00325201
2014,416,3,235.31,115.694969,35.808958,418.61,-0.00429859
2014,417,0,0.00,115.694160,35.807072,523.27,0.00000000
2014,417,1,96.42,115.694834,35.806398,493.37,0.00000000
2014,417,2,192.84,115.695508,35.805724,388.71,0.00000000
2014,418,0,0.00,115.694969,35.808958,328.91,-0.00130564
2014,418,1,98.50,115.694969,35.809846,299.01,-0.00065282
2014,418,2,196.99,115.695238,35.810656,313.96,-0.00000000
2014,418,3,295.49,115.695238,35.811543,299.01,-0.00000000
2014,418,4,393.99,115.695508,35.812353,269.11,0.00000000
2014,418,5,492.48,115.695508,35.813241,284.06,-0.00063615
2014,418,6,590.98,115.695777,35.814050,284.06,-0.00010156
2014,418,7,689.48,115.696026,35.814866,269.11,0.00058322
2014,418,8,787.98,115.696087,35.815736,284.06,-0.00048444
2014,418,9,886.47,115.696316,35.816557,284.06,-0.00075056
2014,418,10,984.97,115.696586,35.817367,313.96,-0.00021984
2014,418,11,1083.47,115.696898,35.818164,328.91,0.00022448
2014,418,12,1181.96,115.697169,35.818974,313.96,0.00064865
2014,418,13,1280.46,115.697394,35.819796,284.06,0.00057902
2014,418,14,1378.96,115.697500,35.820653,299.01,0.00042028
2014,418,15,1477.45,115.697664,35.821493,358.81,0.00000000
2014,418,16,1575.95,115.697664,35.822381,313.96,-0.00026309
2014,418,17,1674.45,115.697933,35.823191,328.91,0.00000000
2014,418,18,1772.94,115.697933,35.824078,328.91,0.00000000
2014,418,19,1871.44,115.698203,35.824888,388.71,-0.00000000
2014,418,20,1969.94,115.698203,35.825776,403.66,-0.00000000
2014,418,21,2068.43,115.698472,35.826585,373.76,0.00000000
2014,418,22,2166.93,115.698472,35.827473,373.76,0.00000000
2014,418,23,2265.43,115.698742,35.828283,373.76,0.00065282
2014,418,24,2363.93,115.698742,35.829170,373.76,0.00130564
2014,419,0,0.00,115.694969,35.808958,448.52,0.00153462
2014,419,1,80.52,115.695531,35.808396,583.07,0.00160267
2014,419,2,161.03,115.696193,35.808003,837.23,0.00083536
2014,419,3,241.55,115.696855,35.807611,583.07,0.00000000
2014,42,0,0.00,115.229013,35.419539,583.07,-0.00488474
2014,42,1,65.83,115.228455,35.419827,448.52,-0.00479925
2014,42,2,131.66,115.228204,35.420347,358.81,-0.00471375
2014,420,0,0.00,115.698742,35.829170,1794.06,0.00354244
2014,420,1,67.98,115.699494,35.829170,732.58,0.00373263
2014,420,2,135.97,115.700089,35.829440,732.58,0.00392281
2014,421,0,0.00,115.698742,35.829170,388.71,-0.00335280
2014,421,1,88.40,115.698472,35.829889,403.66,-0.00335280
2014,421,2,176.80,115.698742,35.830608,418.61,-0.00167640
2014,421,3,265.20,115.699011,35.831326,358.81,0.00000000
2014,422,0,0.00,115.699011,35.831326,1794.06,0.00354261
2014,422,1,67.98,115.699763,35.831326,1121.29,0.00373281
2014,422,2,135.96,115.700359,35.831596,463.47,0.00392301
2014,423,0,0.00,115.699011,35.831326,358.81,-0.00509998
2014,423,1,85.58,115.698472,35.831942,403.66,-0.00448953
2014,423,2,171.16,115.698711,35.832644,373.76,-0.00296679
2014,423,3,256.74,115.698742,35.833406,403.66,-0.00275154
2014,423,4,342.32,115.699281,35.834021,448.52,-0.00344858
2014,424,0,0.00,115.700359,35.831596,164.46,0.00374129
2014,424,1,80.27,115.700628,35.832241,358.81,0.00505483
2014,424,2,160.54,115.700403,35.832899,269.11,0.00442800
2014,424,3,240.81,115.699842,35.833460,553.17,0.00124381
2014,424,4,321.08,115.699281,35.834021,508.32,-0.00000000
2014,425,0,0.00,115.700359,35.831596,523.27,0.01070458
2014,425,1,31.46,115.700578,35.831376,792.38,0.01110385
2014,425,2,62.91,115.700898,35.831326,777.43,0.01150312
2014,426,0,0.00,115.699281,35.834021,373.76,0.00000000
2014,426,1,97.92,115.699281,35.834904,373.76,-0.00066047
2014,426,2,195.84,115.699281,35.835786,343.86,-0.00135970
2014,426,3,293.75,115.699550,35.836591,388.71,-0.00042739
2014,426,4,391.67,115.699820,35.837395,388.71,0.00069923
2014,426,5,489.59,115.699986,35.838230,373.76,0.00016214
2014,426,6,587.51,115.700089,35.839082,358.81,-0.00069923
2014,426,7,685.43,115.700359,35.839887,328.91,-0.00043398
2014,426,8,783.35,115.700628,35.840691,299.01,-0.00000000
2014,426,9,881.26,115.700898,35.841496,299.01,-0.00039000
2014,426,10,979.18,115.701167,35.842300,328.91,-0.00093413
2014,426,11,1077.10,115.701584,35.843062,299.01,-0.00123157
2014,426,12,1175.02,115.702059,35.843807,284.06,-0.00068744
2014,426,13,1272.94,115.702744,35.844491,254.16,0.00080078
2014,426,14,1370.86,115.703219,35.845236,179.41,0.00004561
2014,426,15,1468.77,115.703592,35.846010,194.36,-0.00212355
2014,426,16,1566.69,115.704269,35.846555,194.36,-0.00162172
2014,426,17,1664.61,115.705053,35.847070,209.31,-0.00025334
2014,426,18,1762.53,115.705836,35.847584,254.16,-0.00000000
2014,426,19,1860.45,115.706620,35.848098,269.11,-0.00004527
2014,426,20,1958.37,115.707404,35.848612,328.91,-0.00089354
2014,426,21,2056.28,115.708195,35.849113,328.91,-0.00166632
2014,426,22,2154.20,115.709122,35.849382,328.91,-0.00081804
2014,426,23,2252.12,115.710048,35.849652,358.81,0.00000000
2014,426,24,2350.04,115.710975,35.849921,358.81,-0.00097359
2014,426,25,2447.96,115.711901,35.850191,388.71,-0.00273631
2014,426,26,2545.88,115.712702,35.850137,343.86,-0.00212780
2014,426,27,2643.79,115.713597,35.849921,269.11,-0.00076768
2014,426,28,2741.71,115.714567,35.849726,164.46,-0.00092963
2014,426,29,2839.63,115.715450,35.849382,179.41,-0.00105407
2014,427,0,0.00,115.715450,35.849382,897.03,-0.00368940
2014,427,1,53.51,115.715615,35.849817,463.47,-0.00358303
2014,427,2,107.02,115.715989,35.850191,583.07,-0.00347666
2014,428,0,0.00,115.715450,35.849382,179.41,-0.00000000
2014,428,1,97.66,115.716232,35.848870,179.41,-0.00026559
2014,428,2,195.32,115.717014,35.848358,164.46,-0.00055693
2014,428,3,292.98,115.717749,35.847765,209.31,-0.00057133
2014,428,4,390.64,115.718478,35.847163,299.01,0.00055693
2014,428,5,488.30,115.719161,35.846480,313.96,0.00083691
2014,428,6,585.96,115.720042,35.846138,373.76,-0.00014268
2014,428,7,683.62,115.720725,35.845455,388.71,0.00000000
2014,428,8,781.29,115.721581,35.845071,388.71,-0.00027833
2014,428,9,878.95,115.722289,35.844431,403.66,-0.00055693
2014,428,10,976.61,115.723070,35.843918,403.66,-0.00013592
2014,428,11,1074.27,115.723753,35.843236,433.57,0.00000000
2014,428,12,1171.93,115.724535,35.842723,463.47,-0.00102773
2014,428,13,1269.59,115.725217,35.842041,478.42,-0.00156487
2014,428,14,1367.25,115.725691,35.841298,448.52,-0.00107428
2014,429,0,0.00,115.725691,35.841298,403.66,0.00000000
2014,429,1,82.19,115.726365,35.840893,448.52,-0.00079986
2014,429,2,164.38,115.727039,35.840489,448.52,-0.00000000
2014,429,3,246.57,115.727613,35.839915,463.47,0.00249734
2014,429,4,328.75,115.728386,35.839681,508.32,0.00339495
2014,430,0,0.00,115.725691,35.841298,1794.06,0.00000000
2014,430,1,77.12,115.725152,35.840759,1644.56,0.00000000
2014,430,2,154.24,115.724613,35.840220,478.42,0.00000000
2014,431,0,0.00,115.728386,35.839681,598.02,0.00538876
2014,431,1,49.18,115.728386,35.839237,478.42,0.00550023
2014,431,2,98.37,115.728655,35.838872,448.52,0.00561170
2014,432,0,0.00,115.728386,35.839681,1794.06,-0.00573777
2014,432,1,75.08,115.728911,35.840205,493.37,-0.00576806
2014,432,2,150.16,115.729733,35.840220,463.47,-0.00579834
2014,433,0,0.00,115.728655,35.838872,508.32,-0.00000000
2014,433,1,90.03,115.729495,35.838603,583.07,-0.00024369
2014,433,2,180.07,115.730334,35.838333,313.96,-0.00300071
2014,433,3,270.10,115.731139,35.838005,269.11,-0.00514175
2014,433,4,360.14,115.731350,35.837255,269.11,-0.00476946
2014,434,0,0.00,115.728655,35.838872,852.18,0.00207888
2014,434,1,80.72,115.728386,35.838223,702.67,0.00201839
2014,434,2,161.44,115.728386,35.837495,612.97,0.00226829
2014,434,3,242.16,115.728386,35.836768,284.06,0.00492829
2014,434,4,322.88,115.728728,35.836177,284.06,0.00582336
2014,434,5,403.60,115.729464,35.835908,284.06,0.00436882
2014,435,0,0.00,115.731350,35.837255,478.42,-0.00000000
2014,435,1,81.78,115.732121,35.837024,239.21,-0.00103019
2014,435,2,163.57,115.732891,35.836793,254.16,-0.00493986
2014,435,3,245.35,115.733506,35.836375,179.41,-0.00641370
2014,435,4,327.13,115.733506,35.835638,254.16,-0.00500807
2014,436,0,0.00,115.731350,35.837255,1794.06,-0.00153488
2014,436,1,80.50,115.730788,35.836693,822.28,-0.00160295
2014,436,2,161.00,115.730126,35.836300,732.58,-0.00083552
2014,436,3,241.50,115.729464,35.835908,1031.59,0.00000000
2014,437,0,0.00,115.729464,35.835908,598.02,-0.00124929
2014,437,1,95.48,115.729713,35.835119,299.01,-0.00057065
2014,437,2,190.96,115.729733,35.834265,224.26,0.00073656
2014,437,3,286.44,115.730003,35.833482,239.21,0.00136511
2014,439,0,0.00,115.733506,35.835638,269.11,-0.00135086
2014,439,1,92.44,115.734351,35.835333,224.26,-0.00167079
2014,439,2,184.87,115.735096,35.834857,179.41,-0.00128411
2014,439,3,277.31,115.735789,35.834291,149.51,-0.00056711
2014,439,4,369.75,115.736488,35.833735,149.51,-0.00114953
2014,439,5,462.19,115.737134,35.833089,149.51,-0.00030005
2014,439,6,554.62,115.737571,35.832382,313.96,0.00241372
2014,439,7,647.06,115.738316,35.831907,299.01,0.00063455
2014,439,8,739.50,115.739158,35.831596,284.06,-0.00239770
2014,439,9,831.93,115.739598,35.830894,299.01,-0.00063455
2014,439,10,924.37,115.740244,35.830248,239.21,0.00111020
2014,44,0,0.00,115.228204,35.420347,403.66,-0.00200777
2014,44,1,93.83,115.227327,35.420078,254.16,-0.00015345
2014,44,2,187.66,115.226294,35.420078,284.06,0.00206064
2014,44,3,281.49,115.225549,35.419579,239.21,0.00295521
2014,44,4,375.32,115.224701,35.419265,313.96,0.00467592
2014,44,5,469.15,115.224460,35.418489,553.17,0.00350535
2014,44,6,562.98,115.224431,35.417652,1569.81,0.00114887
2014,440,0,0.00,115.733506,35.835638,717.63,-0.00608112
2014,440,1,75.09,115.732833,35.835369,373.76,-0.00608112
2014,440,2,150.17,115.732159,35.835638,239.21,-0.00608112
2014,441,0,0.00,115.730272,35.833213,418.61,0.00000000
2014,441,1,19.28,115.730138,35.833348,269.11,0.00000000
2014,441,2,38.56,115.730003,35.833482,269.11,0.00000000
2014,442,0,0.00,115.730272,35.833213,418.61,-0.00065531
2014,442,1,90.71,115.731006,35.832749,224.26,-0.00190279
2014,442,2,181.42,115.731620,35.832251,149.51,-0.00241798
2014,442,3,272.13,115.731955,35.831530,149.51,-0.00172706
2014,442,4,362.85,115.732380,35.830836,164.46,-0.00101107
2014,442,5,453.56,115.732428,35.830032,209.31,-0.00053201
2014,442,6,544.27,115.732812,35.829326,313.96,-0.00199429
2014,442,7,634.98,115.732698,35.828631,269.11,-0.00317829
2014,443,0,0.00,115.730272,35.833213,224.26,-0.00200319
2014,443,1,78.43,115.730272,35.832506,358.81,-0.00324529
2014,443,2,156.86,115.730012,35.831874,284.06,-0.00335516
2014,443,3,235.29,115.729464,35.831326,493.37,-0.00222294
2014,444,0,0.00,115.730003,35.833482,433.57,0.00193362
2014,444,1,71.35,115.729504,35.832984,194.36,0.00199165
2014,444,2,142.70,115.729215,35.832424,149.51,0.00102484
2014,444,3,214.05,115.728925,35.831865,254.16,0.00000000
2014,445,0,0.00,115.740244,35.830248,1375.45,-0.00535221
2014,445,1,62.91,115.739804,35.829809,822.28,-0.00555184
2014,445,2,125.83,115.739166,35.829709,284.06,-0.00575146
2014,446,0,0.00,115.740244,35.830248,179.41,-0.00121686
2014,446,1,93.63,115.740997,35.829764,164.46,-0.00000000
2014,446,2,187.26,115.741652,35.829110,224.26,0.00060843
2014,446,3,280.89,115.742505,35.828796,149.51,-0.00134434
2014,446,4,374.52,115.743159,35.828142,194.36,-0.00231425
2014,446,5,468.16,115.743747,35.827468,254.16,-0.00198673
2014,446,6,561.79,115.744050,35.826712,373.76,-0.00120770
2014,446,7,655.42,115.744286,35.825936,837.23,-0.00038175
2014,447,0,0.00,115.732698,35.828631,209.31,-0.00000000
2014,447,1,99.42,115.731755,35.828901,373.76,-0.00087410
2014,447,2,198.84,115.730812,35.829170,194.36,-0.00276444
2014,447,3,298.25,115.730018,35.829695,179.41,-0.00397248
2014,447,4,397.67,115.729532,35.830450,164.46,-0.00312132
2014,447,5,497.09,115.729464,35.831326,164.46,-0.00207835
2014,448,0,0.00,115.732698,35.828631,328.91,0.00142514
2014,448,1,89.06,115.733420,35.828179,254.16,-0.00002516
2014,448,2,178.12,115.734241,35.827897,313.96,-0.00310177
2014,448,3,267.18,115.734854,35.827272,239.21,-0.00259846
2014,448,4,356.24,115.735123,35.826548,209.31,-0.00023442
2014,448,5,445.30,115.735662,35.825901,179.41,0.00029610
2014,448,6,534.36,115.735932,35.825176,149.51,0.00392371
2014,448,7,623.42,115.736543,35.824589,149.51,0.00702238
2014,448,8,712.48,115.737529,35.824589,119.60,0.00451554
2014,448,9,801.54,115.738357,35.824858,179.41,0.00224154
2014,449,0,0.00,115.729464,35.831326,224.26,-0.01006671
2014,449,1,46.41,115.729040,35.831480,224.26,-0.00981733
2014,449,2,92.81,115.728925,35.831865,164.46,-0.00956794
2014,45,0,0.00,115.266203,35.448375,822.28,0.00000000
2014,45,1,19.32,115.266068,35.448509,867.13,0.00000000
2014,45,2,38.63,115.265933,35.448644,882.08,0.00000000
2014,452,0,0.00,115.728925,35.831865,598.02,-0.00533752
2014,452,1,55.81,115.728307,35.831865,328.91,-0.00558449
2014,452,2,111.61,115.727847,35.832135,269.11,-0.00583146
2014,453,0,0.00,115.744286,35.825936,448.52,0.00100534
2014,453,1,96.89,115.745359,35.825936,388.71,0.00085148
2014,453,2,193.79,115.746336,35.826100,284.06,-0.00017933
2014,453,3,290.68,115.747346,35.826206,239.21,-0.00085148
2014,453,4,387.57,115.748418,35.826206,239.21,0.00154336
2014,453,5,484.46,115.749491,35.826206,74.75,0.00422266
2014,453,6,581.36,115.750236,35.826766,254.16,0.00271253
2014,453,7,678.25,115.750913,35.827443,284.06,-0.00106635
2014,453,8,775.14,115.751590,35.828120,254.16,-0.00168878
2014,453,9,872.03,115.752522,35.828362,239.21,0.00119707
2014,453,10,968.93,115.753243,35.828964,209.31,0.00254646
2014,453,11,1065.82,115.753920,35.829641,284.06,0.00129093
2014,453,12,1162.71,115.754257,35.830417,284.06,-0.00066662
2014,453,13,1259.60,115.754856,35.831117,299.01,-0.00054600
2014,453,14,1356.50,115.755533,35.831794,313.96,0.00102427
2014,453,15,1453.39,115.756002,35.832531,269.11,0.00110814
2014,453,16,1550.28,115.756413,35.833285,269.11,0.00025971
2014,453,17,1647.17,115.756729,35.834067,284.06,-0.00056214
2014,453,18,1744.07,115.757197,35.834805,269.11,-0.00040994
2014,453,19,1840.96,115.757665,35.835543,284.06,0.00008578
2014,453,20,1937.85,115.758133,35.836280,284.06,-0.00000000
2014,453,21,2034.74,115.758569,35.837027,313.96,0.00095504
2014,453,22,2131.64,115.759070,35.837756,284.06,0.00168277
2014,453,23,2228.53,115.759120,35.838614,313.96,-0.00047868
2014,453,24,2325.42,115.759379,35.839412,328.91,-0.00112064
2014,453,25,2422.31,115.759847,35.840150,343.86,0.00032195
2014,453,26,2519.21,115.760107,35.840948,358.81,0.00029406
2014,453,27,2616.10,115.760456,35.841720,358.81,0.00090259
2014,453,28,2712.99,115.760725,35.842516,328.91,0.00160535
2014,453,29,2809.88,115.760725,35.843389,403.66,0.00067487
2014,453,30,2906.78,115.760725,35.844262,403.66,0.00000000
2014,454,0,0.00,115.744286,35.825936,418.61,-0.00338330
2014,454,1,88.72,115.743666,35.825316,433.57,-0.00319673
2014,454,2,177.43,115.742794,35.825128,358.81,-0.00115828
2014,454,3,266.15,115.741970,35.824858,254.16,-0.00078305
2014,454,4,354.87,115.741145,35.824589,313.96,-0.00215101
2014,454,5,443.58,115.740164,35.824589,224.26,-0.00204233
2014,454,6,532.30,115.739182,35.824589,194.36,-0.00215101
2014,454,7,621.02,115.738357,35.824858,194.36,-0.00225969
2014,456,0,0.00,115.738357,35.824858,612.97,0.00866894
2014,456,1,34.23,115.738597,35.825098,343.86,0.00878424
2014,456,2,68.47,115.738627,35.825397,598.02,0.00889954
2014,457,0,0.00,115.760725,35.844262,448.52,0.00198406
2014,457,1,99.50,115.761264,35.844861,448.52,0.00186005
2014,457,2,198.99,115.761534,35.845680,418.61,0.00154450
2014,457,3,298.49,115.761803,35.846499,373.76,0.00131569
2014,457,4,397.99,115.761803,35.847396,403.66,0.00000000
2014,457,5,497.48,115.761803,35.848292,373.76,-0.00080439
2014,457,6,596.98,115.762073,35.849111,403.66,-0.00067648
2014,457,7,696.48,115.762140,35.849988,478.42,-0.00055183
2014,457,8,795.97,115.762612,35.850748,478.42,0.00000000
2014,457,9,895.47,115.762695,35.851621,493.37,-0.00043845
2014,457,10,994.97,115.763151,35.852386,478.42,-0.00000000
2014,457,11,1094.46,115.763420,35.853205,463.47,0.00087148
2014,457,12,1193.96,115.763690,35.854023,433.57,-0.00015842
2014,457,13,1293.46,115.763804,35.854887,433.57,-0.00150170
2014,457,14,1392.96,115.764291,35.855643,433.57,-0.00146766
2014,457,15,1492.45,115.764777,35.856399,388.71,-0.00150630
2014,457,16,1591.95,115.765473,35.857094,328.91,-0.00152499
2014,457,17,1691.45,115.766267,35.857619,254.16,-0.00094716
2014,457,18,1790.94,115.767062,35.858145,209.31,-0.00128384
2014,457,19,1890.44,115.767930,35.858545,149.51,-0.00147059
2014,457,20,1989.94,115.768874,35.858815,179.41,-0.00133686
2014,457,21,2089.43,115.769844,35.859040,194.36,-0.00059713
2014,457,22,2188.93,115.770920,35.859084,209.31,0.00079268
2014,457,23,2288.43,115.771864,35.859354,239.21,-0.00014140
2014,457,24,2387.92,115.772824,35.859595,254.16,-0.00101022
2014,457,25,2487.42,115.773909,35.859623,299.01,0.00000000
2014,457,26,2586.92,115.774911,35.859795,284.06,-0.00030742
2014,457,27,2686.41,115.775955,35.859893,328.91,-0.00080624
2014,457,28,2785.91,115.777057,35.859893,328.91,0.00010049
2014,457,29,2885.41,115.778158,35.859893,388.71,0.00080624
2014,457,30,2984.90,115.779183,35.860024,358.81,0.00001802
2014,457,31,3084.40,115.780204,35.860162,358.81,0.00000000
2014,457,32,3183.90,115.781305,35.860162,358.81,0.00040646
2014,457,33,3283.39,115.782249,35.860432,358.81,-0.00080624
2014,457,34,3382.89,115.783351,35.860432,358.81,-0.00161248
2014,457,35,3482.39,115.784453,35.860432,388.71,-0.00080624
2014,457,36,3581.89,115.785397,35.860162,418.61,0.00000000
2014,457,37,3681.38,115.786498,35.860162,418.61,-0.00000000
2014,457,38,3780.88,115.787442,35.859893,388.71,0.00080624
2014,457,39,3880.38,115.788544,35.859893,388.71,0.00080624
2014,457,40,3979.87,115.789645,35.859893,448.52,0.00000000
2014,457,41,4079.37,115.790747,35.859893,448.52,-0.00080624
2014,457,42,4178.87,115.791849,35.859893,448.52,-0.00080624
2014,457,43,4278.36,115.792793,35.859623,448.52,0.00000000
2014,457,44,4377.86,115.793894,35.859623,418.61,0.00000000
2014,457,45,4477.36,115.794838,35.859354,418.61,0.00080624
2014,457,46,4576.85,115.795940,35.859354,418.61,0.00038909
2014,457,47,4676.35,115.797041,35.859354,418.61,-0.00080624
2014,457,48,4775.85,115.798059,35.859210,418.61,0.00005266
2014,457,49,4875.34,115.799087,35.859084,448.52,0.00080624
2014,457,50,4974.84,115.800189,35.859084,388.71,-0.00044175
2014,457,51,5074.34,115.801290,35.859084,388.71,-0.00080624
2014,457,52,5173.83,115.802234,35.858815,388.71,-0.00000000
2014,457,53,5273.33,115.803336,35.858815,418.61,-0.00000000
2014,457,54,5372.83,115.804280,35.858545,388.71,0.00000000
2014,457,55,5472.32,115.805382,35.858545,388.71,0.00000000
2014,457,56,5571.82,115.806326,35.858276,388.71,-0.00000000
2014,457,57,5671.32,115.807427,35.858276,388.71,-0.00048894
2014,457,58,5770.82,115.808371,35.858006,388.71,0.00000000
2014,457,59,5870.31,115.809385,35.857856,388.71,0.00010479
2014,457,60,5969.81,115.810417,35.857737,388.71,-0.00000000
2014,457,61,6069.31,115.811361,35.857467,388.71,0.00038415
2014,457,62,6168.80,115.812463,35.857467,388.71,-0.00088846
2014,457,63,6268.30,115.813407,35.857198,403.66,-0.00000000
2014,457,64,6367.80,115.814351,35.856928,388.71,0.00057223
2014,457,65,6467.29,115.815453,35.856928,418.61,-0.00151797
2014,457,66,6566.79,115.816339,35.856561,448.52,-0.00115867
2014,457,67,6666.29,115.817234,35.856205,448.52,0.00004306
2014,457,68,6765.78,115.818128,35.855850,448.52,0.00000000
2014,458,0,0.00,115.760725,35.844262,553.17,0.00000000
2014,458,1,80.50,115.760163,35.844825,612.97,0.00160304
2014,458,2,160.99,115.759600,35.845387,1016.64,0.00337355
2014,458,3,241.49,115.758839,35.845610,568.12,0.00354102
2014,459,0,0.00,115.818128,35.855850,1435.25,0.00000000
2014,459,1,72.66,115.818128,35.855195,1330.60,-0.00121311
2014,459,2,145.31,115.818128,35.854541,1225.94,-0.00250118
2014,459,3,217.97,115.817858,35.853964,508.32,-0.00257614
2014,46,0,0.00,115.265933,35.448644,1166.14,-0.00110842
2014,46,1,82.85,115.265021,35.448644,448.52,-0.00247826
2014,46,2,165.69,115.264185,35.448776,119.60,-0.00327275
2014,46,3,248.54,115.263508,35.449183,418.61,-0.00269740
2014,460,0,0.00,115.818128,35.855850,478.42,-0.00890919
2014,460,1,43.62,115.818611,35.855850,478.42,-0.00909813
2014,460,2,87.24,115.818936,35.855581,463.47,-0.00928708
2014,461,0,0.00,115.818936,35.855581,1375.45,0.00000000
2014,461,1,69.77,115.818936,35.854952,1285.75,0.00000000
2014,461,2,139.54,115.818936,35.854323,1001.69,0.00000000
2014,461,3,209.31,115.818936,35.853694,777.43,0.00000000
2014,462,0,0.00,115.818936,35.855581,463.47,-0.00364525
2014,462,1,96.08,115.819842,35.855850,418.61,-0.00364525
2014,462,2,192.15,115.820749,35.855581,388.71,-0.00182262
2014,462,3,288.23,115.821655,35.855311,388.71,0.00000000
2014,462,4,384.30,115.822561,35.855042,388.71,0.00000000
2014,462,5,480.38,115.823467,35.854772,388.71,0.00028463
2014,462,6,576.46,115.824374,35.854503,358.81,0.00000000
2014,462,7,672.53,115.825326,35.854312,403.66,-0.00057220
2014,462,8,768.61,115.826186,35.853964,328.91,0.00023047
2014,462,9,864.68,115.827092,35.853694,328.91,0.00029376
2014,462,10,960.76,115.828036,35.853488,373.76,-0.00068380
2014,462,11,1056.83,115.828906,35.853157,403.66,-0.00100225
2014,462,12,1152.91,115.829776,35.852826,403.66,-0.00031670
2014,462,13,1248.99,115.830560,35.852347,388.71,0.00099606
2014,462,14,1345.06,115.831466,35.852077,388.71,0.00000710
2014,462,15,1441.14,115.832372,35.851808,388.71,-0.00098988
2014,462,16,1537.21,115.833157,35.851331,373.76,0.00030961
2014,462,17,1633.29,115.834028,35.850999,373.76,0.00098988
2014,462,18,1729.37,115.834898,35.850668,373.76,-0.00000000
2014,462,19,1825.44,115.835840,35.850460,358.81,-0.00098988
2014,462,20,1921.52,115.836638,35.850006,373.76,-0.00112591
2014,462,21,2017.59,115.837495,35.849652,388.71,-0.00163959
2014,462,22,2113.67,115.838070,35.849113,403.66,-0.00210045
2014,463,0,0.00,115.838070,35.849113,478.42,0.00000000
2014,463,1,95.95,115.839132,35.849113,388.71,0.00000000
2014,463,2,191.89,115.840195,35.849113,328.91,0.00000000
2014,463,3,287.84,115.841257,35.849113,299.01,0.00000000
2014,463,4,383.78,115.842319,35.849113,299.01,0.00086890
2014,463,5,479.73,115.843381,35.849113,239.21,0.00182779
2014,463,6,575.67,115.844286,35.849382,239.21,0.00144648
2014,463,7,671.62,115.845191,35.849652,209.31,0.00071204
2014,463,8,767.56,115.846018,35.850054,149.51,0.00058623
2014,463,9,863.51,115.846887,35.850384,134.55,0.00149425
2014,463,10,959.45,115.847657,35.850885,164.46,0.00060950
2014,463,11,1055.40,115.848338,35.851538,209.31,-0.00107163
2014,463,12,1151.34,115.849197,35.851885,194.36,-0.00000000
2014,463,13,1247.29,115.849967,35.852386,269.11,0.00054866
2014,463,14,1343.23,115.850737,35.852886,299.01,0.00000000
2014,463,15,1439.18,115.851507,35.853387,343.86,0.00000000
2014,463,16,1535.12,115.852277,35.853887,373.76,0.00052425
2014,463,17,1631.07,115.853047,35.854388,388.71,0.00057798
2014,463,18,1727.01,115.853727,35.855042,388.71,-0.00025766
2014,463,19,1822.96,115.854487,35.855559,388.71,-0.00118747
2014,463,20,1918.90,115.855222,35.856120,358.81,-0.00194990
2014,463,21,2014.85,115.856126,35.856389,463.47,-0.00214764
2014,464,0,0.00,115.838070,35.849113,1225.94,-0.00000322
2014,464,1,92.11,115.837531,35.848439,1106.34,-0.00170762
2014,464,2,184.22,115.836992,35.847765,986.73,-0.00539488
2014,464,3,276.33,115.836149,35.847531,403.66,-0.00553897
2014,464,4,368.44,115.835267,35.847765,358.81,-0.00198742
2014,464,5,460.55,115.834405,35.848035,343.86,-0.00013732
2014,464,6,552.66,115.833542,35.848304,403.66,-0.00000000
2014,464,7,644.77,115.832680,35.848574,388.71,-0.00000000
2014,464,8,736.88,115.831818,35.848843,388.71,0.00000000
2014,464,9,828.99,115.830955,35.849113,403.66,0.00000000
2014,464,10,921.10,115.830093,35.849382,403.66,-0.00000000
2014,464,11,1013.21,115.829231,35.849652,403.66,-0.00000000
2014,464,12,1105.32,115.828368,35.849921,418.61,-0.00000000
2014,465,0,0.00,115.856126,35.856389,463.47,-0.00354763
2014,465,1,92.74,115.856357,35.857159,403.66,-0.00296949
2014,465,2,185.49,115.857104,35.857637,388.71,-0.00181625
2014,465,3,278.23,115.857752,35.858285,403.66,-0.00062057
2014,465,4,370.97,115.858599,35.858593,358.81,0.00062057
2014,465,5,463.72,115.859248,35.859241,328.91,0.00062057
2014,465,6,556.46,115.859995,35.859719,328.91,-0.00000000
2014,465,7,649.20,115.860643,35.860367,358.81,-0.00062057
2014,465,8,741.95,115.861391,35.860845,328.91,0.00000000
2014,465,9,834.69,115.862139,35.861324,313.96,0.00014379
2014,465,10,927.43,115.862787,35.861972,299.01,-0.00194584
2014,465,11,1020.18,115.863611,35.862318,358.81,-0.00177232
2014,465,12,1112.92,115.864481,35.862588,328.91,-0.00060652
2014,466,0,0.00,115.856126,35.856389,1794.06,-0.00000000
2014,466,1,93.27,115.856778,35.855737,1375.45,0.00295988
2014,466,2,186.53,115.857430,35.855086,867.13,0.00741804
2014,466,3,279.80,115.858280,35.855311,388.71,0.00472212
2014,466,4,373.06,115.859032,35.855791,403.66,0.00055475
2014,466,5,466.33,115.859883,35.856103,358.81,0.00112995
2014,466,6,559.60,115.860591,35.856659,358.81,0.00071374
2014,466,7,652.86,115.861308,35.857198,343.86,-0.00033334
2014,466,8,746.13,115.862037,35.857718,358.81,0.00013115
2014,466,9,839.39,115.862788,35.858200,358.81,-0.00014356
2014,466,10,932.66,115.863462,35.858815,328.91,-0.00034503
2014,466,11,1025.93,115.864291,35.859164,313.96,0.00127419
2014,466,12,1119.19,115.864942,35.859815,313.96,0.00219480
2014,466,13,1212.46,115.865559,35.860478,358.81,0.00206814
2014,466,14,1305.72,115.865828,35.861240,448.52,0.00201984
2014,467,0,0.00,115.864481,35.862588,403.66,-0.00216112
2014,467,1,98.95,115.864754,35.863400,313.96,-0.00260387
2014,467,2,197.89,115.865446,35.864092,328.91,-0.00206510
2014,467,3,296.84,115.866237,35.864613,328.91,-0.00111303
2014,467,4,395.79,115.867028,35.865135,299.01,-0.00028829
2014,467,5,494.74,115.867918,35.865486,343.86,0.00089678
2014,467,6,593.68,115.868661,35.866091,358.81,0.00040252
2014,467,7,692.63,115.869441,35.866630,358.81,-0.00010088
2014,467,8,791.58,115.870222,35.867169,358.81,0.00005416
2014,467,9,890.53,115.870983,35.867742,358.81,0.00031713
2014,467,10,989.47,115.871774,35.868264,358.81,0.00087664
2014,467,11,1088.42,115.872465,35.868955,358.81,0.00000000
2014,467,12,1187.37,115.873157,35.869647,328.91,-0.00050324
2014,467,13,1286.31,115.873948,35.870169,358.81,-0.00054178
2014,467,14,1385.26,115.874640,35.870860,299.01,-0.00170076
2014,467,15,1484.21,115.875530,35.871212,388.71,-0.00231796
2014,468,0,0.00,115.864481,35.862588,1794.06,0.00000000
2014,468,1,96.39,115.865155,35.861914,852.18,0.00000000
2014,468,2,192.78,115.865828,35.861240,119.60,0.00000000
2014,469,0,0.00,115.865828,35.861240,642.87,0.00805316
2014,469,1,80.49,115.866562,35.860971,403.66,0.00794144
2014,469,2,160.98,115.867152,35.861486,343.86,0.00411997
2014,469,3,241.47,115.867715,35.862049,328.91,0.00041023
2014,47,0,0.00,115.266203,35.448375,612.97,-0.00331580
2014,47,1,87.57,115.265592,35.447764,732.58,-0.00429760
2014,47,2,175.14,115.264742,35.447566,538.22,-0.00339530
2014,47,3,262.71,115.263777,35.447566,284.06,-0.00151119
2014,471,0,0.00,115.875530,35.871212,343.86,-0.00326062
2014,471,1,97.12,115.876000,35.871951,343.86,-0.00335027
2014,471,2,194.24,115.876878,35.872289,328.91,-0.00343993
2014,472,0,0.00,115.875530,35.871212,1749.21,0.00000000
2014,472,1,74.23,115.876049,35.870693,1315.65,-0.00089183
2014,472,2,148.45,115.876568,35.870174,941.88,-0.00183644
2014,472,3,222.68,115.876878,35.869595,747.53,-0.00188921
2014,473,0,0.00,115.867715,35.862049,358.81,0.00238987
2014,473,1,97.52,115.868694,35.862220,328.91,0.00238945
2014,473,2,195.04,115.869475,35.862731,299.01,0.00175307
2014,473,3,292.55,115.870256,35.863243,358.81,0.00067848
2014,473,4,390.07,115.870938,35.863925,328.91,-0.00055856
2014,473,5,487.59,115.871697,35.864474,373.76,-0.00080827
2014,473,6,585.11,115.872500,35.864948,328.91,0.00035839
2014,473,7,682.63,115.873281,35.865459,373.76,0.00093881
2014,473,8,780.14,115.873913,35.866014,358.81,-0.00021705
2014,473,9,877.66,115.874583,35.866630,328.91,-0.00110941
2014,473,10,975.18,115.875415,35.867054,328.91,0.00041722
2014,473,11,1072.70,115.876196,35.867565,328.91,0.00137735
2014,473,12,1170.22,115.876878,35.868247,328.91,0.00103682
2014,474,0,0.00,115.867715,35.862049,493.37,0.00000000
2014,474,1,29.90,115.867715,35.862318,478.42,0.00000000
2014,474,2,59.80,115.867715,35.862588,463.47,0.00000000
2014,475,0,0.00,115.876878,35.872289,328.91,-0.00471743
2014,475,1,65.67,115.877128,35.872809,299.01,-0.00480537
2014,475,2,131.35,115.877686,35.873098,269.11,-0.00489330
2014,476,0,0.00,115.876878,35.872289,1689.41,-0.00000000
2014,476,1,96.39,115.877551,35.871616,1016.64,-0.00000000
2014,476,2,192.77,115.878225,35.870942,433.57,-0.00000000
2014,477,0,0.00,115.876878,35.869595,448.52,0.00000000
2014,477,1,74.76,115.876878,35.868921,493.37,0.00000000
2014,477,2,149.51,115.876878,35.868247,493.37,0.00000000
2014,478,0,0.00,115.876878,35.869595,478.42,-0.00000000
2014,478,1,74.72,115.877499,35.869947,343.86,0.00285829
2014,478,2,149.43,115.878121,35.870299,328.91,0.00556546
2014,478,3,224.15,115.878225,35.870942,403.66,0.00541434
2014,479,0,0.00,115.876878,35.868247,463.47,0.00000000
2014,479,1,24.34,115.877147,35.868247,463.47,0.00000000
2014,479,2,48.68,115.877417,35.868247,463.47,0.00000000
2014,48,0,0.00,115.265933,35.448644,612.97,0.00327223
2014,48,1,93.58,115.265820,35.449297,762.48,0.00408360
2014,48,2,187.16,115.265167,35.449950,1091.39,0.00375137
2014,48,3,280.74,115.264316,35.450261,164.46,0.00260775
2014,481,0,0.00,115.877686,35.873098,343.86,-0.00517012
2014,481,1,77.84,115.878021,35.873703,299.01,-0.00527848
2014,481,2,155.69,115.878764,35.873906,358.81,-0.00538684
2014,482,0,0.00,115.877686,35.873098,1569.81,0.00124164
2014,482,1,89.28,115.878310,35.872474,1584.76,0.00129295
2014,482,2,178.56,115.879033,35.872020,104.65,0.00134425
2014,483,0,0.00,115.878225,35.870942,448.52,0.00440152
2014,483,1,50.72,115.878679,35.871126,299.01,0.00418559
2014,483,2,101.45,115.879033,35.871481,299.01,0.00396966
2014,484,0,0.00,115.878764,35.873906,358.81,-0.00939897
2014,484,1,58.57,115.878964,35.874376,328.91,-0.00937370
2014,484,2,117.13,115.879572,35.874445,388.71,-0.00934843
2014,485,0,0.00,115.878764,35.873906,1435.25,-0.00000000
2014,485,1,77.11,115.879303,35.873367,1181.09,-0.00000000
2014,485,2,154.22,115.879842,35.872828,687.72,-0.00000000
2014,486,0,0.00,115.879572,35.874445,373.76,-0.00212075
2014,486,1,99.87,115.879853,35.875265,313.96,-0.00255486
2014,486,2,199.74,115.880551,35.875963,313.96,-0.00149449
2014,486,3,299.61,115.881348,35.876491,328.91,0.00049373
2014,486,4,399.49,115.882046,35.877189,284.06,0.00136656
2014,486,5,499.36,115.882744,35.877887,224.26,0.00100076
2014,486,6,599.23,115.883076,35.878691,239.21,-0.00102071
2014,486,7,699.10,115.883723,35.879404,239.21,-0.00046994
2014,486,8,798.97,115.884423,35.879960,239.21,0.00090873
2014,486,9,898.84,115.884800,35.880751,284.06,-0.00004285
2014,486,10,998.72,115.885498,35.881449,269.11,0.00066040
2014,486,11,1098.59,115.885987,35.882208,284.06,0.00149254
2014,486,12,1198.46,115.886310,35.883015,269.11,0.00069353
2014,486,13,1298.33,115.886579,35.883837,284.06,0.00013427
2014,486,14,1398.20,115.886849,35.884659,284.06,-0.00000000
2014,486,15,1498.07,115.887118,35.885481,299.01,0.00000000
2014,486,16,1597.95,115.887388,35.886303,418.61,0.00000000
2014,487,0,0.00,115.879572,35.874445,1345.55,0.00000000
2014,487,1,57.83,115.879977,35.874041,1196.04,0.00000000
2014,487,2,115.66,115.880381,35.873637,807.33,0.00000000
2014,488,0,0.00,115.887388,35.886303,837.23,-0.00387440
2014,488,1,93.30,115.888421,35.886303,1061.49,-0.00282193
2014,488,2,186.61,115.889140,35.885764,941.88,0.00000000
2014,488,3,279.91,115.890040,35.885537,89.70,0.00055343
2014,488,4,373.21,115.890891,35.885225,,-0.00066260
2014,489,0,0.00,115.887388,35.886303,388.71,-0.00283373
2014,489,1,97.82,115.886849,35.887029,284.06,-0.00060976
2014,489,2,195.65,115.886849,35.887911,254.16,0.00165392
2014,489,3,293.47,115.886073,35.888427,209.31,-0.00027228
2014,489,4,391.29,115.885771,35.889221,194.36,-0.00012458
2014,489,5,489.12,115.885332,35.889976,209.31,0.00108600
2014,489,6,586.94,115.884649,35.890659,239.21,0.00060033
2014,489,7,684.76,115.884174,35.891404,269.11,0.00102386
2014,489,8,782.59,115.883390,35.891918,299.01,0.00051500
2014,489,9,880.41,115.882707,35.892601,328.91,-0.00000000
2014,489,10,978.23,115.881923,35.893115,313.96,-0.00000000
2014,489,11,1076.06,115.881239,35.893799,358.81,0.00022262
2014,489,12,1173.88,115.880456,35.894313,313.96,0.00000000
2014,489,13,1271.70,115.879732,35.894927,328.91,0.00016397
2014,489,14,1369.52,115.878989,35.895510,313.96,0.00055479
2014,489,15,1467.35,115.878195,35.896005,328.91,0.00068626
2014,489,16,1565.17,115.877423,35.896538,299.01,-0.00000000
2014,489,17,1662.99,115.876540,35.896882,313.96,-0.00107284
2014,489,18,1760.82,115.875856,35.897565,328.91,0.00058502
2014,489,19,1858.64,115.875073,35.898079,343.86,0.00113981
2014,489,20,1956.46,115.874190,35.898423,373.76,0.00000000
2014,489,21,2054.29,115.873407,35.898937,313.96,0.00000000
2014,489,22,2152.11,115.872524,35.899280,343.86,0.00000000
2014,489,23,2249.93,115.871741,35.899794,299.01,0.00022933
2014,489,24,2347.76,115.870858,35.900138,328.91,0.00060157
2014,489,25,2445.58,115.870037,35.900586,313.96,0.00074461
2014,489,26,2543.40,115.869093,35.900825,343.86,0.00000000
2014,489,27,2641.23,115.868210,35.901169,313.96,-0.00037237
2014,489,28,2739.05,115.867328,35.901513,313.96,0.00060191
2014,489,29,2836.87,115.866445,35.901856,343.86,0.00118791
2014,489,30,2934.70,115.865463,35.902030,373.76,0.00058600
2014,489,31,3032.52,115.864481,35.902203,418.61,-0.00000000
2014,49,0,0.00,115.268628,35.450800,1345.55,0.00000000
2014,49,1,36.70,115.269032,35.450800,1375.45,0.00000000
2014,49,2,73.40,115.269437,35.450800,1255.84,0.00000000
2014,490,0,0.00,115.864481,35.902203,478.42,0.00102924
2014,490,1,97.85,115.863797,35.902888,328.91,0.00165359
2014,490,2,195.71,115.863013,35.903402,328.91,0.00113897
2014,490,3,293.56,115.862130,35.903746,328.91,-0.00113897
2014,490,4,391.42,115.861347,35.904260,328.91,-0.00280602
2014,490,5,489.27,115.860663,35.904944,313.96,-0.00345785
2014,490,6,587.12,115.860438,35.905761,254.16,-0.00271317
2014,490,7,684.98,115.860438,35.906643,224.26,-0.00120715
2014,490,8,782.83,115.860594,35.907480,179.41,-0.00042115
2014,490,9,880.69,115.860708,35.908329,179.41,-0.00053171
2014,490,10,978.54,115.860917,35.909150,209.31,-0.00109877
2014,490,11,1076.39,115.861183,35.909955,299.01,-0.00033646
2014,490,12,1174.25,115.861658,35.910700,269.11,0.00055403
2014,490,13,1272.10,115.861786,35.911545,284.06,-0.00054552
2014,490,14,1369.95,115.862190,35.912310,328.91,-0.00037513
2014,490,15,1467.81,115.862594,35.913075,343.86,0.00000000
2014,490,16,1565.66,115.862864,35.913879,373.76,-0.00035744
2014,490,17,1663.52,115.863403,35.914605,388.71,0.00071417
2014,490,18,1761.37,115.863672,35.915409,448.52,0.00142834
2014,491,0,0.00,115.864481,35.902203,1091.39,0.00000000
2014,491,1,38.55,115.864211,35.901934,897.03,0.00000000
2014,491,2,77.10,115.863942,35.901664,777.43,0.00000000
2014,492,0,0.00,115.863672,35.915409,1091.39,-0.00000000
2014,492,1,96.37,115.862999,35.916082,1106.34,-0.00000000
2014,492,2,192.73,115.862325,35.916756,926.93,-0.00000000
2014,493,0,0.00,115.863672,35.915409,388.71,-0.00046266
2014,493,1,98.70,115.864211,35.916142,433.57,-0.00059544
2014,493,2,197.41,115.864843,35.916849,448.52,-0.00000000
2014,493,3,296.11,115.865533,35.917539,388.71,-0.00013549
2014,493,4,394.81,115.866015,35.918290,388.71,-0.00154957
2014,493,5,493.51,115.866804,35.918810,373.76,-0.00104997
2014,493,6,592.22,115.867594,35.919330,299.01,0.00000000
2014,493,7,690.92,115.868383,35.919850,299.01,-0.00030597
2014,493,8,789.62,115.869173,35.920370,239.21,-0.00057403
2014,493,9,888.32,115.870016,35.920799,209.31,-0.00053968
2014,493,10,987.03,115.870851,35.921240,179.41,-0.00081210
2014,493,11,1085.73,115.871740,35.921590,164.46,-0.00148711
2014,493,12,1184.43,115.872666,35.921876,149.51,-0.00124226
2014,493,13,1283.13,115.873717,35.921950,164.46,-0.00052856
2014,493,14,1381.84,115.874696,35.922146,179.41,-0.00081969
2014,493,15,1480.54,115.875789,35.922146,209.31,0.00023293
2014,493,16,1579.24,115.876883,35.922146,239.21,0.00081969
2014,493,17,1677.94,115.877819,35.922415,269.11,0.00000000
2014,493,18,1776.65,115.878913,35.922415,299.01,0.00000000
2014,493,19,1875.35,115.879849,35.922685,358.81,-0.00081969
2014,493,20,1974.05,115.880942,35.922685,388.71,-0.00163938
2014,493,21,2072.75,115.882036,35.922685,418.61,-0.00172335
2014,493,22,2171.46,115.882972,35.922415,388.71,0.00081969
2014,493,23,2270.16,115.883908,35.922146,388.71,0.00224098
2014,493,24,2368.86,115.884844,35.922415,358.81,-0.00081969
2014,493,25,2467.57,115.885876,35.922310,313.96,-0.00100495
2014,493,26,2566.27,115.886874,35.922146,313.96,0.00143603
2014,493,27,2664.97,115.887967,35.922146,299.01,0.00130702
2014,493,28,2763.67,115.888941,35.922352,284.06,-0.00043128
2014,493,29,2862.38,115.889997,35.922415,358.81,0.00000000
2014,493,30,2961.08,115.891091,35.922415,388.71,0.00078464
2014,493,31,3059.78,115.892027,35.922685,388.71,-0.00036609
2014,493,32,3158.48,115.893093,35.922731,373.76,-0.00040815
2014,493,33,3257.19,115.893982,35.922828,358.81,-0.00004907
2014,493,34,3355.89,115.894871,35.922892,284.06,0.00046111
2014,493,35,3454.59,115.895929,35.922954,239.21,0.00041517
2014,493,36,3553.29,115.896865,35.923224,209.31,0.00018609
2014,493,37,3652.00,115.897958,35.923224,179.41,0.00275269
2014,493,38,3750.70,115.898825,35.923612,149.51,0.00328929
2014,493,39,3849.40,115.899515,35.924302,149.51,0.00185133
2014,494,0,0.00,115.863942,35.901664,837.23,-0.00346464
2014,494,1,99.37,115.863148,35.901140,941.88,-0.00335022
2014,494,2,198.74,115.862055,35.901125,433.57,-0.00323579
2014,495,0,0.00,115.863942,35.901664,523.27,-0.00191948
2014,495,1,80.62,115.864211,35.901016,717.63,0.00085374
2014,495,2,161.23,115.864233,35.900295,418.61,0.00477144
2014,495,3,241.85,115.864896,35.899902,343.86,0.00295796
2014,495,4,322.47,115.865559,35.899508,343.86,-0.00000000
2014,496,0,0.00,115.899515,35.924302,179.41,0.00230891
2014,496,1,98.83,115.900453,35.924571,149.51,0.00251651
2014,496,2,197.66,115.901196,35.925174,134.55,0.00161945
2014,496,3,296.49,115.901887,35.925865,134.55,0.00025740
2014,496,4,395.33,115.902578,35.926556,164.46,0.00098120
2014,496,5,494.16,115.903269,35.927247,179.41,0.00156124
2014,496,6,592.99,115.903557,35.928054,164.46,-0.00024760
2014,496,7,691.82,115.904023,35.928810,224.26,0.00000000
2014,496,8,790.65,115.904635,35.929524,209.31,0.00116580
2014,496,9,889.48,115.904778,35.930374,209.31,-0.00106301
2014,496,10,988.31,115.905260,35.931125,224.26,-0.00016831
2014,496,11,1087.14,115.905951,35.931816,194.36,0.00512394
2014,496,12,1185.98,115.905863,35.932507,194.36,0.00344261
2014,496,13,1284.81,115.905174,35.933199,164.46,-0.00186031
2014,496,14,1383.64,115.905174,35.934090,134.55,-0.00107214
2014,496,15,1482.47,115.905044,35.934943,149.51,0.00104228
2014,496,16,1581.30,115.904905,35.935793,179.41,0.00105021
2014,496,17,1680.13,115.904498,35.936566,209.31,0.00032559
2014,496,18,1778.96,115.904225,35.937378,239.21,-0.00003083
2014,496,19,1877.80,115.903827,35.938154,299.01,-0.00034307
2014,496,20,1976.63,115.903557,35.938967,284.06,-0.00009109
2014,496,21,2075.46,115.903288,35.939780,343.86,0.00079495
2014,496,22,2174.29,115.902925,35.940565,388.71,0.00021306
2014,496,23,2273.12,115.902443,35.941317,373.76,-0.00023437
2014,496,24,2371.95,115.902210,35.942140,433.57,-0.00033481
2014,496,25,2470.78,115.901688,35.942880,418.61,-0.00051685
2014,496,26,2569.61,115.901624,35.943752,433.57,0.00097845
2014,496,27,2668.45,115.901132,35.944501,508.32,0.00049049
2014,496,28,2767.28,115.900660,35.945255,493.37,-0.00161695
2014,496,29,2866.11,115.900387,35.946067,448.52,-0.00156609
2014,496,30,2964.94,115.900324,35.946939,478.42,-0.00102960
2014,497,0,0.00,115.899515,35.924302,1091.39,0.00535704
2014,497,1,62.87,115.899076,35.924741,299.01,0.00555737
2014,497,2,125.73,115.898437,35.924841,194.36,0.00575769
2014,498,0,0.00,115.900324,35.946939,627.92,0.00148943
2014,498,1,87.17,115.899615,35.947379,508.32,0.00105967
2014,498,2,174.34,115.898806,35.947649,388.71,0.00150903
2014,498,3,261.51,115.898056,35.948017,299.01,0.00373556
2014,498,4,348.68,115.897090,35.948017,209.31,0.00371399
2014,498,5,435.85,115.896281,35.947748,,0.00234501
2014,499,0,0.00,115.900324,35.946939,702.67,0.00000000
2014,499,1,53.49,115.900593,35.947344,612.97,0.00000000
2014,499,2,106.98,115.900863,35.947748,463.47,0.00000000
2014,5,0,0.00,115.237906,35.421425,1794.06,0.00205145
2014,5,1,71.45,115.237616,35.421984,1285.75,0.00102573
2014,5,2,142.91,115.237118,35.422483,1031.59,-0.00102573
2014,5,3,214.36,115.236828,35.423042,299.01,-0.00205145
2014,50,0,0.00,115.268628,35.450800,553.17,-0.00112620
2014,50,1,76.01,115.268619,35.451330,523.27,-0.00123939
2014,50,2,152.02,115.268733,35.451982,508.32,-0.00135917
2014,50,3,228.03,115.268898,35.452619,418.61,-0.00114418
2014,50,4,304.04,115.269167,35.453225,269.11,-0.00092260
2014,51,0,0.00,115.224431,35.417652,269.11,0.00235013
2014,51,1,82.87,115.223519,35.417652,239.21,0.00247652
2014,51,2,165.74,115.222762,35.417383,239.21,0.00130145
2014,51,3,248.61,115.222006,35.417113,209.31,0.00000000
2014,52,0,0.00,115.263508,35.449183,493.37,0.00342618
2014,52,1,93.53,115.262658,35.448872,598.02,0.00476825
2014,52,2,187.07,115.262160,35.448174,538.22,0.00443565
2014,52,3,280.60,115.262160,35.447331,493.37,0.00138049
2014,52,4,374.14,115.262160,35.446488,478.42,0.00000000
2014,53,0,0.00,115.263508,35.449183,478.42,-0.00196804
2014,53,1,72.90,115.263808,35.449752,553.17,-0.00191232
2014,53,2,145.80,115.264316,35.450261,747.53,-0.00185659
2014,54,0,0.00,115.263777,35.447566,538.22,0.00160119
2014,54,1,72.68,115.263777,35.446911,478.42,0.00121913
2014,54,2,145.36,115.263957,35.446308,478.42,0.00000000
2014,54,3,218.04,115.264047,35.445680,403.66,-0.00083706
2014,55,0,0.00,115.263777,35.447566,911.98,0.01066570
2014,55,1,31.55,115.263557,35.447786,493.37,0.01105937
2014,55,2,63.10,115.263238,35.447836,164.46,0.01145305
2014,56,0,0.00,115.264316,35.450261,672.77,0.00722973
2014,56,1,82.42,115.263721,35.450800,164.46,0.00757421
2014,56,2,164.83,115.262969,35.450530,373.76,0.00791868
2014,58,0,0.00,115.269437,35.450800,702.67,0.00108856
2014,58,1,97.20,115.269906,35.450061,807.33,0.00054428
2014,58,2,194.40,115.270584,35.449383,687.72,-0.00054428
2014,58,3,291.61,115.271054,35.448644,448.52,-0.00108856
2014,59,0,0.00,115.269437,35.450800,553.17,-0.00218776
2014,59,1,67.82,115.269910,35.451273,538.22,-0.00229485
2014,59,2,135.65,115.270482,35.451576,612.97,-0.00120097
2014,59,3,203.47,115.271054,35.451878,388.71,-0.00000000
2014,6,0,0.00,115.237906,35.421425,448.52,-0.00000000
2014,6,1,50.88,115.237502,35.421156,418.61,-0.00000000
2014,6,2,101.75,115.237097,35.420886,478.42,-0.00000000
2014,60,0,0.00,115.269167,35.453225,1255.84,-0.00186436
2014,60,1,92.71,115.270188,35.453225,1480.10,-0.00196165
2014,60,2,185.43,115.271054,35.452956,837.23,-0.00205894
2014,61,0,0.00,115.269167,35.453225,313.96,-0.00314450
2014,61,1,64.17,115.269167,35.453804,284.06,-0.00323866
2014,61,2,128.33,115.269437,35.454303,299.01,-0.00333282
2014,62,0,0.00,115.222006,35.417113,1510.00,0.00508454
2014,62,1,76.41,115.222006,35.416424,807.33,0.00554810
2014,62,2,152.82,115.222545,35.416035,254.16,0.00601165
2014,63,0,0.00,115.222006,35.417113,254.16,-0.00000000
2014,63,1,63.12,115.221467,35.417383,269.11,-0.00000000
2014,63,2,126.23,115.220928,35.417652,254.16,-0.00000000
2014,64,0,0.00,115.262160,35.446488,313.96,0.01145290
2014,64,1,31.55,115.262479,35.446537,373.76,0.01105924
2014,64,2,63.10,115.262699,35.446758,328.91,0.01066558
2014,65,0,0.00,115.262160,35.446488,328.91,0.00628533
2014,65,1,92.22,115.261621,35.445814,373.76,0.00628533
2014,65,2,184.44,115.262160,35.445141,642.87,0.00628533
2014,66,0,0.00,115.271054,35.451878,478.42,0.00000000
2014,66,1,59.80,115.271054,35.452417,478.42,0.00000000
2014,66,2,119.60,115.271054,35.452956,328.91,0.00000000
2014,67,0,0.00,115.271054,35.451878,1001.69,0.00869281
2014,67,1,63.10,115.271593,35.451608,313.96,0.00869281
2014,67,2,126.20,115.272132,35.451878,299.01,0.00869281
2014,69,0,0.00,115.271054,35.452956,328.91,0.00000000
2014,69,1,19.32,115.271188,35.453091,299.01,0.00000000
2014,69,2,38.63,115.271323,35.453225,299.01,0.00000000
2014,7,0,0.00,115.261352,35.433552,313.96,0.00223498
2014,7,1,70.19,115.261940,35.433871,254.16,0.00213700
2014,7,2,140.38,115.262430,35.434361,239.21,0.00203902
2014,70,0,0.00,115.269437,35.454303,1166.14,-0.00186441
2014,70,1,92.71,115.270458,35.454303,1360.50,-0.00196170
2014,70,2,185.42,115.271323,35.454034,717.63,-0.00205900
2014,71,0,0.00,115.269437,35.454303,299.01,-0.00000000
2014,71,1,66.72,115.269694,35.454830,284.06,-0.00229206
2014,71,2,133.44,115.269950,35.455356,239.21,-0.00466630
2014,71,3,200.17,115.270515,35.455651,269.11,-0.00474848
2014,72,0,0.00,115.220928,35.417652,1794.06,-0.00174854
2014,72,1,85.56,115.220928,35.418423,747.53,-0.00180249
2014,72,2,171.12,115.221197,35.419116,523.27,-0.00092823
2014,72,3,256.68,115.221467,35.419808,448.52,0.00000000
2014,73,0,0.00,115.220928,35.417652,269.11,0.00000000
2014,73,1,36.71,115.220523,35.417652,269.11,0.00000000
2014,73,2,73.43,115.220119,35.417652,239.21,0.00000000
2014,74,0,0.00,115.262160,35.445141,313.96,-0.00020771
2014,74,1,99.80,115.262955,35.445154,224.26,-0.00017951
2014,74,2,199.61,115.264047,35.445141,598.02,-0.00015130
2014,75,0,0.00,115.262160,35.445141,627.92,0.00000000
2014,75,1,57.95,115.262565,35.444736,612.97,0.00000000
2014,75,2,115.91,115.262969,35.444332,627.92,0.00000000
2014,76,0,0.00,115.271323,35.454034,284.06,0.00217807
2014,76,1,79.12,115.271593,35.454668,328.91,0.00211413
2014,76,2,158.23,115.271593,35.455381,388.71,0.00205020
2014,77,0,0.00,115.271323,35.454034,672.77,0.00000000
2014,77,1,19.32,115.271458,35.453899,792.38,0.00000000
2014,77,2,38.63,115.271593,35.453764,747.53,0.00000000
2014,78,0,0.00,115.270515,35.455651,358.81,-0.00275236
2014,78,1,87.85,115.270710,35.456386,194.36,-0.00268172
2014,78,2,175.70,115.271323,35.456998,164.46,-0.00261108
2014,79,0,0.00,115.270515,35.455651,1240.89,0.00578231
2014,79,1,56.01,115.270976,35.455381,956.83,0.00553816
2014,79,2,112.03,115.271593,35.455381,313.96,0.00529402
2014,8,0,0.00,115.261352,35.433552,523.27,0.00000000
2014,8,1,77.27,115.260813,35.434091,493.37,0.00000000
2014,8,2,154.55,115.260274,35.434630,493.37,0.00000000
2014,80,0,0.00,115.221467,35.419808,194.36,0.00000000
2014,80,1,61.19,115.222140,35.419808,224.26,0.00000000
2014,80,2,122.38,115.222814,35.419808,194.36,0.00000000
2014,81,0,0.00,115.221467,35.419808,403.66,0.00602376
2014,81,1,91.24,115.220774,35.420347,284.06,0.00610204
2014,81,2,182.48,115.219925,35.420078,269.11,0.00388879
2014,81,3,273.72,115.219064,35.419831,284.06,0.00194480
2014,81,4,364.97,115.218328,35.419365,254.16,0.00344129
2014,81,5,456.21,115.217694,35.418870,478.42,0.00314567
2014,81,6,547.45,115.217583,35.418080,1031.59,-0.00011953
2014,81,7,638.69,115.217155,35.417383,583.07,-0.00194019
2014,82,0,0.00,115.220119,35.417652,433.57,-0.00434023
2014,82,1,68.54,115.219641,35.418130,1076.44,-0.00439881
2014,82,2,137.08,115.219580,35.418730,313.96,-0.00445738
2014,83,0,0.00,115.220119,35.417652,328.91,-0.00564435
2014,83,1,77.93,115.219573,35.417113,239.21,-0.00563516
2014,83,2,155.87,115.218715,35.417113,179.41,-0.00414719
2014,83,3,233.80,115.217857,35.417113,299.01,-0.00281298
2014,83,4,311.73,115.217155,35.417383,284.06,-0.00295755
2014,84,0,0.00,115.262969,35.444332,224.26,0.00883431
2014,84,1,43.79,115.263451,35.444332,448.52,0.00902278
2014,84,2,87.57,115.263777,35.444602,358.81,0.00921124
2014,85,0,0.00,115.262969,35.444332,313.96,-0.00144186
2014,85,1,97.73,115.262699,35.443530,343.86,-0.00268837
2014,85,2,195.45,115.262160,35.442807,343.86,-0.00338731
2014,85,3,293.18,115.261352,35.442446,343.86,-0.00283974
2014,87,0,0.00,115.271593,35.455381,284.06,0.00333273
2014,87,1,64.17,115.271862,35.455881,179.41,0.00323858
2014,87,2,128.33,115.271862,35.456459,239.21,0.00314443
2014,88,0,0.00,115.271323,35.456998,164.46,0.00000000
2014,88,1,38.63,115.271593,35.457268,149.51,0.00000000
2014,88,2,77.27,115.271862,35.457537,179.41,0.00000000
2014,89,0,0.00,115.271323,35.456998,612.97,0.00000000
2014,89,1,38.63,115.271593,35.456729,523.27,0.00000000
2014,89,2,77.27,115.271862,35.456459,448.52,0.00000000
2014,9,0,0.00,115.237097,35.420886,448.52,0.00351011
2014,9,1,68.27,115.236346,35.420886,418.61,0.00369750
2014,9,2,136.54,115.235750,35.420617,463.47,0.00388490
2014,90,0,0.00,115.217155,35.417383,328.91,0.00216092
2014,90,1,86.31,115.216204,35.417383,299.01,0.00227612
2014,90,2,172.62,115.215410,35.417113,328.91,0.00000000
2014,90,3,258.93,115.214616,35.416844,328.91,-0.00227612
2014,90,4,345.23,115.213665,35.416844,299.01,-0.00108046
2014,90,5,431.54,115.212715,35.416844,358.81,0.00000000
2014,90,6,517.85,115.211765,35.416844,448.52,0.00000000
2014,91,0,0.00,115.271862,35.456459,149.51,0.00887566
2014,91,1,85.13,115.272401,35.456927,209.31,0.00811479
2014,91,2,170.26,115.271862,35.457537,568.12,0.00735393
2014,93,0,0.00,115.271862,35.457537,194.36,-0.00393354
2014,93,1,98.29,115.271922,35.458406,119.60,-0.00320112
2014,93,2,196.59,115.272671,35.458931,134.55,-0.00029003
2014,93,3,294.88,115.273184,35.459667,164.46,-0.00000000
2014,93,4,393.17,115.273661,35.460414,164.46,-0.00145594
2014,93,5,491.47,115.274445,35.460929,164.46,-0.00051161
2014,93,6,589.76,115.275131,35.461615,164.46,-0.00000000
2014,93,7,688.05,115.275916,35.462130,194.36,-0.00042886
2014,93,8,786.35,115.276601,35.462815,179.41,-0.00055092
2014,93,9,884.64,115.277463,35.463197,194.36,0.00031280
2014,93,10,982.93,115.278170,35.463845,224.26,0.00055092
2014,93,11,1081.22,115.278955,35.464361,254.16,0.00062768
2014,93,12,1179.52,115.279641,35.465046,224.26,0.00051161
2014,93,13,1277.81,115.280217,35.465622,119.60,0.00000000
2014,95,0,0.00,115.211765,35.416844,1794.06,0.00000000
2014,95,1,90.00,115.211765,35.417655,1794.06,-0.00126258
2014,95,2,180.00,115.211765,35.418466,732.58,-0.00523047
2014,95,3,270.01,115.212188,35.419153,358.81,-0.00662143
2014,95,4,360.01,115.213112,35.419269,284.06,-0.00530709
2014,96,0,0.00,115.211765,35.416844,373.76,-0.00311483
2014,96,1,90.17,115.211037,35.416385,403.66,-0.00335355
2014,96,2,180.34,115.210091,35.416305,388.71,-0.00109107
2014,96,3,270.51,115.209098,35.416305,433.57,0.00179614
2014,96,4,360.69,115.208261,35.416035,478.42,0.00218215
2014,97,0,0.00,115.280217,35.465622,134.55,-0.00310363
2014,97,1,90.27,115.280726,35.466161,134.55,-0.00298322
2014,97,2,180.55,115.281564,35.466431,194.36,-0.00286281
2014,98,0,0.00,115.280217,35.465622,687.72,0.00603735
2014,98,1,75.32,115.280890,35.465353,224.26,0.00603735
2014,98,2,150.65,115.281564,35.465622,269.11,0.00603735
2014,99,0,0.00,115.208261,35.416035,687.72,-0.00106908
2014,99,1,87.42,115.207652,35.415425,1046.54,-0.00315628
2014,99,2,174.84,115.206960,35.414957,553.17,-0.00586042
2014,99,3,262.26,115.205998,35.414957,254.16,-0.00589758
2014,99,4,349.68,115.205230,35.415294,583.07,-0.00436799
2014,99,5,437.11,115.204620,35.415903,867.13,-0.00238643
2014,99,6,524.53,115.204219,35.416574,702.67,-0.00135469
