year,link_id,sample_idx,s_m,lon,lat,B_m,C_1m
2016,0,0,0.00,115.339775,35.542159,179.41,-0.00443172
2016,0,1,75.99,115.339244,35.542689,119.60,-0.00444012
2016,0,2,151.98,115.339236,35.543371,119.60,0.00000000
2016,0,3,227.98,115.339227,35.544054,149.51,0.00444012
2016,0,4,303.97,115.338697,35.544584,179.41,0.00443172
2016,1,0,0.00,115.338697,35.544584,747.53,0.00000000
2016,1,1,48.88,115.338158,35.544584,822.28,0.00000000
2016,1,2,97.75,115.337619,35.544584,926.93,0.00000000
2016,10,0,0.00,115.334924,35.546740,553.17,-0.00365479
2016,10,1,75.99,115.334811,35.546088,194.36,-0.00319956
2016,10,2,151.98,115.334281,35.545558,224.26,0.00092181
2016,10,3,227.98,115.333846,35.545000,164.46,0.00412535
2016,10,4,303.97,115.333846,35.544315,254.16,0.00366275
2016,100,0,0.00,115.340583,35.526797,612.97,0.00147424
2016,100,1,68.52,115.341061,35.527276,583.07,0.00330179
2016,100,2,137.04,115.341392,35.527797,463.47,0.00426361
2016,100,3,205.56,115.341392,35.528414,418.61,0.00339788
2016,101,0,0.00,115.340583,35.526797,568.12,-0.00000000
2016,101,1,93.44,115.341027,35.526085,568.12,-0.00000000
2016,101,2,186.88,115.341470,35.525372,508.32,-0.00121622
2016,101,3,280.31,115.341913,35.524659,463.47,-0.00173863
2016,101,4,373.75,115.341939,35.523824,358.81,-0.00059561
2016,101,5,467.19,115.342200,35.523058,254.16,-0.00077846
2016,101,6,560.63,115.342200,35.522216,224.26,-0.00141052
2016,104,0,0.00,115.382355,35.566413,493.37,-0.00000000
2016,104,1,67.77,115.382927,35.566111,493.37,-0.00120202
2016,104,2,135.54,115.383499,35.565808,523.27,-0.00229671
2016,104,3,203.31,115.383972,35.565335,523.27,-0.00218939
2016,105,0,0.00,115.382355,35.566413,508.32,0.00118823
2016,105,1,88.78,115.381735,35.567033,493.37,0.00202905
2016,105,2,177.57,115.381022,35.567491,239.21,0.00224728
2016,105,3,266.35,115.380199,35.567761,403.66,0.00162470
2016,106,0,0.00,115.380199,35.567761,1495.05,-0.00099467
2016,106,1,78.98,115.380542,35.568373,1240.89,0.00027686
2016,106,2,157.95,115.381007,35.568949,328.91,0.00591594
2016,106,3,236.93,115.381119,35.569536,448.52,0.00844655
2016,106,4,315.90,115.380468,35.569917,328.91,0.00660960
2016,109,0,0.00,115.340314,35.530840,179.41,0.00000000
2016,109,1,72.51,115.340820,35.530334,179.41,0.00095297
2016,109,2,145.03,115.341326,35.529828,762.48,0.00199593
2016,109,3,217.54,115.341931,35.529492,822.28,0.00208592
2016,11,0,0.00,115.334924,35.546740,1315.65,0.00389651
2016,11,1,68.18,115.334328,35.547010,1166.14,0.00370826
2016,11,2,136.36,115.333576,35.547010,284.06,0.00352001
2016,110,0,0.00,115.341931,35.529492,299.01,-0.00445533
2016,110,1,68.52,115.341870,35.528893,328.91,-0.00439701
2016,110,2,137.04,115.341392,35.528414,448.52,-0.00433868
2016,114,0,0.00,115.342200,35.522216,1315.65,0.00134164
2016,114,1,89.46,115.341477,35.521762,553.17,0.00129060
2016,114,2,178.93,115.340853,35.521138,239.21,0.00123956
2016,115,0,0.00,115.342200,35.522216,299.01,-0.00281538
2016,115,1,98.42,115.342739,35.521486,254.16,-0.00210284
2016,115,2,196.84,115.342739,35.520599,179.41,0.00000000
2016,115,3,295.27,115.343009,35.519791,343.86,0.00139030
2016,116,0,0.00,115.383972,35.565335,538.22,-0.00139293
2016,116,1,81.80,115.384840,35.565276,463.47,-0.00041618
2016,116,2,163.61,115.385620,35.565066,418.61,0.00000000
2016,116,3,245.41,115.386523,35.565066,388.71,-0.00161784
2016,116,4,327.21,115.387268,35.564796,388.71,-0.00133756
2016,116,5,409.01,115.388014,35.564527,418.61,0.00000000
2016,117,0,0.00,115.383972,35.565335,1240.89,0.00442937
2016,117,1,75.58,115.383444,35.564808,1420.30,0.00448655
2016,117,2,151.15,115.383433,35.564130,1091.39,0.00231765
2016,117,3,226.73,115.383433,35.563449,822.28,0.00009158
2016,118,0,0.00,115.343009,35.519791,807.33,-0.00531146
2016,118,1,89.97,115.343933,35.519675,358.81,-0.00662247
2016,118,2,179.94,115.344356,35.518987,179.41,-0.00522700
2016,118,3,269.91,115.344356,35.518176,373.76,-0.00126026
2016,118,4,359.88,115.344356,35.517365,343.86,0.00000000
2016,119,0,0.00,115.343009,35.519791,313.96,0.00423978
2016,119,1,99.67,115.342626,35.519095,179.41,0.00401789
2016,119,2,199.34,115.343009,35.518308,179.41,0.00269109
2016,119,3,299.00,115.343391,35.517522,358.81,0.00154020
2016,119,4,398.67,115.344087,35.516826,418.61,0.00149421
2016,12,0,0.00,115.354328,35.566144,493.37,-0.00111584
2016,12,1,97.67,115.354592,35.566947,284.06,-0.00272774
2016,12,2,195.34,115.355065,35.567689,433.57,-0.00387303
2016,12,3,293.01,115.355944,35.568030,239.21,-0.00340643
2016,120,0,0.00,115.388014,35.564527,388.71,-0.00061454
2016,120,1,78.02,115.388875,35.564527,448.52,-0.00133125
2016,120,2,156.04,115.389697,35.564461,493.37,-0.00176682
2016,120,3,234.07,115.390440,35.564257,478.42,-0.00148570
2016,121,0,0.00,115.388014,35.564527,1076.44,0.00433819
2016,121,1,68.51,115.387536,35.564048,1270.79,0.00330136
2016,121,2,137.03,115.387475,35.563449,1569.81,-0.00000000
2016,121,3,205.54,115.387206,35.562910,657.82,-0.00226453
2016,122,0,0.00,115.344356,35.517365,986.73,0.00000000
2016,122,1,24.45,115.344626,35.517365,1046.54,0.00000000
2016,122,2,48.89,115.344895,35.517365,1046.54,0.00000000
2016,123,0,0.00,115.344356,35.517365,717.63,0.00867770
2016,123,1,34.26,115.344117,35.517126,403.66,0.00879440
2016,123,2,68.52,115.344087,35.516826,373.76,0.00891110
2016,125,0,0.00,115.344087,35.516826,388.71,0.00000000
2016,125,1,91.59,115.344356,35.516079,388.71,0.00019979
2016,125,2,183.19,115.344626,35.515332,358.81,0.00131444
2016,125,3,274.78,115.344961,35.514605,403.66,0.00077758
2016,125,4,366.37,115.345600,35.513965,388.71,-0.00160287
2016,125,5,457.96,115.345822,35.513205,388.71,0.00055822
2016,125,6,549.56,115.346044,35.512444,388.71,0.00369323
2016,125,7,641.15,115.346782,35.511975,358.81,0.00373843
2016,126,0,0.00,115.344087,35.516826,1360.50,0.00000000
2016,126,1,75.29,115.343413,35.516557,1330.60,0.00000000
2016,126,2,150.58,115.342739,35.516287,1031.59,0.00000000
2016,127,0,0.00,115.390440,35.564257,1554.85,0.00000000
2016,127,1,95.31,115.390440,35.565116,1629.61,0.00143091
2016,127,2,190.63,115.390440,35.565975,897.03,0.00458275
2016,127,3,285.94,115.389905,35.566679,418.61,0.00454889
2016,127,4,381.26,115.389012,35.566952,373.76,0.00120776
2016,127,5,476.57,115.388178,35.567327,388.71,-0.00020461
2016,127,6,571.88,115.387315,35.567651,433.57,0.00018929
2016,127,7,667.20,115.386484,35.568030,418.61,0.00061265
2016,127,8,762.51,115.385589,35.568300,523.27,0.00081607
2016,128,0,0.00,115.390440,35.564257,478.42,-0.00000000
2016,128,1,86.17,115.391234,35.563988,478.42,0.00120019
2016,128,2,172.33,115.392028,35.563718,418.61,0.00228448
2016,128,3,258.50,115.392978,35.563718,388.71,0.00108429
2016,128,4,344.66,115.393929,35.563718,328.91,0.00000000
2016,128,5,430.83,115.394879,35.563718,328.91,0.00000000
2016,128,6,517.00,115.395830,35.563718,598.02,0.00000000
2016,129,0,0.00,115.346782,35.511975,403.66,0.00181147
2016,129,1,76.00,115.346895,35.511323,418.61,0.00090574
2016,129,2,152.00,115.347216,35.510732,448.52,0.00092196
2016,129,3,228.00,115.347329,35.510080,403.66,0.00267731
2016,129,4,303.99,115.347860,35.509550,328.91,0.00351070
2016,13,0,0.00,115.354328,35.566144,1794.06,0.00000000
2016,13,1,57.92,115.354732,35.565739,1031.59,0.00000000
2016,13,2,115.84,115.355136,35.565335,672.77,0.00000000
2016,130,0,0.00,115.346782,35.511975,837.23,0.00000000
2016,130,1,57.93,115.347186,35.512379,911.98,0.00000000
2016,130,2,115.87,115.347590,35.512784,642.87,0.00000000
2016,131,0,0.00,115.395830,35.563718,1091.39,-0.00020971
2016,131,1,92.52,115.395830,35.562884,971.78,-0.00074409
2016,131,2,185.04,115.395790,35.562062,941.88,-0.00131134
2016,131,3,277.56,115.395560,35.561295,538.22,-0.00177975
2016,131,4,370.08,115.395291,35.560540,538.22,-0.00274994
2016,131,5,462.60,115.394688,35.559881,553.17,-0.00238208
2016,131,6,555.12,115.393943,35.559406,523.27,-0.00147957
2016,132,0,0.00,115.395830,35.563718,388.71,-0.00106216
2016,132,1,92.15,115.396572,35.564191,299.01,0.00057336
2016,132,2,184.30,115.397393,35.564527,194.36,0.00345787
2016,132,3,276.44,115.397847,35.565197,149.51,0.00320290
2016,132,4,368.59,115.398073,35.565962,134.55,0.00071972
2016,132,5,460.74,115.398255,35.566739,149.51,-0.00039109
2016,132,6,552.89,115.398525,35.567491,179.41,-0.00052269
2016,133,0,0.00,115.347860,35.509550,313.96,-0.00189378
2016,133,1,84.68,115.348129,35.508865,343.86,-0.00028106
2016,133,2,169.36,115.348129,35.508102,343.86,0.00501019
2016,133,3,254.04,115.348589,35.507473,373.76,0.00707641
2016,133,4,338.72,115.349477,35.507394,538.22,0.00546410
2016,134,0,0.00,115.347860,35.509550,1106.34,-0.00922318
2016,134,1,43.76,115.348186,35.509819,1794.06,-0.00903464
2016,134,2,87.52,115.348668,35.509819,926.93,-0.00884610
2016,135,0,0.00,115.393943,35.559406,493.37,-0.00347796
2016,135,1,53.56,115.393569,35.559780,328.91,-0.00358500
2016,135,2,107.13,115.393404,35.560215,164.46,-0.00369203
2016,136,0,0.00,115.393943,35.559406,538.22,-0.00488253
2016,136,1,87.48,115.393234,35.558966,478.42,-0.00440229
2016,136,2,174.96,115.392483,35.559137,373.76,-0.00232026
2016,136,3,262.44,115.391518,35.559137,403.66,-0.00152206
2016,136,4,349.92,115.390709,35.559406,403.66,-0.00116282
2016,136,5,437.40,115.389901,35.559676,433.57,0.00000000
2016,137,0,0.00,115.398525,35.567491,657.82,-0.00223691
2016,137,1,70.13,115.399113,35.567172,897.03,-0.00213871
2016,137,2,140.27,115.399603,35.566683,732.58,-0.00204051
2016,138,0,0.00,115.398525,35.567491,209.31,-0.00062251
2016,138,1,99.77,115.398595,35.568370,224.26,-0.00014055
2016,138,2,199.53,115.398794,35.569211,284.06,0.00000000
2016,138,3,299.30,115.398794,35.570110,284.06,-0.00084621
2016,138,4,399.07,115.399064,35.570931,343.86,-0.00067551
2016,138,5,498.83,115.399333,35.571752,343.86,0.00057750
2016,138,6,598.60,115.399603,35.572572,358.81,0.00055414
2016,138,7,698.37,115.399642,35.573460,373.76,-0.00047608
2016,138,8,798.13,115.399921,35.574278,403.66,-0.00042872
2016,138,9,897.90,115.400142,35.575113,433.57,0.00057408
2016,138,10,997.67,115.400411,35.575934,418.61,0.00118821
2016,138,11,1097.43,115.400411,35.576833,448.52,0.00063812
2016,138,12,1197.20,115.400411,35.577732,418.61,0.00000000
2016,139,0,0.00,115.349477,35.507394,418.61,0.00030361
2016,139,1,94.59,115.349719,35.506612,388.71,0.00099631
2016,139,2,189.19,115.350016,35.505846,388.71,0.00146533
2016,139,3,283.78,115.350555,35.505151,388.71,0.00094655
2016,139,4,378.37,115.351074,35.504449,373.76,0.00010902
2016,139,5,472.97,115.351734,35.503789,388.71,-0.00075597
2016,139,6,567.56,115.352172,35.503065,313.96,-0.00050175
2016,139,7,662.16,115.352636,35.502348,299.01,0.00057537
2016,139,8,756.75,115.353088,35.501627,284.06,0.00015129
2016,139,9,851.34,115.353748,35.500967,269.11,-0.00072609
2016,139,10,945.94,115.354058,35.500205,209.31,-0.00045519
2016,139,11,1040.53,115.354597,35.499509,179.41,-0.00235062
2016,139,12,1135.12,115.354867,35.498735,149.51,-0.00370119
2016,139,13,1229.72,115.354597,35.497962,224.26,-0.00293250
2016,14,0,0.00,115.333846,35.544315,941.88,0.00579379
2016,14,1,55.96,115.334307,35.544045,807.33,0.00554898
2016,14,2,111.93,115.334924,35.544045,523.27,0.00530418
2016,140,0,0.00,115.349477,35.507394,1016.64,0.00220478
2016,140,1,78.18,115.350022,35.507939,657.82,0.00413384
2016,140,2,156.36,115.350285,35.508567,388.71,0.00544581
2016,140,3,234.54,115.350083,35.509213,313.96,0.00297677
2016,140,4,312.72,115.349746,35.509819,343.86,0.00112481
2016,141,0,0.00,115.348668,35.509819,792.38,-0.00953475
2016,141,1,85.11,115.349294,35.510358,672.77,-0.01046253
2016,141,2,170.22,115.349746,35.509819,328.91,-0.01139030
2016,142,0,0.00,115.348668,35.509819,388.71,0.00870186
2016,142,1,63.07,115.349207,35.509550,657.82,0.00870186
2016,142,2,126.14,115.349746,35.509819,493.37,0.00870186
2016,143,0,0.00,115.400411,35.577732,508.32,0.00297003
2016,143,1,95.69,115.400950,35.578437,463.47,0.00291551
2016,143,2,191.37,115.400950,35.579300,493.37,0.00073592
2016,143,3,287.06,115.400950,35.580162,373.76,-0.00069457
2016,143,4,382.75,115.401220,35.580946,403.66,0.00086554
2016,143,5,478.44,115.401220,35.581809,373.76,0.00138915
2016,143,6,574.12,115.401151,35.582651,433.57,0.00034272
2016,143,7,669.81,115.400950,35.583455,493.37,-0.00212507
2016,143,8,765.50,115.400950,35.584317,493.37,-0.00209178
2016,143,9,861.19,115.401489,35.585023,493.37,0.00073592
2016,143,10,956.87,115.401542,35.585870,493.37,0.00102430
2016,143,11,1052.56,115.401759,35.586669,478.42,-0.00000000
2016,143,12,1148.25,115.401759,35.587532,478.42,-0.00014079
2016,143,13,1243.94,115.402028,35.588316,478.42,0.00033926
2016,143,14,1339.62,115.402028,35.589178,478.42,0.00000000
2016,143,15,1435.31,115.402168,35.590000,478.42,0.00002915
2016,143,16,1531.00,115.402298,35.590824,478.42,-0.00000000
2016,143,17,1626.69,115.402298,35.591687,478.42,-0.00036841
2016,143,18,1722.37,115.402567,35.592471,478.42,0.00069457
2016,143,19,1818.06,115.402567,35.593333,508.32,0.00000000
2016,143,20,1913.75,115.402567,35.594196,508.32,-0.00143050
2016,143,21,2009.44,115.402837,35.594980,493.37,-0.00147184
2016,144,0,0.00,115.400411,35.577732,612.97,0.00000000
2016,144,1,38.61,115.400142,35.578001,568.12,0.00000000
2016,144,2,77.22,115.399872,35.578271,583.07,0.00000000
2016,145,0,0.00,115.354597,35.497962,1345.55,0.00000000
2016,145,1,36.68,115.354193,35.497962,657.82,0.00000000
2016,145,2,73.36,115.353789,35.497962,523.27,0.00000000
2016,146,0,0.00,115.354597,35.497962,179.41,-0.00262943
2016,146,1,88.46,115.355214,35.497344,224.26,-0.00330196
2016,146,2,176.92,115.355405,35.496603,209.31,-0.00196053
2016,146,3,265.38,115.355405,35.495806,209.31,-0.00057268
2016,146,4,353.84,115.355605,35.495067,194.36,-0.00209488
2016,146,5,442.30,115.355405,35.494368,224.26,-0.00168194
2016,146,6,530.76,115.355136,35.493650,209.31,-0.00037291
2016,147,0,0.00,115.402837,35.594980,553.17,-0.00382962
2016,147,1,82.97,115.402567,35.595649,493.37,-0.00284349
2016,147,2,165.93,115.402837,35.596318,508.32,0.00000000
2016,147,3,248.90,115.402837,35.597066,493.37,0.00000000
2016,147,4,331.86,115.402837,35.597814,373.76,-0.00191481
2016,147,5,414.83,115.403106,35.598483,478.42,-0.00197225
2016,148,0,0.00,115.402837,35.594980,702.67,0.00133045
2016,148,1,89.80,115.403562,35.595436,583.07,0.00127995
2016,148,2,179.60,115.404189,35.596063,553.17,0.00061472
2016,148,3,269.40,115.404816,35.596690,523.27,0.00192347
2016,148,4,359.20,115.405443,35.597316,358.81,0.00520984
2016,148,5,449.00,115.405411,35.598065,523.27,0.00445651
2016,148,6,538.80,115.404992,35.598752,583.07,0.00234027
2016,149,0,0.00,115.399872,35.578271,583.07,0.00355965
2016,149,1,94.56,115.399212,35.578931,1076.44,0.00369151
2016,149,2,189.11,115.398255,35.579079,568.12,0.00382336
2016,15,0,0.00,115.333846,35.544315,179.41,0.00188171
2016,15,1,83.47,115.333307,35.543719,119.60,0.00252580
2016,15,2,166.94,115.333037,35.543046,134.55,0.00195801
2016,15,3,250.40,115.332933,35.542324,119.60,0.00015645
2016,15,4,333.87,115.332768,35.541620,134.55,-0.00043322
2016,150,0,0.00,115.399872,35.578271,777.43,-0.00261337
2016,150,1,82.73,115.399116,35.578001,1076.44,-0.00498047
2016,150,2,165.45,115.398203,35.578001,852.18,-0.01091109
2016,150,3,248.18,115.397886,35.578441,388.71,-0.00966491
2016,150,4,330.91,115.398255,35.579079,493.37,-0.00485521
2016,151,0,0.00,115.355136,35.493650,1046.54,0.00601535
2016,151,1,71.23,115.354351,35.493650,299.01,0.00513442
2016,151,2,142.46,115.353845,35.493167,164.46,0.00113468
2016,151,3,213.69,115.353250,35.492841,179.41,-0.00198413
2016,152,0,0.00,115.355136,35.493650,224.26,-0.00143349
2016,152,1,98.82,115.355136,35.492916,194.36,-0.00174870
2016,152,2,197.65,115.354867,35.492104,149.51,-0.00211425
2016,152,3,296.47,115.354441,35.491338,149.51,-0.00227798
2016,152,4,395.29,115.353752,35.490648,194.36,-0.00259208
2016,152,5,494.12,115.352953,35.490146,254.16,-0.00220290
2016,152,6,592.94,115.352020,35.489877,328.91,-0.00170708
2016,152,7,691.76,115.351088,35.489607,328.91,-0.00090057
2016,152,8,790.59,115.349999,35.489607,388.71,0.00000000
2016,152,9,889.41,115.349066,35.489338,388.71,-0.00081736
2016,152,10,988.23,115.347977,35.489338,328.91,-0.00049405
2016,152,11,1087.06,115.346888,35.489338,388.71,0.00081736
2016,152,12,1185.88,115.345863,35.489227,373.76,0.00014646
2016,152,13,1284.70,115.344866,35.489068,418.61,-0.00163471
2016,152,14,1383.52,115.343776,35.489068,418.61,-0.00128712
2016,152,15,1482.35,115.342844,35.489338,418.61,0.00081736
2016,152,16,1581.17,115.341755,35.489338,388.71,0.00000000
2016,152,17,1679.99,115.340665,35.489338,388.71,-0.00081736
2016,152,18,1778.82,115.339733,35.489607,418.61,0.00070025
2016,152,19,1877.64,115.338643,35.489607,418.61,-0.00000000
2016,152,20,1976.46,115.337578,35.489648,373.76,-0.00057027
2016,152,21,2075.29,115.336622,35.489877,388.71,-0.00000000
2016,152,22,2174.11,115.335532,35.489877,358.81,-0.00012997
2016,152,23,2272.93,115.334600,35.490146,358.81,0.00081736
2016,152,24,2371.76,115.333511,35.490146,269.11,0.00081736
2016,152,25,2470.58,115.332421,35.490146,239.21,0.00000000
2016,152,26,2569.40,115.331332,35.490146,239.21,0.00000000
2016,152,27,2668.23,115.330243,35.490146,269.11,0.00000000
2016,152,28,2767.05,115.329154,35.490146,239.21,0.00000000
2016,152,29,2865.87,115.328065,35.490146,209.31,-0.00000000
2016,152,30,2964.70,115.326976,35.490146,209.31,0.00000000
2016,152,31,3063.52,115.325887,35.490146,209.31,0.00000000
2016,152,32,3162.34,115.324798,35.490146,239.21,0.00032736
2016,152,33,3261.17,115.323709,35.490146,269.11,0.00088221
2016,152,34,3359.99,115.322685,35.490034,224.26,0.00193658
2016,152,35,3458.81,115.321699,35.489857,239.21,0.00254625
2016,152,36,3557.64,115.320910,35.489338,284.06,0.00232903
2016,153,0,0.00,115.403106,35.598483,941.88,-0.00206639
2016,153,1,92.57,115.403971,35.598752,1554.85,-0.00196852
2016,153,2,185.13,115.404992,35.598752,732.58,-0.00187066
2016,154,0,0.00,115.403106,35.598483,493.37,-0.00155389
2016,154,1,93.18,115.402837,35.599244,478.42,-0.00150987
2016,154,2,186.37,115.402837,35.600084,299.01,-0.00139755
2016,154,3,279.55,115.402837,35.600924,269.11,-0.00073292
2016,154,4,372.74,115.403082,35.601693,254.16,0.00060095
2016,154,5,465.92,115.403106,35.602525,224.26,0.00073292
2016,154,6,559.11,115.403106,35.603365,209.31,0.00006368
2016,154,7,652.29,115.403106,35.604205,209.31,-0.00073292
2016,154,8,745.48,115.403106,35.605045,209.31,-0.00150987
2016,154,9,838.66,115.403376,35.605806,179.41,-0.00077695
2016,154,10,931.85,115.403645,35.606568,269.11,0.00000000
2016,156,0,0.00,115.404992,35.598752,523.27,0.00136600
2016,156,1,96.54,115.405666,35.599426,328.91,0.00250776
2016,156,2,193.08,115.406070,35.600179,269.11,0.00286379
2016,156,3,289.63,115.406070,35.601049,284.06,0.00052636
2016,156,4,386.17,115.406070,35.601919,254.16,-0.00140436
2016,156,5,482.71,115.406275,35.602730,209.31,-0.00034097
2016,156,6,579.25,115.406609,35.603503,194.36,0.00140436
2016,156,7,675.79,115.406609,35.604373,209.31,0.00085364
2016,156,8,772.33,115.406609,35.605243,179.41,0.00000000
2016,156,9,868.88,115.406609,35.606113,194.36,-0.00094607
2016,156,10,965.42,115.406609,35.606983,284.06,-0.00214135
2016,156,11,1061.96,115.406979,35.607746,284.06,-0.00018749
2016,156,12,1158.50,115.407418,35.608488,209.31,0.00354571
2016,156,13,1255.04,115.407418,35.609358,239.21,0.00399735
2016,156,14,1351.59,115.406879,35.610071,239.21,0.00291886
2016,158,0,0.00,115.398255,35.579079,493.37,-0.00270155
2016,158,1,98.41,115.397986,35.579888,418.61,-0.00270155
2016,158,2,196.82,115.398255,35.580696,403.66,-0.00270155
2016,159,0,0.00,115.320910,35.489338,1539.90,-0.00314330
2016,159,1,64.16,115.320910,35.488759,657.82,-0.00323737
2016,159,2,128.33,115.320641,35.488260,388.71,-0.00333143
2016,16,0,0.00,115.355944,35.568030,433.57,-0.00243008
2016,16,1,79.33,115.356597,35.568413,284.06,-0.00182602
2016,16,2,158.66,115.357382,35.568569,463.47,-0.00000000
2016,16,3,237.99,115.358100,35.568839,493.37,0.00122196
2016,160,0,0.00,115.320910,35.489338,269.11,0.00206912
2016,160,1,92.50,115.320047,35.489607,239.21,0.00302714
2016,160,2,185.00,115.319028,35.489607,239.21,0.00290791
2016,160,3,277.49,115.318183,35.489306,239.21,0.00078879
2016,160,4,369.99,115.317301,35.489068,239.21,-0.00013632
2016,160,5,462.49,115.316438,35.488799,209.31,0.00012653
2016,160,6,554.99,115.315555,35.488564,209.31,0.00041042
2016,160,7,647.49,115.314712,35.488260,269.11,0.00054818
2016,161,0,0.00,115.403645,35.606568,269.11,-0.00143828
2016,161,1,94.05,115.403645,35.607416,179.41,-0.00148133
2016,161,2,188.11,115.403915,35.608185,284.06,-0.00152439
2016,162,0,0.00,115.403645,35.606568,1046.54,0.00412060
2016,162,1,70.12,115.404234,35.606249,1196.04,0.00505752
2016,162,2,140.23,115.404723,35.606298,807.33,0.00599443
2016,163,0,0.00,115.406609,35.610071,1016.64,0.00000000
2016,163,1,12.21,115.406744,35.610071,1016.64,0.00000000
2016,163,2,24.42,115.406879,35.610071,598.02,0.00000000
2016,164,0,0.00,115.406879,35.610071,209.31,0.00152058
2016,164,1,94.17,115.407148,35.610842,209.31,0.00156170
2016,164,2,188.33,115.407148,35.611690,478.42,0.00262957
2016,164,3,282.50,115.407116,35.612529,523.27,0.00355198
2016,164,4,376.66,115.406458,35.613187,717.63,0.00172382
2016,164,5,470.83,115.405801,35.613844,358.81,0.00000000
2016,165,0,0.00,115.406609,35.610071,508.32,0.00073991
2016,165,1,84.27,115.406070,35.609469,239.21,0.00092429
2016,165,2,168.55,115.405642,35.608834,194.36,0.00072918
2016,165,3,252.82,115.405262,35.608185,313.96,0.00034968
2016,166,0,0.00,115.406609,35.610071,747.53,0.00122264
2016,166,1,79.30,115.405891,35.610341,717.63,-0.00000000
2016,166,2,158.60,115.405106,35.610497,687.72,-0.00182700
2016,166,3,237.90,115.404454,35.610880,1121.29,-0.00243137
2016,167,0,0.00,115.398255,35.580696,373.76,0.00000000
2016,167,1,89.70,115.398255,35.581505,403.66,0.00000000
2016,167,2,179.40,115.398255,35.582313,373.76,0.00000000
2016,169,0,0.00,115.314712,35.488260,1360.50,0.00000000
2016,169,1,87.84,115.315116,35.487586,1779.11,0.00000000
2016,169,2,175.68,115.315520,35.486912,523.27,0.00000000
2016,17,0,0.00,115.355944,35.568030,1270.79,-0.00152639
2016,17,1,83.46,115.356318,35.567387,1524.95,-0.00152127
2016,17,2,166.93,115.356483,35.566683,612.97,-0.00151615
2016,170,0,0.00,115.314712,35.488260,269.11,0.00286387
2016,170,1,90.26,115.313873,35.487990,239.21,0.00298424
2016,170,2,180.52,115.313364,35.487451,313.96,0.00310461
2016,171,0,0.00,115.403915,35.608185,254.16,-0.00204662
2016,171,1,79.10,115.403915,35.608898,313.96,-0.00102331
2016,171,2,158.21,115.404184,35.609532,224.26,0.00000000
2016,171,3,237.31,115.404184,35.610245,418.61,-0.00108694
2016,171,4,316.42,115.404454,35.610880,478.42,-0.00217388
2016,172,0,0.00,115.403915,35.608185,1734.26,0.00000000
2016,172,1,61.05,115.404588,35.608185,1166.14,0.00000000
2016,172,2,122.09,115.405262,35.608185,702.67,0.00000000
2016,173,0,0.00,115.404723,35.606298,284.06,-0.00068226
2016,173,1,81.37,115.405082,35.606927,284.06,0.00196918
2016,173,2,162.75,115.405531,35.607530,179.41,0.00501575
2016,173,3,244.12,115.405262,35.608185,299.01,0.00541089
2016,174,0,0.00,115.404723,35.606298,463.47,0.01068170
2016,174,1,31.51,115.404943,35.606078,448.52,0.01107767
2016,174,2,63.02,115.405262,35.606029,627.92,0.01147364
2016,175,0,0.00,115.405801,35.613844,448.52,-0.00118776
2016,175,1,93.11,115.405360,35.613133,478.42,-0.00006873
2016,175,2,186.21,115.404710,35.612483,463.47,0.00241680
2016,175,3,279.32,115.404454,35.611719,403.66,0.00258844
2016,175,4,372.42,115.404454,35.610880,448.52,0.00139357
2016,176,0,0.00,115.405801,35.613844,657.82,0.00223759
2016,176,1,70.11,115.406389,35.614163,553.17,0.00213931
2016,176,2,140.23,115.406879,35.614653,299.01,0.00204103
2016,177,0,0.00,115.405801,35.613844,493.37,-0.00170955
2016,177,1,88.94,115.405531,35.614567,254.16,-0.00166048
2016,177,2,177.89,115.405531,35.615369,328.91,-0.00117676
2016,177,3,266.83,115.405531,35.616171,269.11,-0.00166048
2016,177,4,355.78,115.405658,35.616935,313.96,-0.00220715
2016,177,5,444.72,115.406070,35.617617,328.91,-0.00183545
2016,18,0,0.00,115.355136,35.565335,627.92,0.00000000
2016,18,1,44.85,115.355136,35.564931,672.77,0.00000000
2016,18,2,89.70,115.355136,35.564527,433.57,0.00000000
2016,182,0,0.00,115.313364,35.487451,299.01,0.00186584
2016,182,1,92.68,115.312343,35.487451,313.96,0.00196326
2016,182,2,185.36,115.311478,35.487182,299.01,0.00206069
2016,183,0,0.00,115.313364,35.487451,1390.40,0.00203961
2016,183,1,70.17,115.313854,35.486962,598.02,0.00213768
2016,183,2,140.34,115.314442,35.486643,373.76,0.00223575
2016,184,0,0.00,115.406879,35.614653,254.16,-0.00222931
2016,184,1,97.46,115.406933,35.615515,313.96,0.00079784
2016,184,2,194.91,115.407418,35.616253,254.16,0.00485879
2016,184,3,292.37,115.406751,35.616937,523.27,0.00297795
2016,184,4,389.83,115.406070,35.617617,523.27,0.00006331
2016,185,0,0.00,115.406879,35.614653,388.71,0.00885545
2016,185,1,85.35,115.407508,35.614114,1001.69,0.00948652
2016,185,2,170.69,115.408170,35.614596,403.66,0.00550638
2016,185,3,256.04,115.408765,35.615192,299.01,0.00089517
2016,186,0,0.00,115.406070,35.617617,508.32,-0.00467346
2016,186,1,80.71,115.406216,35.618302,553.17,-0.00477140
2016,186,2,161.42,115.406879,35.618695,433.57,-0.00486933
2016,188,0,0.00,115.311478,35.487182,1285.75,0.00261279
2016,188,1,75.96,115.310948,35.487712,1031.59,0.00577357
2016,188,2,151.92,115.310272,35.487990,418.61,0.00748773
2016,188,3,227.87,115.309591,35.487721,254.16,0.00604112
2016,189,0,0.00,115.311478,35.487182,328.91,-0.00000000
2016,189,1,57.94,115.311074,35.486777,269.11,-0.00000000
2016,189,2,115.88,115.310669,35.486373,239.21,-0.00000000
2016,19,0,0.00,115.355136,35.565335,448.52,0.00000000
2016,19,1,96.53,115.355810,35.566009,418.61,0.00000000
2016,19,2,193.06,115.356483,35.566683,463.47,0.00000000
2016,190,0,0.00,115.408765,35.615192,328.91,-0.00243327
2016,190,1,72.67,115.408765,35.615847,269.11,-0.00121664
2016,190,2,145.34,115.409035,35.616423,299.01,0.00121664
2016,190,3,218.01,115.409035,35.617078,328.91,0.00243327
2016,191,0,0.00,115.408765,35.615192,717.63,0.01068260
2016,191,1,31.51,115.408985,35.614972,508.32,0.01107870
2016,191,2,63.02,115.409304,35.614922,134.55,0.01147480
2016,192,0,0.00,115.406879,35.618695,388.71,-0.00313884
2016,192,1,64.15,115.406879,35.619273,358.81,-0.00323256
2016,192,2,128.31,115.407148,35.619773,343.86,-0.00332628
2016,193,0,0.00,115.406879,35.618695,553.17,0.00153080
2016,193,1,93.48,115.407532,35.618042,672.77,0.00117752
2016,193,2,186.96,115.408316,35.617617,508.32,0.00000000
2016,193,3,280.45,115.409035,35.617078,523.27,-0.00082423
2016,194,0,0.00,115.309591,35.487721,254.16,0.00118137
2016,194,1,98.80,115.308704,35.487373,224.26,0.00221617
2016,194,2,197.60,115.307916,35.486854,254.16,0.00265194
2016,194,3,296.40,115.307435,35.486104,433.57,0.00205292
2016,195,0,0.00,115.309591,35.487721,807.33,0.00121315
2016,195,1,92.20,115.310026,35.487017,627.92,0.00118221
2016,195,2,184.41,115.310669,35.486373,1480.10,0.00115128
2016,197,0,0.00,115.310669,35.486373,239.21,-0.00250890
2016,197,1,81.42,115.310084,35.485834,239.21,-0.00261905
2016,197,2,162.85,115.309343,35.485565,209.31,-0.00271487
2016,197,3,244.27,115.308602,35.485295,358.81,-0.00256895
2016,197,4,325.70,115.307705,35.485295,448.52,-0.00243736
2016,199,0,0.00,115.409035,35.617078,553.17,0.00117235
2016,199,1,91.34,115.409673,35.617716,328.91,0.00247553
2016,199,2,182.68,115.410101,35.618414,388.71,0.00309998
2016,199,3,274.01,115.410113,35.619234,343.86,0.00242124
2016,2,0,0.00,115.338697,35.544584,209.31,0.00387564
2016,2,1,84.81,115.338966,35.545270,209.31,0.00629943
2016,2,2,169.62,115.338667,35.545932,209.31,0.00679406
2016,2,3,254.43,115.337888,35.546201,343.86,0.00486491
2016,20,0,0.00,115.332768,35.541620,358.81,0.00000000
2016,20,1,24.44,115.333037,35.541620,388.71,0.00000000
2016,20,2,48.88,115.333307,35.541620,418.61,0.00000000
2016,200,0,0.00,115.407148,35.619773,986.73,-0.00136340
2016,200,1,88.75,115.407867,35.619324,687.72,-0.00000000
2016,200,2,177.50,115.408487,35.618704,747.53,0.00213441
2016,200,3,266.26,115.409304,35.618426,403.66,0.00290541
2016,201,0,0.00,115.407148,35.619773,328.91,0.00000000
2016,201,1,59.80,115.407148,35.620312,373.76,0.00000000
2016,201,2,119.60,115.407148,35.620851,299.01,0.00000000
2016,202,0,0.00,115.307435,35.486104,687.72,0.00540829
2016,202,1,49.21,115.307435,35.485660,837.23,0.00552058
2016,202,2,98.43,115.307705,35.485295,1016.64,0.00563287
2016,203,0,0.00,115.307435,35.486104,852.18,0.00451826
2016,203,1,86.63,115.306637,35.486373,254.16,0.00451826
2016,203,2,173.25,115.305839,35.486104,194.36,0.00225913
2016,203,3,259.88,115.305040,35.485834,224.26,0.00138702
2016,203,4,346.50,115.304242,35.485565,179.41,0.00208420
2016,203,5,433.13,115.303623,35.484986,164.46,0.00080123
2016,203,6,519.75,115.302919,35.484552,209.31,0.00076625
2016,203,7,606.38,115.302315,35.483948,164.46,0.00132440
2016,204,0,0.00,115.307705,35.485295,343.86,-0.00206699
2016,204,1,96.84,115.307447,35.484498,209.31,-0.00271416
2016,204,2,193.69,115.306881,35.483932,224.26,-0.00116836
2016,204,3,290.53,115.306117,35.483409,179.41,0.00045360
2016,204,4,387.37,115.305639,35.482690,179.41,-0.00049685
2016,204,5,484.22,115.304865,35.482185,179.41,0.00005871
2016,204,6,581.06,115.304202,35.481506,179.41,0.00046387
2016,204,7,677.90,115.303623,35.480944,224.26,-0.00099815
2016,204,8,774.75,115.302947,35.480268,224.26,-0.00143951
2016,204,9,871.59,115.302091,35.479905,209.31,0.00013332
2016,204,10,968.43,115.301336,35.479366,194.36,0.00060766
2016,204,11,1065.28,115.300581,35.478827,209.31,-0.00056654
2016,204,12,1162.12,115.299826,35.478288,224.26,-0.00009375
2016,204,13,1258.96,115.298976,35.477914,224.26,0.00033579
2016,204,14,1355.81,115.298300,35.477238,209.31,-0.00073606
2016,204,15,1452.65,115.297427,35.476904,224.26,-0.00000000
2016,204,16,1549.49,115.296653,35.476399,209.31,0.00081945
2016,204,17,1646.34,115.295878,35.475894,239.21,-0.00059907
2016,204,18,1743.18,115.295141,35.475324,194.36,-0.00190333
2016,204,19,1840.02,115.294230,35.475054,269.11,-0.00216777
2016,206,0,0.00,115.407148,35.620851,672.77,-0.00000000
2016,206,1,57.90,115.406744,35.621255,583.07,-0.00000000
2016,206,2,115.81,115.406340,35.621660,583.07,-0.00000000
2016,207,0,0.00,115.407148,35.620851,328.91,0.00072122
2016,207,1,97.53,115.407621,35.621593,328.91,0.00090380
2016,207,2,195.07,115.407957,35.622374,328.91,0.00142905
2016,207,3,292.60,115.408226,35.623175,373.76,0.00017868
2016,207,4,390.13,115.408226,35.624054,403.66,-0.00070717
2016,207,5,487.67,115.408765,35.624776,388.71,0.00137491
2016,207,6,585.20,115.408765,35.625655,328.91,0.00137491
2016,207,7,682.73,115.408765,35.626534,328.91,-0.00084025
2016,207,8,780.27,115.408765,35.627413,358.81,-0.00209679
2016,207,9,877.80,115.409102,35.628194,373.76,-0.00161715
2016,207,10,975.33,115.409574,35.628936,388.71,-0.00072122
2016,208,0,0.00,115.302315,35.483948,179.41,0.00000000
2016,208,1,50.86,115.301911,35.483678,179.41,0.00000000
2016,208,2,101.71,115.301507,35.483409,179.41,0.00000000
2016,209,0,0.00,115.302315,35.483948,463.47,-0.00387868
2016,209,1,84.83,115.302585,35.483262,299.01,-0.00862487
2016,209,2,169.67,115.302285,35.482600,209.31,-0.01151086
2016,209,3,254.50,115.301507,35.482870,448.52,-0.00965066
2016,21,0,0.00,115.332768,35.541620,104.65,-0.00000000
2016,21,1,82.22,115.332498,35.540957,134.55,0.00195194
2016,21,2,164.44,115.332229,35.540295,,0.00455979
2016,21,3,246.66,115.332498,35.539632,149.51,0.00296444
2016,21,4,328.89,115.332942,35.539020,89.70,0.00006522
2016,21,5,411.11,115.333307,35.538386,149.51,-0.00058273
2016,210,0,0.00,115.294230,35.475054,269.11,-0.00173798
2016,210,1,96.99,115.293554,35.474378,209.31,-0.00230265
2016,210,2,193.99,115.292717,35.473976,209.31,-0.00190805
2016,210,3,290.98,115.291805,35.473707,269.11,-0.00094877
2016,211,0,0.00,115.294230,35.475054,1794.06,0.00000000
2016,211,1,92.21,115.293691,35.475728,792.38,0.00000000
2016,211,2,184.42,115.293152,35.476402,74.75,0.00000000
2016,212,0,0.00,115.409574,35.628936,807.33,-0.00115789
2016,212,1,95.94,115.410343,35.628437,807.33,-0.00057895
2016,212,2,191.88,115.411013,35.627767,807.33,-0.00177661
2016,212,3,287.82,115.411781,35.627267,418.61,-0.00487554
2016,212,4,383.76,115.411730,35.626544,328.91,-0.00301909
2016,212,5,479.70,115.411504,35.625745,328.91,0.00055299
2016,212,6,575.64,115.411460,35.624893,343.86,0.00094630
2016,213,0,0.00,115.409574,35.628936,433.57,-0.00000000
2016,213,1,68.50,115.409843,35.629475,478.42,-0.00000000
2016,213,2,137.00,115.410113,35.630014,508.32,-0.00000000
2016,214,0,0.00,115.301507,35.483409,284.06,0.00000000
2016,214,1,29.90,115.301507,35.483139,299.01,0.00000000
2016,214,2,59.80,115.301507,35.482870,254.16,0.00000000
2016,215,0,0.00,115.301507,35.483409,239.21,0.00112412
2016,215,1,99.27,115.300569,35.483139,224.26,0.00182643
2016,215,2,198.54,115.299726,35.482706,209.31,0.00115377
2016,215,3,297.80,115.299006,35.482061,209.31,-0.00000000
2016,215,4,397.07,115.298143,35.481662,194.36,0.00053957
2016,215,5,496.34,115.297443,35.480983,209.31,0.00047030
2016,215,6,595.61,115.296659,35.480448,239.21,0.00040442
2016,215,7,694.88,115.295967,35.479755,209.31,-0.00004132
2016,215,8,794.15,115.295254,35.479097,239.21,-0.00083340
2016,215,9,893.41,115.294483,35.478541,224.26,-0.00053957
2016,215,10,992.68,115.293691,35.478019,254.16,-0.00022120
2016,217,0,0.00,115.301507,35.482870,179.41,0.00119174
2016,217,1,90.65,115.300874,35.482237,224.26,-0.00066353
2016,217,2,181.30,115.300450,35.481544,209.31,-0.00324392
2016,217,3,271.96,115.299620,35.481253,224.26,-0.00396905
2016,218,0,0.00,115.291805,35.473707,254.16,-0.00195835
2016,218,1,94.63,115.291074,35.473168,239.21,-0.00199808
2016,218,2,189.27,115.290188,35.472899,269.11,-0.00203780
2016,219,0,0.00,115.291805,35.473707,1794.06,-0.00185657
2016,219,1,72.89,115.291296,35.474216,1330.60,-0.00191228
2016,219,2,145.79,115.290996,35.474785,523.27,-0.00196798
2016,22,0,0.00,115.358100,35.568839,598.02,-0.00135570
2016,22,1,87.33,115.358501,35.569509,269.11,-0.00197109
2016,22,2,174.66,115.359111,35.570118,224.26,-0.00200705
2016,22,3,261.99,115.359819,35.570557,224.26,-0.00145330
2016,22,4,349.32,115.360529,35.570995,239.21,-0.00370658
2016,22,5,436.65,115.361336,35.571264,239.21,-0.00518875
2016,22,6,523.98,115.362143,35.570995,373.76,-0.00444334
2016,220,0,0.00,115.293422,35.476671,254.16,-0.00000000
2016,220,1,19.31,115.293287,35.476537,269.11,-0.00000000
2016,220,2,38.63,115.293152,35.476402,373.76,-0.00000000
2016,221,0,0.00,115.293422,35.476671,269.11,0.00163560
2016,221,1,84.12,115.294206,35.476917,224.26,0.00162229
2016,221,2,168.23,115.294892,35.477333,209.31,0.00080449
2016,221,3,252.35,115.295578,35.477749,209.31,0.00000000
2016,222,0,0.00,115.293152,35.476402,448.52,-0.00000000
2016,222,1,63.09,115.292613,35.476132,209.31,-0.00000000
2016,222,2,126.18,115.292074,35.475863,239.21,-0.00000000
2016,223,0,0.00,115.293422,35.476671,194.36,0.00000000
2016,223,1,38.63,115.293152,35.476941,74.75,0.00000000
2016,223,2,77.26,115.292883,35.477210,104.65,0.00000000
2016,224,0,0.00,115.410113,35.630014,493.37,-0.00143789
2016,224,1,94.05,115.410113,35.630862,448.52,-0.00148091
2016,224,2,188.11,115.410382,35.631631,508.32,-0.00152393
2016,225,0,0.00,115.410113,35.630014,732.58,0.00535296
2016,225,1,97.26,115.410873,35.629475,1330.60,0.00644495
2016,225,2,194.53,115.411790,35.629744,897.03,0.00623405
2016,225,3,291.79,115.412546,35.630291,583.07,0.00396534
2016,225,4,389.05,115.412808,35.631092,508.32,0.00299952
2016,226,0,0.00,115.299620,35.481253,239.21,-0.00970907
2016,226,1,78.04,115.299246,35.480714,239.21,-0.00956074
2016,226,2,156.07,115.298542,35.480983,478.42,-0.00941240
2016,227,0,0.00,115.299620,35.481253,104.65,0.00000000
2016,227,1,19.31,115.299485,35.481388,164.46,0.00000000
2016,227,2,38.63,115.299351,35.481522,164.46,0.00000000
2016,228,0,0.00,115.290188,35.472899,254.16,0.00000000
2016,228,1,96.49,115.289437,35.472360,224.26,0.00000000
2016,228,2,192.98,115.288686,35.471821,239.21,-0.00050469
2016,228,3,289.48,115.287935,35.471282,239.21,-0.00063411
2016,228,4,385.97,115.287100,35.470889,254.16,0.00025521
2016,228,5,482.46,115.286328,35.470386,284.06,0.00033605
2016,228,6,578.95,115.285556,35.469884,254.16,-0.00060371
2016,228,7,675.44,115.284776,35.469395,269.11,-0.00064843
2016,228,8,771.94,115.283913,35.469049,254.16,0.00000000
2016,228,9,868.43,115.283118,35.468587,269.11,-0.00000000
2016,228,10,964.92,115.282270,35.468215,269.11,0.00000000
2016,228,11,1061.41,115.281460,35.467778,254.16,-0.00000000
2016,228,12,1157.90,115.280627,35.467381,269.11,-0.00000000
2016,228,13,1254.40,115.279802,35.466970,269.11,0.00042037
2016,228,14,1350.89,115.278985,35.466546,254.16,0.00000000
2016,228,15,1447.38,115.278213,35.466044,269.11,-0.00032706
2016,228,16,1543.87,115.277342,35.465712,194.36,0.00022865
2016,228,17,1640.37,115.276570,35.465209,149.51,-0.00000000
2016,228,18,1736.86,115.275736,35.464814,89.70,0.00073787
2016,228,19,1833.35,115.274927,35.464375,134.55,0.00223265
2016,228,20,1929.84,115.274254,35.463702,179.41,0.00223891
2016,228,21,2026.33,115.273789,35.462968,164.46,0.00150825
2016,228,22,2122.83,115.273479,35.462189,179.41,0.00086795
2016,228,23,2219.32,115.273210,35.461398,239.21,0.00083586
2016,228,24,2315.81,115.273021,35.460583,254.16,0.00041412
2016,228,25,2412.30,115.272940,35.459737,313.96,-0.00000000
2016,228,26,2508.79,115.272718,35.458932,373.76,0.00053867
2016,228,27,2605.29,115.272671,35.458076,343.86,0.00089884
2016,229,0,0.00,115.290188,35.472899,837.23,-0.00000000
2016,229,1,83.48,115.289918,35.473572,807.33,-0.00000000
2016,229,2,166.96,115.289649,35.474246,612.97,-0.00000000
2016,23,0,0.00,115.358100,35.568839,1674.46,-0.00185652
2016,23,1,72.87,115.358609,35.568330,986.73,-0.00191214
2016,23,2,145.74,115.358909,35.567761,1016.64,-0.00196775
2016,230,0,0.00,115.292883,35.477210,254.16,0.00000000
2016,230,1,24.46,115.292613,35.477210,284.06,0.00000000
2016,230,2,48.92,115.292344,35.477210,284.06,0.00000000
2016,231,0,0.00,115.292883,35.477210,179.41,0.00867881
2016,231,1,34.26,115.293122,35.477449,269.11,0.00879569
2016,231,2,68.53,115.293152,35.477749,328.91,0.00891257
2016,232,0,0.00,115.410382,35.631631,732.58,-0.00314321
2016,232,1,79.90,115.409843,35.632053,388.71,-0.00353944
2016,232,2,159.81,115.409574,35.632694,388.71,-0.00247346
2016,232,3,239.71,115.409445,35.633377,373.76,-0.00046227
2016,232,4,319.62,115.409304,35.634056,358.81,0.00008672
2016,233,0,0.00,115.410382,35.631631,1091.39,0.00261590
2016,233,1,82.69,115.411139,35.631361,1121.29,0.00130795
2016,233,2,165.39,115.412052,35.631361,343.86,-0.00130795
2016,233,3,248.08,115.412808,35.631092,1046.54,-0.00261590
2016,234,0,0.00,115.410382,35.631631,657.82,0.00000000
2016,234,1,95.51,115.411049,35.632298,642.87,-0.00054186
2016,234,2,191.02,115.411716,35.632964,463.47,-0.00354133
2016,234,3,286.52,115.412482,35.633461,717.63,-0.00563123
2016,234,4,382.03,115.413347,35.633248,1016.64,-0.00526350
2016,235,0,0.00,115.413077,35.631361,583.07,-0.00000000
2016,235,1,19.30,115.412943,35.631227,583.07,-0.00000000
2016,235,2,38.60,115.412808,35.631092,657.82,-0.00000000
2016,236,0,0.00,115.413077,35.631361,358.81,0.00000000
2016,236,1,24.41,115.413347,35.631361,299.01,0.00000000
2016,236,2,48.82,115.413616,35.631361,254.16,0.00000000
2016,237,0,0.00,115.413077,35.631361,508.32,0.00000000
2016,237,1,72.67,115.413077,35.632016,418.61,-0.00121640
2016,237,2,145.34,115.413077,35.632671,433.57,-0.00250827
2016,237,3,218.01,115.413347,35.633248,403.66,-0.00258374
2016,239,0,0.00,115.272401,35.457807,448.52,-0.00000000
2016,239,1,19.32,115.272536,35.457942,403.66,-0.00000000
2016,239,2,38.63,115.272671,35.458076,388.71,-0.00000000
2016,24,0,0.00,115.356483,35.566683,911.98,0.00605079
2016,24,1,76.24,115.357168,35.566413,313.96,0.00747046
2016,24,2,152.48,115.357845,35.566696,254.16,0.00572783
2016,24,3,228.72,115.358377,35.567228,478.42,0.00128277
2016,24,4,304.97,115.358909,35.567761,508.32,-0.00000000
2016,240,0,0.00,115.272401,35.457807,373.76,0.00000000
2016,240,1,96.60,115.272401,35.456936,328.91,-0.00068258
2016,240,2,193.19,115.272401,35.456066,299.01,-0.00068258
2016,240,3,289.79,115.272132,35.455274,254.16,0.00068258
2016,240,4,386.38,115.272132,35.454403,239.21,0.00041316
2016,240,5,482.98,115.272132,35.453532,239.21,0.00000000
2016,240,6,579.57,115.272029,35.452789,194.36,0.00122422
2016,240,7,676.17,115.272132,35.451949,179.41,0.00068258
2016,240,8,772.77,115.272401,35.451157,134.55,-0.00095479
2016,240,9,869.36,115.272401,35.450286,149.51,-0.00068258
2016,240,10,965.96,115.272401,35.449415,134.55,-0.00068258
2016,240,11,1062.55,115.272401,35.448545,134.55,-0.00140577
2016,240,12,1159.15,115.272132,35.447753,164.46,-0.00082794
2016,240,13,1255.74,115.271862,35.446961,179.41,-0.00064108
2016,240,14,1352.34,115.271554,35.446180,239.21,-0.00039623
2016,240,15,1448.94,115.271089,35.445445,239.21,0.00054434
2016,240,16,1545.53,115.270832,35.444650,239.21,0.00000000
2016,240,17,1642.13,115.270515,35.443872,269.11,-0.00136428
2016,240,18,1738.72,115.270111,35.443119,299.01,-0.00164299
2016,240,19,1835.32,115.269437,35.442446,299.01,-0.00136589
2016,241,0,0.00,115.272671,35.458076,867.13,0.00205918
2016,241,1,92.71,115.273536,35.457807,1360.50,0.00196187
2016,241,2,185.42,115.274557,35.457807,284.06,0.00186457
2016,242,0,0.00,115.272401,35.457807,747.53,-0.00114403
2016,242,1,95.77,115.271535,35.458134,657.82,0.00171432
2016,242,2,191.55,115.270759,35.458615,299.01,0.00689817
2016,242,3,287.32,115.269903,35.458273,433.57,0.00676473
2016,242,4,383.09,115.269437,35.457546,343.86,0.00166272
2016,242,5,478.87,115.269167,35.456761,313.96,-0.00100298
2016,242,6,574.64,115.268524,35.456086,269.11,-0.00016751
2016,242,7,670.42,115.268065,35.455357,239.21,0.00161866
2016,242,8,766.19,115.267550,35.454644,209.31,0.00194111
2016,242,9,861.96,115.267550,35.453781,209.31,-0.00051103
2016,242,10,957.74,115.267281,35.452996,194.36,-0.00222112
2016,242,11,1053.51,115.266852,35.452258,134.55,-0.00061258
2016,242,12,1149.28,115.266203,35.451584,119.60,0.00148516
2016,242,13,1245.06,115.265933,35.450800,134.55,0.00211079
2016,243,0,0.00,115.289649,35.474246,254.16,-0.01066835
2016,243,1,31.54,115.289429,35.474026,239.21,-0.01106241
2016,243,2,63.09,115.289110,35.473976,254.16,-0.01145647
2016,244,0,0.00,115.289649,35.474246,254.16,0.00867889
2016,244,1,34.26,115.289888,35.474485,269.11,0.00879579
2016,244,2,68.53,115.289918,35.474785,373.76,0.00891268
2016,245,0,0.00,115.409304,35.634056,1151.19,-0.00136811
2016,245,1,88.60,115.408587,35.634504,1061.49,-0.00263368
2016,245,2,177.20,115.407968,35.635123,493.37,-0.00536409
2016,245,3,265.81,115.407817,35.635802,284.06,-0.00512811
2016,245,4,354.41,115.408226,35.636482,358.81,-0.00342729
2016,246,0,0.00,115.409304,35.634056,403.66,0.00258365
2016,246,1,72.67,115.409574,35.634633,358.81,0.00250819
2016,246,2,145.34,115.409574,35.635288,358.81,0.00121636
2016,246,3,218.01,115.409574,35.635943,478.42,0.00000000
2016,248,0,0.00,115.413347,35.633248,403.66,0.00092179
2016,248,1,75.98,115.413616,35.633854,299.01,0.00114318
2016,248,2,151.95,115.413781,35.634491,328.91,0.00135621
2016,248,3,227.93,115.413894,35.635143,358.81,0.00123391
2016,248,4,303.90,115.413886,35.635673,553.17,0.00111997
2016,249,0,0.00,115.269437,35.442446,328.91,-0.00541069
2016,249,1,49.22,115.269437,35.442002,209.31,-0.00552308
2016,249,2,98.44,115.269167,35.441637,209.31,-0.00563547
2016,25,0,0.00,115.333307,35.538386,433.57,-0.00444667
2016,25,1,88.72,115.334285,35.538386,119.60,-0.00411331
2016,25,2,177.44,115.334941,35.537830,104.65,-0.00276732
2016,25,3,266.16,115.335659,35.537381,149.51,-0.00283042
2016,25,4,354.89,115.336070,35.536701,209.31,-0.00262698
2016,25,5,443.61,115.336271,35.535960,299.01,-0.00134778
2016,250,0,0.00,115.269437,35.442446,598.02,0.00405291
2016,250,1,95.44,115.268386,35.442446,373.76,0.00451107
2016,250,2,190.88,115.267820,35.441907,224.26,0.00496922
2016,251,0,0.00,115.408226,35.636482,463.47,-0.00578306
2016,251,1,75.21,115.409049,35.636468,1255.84,-0.00575378
2016,251,2,150.43,115.409574,35.635943,1016.64,-0.00572449
2016,252,0,0.00,115.408226,35.636482,777.43,0.00000000
2016,252,1,68.50,115.407957,35.637021,642.87,0.00000000
2016,252,2,137.00,115.407687,35.637560,672.77,0.00000000
2016,253,0,0.00,115.409574,35.635943,373.76,-0.00000000
2016,253,1,82.31,115.410248,35.636347,299.01,-0.00000000
2016,253,2,164.62,115.410921,35.636751,463.47,-0.00000000
2016,255,0,0.00,115.413886,35.635673,1225.94,0.00000000
2016,255,1,81.32,115.412988,35.635673,792.38,-0.00242913
2016,255,2,162.63,115.412090,35.635673,717.63,-0.00520320
2016,255,3,243.95,115.411489,35.636183,612.97,-0.00301972
2016,255,4,325.27,115.410921,35.636751,1031.59,-0.00049130
2016,256,0,0.00,115.413886,35.635673,523.27,0.00178483
2016,256,1,87.08,115.414155,35.636380,433.57,0.00098769
2016,256,2,174.16,115.414155,35.637165,493.37,0.00214995
2016,256,3,261.25,115.414392,35.637862,687.72,0.00533098
2016,256,4,348.33,115.413784,35.638470,1196.04,0.00398565
2016,256,5,435.41,115.413077,35.638907,1435.25,0.00141871
2016,257,0,0.00,115.269167,35.441637,224.26,-0.00378925
2016,257,1,83.49,115.269167,35.440885,224.26,-0.00382055
2016,257,2,166.97,115.268628,35.440290,224.26,-0.00385185
2016,258,0,0.00,115.269167,35.441637,598.02,-0.00351175
2016,258,1,68.26,115.268415,35.441637,1001.69,-0.00369928
2016,258,2,136.51,115.267820,35.441907,1001.69,-0.00388682
2016,26,0,0.00,115.333307,35.538386,239.21,0.00158484
2016,26,1,94.26,115.333307,35.537693,194.36,0.00224973
2016,26,2,188.53,115.333576,35.536922,89.70,0.00221309
2016,26,3,282.79,115.334115,35.536230,134.55,0.00151157
2016,260,0,0.00,115.267820,35.441907,239.21,0.00867981
2016,260,1,34.27,115.267581,35.441668,209.31,0.00879686
2016,260,2,68.54,115.267550,35.441368,194.36,0.00891390
2016,261,0,0.00,115.410921,35.636751,433.57,-0.00007104
2016,261,1,78.47,115.411052,35.637421,328.91,-0.00171566
2016,261,2,156.93,115.411191,35.638087,373.76,-0.00325715
2016,261,3,235.40,115.411730,35.638638,523.27,-0.00315402
2016,262,0,0.00,115.413077,35.638907,508.32,0.00000000
2016,262,1,72.67,115.413077,35.639562,523.27,-0.00121629
2016,262,2,145.34,115.413077,35.640217,463.47,-0.00250803
2016,262,3,218.00,115.413347,35.640794,598.02,-0.00258349
2016,263,0,0.00,115.413077,35.638907,508.32,0.00000000
2016,263,1,79.74,115.413077,35.638189,523.27,0.00000000
2016,263,2,159.47,115.413077,35.637470,508.32,0.00000000
2016,263,3,239.21,115.413077,35.636751,418.61,0.00000000
2016,264,0,0.00,115.413077,35.638907,747.53,-0.00000000
2016,264,1,68.12,115.412404,35.638772,657.82,-0.00000000
2016,264,2,136.23,115.411730,35.638638,687.72,-0.00000000
2016,265,0,0.00,115.268628,35.440290,239.21,-0.00325471
2016,265,1,97.37,115.268158,35.439550,239.21,-0.00334250
2016,265,2,194.75,115.267281,35.439212,313.96,-0.00343029
2016,266,0,0.00,115.268628,35.440290,717.63,0.00000000
2016,266,1,77.27,115.268089,35.440829,747.53,0.00000000
2016,266,2,154.54,115.267550,35.441368,433.57,0.00000000
2016,267,0,0.00,115.267550,35.441368,313.96,0.00542754
2016,267,1,75.48,115.266826,35.441183,254.16,0.00573465
2016,267,2,150.96,115.266472,35.440606,239.21,0.00696881
2016,267,3,226.44,115.266215,35.440008,373.76,0.00720810
2016,267,4,301.92,115.266742,35.439481,777.43,0.00652034
2016,27,0,0.00,115.362412,35.571264,269.11,-0.00000000
2016,27,1,19.31,115.362278,35.571129,553.17,-0.00000000
2016,27,2,38.61,115.362143,35.570995,269.11,-0.00000000
2016,270,0,0.00,115.411730,35.638638,1061.49,0.00000000
2016,270,1,95.63,115.411062,35.639305,897.03,-0.00100996
2016,270,2,191.27,115.410394,35.639973,627.92,-0.00504540
2016,270,3,286.90,115.410113,35.640753,478.42,-0.00781472
2016,270,4,382.53,115.410848,35.641260,747.53,-0.00604482
2016,270,5,478.17,115.411714,35.641586,687.72,-0.00577292
2016,270,6,573.80,115.412679,35.641461,1794.06,-0.00533496
2016,270,7,669.43,115.413347,35.640794,897.03,-0.00365518
2016,272,0,0.00,115.413347,35.640794,583.07,-0.00124683
2016,272,1,90.92,115.413773,35.641489,568.12,-0.00000000
2016,272,2,181.85,115.414408,35.642124,523.27,0.00235241
2016,272,3,272.77,115.414625,35.642880,538.22,0.00128285
2016,272,4,363.70,115.414694,35.643680,448.52,-0.00090055
2016,272,5,454.62,115.415060,35.644393,418.61,-0.00002601
2016,272,6,545.55,115.415277,35.645149,463.47,0.00107986
2016,272,7,636.47,115.415503,35.645903,448.52,0.00129284
2016,272,8,727.40,115.415503,35.646723,418.61,0.00128277
2016,273,0,0.00,115.267281,35.439212,1315.65,0.01066485
2016,273,1,31.55,115.267061,35.439432,897.03,0.01105841
2016,273,2,63.11,115.266742,35.439481,717.63,0.01145197
2016,274,0,0.00,115.267281,35.439212,299.01,-0.00000000
2016,274,1,75.48,115.266963,35.438624,239.21,-0.00132803
2016,274,2,150.96,115.266645,35.438037,269.11,-0.00361866
2016,274,3,226.44,115.266070,35.437595,328.91,-0.00330966
2016,274,4,301.92,115.265394,35.437325,388.71,-0.00203807
2016,276,0,0.00,115.266742,35.439481,373.76,0.00057495
2016,276,1,90.82,115.265898,35.439212,284.06,0.00382546
2016,276,2,181.64,115.265125,35.438884,284.06,0.00708669
2016,276,3,272.47,115.265125,35.438065,523.27,0.00436969
2016,276,4,363.29,115.265394,35.437325,1210.99,0.00164197
2016,277,0,0.00,115.415503,35.646723,388.71,0.00442796
2016,277,1,75.57,115.416030,35.647250,373.76,0.00448435
2016,277,2,151.13,115.416042,35.647928,373.76,0.00231554
2016,277,3,226.70,115.416042,35.648609,299.01,0.00009034
2016,278,0,0.00,115.415503,35.646723,612.97,0.00174674
2016,278,1,67.73,115.415030,35.647195,717.63,0.00229804
2016,278,2,135.47,115.414477,35.647531,1196.04,0.00190903
2016,278,3,203.20,115.413886,35.647801,508.32,0.00096873
2016,279,0,0.00,115.265394,35.437325,388.71,0.00045585
2016,279,1,99.02,115.264704,35.436635,388.71,-0.00000000
2016,279,2,198.04,115.264167,35.435978,448.52,-0.00096877
2016,279,3,297.07,115.263432,35.435363,463.47,0.00000000
2016,279,4,396.09,115.262642,35.434843,523.27,0.00176305
2016,279,5,495.11,115.262160,35.434091,657.82,0.00204442
2016,28,0,0.00,115.362143,35.570995,1091.39,0.00478199
2016,28,1,92.94,115.362374,35.570224,583.07,0.00490466
2016,28,2,185.88,115.363221,35.569917,373.76,0.00502733
2016,280,0,0.00,115.416042,35.648609,388.71,0.00134608
2016,280,1,90.92,115.416581,35.649272,313.96,0.00163597
2016,280,2,181.85,115.416894,35.650000,269.11,0.00190823
2016,280,3,272.77,115.417120,35.650754,209.31,0.00158661
2016,280,4,363.69,115.417120,35.651573,224.26,0.00128263
2016,281,0,0.00,115.416042,35.648609,508.32,0.00337419
2016,281,1,88.73,115.415422,35.649229,1166.14,0.00415129
2016,281,2,177.47,115.414552,35.649417,807.33,0.00330674
2016,281,3,266.20,115.413886,35.649417,687.72,0.00168509
2016,282,0,0.00,115.262160,35.434091,568.12,0.00000000
2016,282,1,86.29,115.261210,35.434091,538.22,0.00108090
2016,282,2,172.58,115.260260,35.434091,508.32,0.00227708
2016,282,3,258.88,115.259465,35.433822,508.32,0.00239236
2016,283,0,0.00,115.262160,35.434091,1689.41,-0.00255283
2016,283,1,86.05,115.262761,35.433491,911.98,-0.00419141
2016,283,2,172.11,115.262969,35.432776,1001.69,-0.00452665
2016,283,3,258.16,115.262699,35.432079,986.73,-0.00413463
2016,283,4,344.22,115.262419,35.431386,553.17,-0.00511616
2016,283,5,430.27,115.261621,35.431127,463.47,-0.00518639
2016,284,0,0.00,115.417120,35.651573,1330.60,-0.00805488
2016,284,1,92.64,115.416176,35.651709,433.57,-0.01279473
2016,284,2,185.29,115.416366,35.652382,358.81,-0.01198752
2016,284,3,277.93,115.417389,35.652382,1210.99,-0.00644046
2016,285,0,0.00,115.417120,35.651573,209.31,0.00562294
2016,285,1,49.20,115.417389,35.651938,209.31,0.00551104
2016,285,2,98.40,115.417389,35.652382,224.26,0.00539913
2016,286,0,0.00,115.259465,35.433822,1749.21,0.00121318
2016,286,1,92.23,115.259900,35.433118,1270.79,0.00089897
2016,286,2,184.45,115.260543,35.432474,1330.60,0.00000000
2016,286,3,276.68,115.261082,35.431801,448.52,-0.00029238
2016,286,4,368.90,115.261621,35.431127,627.92,-0.00000000
2016,287,0,0.00,115.259465,35.433822,538.22,-0.00000000
2016,287,1,63.11,115.258926,35.433552,538.22,-0.00000000
2016,287,2,126.22,115.258387,35.433283,538.22,-0.00000000
2016,288,0,0.00,115.261621,35.431127,702.67,-0.00891430
2016,288,1,34.27,115.261591,35.430827,568.12,-0.00879721
2016,288,2,68.54,115.261352,35.430588,702.67,-0.00868011
2016,29,0,0.00,115.362412,35.571264,284.06,-0.00371351
2016,29,1,81.63,115.362827,35.571803,538.22,-0.00497497
2016,29,2,163.26,115.363571,35.572073,523.27,-0.00673011
2016,29,3,244.89,115.364471,35.572073,373.76,-0.00637698
2016,29,4,326.52,115.365077,35.571564,508.32,-0.00302615
2016,29,5,408.15,115.365646,35.570995,1076.44,-0.00052212
2016,291,0,0.00,115.417389,35.652382,269.11,0.00217270
2016,291,1,79.10,115.417659,35.653016,269.11,0.00210916
2016,291,2,158.20,115.417659,35.653729,284.06,0.00204561
2016,292,0,0.00,115.258387,35.433283,1016.64,-0.00237811
2016,292,1,86.05,115.258387,35.432507,732.58,-0.00270882
2016,292,2,172.11,115.258021,35.431839,747.53,-0.00217253
2016,292,3,258.16,115.257579,35.431192,702.67,-0.00252473
2016,292,4,344.22,115.257023,35.430588,328.91,-0.00347503
2016,292,5,430.27,115.256231,35.430318,463.47,-0.00320614
2016,293,0,0.00,115.258387,35.433283,837.23,0.00276537
2016,293,1,80.50,115.257657,35.433552,717.63,0.00263052
2016,293,2,160.99,115.256770,35.433552,448.52,0.00249568
2016,294,0,0.00,115.261352,35.430588,508.32,0.00161944
2016,294,1,88.87,115.260529,35.430318,538.22,0.00224234
2016,294,2,177.74,115.259816,35.429860,657.82,0.00202688
2016,294,3,266.61,115.259196,35.429240,313.96,0.00118853
2016,295,0,0.00,115.261352,35.430588,343.86,-0.00730707
2016,295,1,72.91,115.261591,35.430018,598.02,-0.00697331
2016,295,2,145.81,115.261082,35.429510,463.47,-0.00663955
2016,296,0,0.00,115.417659,35.653729,657.82,0.00438615
2016,296,1,90.00,115.416978,35.654268,299.01,0.00527144
2016,296,2,180.00,115.415984,35.654268,792.38,0.00519007
2016,296,3,270.00,115.415147,35.653999,373.76,0.00222154
2016,296,4,360.00,115.414451,35.653486,284.06,0.00021908
2016,296,5,450.00,115.413630,35.653190,358.81,0.00106751
2016,296,6,540.00,115.412949,35.652651,269.11,0.00095826
2016,296,7,630.00,115.412269,35.652112,433.57,-0.00000000
2016,297,0,0.00,115.417659,35.653729,328.91,0.00112879
2016,297,1,97.10,115.418436,35.654237,269.11,0.00056440
2016,297,2,194.21,115.419114,35.654915,269.11,-0.00071891
2016,297,3,291.31,115.419891,35.655423,209.31,-0.00115946
2016,297,4,388.41,115.420694,35.655885,149.51,-0.00153876
2016,297,5,485.51,115.421544,35.656268,149.51,-0.00149674
2016,297,6,582.62,115.422525,35.656424,89.70,-0.00093469
2016,297,7,679.72,115.423441,35.656694,119.60,-0.00138372
2016,297,8,776.82,115.424513,35.656694,179.41,-0.00010614
2016,297,9,873.93,115.425586,35.656694,239.21,0.00084756
2016,297,10,971.03,115.426520,35.656931,254.16,-0.00064634
2016,297,11,1068.13,115.427574,35.656963,358.81,-0.00084756
2016,297,12,1165.24,115.428646,35.656963,418.61,0.00075247
2016,297,13,1262.34,115.429718,35.656963,418.61,0.00084756
2016,297,14,1359.44,115.430634,35.657233,478.42,-0.00084756
2016,297,15,1456.54,115.431706,35.657233,508.32,-0.00084756
2016,297,16,1553.65,115.432779,35.657233,508.32,0.00000000
2016,297,17,1650.75,115.433851,35.657233,508.32,0.00000000
2016,297,18,1747.85,115.434923,35.657233,508.32,0.00000000
2016,297,19,1844.96,115.435996,35.657233,508.32,0.00000000
2016,297,20,1942.06,115.437068,35.657233,538.22,0.00000000
2016,297,21,2039.16,115.438140,35.657233,448.52,0.00000000
2016,298,0,0.00,115.256231,35.430318,672.77,-0.00276514
2016,298,1,80.50,115.255501,35.430049,269.11,-0.00263031
2016,298,2,161.00,115.254615,35.430049,478.42,-0.00249548
2016,299,0,0.00,115.256231,35.430318,1435.25,0.00335473
2016,299,1,88.55,115.256849,35.429701,822.28,0.00493975
2016,299,2,177.10,115.257714,35.429510,612.97,0.00208500
2016,299,3,265.64,115.258480,35.429687,657.82,-0.00362046
2016,299,4,354.19,115.259196,35.429240,508.32,-0.00488616
2016,3,0,0.00,115.337619,35.544584,194.36,-0.00143931
2016,3,1,94.06,115.337619,35.545432,239.21,-0.00148245
2016,3,2,188.12,115.337888,35.546201,538.22,-0.00152559
2016,30,0,0.00,115.362412,35.571264,1255.84,-0.00171877
2016,30,1,87.82,115.362951,35.570630,598.02,-0.00174908
2016,30,2,175.64,115.363221,35.569917,657.82,-0.00177940
2016,300,0,0.00,115.256231,35.430318,672.77,0.00138399
2016,300,1,81.42,115.255962,35.430973,657.82,0.00103361
2016,300,2,162.83,115.255513,35.431576,1196.04,-0.00000000
2016,300,3,244.25,115.255154,35.432205,1794.06,-0.00068323
2016,301,0,0.00,115.256770,35.433552,568.12,0.00131762
2016,301,1,78.89,115.256058,35.433822,837.23,0.00062133
2016,301,2,157.77,115.255275,35.433970,583.07,0.00303425
2016,301,3,236.66,115.254725,35.434201,269.11,0.00605405
2016,301,4,315.54,115.254076,35.433822,313.96,0.00596464
2016,302,0,0.00,115.256770,35.433552,687.72,0.00000000
2016,302,1,72.55,115.256264,35.433046,702.67,-0.00095256
2016,302,2,145.11,115.255758,35.432540,433.57,-0.00199496
2016,302,3,217.66,115.255154,35.432205,657.82,-0.00208481
2016,304,0,0.00,115.259196,35.429240,687.72,-0.00033841
2016,304,1,94.32,115.258657,35.428548,732.58,-0.00155928
2016,304,2,188.64,115.258072,35.427893,448.52,-0.00278950
2016,304,3,282.96,115.257233,35.427547,478.42,-0.00113160
2016,304,4,377.28,115.256378,35.427231,463.47,0.00053821
2016,304,5,471.60,115.255580,35.426815,478.42,0.00028875
2016,304,6,565.92,115.254766,35.426427,672.77,0.00058032
2016,304,7,660.24,115.253971,35.426006,433.57,0.00000000
2016,304,8,754.56,115.253244,35.425467,448.52,-0.00052528
2016,304,9,848.88,115.252361,35.425198,448.52,0.00098466
2016,304,10,943.20,115.251640,35.424649,463.47,-0.00005504
2016,304,11,1037.52,115.250908,35.424120,538.22,-0.00116245
2016,304,12,1131.84,115.250028,35.423846,433.57,-0.00000000
2016,304,13,1226.16,115.249272,35.423358,448.52,-0.00049017
2016,304,14,1320.48,115.248416,35.423042,478.42,-0.00129922
2016,305,0,0.00,115.259196,35.429240,598.02,0.00388565
2016,305,1,68.26,115.259792,35.428971,598.02,0.00369820
2016,305,2,136.53,115.260543,35.428971,553.17,0.00351075
2016,306,0,0.00,115.438140,35.657233,1794.06,0.00000000
2016,306,1,89.70,115.438140,35.656424,1794.06,0.00000000
2016,306,2,179.41,115.438140,35.655616,882.08,0.00000000
2016,307,0,0.00,115.438140,35.657233,598.02,-0.00329486
2016,307,1,94.21,115.438897,35.657720,553.17,-0.00338197
2016,307,2,188.42,115.439908,35.657772,508.32,-0.00189800
2016,307,3,282.63,115.440948,35.657772,478.42,-0.00016346
2016,307,4,376.84,115.441988,35.657772,478.42,0.00000000
2016,307,5,471.04,115.443029,35.657772,478.42,0.00000000
2016,307,6,565.25,115.444069,35.657772,538.22,0.00000000
2016,307,7,659.46,115.445110,35.657772,508.32,0.00090207
2016,307,8,753.67,115.446150,35.657772,478.42,0.00189800
2016,307,9,847.88,115.447034,35.658041,463.47,0.00199185
2016,308,0,0.00,115.254615,35.430049,777.43,0.00212346
2016,308,1,98.44,115.254554,35.430918,1091.39,0.00215811
2016,308,2,196.88,115.254076,35.431666,1794.06,0.00219277
2016,309,0,0.00,115.254615,35.430049,657.82,-0.00533194
2016,309,1,63.11,115.254174,35.429609,299.01,-0.00552865
2016,309,2,126.22,115.253537,35.429510,508.32,-0.00572535
2016,31,0,0.00,115.358909,35.567761,538.22,0.00205775
2016,31,1,88.38,115.359884,35.567761,254.16,0.00194037
2016,31,2,176.77,115.360702,35.568030,224.26,0.00113810
2016,31,3,265.15,115.361551,35.568247,239.21,0.00102220
2016,31,4,353.54,115.362340,35.568569,224.26,0.00266151
2016,31,5,441.92,115.363082,35.568969,224.26,0.00333639
2016,31,6,530.31,115.363490,35.569647,598.02,0.00294094
2016,310,0,0.00,115.255154,35.432205,687.72,0.00000000
2016,310,1,24.47,115.254884,35.432205,448.52,0.00000000
2016,310,2,48.94,115.254615,35.432205,478.42,0.00000000
2016,312,0,0.00,115.254076,35.433822,747.53,0.00270559
2016,312,1,98.44,115.254076,35.432935,1510.00,0.00276180
2016,312,2,196.88,115.254615,35.432205,1794.06,0.00281800
2016,313,0,0.00,115.254076,35.433822,657.82,0.00399717
2016,313,1,71.27,115.253447,35.434091,254.16,0.00676890
2016,313,2,142.53,115.252686,35.434049,433.57,0.00759447
2016,313,3,213.80,115.252189,35.433552,463.47,0.00564831
2016,314,0,0.00,115.248416,35.423042,164.46,0.00920738
2016,314,1,43.79,115.248090,35.423312,299.01,0.00901894
2016,314,2,87.59,115.247608,35.423312,612.97,0.00883050
2016,315,0,0.00,115.248416,35.423042,448.52,-0.00425669
2016,315,1,88.69,115.247699,35.422594,508.32,-0.00554367
2016,315,2,177.38,115.246883,35.422689,448.52,-0.00449814
2016,315,3,266.07,115.246110,35.423042,463.47,-0.00075676
2016,315,4,354.76,115.245349,35.423414,717.63,-0.00072053
2016,315,5,443.45,115.244533,35.423691,807.33,-0.00236156
2016,315,6,532.14,115.243914,35.424310,1794.06,-0.00131498
2016,315,7,620.83,115.243296,35.424928,1794.06,0.00000000
2016,316,0,0.00,115.447034,35.658041,1076.44,0.00288216
2016,316,1,86.22,115.447427,35.657379,523.27,0.00580942
2016,316,2,172.45,115.448128,35.656980,448.52,0.00725920
2016,316,3,258.67,115.448933,35.657233,194.36,0.00296585
2016,316,4,344.89,115.449729,35.657502,179.41,0.00014998
2016,317,0,0.00,115.447034,35.658041,598.02,0.00000000
2016,317,1,75.86,115.447563,35.658571,508.32,-0.00281130
2016,317,2,151.73,115.448093,35.659101,179.41,-0.00566054
2016,317,3,227.59,115.448920,35.659119,194.36,-0.00569849
2016,318,0,0.00,115.254076,35.431666,538.22,0.00000000
2016,318,1,61.18,115.253402,35.431666,777.43,0.00000000
2016,318,2,122.36,115.252728,35.431666,328.91,0.00000000
2016,319,0,0.00,115.254076,35.431666,493.37,-0.00000000
2016,319,1,38.64,115.254345,35.431935,493.37,-0.00000000
2016,319,2,77.28,115.254615,35.432205,299.01,-0.00000000
2016,32,0,0.00,115.336271,35.535960,553.17,0.00000000
2016,32,1,36.66,115.335867,35.535960,403.66,0.00000000
2016,32,2,73.32,115.335463,35.535960,373.76,0.00000000
2016,320,0,0.00,115.253537,35.429510,553.17,-0.00369319
2016,320,1,53.59,115.253371,35.429075,478.42,-0.00358586
2016,320,2,107.18,115.252998,35.428701,463.47,-0.00347853
2016,321,0,0.00,115.253537,35.429510,657.82,0.00203898
2016,321,1,70.19,115.253047,35.429999,941.88,0.00213695
2016,321,2,140.39,115.252459,35.430318,373.76,0.00223492
2016,323,0,0.00,115.252189,35.433552,627.92,0.00342896
2016,323,1,95.72,115.251324,35.433226,478.42,0.00392379
2016,323,2,191.45,115.250842,35.432504,538.22,0.00353973
2016,323,3,287.17,115.250572,35.431720,717.63,0.00202588
2016,323,4,382.89,115.250572,35.430857,762.48,0.00139093
2016,324,0,0.00,115.252189,35.433552,672.77,-0.00239127
2016,324,1,75.59,115.252459,35.432950,807.33,-0.00119564
2016,324,2,151.18,115.252459,35.432268,1330.60,0.00119564
2016,324,3,226.78,115.252728,35.431666,1689.41,0.00239127
2016,325,0,0.00,115.243296,35.424928,448.52,0.00124166
2016,325,1,96.44,115.242426,35.424597,403.66,0.00122536
2016,325,2,192.88,115.241654,35.424095,418.61,-0.00000000
2016,325,3,289.32,115.240883,35.423593,433.57,-0.00060453
2016,325,4,385.76,115.240012,35.423262,403.66,0.00060453
2016,325,5,482.21,115.239241,35.422760,448.52,-0.00013394
2016,325,6,578.65,115.238470,35.422258,418.61,-0.00060453
2016,325,7,675.09,115.237578,35.421964,448.52,0.00099194
2016,325,8,771.53,115.236828,35.421425,478.42,0.00171600
2016,326,0,0.00,115.243296,35.424928,508.32,-0.00374187
2016,326,1,90.46,115.243510,35.425681,418.61,-0.00379064
2016,326,2,180.92,115.244239,35.426142,448.52,-0.00191971
2016,326,3,271.39,115.244969,35.426602,433.57,0.00126212
2016,326,4,361.85,115.245699,35.427062,418.61,0.00106657
2016,326,5,452.31,115.246121,35.427754,418.61,-0.00336050
2016,326,6,542.77,115.246881,35.428162,493.37,-0.00469532
2016,326,7,633.23,115.247877,35.428162,598.02,-0.00306074
2016,327,0,0.00,115.449729,35.657502,179.41,0.00070352
2016,327,1,93.96,115.450610,35.657772,149.51,0.00236493
2016,327,2,187.93,115.451437,35.658133,164.46,0.00359183
2016,327,3,281.89,115.451885,35.658850,388.71,0.00315731
2016,328,0,0.00,115.449729,35.657502,1151.19,0.00445292
2016,328,1,68.50,115.449668,35.658102,717.63,0.00334273
2016,328,2,136.99,115.449190,35.658580,777.43,-0.00000000
2016,328,3,205.49,115.448920,35.659119,1091.39,-0.00223255
2016,33,0,0.00,115.336271,35.535960,358.81,0.00533728
2016,33,1,63.06,115.336711,35.535520,508.32,0.00553476
2016,33,2,126.12,115.337349,35.535421,418.61,0.00573223
2016,330,0,0.00,115.448920,35.659119,179.41,-0.00297360
2016,330,1,77.75,115.449622,35.659389,134.55,-0.00282775
2016,330,2,155.50,115.450481,35.659389,164.46,-0.00416871
2016,330,3,233.25,115.451339,35.659389,224.26,-0.00566352
2016,330,4,311.01,115.451885,35.658850,1480.10,-0.00567153
2016,332,0,0.00,115.252728,35.431666,687.72,0.00000000
2016,332,1,57.96,115.252324,35.431262,463.47,0.00000000
2016,332,2,115.91,115.251920,35.430857,388.71,0.00000000
2016,333,0,0.00,115.252998,35.428701,598.02,-0.00433261
2016,333,1,89.58,115.252998,35.427894,463.47,-0.00444487
2016,333,2,179.15,115.252325,35.427354,448.52,-0.00228430
2016,333,3,268.73,115.251650,35.426815,448.52,-0.00001146
2016,334,0,0.00,115.252998,35.428701,448.52,0.00000000
2016,334,1,77.28,115.252459,35.429240,717.63,-0.00443800
2016,334,2,154.55,115.251920,35.429779,702.67,-0.00887600
2016,334,3,231.83,115.252459,35.430318,358.81,-0.00887600
2016,335,0,0.00,115.252459,35.430318,867.13,0.00000000
2016,335,1,38.64,115.252189,35.430588,1794.06,0.00000000
2016,335,2,77.28,115.251920,35.430857,1794.06,0.00000000
2016,337,0,0.00,115.250572,35.430857,568.12,0.00000000
2016,337,1,61.18,115.251246,35.430857,538.22,0.00000000
2016,337,2,122.36,115.251920,35.430857,358.81,0.00000000
2016,338,0,0.00,115.250572,35.430857,478.42,0.00294108
2016,338,1,86.72,115.249773,35.430588,463.47,0.00234357
2016,338,2,173.43,115.249165,35.429989,433.57,0.00077967
2016,338,3,260.15,115.248487,35.429510,448.52,0.00241323
2016,338,4,346.87,115.247877,35.428944,478.42,0.00455286
2016,338,5,433.58,115.247877,35.428162,627.92,0.00409254
2016,339,0,0.00,115.236828,35.421425,1794.06,0.00360626
2016,339,1,96.78,115.236153,35.422100,717.63,0.00326031
2016,339,2,193.57,115.235164,35.422234,358.81,0.00276816
2016,339,3,290.35,115.234255,35.422503,313.96,0.00216416
2016,339,4,387.13,115.233345,35.422234,209.31,0.00085319
2016,339,5,483.91,115.232279,35.422234,164.46,0.00094074
2016,339,6,580.70,115.231370,35.421964,104.65,0.00094074
2016,339,7,677.48,115.230460,35.421695,134.55,-0.00179393
2016,339,8,774.26,115.229550,35.421425,284.06,-0.00264712
2016,339,9,871.04,115.228640,35.421695,313.96,0.00085319
2016,339,10,967.83,115.227575,35.421695,254.16,0.00170638
2016,339,11,1064.61,115.226665,35.421425,254.16,0.00000000
2016,339,12,1161.39,115.225599,35.421425,284.06,0.00094074
2016,339,13,1258.17,115.224690,35.421156,239.21,0.00094074
2016,339,14,1354.96,115.223780,35.420886,239.21,-0.00179393
2016,339,15,1451.74,115.222870,35.420617,254.16,-0.00258707
2016,339,16,1548.52,115.221961,35.420886,254.16,0.00000000
2016,339,17,1645.31,115.220907,35.420865,254.16,-0.00118852
2016,339,18,1742.09,115.220141,35.420886,358.81,-0.00179393
2016,339,19,1838.87,115.219359,35.421377,313.96,0.00096423
2016,339,20,1935.65,115.218322,35.421425,328.91,0.00094074
2016,339,21,2032.44,115.217412,35.421695,299.01,0.00101743
2016,339,22,2129.22,115.216346,35.421695,313.96,0.00170638
2016,34,0,0.00,115.334115,35.536230,269.11,-0.00351917
2016,34,1,68.19,115.334867,35.536230,104.65,-0.00370734
2016,34,2,136.38,115.335463,35.535960,134.55,-0.00389552
2016,340,0,0.00,115.236828,35.421425,463.47,-0.00099119
2016,340,1,99.85,115.236131,35.420729,358.81,-0.00145768
2016,340,2,199.71,115.235336,35.420203,299.01,-0.00167340
2016,340,3,299.56,115.234465,35.419808,209.31,-0.00084700
2016,340,4,399.41,115.233548,35.419493,209.31,0.00017973
2016,340,5,499.27,115.232654,35.419138,119.60,0.00071388
2016,340,6,599.12,115.231791,35.418730,119.60,0.00022065
2016,340,7,698.98,115.230965,35.418257,194.36,-0.00002059
2016,340,8,798.83,115.230071,35.417902,239.21,-0.00013149
2016,340,9,898.68,115.229272,35.417383,269.11,-0.00053671
2016,340,10,998.54,115.228329,35.417113,299.01,0.00004265
2016,340,11,1098.39,115.227488,35.416666,254.16,-0.00028871
2016,340,12,1198.24,115.226594,35.416311,269.11,-0.00086896
2016,340,13,1298.10,115.225654,35.416035,239.21,-0.00119369
2016,340,14,1397.95,115.224711,35.415766,239.21,-0.00090408
2016,340,15,1497.80,115.223612,35.415766,239.21,0.00033949
2016,340,16,1597.66,115.222668,35.415496,269.11,0.00000000
2016,340,17,1697.51,115.221630,35.415390,254.16,-0.00066614
2016,340,18,1797.36,115.220625,35.415227,269.11,-0.00066449
2016,340,19,1897.22,115.219526,35.415227,328.91,0.00032665
2016,340,20,1997.07,115.218454,35.415179,313.96,0.00051469
2016,340,21,2096.93,115.217483,35.414957,358.81,-0.00080004
2016,340,22,2196.78,115.216383,35.414957,328.91,-0.00065024
2016,340,23,2296.63,115.215284,35.414957,299.01,0.00000000
2016,340,24,2396.49,115.214185,35.414957,299.01,0.00000000
2016,340,25,2496.34,115.213085,35.414957,299.01,0.00000000
2016,340,26,2596.19,115.211986,35.414957,299.01,0.00000000
2016,340,27,2696.05,115.210886,35.414957,299.01,0.00000000
2016,340,28,2795.90,115.209787,35.414957,358.81,0.00075747
2016,340,29,2895.75,115.208687,35.414957,418.61,0.00080004
2016,340,30,2995.61,115.207736,35.414701,508.32,-0.00068134
2016,340,31,3095.46,115.206644,35.414688,568.12,-0.00144783
2016,342,0,0.00,115.247877,35.428162,1794.06,0.00155699
2016,342,1,94.02,115.248533,35.427507,1375.45,0.00221492
2016,342,2,188.05,115.249324,35.427084,627.92,0.00451866
2016,342,3,282.07,115.250203,35.426815,553.17,0.00249074
2016,342,4,376.09,115.250994,35.427237,553.17,-0.00413582
2016,342,5,470.11,115.251650,35.426815,568.12,-0.00708865
2016,343,0,0.00,115.451885,35.658850,239.21,0.00129397
2016,343,1,94.45,115.452742,35.659169,194.36,0.00046291
2016,343,2,188.91,115.453501,35.659658,149.51,-0.00000000
2016,343,3,283.36,115.454387,35.659928,149.51,0.00036678
2016,343,4,377.81,115.455117,35.660466,134.55,-0.00000000
2016,343,5,472.27,115.455975,35.660784,209.31,0.00044789
2016,343,6,566.72,115.456734,35.661274,239.21,0.00063060
2016,343,7,661.18,115.457492,35.661763,209.31,-0.00000000
2016,343,8,755.63,115.458251,35.662252,224.26,-0.00000000
2016,343,9,850.08,115.459010,35.662741,299.01,0.00000000
2016,343,10,944.54,115.459768,35.663230,269.11,0.00000000
2016,343,11,1038.99,115.460527,35.663719,328.91,-0.00000000
2016,343,12,1133.44,115.461286,35.664208,328.91,-0.00063060
2016,343,13,1227.90,115.462044,35.664698,343.86,-0.00063060
2016,343,14,1322.35,115.462902,35.665016,328.91,0.00012143
2016,343,15,1416.80,115.463661,35.665506,343.86,0.00063060
2016,343,16,1511.26,115.464500,35.665857,328.91,0.00210966
2016,343,17,1605.71,115.465178,35.666484,358.81,0.00227592
2016,343,18,1700.17,115.465629,35.667204,403.66,0.00135087
2016,346,0,0.00,115.251650,35.426815,448.52,-0.01066357
2016,346,1,31.56,115.251430,35.426595,433.57,-0.01105694
2016,346,2,63.11,115.251111,35.426545,508.32,-0.01145031
2016,348,0,0.00,115.206644,35.414688,1225.94,-0.00111239
2016,348,1,96.20,115.206182,35.413956,1166.14,-0.00167372
2016,348,2,192.40,115.205511,35.413285,1061.49,-0.00466020
2016,348,3,288.60,115.204732,35.412801,463.47,-0.00808284
2016,348,4,384.80,115.203950,35.413170,493.37,-0.00573943
2016,348,5,481.00,115.203411,35.413879,777.43,-0.00239855
2016,349,0,0.00,115.206644,35.414688,538.22,0.00000000
2016,349,1,91.03,115.205798,35.414957,463.47,0.00106959
2016,349,2,182.06,115.204952,35.415227,448.52,0.00203757
2016,349,3,273.10,115.203950,35.415227,418.61,0.00193596
2016,35,0,0.00,115.334115,35.536230,284.06,0.00184502
2016,35,1,87.83,115.334115,35.535595,328.91,0.00170583
2016,35,2,175.66,115.334385,35.534882,269.11,0.00156663
2016,350,0,0.00,115.465629,35.667204,418.61,0.00126985
2016,350,1,93.48,115.466579,35.667346,358.81,0.00195315
2016,350,2,186.95,115.467430,35.667658,343.86,0.00131823
2016,350,3,280.43,115.468182,35.668140,343.86,-0.00043868
2016,350,4,373.90,115.469033,35.668452,328.91,0.00043321
2016,350,5,467.38,115.469850,35.668821,328.91,0.00149407
2016,350,6,560.86,115.470569,35.669360,343.86,0.00062218
2016,350,7,654.33,115.471288,35.669899,328.91,-0.00000000
2016,351,0,0.00,115.465629,35.667204,1794.06,-0.00347749
2016,351,1,53.54,115.465255,35.667578,1360.50,-0.00358427
2016,351,2,107.09,115.465090,35.668013,882.08,-0.00369106
2016,352,0,0.00,115.203411,35.413879,702.67,-0.00150373
2016,352,1,98.16,115.202627,35.413365,747.53,-0.00267193
2016,352,2,196.31,115.201717,35.413071,463.47,-0.00443130
2016,352,3,294.47,115.200665,35.413121,403.66,-0.00421024
2016,352,4,392.63,115.199867,35.413610,463.47,-0.00186533
2016,352,5,490.78,115.199099,35.414149,612.97,-0.00033266
2016,353,0,0.00,115.203411,35.413879,1390.40,0.00000000
2016,353,1,83.49,115.203680,35.414553,1450.20,0.00000000
2016,353,2,166.98,115.203950,35.415227,1539.90,0.00000000
2016,354,0,0.00,115.203950,35.415227,568.12,0.00466739
2016,354,1,83.01,115.203521,35.415766,448.52,0.00481307
2016,354,2,166.03,115.202704,35.415933,433.57,0.00322793
2016,354,3,249.04,115.201849,35.416035,448.52,0.00000000
2016,354,4,332.05,115.200935,35.416035,418.61,-0.00204537
2016,354,5,415.06,115.200177,35.416305,538.22,-0.00259365
2016,356,0,0.00,115.471288,35.669899,358.81,0.00490019
2016,356,1,82.67,115.472163,35.669965,313.96,0.00407422
2016,356,2,165.34,115.472740,35.670543,313.96,0.00119449
2016,356,3,248.01,115.473417,35.670949,299.01,0.00152313
2016,356,4,330.68,115.473983,35.671388,313.96,0.00336992
2016,356,5,413.36,115.474253,35.672055,403.66,0.00283431
2016,357,0,0.00,115.471288,35.669899,1794.06,-0.00000000
2016,357,1,96.48,115.470614,35.670573,1794.06,-0.00000000
2016,357,2,192.96,115.469941,35.671247,313.96,-0.00000000
2016,358,0,0.00,115.199099,35.414149,702.67,-0.00255173
2016,358,1,91.39,115.199099,35.414972,1330.60,-0.00320079
2016,358,2,182.78,115.199539,35.415667,941.88,-0.00247733
2016,358,3,274.16,115.200177,35.416305,882.08,-0.00110482
2016,359,0,0.00,115.199099,35.414149,568.12,0.00000000
2016,359,1,82.87,115.198186,35.414149,433.57,-0.00247634
2016,359,2,165.75,115.197274,35.414149,373.76,-0.00501555
2016,359,3,248.62,115.196673,35.414688,478.42,-0.00507842
2016,36,0,0.00,115.363490,35.569647,1076.44,0.00000000
2016,36,1,19.31,115.363356,35.569782,1166.14,0.00000000
2016,36,2,38.61,115.363221,35.569917,1166.14,0.00000000
2016,360,0,0.00,115.200177,35.416305,553.17,0.00000000
2016,360,1,63.12,115.199638,35.416574,433.57,0.00000000
2016,360,2,126.23,115.199099,35.416844,403.66,0.00000000
2016,362,0,0.00,115.474253,35.672055,388.71,0.00099991
2016,362,1,92.00,115.474994,35.672527,403.66,-0.00000000
2016,362,2,184.00,115.475658,35.673133,388.71,-0.00036092
2016,362,3,276.00,115.476477,35.673471,373.76,0.00063193
2016,362,4,368.01,115.477120,35.674114,403.66,0.00107759
2016,362,5,460.01,115.477861,35.674586,433.57,0.00177039
2016,362,6,552.01,115.478295,35.675289,523.27,0.00237138
2016,363,0,0.00,115.474253,35.672055,1794.06,0.00356281
2016,363,1,94.49,115.473593,35.672715,1031.59,0.00369513
2016,363,2,188.97,115.472636,35.672864,433.57,0.00382744
2016,364,0,0.00,115.469941,35.671247,403.66,0.00000000
2016,364,1,24.40,115.469671,35.671247,373.76,0.00000000
2016,364,2,48.80,115.469402,35.671247,403.66,0.00000000
2016,365,0,0.00,115.469941,35.671247,403.66,-0.00146920
2016,365,1,82.29,115.470515,35.671821,299.01,-0.00305025
2016,365,2,164.58,115.471189,35.672225,343.86,-0.00163998
2016,365,3,246.86,115.472040,35.672325,284.06,0.00275175
2016,365,4,329.15,115.472636,35.672864,418.61,0.00415217
2016,366,0,0.00,115.196673,35.414688,343.86,-0.00276409
2016,366,1,80.51,115.195943,35.414418,284.06,-0.00262934
2016,366,2,161.03,115.195056,35.414418,254.16,-0.00249460
2016,367,0,0.00,115.196673,35.414688,209.31,0.00259111
2016,367,1,72.68,115.196943,35.415264,897.03,0.00251513
2016,367,2,145.36,115.196943,35.415919,1121.29,0.00121958
2016,367,3,218.04,115.196943,35.416574,1420.30,0.00000000
2016,368,0,0.00,115.199099,35.416844,568.12,0.00000000
2016,368,1,69.99,115.198328,35.416844,418.61,0.00166674
2016,368,2,139.98,115.197557,35.416844,388.71,0.00351261
2016,368,3,209.97,115.196943,35.416574,418.61,0.00369174
2016,369,0,0.00,115.199099,35.416844,1435.25,0.00000000
2016,369,1,72.68,115.199099,35.417499,1405.35,-0.00121955
2016,369,2,145.36,115.199099,35.418154,657.82,-0.00251506
2016,369,3,218.04,115.199368,35.418730,687.72,-0.00259103
2016,370,0,0.00,115.478295,35.675289,523.27,0.00100554
2016,370,1,97.48,115.479215,35.675558,478.42,0.00096103
2016,370,2,194.97,115.480053,35.675969,508.32,-0.00004495
2016,370,3,292.45,115.480898,35.676367,478.42,-0.00096103
2016,370,4,389.94,115.481818,35.676636,463.47,0.00008989
2016,370,5,487.42,115.482738,35.676906,478.42,0.00096103
2016,370,6,584.90,115.483569,35.677329,478.42,-0.00004495
2016,370,7,682.39,115.484422,35.677714,478.42,-0.00000000
2016,370,8,779.87,115.485327,35.678009,478.42,0.00060655
2016,370,9,877.36,115.486105,35.678523,448.52,0.00123848
2016,370,10,974.84,115.486986,35.678859,463.47,0.00272264
2016,370,11,1072.32,115.487458,35.679601,508.32,0.00326488
2016,371,0,0.00,115.478295,35.675289,1794.06,0.00000000
2016,371,1,88.72,115.477675,35.675908,1166.14,0.00203077
2016,371,2,177.43,115.477056,35.676528,1031.59,0.00418467
2016,371,3,266.15,115.476139,35.676636,612.97,0.00430780
2016,373,0,0.00,115.472636,35.672864,837.23,0.00000000
2016,373,1,19.30,115.472501,35.672998,538.22,0.00000000
2016,373,2,38.59,115.472366,35.673133,523.27,0.00000000
2016,375,0,0.00,115.195056,35.414418,508.32,-0.00439700
2016,375,1,88.56,115.194393,35.413879,612.97,-0.00185819
2016,375,2,177.12,115.193426,35.413866,568.12,0.00214663
2016,375,3,265.67,115.192808,35.413248,224.26,0.00112052
2016,375,4,354.23,115.192092,35.412801,224.26,-0.00137161
2016,376,0,0.00,115.196943,35.416574,328.91,-0.00000000
2016,376,1,93.89,115.196065,35.416844,313.96,0.00100259
2016,376,2,187.77,115.195187,35.417113,269.11,0.00062518
2016,376,3,281.66,115.194153,35.417113,269.11,-0.00157019
2016,376,4,375.55,115.193336,35.417486,269.11,-0.00260098
2016,376,5,469.44,115.192483,35.417800,358.81,-0.00223365
2016,376,6,563.32,115.192005,35.418461,463.47,-0.00005152
2016,376,7,657.21,115.191283,35.419000,478.42,0.00154787
2016,377,0,0.00,115.487458,35.679601,478.42,0.00329299
2016,377,1,96.23,115.488521,35.679601,388.71,0.00280207
2016,377,2,192.47,115.489298,35.680093,373.76,0.00062176
2016,377,3,288.70,115.490177,35.680409,358.81,-0.00098612
2016,377,4,384.94,115.491038,35.680756,343.86,-0.00000000
2016,377,5,481.17,115.491989,35.680948,358.81,0.00096006
2016,377,6,577.40,115.492779,35.681418,343.86,0.00078328
2016,377,7,673.64,115.493649,35.681750,388.71,0.00129632
2016,377,8,769.87,115.494394,35.682296,358.81,0.00141932
2016,377,9,866.11,115.495092,35.682923,343.86,-0.00057503
2016,377,10,962.34,115.495764,35.683595,358.81,-0.00149535
2016,377,11,1058.57,115.496635,35.683927,373.76,0.00052550
2016,377,12,1154.81,115.497392,35.684452,358.81,0.00146036
2016,377,13,1251.04,115.497968,35.684991,358.81,0.00082611
2016,378,0,0.00,115.487458,35.679601,1794.06,-0.00222249
2016,378,1,78.46,115.486910,35.680149,1794.06,-0.00335744
2016,378,2,156.92,115.486649,35.680780,971.78,-0.00324998
2016,378,3,235.38,115.486649,35.681487,717.63,-0.00200758
2016,379,0,0.00,115.191283,35.419000,1121.29,0.00541193
2016,379,1,49.22,115.191283,35.419443,926.93,0.00552437
2016,379,2,98.44,115.191014,35.419808,747.53,0.00563682
2016,38,0,0.00,115.363490,35.569647,269.11,0.00430329
2016,38,1,88.78,115.364407,35.569755,254.16,0.00418074
2016,38,2,177.57,115.365027,35.570375,598.02,0.00202909
2016,38,3,266.35,115.365646,35.570995,598.02,-0.00000000
2016,380,0,0.00,115.191283,35.419000,1166.14,0.00000000
2016,380,1,94.30,115.190626,35.418342,612.97,0.00172622
2016,380,2,188.60,115.189968,35.417684,1794.06,0.00347155
2016,380,3,282.90,115.189936,35.416844,777.43,0.00349065
2016,381,0,0.00,115.497968,35.684991,358.81,0.00933234
2016,381,1,58.64,115.498576,35.685060,328.91,0.00936071
2016,381,2,117.28,115.498777,35.685530,493.37,0.00938908
2016,382,0,0.00,115.497968,35.684991,1749.21,-0.00227866
2016,382,1,79.52,115.497413,35.685546,1285.75,-0.00566243
2016,382,2,159.04,115.497160,35.686189,523.27,-0.00825737
2016,382,3,238.56,115.497699,35.686608,403.66,-0.00746855
2016,383,0,0.00,115.191014,35.419808,897.03,0.00131284
2016,383,1,90.42,115.190284,35.419348,911.98,-0.00012913
2016,383,2,180.85,115.189654,35.418717,478.42,-0.00335311
2016,383,3,271.27,115.188807,35.418461,209.31,-0.00251877
2016,383,4,361.70,115.187811,35.418461,508.32,0.00113349
2016,383,5,452.12,115.186971,35.418191,657.82,0.00216940
2016,384,0,0.00,115.191014,35.419808,941.88,0.00156873
2016,384,1,94.21,115.190357,35.420465,717.63,0.00365074
2016,384,2,188.42,115.189563,35.420886,538.22,0.00283909
2016,384,3,282.63,115.188746,35.420728,194.36,-0.00033555
2016,384,4,376.84,115.187956,35.421156,732.58,0.00354804
2016,384,5,471.06,115.186938,35.421122,553.17,0.00607687
2016,384,6,565.27,115.186281,35.420465,1031.59,0.00222056
2016,384,7,659.48,115.185624,35.419808,687.72,0.00000000
2016,385,0,0.00,115.191014,35.419808,1285.75,-0.00358174
2016,385,1,95.75,115.191682,35.420476,882.08,-0.00417894
2016,385,2,191.50,115.192654,35.420617,687.72,-0.00282975
2016,385,3,287.25,115.193709,35.420617,433.57,-0.00088335
2016,386,0,0.00,115.498777,35.685530,388.71,0.00201677
2016,386,1,89.25,115.499763,35.685530,328.91,0.00271376
2016,386,2,178.51,115.500592,35.685799,313.96,0.00247743
2016,386,3,267.76,115.501341,35.686207,328.91,0.00109321
2016,386,4,357.02,115.502063,35.686660,343.86,0.00066257
2016,386,5,446.27,115.502766,35.687147,343.86,-0.00027413
2016,386,6,535.53,115.503438,35.687686,284.06,0.00102795
2016,386,7,624.78,115.504230,35.688019,299.01,0.00402508
2016,386,8,714.04,115.504436,35.688764,358.81,0.00476316
2016,387,0,0.00,115.498777,35.685530,1659.51,0.00000000
2016,387,1,77.18,115.498238,35.686069,1106.34,0.00000000
2016,387,2,154.36,115.497699,35.686608,343.86,0.00000000
2016,389,0,0.00,115.497699,35.686608,403.66,0.00144385
2016,389,1,82.41,115.498274,35.687183,328.91,0.00000000
2016,389,2,164.83,115.498641,35.687820,328.91,-0.00225022
2016,389,3,247.24,115.499316,35.688225,328.91,-0.00305659
2016,390,0,0.00,115.186971,35.418191,1614.66,0.00000000
2016,390,1,59.80,115.186971,35.417652,1196.04,0.00000000
2016,390,2,119.60,115.186971,35.417113,612.97,0.00000000
2016,391,0,0.00,115.186971,35.418191,1061.49,0.00123895
2016,391,1,89.52,115.186347,35.418815,433.57,0.00128992
2016,391,2,179.04,115.185624,35.419269,642.87,0.00134088
2016,392,0,0.00,115.185624,35.419808,1091.39,0.00000000
2016,392,1,29.90,115.185624,35.419539,1121.29,0.00000000
2016,392,2,59.80,115.185624,35.419269,1629.61,0.00000000
2016,393,0,0.00,115.185624,35.419808,1061.49,0.01066290
2016,393,1,31.56,115.185404,35.420028,568.12,0.01105617
2016,393,2,63.12,115.185085,35.420078,538.22,0.01144945
2016,394,0,0.00,115.504436,35.688764,478.42,0.00000000
2016,394,1,24.39,115.504705,35.688764,388.71,0.00000000
2016,394,2,48.79,115.504975,35.688764,358.81,0.00000000
2016,395,0,0.00,115.504436,35.688764,1031.59,-0.00442724
2016,395,1,75.56,115.503908,35.689291,717.63,-0.00448324
2016,395,2,151.12,115.503897,35.689969,448.52,-0.00231447
2016,395,3,226.68,115.503897,35.690650,508.32,-0.00008972
2016,396,0,0.00,115.186971,35.417113,448.52,-0.00209226
2016,396,1,76.00,115.187652,35.416844,627.92,-0.00155209
2016,396,2,151.99,115.188229,35.416394,523.27,0.00000000
2016,396,3,227.99,115.188858,35.416035,523.27,0.00101192
2016,397,0,0.00,115.186971,35.417113,926.93,0.00347858
2016,397,1,53.59,115.186598,35.416739,807.33,0.00358594
2016,397,2,107.18,115.186432,35.416305,926.93,0.00369330
2016,399,0,0.00,115.185624,35.419269,642.87,0.00000000
2016,399,1,38.64,115.185354,35.419000,642.87,0.00000000
2016,399,2,77.28,115.185085,35.418730,642.87,0.00000000
2016,4,0,0.00,115.337619,35.544584,433.57,-0.01337096
2016,4,1,57.92,115.337215,35.544449,343.86,-0.01098712
2016,4,2,115.85,115.336810,35.544854,194.36,-0.00860328
2016,400,0,0.00,115.185085,35.420078,1016.64,-0.00000000
2016,400,1,94.44,115.184426,35.420736,971.78,-0.00054857
2016,400,2,188.89,115.183768,35.421395,911.98,0.00137807
2016,400,3,283.33,115.183317,35.422115,642.87,0.00485138
2016,400,4,377.77,115.182346,35.422234,612.97,0.00240919
2016,400,5,472.21,115.181306,35.422234,553.17,-0.00150583
2016,400,6,566.66,115.180422,35.422503,553.17,-0.00099028
2016,400,7,661.10,115.179538,35.422773,538.22,-0.00000000
2016,400,8,755.54,115.178654,35.423042,418.61,0.00099028
2016,400,9,849.98,115.177771,35.423312,373.76,0.00188759
2016,400,10,944.43,115.176731,35.423312,373.76,0.00179462
2016,401,0,0.00,115.185085,35.420078,747.53,-0.00416907
2016,401,1,92.49,115.184378,35.419539,792.38,-0.00405609
2016,401,2,184.97,115.183360,35.419539,478.42,-0.00141770
2016,401,3,277.46,115.182342,35.419539,598.02,0.00303764
2016,401,4,369.94,115.181418,35.419375,433.57,0.00422973
2016,401,5,462.43,115.180773,35.418730,926.93,0.00349189
2016,402,0,0.00,115.504975,35.688764,388.71,0.00000000
2016,402,1,57.88,115.505379,35.689168,642.87,0.00000000
2016,402,2,115.77,115.505783,35.689572,239.21,0.00000000
2016,403,0,0.00,115.504975,35.688764,926.93,0.00569997
2016,403,1,91.13,115.505668,35.688225,448.52,0.00751327
2016,403,2,182.26,115.506545,35.688447,59.80,0.00740051
2016,403,3,273.39,115.507182,35.689084,448.52,0.00401377
2016,403,4,364.52,115.507400,35.689842,388.71,0.00255308
2016,404,0,0.00,115.503897,35.690650,358.81,-0.00391756
2016,404,1,92.13,115.504332,35.691354,269.11,-0.00492772
2016,404,2,184.26,115.504975,35.691459,254.16,-0.00593787
2016,405,0,0.00,115.503897,35.690650,627.92,0.00000000
2016,405,1,48.79,115.503358,35.690650,717.63,0.00000000
2016,405,2,97.57,115.502819,35.690650,403.66,0.00000000
2016,406,0,0.00,115.503897,35.690650,553.17,0.00537942
2016,406,1,77.93,115.504640,35.690854,224.26,0.00527255
2016,406,2,155.87,115.504975,35.691459,313.96,0.00516568
2016,407,0,0.00,115.186432,35.416305,717.63,-0.00528955
2016,407,1,56.03,115.185815,35.416305,538.22,-0.00553341
2016,407,2,112.07,115.185354,35.416574,313.96,-0.00577727
2016,408,0,0.00,115.186432,35.416305,553.17,0.00215990
2016,408,1,71.28,115.186929,35.415808,553.17,0.00433230
2016,408,2,142.55,115.187534,35.415496,538.22,0.00512693
2016,408,3,213.83,115.188319,35.415496,194.36,0.00374917
2016,409,0,0.00,115.185085,35.418730,657.82,0.00296424
2016,409,1,89.58,115.184361,35.418276,717.63,0.00320524
2016,409,2,179.16,115.184007,35.417572,822.28,0.00199387
2016,409,3,268.74,115.183737,35.416844,1210.99,0.00054149
2016,41,0,0.00,115.365646,35.570995,448.52,0.00080589
2016,41,1,97.38,115.366524,35.570794,373.76,0.00103990
2016,41,2,194.76,115.367325,35.570725,328.91,0.00015340
2016,41,3,292.14,115.368378,35.570688,254.16,-0.00070734
2016,41,4,389.52,115.369317,35.570456,209.31,-0.00000000
2016,41,5,486.89,115.370331,35.570352,194.36,0.00056038
2016,41,6,584.27,115.371309,35.570186,149.51,0.00084257
2016,41,7,681.65,115.372384,35.570186,89.70,0.00101195
2016,410,0,0.00,115.185085,35.418730,986.73,-0.00199307
2016,410,1,82.65,115.185354,35.418064,971.78,-0.00193479
2016,410,2,165.29,115.185354,35.417319,568.12,-0.00093826
2016,410,3,247.94,115.185354,35.416574,956.83,0.00000000
2016,411,0,0.00,115.176731,35.423312,1031.59,-0.00956172
2016,411,1,46.51,115.176615,35.422926,598.02,-0.00980480
2016,411,2,93.01,115.176192,35.422773,568.12,-0.01004787
2016,412,0,0.00,115.176731,35.423312,583.07,0.00000000
2016,412,1,93.82,115.175977,35.423795,493.37,0.00038533
2016,412,2,187.64,115.175224,35.424279,448.52,0.00017794
2016,412,3,281.45,115.174411,35.424659,358.81,0.00020987
2016,412,4,375.27,115.173690,35.425198,313.96,0.00245783
2016,412,5,469.09,115.172813,35.425467,388.71,0.00306068
2016,412,6,562.91,115.171780,35.425467,388.71,0.00389867
2016,412,7,656.72,115.170767,35.425433,343.86,0.00231290
2016,412,8,750.54,115.170321,35.424717,433.57,-0.00371671
2016,412,9,844.36,115.169469,35.424913,433.57,-0.00338694
2016,412,10,938.18,115.168445,35.424928,343.86,-0.00118614
2016,412,11,1031.99,115.167568,35.425198,328.91,-0.00190051
2016,413,0,0.00,115.180773,35.418730,568.12,-0.00000000
2016,413,1,92.75,115.179830,35.418865,538.22,-0.00000000
2016,413,2,185.49,115.178887,35.419000,538.22,-0.00000000
2016,414,0,0.00,115.180773,35.418730,1405.35,0.00021357
2016,414,1,85.64,115.181162,35.418072,1240.89,0.00080798
2016,414,2,171.28,115.181581,35.417423,1136.24,0.00265129
2016,414,3,256.91,115.182164,35.416844,583.07,0.00573400
2016,414,4,342.55,115.182950,35.416574,403.66,0.00609723
2016,414,5,428.19,115.183737,35.416844,403.66,0.00462664
2016,415,0,0.00,115.505783,35.689572,179.41,-0.00278274
2016,415,1,80.28,115.506514,35.689842,299.01,-0.00264654
2016,415,2,160.56,115.507400,35.689842,538.22,-0.00251034
2016,416,0,0.00,115.505783,35.689572,867.13,0.00000000
2016,416,1,19.29,115.505649,35.689707,882.08,0.00000000
2016,416,2,38.59,115.505514,35.689842,867.13,0.00000000
2016,418,0,0.00,115.507400,35.689842,299.01,0.00171728
2016,418,1,87.78,115.507939,35.690476,313.96,0.00174746
2016,418,2,175.57,115.508209,35.691189,493.37,0.00177765
2016,42,0,0.00,115.335463,35.535960,463.47,-0.00478173
2016,42,1,92.96,115.335232,35.535190,179.41,-0.00490413
2016,42,2,185.92,115.334385,35.534882,837.23,-0.00502652
2016,420,0,0.00,115.504975,35.691459,254.16,-0.00368826
2016,420,1,55.88,115.505464,35.691679,164.46,-0.00358426
2016,420,2,111.77,115.506053,35.691728,194.36,-0.00348026
2016,421,0,0.00,115.502819,35.690650,164.46,0.00349483
2016,421,1,92.11,115.502176,35.691293,299.01,0.00520099
2016,421,2,184.21,115.501254,35.691459,403.66,0.00505424
2016,421,3,276.32,115.500394,35.691189,343.86,0.00320133
2016,422,0,0.00,115.502819,35.690650,418.61,-0.00000000
2016,422,1,38.59,115.502550,35.690381,388.71,-0.00000000
2016,422,2,77.18,115.502280,35.690111,358.81,-0.00000000
2016,424,0,0.00,115.185354,35.416574,687.72,-0.00587736
2016,424,1,94.68,115.184468,35.416305,538.22,-0.00575193
2016,424,2,189.35,115.183737,35.416844,747.53,-0.00562650
2016,427,0,0.00,115.167568,35.425198,343.86,0.00000000
2016,427,1,14.95,115.167568,35.425333,343.86,0.00000000
2016,427,2,29.90,115.167568,35.425467,209.31,0.00000000
2016,428,0,0.00,115.167568,35.425198,343.86,-0.00298690
2016,428,1,81.47,115.166983,35.425198,313.96,-0.00104388
2016,428,2,162.94,115.166242,35.425467,313.96,0.00271073
2016,428,3,244.40,115.165369,35.425425,358.81,0.00317475
2016,428,4,325.87,115.164603,35.425198,328.91,0.00182719
2016,429,0,0.00,115.178887,35.419000,568.12,0.00213939
2016,429,1,91.03,115.178040,35.419269,478.42,0.00300583
2016,429,2,182.06,115.177038,35.419269,478.42,0.00300583
2016,429,3,273.08,115.176192,35.419000,568.12,0.00213939
2016,430,0,0.00,115.178887,35.419000,897.03,0.00000000
2016,430,1,79.86,115.178330,35.418443,926.93,0.00000000
2016,430,2,159.72,115.177773,35.417886,882.08,-0.00163465
2016,430,3,239.58,115.177216,35.417329,657.82,-0.00343763
2016,430,4,319.43,115.176461,35.417113,433.57,-0.00360595
2016,431,0,0.00,115.508209,35.691189,478.42,0.01006025
2016,431,1,46.44,115.508632,35.691343,358.81,0.00981304
2016,431,2,92.88,115.508748,35.691728,463.47,0.00956583
2016,432,0,0.00,115.508209,35.691189,1480.10,0.00364058
2016,432,1,83.98,115.507523,35.691605,553.17,0.00320063
2016,432,2,167.95,115.506739,35.691605,194.36,0.00070053
2016,432,3,251.93,115.506053,35.691728,313.96,-0.00135964
2016,433,0,0.00,115.506053,35.691728,508.32,-0.00479318
2016,433,1,97.23,115.506314,35.692528,373.76,-0.00717408
2016,433,2,194.45,115.507227,35.692806,433.57,-0.00802112
2016,433,3,291.68,115.508069,35.692407,523.27,-0.00412409
2016,433,4,388.91,115.508748,35.691728,1240.89,-0.00176093
2016,435,0,0.00,115.500394,35.691189,373.76,0.00492437
2016,435,1,99.55,115.499500,35.691374,313.96,0.00447863
2016,435,2,199.10,115.498706,35.690849,358.81,0.00206286
2016,435,3,298.65,115.497878,35.690381,328.91,0.00027661
2016,435,4,398.20,115.497092,35.689842,343.86,-0.00028200
2016,435,5,497.75,115.496306,35.689303,358.81,-0.00055955
2016,435,6,597.30,115.495429,35.688920,313.96,-0.00072450
2016,435,7,696.85,115.494635,35.688395,343.86,-0.00067714
2016,435,8,796.40,115.493642,35.688211,358.81,0.00114562
2016,435,9,895.95,115.492848,35.687686,328.91,0.00229125
2016,436,0,0.00,115.500394,35.691189,448.52,-0.00121009
2016,436,1,92.24,115.499958,35.690484,313.96,-0.00176093
2016,436,2,184.47,115.499314,35.689840,328.91,-0.00115589
2016,436,3,276.71,115.498571,35.689366,328.91,0.00115589
2016,436,4,368.95,115.497927,35.688722,373.76,0.00127831
2016,436,5,461.19,115.497491,35.688017,343.86,0.00060504
2016,436,6,553.42,115.496890,35.687361,388.71,0.00147287
2016,436,7,645.66,115.496621,35.686608,463.47,0.00198048
2016,437,0,0.00,115.502280,35.690111,269.11,0.00925639
2016,437,1,43.69,115.501954,35.690381,538.22,0.00906763
2016,437,2,87.38,115.501472,35.690381,403.66,0.00887887
2016,438,0,0.00,115.502280,35.690111,358.81,0.00000000
2016,438,1,77.18,115.501741,35.689572,328.91,0.00000000
2016,438,2,154.36,115.501202,35.689033,299.01,0.00000000
2016,439,0,0.00,115.176192,35.419000,1794.06,0.00000000
2016,439,1,72.68,115.176192,35.418345,1794.06,0.00121954
2016,439,2,145.36,115.176192,35.417689,1001.69,0.00251506
2016,439,3,218.04,115.176461,35.417113,897.03,0.00259103
2016,44,0,0.00,115.337349,35.535421,478.42,0.00000000
2016,44,1,78.49,115.337619,35.536050,164.46,-0.00000000
2016,44,2,156.97,115.337888,35.536679,164.46,-0.00000000
2016,44,3,235.46,115.338158,35.537308,254.16,-0.00000000
2016,440,0,0.00,115.176192,35.419000,433.57,-0.00000000
2016,440,1,63.12,115.175653,35.419269,508.32,-0.00000000
2016,440,2,126.23,115.175114,35.419539,493.37,-0.00000000
2016,442,0,0.00,115.176461,35.417113,568.12,-0.00577733
2016,442,1,56.03,115.176000,35.416844,418.61,-0.00553347
2016,442,2,112.07,115.175383,35.416844,553.17,-0.00528961
2016,443,0,0.00,115.508748,35.691728,463.47,0.00000000
2016,443,1,99.57,115.509691,35.691998,433.57,0.00000000
2016,443,2,199.14,115.510634,35.692267,463.47,0.00000000
2016,444,0,0.00,115.175114,35.419539,1794.06,0.00000000
2016,444,1,76.93,115.175114,35.420232,1794.06,0.00000000
2016,444,2,153.87,115.175114,35.420925,1225.94,0.00108579
2016,444,3,230.80,115.175114,35.421619,448.52,0.00223942
2016,444,4,307.74,115.174844,35.422234,463.47,0.00230726
2016,445,0,0.00,115.175114,35.419539,433.57,-0.00219154
2016,445,1,89.99,115.174279,35.419269,433.57,-0.00109577
2016,445,2,179.97,115.173288,35.419269,388.71,-0.00000000
2016,445,3,269.96,115.172453,35.419000,418.61,-0.00099131
2016,445,4,359.95,115.171462,35.419000,388.71,-0.00099131
2016,445,5,449.93,115.170471,35.419000,388.71,-0.00099131
2016,445,6,539.92,115.169481,35.419000,418.61,-0.00208709
2016,445,7,629.91,115.168646,35.419269,418.61,-0.00219154
2016,446,0,0.00,115.510634,35.692267,463.47,-0.00117129
2016,446,1,91.92,115.511276,35.692909,463.47,-0.00121863
2016,446,2,183.84,115.512017,35.693381,418.61,-0.00130042
2016,446,3,275.77,115.512759,35.693852,403.66,-0.00135103
2016,446,4,367.69,115.513599,35.694154,418.61,-0.00136718
2016,447,0,0.00,115.510634,35.692267,1794.06,-0.00115134
2016,447,1,92.13,115.511278,35.691624,1420.30,-0.00118217
2016,447,2,184.26,115.511712,35.690920,478.42,-0.00121300
2016,448,0,0.00,115.174844,35.422234,403.66,0.00000000
2016,448,1,12.24,115.174709,35.422234,403.66,0.00000000
2016,448,2,24.47,115.174575,35.422234,463.47,0.00000000
2016,449,0,0.00,115.174844,35.422234,672.77,0.00868035
2016,449,1,34.27,115.175083,35.422473,523.27,0.00879748
2016,449,2,68.54,115.175114,35.422773,478.42,0.00891461
2016,45,0,0.00,115.337349,35.535421,269.11,0.00000000
2016,45,1,38.62,115.337619,35.535152,194.36,0.00000000
2016,45,2,77.24,115.337888,35.534882,119.60,0.00000000
2016,450,0,0.00,115.168646,35.419269,1210.99,-0.00012227
2016,450,1,96.82,115.168376,35.420063,1151.19,0.00136778
2016,450,2,193.65,115.168129,35.420864,687.72,0.00567441
2016,450,3,290.47,115.167388,35.421425,343.86,0.00619663
2016,450,4,387.30,115.166478,35.421156,373.76,0.00109871
2016,450,5,484.12,115.165412,35.421156,343.86,-0.00170485
2016,451,0,0.00,115.168646,35.419269,493.37,-0.00230657
2016,451,1,99.56,115.167706,35.419000,388.71,-0.00249656
2016,451,2,199.11,115.166664,35.419095,343.86,-0.00191061
2016,451,3,298.67,115.165669,35.419269,328.91,0.00028921
2016,451,4,398.22,115.164729,35.419539,358.81,0.00163716
2016,451,5,497.78,115.163692,35.419436,313.96,0.00019136
2016,451,6,597.33,115.162800,35.419455,284.06,-0.00050311
2016,451,7,696.89,115.161752,35.419539,239.21,0.00032441
2016,451,8,796.44,115.160656,35.419539,209.31,0.00023827
2016,451,9,896.00,115.159560,35.419539,209.31,0.00000000
2016,451,10,995.56,115.158464,35.419539,209.31,0.00000000
2016,451,11,1095.11,115.157367,35.419539,209.31,0.00000000
2016,451,12,1194.67,115.156271,35.419539,209.31,0.00080498
2016,451,13,1294.22,115.155175,35.419539,299.01,0.00080498
2016,451,14,1393.78,115.154235,35.419269,299.01,-0.00080498
2016,451,15,1493.33,115.153139,35.419269,299.01,-0.00000000
2016,451,16,1592.89,115.152042,35.419269,358.81,0.00022519
2016,451,17,1692.45,115.151102,35.419000,358.81,-0.00160997
2016,451,18,1792.00,115.150121,35.419199,343.86,-0.00125599
2016,451,19,1891.56,115.149066,35.419269,358.81,-0.00000000
2016,451,20,1991.11,115.148126,35.419539,328.91,0.00022581
2016,451,21,2090.67,115.147029,35.419539,328.91,0.00000000
2016,451,22,2190.22,115.146089,35.419808,299.01,0.00080498
2016,451,23,2289.78,115.144993,35.419808,299.01,-0.00000000
2016,451,24,2389.33,115.143897,35.419808,358.81,-0.00080498
2016,451,25,2488.89,115.142957,35.420078,358.81,0.00006454
2016,451,26,2588.45,115.141860,35.420078,358.81,0.00000000
2016,451,27,2688.00,115.140908,35.420327,358.81,0.00068277
2016,451,28,2787.56,115.139824,35.420347,388.71,0.00080498
2016,451,29,2887.11,115.138728,35.420347,448.52,0.00005767
2016,451,30,2986.67,115.137632,35.420347,388.71,0.00000000
2016,451,31,3086.22,115.136535,35.420347,448.52,0.00080498
2016,451,32,3185.78,115.135439,35.420347,418.61,0.00080498
2016,451,33,3285.33,115.134499,35.420078,418.61,-0.00038792
2016,451,34,3384.89,115.133403,35.420078,418.61,0.00000000
2016,451,35,3484.45,115.132390,35.419934,388.71,-0.00005359
2016,451,36,3584.00,115.131366,35.419808,418.61,-0.00160997
2016,451,37,3683.56,115.130270,35.419808,448.52,-0.00116846
2016,451,38,3783.11,115.129330,35.420078,463.47,0.00160997
2016,451,39,3882.67,115.128234,35.420078,448.52,0.00160997
2016,451,40,3982.22,115.127294,35.419808,508.32,-0.00160997
2016,451,41,4081.78,115.126197,35.419808,553.17,-0.00249656
2016,451,42,4181.34,115.125257,35.420078,598.02,-0.00177318
2016,452,0,0.00,115.513599,35.694154,388.71,-0.00534533
2016,452,1,62.98,115.514039,35.694593,373.76,-0.00554396
2016,452,2,125.96,115.514677,35.694693,508.32,-0.00574259
2016,453,0,0.00,115.513599,35.694154,1794.06,0.00000000
2016,453,1,85.03,115.514193,35.693560,1345.55,0.00210461
2016,453,2,170.06,115.514786,35.692966,956.83,0.00925593
2016,453,3,255.09,115.515579,35.692899,373.76,0.01117896
2016,453,4,340.12,115.515755,35.693615,598.02,0.00805529
2016,454,0,0.00,115.125257,35.420078,1091.39,0.00121284
2016,454,1,97.08,115.125527,35.420874,1390.40,0.00007658
2016,454,2,194.17,115.125569,35.421737,1166.14,-0.00218142
2016,454,3,291.25,115.126037,35.422475,926.93,-0.00221748
2016,454,4,388.33,115.126605,35.423042,687.72,-0.00113180
2016,455,0,0.00,115.125257,35.420078,598.02,-0.00222861
2016,455,1,86.31,115.124458,35.419817,568.12,-0.00216138
2016,455,2,172.61,115.123512,35.419808,538.22,-0.00108053
2016,455,3,258.92,115.122562,35.419808,508.32,-0.00006691
2016,456,0,0.00,115.514677,35.694693,463.47,-0.00181342
2016,456,1,89.13,115.514882,35.695436,373.76,-0.00259895
2016,456,2,178.26,115.515342,35.696040,328.91,-0.00267048
2016,456,3,267.39,115.516017,35.696572,328.91,-0.00019434
2016,456,4,356.52,115.516739,35.697024,313.96,0.00097824
2016,456,5,445.66,115.517181,35.697657,328.91,-0.00150173
2016,456,6,534.79,115.517874,35.698159,313.96,-0.00201093
2016,456,7,623.92,115.518680,35.698465,328.91,-0.00114732
2016,456,8,713.05,115.519416,35.698893,388.71,-0.00213524
2016,456,9,802.18,115.520336,35.699004,627.92,-0.00260555
2016,457,0,0.00,115.514677,35.694693,1794.06,0.00000000
2016,457,1,77.18,115.515216,35.694154,1225.94,0.00000000
2016,457,2,154.35,115.515755,35.693615,358.81,0.00000000
2016,458,0,0.00,115.515755,35.693615,538.22,0.00236072
2016,458,1,90.61,115.516685,35.693736,358.81,0.00207082
2016,458,2,181.22,115.517443,35.694154,328.91,0.00107549
2016,458,3,271.83,115.518248,35.694491,358.81,0.00068785
2016,458,4,362.43,115.518980,35.694953,343.86,0.00117884
2016,458,5,453.04,115.519712,35.695416,299.01,0.00185092
2016,458,6,543.65,115.520336,35.696051,343.86,0.00275851
2016,458,7,634.26,115.520769,35.696742,343.86,0.00288175
2016,458,8,724.87,115.520875,35.697528,568.12,0.00319378
2016,458,9,815.48,115.520875,35.698344,897.03,0.00354139
2016,458,10,906.09,115.520336,35.699004,1166.14,0.00329149
2016,46,0,0.00,115.334385,35.534882,164.46,0.00377268
2016,46,1,82.22,115.334385,35.534141,134.55,0.00247723
2016,46,2,164.45,115.334907,35.533552,164.46,0.00013146
2016,46,3,246.67,115.335063,35.532857,224.26,0.00096364
2016,46,4,328.89,115.335463,35.532232,179.41,0.00191284
2016,46,5,411.12,115.336002,35.531648,299.01,0.00097953
2016,460,0,0.00,115.122562,35.419808,1300.70,0.00246335
2016,460,1,64.17,115.122532,35.420378,1196.04,0.00252074
2016,460,2,128.34,115.122293,35.420886,463.47,0.00257814
2016,461,0,0.00,115.122562,35.419808,568.12,-0.00150686
2016,461,1,71.27,115.121966,35.419482,523.27,-0.00113368
2016,461,2,142.55,115.121305,35.419269,508.32,-0.00000000
2016,461,3,213.82,115.120676,35.419000,523.27,0.00076051
2016,462,0,0.00,115.520336,35.699004,478.42,-0.00065385
2016,462,1,97.99,115.520812,35.699750,433.57,0.00020749
2016,462,2,195.99,115.521414,35.700458,343.86,0.00121344
2016,462,3,293.98,115.521684,35.701263,284.06,0.00088146
2016,462,4,391.98,115.522030,35.702045,254.16,0.00021699
2016,462,5,489.97,115.522223,35.702873,209.31,-0.00018051
2016,462,6,587.96,115.522563,35.703657,194.36,-0.00000000
2016,462,7,685.96,115.522830,35.704463,194.36,0.00036006
2016,462,8,783.95,115.523097,35.705268,164.46,0.00166910
2016,462,9,881.94,115.523301,35.706092,179.41,0.00136177
2016,462,10,979.94,115.522971,35.706880,224.26,-0.00119990
2016,462,11,1077.93,115.523237,35.707564,239.21,0.00030621
2016,462,12,1175.93,115.523301,35.708429,239.21,0.00166178
2016,462,13,1273.92,115.523040,35.709236,239.21,0.00089645
2016,462,14,1371.91,115.522982,35.710103,239.21,0.00044588
2016,462,15,1469.91,115.522492,35.710844,254.16,-0.00072318
2016,462,16,1567.90,115.522492,35.711727,239.21,-0.00057062
2016,462,17,1665.89,115.522223,35.712532,239.21,0.00000000
2016,462,18,1763.89,115.522223,35.713415,269.11,0.00039560
2016,462,19,1861.88,115.521953,35.714220,284.06,-0.00000000
2016,462,20,1959.88,115.521799,35.715058,284.06,-0.00077841
2016,462,21,2057.87,115.521684,35.715908,269.11,-0.00066064
2016,462,22,2155.86,115.521684,35.716791,328.91,-0.00055565
2016,463,0,0.00,115.120676,35.419000,837.23,0.00920665
2016,463,1,43.80,115.120349,35.419269,627.92,0.00901821
2016,463,2,87.59,115.119867,35.419269,478.42,0.00882978
2016,464,0,0.00,115.120676,35.419000,598.02,-0.00000000
2016,464,1,87.25,115.120067,35.418391,463.47,0.00064437
2016,464,2,174.49,115.119459,35.417783,388.71,0.00132448
2016,464,3,261.74,115.119059,35.417113,627.92,0.00136022
2016,465,0,0.00,115.521684,35.716791,1524.95,0.00353347
2016,465,1,68.06,115.522436,35.716791,1330.60,0.00372288
2016,465,2,136.12,115.523031,35.717061,971.78,0.00391229
2016,466,0,0.00,115.521684,35.716791,328.91,-0.00203566
2016,466,1,93.67,115.521238,35.717506,313.96,-0.00120792
2016,466,2,187.34,115.521145,35.718323,328.91,0.00022357
2016,466,3,281.01,115.520765,35.719057,358.81,0.00065281
2016,466,4,374.68,115.520529,35.719833,373.76,-0.00041366
2016,466,5,468.35,115.520067,35.720543,373.76,-0.00070014
2016,466,6,562.03,115.520055,35.721384,358.81,0.00060499
2016,466,7,655.70,115.519610,35.722099,403.66,0.00125526
2016,466,8,749.37,115.519373,35.722874,388.71,0.00174536
2016,466,9,843.04,115.518719,35.723528,508.32,0.00228486
2016,467,0,0.00,115.119867,35.419269,882.08,0.00515388
2016,467,1,77.80,115.119533,35.419873,478.42,0.00339989
2016,467,2,155.61,115.118795,35.420078,403.66,-0.00086906
2016,467,3,233.41,115.118250,35.420617,777.43,-0.00338403
2016,468,0,0.00,115.119867,35.419269,538.22,0.00000000
2016,468,1,95.58,115.119201,35.418602,403.66,-0.00001195
2016,468,2,191.16,115.118534,35.417936,373.76,-0.00255113
2016,468,3,286.74,115.117975,35.417383,418.61,-0.00625351
2016,468,4,382.31,115.116923,35.417383,418.61,-0.00491769
2016,468,5,477.89,115.116150,35.417866,508.32,-0.00061740
2016,468,6,573.47,115.115286,35.418191,553.17,0.00117194
2016,469,0,0.00,115.518450,35.723528,807.33,0.00000000
2016,469,1,12.19,115.518584,35.723528,807.33,0.00000000
2016,469,2,24.38,115.518719,35.723528,1046.54,0.00000000
2016,470,0,0.00,115.518719,35.723528,956.83,-0.00000000
2016,470,1,86.59,115.519324,35.724133,837.23,0.00061595
2016,470,2,173.17,115.519929,35.724738,852.18,0.00317083
2016,470,3,259.76,115.520336,35.725400,553.17,0.00805882
2016,470,4,346.34,115.520161,35.726130,508.32,0.00911751
2016,470,5,432.93,115.519258,35.726223,837.23,0.00722714
2016,471,0,0.00,115.518450,35.723528,523.27,-0.00152515
2016,471,1,83.43,115.518076,35.724172,523.27,-0.00152002
2016,471,2,166.87,115.517911,35.724876,583.07,-0.00151489
2016,472,0,0.00,115.518450,35.723528,956.83,0.00144143
2016,472,1,82.47,115.517874,35.722952,822.28,0.00134511
2016,472,2,164.94,115.517506,35.722316,657.82,0.00181769
2016,472,3,247.41,115.517102,35.721690,538.22,0.00280239
2016,472,4,329.88,115.517102,35.721103,388.71,0.00321820
2016,473,0,0.00,115.115286,35.418191,523.27,-0.00178700
2016,473,1,99.19,115.114350,35.417922,508.32,-0.00089350
2016,473,2,198.38,115.113258,35.417922,508.32,0.00089350
2016,473,3,297.56,115.112321,35.417652,448.52,0.00178700
2016,474,0,0.00,115.115286,35.418191,672.77,-0.00034919
2016,474,1,84.33,115.115665,35.418840,538.22,-0.00072938
2016,474,2,168.67,115.116094,35.419475,388.71,-0.00092536
2016,474,3,253.00,115.116633,35.420078,358.81,-0.00074115
2016,475,0,0.00,115.519258,35.726223,568.12,0.00162694
2016,475,1,88.46,115.519258,35.727021,373.76,0.00081347
2016,475,2,176.92,115.518989,35.727740,254.16,0.00083766
2016,475,3,265.38,115.518989,35.728537,224.26,0.00412386
2016,475,4,353.84,115.518458,35.729180,418.61,0.00499626
2016,475,5,442.30,115.517641,35.729457,493.37,0.00342011
2016,476,0,0.00,115.519258,35.726223,583.07,-0.00000000
2016,476,1,96.46,115.518584,35.725550,971.78,-0.00000000
2016,476,2,192.91,115.517911,35.724876,837.23,-0.00000000
2016,477,0,0.00,115.517911,35.724876,672.77,0.00391305
2016,477,1,68.06,115.517315,35.725145,523.27,0.00372359
2016,477,2,136.11,115.516563,35.725145,867.13,0.00353412
2016,479,0,0.00,115.112321,35.417652,568.12,0.00285381
2016,479,1,82.70,115.111567,35.417922,508.32,0.00366751
2016,479,2,165.39,115.110674,35.417891,448.52,0.00320994
2016,479,3,248.09,115.109902,35.417652,299.01,0.00263182
2016,479,4,330.79,115.109125,35.417420,284.06,0.00320024
2016,479,5,413.49,115.108548,35.416844,478.42,0.00307551
2016,48,0,0.00,115.372384,35.570186,897.03,-0.00890912
2016,48,1,34.26,115.372414,35.570486,837.23,-0.00879266
2016,48,2,68.51,115.372653,35.570725,822.28,-0.00867620
2016,480,0,0.00,115.112321,35.417652,598.02,0.00137357
2016,480,1,84.55,115.111732,35.417062,627.92,0.00068678
2016,480,2,169.11,115.111350,35.416412,553.17,-0.00309625
2016,480,3,253.66,115.110761,35.415822,284.06,-0.00683173
2016,480,4,338.21,115.109875,35.415787,448.52,-0.00499738
2016,480,5,422.77,115.109087,35.416035,358.81,-0.00252380
2016,481,0,0.00,115.517641,35.729457,523.27,0.00324009
2016,481,1,89.82,115.517640,35.730267,284.06,0.00190178
2016,481,2,179.65,115.517102,35.730920,269.11,0.00000000
2016,481,3,269.47,115.517012,35.731703,313.96,0.00028435
2016,481,4,359.30,115.516563,35.732383,284.06,-0.00083625
2016,481,5,449.12,115.516294,35.733114,254.16,-0.00140234
2016,481,6,538.94,115.516294,35.733924,224.26,0.00083625
2016,481,7,628.77,115.516024,35.734655,269.11,0.00083625
2016,481,8,718.59,115.515755,35.735386,403.66,-0.00000000
2016,482,0,0.00,115.517641,35.729457,418.61,0.00409696
2016,482,1,89.35,115.516918,35.729004,538.22,0.00449982
2016,482,2,178.71,115.516833,35.728379,388.71,0.00490268
2016,483,0,0.00,115.516563,35.725145,897.03,-0.00000000
2016,483,1,57.87,115.516159,35.724741,956.83,-0.00000000
2016,483,2,115.75,115.515755,35.724337,762.48,-0.00000000
2016,484,0,0.00,115.516563,35.725145,568.12,-0.00171683
2016,484,1,87.78,115.516024,35.725780,523.27,-0.00174698
2016,484,2,175.55,115.515755,35.726493,328.91,-0.00177713
2016,485,0,0.00,115.108548,35.416844,388.71,-0.00143425
2016,485,1,97.30,115.107633,35.416574,358.81,0.00000000
2016,485,2,194.61,115.106598,35.416511,343.86,0.00059216
2016,485,3,291.91,115.105802,35.416035,328.91,-0.00093017
2016,485,4,389.22,115.104747,35.416007,284.06,0.00060922
2016,485,5,486.52,115.103816,35.415766,269.11,0.00114669
2016,485,6,583.83,115.102995,35.415332,284.06,-0.00010637
2016,485,7,681.13,115.102020,35.415166,224.26,0.00053055
2016,485,8,778.44,115.101225,35.414688,224.26,-0.00037789
2016,485,9,875.74,115.100310,35.414418,209.31,0.00021673
2016,485,10,973.05,115.099394,35.414149,194.36,0.00107408
2016,485,11,1070.35,115.098635,35.413610,149.51,-0.00000000
2016,485,12,1167.66,115.097738,35.413309,194.36,0.00061319
2016,485,13,1264.96,115.096960,35.412801,254.16,0.00144692
2016,486,0,0.00,115.108548,35.416844,971.78,-0.00347858
2016,486,1,53.59,115.108922,35.416470,1300.70,-0.00358594
2016,486,2,107.18,115.109087,35.416035,882.08,-0.00369330
2016,488,0,0.00,115.109087,35.416035,313.96,-0.00000000
2016,488,1,19.32,115.108953,35.415900,328.91,-0.00000000
2016,488,2,38.64,115.108818,35.415766,313.96,-0.00000000
2016,489,0,0.00,115.515755,35.735386,478.42,0.00450365
2016,489,1,91.45,115.514744,35.735386,493.37,0.00529340
2016,489,2,182.90,115.514080,35.734790,164.46,0.00494425
2016,489,3,274.35,115.513650,35.734090,239.21,0.00315389
2016,489,4,365.80,115.513599,35.733281,239.21,0.00139224
2016,489,5,457.25,115.513599,35.732457,239.21,0.00170721
2016,489,6,548.70,115.513599,35.731633,269.11,0.00238553
2016,489,7,640.15,115.514138,35.730965,299.01,-0.00003702
2016,489,8,731.60,115.514407,35.730219,269.11,-0.00162534
2016,489,9,823.05,115.514665,35.729470,299.01,-0.00146296
2016,489,10,914.50,115.514677,35.728649,373.76,-0.00138795
2016,49,0,0.00,115.372384,35.570186,119.60,-0.00000000
2016,49,1,75.26,115.373057,35.569917,89.70,0.00051088
2016,49,2,150.51,115.373731,35.569647,119.60,0.00000000
2016,49,3,225.77,115.374454,35.569463,224.26,-0.00152380
2016,49,4,301.03,115.375079,35.569108,254.16,-0.00202585
2016,490,0,0.00,115.515755,35.735386,254.16,-0.00204512
2016,490,1,97.27,115.516016,35.736187,179.41,-0.00272303
2016,490,2,194.54,115.516586,35.736757,104.65,-0.00211455
2016,490,3,291.81,115.517361,35.737273,89.70,-0.00115454
2016,490,4,389.08,115.518122,35.737812,149.51,-0.00085706
2016,490,5,486.35,115.519021,35.738114,164.46,-0.00023370
2016,490,6,583.62,115.519802,35.738620,194.36,-0.00096546
2016,490,7,680.89,115.520720,35.738890,209.31,-0.00009152
2016,490,8,778.16,115.521638,35.739159,224.26,0.00096546
2016,490,9,875.43,115.522434,35.739640,284.06,-0.00025981
2016,490,10,972.70,115.523318,35.739968,269.11,-0.00096546
2016,490,11,1069.97,115.524190,35.740318,373.76,-0.00078141
2016,490,12,1167.23,115.525155,35.740507,358.81,-0.00160062
2016,490,13,1264.50,115.526073,35.740776,358.81,-0.00233637
2016,490,14,1361.77,115.527022,35.740559,313.96,-0.00033004
2016,490,15,1459.04,115.528067,35.740507,299.01,0.00084463
2016,490,16,1556.31,115.529142,35.740507,239.21,0.00099917
2016,490,17,1653.58,115.530217,35.740507,239.21,0.00084463
2016,490,18,1750.85,115.531135,35.740776,239.21,-0.00084463
2016,490,19,1848.12,115.532211,35.740776,269.11,0.00000000
2016,490,20,1945.39,115.533286,35.740776,299.01,0.00084463
2016,490,21,2042.66,115.534204,35.741046,328.91,-0.00168926
2016,490,22,2139.93,115.535280,35.741046,343.86,-0.00168926
2016,490,23,2237.20,115.536198,35.740776,328.91,0.00084463
2016,490,24,2334.47,115.537273,35.740776,358.81,0.00084463
2016,490,25,2431.74,115.538348,35.740776,358.81,-0.00042315
2016,490,26,2529.01,115.539424,35.740776,358.81,-0.00084463
2016,490,27,2626.28,115.540418,35.740637,388.71,-0.00008763
2016,490,28,2723.55,115.541417,35.740507,418.61,-0.00000000
2016,490,29,2820.82,115.542471,35.740470,373.76,-0.00021315
2016,490,30,2918.09,115.543411,35.740237,448.52,0.00084463
2016,490,31,3015.36,115.544486,35.740237,448.52,0.00072393
2016,490,32,3112.63,115.545562,35.740237,478.42,-0.00084463
2016,490,33,3209.90,115.546637,35.740237,478.42,-0.00177612
2016,490,34,3307.16,115.547555,35.739968,448.52,-0.00186297
2016,491,0,0.00,115.516833,35.728379,538.22,0.00000000
2016,491,1,19.29,115.516967,35.728245,403.66,0.00000000
2016,491,2,38.58,115.517102,35.728110,328.91,0.00000000
2016,492,0,0.00,115.516833,35.728379,568.12,-0.00926339
2016,492,1,43.67,115.516507,35.728110,1749.21,-0.00907459
2016,492,2,87.35,115.516024,35.728110,897.03,-0.00888579
2016,493,0,0.00,115.515755,35.726493,807.33,-0.00454489
2016,493,1,97.21,115.514680,35.726493,448.52,-0.00622613
2016,493,2,194.41,115.514000,35.727170,224.26,-0.00764386
2016,493,3,291.62,115.513998,35.727970,657.82,-0.00537226
2016,493,4,388.82,115.514677,35.728649,956.83,-0.00336415
2016,494,0,0.00,115.515755,35.726493,612.97,0.00152206
2016,494,1,94.04,115.516024,35.727262,358.81,0.00147917
2016,494,2,188.09,115.516024,35.728110,328.91,0.00143628
2016,495,0,0.00,115.096960,35.412801,358.81,-0.00219152
2016,495,1,68.54,115.096899,35.412201,299.01,-0.00334606
2016,495,2,137.08,115.096630,35.411662,269.11,-0.00330315
2016,495,3,205.62,115.096152,35.411184,149.51,-0.00210570
2016,496,0,0.00,115.096960,35.412801,254.16,0.00000000
2016,496,1,75.36,115.096286,35.412532,269.11,0.00000000
2016,496,2,150.72,115.095613,35.412262,119.60,0.00000000
2016,497,0,0.00,115.514677,35.728649,478.42,0.00000000
2016,497,1,75.15,115.515351,35.728379,343.86,0.00000000
2016,497,2,150.31,115.516024,35.728110,523.27,0.00000000
2016,499,0,0.00,115.547555,35.739968,926.93,0.00000000
2016,499,1,95.58,115.548223,35.740635,986.73,-0.00128498
2016,499,2,191.15,115.548890,35.741303,732.58,-0.00381563
2016,499,3,286.73,115.549783,35.741585,373.76,-0.00615145
2016,499,4,382.30,115.550821,35.741553,373.76,-0.00621034
2016,499,5,477.88,115.551328,35.740839,732.58,-0.00250453
2016,499,6,573.45,115.551867,35.740134,702.67,0.00008500
2016,499,7,669.03,115.552406,35.739429,657.82,-0.00000000
2016,5,0,0.00,115.337888,35.546201,538.22,0.00411741
2016,5,1,71.42,115.337807,35.546821,508.32,0.00405128
2016,5,2,142.84,115.337309,35.547320,672.77,0.00199257
2016,5,3,214.27,115.336810,35.547818,583.07,0.00000000
2016,50,0,0.00,115.338158,35.537308,134.55,-0.01067476
2016,50,1,31.53,115.338378,35.537528,194.36,-0.01106973
2016,50,2,63.06,115.338697,35.537577,284.06,-0.01146471
2016,500,0,0.00,115.547555,35.739968,568.12,0.00180685
2016,500,1,99.12,115.548337,35.739429,433.57,0.00272837
2016,500,2,198.25,115.549276,35.739159,358.81,0.00263737
2016,500,3,297.37,115.550371,35.739159,358.81,0.00162486
2016,500,4,396.49,115.551467,35.739159,538.22,0.00170773
2016,500,5,495.62,115.552406,35.739429,598.02,0.00179059
2016,503,0,0.00,115.096152,35.411184,179.41,-0.00413311
2016,503,1,98.38,115.096091,35.410315,149.51,-0.00370776
2016,503,2,196.77,115.095306,35.409800,104.65,-0.00031531
2016,503,3,295.15,115.094620,35.409114,164.46,0.00170681
2016,503,4,393.53,115.094265,35.408331,194.36,-0.00009428
2016,503,5,491.92,115.093726,35.407602,179.41,-0.00047519
2016,503,6,590.30,115.093187,35.406872,194.36,-0.00000000
2016,504,0,0.00,115.096152,35.411184,941.88,-0.00434032
2016,504,1,68.54,115.095674,35.411662,358.81,-0.00439891
2016,504,2,137.08,115.095613,35.412262,508.32,-0.00445750
2016,506,0,0.00,115.095613,35.412262,194.36,0.00130443
2016,506,1,92.05,115.094674,35.412132,134.55,0.00164054
2016,506,2,184.10,115.093835,35.411832,119.60,0.00136009
2016,506,3,276.15,115.093040,35.411454,134.55,0.00073873
2016,506,4,368.20,115.092255,35.411060,149.51,0.00129901
2016,506,5,460.25,115.091514,35.410589,149.51,0.00118287
2016,506,6,552.30,115.090872,35.409947,179.41,0.00058519
2016,506,7,644.35,115.090223,35.409449,194.36,0.00125049
2016,506,8,736.40,115.089698,35.408773,194.36,0.00132005
2016,506,9,828.45,115.089264,35.408070,254.16,0.00089752
2016,506,10,920.50,115.088875,35.407354,239.21,0.00085398
2016,506,11,1012.55,115.088606,35.406603,269.11,0.00072076
2016,508,0,0.00,115.552406,35.739429,478.42,-0.00000000
2016,508,1,74.48,115.553072,35.739159,508.32,0.00162565
2016,508,2,148.95,115.553739,35.738890,508.32,0.00309163
2016,508,3,223.43,115.554562,35.738890,478.42,0.00293195
2016,509,0,0.00,115.093187,35.406872,239.21,-0.00262534
2016,509,1,89.98,115.092977,35.406123,239.21,-0.00255618
2016,509,2,179.97,115.092349,35.405495,239.21,-0.00064372
2016,509,3,269.95,115.091722,35.404868,224.26,0.00086751
2016,509,4,359.94,115.091301,35.404180,269.11,0.00001090
2016,509,5,449.92,115.090762,35.403526,313.96,-0.00288062
2016,509,6,539.91,115.090256,35.402863,343.86,-0.00330069
2016,509,7,629.89,115.089285,35.402830,627.92,0.00137609
2016,509,8,719.88,115.088606,35.402291,373.76,0.00410594
2016,51,0,0.00,115.338158,35.537308,702.67,0.00579294
2016,51,1,55.97,115.337697,35.537577,224.26,0.00554818
2016,51,2,111.94,115.337080,35.537577,224.26,0.00530342
2016,510,0,0.00,115.093187,35.406872,149.51,0.00000000
2016,510,1,24.48,115.092918,35.406872,134.55,0.00000000
2016,510,2,48.96,115.092648,35.406872,164.46,0.00000000
2016,511,0,0.00,115.088606,35.406603,209.31,0.00124190
2016,511,1,92.46,115.088170,35.405897,254.16,0.00124342
2016,511,2,184.93,115.087942,35.405130,284.06,0.00074570
2016,511,3,277.39,115.087714,35.404363,373.76,0.00000000
2016,511,4,369.85,115.087528,35.403585,612.97,-0.00037135
2016,511,5,462.31,115.087258,35.402830,508.32,-0.00049623
2016,512,0,0.00,115.088606,35.406603,672.77,0.00203871
2016,512,1,70.20,115.089095,35.406113,1061.49,0.00213664
2016,512,2,140.41,115.089684,35.405794,822.28,0.00223458
2016,513,0,0.00,115.554562,35.738890,792.38,0.00715554
2016,513,1,89.68,115.554771,35.738142,388.71,0.00729702
2016,513,2,179.36,115.555727,35.738081,478.42,0.00393270
2016,513,3,269.03,115.556718,35.738081,299.01,0.00042690
2016,514,0,0.00,115.554562,35.738890,837.23,-0.00059610
2016,514,1,82.25,115.555137,35.739464,657.82,-0.00305236
2016,514,2,164.50,115.555752,35.739968,299.01,-0.00760996
2016,514,3,246.74,115.556662,35.739968,313.96,-0.00743169
2016,514,4,328.99,115.557257,35.739429,523.27,-0.00515210
2016,515,0,0.00,115.088606,35.402291,299.01,-0.00167457
2016,515,1,89.98,115.088875,35.401559,403.66,-0.00109679
2016,515,2,179.96,115.088875,35.400748,254.16,-0.00228947
2016,515,3,269.94,115.089052,35.400043,209.31,-0.00434204
2016,515,4,359.92,115.088425,35.399415,418.61,-0.00231208
2016,515,5,449.90,115.087797,35.398788,373.76,0.00000000
2016,516,0,0.00,115.088606,35.402291,867.13,0.00000000
2016,516,1,75.36,115.087932,35.402560,1166.14,0.00000000
2016,516,2,150.73,115.087258,35.402830,1345.55,0.00000000
2016,517,0,0.00,115.087258,35.402830,1794.06,0.00594798
2016,517,1,91.78,115.086421,35.403070,627.92,0.00480545
2016,517,2,183.57,115.085705,35.402560,448.52,0.00086528
2016,517,3,275.35,115.084851,35.402291,313.96,0.00045352
2016,517,4,367.14,115.083996,35.402021,328.91,0.00351602
2016,517,5,458.92,115.083476,35.401473,194.36,0.00322141
2016,517,6,550.71,115.083045,35.400772,194.36,0.00117786
2016,517,7,642.49,115.082822,35.400010,403.66,-0.00000000
2016,517,8,734.27,115.082407,35.399304,284.06,0.00110224
2016,517,9,826.06,115.082167,35.398547,523.27,0.00183414
2016,517,10,917.84,115.082138,35.397728,493.37,0.00075791
2016,517,11,1009.63,115.082138,35.396901,598.02,0.00015757
2016,518,0,0.00,115.087258,35.402830,388.71,0.00156891
2016,518,1,92.46,115.086719,35.402154,553.17,0.00238170
2016,518,2,184.93,115.086450,35.401400,403.66,0.00206634
2016,518,3,277.39,115.086450,35.400566,239.21,-0.00079176
2016,518,4,369.85,115.086347,35.399763,179.41,-0.00225618
2016,518,5,462.32,115.085911,35.399057,388.71,-0.00199065
2016,52,0,0.00,115.337888,35.534882,284.06,-0.00328493
2016,52,1,94.05,115.338697,35.534554,209.31,-0.00151646
2016,52,2,188.09,115.339190,35.533850,134.55,0.00184063
2016,52,3,282.14,115.340044,35.533535,523.27,0.00342926
2016,520,0,0.00,115.556718,35.738081,508.32,0.00124084
2016,520,1,89.35,115.557342,35.737457,433.57,0.00496247
2016,520,2,178.70,115.558065,35.737003,134.55,0.00868410
2016,520,3,268.05,115.558789,35.737457,478.42,0.00496247
2016,520,4,357.40,115.559413,35.738081,612.97,0.00124084
2016,521,0,0.00,115.556718,35.738081,762.48,0.00000000
2016,521,1,38.58,115.556987,35.738351,642.87,0.00000000
2016,521,2,77.16,115.557257,35.738620,463.47,0.00000000
2016,522,0,0.00,115.557257,35.739429,777.43,0.00000000
2016,522,1,44.85,115.557257,35.739024,1420.30,0.00000000
2016,522,2,89.70,115.557257,35.738620,1539.90,0.00000000
2016,523,0,0.00,115.557257,35.739429,299.01,-0.00671081
2016,523,1,95.75,115.558158,35.739698,269.11,-0.00723118
2016,523,2,191.51,115.558683,35.739080,627.92,-0.00420249
2016,523,3,287.26,115.559143,35.738351,612.97,-0.00065343
2016,524,0,0.00,115.087797,35.398788,433.57,-0.00434692
2016,524,1,95.73,115.087755,35.397937,164.46,-0.00449447
2016,524,2,191.47,115.086989,35.397440,403.66,-0.00464201
2016,525,0,0.00,115.087797,35.398788,732.58,0.00350838
2016,525,1,68.29,115.087046,35.398788,762.48,0.00369563
2016,525,2,136.57,115.086450,35.398518,433.57,0.00388287
2016,526,0,0.00,115.082138,35.396901,1151.19,0.00302270
2016,526,1,77.12,115.081445,35.397171,1330.60,0.00360261
2016,526,2,154.23,115.080596,35.397171,1001.69,0.00681522
2016,526,3,231.35,115.079833,35.397022,403.66,0.00849239
2016,526,4,308.46,115.079713,35.396362,523.27,0.00753687
2016,527,0,0.00,115.082138,35.396901,568.12,0.00000000
2016,527,1,38.64,115.082407,35.396632,911.98,0.00000000
2016,527,2,77.29,115.082677,35.396362,867.13,0.00000000
2016,528,0,0.00,115.085911,35.399057,254.16,0.00508376
2016,528,1,90.45,115.085083,35.398768,388.71,0.00454201
2016,528,2,180.89,115.084833,35.398026,478.42,0.00146190
2016,528,3,271.34,115.084447,35.397323,583.07,-0.00064950
2016,528,4,361.78,115.084024,35.396632,583.07,-0.00022255
2016,529,0,0.00,115.085911,35.399057,897.03,0.00000000
2016,529,1,38.64,115.086180,35.398788,837.23,0.00000000
2016,529,2,77.29,115.086450,35.398518,1151.19,0.00000000
2016,53,0,0.00,115.337888,35.534882,239.21,0.00145564
2016,53,1,96.24,115.337619,35.534093,224.26,0.00122630
2016,53,2,192.48,115.337619,35.533226,134.55,-0.00072782
2016,53,3,288.72,115.337543,35.532381,239.21,-0.00228906
2016,53,4,384.96,115.337080,35.531648,343.86,-0.00212552
2016,530,0,0.00,115.559413,35.738081,328.91,-0.00000000
2016,530,1,19.29,115.559278,35.738216,299.01,-0.00000000
2016,530,2,38.58,115.559143,35.738351,269.11,-0.00000000
2016,531,0,0.00,115.559413,35.738081,388.71,0.00032465
2016,531,1,96.18,115.560476,35.738081,299.01,-0.00179814
2016,531,2,192.35,115.561253,35.738128,284.06,-0.00243297
2016,531,3,288.53,115.562024,35.737627,343.86,0.00014985
2016,531,4,384.70,115.562993,35.737466,343.86,0.00062236
2016,531,5,480.88,115.563863,35.737134,328.91,0.00000000
2016,531,6,577.06,115.564833,35.736973,358.81,-0.00006191
2016,531,7,673.23,115.565703,35.736642,373.76,-0.00000000
2016,531,8,769.41,115.566662,35.736464,388.71,-0.00109564
2016,531,9,865.58,115.567542,35.736150,403.66,-0.00000801
2016,531,10,961.76,115.568318,35.735656,388.71,0.00113164
2016,531,11,1057.94,115.569381,35.735656,358.81,-0.00114954
2016,531,12,1154.11,115.570153,35.735156,328.91,-0.00028909
2016,531,13,1250.29,115.571036,35.734847,299.01,0.00098747
2016,531,14,1346.47,115.571942,35.734578,299.01,-0.00084255
2016,531,15,1442.64,115.572848,35.734308,328.91,-0.00000000
2016,531,16,1538.82,115.573598,35.733769,358.81,0.00194131
2016,531,17,1634.99,115.574661,35.733769,269.11,-0.00018925
2016,531,18,1731.17,115.575567,35.733500,239.21,-0.00136962
2016,531,19,1827.35,115.576443,35.733178,254.16,-0.00088637
2016,531,20,1923.52,115.577313,35.732847,269.11,-0.00237604
2016,531,21,2019.70,115.578084,35.732346,269.11,-0.00279847
2016,531,22,2115.87,115.578547,35.731613,313.96,-0.00216455
2016,533,0,0.00,115.559143,35.738351,358.81,-0.00187675
2016,533,1,92.43,115.558122,35.738351,239.21,-0.00197517
2016,533,2,184.85,115.557257,35.738620,373.76,-0.00207360
2016,536,0,0.00,115.086989,35.397440,956.83,-0.00434051
2016,536,1,68.54,115.086511,35.397918,553.17,-0.00439914
2016,536,2,137.09,115.086450,35.398518,717.63,-0.00445776
2016,537,0,0.00,115.086989,35.397440,403.66,0.00868105
2016,537,1,34.27,115.086750,35.397201,493.37,0.00879830
2016,537,2,68.54,115.086719,35.396901,642.87,0.00891554
2016,54,0,0.00,115.336002,35.531648,224.26,0.00378599
2016,54,1,83.47,115.336002,35.530896,478.42,0.00381729
2016,54,2,166.94,115.336541,35.530301,284.06,0.00384860
2016,540,0,0.00,115.079713,35.396362,493.37,0.00112350
2016,540,1,91.73,115.079073,35.395722,523.27,0.00058212
2016,540,2,183.46,115.078635,35.395024,463.47,0.00004077
2016,540,3,275.20,115.078002,35.394382,448.52,0.00105920
2016,540,4,366.93,115.077571,35.393681,448.52,0.00059314
2016,540,5,458.66,115.077287,35.392937,418.61,-0.00107957
2016,540,6,550.39,115.076708,35.392280,448.52,0.00028216
2016,540,7,642.12,115.076209,35.391599,418.61,0.00161437
2016,540,8,733.86,115.075940,35.390851,418.61,0.00069830
2016,540,9,825.59,115.075670,35.390103,463.47,-0.00000000
2016,540,10,917.32,115.075401,35.389355,418.61,0.00000000
2016,541,0,0.00,115.079713,35.396362,612.97,0.00322597
2016,541,1,74.73,115.080379,35.396093,657.82,0.00161299
2016,541,2,149.46,115.081202,35.396093,1480.10,-0.00161299
2016,541,3,224.18,115.081868,35.395823,1240.89,-0.00322597
2016,542,0,0.00,115.082677,35.396362,1285.75,0.00000000
2016,542,1,24.48,115.082946,35.396362,1285.75,0.00000000
2016,542,2,48.96,115.083216,35.396362,1285.75,0.00000000
2016,543,0,0.00,115.082677,35.396362,642.87,-0.00000000
2016,543,1,50.89,115.082273,35.396093,642.87,-0.00000000
2016,543,2,101.77,115.081868,35.395823,478.42,-0.00000000
2016,544,0,0.00,115.084024,35.396632,598.02,0.00882571
2016,544,1,43.80,115.083542,35.396632,792.38,0.00901412
2016,544,2,87.61,115.083216,35.396362,627.92,0.00920253
2016,545,0,0.00,115.084024,35.396632,1166.14,0.00366708
2016,545,1,95.77,115.084923,35.396362,747.53,0.00366708
2016,545,2,191.54,115.085821,35.396632,478.42,0.00183354
2016,545,3,287.31,115.086719,35.396901,463.47,-0.00000000
2016,546,0,0.00,115.578547,35.731613,358.81,-0.00189144
2016,546,1,92.08,115.579565,35.731613,299.01,-0.00306726
2016,546,2,184.15,115.580426,35.731344,269.11,-0.00263644
2016,546,3,276.23,115.581129,35.730805,328.91,0.00000000
2016,546,4,368.31,115.581913,35.730403,328.91,-0.00001904
2016,546,5,460.38,115.582694,35.729996,328.91,-0.00102740
2016,546,6,552.46,115.583398,35.729457,343.86,-0.00098690
2016,547,0,0.00,115.578547,35.731613,1764.16,-0.00000000
2016,547,1,19.29,115.578412,35.731479,1734.26,-0.00000000
2016,547,2,38.58,115.578278,35.731344,867.13,-0.00000000
2016,549,0,0.00,115.086719,35.396901,1031.59,0.01066055
2016,549,1,31.56,115.086940,35.396681,926.93,0.01105350
2016,549,2,63.13,115.087258,35.396632,239.21,0.01144644
2016,55,0,0.00,115.336002,35.531648,493.37,-0.00870532
2016,55,1,63.06,115.336541,35.531918,403.66,-0.00870532
2016,55,2,126.12,115.337080,35.531648,194.36,-0.00870532
2016,550,0,0.00,115.081868,35.395823,568.12,0.00000000
2016,550,1,91.89,115.081868,35.394995,568.12,-0.00075627
2016,550,2,183.77,115.081868,35.394167,328.91,-0.00075627
2016,550,3,275.66,115.081599,35.393417,508.32,0.00075627
2016,550,4,367.54,115.081599,35.392589,523.27,0.00151254
2016,552,0,0.00,115.083216,35.396362,642.87,0.00112881
2016,552,1,95.53,115.083674,35.395635,971.78,-0.00007041
2016,552,2,191.05,115.084340,35.394969,747.53,-0.00319374
2016,552,3,286.58,115.084563,35.394173,523.27,-0.00537681
2016,552,4,382.11,115.084289,35.393392,373.76,-0.00525905
2016,552,5,477.63,115.083546,35.392859,702.67,-0.00438886
2016,552,6,573.16,115.082650,35.392589,1016.64,-0.00282414
2016,552,7,668.69,115.081599,35.392589,1345.55,-0.00175288
2016,553,0,0.00,115.583398,35.729457,328.91,-0.00287566
2016,553,1,90.10,115.584237,35.729188,343.86,-0.00299555
2016,553,2,180.21,115.584745,35.728649,343.86,-0.00311545
2016,554,0,0.00,115.583398,35.729457,1794.06,0.00000000
2016,554,1,71.38,115.582899,35.728959,1539.90,0.00199199
2016,554,2,142.75,115.582401,35.728460,956.83,0.00404968
2016,554,3,214.13,115.582320,35.727840,717.63,0.00411538
2016,556,0,0.00,115.081599,35.392589,448.52,0.00141559
2016,556,1,97.77,115.081060,35.391866,448.52,0.00070779
2016,556,2,195.53,115.080791,35.391063,448.52,-0.00070779
2016,556,3,293.30,115.080252,35.390340,448.52,-0.00000481
2016,556,4,391.06,115.079713,35.389616,418.61,0.00087868
2016,556,5,488.83,115.079441,35.388814,418.61,-0.00069835
2016,556,6,586.60,115.078968,35.388072,418.61,-0.00053674
2016,556,7,684.36,115.078365,35.387367,403.66,-0.00024452
2016,556,8,782.13,115.078021,35.386586,433.57,-0.00049197
2016,556,9,879.89,115.077287,35.386062,403.66,0.00094768
2016,556,10,977.66,115.076976,35.385271,388.71,0.00049197
2016,556,11,1075.43,115.076479,35.384536,403.66,-0.00030165
2016,556,12,1173.19,115.076030,35.383786,343.86,-0.00053815
2016,556,13,1270.96,115.075556,35.383043,358.81,-0.00011103
2016,556,14,1368.72,115.074875,35.382361,313.96,0.00109241
2016,556,15,1466.49,115.074592,35.381563,299.01,-0.00044620
2016,556,16,1564.26,115.074137,35.380815,313.96,-0.00109241
2016,556,17,1662.02,115.073455,35.380133,313.96,0.00049303
2016,556,18,1759.79,115.072982,35.379390,269.11,0.00088654
2016,556,19,1857.55,115.072508,35.378648,224.26,0.00055427
2016,556,20,1955.32,115.072167,35.377866,149.51,-0.00069034
2016,556,21,2053.09,115.071770,35.377101,149.51,-0.00160396
2016,556,22,2150.85,115.071089,35.376419,209.31,-0.00141550
2016,557,0,0.00,115.584745,35.728649,388.71,-0.00574481
2016,557,1,62.96,115.585384,35.728550,358.81,-0.00554593
2016,557,2,125.93,115.585823,35.728110,373.76,-0.00534706
2016,558,0,0.00,115.584745,35.728649,1794.06,-0.00000000
2016,558,1,53.53,115.584476,35.728245,1674.46,-0.00000000
2016,558,2,107.07,115.584206,35.727840,1285.75,-0.00000000
2016,559,0,0.00,115.582320,35.727840,508.32,-0.00348218
2016,559,1,55.86,115.581731,35.727890,328.91,-0.00358624
2016,559,2,111.73,115.581242,35.728110,328.91,-0.00369030
2016,56,0,0.00,115.375079,35.569108,1794.06,-0.00202259
2016,56,1,93.59,115.375314,35.569883,956.83,-0.00483257
2016,56,2,187.18,115.375841,35.570456,403.66,-0.00821978
2016,56,3,280.77,115.376873,35.570456,269.11,-0.00622142
2016,56,4,374.36,115.377560,35.569860,373.76,-0.00141563
2016,56,5,467.95,115.378313,35.569378,373.76,0.00081457
2016,560,0,0.00,115.582320,35.727840,433.57,0.00396584
2016,560,1,50.77,115.582675,35.727486,328.91,0.00418110
2016,560,2,101.55,115.583128,35.727301,313.96,0.00439637
2016,561,0,0.00,115.071089,35.376419,209.31,-0.00198617
2016,561,1,76.02,115.070460,35.376060,254.16,-0.00000000
2016,561,2,152.04,115.069732,35.375872,269.11,0.00280437
2016,561,3,228.06,115.069202,35.375341,598.02,0.00362256
2016,562,0,0.00,115.071089,35.376419,1046.54,0.00395652
2016,562,1,50.89,115.071444,35.376065,1121.29,0.00417017
2016,562,2,101.78,115.071897,35.375880,732.58,0.00438382
2016,563,0,0.00,115.585823,35.728110,463.47,-0.00168185
2016,563,1,82.90,115.586601,35.727871,328.91,-0.00396886
2016,563,2,165.80,115.587279,35.727463,358.81,-0.00534359
2016,563,3,248.69,115.587440,35.726762,463.47,-0.00443131
2016,564,0,0.00,115.585823,35.728110,1794.06,0.00115135
2016,564,1,92.11,115.585180,35.727466,1794.06,0.00118216
2016,564,2,184.23,115.584745,35.726762,224.26,0.00121298
2016,565,0,0.00,115.584206,35.727840,598.02,-0.00539496
2016,565,1,49.19,115.584206,35.727397,897.03,-0.00550669
2016,565,2,98.39,115.583937,35.727032,224.26,-0.00561842
2016,566,0,0.00,115.584206,35.727840,478.42,0.00574476
2016,566,1,62.96,115.583568,35.727741,642.87,0.00554589
2016,566,2,125.93,115.583128,35.727301,358.81,0.00534701
2016,568,0,0.00,115.583128,35.727301,343.86,0.00926319
2016,568,1,43.67,115.583454,35.727032,343.86,0.00907439
2016,568,2,87.35,115.583937,35.727032,403.66,0.00888559
2016,569,0,0.00,115.069202,35.375341,358.81,0.00165874
2016,569,1,98.12,115.068122,35.375341,418.61,0.00082937
2016,569,2,196.24,115.067198,35.375072,508.32,-0.00215524
2016,569,3,294.36,115.066119,35.375072,478.42,-0.00335323
2016,569,4,392.48,115.065281,35.375490,508.32,-0.00084184
2016,569,5,490.60,115.064399,35.375833,508.32,-0.00033341
2016,569,6,588.73,115.063503,35.376150,508.32,-0.00144198
2016,569,7,686.85,115.062734,35.376689,598.02,-0.00150485
2016,57,0,0.00,115.375079,35.569108,239.21,0.00111426
2016,57,1,99.03,115.375968,35.568758,284.06,0.00170780
2016,57,2,198.06,115.376951,35.568569,388.71,0.00171059
2016,57,3,297.10,115.378043,35.568569,418.61,0.00111983
2016,570,0,0.00,115.069202,35.375341,1091.39,0.00000000
2016,570,1,77.30,115.069741,35.374802,568.12,0.00000000
2016,570,2,154.59,115.070280,35.374263,104.65,0.00000000
2016,571,0,0.00,115.587171,35.726493,1196.04,0.00000000
2016,571,1,19.29,115.587306,35.726628,1270.79,0.00000000
2016,571,2,38.58,115.587440,35.726762,1674.46,0.00000000
2016,572,0,0.00,115.587440,35.726762,568.12,-0.00188652
2016,572,1,92.19,115.588459,35.726762,388.71,-0.00278686
2016,572,2,184.39,115.589321,35.726493,313.96,-0.00197803
2016,572,3,276.58,115.590067,35.726023,284.06,-0.00014803
2016,572,4,368.77,115.590909,35.725719,299.01,-0.00067680
2016,572,5,460.96,115.591652,35.725246,224.26,-0.00187416
2016,572,6,553.16,115.592395,35.724772,254.16,-0.00239109
2016,572,7,645.35,115.592830,35.724067,478.42,-0.00236028
2016,573,0,0.00,115.587171,35.726493,553.17,-0.00071773
2016,573,1,96.81,115.586258,35.726223,508.32,-0.00392158
2016,573,2,193.63,115.585422,35.726086,343.86,-0.00601420
2016,573,3,290.44,115.584745,35.726762,448.52,-0.00490297
2016,574,0,0.00,115.587171,35.726493,553.17,0.00119113
2016,574,1,89.28,115.587171,35.725688,598.02,0.00314668
2016,574,2,178.57,115.587374,35.724942,373.76,0.00523890
2016,574,3,267.85,115.588097,35.724489,299.01,0.00268777
2016,574,4,357.13,115.588919,35.724206,269.11,0.00024906
2016,574,5,446.41,115.589641,35.723753,284.06,0.00103105
2016,574,6,535.70,115.590498,35.723528,269.11,0.00271322
2016,574,7,624.98,115.591327,35.723259,313.96,0.00519726
2016,574,8,714.26,115.592157,35.723528,762.48,0.00434823
2016,574,9,803.55,115.592830,35.724067,1166.14,0.00216441
2016,575,0,0.00,115.584745,35.726762,568.12,-0.00888554
2016,575,1,43.67,115.584263,35.726762,343.86,-0.00907434
2016,575,2,87.35,115.583937,35.727032,463.47,-0.00926314
2016,579,0,0.00,115.062734,35.376689,627.92,-0.00222938
2016,579,1,89.25,115.061908,35.376419,538.22,-0.00212294
2016,579,2,178.50,115.060926,35.376419,448.52,-0.00100824
2016,579,3,267.75,115.059944,35.376419,448.52,0.00000000
2016,579,4,357.00,115.058961,35.376419,448.52,0.00000000
2016,58,0,0.00,115.338697,35.537577,358.81,-0.00152202
2016,58,1,80.35,115.338136,35.538138,299.01,-0.00156588
2016,58,2,160.70,115.337784,35.538760,59.80,-0.00080487
2016,58,3,241.06,115.337432,35.539381,209.31,0.00000000
2016,58,4,321.41,115.337080,35.540003,119.60,0.00000000
2016,580,0,0.00,115.062734,35.376689,1106.34,0.00157871
2016,580,1,92.62,115.063004,35.377445,777.43,0.00153370
2016,580,2,185.23,115.063004,35.378280,553.17,0.00074435
2016,580,3,277.85,115.063004,35.379114,119.60,0.00000000
2016,581,0,0.00,115.592830,35.724067,388.71,-0.00214285
2016,581,1,97.27,115.593905,35.724067,358.81,-0.00226601
2016,581,2,194.54,115.594784,35.723730,313.96,-0.00046567
2016,581,3,291.81,115.595662,35.723392,284.06,0.00097094
2016,581,4,389.08,115.596660,35.723259,239.21,0.00153710
2016,581,5,486.35,115.597578,35.722989,239.21,0.00214741
2016,581,6,583.62,115.598496,35.723259,209.31,0.00228738
2016,581,7,680.89,115.599570,35.723261,149.51,0.00124339
2016,581,8,778.16,115.600249,35.723941,74.75,-0.00275496
2016,581,9,875.43,115.601094,35.723798,149.51,-0.00031969
2016,581,10,972.70,115.602169,35.723798,179.41,0.00373860
2016,581,11,1069.97,115.602930,35.724337,209.31,0.00096540
2016,581,12,1167.25,115.603761,35.724757,269.11,0.00020327
2016,581,13,1264.52,115.604609,35.725145,313.96,0.00056265
2016,581,14,1361.79,115.605318,35.725775,313.96,-0.00010609
2016,581,15,1459.06,115.606196,35.726114,328.91,-0.00042246
2016,581,16,1556.33,115.606893,35.726762,343.86,-0.00062675
2016,581,17,1653.60,115.607852,35.726962,373.76,0.00010786
2016,581,18,1750.87,115.608572,35.727571,343.86,-0.00000000
2016,581,19,1848.14,115.609491,35.727840,373.76,0.00038049
2016,581,20,1945.41,115.610252,35.728379,358.81,0.00052554
2016,581,21,2042.68,115.611066,35.728828,388.71,0.00010431
2016,581,22,2139.95,115.611844,35.729337,358.81,-0.00010156
2016,581,23,2237.22,115.612623,35.729846,403.66,-0.00000000
2016,581,24,2334.49,115.613454,35.730266,403.66,0.00051012
2016,581,25,2431.76,115.614180,35.730865,418.61,-0.00000000
2016,581,26,2529.03,115.614976,35.731344,373.76,0.00000000
2016,581,27,2626.30,115.615737,35.731883,388.71,0.00040253
2016,582,0,0.00,115.615737,35.731883,568.12,0.00287766
2016,582,1,75.15,115.616568,35.731883,299.01,0.00311890
2016,582,2,150.30,115.617242,35.732152,254.16,0.00318168
2016,582,3,225.46,115.617907,35.732436,239.21,0.00278087
2016,582,4,300.61,115.618432,35.732961,269.11,0.00255853
2016,583,0,0.00,115.615737,35.731883,538.22,0.00261174
2016,583,1,97.44,115.616000,35.732685,642.87,0.00021697
2016,583,2,194.88,115.615750,35.733487,343.86,-0.00427438
2016,583,3,292.32,115.616405,35.734167,239.21,-0.00466394
2016,583,4,389.75,115.617243,35.734578,254.16,-0.00198191
2016,583,5,487.19,115.618163,35.734847,239.21,-0.00100691
2016,584,0,0.00,115.618432,35.732961,1420.30,-0.00258028
2016,584,1,72.66,115.618163,35.733537,583.07,-0.00250504
2016,584,2,145.33,115.618163,35.734192,433.57,-0.00121490
2016,584,3,217.99,115.618163,35.734847,358.81,0.00000000
2016,585,0,0.00,115.618432,35.732961,224.26,0.00000000
2016,585,1,68.19,115.619107,35.733097,239.21,0.00349946
2016,585,2,136.39,115.619782,35.733232,239.21,0.00691460
2016,585,3,204.58,115.620049,35.733769,269.11,0.00683027
2016,587,0,0.00,115.618163,35.734847,254.16,-0.00000000
2016,587,1,50.77,115.618567,35.735117,433.57,-0.00000000
2016,587,2,101.54,115.618971,35.735386,448.52,-0.00000000
2016,588,0,0.00,115.620049,35.733769,388.71,0.00086452
2016,588,1,95.70,115.620950,35.734039,224.26,0.00241458
2016,588,2,191.40,115.621783,35.734425,209.31,0.00345686
2016,588,3,287.11,115.622243,35.735154,254.16,0.00263147
2016,588,4,382.81,115.622702,35.735883,448.52,0.00227069
2016,588,5,478.51,115.622744,35.736734,657.82,0.00222751
2016,589,0,0.00,115.620049,35.733769,1794.06,-0.00384123
2016,589,1,83.43,115.619510,35.734365,672.77,-0.00380990
2016,589,2,166.87,115.619510,35.735117,388.71,-0.00377857
2016,59,0,0.00,115.338697,35.537577,209.31,0.00000000
2016,59,1,72.51,115.339203,35.538083,149.51,-0.00095301
2016,59,2,145.02,115.339709,35.538589,164.46,-0.00199601
2016,59,3,217.53,115.340314,35.538925,119.60,-0.00208601
2016,590,0,0.00,115.618971,35.735386,284.06,-0.00431733
2016,590,1,84.01,115.619140,35.736094,239.21,-0.00404798
2016,590,2,168.01,115.619826,35.736511,209.31,-0.00386108
2016,590,3,252.02,115.620468,35.737003,209.31,-0.00415705
2016,590,4,336.02,115.621397,35.737003,598.02,-0.00437058
2016,591,0,0.00,115.618971,35.735386,657.82,0.01069479
2016,591,1,31.48,115.619191,35.735166,612.97,0.01109265
2016,591,2,62.96,115.619510,35.735117,508.32,0.01149051
2016,592,0,0.00,115.622744,35.736734,538.22,0.00399149
2016,592,1,92.40,115.623687,35.736868,478.42,0.00328166
2016,592,2,184.80,115.624333,35.737514,448.52,0.00022320
2016,592,3,277.21,115.625077,35.737989,448.52,-0.00062591
2016,592,4,369.61,115.625888,35.738351,463.47,0.00090994
2016,592,5,462.01,115.626567,35.738939,448.52,0.00029196
2016,592,6,554.41,115.627303,35.739429,493.37,-0.00000000
2016,592,7,646.82,115.628011,35.739968,478.42,0.00005230
2016,592,8,739.22,115.628718,35.740507,463.47,-0.00102126
2016,592,9,831.62,115.629446,35.741010,478.42,-0.00168053
2016,592,10,924.02,115.630290,35.741315,508.32,-0.00157627
2016,593,0,0.00,115.622744,35.736734,1644.56,0.00478874
2016,593,1,82.25,115.622070,35.737138,762.48,0.00531907
2016,593,2,164.50,115.621397,35.737003,508.32,0.00584941
2016,595,0,0.00,115.619510,35.735117,433.57,0.00055927
2016,595,1,95.25,115.620249,35.735656,209.31,0.00122885
2016,595,2,190.51,115.620940,35.736277,358.81,0.00164817
2016,595,3,285.76,115.621397,35.737003,508.32,0.00139791
2016,598,0,0.00,115.630290,35.741315,553.17,0.00193373
2016,598,1,83.68,115.630559,35.741991,448.52,-0.00020297
2016,598,2,167.36,115.630559,35.742745,538.22,-0.00366952
2016,598,3,251.04,115.631098,35.743202,149.51,-0.00499937
2016,599,0,0.00,115.630290,35.741315,1794.06,0.00573130
2016,599,1,75.15,115.630815,35.740790,1151.19,0.00590058
2016,599,2,150.29,115.631637,35.740776,418.61,0.00606986
2016,599,3,225.44,115.632460,35.740790,179.41,0.00590058
2016,599,4,300.59,115.632985,35.741315,179.41,0.00573130
2016,6,0,0.00,115.336810,35.547818,418.61,0.00018445
2016,6,1,96.02,115.337080,35.548605,358.81,0.00013824
2016,6,2,192.03,115.337316,35.549401,328.91,0.00054976
2016,6,3,288.05,115.337569,35.550193,254.16,-0.00004601
2016,6,4,384.07,115.337619,35.551044,284.06,-0.00224263
2016,6,5,480.08,115.338074,35.551777,284.06,-0.00178748
2016,6,6,576.10,115.338744,35.552447,284.06,-0.00001611
2016,6,7,672.12,115.339236,35.553169,284.06,-0.00037692
2016,6,8,768.13,115.339876,35.553848,328.91,-0.00052991
2016,6,9,864.15,115.340546,35.554518,328.91,-0.00061081
2016,6,10,960.17,115.341216,35.555188,328.91,-0.00053631
2016,6,11,1056.18,115.341985,35.555688,358.81,0.00162391
2016,6,12,1152.20,115.342655,35.556358,313.96,0.00111497
2016,6,13,1248.22,115.342908,35.557150,299.01,-0.00108760
2016,6,14,1344.23,115.343677,35.557649,328.91,0.00050894
2016,6,15,1440.25,115.344138,35.558380,284.06,0.00052991
2016,6,16,1536.27,115.344600,35.559111,299.01,-0.00108760
2016,6,17,1632.28,115.345270,35.559781,313.96,-0.00106622
2016,6,18,1728.30,115.345940,35.560451,343.86,-0.00111457
2016,6,19,1824.32,115.346709,35.560951,313.96,-0.00006332
2016,6,20,1920.33,115.347478,35.561450,328.91,0.00057826
2016,6,21,2016.35,115.348160,35.562101,358.81,-0.00105465
2016,6,22,2112.37,115.348917,35.562620,373.76,-0.00118792
2016,6,23,2208.38,115.349786,35.562949,403.66,0.00053971
2016,6,24,2304.40,115.350555,35.563449,343.86,0.00121932
2016,60,0,0.00,115.338697,35.537577,358.81,-0.00210500
2016,60,1,68.52,115.339175,35.537099,463.47,-0.00330168
2016,60,2,137.04,115.339444,35.536560,299.01,-0.00334438
2016,60,3,205.56,115.339505,35.535960,328.91,-0.00219040
2016,600,0,0.00,115.631098,35.743202,239.21,-0.00665254
2016,600,1,89.17,115.630974,35.743885,119.60,-0.00811775
2016,600,2,178.35,115.631730,35.744280,209.31,-0.00631056
2016,600,3,267.52,115.632715,35.744280,328.91,-0.00303816
2016,601,0,0.00,115.631098,35.743202,822.28,0.00534778
2016,601,1,62.96,115.631538,35.742762,1465.15,0.00554677
2016,601,2,125.91,115.632176,35.742663,478.42,0.00574575
2016,602,0,0.00,115.632985,35.741315,1794.06,-0.00433566
2016,602,1,68.48,115.632507,35.741793,837.23,-0.00439350
2016,602,2,136.96,115.632446,35.742393,448.52,-0.00445135
2016,603,0,0.00,115.632985,35.741315,179.41,-0.00000000
2016,603,1,38.58,115.633254,35.741585,313.96,-0.00000000
2016,603,2,77.16,115.633524,35.741854,448.52,-0.00000000
2016,604,0,0.00,115.632715,35.744280,388.71,0.00000000
2016,604,1,44.85,115.632715,35.743875,448.52,0.00000000
2016,604,2,89.70,115.632715,35.743471,194.36,0.00000000
2016,605,0,0.00,115.632715,35.744280,269.11,0.00120245
2016,605,1,97.89,115.633598,35.744623,254.16,0.00110917
2016,605,2,195.78,115.634381,35.745136,209.31,-0.00033985
2016,605,3,293.66,115.635177,35.745627,328.91,-0.00163070
2016,605,4,391.55,115.636102,35.745897,478.42,-0.00078290
2016,605,5,489.44,115.637027,35.746166,448.52,-0.00000000
2016,606,0,0.00,115.632446,35.742393,867.13,0.00000000
2016,606,1,19.29,115.632311,35.742528,882.08,0.00000000
2016,606,2,38.58,115.632176,35.742663,1794.06,0.00000000
2016,607,0,0.00,115.632176,35.742663,164.46,-0.00369038
2016,607,1,53.53,115.632341,35.743097,119.60,-0.00358376
2016,607,2,107.06,115.632715,35.743471,269.11,-0.00347715
2016,609,0,0.00,115.632446,35.742393,313.96,0.00000000
2016,609,1,24.38,115.632715,35.742393,313.96,0.00000000
2016,609,2,48.75,115.632985,35.742393,313.96,0.00000000
2016,61,0,0.00,115.340044,35.533535,164.46,0.00217596
2016,61,1,79.11,115.339775,35.532900,134.55,0.00211218
2016,61,2,158.22,115.339775,35.532187,194.36,0.00204839
2016,610,0,0.00,115.633524,35.741854,254.16,0.00132236
2016,610,1,93.43,115.634375,35.742166,284.06,0.00248375
2016,610,2,186.87,115.635127,35.742649,254.16,0.00182257
2016,610,3,280.30,115.635571,35.743362,269.11,0.00000000
2016,610,4,373.73,115.636323,35.743844,224.26,0.00167812
2016,610,5,467.16,115.636766,35.744558,478.42,0.00295644
2016,610,6,560.60,115.637027,35.745324,583.07,0.00198208
2016,610,7,654.03,115.637027,35.746166,672.77,0.00140751
2016,611,0,0.00,115.633524,35.741854,1794.06,-0.00000000
2016,611,1,38.58,115.633254,35.742124,717.63,-0.00000000
2016,611,2,77.16,115.632985,35.742393,941.88,-0.00000000
2016,612,0,0.00,115.632715,35.743471,1794.06,-0.00739026
2016,612,1,80.67,115.633254,35.743042,612.97,-0.00696497
2016,612,2,161.34,115.632985,35.742393,149.51,-0.00653968
2016,615,0,0.00,115.637027,35.746166,448.52,-0.00000000
2016,615,1,96.02,115.637797,35.746667,448.52,-0.00166878
2016,615,2,192.05,115.638567,35.747167,493.37,-0.00036010
2016,615,3,288.07,115.639337,35.747129,284.06,0.00278167
2016,615,4,384.09,115.639799,35.747860,463.47,0.00036010
2016,615,5,480.12,115.640569,35.748360,478.42,-0.00111288
2016,615,6,576.14,115.641339,35.748861,448.52,-0.00000000
2016,616,0,0.00,115.641339,35.748861,553.17,0.00000000
2016,616,1,96.00,115.641609,35.749648,343.86,-0.00151884
2016,616,2,191.99,115.641878,35.750435,269.11,-0.00374967
2016,616,3,287.99,115.642615,35.750945,284.06,-0.00315514
2016,616,4,383.99,115.643477,35.751286,284.06,-0.00118854
2016,616,5,479.98,115.644381,35.751556,299.01,-0.00208972
2016,616,6,575.98,115.645286,35.751825,508.32,-0.00365097
2016,616,7,671.98,115.646190,35.751556,657.82,-0.00365097
2016,617,0,0.00,115.641339,35.748861,1091.39,0.00575853
2016,617,1,87.55,115.641993,35.748322,762.48,0.00631219
2016,617,2,175.10,115.642860,35.748495,523.27,0.00386235
2016,617,3,262.65,115.643670,35.748766,269.11,0.00118348
2016,617,4,350.19,115.644480,35.749037,269.11,0.00265632
2016,617,5,437.74,115.645191,35.749479,284.06,0.00277225
2016,617,6,525.29,115.645651,35.750134,523.27,0.00237843
2016,617,7,612.84,115.646190,35.750767,583.07,0.00322028
2016,617,8,700.39,115.646190,35.751556,463.47,0.00342366
2016,619,0,0.00,115.646190,35.751556,373.76,0.00000000
2016,619,1,96.89,115.646966,35.752062,403.66,-0.00060458
2016,619,2,193.77,115.647742,35.752569,373.76,-0.00121144
2016,619,3,290.66,115.648619,35.752903,373.76,-0.00011613
2016,619,4,387.55,115.649493,35.753242,343.86,0.00024276
2016,619,5,484.44,115.650290,35.753712,328.91,-0.00035897
2016,619,6,581.32,115.651204,35.753981,299.01,-0.00048546
2016,619,7,678.21,115.652020,35.754421,284.06,-0.00074530
2016,619,8,775.10,115.652994,35.754587,269.11,0.00024269
2016,619,9,871.99,115.653869,35.754923,239.21,0.00062261
2016,619,10,968.87,115.654745,35.755260,254.16,0.00061396
2016,619,11,1065.76,115.655618,35.755598,209.31,-0.00049147
2016,619,12,1162.65,115.656396,35.756102,209.31,-0.00191795
2016,619,13,1259.54,115.657447,35.756137,209.31,-0.00027035
2016,619,14,1356.42,115.658361,35.756407,179.41,-0.00011765
2016,619,15,1453.31,115.659320,35.756601,194.36,-0.00129185
2016,619,16,1550.20,115.660347,35.756676,179.41,-0.00085152
2016,619,17,1647.09,115.661418,35.756676,209.31,0.00062296
2016,619,18,1743.97,115.662489,35.756676,239.21,0.00085152
2016,619,19,1840.86,115.663403,35.756946,209.31,-0.00000000
2016,619,20,1937.75,115.664475,35.756946,269.11,-0.00000000
2016,619,21,2034.64,115.665389,35.757215,269.11,-0.00148222
2016,619,22,2131.52,115.666460,35.757215,328.91,-0.00264228
2016,619,23,2228.41,115.667413,35.757013,328.91,-0.00164245
2016,619,24,2325.30,115.668289,35.756676,388.71,-0.00096478
2016,62,0,0.00,115.340044,35.533535,254.16,-0.00204014
2016,62,1,70.15,115.340534,35.534024,179.41,-0.00213828
2016,62,2,140.30,115.341122,35.534343,284.06,-0.00223643
2016,620,0,0.00,115.668289,35.756676,358.81,-0.00204263
2016,620,1,70.05,115.668778,35.757166,358.81,-0.00214115
2016,620,2,140.10,115.669367,35.757485,313.96,-0.00223967
2016,621,0,0.00,115.668289,35.756676,538.22,0.00218975
2016,621,1,88.67,115.668955,35.756137,433.57,0.00563900
2016,621,2,177.34,115.669778,35.755868,284.06,0.00771993
2016,621,3,266.00,115.670445,35.756407,448.52,0.00635161
2016,622,0,0.00,115.669367,35.757485,433.57,-0.00200485
2016,622,1,93.41,115.670085,35.758024,239.21,-0.00306276
2016,622,2,186.83,115.670961,35.758293,239.21,-0.00389639
2016,622,3,280.24,115.671994,35.758293,358.81,-0.00285003
2016,622,4,373.66,115.672870,35.758024,433.57,-0.00202795
2016,623,0,0.00,115.669367,35.757485,598.02,0.00000000
2016,623,1,77.15,115.669906,35.756946,598.02,0.00000000
2016,623,2,154.31,115.670445,35.756407,508.32,0.00000000
2016,624,0,0.00,115.670445,35.756407,358.81,0.00566137
2016,624,1,76.14,115.671274,35.756428,254.16,0.00561870
2016,624,2,152.29,115.671806,35.756960,508.32,0.00278801
2016,624,3,228.43,115.672338,35.757492,553.17,-0.00000000
2016,624,4,304.58,115.672870,35.758024,553.17,-0.00000000
2016,626,0,0.00,115.672870,35.758024,418.61,0.00337339
2016,626,1,99.72,115.673816,35.757754,418.61,0.00248921
2016,626,2,199.43,115.674761,35.758024,418.61,0.00059964
2016,626,3,299.15,115.675864,35.758024,418.61,0.00000000
2016,626,4,398.87,115.676847,35.758228,403.66,-0.00041472
2016,626,5,498.58,115.677912,35.758293,448.52,0.00016716
2016,626,6,598.30,115.679015,35.758293,463.47,0.00150178
2016,626,7,698.02,115.679930,35.758615,463.47,-0.00033113
2016,626,8,797.74,115.680906,35.758832,478.42,-0.00168669
2016,626,9,897.45,115.682008,35.758832,448.52,-0.00063854
2016,626,10,997.17,115.683111,35.758832,478.42,0.00080252
2016,626,11,1096.89,115.684214,35.758832,478.42,0.00080252
2016,626,12,1196.60,115.685159,35.759102,478.42,-0.00080252
2016,626,13,1296.32,115.686262,35.759102,478.42,0.00000000
2016,626,14,1396.04,115.687364,35.759102,508.32,0.00168669
2016,626,15,1495.75,115.688310,35.759371,493.37,0.00088418
2016,626,16,1595.47,115.689255,35.759641,463.47,-0.00088418
2016,626,17,1695.19,115.690201,35.759910,478.42,-0.00168669
2016,626,18,1794.90,115.691304,35.759910,388.71,-0.00160503
2016,626,19,1894.62,115.692406,35.759910,478.42,-0.00168669
2016,626,20,1994.34,115.693352,35.759641,478.42,-0.00176835
2016,627,0,0.00,115.693352,35.759641,478.42,-0.00204076
2016,627,1,93.13,115.694224,35.759910,448.52,-0.00102038
2016,627,2,186.27,115.695254,35.759910,418.61,-0.00000000
2016,627,3,279.40,115.696127,35.760180,388.71,0.00000000
2016,627,4,372.54,115.697157,35.760180,388.71,0.00000000
2016,627,5,465.67,115.698030,35.760449,388.71,-0.00035297
2016,627,6,558.81,115.699060,35.760449,388.71,0.00215249
2016,627,7,651.94,115.699990,35.760620,403.66,0.00534633
2016,627,8,745.08,115.700628,35.761274,313.96,0.00462454
2016,627,9,838.21,115.700874,35.762042,224.26,0.00238990
2016,627,10,931.35,115.700898,35.762875,209.31,0.00121248
2016,628,0,0.00,115.693352,35.759641,642.87,-0.00000000
2016,628,1,19.29,115.693217,35.759506,642.87,-0.00000000
2016,628,2,38.58,115.693082,35.759371,642.87,-0.00000000
2016,629,0,0.00,115.700898,35.762875,1330.60,0.00000000
2016,629,1,48.74,115.701437,35.762875,1300.70,0.00000000
2016,629,2,97.48,115.701976,35.762875,119.60,0.00000000
2016,63,0,0.00,115.337080,35.531648,299.01,0.00000000
2016,63,1,19.31,115.337215,35.531514,299.01,0.00000000
2016,63,2,38.62,115.337349,35.531379,328.91,0.00000000
2016,630,0,0.00,115.700898,35.762875,553.17,-0.00377751
2016,630,1,83.43,115.700628,35.763548,134.55,-0.00377751
2016,630,2,166.86,115.700898,35.764222,224.26,-0.00377751
2016,631,0,0.00,115.700898,35.764222,1480.10,0.00000000
2016,631,1,48.74,115.701437,35.764222,1450.20,0.00000000
2016,631,2,97.48,115.701976,35.764222,269.11,0.00000000
2016,632,0,0.00,115.700898,35.764222,164.46,-0.00156463
2016,632,1,87.76,115.700628,35.764935,179.41,-0.00170287
2016,632,2,175.53,115.700628,35.765570,269.11,-0.00184111
2016,633,0,0.00,115.700628,35.765570,1659.51,0.00000000
2016,633,1,60.93,115.701302,35.765570,1629.61,0.00000000
2016,633,2,121.85,115.701976,35.765570,418.61,0.00000000
2016,634,0,0.00,115.700628,35.765570,209.31,-0.00183449
2016,634,1,88.93,115.700216,35.766252,239.21,-0.00220490
2016,634,2,177.86,115.700089,35.767016,299.01,-0.00165753
2016,634,3,266.79,115.700089,35.767818,269.11,-0.00117423
2016,634,4,355.71,115.700089,35.768619,328.91,-0.00165753
2016,634,5,444.64,115.700359,35.769343,403.66,-0.00170637
2016,635,0,0.00,115.700359,35.769343,1794.06,0.00000000
2016,635,1,85.29,115.701302,35.769343,1794.06,0.00000000
2016,635,2,170.58,115.702245,35.769343,74.75,0.00000000
2016,636,0,0.00,115.700359,35.769343,343.86,-0.00147426
2016,636,1,95.49,115.700089,35.770125,403.66,-0.00212880
2016,636,2,190.97,115.700089,35.770986,433.57,-0.00212880
2016,636,3,286.46,115.700359,35.771768,448.52,-0.00147426
2016,637,0,0.00,115.700359,35.771768,1794.06,0.00000000
2016,637,1,97.47,115.701437,35.771768,1794.06,0.00000000
2016,637,2,194.95,115.702515,35.771768,74.75,0.00000000
2016,638,0,0.00,115.700359,35.771768,538.22,-0.00867046
2016,638,1,34.24,115.700119,35.772007,493.37,-0.00878601
2016,638,2,68.48,115.700089,35.772307,478.42,-0.00890155
2016,639,0,0.00,115.700089,35.772307,508.32,-0.00368929
2016,639,1,96.90,115.699550,35.772883,448.52,-0.00336337
2016,639,2,193.81,115.699550,35.773756,448.52,-0.00084346
2016,639,3,290.71,115.699550,35.774629,448.52,0.00067526
2016,639,4,387.61,115.699281,35.775424,478.42,0.00000000
2016,639,5,484.51,115.699281,35.776298,493.37,-0.00000000
2016,639,6,581.42,115.699011,35.777093,478.42,-0.00067526
2016,639,7,678.32,115.699011,35.777966,493.37,-0.00135052
2016,640,0,0.00,115.700089,35.772307,1300.70,-0.00325381
2016,640,1,74.45,115.700755,35.772576,1345.55,-0.00162691
2016,640,2,148.90,115.701579,35.772576,1106.34,0.00162691
2016,640,3,223.36,115.702245,35.772846,971.78,0.00325381
2016,641,0,0.00,115.699011,35.777966,598.02,-0.00290925
2016,641,1,96.58,115.698472,35.778681,553.17,-0.00217456
2016,641,2,193.16,115.698472,35.779551,598.02,0.00043278
2016,641,3,289.74,115.698203,35.780343,553.17,0.00145440
2016,641,4,386.32,115.697774,35.781090,538.22,0.00006843
2016,641,5,482.90,115.697394,35.781850,538.22,0.00000000
2016,641,6,579.48,115.697052,35.782621,553.17,0.00003420
2016,641,7,676.06,115.696586,35.783356,523.27,0.00033287
2016,641,8,772.64,115.696316,35.784149,568.12,0.00049828
2016,641,9,869.22,115.695654,35.784827,478.42,-0.00066878
2016,641,10,965.80,115.695397,35.785623,478.42,-0.00060091
2016,641,11,1062.39,115.694969,35.786369,448.52,-0.00039856
2016,641,12,1158.97,115.694699,35.787162,418.61,-0.00043278
2016,641,13,1255.55,115.694430,35.787954,418.61,0.00000000
2016,641,14,1352.13,115.694160,35.788746,388.71,0.00000000
2016,642,0,0.00,115.699011,35.777966,807.33,-0.00000000
2016,642,1,95.42,115.699678,35.778633,867.13,-0.00112727
2016,642,2,190.84,115.700344,35.779300,1061.49,-0.00174411
2016,642,3,286.26,115.701210,35.779626,1001.69,0.00000000
2016,642,4,381.68,115.701976,35.780122,747.53,0.00123369
2016,643,0,0.00,115.694160,35.788746,762.48,-0.00000000
2016,643,1,83.39,115.694743,35.789329,642.87,0.00070429
2016,643,2,166.78,115.695325,35.789911,553.17,0.00355585
2016,643,3,250.17,115.695699,35.790555,328.91,0.00933546
2016,643,4,333.56,115.695466,35.791172,508.32,0.00996195
2016,643,5,416.95,115.694544,35.791172,1390.40,0.00347805
2016,643,6,500.33,115.693621,35.791172,1599.71,0.00000000
2016,644,0,0.00,115.694160,35.788746,403.66,-0.00022412
2016,644,1,95.48,115.693891,35.789529,388.71,-0.00073696
2016,644,2,190.97,115.693662,35.790323,328.91,-0.00111774
2016,644,3,286.45,115.693621,35.791172,358.81,-0.00098568
2016,646,0,0.00,115.693621,35.791172,388.71,-0.00344392
2016,646,1,88.41,115.693082,35.791812,343.86,-0.00258521
2016,646,2,176.81,115.693082,35.792609,299.01,0.00000000
2016,646,3,265.22,115.692813,35.793328,313.96,0.00172649
2016,647,0,0.00,115.692813,35.793328,1629.61,0.00000000
2016,647,1,85.27,115.691869,35.793328,1270.79,0.00000000
2016,647,2,170.53,115.690926,35.793328,837.23,0.00000000
2016,648,0,0.00,115.692813,35.793328,358.81,0.00049347
2016,648,1,96.93,115.692813,35.794201,328.91,0.00138921
2016,648,2,193.86,115.692712,35.795045,343.86,0.00159858
2016,648,3,290.78,115.692274,35.795792,358.81,0.00000000
2016,648,4,387.71,115.692004,35.796588,299.01,-0.00045611
2016,648,5,484.64,115.691735,35.797383,299.01,-0.00000000
2016,648,6,581.57,115.691465,35.798178,269.11,-0.00000000
2016,649,0,0.00,115.691465,35.798178,1315.65,0.00000000
2016,649,1,73.08,115.690657,35.798178,598.02,0.00000000
2016,649,2,146.16,115.689848,35.798178,,0.00000000
2016,65,0,0.00,115.337349,35.531379,941.88,-0.00721523
2016,65,1,82.37,115.338122,35.531613,164.46,-0.00712630
2016,65,2,164.74,115.338697,35.531109,179.41,-0.00703737
2016,650,0,0.00,115.691465,35.798178,328.91,-0.00077102
2016,650,1,98.37,115.691526,35.798926,239.21,-0.00017920
2016,650,2,196.74,115.691735,35.799717,239.21,0.00006561
2016,650,3,295.12,115.691735,35.800604,179.41,-0.00083377
2016,650,4,393.49,115.692004,35.801412,224.26,-0.00138613
2016,651,0,0.00,115.692004,35.801412,1151.19,0.00410086
2016,651,1,91.07,115.692938,35.801538,358.81,0.00613268
2016,651,2,182.14,115.693575,35.802175,149.51,0.00797509
2016,651,3,273.22,115.693449,35.802932,299.01,0.00534535
2016,651,4,364.29,115.692813,35.803568,418.61,0.00290503
2016,652,0,0.00,115.692004,35.801412,224.26,-0.00113887
2016,652,1,88.40,115.692004,35.802209,134.55,-0.00255203
2016,652,2,176.81,115.692195,35.802951,164.46,-0.00329689
2016,652,3,265.21,115.692813,35.803568,269.11,-0.00262859
2016,653,0,0.00,115.692813,35.803568,284.06,-0.00368982
2016,653,1,53.52,115.692978,35.804003,343.86,-0.00358335
2016,653,2,107.04,115.693352,35.804377,328.91,-0.00347687
2016,654,0,0.00,115.693352,35.804377,284.06,0.00138442
2016,654,1,98.34,115.693621,35.805185,239.21,0.00134669
2016,654,2,196.67,115.693621,35.806071,239.21,-0.00030567
2016,654,3,295.01,115.693621,35.806958,254.16,-0.00166278
2016,654,4,393.34,115.694011,35.807731,269.11,-0.00038654
2016,654,5,491.68,115.694280,35.808539,313.96,-0.00007812
2016,654,6,590.01,115.694549,35.809347,343.86,-0.00039482
2016,654,7,688.35,115.694969,35.810112,328.91,0.00039297
2016,654,8,786.69,115.695238,35.810920,299.01,0.00078500
2016,654,9,885.02,115.695508,35.811729,328.91,0.00069344
2016,654,10,983.36,115.695626,35.812580,299.01,-0.00008255
2016,654,11,1081.69,115.695777,35.813423,284.06,-0.00069344
2016,654,12,1180.03,115.696047,35.814231,299.01,0.00038459
2016,654,13,1278.36,115.696316,35.815039,284.06,0.00069344
2016,654,14,1376.70,115.696316,35.815926,284.06,-0.00069344
2016,654,15,1475.04,115.696586,35.816734,313.96,-0.00061157
2016,654,16,1573.37,115.696855,35.817542,328.91,-0.00000000
2016,654,17,1671.71,115.697093,35.818359,328.91,0.00053253
2016,654,18,1770.04,115.697394,35.819158,328.91,0.00113747
2016,654,19,1868.38,115.697394,35.820045,299.01,-0.00061440
2016,654,20,1966.72,115.697483,35.820905,313.96,-0.00090543
2016,654,21,2065.05,115.697933,35.821661,299.01,0.00099252
2016,654,22,2163.39,115.697933,35.822547,328.91,0.00046140
2016,654,23,2261.72,115.698082,35.823390,343.86,0.00006878
2016,654,24,2360.06,115.698203,35.824242,343.86,0.00065503
2016,654,25,2458.39,115.698203,35.825128,418.61,0.00057434
2016,655,0,0.00,115.693352,35.804377,388.71,0.00033780
2016,655,1,99.35,115.694046,35.803683,433.57,-0.00053717
2016,655,2,198.69,115.694699,35.803118,194.36,-0.00091167
2016,655,3,298.04,115.695116,35.802343,299.01,-0.00047515
2016,655,4,397.39,115.695777,35.801640,224.26,-0.00071980
2016,655,5,496.73,115.696086,35.800834,254.16,0.00000000
2016,655,6,596.08,115.696571,35.800079,313.96,0.00045026
2016,655,7,695.43,115.697057,35.799325,313.96,-0.00023894
2016,655,8,794.77,115.697542,35.798570,313.96,-0.00079407
2016,655,9,894.12,115.697933,35.797788,313.96,-0.00154768
2016,655,10,993.47,115.698203,35.796971,358.81,-0.00099255
2016,655,11,1092.81,115.698203,35.796075,328.91,0.00067917
2016,655,12,1192.16,115.698472,35.795258,284.06,0.00062688
2016,655,13,1291.50,115.698742,35.794441,313.96,-0.00056299
2016,655,14,1390.85,115.698991,35.793617,269.11,-0.00044284
2016,655,15,1490.20,115.699058,35.792742,328.91,0.00113614
2016,655,16,1589.54,115.699334,35.791926,328.91,0.00160258
2016,655,17,1688.89,115.699820,35.791172,373.76,0.00106861
2016,656,0,0.00,115.698203,35.825128,1420.30,0.00000000
2016,656,1,97.41,115.697125,35.825128,1390.40,0.00000000
2016,656,2,194.82,115.696047,35.825128,448.52,0.00000000
2016,657,0,0.00,115.698203,35.825128,463.47,0.00866893
2016,657,1,34.23,115.698442,35.825367,403.66,0.00878423
2016,657,2,68.47,115.698472,35.825667,373.76,0.00889953
2016,658,0,0.00,115.698472,35.825667,717.63,0.00270804
2016,658,1,82.53,115.697796,35.826073,941.88,0.00329201
2016,658,2,165.06,115.696960,35.826206,1450.20,0.00249949
2016,658,3,247.59,115.696047,35.826206,328.91,0.00112300
2016,659,0,0.00,115.698472,35.825667,448.52,0.00147325
2016,659,1,95.48,115.698742,35.826449,373.76,0.00073663
2016,659,2,190.96,115.698742,35.827310,373.76,-0.00073663
2016,659,3,286.44,115.699011,35.828092,358.81,-0.00147325
2016,66,0,0.00,115.337349,35.531379,627.92,0.00867731
2016,66,1,34.26,115.337110,35.531140,299.01,0.00879394
2016,66,2,68.52,115.337080,35.530840,239.21,0.00891058
2016,660,0,0.00,115.699011,35.828092,448.52,0.00402895
2016,660,1,81.25,115.699550,35.828669,373.76,0.00400622
2016,660,2,162.50,115.699550,35.829401,373.76,0.00295780
2016,660,3,243.75,115.699550,35.830133,254.16,0.00199175
2016,660,4,325.00,115.699281,35.830787,254.16,0.00205140
2016,661,0,0.00,115.699011,35.828092,538.22,0.00000000
2016,661,1,94.17,115.698353,35.828751,448.52,-0.00172472
2016,661,2,188.35,115.697695,35.829409,373.76,-0.00346788
2016,661,3,282.52,115.697664,35.830248,239.21,-0.00348632
2016,662,0,0.00,115.699281,35.830787,1794.06,0.00000000
2016,662,1,48.70,115.698742,35.830787,1091.39,0.00000000
2016,662,2,97.40,115.698203,35.830787,777.43,0.00000000
2016,663,0,0.00,115.699281,35.830787,239.21,0.00152002
2016,663,1,94.04,115.699550,35.831557,239.21,0.00147728
2016,663,2,188.07,115.699550,35.832404,224.26,0.00143453
2016,664,0,0.00,115.697664,35.830248,343.86,-0.00442481
2016,664,1,75.55,115.697136,35.830776,224.26,-0.00447947
2016,664,2,151.09,115.697125,35.831454,179.41,-0.00231087
2016,664,3,226.64,115.697125,35.832135,239.21,-0.00008761
2016,665,0,0.00,115.697664,35.830248,313.96,-0.00000000
2016,665,1,38.56,115.697933,35.830518,299.01,-0.00000000
2016,665,2,77.13,115.698203,35.830787,373.76,-0.00000000
2016,668,0,0.00,115.699550,35.832404,1794.06,-0.00736731
2016,668,1,67.11,115.698807,35.832404,598.02,-0.00985562
2016,668,2,134.21,115.698472,35.832877,239.21,-0.00802021
2016,668,3,201.32,115.698472,35.833482,343.86,-0.00369649
2016,669,0,0.00,115.699550,35.832404,194.36,0.00180853
2016,669,1,88.40,115.699959,35.833083,343.86,0.00301401
2016,669,2,176.80,115.700089,35.833842,343.86,0.00335269
2016,669,3,265.20,115.699820,35.834560,299.01,0.00248589
2016,67,0,0.00,115.336541,35.530301,373.76,0.00445532
2016,67,1,68.52,115.336602,35.529701,269.11,0.00439699
2016,67,2,137.04,115.337080,35.529223,299.01,0.00433867
2016,670,0,0.00,115.698472,35.833482,926.93,0.00000000
2016,670,1,24.35,115.698203,35.833482,553.17,0.00000000
2016,670,2,48.70,115.697933,35.833482,568.12,0.00000000
2016,671,0,0.00,115.698472,35.833482,224.26,-0.00124141
2016,671,1,89.30,115.699096,35.834106,373.76,-0.00129269
2016,671,2,178.60,115.699820,35.834560,523.27,-0.00134397
2016,672,0,0.00,115.699820,35.834560,269.11,0.00000000
2016,672,1,82.63,115.699820,35.835305,343.86,0.00093348
2016,672,2,165.25,115.699820,35.836050,388.71,0.00192447
2016,672,3,247.88,115.699550,35.836716,388.71,0.00198197
2016,674,0,0.00,115.697933,35.833482,179.41,-0.00000000
2016,674,1,57.84,115.697529,35.833078,269.11,-0.00000000
2016,674,2,115.69,115.697125,35.832674,328.91,-0.00000000
2016,675,0,0.00,115.697933,35.833482,358.81,-0.00159356
2016,675,1,91.90,115.697664,35.834232,269.11,-0.00302826
2016,675,2,183.79,115.697664,35.835061,284.06,-0.00438200
2016,675,3,275.69,115.698145,35.835638,448.52,-0.00295524
2016,675,4,367.58,115.698809,35.836244,478.42,-0.00130607
2016,675,5,459.48,115.699550,35.836716,538.22,-0.00100269
2016,676,0,0.00,115.699550,35.836716,358.81,0.00000000
2016,676,1,99.05,115.699820,35.837531,358.81,0.00049606
2016,676,2,198.10,115.700089,35.838346,388.71,0.00000000
2016,676,3,297.15,115.700164,35.839217,373.76,-0.00052076
2016,676,4,396.20,115.700628,35.839975,358.81,0.00045989
2016,676,5,495.25,115.700713,35.840843,328.91,0.00000000
2016,676,6,594.30,115.700987,35.841656,358.81,-0.00102579
2016,676,7,693.35,115.701261,35.842470,343.86,-0.00107854
2016,676,8,792.40,115.701744,35.843222,343.86,-0.00105910
2016,676,9,891.45,115.702228,35.843975,299.01,-0.00032415
2016,676,10,990.50,115.702920,35.844667,209.31,0.00045690
2016,676,11,1089.55,115.703323,35.845443,179.41,-0.00143769
2016,676,12,1188.60,115.703901,35.846149,209.31,-0.00191649
2016,676,13,1287.64,115.704777,35.846525,149.51,-0.00054127
2016,676,14,1386.69,115.705470,35.847217,134.55,-0.00177399
2016,676,15,1485.74,115.706403,35.847496,149.51,-0.00125063
2016,676,16,1584.79,115.707342,35.847765,149.51,-0.00003203
2016,676,17,1683.84,115.708242,35.848103,134.55,-0.00046498
2016,676,18,1782.89,115.709220,35.848304,179.41,0.00000000
2016,676,19,1881.94,115.710160,35.848574,179.41,0.00023137
2016,676,20,1980.99,115.711099,35.848843,149.51,-0.00010379
2016,676,21,2080.04,115.712038,35.849113,149.51,-0.00089688
2016,676,22,2179.09,115.712994,35.849352,104.65,-0.00233654
2016,676,23,2278.14,115.714073,35.849382,119.60,-0.00187166
2016,676,24,2377.19,115.715012,35.849113,119.60,-0.00177128
2016,676,25,2476.24,115.716065,35.849038,149.51,-0.00224189
2016,676,26,2575.29,115.716757,35.848345,194.36,0.00080836
2016,676,27,2674.34,115.717672,35.848035,179.41,-0.00018910
2016,676,28,2773.39,115.718638,35.847812,164.46,-0.00278724
2016,676,29,2872.44,115.719121,35.847059,224.26,0.00062208
2016,676,30,2971.49,115.719913,35.846537,269.11,0.00161304
2016,676,31,3070.54,115.720804,35.846185,299.01,-0.00057009
2016,676,32,3169.59,115.721595,35.845663,299.01,-0.00111079
2016,676,33,3268.64,115.722387,35.845141,299.01,-0.00054070
2016,676,34,3367.69,115.723079,35.844448,284.06,-0.00000000
2016,676,35,3466.74,115.723871,35.843926,358.81,-0.00000000
2016,676,36,3565.79,115.724563,35.843234,328.91,0.00000000
2016,676,37,3664.84,115.725355,35.842712,358.81,-0.00050226
2016,676,38,3763.88,115.726047,35.842020,358.81,0.00000000
2016,676,39,3862.93,115.726739,35.841327,373.76,0.00000000
2016,676,40,3961.98,115.727531,35.840805,358.81,-0.00099862
2016,676,41,4061.03,115.728014,35.840052,388.71,-0.00048467
2016,676,42,4160.08,115.728706,35.839360,433.57,-0.00105910
2016,676,43,4259.13,115.729194,35.838609,433.57,-0.00163669
2016,676,44,4358.18,115.729464,35.837794,433.57,-0.00113180
2016,677,0,0.00,115.729464,35.837794,508.32,-0.00265368
2016,677,1,92.70,115.730310,35.837487,478.42,-0.00252329
2016,677,2,185.39,115.730958,35.836839,463.47,-0.00119645
2016,677,3,278.09,115.731606,35.836191,478.42,-0.00000000
2016,677,4,370.78,115.732254,35.835543,493.37,-0.00000000
2016,677,5,463.48,115.732902,35.834895,493.37,-0.00000000
2016,677,6,556.18,115.733550,35.834248,493.37,0.00000000
2016,677,7,648.87,115.734197,35.833600,478.42,-0.00026769
2016,677,8,741.57,115.734845,35.832952,523.27,-0.00056788
2016,677,9,834.26,115.735393,35.832275,538.22,-0.00032453
2016,677,10,926.96,115.735932,35.831596,568.12,-0.00004867
2016,678,0,0.00,115.729464,35.837794,1465.15,-0.00135997
2016,678,1,90.87,115.728829,35.837159,1240.89,-0.00434060
2016,678,2,181.73,115.728082,35.836716,837.23,-0.00724566
2016,678,3,272.60,115.727261,35.837033,403.66,-0.00482672
2016,678,4,363.46,115.726527,35.837498,403.66,-0.00184069
2016,678,5,454.33,115.725891,35.838133,388.71,-0.00059901
2016,678,6,545.19,115.725256,35.838768,358.81,0.00059901
2016,678,7,636.06,115.724621,35.839403,388.71,-0.00000000
2016,678,8,726.92,115.723887,35.839868,373.76,-0.00059901
2016,678,9,817.79,115.723461,35.840563,358.81,0.00124689
2016,678,10,908.65,115.722727,35.841028,328.91,0.00249379
2016,679,0,0.00,115.735932,35.831596,1794.06,-0.00000000
2016,679,1,89.91,115.735304,35.830967,1524.95,0.00078154
2016,679,2,179.82,115.734675,35.830339,1091.39,0.00351496
2016,679,3,269.73,115.734315,35.829633,882.08,0.00463829
2016,679,4,359.64,115.734584,35.828901,598.02,0.00380974
2016,68,0,0.00,115.336541,35.530301,747.53,0.00000000
2016,68,1,38.62,115.336810,35.530570,672.77,0.00000000
2016,68,2,77.24,115.337080,35.530840,448.52,0.00000000
2016,680,0,0.00,115.735932,35.831596,568.12,-0.00128124
2016,680,1,94.87,115.736794,35.831273,523.27,-0.00126474
2016,680,2,189.75,115.737556,35.830780,523.27,-0.00176443
2016,680,3,284.62,115.738318,35.830287,523.27,-0.00168207
2016,680,4,379.49,115.738772,35.829564,493.37,-0.00000000
2016,680,5,474.37,115.739435,35.828901,508.32,0.00108352
2016,681,0,0.00,115.739435,35.828901,553.17,-0.00000000
2016,681,1,99.36,115.740378,35.828631,463.47,-0.00028509
2016,681,2,198.71,115.741320,35.828362,373.76,-0.00172554
2016,681,3,298.07,115.742214,35.828009,373.76,-0.00144436
2016,681,4,397.42,115.742908,35.827315,388.71,-0.00049653
2016,681,5,496.78,115.743801,35.826961,403.66,-0.00204832
2016,681,6,596.13,115.744286,35.826206,478.42,-0.00311141
2016,682,0,0.00,115.739435,35.828901,1465.15,0.00147324
2016,682,1,95.48,115.739166,35.828118,1091.39,0.00073662
2016,682,2,190.96,115.739166,35.827258,1076.44,-0.00073662
2016,682,3,286.44,115.738896,35.826475,418.61,-0.00147324
2016,683,0,0.00,115.744286,35.826206,508.32,0.00000000
2016,683,1,93.71,115.745323,35.826206,418.61,0.00000000
2016,683,2,187.41,115.746360,35.826206,328.91,0.00000000
2016,683,3,281.12,115.747397,35.826206,269.11,0.00091221
2016,683,4,374.82,115.748434,35.826206,239.21,0.00191973
2016,683,5,468.53,115.749314,35.826475,,0.00112909
2016,683,6,562.24,115.750194,35.826745,209.31,0.00159546
2016,683,7,655.94,115.751055,35.827046,209.31,0.00213090
2016,683,8,749.65,115.751710,35.827701,194.36,0.00121955
2016,683,9,843.35,115.752464,35.828185,194.36,0.00170306
2016,683,10,937.06,115.752910,35.828901,209.31,0.00228103
2016,684,0,0.00,115.744286,35.826206,1210.99,-0.00105576
2016,684,1,98.50,115.743807,35.825457,1091.39,-0.00175526
2016,684,2,197.00,115.743118,35.824769,777.43,-0.00358469
2016,684,3,295.49,115.742291,35.824319,717.63,-0.00377906
2016,684,4,393.99,115.741201,35.824319,523.27,-0.00142174
2016,684,5,492.49,115.740111,35.824319,553.17,-0.00082314
2016,684,6,590.99,115.739021,35.824319,642.87,-0.00173057
2016,684,7,689.48,115.738088,35.824589,612.97,-0.00181486
2016,685,0,0.00,115.738896,35.826475,837.23,0.00000000
2016,685,1,36.53,115.738492,35.826475,702.67,0.00000000
2016,685,2,73.06,115.738088,35.826475,672.77,0.00000000
2016,686,0,0.00,115.738896,35.826475,553.17,0.00000000
2016,686,1,57.85,115.739301,35.826071,373.76,0.00000000
2016,686,2,115.69,115.739705,35.825667,388.71,0.00000000
2016,687,0,0.00,115.752910,35.828901,224.26,0.00076545
2016,687,1,92.45,115.753655,35.829377,224.26,0.00132364
2016,687,2,184.89,115.754257,35.829894,269.11,0.00218631
2016,687,3,277.34,115.754796,35.830571,254.16,0.00204618
2016,687,4,369.78,115.755066,35.831326,269.11,0.00160155
2016,688,0,0.00,115.752910,35.828901,971.78,0.00247557
2016,688,1,82.20,115.752315,35.829440,911.98,0.00257977
2016,688,2,164.39,115.751563,35.829709,209.31,0.00268397
2016,689,0,0.00,115.738088,35.824589,448.52,0.00035024
2016,689,1,84.21,115.737708,35.825238,388.71,0.00072895
2016,689,2,168.41,115.737279,35.825873,598.02,0.00092307
2016,689,3,252.62,115.736740,35.826475,508.32,0.00073848
2016,69,0,0.00,115.378313,35.569378,568.12,-0.00314053
2016,69,1,64.16,115.378313,35.569956,254.16,-0.00323438
2016,69,2,128.31,115.378582,35.570456,119.60,-0.00332823
2016,690,0,0.00,115.738088,35.824589,373.76,-0.00431496
2016,690,1,80.37,115.737356,35.824319,508.32,-0.00452621
2016,690,2,160.74,115.736567,35.824493,583.07,-0.00439520
2016,690,3,241.11,115.735807,35.824714,493.37,-0.00286494
2016,690,4,321.48,115.735245,35.825275,523.27,-0.00000000
2016,690,5,401.85,115.734584,35.825667,538.22,0.00167694
2016,691,0,0.00,115.755066,35.831326,568.12,0.00000000
2016,691,1,57.84,115.754662,35.831731,672.77,0.00000000
2016,691,2,115.69,115.754257,35.832135,642.87,0.00000000
2016,692,0,0.00,115.755066,35.831326,328.91,0.00127212
2016,692,1,94.43,115.755726,35.831986,328.91,0.00171495
2016,692,2,188.87,115.756144,35.832716,269.11,0.00098489
2016,692,3,283.30,115.756419,35.833488,254.16,-0.00059240
2016,692,4,377.73,115.756870,35.834208,254.16,-0.00046760
2016,692,5,472.16,115.757321,35.834929,284.06,-0.00000000
2016,692,6,566.60,115.757761,35.835652,299.01,0.00023298
2016,692,7,661.03,115.758223,35.836370,313.96,0.00004621
2016,692,8,755.46,115.758569,35.837120,284.06,0.00000000
2016,692,9,849.89,115.759108,35.837815,328.91,0.00109438
2016,692,10,944.33,115.759378,35.838588,299.01,0.00000000
2016,692,11,1038.76,115.759609,35.839373,328.91,-0.00098583
2016,692,12,1133.19,115.760186,35.840056,328.91,0.00068939
2016,692,13,1227.62,115.760456,35.840830,313.96,0.00087656
2016,692,14,1322.06,115.760753,35.841595,343.86,0.00023400
2016,692,15,1416.49,115.760995,35.842376,358.81,0.00031168
2016,693,0,0.00,115.760995,35.842376,568.12,-0.00111476
2016,693,1,91.40,115.760356,35.843014,508.32,-0.00304682
2016,693,2,182.80,115.759917,35.843711,358.81,-0.00677327
2016,693,3,274.21,115.760128,35.844474,388.71,-0.00905150
2016,693,4,365.61,115.760949,35.844801,837.23,-0.00702194
2016,693,5,457.01,115.761803,35.844532,1794.06,-0.00450856
2016,694,0,0.00,115.760995,35.842376,418.61,0.00467595
2016,694,1,93.63,115.761749,35.842860,373.76,0.00467871
2016,694,2,187.25,115.761803,35.843688,343.86,0.00248323
2016,694,3,280.88,115.761803,35.844532,328.91,0.00028498
2016,696,0,0.00,115.761803,35.844532,313.96,0.00522182
2016,696,1,81.83,115.762342,35.844972,254.16,0.00479065
2016,696,2,163.66,115.762342,35.845709,239.21,0.00217974
2016,696,3,245.49,115.762342,35.846447,269.11,0.00000000
2016,696,4,327.31,115.762342,35.847184,433.57,0.00000000
2016,696,5,409.14,115.762342,35.847765,493.37,0.00000000
2016,697,0,0.00,115.762342,35.847765,1794.06,0.00180554
2016,697,1,98.74,115.761407,35.848035,657.82,0.00090277
2016,697,2,197.48,115.760314,35.848035,239.21,-0.00090277
2016,697,3,296.23,115.759378,35.848304,149.51,-0.00180554
2016,698,0,0.00,115.762342,35.847765,448.52,0.00128746
2016,698,1,90.65,115.762767,35.848460,328.91,0.00143210
2016,698,2,181.30,115.762983,35.849214,284.06,0.00062410
2016,698,3,271.95,115.763151,35.849982,328.91,-0.00047538
2016,698,4,362.60,115.763420,35.850721,328.91,-0.00031111
2016,698,5,453.26,115.763690,35.851460,328.91,0.00051544
2016,698,6,543.91,115.763959,35.852199,284.06,0.00081922
2016,698,7,634.56,115.764060,35.852987,299.01,-0.00020433
2016,698,8,725.21,115.764229,35.853755,284.06,0.00000000
2016,698,9,815.86,115.764498,35.854494,284.06,0.00128076
2016,698,10,906.51,115.764498,35.855311,299.01,0.00154529
2016,699,0,0.00,115.759378,35.848304,463.47,0.00000000
2016,699,1,14.95,115.759378,35.848439,463.47,0.00000000
2016,699,2,29.90,115.759378,35.848574,493.37,0.00000000
2016,7,0,0.00,115.336810,35.547818,747.53,0.00101408
2016,7,1,75.92,115.336182,35.547459,717.63,-0.00000000
2016,7,2,151.85,115.335605,35.547010,313.96,-0.00155553
2016,7,3,227.77,115.334924,35.546740,313.96,-0.00209698
2016,70,0,0.00,115.378313,35.569378,568.12,-0.00540371
2016,70,1,49.21,115.378313,35.568934,1584.76,-0.00551581
2016,70,2,98.41,115.378043,35.568569,1240.89,-0.00562791
2016,700,0,0.00,115.759378,35.848304,553.17,-0.01070628
2016,700,1,31.45,115.759158,35.848085,403.66,-0.01110580
2016,700,2,62.90,115.758839,35.848035,448.52,-0.01150532
2016,701,0,0.00,115.764498,35.855311,1136.24,-0.00339518
2016,701,1,99.42,115.763398,35.855311,448.52,-0.00352118
2016,701,2,198.83,115.762612,35.855850,478.42,-0.00364718
2016,702,0,0.00,115.764498,35.855311,299.01,0.00561071
2016,702,1,49.18,115.764768,35.855677,388.71,0.00549928
2016,702,2,98.36,115.764768,35.856120,418.61,0.00538784
2016,703,0,0.00,115.762612,35.855850,313.96,0.00000000
2016,703,1,94.17,115.762073,35.855158,299.01,0.00075401
2016,703,2,188.33,115.761534,35.854465,299.01,0.00152570
2016,703,3,282.50,115.761264,35.853694,254.16,0.00154338
2016,704,0,0.00,115.762612,35.855850,403.66,-0.00243898
2016,704,1,79.13,115.763264,35.856233,583.07,-0.00453102
2016,704,2,158.26,115.764049,35.856389,1091.39,-0.00545528
2016,704,3,237.39,115.764768,35.856120,956.83,-0.00428751
2016,706,0,0.00,115.764768,35.856120,328.91,-0.00201234
2016,706,1,99.62,115.765255,35.856877,358.81,-0.00203676
2016,706,2,199.23,115.766051,35.857403,284.06,-0.00103059
2016,706,3,298.85,115.766846,35.857929,209.31,0.00000000
2016,706,4,398.47,115.767642,35.858455,134.55,-0.00114290
2016,706,5,498.09,115.768438,35.858981,119.60,-0.00228840
2016,706,6,597.70,115.769432,35.859167,104.65,-0.00114842
2016,706,7,697.32,115.770426,35.859354,149.51,-0.00000585
2016,706,8,796.94,115.771421,35.859539,164.46,-0.00005769
2016,706,9,896.56,115.772415,35.859725,164.46,-0.00053743
2016,706,10,996.17,115.773420,35.859893,209.31,-0.00027094
2016,706,11,1095.79,115.774503,35.859926,224.26,0.00010678
2016,706,12,1195.41,115.775468,35.860162,269.11,-0.00080423
2016,706,13,1295.03,115.776571,35.860162,269.11,-0.00069928
2016,706,14,1394.64,115.777674,35.860162,269.11,0.00080423
2016,706,15,1494.26,115.778777,35.860162,299.01,0.00080423
2016,706,16,1593.88,115.779722,35.860432,299.01,-0.00080423
2016,706,17,1693.50,115.780825,35.860432,328.91,-0.00080423
2016,706,18,1793.11,115.781928,35.860432,358.81,0.00000000
2016,706,19,1892.73,115.783031,35.860432,358.81,-0.00080423
2016,706,20,1992.35,115.784134,35.860432,388.71,-0.00080423
2016,706,21,2091.97,115.785079,35.860162,388.71,0.00080423
2016,706,22,2191.58,115.786182,35.860162,388.71,0.00048810
2016,706,23,2291.20,115.787285,35.860162,418.61,-0.00080423
2016,706,24,2390.82,115.788324,35.860052,403.66,-0.00014818
2016,706,25,2490.44,115.789333,35.859893,448.52,0.00080423
2016,706,26,2590.05,115.790436,35.859893,448.52,-0.00033992
2016,706,27,2689.67,115.791539,35.859893,448.52,-0.00080423
2016,706,28,2789.29,115.792485,35.859623,448.52,0.00029084
2016,706,29,2888.91,115.793588,35.859623,448.52,0.00000000
2016,706,30,2988.52,115.794588,35.859448,403.66,0.00024489
2016,706,31,3088.14,115.795636,35.859354,448.52,0.00080423
2016,706,32,3187.76,115.796739,35.859354,418.61,-0.00053573
2016,706,33,3287.38,115.797842,35.859354,448.52,-0.00080423
2016,706,34,3386.99,115.798787,35.859084,448.52,0.00080423
2016,706,35,3486.61,115.799890,35.859084,418.61,0.00080423
2016,706,36,3586.23,115.800993,35.859084,418.61,-0.00080423
2016,706,37,3685.85,115.802096,35.859084,418.61,-0.00086510
2016,706,38,3785.46,115.803042,35.858815,403.66,-0.00000000
2016,706,39,3885.08,115.804133,35.858796,418.61,-0.00026776
2016,706,40,3984.70,115.805090,35.858545,388.71,0.00000000
2016,706,41,4084.32,115.806122,35.858424,388.71,-0.00015065
2016,706,42,4183.93,115.807138,35.858276,418.61,-0.00000000
2016,706,43,4283.55,115.808084,35.858006,388.71,0.00047928
2016,706,44,4383.17,115.809187,35.858006,418.61,-0.00079416
2016,706,45,4482.79,115.810132,35.857737,403.66,-0.00000000
2016,706,46,4582.40,115.811094,35.857495,418.61,0.00070774
2016,706,47,4682.02,115.812181,35.857467,418.61,-0.00088621
2016,706,48,4781.64,115.813126,35.857198,418.61,-0.00079979
2016,706,49,4881.26,115.814072,35.856928,418.61,0.00001947
2016,706,50,4980.87,115.815017,35.856659,433.57,0.00000000
2016,706,51,5080.49,115.815966,35.856395,448.52,-0.00003895
2016,706,52,5180.11,115.816908,35.856120,418.61,-0.00028476
2016,706,53,5279.73,115.817854,35.855850,418.61,0.00001948
2016,706,54,5379.34,115.818750,35.855497,403.66,0.00084233
2016,706,55,5478.96,115.819745,35.855311,388.71,0.00111515
2016,707,0,0.00,115.819745,35.855311,433.57,0.00224990
2016,707,1,87.24,115.820396,35.854772,388.71,0.00200573
2016,707,2,174.49,115.821204,35.854503,388.71,0.00088078
2016,707,3,261.73,115.821971,35.854163,373.76,0.00063001
2016,707,4,348.98,115.822780,35.853893,373.76,0.00106406
2016,707,5,436.22,115.823630,35.853694,388.71,0.00085610
2016,707,6,523.47,115.824496,35.853524,418.61,0.00071331
2016,707,7,610.71,115.825404,35.853425,478.42,0.00058250
2016,708,0,0.00,115.819745,35.855311,1480.10,-0.00000000
2016,708,1,89.97,115.820373,35.855940,1330.60,-0.00000000
2016,708,2,179.94,115.821002,35.856569,926.93,0.00000000
2016,708,3,269.90,115.821631,35.857198,538.22,0.00000000
2016,709,0,0.00,115.825404,35.853425,1794.06,0.00000000
2016,709,1,87.74,115.825808,35.854099,1794.06,0.00000000
2016,709,2,175.48,115.826213,35.854772,717.63,0.00000000
2016,71,0,0.00,115.378313,35.569378,478.42,0.00000000
2016,71,1,24.43,115.378582,35.569378,478.42,0.00000000
2016,71,2,48.86,115.378852,35.569378,448.52,0.00000000
2016,710,0,0.00,115.825404,35.853425,493.37,0.00352969
2016,710,1,92.97,115.826054,35.852775,448.52,0.00250794
2016,710,2,185.93,115.826990,35.852616,418.61,-0.00000000
2016,710,3,278.90,115.827751,35.852156,448.52,0.00000448
2016,710,4,371.86,115.828576,35.851808,448.52,0.00105669
2016,710,5,464.83,115.829448,35.851538,433.57,0.00030912
2016,710,6,557.79,115.830320,35.851269,448.52,-0.00000000
2016,710,7,650.76,115.831192,35.850999,478.42,-0.00000000
2016,710,8,743.72,115.832064,35.850730,478.42,0.00000000
2016,710,9,836.69,115.832935,35.850460,508.32,0.00102448
2016,710,10,929.65,115.833807,35.850191,478.42,0.00195175
2016,710,11,1022.62,115.834836,35.850191,598.02,0.00185454
2016,711,0,0.00,115.826213,35.854772,598.02,0.00000000
2016,711,1,12.17,115.826347,35.854772,568.12,0.00000000
2016,711,2,24.34,115.826482,35.854772,568.12,0.00000000
2016,712,0,0.00,115.826213,35.854772,583.07,0.00148295
2016,712,1,96.76,115.825745,35.855509,448.52,0.00307787
2016,712,2,193.53,115.825031,35.856120,373.76,0.00491244
2016,712,3,290.29,115.824293,35.856153,403.66,0.00284438
2016,712,4,387.05,115.823518,35.856120,433.57,0.00053668
2016,713,0,0.00,115.834836,35.850191,1614.66,0.00000000
2016,713,1,85.58,115.834836,35.850962,1315.65,0.00038625
2016,713,2,171.17,115.834836,35.851734,1091.39,0.00304270
2016,713,3,256.75,115.834714,35.852469,598.02,0.00579144
2016,713,4,342.34,115.834016,35.852897,463.47,0.00392373
2016,713,5,427.92,115.833219,35.853155,463.47,0.00157750
2016,714,0,0.00,115.834836,35.850191,523.27,0.00149247
2016,714,1,97.54,115.835617,35.849679,508.32,0.00238854
2016,714,2,195.08,115.836524,35.849382,508.32,0.00188674
2016,714,3,292.62,115.837577,35.849337,493.37,0.00039394
2016,714,4,390.16,115.838526,35.849113,448.52,0.00083990
2016,714,5,487.70,115.839606,35.849113,388.71,0.00069039
2016,714,6,585.24,115.840686,35.849113,358.81,0.00036784
2016,714,7,682.78,115.841765,35.849113,299.01,0.00083990
2016,714,8,780.32,115.842774,35.849235,299.01,0.00097043
2016,714,9,877.86,115.843768,35.849382,239.21,0.00091828
2016,714,10,975.40,115.844690,35.849652,209.31,0.00067554
2016,714,11,1072.94,115.845614,35.849919,179.41,0.00097649
2016,714,12,1170.48,115.846494,35.850261,164.46,0.00140868
2016,714,13,1268.02,115.847300,35.850730,179.41,0.00029786
2016,714,14,1365.56,115.848065,35.851269,194.36,-0.00048605
2016,714,15,1463.10,115.848937,35.851625,209.31,-0.00014841
2016,714,16,1560.64,115.849718,35.852137,194.36,-0.00005231
2016,714,17,1658.18,115.850598,35.852478,209.31,0.00032698
2016,714,18,1755.71,115.851379,35.852990,254.16,0.00058876
2016,714,19,1853.25,115.852205,35.853425,239.21,0.00105858
2016,714,20,1950.79,115.852942,35.854013,313.96,0.00055835
2016,714,21,2048.33,115.853623,35.854695,373.76,-0.00035894
2016,714,22,2145.87,115.854404,35.855206,373.76,-0.00000000
2016,714,23,2243.41,115.855108,35.855850,388.71,0.00023899
2016,714,24,2340.95,115.855867,35.856400,373.76,0.00000000
2016,714,25,2438.49,115.856549,35.857081,418.61,-0.00101377
2016,714,26,2536.03,115.857330,35.857593,418.61,-0.00175240
2016,714,27,2633.57,115.858168,35.858006,463.47,-0.00136977
2016,714,28,2731.11,115.859091,35.858276,493.37,-0.00102526
2016,715,0,0.00,115.859091,35.858276,463.47,-0.00125147
2016,715,1,90.67,115.859516,35.858970,433.57,-0.00147921
2016,715,2,181.35,115.860149,35.859604,403.66,-0.00119524
2016,715,3,272.02,115.860827,35.860162,418.61,-0.00006874
2016,715,4,362.70,115.861516,35.860701,388.71,-0.00000000
2016,715,5,453.37,115.862150,35.861335,328.91,0.00004888
2016,715,6,544.05,115.862883,35.861799,358.81,0.00119524
2016,715,7,634.72,115.863403,35.862465,328.91,0.00081659
2016,715,8,725.40,115.863942,35.863127,313.96,-0.00011350
2016,716,0,0.00,115.859091,35.858276,1794.06,-0.00000000
2016,716,1,76.09,115.859623,35.857744,1375.45,0.00128362
2016,716,2,152.19,115.860155,35.857212,1061.49,0.00574724
2016,716,3,228.28,115.860831,35.856928,553.17,0.00750622
2016,716,4,304.37,115.861516,35.857198,448.52,0.00608520
2016,717,0,0.00,115.863942,35.863127,358.81,0.00230387
2016,717,1,99.24,115.864834,35.863480,358.81,0.00169039
2016,717,2,198.48,115.865528,35.864174,358.81,0.00053846
2016,717,3,297.72,115.866321,35.864697,358.81,0.00000000
2016,717,4,396.95,115.867014,35.865391,328.91,-0.00000000
2016,717,5,496.19,115.867807,35.865914,328.91,0.00011379
2016,717,6,595.43,115.868501,35.866608,299.01,0.00000000
2016,717,7,694.67,115.869272,35.867169,328.91,-0.00055185
2016,717,8,793.91,115.869988,35.867825,299.01,-0.00174380
2016,717,9,893.15,115.870840,35.868247,313.96,-0.00257851
2016,717,10,992.39,115.871782,35.868517,388.71,-0.00222798
2016,717,11,1091.63,115.872566,35.868517,448.52,-0.00191041
2016,718,0,0.00,115.863942,35.863127,1794.06,-0.00185634
2016,718,1,72.79,115.863433,35.863635,1225.94,-0.00191166
2016,718,2,145.57,115.863133,35.864205,882.08,-0.00196697
2016,719,0,0.00,115.872566,35.868517,867.13,-0.00117729
2016,719,1,93.47,115.872539,35.867682,403.66,-0.00225153
2016,719,2,186.94,115.872296,35.866910,343.86,-0.00258591
2016,719,3,280.41,115.871762,35.866361,284.06,-0.00067222
2016,719,4,373.88,115.871218,35.865678,313.96,0.00048749
2016,719,5,467.35,115.870679,35.864992,343.86,0.00001865
2016,719,6,560.82,115.870218,35.864283,358.81,-0.00027223
2016,719,7,654.29,115.869601,35.863619,343.86,-0.00015313
2016,719,8,747.76,115.869121,35.862916,343.86,-0.00112354
2016,719,9,841.23,115.868467,35.862262,343.86,-0.00163509
2016,719,10,934.70,115.867715,35.861779,358.81,-0.00122096
2016,72,0,0.00,115.378043,35.568569,373.76,0.00098772
2016,72,1,85.08,115.378495,35.568030,358.81,0.00092820
2016,72,2,170.17,115.379121,35.567491,463.47,0.00086867
2016,720,0,0.00,115.872566,35.868517,583.07,-0.01070838
2016,720,1,31.45,115.872785,35.868736,612.97,-0.01110820
2016,720,2,62.89,115.873105,35.868786,508.32,-0.01150802
2016,721,0,0.00,115.867715,35.861779,313.96,-0.00220804
2016,721,1,95.19,115.867258,35.861053,284.06,-0.00164860
2016,721,2,190.39,115.866494,35.860558,313.96,-0.00000000
2016,721,3,285.58,115.865828,35.859893,358.81,0.00108917
2016,722,0,0.00,115.867715,35.861779,493.37,0.00000000
2016,722,1,36.51,115.867310,35.861779,463.47,0.00000000
2016,722,2,73.02,115.866906,35.861779,463.47,0.00000000
2016,723,0,0.00,115.873105,35.868786,493.37,-0.00219328
2016,723,1,96.47,115.873152,35.869642,388.71,-0.00223368
2016,723,2,192.94,115.873617,35.870377,343.86,-0.00168780
2016,723,3,289.40,115.874082,35.871111,284.06,-0.00160427
2016,723,4,385.87,115.874757,35.871786,284.06,-0.00105351
2016,723,5,482.34,115.875530,35.872290,269.11,0.00052996
2016,723,6,578.81,115.876205,35.872964,254.16,0.00000000
2016,723,7,675.28,115.876879,35.873639,254.16,-0.00086838
2016,723,8,771.75,115.877653,35.874143,239.21,-0.00000000
2016,723,9,868.21,115.878387,35.874715,269.11,0.00011444
2016,723,10,964.68,115.879101,35.875321,239.21,0.00000000
2016,723,11,1061.15,115.879874,35.875825,299.01,0.00022399
2016,723,12,1157.62,115.880549,35.876500,269.11,0.00000000
2016,723,13,1254.09,115.881322,35.877004,269.11,0.00052996
2016,723,14,1350.56,115.881997,35.877678,239.21,0.00052996
2016,723,15,1447.02,115.882671,35.878353,269.11,-0.00000000
2016,723,16,1543.49,115.883345,35.879027,239.21,0.00000000
2016,724,0,0.00,115.873105,35.868786,1151.19,0.00174720
2016,724,1,67.63,115.873577,35.868313,328.91,0.00230163
2016,724,2,135.27,115.874130,35.867978,239.21,0.00191553
2016,724,3,202.90,115.874722,35.867708,239.21,0.00097499
2016,725,0,0.00,115.883345,35.879027,269.11,-0.00369887
2016,725,1,55.78,115.883835,35.879247,343.86,-0.00359454
2016,725,2,111.56,115.884423,35.879296,448.52,-0.00349020
2016,726,0,0.00,115.883345,35.879027,598.02,0.00517026
2016,726,1,77.84,115.883010,35.879631,1704.36,0.00527867
2016,726,2,155.68,115.882267,35.879835,553.17,0.00538708
2016,727,0,0.00,115.874722,35.867708,717.63,-0.00158933
2016,727,1,81.31,115.874571,35.867019,672.77,-0.00238002
2016,727,2,162.62,115.874212,35.866390,299.01,-0.00232628
2016,727,3,243.93,115.873644,35.865822,313.96,-0.00148184
2016,728,0,0.00,115.874722,35.867708,627.92,0.00000000
2016,728,1,81.15,115.875463,35.867978,403.66,-0.00065446
2016,728,2,162.30,115.876204,35.868247,328.91,0.00000000
2016,728,3,243.45,115.877019,35.868389,284.06,0.00195852
2016,728,4,324.59,115.877686,35.868786,284.06,0.00260811
2016,729,0,0.00,115.884423,35.879296,299.01,-0.00956866
2016,729,1,46.40,115.884539,35.879681,313.96,-0.00981880
2016,729,2,92.79,115.884962,35.879835,328.91,-0.01006893
2016,730,0,0.00,115.884423,35.879296,1225.94,0.00061198
2016,730,1,82.34,115.884999,35.878721,1031.59,0.00565227
2016,730,2,164.67,115.885617,35.878218,493.37,0.01117063
2016,730,3,247.01,115.886040,35.878757,299.01,0.01164871
2016,731,0,0.00,115.884962,35.879835,358.81,0.00000000
2016,731,1,44.85,115.884962,35.880240,313.96,0.00000000
2016,731,2,89.71,115.884962,35.880644,358.81,0.00000000
2016,732,0,0.00,115.884962,35.879835,1181.09,-0.00000000
2016,732,1,77.11,115.885501,35.879296,971.78,-0.00000000
2016,732,2,154.21,115.886040,35.878757,523.27,-0.00000000
2016,733,0,0.00,115.886040,35.878757,59.80,-0.00167150
2016,733,1,80.48,115.886702,35.878365,,-0.00083575
2016,733,2,160.96,115.887265,35.877802,,0.00083575
2016,733,3,241.44,115.887927,35.877410,,0.00167150
2016,735,0,0.00,115.884962,35.880644,1225.94,-0.00185633
2016,735,1,72.78,115.884454,35.881153,523.27,-0.00191163
2016,735,2,145.56,115.884154,35.881722,403.66,-0.00196693
2016,736,0,0.00,115.884962,35.880644,269.11,0.00000000
2016,736,1,92.06,115.885501,35.881318,269.11,0.00000000
2016,736,2,184.11,115.886040,35.881991,269.11,0.00000000
2016,737,0,0.00,115.886040,35.881991,672.77,-0.00115139
2016,737,1,92.06,115.885397,35.882635,478.42,-0.00118212
2016,737,2,184.11,115.884962,35.883339,343.86,-0.00121286
2016,738,0,0.00,115.886040,35.881991,269.11,0.00442392
2016,738,1,75.54,115.886568,35.882519,269.11,0.00447809
2016,738,2,151.08,115.886579,35.883197,224.26,0.00230955
2016,738,3,226.62,115.886579,35.883878,239.21,0.00008684
2016,739,0,0.00,115.886579,35.883878,1196.04,0.00464172
2016,739,1,75.05,115.885955,35.884062,612.97,0.00434346
2016,739,2,150.11,115.885232,35.883878,313.96,0.00404520
2016,74,0,0.00,115.340314,35.538925,134.55,0.00000000
2016,74,1,74.75,115.340314,35.539598,104.65,0.00000000
2016,74,2,149.50,115.340314,35.540272,,0.00000000
2016,740,0,0.00,115.886579,35.883878,209.31,0.00139481
2016,740,1,97.10,115.887258,35.884557,269.11,0.00178579
2016,740,2,194.19,115.887657,35.885316,269.11,0.00296033
2016,740,3,291.29,115.887927,35.886113,299.01,0.00311399
2016,740,4,388.39,115.887604,35.886895,269.11,0.00221951
2016,740,5,485.48,115.887388,35.887708,149.51,0.00281935
2016,740,6,582.58,115.886775,35.888264,194.36,0.00168037
2016,740,7,679.68,115.885996,35.888773,194.36,-0.00016151
2016,740,8,776.78,115.885318,35.889451,269.11,0.00000000
2016,740,9,873.87,115.884539,35.889960,328.91,-0.00052291
2016,740,10,970.97,115.883861,35.890639,358.81,-0.00000000
2016,740,11,1068.07,115.883182,35.891318,433.57,0.00108645
2016,740,12,1165.16,115.882404,35.891826,448.52,0.00000000
2016,740,13,1262.26,115.881626,35.892335,493.37,-0.00056354
2016,740,14,1359.36,115.880947,35.893014,523.27,0.00026885
2016,740,15,1456.45,115.880169,35.893522,493.37,0.00016901
2016,740,16,1553.55,115.879442,35.894119,508.32,0.00001672
2016,740,17,1650.65,115.878681,35.894658,508.32,0.00021776
2016,740,18,1747.74,115.877934,35.895218,493.37,0.00027798
2016,740,19,1844.84,115.877155,35.895727,478.42,0.00017678
2016,740,20,1941.94,115.876377,35.896236,493.37,0.00059427
2016,740,21,2039.04,115.875599,35.896744,523.27,0.00120510
2016,740,22,2136.13,115.874722,35.897083,553.17,0.00122166
2016,741,0,0.00,115.874722,35.897083,612.97,0.00333440
2016,741,1,95.66,115.874471,35.897873,538.22,0.00398206
2016,741,2,191.33,115.873703,35.898371,553.17,0.00294451
2016,741,3,286.99,115.872835,35.898700,538.22,0.00125929
2016,742,0,0.00,115.874722,35.897083,1794.06,0.00000000
2016,742,1,86.80,115.874115,35.896476,1794.06,-0.00084721
2016,742,2,173.60,115.873508,35.895869,1375.45,-0.00637009
2016,742,3,260.40,115.872802,35.895499,538.22,-0.01078172
2016,742,4,347.20,115.872195,35.896106,508.32,-0.00727318
2016,742,5,433.99,115.872027,35.896840,762.48,-0.00253356
2016,742,6,520.79,115.872027,35.897622,777.43,-0.00103845
2016,743,0,0.00,115.872835,35.898700,493.37,0.00138508
2016,743,1,86.30,115.872441,35.899364,463.47,0.00236156
2016,743,2,172.60,115.871838,35.899967,433.57,0.00357936
2016,743,3,258.90,115.871086,35.900317,448.52,0.00304978
2016,743,4,345.20,115.870233,35.900493,478.42,0.00148936
2016,743,5,431.50,115.869332,35.900586,627.92,0.00069985
2016,744,0,0.00,115.872835,35.898700,1794.06,0.00185632
2016,744,1,72.78,115.872326,35.898191,1794.06,0.00191160
2016,744,2,145.55,115.872027,35.897622,1001.69,0.00196688
2016,745,0,0.00,115.872027,35.897622,882.08,-0.00396526
2016,745,1,92.27,115.871162,35.897352,687.72,-0.00508076
2016,745,2,184.54,115.870298,35.897622,418.61,-0.00556793
2016,745,3,276.81,115.869601,35.898170,463.47,-0.00466905
2016,745,4,369.08,115.869332,35.898923,702.67,-0.00294409
2016,745,5,461.35,115.869332,35.899755,777.43,-0.00074483
2016,745,6,553.62,115.869332,35.900586,941.88,0.00000000
2016,748,0,0.00,115.869332,35.900586,598.02,-0.00124394
2016,748,1,79.99,115.868793,35.901151,508.32,0.00108799
2016,748,2,159.98,115.868422,35.901765,463.47,0.00418203
2016,748,3,239.97,115.867664,35.901984,493.37,0.00247207
2016,748,4,319.96,115.866906,35.902203,478.42,0.00000000
2016,749,0,0.00,115.866906,35.902203,418.61,0.00299716
2016,749,1,93.80,115.866360,35.902750,418.61,0.00367863
2016,749,2,187.61,115.865474,35.903012,448.52,0.00323374
2016,749,3,281.41,115.864750,35.903012,448.52,0.00210738
2016,75,0,0.00,115.340314,35.538925,269.11,-0.00347805
2016,75,1,53.57,115.340688,35.538551,239.21,-0.00358514
2016,75,2,107.14,115.340853,35.538116,224.26,-0.00369222
2016,750,0,0.00,115.866906,35.902203,1779.11,0.00000000
2016,750,1,84.43,115.866316,35.901613,1719.31,-0.00205388
2016,750,2,168.85,115.865726,35.901023,1001.69,-0.00843740
2016,750,3,253.28,115.864937,35.900939,418.61,-0.01096208
2016,750,4,337.71,115.864556,35.901590,538.22,-0.00678014
2016,750,5,422.14,115.864481,35.902329,1061.49,-0.00338434
2016,750,6,506.56,115.864750,35.903012,1420.30,-0.00236552
2016,752,0,0.00,115.864750,35.903012,523.27,0.00143531
2016,752,1,83.16,115.864169,35.903593,508.32,0.00176741
2016,752,2,166.32,115.863488,35.904005,448.52,0.00160178
2016,752,3,249.49,115.862774,35.904359,388.71,0.00110999
2016,752,4,332.65,115.862027,35.904657,388.71,0.00083501
2016,752,5,415.81,115.861247,35.904898,358.81,0.00055407
2016,753,0,0.00,115.861247,35.904898,403.66,-0.00215851
2016,753,1,98.98,115.860764,35.905651,328.91,-0.00167529
2016,753,2,197.96,115.860699,35.906524,224.26,-0.00137353
2016,753,3,296.94,115.860452,35.907337,224.26,-0.00157349
2016,753,4,395.92,115.860708,35.908155,179.41,-0.00084035
2016,753,5,494.91,115.860790,35.909023,179.41,-0.00029856
2016,753,6,593.89,115.861064,35.909836,224.26,-0.00048874
2016,753,7,692.87,115.861247,35.910675,224.26,-0.00047071
2016,753,8,791.85,115.861612,35.911462,299.01,-0.00107926
2016,753,9,890.83,115.861886,35.912275,313.96,-0.00084309
2016,753,10,989.81,115.862578,35.912967,358.81,0.00105988
2016,753,11,1088.79,115.862852,35.913780,373.76,0.00037335
2016,753,12,1187.77,115.863133,35.914590,403.66,-0.00104077
2016,753,13,1286.76,115.863672,35.915327,418.61,-0.00073911
2016,753,14,1385.74,115.864092,35.916098,418.61,-0.00103801
2016,753,15,1484.72,115.864784,35.916790,433.57,-0.00015638
2016,753,16,1583.70,115.865476,35.917482,403.66,-0.00000000
2016,753,17,1682.68,115.865959,35.918234,388.71,-0.00154063
2016,753,18,1781.66,115.866750,35.918756,388.71,-0.00104387
2016,753,19,1880.64,115.867542,35.919278,299.01,-0.00000000
2016,753,20,1979.62,115.868333,35.919800,299.01,-0.00015019
2016,753,21,2078.61,115.869125,35.920322,254.16,-0.00057064
2016,753,22,2177.59,115.869943,35.920799,194.36,-0.00084982
2016,753,23,2276.57,115.870807,35.921196,179.41,-0.00058715
2016,753,24,2375.55,115.871698,35.921548,179.41,-0.00052430
2016,753,25,2474.53,115.872589,35.921900,149.51,-0.00154292
2016,753,26,2573.51,115.873542,35.922146,149.51,-0.00110222
2016,753,27,2672.49,115.874638,35.922146,149.51,0.00007418
2016,753,28,2771.47,115.875577,35.922415,179.41,-0.00081495
2016,753,29,2870.46,115.876674,35.922415,209.31,0.00000000
2016,753,30,2969.44,115.877771,35.922415,239.21,0.00081495
2016,753,31,3068.42,115.878710,35.922685,299.01,-0.00081495
2016,753,32,3167.40,115.879807,35.922685,328.91,-0.00081495
2016,753,33,3266.38,115.880903,35.922685,328.91,-0.00054318
2016,753,34,3365.36,115.882000,35.922685,358.81,-0.00081495
2016,753,35,3464.34,115.882990,35.922502,343.86,0.00029325
2016,753,36,3563.32,115.884036,35.922415,328.91,0.00081495
2016,753,37,3662.31,115.885133,35.922415,328.91,0.00024993
2016,753,38,3761.29,115.886229,35.922415,269.11,-0.00081495
2016,753,39,3860.27,115.887326,35.922415,328.91,0.00000000
2016,753,40,3959.25,115.888265,35.922146,328.91,0.00162990
2016,753,41,4058.23,115.889204,35.922415,358.81,0.00081495
2016,753,42,4157.21,115.890301,35.922415,388.71,0.00076942
2016,753,43,4256.19,115.891240,35.922685,433.57,-0.00000000
2016,753,44,4355.17,115.892201,35.922917,403.66,-0.00064806
2016,753,45,4454.16,115.893276,35.922954,433.57,0.00089832
2016,753,46,4553.14,115.894215,35.923224,418.61,0.00037378
2016,753,47,4652.12,115.895154,35.923493,388.71,-0.00089832
2016,753,48,4751.10,115.896162,35.923644,358.81,-0.00010749
2016,753,49,4850.08,115.897190,35.923763,299.01,0.00089832
2016,753,50,4949.06,115.898129,35.924032,299.01,0.00051067
2016,753,51,5048.04,115.899068,35.924302,239.21,0.00077163
2016,753,52,5147.02,115.900007,35.924571,149.51,0.00093284
2016,753,53,5246.01,115.900816,35.925064,119.60,0.00086019
2016,753,54,5344.99,115.901728,35.925380,149.51,0.00194818
2016,753,55,5443.97,115.902289,35.925998,104.65,0.00141183
2016,753,56,5542.95,115.902981,35.926690,134.55,0.00090996
2016,753,57,5641.93,115.903557,35.927416,119.60,0.00098590
2016,753,58,5740.91,115.903947,35.928195,209.31,0.00071564
2016,753,59,5839.89,115.904430,35.928948,209.31,0.00102847
2016,753,60,5938.87,115.904635,35.929780,209.31,-0.00081343
2016,753,61,6037.86,115.904905,35.930594,269.11,-0.00246620
2016,753,62,6136.84,115.905560,35.931156,239.21,-0.00092111
2016,753,63,6235.82,115.906252,35.931848,209.31,0.00036052
2016,754,0,0.00,115.861247,35.904898,1121.29,-0.00040981
2016,754,1,80.47,115.860684,35.904336,598.02,-0.00160364
2016,754,2,160.93,115.860094,35.903820,29.90,-0.00267719
2016,754,3,241.40,115.859360,35.903551,,-0.00255691
2016,76,0,0.00,115.339775,35.532187,299.01,-0.00000000
2016,76,1,77.24,115.339236,35.531648,224.26,-0.00000000
2016,76,2,154.48,115.338697,35.531109,313.96,-0.00000000
2016,77,0,0.00,115.339775,35.532187,269.11,0.00000000
2016,77,1,50.84,115.340179,35.531918,388.71,0.00000000
2016,77,2,101.68,115.340583,35.531648,149.51,0.00000000
2016,78,0,0.00,115.341122,35.534343,179.41,0.00000000
2016,78,1,74.75,115.341122,35.535017,194.36,0.00000000
2016,78,2,149.50,115.341122,35.535691,328.91,0.00000000
2016,79,0,0.00,115.341122,35.534343,523.27,-0.00487720
2016,79,1,79.93,115.341779,35.533956,224.26,-0.00536305
2016,79,2,159.85,115.341931,35.533280,134.55,-0.00247585
2016,79,3,239.78,115.341931,35.532560,179.41,0.00151402
2016,79,4,319.70,115.342200,35.531918,403.66,0.00213084
2016,8,0,0.00,115.350555,35.563449,358.81,-0.00135394
2016,8,1,88.50,115.350755,35.564188,299.01,-0.00255655
2016,8,2,177.00,115.351164,35.564866,269.11,-0.00328197
2016,8,3,265.50,115.351868,35.565335,328.91,-0.00221824
2016,8,4,354.01,115.352597,35.565761,284.06,-0.00219066
2016,8,5,442.51,115.353413,35.566038,358.81,-0.00207162
2016,8,6,531.01,115.354328,35.566144,448.52,-0.00139363
2016,80,0,0.00,115.338697,35.531109,508.32,-0.00438934
2016,80,1,50.84,115.339151,35.530925,433.57,-0.00417498
2016,80,2,101.68,115.339505,35.530570,149.51,-0.00396062
2016,81,0,0.00,115.338697,35.531109,313.96,0.00000000
2016,81,1,38.62,115.338427,35.530840,598.02,0.00000000
2016,81,2,77.24,115.338158,35.530570,463.47,0.00000000
2016,83,0,0.00,115.337080,35.530840,194.36,0.00367922
2016,83,1,55.97,115.337569,35.530620,179.41,0.00357551
2016,83,2,111.94,115.338158,35.530570,313.96,0.00347180
2016,85,0,0.00,115.337080,35.529223,463.47,0.00446869
2016,85,1,94.96,115.336810,35.528446,418.61,0.00445573
2016,85,2,189.92,115.337349,35.527747,508.32,0.00393929
2016,85,3,284.88,115.337903,35.527052,837.23,0.00345694
2016,85,4,379.84,115.338802,35.526797,568.12,0.00355142
2016,85,5,474.80,115.339693,35.526528,1196.04,0.00367895
2016,85,6,569.76,115.340583,35.526797,1166.14,0.00373313
2016,86,0,0.00,115.337080,35.529223,807.33,0.00000000
2016,86,1,63.06,115.337619,35.529492,777.43,0.00000000
2016,86,2,126.12,115.338158,35.529762,1106.34,0.00000000
2016,87,0,0.00,115.379121,35.567491,523.27,0.00099313
2016,87,1,96.43,115.379391,35.566701,568.12,0.00259568
2016,87,2,192.86,115.379841,35.565963,239.21,0.00547817
2016,87,3,289.29,115.380697,35.565605,568.12,0.00693051
2016,87,4,385.72,115.381682,35.565740,941.88,0.00535430
2016,87,5,482.14,115.382355,35.566413,1240.89,0.00360570
2016,88,0,0.00,115.379121,35.567491,448.52,-0.00579686
2016,88,1,55.95,115.379582,35.567761,448.52,-0.00555188
2016,88,2,111.90,115.380199,35.567761,239.21,-0.00530689
2016,89,0,0.00,115.340583,35.531648,239.21,-0.00540579
2016,89,1,49.21,115.340583,35.531205,224.26,-0.00551797
2016,89,2,98.42,115.340314,35.530840,209.31,-0.00563016
2016,9,0,0.00,115.350555,35.563449,1794.06,0.00571269
2016,9,1,74.61,115.351075,35.562928,911.98,0.00584422
2016,9,2,149.21,115.351888,35.562910,403.66,0.00307959
2016,9,3,223.82,115.352711,35.562910,403.66,0.00018344
2016,90,0,0.00,115.340583,35.531648,702.67,0.00000000
2016,90,1,61.10,115.341257,35.531648,897.03,0.00000000
2016,90,2,122.21,115.341931,35.531648,1166.14,0.00000000
2016,91,0,0.00,115.341931,35.531648,493.37,0.00000000
2016,91,1,19.31,115.342066,35.531783,418.61,0.00000000
2016,91,2,38.62,115.342200,35.531918,403.66,0.00000000
2016,92,0,0.00,115.342200,35.531918,1016.64,0.00000000
2016,92,1,12.22,115.342335,35.531918,1016.64,0.00000000
2016,92,2,24.44,115.342470,35.531918,926.93,0.00000000
2016,93,0,0.00,115.341931,35.531648,239.21,0.00174646
2016,93,1,85.55,115.341931,35.530877,373.76,0.00000000
2016,93,2,171.09,115.342200,35.530185,388.71,-0.00267347
2016,93,3,256.64,115.341931,35.529492,269.11,-0.00360047
2016,95,0,0.00,115.339505,35.530570,194.36,0.00119444
2016,95,1,78.99,115.339775,35.529937,179.41,0.00171324
2016,95,2,157.98,115.340190,35.529346,523.27,0.00242138
2016,95,3,236.97,115.340742,35.528795,777.43,0.00217664
2016,95,4,315.96,115.341392,35.528414,792.38,0.00174257
2016,96,0,0.00,115.339505,35.530570,373.76,-0.00922703
2016,96,1,43.75,115.339831,35.530840,732.58,-0.00903846
2016,96,2,87.50,115.340314,35.530840,732.58,-0.00884990
2016,98,0,0.00,115.338158,35.530570,403.66,0.00000000
2016,98,1,44.85,115.338158,35.530166,209.31,0.00000000
2016,98,2,89.70,115.338158,35.529762,313.96,0.00000000
2016,99,0,0.00,115.340583,35.526797,598.02,0.00000000
2016,99,1,81.48,115.340015,35.527366,657.82,0.00000000
2016,99,2,162.95,115.339446,35.527935,702.67,-0.00140955
2016,99,3,244.43,115.338878,35.528503,463.47,-0.00152215
2016,99,4,325.90,115.338697,35.529185,224.26,0.00120528
2016,99,5,407.38,115.338158,35.529762,134.55,0.00263576
