year,link_id,sample_idx,s_m,lon,lat,B_m,C_1m
2000,0,0,0.00,115.084833,35.394745,403.66,-0.00313277
2000,0,1,93.47,115.084390,35.394032,388.71,-0.00613219
2000,0,2,186.93,115.083572,35.393667,702.67,-0.00828987
2000,0,3,280.40,115.082790,35.394093,1046.54,-0.00448376
2000,0,4,373.86,115.082138,35.394745,941.88,-0.00151939
2000,1,0,0.00,115.082138,35.394745,388.71,0.00000000
2000,1,1,19.32,115.082273,35.394880,403.66,0.00000000
2000,1,2,38.64,115.082407,35.395015,448.52,0.00000000
2000,10,0,0.00,115.081330,35.393398,388.71,-0.00181368
2000,10,1,91.95,115.080897,35.392695,448.52,-0.00055457
2000,10,2,183.90,115.080252,35.392197,418.61,0.00062650
2000,10,3,275.85,115.079933,35.391462,418.61,-0.00005601
2000,10,4,367.79,115.079291,35.390821,403.66,0.00090846
2000,10,5,459.74,115.078859,35.390118,373.76,0.00186808
2000,10,6,551.69,115.078635,35.389355,388.71,0.00125877
2000,100,0,0.00,115.348668,35.521408,493.37,0.00000000
2000,100,1,44.85,115.348668,35.521003,448.52,0.00000000
2000,100,2,89.70,115.348668,35.520599,553.17,0.00000000
2000,101,0,0.00,115.342739,35.525180,1345.55,0.00000000
2000,101,1,82.78,115.343652,35.525180,1554.85,-0.00248252
2000,101,2,165.56,115.344565,35.525180,627.92,-0.00502769
2000,101,3,248.34,115.345165,35.524641,657.82,-0.00509034
2000,102,0,0.00,115.342739,35.525180,478.42,-0.00257400
2000,102,1,91.36,115.342200,35.525847,448.52,-0.00319774
2000,102,2,182.72,115.342090,35.526638,493.37,-0.00261229
2000,102,3,274.08,115.342200,35.527336,762.48,-0.00140309
2000,104,0,0.00,115.345165,35.524641,941.88,-0.00396046
2000,104,1,50.84,115.345519,35.524996,747.53,-0.00417479
2000,104,2,101.68,115.345973,35.525180,852.18,-0.00438913
2000,105,0,0.00,115.347051,35.524641,463.47,0.00000000
2000,105,1,24.44,115.346782,35.524641,822.28,0.00000000
2000,105,2,48.89,115.346512,35.524641,642.87,0.00000000
2000,106,0,0.00,115.347051,35.524641,911.98,0.00379689
2000,106,1,84.82,115.347321,35.525327,642.87,0.00630005
2000,106,2,169.63,115.347032,35.526008,657.82,0.00701003
2000,106,3,254.45,115.346243,35.526258,1001.69,0.00521685
2000,108,0,0.00,115.346512,35.524641,463.47,0.00000000
2000,108,1,38.62,115.346243,35.524911,493.37,0.00000000
2000,108,2,77.24,115.345973,35.525180,657.82,0.00000000
2000,109,0,0.00,115.342200,35.527336,1196.04,-0.00186756
2000,109,1,92.64,115.343222,35.527336,1166.14,-0.00196515
2000,109,2,185.28,115.344087,35.527067,926.93,-0.00206273
2000,11,0,0.00,115.086180,35.400135,418.61,-0.00208777
2000,11,1,99.37,115.086248,35.401011,373.76,-0.00211974
2000,11,2,198.75,115.086732,35.401765,313.96,-0.00063028
2000,11,3,298.12,115.087217,35.402519,313.96,-0.00000000
2000,11,4,397.50,115.087528,35.403324,299.01,-0.00088024
2000,11,5,496.87,115.088186,35.404027,313.96,0.00002607
2000,11,6,596.25,115.088671,35.404781,313.96,0.00097059
2000,11,7,695.62,115.089145,35.405538,269.11,-0.00052970
2000,11,8,795.00,115.089431,35.406350,299.01,-0.00155094
2000,11,9,894.37,115.090223,35.406872,328.91,0.00050363
2000,11,10,993.75,115.090707,35.407627,313.96,0.00155094
2000,11,11,1093.12,115.091192,35.408381,269.11,0.00053594
2000,11,12,1192.50,115.091468,35.409196,254.16,-0.00053594
2000,11,13,1291.87,115.091953,35.409950,269.11,-0.00155094
2000,11,14,1391.25,115.092437,35.410704,269.11,-0.00205411
2000,11,15,1490.62,115.093229,35.411226,179.41,-0.00106651
2000,11,16,1590.00,115.094021,35.411748,119.60,-0.00087641
2000,11,17,1689.37,115.094818,35.412262,149.51,-0.00109530
2000,11,18,1788.74,115.095756,35.412532,149.51,-0.00055068
2000,11,19,1888.12,115.096594,35.412974,179.41,-0.00026102
2000,11,20,1987.49,115.097583,35.413155,224.26,0.00027544
2000,11,21,2086.87,115.098414,35.413610,179.41,-0.00033099
2000,11,22,2186.24,115.099365,35.413858,239.21,-0.00049137
2000,11,23,2285.62,115.100291,35.414149,269.11,0.00018663
2000,11,24,2384.99,115.101229,35.414418,269.11,0.00039692
2000,11,25,2484.37,115.102135,35.414742,284.06,-0.00020844
2000,11,26,2583.74,115.103026,35.415094,299.01,-0.00092824
2000,11,27,2683.12,115.104015,35.415275,284.06,-0.00014174
2000,11,28,2782.49,115.104981,35.415496,299.01,-0.00026360
2000,11,29,2881.87,115.105920,35.415766,299.01,0.00016355
2000,11,30,2981.24,115.106984,35.415818,328.91,0.00128629
2000,11,31,3080.62,115.107796,35.416305,313.96,-0.00088997
2000,11,32,3179.99,115.108765,35.416521,313.96,-0.00115527
2000,11,33,3279.37,115.109828,35.416574,328.91,0.00088997
2000,11,34,3378.74,115.110744,35.416883,328.91,0.00045915
2000,11,35,3478.11,115.111705,35.417113,328.91,-0.00018875
2000,11,36,3577.49,115.112643,35.417383,299.01,-0.00075691
2000,11,37,3676.86,115.113613,35.417596,313.96,-0.00052261
2000,11,38,3776.24,115.114675,35.417652,299.01,0.00000000
2000,11,39,3875.61,115.115613,35.417922,299.01,-0.00098661
2000,11,40,3974.99,115.116707,35.417922,239.21,-0.00061569
2000,11,41,4074.36,115.117801,35.417922,239.21,0.00169797
2000,11,42,4173.74,115.118857,35.417989,194.36,0.00219905
2000,11,43,4273.11,115.119678,35.418461,209.31,0.00000000
2000,11,44,4372.49,115.120616,35.418730,269.11,-0.00069339
2000,11,45,4471.86,115.121554,35.419000,269.11,0.00116056
2000,11,46,4571.24,115.122492,35.419269,269.11,0.00244984
2000,11,47,4670.61,115.123101,35.419808,388.71,0.00257857
2000,110,0,0.00,115.342200,35.527336,657.82,0.00196785
2000,110,1,72.88,115.341900,35.527906,612.97,0.00191220
2000,110,2,145.76,115.341392,35.528414,672.77,0.00185655
2000,111,0,0.00,115.345973,35.525180,672.77,-0.00314204
2000,111,1,64.16,115.345973,35.525759,523.27,-0.00323601
2000,111,2,128.32,115.346243,35.526258,897.03,-0.00332998
2000,113,0,0.00,115.346243,35.526258,493.37,-0.00000000
2000,113,1,68.52,115.345973,35.526797,463.47,-0.00000000
2000,113,2,137.04,115.345704,35.527336,702.67,-0.00000000
2000,115,0,0.00,115.344087,35.527067,508.32,-0.00277169
2000,115,1,80.42,115.344817,35.527336,568.12,-0.00263636
2000,115,2,160.83,115.345704,35.527336,388.71,-0.00250102
2000,116,0,0.00,115.344087,35.527067,702.67,-0.00867743
2000,116,1,34.26,115.344326,35.526828,702.67,-0.00879409
2000,116,2,68.52,115.344356,35.526528,478.42,-0.00891074
2000,117,0,0.00,115.341392,35.528414,807.33,0.00000000
2000,117,1,38.62,115.341661,35.528684,1151.19,0.00000000
2000,117,2,77.24,115.341931,35.528953,1121.29,0.00000000
2000,118,0,0.00,115.341392,35.528414,762.48,-0.00000000
2000,118,1,93.30,115.340642,35.528895,583.07,-0.00061424
2000,118,2,186.60,115.339892,35.529375,403.66,-0.00221964
2000,118,3,279.90,115.339241,35.530026,388.71,-0.00271942
2000,118,4,373.20,115.338966,35.530787,328.91,-0.00112830
2000,118,5,466.50,115.338697,35.531550,269.11,0.00077544
2000,118,6,559.80,115.338427,35.532312,299.01,0.00156001
2000,118,7,653.10,115.337888,35.532996,239.21,0.00154057
2000,12,0,0.00,115.086180,35.400135,1001.69,0.00123884
2000,12,1,89.53,115.086805,35.399511,1076.44,0.00128979
2000,12,2,179.06,115.087528,35.399057,343.86,0.00134073
2000,120,0,0.00,115.345704,35.527336,1061.49,-0.00000000
2000,120,1,19.31,115.345838,35.527471,1016.64,-0.00000000
2000,120,2,38.62,115.345973,35.527606,553.17,-0.00000000
2000,121,0,0.00,115.341931,35.528953,1121.29,0.00000000
2000,121,1,87.21,115.342539,35.529562,1210.99,0.00064442
2000,121,2,174.41,115.343148,35.530170,388.71,0.00132453
2000,121,3,261.62,115.343548,35.530840,373.76,0.00136020
2000,122,0,0.00,115.341931,35.528953,612.97,-0.00258723
2000,122,1,72.67,115.341661,35.529530,612.97,-0.00251152
2000,122,2,145.35,115.341661,35.530185,642.87,-0.00121790
2000,122,3,218.02,115.341661,35.530840,373.76,0.00000000
2000,123,0,0.00,115.337888,35.532996,1345.55,0.00000000
2000,123,1,61.10,115.337215,35.532996,1046.54,0.00000000
2000,123,2,122.21,115.336541,35.532996,822.28,0.00000000
2000,124,0,0.00,115.337888,35.532996,313.96,0.00170396
2000,124,1,86.59,115.337888,35.533776,239.21,0.00175628
2000,124,2,173.17,115.337619,35.534478,269.11,0.00000000
2000,124,3,259.76,115.337349,35.535180,254.16,-0.00175628
2000,124,4,346.34,115.337349,35.535960,269.11,-0.00170396
2000,125,0,0.00,115.343548,35.530840,986.73,0.00000000
2000,125,1,12.22,115.343682,35.530840,986.73,0.00000000
2000,125,2,24.44,115.343817,35.530840,926.93,0.00000000
2000,126,0,0.00,115.343548,35.530840,612.97,-0.00015034
2000,126,1,89.54,115.343132,35.531526,388.71,-0.00066210
2000,126,2,179.08,115.342739,35.532218,299.01,-0.00117378
2000,126,3,268.62,115.342508,35.532958,313.96,0.00066210
2000,126,4,358.16,115.342300,35.533704,313.96,0.00379204
2000,126,5,447.70,115.341675,35.534329,388.71,0.00397037
2000,126,6,537.24,115.340853,35.534613,508.32,0.00285455
2000,127,0,0.00,115.337349,35.535960,1794.06,-0.00214531
2000,127,1,90.92,115.338196,35.536230,1794.06,-0.00107266
2000,127,2,181.84,115.339198,35.536230,598.02,0.00107266
2000,127,3,272.76,115.340044,35.536499,642.87,0.00214531
2000,128,0,0.00,115.337349,35.535960,269.11,-0.00165492
2000,128,1,90.41,115.337080,35.536697,254.16,-0.00051862
2000,128,2,180.82,115.337080,35.537511,254.16,0.00082746
2000,128,3,271.23,115.336709,35.538218,269.11,-0.00061081
2000,128,4,361.65,115.336541,35.538984,269.11,-0.00145105
2000,128,5,452.06,115.336541,35.539799,313.96,0.00030196
2000,128,6,542.47,115.336485,35.540598,463.47,0.00110418
2000,128,7,632.88,115.336271,35.541350,433.57,0.00096118
2000,129,0,0.00,115.340853,35.534613,254.16,0.00228138
2000,129,1,78.49,115.340722,35.535282,269.11,0.00171652
2000,129,2,156.97,115.340314,35.535870,254.16,0.00000000
2000,129,3,235.46,115.340044,35.536499,269.11,-0.00115167
2000,13,0,0.00,115.082677,35.392589,523.27,-0.01342799
2000,13,1,50.89,115.083081,35.392859,867.13,-0.01342799
2000,13,2,101.77,115.083485,35.392589,792.38,-0.01342799
2000,130,0,0.00,115.340853,35.534613,299.01,0.00369658
2000,130,1,76.67,115.340583,35.534000,284.06,0.00604684
2000,130,2,153.33,115.340758,35.533360,299.01,0.00665052
2000,130,3,230.00,115.341392,35.532996,373.76,0.00490395
2000,131,0,0.00,115.340044,35.536499,448.52,0.00129193
2000,131,1,91.07,115.340044,35.537320,239.21,0.00076856
2000,131,2,182.15,115.339816,35.538075,254.16,0.00106586
2000,131,3,273.22,115.339775,35.538883,269.11,0.00230949
2000,131,4,364.30,115.339236,35.539547,299.01,0.00181050
2000,131,5,455.37,115.338744,35.540225,313.96,0.00221959
2000,131,6,546.45,115.338080,35.540811,553.17,0.00196610
2000,131,7,637.52,115.337232,35.541081,568.12,-0.00085513
2000,131,8,728.60,115.336541,35.541620,553.17,-0.00209183
2000,133,0,0.00,115.336271,35.541350,897.03,0.00000000
2000,133,1,19.31,115.336406,35.541485,897.03,0.00000000
2000,133,2,38.62,115.336541,35.541620,867.13,0.00000000
2000,134,0,0.00,115.336271,35.541350,1734.26,0.00000000
2000,134,1,24.44,115.336002,35.541350,1584.76,0.00000000
2000,134,2,48.88,115.335732,35.541350,1375.45,0.00000000
2000,135,0,0.00,115.336541,35.541620,448.52,-0.00101197
2000,135,1,94.15,115.336002,35.542311,448.52,-0.00136497
2000,135,2,188.29,115.335644,35.543055,448.52,-0.00127932
2000,135,3,282.44,115.335404,35.543834,463.47,-0.00181047
2000,135,4,376.58,115.335193,35.544621,388.71,-0.00122734
2000,135,5,470.73,115.335463,35.545391,343.86,0.00088111
2000,135,6,564.88,115.335193,35.546161,328.91,-0.00000000
2000,135,7,659.02,115.335193,35.547010,299.01,-0.00143664
2000,136,0,0.00,115.335193,35.547010,1255.84,0.00000000
2000,136,1,73.31,115.334385,35.547010,956.83,0.00000000
2000,136,2,146.62,115.333576,35.547010,433.57,0.00000000
2000,137,0,0.00,115.335193,35.547010,254.16,0.00107586
2000,137,1,99.13,115.335677,35.547762,254.16,0.00107977
2000,137,2,198.26,115.335951,35.548576,209.31,-0.00000000
2000,137,3,297.39,115.336226,35.549389,224.26,-0.00160200
2000,137,4,396.52,115.336709,35.550142,224.26,-0.00106016
2000,137,5,495.65,115.337401,35.550834,284.06,-0.00000000
2000,137,6,594.78,115.337884,35.551586,284.06,-0.00049670
2000,137,7,693.91,115.338576,35.552278,313.96,0.00000000
2000,137,8,793.04,115.339267,35.552970,313.96,0.00000000
2000,137,9,892.18,115.339750,35.553723,328.91,-0.00099920
2000,137,10,991.31,115.340541,35.554244,328.91,-0.00000000
2000,137,11,1090.44,115.341233,35.554936,328.91,0.00000000
2000,137,12,1189.57,115.341925,35.555628,328.91,0.00000000
2000,137,13,1288.70,115.342716,35.556149,328.91,0.00050250
2000,137,14,1387.83,115.343199,35.556902,358.81,0.00000000
2000,137,15,1486.96,115.343990,35.557423,328.91,0.00049670
2000,137,16,1586.09,115.344473,35.558175,328.91,-0.00000000
2000,137,17,1685.22,115.345165,35.558867,403.66,-0.00099340
2000,138,0,0.00,115.345165,35.558867,388.71,0.00219907
2000,138,1,95.85,115.346066,35.559137,328.91,0.00355291
2000,138,2,191.70,115.346782,35.559699,313.96,0.00383762
2000,138,3,287.56,115.347051,35.560484,478.42,0.00276848
2000,139,0,0.00,115.345165,35.558867,1450.20,-0.00303159
2000,139,1,94.69,115.344626,35.559564,822.28,-0.00481919
2000,139,2,189.38,115.344626,35.560417,358.81,-0.00757688
2000,139,3,284.07,115.345275,35.561023,328.91,-0.00833085
2000,139,4,378.76,115.346320,35.561023,1076.44,-0.00605384
2000,139,5,473.45,115.347051,35.560484,1794.06,-0.00399295
2000,14,0,0.00,115.082677,35.392589,926.93,-0.00000000
2000,14,1,38.65,115.082946,35.392320,911.98,-0.00000000
2000,14,2,77.29,115.083216,35.392050,837.23,-0.00000000
2000,141,0,0.00,115.347051,35.560484,373.76,-0.00000000
2000,141,1,93.84,115.347805,35.560969,403.66,0.00060674
2000,141,2,187.68,115.348559,35.561453,418.61,0.00060674
2000,141,3,281.51,115.349214,35.562108,448.52,-0.00060674
2000,141,4,375.35,115.349968,35.562592,433.57,-0.00004677
2000,141,5,469.19,115.350722,35.563077,448.52,0.00060674
2000,141,6,563.03,115.351385,35.563718,478.42,-0.00051028
2000,141,7,656.86,115.352131,35.564216,448.52,-0.00060674
2000,141,8,750.70,115.352884,35.564701,463.47,-0.00004969
2000,141,9,844.54,115.353638,35.565185,463.47,-0.00000000
2000,141,10,938.38,115.354392,35.565669,463.47,0.00016173
2000,141,11,1032.21,115.355146,35.566154,478.42,-0.00063970
2000,141,12,1126.05,115.355874,35.566683,508.32,-0.00179900
2000,141,13,1219.89,115.356753,35.566952,508.32,-0.00199515
2000,142,0,0.00,115.356753,35.566952,1794.06,0.00059840
2000,142,1,82.35,115.357328,35.566377,1794.06,0.00354286
2000,142,2,164.70,115.357944,35.565874,642.87,0.00758845
2000,142,3,247.05,115.358774,35.566009,403.66,0.00568078
2000,142,4,329.40,115.359448,35.566413,433.57,0.00267199
2000,143,0,0.00,115.356753,35.566952,538.22,-0.00325646
2000,143,1,97.30,115.357223,35.567692,373.76,-0.00334480
2000,143,2,194.60,115.358100,35.568030,418.61,-0.00343314
2000,144,0,0.00,115.359448,35.566413,418.61,0.00508768
2000,144,1,90.38,115.360277,35.566703,388.71,0.00623808
2000,144,2,180.76,115.360526,35.567445,717.63,0.00635763
2000,144,3,271.14,115.360348,35.568208,1779.11,0.00400457
2000,144,4,361.53,115.359717,35.568839,1614.66,0.00268234
2000,145,0,0.00,115.359448,35.566413,747.53,0.00188954
2000,145,1,74.32,115.359138,35.566993,1390.40,0.00183649
2000,145,2,148.64,115.358619,35.567511,1794.06,0.00089172
2000,145,3,222.96,115.358100,35.568030,1764.16,-0.00000000
2000,146,0,0.00,115.358100,35.568030,478.42,-0.00484533
2000,146,1,68.28,115.358368,35.568567,493.37,-0.00690408
2000,146,2,136.56,115.358964,35.568839,418.61,-0.00624737
2000,146,3,204.85,115.359717,35.568839,448.52,-0.00353192
2000,149,0,0.00,115.359717,35.568839,448.52,0.00059256
2000,149,1,95.76,115.360461,35.569378,448.52,0.00000000
2000,149,2,191.52,115.361153,35.570005,418.61,-0.00158124
2000,149,3,287.29,115.361948,35.570456,388.71,-0.00135287
2000,149,4,383.05,115.362848,35.570725,358.81,0.00014603
2000,149,5,478.81,115.363653,35.571157,328.91,-0.00119180
2000,149,6,574.57,115.364520,35.571485,358.81,-0.00336151
2000,149,7,670.34,115.365548,35.571534,328.91,-0.00211674
2000,149,8,766.10,115.366450,35.571269,269.11,-0.00017662
2000,149,9,861.86,115.367504,35.571264,179.41,-0.00069544
2000,149,10,957.62,115.368404,35.570995,179.41,-0.00152086
2000,149,11,1053.39,115.369346,35.570798,149.51,-0.00193657
2000,149,12,1149.15,115.370114,35.570300,179.41,-0.00048251
2000,149,13,1244.91,115.370881,35.569802,269.11,0.00109599
2000,149,14,1340.67,115.371747,35.569475,284.06,-0.00061301
2000,149,15,1436.43,115.372591,35.569108,328.91,-0.00154612
2000,149,16,1532.20,115.373282,35.568479,343.86,0.00002687
2000,149,17,1627.96,115.374049,35.567981,403.66,0.00106315
2000,149,18,1723.72,115.374821,35.567491,358.81,0.00055822
2000,149,19,1819.48,115.375683,35.567156,403.66,-0.00067171
2000,149,20,1915.25,115.376450,35.566658,418.61,-0.00058509
2000,149,21,2011.01,115.377208,35.566144,418.61,0.00073307
2000,149,22,2106.77,115.377985,35.565663,403.66,0.00124239
2000,149,23,2202.53,115.378852,35.565335,388.71,0.00113606
2000,15,0,0.00,115.078635,35.389355,897.03,0.00000000
2000,15,1,76.01,115.079165,35.388825,941.88,0.00280468
2000,15,2,152.03,115.079695,35.388295,1689.41,0.00564566
2000,15,3,228.04,115.080521,35.388277,777.43,0.00568196
2000,150,0,0.00,115.378852,35.565335,403.66,0.00523786
2000,150,1,97.44,115.379323,35.564594,343.86,0.00453245
2000,150,2,194.89,115.380359,35.564527,373.76,0.00121202
2000,150,3,292.33,115.381277,35.564257,418.61,-0.00140298
2000,151,0,0.00,115.378852,35.565335,1794.06,-0.00143243
2000,151,1,92.06,115.379494,35.565978,1300.70,-0.00376439
2000,151,2,184.12,115.380257,35.566413,463.47,-0.00716799
2000,151,3,276.18,115.381175,35.566246,343.86,-0.00727201
2000,151,4,368.24,115.381818,35.565603,493.37,-0.00718002
2000,151,5,460.30,115.381920,35.564900,1121.29,-0.00602623
2000,151,6,552.36,115.381277,35.564257,1794.06,-0.00399682
2000,152,0,0.00,115.381277,35.564257,433.57,0.00067673
2000,152,1,98.90,115.381882,35.563718,448.52,0.00154159
2000,152,2,197.80,115.382660,35.563179,403.66,0.00150709
2000,152,3,296.70,115.383594,35.562910,328.91,-0.00000000
2000,152,4,395.61,115.384423,35.562458,328.91,-0.00051174
2000,152,5,494.51,115.385307,35.562101,343.86,-0.00018045
2000,152,6,593.41,115.386101,35.561589,313.96,-0.00000000
2000,152,7,692.31,115.386989,35.561240,313.96,-0.00002742
2000,152,8,791.21,115.387778,35.560721,313.96,0.00032270
2000,152,9,890.11,115.388666,35.560371,313.96,0.00058923
2000,152,10,989.01,115.389510,35.559945,269.11,0.00053322
2000,152,11,1087.92,115.390443,35.559673,299.01,0.00056193
2000,152,12,1186.82,115.391331,35.559324,313.96,0.00144516
2000,152,13,1285.72,115.392313,35.559137,299.01,0.00170531
2000,152,14,1384.62,115.393404,35.559137,388.71,0.00111080
2000,153,0,0.00,115.393404,35.559137,702.67,0.00000000
2000,153,1,44.85,115.393404,35.558733,508.32,0.00000000
2000,153,2,89.70,115.393404,35.558328,463.47,0.00000000
2000,154,0,0.00,115.393404,35.559137,463.47,-0.00000000
2000,154,1,98.04,115.394088,35.559821,284.06,0.00109019
2000,154,2,196.08,115.394773,35.560505,239.21,0.00218781
2000,154,3,294.11,115.395021,35.561316,239.21,0.00104214
2000,154,4,392.15,115.395291,35.562122,269.11,-0.00005549
2000,154,5,490.19,115.395560,35.562927,299.01,0.00000000
2000,154,6,588.23,115.395830,35.563732,313.96,-0.00056783
2000,154,7,686.27,115.396099,35.564537,358.81,-0.00000694
2000,154,8,784.30,115.396583,35.565280,373.76,0.00112628
2000,154,9,882.34,115.396641,35.566146,358.81,0.00002082
2000,154,10,980.38,115.396908,35.566952,358.81,-0.00108915
2000,155,0,0.00,115.396908,35.566952,1001.69,-0.00223691
2000,155,1,70.13,115.396319,35.567271,747.53,-0.00213871
2000,155,2,140.27,115.395830,35.567761,583.07,-0.00204051
2000,156,0,0.00,115.396908,35.566952,388.71,0.00000000
2000,156,1,53.56,115.397177,35.567356,358.81,0.00000000
2000,156,2,107.13,115.397447,35.567761,388.71,0.00000000
2000,157,0,0.00,115.397447,35.567761,373.76,-0.00059543
2000,157,1,98.69,115.397447,35.568650,343.86,-0.00134298
2000,157,2,197.38,115.397572,35.569503,388.71,-0.00142211
2000,157,3,296.07,115.397986,35.570272,388.71,0.00000000
2000,157,4,394.76,115.398255,35.571083,358.81,0.00072941
2000,157,5,493.46,115.398525,35.571894,388.71,0.00069068
2000,157,6,592.15,115.398658,35.572745,388.71,-0.00000751
2000,157,7,690.84,115.398794,35.573595,358.81,-0.00069068
2000,157,8,789.53,115.399064,35.574406,343.86,-0.00034505
2000,157,9,888.22,115.399333,35.575217,373.76,0.00000000
2000,157,10,986.91,115.399603,35.576028,373.76,0.00069068
2000,157,11,1085.60,115.399872,35.576839,388.71,0.00069068
2000,157,12,1184.29,115.399872,35.577728,373.76,-0.00069068
2000,157,13,1282.98,115.400142,35.578539,388.71,-0.00016061
2000,157,14,1381.67,115.400411,35.579350,418.61,0.00069068
2000,157,15,1480.37,115.400475,35.580221,373.76,-0.00000247
2000,157,16,1579.06,115.400681,35.581051,388.71,-0.00000000
2000,157,17,1677.75,115.400809,35.581903,403.66,-0.00019507
2000,157,18,1776.44,115.400950,35.582751,388.71,-0.00069068
2000,157,19,1875.13,115.401220,35.583562,388.71,-0.00033252
2000,157,20,1973.82,115.401489,35.584373,388.71,0.00069068
2000,157,21,2072.51,115.401759,35.585184,343.86,0.00071020
2000,157,22,2171.20,115.401759,35.586074,343.86,-0.00122179
2000,157,23,2269.89,115.402020,35.586887,373.76,-0.00073054
2000,157,24,2368.58,115.402500,35.587637,388.71,0.00105376
2000,157,25,2467.28,115.402567,35.588507,388.71,0.00002034
2000,157,26,2565.97,115.402837,35.589318,388.71,-0.00052265
2000,157,27,2664.66,115.403106,35.590129,388.71,-0.00000000
2000,158,0,0.00,115.397447,35.567761,657.82,0.00215936
2000,158,1,71.19,115.397943,35.567264,717.63,0.00433974
2000,158,2,142.37,115.398548,35.566952,1554.85,0.00514156
2000,158,3,213.56,115.399333,35.566952,762.48,0.00376302
2000,159,0,0.00,115.403106,35.590129,373.76,-0.00270125
2000,159,1,98.41,115.403106,35.591016,433.57,-0.00275727
2000,159,2,196.82,115.403645,35.591746,433.57,-0.00281330
2000,16,0,0.00,115.078635,35.389355,388.71,0.00142050
2000,16,1,97.59,115.078096,35.388633,388.71,0.00052735
2000,16,2,195.17,115.077826,35.387833,403.66,-0.00071025
2000,16,3,292.76,115.077219,35.387131,433.57,0.00037877
2000,16,4,390.34,115.076748,35.386389,373.76,0.00146198
2000,16,5,487.93,115.076483,35.385587,343.86,-0.00020793
2000,16,6,585.51,115.076220,35.384784,373.76,-0.00148902
2000,16,7,683.10,115.075670,35.384065,388.71,0.00001205
2000,16,8,780.69,115.075131,35.383344,388.71,0.00076141
2000,16,9,878.27,115.074862,35.382543,358.81,-0.00104659
2000,16,10,975.86,115.074332,35.381818,433.57,-0.00092481
2000,16,11,1073.44,115.073651,35.381138,403.66,0.00068609
2000,16,12,1171.03,115.073179,35.380396,343.86,-0.00000000
2000,16,13,1268.61,115.072707,35.379655,358.81,-0.00054020
2000,16,14,1366.20,115.072027,35.378974,343.86,0.00054020
2000,16,15,1463.78,115.071555,35.378233,343.86,0.00109657
2000,16,16,1561.37,115.071083,35.377491,299.01,0.00111623
2000,16,17,1658.96,115.070819,35.376689,269.11,0.00111973
2000,160,0,0.00,115.403106,35.590129,687.72,0.00571438
2000,160,1,74.59,115.403627,35.589608,1584.76,0.00584648
2000,160,2,149.17,115.404439,35.589590,1181.09,0.00308141
2000,160,3,223.76,115.405262,35.589590,822.28,0.00018423
2000,161,0,0.00,115.403645,35.591746,448.52,-0.00000000
2000,161,1,99.20,115.403915,35.592561,448.52,0.00048986
2000,161,2,198.40,115.404184,35.593377,418.61,0.00047590
2000,161,3,297.61,115.404261,35.594248,403.66,-0.00029099
2000,161,4,396.81,115.404536,35.595063,418.61,-0.00026283
2000,161,5,496.01,115.404723,35.595902,418.61,0.00048425
2000,161,6,595.21,115.404992,35.596718,388.71,0.00047006
2000,161,7,694.42,115.404992,35.597612,373.76,-0.00068312
2000,161,8,793.62,115.405262,35.598428,403.66,-0.00068312
2000,161,9,892.82,115.405531,35.599243,388.71,0.00006733
2000,161,10,992.02,115.405801,35.600059,388.71,0.00068312
2000,161,11,1091.22,115.406044,35.600882,433.57,0.00055086
2000,161,12,1190.43,115.406070,35.601769,388.71,0.00000000
2000,161,13,1289.63,115.406340,35.602584,358.81,0.00071020
2000,161,14,1388.83,115.406340,35.603479,373.76,-0.00046334
2000,161,15,1488.03,115.406340,35.604373,358.81,-0.00132838
2000,161,16,1587.24,115.406793,35.605135,343.86,0.00090889
2000,161,17,1686.44,115.406879,35.606004,299.01,0.00132838
2000,161,18,1785.64,115.406879,35.606898,328.91,-0.00044555
2000,161,19,1884.84,115.406879,35.607792,343.86,-0.00132838
2000,161,20,1984.04,115.407148,35.608608,328.91,-0.00000000
2000,161,21,2083.25,115.407418,35.609423,358.81,0.00068312
2000,161,22,2182.45,115.407418,35.610318,343.86,0.00000000
2000,161,23,2281.65,115.407687,35.611133,358.81,0.00036331
2000,161,24,2380.85,115.407687,35.612027,373.76,-0.00000000
2000,161,25,2480.05,115.407808,35.612886,373.76,-0.00073838
2000,161,26,2579.26,115.407957,35.613737,388.71,-0.00068312
2000,161,27,2678.46,115.408226,35.614553,358.81,0.00037507
2000,161,28,2777.66,115.408496,35.615368,373.76,0.00068312
2000,161,29,2876.86,115.408496,35.616262,373.76,-0.00068312
2000,161,30,2976.07,115.408765,35.617078,358.81,-0.00136625
2000,162,0,0.00,115.403645,35.591746,941.88,-0.00136311
2000,162,1,88.77,115.404364,35.591296,792.38,0.00000000
2000,162,2,177.54,115.404983,35.590677,1031.59,0.00213389
2000,162,3,266.31,115.405801,35.590398,598.02,0.00290468
2000,163,0,0.00,115.408765,35.617078,1794.06,0.00000000
2000,163,1,97.66,115.409843,35.617078,1524.95,0.00000000
2000,163,2,195.32,115.410921,35.617078,792.38,0.00000000
2000,164,0,0.00,115.408765,35.617078,373.76,0.00000000
2000,164,1,99.67,115.408765,35.617976,373.76,0.00000000
2000,164,2,199.34,115.408765,35.618875,418.61,0.00000000
2000,164,3,299.01,115.408765,35.619773,448.52,0.00000000
2000,165,0,0.00,115.408765,35.619773,1794.06,0.00000000
2000,165,1,97.66,115.407687,35.619773,1674.46,0.00000000
2000,165,2,195.32,115.406609,35.619773,553.17,0.00000000
2000,166,0,0.00,115.408765,35.619773,403.66,0.00113909
2000,166,1,97.79,115.409035,35.620576,433.57,0.00070337
2000,166,2,195.58,115.409087,35.621442,448.52,-0.00043135
2000,166,3,293.37,115.409304,35.622260,448.52,-0.00000000
2000,166,4,391.16,115.409574,35.623063,478.42,0.00056517
2000,166,5,488.95,115.409574,35.623945,478.42,0.00000000
2000,166,6,586.75,115.409843,35.624748,508.32,0.00066418
2000,166,7,684.54,115.409843,35.625629,523.27,0.00066418
2000,166,8,782.33,115.409843,35.626510,463.47,0.00000000
2000,167,0,0.00,115.409843,35.626510,1614.66,0.00240428
2000,167,1,86.10,115.409050,35.626780,1794.06,0.00228809
2000,167,2,172.21,115.408099,35.626780,1584.76,0.00108595
2000,167,3,258.31,115.407148,35.626780,523.27,0.00000000
2000,168,0,0.00,115.409843,35.626510,493.37,0.00277740
2000,168,1,99.04,115.410382,35.627246,478.42,0.00272118
2000,168,2,198.07,115.410382,35.628139,493.37,0.00068524
2000,168,3,297.11,115.410382,35.629031,478.42,-0.00064725
2000,168,4,396.15,115.410652,35.629846,493.37,0.00064725
2000,168,5,495.18,115.410652,35.630738,568.12,0.00064725
2000,168,6,594.22,115.410652,35.631631,598.02,0.00000000
2000,169,0,0.00,115.410652,35.631631,1554.85,0.00000000
2000,169,1,94.62,115.409607,35.631631,1794.06,-0.00218097
2000,169,2,189.23,115.408563,35.631631,762.48,-0.00507751
2000,169,3,283.85,115.407878,35.632249,822.28,-0.00488143
2000,169,4,378.46,115.407418,35.632968,538.22,-0.00393368
2000,169,5,473.08,115.407418,35.633821,538.22,-0.00270145
2000,169,6,567.69,115.407687,35.634595,642.87,-0.00150532
2000,17,0,0.00,115.123101,35.419808,299.01,0.00214456
2000,17,1,86.63,115.124055,35.419808,299.01,0.00107228
2000,17,2,173.25,115.124853,35.420078,269.11,-0.00000000
2000,17,3,259.88,115.125807,35.420078,269.11,0.00118651
2000,17,4,346.51,115.126605,35.420347,299.01,0.00237301
2000,170,0,0.00,115.410652,35.631631,598.02,0.00147672
2000,170,1,95.50,115.410921,35.632413,598.02,0.00073836
2000,170,2,191.00,115.410921,35.633274,523.27,-0.00073836
2000,170,3,286.51,115.411191,35.634056,553.17,-0.00147672
2000,171,0,0.00,115.407687,35.634595,717.63,0.00000000
2000,171,1,89.50,115.408676,35.634595,1255.84,0.00000000
2000,171,2,179.01,115.409664,35.634595,1794.06,0.00000000
2000,171,3,268.51,115.410652,35.634595,1225.94,0.00000000
2000,172,0,0.00,115.407687,35.634595,627.92,-0.00204602
2000,172,1,79.10,115.407687,35.635308,508.32,-0.00210960
2000,172,2,158.20,115.407957,35.635943,627.92,-0.00217318
2000,173,0,0.00,115.411191,35.634056,867.13,-0.00000000
2000,173,1,38.60,115.410921,35.634326,867.13,-0.00000000
2000,173,2,77.20,115.410652,35.634595,867.13,-0.00000000
2000,174,0,0.00,115.411191,35.634056,672.77,-0.00000000
2000,174,1,82.50,115.411767,35.634632,762.48,0.00037709
2000,174,2,165.00,115.412343,35.635208,732.58,0.00148238
2000,174,3,247.50,115.412808,35.635817,687.72,0.00183631
2000,174,4,330.00,115.413077,35.636482,299.01,0.00146205
2000,175,0,0.00,115.410652,35.634595,642.87,0.00121304
2000,175,1,92.15,115.410217,35.635299,747.53,0.00118219
2000,175,2,184.30,115.409574,35.635943,358.81,0.00115133
2000,177,0,0.00,115.407957,35.635943,627.92,0.00000000
2000,177,1,73.23,115.408765,35.635943,1106.34,0.00000000
2000,177,2,146.46,115.409574,35.635943,1764.16,0.00000000
2000,178,0,0.00,115.407957,35.635943,642.87,-0.00204599
2000,178,1,79.10,115.407957,35.636656,627.92,-0.00210957
2000,178,2,158.20,115.408226,35.637290,657.82,-0.00217315
2000,179,0,0.00,115.413077,35.636482,1136.24,-0.00227422
2000,179,1,69.57,115.412493,35.636797,1031.59,-0.00319347
2000,179,2,139.14,115.412007,35.637283,343.86,-0.00313780
2000,179,3,208.71,115.411730,35.637829,358.81,-0.00216289
2000,18,0,0.00,115.123101,35.419808,657.82,0.00355431
2000,18,1,94.67,115.122441,35.420468,418.61,0.00368541
2000,18,2,189.35,115.121484,35.420617,284.06,0.00381650
2000,180,0,0.00,115.413077,35.636482,299.01,0.00238567
2000,180,1,75.57,115.413347,35.637084,299.01,0.00343877
2000,180,2,151.14,115.413347,35.637766,373.76,0.00343877
2000,180,3,226.70,115.413077,35.638368,299.01,0.00238567
2000,182,0,0.00,115.409574,35.635943,702.67,0.00562388
2000,182,1,49.20,115.409843,35.636308,642.87,0.00551194
2000,182,2,98.40,115.409843,35.636751,642.87,0.00540000
2000,183,0,0.00,115.408226,35.637290,433.57,0.00000000
2000,183,1,48.82,115.408765,35.637290,956.83,0.00000000
2000,183,2,97.64,115.409304,35.637290,1375.45,0.00000000
2000,184,0,0.00,115.408226,35.637290,269.11,-0.00000000
2000,184,1,93.15,115.407957,35.638051,418.61,-0.00077718
2000,184,2,186.29,115.407687,35.638812,568.12,-0.00224353
2000,184,3,279.44,115.407687,35.639652,553.17,-0.00146635
2000,184,4,372.58,115.407957,35.640413,553.17,-0.00000000
2000,184,5,465.73,115.407957,35.641253,358.81,-0.00077718
2000,184,6,558.87,115.408226,35.642014,373.76,-0.00000000
2000,184,7,652.02,115.408496,35.642775,403.66,0.00000000
2000,184,8,745.16,115.408496,35.643614,299.01,-0.00233974
2000,184,9,838.31,115.409035,35.644297,328.91,-0.00312511
2000,185,0,0.00,115.411730,35.637829,284.06,-0.00647134
2000,185,1,83.07,115.412160,35.638368,822.28,-0.00597808
2000,185,2,166.14,115.413077,35.638368,1794.06,-0.00548482
2000,186,0,0.00,115.411730,35.637829,463.47,0.00210025
2000,186,1,75.87,115.411049,35.637560,418.61,0.00155791
2000,186,2,151.75,115.410472,35.637111,762.48,-0.00000000
2000,186,3,227.62,115.409843,35.636751,807.33,-0.00101558
2000,187,0,0.00,115.411730,35.637829,358.81,0.01068493
2000,187,1,31.50,115.411510,35.638049,583.07,0.01108137
2000,187,2,63.01,115.411191,35.638099,747.53,0.01147780
2000,189,0,0.00,115.413077,35.638368,598.02,0.00565727
2000,189,1,68.50,115.413347,35.638907,538.22,0.00565727
2000,189,2,137.00,115.413077,35.639446,418.61,0.00565727
2000,19,0,0.00,115.070819,35.376689,269.11,0.00084976
2000,19,1,87.26,115.070211,35.376080,194.36,0.00064435
2000,19,2,174.53,115.069741,35.375431,239.21,-0.00000000
2000,19,3,261.79,115.069202,35.374802,418.61,-0.00043894
2000,191,0,0.00,115.409843,35.636751,373.76,0.00000000
2000,191,1,38.60,115.409574,35.637021,403.66,0.00000000
2000,191,2,77.20,115.409304,35.637290,478.42,0.00000000
2000,192,0,0.00,115.409304,35.637290,343.86,0.00154299
2000,192,1,93.48,115.409574,35.638054,254.16,0.00077149
2000,192,2,186.96,115.409574,35.638897,373.76,-0.00290906
2000,192,3,280.44,115.409843,35.639661,299.01,-0.00523200
2000,192,4,373.92,115.410652,35.639985,418.61,-0.00464590
2000,194,0,0.00,115.409035,35.644297,463.47,-0.00204580
2000,194,1,79.10,115.409035,35.645010,478.42,-0.00210936
2000,194,2,158.20,115.409304,35.645645,583.07,-0.00217292
2000,195,0,0.00,115.409035,35.644297,702.67,0.00000000
2000,195,1,38.60,115.409304,35.644028,672.77,0.00000000
2000,195,2,77.20,115.409574,35.643758,717.63,0.00000000
2000,196,0,0.00,115.413077,35.639446,1794.06,-0.00236148
2000,196,1,82.69,115.412164,35.639446,1151.19,-0.00248894
2000,196,2,165.37,115.411408,35.639716,777.43,-0.00130820
2000,196,3,248.06,115.410652,35.639985,553.17,0.00000000
2000,197,0,0.00,115.413077,35.639446,538.22,0.00163334
2000,197,1,90.93,115.413347,35.640187,328.91,0.00158676
2000,197,2,181.85,115.413347,35.641007,358.81,0.00162487
2000,197,3,272.78,115.413347,35.641670,358.81,0.00158676
2000,197,4,363.70,115.413077,35.642411,373.76,0.00146396
2000,198,0,0.00,115.410652,35.639985,358.81,0.00144632
2000,198,1,82.08,115.410232,35.640524,433.57,-0.00092826
2000,198,2,164.15,115.409615,35.641022,388.71,-0.00498172
2000,198,3,246.23,115.409574,35.641749,358.81,-0.00447528
2000,198,4,328.31,115.409843,35.642411,373.76,-0.00228995
2000,2,0,0.00,115.082407,35.395015,926.93,0.00041361
2000,2,1,89.94,115.083398,35.395015,807.33,0.00390623
2000,2,2,179.88,115.084353,35.395074,373.76,0.00727017
2000,2,3,269.82,115.084563,35.395823,418.61,0.00714149
2000,20,0,0.00,115.070819,35.376689,1255.84,0.00203838
2000,20,1,70.22,115.071309,35.376199,1121.29,0.00213626
2000,20,2,140.43,115.071897,35.375880,448.52,0.00223414
2000,200,0,0.00,115.409304,35.645645,448.52,0.00000000
2000,200,1,73.22,115.410113,35.645645,717.63,0.00000000
2000,200,2,146.44,115.410921,35.645645,986.73,0.00000000
2000,201,0,0.00,115.409304,35.645645,553.17,-0.00248333
2000,201,1,90.01,115.409307,35.646455,448.52,-0.00519567
2000,201,2,180.01,115.409726,35.647144,807.33,-0.00661764
2000,201,3,270.02,115.410652,35.647262,747.53,-0.00532726
2000,202,0,0.00,115.409574,35.643758,493.37,0.00204584
2000,202,1,79.10,115.409574,35.643045,299.01,0.00210941
2000,202,2,158.20,115.409843,35.642411,299.01,0.00217297
2000,203,0,0.00,115.409574,35.643758,553.17,-0.00306605
2000,203,1,82.30,115.410149,35.644333,538.22,-0.00322735
2000,203,2,164.61,115.410921,35.644567,687.72,-0.00338864
2000,204,0,0.00,115.413077,35.642411,1330.60,0.00031874
2000,204,1,69.82,115.412392,35.642557,822.28,0.00110459
2000,204,2,139.64,115.411692,35.642680,403.66,0.00167575
2000,204,3,209.45,115.410921,35.642680,941.88,0.00146107
2000,205,0,0.00,115.413077,35.642411,299.01,0.00217295
2000,205,1,79.10,115.413347,35.643045,328.91,0.00210939
2000,205,2,158.20,115.413347,35.643758,493.37,0.00204583
2000,205,3,237.30,115.413347,35.644471,478.42,0.00210939
2000,205,4,316.40,115.413077,35.645106,493.37,0.00217295
2000,207,0,0.00,115.409843,35.642411,433.57,-0.00396359
2000,207,1,50.80,115.410198,35.642765,523.27,-0.00417846
2000,207,2,101.60,115.410652,35.642950,687.72,-0.00439333
2000,208,0,0.00,115.410921,35.645645,553.17,0.00143763
2000,208,1,94.05,115.410921,35.646492,478.42,0.00148063
2000,208,2,188.10,115.410652,35.647262,343.86,0.00152363
2000,209,0,0.00,115.410921,35.645645,433.57,0.00000000
2000,209,1,38.60,115.411191,35.645375,672.77,0.00000000
2000,209,2,77.20,115.411460,35.645106,672.77,0.00000000
2000,21,0,0.00,115.126605,35.420347,1794.06,0.00000000
2000,21,1,68.54,115.126335,35.420886,1330.60,0.00000000
2000,21,2,137.08,115.126066,35.421425,657.82,0.00000000
2000,210,0,0.00,115.410652,35.647262,254.16,-0.00222893
2000,210,1,91.15,115.410921,35.648005,538.22,-0.00328155
2000,210,2,182.30,115.411534,35.648609,717.63,-0.00279281
2000,210,3,273.45,115.412342,35.648951,343.86,-0.00013545
2000,210,4,364.60,115.413077,35.649417,583.07,0.00098053
2000,212,0,0.00,115.410921,35.644567,478.42,-0.00112364
2000,212,1,94.05,115.410891,35.643728,493.37,-0.00114964
2000,212,2,188.10,115.410652,35.642950,284.06,-0.00117564
2000,213,0,0.00,115.410921,35.644567,642.87,-0.00000000
2000,213,1,38.60,115.411191,35.644836,732.58,-0.00000000
2000,213,2,77.20,115.411460,35.645106,612.97,-0.00000000
2000,214,0,0.00,115.410652,35.642950,433.57,-0.00000000
2000,214,1,19.30,115.410787,35.642815,388.71,-0.00000000
2000,214,2,38.60,115.410921,35.642680,388.71,-0.00000000
2000,215,0,0.00,115.410921,35.642680,284.06,-0.00890643
2000,215,1,34.25,115.410891,35.642380,433.57,-0.00879029
2000,215,2,68.50,115.410652,35.642141,418.61,-0.00867416
2000,218,0,0.00,115.413077,35.645106,1210.99,0.00000000
2000,218,1,73.22,115.412269,35.645106,1091.39,0.00000000
2000,218,2,146.44,115.411460,35.645106,926.93,0.00000000
2000,219,0,0.00,115.413077,35.645106,642.87,0.00261007
2000,219,1,87.80,115.413690,35.645719,553.17,0.00268038
2000,219,2,175.59,115.413886,35.646453,508.32,0.00275068
2000,22,0,0.00,115.126605,35.420347,269.11,-0.00062365
2000,22,1,99.72,115.127597,35.420531,284.06,-0.00003668
2000,22,2,199.44,115.128645,35.420617,299.01,0.00088350
2000,22,3,299.17,115.129587,35.420886,328.91,0.00007347
2000,22,4,398.89,115.130529,35.421156,299.01,-0.00081204
2000,22,5,498.61,115.131564,35.421264,284.06,0.00053003
2000,22,6,598.33,115.132556,35.421448,269.11,0.00073588
2000,22,7,698.05,115.133449,35.421802,269.11,-0.00056683
2000,22,8,797.78,115.134453,35.421964,269.11,0.00007616
2000,22,9,897.50,115.135433,35.422169,269.11,0.00079174
2000,22,10,997.22,115.136338,35.422503,269.11,0.00006184
2000,22,11,1096.94,115.137280,35.422773,284.06,-0.00022007
2000,22,12,1196.66,115.138211,35.423060,328.91,-0.00012352
2000,22,13,1296.39,115.139164,35.423312,299.01,-0.00000000
2000,22,14,1396.11,115.140106,35.423581,328.91,-0.00045504
2000,22,15,1495.83,115.141048,35.423851,299.01,-0.00088350
2000,22,16,1595.55,115.142080,35.423965,284.06,0.00013490
2000,22,17,1695.27,115.143088,35.424120,299.01,0.00088350
2000,22,18,1795.00,115.144030,35.424389,284.06,-0.00050168
2000,22,19,1894.72,115.144972,35.424659,299.01,-0.00088350
2000,22,20,1994.44,115.146070,35.424659,328.91,0.00000000
2000,22,21,2094.16,115.147013,35.424928,328.91,-0.00000000
2000,22,22,2193.88,115.148111,35.424928,328.91,0.00076454
2000,22,23,2293.61,115.149053,35.425198,328.91,0.00000000
2000,22,24,2393.33,115.150015,35.425432,343.86,-0.00065258
2000,22,25,2493.05,115.151093,35.425467,328.91,-0.00000000
2000,22,26,2592.77,115.152035,35.425737,328.91,-0.00011197
2000,22,27,2692.49,115.153133,35.425737,299.01,0.00088350
2000,22,28,2792.22,115.154075,35.426006,328.91,-0.00000000
2000,22,29,2891.94,115.155017,35.426276,328.91,-0.00088350
2000,22,30,2991.66,115.156115,35.426276,328.91,0.00088350
2000,22,31,3091.38,115.157057,35.426545,328.91,0.00176699
2000,222,0,0.00,115.413077,35.649417,313.96,-0.00217282
2000,222,1,79.10,115.413347,35.648783,553.17,-0.00210926
2000,222,2,158.20,115.413347,35.648070,284.06,-0.00204571
2000,223,0,0.00,115.413077,35.649417,553.17,0.00174031
2000,223,1,71.40,115.413576,35.649916,493.37,0.00199225
2000,223,2,142.79,115.413886,35.650469,463.47,0.00132429
2000,223,3,214.19,115.414155,35.651034,433.57,0.00040441
2000,224,0,0.00,115.413886,35.646453,732.58,-0.00490487
2000,224,1,76.63,115.413252,35.646818,627.92,-0.00664857
2000,224,2,153.27,115.413077,35.647458,328.91,-0.00604218
2000,224,3,229.90,115.413347,35.648070,299.01,-0.00369208
2000,225,0,0.00,115.413886,35.646453,254.16,0.00155865
2000,225,1,87.67,115.414155,35.647165,508.32,0.00530227
2000,225,2,175.34,115.414157,35.647799,403.66,0.00766888
2000,225,3,263.00,115.413347,35.648070,1510.00,0.00629186
2000,228,0,0.00,115.414155,35.651034,926.93,-0.00000000
2000,228,1,74.29,115.413637,35.651553,1345.55,-0.00089175
2000,228,2,148.59,115.413118,35.652072,1166.14,-0.00183648
2000,228,3,222.88,115.412808,35.652651,926.93,-0.00188945
2000,229,0,0.00,115.414155,35.651034,448.52,-0.00035217
2000,229,1,97.04,115.414694,35.651752,373.76,-0.00052363
2000,229,2,194.08,115.415302,35.652450,373.76,-0.00051823
2000,229,3,291.12,115.415979,35.653128,299.01,-0.00017069
2000,229,4,388.16,115.416657,35.653805,269.11,-0.00108963
2000,229,5,485.20,115.417334,35.654483,209.31,-0.00168551
2000,229,6,582.24,115.418210,35.654820,164.46,-0.00173677
2000,229,7,679.28,115.418987,35.655327,179.41,-0.00196754
2000,229,8,776.32,115.420047,35.655346,239.21,0.00004448
2000,229,9,873.36,115.420962,35.655616,254.16,-0.00006483
2000,229,10,970.40,115.421877,35.655885,239.21,-0.00093596
2000,229,11,1067.44,115.422949,35.655885,239.21,-0.00000000
2000,229,12,1164.48,115.423863,35.656155,239.21,-0.00084870
2000,229,13,1261.52,115.424935,35.656155,269.11,-0.00169740
2000,23,0,0.00,115.069202,35.374802,328.91,0.00000000
2000,23,1,93.61,115.068328,35.374533,358.81,-0.00081585
2000,23,2,187.22,115.067454,35.374263,418.61,-0.00130946
2000,23,3,280.83,115.066454,35.374210,433.57,-0.00130133
2000,23,4,374.44,115.065604,35.374089,403.66,-0.00156804
2000,23,5,468.05,115.064675,35.374263,418.61,-0.00071922
2000,23,6,561.65,115.063706,35.374370,403.66,0.00041519
2000,23,7,655.26,115.062770,35.374533,418.61,0.00004093
2000,23,8,748.87,115.061740,35.374533,418.61,-0.00037409
2000,23,9,842.48,115.060859,35.374791,463.47,0.00175173
2000,23,10,936.09,115.059836,35.374802,448.52,0.00283639
2000,23,11,1029.70,115.058961,35.374533,269.11,0.00208747
2000,230,0,0.00,115.424935,35.656155,1001.69,0.00324880
2000,230,1,90.77,115.425360,35.655460,463.47,0.00768673
2000,230,2,181.53,115.426093,35.655157,269.11,0.00935902
2000,230,3,272.30,115.426727,35.655791,418.61,0.00329669
2000,230,4,363.07,115.427361,35.656424,463.47,0.00000000
2000,231,0,0.00,115.424935,35.656155,239.21,-0.00462508
2000,231,1,87.40,115.425587,35.656694,328.91,-0.00558368
2000,231,2,174.81,115.426552,35.656694,358.81,-0.00443636
2000,231,3,262.21,115.427361,35.656424,373.76,-0.00233046
2000,232,0,0.00,115.427361,35.656424,358.81,-0.00178587
2000,232,1,99.24,115.428300,35.656694,358.81,-0.00170334
2000,232,2,198.48,115.429396,35.656694,388.71,-0.00081041
2000,232,3,297.72,115.430492,35.656694,388.71,0.00000000
2000,232,4,396.96,115.431588,35.656694,418.61,0.00000000
2000,232,5,496.20,115.432684,35.656694,418.61,0.00000000
2000,232,6,595.44,115.433779,35.656694,388.71,0.00000000
2000,232,7,694.68,115.434875,35.656694,418.61,0.00000879
2000,232,8,793.92,115.435971,35.656694,418.61,0.00081041
2000,232,9,893.16,115.437065,35.656697,388.71,0.00079170
2000,232,10,992.40,115.438007,35.656963,388.71,-0.00081041
2000,232,11,1091.64,115.439102,35.656963,388.71,-0.00080049
2000,232,12,1190.88,115.440198,35.656963,358.81,0.00000000
2000,232,13,1290.12,115.441294,35.656963,328.91,0.00000000
2000,232,14,1389.36,115.442390,35.656963,328.91,0.00106204
2000,232,15,1488.60,115.443486,35.656963,328.91,0.00382582
2000,232,16,1587.84,115.444339,35.657304,388.71,0.00414307
2000,232,17,1687.08,115.444878,35.658041,433.57,0.00275859
2000,233,0,0.00,115.444878,35.658041,343.86,0.00222171
2000,233,1,96.48,115.445786,35.657772,448.52,0.00266506
2000,233,2,192.96,115.446820,35.657827,373.76,0.00136858
2000,233,3,289.44,115.447761,35.658041,388.71,-0.00000000
2000,233,4,385.93,115.448826,35.658041,358.81,0.00018563
2000,233,5,482.41,115.449735,35.658311,328.91,-0.00036573
2000,233,6,578.89,115.450801,35.658311,239.21,0.00192839
2000,233,7,675.37,115.451774,35.658470,224.26,0.00356945
2000,233,8,771.85,115.452462,35.659119,194.36,0.00078609
2000,233,9,868.33,115.453220,35.659647,179.41,-0.00057202
2000,233,10,964.82,115.453993,35.660150,209.31,-0.00008278
2000,233,11,1061.30,115.454766,35.660653,239.21,0.00051992
2000,233,12,1157.78,115.455539,35.661157,299.01,0.00057202
2000,233,13,1254.26,115.456222,35.661814,328.91,0.00010384
2000,233,14,1350.74,115.456985,35.662334,299.01,0.00000000
2000,233,15,1447.22,115.457659,35.663007,328.91,-0.00005173
2000,233,16,1543.71,115.458432,35.663511,343.86,-0.00057202
2000,233,17,1640.19,115.459105,35.664184,358.81,-0.00057202
2000,233,18,1736.67,115.459977,35.664517,328.91,0.00057202
2000,233,19,1833.15,115.460651,35.665191,328.91,0.00057202
2000,233,20,1929.63,115.461424,35.665694,328.91,-0.00000000
2000,233,21,2026.11,115.462098,35.666368,328.91,-0.00117514
2000,233,22,2122.60,115.462870,35.666871,328.91,-0.00179469
2000,233,23,2219.08,115.463742,35.667204,373.76,-0.00123911
2000,234,0,0.00,115.444878,35.658041,343.86,0.00000000
2000,234,1,43.70,115.444473,35.658176,373.76,0.00000000
2000,234,2,87.40,115.444069,35.658311,299.01,0.00000000
2000,235,0,0.00,115.444878,35.658041,493.37,0.00000000
2000,235,1,87.79,115.445282,35.658715,493.37,0.00000000
2000,235,2,175.59,115.445686,35.659389,598.02,0.00000000
2000,236,0,0.00,115.463742,35.667204,1225.94,0.00205041
2000,236,1,71.39,115.464032,35.666645,1764.16,0.00102521
2000,236,2,142.78,115.464531,35.666146,1360.50,-0.00102521
2000,236,3,214.18,115.464820,35.665587,747.53,-0.00205041
2000,237,0,0.00,115.463742,35.667204,358.81,-0.00572653
2000,237,1,75.19,115.464267,35.667729,358.81,-0.00437712
2000,237,2,150.39,115.465090,35.667743,388.71,-0.00303059
2000,237,3,225.58,115.465764,35.668013,538.22,-0.00454732
2000,237,4,300.77,115.466437,35.667743,792.38,-0.00606118
2000,238,0,0.00,115.464820,35.665587,373.76,-0.00377761
2000,238,1,90.56,115.464397,35.664894,328.91,-0.00248201
2000,238,2,181.12,115.463566,35.664603,343.86,0.00066404
2000,238,3,271.67,115.462934,35.663970,343.86,0.00251448
2000,239,0,0.00,115.464820,35.665587,343.86,0.00352657
2000,239,1,80.70,115.465582,35.665810,343.86,0.00539335
2000,239,2,161.39,115.466145,35.666373,508.32,0.00477141
2000,239,3,242.09,115.466168,35.667094,598.02,0.00018325
2000,239,4,322.78,115.466437,35.667743,343.86,-0.00191619
2000,24,0,0.00,115.069202,35.374802,911.98,0.00123869
2000,24,1,89.54,115.069827,35.374178,508.32,0.00128962
2000,24,2,179.08,115.070550,35.373725,89.70,0.00134055
2000,241,0,0.00,115.466437,35.667743,463.47,0.00000000
2000,241,1,67.72,115.466910,35.668216,403.66,-0.00229838
2000,241,2,135.45,115.467383,35.668689,373.76,-0.00479588
2000,241,3,203.17,115.468054,35.668821,418.61,-0.00499499
2000,242,0,0.00,115.468054,35.668821,493.37,-0.00196749
2000,242,1,72.84,115.468354,35.669390,358.81,-0.00191198
2000,242,2,145.68,115.468863,35.669899,388.71,-0.00185647
2000,243,0,0.00,115.468054,35.668821,1794.06,-0.00000000
2000,243,1,57.89,115.468458,35.668417,1270.79,-0.00000000
2000,243,2,115.78,115.468863,35.668013,418.61,-0.00000000
2000,244,0,0.00,115.468863,35.669899,358.81,-0.00044585
2000,244,1,70.06,115.469132,35.670452,403.66,-0.00467020
2000,244,2,140.12,115.469436,35.670977,328.91,-0.00828657
2000,244,3,210.19,115.470210,35.670977,388.71,-0.00767859
2000,245,0,0.00,115.468863,35.669899,897.03,0.00000000
2000,245,1,82.29,115.469536,35.669495,1240.89,0.00000000
2000,245,2,164.58,115.470210,35.669091,792.38,0.00000000
2000,246,0,0.00,115.468863,35.668013,433.57,-0.00538997
2000,246,1,80.12,115.469434,35.668552,343.86,-0.00257156
2000,246,2,160.23,115.470319,35.668552,373.76,0.00319532
2000,246,3,240.35,115.470749,35.669064,343.86,0.00289626
2000,246,4,320.47,115.471288,35.669630,433.57,-0.00035127
2000,247,0,0.00,115.468863,35.668013,433.57,-0.00000000
2000,247,1,38.59,115.468593,35.667743,433.57,-0.00000000
2000,247,2,77.19,115.468324,35.667474,388.71,-0.00000000
2000,248,0,0.00,115.470210,35.670977,388.71,-0.00321743
2000,248,1,72.96,115.470529,35.671516,328.91,-0.00445759
2000,248,2,145.92,115.471119,35.671886,313.96,-0.00412655
2000,248,3,218.88,115.471827,35.672055,299.01,-0.00255536
2000,249,0,0.00,115.470210,35.670977,1794.06,-0.00115134
2000,249,1,92.14,115.470854,35.670334,1584.76,-0.00118218
2000,249,2,184.27,115.471288,35.669630,418.61,-0.00121302
2000,25,0,0.00,115.157057,35.426545,358.81,0.00186322
2000,25,1,92.74,115.158079,35.426545,358.81,0.00196041
2000,25,2,185.48,115.158944,35.426815,433.57,0.00205759
2000,250,0,0.00,115.471288,35.669630,418.61,0.00226408
2000,250,1,71.13,115.471983,35.669785,313.96,0.00226910
2000,250,2,142.25,115.472579,35.670112,299.01,0.00113706
2000,250,3,213.38,115.473175,35.670438,299.01,0.00000000
2000,252,0,0.00,115.471827,35.672055,313.96,-0.00462656
2000,252,1,87.39,115.472479,35.672594,269.11,-0.00347890
2000,252,2,174.78,115.473444,35.672594,299.01,0.00000000
2000,252,3,262.17,115.474253,35.672864,388.71,0.00233125
2000,253,0,0.00,115.471827,35.672055,1794.06,-0.00178352
2000,253,1,74.29,115.472346,35.671536,1450.20,-0.00089176
2000,253,2,148.58,115.472656,35.670957,837.23,0.00089176
2000,253,3,222.86,115.473175,35.670438,627.92,0.00178352
2000,255,0,0.00,115.473175,35.670438,299.01,0.00326035
2000,255,1,79.90,115.473832,35.670826,299.01,0.00431767
2000,255,2,159.79,115.474181,35.671444,388.71,0.00402486
2000,255,3,239.69,115.474253,35.672143,642.87,0.00159565
2000,255,4,319.58,115.474253,35.672864,612.97,0.00051657
2000,257,0,0.00,115.474253,35.672864,403.66,0.00000000
2000,257,1,67.72,115.474726,35.673336,373.76,-0.00229846
2000,257,2,135.44,115.475198,35.673809,328.91,-0.00479608
2000,257,3,203.17,115.475870,35.673941,358.81,-0.00499522
2000,258,0,0.00,115.475870,35.673941,358.81,-0.00471584
2000,258,1,65.74,115.476120,35.674461,299.01,-0.00480270
2000,258,2,131.48,115.476678,35.674750,269.11,-0.00488956
2000,259,0,0.00,115.475870,35.673941,1794.06,0.00124046
2000,259,1,89.38,115.476494,35.673317,762.48,0.00129162
2000,259,2,178.77,115.477217,35.672864,627.92,0.00134277
2000,26,0,0.00,115.157057,35.426545,1689.41,0.00000000
2000,26,1,89.70,115.157057,35.427354,1270.79,0.00000000
2000,26,2,179.40,115.157057,35.428162,807.33,0.00000000
2000,260,0,0.00,115.476678,35.674750,343.86,-0.00938855
2000,260,1,58.64,115.476879,35.675220,254.16,-0.00936002
2000,260,2,117.29,115.477487,35.675289,269.11,-0.00933149
2000,261,0,0.00,115.476678,35.674750,1794.06,0.00363499
2000,261,1,87.21,115.477287,35.674141,941.88,0.00900949
2000,261,2,174.42,115.478094,35.674010,254.16,0.01439134
2000,261,3,261.63,115.478096,35.674680,926.93,0.00900206
2000,261,4,348.84,115.477487,35.675289,1794.06,0.00360542
2000,262,0,0.00,115.477217,35.672864,523.27,-0.00890530
2000,262,1,34.25,115.477187,35.672564,388.71,-0.00878930
2000,262,2,68.49,115.476948,35.672325,358.81,-0.00867330
2000,263,0,0.00,115.477217,35.672864,313.96,0.00000000
2000,263,1,43.69,115.477621,35.672998,299.01,0.00000000
2000,263,2,87.39,115.478026,35.673133,313.96,0.00000000
2000,264,0,0.00,115.477487,35.675289,269.11,-0.00295804
2000,264,1,92.62,115.478023,35.675828,224.26,-0.00386539
2000,264,2,185.25,115.478889,35.676097,448.52,-0.00332058
2000,264,3,277.87,115.479912,35.676097,418.61,-0.00186844
2000,265,0,0.00,115.479912,35.676097,284.06,-0.00000000
2000,265,1,19.30,115.480047,35.676232,269.11,-0.00000000
2000,265,2,38.59,115.480181,35.676367,388.71,-0.00000000
2000,266,0,0.00,115.479912,35.676097,1210.99,0.00000000
2000,266,1,49.20,115.480047,35.675693,822.28,0.00000000
2000,266,2,98.39,115.480181,35.675289,747.53,0.00000000
2000,267,0,0.00,115.480181,35.676367,313.96,-0.00326125
2000,267,1,97.35,115.480653,35.677107,239.21,-0.00453778
2000,267,2,194.71,115.481532,35.677445,269.11,-0.00397817
2000,267,3,292.06,115.482607,35.677445,388.71,-0.00214205
2000,268,0,0.00,115.480181,35.676367,568.12,-0.00223849
2000,268,1,70.09,115.480770,35.676048,852.18,-0.00214011
2000,268,2,140.17,115.481259,35.675558,777.43,-0.00204172
2000,269,0,0.00,115.480181,35.675289,313.96,0.00531932
2000,269,1,55.89,115.480799,35.675289,254.16,0.00556510
2000,269,2,111.79,115.481259,35.675558,343.86,0.00581089
2000,27,0,0.00,115.158944,35.426815,1734.26,-0.00144127
2000,27,1,94.07,115.158944,35.427663,1076.44,-0.00148457
2000,27,2,188.14,115.159213,35.428432,837.23,-0.00152787
2000,270,0,0.00,115.480181,35.675289,284.06,0.00043899
2000,270,1,87.15,115.479642,35.674660,254.16,0.00000000
2000,270,2,174.30,115.479173,35.674011,284.06,-0.00064449
2000,270,3,261.45,115.478565,35.673402,313.96,-0.00084999
2000,271,0,0.00,115.482607,35.677445,328.91,-0.00158781
2000,271,1,97.29,115.483368,35.677984,313.96,-0.00093355
2000,271,2,194.59,115.484263,35.678293,313.96,0.00000000
2000,271,3,291.88,115.485047,35.678792,299.01,-0.00000000
2000,271,4,389.18,115.485920,35.679141,343.86,-0.00042081
2000,271,5,486.47,115.486726,35.679601,313.96,-0.00096480
2000,271,6,583.76,115.487644,35.679870,269.11,-0.00037627
2000,271,7,681.06,115.488562,35.680140,269.11,0.00096480
2000,271,8,778.35,115.489430,35.680495,254.16,0.00079708
2000,271,9,875.65,115.490242,35.680948,239.21,-0.00000000
2000,271,10,972.94,115.491087,35.681343,269.11,-0.00000000
2000,271,11,1070.24,115.491921,35.681757,254.16,-0.00000000
2000,271,12,1167.53,115.492743,35.682191,269.11,0.00000000
2000,271,13,1264.82,115.493600,35.682565,299.01,0.00061040
2000,271,14,1362.12,115.494399,35.683039,239.21,0.00009262
2000,271,15,1459.41,115.495178,35.683548,269.11,-0.00107970
2000,271,16,1556.71,115.496040,35.683913,284.06,-0.00079567
2000,271,17,1654.00,115.496933,35.684225,299.01,0.00031574
2000,271,18,1751.29,115.497811,35.684564,328.91,0.00070305
2000,271,19,1848.59,115.498637,35.684991,299.01,-0.00002044
2000,271,20,1945.88,115.499467,35.685412,328.91,0.00000000
2000,271,21,2043.18,115.500345,35.685751,328.91,0.00031365
2000,271,22,2140.47,115.501123,35.686260,343.86,-0.00060896
2000,271,23,2237.76,115.502001,35.686598,328.91,-0.00010616
2000,271,24,2335.06,115.502879,35.686937,328.91,0.00120147
2000,271,25,2432.35,115.503675,35.687416,328.91,0.00090007
2000,271,26,2529.65,115.504436,35.687955,328.91,0.00040278
2000,272,0,0.00,115.482607,35.677445,1480.10,-0.00373397
2000,272,1,79.32,115.482876,35.676808,717.63,-0.00510751
2000,272,2,158.63,115.482665,35.676155,418.61,-0.00710711
2000,272,3,237.95,115.482111,35.675601,254.16,-0.00650383
2000,272,4,317.26,115.481259,35.675558,284.06,-0.00527450
2000,274,0,0.00,115.504436,35.687955,403.66,0.00444240
2000,274,1,87.58,115.505247,35.687686,299.01,0.00614855
2000,274,2,175.16,115.506056,35.687958,224.26,0.00635976
2000,274,3,262.74,115.506592,35.688592,149.51,0.00331598
2000,274,4,350.33,115.506861,35.689303,418.61,0.00176713
2000,275,0,0.00,115.504436,35.687955,328.91,-0.00000000
2000,275,1,38.59,115.504705,35.688225,358.81,-0.00000000
2000,275,2,77.18,115.504975,35.688494,299.01,-0.00000000
2000,276,0,0.00,115.506861,35.689303,568.12,0.00873011
2000,276,1,62.98,115.506322,35.689572,418.61,0.00873011
2000,276,2,125.97,115.505783,35.689303,224.26,0.00873011
2000,277,0,0.00,115.506861,35.689303,299.01,-0.00113103
2000,277,1,99.47,115.507655,35.689827,299.01,-0.00056551
2000,277,2,198.95,115.508548,35.690181,328.91,0.00056551
2000,277,3,298.42,115.509342,35.690705,328.91,0.00056551
2000,277,4,397.90,115.510136,35.691230,328.91,-0.00000000
2000,277,5,497.37,115.510930,35.691754,328.91,0.00000000
2000,277,6,596.85,115.511724,35.692279,328.91,0.00053643
2000,277,7,696.32,115.512518,35.692803,328.91,0.00103486
2000,277,8,795.80,115.513212,35.693498,299.01,0.00049844
2000,277,9,895.27,115.513907,35.694192,313.96,-0.00023111
2000,277,10,994.75,115.514602,35.694887,343.86,-0.00049844
2000,277,11,1094.22,115.515344,35.695501,328.91,-0.00002595
2000,277,12,1193.70,115.516090,35.696106,313.96,-0.00000000
2000,277,13,1293.17,115.516785,35.696801,358.81,-0.00024137
2000,277,14,1392.65,115.517579,35.697325,358.81,-0.00000000
2000,277,15,1492.12,115.518274,35.698020,328.91,0.00000000
2000,277,16,1591.60,115.519068,35.698544,328.91,0.00049844
2000,277,17,1691.07,115.519762,35.699239,328.91,0.00115668
2000,277,18,1790.55,115.520457,35.699934,328.91,0.00101052
2000,277,19,1890.02,115.520875,35.700709,284.06,-0.00082432
2000,277,20,1989.50,115.521429,35.701445,269.11,-0.00204539
2000,277,21,2088.97,115.522223,35.701969,254.16,-0.00173758
2000,278,0,0.00,115.504975,35.688494,717.63,-0.00787850
2000,278,1,69.55,115.504713,35.689041,224.26,-0.01187810
2000,278,2,139.10,115.505199,35.689526,224.26,-0.01318558
2000,278,3,208.65,115.505783,35.689303,657.82,-0.01049347
2000,279,0,0.00,115.504975,35.688494,299.01,0.00000000
2000,279,1,57.88,115.505379,35.688898,44.85,0.00000000
2000,279,2,115.77,115.505783,35.689303,299.01,0.00000000
2000,28,0,0.00,115.158944,35.426815,448.52,0.00033772
2000,28,1,98.67,115.159731,35.426793,373.76,0.00023038
2000,28,2,197.34,115.160805,35.426815,418.61,0.00000000
2000,28,3,296.02,115.161892,35.426815,358.81,-0.00006153
2000,28,4,394.69,115.162978,35.426815,358.81,0.00000000
2000,28,5,493.36,115.164065,35.426815,358.81,0.00000000
2000,28,6,592.03,115.165151,35.426815,358.81,0.00000000
2000,28,7,690.71,115.166238,35.426815,358.81,0.00000000
2000,28,8,789.38,115.167324,35.426815,358.81,0.00081989
2000,28,9,888.05,115.168411,35.426815,388.71,0.00081989
2000,28,10,986.72,115.169341,35.427084,388.71,-0.00081989
2000,28,11,1085.40,115.170428,35.427084,358.81,-0.00081989
2000,28,12,1184.07,115.171515,35.427084,358.81,-0.00081989
2000,28,13,1282.74,115.172601,35.427084,418.61,-0.00081989
2000,28,14,1381.41,115.173532,35.426815,418.61,0.00072493
2000,28,15,1480.09,115.174618,35.426815,418.61,-0.00000000
2000,28,16,1578.76,115.175686,35.426782,403.66,-0.00099530
2000,28,17,1677.43,115.176635,35.426545,388.71,0.00000000
2000,28,18,1776.10,115.177655,35.426430,388.71,-0.00023729
2000,28,19,1874.78,115.178652,35.426276,388.71,-0.00034486
2000,28,20,1973.45,115.179583,35.426006,388.71,0.00050765
2000,28,21,2072.12,115.180609,35.425901,373.76,-0.00019868
2000,28,22,2170.79,115.181600,35.425737,388.71,-0.00090334
2000,28,23,2269.47,115.182531,35.425467,388.71,-0.00035979
2000,28,24,2368.14,115.183461,35.425198,373.76,0.00000000
2000,28,25,2466.81,115.184392,35.424928,358.81,-0.00079231
2000,28,26,2565.48,115.185322,35.424659,358.81,-0.00093729
2000,28,27,2664.16,115.186121,35.424162,328.91,0.00064777
2000,28,28,2762.83,115.187028,35.423851,328.91,0.00086983
2000,28,29,2861.50,115.187958,35.423581,328.91,-0.00078598
2000,28,30,2960.17,115.188877,35.423292,343.86,-0.00047018
2000,28,31,3058.85,115.189664,35.422774,313.96,0.00156349
2000,28,32,3157.52,115.190649,35.422598,284.06,-0.00011800
2000,28,33,3256.19,115.191634,35.422422,269.11,-0.00339361
2000,28,34,3354.86,115.192361,35.421887,284.06,-0.00283177
2000,28,35,3453.54,115.192900,35.421156,328.91,-0.00145355
2000,282,0,0.00,115.522223,35.701969,254.16,-0.00242016
2000,282,1,87.36,115.522223,35.702756,239.21,-0.00254424
2000,282,2,174.73,115.522608,35.703432,209.31,-0.00012676
2000,282,3,262.09,115.523009,35.704103,194.36,0.00163821
2000,282,4,349.46,115.523031,35.704884,164.46,0.00050217
2000,282,5,436.82,115.523301,35.705593,179.41,0.00174070
2000,282,6,524.19,115.523301,35.706380,179.41,0.00255496
2000,282,7,611.55,115.523031,35.707089,254.16,0.00177128
2000,283,0,0.00,115.522223,35.701969,1166.14,0.00581435
2000,283,1,55.88,115.522683,35.701699,911.98,0.00556836
2000,283,2,111.76,115.523301,35.701699,807.33,0.00532238
2000,284,0,0.00,115.523031,35.707089,1450.20,0.00000000
2000,284,1,48.78,115.522492,35.707089,1629.61,0.00000000
2000,284,2,97.55,115.521953,35.707089,583.07,0.00000000
2000,285,0,0.00,115.523031,35.707089,239.21,0.00135209
2000,285,1,99.63,115.523301,35.707909,224.26,0.00165809
2000,285,2,199.26,115.523301,35.708807,209.31,0.00166541
2000,285,3,298.88,115.523153,35.709662,209.31,0.00059856
2000,285,4,398.51,115.522875,35.710479,194.36,-0.00076331
2000,285,5,498.14,115.522762,35.711344,149.51,-0.00072358
2000,285,6,597.77,115.522762,35.712242,179.41,0.00105138
2000,285,7,697.39,115.522667,35.713113,239.21,0.00114070
2000,285,8,797.02,115.522223,35.713881,269.11,0.00015273
2000,285,9,896.65,115.522111,35.714747,299.01,0.00036009
2000,285,10,996.28,115.521624,35.715503,299.01,-0.00010849
2000,285,11,1095.90,115.521414,35.716340,284.06,0.00028656
2000,285,12,1195.53,115.521068,35.717138,313.96,0.00053565
2000,285,13,1295.16,115.520606,35.717901,313.96,-0.00000000
2000,285,14,1394.79,115.520302,35.718711,328.91,0.00002457
2000,285,15,1494.41,115.519797,35.719463,299.01,-0.00069090
2000,285,16,1594.04,115.519528,35.720282,299.01,0.00048294
2000,285,17,1693.67,115.519258,35.721102,343.86,0.00137106
2000,285,18,1793.30,115.518563,35.721798,328.91,-0.00010717
2000,285,19,1892.92,115.518180,35.722585,328.91,0.00000000
2000,285,20,1992.55,115.517641,35.723326,328.91,0.00039083
2000,285,21,2092.18,115.517102,35.724067,328.91,-0.00000000
2000,286,0,0.00,115.517102,35.724067,373.76,0.00516650
2000,286,1,77.92,115.516767,35.724672,418.61,0.00527364
2000,286,2,155.83,115.516024,35.724876,523.27,0.00538079
2000,287,0,0.00,115.517102,35.724067,867.13,0.00000000
2000,287,1,72.43,115.516596,35.723562,897.03,-0.00095380
2000,287,2,144.87,115.516090,35.723056,1136.24,-0.00199786
2000,287,3,217.30,115.515485,35.722720,523.27,-0.00208812
2000,288,0,0.00,115.516024,35.724876,403.66,0.00000000
2000,288,1,89.81,115.515815,35.725625,388.71,0.00056463
2000,288,2,179.62,115.515605,35.726373,388.71,0.00075382
2000,288,3,269.43,115.515216,35.727070,403.66,-0.00018899
2000,288,4,359.24,115.514946,35.727801,373.76,-0.00121473
2000,288,5,449.06,115.514677,35.728532,343.86,-0.00083654
2000,288,6,538.87,115.514677,35.729341,313.96,-0.00000000
2000,288,7,628.68,115.514407,35.730073,284.06,-0.00157749
2000,288,8,718.49,115.514407,35.730882,254.16,-0.00241403
2000,288,9,808.30,115.514677,35.731613,239.21,-0.00167308
2000,289,0,0.00,115.516024,35.724876,867.13,0.00270557
2000,289,1,91.31,115.515386,35.724238,612.97,0.00403623
2000,289,2,182.62,115.515216,35.723465,448.52,0.00396429
2000,289,3,273.94,115.515485,35.722720,343.86,0.00256170
2000,29,0,0.00,115.192900,35.421156,239.21,-0.00000000
2000,29,1,94.53,115.193785,35.420886,299.01,-0.00055033
2000,29,2,189.05,115.194670,35.420617,299.01,-0.00198753
2000,29,3,283.58,115.195471,35.420202,209.31,-0.00224584
2000,29,4,378.11,115.196130,35.419543,209.31,-0.00002874
2000,29,5,472.63,115.196789,35.418883,209.31,0.00115237
2000,29,6,567.16,115.197585,35.418461,224.26,-0.00044468
2000,29,7,661.69,115.198305,35.417906,209.31,-0.00059810
2000,29,8,756.21,115.198965,35.417247,209.31,0.00021906
2000,29,9,850.74,115.199723,35.416758,254.16,-0.00055427
2000,29,10,945.27,115.200382,35.416099,224.26,-0.00055427
2000,29,11,1039.79,115.201041,35.415440,239.21,0.00000000
2000,29,12,1134.32,115.201701,35.414781,254.16,-0.00112425
2000,29,13,1228.85,115.202360,35.414121,254.16,-0.00231378
2000,29,14,1323.37,115.202602,35.413340,284.06,-0.00237907
2000,290,0,0.00,115.515485,35.722720,373.76,0.00000000
2000,290,1,14.95,115.515485,35.722585,373.76,0.00000000
2000,290,2,29.90,115.515485,35.722451,373.76,0.00000000
2000,292,0,0.00,115.514677,35.731613,1420.30,0.00000000
2000,292,1,12.19,115.514812,35.731613,1420.30,0.00000000
2000,292,2,24.38,115.514946,35.731613,1450.20,0.00000000
2000,293,0,0.00,115.514677,35.731613,239.21,-0.00135461
2000,293,1,99.52,115.514407,35.732432,209.31,-0.00067730
2000,293,2,199.04,115.514407,35.733329,179.41,-0.00063991
2000,293,3,298.56,115.514138,35.734148,179.41,-0.00221439
2000,293,4,398.08,115.514407,35.734966,179.41,-0.00340855
2000,293,5,497.60,115.514777,35.735756,104.65,-0.00346031
2000,293,6,597.11,115.515622,35.736195,119.60,-0.00186750
2000,293,7,696.63,115.516465,35.736636,149.51,0.00009144
2000,293,8,796.15,115.517351,35.737003,179.41,0.00019716
2000,293,9,895.67,115.518137,35.737542,239.21,-0.00125494
2000,293,10,995.19,115.519047,35.737870,194.36,-0.00111960
2000,293,11,1094.71,115.520024,35.738081,239.21,0.00048900
2000,293,12,1194.23,115.520933,35.738409,254.16,0.00072427
2000,293,13,1293.75,115.521827,35.738763,313.96,0.00086081
2000,293,14,1393.27,115.522696,35.739159,328.91,0.00019817
2000,293,15,1492.79,115.523482,35.739698,358.81,-0.00209817
2000,293,16,1592.31,115.524426,35.739968,358.81,-0.00181009
2000,293,17,1691.82,115.525500,35.740011,343.86,0.00060047
2000,293,18,1791.34,115.526469,35.740237,358.81,0.00000000
2000,293,19,1890.86,115.527412,35.740507,358.81,-0.00154573
2000,293,20,1990.38,115.528512,35.740507,299.01,-0.00004241
2000,293,21,2089.90,115.529613,35.740507,328.91,0.00080579
2000,293,22,2189.42,115.530564,35.740763,328.91,0.00008503
2000,293,23,2288.94,115.531656,35.740776,328.91,0.00000000
2000,293,24,2388.46,115.532599,35.741046,328.91,-0.00084841
2000,293,25,2487.98,115.533699,35.741046,328.91,-0.00080579
2000,293,26,2587.50,115.534799,35.741046,299.01,0.00080579
2000,293,27,2687.02,115.535900,35.741046,269.11,0.00080579
2000,293,28,2786.54,115.536843,35.741315,269.11,-0.00080579
2000,293,29,2886.05,115.537943,35.741315,239.21,-0.00080579
2000,293,30,2985.57,115.539043,35.741315,239.21,-0.00080445
2000,293,31,3085.09,115.540143,35.741315,239.21,-0.00080579
2000,293,32,3184.61,115.541087,35.741046,239.21,0.00080325
2000,293,33,3284.13,115.542187,35.741046,209.31,0.00080579
2000,293,34,3383.65,115.543287,35.741046,239.21,0.00000119
2000,293,35,3483.17,115.544387,35.741046,239.21,0.00000000
2000,293,36,3582.69,115.545487,35.741046,239.21,-0.00023978
2000,293,37,3682.21,115.546588,35.741046,269.11,-0.00080579
2000,293,38,3781.73,115.547639,35.740962,254.16,-0.00117153
2000,293,39,3881.25,115.548631,35.740776,239.21,-0.00088291
2000,293,40,3980.76,115.549574,35.740507,269.11,0.00000952
2000,293,41,4080.28,115.550518,35.740239,254.16,0.00087831
2000,293,42,4179.80,115.551511,35.740054,254.16,0.00031771
2000,293,43,4279.32,115.552561,35.739968,299.01,-0.00088324
2000,293,44,4378.84,115.553504,35.739698,269.11,-0.00060955
2000,293,45,4478.36,115.554447,35.739429,269.11,0.00024527
2000,293,46,4577.88,115.555390,35.739159,269.11,0.00000000
2000,293,47,4677.40,115.556376,35.738962,269.11,-0.00024508
2000,293,48,4776.92,115.557277,35.738620,328.91,-0.00000000
2000,293,49,4876.44,115.558262,35.738423,343.86,0.00056848
2000,293,50,4975.96,115.559163,35.738081,328.91,0.00052821
2000,293,51,5075.47,115.560248,35.738055,328.91,-0.00115097
2000,293,52,5174.99,115.561141,35.737700,343.86,-0.00106849
2000,293,53,5274.51,115.562035,35.737346,343.86,0.00058249
2000,293,54,5374.03,115.562936,35.737003,328.91,0.00054028
2000,293,55,5473.55,115.563921,35.736807,343.86,-0.00024882
2000,293,56,5573.07,115.564822,35.736464,328.91,-0.00004119
2000,293,57,5672.59,115.565765,35.736195,358.81,-0.00066692
2000,293,58,5772.11,115.566701,35.735913,388.71,-0.00083965
2000,293,59,5871.63,115.567496,35.735388,388.71,0.00090888
2000,293,60,5971.15,115.568438,35.735117,388.71,0.00059743
2000,293,61,6070.67,115.569381,35.734847,328.91,-0.00056870
2000,293,62,6170.18,115.570276,35.734495,343.86,-0.00029889
2000,293,63,6269.70,115.571169,35.734140,313.96,-0.00000693
2000,293,64,6369.22,115.572063,35.733785,358.81,0.00000000
2000,293,65,6468.74,115.572957,35.733431,343.86,-0.00010401
2000,293,66,6568.26,115.573850,35.733076,328.91,-0.00058121
2000,293,67,6667.78,115.574726,35.732691,299.01,-0.00037451
2000,293,68,6767.30,115.575538,35.732197,313.96,0.00009014
2000,293,69,6866.82,115.576432,35.731842,313.96,-0.00010268
2000,293,70,6966.34,115.577242,35.731344,299.01,0.00015112
2000,293,71,7065.86,115.578120,35.730963,328.91,0.00000000
2000,293,72,7165.38,115.578971,35.730535,299.01,-0.00056802
2000,293,73,7264.90,115.579808,35.730083,313.96,-0.00005301
2000,293,74,7364.41,115.580602,35.729558,343.86,0.00032677
2000,293,75,7463.93,115.581487,35.729188,299.01,-0.00046075
2000,293,76,7563.45,115.582290,35.728679,328.91,-0.00000000
2000,293,77,7662.97,115.583085,35.728154,313.96,0.00051376
2000,293,78,7762.49,115.583978,35.727799,313.96,-0.00056482
2000,293,79,7862.01,115.584773,35.727274,328.91,-0.00056482
2000,293,80,7961.53,115.585567,35.726749,328.91,0.00000000
2000,293,81,8061.05,115.586361,35.726224,328.91,0.00056482
2000,293,82,8160.57,115.587156,35.725700,299.01,0.00056482
2000,293,83,8260.09,115.588049,35.725345,328.91,-0.00042845
2000,293,84,8359.61,115.588844,35.724820,284.06,0.00043242
2000,293,85,8459.12,115.589662,35.724337,313.96,0.00159195
2000,293,86,8558.64,115.590606,35.724067,284.06,0.00073109
2000,293,87,8658.16,115.591549,35.723798,239.21,0.00000000
2000,293,88,8757.68,115.592492,35.723528,194.36,0.00088784
2000,293,89,8857.20,115.593435,35.723259,209.31,0.00088784
2000,293,90,8956.72,115.594535,35.723259,194.36,-0.00000000
2000,293,91,9056.24,115.595479,35.722989,164.46,0.00080579
2000,293,92,9155.76,115.596579,35.722989,149.51,0.00134217
2000,293,93,9255.28,115.597679,35.722989,149.51,0.00080579
2000,293,94,9354.80,115.598673,35.723172,194.36,0.00054749
2000,293,95,9454.32,115.599722,35.723259,209.31,0.00122130
2000,293,96,9553.83,115.600665,35.723528,194.36,0.00123527
2000,293,97,9653.35,115.601552,35.723896,194.36,0.00025419
2000,293,98,9752.87,115.602445,35.724250,254.16,0.00053800
2000,293,99,9852.39,115.603338,35.724606,239.21,0.00033460
2000,293,100,9951.91,115.604133,35.725130,269.11,-0.00018791
2000,293,101,10051.43,115.605067,35.725415,299.01,-0.00010181
2000,293,102,10150.95,115.605854,35.725954,284.06,-0.00005335
2000,293,103,10250.47,115.606814,35.726194,313.96,0.00090789
2000,293,104,10349.99,115.607583,35.726762,313.96,0.00009246
2000,293,105,10449.51,115.608403,35.727243,313.96,-0.00060896
2000,293,106,10549.03,115.609297,35.727598,358.81,0.00014880
2000,293,107,10648.55,115.610099,35.728110,299.01,-0.00049229
2000,293,108,10748.06,115.610985,35.728478,328.91,0.00056482
2000,293,109,10847.58,115.611878,35.728832,358.81,0.00146499
2000,293,110,10947.10,115.612573,35.729527,343.86,-0.00000000
2000,293,111,11046.62,115.613400,35.729996,358.81,-0.00018418
2000,293,112,11146.14,115.614162,35.730577,343.86,0.00000000
2000,293,113,11245.66,115.614956,35.731102,328.91,-0.00017957
2000,293,114,11345.18,115.615751,35.731627,328.91,0.00000000
2000,293,115,11444.70,115.616545,35.732152,418.61,-0.00000000
2000,293,116,11544.22,115.617340,35.732677,418.61,-0.00000000
2000,293,117,11643.74,115.618134,35.733202,403.66,0.00000000
2000,293,118,11743.26,115.618928,35.733727,388.71,0.00000000
2000,293,119,11842.77,115.619723,35.734251,403.66,0.00000000
2000,293,120,11942.29,115.620517,35.734776,388.71,0.00031600
2000,293,121,12041.81,115.621312,35.735301,403.66,-0.00000000
2000,293,122,12141.33,115.622048,35.735925,418.61,-0.00064192
2000,293,123,12240.85,115.622900,35.736351,418.61,0.00000000
2000,293,124,12340.37,115.623695,35.736876,448.52,0.00081645
2000,293,125,12439.89,115.624489,35.737401,403.66,0.00053575
2000,293,126,12539.41,115.625193,35.738081,448.52,-0.00044259
2000,293,127,12638.93,115.625979,35.738621,418.61,-0.00053575
2000,293,128,12738.45,115.626773,35.739146,448.52,-0.00061276
2000,293,129,12837.97,115.627568,35.739671,418.61,-0.00000000
2000,293,130,12937.48,115.628461,35.740025,448.52,0.00110057
2000,293,131,13037.00,115.629156,35.740721,418.61,0.00000000
2000,293,132,13136.52,115.629951,35.741245,418.61,-0.00053575
2000,293,133,13236.04,115.630745,35.741770,433.57,-0.00000000
2000,293,134,13335.56,115.631540,35.742295,448.52,-0.00000000
2000,293,135,13435.08,115.632334,35.742820,448.52,0.00053575
2000,293,136,13534.60,115.633128,35.743345,448.52,0.00053575
2000,293,137,13634.12,115.633824,35.744040,373.76,-0.00053575
2000,293,138,13733.64,115.634618,35.744565,418.61,-0.00049641
2000,293,139,13833.16,115.635412,35.745090,418.61,0.00008475
2000,293,140,13932.68,115.636200,35.745627,418.61,-0.00007884
2000,293,141,14032.19,115.636986,35.746166,448.52,0.00000621
2000,293,142,14131.71,115.637795,35.746665,418.61,0.00003950
2000,293,143,14231.23,115.638558,35.747244,418.61,-0.00000000
2000,293,144,14330.75,115.639384,35.747714,388.71,-0.00000000
2000,293,145,14430.27,115.640131,35.748322,358.81,-0.00036205
2000,293,146,14529.79,115.640973,35.748764,388.71,-0.00047825
2000,293,147,14629.31,115.641767,35.749289,418.61,-0.00015984
2000,293,148,14728.83,115.642646,35.749669,388.71,0.00093548
2000,293,149,14828.35,115.643432,35.750208,403.66,0.00052189
2000,293,150,14927.87,115.644151,35.750864,418.61,-0.00045723
2000,293,151,15027.39,115.645005,35.751286,418.61,-0.00088654
2000,293,152,15126.91,115.645739,35.751914,358.81,-0.00110822
2000,293,153,15226.42,115.646732,35.752098,358.81,0.00079558
2000,293,154,15325.94,115.647520,35.752634,328.91,0.00050615
2000,293,155,15425.46,115.648321,35.753148,299.01,-0.00114603
2000,293,156,15524.98,115.649215,35.753502,284.06,-0.00054395
2000,293,157,15624.50,115.650108,35.753857,239.21,-0.00015741
2000,293,158,15724.02,115.651002,35.754212,239.21,0.00000000
2000,293,159,15823.54,115.651922,35.754520,254.16,-0.00026897
2000,293,160,15923.06,115.652789,35.754921,209.31,-0.00010886
2000,293,161,16022.58,115.653782,35.755105,224.26,0.00042638
2000,293,162,16122.10,115.654595,35.755598,179.41,-0.00047344
2000,293,163,16221.62,115.655569,35.755814,179.41,-0.00040025
2000,293,164,16321.13,115.656481,35.756137,179.41,0.00000000
2000,293,165,16420.65,115.657424,35.756407,179.41,-0.00036308
2000,293,166,16520.17,115.658367,35.756676,179.41,-0.00000000
2000,293,167,16619.69,115.659342,35.756892,194.36,-0.00053565
2000,293,168,16719.21,115.660254,35.757215,179.41,-0.00169363
2000,293,169,16818.73,115.661354,35.757215,209.31,-0.00025167
2000,293,170,16918.25,115.662454,35.757215,239.21,0.00080579
2000,293,171,17017.77,115.663412,35.757459,224.26,-0.00065321
2000,293,172,17117.29,115.664498,35.757485,239.21,-0.00080579
2000,293,173,17216.81,115.665598,35.757485,209.31,0.00001425
2000,293,174,17316.33,115.666698,35.757485,209.31,0.00080579
2000,293,175,17415.84,115.667780,35.757515,224.26,0.00062326
2000,293,176,17515.36,115.668741,35.757754,269.11,-0.00080579
2000,293,177,17614.88,115.669841,35.757754,299.01,-0.00024967
2000,293,178,17714.40,115.670942,35.757754,328.91,0.00080579
2000,293,179,17813.92,115.671950,35.757912,284.06,-0.00038587
2000,293,180,17913.44,115.672985,35.758024,328.91,-0.00161159
2000,293,181,18012.96,115.674035,35.757937,284.06,-0.00061013
2000,293,182,18112.48,115.675028,35.757754,328.91,0.00080579
2000,293,183,18212.00,115.676129,35.757754,328.91,0.00134189
2000,293,184,18311.52,115.677229,35.757754,358.81,0.00080579
2000,293,185,18411.04,115.678172,35.758024,358.81,0.00000000
2000,293,186,18510.55,115.679272,35.758024,358.81,0.00018402
2000,293,187,18610.07,115.680215,35.758293,388.71,-0.00000000
2000,293,188,18709.59,115.681282,35.758351,343.86,0.00013514
2000,293,189,18809.11,115.682259,35.758563,358.81,0.00000000
2000,293,190,18908.63,115.683268,35.758719,313.96,0.00004467
2000,293,191,19008.15,115.684302,35.758832,328.91,0.00000126
2000,293,192,19107.67,115.685245,35.759102,299.01,-0.00036384
2000,293,193,19207.19,115.686345,35.759102,269.11,0.00088523
2000,293,194,19306.71,115.687289,35.759371,269.11,0.00060199
2000,293,195,19406.23,115.688232,35.759641,239.21,-0.00056621
2000,293,196,19505.75,115.689224,35.759825,224.26,-0.00028283
2000,293,197,19605.27,115.690217,35.760010,194.36,0.00056737
2000,293,198,19704.78,115.691210,35.760194,209.31,0.00052013
2000,293,199,19804.30,115.692104,35.760549,209.31,-0.00033437
2000,293,200,19903.82,115.693105,35.760719,209.31,0.00067978
2000,293,201,20003.34,115.694048,35.760988,209.31,0.00067356
2000,293,202,20102.86,115.694884,35.761442,179.41,-0.00119991
2000,293,203,20202.38,115.695876,35.761627,224.26,0.00024311
2000,293,204,20301.90,115.696869,35.761811,239.21,0.00144262
2000,293,205,20401.42,115.697664,35.762336,239.21,-0.00058210
2000,293,206,20500.94,115.698607,35.762605,269.11,-0.00087394
2000,293,207,20600.46,115.699550,35.762875,388.71,0.00000000
2000,294,0,0.00,115.699550,35.762875,328.91,0.00115136
2000,294,1,92.10,115.700194,35.763518,299.01,0.00118216
2000,294,2,184.20,115.700628,35.764222,239.21,0.00121295
2000,295,0,0.00,115.699550,35.762875,657.82,-0.00121143
2000,295,1,80.29,115.700089,35.762307,448.52,-0.00132442
2000,295,2,160.58,115.700463,35.761692,149.51,-0.00080452
2000,295,3,240.87,115.700815,35.761071,,-0.00008581
2000,295,4,321.16,115.701167,35.760449,,0.00000000
2000,296,0,0.00,115.700628,35.764222,1270.79,0.00000000
2000,296,1,60.93,115.701302,35.764222,1121.29,0.00000000
2000,296,2,121.85,115.701976,35.764222,358.81,0.00000000
2000,297,0,0.00,115.700628,35.764222,313.96,-0.00184111
2000,297,1,87.76,115.700628,35.764857,209.31,-0.00170287
2000,297,2,175.53,115.700898,35.765570,209.31,-0.00156463
2000,298,0,0.00,115.700898,35.765570,1450.20,0.00889264
2000,298,1,43.66,115.701380,35.765570,941.88,0.00908148
2000,298,2,87.32,115.701706,35.765839,328.91,0.00927033
2000,299,0,0.00,115.700898,35.765570,269.11,-0.00216961
2000,299,1,79.09,115.700628,35.766204,149.51,-0.00210629
2000,299,2,158.18,115.700628,35.766917,149.51,-0.00204296
2000,299,3,237.27,115.700628,35.767630,209.31,-0.00210629
2000,299,4,316.36,115.700898,35.768265,299.01,-0.00216961
2000,3,0,0.00,115.082407,35.395015,448.52,-0.00134420
2000,3,1,91.92,115.082423,35.395839,403.66,-0.00364858
2000,3,2,183.84,115.082677,35.396593,388.71,-0.00541787
2000,3,3,275.75,115.083485,35.396901,433.57,-0.00488277
2000,30,0,0.00,115.192900,35.421156,1794.06,-0.00838242
2000,30,1,70.20,115.192411,35.420666,388.71,-0.00935568
2000,30,2,140.39,115.191822,35.420886,313.96,-0.01032894
2000,300,0,0.00,115.700898,35.768265,1749.21,0.00000000
2000,300,1,60.92,115.701571,35.768265,1569.81,0.00000000
2000,300,2,121.85,115.702245,35.768265,164.46,0.00000000
2000,301,0,0.00,115.700898,35.768265,239.21,0.00000000
2000,301,1,98.38,115.700628,35.769073,328.91,-0.00047828
2000,301,2,196.75,115.700359,35.769882,358.81,-0.00134815
2000,301,3,295.13,115.700298,35.770629,313.96,-0.00115833
2000,301,4,393.51,115.700359,35.771499,373.76,-0.00057692
2000,302,0,0.00,115.700359,35.771499,1794.06,0.00187820
2000,302,1,92.39,115.701380,35.771499,1181.09,0.00197676
2000,302,2,184.78,115.702245,35.771768,986.73,0.00207532
2000,303,0,0.00,115.700359,35.771499,388.71,-0.00269624
2000,303,1,98.38,115.700089,35.772307,373.76,-0.00269624
2000,303,2,196.75,115.700359,35.773115,448.52,-0.00269624
2000,304,0,0.00,115.700359,35.773115,1794.06,0.00000000
2000,304,1,97.47,115.701437,35.773115,1599.71,0.00000000
2000,304,2,194.94,115.702515,35.773115,134.55,0.00000000
2000,305,0,0.00,115.700359,35.773115,448.52,-0.00277759
2000,305,1,98.92,115.699820,35.773851,418.61,-0.00272159
2000,305,2,197.84,115.699820,35.774742,448.52,-0.00068534
2000,305,3,296.76,115.699820,35.775634,463.47,0.00153936
2000,305,4,395.69,115.699550,35.776447,523.27,0.00138547
2000,305,5,494.61,115.699201,35.777238,568.12,0.00028663
2000,305,6,593.53,115.698742,35.777996,538.22,-0.00115699
2000,305,7,692.45,115.698472,35.778809,523.27,-0.00117854
2000,305,8,791.37,115.698381,35.779674,523.27,0.00022226
2000,305,9,890.29,115.698203,35.780514,538.22,0.00068534
2000,305,10,989.21,115.697933,35.781328,538.22,0.00023461
2000,305,11,1088.14,115.697664,35.782141,598.02,0.00000000
2000,305,12,1187.06,115.697394,35.782954,598.02,-0.00000000
2000,305,13,1285.98,115.697125,35.783768,568.12,-0.00000000
2000,305,14,1384.90,115.696855,35.784581,568.12,0.00000000
2000,305,15,1483.82,115.696586,35.785395,598.02,0.00000000
2000,305,16,1582.74,115.696316,35.786208,627.92,-0.00020525
2000,305,17,1681.66,115.696047,35.787022,583.07,0.00000000
2000,305,18,1780.58,115.695857,35.787858,538.22,-0.00028054
2000,305,19,1879.51,115.695508,35.788648,523.27,-0.00068534
2000,305,20,1978.43,115.695508,35.789540,523.27,0.00047592
2000,305,21,2077.35,115.695238,35.790353,538.22,0.00068534
2000,305,22,2176.27,115.694972,35.791168,553.17,0.00002961
2000,305,23,2275.19,115.694699,35.791980,538.22,0.00003949
2000,306,0,0.00,115.694699,35.791980,1151.19,-0.00300299
2000,306,1,87.29,115.693990,35.791540,1390.40,-0.00224893
2000,306,2,174.59,115.693082,35.791441,1315.65,0.00000000
2000,306,3,261.88,115.692274,35.791172,971.78,0.00149487
2000,307,0,0.00,115.694699,35.791980,538.22,0.00000000
2000,307,1,87.91,115.694699,35.792772,523.27,0.00051571
2000,307,2,175.82,115.694699,35.793565,508.32,0.00169638
2000,307,3,263.73,115.694528,35.794307,508.32,0.00062163
2000,307,4,351.64,115.694160,35.794993,493.37,-0.00169638
2000,307,5,439.55,115.694160,35.795785,463.47,-0.00113734
2000,307,6,527.46,115.694160,35.796578,493.37,0.00000000
2000,307,7,615.37,115.694160,35.797370,448.52,0.00000000
2000,308,0,0.00,115.694160,35.797370,1450.20,0.00000000
2000,308,1,43.65,115.694564,35.797505,1599.71,0.00000000
2000,308,2,87.29,115.694969,35.797639,762.48,0.00000000
2000,309,0,0.00,115.694160,35.797370,299.01,-0.00014585
2000,309,1,96.45,115.693891,35.798161,448.52,-0.00072171
2000,309,2,192.91,115.693648,35.798960,403.66,-0.00126481
2000,309,3,289.36,115.693621,35.799822,403.66,-0.00068144
2000,309,4,385.81,115.693621,35.800691,418.61,-0.00006542
2000,309,5,482.27,115.693621,35.801560,418.61,0.00000000
2000,309,6,578.72,115.693621,35.802430,328.91,0.00000000
2000,309,7,675.17,115.693621,35.803299,418.61,0.00000000
2000,31,0,0.00,115.202602,35.413340,1794.06,-0.00562617
2000,31,1,94.68,115.201872,35.412801,717.63,-0.00575158
2000,31,2,189.36,115.200985,35.413071,299.01,-0.00587698
2000,310,0,0.00,115.693621,35.803299,1794.06,0.00000000
2000,310,1,97.44,115.692543,35.803299,1330.60,0.00000000
2000,310,2,194.87,115.691465,35.803299,194.36,0.00000000
2000,311,0,0.00,115.693621,35.803299,358.81,0.00000000
2000,311,1,68.47,115.693891,35.803838,418.61,-0.00000000
2000,311,2,136.94,115.694160,35.804377,403.66,-0.00000000
2000,311,3,205.41,115.694430,35.804916,523.27,-0.00000000
2000,312,0,0.00,115.694430,35.804916,433.57,0.00000000
2000,312,1,79.09,115.694430,35.805629,493.37,0.00000000
2000,312,2,158.17,115.694430,35.806341,493.37,-0.00210529
2000,312,3,237.26,115.694430,35.807054,493.37,-0.00422252
2000,312,4,316.35,115.694969,35.807611,568.12,-0.00423445
2000,313,0,0.00,115.694430,35.804916,687.72,0.00432971
2000,313,1,90.67,115.695118,35.804377,1390.40,0.00422071
2000,313,2,181.34,115.696122,35.804377,1091.39,0.00205585
2000,313,3,272.00,115.697125,35.804377,538.22,0.00000000
2000,314,0,0.00,115.694969,35.807611,418.61,0.00000000
2000,314,1,96.36,115.694969,35.808479,388.71,0.00000000
2000,314,2,192.72,115.694969,35.809348,358.81,-0.00068261
2000,314,3,289.09,115.694969,35.810216,328.91,-0.00068261
2000,314,4,385.45,115.695238,35.811007,313.96,0.00068261
2000,314,5,481.81,115.695238,35.811875,269.11,0.00068261
2000,314,6,578.17,115.695238,35.812744,209.31,-0.00068261
2000,314,7,674.53,115.695238,35.813612,224.26,-0.00140555
2000,314,8,770.90,115.695508,35.814402,239.21,0.00000000
2000,314,9,867.26,115.695777,35.815193,269.11,0.00110521
2000,314,10,963.62,115.695777,35.816061,254.16,-0.00000000
2000,314,11,1059.98,115.695898,35.816895,284.06,-0.00077693
2000,314,12,1156.34,115.696047,35.817720,284.06,-0.00037078
2000,314,13,1252.71,115.696316,35.818511,299.01,0.00039466
2000,314,14,1349.07,115.696456,35.819339,299.01,0.00073061
2000,314,15,1445.43,115.696586,35.820169,299.01,-0.00000000
2000,314,16,1541.79,115.696586,35.821038,328.91,-0.00035983
2000,314,17,1638.15,115.696855,35.821828,328.91,0.00004831
2000,314,18,1734.52,115.696855,35.822697,299.01,0.00000000
2000,314,19,1830.88,115.697106,35.823493,328.91,-0.00009680
2000,314,20,1927.24,115.697125,35.824356,328.91,0.00068261
2000,314,21,2023.60,115.697394,35.825146,299.01,0.00213665
2000,314,22,2119.96,115.697125,35.825936,358.81,0.00281110
2000,315,0,0.00,115.694969,35.807611,762.48,-0.00109412
2000,315,1,98.51,115.695756,35.807093,672.77,-0.00000000
2000,315,2,197.02,115.696445,35.806404,837.23,-0.00110547
2000,315,3,295.53,115.697332,35.806056,672.77,-0.00503251
2000,315,4,394.04,115.697394,35.805187,373.76,-0.00421585
2000,315,5,492.55,115.697125,35.804377,523.27,-0.00167174
2000,317,0,0.00,115.697125,35.804377,583.07,-0.00020984
2000,317,1,90.18,115.697546,35.803686,463.47,-0.00141682
2000,317,2,180.36,115.697933,35.802986,373.76,-0.00245147
2000,317,3,270.55,115.697933,35.802173,373.76,-0.00035818
2000,317,4,360.73,115.697933,35.801360,388.71,0.00078139
2000,317,5,450.91,115.698203,35.800625,403.66,-0.00078139
2000,317,6,541.09,115.698203,35.799813,388.71,-0.00078139
2000,317,7,631.27,115.698203,35.799000,388.71,0.00000000
2000,317,8,721.46,115.698203,35.798187,418.61,0.00000000
2000,317,9,811.64,115.698203,35.797374,448.52,0.00000000
2000,317,10,901.82,115.698203,35.796562,493.37,0.00000000
2000,318,0,0.00,115.697125,35.825936,1794.06,0.00000000
2000,318,1,73.06,115.696316,35.825936,1330.60,0.00000000
2000,318,2,146.11,115.695508,35.825936,777.43,0.00000000
2000,318,3,219.17,115.694699,35.825936,194.36,0.00000000
2000,319,0,0.00,115.697125,35.825936,313.96,0.00000000
2000,319,1,94.76,115.697394,35.826712,343.86,0.00021278
2000,319,2,189.52,115.697664,35.827488,299.01,-0.00000000
2000,319,3,284.27,115.697857,35.828286,313.96,-0.00007076
2000,319,4,379.03,115.698203,35.829040,328.91,0.00074817
2000,319,5,473.79,115.698346,35.829853,269.11,0.00098860
2000,319,6,568.55,115.698472,35.830670,299.01,0.00070620
2000,319,7,663.31,115.698472,35.831524,269.11,0.00028558
2000,319,8,758.06,115.698472,35.832378,299.01,-0.00070620
2000,319,9,852.82,115.698487,35.833228,313.96,-0.00062705
2000,319,10,947.58,115.698742,35.834008,448.52,0.00141239
2000,319,11,1042.34,115.698742,35.834862,478.42,0.00211957
2000,319,12,1137.10,115.698472,35.835638,523.27,0.00149634
2000,32,0,0.00,115.202602,35.413340,328.91,0.00000000
2000,32,1,75.10,115.203126,35.412816,313.96,0.00000000
2000,32,2,150.19,115.203650,35.412293,328.91,-0.00087414
2000,32,3,225.29,115.204173,35.411769,328.91,-0.00180024
2000,32,4,300.39,115.204489,35.411184,313.96,-0.00185219
2000,320,0,0.00,115.694699,35.825936,358.81,0.00088071
2000,320,1,75.55,115.694380,35.825348,328.91,0.00184347
2000,320,2,151.09,115.694160,35.824731,328.91,0.00231103
2000,320,3,226.64,115.694160,35.824050,328.91,0.00181583
2000,321,0,0.00,115.694699,35.825936,448.52,-0.00866891
2000,321,1,34.23,115.694460,35.826176,358.81,-0.00878420
2000,321,2,68.47,115.694430,35.826475,313.96,-0.00889950
2000,322,0,0.00,115.698472,35.835638,777.43,0.00168787
2000,322,1,91.59,115.697633,35.835339,657.82,0.00199747
2000,322,2,183.17,115.696917,35.834830,568.12,0.00281782
2000,322,3,274.76,115.696254,35.834229,463.47,0.00294881
2000,322,4,366.34,115.696032,35.833467,313.96,0.00138239
2000,322,5,457.93,115.695777,35.832716,313.96,-0.00018761
2000,322,6,549.52,115.695588,35.831945,299.01,0.00028226
2000,322,7,641.10,115.695238,35.831221,299.01,0.00080236
2000,322,8,732.69,115.695238,35.830396,284.06,-0.00056773
2000,322,9,824.28,115.694969,35.829648,328.91,-0.00080236
2000,322,10,915.86,115.694699,35.828901,313.96,-0.00000000
2000,323,0,0.00,115.698472,35.835638,463.47,0.00000000
2000,323,1,98.37,115.698742,35.836447,463.47,0.00000000
2000,323,2,196.73,115.699011,35.837255,448.52,0.00000000
2000,324,0,0.00,115.699011,35.837255,1375.45,-0.00240901
2000,324,1,67.65,115.698439,35.837558,956.83,-0.00120450
2000,324,2,135.29,115.697966,35.838031,956.83,0.00120450
2000,324,3,202.94,115.697394,35.838333,867.13,0.00240901
2000,325,0,0.00,115.699011,35.837255,508.32,0.00293721
2000,325,1,96.06,115.699550,35.837965,388.71,0.00219594
2000,325,2,192.12,115.699550,35.838831,418.61,-0.00039795
2000,325,3,288.18,115.699820,35.839618,418.61,-0.00146911
2000,325,4,384.24,115.700234,35.840364,418.61,-0.00008880
2000,325,5,480.30,115.700628,35.841116,403.66,0.00006806
2000,325,6,576.36,115.700949,35.841888,403.66,-0.00057207
2000,325,7,672.42,115.701412,35.842620,373.76,-0.00064932
2000,325,8,768.47,115.701874,35.843352,373.76,-0.00093951
2000,325,9,864.53,115.702390,35.843993,328.91,-0.00052861
2000,325,10,960.59,115.703054,35.844601,239.21,0.00079472
2000,325,11,1056.65,115.703570,35.845317,239.21,0.00023708
2000,325,12,1152.71,115.704032,35.846049,254.16,-0.00147385
2000,325,13,1248.77,115.704703,35.846720,269.11,-0.00163947
2000,325,14,1344.83,115.705474,35.847222,269.11,-0.00000000
2000,325,15,1440.89,115.706245,35.847723,284.06,0.00057657
2000,325,16,1536.95,115.706916,35.848394,269.11,-0.00057657
2000,325,17,1633.01,115.707687,35.848895,328.91,-0.00049386
2000,325,18,1729.07,115.708457,35.849396,328.91,-0.00074586
2000,325,19,1825.13,115.709214,35.849921,299.01,-0.00077732
2000,325,20,1921.19,115.710120,35.850191,313.96,0.00100657
2000,325,21,2017.25,115.710869,35.850730,313.96,0.00191064
2000,326,0,0.00,115.710869,35.850730,328.91,-0.00011622
2000,326,1,98.84,115.711963,35.850730,269.11,-0.00114850
2000,326,2,197.67,115.713045,35.850710,209.31,-0.00281130
2000,326,3,296.51,115.713935,35.850359,134.55,-0.00334117
2000,326,4,395.34,115.714725,35.849838,149.51,-0.00162026
2000,326,5,494.18,115.715207,35.849087,194.36,0.00000000
2000,326,6,593.02,115.715997,35.848567,239.21,-0.00000000
2000,326,7,691.85,115.716478,35.847815,284.06,0.00050446
2000,326,8,790.69,115.717269,35.847295,358.81,-0.00000000
2000,326,9,889.52,115.717959,35.846604,358.81,-0.00050446
2000,326,10,988.36,115.718650,35.845913,388.71,0.00000000
2000,326,11,1087.20,115.719341,35.845222,388.71,0.00000000
2000,326,12,1186.03,115.720032,35.844532,433.57,0.00000000
2000,327,0,0.00,115.710869,35.850730,762.48,-0.00331706
2000,327,1,64.13,115.710599,35.851230,508.32,-0.00322396
2000,327,2,128.27,115.710599,35.851808,29.90,-0.00313086
2000,328,0,0.00,115.720032,35.844532,418.61,0.00298502
2000,328,1,89.43,115.720239,35.843786,403.66,0.00257796
2000,328,2,178.86,115.720840,35.843295,373.76,0.00058535
2000,328,3,268.29,115.721379,35.842645,418.61,-0.00100019
2000,329,0,0.00,115.720032,35.844532,1166.14,-0.00000000
2000,329,1,75.76,115.720561,35.845061,1181.09,-0.00281589
2000,329,2,151.52,115.721091,35.845591,1106.34,-0.00567088
2000,329,3,227.28,115.721918,35.845610,762.48,-0.00570998
2000,33,0,0.00,115.204489,35.411184,1076.44,0.00374870
2000,33,1,84.73,115.203950,35.410578,1016.64,0.00371322
2000,33,2,169.47,115.203950,35.409814,373.76,0.00306250
2000,33,3,254.20,115.203950,35.409051,358.81,0.00183887
2000,33,4,338.93,115.204315,35.408394,373.76,-0.00006054
2000,33,5,423.67,115.204489,35.407681,747.53,-0.00135155
2000,330,0,0.00,115.721379,35.842645,1210.99,-0.00000000
2000,330,1,96.40,115.722053,35.843319,1240.89,-0.00000000
2000,330,2,192.80,115.722727,35.843993,867.13,-0.00000000
2000,331,0,0.00,115.721379,35.842645,433.57,-0.00143869
2000,331,1,98.16,115.722065,35.841959,418.61,-0.00103712
2000,331,2,196.32,115.722457,35.841188,373.76,0.00042323
2000,331,3,294.48,115.723019,35.840466,433.57,0.00053156
2000,331,4,392.64,115.723705,35.839780,388.71,0.00007616
2000,331,5,490.80,115.724182,35.839033,433.57,0.00050556
2000,331,6,588.96,115.724883,35.838493,388.71,0.00043336
2000,331,7,687.12,115.725445,35.837771,373.76,0.00106265
2000,331,8,785.28,115.726230,35.837255,448.52,0.00169848
2000,332,0,0.00,115.726230,35.837255,433.57,0.00217771
2000,332,1,98.59,115.726501,35.836445,388.71,0.00161570
2000,332,2,197.18,115.727190,35.835756,403.66,0.00052685
2000,332,3,295.77,115.727670,35.835007,388.71,0.00050113
2000,332,4,394.36,115.728359,35.834318,403.66,0.00050113
2000,332,5,492.95,115.729048,35.833629,358.81,0.00045590
2000,332,6,591.54,115.729737,35.832940,358.81,0.00050711
2000,332,7,690.13,115.730516,35.832404,388.71,0.00010278
2000,332,8,788.72,115.731214,35.831732,328.91,-0.00000000
2000,332,9,887.31,115.732003,35.831213,299.01,-0.00005158
2000,332,10,985.90,115.732692,35.830524,269.11,0.00054605
2000,332,11,1084.49,115.733480,35.830005,269.11,-0.00024570
2000,332,12,1183.08,115.734268,35.829486,299.01,-0.00155429
2000,332,13,1281.67,115.734854,35.828768,239.21,-0.00051083
2000,332,14,1380.26,115.735437,35.828048,224.26,0.00071926
2000,332,15,1478.85,115.736126,35.827359,194.36,0.00075653
2000,332,16,1577.44,115.736859,35.826745,209.31,0.00006047
2000,332,17,1676.03,115.737604,35.826151,194.36,-0.00000000
2000,332,18,1774.62,115.738293,35.825462,194.36,0.00226952
2000,332,19,1873.21,115.739081,35.824943,239.21,0.00374541
2000,332,20,1971.80,115.740122,35.824858,179.41,0.00195212
2000,332,21,2070.39,115.741214,35.824858,179.41,0.00024772
2000,332,22,2168.98,115.742305,35.824858,179.41,0.00082156
2000,332,23,2267.57,115.743396,35.824858,209.31,0.00172721
2000,332,24,2366.16,115.744330,35.825128,209.31,-0.00000000
2000,332,25,2464.75,115.745263,35.825397,209.31,-0.00090565
2000,332,26,2563.34,115.746354,35.825397,239.21,0.00090565
2000,332,27,2661.93,115.747288,35.825667,269.11,0.00090565
2000,332,28,2760.52,115.748222,35.825936,269.11,0.00031673
2000,332,29,2859.12,115.749156,35.826206,239.21,0.00000000
2000,332,30,2957.71,115.750037,35.826566,209.31,-0.00093583
2000,332,31,3056.30,115.751024,35.826745,269.11,-0.00123822
2000,333,0,0.00,115.726230,35.837255,1465.15,0.00115138
2000,333,1,92.07,115.726874,35.837899,1031.59,0.00118214
2000,333,2,184.15,115.727308,35.838603,777.43,0.00121289
2000,334,0,0.00,115.751024,35.826745,254.16,-0.00160205
2000,334,1,99.10,115.751507,35.827498,224.26,-0.00205908
2000,334,2,198.20,115.752257,35.828092,179.41,-0.00115019
2000,334,3,297.29,115.753091,35.828543,194.36,0.00000000
2000,334,4,396.39,115.753822,35.829170,179.41,0.00060203
2000,334,5,495.49,115.754675,35.829588,179.41,0.00153783
2000,334,6,594.59,115.755158,35.830341,164.46,0.00082793
2000,334,7,693.69,115.755851,35.831033,194.36,0.00086755
2000,334,8,792.79,115.756335,35.831786,164.46,0.00142154
2000,334,9,891.88,115.756683,35.832579,179.41,0.00143990
2000,334,10,990.98,115.756952,35.833394,149.51,0.00088590
2000,334,11,1090.08,115.756952,35.834287,209.31,0.00000000
2000,334,12,1189.18,115.757222,35.835102,239.21,0.00064461
2000,334,13,1288.28,115.757222,35.835995,224.26,-0.00000000
2000,334,14,1387.37,115.757222,35.836888,254.16,-0.00064461
2000,334,15,1486.47,115.757491,35.837703,269.11,0.00000000
2000,334,16,1585.57,115.757491,35.838596,269.11,0.00000000
2000,334,17,1684.67,115.757761,35.839412,269.11,-0.00000000
2000,334,18,1783.77,115.757761,35.840305,284.06,0.00000000
2000,334,19,1882.87,115.758030,35.841120,284.06,0.00064461
2000,334,20,1981.96,115.758030,35.842013,299.01,0.00064461
2000,334,21,2081.06,115.758030,35.842906,269.11,0.00000000
2000,334,22,2180.16,115.758030,35.843799,299.01,-0.00064461
2000,334,23,2279.26,115.758030,35.844692,313.96,-0.00064461
2000,334,24,2378.36,115.758300,35.845507,373.76,0.00000000
2000,334,25,2477.45,115.758300,35.846401,343.86,0.00000000
2000,334,26,2576.55,115.758569,35.847216,358.81,0.00064461
2000,334,27,2675.65,115.758569,35.848109,328.91,-0.00000000
2000,334,28,2774.75,115.758569,35.849002,343.86,-0.00132687
2000,334,29,2873.85,115.758839,35.849817,328.91,-0.00050066
2000,334,30,2972.95,115.759108,35.850632,299.01,0.00000000
2000,334,31,3072.04,115.759307,35.851468,343.86,0.00032433
2000,334,32,3171.14,115.759647,35.852262,313.96,0.00132687
2000,334,33,3270.24,115.759647,35.853155,269.11,0.00164188
2000,335,0,0.00,115.751024,35.826745,1061.49,0.00204340
2000,335,1,70.02,115.751513,35.826256,627.92,0.00214204
2000,335,2,140.04,115.752102,35.825936,687.72,0.00224067
2000,336,0,0.00,115.759647,35.853155,1031.59,-0.00224107
2000,336,1,70.01,115.759059,35.853475,926.93,-0.00214238
2000,336,2,140.02,115.758569,35.853964,837.23,-0.00204370
2000,337,0,0.00,115.759647,35.853155,284.06,-0.00000000
2000,337,1,89.86,115.759917,35.853887,269.11,-0.00000000
2000,337,2,179.73,115.760186,35.854619,269.11,-0.00056775
2000,337,3,269.59,115.760456,35.855351,269.11,-0.00166804
2000,337,4,359.46,115.760906,35.856031,284.06,-0.00161353
2000,337,5,449.32,115.761534,35.856659,269.11,-0.00102647
2000,338,0,0.00,115.761534,35.856659,328.91,-0.00190227
2000,338,1,96.32,115.762443,35.856928,239.21,-0.00095113
2000,338,2,192.64,115.763509,35.856928,179.41,-0.00000000
2000,338,3,288.95,115.764418,35.857198,209.31,-0.00000000
2000,338,4,385.27,115.765484,35.857198,269.11,-0.00000000
2000,338,5,481.59,115.766393,35.857467,299.01,0.00000000
2000,338,6,577.91,115.767460,35.857467,299.01,0.00095113
2000,338,7,674.23,115.768369,35.857737,299.01,-0.00000000
2000,338,8,770.54,115.769278,35.858006,299.01,-0.00095113
2000,338,9,866.86,115.770344,35.858006,328.91,0.00060619
2000,338,10,963.18,115.771253,35.858276,299.01,-0.00000000
2000,338,11,1059.50,115.772218,35.858450,343.86,-0.00041407
2000,338,12,1155.82,115.773228,35.858545,358.81,0.00000000
2000,338,13,1252.13,115.774160,35.858775,343.86,-0.00093446
2000,338,14,1348.45,115.775204,35.858815,388.71,-0.00000000
2000,338,15,1444.77,115.776270,35.858815,388.71,0.00074235
2000,338,16,1541.09,115.777179,35.859084,418.61,-0.00086199
2000,338,17,1637.40,115.778245,35.859084,388.71,0.00000000
2000,338,18,1733.72,115.779312,35.859084,403.66,0.00086199
2000,338,19,1830.04,115.780221,35.859354,448.52,-0.00086199
2000,338,20,1926.36,115.781287,35.859354,388.71,-0.00021245
2000,338,21,2022.68,115.782353,35.859354,388.71,0.00181312
2000,338,22,2118.99,115.783299,35.859560,373.76,0.00162723
2000,338,23,2215.31,115.784171,35.859893,343.86,0.00092731
2000,339,0,0.00,115.761534,35.856659,538.22,-0.00347663
2000,339,1,53.51,115.761160,35.857033,343.86,-0.00358298
2000,339,2,107.02,115.760995,35.857467,89.70,-0.00368933
2000,34,0,0.00,115.204489,35.411184,388.71,-0.00332014
2000,34,1,98.94,115.205376,35.410836,358.81,-0.00221054
2000,34,2,197.88,115.205858,35.410085,239.21,-0.00004553
2000,34,3,296.82,115.206647,35.409565,269.11,0.00092746
2000,34,4,395.76,115.207337,35.408875,299.01,0.00111644
2000,34,5,494.71,115.208203,35.408489,343.86,0.00265532
2000,34,6,593.65,115.209013,35.408007,343.86,0.00442100
2000,34,7,692.59,115.209901,35.408242,358.81,0.00256009
2000,34,8,791.53,115.210847,35.408489,269.11,0.00104235
2000,34,9,890.47,115.211775,35.408769,239.21,0.00224992
2000,34,10,989.41,115.212564,35.409288,224.26,0.00185854
2000,34,11,1088.35,115.213144,35.409869,224.26,0.00004553
2000,34,12,1187.29,115.213834,35.410559,299.01,-0.00104847
2000,34,13,1286.23,115.214623,35.411078,299.01,-0.00007845
2000,34,14,1385.17,115.215412,35.411598,403.66,0.00055685
2000,34,15,1484.12,115.216117,35.412262,403.66,0.00011771
2000,34,16,1583.06,115.216885,35.412809,358.81,0.00047717
2000,34,17,1682.00,115.217471,35.413387,418.61,0.00046568
2000,34,18,1780.94,115.218161,35.414077,433.57,-0.00067801
2000,34,19,1879.88,115.218852,35.414767,418.61,-0.00104847
2000,34,20,1978.82,115.219675,35.415227,373.76,-0.00016056
2000,34,21,2077.76,115.220429,35.415806,388.71,0.00054353
2000,34,22,2176.70,115.221218,35.416326,358.81,0.00034808
2000,34,23,2275.64,115.221908,35.417016,358.81,-0.00010543
2000,34,24,2374.58,115.222697,35.417535,328.91,-0.00004444
2000,34,25,2473.53,115.223407,35.418191,358.81,-0.00032713
2000,34,26,2572.47,115.224184,35.418730,358.81,-0.00045197
2000,34,27,2671.41,115.224965,35.419264,328.91,0.00003380
2000,34,28,2770.35,115.225754,35.419783,328.91,0.00016084
2000,34,29,2869.29,115.226517,35.420347,328.91,-0.00001688
2000,34,30,2968.23,115.227294,35.420886,328.91,-0.00008008
2000,34,31,3067.17,115.228072,35.421425,343.86,-0.00040573
2000,34,32,3166.11,115.228849,35.421964,328.91,-0.00090534
2000,34,33,3265.05,115.229698,35.422380,343.86,-0.00007995
2000,34,34,3363.99,115.230561,35.422773,328.91,0.00063315
2000,34,35,3462.94,115.231338,35.423312,328.91,0.00014814
2000,34,36,3561.88,115.232164,35.423768,284.06,-0.00042861
2000,34,37,3660.82,115.232952,35.424287,299.01,-0.00036326
2000,34,38,3759.76,115.233840,35.424636,299.01,0.00000000
2000,34,39,3858.70,115.234629,35.425155,313.96,-0.00005693
2000,34,40,3957.64,115.235517,35.425504,299.01,-0.00000000
2000,34,41,4056.58,115.236315,35.426006,299.01,-0.00014762
2000,34,42,4155.52,115.237193,35.426372,328.91,0.00038563
2000,34,43,4254.46,115.238026,35.426815,313.96,0.00090534
2000,34,44,4353.40,115.238804,35.427354,284.06,-0.00019316
2000,34,45,4452.35,115.239581,35.427893,254.16,-0.00057477
2000,34,46,4551.29,115.240447,35.428279,299.01,0.00092397
2000,34,47,4650.23,115.241236,35.428798,254.16,0.00099042
2000,34,48,4749.17,115.241926,35.429488,284.06,-0.00054353
2000,34,49,4848.11,115.242715,35.430007,269.11,-0.00028233
2000,34,50,4947.05,115.243504,35.430527,313.96,0.00032356
2000,34,51,5045.99,115.244246,35.431127,313.96,-0.00052902
2000,34,52,5144.93,115.245024,35.431666,328.91,-0.00065735
2000,34,53,5243.87,115.245871,35.432085,328.91,-0.00010005
2000,34,54,5342.81,115.246660,35.432604,358.81,-0.00023913
2000,34,55,5441.76,115.247512,35.433013,343.86,0.00016818
2000,34,56,5540.70,115.248336,35.433472,388.71,0.00057291
2000,34,57,5639.64,115.249125,35.433992,373.76,0.00019969
2000,34,58,5738.58,115.249914,35.434511,373.76,0.00000000
2000,34,59,5837.52,115.250703,35.435031,418.61,-0.00000000
2000,34,60,5936.46,115.251492,35.435550,388.71,0.00054353
2000,34,61,6035.40,115.252281,35.436069,418.61,0.00000000
2000,34,62,6134.34,115.252971,35.436759,418.61,-0.00054353
2000,34,63,6233.28,115.253858,35.437108,448.52,0.00054353
2000,34,64,6332.22,115.254548,35.437798,418.61,-0.00000000
2000,34,65,6431.17,115.255337,35.438317,433.57,-0.00054353
2000,34,66,6530.11,115.256126,35.438837,448.52,0.00054353
2000,34,67,6629.05,115.256915,35.439356,448.52,0.00104847
2000,34,68,6727.99,115.257605,35.440046,403.66,0.00050494
2000,34,69,6826.93,115.258295,35.440736,463.47,-0.00050494
2000,34,70,6925.87,115.258985,35.441426,448.52,-0.00050494
2000,34,71,7024.81,115.259774,35.441946,508.32,-0.00054353
2000,34,72,7123.75,115.260464,35.442636,508.32,-0.00170560
2000,34,73,7222.69,115.261352,35.442985,508.32,-0.00232415
2000,340,0,0.00,115.784171,35.859893,418.61,0.00000000
2000,340,1,99.95,115.785278,35.859893,388.71,0.00000000
2000,340,2,199.91,115.786385,35.859893,388.71,0.00000000
2000,340,3,299.86,115.787491,35.859893,388.71,0.00000000
2000,340,4,399.82,115.788598,35.859893,388.71,0.00000000
2000,340,5,499.77,115.789705,35.859893,418.61,-0.00036299
2000,340,6,599.73,115.790811,35.859893,418.61,-0.00079866
2000,340,7,699.68,115.791844,35.859766,418.61,-0.00004839
2000,340,8,799.64,115.792867,35.859623,418.61,0.00079866
2000,340,9,899.59,115.793974,35.859623,388.71,-0.00038728
2000,340,10,999.55,115.795080,35.859623,418.61,-0.00079866
2000,340,11,1099.50,115.796029,35.859354,418.61,0.00079866
2000,340,12,1199.45,115.797136,35.859354,388.71,0.00079866
2000,340,13,1299.41,115.798243,35.859354,448.52,0.00000000
2000,340,14,1399.36,115.799349,35.859354,418.61,-0.00079866
2000,340,15,1499.32,115.800456,35.859354,358.81,-0.00079866
2000,340,16,1599.27,115.801405,35.859084,358.81,0.00000000
2000,340,17,1699.23,115.802512,35.859084,358.81,0.00000000
2000,340,18,1799.18,115.803461,35.858815,328.91,-0.00000000
2000,340,19,1899.14,115.804568,35.858815,328.91,-0.00000000
2000,340,20,1999.09,115.805517,35.858545,299.01,0.00000000
2000,340,21,2099.04,115.806624,35.858545,299.01,-0.00051538
2000,340,22,2199.00,115.807573,35.858276,284.06,-0.00000000
2000,340,23,2298.95,115.808586,35.858116,284.06,0.00016573
2000,340,24,2398.91,115.809629,35.858006,299.01,-0.00087994
2000,340,25,2498.86,115.810578,35.857737,269.11,0.00001609
2000,340,26,2598.82,115.811527,35.857467,299.01,0.00080689
2000,340,27,2698.77,115.812573,35.857363,284.06,-0.00057193
2000,340,28,2798.73,115.813569,35.857175,299.01,-0.00140972
2000,340,29,2898.68,115.814467,35.856816,284.06,-0.00050824
2000,340,30,2998.64,115.815364,35.856458,284.06,0.00037114
2000,340,31,3098.59,115.816273,35.856120,269.11,0.00043982
2000,340,32,3198.54,115.817223,35.855850,269.11,-0.00016359
2000,340,33,3298.50,115.818156,35.855553,284.06,-0.00072608
2000,340,34,3398.45,115.819053,35.855195,254.16,-0.00078321
2000,340,35,3498.41,115.819913,35.854772,269.11,-0.00014344
2000,340,36,3598.36,115.820748,35.854308,254.16,0.00001332
2000,340,37,3698.32,115.821646,35.853949,269.11,0.00009798
2000,340,38,3798.27,115.822446,35.853425,269.11,0.00112624
2000,340,39,3898.23,115.823395,35.853155,269.11,-0.00004902
2000,340,40,3998.18,115.824338,35.852874,269.11,-0.00083641
2000,340,41,4098.14,115.825136,35.852347,239.21,-0.00000000
2000,340,42,4198.09,115.826085,35.852077,284.06,-0.00003917
2000,340,43,4298.04,115.826877,35.851538,269.11,0.00004178
2000,340,44,4398.00,115.827827,35.851269,269.11,-0.00000000
2000,340,45,4497.95,115.828626,35.850742,313.96,0.00026991
2000,340,46,4597.91,115.829568,35.850460,328.91,0.00000000
2000,340,47,4697.86,115.830420,35.850026,328.91,-0.00000000
2000,340,48,4797.82,115.831309,35.849652,299.01,0.00000000
2000,340,49,4897.77,115.832215,35.849309,328.91,-0.00057566
2000,340,50,4997.73,115.833050,35.848843,299.01,0.00009710
2000,340,51,5097.68,115.833910,35.848422,284.06,0.00168248
2000,340,52,5197.63,115.834808,35.848064,299.01,0.00241589
2000,340,53,5297.59,115.835898,35.848035,239.21,0.00117462
2000,340,54,5397.54,115.837004,35.848035,209.31,0.00008013
2000,340,55,5497.50,115.838111,35.848035,179.41,0.00079866
2000,340,56,5597.45,115.839217,35.848035,149.51,0.00167860
2000,340,57,5697.41,115.840167,35.848304,164.46,0.00087994
2000,340,58,5797.36,115.841116,35.848574,209.31,0.00019880
2000,340,59,5897.32,115.842065,35.848843,239.21,0.00050074
2000,340,60,5997.27,115.842980,35.849172,284.06,0.00051596
2000,340,61,6097.23,115.843877,35.849530,328.91,0.00067775
2000,340,62,6197.18,115.844756,35.849921,284.06,0.00035326
2000,340,63,6297.13,115.845573,35.850417,284.06,-0.00057566
2000,340,64,6397.09,115.846470,35.850775,254.16,-0.00030770
2000,340,65,6497.04,115.847367,35.851134,269.11,0.00057566
2000,340,66,6597.00,115.848238,35.851538,254.16,0.00104465
2000,340,67,6696.95,115.849063,35.852021,269.11,0.00000000
2000,340,68,6796.91,115.849821,35.852616,299.01,-0.00085300
2000,340,69,6896.86,115.850758,35.852907,313.96,0.00055741
2000,340,70,6996.82,115.851556,35.853436,328.91,0.00078578
2000,340,71,7096.77,115.852354,35.853964,328.91,-0.00055549
2000,340,72,7196.72,115.853152,35.854493,373.76,0.00000000
2000,340,73,7296.68,115.854049,35.854851,358.81,0.00055733
2000,340,74,7396.63,115.854748,35.855550,328.91,-0.00000000
2000,340,75,7496.59,115.855645,35.855908,358.81,0.00000000
2000,340,76,7596.54,115.856344,35.856607,388.71,-0.00055925
2000,340,77,7696.50,115.857241,35.856965,388.71,-0.00000000
2000,340,78,7796.45,115.858039,35.857494,358.81,0.00054167
2000,340,79,7896.41,115.858837,35.858022,373.76,0.00000000
2000,340,80,7996.36,115.859639,35.858545,418.61,-0.00052338
2000,340,81,8096.32,115.860433,35.859079,418.61,-0.00055925
2000,340,82,8196.27,115.861331,35.859438,403.66,0.00054095
2000,340,83,8296.22,115.862129,35.859966,388.71,0.00038975
2000,340,84,8396.18,115.862927,35.860495,403.66,-0.00055925
2000,340,85,8496.13,115.863755,35.860971,433.57,0.00023672
2000,340,86,8596.09,115.864622,35.861381,403.66,0.00102655
2000,340,87,8696.04,115.865339,35.862049,418.61,-0.00052177
2000,340,88,8796.00,115.866131,35.862588,418.61,-0.00040052
2000,340,89,8895.95,115.867016,35.862967,433.57,0.00045455
2000,340,90,8995.91,115.867715,35.863666,418.61,-0.00006678
2000,340,91,9095.86,115.868612,35.864024,448.52,0.00053044
2000,340,92,9195.82,115.869311,35.864723,403.66,0.00000000
2000,340,93,9295.77,115.870109,35.865251,418.61,-0.00108969
2000,340,94,9395.72,115.870907,35.865780,418.61,-0.00000000
2000,340,95,9495.68,115.871804,35.866138,388.71,0.00108969
2000,340,96,9595.63,115.872502,35.866836,388.71,0.00000000
2000,340,97,9695.59,115.873300,35.867365,388.71,-0.00023129
2000,340,98,9795.54,115.874098,35.867893,358.81,0.00053044
2000,340,99,9895.50,115.874841,35.868517,358.81,-0.00005950
2000,340,100,9995.45,115.875595,35.869121,388.71,0.00000000
2000,340,101,10095.41,115.876393,35.869649,373.76,0.00029079
2000,340,102,10195.36,115.877092,35.870348,373.76,0.00000000
2000,340,103,10295.31,115.877890,35.870876,358.81,-0.00000000
2000,340,104,10395.27,115.878588,35.871575,358.81,-0.00000000
2000,340,105,10495.22,115.879386,35.872103,388.71,0.00000000
2000,340,106,10595.18,115.880085,35.872802,373.76,-0.00053044
2000,340,107,10695.13,115.880883,35.873330,403.66,-0.00053044
2000,340,108,10795.09,115.881681,35.873859,448.52,0.00021763
2000,340,109,10895.04,115.882479,35.874387,388.71,0.00053044
2000,340,110,10995.00,115.883237,35.874984,418.61,0.00061217
2000,340,111,11094.95,115.883976,35.875615,388.71,-0.00000000
2000,340,112,11194.91,115.884674,35.876313,403.66,-0.00029936
2000,340,113,11294.86,115.885472,35.876842,403.66,0.00000000
2000,340,114,11394.81,115.886171,35.877540,403.66,-0.00053044
2000,340,115,11494.77,115.886969,35.878069,388.71,-0.00000000
2000,340,116,11594.72,115.887767,35.878597,448.52,0.00139204
2000,340,117,11694.68,115.888465,35.879296,388.71,0.00098021
2000,340,118,11794.63,115.889005,35.880041,388.71,-0.00025522
2000,340,119,11894.59,115.889654,35.880754,418.61,-0.00048724
2000,340,120,11994.54,115.890352,35.881452,388.71,-0.00022682
2000,341,0,0.00,115.784171,35.859893,1794.06,0.00364462
2000,341,1,75.69,115.784171,35.860575,1330.60,0.00488832
2000,341,2,151.37,115.783740,35.861132,687.72,0.00651720
2000,341,3,227.06,115.783123,35.861510,418.61,0.00548881
2000,341,4,302.74,115.782285,35.861510,373.76,0.00407525
2000,342,0,0.00,115.890352,35.881452,373.76,0.00127152
2000,342,1,99.72,115.890352,35.882351,373.76,0.00063576
2000,342,2,199.45,115.890083,35.883172,313.96,0.00067275
2000,342,3,299.17,115.890083,35.884071,239.21,0.00067275
2000,342,4,398.90,115.889544,35.884814,239.21,0.00120998
2000,342,5,498.62,115.889544,35.885712,224.26,0.00305339
2000,342,6,598.35,115.888688,35.886081,194.36,0.00188058
2000,342,7,698.07,115.887991,35.886778,254.16,0.00018408
2000,342,8,797.79,115.887118,35.887142,269.11,-0.00037795
2000,342,9,897.52,115.886507,35.887723,313.96,-0.00009412
2000,342,10,997.24,115.885710,35.888250,299.01,0.00043073
2000,342,11,1096.97,115.884914,35.888777,373.76,-0.00000000
2000,342,12,1196.69,115.884117,35.889304,388.71,0.00004227
2000,342,13,1296.41,115.883320,35.889832,418.61,0.00056177
2000,342,14,1396.14,115.882516,35.890346,418.61,0.00077585
2000,342,15,1495.86,115.881628,35.890716,403.66,-0.00031045
2000,342,16,1595.59,115.880779,35.891154,388.71,-0.00110061
2000,342,17,1695.31,115.879989,35.891693,418.61,-0.00032751
2000,342,18,1795.04,115.879238,35.892297,433.57,0.00084426
2000,342,19,1894.76,115.878410,35.892771,418.61,0.00045955
2000,342,20,1994.48,115.877545,35.893181,418.61,-0.00017712
2000,342,21,2094.21,115.876748,35.893709,418.61,-0.00038336
2000,342,22,2193.93,115.875883,35.894119,418.61,-0.00075546
2000,342,23,2293.66,115.875155,35.894763,418.61,0.00000000
2000,342,24,2393.38,115.874359,35.895290,418.61,0.00037082
2000,342,25,2493.10,115.873562,35.895817,403.66,-0.00053280
2000,342,26,2592.83,115.872765,35.896344,403.66,-0.00053280
2000,342,27,2692.55,115.872068,35.897042,418.61,0.00053280
2000,342,28,2792.28,115.871271,35.897569,388.71,0.00053280
2000,342,29,2892.00,115.870475,35.898096,373.76,-0.00028263
2000,342,30,2991.73,115.869678,35.898623,343.86,0.00055751
2000,342,31,3091.45,115.868933,35.899239,418.61,0.00057323
2000,342,32,3191.17,115.867986,35.899508,343.86,-0.00145285
2000,342,33,3290.90,115.867288,35.900204,403.66,-0.00029060
2000,342,34,3390.62,115.866564,35.900856,373.76,0.00130401
2000,342,35,3490.35,115.865695,35.901259,388.71,-0.00000000
2000,342,36,3590.07,115.864898,35.901786,328.91,-0.00094148
2000,342,37,3689.80,115.864102,35.902313,328.91,-0.00057369
2000,342,38,3789.52,115.863404,35.903010,328.91,0.00000000
2000,342,39,3889.24,115.862616,35.903551,269.11,0.00008201
2000,342,40,3988.97,115.861911,35.904235,299.01,0.00053280
2000,342,41,4088.69,115.861114,35.904762,299.01,-0.00166542
2000,342,42,4188.42,115.860317,35.905289,284.06,-0.00407373
2000,342,43,4288.14,115.860299,35.906107,209.31,-0.00234260
2000,342,44,4387.86,115.860169,35.906888,179.41,-0.00140858
2000,342,45,4487.59,115.860319,35.907743,134.55,-0.00156574
2000,342,46,4587.31,115.860598,35.908561,134.55,-0.00055862
2000,342,47,4687.04,115.860977,35.909350,209.31,0.00030507
2000,342,48,4786.76,115.861247,35.910171,224.26,-0.00006952
2000,342,49,4886.49,115.861516,35.910992,269.11,-0.00037460
2000,342,50,4986.21,115.861923,35.911773,269.11,0.00001319
2000,342,51,5085.93,115.862202,35.912591,313.96,-0.00020776
2000,342,52,5185.66,115.862594,35.913377,358.81,-0.00101393
2000,342,53,5285.38,115.862969,35.914167,358.81,-0.00052959
2000,342,54,5385.11,115.863667,35.914864,388.71,0.00076846
2000,342,55,5484.83,115.863946,35.915682,388.71,-0.00051419
2000,342,56,5584.55,115.864434,35.916440,373.76,-0.00104378
2000,342,57,5684.28,115.865131,35.917137,373.76,-0.00000000
2000,342,58,5784.00,115.865619,35.917895,373.76,-0.00098440
2000,342,59,5883.73,115.866316,35.918592,388.71,-0.00127988
2000,342,60,5983.45,115.867113,35.919119,343.86,-0.00025828
2000,342,61,6083.18,115.867866,35.919721,269.11,-0.00048024
2000,342,62,6182.90,115.868656,35.920260,239.21,-0.00109264
2000,342,63,6282.62,115.869503,35.920700,194.36,-0.00031885
2000,342,64,6382.35,115.870393,35.921068,149.51,-0.00091893
2000,342,65,6482.07,115.871196,35.921585,149.51,-0.00221658
2000,342,66,6581.80,115.872288,35.921607,179.41,-0.00110659
2000,342,67,6681.52,115.873187,35.921794,224.26,-0.00124508
2000,342,68,6781.24,115.874083,35.921777,254.16,-0.00056357
2000,342,69,6880.97,115.874979,35.921619,284.06,0.00136911
2000,342,70,6980.69,115.875974,35.921782,284.06,0.00025379
2000,342,71,7080.42,115.877024,35.921876,328.91,0.00003296
2000,342,72,7180.14,115.878129,35.921876,388.71,0.00053206
2000,342,73,7279.87,115.879076,35.922146,388.71,-0.00148405
2000,342,74,7379.59,115.880181,35.922146,388.71,-0.00080249
2000,342,75,7479.31,115.881151,35.921915,373.76,0.00137810
2000,342,76,7579.04,115.882075,35.922146,418.61,-0.00080249
2000,342,77,7678.76,115.883180,35.922146,418.61,-0.00149904
2000,342,78,7778.49,115.884128,35.921876,358.81,0.00160499
2000,342,79,7878.21,115.885232,35.921876,358.81,0.00160499
2000,342,80,7977.94,115.886180,35.922146,328.91,-0.00080249
2000,342,81,8077.66,115.887285,35.922146,299.01,-0.00000000
2000,342,82,8177.38,115.888389,35.922146,343.86,0.00098185
2000,342,83,8277.11,115.889337,35.922415,388.71,0.00000000
2000,342,84,8376.83,115.890409,35.922472,373.76,0.00051534
2000,342,85,8476.56,115.891389,35.922685,388.71,-0.00000000
2000,342,86,8576.28,115.892336,35.922954,388.71,-0.00070753
2000,342,87,8676.00,115.893441,35.922954,358.81,0.00000000
2000,342,88,8775.73,115.894391,35.923220,358.81,-0.00019113
2000,342,89,8875.45,115.895493,35.923224,328.91,-0.00000000
2000,342,90,8975.18,115.896481,35.923424,284.06,0.00042601
2000,342,91,9074.90,115.897545,35.923493,239.21,0.00072422
2000,342,92,9174.63,115.898492,35.923763,179.41,0.00137876
2000,342,93,9274.35,115.899468,35.923985,134.55,0.00242994
2000,342,94,9374.07,115.900264,35.924512,149.51,0.00204844
2000,342,95,9473.80,115.900961,35.925209,179.41,0.00098440
2000,342,96,9573.52,115.901659,35.925906,209.31,0.00100349
2000,342,97,9673.25,115.902147,35.926664,224.26,0.00051419
2000,342,98,9772.97,115.902635,35.927422,254.16,-0.00051419
2000,342,99,9872.69,115.903123,35.928179,284.06,-0.00065175
2000,342,100,9972.42,115.903820,35.928877,269.11,0.00092147
2000,342,101,10072.14,115.904366,35.929618,269.11,0.00176371
2000,342,102,10171.87,115.904635,35.930438,269.11,0.00024483
2000,342,103,10271.59,115.904905,35.931259,269.11,0.00000000
2000,342,104,10371.32,115.905355,35.932028,239.21,0.00220137
2000,342,105,10471.04,115.905444,35.932901,179.41,0.00194427
2000,342,106,10570.76,115.905174,35.933722,164.46,0.00020274
2000,342,107,10670.49,115.905174,35.934621,164.46,0.00067275
2000,342,108,10770.21,115.904905,35.935442,179.41,0.00136028
2000,342,109,10869.94,115.904635,35.936262,239.21,0.00078523
2000,342,110,10969.66,115.904096,35.937005,284.06,-0.00003171
2000,342,111,11069.39,115.903789,35.937815,313.96,0.00032673
2000,342,112,11169.11,115.903300,35.938573,358.81,0.00006339
2000,342,113,11268.83,115.902812,35.939330,373.76,-0.00052959
2000,342,114,11368.56,115.902480,35.940133,358.81,0.00025778
2000,342,115,11468.28,115.902045,35.940906,433.57,0.00000000
2000,342,116,11568.01,115.901557,35.941664,448.52,-0.00039463
2000,342,117,11667.73,115.901278,35.942482,478.42,0.00047427
2000,342,118,11767.45,115.900790,35.943239,448.52,0.00052959
2000,342,119,11867.18,115.900324,35.944003,448.52,0.00011046
2000,342,120,11966.90,115.899813,35.944755,508.32,-0.00103877
2000,342,121,12066.63,115.899325,35.945512,478.42,-0.00164402
2000,342,122,12166.35,115.899246,35.946388,448.52,-0.00007318
2000,342,123,12266.08,115.898976,35.947209,463.47,0.00095385
2000,343,0,0.00,115.890352,35.881452,1091.39,0.00573286
2000,343,1,74.37,115.890872,35.880932,792.38,0.00587136
2000,343,2,148.74,115.891685,35.880913,478.42,0.00310143
2000,343,3,223.12,115.892508,35.880913,,0.00019298
2000,344,0,0.00,115.898976,35.947209,762.48,-0.00341397
2000,344,1,84.65,115.898086,35.947291,478.42,-0.00259527
2000,344,2,169.30,115.897415,35.947748,299.01,-0.00126911
2000,344,3,253.94,115.896634,35.948017,209.31,-0.00156277
2000,344,4,338.59,115.896012,35.948556,,-0.00236390
2000,345,0,0.00,115.898976,35.947209,702.67,-0.00000000
2000,345,1,77.08,115.899515,35.947748,538.22,-0.00000000
2000,345,2,154.16,115.900054,35.948287,299.01,-0.00000000
2000,35,0,0.00,115.261352,35.442985,553.17,-0.00003969
2000,35,1,83.88,115.261621,35.443662,418.61,-0.00135466
2000,35,2,167.75,115.261896,35.444338,343.86,-0.00378808
2000,35,3,251.63,115.262511,35.444871,493.37,-0.00371712
2000,35,4,335.51,115.263279,35.445141,538.22,-0.00126386
2000,35,5,419.38,115.264047,35.445410,538.22,-0.00000000
2000,36,0,0.00,115.261352,35.442985,1794.06,0.00453734
2000,36,1,95.37,115.262090,35.442446,1136.24,0.00590803
2000,36,2,190.73,115.263078,35.442554,568.12,0.00614150
2000,36,3,286.10,115.263842,35.443049,343.86,0.00488318
2000,36,4,381.46,115.264316,35.443770,568.12,0.00434551
2000,36,5,476.83,115.264316,35.444629,807.33,0.00270705
2000,36,6,572.19,115.264047,35.445410,956.83,0.00148516
2000,38,0,0.00,115.264047,35.445410,508.32,-0.00000000
2000,38,1,57.95,115.264451,35.445814,478.42,-0.00000000
2000,38,2,115.91,115.264855,35.446219,508.32,-0.00000000
2000,39,0,0.00,115.264855,35.446219,538.22,0.00164597
2000,39,1,85.40,115.265242,35.446875,403.66,0.00072948
2000,39,2,170.79,115.265394,35.447600,373.76,-0.00229742
2000,39,3,256.19,115.265808,35.448249,358.81,-0.00353507
2000,39,4,341.58,115.266503,35.448674,343.86,-0.00290450
2000,39,5,426.98,115.267197,35.449099,553.17,-0.00309152
2000,39,6,512.38,115.268089,35.449183,687.72,-0.00303636
2000,4,0,0.00,115.082138,35.394745,388.71,0.00172096
2000,4,1,87.87,115.081599,35.394111,478.42,0.00175146
2000,4,2,175.73,115.081330,35.393398,418.61,0.00178196
2000,40,0,0.00,115.264855,35.446219,1794.06,0.00377703
2000,40,1,97.52,115.265617,35.445680,1255.84,0.00520465
2000,40,2,195.04,115.266692,35.445680,583.07,0.00568168
2000,40,3,292.57,115.267489,35.446157,343.86,0.00404165
2000,40,4,390.09,115.268169,35.446838,343.86,0.00297247
2000,40,5,487.61,115.268432,35.447640,523.27,0.00338441
2000,40,6,585.13,115.268628,35.448461,777.43,0.00397833
2000,40,7,682.65,115.268089,35.449183,1390.40,0.00378056
2000,41,0,0.00,115.268089,35.449183,553.17,-0.00339134
2000,41,1,95.05,115.268335,35.449968,508.32,-0.00269871
2000,41,2,190.10,115.269097,35.450460,493.37,-0.00005040
2000,41,3,285.15,115.269706,35.451139,478.42,0.00080990
2000,41,4,380.19,115.270214,35.451847,493.37,-0.00054137
2000,41,5,475.24,115.270877,35.452510,463.47,-0.00153769
2000,41,6,570.29,115.271540,35.453173,508.32,-0.00240163
2000,41,7,665.34,115.272401,35.453495,553.17,-0.00252518
2000,42,0,0.00,115.272401,35.453495,568.12,-0.00353202
2000,42,1,93.68,115.272429,35.454331,463.47,-0.00351510
2000,42,2,187.36,115.273082,35.454985,448.52,-0.00174909
2000,42,3,281.04,115.273736,35.455638,433.57,0.00055753
2000,42,4,374.71,115.274389,35.456292,433.57,0.00089859
2000,42,5,468.39,115.274834,35.457006,448.52,-0.00000000
2000,42,6,562.07,115.275366,35.457695,418.61,-0.00067186
2000,42,7,655.75,115.275933,35.458374,433.57,0.00000000
2000,42,8,749.43,115.276586,35.459027,418.61,0.00091803
2000,42,9,843.11,115.277031,35.459742,433.57,0.00000000
2000,42,10,936.79,115.277476,35.460456,418.61,-0.00114476
2000,42,11,1030.47,115.278129,35.461110,418.61,-0.00028397
2000,42,12,1124.14,115.278783,35.461763,418.61,0.00009421
2000,42,13,1217.82,115.279280,35.462388,418.61,0.00062576
2000,42,14,1311.50,115.279947,35.462970,448.52,0.00206917
2000,42,15,1405.18,115.280217,35.463736,463.47,0.00252811
2000,43,0,0.00,115.272401,35.453495,1510.00,-0.00000000
2000,43,1,72.54,115.272907,35.452989,1315.65,0.00095264
2000,43,2,145.09,115.273413,35.452483,1031.59,0.00199516
2000,43,3,217.63,115.274018,35.452147,29.90,0.00208504
2000,44,0,0.00,115.280217,35.463736,598.02,0.00602844
2000,44,1,73.06,115.281021,35.463736,388.71,0.00697005
2000,44,2,146.12,115.281532,35.464243,448.52,0.00494671
2000,44,3,219.18,115.281833,35.464814,343.86,0.00198176
2000,45,0,0.00,115.280217,35.463736,1599.71,-0.00253949
2000,45,1,85.66,115.279619,35.464333,1106.34,-0.00380010
2000,45,2,171.33,115.279408,35.465044,553.17,-0.00452925
2000,45,3,256.99,115.279558,35.465772,388.71,-0.00282974
2000,45,4,342.66,115.279947,35.466431,358.81,-0.00166168
2000,46,0,0.00,115.281833,35.464814,328.91,0.00063994
2000,46,1,84.32,115.282422,35.465402,373.76,0.00141972
2000,46,2,168.64,115.282911,35.466019,388.71,0.00189010
2000,46,3,252.96,115.283181,35.466700,433.57,0.00158070
2000,47,0,0.00,115.281833,35.464814,1794.06,0.00089463
2000,47,1,85.42,115.281238,35.465410,1644.56,0.00068161
2000,47,2,170.83,115.280576,35.465892,956.83,-0.00000000
2000,47,3,256.25,115.279947,35.466431,732.58,-0.00046858
2000,48,0,0.00,115.279947,35.466431,358.81,-0.00085856
2000,48,1,87.36,115.280486,35.467061,388.71,-0.00228205
2000,48,2,174.72,115.281056,35.467540,358.81,-0.00611681
2000,48,3,262.08,115.281880,35.467778,986.73,-0.00774619
2000,48,4,349.43,115.282572,35.467310,1210.99,-0.00401526
2000,48,5,436.79,115.283181,35.466700,1659.51,-0.00106622
2000,5,0,0.00,115.084563,35.395823,777.43,-0.01004660
2000,5,1,46.51,115.084987,35.395669,732.58,-0.00980395
2000,5,2,93.03,115.085102,35.395284,538.22,-0.00956130
2000,51,0,0.00,115.283181,35.466700,448.52,-0.00026156
2000,51,1,99.91,115.283878,35.467397,478.42,-0.00049485
2000,51,2,199.81,115.284602,35.468048,463.47,-0.00022523
2000,51,3,299.72,115.285371,35.468620,463.47,0.00000000
2000,51,4,399.63,115.286068,35.469317,493.37,-0.00013884
2000,51,5,499.53,115.286864,35.469844,493.37,-0.00000000
2000,51,6,599.44,115.287561,35.470541,463.47,-0.00053240
2000,51,7,699.35,115.288356,35.471067,448.52,0.00000000
2000,51,8,799.26,115.289152,35.471593,433.57,0.00102725
2000,51,9,899.16,115.289849,35.472290,433.57,-0.00000000
2000,51,10,999.07,115.290546,35.472987,463.47,-0.00049485
2000,51,11,1098.98,115.291342,35.473514,433.57,0.00049485
2000,51,12,1198.88,115.292039,35.474211,463.47,-0.00004412
2000,51,13,1298.79,115.292626,35.474798,403.66,-0.00049485
2000,51,14,1398.70,115.293422,35.475324,448.52,-0.00040871
2000,51,15,1498.60,115.294119,35.476021,403.66,-0.00053240
2000,51,16,1598.51,115.294999,35.476402,418.61,0.00000137
2000,51,17,1698.42,115.295711,35.477074,418.61,-0.00035214
2000,51,18,1798.33,115.296577,35.477480,403.66,-0.00000000
2000,51,19,1898.23,115.297365,35.478019,418.61,-0.00042026
2000,51,20,1998.14,115.298154,35.478558,403.66,-0.00089608
2000,51,21,2098.05,115.299092,35.478838,418.61,0.00021124
2000,51,22,2197.95,115.299888,35.479365,418.61,-0.00090210
2000,51,23,2297.86,115.300783,35.479720,358.81,-0.00172097
2000,51,24,2397.77,115.301776,35.479905,358.81,-0.00112976
2000,52,0,0.00,115.301776,35.479905,358.81,-0.00283756
2000,52,1,98.42,115.302548,35.480444,328.91,-0.00112361
2000,52,2,196.84,115.303347,35.480490,299.01,0.00135330
2000,52,3,295.26,115.304034,35.481085,299.01,0.00039323
2000,52,4,393.68,115.304865,35.481522,269.11,-0.00158209
2000,52,5,492.10,115.305704,35.481946,269.11,-0.00119117
2000,52,6,590.52,115.306687,35.482121,239.21,0.00032180
2000,52,7,688.94,115.307571,35.482467,224.26,-0.00000000
2000,52,8,787.36,115.308456,35.482812,224.26,-0.00059579
2000,52,9,885.78,115.309439,35.482987,239.21,0.00059579
2000,52,10,984.20,115.310323,35.483332,254.16,-0.00000000
2000,52,11,1082.62,115.311208,35.483678,239.21,-0.00052831
2000,52,12,1181.04,115.312191,35.483852,299.01,0.00059579
2000,52,13,1279.46,115.313064,35.484217,313.96,-0.00000228
2000,52,14,1377.88,115.313960,35.484543,343.86,-0.00059579
2000,52,15,1476.30,115.314921,35.484756,299.01,0.00094228
2000,52,16,1574.72,115.315827,35.485063,373.76,0.00087621
2000,52,17,1673.14,115.316621,35.485565,358.81,-0.00185059
2000,52,18,1771.56,115.317550,35.485834,358.81,-0.00171932
2000,52,19,1869.98,115.318634,35.485834,388.71,0.00090831
2000,52,20,1968.40,115.319563,35.486104,388.71,0.00181663
2000,53,0,0.00,115.301776,35.479905,1480.10,-0.00347831
2000,53,1,53.58,115.302150,35.479532,1794.06,-0.00358553
2000,53,2,107.16,115.302315,35.479097,882.08,-0.00369274
2000,54,0,0.00,115.319563,35.486104,448.52,-0.00234546
2000,54,1,98.49,115.320349,35.486620,388.71,-0.00162830
2000,54,2,196.98,115.321333,35.486796,433.57,-0.00012682
2000,54,3,295.47,115.322194,35.487182,403.66,0.00031477
2000,54,4,393.95,115.323123,35.487451,418.61,0.00025361
2000,54,5,492.44,115.323987,35.487833,433.57,0.00015478
2000,54,6,590.93,115.324872,35.488179,448.52,-0.00038029
2000,54,7,689.42,115.325755,35.488529,448.52,-0.00002797
2000,54,8,787.91,115.326684,35.488799,388.71,0.00066098
2000,54,9,886.40,115.327527,35.489217,388.71,-0.00009885
2000,54,10,984.88,115.328386,35.489607,388.71,-0.00094099
2000,54,11,1083.37,115.329315,35.489877,358.81,-0.00037048
2000,54,12,1181.86,115.330245,35.490146,358.81,0.00031663
2000,54,13,1280.35,115.331165,35.490430,343.86,0.00084044
2000,54,14,1378.84,115.332050,35.490776,358.81,0.00030701
2000,54,15,1477.33,115.332876,35.491224,328.91,-0.00011766
2000,54,16,1575.81,115.333805,35.491494,343.86,0.00031735
2000,54,17,1674.30,115.334606,35.491984,313.96,-0.00060543
2000,54,18,1772.79,115.335507,35.492302,299.01,-0.00030864
2000,54,19,1871.28,115.336437,35.492572,313.96,0.00073176
2000,54,20,1969.77,115.337261,35.493022,313.96,-0.00032443
2000,54,21,2068.26,115.338146,35.493368,313.96,0.00008332
2000,54,22,2166.75,115.339068,35.493650,299.01,0.00063306
2000,54,23,2265.23,115.339841,35.494189,299.01,-0.00004163
2000,54,24,2363.72,115.340770,35.494458,299.01,-0.00000000
2000,54,25,2462.21,115.341543,35.494997,358.81,-0.00094099
2000,54,26,2560.70,115.342473,35.495267,373.76,-0.00040124
2000,54,27,2659.19,115.343402,35.495536,358.81,0.00080709
2000,54,28,2757.68,115.344241,35.495960,388.71,0.00106794
2000,54,29,2856.16,115.345126,35.496306,433.57,0.00195711
2000,54,30,2954.65,115.345704,35.496884,418.61,0.00231301
2000,55,0,0.00,115.319563,35.486104,1674.46,-0.00281645
2000,55,1,98.43,115.320102,35.485374,1584.76,-0.00276030
2000,55,2,196.86,115.320102,35.484487,882.08,-0.00270416
2000,56,0,0.00,115.345704,35.496884,388.71,-0.00000000
2000,56,1,86.72,115.346507,35.497147,388.71,0.00076939
2000,56,2,173.45,115.347309,35.497411,358.81,0.00076939
2000,56,3,260.17,115.348013,35.497846,358.81,-0.00019644
2000,56,4,346.90,115.348816,35.498110,358.81,0.00140181
2000,56,5,433.62,115.349546,35.498501,358.81,0.00270824
2000,56,6,520.34,115.350016,35.499039,388.71,0.00221997
2000,57,0,0.00,115.345704,35.496884,1794.06,-0.00433912
2000,57,1,68.53,115.345226,35.497362,1435.25,-0.00330214
2000,57,2,137.05,115.345165,35.497962,1046.54,0.00000000
2000,57,3,205.58,115.344895,35.498501,583.07,0.00226516
2000,58,0,0.00,115.350016,35.499039,358.81,0.00000000
2000,58,1,94.61,115.350902,35.499309,358.81,0.00056175
2000,58,2,189.23,115.351789,35.499578,343.86,0.00199902
2000,58,3,283.84,115.352589,35.499996,358.81,0.00223614
2000,58,4,378.46,115.353250,35.500656,478.42,0.00159774
2000,59,0,0.00,115.350016,35.499039,1435.25,-0.00139951
2000,59,1,83.75,115.349431,35.499624,1465.15,0.00141169
2000,59,2,167.50,115.349056,35.500269,852.18,0.00800263
2000,59,3,251.25,115.348201,35.500387,358.81,0.00879045
2000,59,4,335.00,115.347590,35.499848,343.86,0.00579855
2000,6,0,0.00,115.084563,35.395823,807.33,-0.00000000
2000,6,1,77.29,115.084024,35.396362,1091.39,-0.00000000
2000,6,2,154.58,115.083485,35.396901,1061.49,-0.00000000
2000,60,0,0.00,115.353250,35.500656,448.52,0.00000000
2000,60,1,29.90,115.353250,35.500926,343.86,0.00000000
2000,60,2,59.80,115.353250,35.501195,328.91,0.00000000
2000,61,0,0.00,115.353250,35.500656,1091.39,0.00203976
2000,61,1,70.16,115.353739,35.500167,762.48,0.00213785
2000,61,2,140.33,115.354328,35.499848,343.86,0.00223594
2000,62,0,0.00,115.353250,35.501195,1031.59,-0.00369961
2000,62,1,69.93,115.353864,35.501465,1181.09,-0.00351991
2000,62,2,139.85,115.354635,35.501465,388.71,-0.00167010
2000,62,3,209.78,115.355405,35.501465,,0.00000000
2000,63,0,0.00,115.353250,35.501195,1046.54,0.00000000
2000,63,1,53.57,115.352980,35.501600,1076.44,0.00000000
2000,63,2,107.15,115.352711,35.502004,239.21,0.00000000
2000,64,0,0.00,115.352711,35.502004,1315.65,0.00199759
2000,64,1,74.65,115.351888,35.502004,717.63,0.00307544
2000,64,2,149.30,115.351174,35.501815,343.86,0.00305172
2000,64,3,223.95,115.350555,35.501465,328.91,0.00195017
2000,65,0,0.00,115.352711,35.502004,388.71,0.00171925
2000,65,1,88.77,115.352980,35.502725,254.16,0.00166977
2000,65,2,177.54,115.352980,35.503525,254.16,0.00162029
2000,65,3,266.31,115.352980,35.504326,284.06,0.00164871
2000,65,4,355.08,115.352711,35.505047,313.96,0.00062103
2000,65,5,443.84,115.352448,35.505770,358.81,0.00004213
2000,65,6,532.61,115.352245,35.506511,403.66,0.00047813
2000,65,7,621.38,115.351902,35.507211,403.66,-0.00002107
2000,65,8,710.15,115.351633,35.507933,388.71,-0.00047907
2000,66,0,0.00,115.351633,35.507933,433.57,-0.00151732
2000,66,1,80.48,115.351071,35.508494,433.57,-0.00124961
2000,66,2,160.97,115.350718,35.509117,403.66,-0.00187696
2000,66,3,241.45,115.350285,35.509716,388.71,-0.00300848
2000,66,4,321.93,115.350285,35.510441,388.71,-0.00162247
2000,66,5,402.42,115.350285,35.511167,403.66,0.00000000
2000,67,0,0.00,115.351633,35.507933,717.63,-0.00261307
2000,67,1,75.95,115.352162,35.508463,1181.09,-0.00280761
2000,67,2,151.89,115.352838,35.508741,1166.14,-0.00155451
2000,67,3,227.84,115.353519,35.509011,523.27,-0.00010687
2000,68,0,0.00,115.350285,35.511167,493.37,-0.00642377
2000,68,1,73.76,115.349746,35.511533,493.37,-0.00476882
2000,68,2,147.53,115.349746,35.512197,433.57,-0.00030163
2000,68,3,221.29,115.349477,35.512784,433.57,0.00251061
2000,69,0,0.00,115.350285,35.511167,956.83,-0.00118836
2000,69,1,88.82,115.350905,35.511786,1106.34,-0.00202818
2000,69,2,177.64,115.351618,35.512245,971.78,-0.00224529
2000,69,3,266.46,115.352441,35.512514,149.51,-0.00162258
2000,7,0,0.00,115.083485,35.396901,403.66,-0.00352070
2000,7,1,98.69,115.083485,35.397791,433.57,-0.00363305
2000,7,2,197.38,115.084127,35.398351,433.57,-0.00140331
2000,7,3,296.07,115.084815,35.399039,448.52,-0.00039651
2000,7,4,394.76,115.085372,35.399766,403.66,-0.00221593
2000,7,5,493.45,115.086180,35.400135,433.57,-0.00270005
2000,70,0,0.00,115.349477,35.512784,897.03,-0.00120899
2000,70,1,89.08,115.350098,35.513405,1136.24,-0.00201590
2000,70,2,178.16,115.350815,35.513862,568.12,-0.00283783
2000,70,3,267.23,115.351638,35.514137,179.41,-0.00553928
2000,70,4,356.31,115.352358,35.514214,553.17,-0.00649741
2000,70,5,445.39,115.352980,35.513592,433.57,-0.00476910
2000,71,0,0.00,115.349477,35.512784,448.52,-0.00384923
2000,71,1,83.47,115.348938,35.513379,598.02,-0.00381793
2000,71,2,166.95,115.348938,35.514131,642.87,-0.00378662
2000,72,0,0.00,115.348938,35.514131,747.53,-0.00546445
2000,72,1,84.68,115.348050,35.514210,448.52,-0.00611781
2000,72,2,169.35,115.347590,35.514839,493.37,-0.00501003
2000,72,3,254.03,115.347321,35.515524,508.32,-0.00251625
2000,72,4,338.71,115.347321,35.516287,403.66,-0.00178361
2000,73,0,0.00,115.348938,35.514131,1001.69,-0.00000000
2000,73,1,74.34,115.349456,35.514650,1016.64,0.00089170
2000,73,2,148.67,115.349975,35.515169,1106.34,0.00183650
2000,73,3,223.01,115.350285,35.515748,568.12,0.00188959
2000,74,0,0.00,115.347321,35.516287,508.32,-0.00464781
2000,74,1,93.51,115.346512,35.516611,433.57,-0.00446378
2000,74,2,187.03,115.346243,35.517375,538.22,-0.00291214
2000,74,3,280.54,115.345973,35.518139,403.66,-0.00150076
2000,74,4,374.06,115.345973,35.518982,448.52,-0.00145697
2000,75,0,0.00,115.347321,35.516287,1076.44,-0.00565335
2000,75,1,71.22,115.347818,35.516784,1794.06,-0.00433726
2000,75,2,142.43,115.348578,35.516826,1031.59,-0.00000000
2000,75,3,213.65,115.349207,35.517096,493.37,0.00302116
2000,76,0,0.00,115.350285,35.515748,1061.49,0.00573095
2000,76,1,63.07,115.350923,35.515847,194.36,0.00553362
2000,76,2,126.14,115.351363,35.516287,463.47,0.00533629
2000,77,0,0.00,115.350285,35.515748,493.37,0.00196788
2000,77,1,72.88,115.349985,35.516318,358.81,0.00191222
2000,77,2,145.77,115.349477,35.516826,508.32,0.00185655
2000,78,0,0.00,115.345973,35.518982,568.12,-0.00652309
2000,78,1,81.91,115.345204,35.519213,463.47,-0.00634645
2000,78,2,163.82,115.345049,35.519906,508.32,-0.00308490
2000,78,3,245.73,115.344895,35.520599,433.57,0.00000000
2000,79,0,0.00,115.345973,35.518982,956.83,-0.00203997
2000,79,1,70.15,115.346463,35.519472,1091.39,-0.00213810
2000,79,2,140.31,115.347051,35.519791,956.83,-0.00223622
2000,80,0,0.00,115.349477,35.516826,508.32,-0.00000000
2000,80,1,19.31,115.349342,35.516961,373.76,-0.00000000
2000,80,2,38.62,115.349207,35.517096,388.71,-0.00000000
2000,81,0,0.00,115.349207,35.517096,538.22,-0.00314232
2000,81,1,64.16,115.349207,35.517674,672.77,-0.00323631
2000,81,2,128.32,115.349477,35.518174,568.12,-0.00333030
2000,83,0,0.00,115.349477,35.516826,553.17,0.00489622
2000,83,1,66.70,115.350041,35.517121,612.97,0.00765963
2000,83,2,133.41,115.350285,35.517651,598.02,0.00805458
2000,83,3,200.11,115.350016,35.518174,538.22,0.00568611
2000,84,0,0.00,115.344895,35.520599,583.07,-0.00536010
2000,84,1,78.56,115.344149,35.520806,433.57,-0.00662311
2000,84,2,157.13,115.343817,35.521417,463.47,-0.00419504
2000,84,3,235.69,115.343817,35.522126,403.66,0.00085172
2000,84,4,314.25,115.343548,35.522755,418.61,0.00220739
2000,85,0,0.00,115.344895,35.520599,911.98,-0.00000000
2000,85,1,92.19,115.345539,35.521242,1031.59,0.00011686
2000,85,2,184.38,115.346182,35.521886,941.88,0.00118221
2000,85,3,276.58,115.346782,35.522542,672.77,0.00205500
2000,85,4,368.77,115.347051,35.523294,568.12,0.00197930
2000,86,0,0.00,115.347051,35.519791,717.63,-0.00000981
2000,86,1,87.72,115.347455,35.520464,747.53,-0.00202043
2000,86,2,175.45,115.347860,35.521136,583.07,-0.00412960
2000,86,3,263.17,115.348668,35.521408,553.17,-0.00422815
2000,87,0,0.00,115.347051,35.519791,523.27,0.00359473
2000,87,1,76.27,115.347583,35.519258,403.66,0.00278307
2000,87,2,152.53,115.348313,35.519067,478.42,-0.00093805
2000,87,3,228.80,115.348944,35.518706,403.66,-0.00278307
2000,87,4,305.06,115.349477,35.518174,612.97,-0.00171864
2000,88,0,0.00,115.349477,35.518174,642.87,0.00000000
2000,88,1,24.45,115.349746,35.518174,792.38,0.00000000
2000,88,2,48.89,115.350016,35.518174,792.38,0.00000000
2000,9,0,0.00,115.081330,35.393398,1794.06,-0.00000000
2000,9,1,82.45,115.082003,35.392993,1136.24,-0.00000000
2000,9,2,164.90,115.082677,35.392589,956.83,-0.00000000
2000,91,0,0.00,115.350016,35.518174,687.72,-0.01067282
2000,91,1,31.53,115.350236,35.518394,119.60,-0.01106752
2000,91,2,63.07,115.350555,35.518443,134.55,-0.01146222
2000,92,0,0.00,115.343548,35.522755,448.52,-0.00139540
2000,92,1,98.42,115.343009,35.523485,463.47,-0.00210278
2000,92,2,196.84,115.342739,35.524293,433.57,-0.00206150
2000,92,3,295.26,115.342739,35.525180,672.77,-0.00131284
2000,93,0,0.00,115.343548,35.522755,986.73,0.00000000
2000,93,1,87.21,115.344156,35.523364,956.83,0.00064442
2000,93,2,174.42,115.344765,35.523972,762.48,0.00132452
2000,93,3,261.62,115.345165,35.524641,642.87,0.00136020
2000,94,0,0.00,115.347051,35.523294,627.92,0.00000000
2000,94,1,19.31,115.347186,35.523429,642.87,0.00000000
2000,94,2,38.62,115.347321,35.523564,627.92,0.00000000
2000,95,0,0.00,115.347321,35.523564,493.37,0.00314210
2000,95,1,64.16,115.347321,35.524142,463.47,0.00323607
2000,95,2,128.32,115.347051,35.524641,463.47,0.00333004
2000,96,0,0.00,115.347051,35.523294,433.57,-0.00400562
2000,96,1,92.19,115.346408,35.523937,448.52,-0.00437056
2000,96,2,184.38,115.346512,35.524641,493.37,-0.00473549
2000,97,0,0.00,115.347321,35.523564,433.57,-0.00110039
2000,97,1,94.27,115.347978,35.522906,508.32,-0.00172585
2000,97,2,188.54,115.348428,35.522187,463.47,-0.00177426
2000,97,3,282.80,115.348668,35.521408,448.52,-0.00119721
2000,98,0,0.00,115.348668,35.521408,523.27,0.00000000
2000,98,1,24.44,115.348938,35.521408,373.76,0.00000000
2000,98,2,48.89,115.349207,35.521408,284.06,0.00000000
