year,link_id,sample_idx,s_m,lon,lat,B_m,C_1m
2013,0,0,0.00,115.265125,35.453225,119.60,-0.00576941
2013,0,1,75.33,115.265947,35.453212,209.31,-0.00574102
2013,0,2,150.66,115.266472,35.452686,971.78,-0.00571262
2013,1,0,0.00,115.266472,35.452686,807.33,-0.00388780
2013,1,1,68.25,115.265877,35.452417,478.42,-0.00370020
2013,1,2,136.50,115.265125,35.452417,254.16,-0.00351259
2013,10,0,0.00,115.264047,35.443793,1046.54,0.00000000
2013,10,1,57.95,115.264451,35.443389,1181.09,0.00000000
2013,10,2,115.91,115.264855,35.442985,553.17,0.00000000
2013,101,0,0.00,115.344087,35.557520,373.76,-0.00149442
2013,101,1,82.98,115.344356,35.558189,358.81,-0.00422369
2013,101,2,165.96,115.344828,35.558800,403.66,-0.00623544
2013,101,3,248.94,115.345704,35.558867,538.22,-0.00551791
2013,102,0,0.00,115.344087,35.557520,1659.51,0.00000000
2013,102,1,96.54,115.344760,35.556846,1794.06,0.00000000
2013,102,2,193.07,115.345434,35.556172,523.27,0.00000000
2013,103,0,0.00,115.205028,35.416574,1076.44,0.00000000
2013,103,1,87.25,115.204419,35.417183,1300.70,-0.00064437
2013,103,2,174.50,115.203811,35.417791,717.63,-0.00132448
2013,103,3,261.74,115.203411,35.418461,373.76,-0.00136022
2013,104,0,0.00,115.205028,35.416574,612.97,-0.00570344
2013,104,1,74.71,115.204506,35.416053,478.42,-0.00583180
2013,104,2,149.43,115.203694,35.416035,538.22,-0.00306963
2013,104,3,224.14,115.202872,35.416035,448.52,-0.00017911
2013,105,0,0.00,115.345704,35.558867,478.42,-0.00301100
2013,105,1,99.63,115.345987,35.559676,418.61,-0.00298194
2013,105,2,199.26,115.346776,35.560209,478.42,-0.00103235
2013,105,3,298.89,115.347559,35.560754,448.52,0.00038374
2013,105,4,398.51,115.348266,35.561429,478.42,-0.00002826
2013,105,5,498.14,115.349060,35.561954,478.42,0.00006036
2013,105,6,597.77,115.349761,35.562640,478.42,-0.00047690
2013,105,7,697.40,115.350550,35.563174,478.42,-0.00053517
2013,105,8,797.03,115.351344,35.563699,493.37,-0.00003001
2013,105,9,896.66,115.352138,35.564224,523.27,0.00019668
2013,105,10,996.29,115.352933,35.564749,493.37,0.00000000
2013,105,11,1095.92,115.353691,35.565335,478.42,-0.00039716
2013,105,12,1195.54,115.354521,35.565799,553.17,0.00000000
2013,105,13,1295.17,115.355316,35.566323,523.27,-0.00029966
2013,105,14,1394.80,115.356110,35.566848,493.37,-0.00056413
2013,105,15,1494.43,115.356992,35.567222,508.32,-0.00012820
2013,105,16,1594.06,115.357798,35.567727,508.32,0.00056413
2013,105,17,1693.69,115.358691,35.568082,523.27,0.00055244
2013,105,18,1793.32,115.359386,35.568777,508.32,-0.00059530
2013,105,19,1892.94,115.360293,35.569108,508.32,-0.00040959
2013,105,20,1992.57,115.361079,35.569647,493.37,-0.00051763
2013,105,21,2092.20,115.361967,35.570011,478.42,-0.00065907
2013,105,22,2191.83,115.362861,35.570365,448.52,-0.00061326
2013,105,23,2291.46,115.363754,35.570719,418.61,-0.00144613
2013,105,24,2391.09,115.364746,35.570903,463.47,-0.00142495
2013,105,25,2490.72,115.365792,35.570995,478.42,-0.00162587
2013,105,26,2590.35,115.366891,35.570995,358.81,-0.00195090
2013,105,27,2689.97,115.367834,35.570725,328.91,-0.00000000
2013,105,28,2789.60,115.368776,35.570456,239.21,0.00022383
2013,105,29,2889.23,115.369875,35.570456,209.31,-0.00088549
2013,105,30,2988.86,115.370700,35.569983,269.11,0.00127647
2013,105,31,3088.49,115.371761,35.569917,179.41,0.00127220
2013,105,32,3188.12,115.372860,35.569917,209.31,-0.00150030
2013,105,33,3287.75,115.373875,35.569773,328.91,-0.00185099
2013,105,34,3387.37,115.374745,35.569378,388.71,-0.00000000
2013,105,35,3487.00,115.375662,35.569064,433.57,0.00058164
2013,105,36,3586.63,115.376630,35.568839,463.47,-0.00091973
2013,105,37,3686.26,115.377547,35.568526,508.32,-0.00116206
2013,105,38,3785.89,115.378359,35.568030,553.17,0.00024126
2013,105,39,3885.52,115.379235,35.567647,612.97,0.00058042
2013,105,40,3985.15,115.380128,35.567292,642.87,-0.00048075
2013,105,41,4084.77,115.381022,35.566938,657.82,-0.00114456
2013,105,42,4184.40,115.381816,35.566413,717.63,-0.00112827
2013,106,0,0.00,115.345704,35.558867,1794.06,-0.00174007
2013,106,1,71.42,115.346202,35.558369,1420.30,-0.00199254
2013,106,2,142.84,115.346512,35.557815,792.38,-0.00132517
2013,106,3,214.26,115.346782,35.557250,687.72,-0.00040534
2013,107,0,0.00,115.202872,35.416035,1764.16,0.00196813
2013,107,1,72.91,115.202572,35.416605,1584.76,0.00191237
2013,107,2,145.82,115.202063,35.417113,926.93,0.00185660
2013,108,0,0.00,115.202872,35.416035,538.22,-0.00181294
2013,108,1,98.87,115.202095,35.415496,403.66,-0.00273952
2013,108,2,197.74,115.201162,35.415227,358.81,-0.00264957
2013,108,3,296.61,115.200074,35.415227,328.91,-0.00058877
2013,108,4,395.48,115.198985,35.415227,358.81,0.00081651
2013,108,5,494.35,115.197942,35.415148,343.86,0.00034034
2013,108,6,593.22,115.196964,35.414957,388.71,-0.00081651
2013,108,7,692.09,115.195875,35.414957,358.81,-0.00056808
2013,108,8,790.96,115.194787,35.414957,388.71,0.00081651
2013,108,9,889.83,115.193698,35.414957,418.61,0.00055473
2013,108,10,988.70,115.192766,35.414688,478.42,-0.00163303
2013,108,11,1087.57,115.191730,35.414780,463.47,-0.00164905
2013,108,12,1186.44,115.190744,35.414957,807.33,-0.00055562
2013,109,0,0.00,115.381816,35.566413,687.72,0.00000000
2013,109,1,93.91,115.382695,35.566144,657.82,0.00013651
2013,109,2,187.82,115.383575,35.565874,657.82,-0.00000000
2013,109,3,281.73,115.384475,35.565640,627.92,-0.00048155
2013,109,4,375.64,115.385334,35.565335,642.87,-0.00103480
2013,109,5,469.56,115.386182,35.565012,672.77,-0.00065493
2013,109,6,563.47,115.386936,35.564527,657.82,0.00068976
2013,109,7,657.38,115.387790,35.564212,612.97,0.00013666
2013,109,8,751.29,115.388643,35.563898,642.87,0.00068635
2013,109,9,845.20,115.389418,35.563449,568.12,0.00186567
2013,109,10,939.11,115.390454,35.563449,867.13,-0.00137612
2013,109,11,1033.02,115.391334,35.563179,598.02,-0.00302975
2013,109,12,1126.93,115.392057,35.562640,642.87,-0.00198517
2013,11,0,0.00,115.266203,35.442985,523.27,-0.00212332
2013,11,1,98.44,115.266142,35.442115,209.31,-0.00215797
2013,11,2,196.87,115.265664,35.441368,239.21,-0.00219263
2013,110,0,0.00,115.381816,35.566413,1674.46,0.00000000
2013,110,1,90.00,115.381188,35.565785,1689.41,0.00078089
2013,110,2,180.00,115.380560,35.565157,1749.21,0.00189651
2013,110,3,269.99,115.380199,35.564451,1181.09,0.00140305
2013,110,4,359.99,115.379930,35.563718,568.12,0.00057485
2013,111,0,0.00,115.202063,35.417113,418.61,-0.01131940
2013,111,1,83.49,115.201524,35.417169,1225.94,-0.00865143
2013,111,2,166.98,115.201524,35.417922,897.03,-0.00598346
2013,112,0,0.00,115.202063,35.417113,672.77,0.00983149
2013,112,1,78.07,115.202266,35.417719,657.82,0.00971058
2013,112,2,156.13,115.201524,35.417922,433.57,0.00958967
2013,113,0,0.00,115.190744,35.414957,1151.19,-0.00190874
2013,113,1,84.41,115.190475,35.415639,1599.71,-0.00185311
2013,113,2,168.82,115.190475,35.416400,1031.59,-0.00089875
2013,113,3,253.23,115.190475,35.417161,852.18,0.00000000
2013,113,4,337.64,115.190475,35.417922,1345.55,0.00000000
2013,114,0,0.00,115.190744,35.414957,882.08,-0.00111286
2013,114,1,99.19,115.189855,35.414607,837.23,-0.00252021
2013,114,2,198.38,115.188872,35.414418,388.71,-0.00251559
2013,114,3,297.57,115.187936,35.414688,373.76,-0.00055181
2013,114,4,396.77,115.186844,35.414688,343.86,-0.00000000
2013,114,5,495.96,115.185908,35.414957,343.86,0.00081108
2013,114,6,595.15,115.184815,35.414957,313.96,0.00162216
2013,115,0,0.00,115.392057,35.562640,687.72,0.00000000
2013,115,1,97.73,115.393135,35.562640,598.02,0.00000000
2013,115,2,195.46,115.394213,35.562640,508.32,0.00000000
2013,116,0,0.00,115.392057,35.562640,1330.60,-0.00020298
2013,116,1,85.70,115.391667,35.561981,1360.50,-0.00000000
2013,116,2,171.40,115.391248,35.561331,1181.09,-0.00000000
2013,116,3,257.11,115.390888,35.560663,1106.34,-0.00070470
2013,116,4,342.81,115.390440,35.560022,657.82,-0.00089776
2013,116,5,428.51,115.389901,35.559406,448.52,-0.00058910
2013,118,0,0.00,115.201524,35.417922,523.27,0.00123475
2013,118,1,95.48,115.200759,35.418417,448.52,0.00149759
2013,118,2,190.96,115.199896,35.418741,403.66,0.00204895
2013,118,3,286.44,115.198994,35.419000,313.96,0.00112996
2013,118,4,381.92,115.197943,35.419000,373.76,-0.00003877
2013,118,5,477.40,115.197047,35.419269,373.76,0.00044271
2013,118,6,572.89,115.195996,35.419269,373.76,0.00307098
2013,118,7,668.37,115.195183,35.419396,388.71,0.00506814
2013,118,8,763.85,115.194517,35.418730,508.32,0.00487974
2013,119,0,0.00,115.190475,35.417922,807.33,0.00088591
2013,119,1,96.29,115.189606,35.418252,403.66,0.00159710
2013,119,2,192.58,115.188666,35.418461,388.71,0.00095089
2013,119,3,288.87,115.187606,35.418461,358.81,-0.00115414
2013,119,4,385.15,115.186702,35.418730,328.91,-0.00190178
2013,12,0,0.00,115.266203,35.442985,956.83,0.00000000
2013,12,1,61.17,115.265529,35.442985,956.83,0.00000000
2013,12,2,122.34,115.264855,35.442985,493.37,0.00000000
2013,120,0,0.00,115.190475,35.417922,1106.34,-0.00518138
2013,120,1,81.93,115.191065,35.418461,837.23,-0.00447383
2013,120,2,163.85,115.191967,35.418461,463.47,-0.00133292
2013,120,3,245.78,115.192782,35.418612,403.66,-0.00014494
2013,120,4,327.70,115.193615,35.418730,373.76,-0.00120325
2013,120,5,409.63,115.194517,35.418730,403.66,-0.00101619
2013,121,0,0.00,115.184815,35.414957,1300.70,0.00347286
2013,121,1,78.07,115.184688,35.415624,598.02,0.00547504
2013,121,2,156.13,115.184144,35.416168,373.76,0.00526366
2013,121,3,234.20,115.183363,35.416305,328.91,0.00078825
2013,121,4,312.27,115.182659,35.416574,343.86,-0.00147360
2013,122,0,0.00,115.184815,35.414957,493.37,-0.00224528
2013,122,1,88.95,115.183992,35.414688,463.47,-0.00367360
2013,122,2,177.90,115.183013,35.414688,328.91,-0.00578151
2013,122,3,266.85,115.182263,35.415084,478.42,-0.00471105
2013,122,4,355.80,115.181851,35.415766,583.07,-0.00296101
2013,123,0,0.00,115.394213,35.562640,926.93,-0.00148036
2013,123,1,88.45,115.394876,35.563179,583.07,-0.00112809
2013,123,2,176.91,115.395645,35.563534,433.57,0.00000000
2013,123,3,265.36,115.396362,35.563981,328.91,0.00061182
2013,123,4,353.82,115.397078,35.564428,239.21,0.00298648
2013,123,5,442.27,115.397716,35.564897,149.51,0.00415414
2013,123,6,530.72,115.397716,35.565694,164.46,0.00052641
2013,123,7,619.18,115.397986,35.566413,149.51,-0.00173034
2013,124,0,0.00,115.394213,35.562640,1196.04,-0.00092334
2013,124,1,88.31,115.394829,35.562024,1031.59,-0.00244491
2013,124,2,176.62,115.395291,35.561362,941.88,-0.00381971
2013,124,3,264.93,115.395291,35.560567,642.87,-0.00312033
2013,124,4,353.24,115.395155,35.559810,792.38,-0.00084407
2013,124,5,441.55,115.394752,35.559132,299.01,-0.00143862
2013,124,6,529.86,115.394752,35.558336,627.92,-0.00539945
2013,124,7,618.17,115.393943,35.558059,672.77,-0.00704208
2013,125,0,0.00,115.389901,35.559406,897.03,0.00335105
2013,125,1,96.15,115.389131,35.559907,583.07,0.00303138
2013,125,2,192.30,115.388093,35.559945,642.87,0.00095402
2013,125,3,288.45,115.387096,35.560055,672.77,-0.00057164
2013,125,4,384.60,115.386128,35.560215,657.82,-0.00033962
2013,126,0,0.00,115.389901,35.559406,837.23,0.00299505
2013,126,1,89.67,115.390318,35.558720,971.78,0.00357219
2013,126,2,179.34,115.391080,35.558328,732.58,0.00369335
2013,126,3,269.00,115.391912,35.558059,642.87,0.00493876
2013,126,4,358.67,115.392901,35.558059,732.58,0.00612584
2013,126,5,448.34,115.393404,35.558598,747.53,0.00561153
2013,128,0,0.00,115.194517,35.418730,583.07,-0.00203814
2013,128,1,69.65,115.195003,35.418244,612.97,0.00000000
2013,128,2,139.29,115.195280,35.417698,612.97,0.00319127
2013,128,3,208.94,115.195865,35.417383,523.27,0.00434440
2013,129,0,0.00,115.186702,35.418730,1689.41,0.00360734
2013,129,1,92.62,115.186682,35.419559,1016.64,0.00417213
2013,129,2,185.25,115.186036,35.420205,373.76,0.00299263
2013,129,3,277.87,115.185291,35.420680,732.58,0.00062416
2013,129,4,370.49,115.184546,35.421156,702.67,-0.00000000
2013,13,0,0.00,115.275635,35.460502,328.91,-0.00325500
2013,13,1,97.36,115.276106,35.461242,284.06,-0.00334289
2013,13,2,194.72,115.276983,35.461580,388.71,-0.00343077
2013,130,0,0.00,115.186702,35.418730,418.61,-0.00194231
2013,130,1,95.33,115.185808,35.418461,313.96,-0.00185143
2013,130,2,190.65,115.184759,35.418461,313.96,-0.00088028
2013,130,3,285.98,115.183709,35.418461,299.01,0.00000000
2013,130,4,381.30,115.182659,35.418461,777.43,0.00000000
2013,131,0,0.00,115.182659,35.416574,986.73,0.00000000
2013,131,1,69.77,115.182659,35.417203,837.23,0.00000000
2013,131,2,139.53,115.182659,35.417832,1794.06,0.00000000
2013,131,3,209.30,115.182659,35.418461,1794.06,0.00000000
2013,132,0,0.00,115.182659,35.416574,807.33,0.00000000
2013,132,1,57.96,115.182255,35.416170,986.73,0.00000000
2013,132,2,115.92,115.181851,35.415766,1240.89,0.00000000
2013,133,0,0.00,115.181851,35.415766,433.57,-0.00592512
2013,133,1,84.97,115.180962,35.415846,358.81,-0.00595592
2013,133,2,169.95,115.180578,35.416500,672.77,-0.00299336
2013,133,3,254.92,115.180194,35.417153,1031.59,-0.00000000
2013,133,4,339.90,115.179810,35.417807,956.83,0.00000000
2013,133,5,424.87,115.179426,35.418461,926.93,0.00000000
2013,135,0,0.00,115.397986,35.566413,209.31,-0.00076401
2013,135,1,98.03,115.398044,35.567280,254.16,-0.00023532
2013,135,2,196.07,115.398255,35.568102,284.06,0.00066131
2013,135,3,294.10,115.398255,35.568985,313.96,-0.00014669
2013,135,4,392.13,115.398255,35.569869,373.76,-0.00066131
2013,135,5,490.16,115.398525,35.570674,433.57,-0.00004050
2013,135,6,588.20,115.398525,35.571558,448.52,-0.00128944
2013,135,7,686.23,115.398810,35.572358,493.37,-0.00061778
2013,135,8,784.26,115.399286,35.573103,523.27,0.00167144
2013,135,9,882.29,115.399333,35.573973,523.27,-0.00004205
2013,135,10,980.33,115.399402,35.574836,523.27,-0.00161509
2013,135,11,1078.36,115.399872,35.575583,538.22,-0.00000000
2013,135,12,1176.39,115.400142,35.576388,523.27,0.00053276
2013,135,13,1274.42,115.400411,35.577193,463.47,0.00000000
2013,136,0,0.00,115.397986,35.566413,1300.70,0.00202576
2013,136,1,75.26,115.398610,35.566058,1151.19,0.00202957
2013,136,2,150.52,115.399333,35.565874,358.81,0.00203338
2013,138,0,0.00,115.182659,35.418461,702.67,-0.00488472
2013,138,1,65.83,115.182102,35.418749,762.48,-0.00479923
2013,138,2,131.66,115.181851,35.419269,956.83,-0.00471374
2013,139,0,0.00,115.179426,35.418461,702.67,-0.00000000
2013,139,1,87.59,115.178617,35.418730,852.18,-0.00000000
2013,139,2,175.18,115.177809,35.419000,627.92,-0.00000000
2013,14,0,0.00,115.275635,35.460502,1480.10,0.00319738
2013,14,1,84.96,115.276228,35.459909,1794.06,0.00681671
2013,14,2,169.91,115.277039,35.459693,418.61,0.01109055
2013,14,3,254.87,115.277522,35.460206,313.96,0.00946466
2013,14,4,339.83,115.277522,35.460971,598.02,0.00545603
2013,14,5,424.78,115.276983,35.461580,1091.39,0.00372779
2013,140,0,0.00,115.179426,35.418461,1300.70,-0.00369328
2013,140,1,53.59,115.179591,35.418895,1330.60,-0.00358592
2013,140,2,107.18,115.179965,35.419269,732.58,-0.00347857
2013,141,0,0.00,115.400411,35.577193,523.27,0.00000000
2013,141,1,98.14,115.400411,35.578077,478.42,-0.00042702
2013,141,2,196.28,115.400411,35.578962,493.37,-0.00065963
2013,141,3,294.42,115.400588,35.579795,493.37,-0.00046990
2013,141,4,392.56,115.400681,35.580653,448.52,0.00000000
2013,141,5,490.70,115.400950,35.581459,463.47,0.00089693
2013,141,6,588.83,115.400950,35.582343,418.61,-0.00000000
2013,141,7,686.97,115.400950,35.583228,463.47,-0.00101639
2013,141,8,785.11,115.401220,35.584034,478.42,-0.00035187
2013,141,9,883.25,115.401359,35.584878,493.37,0.00002197
2013,141,10,981.39,115.401626,35.585684,463.47,0.00001221
2013,141,11,1079.53,115.401759,35.586530,448.52,0.00033478
2013,141,12,1177.67,115.402028,35.587336,478.42,0.00033966
2013,141,13,1275.81,115.402028,35.588221,478.42,-0.00000000
2013,141,14,1373.95,115.402298,35.589027,478.42,0.00000000
2013,141,15,1472.09,115.402298,35.589911,448.52,-0.00000000
2013,141,16,1570.22,115.402567,35.590718,478.42,0.00065963
2013,141,17,1668.36,115.402567,35.591602,478.42,0.00064413
2013,141,18,1766.50,115.402567,35.592487,448.52,-0.00065963
2013,141,19,1864.64,115.402574,35.593369,478.42,-0.00132530
2013,141,20,1962.78,115.402837,35.594177,493.37,-0.00000000
2013,141,21,2060.92,115.403106,35.594983,478.42,0.00134080
2013,141,22,2159.06,115.403106,35.595868,448.52,0.00022562
2013,141,23,2257.20,115.403106,35.596752,478.42,-0.00065963
2013,141,24,2355.34,115.403286,35.597585,463.47,-0.00045563
2013,141,25,2453.48,115.403376,35.598443,433.57,-0.00006578
2013,141,26,2551.61,115.403645,35.599249,433.57,0.00023002
2013,141,27,2649.75,115.403671,35.600126,433.57,-0.00007946
2013,141,28,2747.89,115.403915,35.600939,418.61,-0.00000000
2013,141,29,2846.03,115.403997,35.601800,433.57,-0.00033557
2013,141,30,2944.17,115.404184,35.602630,418.61,0.00000000
2013,141,31,3042.31,115.404454,35.603436,448.52,0.00066310
2013,141,32,3140.45,115.404454,35.604321,388.71,0.00000000
2013,141,33,3238.59,115.404650,35.605148,433.57,0.00030466
2013,141,34,3336.73,115.404723,35.606011,418.61,-0.00065259
2013,141,35,3434.87,115.404723,35.606896,418.61,-0.00118546
2013,141,36,3533.00,115.405245,35.607628,433.57,0.00127109
2013,141,37,3631.14,115.405262,35.608508,418.61,0.00135815
2013,141,38,3729.28,115.405262,35.609392,448.52,-0.00102305
2013,141,39,3827.42,115.405262,35.610277,463.47,-0.00135815
2013,141,40,3925.56,115.405689,35.611037,418.61,0.00079569
2013,141,41,4023.70,115.405801,35.611889,418.61,0.00120477
2013,141,42,4121.84,115.405801,35.612773,448.52,-0.00108966
2013,141,43,4219.98,115.405866,35.613639,448.52,-0.00174736
2013,141,44,4318.12,115.406340,35.614386,478.42,-0.00000000
2013,141,45,4416.26,115.406609,35.615192,463.47,0.00108519
2013,142,0,0.00,115.400411,35.577193,777.43,0.00571356
2013,142,1,74.60,115.400932,35.576672,1360.50,0.00584538
2013,142,2,149.19,115.401744,35.576654,1450.20,0.00308052
2013,142,3,223.79,115.402567,35.576654,1106.34,0.00018384
2013,143,0,0.00,115.181851,35.419269,747.53,0.00000000
2013,143,1,85.66,115.180908,35.419269,747.53,0.00000000
2013,143,2,171.33,115.179965,35.419269,897.03,0.00000000
2013,144,0,0.00,115.181851,35.419269,732.58,-0.00000000
2013,144,1,88.88,115.182471,35.419889,1001.69,-0.00202673
2013,144,2,177.75,115.183091,35.420509,538.22,-0.00417519
2013,144,3,266.63,115.184007,35.420617,343.86,-0.00429693
2013,145,0,0.00,115.177809,35.419000,1794.06,0.00000000
2013,145,1,99.67,115.177809,35.419898,1584.76,0.00000000
2013,145,2,199.33,115.177809,35.420796,852.18,0.00000000
2013,145,3,299.00,115.177809,35.421695,1016.64,0.00000000
2013,146,0,0.00,115.177809,35.419000,807.33,-0.00041440
2013,146,1,75.35,115.177283,35.418986,852.18,-0.00033971
2013,146,2,150.71,115.176461,35.419000,627.92,-0.00026502
2013,148,0,0.00,115.179965,35.419269,1240.89,-0.00157781
2013,148,1,92.61,115.179695,35.420025,1240.89,-0.00153287
2013,148,2,185.23,115.179695,35.420860,837.23,-0.00074396
2013,148,3,277.84,115.179695,35.421695,956.83,0.00000000
2013,149,0,0.00,115.406609,35.615192,478.42,-0.00137272
2013,149,1,96.23,115.406609,35.616059,448.52,-0.00068636
2013,149,2,192.46,115.406879,35.616848,433.57,-0.00072711
2013,149,3,288.69,115.406879,35.617715,388.71,-0.00219543
2013,149,4,384.92,115.407418,35.618426,388.71,-0.00293665
2013,15,0,0.00,115.263508,35.443254,194.36,0.00209911
2013,15,1,96.26,115.262969,35.442686,224.26,0.00201206
2013,15,2,192.53,115.262692,35.441899,269.11,0.00098332
2013,15,3,288.79,115.262430,35.441108,269.11,0.00225255
2013,15,4,385.05,115.262160,35.440319,687.72,0.00482301
2013,15,5,481.32,115.262699,35.439751,642.87,0.00518255
2013,150,0,0.00,115.406609,35.615192,1450.20,0.00223527
2013,150,1,86.12,115.407409,35.614931,1794.06,0.00216872
2013,150,2,172.23,115.408354,35.614922,1270.79,0.00108564
2013,150,3,258.35,115.409304,35.614922,284.06,0.00006909
2013,151,0,0.00,115.402567,35.576654,598.02,-0.01067874
2013,151,1,31.52,115.402787,35.576874,762.48,-0.01107428
2013,151,2,63.04,115.403106,35.576923,822.28,-0.01146983
2013,152,0,0.00,115.402567,35.576654,777.43,0.01067870
2013,152,1,31.52,115.402787,35.576434,897.03,0.01107424
2013,152,2,63.04,115.403106,35.576384,,0.01146978
2013,153,0,0.00,115.177809,35.421695,837.23,0.01144969
2013,153,1,31.56,115.178127,35.421744,971.78,0.01105638
2013,153,2,63.11,115.178348,35.421964,747.53,0.01066308
2013,154,0,0.00,115.177809,35.421695,822.28,0.00000000
2013,154,1,63.11,115.177270,35.421964,583.07,0.00000000
2013,154,2,126.23,115.176731,35.422234,538.22,0.00000000
2013,155,0,0.00,115.176461,35.419000,837.23,0.00000000
2013,155,1,85.67,115.175864,35.419597,777.43,-0.00147161
2013,155,2,171.35,115.175266,35.420195,1016.64,-0.00351902
2013,155,3,257.02,115.175114,35.420922,598.02,-0.00253167
2013,155,4,342.70,115.175114,35.421695,1001.69,-0.00096853
2013,156,0,0.00,115.176461,35.419000,926.93,-0.00427393
2013,156,1,80.51,115.175731,35.418730,747.53,-0.00387704
2013,156,2,161.02,115.174943,35.418901,687.72,-0.00092877
2013,156,3,241.53,115.174114,35.419000,702.67,0.00124742
2013,156,4,322.04,115.173227,35.419000,657.82,0.00087224
2013,157,0,0.00,115.179695,35.421695,882.08,0.00388499
2013,157,1,68.27,115.179099,35.421964,657.82,0.00369759
2013,157,2,136.54,115.178348,35.421964,837.23,0.00351019
2013,158,0,0.00,115.179695,35.421695,553.17,-0.00196811
2013,158,1,72.91,115.179995,35.422264,403.66,-0.00191236
2013,158,2,145.82,115.180504,35.422773,388.71,-0.00185660
2013,159,0,0.00,115.407418,35.618426,1794.06,0.00000000
2013,159,1,73.25,115.408226,35.618426,1644.56,0.00000000
2013,159,2,146.49,115.409035,35.618426,702.67,0.00000000
2013,16,0,0.00,115.263508,35.443254,986.73,0.00203912
2013,16,1,70.19,115.263997,35.442765,1584.76,0.00213711
2013,16,2,140.38,115.264586,35.442446,777.43,0.00223511
2013,160,0,0.00,115.407418,35.618426,373.76,-0.00204640
2013,160,1,79.10,115.407418,35.619139,343.86,-0.00211001
2013,160,2,158.21,115.407687,35.619773,313.96,-0.00217362
2013,162,0,0.00,115.178348,35.421964,1121.29,-0.00541177
2013,162,1,49.22,115.178348,35.422408,269.11,-0.00552420
2013,162,2,98.44,115.178617,35.422773,284.06,-0.00563664
2013,163,0,0.00,115.176731,35.422234,612.97,0.00441515
2013,163,1,87.59,115.175766,35.422234,762.48,0.00450937
2013,163,2,175.18,115.175114,35.421695,1076.44,0.00460359
2013,164,0,0.00,115.176731,35.422234,478.42,0.00369325
2013,164,1,53.59,115.176565,35.422668,448.52,0.00358590
2013,164,2,107.18,115.176192,35.423042,822.28,0.00347855
2013,165,0,0.00,115.175114,35.421695,657.82,0.00205736
2013,165,1,92.74,115.174248,35.421964,433.57,0.00196019
2013,165,2,185.49,115.173227,35.421964,657.82,0.00186302
2013,167,0,0.00,115.173227,35.419000,1794.06,0.00000000
2013,167,1,82.22,115.173227,35.419741,1794.06,0.00000000
2013,167,2,164.45,115.173227,35.420482,1794.06,0.00000000
2013,167,3,246.67,115.173227,35.421223,941.88,0.00000000
2013,167,4,328.90,115.173227,35.421964,1181.09,0.00000000
2013,168,0,0.00,115.173227,35.419000,493.37,-0.00348210
2013,168,1,98.19,115.172302,35.418730,388.71,-0.00256933
2013,168,2,196.37,115.171377,35.419000,418.61,-0.00082828
2013,168,3,294.56,115.170296,35.419000,388.71,0.00000000
2013,168,4,392.74,115.169371,35.419269,358.81,0.00082828
2013,168,5,490.93,115.168290,35.419269,358.81,0.00012891
2013,168,6,589.11,115.167208,35.419269,358.81,-0.00082828
2013,168,7,687.30,115.166260,35.419499,343.86,-0.00025973
2013,168,8,785.48,115.165202,35.419539,328.91,0.00000000
2013,168,9,883.67,115.164277,35.419808,328.91,0.00095910
2013,168,10,981.85,115.163196,35.419808,299.01,0.00018318
2013,168,11,1080.04,115.162115,35.419808,328.91,-0.00082828
2013,168,12,1178.22,115.161157,35.420021,313.96,-0.00037022
2013,168,13,1276.41,115.160109,35.420078,328.91,0.00000000
2013,168,14,1374.59,115.159183,35.420347,358.81,0.00094897
2013,168,15,1472.78,115.158102,35.420347,358.81,0.00000000
2013,168,16,1570.96,115.157035,35.420370,388.71,-0.00159488
2013,168,17,1669.15,115.156096,35.420617,418.61,-0.00091276
2013,168,18,1767.33,115.155171,35.420886,448.52,-0.00015962
2013,169,0,0.00,115.407687,35.619773,1794.06,0.00000000
2013,169,1,73.24,115.408496,35.619773,1734.26,0.00000000
2013,169,2,146.49,115.409304,35.619773,822.28,0.00000000
2013,170,0,0.00,115.407687,35.619773,328.91,-0.00368715
2013,170,1,87.80,115.407553,35.620447,299.01,-0.00351586
2013,170,2,175.61,115.407957,35.621121,343.86,-0.00334457
2013,172,0,0.00,115.173227,35.421964,448.52,0.00572936
2013,172,1,87.59,115.172575,35.422503,418.61,0.00555752
2013,172,2,175.18,115.171709,35.422332,418.61,0.00095427
2013,172,3,262.77,115.170802,35.422234,373.76,-0.00325571
2013,172,4,350.35,115.169993,35.422503,358.81,-0.00303428
2013,173,0,0.00,115.155171,35.420886,762.48,-0.00224896
2013,173,1,88.88,115.154348,35.420617,717.63,-0.00214140
2013,173,2,177.76,115.153370,35.420617,328.91,-0.00101692
2013,173,3,266.64,115.152391,35.420617,328.91,-0.00101692
2013,173,4,355.52,115.151412,35.420617,358.81,-0.00214140
2013,173,5,444.41,115.150590,35.420886,762.48,-0.00224896
2013,174,0,0.00,115.155171,35.420886,762.48,0.00090183
2013,174,1,95.33,115.154715,35.421612,777.43,-0.00058331
2013,174,2,190.67,115.154093,35.422290,1076.44,-0.00149905
2013,174,3,286.00,115.154010,35.423125,956.83,0.00058331
2013,174,4,381.34,115.153554,35.423851,1255.84,0.00209627
2013,175,0,0.00,115.407957,35.621121,1794.06,0.00000000
2013,175,1,85.45,115.408900,35.621121,1764.16,0.00000000
2013,175,2,170.90,115.409843,35.621121,583.07,0.00000000
2013,176,0,0.00,115.407957,35.621121,358.81,0.00000000
2013,176,1,78.47,115.407957,35.621671,299.01,-0.00104007
2013,176,2,156.94,115.407957,35.622378,299.01,-0.00214483
2013,176,3,235.41,115.408226,35.623007,299.01,-0.00220952
2013,177,0,0.00,115.169993,35.422503,538.22,0.00523185
2013,177,1,97.55,115.169521,35.423244,418.61,0.00623436
2013,177,2,195.11,115.168486,35.423312,373.76,0.00473777
2013,177,3,292.66,115.167568,35.423042,388.71,0.00223867
2013,178,0,0.00,115.169993,35.422503,433.57,-0.00318134
2013,178,1,92.31,115.169133,35.422234,373.76,-0.00502886
2013,178,2,184.62,115.168212,35.422398,373.76,-0.00518150
2013,178,3,276.93,115.167568,35.423042,418.61,-0.00348663
2013,179,0,0.00,115.150590,35.420886,1794.06,0.00000000
2013,179,1,82.65,115.150590,35.421631,1704.36,0.00093821
2013,179,2,165.29,115.150590,35.422376,1001.69,0.00193469
2013,179,3,247.94,115.150320,35.423042,747.53,0.00199295
2013,18,0,0.00,115.264855,35.442985,493.37,-0.00891386
2013,18,1,34.27,115.264825,35.442685,254.16,-0.00879682
2013,18,2,68.54,115.264586,35.442446,269.11,-0.00867978
2013,180,0,0.00,115.150590,35.420886,523.27,-0.00237305
2013,180,1,86.63,115.149792,35.420617,388.71,-0.00225882
2013,180,2,173.25,115.148838,35.420617,358.81,-0.00214460
2013,180,3,259.88,115.147884,35.420617,418.61,-0.00225882
2013,180,4,346.51,115.147086,35.420886,463.47,-0.00237305
2013,181,0,0.00,115.153554,35.423851,687.72,0.00000000
2013,181,1,94.46,115.152514,35.423851,343.86,0.00089697
2013,181,2,188.92,115.151474,35.423851,343.86,0.00188687
2013,181,3,283.38,115.150590,35.423581,717.63,0.00197981
2013,182,0,0.00,115.153554,35.423851,642.87,-0.00429310
2013,182,1,91.02,115.154244,35.424389,463.47,-0.00418455
2013,182,2,182.05,115.155247,35.424389,463.47,-0.00203800
2013,182,3,273.07,115.156249,35.424389,433.57,0.00000000
2013,183,0,0.00,115.408226,35.623007,1794.06,0.00000000
2013,183,1,85.45,115.409170,35.623007,1166.14,0.00000000
2013,183,2,170.90,115.410113,35.623007,702.67,0.00000000
2013,184,0,0.00,115.408226,35.623007,358.81,0.00000000
2013,184,1,99.95,115.408226,35.623908,269.11,-0.00050222
2013,184,2,199.90,115.408226,35.624809,284.06,-0.00067588
2013,184,3,299.85,115.408441,35.625647,328.91,-0.00026766
2013,184,4,399.79,115.408513,35.626527,343.86,0.00008108
2013,184,5,499.74,115.408765,35.627354,328.91,0.00076988
2013,184,6,599.69,115.408765,35.628255,328.91,-0.00004047
2013,184,7,699.64,115.408765,35.629156,328.91,-0.00063526
2013,184,8,799.59,115.409035,35.629978,358.81,0.00063526
2013,184,9,899.54,115.409035,35.630879,358.81,0.00063526
2013,184,10,999.48,115.409035,35.631780,343.86,-0.00011398
2013,184,11,1099.43,115.409035,35.632681,328.91,-0.00063526
2013,184,12,1199.38,115.409085,35.633567,358.81,-0.00040033
2013,184,13,1299.33,115.409304,35.634404,403.66,0.00000000
2013,184,14,1399.28,115.409304,35.635305,403.66,-0.00012096
2013,184,15,1499.23,115.409574,35.636127,388.71,0.00063526
2013,184,16,1599.18,115.409574,35.637028,448.52,0.00000000
2013,184,17,1699.12,115.409574,35.637929,433.57,-0.00063526
2013,184,18,1799.07,115.409843,35.638751,523.27,-0.00078930
2013,184,19,1899.02,115.409843,35.639652,538.22,-0.00252072
2013,184,20,1998.97,115.410382,35.640255,627.92,-0.00346285
2013,185,0,0.00,115.167568,35.423042,358.81,0.00076969
2013,185,1,92.74,115.166703,35.423312,328.91,-0.00000000
2013,185,2,185.48,115.165780,35.423482,343.86,0.00027517
2013,185,3,278.23,115.164972,35.423851,328.91,0.00184317
2013,185,4,370.97,115.163951,35.423851,313.96,0.00036871
2013,185,5,463.71,115.162950,35.423886,313.96,-0.00145832
2013,185,6,556.45,115.162064,35.424120,328.91,-0.00000000
2013,185,7,649.19,115.161163,35.424327,328.91,0.00136919
2013,185,8,741.94,115.160178,35.424389,313.96,0.00093155
2013,185,9,834.68,115.159157,35.424389,343.86,0.00020624
2013,185,10,927.42,115.158135,35.424389,343.86,0.00000000
2013,186,0,0.00,115.150320,35.423042,657.82,0.00529031
2013,186,1,56.03,115.149703,35.423042,672.77,0.00553421
2013,186,2,112.06,115.149242,35.422773,463.47,0.00577812
2013,187,0,0.00,115.150320,35.423042,538.22,0.00868032
2013,187,1,34.27,115.150559,35.423281,612.97,0.00879745
2013,187,2,68.54,115.150590,35.423581,1270.79,0.00891458
2013,188,0,0.00,115.147086,35.420886,1794.06,0.00000000
2013,188,1,82.22,115.147086,35.421627,1794.06,0.00000000
2013,188,2,164.45,115.147086,35.422368,1300.70,0.00000000
2013,188,3,246.67,115.147086,35.423109,478.42,0.00000000
2013,188,4,328.90,115.147086,35.423851,1794.06,0.00000000
2013,189,0,0.00,115.147086,35.420886,403.66,-0.00253141
2013,189,1,83.99,115.146317,35.420617,388.71,-0.00240877
2013,189,2,167.97,115.145393,35.420617,388.71,-0.00114307
2013,189,3,251.96,115.144468,35.420617,418.61,-0.00114307
2013,189,4,335.94,115.143543,35.420617,478.42,-0.00240877
2013,189,5,419.93,115.142774,35.420886,478.42,-0.00253141
2013,19,0,0.00,115.265664,35.441368,1225.94,0.00000000
2013,19,1,77.27,115.265125,35.441907,598.02,0.00000000
2013,19,2,154.54,115.264586,35.442446,568.12,0.00000000
2013,191,0,0.00,115.150590,35.423581,568.12,0.00436813
2013,191,1,90.16,115.149909,35.424120,403.66,0.00426262
2013,191,2,180.33,115.148916,35.424120,373.76,0.00306585
2013,191,3,270.49,115.147923,35.424120,403.66,0.00207856
2013,191,4,360.66,115.147086,35.423851,687.72,0.00218253
2013,192,0,0.00,115.156249,35.424389,373.76,-0.00557968
2013,192,1,95.93,115.156710,35.425119,448.52,-0.00861641
2013,192,2,191.85,115.157675,35.425119,508.32,-0.00861641
2013,192,3,287.78,115.158135,35.424389,328.91,-0.00557968
2013,193,0,0.00,115.156249,35.424389,493.37,0.00336427
2013,193,1,99.82,115.157192,35.424120,373.76,0.00336427
2013,193,2,199.65,115.158135,35.424389,358.81,0.00336427
2013,194,0,0.00,115.410382,35.640255,553.17,0.00000000
2013,194,1,85.53,115.410382,35.641026,553.17,-0.00179799
2013,194,2,171.07,115.410382,35.641796,598.02,-0.00363397
2013,194,3,256.60,115.410921,35.642411,687.72,-0.00367195
2013,195,0,0.00,115.410382,35.640255,777.43,0.00000000
2013,195,1,93.47,115.411035,35.639602,777.43,0.00117766
2013,195,2,186.94,115.411688,35.638949,941.88,0.00248334
2013,195,3,280.41,115.412538,35.638638,1001.69,0.00261136
2013,198,0,0.00,115.147086,35.423851,717.63,0.00217348
2013,198,1,95.75,115.146188,35.424120,403.66,0.00366917
2013,198,2,191.49,115.145158,35.424078,403.66,0.00424656
2013,198,3,287.24,115.144391,35.423581,478.42,0.00332826
2013,2,0,0.00,115.266472,35.452686,911.98,0.00259417
2013,2,1,81.45,115.267139,35.452289,807.33,0.00469519
2013,2,2,162.90,115.267955,35.452147,1106.34,0.00513451
2013,2,3,244.35,115.268671,35.452460,762.48,0.00130125
2013,2,4,325.79,115.269437,35.452686,822.28,-0.00087030
2013,20,0,0.00,115.265664,35.441368,239.21,0.00134858
2013,20,1,85.31,115.265069,35.440773,254.16,0.00000000
2013,20,2,170.63,115.264682,35.440117,269.11,-0.00377592
2013,20,3,255.94,115.263988,35.439692,328.91,-0.00551129
2013,20,4,341.25,115.263294,35.439695,598.02,-0.00275690
2013,20,5,426.56,115.262699,35.439751,1315.65,-0.00069448
2013,200,0,0.00,115.142774,35.420886,1270.79,-0.00134073
2013,200,1,87.86,115.143179,35.421560,1076.44,-0.00067037
2013,200,2,175.72,115.143791,35.422173,1091.39,0.00135915
2013,200,3,263.58,115.144196,35.422846,732.58,0.00204669
2013,200,4,351.44,115.144391,35.423581,448.52,0.00137509
2013,201,0,0.00,115.142774,35.420886,627.92,-0.00216668
2013,201,1,76.52,115.141932,35.420886,463.47,-0.00495129
2013,201,2,153.04,115.141213,35.421100,598.02,-0.00643093
2013,201,3,229.55,115.140888,35.421695,1734.26,-0.00512596
2013,202,0,0.00,115.410921,35.642411,568.12,-0.00029879
2013,202,1,93.82,115.410921,35.643256,612.97,-0.00072241
2013,202,2,187.64,115.410979,35.644085,657.82,-0.00117298
2013,202,3,281.47,115.411191,35.644869,612.97,-0.00175722
2013,202,4,375.29,115.411460,35.645636,627.92,-0.00228627
2013,202,5,469.11,115.411999,35.646184,687.72,-0.00225802
2013,203,0,0.00,115.410921,35.642411,882.08,0.00000000
2013,203,1,77.20,115.411460,35.641872,837.23,0.00000000
2013,203,2,154.39,115.411999,35.641333,762.48,0.00000000
2013,203,3,231.59,115.412538,35.640794,807.33,-0.00000000
2013,203,4,308.79,115.413077,35.640255,777.43,-0.00000000
2013,204,0,0.00,115.412538,35.638638,747.53,0.00000000
2013,204,1,19.30,115.412673,35.638503,717.63,0.00000000
2013,204,2,38.60,115.412808,35.638368,687.72,0.00000000
2013,205,0,0.00,115.412538,35.638638,568.12,-0.00205053
2013,205,1,71.40,115.412828,35.639197,612.97,0.00147115
2013,205,2,142.80,115.413327,35.639695,448.52,0.00627090
2013,205,3,214.20,115.413077,35.640255,612.97,0.00754898
2013,206,0,0.00,115.412808,35.638368,523.27,0.00890659
2013,206,1,34.25,115.412838,35.638068,538.22,0.00879044
2013,206,2,68.50,115.413077,35.637829,583.07,0.00867428
2013,207,0,0.00,115.412808,35.638368,732.58,0.00000000
2013,207,1,24.41,115.413077,35.638368,732.58,0.00000000
2013,207,2,48.82,115.413347,35.638368,702.67,0.00000000
2013,209,0,0.00,115.144391,35.423581,463.47,0.00318048
2013,209,1,92.28,115.143531,35.423851,463.47,0.00557907
2013,209,2,184.55,115.142610,35.423686,553.17,0.00576016
2013,209,3,276.83,115.142175,35.422982,1076.44,0.00119631
2013,209,4,369.11,115.141531,35.422338,926.93,-0.00057502
2013,209,5,461.39,115.140888,35.421695,971.78,-0.00000000
2013,21,0,0.00,115.276983,35.461580,328.91,-0.00160845
2013,21,1,80.41,115.277335,35.462202,313.96,-0.00213028
2013,21,2,160.82,115.277896,35.462763,254.16,-0.00153169
2013,21,3,241.23,115.278530,35.463197,313.96,0.00037472
2013,21,4,321.64,115.279117,35.463714,284.06,0.00077133
2013,21,5,402.05,115.279678,35.464275,299.01,0.00038196
2013,210,0,0.00,115.140888,35.421695,598.02,0.00166865
2013,210,1,97.84,115.139811,35.421695,598.02,0.00083433
2013,210,2,195.68,115.138889,35.421425,598.02,-0.00083433
2013,210,3,293.52,115.137812,35.421425,568.12,-0.00083433
2013,210,4,391.36,115.136735,35.421425,568.12,0.00000000
2013,210,5,489.20,115.135657,35.421425,598.02,0.00175388
2013,210,6,587.04,115.134580,35.421425,627.92,0.00175388
2013,210,7,684.87,115.133815,35.420886,627.92,-0.00175388
2013,210,8,782.71,115.132737,35.420886,568.12,-0.00175388
2013,210,9,880.55,115.131660,35.420886,598.02,0.00083433
2013,210,10,978.39,115.130583,35.420886,598.02,0.00120791
2013,210,11,1076.23,115.129661,35.420617,568.12,-0.00000000
2013,210,12,1174.07,115.128649,35.420505,568.12,-0.00069398
2013,210,13,1271.91,115.127663,35.420347,568.12,-0.00000000
2013,210,14,1369.75,115.126592,35.420335,538.22,0.00028062
2013,210,15,1467.59,115.125664,35.420078,538.22,0.00000000
2013,210,16,1565.43,115.124587,35.420078,538.22,0.00095932
2013,210,17,1663.27,115.123665,35.419808,538.22,0.00076638
2013,210,18,1761.11,115.122744,35.419539,508.32,-0.00091955
2013,210,19,1858.94,115.121797,35.419313,493.37,-0.00053051
2013,210,20,1956.78,115.120745,35.419269,508.32,0.00187288
2013,210,21,2054.62,115.119840,35.418972,478.42,0.00237863
2013,210,22,2152.46,115.119059,35.418461,448.52,0.00148324
2013,212,0,0.00,115.411999,35.646184,612.97,-0.00028900
2013,212,1,94.74,115.412243,35.646966,672.77,-0.00229870
2013,212,2,189.47,115.412538,35.647734,687.72,-0.00434902
2013,212,3,284.21,115.413347,35.648070,792.38,-0.00438964
2013,213,0,0.00,115.411999,35.646184,1210.99,0.00000000
2013,213,1,96.49,115.412673,35.645510,1196.04,0.00000000
2013,213,2,192.99,115.413347,35.644836,1001.69,0.00000000
2013,215,0,0.00,115.413077,35.640255,627.92,-0.01068518
2013,215,1,31.50,115.413297,35.640475,897.03,-0.01108165
2013,215,2,63.01,115.413616,35.640524,941.88,-0.01147812
2013,216,0,0.00,115.119059,35.418461,1794.06,0.00000000
2013,216,1,89.70,115.119059,35.417652,1465.15,0.00000000
2013,216,2,179.40,115.119059,35.416844,822.28,0.00000000
2013,217,0,0.00,115.119059,35.418461,702.67,0.00369191
2013,217,1,69.99,115.118444,35.418730,538.22,0.00351277
2013,217,2,139.98,115.117673,35.418730,418.61,0.00166682
2013,217,3,209.97,115.116903,35.418730,478.42,0.00000000
2013,218,0,0.00,115.413347,35.648070,837.23,-0.00326665
2013,218,1,97.63,115.413402,35.648934,777.43,-0.00431399
2013,218,2,195.27,115.414084,35.649616,672.77,-0.00387370
2013,218,3,292.90,115.414964,35.649956,717.63,-0.00238608
2013,219,0,0.00,115.413347,35.648070,1225.94,0.00000000
2013,219,1,89.16,115.413969,35.647447,1225.94,0.00000000
2013,219,2,178.31,115.414592,35.646825,1196.04,-0.00100191
2013,219,3,267.47,115.415214,35.646203,852.18,-0.00467231
2013,219,4,356.62,115.415503,35.645483,598.02,-0.00618715
2013,219,5,445.78,115.414964,35.644836,687.72,-0.00503351
2013,22,0,0.00,115.262699,35.439751,538.22,-0.00230345
2013,22,1,91.79,115.262430,35.439002,538.22,-0.00203739
2013,22,2,183.58,115.261804,35.438403,553.17,0.00046182
2013,22,3,275.36,115.261306,35.437818,523.27,0.00231718
2013,22,4,367.15,115.261082,35.437056,508.32,0.00193938
2013,220,0,0.00,115.413347,35.644836,1420.30,0.00000000
2013,220,1,73.22,115.414155,35.644836,1151.19,0.00000000
2013,220,2,146.44,115.414964,35.644836,941.88,0.00000000
2013,221,0,0.00,115.413347,35.644836,747.53,0.00296868
2013,221,1,88.98,115.413759,35.644154,971.78,0.00605563
2013,221,2,177.96,115.414512,35.643758,971.78,0.01173825
2013,221,3,266.94,115.415233,35.644112,583.07,0.01067949
2013,221,4,355.91,115.414964,35.644836,672.77,0.00702507
2013,222,0,0.00,115.116903,35.418730,1704.36,0.00000000
2013,222,1,72.68,115.116903,35.419385,1539.90,-0.00121952
2013,222,2,145.36,115.116903,35.420040,1046.54,-0.00251501
2013,222,3,218.04,115.117172,35.420617,792.38,-0.00259097
2013,223,0,0.00,115.116903,35.418730,478.42,-0.00341163
2013,223,1,98.70,115.116116,35.418212,493.37,-0.00253948
2013,223,2,197.41,115.115041,35.418191,478.42,-0.00068469
2013,223,3,296.11,115.114111,35.417922,478.42,-0.00006901
2013,223,4,394.82,115.113063,35.417855,448.52,0.00045502
2013,223,5,493.52,115.112094,35.417652,478.42,0.00090268
2013,223,6,592.23,115.111163,35.417383,493.37,0.00022967
2013,223,7,690.93,115.110232,35.417113,448.52,0.00000000
2013,223,8,789.64,115.109302,35.416844,448.52,-0.00000000
2013,223,9,888.34,115.108371,35.416574,448.52,-0.00025410
2013,223,10,987.05,115.107440,35.416305,418.61,-0.00000000
2013,223,11,1085.75,115.106467,35.416109,373.76,0.00051085
2013,223,12,1184.46,115.105579,35.415766,418.61,-0.00062126
2013,223,13,1283.16,115.104648,35.415496,358.81,-0.00061884
2013,223,14,1381.87,115.103611,35.415410,328.91,0.00115908
2013,223,15,1480.57,115.102726,35.415063,269.11,0.00072959
2013,223,16,1579.28,115.101840,35.414716,284.06,-0.00116998
2013,223,17,1677.98,115.100925,35.414418,239.21,-0.00036749
2013,223,18,1776.69,115.099870,35.414364,224.26,0.00138020
2013,223,19,1875.39,115.099064,35.413879,179.41,0.00093661
2013,223,20,1974.10,115.098133,35.413610,179.41,0.00075696
2013,223,21,2072.80,115.097359,35.413071,209.31,0.00090913
2013,223,22,2171.51,115.096524,35.412635,224.26,0.00074716
2013,223,23,2270.21,115.095809,35.411993,254.16,0.00054815
2013,223,24,2368.91,115.095049,35.411429,299.01,0.00000000
2013,223,25,2467.62,115.094360,35.410740,358.81,-0.00014173
2013,223,26,2566.32,115.093573,35.410223,403.66,-0.00000000
2013,223,27,2665.03,115.092885,35.409534,448.52,0.00038770
2013,223,28,2763.73,115.092098,35.409017,523.27,0.00126368
2013,223,29,2862.44,115.091570,35.408281,478.42,0.00074019
2013,223,30,2961.14,115.091031,35.407549,478.42,-0.00002893
2013,223,31,3059.85,115.090450,35.406830,493.37,0.00021465
2013,223,32,3158.55,115.089953,35.406085,493.37,0.00034493
2013,223,33,3257.26,115.089414,35.405353,478.42,-0.00014413
2013,223,34,3355.96,115.089010,35.404582,538.22,-0.00057053
2013,223,35,3454.67,115.088322,35.403893,478.42,0.00033833
2013,223,36,3553.37,115.087842,35.403144,523.27,0.00052758
2013,223,37,3652.08,115.087362,35.402395,508.32,0.00000000
2013,223,38,3750.78,115.086882,35.401645,568.12,-0.00052758
2013,223,39,3849.49,115.086403,35.400896,583.07,-0.00052758
2013,223,40,3948.19,115.085714,35.400208,583.07,0.00004312
2013,223,41,4046.90,115.085234,35.399458,627.92,-0.00000000
2013,223,42,4145.60,115.084563,35.398765,598.02,0.00043970
2013,223,43,4244.31,115.084066,35.398021,568.12,0.00052758
2013,223,44,4343.01,115.083586,35.397271,598.02,0.00004476
2013,223,45,4441.72,115.083107,35.396522,583.07,0.00000000
2013,223,46,4540.42,115.082627,35.395773,612.97,0.00000000
2013,223,47,4639.12,115.082147,35.395023,568.12,0.00000000
2013,223,48,4737.83,115.081667,35.394274,583.07,0.00021548
2013,223,49,4836.53,115.081187,35.393525,583.07,-0.00000000
2013,223,50,4935.24,115.080791,35.392751,598.02,-0.00042841
2013,223,51,5033.94,115.080228,35.392026,583.07,0.00000000
2013,223,52,5132.65,115.079748,35.391277,598.02,-0.00017747
2013,223,53,5231.35,115.079268,35.390527,612.97,0.00000000
2013,223,54,5330.06,115.078635,35.389823,598.02,0.00078945
2013,223,55,5428.76,115.078308,35.389029,568.12,0.00054232
2013,223,56,5527.47,115.077828,35.388279,583.07,0.00014441
2013,223,57,5626.17,115.077557,35.387469,598.02,-0.00084430
2013,223,58,5724.88,115.077077,35.386720,553.17,-0.00099496
2013,223,59,5823.58,115.076479,35.386005,538.22,0.00061024
2013,223,60,5922.29,115.075940,35.385273,523.27,0.00091459
2013,223,61,6020.99,115.075638,35.384472,493.37,-0.00083584
2013,223,62,6119.70,115.075158,35.383723,508.32,-0.00083231
2013,223,63,6218.40,115.074469,35.383034,508.32,0.00107104
2013,223,64,6317.11,115.074053,35.382266,448.52,0.00074615
2013,223,65,6415.81,115.073718,35.381475,433.57,-0.00054346
2013,223,66,6514.52,115.073238,35.380725,388.71,0.00016652
2013,223,67,6613.22,115.072759,35.379976,358.81,0.00006093
2013,223,68,6711.92,115.072487,35.379166,343.86,-0.00102624
2013,223,69,6810.63,115.071897,35.378590,313.96,0.00103934
2013,223,70,6909.33,115.071429,35.377838,239.21,0.00102624
2013,223,71,7008.04,115.071358,35.376969,209.31,-0.00261860
2013,223,72,7106.74,115.070678,35.376278,209.31,-0.00208019
2013,223,73,7205.45,115.069891,35.375760,254.16,0.00048910
2013,223,74,7304.15,115.069202,35.375072,493.37,0.00101498
2013,224,0,0.00,115.414964,35.649956,642.87,0.00107756
2013,224,1,99.00,115.415446,35.650708,627.92,0.00000000
2013,224,2,198.01,115.415720,35.651521,553.17,-0.00106187
2013,224,3,297.01,115.416411,35.652213,478.42,-0.00052309
2013,224,4,396.02,115.416894,35.652965,433.57,-0.00049755
2013,224,5,495.02,115.417585,35.653656,313.96,-0.00100096
2013,224,6,594.02,115.418277,35.654347,269.11,-0.00104531
2013,224,7,693.03,115.419067,35.654868,269.11,-0.00111320
2013,224,8,792.03,115.419857,35.655389,224.26,-0.00093490
2013,224,9,891.03,115.420747,35.655740,209.31,-0.00156766
2013,224,10,990.04,115.421599,35.656155,179.41,-0.00168166
2013,224,11,1089.04,115.422692,35.656155,209.31,0.00020412
2013,224,12,1188.05,115.423629,35.656424,179.41,-0.00000000
2013,224,13,1287.05,115.424602,35.656631,194.36,-0.00047724
2013,224,14,1386.05,115.425659,35.656694,239.21,0.00000000
2013,224,15,1485.06,115.426596,35.656963,299.01,-0.00088385
2013,224,16,1584.06,115.427689,35.656963,358.81,-0.00036835
2013,224,17,1683.06,115.428755,35.657010,403.66,0.00064769
2013,224,18,1782.07,115.429645,35.657105,478.42,-0.00093279
2013,224,19,1881.07,115.430499,35.657233,508.32,-0.00159713
2013,224,20,1980.08,115.431436,35.656963,538.22,0.00060204
2013,224,21,2079.08,115.432529,35.656963,538.22,0.00162880
2013,224,22,2178.08,115.433599,35.657004,523.27,0.00057112
2013,224,23,2277.09,115.434559,35.657233,538.22,-0.00081440
2013,224,24,2376.09,115.435653,35.657233,538.22,-0.00068641
2013,224,25,2475.09,115.436746,35.657233,568.12,0.00081440
2013,224,26,2574.10,115.437840,35.657233,568.12,0.00081440
2013,224,27,2673.10,115.438776,35.657502,538.22,-0.00081440
2013,224,28,2772.11,115.439870,35.657502,538.22,-0.00081440
2013,224,29,2871.11,115.440963,35.657502,508.32,0.00000000
2013,224,30,2970.11,115.442057,35.657502,508.32,0.00032065
2013,224,31,3069.12,115.443150,35.657502,538.22,0.00081440
2013,224,32,3168.12,115.444179,35.657612,538.22,0.00024305
2013,224,33,3267.12,115.445180,35.657772,508.32,0.00000000
2013,224,34,3366.13,115.446256,35.657802,463.47,0.00015350
2013,224,35,3465.13,115.447210,35.658041,478.42,-0.00043062
2013,224,36,3564.14,115.448304,35.658041,418.61,0.00023192
2013,224,37,3663.14,115.449321,35.658172,388.71,0.00088356
2013,224,38,3762.14,115.450309,35.658353,328.91,0.00061982
2013,224,39,3861.15,115.451270,35.658580,239.21,0.00083982
2013,224,40,3960.15,115.452207,35.658850,209.31,0.00197125
2013,224,41,4059.15,115.453077,35.659234,209.31,0.00132380
2013,224,42,4158.16,115.453768,35.659925,179.41,-0.00068052
2013,224,43,4257.16,115.454658,35.660276,239.21,0.00000000
2013,224,44,4356.17,115.455448,35.660797,269.11,0.00049144
2013,224,45,4455.17,115.456239,35.661318,299.01,-0.00002039
2013,224,46,4554.17,115.457043,35.661814,284.06,0.00015910
2013,224,47,4653.18,115.457823,35.662353,299.01,-0.00052969
2013,224,48,4752.18,115.458610,35.662880,328.91,-0.00007925
2013,224,49,4851.19,115.459500,35.663231,313.96,0.00209294
2013,224,50,4950.19,115.460191,35.663922,373.76,0.00049663
2013,224,51,5049.19,115.460673,35.664674,463.47,-0.00211416
2013,224,52,5148.20,115.461563,35.665025,478.42,-0.00049663
2013,224,53,5247.20,115.462353,35.665546,508.32,0.00082217
2013,224,54,5346.20,115.463144,35.666067,493.37,0.00000000
2013,224,55,5445.21,115.463889,35.666665,523.27,-0.00050789
2013,224,56,5544.21,115.464725,35.667109,538.22,0.00000000
2013,224,57,5643.22,115.465515,35.667629,523.27,0.00025702
2013,224,58,5742.22,115.466306,35.668150,523.27,-0.00000000
2013,224,59,5841.22,115.467096,35.668671,538.22,-0.00027744
2013,224,60,5940.23,115.467886,35.669192,538.22,-0.00057130
2013,224,61,6039.23,115.468725,35.669630,523.27,-0.00001054
2013,224,62,6138.23,115.469566,35.670064,508.32,0.00057130
2013,224,63,6237.24,115.470357,35.670585,523.27,-0.00007993
2013,224,64,6336.24,115.471147,35.671106,508.32,-0.00057130
2013,224,65,6435.25,115.472002,35.671516,508.32,-0.00040883
2013,224,66,6534.25,115.472827,35.671977,478.42,0.00057130
2013,224,67,6633.25,115.473717,35.672328,478.42,0.00171262
2013,224,68,6732.26,115.474408,35.673019,463.47,-0.00000000
2013,224,69,6831.26,115.475122,35.673672,478.42,-0.00081119
2013,224,70,6930.26,115.475989,35.674061,508.32,0.00154286
2013,224,71,7029.27,115.476680,35.674752,523.27,0.00037193
2013,224,72,7128.27,115.477163,35.675504,612.97,-0.00270183
2013,224,73,7227.28,115.478052,35.675855,612.97,-0.00049663
2013,224,74,7326.28,115.478942,35.676205,598.02,0.00115896
2013,224,75,7425.28,115.479633,35.676897,598.02,-0.00057130
2013,224,76,7524.29,115.480523,35.677247,583.07,-0.00011725
2013,224,77,7623.29,115.481313,35.677768,583.07,0.00057130
2013,224,78,7722.29,115.482124,35.678253,598.02,0.00023320
2013,224,79,7821.30,115.482894,35.678810,568.12,-0.00000000
2013,224,80,7920.30,115.483684,35.679331,598.02,-0.00068725
2013,224,81,8019.31,115.484475,35.679852,538.22,-0.00057130
2013,224,82,8118.31,115.485364,35.680202,598.02,-0.00000000
2013,224,83,8217.31,115.486155,35.680723,583.07,-0.00036945
2013,224,84,8316.32,115.487044,35.681074,598.02,0.00000000
2013,224,85,8415.32,115.487897,35.681487,598.02,0.00015331
2013,224,86,8514.32,115.488724,35.681945,612.97,-0.00058767
2013,224,87,8613.33,115.489614,35.682296,612.97,-0.00074305
2013,225,0,0.00,115.414964,35.649956,1240.89,-0.00000000
2013,225,1,94.32,115.415622,35.649298,1240.89,-0.00000000
2013,225,2,188.64,115.416281,35.648639,1061.49,-0.00054905
2013,225,3,282.96,115.416939,35.647981,986.73,-0.00112713
2013,225,4,377.27,115.417389,35.647262,762.48,-0.00115616
2013,226,0,0.00,115.069202,35.375072,388.71,0.00163802
2013,226,1,98.72,115.068116,35.375072,418.61,0.00168451
2013,226,2,197.44,115.067185,35.374802,478.42,0.00000000
2013,226,3,296.17,115.066248,35.374544,538.22,-0.00165402
2013,226,4,394.89,115.065168,35.374533,538.22,-0.00081901
2013,226,5,493.61,115.064082,35.374533,568.12,-0.00084950
2013,226,6,592.33,115.062995,35.374533,598.02,-0.00081901
2013,226,7,691.05,115.062065,35.374802,612.97,0.00001717
2013,226,8,789.77,115.060978,35.374802,657.82,0.00000000
2013,226,9,888.50,115.060045,35.375067,657.82,0.00077136
2013,226,10,987.22,115.058961,35.375072,627.92,0.00157705
2013,227,0,0.00,115.069202,35.375072,1151.19,0.00123869
2013,227,1,89.54,115.069827,35.374448,717.63,0.00128962
2013,227,2,179.08,115.070550,35.373994,,0.00134055
2013,228,0,0.00,115.489614,35.682296,583.07,0.00122713
2013,228,1,92.89,115.490054,35.683005,493.37,-0.00185854
2013,228,2,185.77,115.490285,35.683775,418.61,-0.00559835
2013,228,3,278.66,115.491231,35.683913,657.82,-0.00625249
2013,229,0,0.00,115.489614,35.682296,1794.06,0.00173901
2013,229,1,96.85,115.490290,35.681619,1599.71,0.00409978
2013,229,2,193.69,115.491126,35.681218,777.43,0.00549924
2013,229,3,290.54,115.492039,35.681487,538.22,0.00453793
2013,23,0,0.00,115.279678,35.464275,313.96,-0.00526451
2013,23,1,90.27,115.280099,35.464965,209.31,-0.00528281
2013,23,2,180.55,115.281025,35.465083,358.81,-0.00530111
2013,230,0,0.00,115.417389,35.647262,792.38,0.00472872
2013,230,1,86.07,115.416850,35.646784,687.72,0.00432592
2013,230,2,172.14,115.416850,35.646008,702.67,0.00196156
2013,230,3,258.20,115.416850,35.645233,672.77,-0.00156247
2013,230,4,344.27,115.416850,35.644457,612.97,-0.00358984
2013,230,5,430.34,115.416373,35.643820,732.58,-0.00241449
2013,230,6,516.41,115.415772,35.643219,732.58,-0.00077425
2013,231,0,0.00,115.417389,35.647262,732.58,-0.00562325
2013,231,1,49.20,115.417659,35.646896,732.58,-0.00551133
2013,231,2,98.40,115.417659,35.646453,672.77,-0.00539941
2013,232,0,0.00,115.491231,35.683913,478.42,-0.00435386
2013,232,1,97.30,115.491493,35.684714,403.66,-0.00385272
2013,232,2,194.60,115.492370,35.685052,373.76,-0.00167579
2013,232,3,291.90,115.493149,35.685562,313.96,-0.00121754
2013,232,4,389.20,115.494027,35.685900,358.81,-0.00180941
2013,232,5,486.50,115.495004,35.686069,418.61,-0.00118374
2013,233,0,0.00,115.491231,35.683913,1794.06,0.00000000
2013,233,1,77.18,115.491770,35.683374,1794.06,0.00000000
2013,233,2,154.36,115.492309,35.682835,837.23,0.00000000
2013,233,3,231.54,115.492848,35.682296,807.33,0.00000000
2013,234,0,0.00,115.492039,35.681487,612.97,-0.00471590
2013,234,1,65.74,115.492290,35.682007,433.57,-0.00480280
2013,234,2,131.48,115.492848,35.682296,612.97,-0.00488970
2013,235,0,0.00,115.492039,35.681487,553.17,0.00670385
2013,235,1,89.38,115.492763,35.681402,388.71,0.00576084
2013,235,2,178.76,115.493387,35.682026,612.97,0.00481783
2013,236,0,0.00,115.495004,35.686069,612.97,0.00000000
2013,236,1,19.29,115.495138,35.686203,373.76,0.00000000
2013,236,2,38.59,115.495273,35.686338,388.71,0.00000000
2013,237,0,0.00,115.495004,35.686069,583.07,0.00000000
2013,237,1,79.10,115.495004,35.685356,687.72,0.00102244
2013,237,2,158.20,115.495004,35.684643,822.28,0.00210836
2013,237,3,237.29,115.495273,35.684008,687.72,0.00108592
2013,237,4,316.39,115.495543,35.683374,538.22,-0.00000000
2013,238,0,0.00,115.495273,35.686338,463.47,-0.00956576
2013,238,1,46.44,115.495389,35.686723,642.87,-0.00981289
2013,238,2,92.89,115.495812,35.686877,388.71,-0.01006003
2013,239,0,0.00,115.495273,35.686338,1794.06,0.00000000
2013,239,1,90.04,115.495902,35.685709,1330.60,0.00000000
2013,239,2,180.09,115.496531,35.685081,732.58,-0.00000000
2013,239,3,270.13,115.497160,35.684452,1465.15,-0.00000000
2013,24,0,0.00,115.279678,35.464275,1794.06,0.00587840
2013,24,1,79.40,115.280240,35.463736,837.23,0.00977940
2013,24,2,158.81,115.281082,35.463793,209.31,0.01261995
2013,24,3,238.21,115.281294,35.464446,418.61,0.00765101
2013,24,4,317.61,115.281025,35.465083,583.07,0.00374252
2013,240,0,0.00,115.492848,35.682296,523.27,-0.01148357
2013,240,1,31.49,115.493167,35.682246,598.02,-0.01108649
2013,240,2,62.99,115.493387,35.682026,747.53,-0.01068941
2013,242,0,0.00,115.493387,35.682026,358.81,0.00162916
2013,242,1,88.71,115.494210,35.682296,358.81,0.00225147
2013,242,2,177.43,115.494923,35.682754,373.76,0.00203087
2013,242,3,266.14,115.495543,35.683374,328.91,0.00118797
2013,243,0,0.00,115.495543,35.683374,343.86,-0.00000000
2013,243,1,72.95,115.496192,35.683643,388.71,0.00223740
2013,243,2,145.91,115.496841,35.683913,358.81,0.00445830
2013,243,3,218.86,115.497160,35.684452,463.47,0.00444180
2013,245,0,0.00,115.495812,35.686877,373.76,-0.00317312
2013,245,1,89.21,115.496311,35.687416,328.91,-0.00305547
2013,245,2,178.43,115.497139,35.687686,627.92,-0.00146891
2013,245,3,267.64,115.497968,35.687955,612.97,-0.00000000
2013,246,0,0.00,115.495812,35.686877,1764.16,0.00000000
2013,246,1,90.04,115.496441,35.686248,1794.06,0.00000000
2013,246,2,180.09,115.497070,35.685620,807.33,-0.00000000
2013,246,3,270.13,115.497699,35.684991,1255.84,0.00000000
2013,247,0,0.00,115.497160,35.684452,373.76,0.01005994
2013,247,1,46.44,115.497583,35.684606,373.76,0.00981283
2013,247,2,92.89,115.497699,35.684991,493.37,0.00956573
2013,248,0,0.00,115.497968,35.687955,1599.71,0.00024633
2013,248,1,84.75,115.498238,35.687270,1599.71,0.00263335
2013,248,2,169.51,115.498536,35.686608,672.77,0.00494811
2013,248,3,254.26,115.499316,35.686338,493.37,0.00487585
2013,249,0,0.00,115.497968,35.687955,687.72,-0.00054334
2013,249,1,84.23,115.498507,35.688558,672.77,-0.00193638
2013,249,2,168.46,115.499028,35.689033,299.01,-0.00291512
2013,249,3,252.69,115.499802,35.689303,627.92,-0.00250929
2013,249,4,336.92,115.500576,35.689572,672.77,-0.00353198
2013,249,5,421.14,115.501506,35.689572,807.33,-0.00353198
2013,249,6,505.37,115.502280,35.689303,837.23,-0.00251777
2013,25,0,0.00,115.261082,35.437056,672.77,0.00010565
2013,25,1,75.99,115.260402,35.436786,642.87,0.00155262
2013,25,2,151.97,115.259726,35.436508,568.12,0.00280585
2013,25,3,227.96,115.259196,35.435978,328.91,0.00261212
2013,250,0,0.00,115.497699,35.684991,373.76,0.00742604
2013,250,1,82.92,115.498575,35.685059,328.91,0.00624028
2013,250,2,165.84,115.498777,35.685748,418.61,0.00132863
2013,250,3,248.76,115.499316,35.686338,657.82,-0.00239725
2013,251,0,0.00,115.499316,35.686338,642.87,-0.00285849
2013,251,1,79.25,115.500034,35.686608,672.77,-0.00000000
2013,251,2,158.49,115.500910,35.686608,284.06,0.00417518
2013,251,3,237.74,115.501472,35.687147,269.11,0.00549187
2013,253,0,0.00,115.502280,35.689303,598.02,0.00000000
2013,253,1,48.79,115.502819,35.689303,568.12,0.00000000
2013,253,2,97.57,115.503358,35.689303,538.22,0.00000000
2013,254,0,0.00,115.502280,35.689303,657.82,0.00262891
2013,254,1,88.42,115.501663,35.688685,717.63,0.00329879
2013,254,2,176.85,115.501472,35.687944,508.32,0.00255498
2013,254,3,265.27,115.501472,35.687147,1136.24,0.00114129
2013,256,0,0.00,115.501472,35.687147,1584.76,0.00007169
2013,256,1,88.71,115.502138,35.686608,403.66,0.00317245
2013,256,2,177.42,115.502810,35.686078,568.12,0.00646244
2013,256,3,266.13,115.503628,35.686338,523.27,0.00665168
2013,257,0,0.00,115.503628,35.689033,1794.06,0.00000000
2013,257,1,19.29,115.503493,35.689168,1794.06,0.00000000
2013,257,2,38.59,115.503358,35.689303,1689.41,0.00000000
2013,258,0,0.00,115.503628,35.689033,1794.06,0.00284397
2013,258,1,86.20,115.504021,35.688370,1076.44,0.00477326
2013,258,2,172.41,115.504731,35.687955,732.58,0.00735694
2013,258,3,258.61,115.505684,35.687955,358.81,0.00637637
2013,258,4,344.82,115.506322,35.688494,568.12,0.00474141
2013,259,0,0.00,115.503628,35.689033,508.32,0.00000000
2013,259,1,77.91,115.504488,35.689033,598.02,-0.00133525
2013,259,2,155.83,115.505349,35.689033,478.42,-0.00281579
2013,259,3,233.74,115.506053,35.688764,717.63,-0.00296106
2013,26,0,0.00,115.261082,35.437056,1569.81,-0.00285227
2013,26,1,99.26,115.261775,35.436363,837.23,-0.00383118
2013,26,2,198.53,115.261891,35.435503,553.17,-0.00423692
2013,26,3,297.79,115.261621,35.434687,328.91,-0.00283549
2013,26,4,397.06,115.261082,35.434091,299.01,-0.00200723
2013,260,0,0.00,115.503358,35.689303,538.22,-0.00027477
2013,260,1,99.97,115.504056,35.690001,598.02,-0.00147211
2013,260,2,199.94,115.504783,35.690650,254.16,-0.00349810
2013,260,3,299.92,115.505730,35.690920,358.81,-0.00296164
2013,260,4,399.89,115.506835,35.690920,478.42,-0.00079827
2013,260,5,499.86,115.507939,35.690920,568.12,0.00000000
2013,261,0,0.00,115.506053,35.688764,717.63,0.00000000
2013,261,1,19.29,115.506188,35.688629,657.82,0.00000000
2013,261,2,38.59,115.506322,35.688494,657.82,0.00000000
2013,262,0,0.00,115.506322,35.688494,284.06,0.00223868
2013,262,1,70.08,115.506911,35.688813,269.11,0.00214027
2013,262,2,140.16,115.507400,35.689303,493.37,0.00204186
2013,264,0,0.00,115.506053,35.688764,612.97,-0.00654677
2013,264,1,97.23,115.506523,35.689503,493.37,-0.00702367
2013,264,2,194.46,115.507400,35.689303,508.32,-0.00750057
2013,265,0,0.00,115.507939,35.690920,1255.84,-0.00189896
2013,265,1,71.39,115.508020,35.690300,1091.39,-0.00403047
2013,265,2,142.77,115.507899,35.689801,687.72,-0.00458633
2013,265,3,214.16,115.507400,35.689303,493.37,-0.00301069
2013,266,0,0.00,115.507939,35.690920,448.52,-0.00019491
2013,266,1,99.40,115.508724,35.691459,478.42,0.00000000
2013,266,2,198.80,115.509526,35.691967,478.42,0.00019393
2013,266,3,298.20,115.510293,35.692537,418.61,-0.00024535
2013,266,4,397.60,115.511078,35.693076,418.61,-0.00099531
2013,266,5,497.01,115.511907,35.693539,403.66,-0.00041845
2013,266,6,596.41,115.512804,35.693884,388.71,0.00026474
2013,266,7,695.81,115.513593,35.694417,418.61,-0.00000000
2013,266,8,795.21,115.514485,35.694770,403.66,0.00038053
2013,266,9,894.61,115.515279,35.695294,433.57,0.00056634
2013,266,10,994.01,115.516100,35.695771,448.52,-0.00024943
2013,266,11,1093.41,115.516865,35.696342,463.47,-0.00000000
2013,266,12,1192.81,115.517758,35.696696,448.52,0.00094274
2013,266,13,1292.21,115.518452,35.697390,478.42,0.00103634
2013,266,14,1391.62,115.519246,35.697914,478.42,0.00099248
2013,266,15,1491.02,115.519731,35.698669,433.57,-0.00032687
2013,266,16,1590.42,115.520425,35.699363,448.52,0.00026059
2013,266,17,1689.82,115.521145,35.699909,418.61,0.00222057
2013,266,18,1789.22,115.521414,35.700726,313.96,0.00067243
2013,266,19,1888.62,115.521772,35.701518,299.01,0.00019048
2013,266,20,1988.02,115.522223,35.702283,194.36,0.00069411
2013,266,21,2087.42,115.522325,35.703149,209.31,0.00029737
2013,266,22,2186.82,115.522762,35.703918,209.31,0.00067927
2013,266,23,2286.22,115.522762,35.704814,209.31,0.00041820
2013,266,24,2385.63,115.523031,35.705632,209.31,0.00064173
2013,266,25,2485.03,115.523031,35.706528,224.26,0.00064173
2013,266,26,2584.43,115.523031,35.707424,269.11,0.00064173
2013,266,27,2683.83,115.523031,35.708319,284.06,0.00064173
2013,266,28,2783.23,115.522762,35.709137,313.96,0.00000000
2013,266,29,2882.63,115.522762,35.710033,269.11,0.00067927
2013,266,30,2982.03,115.522492,35.710851,299.01,-0.00000000
2013,266,31,3081.43,115.522223,35.711668,269.11,-0.00067927
2013,266,32,3180.83,115.522223,35.712564,284.06,0.00000000
2013,266,33,3280.24,115.521953,35.713382,299.01,-0.00000000
2013,266,34,3379.64,115.521953,35.714278,299.01,0.00137338
2013,266,35,3479.04,115.521684,35.715095,358.81,0.00137338
2013,266,36,3578.44,115.521145,35.715834,358.81,-0.00095088
2013,266,37,3677.84,115.520875,35.716652,358.81,-0.00137338
2013,266,38,3777.24,115.520706,35.717499,373.76,-0.00017211
2013,266,39,3876.64,115.520606,35.718366,403.66,0.00137338
2013,266,40,3976.04,115.520336,35.719183,433.57,0.00093664
2013,266,41,4075.44,115.519797,35.719923,478.42,-0.00069411
2013,266,42,4174.85,115.519600,35.720761,433.57,-0.00032181
2013,266,43,4274.25,115.519258,35.721558,478.42,0.00000000
2013,266,44,4373.65,115.518989,35.722375,523.27,0.00050816
2013,266,45,4473.05,115.518719,35.723193,508.32,0.00069411
2013,266,46,4572.45,115.518180,35.723932,508.32,-0.00038977
2013,266,47,4671.85,115.517911,35.724750,553.17,0.00068313
2013,266,48,4771.25,115.517523,35.725533,553.17,0.00077604
2013,266,49,4870.65,115.516833,35.726229,568.12,-0.00133054
2013,266,50,4970.05,115.516563,35.727046,508.32,-0.00047730
2013,266,51,5069.45,115.516276,35.727859,538.22,0.00060057
2013,266,52,5168.86,115.515790,35.728614,508.32,-0.00051227
2013,266,53,5268.26,115.515485,35.729421,448.52,-0.00014583
2013,266,54,5367.66,115.515216,35.730238,418.61,-0.00009081
2013,266,55,5467.06,115.514752,35.731000,418.61,-0.00099508
2013,266,56,5566.46,115.514677,35.731874,433.57,-0.00000000
2013,266,57,5665.86,115.514407,35.732691,388.71,0.00098727
2013,267,0,0.00,115.514407,35.732691,1255.84,0.00000000
2013,267,1,12.19,115.514273,35.732691,1255.84,0.00000000
2013,267,2,24.38,115.514138,35.732691,1106.34,0.00000000
2013,268,0,0.00,115.514407,35.732691,538.22,0.00112995
2013,268,1,96.70,115.514874,35.733427,418.61,0.00087258
2013,268,2,193.39,115.515132,35.734224,388.71,0.00027554
2013,268,3,290.09,115.515485,35.734993,284.06,-0.00004615
2013,268,4,386.79,115.515755,35.735786,224.26,-0.00180267
2013,268,5,483.49,115.516114,35.736554,164.46,-0.00359380
2013,268,6,580.18,115.516921,35.737003,149.51,-0.00191867
2013,268,7,676.88,115.517762,35.737394,179.41,-0.00055163
2013,268,8,773.58,115.518588,35.737812,209.31,-0.00097690
2013,268,9,870.27,115.519499,35.738081,239.21,-0.00012972
2013,268,10,966.97,115.520411,35.738351,269.11,0.00097690
2013,268,11,1063.67,115.521258,35.738733,299.01,0.00068135
2013,268,12,1160.36,115.522078,35.739159,299.01,-0.00000000
2013,268,13,1257.06,115.522906,35.739573,343.86,-0.00063728
2013,268,14,1353.76,115.523745,35.739968,358.81,-0.00191999
2013,268,15,1450.46,115.524657,35.740237,388.71,-0.00225113
2013,268,16,1547.15,115.525726,35.740237,418.61,-0.00170992
2013,269,0,0.00,115.525726,35.740237,1315.65,0.00028685
2013,269,1,93.65,115.525726,35.739393,1510.00,0.00376998
2013,269,2,187.30,115.525781,35.738565,538.22,0.00872092
2013,269,3,280.95,115.526535,35.738620,448.52,0.01018874
2013,27,0,0.00,115.281025,35.465083,269.11,-0.00103344
2013,27,1,93.96,115.281472,35.465800,284.06,-0.00058359
2013,27,2,187.92,115.282103,35.466462,269.11,-0.00068903
2013,27,3,281.88,115.282574,35.467171,269.11,-0.00111506
2013,27,4,375.83,115.283329,35.467656,299.01,-0.00109839
2013,27,5,469.79,115.283984,35.468312,254.16,-0.00005360
2013,27,6,563.75,115.284837,35.468626,299.01,0.00116643
2013,27,7,657.71,115.285284,35.469342,284.06,0.00002108
2013,27,8,751.67,115.286038,35.469827,284.06,-0.00056093
2013,27,9,845.63,115.286699,35.470473,328.91,-0.00117530
2013,27,10,939.58,115.287448,35.470967,313.96,-0.00189842
2013,27,11,1033.54,115.288301,35.471282,388.71,-0.00138119
2013,270,0,0.00,115.525726,35.740237,478.42,-0.01350148
2013,270,1,50.77,115.526130,35.740507,388.71,-0.01350148
2013,270,2,101.54,115.526535,35.740237,478.42,-0.01350148
2013,271,0,0.00,115.526535,35.738620,702.67,0.00000000
2013,271,1,89.70,115.526535,35.739429,1510.00,0.00000000
2013,271,2,179.41,115.526535,35.740237,1390.40,0.00000000
2013,272,0,0.00,115.526535,35.738620,687.72,-0.00000000
2013,272,1,19.29,115.526669,35.738485,598.02,-0.00000000
2013,272,2,38.58,115.526804,35.738351,612.97,-0.00000000
2013,273,0,0.00,115.526535,35.740237,448.52,0.00000000
2013,273,1,98.27,115.527621,35.740237,388.71,0.00056040
2013,273,2,196.53,115.528707,35.740237,328.91,0.00082707
2013,273,3,294.80,115.529685,35.740423,313.96,-0.00031557
2013,273,4,393.07,115.530723,35.740507,358.81,-0.00052401
2013,273,5,491.34,115.531809,35.740507,358.81,0.00058224
2013,273,6,589.60,115.532836,35.740609,343.86,0.00019682
2013,273,7,687.87,115.533825,35.740776,358.81,-0.00082707
2013,273,8,786.14,115.534911,35.740776,388.71,-0.00049988
2013,273,9,884.41,115.535997,35.740776,358.81,0.00000000
2013,273,10,982.67,115.537084,35.740776,358.81,0.00000000
2013,273,11,1080.94,115.538170,35.740776,358.81,-0.00011735
2013,273,12,1179.21,115.539256,35.740776,358.81,-0.00082707
2013,273,13,1277.47,115.540319,35.740736,373.76,-0.00057936
2013,273,14,1375.74,115.541272,35.740507,388.71,-0.00000000
2013,273,15,1474.01,115.542358,35.740507,388.71,-0.00013036
2013,273,16,1572.28,115.543288,35.740237,448.52,0.00082707
2013,273,17,1670.54,115.544374,35.740237,478.42,0.00000000
2013,273,18,1768.81,115.545460,35.740237,448.52,-0.00082707
2013,273,19,1867.08,115.546390,35.739968,448.52,0.00000000
2013,273,20,1965.35,115.547476,35.739968,478.42,0.00000000
2013,273,21,2063.61,115.548405,35.739698,448.52,-0.00000000
2013,273,22,2161.88,115.549492,35.739698,478.42,-0.00000000
2013,273,23,2260.15,115.550421,35.739429,478.42,0.00000000
2013,273,24,2358.41,115.551507,35.739429,478.42,-0.00065339
2013,273,25,2456.68,115.552437,35.739159,478.42,-0.00000000
2013,273,26,2554.95,115.553409,35.738964,493.37,-0.00019721
2013,273,27,2653.22,115.554452,35.738890,478.42,-0.00091175
2013,273,28,2751.48,115.555278,35.738443,493.37,0.00140644
2013,273,29,2849.75,115.556311,35.738351,448.52,0.00173881
2013,273,30,2948.02,115.557397,35.738351,358.81,-0.00055584
2013,273,31,3046.29,115.558484,35.738351,328.91,-0.00173881
2013,273,32,3144.55,115.559413,35.738081,358.81,-0.00182350
2013,274,0,0.00,115.559413,35.738081,1121.29,-0.00367632
2013,274,1,99.37,115.560107,35.738775,538.22,-0.00606008
2013,274,2,198.74,115.561139,35.738890,254.16,-0.00729206
2013,274,3,298.11,115.561892,35.738297,478.42,-0.00387656
2013,274,4,397.48,115.562377,35.737542,508.32,-0.00161285
2013,275,0,0.00,115.559413,35.738081,418.61,0.00000000
2013,275,1,38.58,115.559682,35.737812,299.01,0.00000000
2013,275,2,77.16,115.559952,35.737542,269.11,0.00000000
2013,276,0,0.00,115.562377,35.737542,911.98,0.00000000
2013,276,1,19.29,115.562243,35.737407,852.18,0.00000000
2013,276,2,38.58,115.562108,35.737273,1181.09,0.00000000
2013,277,0,0.00,115.562377,35.737542,388.71,0.00114498
2013,277,1,99.26,115.563269,35.737189,373.76,0.00058546
2013,277,2,198.52,115.564258,35.737003,388.71,-0.00092703
2013,277,3,297.78,115.565152,35.736654,418.61,-0.00058546
2013,277,4,397.05,115.565981,35.736195,418.61,0.00092703
2013,277,5,496.31,115.566935,35.735949,388.71,0.00000000
2013,277,6,595.57,115.567862,35.735656,448.52,-0.00077827
2013,277,7,694.83,115.568719,35.735243,448.52,0.00058546
2013,277,8,794.09,115.569610,35.734891,433.57,0.00063012
2013,277,9,893.35,115.570601,35.734708,403.66,-0.00058546
2013,277,10,992.62,115.571466,35.734308,418.61,-0.00077888
2013,277,11,1091.88,115.572385,35.734003,418.61,-0.00023037
2013,277,12,1191.14,115.573189,35.733500,388.71,0.00087099
2013,277,13,1290.40,115.574129,35.733230,403.66,-0.00012417
2013,277,14,1389.66,115.575060,35.732944,388.71,-0.00110079
2013,277,15,1488.92,115.575853,35.732422,418.61,0.00035294
2013,277,16,1588.19,115.576744,35.732069,433.57,0.00051782
2013,277,17,1687.45,115.577636,35.731716,418.61,0.00000160
2013,277,18,1786.71,115.578516,35.731344,418.61,-0.00028802
2013,277,19,1885.97,115.579419,35.731010,418.61,-0.00058434
2013,277,20,1985.23,115.580240,35.730535,418.61,0.00000000
2013,277,21,2084.49,115.581104,35.730135,433.57,-0.00023929
2013,277,22,2183.75,115.581963,35.729727,418.61,-0.00004227
2013,277,23,2283.02,115.582747,35.729188,448.52,0.00046909
2013,277,24,2382.28,115.583680,35.728906,478.42,-0.00075547
2013,277,25,2481.54,115.584470,35.728379,418.61,-0.00021755
2013,277,26,2580.80,115.585265,35.727860,448.52,0.00000000
2013,277,27,2680.06,115.586157,35.727507,448.52,-0.00058020
2013,277,28,2779.32,115.586850,35.726814,418.61,0.00056794
2013,277,29,2878.59,115.587742,35.726461,448.52,-0.00053871
2013,277,30,2977.85,115.588534,35.725938,433.57,-0.00062000
2013,277,31,3077.11,115.589228,35.725245,448.52,0.00110665
2013,277,32,3176.37,115.590110,35.724876,388.71,0.00125958
2013,277,33,3275.63,115.590912,35.724369,388.71,0.00194723
2013,277,34,3374.89,115.591903,35.724186,328.91,0.00102355
2013,277,35,3474.16,115.592931,35.724067,299.01,-0.00079041
2013,277,36,3573.42,115.593871,35.723798,328.91,-0.00050630
2013,277,37,3672.68,115.594811,35.723528,269.11,0.00089266
2013,277,38,3771.94,115.595751,35.723259,269.11,0.00089266
2013,277,39,3871.20,115.596848,35.723259,209.31,-0.00000000
2013,277,40,3970.46,115.597789,35.722989,149.51,0.00159811
2013,277,41,4069.73,115.598886,35.722989,149.51,0.00442406
2013,277,42,4168.99,115.599830,35.723252,179.41,0.00210439
2013,277,43,4268.25,115.600315,35.724006,,-0.00260621
2013,277,44,4367.51,115.601376,35.724067,269.11,-0.00118965
2013,277,45,4466.77,115.602316,35.724337,254.16,0.00138452
2013,277,46,4566.03,115.603256,35.724606,299.01,0.00097565
2013,277,47,4665.29,115.604080,35.725076,284.06,0.00047325
2013,277,48,4764.56,115.604972,35.725429,299.01,0.00074912
2013,277,49,4863.82,115.605763,35.725954,328.91,-0.00023575
2013,277,50,4963.08,115.606557,35.726475,328.91,-0.00056794
2013,277,51,5062.34,115.607487,35.726762,313.96,0.00045114
2013,277,52,5161.60,115.608241,35.727351,358.81,0.00000000
2013,277,53,5260.86,115.609133,35.727704,358.81,0.00001263
2013,277,54,5360.13,115.609925,35.728227,373.76,0.00056794
2013,277,55,5459.39,115.610777,35.728649,373.76,0.00010567
2013,277,56,5558.65,115.611510,35.729273,343.86,-0.00056794
2013,277,57,5657.91,115.612402,35.729626,373.76,0.00022831
2013,277,58,5757.17,115.613195,35.730149,373.76,0.00056794
2013,277,59,5856.43,115.613987,35.730672,358.81,0.00000000
2013,277,60,5955.70,115.614780,35.731195,373.76,0.00000000
2013,277,61,6054.96,115.615572,35.731718,388.71,0.00053871
2013,277,62,6154.22,115.616365,35.732241,418.61,-0.00000000
2013,277,63,6253.48,115.617058,35.732934,418.61,-0.00124553
2013,277,64,6352.74,115.617950,35.733287,433.57,-0.00008118
2013,277,65,6452.00,115.618766,35.733769,388.71,0.00081023
2013,277,66,6551.26,115.619549,35.734308,418.61,-0.00040268
2013,277,67,6650.53,115.620333,35.734847,418.61,-0.00007455
2013,277,68,6749.79,115.621219,35.735209,448.52,0.00048385
2013,277,69,6849.05,115.621913,35.735902,448.52,-0.00002886
2013,277,70,6948.31,115.622804,35.736255,418.61,0.00053871
2013,277,71,7047.57,115.623498,35.736948,463.47,-0.00000000
2013,277,72,7146.83,115.624290,35.737471,448.52,-0.00109464
2013,277,73,7246.10,115.625083,35.737994,433.57,-0.00000000
2013,277,74,7345.36,115.625972,35.738351,448.52,0.00065934
2013,277,75,7444.62,115.626668,35.739040,448.52,0.00000000
2013,277,76,7543.88,115.627539,35.739429,448.52,0.00032616
2013,277,77,7643.14,115.628253,35.740087,478.42,-0.00028739
2013,277,78,7742.40,115.629045,35.740610,448.52,-0.00158185
2013,277,79,7841.67,115.629889,35.741046,448.52,-0.00143738
2013,277,80,7940.93,115.630829,35.741315,493.37,-0.00114498
2013,278,0,0.00,115.562108,35.737273,1181.09,-0.00146972
2013,278,1,92.49,115.561462,35.736627,672.77,-0.00518330
2013,278,2,184.97,115.560691,35.736195,194.36,-0.01027775
2013,278,3,277.46,115.559971,35.736714,568.12,-0.00799948
2013,278,4,369.94,115.559952,35.737542,1659.51,-0.00434034
2013,279,0,0.00,115.562108,35.737273,388.71,0.00372180
2013,279,1,69.74,115.561494,35.737542,328.91,0.00354048
2013,279,2,139.49,115.560723,35.737542,328.91,0.00167958
2013,279,3,209.23,115.559952,35.737542,418.61,0.00000000
2013,28,0,0.00,115.259196,35.435978,328.91,0.00443155
2013,28,1,75.59,115.258669,35.435451,299.01,0.00448995
2013,28,2,151.18,115.258657,35.434773,358.81,0.00232092
2013,28,3,226.77,115.258657,35.434091,612.97,0.00009350
2013,282,0,0.00,115.630829,35.741315,478.42,-0.00161950
2013,282,1,99.50,115.631315,35.742071,463.47,-0.00178375
2013,282,2,198.99,115.632070,35.742663,418.61,-0.00145316
2013,282,3,298.49,115.632856,35.743202,478.42,0.00002504
2013,282,4,397.99,115.633698,35.743645,433.57,0.00075538
2013,282,5,497.49,115.634393,35.744340,418.61,0.00025117
2013,282,6,596.98,115.635187,35.744865,433.57,-0.00053595
2013,282,7,696.48,115.635883,35.745560,448.52,-0.00110098
2013,282,8,795.98,115.636776,35.745915,463.47,0.00000000
2013,282,9,895.48,115.637570,35.746440,448.52,0.00056503
2013,282,10,994.97,115.638365,35.746964,448.52,0.00000000
2013,282,11,1094.47,115.639159,35.747489,478.42,-0.00000000
2013,282,12,1193.97,115.639953,35.748014,418.61,-0.00000000
2013,282,13,1293.46,115.640748,35.748539,448.52,-0.00000000
2013,282,14,1392.96,115.641542,35.749064,448.52,0.00000000
2013,282,15,1492.46,115.642336,35.749588,433.57,-0.00053063
2013,282,16,1591.96,115.643130,35.750113,433.57,-0.00000000
2013,282,17,1691.45,115.644018,35.750478,448.52,0.00049754
2013,282,18,1790.95,115.644719,35.751163,448.52,-0.00130612
2013,282,19,1890.45,115.645613,35.751517,433.57,-0.00064148
2013,282,20,1989.94,115.646533,35.751825,358.81,0.00050027
2013,282,21,2089.44,115.647319,35.752364,388.71,-0.00036096
2013,282,22,2188.94,115.648262,35.752634,358.81,0.00006123
2013,282,23,2288.44,115.649088,35.753106,343.86,0.00045773
2013,282,24,2387.93,115.649981,35.753460,343.86,-0.00012258
2013,282,25,2487.43,115.650778,35.753981,313.96,-0.00115075
2013,282,26,2586.93,115.651721,35.754251,299.01,-0.00086135
2013,282,27,2686.43,115.652664,35.754520,269.11,0.00001158
2013,282,28,2785.92,115.653607,35.754790,269.11,0.00088590
2013,282,29,2885.42,115.654548,35.755063,239.21,0.00115194
2013,282,30,2984.92,115.655342,35.755588,194.36,-0.00084930
2013,282,31,3084.41,115.656236,35.755942,209.31,-0.00141416
2013,282,32,3183.91,115.657222,35.756137,149.51,-0.00064169
2013,282,33,3283.41,115.658165,35.756407,179.41,-0.00063763
2013,282,34,3382.91,115.659214,35.756495,164.46,-0.00050567
2013,282,35,3482.40,115.660208,35.756676,179.41,0.00000000
2013,282,36,3581.90,115.661299,35.756693,164.46,0.00016928
2013,282,37,3681.40,115.662252,35.756946,239.21,-0.00080617
2013,282,38,3780.90,115.663352,35.756946,239.21,-0.00075296
2013,282,39,3880.39,115.664452,35.756946,299.01,0.00000000
2013,282,40,3979.89,115.665552,35.756946,328.91,0.00080617
2013,282,41,4079.39,115.666652,35.756946,328.91,0.00080617
2013,282,42,4178.88,115.667595,35.757215,358.81,-0.00051674
2013,282,43,4278.38,115.668695,35.757215,358.81,0.00000000
2013,282,44,4377.88,115.669737,35.757316,343.86,0.00106621
2013,282,45,4477.38,115.670739,35.757485,388.71,-0.00000000
2013,282,46,4576.87,115.671682,35.757754,418.61,-0.00054948
2013,282,47,4676.37,115.672782,35.757754,388.71,0.00000000
2013,282,48,4775.87,115.673725,35.758024,418.61,-0.00080617
2013,282,49,4875.36,115.674825,35.758024,418.61,-0.00080617
2013,282,50,4974.86,115.675925,35.758024,418.61,0.00080617
2013,282,51,5074.36,115.677025,35.758024,418.61,0.00080617
2013,282,52,5173.86,115.677968,35.758293,448.52,0.00027327
2013,282,53,5273.35,115.679068,35.758293,448.52,0.00088827
2013,282,54,5372.85,115.679962,35.758648,463.47,-0.00053817
2013,282,55,5472.35,115.680955,35.758832,478.42,-0.00111132
2013,282,56,5571.85,115.682055,35.758832,448.52,0.00026490
2013,282,57,5671.34,115.683039,35.759030,433.57,-0.00037927
2013,282,58,5770.84,115.684098,35.759102,478.42,-0.00080617
2013,282,59,5870.34,115.685198,35.759102,448.52,0.00024737
2013,282,60,5969.83,115.686298,35.759102,448.52,0.00080617
2013,282,61,6069.33,115.687308,35.759257,478.42,0.00072510
2013,282,62,6168.83,115.688341,35.759371,478.42,-0.00000000
2013,282,63,6268.33,115.689285,35.759641,448.52,-0.00117631
2013,282,64,6367.82,115.690385,35.759641,478.42,0.00000000
2013,282,65,6467.32,115.691485,35.759641,448.52,0.00080617
2013,282,66,6566.82,115.692428,35.759910,448.52,-0.00000000
2013,282,67,6666.31,115.693528,35.759910,448.52,0.00012819
2013,282,68,6765.81,115.694471,35.760180,463.47,0.00000000
2013,282,69,6865.31,115.695548,35.760220,433.57,0.00062403
2013,282,70,6964.81,115.696514,35.760449,403.66,-0.00000000
2013,282,71,7064.30,115.697457,35.760719,418.61,-0.00075222
2013,282,72,7163.80,115.698558,35.760719,418.61,0.00251236
2013,282,73,7263.30,115.699501,35.760988,478.42,0.00491897
2013,282,74,7362.80,115.700089,35.761688,433.57,0.00393506
2013,282,75,7462.29,115.700359,35.762507,328.91,0.00152845
2013,282,76,7561.79,115.700359,35.763404,179.41,-0.00067748
2013,282,77,7661.29,115.700628,35.764222,209.31,-0.00135495
2013,283,0,0.00,115.630829,35.741315,1794.06,-0.00185642
2013,283,1,72.82,115.631338,35.740806,1569.81,-0.00191186
2013,283,2,145.64,115.631637,35.740237,882.08,-0.00196730
2013,284,0,0.00,115.700628,35.764222,1480.10,0.00000000
2013,284,1,60.93,115.701302,35.764222,1420.30,0.00000000
2013,284,2,121.85,115.701976,35.764222,299.01,0.00000000
2013,285,0,0.00,115.700628,35.764222,179.41,-0.00134907
2013,285,1,99.70,115.700359,35.765043,209.31,-0.00067454
2013,285,2,199.39,115.700359,35.765941,254.16,-0.00000000
2013,285,3,299.09,115.700089,35.766761,284.06,-0.00000000
2013,285,4,398.78,115.700089,35.767660,299.01,-0.00063734
2013,285,5,498.48,115.699820,35.768480,328.91,-0.00069506
2013,285,6,598.17,115.700089,35.769301,328.91,0.00063734
2013,285,7,697.87,115.699843,35.770128,403.66,-0.00040007
2013,285,8,797.56,115.699820,35.771020,418.61,-0.00063734
2013,285,9,897.26,115.700033,35.771824,463.47,0.00128991
2013,285,10,996.95,115.699820,35.772660,478.42,0.00000000
2013,285,11,1096.65,115.699685,35.773520,493.37,-0.00078609
2013,285,12,1196.34,115.699820,35.774301,478.42,0.00063734
2013,285,13,1296.04,115.699666,35.775155,523.27,0.00022333
2013,285,14,1395.73,115.699550,35.776020,523.27,0.00000000
2013,285,15,1495.43,115.699550,35.776918,553.17,0.00104251
2013,285,16,1595.12,115.699281,35.777739,553.17,0.00000000
2013,285,17,1694.82,115.699011,35.778559,598.02,-0.00000000
2013,285,18,1794.51,115.699011,35.779458,612.97,0.00136391
2013,285,19,1894.21,115.698472,35.780200,627.92,-0.00067454
2013,285,20,1993.90,115.698203,35.781020,627.92,-0.00200125
2013,285,21,2093.60,115.698203,35.781919,702.67,-0.00063734
2013,285,22,2193.29,115.698203,35.782817,493.37,0.00000000
2013,286,0,0.00,115.698203,35.782817,1794.06,-0.00403580
2013,286,1,75.12,115.698926,35.783002,1270.79,-0.00433301
2013,286,2,150.24,115.699550,35.782817,777.43,-0.00463022
2013,287,0,0.00,115.698203,35.782817,717.63,-0.00867015
2013,287,1,34.24,115.697963,35.783056,687.72,-0.00878564
2013,287,2,68.47,115.697933,35.783356,672.77,-0.00890113
2013,288,0,0.00,115.697933,35.783356,911.98,0.00000000
2013,288,1,77.64,115.697291,35.783729,926.93,-0.00172877
2013,288,2,155.28,115.696650,35.784101,792.38,-0.00340510
2013,288,3,232.92,115.696316,35.784704,732.58,-0.00335266
2013,289,0,0.00,115.697933,35.783356,1076.44,-0.00105905
2013,289,1,96.54,115.698608,35.784031,1255.84,0.00057090
2013,289,2,193.07,115.699381,35.784535,747.53,0.00220945
2013,289,3,289.61,115.699638,35.785331,792.38,0.00180743
2013,289,4,386.14,115.700089,35.786070,747.53,0.00254146
2013,289,5,482.68,115.700089,35.786940,523.27,0.00116271
2013,289,6,579.22,115.699820,35.787732,493.37,-0.00068035
2013,289,7,675.75,115.700089,35.788524,448.52,0.00068035
2013,289,8,772.29,115.699820,35.789316,508.32,0.00083455
2013,289,9,868.83,115.699820,35.790186,478.42,0.00141550
2013,289,10,965.36,115.699491,35.790961,463.47,0.00106634
2013,289,11,1061.90,115.699026,35.791696,508.32,-0.00132401
2013,289,12,1158.43,115.698769,35.792492,478.42,-0.00042494
2013,289,13,1254.97,115.698721,35.793348,433.57,0.00112906
2013,289,14,1351.51,115.698203,35.794067,448.52,0.00134314
2013,289,15,1448.04,115.697999,35.794878,762.48,0.00228297
2013,289,16,1544.58,115.697225,35.795383,911.98,0.00125148
2013,289,17,1641.12,115.696531,35.796023,882.08,0.00022033
2013,289,18,1737.65,115.695777,35.796562,897.03,0.00066724
2013,29,0,0.00,115.259196,35.435978,1794.06,0.00000000
2013,29,1,90.15,115.259825,35.435349,1614.66,0.00000000
2013,29,2,180.31,115.260454,35.434720,852.18,0.00000000
2013,29,3,270.46,115.261082,35.434091,1091.39,0.00000000
2013,290,0,0.00,115.696316,35.784704,598.02,-0.00261836
2013,290,1,87.35,115.695777,35.785193,538.22,-0.00246681
2013,290,2,174.69,115.695508,35.785902,538.22,-0.00204257
2013,290,3,262.04,115.695238,35.786611,508.32,-0.00171901
2013,290,4,349.39,115.695238,35.787399,493.37,-0.00166816
2013,291,0,0.00,115.696316,35.784704,1061.49,-0.00000000
2013,291,1,94.56,115.696977,35.785364,1076.44,0.00024525
2013,291,2,189.11,115.697637,35.786025,1046.54,0.00294148
2013,291,3,283.67,115.698203,35.786713,553.17,0.00772994
2013,291,4,378.22,115.697864,35.787468,583.07,0.00735458
2013,291,5,472.78,115.696935,35.787668,897.03,0.00206244
2013,291,6,567.33,115.696047,35.787938,897.03,-0.00051686
2013,292,0,0.00,115.695777,35.796562,1794.06,0.00187930
2013,292,1,92.37,115.694755,35.796562,1794.06,0.00197796
2013,292,2,184.73,115.693891,35.796292,1599.71,0.00207662
2013,293,0,0.00,115.695777,35.796562,986.73,0.00000000
2013,293,1,95.86,115.696447,35.797231,926.93,0.00176110
2013,293,2,191.72,115.697117,35.797901,792.38,0.00354642
2013,293,3,287.58,115.697125,35.798763,762.48,0.00322575
2013,293,4,383.43,115.697125,35.799627,523.27,0.00291592
2013,293,5,479.29,115.696586,35.800334,807.33,0.00295099
2013,294,0,0.00,115.695238,35.787399,1674.46,0.00439852
2013,294,1,50.75,115.695692,35.787583,1450.20,0.00418298
2013,294,2,101.51,115.696047,35.787938,1076.44,0.00396744
2013,295,0,0.00,115.695238,35.787399,493.37,-0.00153398
2013,295,1,93.65,115.694969,35.788165,448.52,-0.00076699
2013,295,2,187.29,115.694969,35.789009,448.52,0.00056059
2013,295,3,280.94,115.694699,35.789774,478.42,0.00076699
2013,295,4,374.58,115.694501,35.790561,493.37,-0.00036002
2013,295,5,468.23,115.694160,35.791306,478.42,-0.00076699
2013,295,6,561.87,115.694160,35.792150,418.61,-0.00020057
2013,295,7,655.52,115.693891,35.792916,418.61,-0.00072376
2013,295,8,749.16,115.693891,35.793760,493.37,-0.00072376
2013,295,9,842.81,115.693891,35.794604,672.77,0.00000000
2013,295,10,936.45,115.693891,35.795448,717.63,0.00000000
2013,295,11,1030.10,115.693891,35.796292,747.53,0.00000000
2013,297,0,0.00,115.696047,35.787938,1076.44,-0.00000000
2013,297,1,75.79,115.696576,35.788467,762.48,-0.00281450
2013,297,2,151.58,115.697106,35.788997,1794.06,-0.00566774
2013,297,3,227.37,115.697933,35.789016,657.82,-0.00570649
2013,299,0,0.00,115.693891,35.796292,717.63,0.00000000
2013,299,1,83.42,115.693621,35.796966,717.63,0.00000000
2013,299,2,166.84,115.693352,35.797639,687.72,0.00000000
2013,3,0,0.00,115.269437,35.452686,642.87,-0.00045858
2013,3,1,96.32,115.269437,35.451818,553.17,-0.00068660
2013,3,2,192.64,115.269344,35.450977,523.27,-0.00093247
2013,3,3,288.95,115.269167,35.450161,388.71,-0.00029055
2013,3,4,385.27,115.268898,35.449371,358.81,-0.00025233
2013,3,5,481.59,115.268789,35.448535,343.86,-0.00150123
2013,3,6,577.91,115.268359,35.447793,328.91,-0.00146917
2013,3,7,674.23,115.267862,35.447069,373.76,-0.00000000
2013,3,8,770.55,115.267281,35.446371,373.76,0.00072709
2013,3,9,866.86,115.266936,35.445604,373.76,0.00000000
2013,3,10,963.18,115.266472,35.444871,448.52,-0.00064441
2013,30,0,0.00,115.261082,35.434091,328.91,-0.00369315
2013,30,1,53.59,115.260917,35.433657,568.12,-0.00358583
2013,30,2,107.17,115.260543,35.433283,553.17,-0.00347851
2013,300,0,0.00,115.696586,35.800334,373.76,0.00163872
2013,300,1,99.00,115.696586,35.801227,358.81,0.00294637
2013,300,2,197.99,115.696247,35.802021,493.37,0.00152185
2013,300,3,296.99,115.695508,35.802557,627.92,-0.00091715
2013,300,4,395.99,115.695391,35.803416,627.92,0.00111145
2013,300,5,494.98,115.694699,35.804107,702.67,0.00284688
2013,301,0,0.00,115.696586,35.800334,911.98,-0.00000000
2013,301,1,86.88,115.695879,35.799898,508.32,0.00071201
2013,301,2,173.76,115.695173,35.799461,956.83,0.00136871
2013,301,3,260.64,115.694566,35.798854,926.93,0.00065671
2013,301,4,347.52,115.693959,35.798247,956.83,0.00000000
2013,301,5,434.41,115.693352,35.797639,1061.49,0.00000000
2013,303,0,0.00,115.693352,35.797639,583.07,-0.00000000
2013,303,1,77.14,115.692813,35.798178,822.28,-0.00000000
2013,303,2,154.27,115.692274,35.798717,508.32,-0.00000000
2013,304,0,0.00,115.694699,35.804107,523.27,0.00000000
2013,304,1,97.03,115.694699,35.804982,493.37,0.00000000
2013,304,2,194.06,115.694699,35.805856,448.52,0.00000000
2013,304,3,291.08,115.694699,35.806731,388.71,-0.00067311
2013,304,4,388.11,115.694699,35.807605,373.76,-0.00067311
2013,304,5,485.14,115.694969,35.808402,373.76,0.00067311
2013,304,6,582.17,115.694969,35.809276,328.91,0.00033010
2013,304,7,679.19,115.694969,35.810151,299.01,-0.00067311
2013,304,8,776.22,115.695109,35.810985,299.01,-0.00066950
2013,304,9,873.25,115.695238,35.811821,299.01,0.00000000
2013,304,10,970.28,115.695508,35.812618,269.11,0.00033941
2013,304,11,1067.30,115.695508,35.813492,284.06,-0.00071278
2013,304,12,1164.33,115.695777,35.814289,269.11,-0.00053893
2013,304,13,1261.36,115.696047,35.815085,269.11,0.00071278
2013,304,14,1358.39,115.696251,35.815900,284.06,0.00105481
2013,304,15,1455.41,115.696316,35.816756,269.11,0.00000000
2013,304,16,1552.44,115.696316,35.817630,328.91,-0.00122866
2013,304,17,1649.47,115.696586,35.818427,328.91,-0.00071278
2013,304,18,1746.50,115.696855,35.819223,328.91,0.00071278
2013,304,19,1843.53,115.697125,35.820020,358.81,0.00071278
2013,304,20,1940.55,115.697125,35.820894,373.76,-0.00000000
2013,304,21,2037.58,115.697394,35.821691,373.76,0.00000000
2013,304,22,2134.61,115.697394,35.822565,373.76,0.00000000
2013,304,23,2231.64,115.697664,35.823361,373.76,-0.00000000
2013,304,24,2328.66,115.697664,35.824236,433.57,-0.00000000
2013,304,25,2425.69,115.697933,35.825032,418.61,0.00060531
2013,304,26,2522.72,115.697933,35.825907,433.57,-0.00000000
2013,304,27,2619.75,115.697961,35.826773,433.57,-0.00124255
2013,304,28,2716.77,115.698203,35.827578,433.57,-0.00071278
2013,304,29,2813.80,115.698472,35.828374,448.52,-0.00007554
2013,304,30,2910.83,115.698742,35.829170,448.52,0.00000000
2013,305,0,0.00,115.694699,35.804107,822.28,0.00000000
2013,305,1,88.43,115.693982,35.803660,463.47,0.00131953
2013,305,2,176.85,115.693265,35.803212,732.58,0.00379026
2013,305,3,265.28,115.692856,35.802534,598.02,0.00373962
2013,305,4,353.71,115.692813,35.801749,299.01,0.00139463
2013,305,5,442.14,115.692813,35.800952,328.91,-0.00068755
2013,305,6,530.56,115.692813,35.800155,672.77,-0.00167599
2013,305,7,618.99,115.692543,35.799436,777.43,-0.00086270
2013,305,8,707.42,115.692274,35.798717,837.23,0.00000000
2013,306,0,0.00,115.692274,35.798717,1300.70,-0.00122570
2013,306,1,79.17,115.691522,35.798930,1136.24,0.00179869
2013,306,2,158.34,115.690836,35.799256,627.92,0.00544904
2013,306,3,237.51,115.690118,35.798987,971.78,0.00607501
2013,308,0,0.00,115.698742,35.829170,1794.06,0.00354244
2013,308,1,67.98,115.699494,35.829170,1240.89,0.00373263
2013,308,2,135.97,115.700089,35.829440,732.58,0.00392281
2013,309,0,0.00,115.698742,35.829170,463.47,-0.00335280
2013,309,1,88.40,115.698472,35.829889,448.52,-0.00335280
2013,309,2,176.80,115.698742,35.830608,448.52,-0.00167640
2013,309,3,265.20,115.699011,35.831326,358.81,0.00000000
2013,310,0,0.00,115.699011,35.831326,1794.06,0.00000000
2013,310,1,85.23,115.699954,35.831326,1794.06,0.00000000
2013,310,2,170.45,115.700898,35.831326,837.23,0.00000000
2013,311,0,0.00,115.699011,35.831326,358.81,-0.00142506
2013,311,1,97.03,115.698742,35.832123,403.66,-0.00214246
2013,311,2,194.05,115.698742,35.832997,373.76,-0.00205831
2013,311,3,291.08,115.699044,35.833784,388.71,0.00016770
2013,311,4,388.10,115.699281,35.834590,388.71,0.00071253
2013,311,5,485.13,115.699281,35.835464,373.76,-0.00038690
2013,311,6,582.16,115.699550,35.836261,358.81,-0.00000000
2013,311,7,679.18,115.699666,35.837102,388.71,-0.00009892
2013,311,8,776.21,115.699820,35.837932,358.81,-0.00071253
2013,311,9,873.24,115.700089,35.838728,358.81,-0.00031027
2013,311,10,970.26,115.700359,35.839525,358.81,-0.00000000
2013,311,11,1067.29,115.700628,35.840321,299.01,0.00000000
2013,311,12,1164.31,115.700898,35.841117,299.01,0.00000000
2013,311,13,1261.34,115.701167,35.841914,328.91,-0.00067526
2013,311,14,1358.37,115.701437,35.842710,358.81,-0.00120779
2013,311,15,1455.39,115.701956,35.843434,343.86,-0.00094318
2013,311,16,1552.42,115.702425,35.844173,313.96,-0.00041065
2013,311,17,1649.45,115.703104,35.844851,194.36,-0.00000000
2013,311,18,1746.47,115.703573,35.845590,209.31,-0.00051760
2013,311,19,1843.50,115.704251,35.846268,239.21,-0.00104147
2013,311,20,1940.52,115.704929,35.846946,224.26,-0.00108847
2013,311,21,2037.55,115.705706,35.847454,269.11,-0.00114251
2013,311,22,2134.58,115.706484,35.847962,284.06,-0.00120725
2013,311,23,2231.60,115.707358,35.848304,313.96,-0.00015059
2013,311,24,2328.63,115.708237,35.848637,403.66,0.00120270
2013,311,25,2425.66,115.709034,35.849113,418.61,0.00000000
2013,311,26,2522.68,115.709793,35.849652,403.66,-0.00169456
2013,311,27,2619.71,115.710710,35.849921,388.71,-0.00190720
2013,311,28,2716.73,115.711626,35.850191,358.81,-0.00263473
2013,311,29,2813.76,115.712700,35.850191,388.71,-0.00239164
2013,311,30,2910.79,115.713617,35.849921,239.21,-0.00093659
2013,311,31,3007.81,115.714573,35.849720,194.36,-0.00073495
2013,311,32,3104.84,115.715450,35.849382,209.31,-0.00098372
2013,312,0,0.00,115.715450,35.849382,911.98,-0.00368940
2013,312,1,53.51,115.715615,35.849817,463.47,-0.00358303
2013,312,2,107.02,115.715989,35.850191,583.07,-0.00347666
2013,313,0,0.00,115.715450,35.849382,209.31,-0.00164330
2013,313,1,95.09,115.716188,35.848843,194.36,-0.00067076
2013,313,2,190.19,115.716670,35.848163,224.26,0.00054584
2013,313,3,285.28,115.717434,35.847668,239.21,-0.00015089
2013,313,4,380.37,115.718098,35.847004,328.91,-0.00000000
2013,313,5,475.46,115.718763,35.846339,388.71,0.00113475
2013,313,6,570.56,115.719527,35.845845,418.61,0.00058891
2013,313,7,665.65,115.720291,35.845350,478.42,0.00062104
2013,313,8,760.74,115.721055,35.844856,538.22,0.00125860
2013,313,9,855.83,115.721918,35.844532,553.17,0.00127513
2013,314,0,0.00,115.721918,35.844532,583.07,0.00207798
2013,314,1,94.87,115.722188,35.843755,598.02,0.00208940
2013,314,2,189.74,115.722826,35.843084,598.02,0.00111194
2013,314,3,284.61,115.723489,35.842421,642.87,0.00006153
2013,314,4,379.48,115.724152,35.841758,642.87,0.00000000
2013,314,5,474.36,115.724815,35.841095,642.87,-0.00054175
2013,314,6,569.23,115.725478,35.840432,642.87,0.00000000
2013,314,7,664.10,115.725932,35.839709,672.77,0.00109022
2013,314,8,758.97,115.726695,35.839216,702.67,0.00054847
2013,314,9,853.84,115.727358,35.838553,657.82,0.00000000
2013,314,10,948.71,115.728120,35.838060,627.92,-0.00054847
2013,314,11,1043.58,115.728783,35.837397,672.77,-0.00054847
2013,314,12,1138.45,115.729446,35.836734,687.72,0.00000000
2013,314,13,1233.32,115.730109,35.836071,672.77,0.00000000
2013,314,14,1328.20,115.730772,35.835408,687.72,-0.00054175
2013,314,15,1423.07,115.731435,35.834745,672.77,-0.00111194
2013,314,16,1517.94,115.731889,35.834021,717.63,-0.00114039
2013,315,0,0.00,115.721918,35.844532,1794.06,0.00212271
2013,315,1,97.05,115.722596,35.845210,1270.79,-0.00208965
2013,315,2,194.11,115.722857,35.846009,897.03,-0.00886059
2013,315,3,291.16,115.723535,35.845610,523.27,-0.01141917
2013,316,0,0.00,115.731889,35.834021,1225.94,0.00000000
2013,316,1,24.35,115.732159,35.834021,1196.04,0.00000000
2013,316,2,48.70,115.732428,35.834021,1225.94,0.00000000
2013,317,0,0.00,115.731889,35.834021,1136.24,0.00561204
2013,317,1,49.18,115.731620,35.833656,717.63,0.00550055
2013,317,2,98.37,115.731620,35.833213,882.08,0.00538907
2013,318,0,0.00,115.732428,35.834021,852.18,0.00463172
2013,318,1,81.17,115.733095,35.833624,941.88,0.00595595
2013,318,2,162.35,115.733762,35.833738,971.78,0.00287085
2013,318,3,243.52,115.734494,35.834021,717.63,-0.00206549
2013,318,4,324.69,115.735393,35.834021,971.78,-0.00259252
2013,319,0,0.00,115.732428,35.834021,1091.39,0.00000000
2013,319,1,91.64,115.733069,35.834662,1794.06,-0.00108724
2013,319,2,183.28,115.733709,35.835302,1644.56,-0.00393755
2013,319,3,274.92,115.734527,35.835638,717.63,-0.00787211
2013,319,4,366.57,115.735487,35.835544,747.53,-0.00974845
2013,319,5,458.21,115.735662,35.834769,777.43,-0.00600994
2013,319,6,549.85,115.735393,35.834021,1136.24,-0.00256658
2013,32,0,0.00,115.288301,35.471282,403.66,-0.00312007
2013,32,1,99.10,115.288575,35.472095,328.91,-0.00260469
2013,32,2,198.19,115.289366,35.472615,358.81,-0.00104466
2013,32,3,297.29,115.290057,35.473307,358.81,-0.00000000
2013,32,4,396.39,115.290847,35.473827,358.81,-0.00054154
2013,32,5,495.49,115.291539,35.474519,418.61,-0.00054154
2013,32,6,594.58,115.292428,35.474869,403.66,0.00000000
2013,32,7,693.68,115.293119,35.475560,418.61,-0.00057083
2013,32,8,792.78,115.294008,35.475910,433.57,0.00054154
2013,32,9,891.88,115.294798,35.476431,448.52,0.00059526
2013,32,10,990.97,115.295490,35.477122,448.52,-0.00054154
2013,32,11,1090.07,115.296374,35.477480,448.52,0.00049412
2013,32,12,1189.17,115.297070,35.478164,478.42,0.00051246
2013,32,13,1288.27,115.297860,35.478685,448.52,-0.00081689
2013,32,14,1387.36,115.298557,35.479366,493.37,-0.00222598
2013,32,15,1486.46,115.299493,35.479636,508.32,-0.00141518
2013,32,16,1585.56,115.300429,35.479905,553.17,0.00000000
2013,320,0,0.00,115.731620,35.833213,1794.06,0.00208936
2013,320,1,72.39,115.731015,35.832877,1794.06,0.00199895
2013,320,2,144.77,115.730509,35.832371,1151.19,0.00095427
2013,320,3,217.16,115.730003,35.831865,1061.49,0.00000000
2013,321,0,0.00,115.731620,35.833213,792.38,-0.00000000
2013,321,1,96.41,115.732294,35.832539,508.32,-0.00000000
2013,321,2,192.81,115.732967,35.831865,239.21,-0.00000000
2013,323,0,0.00,115.735393,35.834021,792.38,-0.00152428
2013,323,1,83.42,115.735767,35.833378,523.27,-0.00151915
2013,323,2,166.83,115.735932,35.832674,897.03,-0.00151401
2013,324,0,0.00,115.730003,35.831865,583.07,0.00117396
2013,324,1,94.04,115.729764,35.831087,627.92,0.00114807
2013,324,2,188.07,115.729733,35.830248,418.61,0.00112218
2013,325,0,0.00,115.730003,35.831865,867.13,0.00373079
2013,325,1,69.67,115.729389,35.832135,1001.69,0.00354881
2013,325,2,139.34,115.728618,35.832135,837.23,0.00168341
2013,325,3,209.01,115.727847,35.832135,747.53,0.00000000
2013,326,0,0.00,115.732967,35.831865,598.02,0.00000000
2013,326,1,69.77,115.732967,35.831236,508.32,0.00000000
2013,326,2,139.54,115.732967,35.830608,568.12,0.00000000
2013,326,3,209.31,115.732967,35.829979,373.76,0.00000000
2013,327,0,0.00,115.732967,35.831865,867.13,-0.00298520
2013,327,1,77.62,115.733669,35.832135,1644.56,-0.00283842
2013,327,2,155.24,115.734528,35.832135,433.57,0.00149260
2013,327,3,232.87,115.735387,35.832135,1106.34,0.00568399
2013,327,4,310.49,115.735932,35.832674,1794.06,0.00569114
2013,328,0,0.00,115.735932,35.832674,687.72,-0.00000000
2013,328,1,19.28,115.736067,35.832539,672.77,-0.00000000
2013,328,2,38.56,115.736201,35.832404,358.81,-0.00000000
2013,329,0,0.00,115.736201,35.832404,911.98,0.00000000
2013,329,1,59.80,115.736201,35.831865,583.07,0.00000000
2013,329,2,119.61,115.736201,35.831326,523.27,0.00000000
2013,33,0,0.00,115.288301,35.471282,1794.06,-0.00115128
2013,33,1,92.21,115.288945,35.470638,1091.39,-0.00118222
2013,33,2,184.42,115.289379,35.469934,762.48,-0.00121316
2013,330,0,0.00,115.736201,35.832404,478.42,-0.00145446
2013,330,1,86.23,115.737102,35.832312,388.71,-0.00442134
2013,330,2,172.45,115.737903,35.832050,373.76,-0.00646900
2013,330,3,258.68,115.738088,35.831326,343.86,-0.00554980
2013,332,0,0.00,115.732967,35.829979,657.82,0.00354249
2013,332,1,67.98,115.732215,35.829979,1270.79,0.00373268
2013,332,2,135.97,115.731620,35.829709,837.23,0.00392287
2013,333,0,0.00,115.732967,35.829979,358.81,0.00204343
2013,333,1,70.02,115.733457,35.829490,343.86,0.00214208
2013,333,2,140.04,115.734045,35.829170,807.33,0.00224072
2013,334,0,0.00,115.736201,35.831326,762.48,-0.00000000
2013,334,1,77.13,115.736740,35.830787,388.71,-0.00000000
2013,334,2,154.25,115.737279,35.830248,358.81,-0.00000000
2013,335,0,0.00,115.736201,35.831326,1061.49,0.00000000
2013,335,1,77.13,115.735662,35.830787,822.28,0.00000000
2013,335,2,154.25,115.735123,35.830248,956.83,-0.00000000
2013,335,3,231.38,115.734584,35.829709,1061.49,-0.00000000
2013,335,4,308.50,115.734045,35.829170,1121.29,0.00000000
2013,336,0,0.00,115.738088,35.831326,373.76,-0.00890468
2013,336,1,43.63,115.738571,35.831326,403.66,-0.00909360
2013,336,2,87.26,115.738896,35.831057,343.86,-0.00928251
2013,337,0,0.00,115.738088,35.831326,1240.89,-0.00196706
2013,337,1,72.79,115.737788,35.830757,792.38,-0.00191171
2013,337,2,145.59,115.737279,35.830248,956.83,-0.00185637
2013,338,0,0.00,115.734045,35.829170,403.66,0.00313164
2013,338,1,64.13,115.734045,35.828592,373.76,0.00322480
2013,338,2,128.27,115.734315,35.828092,328.91,0.00331797
2013,34,0,0.00,115.258657,35.434091,418.61,0.01004837
2013,34,1,46.50,115.258234,35.433938,553.17,0.00980513
2013,34,2,93.01,115.258118,35.433552,568.12,0.00956189
2013,340,0,0.00,115.737279,35.830248,388.71,0.00164432
2013,340,1,94.37,115.738166,35.829979,403.66,0.00189175
2013,340,2,188.74,115.738896,35.829979,299.01,0.00213918
2013,342,0,0.00,115.737279,35.830248,553.17,0.00216790
2013,342,1,79.09,115.737010,35.829614,598.02,0.00210470
2013,342,2,158.17,115.737010,35.828901,433.57,0.00204150
2013,343,0,0.00,115.738896,35.831057,373.76,-0.00199163
2013,343,1,74.73,115.739566,35.830787,343.86,-0.00427347
2013,343,2,149.46,115.740139,35.830353,313.96,-0.00556500
2013,343,3,224.19,115.740244,35.829709,373.76,-0.00457470
2013,344,0,0.00,115.738896,35.831057,493.37,0.00000000
2013,344,1,59.80,115.738896,35.830518,568.12,0.00000000
2013,344,2,119.61,115.738896,35.829979,373.76,0.00000000
2013,345,0,0.00,115.734315,35.828092,926.93,-0.00000000
2013,345,1,75.70,115.735043,35.827904,403.66,-0.00284819
2013,345,2,151.40,115.735770,35.827715,239.21,-0.00651616
2013,345,3,227.10,115.736090,35.827125,254.16,-0.00457770
2013,345,4,302.80,115.736201,35.826475,463.47,-0.00181947
2013,346,0,0.00,115.734315,35.828092,598.02,0.00328688
2013,346,1,89.26,115.734045,35.827366,478.42,0.00479586
2013,346,2,178.53,115.734315,35.826640,269.11,0.00701690
2013,346,3,267.79,115.734944,35.826206,388.71,0.00564618
2013,346,4,357.06,115.735932,35.826206,448.52,0.00356339
2013,348,0,0.00,115.738896,35.829979,254.16,0.00727101
2013,348,1,82.19,115.739491,35.829440,269.11,0.00762118
2013,348,2,164.39,115.740244,35.829709,508.32,0.00797135
2013,35,0,0.00,115.258657,35.434091,1300.70,0.00564829
2013,35,1,71.27,115.259154,35.433594,1794.06,0.00433317
2013,35,2,142.53,115.259915,35.433552,747.53,-0.00000000
2013,35,3,213.80,115.260543,35.433283,1584.76,-0.00301806
2013,350,0,0.00,115.740244,35.829709,313.96,-0.00000000
2013,350,1,87.16,115.740952,35.829270,269.11,-0.00013065
2013,350,2,174.32,115.741661,35.828831,284.06,-0.00041559
2013,350,3,261.49,115.742351,35.828362,448.52,-0.00275303
2013,350,4,348.65,115.742939,35.827913,299.01,-0.00486421
2013,350,5,435.81,115.742939,35.827284,508.32,-0.00479224
2013,351,0,0.00,115.735932,35.826206,956.83,0.00000000
2013,351,1,19.28,115.736067,35.826341,986.73,0.00000000
2013,351,2,38.56,115.736201,35.826475,1016.64,0.00000000
2013,352,0,0.00,115.736201,35.826475,448.52,0.00000000
2013,352,1,36.53,115.736606,35.826475,523.27,0.00000000
2013,352,2,73.06,115.737010,35.826475,508.32,0.00000000
2013,353,0,0.00,115.735932,35.826206,1091.39,0.00266183
2013,353,1,96.37,115.735662,35.825415,926.93,0.00638639
2013,353,2,192.74,115.735904,35.824617,299.01,0.01096132
2013,353,3,289.11,115.736875,35.824724,986.73,0.00777227
2013,353,4,385.48,115.737549,35.825397,986.73,0.00373285
2013,354,0,0.00,115.742939,35.827284,538.22,0.00636098
2013,354,1,95.16,115.741886,35.827284,508.32,0.00748012
2013,354,2,190.32,115.741591,35.826525,926.93,0.00507297
2013,354,3,285.48,115.741591,35.825667,1375.45,0.00154667
2013,355,0,0.00,115.742939,35.827284,463.47,0.00000000
2013,355,1,68.47,115.743208,35.826745,882.08,0.00000000
2013,355,2,136.93,115.743478,35.826206,1001.69,0.00000000
2013,356,0,0.00,115.737010,35.826475,1091.39,-0.00188926
2013,356,1,74.24,115.737320,35.827055,702.67,-0.00183645
2013,356,2,148.48,115.737838,35.827574,687.72,-0.00089182
2013,356,3,222.72,115.738357,35.828092,717.63,0.00000000
2013,357,0,0.00,115.737010,35.826475,328.91,0.00000000
2013,357,1,38.56,115.737279,35.826206,313.96,0.00000000
2013,357,2,77.13,115.737549,35.825936,239.21,0.00000000
2013,358,0,0.00,115.737549,35.825397,1091.39,0.00000000
2013,358,1,29.90,115.737549,35.825667,1166.14,0.00000000
2013,358,2,59.80,115.737549,35.825936,1196.04,0.00000000
2013,359,0,0.00,115.737549,35.825397,328.91,0.00216010
2013,359,1,90.65,115.738395,35.825128,239.21,0.00303363
2013,359,2,181.30,115.739398,35.825128,299.01,0.00303363
2013,359,3,271.94,115.740244,35.825397,493.37,0.00216010
2013,36,0,0.00,115.260543,35.433283,687.72,-0.00270561
2013,36,1,98.44,115.260543,35.432396,388.71,-0.00276181
2013,36,2,196.88,115.260004,35.431666,343.86,-0.00281802
2013,360,0,0.00,115.741591,35.825667,388.71,0.00000000
2013,360,1,71.53,115.742383,35.825667,627.92,0.00380067
2013,360,2,143.05,115.743174,35.825667,627.92,0.00797619
2013,360,3,214.58,115.743478,35.826206,553.17,0.00835103
2013,361,0,0.00,115.741591,35.825667,418.61,-0.00392246
2013,361,1,67.99,115.740996,35.825397,418.61,-0.00373229
2013,361,2,135.97,115.740244,35.825397,358.81,-0.00354213
2013,363,0,0.00,115.743478,35.826206,493.37,0.00401041
2013,363,1,91.76,115.744336,35.825936,448.52,0.00295767
2013,363,2,183.53,115.745194,35.826206,358.81,0.00000000
2013,363,3,275.29,115.746210,35.826206,328.91,-0.00095247
2013,363,4,367.05,115.747225,35.826206,269.11,0.00000000
2013,363,5,458.82,115.748241,35.826206,239.21,0.00136039
2013,363,6,550.58,115.749256,35.826206,149.51,0.00448302
2013,363,7,642.34,115.750052,35.826582,194.36,0.00466501
2013,363,8,734.11,115.750485,35.827284,313.96,0.00308476
2013,364,0,0.00,115.738357,35.828092,373.76,-0.00500223
2013,364,1,67.65,115.739029,35.827960,328.91,-0.00736393
2013,364,2,135.30,115.739501,35.827487,373.76,-0.00819147
2013,364,3,202.96,115.739435,35.827014,732.58,-0.00665731
2013,365,0,0.00,115.738357,35.828092,373.76,0.00396852
2013,365,1,50.74,115.738003,35.828447,313.96,0.00418425
2013,365,2,101.48,115.737549,35.828631,388.71,0.00439998
2013,367,0,0.00,115.737549,35.825936,1046.54,-0.00363603
2013,367,1,75.77,115.738078,35.826466,612.97,-0.00281543
2013,367,2,151.54,115.738806,35.826655,433.57,0.00000000
2013,367,3,227.31,115.739435,35.827014,642.87,0.00199483
2013,369,0,0.00,115.740244,35.825397,911.98,-0.00331807
2013,369,1,64.13,115.739974,35.825897,1121.29,-0.00322490
2013,369,2,128.27,115.739974,35.826475,1016.64,-0.00313173
2013,370,0,0.00,115.750485,35.827284,284.06,0.00257407
2013,370,1,94.08,115.751341,35.827601,269.11,0.00128704
2013,370,2,188.15,115.751998,35.828258,209.31,0.00000000
2013,370,3,282.23,115.752854,35.828576,239.21,0.00116046
2013,370,4,376.30,115.753512,35.829233,224.26,0.00171160
2013,370,5,470.38,115.754169,35.829890,254.16,0.00113136
2013,370,6,564.45,115.754617,35.830608,299.01,0.00058022
2013,370,7,658.53,115.755066,35.831326,284.06,0.00000000
2013,371,0,0.00,115.750485,35.827284,1240.89,0.00573696
2013,371,1,75.09,115.749960,35.827809,194.36,0.00576718
2013,371,2,150.18,115.749137,35.827823,164.46,0.00579741
2013,373,0,0.00,115.739435,35.827014,433.57,-0.00000000
2013,373,1,38.56,115.739705,35.826745,269.11,-0.00000000
2013,373,2,77.13,115.739974,35.826475,493.37,-0.00000000
2013,375,0,0.00,115.739974,35.826475,433.57,-0.00000000
2013,375,1,57.84,115.740379,35.826880,732.58,-0.00000000
2013,375,2,115.69,115.740783,35.827284,418.61,-0.00000000
2013,376,0,0.00,115.755066,35.831326,568.12,0.00000000
2013,376,1,77.12,115.754527,35.831865,702.67,0.00000000
2013,376,2,154.25,115.753988,35.832404,777.43,0.00000000
2013,377,0,0.00,115.755066,35.831326,328.91,0.00138838
2013,377,1,96.97,115.755744,35.832004,328.91,0.00106337
2013,377,2,193.93,115.756144,35.832762,299.01,0.00074570
2013,377,3,290.90,115.756681,35.833480,269.11,0.00056123
2013,377,4,387.87,115.756941,35.834279,239.21,-0.00006280
2013,377,5,484.84,115.757409,35.835017,284.06,0.00029079
2013,377,6,581.80,115.757761,35.835789,299.01,0.00003139
2013,377,7,678.77,115.758030,35.836585,328.91,-0.00058071
2013,377,8,775.74,115.758569,35.837303,328.91,0.00011559
2013,377,9,872.70,115.758866,35.838091,328.91,0.00014774
2013,377,10,969.67,115.759335,35.838829,328.91,0.00121454
2013,377,11,1066.64,115.759647,35.839613,328.91,0.00084775
2013,377,12,1163.60,115.759647,35.840487,343.86,-0.00133013
2013,377,13,1260.57,115.760114,35.841225,373.76,-0.00038837
2013,377,14,1357.54,115.760456,35.842000,373.76,0.00144151
2013,377,15,1454.51,115.760725,35.842796,373.76,0.00090819
2013,377,16,1551.47,115.760725,35.843670,448.52,0.00000000
2013,377,17,1648.44,115.760995,35.844466,448.52,0.00067377
2013,377,18,1745.41,115.760995,35.845340,478.42,0.00134754
2013,378,0,0.00,115.760995,35.845340,1794.06,-0.00292245
2013,378,1,87.25,115.760087,35.845439,1151.19,-0.00296381
2013,378,2,174.50,115.759378,35.845879,867.13,-0.00300518
2013,379,0,0.00,115.760995,35.845340,373.76,0.00182493
2013,379,1,81.25,115.761264,35.845994,448.52,0.00102550
2013,379,2,162.50,115.761295,35.846718,448.52,0.00119398
2013,379,3,243.74,115.761534,35.847381,448.52,0.00295725
2013,379,4,324.99,115.761264,35.848035,538.22,0.00375262
2013,38,0,0.00,115.300429,35.479905,1794.06,-0.00000000
2013,38,1,19.31,115.300563,35.479771,1794.06,-0.00000000
2013,38,2,38.63,115.300698,35.479636,1794.06,-0.00000000
2013,380,0,0.00,115.761264,35.848035,478.42,0.00198088
2013,380,1,99.57,115.761803,35.848635,478.42,0.00185704
2013,380,2,199.14,115.762073,35.849454,478.42,0.00121165
2013,380,3,298.72,115.762342,35.850274,478.42,-0.00000000
2013,380,4,398.29,115.762475,35.851133,463.47,-0.00092371
2013,380,5,497.86,115.762881,35.851913,478.42,0.00000000
2013,380,6,597.43,115.763240,35.852706,463.47,0.00080605
2013,380,7,697.00,115.763420,35.853551,478.42,-0.00000000
2013,380,8,796.57,115.763690,35.854371,433.57,-0.00054315
2013,380,9,896.15,115.763959,35.855190,418.61,-0.00139664
2013,380,10,995.72,115.764352,35.855974,418.61,-0.00229139
2013,380,11,1095.29,115.765048,35.856670,358.81,-0.00170218
2013,380,12,1194.86,115.765842,35.857198,328.91,-0.00045672
2013,380,13,1294.43,115.766630,35.857737,209.31,-0.00086161
2013,380,14,1394.01,115.767417,35.858276,149.51,-0.00270520
2013,380,15,1493.58,115.768362,35.858545,209.31,-0.00180864
2013,380,16,1593.15,115.769465,35.858545,239.21,0.00056720
2013,380,17,1692.72,115.770410,35.858815,269.11,-0.00000000
2013,380,18,1792.29,115.771410,35.858989,284.06,-0.00026156
2013,380,19,1891.86,115.772457,35.859084,299.01,0.00000000
2013,380,20,1991.44,115.773402,35.859354,358.81,-0.00111063
2013,380,21,2091.01,115.774504,35.859354,358.81,-0.00080499
2013,380,22,2190.58,115.775606,35.859354,418.61,0.00080499
2013,380,23,2290.15,115.776709,35.859354,418.61,0.00080499
2013,380,24,2389.72,115.777654,35.859623,418.61,-0.00080499
2013,380,25,2489.30,115.778756,35.859623,448.52,0.00000000
2013,380,26,2588.87,115.779858,35.859623,418.61,0.00080499
2013,380,27,2688.44,115.780803,35.859893,448.52,-0.00080499
2013,380,28,2788.01,115.781906,35.859893,478.42,-0.00080499
2013,380,29,2887.58,115.783008,35.859893,448.52,0.00000000
2013,380,30,2987.15,115.784110,35.859893,478.42,0.00000000
2013,380,31,3086.73,115.785213,35.859893,478.42,0.00000000
2013,380,32,3186.30,115.786315,35.859893,448.52,0.00000000
2013,380,33,3285.87,115.787417,35.859893,448.52,0.00000000
2013,380,34,3385.44,115.788520,35.859893,448.52,0.00000000
2013,380,35,3485.01,115.789622,35.859893,448.52,-0.00080499
2013,380,36,3584.59,115.790725,35.859893,448.52,-0.00080499
2013,380,37,3684.16,115.791669,35.859623,448.52,0.00080499
2013,380,38,3783.73,115.792772,35.859623,448.52,0.00025938
2013,380,39,3883.30,115.793874,35.859623,448.52,-0.00080499
2013,380,40,3982.87,115.794868,35.859437,403.66,0.00030729
2013,380,41,4082.44,115.795921,35.859354,418.61,0.00080499
2013,380,42,4182.02,115.797024,35.859354,418.61,-0.00056667
2013,380,43,4281.59,115.798126,35.859354,418.61,-0.00080499
2013,380,44,4381.16,115.799071,35.859084,418.61,0.00080499
2013,380,45,4480.73,115.800173,35.859084,418.61,0.00053235
2013,380,46,4580.30,115.801276,35.859084,388.71,-0.00080499
2013,380,47,4679.88,115.802323,35.858989,373.76,-0.00109959
2013,380,48,4779.45,115.803323,35.858815,388.71,-0.00000000
2013,380,49,4879.02,115.804268,35.858545,388.71,0.00056725
2013,380,50,4978.59,115.805370,35.858545,388.71,0.00000000
2013,380,51,5078.16,115.806315,35.858276,388.71,-0.00000000
2013,380,52,5177.73,115.807418,35.858276,388.71,-0.00000000
2013,380,53,5277.31,115.808363,35.858006,388.71,0.00000000
2013,380,54,5376.88,115.809465,35.858006,388.71,-0.00081144
2013,380,55,5476.45,115.810410,35.857737,388.71,-0.00000000
2013,380,56,5576.02,115.811368,35.857490,388.71,0.00074053
2013,380,57,5675.59,115.812457,35.857467,418.61,-0.00087091
2013,380,58,5775.17,115.813402,35.857198,403.66,-0.00081615
2013,380,59,5874.74,115.814350,35.856933,418.61,-0.00002358
2013,380,60,5974.31,115.815292,35.856659,418.61,0.00029132
2013,380,61,6073.88,115.816239,35.856392,433.57,0.00056779
2013,380,62,6173.45,115.817233,35.856206,448.52,0.00026903
2013,380,63,6273.02,115.818227,35.856021,463.47,-0.00056779
2013,380,64,6372.60,115.819221,35.855835,493.37,-0.00114942
2013,380,65,6472.17,115.820115,35.855480,448.52,-0.00056788
2013,380,66,6571.74,115.821010,35.855124,448.52,0.00030909
2013,380,67,6671.31,115.821907,35.854772,478.42,0.00057532
2013,380,68,6770.88,115.822852,35.854503,493.37,-0.00003495
2013,380,69,6870.46,115.823797,35.854233,508.32,-0.00061034
2013,380,70,6970.03,115.824688,35.853871,523.27,-0.00027414
2013,380,71,7069.60,115.825583,35.853516,508.32,0.00030024
2013,380,72,7169.17,115.826477,35.853160,508.32,0.00057282
2013,380,73,7268.74,115.827419,35.852886,553.17,-0.00055762
2013,380,74,7368.31,115.828364,35.852616,553.17,-0.00090533
2013,380,75,7467.89,115.829161,35.852093,568.12,0.00081412
2013,380,76,7567.46,115.830097,35.851808,553.17,0.00067438
2013,380,77,7667.03,115.831042,35.851538,538.22,-0.00086800
2013,380,78,7766.60,115.831944,35.851196,523.27,-0.00042617
2013,380,79,7866.17,115.832774,35.850730,523.27,0.00071195
2013,380,80,7965.75,115.833719,35.850460,508.32,0.00016864
2013,380,81,8065.32,115.834628,35.850129,523.27,-0.00037943
2013,380,82,8164.89,115.835523,35.849774,508.32,0.00008915
2013,380,83,8264.46,115.836418,35.849418,478.42,0.00136290
2013,380,84,8364.03,115.837342,35.849113,478.42,0.00210762
2013,380,85,8463.60,115.838444,35.849113,448.52,0.00091821
2013,380,86,8563.18,115.839547,35.849113,388.71,-0.00027501
2013,380,87,8662.75,115.840649,35.849113,299.01,0.00000000
2013,380,88,8762.32,115.841487,35.849026,284.06,0.00052279
2013,380,89,8861.89,115.842539,35.849113,239.21,0.00145929
2013,380,90,8961.46,115.843641,35.849113,239.21,0.00184183
2013,380,91,9061.04,115.844469,35.849583,224.26,0.00046784
2013,380,92,9160.61,115.845463,35.849768,209.31,0.00103979
2013,380,93,9260.18,115.846319,35.850191,179.41,0.00127937
2013,380,94,9359.75,115.847106,35.850730,164.46,-0.00051577
2013,380,95,9459.32,115.847948,35.851176,209.31,0.00021863
2013,380,96,9558.90,115.848839,35.851538,224.26,0.00089656
2013,380,97,9658.47,115.849539,35.852227,209.31,-0.00040713
2013,380,98,9758.04,115.850414,35.852616,239.21,-0.00000000
2013,380,99,9857.61,115.851202,35.853155,313.96,0.00025511
2013,380,100,9957.18,115.851989,35.853694,388.71,-0.00028046
2013,380,101,10056.75,115.852820,35.854160,433.57,-0.00041177
2013,380,102,10156.33,115.853615,35.854686,433.57,-0.00094862
2013,380,103,10255.90,115.854509,35.855042,448.52,-0.00116045
2013,381,0,0.00,115.761264,35.848035,762.48,-0.00000000
2013,381,1,57.84,115.760860,35.848439,702.67,-0.00000000
2013,381,2,115.68,115.760456,35.848843,732.58,-0.00000000
2013,382,0,0.00,115.761264,35.848035,792.38,-0.00297323
2013,382,1,77.77,115.760561,35.847765,1106.34,-0.00282702
2013,382,2,155.55,115.759700,35.847765,1181.09,-0.00134041
2013,382,3,233.32,115.758839,35.847765,373.76,0.00000000
2013,383,0,0.00,115.854509,35.855042,403.66,-0.00176239
2013,383,1,87.49,115.854779,35.855752,463.47,-0.00332041
2013,383,2,174.98,115.855314,35.856386,448.52,-0.00415459
2013,383,3,262.47,115.856125,35.856657,508.32,-0.00171537
2013,383,4,349.96,115.856935,35.856928,538.22,-0.00000000
2013,384,0,0.00,115.854509,35.855042,1435.25,0.00199399
2013,384,1,93.73,115.855232,35.854503,1181.09,0.00413729
2013,384,2,187.46,115.856113,35.854233,493.37,0.00767313
2013,384,3,281.19,115.856935,35.854550,358.81,0.00747582
2013,384,4,374.92,115.857204,35.855317,598.02,0.00438663
2013,384,5,468.65,115.857204,35.856162,867.13,0.00220851
2013,384,6,562.38,115.856935,35.856928,1151.19,0.00152973
2013,386,0,0.00,115.856935,35.856928,478.42,0.00000000
2013,386,1,96.21,115.857685,35.857467,508.32,-0.00038027
2013,386,2,192.43,115.858436,35.858006,478.42,0.00000000
2013,386,3,288.64,115.859250,35.858435,463.47,0.00012827
2013,386,4,384.86,115.859937,35.859084,478.42,-0.00077252
2013,386,5,481.07,115.860794,35.859440,493.37,0.00000000
2013,386,6,577.28,115.861566,35.859942,478.42,0.00060234
2013,386,7,673.50,115.862338,35.860445,478.42,0.00000000
2013,386,8,769.71,115.863096,35.860971,478.42,0.00017018
2013,386,9,865.93,115.863882,35.861449,493.37,0.00045408
2013,386,10,962.14,115.864597,35.862049,508.32,0.00000000
2013,386,11,1058.35,115.865347,35.862588,508.32,-0.00020208
2013,386,12,1154.57,115.866098,35.863127,508.32,-0.00000000
2013,387,0,0.00,115.866098,35.863127,583.07,0.00000000
2013,387,1,87.57,115.866501,35.863799,388.71,-0.00202206
2013,387,2,175.14,115.866904,35.864472,358.81,-0.00414665
2013,387,3,262.71,115.867715,35.864744,403.66,-0.00424919
2013,388,0,0.00,115.866098,35.863127,1794.06,0.00536751
2013,388,1,80.34,115.866673,35.862588,1106.34,0.00476811
2013,388,2,160.69,115.867562,35.862588,747.53,0.00252590
2013,388,3,241.03,115.868379,35.862463,493.37,0.00421988
2013,388,4,321.38,115.869040,35.862565,373.76,0.00564037
2013,388,5,401.72,115.869601,35.863127,553.17,0.00372407
2013,389,0,0.00,115.867715,35.864744,403.66,-0.00473430
2013,389,1,85.71,115.867896,35.865464,343.86,-0.00421438
2013,389,2,171.43,115.868636,35.865822,328.91,-0.00082530
2013,389,3,257.14,115.869293,35.866322,313.96,0.00073217
2013,389,4,342.86,115.869892,35.866921,299.01,-0.00257998
2013,389,5,428.57,115.870590,35.867350,299.01,-0.00379746
2013,389,6,514.29,115.871488,35.867439,388.71,-0.00301448
2013,39,0,0.00,115.300698,35.479636,1539.90,-0.00280054
2013,39,1,82.94,115.301376,35.479228,1524.95,-0.00466065
2013,39,2,165.88,115.301776,35.478597,1031.59,-0.00746510
2013,39,3,248.82,115.301645,35.477888,612.97,-0.00662655
2013,39,4,331.76,115.300968,35.477480,598.02,-0.00484366
2013,390,0,0.00,115.867715,35.864744,1794.06,0.00089606
2013,390,1,85.23,115.868310,35.864148,1794.06,0.00068273
2013,390,2,170.45,115.868972,35.863666,777.43,0.00000000
2013,390,3,255.68,115.869601,35.863127,1599.71,-0.00046940
2013,392,0,0.00,115.869601,35.863127,553.17,0.00000000
2013,392,1,95.97,115.870371,35.863627,343.86,0.00057766
2013,392,2,191.93,115.871141,35.864128,328.91,0.00057766
2013,392,3,287.90,115.871812,35.864799,299.01,0.00111342
2013,392,4,383.86,115.872582,35.865299,313.96,0.00277072
2013,392,5,479.83,115.872835,35.866091,403.66,0.00331460
2013,393,0,0.00,115.871757,35.867169,1794.06,0.00000000
2013,393,1,19.28,115.871622,35.867304,1794.06,0.00000000
2013,393,2,38.56,115.871488,35.867439,1794.06,0.00000000
2013,394,0,0.00,115.871488,35.867439,343.86,-0.00206927
2013,394,1,98.26,115.871965,35.868186,254.16,-0.00327054
2013,394,2,196.53,115.872752,35.868703,313.96,-0.00341404
2013,394,3,294.79,115.873737,35.868879,388.71,-0.00117813
2013,394,4,393.05,115.874722,35.869056,583.07,-0.00000000
2013,395,0,0.00,115.871757,35.867169,1794.06,-0.00286638
2013,395,1,84.95,115.872450,35.866745,762.48,-0.00282648
2013,395,2,169.91,115.872835,35.866091,657.82,-0.00278657
2013,396,0,0.00,115.871757,35.867169,717.63,0.00478423
2013,396,1,92.80,115.871988,35.866399,747.53,0.00490920
2013,396,2,185.60,115.872835,35.866091,747.53,0.00503416
2013,397,0,0.00,115.872835,35.866091,538.22,0.00249092
2013,397,1,87.31,115.873644,35.866361,269.11,0.00487955
2013,397,2,174.62,115.874183,35.866851,313.96,0.00469232
2013,397,3,261.93,115.874183,35.867638,433.57,0.00017359
2013,397,4,349.24,115.874452,35.868347,553.17,-0.00088463
2013,397,5,436.56,115.874722,35.869056,598.02,0.00000000
2013,4,0,0.00,115.269437,35.452686,568.12,0.00000000
2013,4,1,94.66,115.269888,35.453408,583.07,-0.00099378
2013,4,2,189.31,115.270340,35.454129,538.22,-0.00112077
2013,4,3,283.97,115.271054,35.454632,478.42,0.00086624
2013,4,4,378.62,115.271551,35.455340,463.47,0.00112077
2013,4,5,473.28,115.272003,35.456061,433.57,-0.00044730
2013,4,6,567.93,115.272454,35.456782,373.76,-0.00033720
2013,4,7,662.59,115.273115,35.457442,388.71,0.00057484
2013,4,8,757.24,115.273479,35.458189,313.96,-0.00014556
2013,4,9,851.90,115.274018,35.458885,328.91,-0.00096553
2013,40,0,0.00,115.300698,35.479636,792.38,0.00000000
2013,40,1,82.64,115.300698,35.478891,792.38,0.00093757
2013,40,2,165.29,115.300698,35.478146,1031.59,0.00193329
2013,40,3,247.93,115.300968,35.477480,747.53,0.00199146
2013,401,0,0.00,115.874722,35.869056,508.32,-0.00100705
2013,401,1,98.92,115.875413,35.869747,508.32,-0.00055821
2013,401,2,197.84,115.876204,35.870268,508.32,0.00000000
2013,401,3,296.75,115.876906,35.870942,553.17,-0.00037190
2013,401,4,395.67,115.877686,35.871481,523.27,-0.00085318
2013,402,0,0.00,115.877686,35.871481,493.37,-0.00177498
2013,402,1,87.73,115.877955,35.872194,478.42,-0.00174499
2013,402,2,175.47,115.878494,35.872828,388.71,-0.00171499
2013,403,0,0.00,115.877686,35.871481,1539.90,0.00084722
2013,403,1,84.70,115.878278,35.870889,986.73,0.00312171
2013,403,2,169.40,115.878932,35.870403,1091.39,0.00593979
2013,403,3,254.10,115.879870,35.870403,493.37,0.00448649
2013,403,4,338.80,115.880650,35.870673,463.47,0.00248960
2013,404,0,0.00,115.878494,35.872828,403.66,0.00000000
2013,404,1,91.87,115.879137,35.873471,418.61,-0.00013286
2013,404,2,183.73,115.879779,35.874113,403.66,-0.00058560
2013,404,3,275.60,115.880444,35.874715,403.66,0.00027467
2013,404,4,367.46,115.881162,35.875227,328.91,0.00116376
2013,404,5,459.33,115.881596,35.875930,313.96,-0.00024693
2013,404,6,551.19,115.882238,35.876572,328.91,-0.00057816
2013,404,7,643.06,115.882806,35.877094,269.11,-0.00038290
2013,404,8,734.92,115.883412,35.877746,239.21,-0.00121861
2013,404,9,826.79,115.884154,35.878218,179.41,-0.00146117
2013,405,0,0.00,115.878494,35.872828,1539.90,-0.00000000
2013,405,1,72.37,115.879000,35.872323,1375.45,0.00095444
2013,405,2,144.74,115.879506,35.871817,1225.94,0.00199934
2013,405,3,217.11,115.880111,35.871481,403.66,0.00208981
2013,406,0,0.00,115.884154,35.878218,194.36,0.00000000
2013,406,1,57.83,115.884558,35.878623,224.26,0.00000000
2013,406,2,115.66,115.884962,35.879027,209.31,0.00000000
2013,407,0,0.00,115.884154,35.878218,1091.39,-0.00000000
2013,407,1,38.55,115.884423,35.877949,1061.49,-0.00000000
2013,407,2,77.11,115.884693,35.877679,867.13,-0.00000000
2013,408,0,0.00,115.884962,35.879027,224.26,-0.00116060
2013,408,1,95.60,115.885213,35.879816,164.46,-0.00115781
2013,408,2,191.20,115.885672,35.880545,239.21,-0.00057751
2013,408,3,286.80,115.886131,35.881274,239.21,-0.00056108
2013,408,4,382.40,115.886590,35.882002,224.26,-0.00109431
2013,408,5,478.00,115.887259,35.882671,299.01,-0.00053323
2013,408,6,573.59,115.887927,35.883339,358.81,0.00000000
2013,409,0,0.00,115.884962,35.879027,1181.09,0.00396986
2013,409,1,50.72,115.885317,35.878672,971.78,0.00418582
2013,409,2,101.44,115.885771,35.878488,732.58,0.00440179
2013,41,0,0.00,115.300429,35.479905,598.02,-0.00011543
2013,41,1,97.99,115.301112,35.480589,538.22,-0.00051473
2013,41,2,195.98,115.301807,35.481253,538.22,-0.00039487
2013,41,3,293.98,115.302579,35.481786,508.32,0.00000000
2013,41,4,391.97,115.303262,35.482469,478.42,-0.00061650
2013,41,5,489.96,115.304045,35.482983,448.52,-0.00000000
2013,41,6,587.95,115.304827,35.483496,403.66,0.00075238
2013,41,7,685.95,115.305511,35.484179,373.76,-0.00055437
2013,41,8,783.94,115.306256,35.484756,328.91,-0.00150134
2013,41,9,881.93,115.307076,35.485205,373.76,-0.00118510
2013,41,10,979.92,115.307948,35.485565,358.81,0.00000000
2013,41,11,1077.92,115.308839,35.485890,373.76,0.00060071
2013,41,12,1175.91,115.309639,35.486373,343.86,-0.00032981
2013,41,13,1273.90,115.310503,35.486746,358.81,-0.00060071
2013,41,14,1371.89,115.311384,35.487088,313.96,-0.00029147
2013,41,15,1469.88,115.312266,35.487431,299.01,-0.00044220
2013,41,16,1567.88,115.313178,35.487721,299.01,-0.00032926
2013,41,17,1665.87,115.314101,35.487990,299.01,-0.00031611
2013,41,18,1763.86,115.315025,35.488260,299.01,-0.00091666
2013,41,19,1861.85,115.315989,35.488459,284.06,-0.00042724
2013,41,20,1959.85,115.317029,35.488529,299.01,0.00091666
2013,41,21,2057.84,115.317950,35.488803,299.01,0.00065669
2013,41,22,2155.83,115.318876,35.489068,299.01,-0.00040994
2013,41,23,2253.82,115.319800,35.489338,299.01,-0.00072546
2013,41,24,2351.82,115.320792,35.489489,269.11,0.00032352
2013,41,25,2449.81,115.321772,35.489661,269.11,0.00055308
2013,41,26,2547.80,115.322654,35.490003,299.01,-0.00123346
2013,41,27,2645.79,115.323651,35.490146,269.11,-0.00156151
2013,41,28,2743.78,115.324731,35.490146,209.31,-0.00042847
2013,41,29,2841.78,115.325810,35.490146,179.41,0.00000000
2013,41,30,2939.77,115.326890,35.490146,179.41,-0.00083169
2013,41,31,3037.76,115.327970,35.490146,299.01,-0.00083169
2013,41,32,3135.75,115.328894,35.489877,299.01,0.00050759
2013,41,33,3233.75,115.329974,35.489877,358.81,0.00000000
2013,41,34,3331.74,115.330991,35.489768,313.96,-0.00015871
2013,41,35,3429.73,115.331977,35.489607,358.81,0.00083169
2013,41,36,3527.72,115.333057,35.489607,328.91,0.00048281
2013,41,37,3625.72,115.334137,35.489607,299.01,0.00000000
2013,41,38,3723.71,115.335217,35.489607,299.01,0.00000000
2013,41,39,3821.70,115.336297,35.489607,328.91,0.00000000
2013,41,40,3919.69,115.337377,35.489607,328.91,0.00000000
2013,41,41,4017.68,115.338457,35.489607,328.91,0.00000000
2013,41,42,4115.68,115.339537,35.489607,328.91,0.00000000
2013,41,43,4213.67,115.340617,35.489607,328.91,0.00006833
2013,41,44,4311.66,115.341696,35.489607,418.61,0.00083169
2013,41,45,4409.65,115.342763,35.489631,373.76,0.00068686
2013,41,46,4507.65,115.343700,35.489877,358.81,-0.00000000
2013,41,47,4605.64,115.344780,35.489877,358.81,0.00099315
2013,41,48,4703.63,115.345704,35.490146,403.66,0.00183333
2013,410,0,0.00,115.887927,35.883339,373.76,-0.00444866
2013,410,1,68.45,115.887987,35.883938,403.66,-0.00439114
2013,410,2,136.91,115.888466,35.884417,508.32,-0.00433362
2013,411,0,0.00,115.887927,35.883339,702.67,-0.00000000
2013,411,1,85.22,115.888522,35.882743,867.13,0.00068279
2013,411,2,170.43,115.889118,35.882147,687.72,0.00142388
2013,411,3,255.65,115.889813,35.881722,179.41,0.00148219
2013,412,0,0.00,115.888735,35.884147,642.87,0.00000000
2013,412,1,19.28,115.888601,35.884282,627.92,0.00000000
2013,412,2,38.55,115.888466,35.884417,553.17,0.00000000
2013,413,0,0.00,115.888466,35.884417,478.42,-0.00098164
2013,413,1,76.57,115.888140,35.885012,403.66,0.00078695
2013,413,2,153.13,115.887927,35.885641,463.47,0.00324183
2013,413,3,229.70,115.887388,35.886034,448.52,0.00392811
2013,414,0,0.00,115.888735,35.884147,642.87,-0.00000000
2013,414,1,80.26,115.889296,35.883586,822.28,-0.00124386
2013,414,2,160.51,115.889857,35.883025,732.58,-0.00442704
2013,414,3,240.77,115.890083,35.882367,313.96,-0.00505286
2013,414,4,321.02,115.889813,35.881722,448.52,-0.00373936
2013,415,0,0.00,115.888735,35.884147,1091.39,-0.00340246
2013,415,1,99.64,115.889681,35.884417,478.42,-0.00426890
2013,415,2,199.29,115.890625,35.884144,433.57,-0.00497617
2013,415,3,298.93,115.891421,35.883617,687.72,-0.00394578
2013,415,4,398.57,115.891700,35.882800,418.61,-0.00307457
2013,416,0,0.00,115.889813,35.881722,358.81,0.00956869
2013,416,1,46.40,115.889929,35.881337,418.61,0.00981885
2013,416,2,92.79,115.890352,35.881183,44.85,0.01006901
2013,418,0,0.00,115.887388,35.886034,433.57,0.00104559
2013,418,1,97.37,115.887118,35.886833,328.91,0.00106085
2013,418,2,194.74,115.886654,35.887576,254.16,0.00109652
2013,418,3,292.10,115.886182,35.888318,254.16,0.00107219
2013,418,4,389.47,115.885501,35.888998,209.31,0.00102747
2013,419,0,0.00,115.887388,35.886034,672.77,-0.00124172
2013,419,1,89.27,115.886764,35.885410,583.07,-0.00129303
2013,419,2,178.54,115.886040,35.884956,523.27,-0.00134435
2013,42,0,0.00,115.258118,35.433552,388.71,0.00485335
2013,42,1,82.13,115.257446,35.433150,358.81,0.00425950
2013,42,2,164.26,115.257309,35.432450,418.61,0.00133164
2013,42,3,246.39,115.257040,35.431788,657.82,-0.00050119
2013,42,4,328.52,115.256770,35.431127,747.53,0.00000000
2013,420,0,0.00,115.885501,35.888998,179.41,0.00222478
2013,420,1,97.52,115.885238,35.889801,269.11,0.00268134
2013,420,2,195.04,115.884556,35.890482,299.01,0.00156895
2013,420,3,292.56,115.883775,35.890994,358.81,0.00000000
2013,420,4,390.07,115.883093,35.891676,433.57,0.00055845
2013,420,5,487.59,115.882312,35.892187,448.52,0.00114734
2013,420,6,585.11,115.881531,35.892699,478.42,0.00119432
2013,420,7,682.63,115.880650,35.893041,478.42,0.00121088
2013,421,0,0.00,115.885501,35.888998,1674.46,-0.00203380
2013,421,1,75.05,115.884877,35.888644,926.93,-0.00203782
2013,421,2,150.10,115.884154,35.888459,732.58,-0.00204184
2013,422,0,0.00,115.880650,35.893041,657.82,0.00212078
2013,422,1,98.28,115.880591,35.893909,583.07,0.00275550
2013,422,2,196.56,115.880113,35.894656,269.11,0.00392199
2013,422,3,294.84,115.879513,35.895197,508.32,0.00321181
2013,422,4,393.12,115.878550,35.895411,538.22,0.00351783
2013,422,5,491.40,115.877651,35.895736,747.53,0.00534139
2013,422,6,589.68,115.876878,35.895197,1689.41,0.00561697
2013,423,0,0.00,115.880650,35.893041,911.98,-0.00318674
2013,423,1,90.93,115.879801,35.892771,657.82,-0.00371302
2013,423,2,181.85,115.878882,35.892922,553.17,-0.00533230
2013,423,3,272.78,115.878048,35.893218,269.11,-0.00570460
2013,423,4,363.71,115.877830,35.893974,568.12,-0.00064779
2013,423,5,454.64,115.877613,35.894731,508.32,0.00373658
2013,423,6,545.56,115.876878,35.895197,448.52,0.00378486
2013,425,0,0.00,115.876878,35.895197,493.37,0.00397031
2013,425,1,50.72,115.876523,35.895551,463.47,0.00418635
2013,425,2,101.43,115.876069,35.895736,299.01,0.00440239
2013,426,0,0.00,115.876069,35.895736,553.17,0.00227987
2013,426,1,93.70,115.875623,35.896451,508.32,0.00230941
2013,426,2,187.40,115.874869,35.896936,508.32,0.00122277
2013,426,3,281.10,115.874114,35.897421,418.61,0.00064034
2013,426,4,374.80,115.873351,35.897891,433.57,0.00053177
2013,426,5,468.51,115.872506,35.898221,403.66,-0.00064034
2013,426,6,562.21,115.871751,35.898706,403.66,-0.00095490
2013,426,7,655.91,115.870997,35.899191,343.86,0.00042355
2013,426,8,749.61,115.870302,35.899778,358.81,0.00097710
2013,426,9,843.31,115.869422,35.900047,343.86,0.00109349
2013,426,10,937.01,115.868699,35.900586,328.91,0.00104050
2013,426,11,1030.71,115.867681,35.900620,328.91,-0.00077965
2013,426,12,1124.41,115.866938,35.901125,358.81,0.00100779
2013,426,13,1218.11,115.866058,35.901395,538.22,0.00283052
2013,426,14,1311.81,115.865020,35.901395,508.32,0.00182472
2013,427,0,0.00,115.876069,35.895736,837.23,0.00000000
2013,427,1,19.28,115.875934,35.895601,986.73,0.00000000
2013,427,2,38.55,115.875800,35.895466,867.13,0.00000000
2013,428,0,0.00,115.865020,35.901395,807.33,0.00040443
2013,428,1,95.47,115.865020,35.900534,837.23,0.00143081
2013,428,2,190.94,115.865100,35.899697,672.77,0.00227760
2013,428,3,286.42,115.865559,35.898969,448.52,0.00209801
2013,429,0,0.00,115.865020,35.901395,478.42,0.00213682
2013,429,1,97.88,115.864335,35.902079,448.52,0.00165267
2013,429,2,195.76,115.863452,35.902423,403.66,0.00000000
2013,429,3,293.64,115.862669,35.902938,388.71,-0.00113833
2013,429,4,391.52,115.861885,35.903452,403.66,-0.00106841
2013,429,5,489.40,115.861201,35.904136,358.81,-0.00205199
2013,429,6,587.28,115.860516,35.904820,358.81,-0.00330277
2013,429,7,685.16,115.860438,35.905680,254.16,-0.00217447
2013,429,8,783.04,115.860438,35.906562,224.26,-0.00084632
2013,429,9,880.92,115.860532,35.907417,179.41,-0.00089061
2013,429,10,978.80,115.860708,35.908249,209.31,-0.00069914
2013,429,11,1076.68,115.860977,35.909053,209.31,-0.00045777
2013,429,12,1174.56,115.861247,35.909857,299.01,-0.00000000
2013,429,13,1272.44,115.861597,35.910638,269.11,0.00042322
2013,429,14,1370.32,115.861786,35.911465,284.06,-0.00071379
2013,429,15,1468.20,115.862055,35.912270,328.91,-0.00092474
2013,429,16,1566.08,115.862594,35.912996,358.81,0.00015121
2013,429,17,1663.96,115.862864,35.913800,358.81,0.00071379
2013,429,18,1761.85,115.863346,35.914543,388.71,0.00164808
2013,429,19,1859.73,115.863403,35.915409,448.52,0.00217100
2013,43,0,0.00,115.258118,35.433552,1240.89,0.00000000
2013,43,1,90.15,115.258747,35.432923,1435.25,0.00000000
2013,43,2,180.31,115.259376,35.432295,852.18,0.00000000
2013,43,3,270.46,115.260004,35.431666,1091.39,0.00000000
2013,430,0,0.00,115.863403,35.915409,418.61,-0.00000000
2013,430,1,98.79,115.863984,35.915990,448.52,-0.00000000
2013,430,2,197.58,115.864675,35.916680,433.57,0.00049871
2013,430,3,296.37,115.865365,35.917371,418.61,0.00000000
2013,430,4,395.16,115.865847,35.918122,418.61,-0.00148748
2013,430,5,493.95,115.866637,35.918643,418.61,-0.00104807
2013,430,6,592.74,115.867417,35.919182,328.91,-0.00011894
2013,430,7,691.52,115.868217,35.919684,328.91,-0.00000000
2013,430,8,790.31,115.869007,35.920205,269.11,-0.00051334
2013,430,9,889.10,115.869798,35.920725,194.36,-0.00116247
2013,430,10,987.89,115.870687,35.921076,179.41,0.00000000
2013,430,11,1086.68,115.871577,35.921427,164.46,0.00006353
2013,430,12,1185.47,115.872367,35.921947,164.46,-0.00227917
2013,430,13,1284.26,115.873345,35.922146,149.51,-0.00183400
2013,430,14,1383.05,115.874440,35.922146,149.51,0.00022433
2013,430,15,1481.84,115.875433,35.922319,164.46,-0.00023118
2013,430,16,1580.63,115.876471,35.922415,209.31,-0.00081821
2013,430,17,1679.42,115.877566,35.922415,299.01,-0.00001152
2013,430,18,1778.21,115.878661,35.922415,358.81,0.00000000
2013,430,19,1877.00,115.879489,35.922499,373.76,-0.00051336
2013,430,20,1975.79,115.880535,35.922415,418.61,0.00000000
2013,430,21,2074.57,115.881629,35.922415,448.52,0.00024297
2013,430,22,2173.36,115.882724,35.922415,418.61,-0.00081821
2013,430,23,2272.15,115.883818,35.922415,418.61,-0.00081821
2013,430,24,2370.94,115.884755,35.922146,388.71,0.00163642
2013,430,25,2469.73,115.885850,35.922146,358.81,0.00323856
2013,430,26,2568.52,115.886787,35.922415,328.91,-0.00081821
2013,430,27,2667.31,115.887500,35.922842,224.26,-0.00375623
2013,430,28,2766.10,115.888346,35.922415,299.01,-0.00081821
2013,430,29,2864.89,115.889440,35.922415,388.71,0.00166696
2013,430,30,2963.68,115.890377,35.922146,418.61,0.00315664
2013,430,31,3062.47,115.891258,35.922512,418.61,0.00136200
2013,430,32,3161.26,115.892147,35.922863,403.66,-0.00122113
2013,430,33,3260.05,115.893136,35.923043,418.61,-0.00057578
2013,430,34,3358.83,115.894125,35.923224,358.81,0.00000000
2013,431,0,0.00,115.863403,35.915409,1181.09,0.00000000
2013,431,1,96.37,115.862729,35.916082,1076.44,0.00000000
2013,431,2,192.73,115.862055,35.916756,867.13,0.00000000
2013,432,0,0.00,115.894125,35.923224,598.02,-0.00140542
2013,432,1,85.68,115.894515,35.923883,493.37,-0.00354804
2013,432,2,171.37,115.895114,35.924483,388.71,-0.00514008
2013,432,3,257.05,115.896012,35.924571,358.81,-0.00458950
2013,433,0,0.00,115.894125,35.923224,463.47,0.00340010
2013,433,1,99.35,115.895068,35.922954,388.71,0.00340010
2013,433,2,198.70,115.896012,35.923224,269.11,0.00340010
2013,434,0,0.00,115.896012,35.924571,882.08,0.00000000
2013,434,1,74.76,115.896012,35.923898,1016.64,0.00000000
2013,434,2,149.51,115.896012,35.923224,1240.89,0.00000000
2013,435,0,0.00,115.896012,35.924571,239.21,-0.00819209
2013,435,1,77.58,115.896714,35.924841,254.16,-0.00907214
2013,435,2,155.15,115.897295,35.924366,792.38,-0.00614667
2013,435,3,232.73,115.897629,35.923763,1345.55,-0.00234115
2013,436,0,0.00,115.896012,35.923224,358.81,0.00446082
2013,436,1,87.19,115.896978,35.923224,224.26,0.00455533
2013,436,2,174.38,115.897629,35.923763,328.91,0.00464984
2013,437,0,0.00,115.897629,35.923763,299.01,0.00117519
2013,437,1,97.67,115.898610,35.923936,209.31,0.00119127
2013,437,2,195.34,115.899492,35.924279,179.41,0.00120707
2013,437,3,293.01,115.900374,35.924621,164.46,0.00119022
2013,437,4,390.67,115.901156,35.925134,104.65,0.00165981
2013,437,5,488.34,115.901938,35.925647,134.55,0.00211994
2013,437,6,586.01,115.902412,35.926390,134.55,0.00053887
2013,437,7,683.68,115.902886,35.927134,179.41,-0.00053662
2013,437,8,781.35,115.903557,35.927820,179.41,0.00087481
2013,437,9,879.02,115.904043,35.928560,224.26,0.00147715
2013,437,10,976.68,115.904366,35.929347,239.21,0.00034172
2013,437,11,1074.35,115.904635,35.930149,239.21,-0.00131701
2013,437,12,1172.02,115.905046,35.930911,269.11,-0.00111411
2013,437,13,1269.69,115.905729,35.931594,209.31,0.00378498
2013,437,14,1367.36,115.906093,35.932277,179.41,0.00530244
2013,437,15,1465.03,115.905410,35.932960,179.41,0.00031559
2013,437,16,1562.69,115.905145,35.933763,149.51,-0.00185898
2013,437,17,1660.36,115.904905,35.934574,149.51,-0.00061262
2013,437,18,1758.03,115.904905,35.935454,179.41,0.00077565
2013,437,19,1855.70,115.904635,35.936257,209.31,0.00141857
2013,437,20,1953.37,115.904366,35.937059,299.01,0.00071659
2013,437,21,2051.04,115.903827,35.937783,299.01,-0.00072776
2013,437,22,2148.70,115.903557,35.938586,313.96,-0.00071659
2013,437,23,2246.37,115.903292,35.939389,358.81,0.00054198
2013,437,24,2344.04,115.903018,35.940191,403.66,0.00071659
2013,437,25,2441.71,115.902554,35.940936,403.66,-0.00000000
2013,437,26,2539.38,115.902210,35.941717,463.47,-0.00039582
2013,437,27,2637.05,115.901815,35.942484,418.61,-0.00014789
2013,437,28,2734.71,115.901550,35.943287,448.52,-0.00034593
2013,437,29,2832.38,115.901132,35.944047,448.52,-0.00038293
2013,437,30,2930.05,115.901021,35.944895,463.47,0.00044604
2013,437,31,3027.72,115.900593,35.945651,508.32,0.00134875
2013,437,32,3125.39,115.900324,35.946454,538.22,0.00298423
2013,437,33,3223.06,115.899665,35.946939,598.02,0.00260792
2013,437,34,3320.72,115.898827,35.947358,508.32,0.00038498
2013,437,35,3418.39,115.897973,35.947748,358.81,0.00000000
2013,437,36,3516.06,115.897163,35.948214,164.46,0.00060340
2013,437,37,3613.73,115.896281,35.948556,,0.00087361
2013,45,0,0.00,115.260004,35.431666,612.97,-0.00195693
2013,45,1,94.66,115.259274,35.431127,642.87,-0.00199657
2013,45,2,189.33,115.258387,35.430857,687.72,-0.00395757
2013,45,3,283.99,115.257501,35.430588,1210.99,-0.00575341
2013,45,4,378.66,115.256770,35.431127,1345.55,-0.00562789
2013,46,0,0.00,115.300968,35.477480,523.27,-0.00152544
2013,46,1,82.50,115.300601,35.476843,478.42,-0.00221606
2013,46,2,165.00,115.300025,35.476268,463.47,-0.00224880
2013,46,3,247.51,115.299351,35.475863,448.52,-0.00159092
2013,47,0,0.00,115.345704,35.490146,1734.26,0.00000000
2013,47,1,89.70,115.345704,35.490955,1764.16,0.00000000
2013,47,2,179.40,115.345704,35.491763,239.21,0.00000000
2013,48,0,0.00,115.345704,35.490146,373.76,0.00225291
2013,48,1,88.81,115.346526,35.489877,388.71,0.00214505
2013,48,2,177.63,115.347505,35.489877,328.91,0.00203718
2013,48,3,266.44,115.348484,35.489877,328.91,0.00101859
2013,48,4,355.25,115.349306,35.490146,328.91,-0.00101859
2013,48,5,444.07,115.350285,35.490146,328.91,-0.00203718
2013,49,0,0.00,115.256770,35.431127,627.92,-0.00000000
2013,49,1,84.15,115.256085,35.430711,568.12,-0.00080409
2013,49,2,168.29,115.255399,35.430294,598.02,-0.00162147
2013,49,3,252.44,115.254615,35.430049,418.61,-0.00163475
2013,5,0,0.00,115.266472,35.444871,897.03,0.00396038
2013,5,1,92.29,115.265456,35.444871,583.07,0.00407292
2013,5,2,184.59,115.264751,35.444332,493.37,0.00209273
2013,5,3,276.88,115.264047,35.443793,463.47,-0.00000000
2013,50,0,0.00,115.299351,35.475863,239.21,0.00000000
2013,50,1,19.31,115.299216,35.475998,269.11,0.00000000
2013,50,2,38.63,115.299081,35.476132,269.11,0.00000000
2013,51,0,0.00,115.299351,35.475863,448.52,0.00000000
2013,51,1,90.14,115.298722,35.475234,493.37,0.00000000
2013,51,2,180.27,115.298093,35.474605,448.52,-0.00000000
2013,51,3,270.41,115.297464,35.473976,463.47,-0.00000000
2013,52,0,0.00,115.350285,35.490146,1315.65,-0.00314324
2013,52,1,64.16,115.350285,35.490724,732.58,-0.00323730
2013,52,2,128.33,115.350555,35.491224,463.47,-0.00333136
2013,53,0,0.00,115.350285,35.490146,358.81,0.00195906
2013,53,1,94.94,115.351175,35.489877,269.11,0.00305021
2013,53,2,189.88,115.352222,35.489877,299.01,0.00452120
2013,53,3,284.83,115.353063,35.490230,254.16,0.00347916
2013,53,4,379.77,115.353726,35.490892,269.11,0.00214214
2013,53,5,474.71,115.354388,35.491554,224.26,0.00232571
2013,53,6,569.65,115.354633,35.492338,194.36,0.00114380
2013,53,7,664.60,115.354867,35.493126,224.26,0.00057789
2013,53,8,759.54,115.355136,35.493903,254.16,0.00064628
2013,53,9,854.48,115.355136,35.494759,254.16,-0.00074887
2013,53,10,949.42,115.355405,35.495536,313.96,-0.00149774
2013,54,0,0.00,115.254615,35.430049,418.61,-0.00000000
2013,54,1,75.99,115.254085,35.429519,568.12,-0.00280567
2013,54,2,151.98,115.253554,35.428989,612.97,-0.00564789
2013,54,3,227.97,115.252728,35.428971,747.53,-0.00568444
2013,55,0,0.00,115.254615,35.430049,1345.55,0.00395795
2013,55,1,50.87,115.254260,35.430404,1794.06,0.00417185
2013,55,2,101.75,115.253806,35.430588,807.33,0.00438575
2013,56,0,0.00,115.355405,35.495536,956.83,0.00351598
2013,56,1,68.22,115.356157,35.495536,1061.49,0.00370388
2013,56,2,136.44,115.356753,35.495806,971.78,0.00389177
2013,57,0,0.00,115.355405,35.495536,299.01,-0.00217695
2013,57,1,79.11,115.355136,35.496170,269.11,-0.00211309
2013,57,2,158.23,115.355136,35.496884,328.91,-0.00204924
2013,58,0,0.00,115.252728,35.428971,717.63,0.00187408
2013,58,1,92.48,115.251710,35.428971,627.92,0.00197193
2013,58,2,184.96,115.250847,35.428701,523.27,0.00103489
2013,58,3,277.43,115.249985,35.428432,269.11,0.00106628
2013,58,4,369.91,115.249123,35.428162,254.16,0.00208492
2013,58,5,462.39,115.248416,35.427623,269.11,0.00203727
2013,59,0,0.00,115.252728,35.428971,1405.35,0.00145873
2013,59,1,84.33,115.252348,35.429620,1420.30,0.00072937
2013,59,2,168.66,115.251760,35.430208,1674.46,-0.00072937
2013,59,3,252.99,115.251381,35.430857,897.03,-0.00145873
2013,6,0,0.00,115.266472,35.444871,583.07,-0.00334653
2013,6,1,78.50,115.266672,35.444263,508.32,-0.00353325
2013,6,2,157.00,115.266472,35.443613,463.47,-0.00214840
2013,6,3,235.51,115.266203,35.442985,254.16,-0.00057683
2013,60,0,0.00,115.252728,35.428971,777.43,-0.00115288
2013,60,1,86.31,115.252543,35.428247,702.67,-0.00086700
2013,60,2,172.62,115.252189,35.427573,672.77,-0.00098251
2013,60,3,258.93,115.251920,35.426873,343.86,-0.00208110
2013,60,4,345.24,115.251363,35.426258,269.11,-0.00415152
2013,60,5,431.55,115.250714,35.425737,254.16,-0.00495763
2013,60,6,517.86,115.249764,35.425737,299.01,-0.00439052
2013,61,0,0.00,115.355136,35.496884,1016.64,0.00000000
2013,61,1,85.58,115.356079,35.496884,717.63,0.00000000
2013,61,2,171.16,115.357022,35.496884,104.65,0.00000000
2013,62,0,0.00,115.355136,35.496884,299.01,-0.00212509
2013,62,1,96.22,115.354673,35.497616,299.01,-0.00085257
2013,62,2,192.44,115.354597,35.498461,269.11,0.00000000
2013,62,3,288.66,115.354058,35.499171,254.16,-0.00058583
2013,62,4,384.89,115.354058,35.500038,209.31,0.00032085
2013,62,5,481.11,115.353657,35.500788,239.21,0.00143840
2013,62,6,577.33,115.353403,35.501581,269.11,0.00129718
2013,62,7,673.55,115.352731,35.502253,284.06,-0.00000000
2013,62,8,769.77,115.352268,35.502985,313.96,0.00000000
2013,62,9,865.99,115.351806,35.503717,313.96,0.00108332
2013,62,10,962.22,115.351134,35.504389,373.76,0.00052783
2013,62,11,1058.44,115.350463,35.505060,373.76,-0.00091901
2013,62,12,1154.66,115.349792,35.505731,313.96,-0.00108332
2013,62,13,1250.88,115.349477,35.506507,328.91,0.00023153
2013,62,14,1347.10,115.348866,35.507196,343.86,-0.00051652
2013,62,15,1443.32,115.348403,35.507928,358.81,-0.00154276
2013,62,16,1539.54,115.348129,35.508715,343.86,0.00019692
2013,62,17,1635.77,115.347895,35.509514,358.81,0.00092456
2013,62,18,1731.99,115.347321,35.510214,373.76,-0.00056067
2013,62,19,1828.21,115.347051,35.511003,358.81,-0.00009725
2013,62,20,1924.43,115.346715,35.511772,358.81,0.00088027
2013,62,21,2020.65,115.346243,35.512501,328.91,0.00029235
2013,62,22,2116.87,115.345790,35.513236,328.91,-0.00057194
2013,62,23,2213.10,115.345327,35.513969,358.81,-0.00058711
2013,62,24,2309.32,115.345073,35.514762,328.91,-0.00000000
2013,62,25,2405.54,115.344626,35.515499,358.81,-0.00044818
2013,62,26,2501.76,115.344356,35.516287,343.86,-0.00098122
2013,63,0,0.00,115.248416,35.427623,313.96,0.00196319
2013,63,1,90.42,115.247420,35.427623,284.06,0.00206648
2013,63,2,180.84,115.246581,35.427354,269.11,0.00182258
2013,63,3,271.25,115.245741,35.427084,299.01,0.00217293
2013,63,4,361.67,115.245004,35.426637,269.11,0.00208908
2013,63,5,452.09,115.244374,35.426006,284.06,0.00130770
2013,64,0,0.00,115.248416,35.427623,926.93,0.00000000
2013,64,1,44.85,115.248416,35.427219,478.42,0.00000000
2013,64,2,89.70,115.248416,35.426815,448.52,0.00000000
2013,65,0,0.00,115.249764,35.425737,284.06,-0.00198254
2013,65,1,73.08,115.249462,35.425166,254.16,-0.00494543
2013,65,2,146.16,115.248951,35.424659,269.11,-0.00696606
2013,65,3,219.24,115.248147,35.424659,299.01,-0.00602379
2013,66,0,0.00,115.249764,35.425737,1794.06,0.00123900
2013,66,1,89.51,115.249139,35.426361,807.33,0.00128997
2013,66,2,179.03,115.248416,35.426815,822.28,0.00134093
2013,67,0,0.00,115.344356,35.516287,328.91,-0.00152679
2013,67,1,83.47,115.343982,35.516930,373.76,-0.00152167
2013,67,2,166.94,115.343817,35.517635,284.06,-0.00151655
2013,68,0,0.00,115.344356,35.516287,583.07,0.00000000
2013,68,1,99.64,115.345051,35.516982,642.87,0.00213305
2013,68,2,199.27,115.345747,35.517678,388.71,0.00892000
2013,68,3,298.91,115.345504,35.518373,478.42,0.01165502
2013,68,4,398.54,115.344611,35.518159,1495.05,0.00581277
2013,68,5,498.18,115.343817,35.517635,911.98,0.00188940
2013,69,0,0.00,115.248416,35.426815,612.97,0.00051133
2013,69,1,94.30,115.247967,35.426096,269.11,0.00304789
2013,69,2,188.60,115.247608,35.425351,598.02,0.00525961
2013,69,3,282.89,115.248147,35.424659,1794.06,0.00493476
2013,7,0,0.00,115.274018,35.458885,299.01,-0.00152541
2013,7,1,82.51,115.274385,35.459521,358.81,-0.00221598
2013,7,2,165.02,115.274961,35.460097,328.91,-0.00224869
2013,7,3,247.53,115.275635,35.460502,373.76,-0.00159082
2013,71,0,0.00,115.248147,35.424659,269.11,-0.00230588
2013,71,1,98.65,115.247568,35.424081,269.11,-0.00222395
2013,71,2,197.31,115.246683,35.423734,284.06,-0.00107562
2013,71,3,295.96,115.245797,35.423387,313.96,0.00059269
2013,71,4,394.61,115.244911,35.423042,299.01,0.00060185
2013,71,5,493.27,115.244125,35.422523,299.01,-0.00059269
2013,71,6,591.92,115.243239,35.422177,313.96,-0.00059724
2013,71,7,690.58,115.242353,35.421830,328.91,-0.00006577
2013,71,8,789.23,115.241468,35.421483,313.96,-0.00033462
2013,71,9,887.88,115.240571,35.421156,328.91,-0.00137463
2013,71,10,986.54,115.239641,35.420886,328.91,-0.00110578
2013,71,11,1085.19,115.238554,35.420886,328.91,0.00060946
2013,71,12,1183.84,115.237624,35.420617,388.71,0.00029497
2013,71,13,1282.50,115.236644,35.420433,373.76,-0.00032884
2013,71,14,1381.15,115.235660,35.420257,403.66,0.00029979
2013,71,15,1479.80,115.234677,35.420078,388.71,-0.00028062
2013,71,16,1578.46,115.233747,35.419808,388.71,-0.00141496
2013,71,17,1677.11,115.232661,35.419808,299.01,-0.00082021
2013,71,18,1775.77,115.231574,35.419808,448.52,0.00082021
2013,71,19,1874.42,115.230488,35.419808,493.37,0.00082021
2013,71,20,1973.07,115.229558,35.419539,568.12,-0.00082021
2013,71,21,2071.73,115.228472,35.419539,538.22,0.00000000
2013,71,22,2170.38,115.227385,35.419539,538.22,0.00082021
2013,71,23,2269.03,115.226455,35.419269,508.32,-0.00082021
2013,71,24,2367.69,115.225369,35.419269,508.32,-0.00000000
2013,71,25,2466.34,115.224282,35.419269,508.32,0.00082021
2013,71,26,2564.99,115.223352,35.419000,538.22,-0.00136269
2013,71,27,2663.65,115.222266,35.419000,538.22,-0.00164041
2013,71,28,2762.30,115.221285,35.419181,553.17,-0.00054708
2013,71,29,2860.96,115.220249,35.419269,568.12,-0.00000000
2013,71,30,2959.61,115.219316,35.419533,568.12,0.00105954
2013,71,31,3058.26,115.218233,35.419539,538.22,0.00158037
2013,74,0,0.00,115.343817,35.517635,299.01,0.00112312
2013,74,1,98.89,115.343548,35.518447,328.91,0.00070329
2013,74,2,197.78,115.343063,35.519197,313.96,-0.00111358
2013,74,3,296.67,115.342739,35.519994,269.11,-0.00204187
2013,74,4,395.55,115.342739,35.520885,179.41,0.00060280
2013,74,5,494.44,115.342739,35.521777,358.81,0.00365683
2013,74,6,593.33,115.342181,35.522505,448.52,0.00312479
2013,74,7,692.22,115.341392,35.523025,478.42,0.00171466
2013,75,0,0.00,115.218233,35.419539,1794.06,0.00215291
2013,75,1,99.34,115.217957,35.420353,1240.89,0.00159699
2013,75,2,198.69,115.217264,35.421046,1106.34,0.00052053
2013,75,3,298.03,115.216780,35.421800,732.58,0.00268713
2013,75,4,397.37,115.216087,35.422493,538.22,0.00489160
2013,75,5,496.72,115.214999,35.422503,463.47,0.00440894
2013,76,0,0.00,115.218233,35.419539,732.58,-0.00469558
2013,76,1,86.63,115.217591,35.419000,568.12,-0.00460653
2013,76,2,173.26,115.216637,35.419000,627.92,-0.00225874
2013,76,3,259.88,115.215683,35.419000,448.52,-0.00000000
2013,76,4,346.51,115.214729,35.419000,538.22,0.00000000
2013,77,0,0.00,115.341392,35.523025,343.86,0.00128364
2013,77,1,99.51,115.341392,35.523921,388.71,0.00100277
2013,77,2,199.02,115.341122,35.524740,433.57,0.00091425
2013,77,3,298.53,115.340978,35.525594,448.52,0.00142928
2013,77,4,398.04,115.340492,35.526350,508.32,0.00087599
2013,77,5,497.55,115.340006,35.527105,538.22,-0.00053385
2013,77,6,597.06,115.339521,35.527860,523.27,-0.00160143
2013,77,7,696.57,115.339243,35.528676,538.22,-0.00053786
2013,77,8,796.08,115.339175,35.529553,538.22,0.00106757
2013,77,9,895.59,115.338689,35.530308,538.22,-0.00000000
2013,77,10,995.10,115.338412,35.531125,538.22,-0.00061587
2013,77,11,1094.61,115.338135,35.531941,583.07,0.00053786
2013,77,12,1194.12,115.337888,35.532766,568.12,0.00073338
2013,77,13,1293.62,115.337372,35.533512,568.12,-0.00051832
2013,77,14,1393.13,115.337080,35.534324,538.22,-0.00122306
2013,77,15,1492.64,115.336810,35.535142,583.07,0.00049872
2013,77,16,1592.15,115.336750,35.536021,538.22,0.00110556
2013,77,17,1691.66,115.336055,35.536716,553.17,-0.00110490
2013,77,18,1791.17,115.335987,35.537592,538.22,-0.00061587
2013,77,19,1890.68,115.335732,35.538415,538.22,0.00118329
2013,77,20,1990.19,115.335463,35.539233,523.27,0.00069424
2013,77,21,2089.70,115.334947,35.539980,538.22,-0.00057711
2013,77,22,2189.21,115.334670,35.540796,523.27,-0.00193830
2013,77,23,2288.72,115.334385,35.541610,493.37,-0.00270120
2013,77,24,2388.23,115.334654,35.542428,463.47,-0.00271918
2013,78,0,0.00,115.341392,35.523025,717.63,0.00173998
2013,78,1,71.43,115.340893,35.522526,433.57,0.00199265
2013,78,2,142.86,115.340583,35.521973,418.61,0.00132551
2013,78,3,214.28,115.340314,35.521408,269.11,0.00040570
2013,79,0,0.00,115.214999,35.422503,284.06,-0.00065661
2013,79,1,99.36,115.214931,35.421627,792.38,-0.00016280
2013,79,2,198.72,115.214729,35.420791,897.03,0.00064475
2013,79,3,298.08,115.214729,35.419895,1510.00,0.00047924
2013,79,4,397.44,115.214729,35.419000,1704.36,0.00000000
2013,8,0,0.00,115.274018,35.458885,1734.26,0.00123919
2013,8,1,89.50,115.274642,35.458260,1450.20,0.00129018
2013,8,2,178.99,115.275366,35.457807,822.28,0.00134117
2013,80,0,0.00,115.214999,35.422503,657.82,0.00920729
2013,80,1,43.79,115.214673,35.422773,523.27,0.00901885
2013,80,2,87.59,115.214190,35.422773,463.47,0.00883041
2013,82,0,0.00,115.214729,35.419000,478.42,-0.00603189
2013,82,1,75.35,115.214056,35.418730,448.52,-0.00603189
2013,82,2,150.71,115.213382,35.419000,553.17,-0.00603189
2013,83,0,0.00,115.334654,35.542428,1554.85,0.00000000
2013,83,1,12.22,115.334789,35.542428,1554.85,0.00000000
2013,83,2,24.44,115.334924,35.542428,1674.46,0.00000000
2013,84,0,0.00,115.334654,35.542428,478.42,-0.00562947
2013,84,1,49.21,115.334385,35.542793,448.52,-0.00551731
2013,84,2,98.42,115.334385,35.543237,373.76,-0.00540515
2013,85,0,0.00,115.214190,35.422773,986.73,-0.00484472
2013,85,1,68.36,115.213922,35.422235,687.72,-0.00689476
2013,85,2,136.72,115.213326,35.421964,448.52,-0.00623149
2013,85,3,205.08,115.212573,35.421964,493.37,-0.00351817
2013,86,0,0.00,115.214190,35.422773,642.87,0.00344110
2013,86,1,99.83,115.213395,35.423298,598.02,0.00332727
2013,86,2,199.65,115.212304,35.423312,493.37,0.00321343
2013,87,0,0.00,115.213382,35.419000,1584.76,0.00000000
2013,87,1,74.75,115.213382,35.419673,1614.66,0.00000000
2013,87,2,149.50,115.213382,35.420347,1465.15,0.00000000
2013,88,0,0.00,115.213382,35.419000,538.22,-0.00197955
2013,88,1,94.47,115.212498,35.418730,478.42,-0.00188663
2013,88,2,188.93,115.211458,35.418730,478.42,-0.00089686
2013,88,3,283.40,115.210417,35.418730,508.32,0.00000000
2013,89,0,0.00,115.334385,35.543237,792.38,-0.00438978
2013,89,1,50.84,115.333931,35.543421,568.12,-0.00417537
2013,89,2,101.67,115.333576,35.543776,403.66,-0.00396095
2013,9,0,0.00,115.264047,35.443793,463.47,-0.00000000
2013,9,1,38.64,115.263777,35.443524,493.37,-0.00000000
2013,9,2,77.27,115.263508,35.443254,209.31,-0.00000000
2013,90,0,0.00,115.334385,35.543237,433.57,0.00000000
2013,90,1,87.21,115.334654,35.543944,343.86,0.00089097
2013,90,2,174.42,115.334924,35.544652,284.06,0.00173048
2013,90,3,261.62,115.334924,35.545438,209.31,0.00083951
2013,90,4,348.83,115.334924,35.546224,224.26,-0.00000000
2013,90,5,436.04,115.334924,35.547010,239.21,0.00000000
2013,91,0,0.00,115.212304,35.423312,508.32,-0.00717938
2013,91,1,78.32,115.211927,35.422773,523.27,-0.00670692
2013,91,2,156.64,115.211064,35.422773,523.27,-0.00311723
2013,91,3,234.96,115.210202,35.422773,433.57,0.00000000
2013,91,4,313.28,115.209339,35.422773,642.87,0.00000000
2013,92,0,0.00,115.212304,35.423312,134.55,0.01066325
2013,92,1,31.56,115.212084,35.423532,568.12,0.01105658
2013,92,2,63.11,115.211765,35.423581,568.12,0.01144991
2013,93,0,0.00,115.210417,35.418730,1794.06,-0.00082357
2013,93,1,76.70,115.210148,35.419343,1749.21,0.00154436
2013,93,2,153.40,115.209973,35.419983,897.03,0.00440765
2013,93,3,230.10,115.209339,35.420347,971.78,0.00490302
2013,94,0,0.00,115.210417,35.418730,612.97,-0.00255728
2013,94,1,75.35,115.209892,35.418205,523.27,-0.00436417
2013,94,2,150.71,115.209226,35.417922,568.12,-0.00316203
2013,94,3,226.06,115.208396,35.417922,508.32,0.00150899
2013,94,4,301.42,115.207722,35.417652,568.12,0.00317098
2013,95,0,0.00,115.334924,35.547010,1166.14,0.00000000
2013,95,1,61.09,115.334250,35.547010,1046.54,0.00000000
2013,95,2,122.18,115.333576,35.547010,702.67,0.00000000
2013,96,0,0.00,115.334924,35.547010,209.31,0.00114114
2013,96,1,96.31,115.335387,35.547743,194.36,0.00057057
2013,96,2,192.63,115.335642,35.548536,224.26,-0.00057057
2013,96,3,288.94,115.336106,35.549269,209.31,-0.00069766
2013,96,4,385.25,115.336569,35.550002,239.21,0.00057057
2013,96,5,481.57,115.337080,35.550722,194.36,0.00005464
2013,96,6,577.88,115.337288,35.551529,224.26,-0.00275886
2013,96,7,674.20,115.338001,35.552130,239.21,-0.00134059
2013,96,8,770.51,115.338830,35.552532,328.91,0.00218829
2013,96,9,866.82,115.339293,35.553265,269.11,0.00033225
2013,96,10,963.14,115.339757,35.553998,284.06,-0.00161374
2013,96,11,1059.45,115.340528,35.554500,284.06,-0.00000000
2013,96,12,1155.76,115.341200,35.555172,299.01,0.00053295
2013,96,13,1252.08,115.341872,35.555844,313.96,0.00000000
2013,96,14,1348.39,115.342544,35.556517,313.96,-0.00110750
2013,96,15,1444.70,115.343217,35.557189,313.96,-0.00233534
2013,96,16,1541.02,115.344087,35.557520,388.71,-0.00245567
2013,97,0,0.00,115.209339,35.420347,1091.39,0.00784865
2013,97,1,61.46,115.209328,35.420898,149.51,0.00825838
2013,97,2,122.91,115.208800,35.421156,702.67,0.00866812
2013,98,0,0.00,115.209339,35.420347,747.53,0.00100081
2013,98,1,92.49,115.208694,35.420453,717.63,0.00362439
2013,98,2,184.98,115.207852,35.420476,493.37,0.00634073
2013,98,3,277.48,115.207207,35.419831,762.48,0.00556684
2013,98,4,369.97,115.206914,35.419083,1031.59,0.00506403
2013,98,5,462.46,115.207077,35.418297,1539.90,0.00408042
2013,98,6,554.95,115.207722,35.417652,1255.84,0.00273295
2013,99,0,0.00,115.207722,35.417652,523.27,-0.00176283
2013,99,1,75.35,115.207197,35.417127,463.47,-0.00277482
2013,99,2,150.71,115.206573,35.416772,523.27,-0.00396136
2013,99,3,226.06,115.205857,35.416574,508.32,-0.00309615
2013,99,4,301.42,115.205028,35.416574,508.32,-0.00205640
