year,link_id,sample_idx,s_m,lon,lat,B_m,C_1m
2021,0,0,0.00,115.860977,35.904898,971.78,0.01151279
2021,0,1,31.44,115.861297,35.904948,1210.99,0.01111244
2021,0,2,62.88,115.861516,35.905168,1151.19,0.01071208
2021,1,0,0.00,115.861516,35.905168,642.87,-0.00115640
2021,1,1,99.73,115.862412,35.904811,598.02,-0.00167274
2021,1,2,199.46,115.863209,35.904284,612.97,-0.00056175
2021,1,3,299.20,115.863906,35.903587,627.92,0.00053279
2021,1,4,398.93,115.864802,35.903230,642.87,-0.00053279
2021,1,5,498.66,115.865499,35.902532,657.82,0.00056175
2021,1,6,598.39,115.866296,35.902005,687.72,0.00109454
2021,1,7,698.12,115.867192,35.901648,657.82,-0.00056175
2021,1,8,797.86,115.867988,35.901121,717.63,-0.00056175
2021,1,9,897.59,115.868785,35.900594,717.63,0.00000000
2021,1,10,997.32,115.869582,35.900067,717.63,0.00056175
2021,1,11,1097.05,115.870378,35.899540,702.67,0.00056175
2021,1,12,1196.78,115.871274,35.899183,702.67,-0.00056175
2021,1,13,1296.51,115.872071,35.898656,717.63,-0.00056175
2021,1,14,1396.25,115.872867,35.898129,717.63,-0.00053279
2021,1,15,1495.98,115.873664,35.897602,657.82,-0.00102789
2021,1,16,1595.71,115.874361,35.896904,672.77,0.00053279
2021,1,17,1695.44,115.875058,35.896207,657.82,0.00116957
2021,1,18,1795.17,115.875954,35.895850,657.82,0.00000000
2021,1,19,1894.91,115.876677,35.895197,642.87,0.00027393
2021,1,20,1994.64,115.877548,35.894796,657.82,-0.00050872
2021,1,21,2094.37,115.878344,35.894269,657.82,-0.00041562
2021,1,22,2194.10,115.879046,35.893580,627.92,0.00104378
2021,1,23,2293.83,115.879937,35.893215,627.92,-0.00000000
2021,1,24,2393.57,115.880734,35.892688,612.97,-0.00106786
2021,1,25,2493.30,115.881531,35.892160,583.07,-0.00053279
2021,1,26,2593.03,115.882228,35.891463,538.22,-0.00000000
2021,1,27,2692.76,115.883024,35.890936,523.27,-0.00000000
2021,1,28,2792.49,115.883722,35.890239,448.52,0.00000000
2021,1,29,2892.22,115.884518,35.889712,418.61,-0.00008539
2021,1,30,2991.96,115.885215,35.889015,328.91,0.00053279
2021,1,31,3091.69,115.885995,35.888459,224.26,-0.00142282
2021,1,32,3191.42,115.886809,35.887960,254.16,-0.00309463
2021,1,33,3291.15,115.886879,35.887082,313.96,-0.00049092
2021,1,34,3390.88,115.887367,35.886324,313.96,-0.00000000
2021,1,35,3490.62,115.887657,35.885509,493.37,-0.00109569
2021,1,36,3590.35,115.887925,35.884688,553.17,-0.00250492
2021,1,37,3690.08,115.887979,35.883930,583.07,-0.00324544
2021,1,38,3789.81,115.887491,35.883173,568.12,-0.00178772
2021,1,39,3889.54,115.887003,35.882415,538.22,-0.00100351
2021,1,40,3989.28,115.886306,35.881718,538.22,-0.00000000
2021,1,41,4089.01,115.885609,35.881021,538.22,0.00048931
2021,1,42,4188.74,115.885121,35.880263,478.42,-0.00048931
2021,1,43,4288.47,115.884423,35.879566,418.61,-0.00097862
2021,10,0,0.00,115.872566,35.869595,403.66,-0.00100314
2021,10,1,99.11,115.871873,35.868902,418.61,-0.00056810
2021,10,2,198.22,115.871081,35.868379,403.66,0.00000000
2021,10,3,297.34,115.870375,35.867708,448.52,0.00051019
2021,10,4,396.45,115.869596,35.867164,388.71,0.00050157
2021,10,5,495.56,115.869062,35.866425,418.61,-0.00086987
2021,10,6,594.67,115.868320,35.865888,433.57,-0.00050157
2021,10,7,693.79,115.867528,35.865365,463.47,0.00092778
2021,10,8,792.90,115.866835,35.864673,463.47,0.00000000
2021,10,9,892.01,115.866143,35.863980,493.37,-0.00079072
2021,10,10,991.12,115.865351,35.863457,493.37,-0.00000000
2021,10,11,1090.24,115.864604,35.862857,463.47,0.00056690
2021,10,12,1189.35,115.863866,35.862242,463.47,0.00050157
2021,10,13,1288.46,115.863173,35.861549,463.47,-0.00027775
2021,10,14,1387.57,115.862480,35.860857,463.47,-0.00104151
2021,10,15,1486.69,115.861688,35.860334,448.52,-0.00053994
2021,10,16,1585.80,115.860896,35.859811,463.47,-0.00000000
2021,10,17,1684.91,115.860104,35.859289,448.52,0.00053994
2021,10,18,1784.02,115.859312,35.858766,493.37,0.00053994
2021,10,19,1883.14,115.858619,35.858074,493.37,-0.00110670
2021,10,20,1982.25,115.857827,35.857551,493.37,-0.00053994
2021,10,21,2081.36,115.856936,35.857198,478.42,0.00110442
2021,10,22,2180.47,115.856243,35.856506,463.47,0.00000000
2021,10,23,2279.59,115.855451,35.855983,448.52,-0.00053766
2021,10,24,2378.70,115.854659,35.855461,448.52,-0.00000000
2021,10,25,2477.81,115.853867,35.854938,478.42,0.00000000
2021,10,26,2576.92,115.853075,35.854415,433.57,0.00000000
2021,10,27,2676.03,115.852283,35.853893,418.61,-0.00056929
2021,10,28,2775.15,115.851490,35.853370,373.76,-0.00098559
2021,10,29,2874.26,115.850599,35.853018,328.91,0.00056929
2021,10,30,2973.37,115.849736,35.852616,299.01,0.00109230
2021,10,31,3072.48,115.849015,35.851973,284.06,-0.00056929
2021,10,32,3171.60,115.848171,35.851538,254.16,-0.00037741
2021,10,33,3270.71,115.847331,35.851098,239.21,0.00010751
2021,10,34,3369.82,115.846539,35.850575,254.16,-0.00029859
2021,10,35,3468.93,115.845666,35.850191,224.26,-0.00080277
2021,10,36,3568.05,115.844856,35.849700,254.16,-0.00189922
2021,10,37,3667.16,115.843865,35.849518,269.11,-0.00177604
2021,10,38,3766.27,115.842847,35.849382,299.01,-0.00015466
2021,10,39,3865.38,115.841749,35.849382,328.91,0.00041742
2021,10,40,3964.50,115.840809,35.849113,358.81,-0.00130324
2021,10,41,4063.61,115.839712,35.849113,418.61,-0.00162537
2021,10,42,4162.72,115.838712,35.849280,433.57,0.00019201
2021,10,43,4261.83,115.837675,35.849382,508.32,0.00000000
2021,10,44,4360.95,115.836578,35.849382,568.12,-0.00171025
2021,10,45,4460.06,115.835638,35.849652,538.22,-0.00148314
2021,10,46,4559.17,115.834749,35.850009,553.17,-0.00032840
2021,10,47,4658.28,115.833858,35.850361,538.22,0.00024571
2021,10,48,4757.40,115.832976,35.850730,538.22,0.00062880
2021,10,49,4856.51,115.832036,35.850999,553.17,-0.00046120
2021,10,50,4955.62,115.831096,35.851269,568.12,-0.00093018
2021,10,51,5054.73,115.830292,35.851771,568.12,0.00067618
2021,10,52,5153.85,115.829374,35.852077,553.17,0.00019853
2021,10,53,5252.96,115.828434,35.852347,568.12,-0.00080344
2021,10,54,5352.07,115.827618,35.852828,538.22,0.00053387
2021,10,55,5451.18,115.826711,35.853155,553.17,0.00093018
2021,10,56,5550.29,115.825771,35.853425,493.37,0.00019778
2021,10,57,5649.41,115.824832,35.853694,493.37,0.00000000
2021,10,58,5748.52,115.823892,35.853964,493.37,0.00023916
2021,10,59,5847.63,115.822952,35.854233,463.47,-0.00000000
2021,10,60,5946.74,115.821971,35.854433,478.42,-0.00022467
2021,10,61,6045.86,115.821072,35.854772,433.57,0.00054509
2021,10,62,6144.97,115.820089,35.854967,403.66,-0.00000000
2021,10,63,6244.08,115.819098,35.855150,418.61,-0.00053060
2021,10,64,6343.19,115.818206,35.855502,403.66,0.00062642
2021,10,65,6442.31,115.817216,35.855684,418.61,-0.00058689
2021,10,66,6541.42,115.816215,35.855850,418.61,-0.00247508
2021,10,67,6640.53,115.815433,35.856389,478.42,-0.00252353
2021,100,0,0.00,115.400950,35.583122,1794.06,0.00000000
2021,100,1,81.42,115.401848,35.583122,1794.06,0.00000000
2021,100,2,162.84,115.402747,35.583122,1644.56,0.00000000
2021,100,3,244.26,115.403645,35.583122,822.28,0.00000000
2021,101,0,0.00,115.400950,35.583122,463.47,0.00000000
2021,101,1,98.41,115.400681,35.582313,478.42,0.00000000
2021,101,2,196.82,115.400411,35.581505,463.47,0.00000000
2021,102,0,0.00,115.400411,35.581505,478.42,0.00000000
2021,102,1,97.86,115.400411,35.580623,478.42,0.00000000
2021,102,2,195.73,115.400411,35.579741,538.22,-0.00066361
2021,102,3,293.59,115.400411,35.578859,538.22,-0.00136641
2021,102,4,391.45,115.400142,35.578055,493.37,0.00000000
2021,102,5,489.32,115.399872,35.577252,553.17,0.00070279
2021,102,6,587.18,115.399872,35.576370,508.32,-0.00070279
2021,102,7,685.04,115.399603,35.575566,493.37,-0.00070279
2021,102,8,782.91,115.399333,35.574763,508.32,0.00001016
2021,102,9,880.77,115.399064,35.573959,493.37,0.00056665
2021,102,10,978.64,115.398798,35.573154,478.42,0.00068287
2021,102,11,1076.50,115.398741,35.572289,448.52,-0.00042607
2021,102,12,1174.36,115.398525,35.571470,433.57,0.00000977
2021,102,13,1272.23,115.398255,35.570666,388.71,0.00056221
2021,102,14,1370.09,115.398255,35.569784,388.71,-0.00070279
2021,102,15,1467.95,115.397986,35.568981,373.76,0.00000000
2021,102,16,1565.82,115.397716,35.568177,343.86,0.00136641
2021,102,17,1663.68,115.397716,35.567295,328.91,0.00066361
2021,102,18,1761.54,115.397716,35.566413,299.01,0.00000000
2021,103,0,0.00,115.400411,35.581505,717.63,0.00000000
2021,103,1,19.30,115.400276,35.581640,747.53,0.00000000
2021,103,2,38.61,115.400142,35.581774,702.67,0.00000000
2021,104,0,0.00,115.397716,35.566413,328.91,0.00277695
2021,104,1,91.44,115.397177,35.565888,284.06,0.00305232
2021,104,2,182.88,115.396967,35.565125,239.21,0.00051578
2021,104,3,274.33,115.396908,35.564318,269.11,-0.00164038
2021,104,4,365.77,115.396316,35.563666,254.16,0.00049868
2021,104,5,457.21,115.396096,35.562906,209.31,0.00002153
2021,104,6,548.65,115.395830,35.562159,209.31,-0.00161846
2021,104,7,640.10,115.395291,35.561492,209.31,-0.00206439
2021,104,8,731.54,115.394807,35.560809,284.06,-0.00331579
2021,104,9,822.98,115.393987,35.560484,343.86,-0.00212465
2021,104,10,914.42,115.393135,35.560215,433.57,-0.00044850
2021,105,0,0.00,115.397716,35.566413,598.02,0.00461675
2021,105,1,87.47,115.398368,35.565874,1599.71,0.00452244
2021,105,2,174.95,115.399333,35.565874,852.18,0.00442814
2021,106,0,0.00,115.393135,35.560215,867.13,-0.00217520
2021,106,1,79.11,115.392865,35.560849,1061.49,-0.00211147
2021,106,2,158.22,115.392865,35.561562,822.28,-0.00204775
2021,107,0,0.00,115.393135,35.560215,568.12,0.00000000
2021,107,1,57.92,115.392730,35.559811,1136.24,0.00000000
2021,107,2,115.84,115.392326,35.559406,1151.19,0.00000000
2021,108,0,0.00,115.392326,35.559406,777.43,0.00369204
2021,108,1,53.56,115.392491,35.558972,702.67,0.00358500
2021,108,2,107.13,115.392865,35.558598,672.77,0.00347797
2021,109,0,0.00,115.392326,35.559406,538.22,0.00023019
2021,109,1,97.36,115.391409,35.559676,463.47,-0.00000000
2021,109,2,194.73,115.390472,35.559913,493.37,-0.00023070
2021,109,3,292.09,115.389574,35.560215,478.42,-0.00096309
2021,109,4,389.45,115.388656,35.560484,448.52,-0.00084749
2021,109,5,486.81,115.387895,35.561023,463.47,-0.00040372
2021,109,6,584.18,115.386977,35.561293,463.47,-0.00064205
2021,109,7,681.54,115.386283,35.561946,478.42,0.00081321
2021,109,8,778.90,115.385405,35.562285,478.42,0.00050361
2021,109,9,876.27,115.384538,35.562640,478.42,-0.00040950
2021,109,10,973.63,115.383749,35.563132,523.27,0.00060844
2021,109,11,1070.99,115.382859,35.563449,493.37,-0.00000000
2021,109,12,1168.35,115.381994,35.563809,538.22,-0.00060844
2021,109,13,1265.72,115.381180,35.564257,568.12,0.00000000
2021,109,14,1363.08,115.380338,35.564657,568.12,-0.00000000
2021,109,15,1460.44,115.379502,35.565066,568.12,-0.00000000
2021,109,16,1557.80,115.378682,35.565504,538.22,0.00060844
2021,109,17,1655.17,115.377823,35.565874,508.32,-0.00002775
2021,109,18,1752.53,115.376927,35.566181,508.32,-0.00060844
2021,109,19,1849.89,115.376149,35.566690,508.32,0.00005552
2021,109,20,1947.26,115.375271,35.567029,478.42,0.00000000
2021,109,21,2044.62,115.374466,35.567491,478.42,-0.00002778
2021,109,22,2141.98,115.373615,35.567876,478.42,0.00055247
2021,109,23,2239.34,115.372787,35.568300,448.52,0.00077294
2021,109,24,2336.71,115.371869,35.568569,433.57,-0.00049719
2021,109,25,2434.07,115.370983,35.568892,403.66,-0.00091138
2021,109,26,2531.43,115.370204,35.569401,373.76,0.00016656
2021,109,27,2628.80,115.369327,35.569740,373.76,-0.00059207
2021,109,28,2726.16,115.368512,35.570186,328.91,-0.00101539
2021,109,29,2823.52,115.367770,35.570758,269.11,0.00180870
2021,109,30,2920.88,115.366990,35.571264,239.21,0.00366722
2021,109,31,3018.25,115.365916,35.571264,269.11,0.00331408
2021,11,0,0.00,115.815433,35.856389,1554.85,0.00157326
2021,11,1,97.29,115.815433,35.857266,971.78,0.00314782
2021,11,2,194.59,115.815118,35.858052,568.12,0.00533579
2021,11,3,291.88,115.814329,35.858545,373.76,0.00756946
2021,11,4,389.18,115.813559,35.858558,538.22,0.00651101
2021,11,5,486.47,115.812879,35.857878,1166.14,0.00191614
2021,11,6,583.77,115.812199,35.857198,1121.29,0.00000000
2021,110,0,0.00,115.365916,35.571264,1539.90,0.00723690
2021,110,1,57.92,115.365512,35.570860,1046.54,0.00820934
2021,110,2,115.83,115.365646,35.570456,373.76,0.00918179
2021,111,0,0.00,115.365916,35.571264,239.21,0.00081818
2021,111,1,93.56,115.365197,35.571803,239.21,0.00127055
2021,111,2,187.12,115.364412,35.572229,224.26,0.00222791
2021,111,3,280.67,115.363561,35.572541,284.06,0.00152431
2021,111,4,374.23,115.362570,35.572612,299.01,0.00041497
2021,111,5,467.79,115.361694,35.572881,328.91,0.00066530
2021,111,6,561.35,115.360662,35.572881,388.71,0.00158216
2021,111,7,654.91,115.359860,35.573024,418.61,0.00342098
2021,111,8,748.47,115.359009,35.572712,403.66,0.00224701
2021,111,9,842.02,115.358257,35.572229,403.66,0.00064368
2021,111,10,935.58,115.357406,35.571917,373.76,0.00181960
2021,111,11,1029.14,115.356753,35.571264,373.76,0.00235184
2021,112,0,0.00,115.356753,35.571264,388.71,0.00537456
2021,112,1,77.99,115.356011,35.571061,373.76,0.00526867
2021,112,2,155.98,115.355675,35.570456,418.61,0.00516278
2021,113,0,0.00,115.356753,35.571264,1480.10,-0.00134652
2021,113,1,96.12,115.357424,35.570593,1554.85,-0.00444301
2021,113,2,192.24,115.357831,35.569845,478.42,-0.01080101
2021,113,3,288.36,115.357170,35.569378,538.22,-0.01105314
2021,113,4,384.48,115.356346,35.569785,1599.71,-0.00486787
2021,113,5,480.60,115.355675,35.570456,1614.66,-0.00169200
2021,114,0,0.00,115.355675,35.570456,418.61,-0.00000000
2021,114,1,95.97,115.354929,35.569917,418.61,0.00017331
2021,114,2,191.93,115.354184,35.569378,433.57,0.00003979
2021,114,3,287.90,115.353468,35.568787,373.76,0.00049300
2021,114,4,383.87,115.352699,35.568288,358.81,0.00152225
2021,114,5,479.83,115.352172,35.567577,299.01,0.00035462
2021,114,6,575.80,115.351704,35.566952,328.91,-0.00085797
2021,114,7,671.77,115.351008,35.566327,313.96,-0.00017946
2021,114,8,767.74,115.350338,35.565658,299.01,0.00066782
2021,114,9,863.70,115.349668,35.564988,313.96,0.00108865
2021,114,10,959.67,115.349207,35.564257,299.01,0.00111645
2021,115,0,0.00,115.349207,35.564257,388.71,0.00343246
2021,115,1,96.29,115.348337,35.563926,239.21,0.00341791
2021,115,2,192.57,115.347860,35.563198,239.21,0.00174013
2021,115,3,288.86,115.347411,35.562461,284.06,0.00081640
2021,115,4,385.15,115.346947,35.561728,328.91,0.00130868
2021,115,5,481.43,115.346782,35.560908,358.81,0.00024702
2021,115,6,577.72,115.346512,35.560119,403.66,-0.00028371
2021,115,7,674.01,115.346243,35.559330,463.47,-0.00000000
2021,115,8,770.29,115.345973,35.558540,508.32,-0.00000000
2021,115,9,866.58,115.345704,35.557751,553.17,0.00000000
2021,115,10,962.87,115.345434,35.556962,583.07,0.00000000
2021,115,11,1059.15,115.345165,35.556172,598.02,0.00000000
2021,116,0,0.00,115.349207,35.564257,1510.00,-0.00222214
2021,116,1,78.48,115.349755,35.563709,762.48,-0.00335918
2021,116,2,156.96,115.350016,35.563078,328.91,-0.00325359
2021,116,3,235.44,115.350016,35.562371,269.11,-0.00201096
2021,117,0,0.00,115.345165,35.556172,598.02,0.00000000
2021,117,1,89.28,115.345165,35.555368,568.12,-0.00058771
2021,117,2,178.57,115.345165,35.554563,538.22,-0.00080013
2021,117,3,267.85,115.344965,35.553816,538.22,0.00119107
2021,117,4,357.14,115.344895,35.553032,523.27,0.00160027
2021,117,5,446.42,115.345165,35.552306,478.42,-0.00060336
2021,117,6,535.71,115.345165,35.551501,448.52,-0.00080013
2021,117,7,624.99,115.345165,35.550696,418.61,0.00080013
2021,117,8,714.27,115.345165,35.549892,418.61,0.00164901
2021,117,9,803.56,115.345434,35.549165,418.61,0.00169775
2021,118,0,0.00,115.345165,35.556172,1554.85,-0.00530557
2021,118,1,55.96,115.344548,35.556172,1495.05,-0.00555047
2021,118,2,111.92,115.344087,35.556442,956.83,-0.00579537
2021,119,0,0.00,115.345434,35.549165,478.42,0.00000000
2021,119,1,85.38,115.346030,35.548570,463.47,0.00068184
2021,119,2,170.75,115.346626,35.547974,523.27,0.00142171
2021,119,3,256.13,115.347321,35.547549,313.96,0.00147974
2021,12,0,0.00,115.815433,35.856389,478.42,0.00000000
2021,12,1,94.72,115.814699,35.856389,418.61,-0.00089225
2021,12,2,189.44,115.813650,35.856389,388.71,-0.00316764
2021,12,3,284.16,115.812759,35.856659,388.71,-0.00369273
2021,12,4,378.87,115.812199,35.857198,463.47,-0.00283468
2021,120,0,0.00,115.345434,35.549165,418.61,0.00198961
2021,120,1,82.64,115.345165,35.548499,418.61,0.00193158
2021,120,2,165.28,115.345165,35.547754,373.76,0.00093677
2021,120,3,247.92,115.345165,35.547010,269.11,0.00000000
2021,121,0,0.00,115.344087,35.556442,732.58,-0.00000000
2021,121,1,77.23,115.343548,35.556981,747.53,-0.00000000
2021,121,2,154.46,115.343009,35.557520,747.53,-0.00000000
2021,121,3,231.69,115.342470,35.558059,792.38,0.00000000
2021,122,0,0.00,115.344087,35.556442,1031.59,-0.00295099
2021,122,1,78.03,115.343383,35.556172,1225.94,-0.00280648
2021,122,2,156.06,115.342522,35.556172,687.72,-0.00133098
2021,122,3,234.09,115.341661,35.556172,,0.00000000
2021,123,0,0.00,115.345165,35.547010,867.13,0.00136264
2021,123,1,88.80,115.344446,35.546560,717.63,0.00000000
2021,123,2,177.59,115.343826,35.545941,717.63,-0.00213307
2021,123,3,266.39,115.343009,35.545662,538.22,-0.00290351
2021,124,0,0.00,115.345165,35.547010,403.66,-0.00090169
2021,124,1,88.45,115.345434,35.546291,373.76,0.00000000
2021,124,2,176.90,115.345565,35.545532,343.86,0.00135653
2021,124,3,265.35,115.345973,35.544854,373.76,0.00181137
2021,125,0,0.00,115.345973,35.544854,822.28,0.00043691
2021,125,1,79.35,115.346626,35.545237,867.13,-0.00182547
2021,125,2,158.69,115.347254,35.545662,717.63,-0.00414393
2021,125,3,238.04,115.348129,35.545662,313.96,-0.00420001
2021,126,0,0.00,115.345973,35.544854,1360.50,-0.00206362
2021,126,1,92.62,115.345108,35.544584,1794.06,-0.00196596
2021,126,2,185.24,115.344087,35.544584,822.28,-0.00186831
2021,127,0,0.00,115.345973,35.544854,343.86,-0.00136031
2021,127,1,99.46,115.346243,35.544036,403.66,-0.00132260
2021,127,2,198.91,115.346243,35.543139,373.76,-0.00064894
2021,127,3,298.37,115.346243,35.542243,299.01,-0.00064245
2021,127,4,397.83,115.346240,35.541347,328.91,-0.00082315
2021,127,5,497.29,115.345973,35.540529,328.91,0.00000000
2021,127,6,596.74,115.345895,35.539655,328.91,-0.00029304
2021,127,7,696.20,115.345704,35.538814,358.81,-0.00093747
2021,127,8,795.66,115.345434,35.537997,343.86,-0.00089497
2021,127,9,895.12,115.345065,35.537208,388.71,-0.00031831
2021,127,10,994.57,115.344626,35.536439,403.66,0.00000000
2021,127,11,1094.03,115.344303,35.535637,493.37,-0.00053439
2021,127,12,1193.49,115.343817,35.534882,508.32,-0.00082992
2021,128,0,0.00,115.343817,35.534882,478.42,0.00099513
2021,128,1,90.95,115.343600,35.534126,403.66,0.00112415
2021,128,2,181.89,115.343548,35.533321,448.52,0.00000000
2021,128,3,272.84,115.343548,35.532502,448.52,-0.00062659
2021,128,4,363.79,115.343278,35.531761,448.52,0.00077086
2021,128,5,454.73,115.343278,35.530941,478.42,0.00000000
2021,128,6,545.68,115.343278,35.530121,478.42,-0.00077086
2021,128,7,636.62,115.343009,35.529380,478.42,-0.00000000
2021,128,8,727.57,115.343009,35.528560,478.42,-0.00015550
2021,128,9,818.52,115.342739,35.527819,478.42,-0.00000000
2021,128,10,909.46,115.342687,35.527015,598.02,-0.00034206
2021,128,11,1000.41,115.342470,35.526258,612.97,-0.00099513
2021,129,0,0.00,115.343817,35.534882,1016.64,0.00133787
2021,129,1,95.65,115.343051,35.535379,1225.94,0.00248545
2021,129,2,191.29,115.342177,35.535691,1151.19,0.00283665
2021,129,3,286.94,115.341122,35.535691,523.27,0.00204027
2021,130,0,0.00,115.342470,35.526258,1794.06,-0.00311251
2021,130,1,91.47,115.341461,35.526258,1210.99,-0.00408725
2021,130,2,182.93,115.340699,35.526682,807.33,-0.00208219
2021,130,3,274.40,115.340060,35.527320,971.78,-0.00075337
2021,130,4,365.86,115.339236,35.527621,672.77,-0.00418640
2021,130,5,457.33,115.339003,35.528377,478.42,-0.00364551
2021,130,6,548.79,115.338966,35.529191,478.42,-0.00076201
2021,130,7,640.26,115.338966,35.530015,478.42,-0.00010072
2021,130,8,731.72,115.338966,35.530840,478.42,0.00000000
2021,131,0,0.00,115.342470,35.526258,538.22,-0.00160132
2021,131,1,91.88,115.342739,35.525509,523.27,-0.00155569
2021,131,2,183.76,115.342739,35.524681,493.37,-0.00075503
2021,131,3,275.64,115.342739,35.523853,418.61,0.00000000
2021,131,4,367.53,115.342739,35.523025,373.76,0.00000000
2021,132,0,0.00,115.342739,35.523025,732.58,0.00117365
2021,132,1,95.36,115.341975,35.522530,598.02,0.00166841
2021,132,2,190.71,115.341310,35.521864,433.57,0.00164742
2021,132,3,286.07,115.340853,35.521138,313.96,0.00113167
2021,133,0,0.00,115.342739,35.523025,448.52,-0.00341672
2021,133,1,88.95,115.343278,35.522380,373.76,-0.00337067
2021,133,2,177.91,115.343278,35.521578,343.86,-0.00166231
2021,133,3,266.86,115.343278,35.520776,239.21,-0.00080655
2021,133,4,355.81,115.343278,35.519975,299.01,-0.00166231
2021,133,5,444.77,115.343009,35.519252,343.86,-0.00171152
2021,134,0,0.00,115.343009,35.519252,448.52,-0.00125822
2021,134,1,94.60,115.342250,35.518762,1061.49,-0.00127452
2021,134,2,189.20,115.341392,35.518443,747.53,-0.00129081
2021,135,0,0.00,115.343009,35.519252,343.86,-0.00000000
2021,135,1,78.49,115.343278,35.518623,343.86,-0.00000000
2021,135,2,156.98,115.343548,35.517994,269.11,0.00000000
2021,135,3,235.47,115.343817,35.517365,284.06,0.00000000
2021,136,0,0.00,115.343817,35.517365,1794.06,-0.00288831
2021,136,1,83.52,115.344738,35.517365,911.98,-0.00649533
2021,136,2,167.03,115.345434,35.517040,358.81,-0.00795984
2021,136,3,250.55,115.345434,35.516287,448.52,-0.00581733
2021,137,0,0.00,115.343817,35.517365,328.91,0.00000000
2021,137,1,98.42,115.343548,35.516557,418.61,0.00000000
2021,137,2,196.85,115.343278,35.515748,433.57,0.00000000
2021,138,0,0.00,115.345434,35.516287,642.87,0.00000000
2021,138,1,96.56,115.344760,35.515613,598.02,0.00000000
2021,138,2,193.11,115.344087,35.514940,777.43,0.00000000
2021,139,0,0.00,115.345434,35.516287,598.02,-0.00144696
2021,139,1,86.30,115.346135,35.515856,583.07,-0.00426293
2021,139,2,172.60,115.346737,35.515253,358.81,-0.00771048
2021,139,3,258.91,115.346432,35.514590,523.27,-0.00506934
2021,139,4,345.21,115.345830,35.513988,672.77,-0.00089830
2021,139,5,431.51,115.345228,35.513386,1001.69,-0.00000000
2021,139,6,517.81,115.344626,35.512784,1001.69,0.00000000
2021,14,0,0.00,115.812199,35.857198,478.42,-0.00000000
2021,14,1,97.07,115.811222,35.857366,478.42,-0.00011908
2021,14,2,194.15,115.810246,35.857534,433.57,-0.00047340
2021,14,3,291.22,115.809289,35.857737,403.66,0.00034414
2021,14,4,388.30,115.808372,35.858006,418.61,0.00092687
2021,14,5,485.37,115.807297,35.858006,448.52,-0.00000000
2021,14,6,582.45,115.806339,35.858206,403.66,0.00010959
2021,14,7,679.52,115.805305,35.858276,448.52,0.00000000
2021,14,8,776.60,115.804287,35.858372,403.66,-0.00093094
2021,14,9,873.67,115.803313,35.858545,433.57,-0.00000000
2021,14,10,970.75,115.802396,35.858815,448.52,0.00059294
2021,14,11,1067.82,115.801321,35.858815,448.52,0.00000000
2021,14,12,1164.90,115.800404,35.859084,418.61,-0.00000000
2021,14,13,1261.97,115.799329,35.859084,478.42,-0.00000000
2021,14,14,1359.05,115.798411,35.859354,448.52,0.00084820
2021,14,15,1456.12,115.797337,35.859354,448.52,0.00084820
2021,14,16,1553.20,115.796262,35.859354,478.42,0.00000000
2021,14,17,1650.27,115.795187,35.859354,448.52,-0.00084820
2021,14,18,1747.35,115.794112,35.859354,463.47,-0.00084820
2021,14,19,1844.42,115.793195,35.859623,478.42,0.00084820
2021,14,20,1941.50,115.792120,35.859623,478.42,0.00084820
2021,14,21,2038.57,115.791046,35.859623,448.52,0.00000000
2021,14,22,2135.65,115.789971,35.859623,478.42,0.00000000
2021,14,23,2232.72,115.788896,35.859623,478.42,-0.00084820
2021,14,24,2329.80,115.787821,35.859623,478.42,-0.00084820
2021,14,25,2426.87,115.786904,35.859893,478.42,0.00084820
2021,14,26,2523.95,115.785829,35.859893,478.42,0.00084820
2021,14,27,2621.02,115.784755,35.859893,478.42,0.00000000
2021,14,28,2718.10,115.783680,35.859893,478.42,0.00000000
2021,14,29,2815.17,115.782605,35.859893,478.42,-0.00040869
2021,14,30,2912.25,115.781530,35.859893,478.42,-0.00075405
2021,14,31,3009.32,115.780534,35.860027,448.52,0.00085102
2021,14,32,3106.40,115.779557,35.860130,433.57,0.00064257
2021,14,33,3203.47,115.778621,35.859893,358.81,-0.00222617
2021,14,34,3300.55,115.777704,35.860162,358.81,-0.00334474
2021,140,0,0.00,115.343278,35.515748,1689.41,0.00347102
2021,140,1,55.98,115.342690,35.515699,1076.44,0.00357470
2021,140,2,111.96,115.342200,35.515479,1016.64,0.00367837
2021,141,0,0.00,115.343278,35.515748,403.66,0.00000000
2021,141,1,57.93,115.343682,35.515344,418.61,0.00000000
2021,141,2,115.87,115.344087,35.514940,508.32,0.00000000
2021,142,0,0.00,115.344087,35.514940,418.61,0.00000000
2021,142,1,89.70,115.344087,35.514131,448.52,0.00000000
2021,142,2,179.40,115.344087,35.513323,493.37,0.00000000
2021,144,0,0.00,115.344626,35.512784,508.32,0.00188590
2021,144,1,90.02,115.344895,35.512051,523.27,0.00140373
2021,144,2,180.03,115.345465,35.511406,523.27,0.00063721
2021,144,3,270.05,115.345884,35.510717,523.27,0.00017644
2021,144,4,360.06,115.346512,35.510089,538.22,-0.00063721
2021,144,5,450.08,115.346932,35.509400,523.27,-0.00063721
2021,144,6,540.09,115.347351,35.508711,478.42,0.00063721
2021,144,7,630.11,115.347771,35.508022,523.27,0.00124153
2021,144,8,720.13,115.348399,35.507394,523.27,0.00120863
2021,145,0,0.00,115.344626,35.512784,508.32,0.00000000
2021,145,1,38.62,115.344356,35.513053,642.87,0.00000000
2021,145,2,77.24,115.344087,35.513323,463.47,0.00000000
2021,146,0,0.00,115.344626,35.512784,1001.69,-0.00000000
2021,146,1,75.29,115.344100,35.512258,1106.34,-0.00277665
2021,146,2,150.59,115.343575,35.511733,1196.04,-0.00574511
2021,146,3,225.88,115.342761,35.511706,1061.49,-0.00310297
2021,146,4,301.18,115.341931,35.511706,254.16,-0.00026902
2021,147,0,0.00,115.344087,35.513323,1674.46,0.00000000
2021,147,1,99.74,115.343143,35.513053,1315.65,0.00000000
2021,147,2,199.48,115.342200,35.512784,493.37,0.00000000
2021,149,0,0.00,115.348399,35.507394,568.12,-0.00129295
2021,149,1,90.61,115.348822,35.506701,538.22,-0.00000000
2021,149,2,181.22,115.349037,35.505947,523.27,0.00127516
2021,149,3,271.83,115.349669,35.505315,508.32,0.00062869
2021,149,4,362.44,115.350093,35.504622,508.32,0.00059633
2021,149,5,453.04,115.350725,35.503989,508.32,-0.00000000
2021,149,6,543.65,115.351357,35.503357,508.32,-0.00132655
2021,149,7,634.26,115.351781,35.502664,478.42,-0.00127516
2021,149,8,724.87,115.352172,35.501961,493.37,0.00143609
2021,149,9,815.48,115.352420,35.501217,463.47,0.00452176
2021,149,10,906.09,115.353250,35.500926,478.42,0.00508144
2021,15,0,0.00,115.777704,35.860162,1510.00,0.00000000
2021,15,1,29.90,115.777704,35.860432,1435.25,0.00000000
2021,15,2,59.80,115.777704,35.860701,882.08,0.00000000
2021,150,0,0.00,115.348399,35.507394,1405.35,0.00000000
2021,150,1,76.27,115.348931,35.507926,1375.45,0.00000000
2021,150,2,152.54,115.349463,35.508458,1121.29,-0.00278285
2021,150,3,228.81,115.349995,35.508990,1614.66,-0.00560671
2021,150,4,305.09,115.350824,35.509011,837.23,-0.00564772
2021,151,0,0.00,115.353250,35.500926,478.42,-0.00132342
2021,151,1,84.93,115.353519,35.500239,433.57,0.00047739
2021,151,2,169.86,115.353600,35.499497,299.01,0.00286937
2021,151,3,254.79,115.354193,35.498905,313.96,-0.00000000
2021,151,4,339.72,115.354785,35.498312,299.01,-0.00286937
2021,151,5,424.65,115.354867,35.497570,284.06,-0.00047739
2021,151,6,509.58,115.355136,35.496884,299.01,0.00132342
2021,152,0,0.00,115.353250,35.500926,1240.89,-0.00570881
2021,152,1,74.65,115.353770,35.501447,1465.15,-0.00583900
2021,152,2,149.30,115.354583,35.501465,1031.59,-0.00307540
2021,152,3,223.95,115.355405,35.501465,702.67,-0.00018161
2021,153,0,0.00,115.355136,35.496884,1285.75,-0.00206119
2021,153,1,92.67,115.356001,35.497153,687.72,-0.00196372
2021,153,2,185.34,115.357022,35.497153,74.75,-0.00186626
2021,154,0,0.00,115.355136,35.496884,299.01,0.00204924
2021,154,1,79.11,115.355136,35.496170,313.96,0.00211309
2021,154,2,158.23,115.355405,35.495536,1031.59,0.00217695
2021,155,0,0.00,115.355405,35.495536,926.93,0.00249921
2021,155,1,80.44,115.356292,35.495536,717.63,0.00263438
2021,155,2,160.89,115.357022,35.495806,807.33,0.00276955
2021,156,0,0.00,115.355405,35.495536,358.81,0.00161416
2021,156,1,90.97,115.354867,35.494873,358.81,0.00101944
2021,156,2,181.95,115.354597,35.494132,433.57,-0.00147868
2021,156,3,272.92,115.354127,35.493449,493.37,-0.00280785
2021,156,4,363.89,115.353394,35.492985,523.27,-0.00179974
2021,156,5,454.87,115.352660,35.492521,612.97,-0.00138170
2021,156,6,545.84,115.351827,35.492228,583.07,-0.00119833
2021,156,7,636.81,115.350995,35.491934,612.97,-0.00059629
2021,156,8,727.79,115.350091,35.491763,627.92,0.00030308
2021,156,9,818.76,115.349245,35.491494,627.92,0.00039981
2021,156,10,909.74,115.348399,35.491224,717.63,-0.00000000
2021,157,0,0.00,115.348399,35.491224,717.63,0.00179522
2021,157,1,98.98,115.347464,35.491494,627.92,0.00089761
2021,157,2,197.96,115.346373,35.491494,627.92,0.00081473
2021,157,3,296.93,115.345439,35.491763,598.02,0.00162945
2021,157,4,395.91,115.344504,35.491494,598.02,0.00000000
2021,157,5,494.89,115.343413,35.491494,508.32,-0.00081473
2021,157,6,593.87,115.342323,35.491494,478.42,0.00000000
2021,157,7,692.85,115.341232,35.491494,538.22,0.00087428
2021,157,8,791.82,115.340141,35.491494,538.22,0.00171233
2021,157,9,890.80,115.339217,35.491206,553.17,-0.00011870
2021,157,10,989.78,115.338272,35.490955,538.22,-0.00089761
2021,157,11,1088.76,115.337181,35.490955,508.32,0.00005915
2021,157,12,1187.74,115.336247,35.490685,478.42,-0.00081473
2021,157,13,1286.71,115.335156,35.490685,448.52,0.00000000
2021,157,14,1385.69,115.334065,35.490685,448.52,0.00081473
2021,157,15,1484.67,115.333131,35.490416,418.61,-0.00000000
2021,157,16,1583.65,115.332040,35.490416,388.71,-0.00000000
2021,157,17,1682.63,115.331105,35.490146,358.81,0.00000000
2021,157,18,1781.61,115.330014,35.490146,388.71,0.00000000
2021,157,19,1880.58,115.329080,35.489877,328.91,-0.00000000
2021,157,20,1979.56,115.327989,35.489877,328.91,-0.00000000
2021,157,21,2078.54,115.327055,35.489607,388.71,-0.00067010
2021,157,22,2177.52,115.325964,35.489607,418.61,0.00000000
2021,157,23,2276.50,115.324902,35.489557,433.57,0.00139546
2021,157,24,2375.47,115.323938,35.489338,463.47,0.00089761
2021,157,25,2474.45,115.323004,35.489068,493.37,0.00017225
2021,157,26,2573.43,115.322069,35.488799,493.37,0.00000000
2021,157,27,2672.41,115.321135,35.488529,493.37,-0.00000000
2021,157,28,2771.39,115.320200,35.488260,568.12,-0.00000000
2021,157,29,2870.36,115.319266,35.487990,538.22,0.00002257
2021,157,30,2969.34,115.318331,35.487721,583.07,0.00029787
2021,157,31,3068.32,115.317400,35.487445,553.17,0.00088644
2021,157,32,3167.30,115.316512,35.487095,553.17,0.00033507
2021,157,33,3266.28,115.315683,35.486643,568.12,-0.00071488
2021,157,34,3365.25,115.314749,35.486373,553.17,0.00029873
2021,157,35,3464.23,115.313847,35.486047,538.22,0.00094609
2021,157,36,3563.21,115.313036,35.485565,583.07,-0.00000000
2021,157,37,3662.19,115.312169,35.485178,568.12,-0.00058851
2021,157,38,3761.17,115.311323,35.484756,538.22,-0.00063118
2021,157,39,3860.14,115.310393,35.484479,538.22,0.00035469
2021,157,40,3959.12,115.309504,35.484130,523.27,0.00032983
2021,157,41,4058.10,115.308675,35.483678,523.27,-0.00011875
2021,157,42,4157.08,115.307741,35.483409,493.37,0.00043231
2021,157,43,4256.06,115.306938,35.482912,478.42,-0.00023593
2021,157,44,4355.03,115.306050,35.482562,478.42,0.00064983
2021,157,45,4454.01,115.305162,35.482213,493.37,0.00220793
2021,157,46,4552.99,115.304471,35.481522,553.17,0.00209436
2021,158,0,0.00,115.348399,35.491224,1345.55,-0.00123241
2021,158,1,93.76,115.349053,35.490570,1240.89,-0.00235073
2021,158,2,187.52,115.349477,35.489849,1016.64,-0.00167191
2021,158,3,281.28,115.349527,35.489018,672.77,0.00296795
2021,158,4,375.04,115.349972,35.488303,956.83,0.00475793
2021,158,5,468.80,115.350824,35.487990,777.43,0.00370519
2021,159,0,0.00,115.304471,35.481522,508.32,-0.00085929
2021,159,1,91.99,115.303613,35.481253,448.52,0.00000000
2021,159,2,183.99,115.302693,35.481092,433.57,0.00086449
2021,159,3,275.98,115.301898,35.480714,448.52,0.00062217
2021,159,4,367.97,115.301041,35.480444,448.52,0.00031161
2021,159,5,459.97,115.300273,35.480020,463.47,0.00030954
2021,159,6,551.96,115.299434,35.479719,448.52,0.00065732
2021,159,7,643.95,115.298693,35.479248,418.61,0.00000000
2021,159,8,735.95,115.297923,35.478827,448.52,-0.00032622
2021,159,9,827.94,115.297113,35.478476,403.66,0.00000000
2021,159,10,919.93,115.296364,35.478019,388.71,0.00179440
2021,159,11,1011.93,115.295533,35.477705,388.71,0.00432884
2021,159,12,1103.92,115.295308,35.476941,493.37,0.00477716
2021,16,0,0.00,115.777704,35.860162,239.21,0.00163839
2021,16,1,98.73,115.776610,35.860162,358.81,0.00000000
2021,16,2,197.46,115.775675,35.859893,299.01,-0.00081920
2021,16,3,296.19,115.774739,35.860162,299.01,0.00081920
2021,16,4,394.92,115.773803,35.859893,269.11,0.00081920
2021,16,5,493.65,115.772710,35.859893,239.21,0.00090303
2021,16,6,592.38,115.771775,35.859623,179.41,0.00180607
2021,160,0,0.00,115.304471,35.481522,1794.06,-0.00355501
2021,160,1,87.13,115.305010,35.480894,1794.06,-0.00361190
2021,160,2,174.25,115.305010,35.480109,956.83,-0.00414558
2021,160,3,261.38,115.304977,35.479333,568.12,-0.00448995
2021,160,4,348.50,115.304310,35.478827,433.57,-0.00204781
2021,160,5,435.63,115.303663,35.478288,493.37,0.00026190
2021,161,0,0.00,115.295308,35.476941,448.52,0.00327780
2021,161,1,96.40,115.294246,35.476941,373.76,0.00284414
2021,161,2,192.81,115.293469,35.476449,328.91,0.00124129
2021,161,3,289.21,115.292599,35.476118,328.91,0.00064088
2021,161,4,385.61,115.291827,35.475616,328.91,0.00060484
2021,161,5,482.02,115.291056,35.475114,284.06,0.00000000
2021,161,6,578.42,115.290284,35.474612,284.06,0.00057373
2021,161,7,674.82,115.289513,35.474110,299.01,0.00110597
2021,161,8,771.23,115.288840,35.473438,224.26,0.00106448
2021,162,0,0.00,115.295308,35.476941,1076.44,-0.00134131
2021,162,1,89.49,115.296031,35.476487,1091.39,-0.00129030
2021,162,2,178.98,115.296656,35.475863,717.63,-0.00123930
2021,163,0,0.00,115.288840,35.473438,209.31,-0.00124898
2021,163,1,94.95,115.288079,35.472946,269.11,0.00054051
2021,163,2,189.89,115.287219,35.472625,328.91,0.00217893
2021,163,3,284.84,115.286765,35.471901,343.86,0.00005185
2021,163,4,379.79,115.286078,35.471282,403.66,-0.00082096
2021,163,5,474.73,115.285342,35.470747,388.71,0.00118135
2021,163,6,569.68,115.284679,35.470085,448.52,0.00210948
2021,163,7,664.63,115.284259,35.469352,508.32,0.00038840
2021,163,8,759.57,115.283980,35.468578,538.22,-0.00115906
2021,163,9,854.52,115.283318,35.467915,568.12,-0.00102068
2021,163,10,949.47,115.282864,35.467192,583.07,-0.00168390
2021,163,11,1044.41,115.282103,35.466700,687.72,-0.00228285
2021,164,0,0.00,115.288840,35.473438,1794.06,0.00000000
2021,164,1,38.63,115.289110,35.473168,1794.06,0.00000000
2021,164,2,77.26,115.289379,35.472899,867.13,0.00000000
2021,165,0,0.00,115.282103,35.466700,717.63,-0.00227658
2021,165,1,96.60,115.281846,35.465904,702.67,-0.00168947
2021,165,2,193.21,115.281172,35.465231,687.72,0.00000000
2021,165,3,289.81,115.280707,35.464496,702.67,0.00004789
2021,165,4,386.41,115.280242,35.463761,777.43,-0.00107497
2021,165,5,483.02,115.279678,35.463197,717.63,-0.00114335
2021,166,0,0.00,115.282103,35.466700,1465.15,0.00000000
2021,166,1,75.08,115.281579,35.467224,1569.81,0.00000000
2021,166,2,150.16,115.281055,35.467748,1390.40,-0.00087418
2021,166,3,225.24,115.280532,35.468271,1225.94,-0.00180027
2021,166,4,300.32,115.280217,35.468856,926.93,-0.00185217
2021,167,0,0.00,115.279678,35.463197,732.58,-0.00146833
2021,167,1,93.19,115.279678,35.462357,717.63,-0.00151255
2021,167,2,186.39,115.279408,35.461595,687.72,-0.00000000
2021,167,3,279.58,115.279139,35.460834,747.53,0.00151255
2021,167,4,372.77,115.279139,35.459994,747.53,0.00073416
2021,167,5,465.97,115.279139,35.459154,762.48,0.00000000
2021,168,0,0.00,115.279678,35.463197,1405.35,-0.00000000
2021,168,1,86.92,115.279071,35.463803,1390.40,-0.00000000
2021,168,2,173.84,115.278465,35.464409,1240.89,0.00000000
2021,168,3,260.76,115.277858,35.465016,1106.34,0.00000000
2021,168,4,347.68,115.277252,35.465622,941.88,0.00000000
2021,169,0,0.00,115.279139,35.459154,1031.59,0.00488548
2021,169,1,65.81,115.278581,35.458866,1031.59,0.00479978
2021,169,2,131.63,115.278330,35.458346,941.88,0.00471407
2021,17,0,0.00,115.771775,35.859623,1166.14,0.00000000
2021,17,1,59.80,115.771775,35.860162,971.78,0.00000000
2021,17,2,119.61,115.771775,35.860701,478.42,0.00000000
2021,170,0,0.00,115.279139,35.459154,1480.10,0.00000000
2021,170,1,93.56,115.279791,35.458502,1270.79,0.00023122
2021,170,2,187.13,115.280444,35.457849,1136.24,0.00160205
2021,170,3,280.69,115.281138,35.457268,1031.59,0.00197228
2021,170,4,374.26,115.282013,35.456998,448.52,-0.00239574
2021,170,5,467.82,115.282797,35.456574,1001.69,-0.00596053
2021,170,6,561.38,115.282911,35.455764,807.33,-0.00452698
2021,170,7,654.95,115.282763,35.454964,687.72,-0.00242451
2021,170,8,748.51,115.282319,35.454250,687.72,-0.00086087
2021,170,9,842.07,115.281875,35.453536,672.77,-0.00000000
2021,170,10,935.64,115.281431,35.452823,672.77,-0.00058874
2021,170,11,1029.20,115.280987,35.452109,672.77,-0.00058874
2021,170,12,1122.77,115.280334,35.451457,687.72,-0.00055894
2021,170,13,1216.33,115.279890,35.450743,657.82,-0.00173569
2021,170,14,1309.89,115.279139,35.450261,642.87,-0.00235351
2021,171,0,0.00,115.278330,35.458346,1076.44,0.00127453
2021,171,1,90.03,115.278750,35.457657,1300.70,0.00124160
2021,171,2,180.07,115.279378,35.457029,1225.94,-0.00063726
2021,171,3,270.10,115.280006,35.456401,1255.84,-0.00255222
2021,171,4,360.13,115.280217,35.455651,986.73,-0.00262124
2021,172,0,0.00,115.278330,35.458346,1539.90,0.00000000
2021,172,1,84.99,115.277737,35.458939,1420.30,0.00000000
2021,172,2,169.98,115.277144,35.459532,1435.25,-0.00000000
2021,172,3,254.97,115.276551,35.460124,1270.79,-0.00000000
2021,172,4,339.97,115.275958,35.460717,1106.34,0.00000000
2021,172,5,424.96,115.275366,35.461310,956.83,0.00000000
2021,173,0,0.00,115.278330,35.458346,897.03,-0.00006629
2021,173,1,88.88,115.277663,35.457807,792.38,0.00089907
2021,173,2,177.76,115.276991,35.457276,717.63,0.00257584
2021,173,3,266.64,115.276580,35.456596,732.58,0.00231570
2021,173,4,355.52,115.276377,35.455854,702.67,0.00067208
2021,173,5,444.40,115.276174,35.455112,687.72,-0.00000000
2021,174,0,0.00,115.279139,35.450261,583.07,-0.00468698
2021,174,1,66.72,115.279090,35.449674,523.27,-0.00576681
2021,174,2,133.45,115.278625,35.449208,598.02,-0.00466627
2021,174,3,200.17,115.278061,35.448914,598.02,-0.00248589
2021,175,0,0.00,115.279139,35.450261,209.31,0.00000000
2021,175,1,19.32,115.279004,35.450396,269.11,0.00000000
2021,175,2,38.63,115.278869,35.450530,269.11,0.00000000
2021,176,0,0.00,115.280217,35.455651,732.58,0.00730593
2021,176,1,72.90,115.279977,35.455081,882.08,0.00697243
2021,176,2,145.80,115.280486,35.454573,747.53,0.00663892
2021,177,0,0.00,115.280217,35.455651,1285.75,-0.00540763
2021,177,1,89.50,115.280841,35.455027,837.23,-0.00701140
2021,177,2,179.00,115.280486,35.454573,717.63,-0.00861517
2021,178,0,0.00,115.276174,35.455112,792.38,0.00488540
2021,178,1,65.82,115.275616,35.454823,777.43,0.00479972
2021,178,2,131.63,115.275366,35.454303,657.82,0.00471404
2021,179,0,0.00,115.276174,35.455112,1629.61,-0.00000000
2021,179,1,82.16,115.276747,35.454539,1599.71,-0.00000000
2021,179,2,164.32,115.277320,35.453966,1629.61,0.00000000
2021,179,3,246.48,115.277893,35.453393,1181.09,0.00073811
2021,179,4,328.64,115.278467,35.452819,538.22,0.00154065
2021,179,5,410.80,115.279139,35.452417,269.11,0.00160508
2021,18,0,0.00,115.771775,35.859623,179.41,-0.00000000
2021,18,1,97.81,115.770892,35.859280,224.26,0.00017042
2021,18,2,195.62,115.770010,35.858937,209.31,0.00060185
2021,18,3,293.44,115.769156,35.858545,254.16,0.00141906
2021,18,4,391.25,115.768345,35.858080,269.11,0.00114042
2021,18,5,489.06,115.767661,35.857396,388.71,0.00066808
2021,18,6,586.87,115.766878,35.856883,433.57,0.00205129
2021,18,7,684.68,115.766403,35.856139,403.66,0.00104456
2021,18,8,782.50,115.766115,35.855340,478.42,-0.00043254
2021,18,9,880.31,115.765454,35.854650,448.52,0.00110611
2021,18,10,978.12,115.765189,35.853846,448.52,0.00062543
2021,18,11,1075.93,115.764923,35.853041,448.52,-0.00055481
2021,18,12,1173.74,115.764498,35.852282,478.42,-0.00026586
2021,18,13,1271.56,115.764183,35.851492,493.37,-0.00000000
2021,18,14,1369.37,115.763708,35.850748,478.42,0.00068764
2021,18,15,1467.18,115.763442,35.849943,403.66,0.00055481
2021,18,16,1564.99,115.763177,35.849139,403.66,0.00054546
2021,18,17,1662.80,115.762911,35.848334,403.66,0.00054546
2021,18,18,1760.62,115.762854,35.847469,433.57,-0.00049464
2021,18,19,1858.43,115.762589,35.846664,388.71,-0.00110027
2021,18,20,1956.24,115.762342,35.845854,403.66,-0.00065675
2021,18,21,2054.05,115.761848,35.845116,433.57,0.00055481
2021,18,22,2151.86,115.761583,35.844311,403.66,0.00045593
2021,18,23,2249.68,115.761317,35.843506,418.61,0.00054546
2021,18,24,2347.49,115.760995,35.842718,403.66,0.00149223
2021,18,25,2445.30,115.760995,35.841837,418.61,0.00159354
2021,180,0,0.00,115.278061,35.448914,568.12,0.00000000
2021,180,1,91.95,115.277419,35.448272,583.07,-0.00000000
2021,180,2,183.91,115.276778,35.447631,583.07,-0.00000000
2021,180,3,275.86,115.276136,35.446989,583.07,0.00057902
2021,180,4,367.82,115.275495,35.446348,598.02,0.00000000
2021,180,5,459.77,115.275062,35.445646,583.07,-0.00116532
2021,180,6,551.72,115.274322,35.445175,612.97,-0.00058629
2021,180,7,643.68,115.273680,35.444533,642.87,-0.00063361
2021,180,8,735.63,115.272940,35.444063,702.67,-0.00126722
2021,181,0,0.00,115.278061,35.448914,209.31,-0.00867960
2021,181,1,34.27,115.277822,35.449153,523.27,-0.00879661
2021,181,2,68.53,115.277791,35.449452,627.92,-0.00891362
2021,182,0,0.00,115.280486,35.454573,687.72,0.00000000
2021,182,1,99.53,115.280209,35.453757,672.77,-0.00154673
2021,182,2,199.07,115.279932,35.452941,672.77,-0.00311874
2021,182,3,298.60,115.279139,35.452417,867.13,-0.00314402
2021,183,0,0.00,115.275366,35.454303,687.72,0.00086783
2021,183,1,85.13,115.274740,35.453764,598.02,0.00092736
2021,183,2,170.27,115.274288,35.453225,612.97,0.00098690
2021,184,0,0.00,115.275366,35.454303,1689.41,0.00000000
2021,184,1,84.74,115.275957,35.453712,1719.31,0.00000000
2021,184,2,169.49,115.276548,35.453121,1719.31,-0.00068347
2021,184,3,254.23,115.277139,35.452530,1121.29,-0.00140540
2021,184,4,338.97,115.277522,35.451878,882.08,-0.00144386
2021,185,0,0.00,115.279139,35.452417,702.67,-0.00151707
2021,185,1,83.48,115.278973,35.451713,657.82,-0.00152218
2021,185,2,166.97,115.278600,35.451069,612.97,-0.00152730
2021,186,0,0.00,115.274288,35.453225,598.02,0.00116044
2021,186,1,91.86,115.273647,35.452585,538.22,0.00086076
2021,186,2,183.72,115.273215,35.451883,523.27,0.00061149
2021,186,3,275.58,115.272671,35.451214,538.22,0.00004418
2021,186,4,367.43,115.272350,35.450480,583.07,-0.00061149
2021,186,5,459.29,115.271710,35.449839,568.12,0.00091579
2021,186,6,551.15,115.271277,35.449137,612.97,0.00187074
2021,186,7,643.01,115.271054,35.448375,672.77,0.00126047
2021,187,0,0.00,115.274288,35.453225,1794.06,0.00000000
2021,187,1,99.69,115.274983,35.452530,1794.06,-0.00047017
2021,187,2,199.39,115.275678,35.451835,1285.75,-0.00154031
2021,187,3,299.08,115.276174,35.451081,897.03,-0.00165141
2021,187,4,398.77,115.276444,35.450261,807.33,-0.00116253
2021,188,0,0.00,115.271054,35.448375,642.87,0.00113934
2021,188,1,96.74,115.270280,35.447870,642.87,0.00109825
2021,188,2,193.48,115.269605,35.447196,612.97,0.00078274
2021,188,3,290.22,115.268930,35.446521,657.82,0.00000000
2021,188,4,386.96,115.268359,35.445816,657.82,-0.00052101
2021,188,5,483.70,115.267691,35.445281,672.77,0.00052236
2021,188,6,580.44,115.267016,35.444606,672.77,0.00026685
2021,188,7,677.18,115.266550,35.443870,642.87,-0.00099330
2021,188,8,773.92,115.265776,35.443366,672.77,0.00107203
2021,188,9,870.66,115.265125,35.442685,732.58,0.00261396
2021,188,10,967.40,115.264843,35.441895,807.33,0.00113526
2021,188,11,1064.15,115.264586,35.441098,717.63,0.00012853
2021,189,0,0.00,115.271054,35.448375,1794.06,0.00000000
2021,189,1,79.84,115.271611,35.447818,1375.45,0.00000000
2021,189,2,159.69,115.272168,35.447261,1210.99,0.00163492
2021,189,3,239.53,115.272725,35.446704,1240.89,0.00343829
2021,189,4,319.38,115.273479,35.446488,747.53,0.00360673
2021,19,0,0.00,115.760995,35.841837,433.57,0.00248695
2021,19,1,89.50,115.760456,35.841327,388.71,0.00148627
2021,19,2,179.00,115.760186,35.840599,388.71,0.00109646
2021,19,3,268.50,115.759647,35.839948,373.76,0.00248792
2021,19,4,358.00,115.759647,35.839142,388.71,0.00326850
2021,190,0,0.00,115.264586,35.441098,627.92,0.00008321
2021,190,1,91.93,115.263648,35.440969,747.53,0.00065369
2021,190,2,183.85,115.262717,35.440829,732.58,0.00193114
2021,190,3,275.78,115.261872,35.440540,672.77,0.00203193
2021,190,4,367.70,115.261132,35.440069,657.82,0.00206813
2021,190,5,459.63,115.260392,35.439599,627.92,0.00303890
2021,190,6,551.56,115.260004,35.438884,687.72,0.00203987
2021,190,7,643.48,115.259735,35.438134,672.77,0.00071248
2021,191,0,0.00,115.264586,35.441098,1794.06,-0.00347848
2021,191,1,53.59,115.264960,35.440724,1480.10,-0.00358578
2021,191,2,107.17,115.265125,35.440290,882.08,-0.00369309
2021,192,0,0.00,115.259735,35.438134,702.67,0.00474830
2021,192,1,66.73,115.259171,35.437839,672.77,0.00466621
2021,192,2,133.45,115.258914,35.437313,642.87,0.00229206
2021,192,3,200.18,115.258657,35.436786,732.58,0.00000000
2021,193,0,0.00,115.259735,35.438134,1794.06,0.00023420
2021,193,1,99.56,115.260429,35.437439,1794.06,0.00144678
2021,193,2,199.12,115.261148,35.436786,1225.94,0.00432718
2021,193,3,298.68,115.262088,35.436517,882.08,0.00510319
2021,193,4,398.24,115.263029,35.436786,702.67,0.00320633
2021,193,5,497.80,115.263899,35.437177,642.87,0.00420656
2021,193,6,597.36,115.264586,35.437732,672.77,0.00322744
2021,193,7,696.91,115.264430,35.438517,717.63,-0.00186797
2021,193,8,796.47,115.265125,35.439212,612.97,-0.00397895
2021,194,0,0.00,115.265125,35.440290,538.22,-0.01033204
2021,194,1,70.19,115.265713,35.440510,956.83,-0.00935810
2021,194,2,140.38,115.266203,35.440020,747.53,-0.00838415
2021,195,0,0.00,115.265125,35.440290,598.02,0.00566706
2021,195,1,68.54,115.264855,35.439751,822.28,0.00566706
2021,195,2,137.07,115.265125,35.439212,882.08,0.00566706
2021,196,0,0.00,115.258657,35.436786,747.53,-0.00131763
2021,196,1,78.88,115.257944,35.436517,672.77,-0.00006129
2021,196,2,157.77,115.257161,35.436369,627.92,0.00272229
2021,196,3,236.65,115.256512,35.435989,702.67,0.00292713
2021,196,4,315.54,115.255962,35.435439,553.17,0.00160473
2021,197,0,0.00,115.258657,35.436786,1794.06,-0.00249326
2021,197,1,89.86,115.259284,35.436159,1270.79,-0.00189403
2021,197,2,179.73,115.259493,35.435411,1121.29,-0.00340463
2021,197,3,269.59,115.259889,35.434784,882.08,-0.00513161
2021,197,4,359.45,115.259262,35.434157,612.97,-0.00298114
2021,197,5,449.32,115.258844,35.433469,568.12,-0.00188629
2021,197,6,539.18,115.258118,35.433013,657.82,-0.00255906
2021,198,0,0.00,115.265125,35.439212,672.77,0.00725443
2021,198,1,85.92,115.266021,35.439299,538.22,0.00726469
2021,198,2,171.84,115.266203,35.440020,657.82,0.00727495
2021,2,0,0.00,115.861516,35.905168,627.92,0.00000000
2021,2,1,98.95,115.861247,35.905982,508.32,-0.00132943
2021,2,2,197.89,115.860977,35.906796,493.37,-0.00197530
2021,2,3,296.84,115.861247,35.907609,373.76,-0.00000000
2021,2,4,395.79,115.861247,35.908501,254.16,0.00064587
2021,2,5,494.74,115.861247,35.909393,224.26,-0.00064587
2021,2,6,593.68,115.861247,35.910285,224.26,-0.00134394
2021,2,7,692.63,115.861516,35.911099,254.16,-0.00068356
2021,2,8,791.58,115.861791,35.911911,254.16,-0.00000705
2021,2,9,890.53,115.862055,35.912726,299.01,-0.00058885
2021,2,10,989.47,115.862339,35.913536,343.86,-0.00064057
2021,2,11,1088.42,115.862822,35.914288,358.81,-0.00051267
2021,2,12,1187.37,115.863133,35.915090,388.71,-0.00137065
2021,2,13,1286.31,115.863787,35.915793,448.52,-0.00101958
2021,2,14,1385.26,115.864479,35.916485,433.57,0.00040877
2021,2,15,1484.21,115.865171,35.917176,418.61,0.00000000
2021,2,16,1583.16,115.865653,35.917929,373.76,-0.00100011
2021,2,17,1682.10,115.866445,35.918450,403.66,-0.00104458
2021,2,18,1781.05,115.867136,35.919142,343.86,-0.00054156
2021,2,19,1880.00,115.868027,35.919494,328.91,-0.00002790
2021,2,20,1978.94,115.868719,35.920186,269.11,-0.00115860
2021,2,21,2077.89,115.869615,35.920529,209.31,-0.00076654
2021,2,22,2176.84,115.870500,35.920889,209.31,-0.00000000
2021,2,23,2275.79,115.871335,35.921338,179.41,-0.00183247
2021,2,24,2374.73,115.872282,35.921593,239.21,-0.00142218
2021,2,25,2473.68,115.873370,35.921607,239.21,-0.00000000
2021,2,26,2572.63,115.874309,35.921876,239.21,-0.00004613
2021,2,27,2671.58,115.875405,35.921876,269.11,0.00000000
2021,2,28,2770.52,115.876344,35.922146,269.11,-0.00023061
2021,2,29,2869.47,115.877440,35.922146,299.01,-0.00000000
2021,2,30,2968.42,115.878421,35.922342,313.96,-0.00001007
2021,2,31,3067.36,115.879475,35.922415,388.71,-0.00081553
2021,2,32,3166.31,115.880501,35.922536,373.76,-0.00095774
2021,2,33,3265.26,115.881353,35.922415,388.71,0.00000000
2021,2,34,3364.21,115.882449,35.922415,388.71,-0.00002180
2021,2,35,3463.15,115.883545,35.922415,388.71,-0.00081553
2021,2,36,3562.10,115.884561,35.922278,358.81,0.00001896
2021,2,37,3661.05,115.885581,35.922146,358.81,0.00081553
2021,2,38,3759.99,115.886677,35.922146,328.91,0.00115467
2021,2,39,3858.94,115.887773,35.922146,269.11,0.00081553
2021,2,40,3957.89,115.888721,35.922401,358.81,-0.00019410
2021,2,41,4056.84,115.889809,35.922415,388.71,0.00000000
2021,2,42,4155.78,115.890800,35.922594,373.76,0.00053624
2021,2,43,4254.73,115.891844,35.922685,418.61,0.00089898
2021,2,44,4353.68,115.892782,35.922954,448.52,0.00060342
2021,2,45,4452.63,115.893721,35.923224,418.61,-0.00087006
2021,2,46,4551.57,115.894660,35.923493,418.61,-0.00089898
2021,2,47,4650.52,115.895751,35.923502,388.71,0.00083912
2021,2,48,4749.47,115.896695,35.923763,358.81,0.00089898
2021,2,49,4848.41,115.897634,35.924032,358.81,0.00061205
2021,2,50,4947.36,115.898573,35.924302,313.96,0.00086625
2021,2,51,5046.31,115.899413,35.924739,254.16,0.00057578
2021,2,52,5145.26,115.900304,35.925091,224.26,0.00086168
2021,2,53,5244.20,115.901095,35.925613,179.41,0.00111260
2021,2,54,5343.15,115.901887,35.926134,164.46,0.00104458
2021,2,55,5442.10,115.902578,35.926826,179.41,0.00100011
2021,2,56,5541.04,115.903270,35.927518,149.51,0.00101958
2021,2,57,5639.99,115.903753,35.928270,209.31,0.00106056
2021,2,58,5738.94,115.904236,35.929023,224.26,0.00076424
2021,2,59,5837.89,115.904509,35.929835,239.21,0.00000000
2021,2,60,5936.83,115.904905,35.930613,269.11,-0.00147241
2021,2,61,6035.78,115.905266,35.931400,284.06,0.00028878
2021,2,62,6134.73,115.906057,35.931922,239.21,0.00551087
2021,2,63,6233.68,115.905756,35.932614,254.16,0.00442463
2021,2,64,6332.62,115.905174,35.933337,194.36,-0.00104232
2021,2,65,6431.57,115.904635,35.934073,,-0.00346641
2021,2,66,6530.52,115.904635,35.934965,179.41,-0.00132943
2021,2,67,6629.46,115.904905,35.935779,224.26,0.00197530
2021,2,68,6728.41,115.904635,35.936593,224.26,0.00202772
2021,2,69,6827.36,115.904366,35.937407,269.11,0.00069829
2021,2,70,6926.31,115.903827,35.938143,284.06,-0.00102078
2021,2,71,7025.25,115.903557,35.938957,299.01,-0.00069829
2021,2,72,7124.20,115.903414,35.939807,373.76,0.00088593
2021,2,73,7223.15,115.903018,35.940584,403.66,0.00024784
2021,2,74,7322.09,115.902657,35.941372,388.71,-0.00010256
2021,2,75,7421.04,115.902384,35.942184,463.47,0.00020220
2021,2,76,7519.99,115.901941,35.942948,448.52,-0.00033713
2021,2,77,7618.94,115.901671,35.943762,493.37,0.00022664
2021,2,78,7717.88,115.901354,35.944562,508.32,0.00097776
2021,2,79,7816.83,115.900871,35.945314,568.12,-0.00065512
2021,2,80,7915.78,115.900388,35.946066,523.27,-0.00212719
2021,2,81,8014.73,115.900324,35.946939,553.17,-0.00209447
2021,20,0,0.00,115.760995,35.841837,747.53,0.00000000
2021,20,1,75.76,115.761524,35.841307,732.58,0.00281579
2021,20,2,151.52,115.762054,35.840778,1360.50,0.00567065
2021,20,3,227.28,115.762881,35.840759,807.33,0.00570972
2021,201,0,0.00,115.266203,35.440020,612.97,-0.00000000
2021,201,1,38.64,115.266472,35.440290,612.97,-0.00000000
2021,201,2,77.27,115.266742,35.440559,612.97,-0.00000000
2021,202,0,0.00,115.255962,35.435439,612.97,0.00292784
2021,202,1,88.46,115.255147,35.435163,568.12,0.00215119
2021,202,2,176.92,115.254530,35.434546,583.07,0.00068727
2021,202,3,265.39,115.253814,35.434100,538.22,0.00192198
2021,202,4,353.85,115.253197,35.433483,583.07,0.00327958
2021,202,5,442.31,115.252998,35.432744,657.82,0.00271521
2021,203,0,0.00,115.255962,35.435439,1794.06,-0.00000000
2021,203,1,84.75,115.256553,35.434848,1794.06,-0.00000000
2021,203,2,169.50,115.257144,35.434257,1794.06,-0.00068346
2021,203,3,254.25,115.257735,35.433665,941.88,-0.00140538
2021,203,4,339.00,115.258118,35.433013,627.92,-0.00144385
2021,204,0,0.00,115.258118,35.433013,598.02,-0.00261704
2021,204,1,84.54,115.257672,35.432474,553.17,-0.00148895
2021,204,2,169.09,115.256950,35.432114,553.17,0.00007506
2021,204,3,253.63,115.256360,35.431525,538.22,-0.00129658
2021,204,4,338.18,115.255671,35.431106,553.17,-0.00236181
2021,204,5,422.72,115.254884,35.430857,612.97,-0.00161947
2021,206,0,0.00,115.252998,35.432744,747.53,0.00772665
2021,206,1,70.98,115.252216,35.432744,538.22,0.00808685
2021,206,2,141.95,115.251920,35.432205,627.92,0.00844704
2021,207,0,0.00,115.252998,35.432744,1794.06,0.00000000
2021,207,1,90.15,115.253626,35.432115,1794.06,0.00000000
2021,207,2,180.31,115.254255,35.431486,1794.06,0.00000000
2021,207,3,270.46,115.254884,35.430857,328.91,0.00000000
2021,208,0,0.00,115.254884,35.430857,642.87,-0.00515936
2021,208,1,78.06,115.254548,35.430252,538.22,-0.00526412
2021,208,2,156.12,115.253806,35.430049,598.02,-0.00536888
2021,21,0,0.00,115.759647,35.839142,358.81,0.00000000
2021,21,1,96.54,115.759182,35.838406,358.81,0.00000000
2021,21,2,193.07,115.758716,35.837671,358.81,-0.00000000
2021,21,3,289.61,115.758250,35.836936,343.86,0.00056640
2021,21,4,386.14,115.757785,35.836201,328.91,0.00100184
2021,21,5,482.68,115.757528,35.835405,284.06,-0.00106886
2021,21,6,579.22,115.757222,35.834624,328.91,-0.00194364
2021,21,7,675.75,115.756497,35.834105,328.91,0.00106886
2021,21,8,772.29,115.756032,35.833370,299.01,0.00150819
2021,21,9,868.83,115.755775,35.832574,313.96,-0.00069233
2021,21,10,965.36,115.755309,35.831839,343.86,-0.00056640
2021,21,11,1061.90,115.754796,35.831118,313.96,0.00004058
2021,21,12,1158.43,115.754378,35.830369,313.96,-0.00165146
2021,21,13,1254.97,115.753868,35.829709,328.91,-0.00153594
2021,21,14,1351.51,115.753039,35.829299,299.01,-0.00000000
2021,21,15,1448.04,115.752534,35.828631,269.11,-0.00032213
2021,21,16,1544.58,115.751700,35.828230,239.21,-0.00052174
2021,21,17,1641.11,115.751025,35.827555,328.91,-0.00093422
2021,21,18,1737.65,115.750152,35.827221,343.86,-0.00122007
2021,21,19,1834.19,115.749362,35.826745,239.21,-0.00041183
2021,21,20,1930.72,115.748406,35.826552,284.06,0.00000000
2021,21,21,2027.26,115.747632,35.826048,224.26,-0.00113851
2021,21,22,2123.80,115.746659,35.825884,194.36,-0.00159392
2021,21,23,2220.33,115.745717,35.825667,239.21,-0.00124123
2021,21,24,2316.87,115.744649,35.825667,328.91,-0.00153998
2021,21,25,2413.40,115.743580,35.825667,388.71,-0.00180454
2021,21,26,2509.94,115.742669,35.825936,418.61,-0.00189315
2021,210,0,0.00,115.251920,35.432205,583.07,0.00215989
2021,210,1,96.78,115.251010,35.431935,523.27,0.00191573
2021,210,2,193.56,115.250273,35.431367,538.22,0.00060010
2021,210,3,290.34,115.249502,35.430857,538.22,0.00000000
2021,210,4,387.12,115.248726,35.430358,493.37,0.00036866
2021,210,5,483.90,115.247995,35.429779,508.32,-0.00049486
2021,210,6,580.68,115.247241,35.429240,538.22,-0.00015957
2021,210,7,677.46,115.246404,35.428845,523.27,0.00135665
2021,210,8,774.23,115.245729,35.428170,553.17,-0.00031341
2021,210,9,871.01,115.245164,35.427605,598.02,-0.00109748
2021,210,10,967.79,115.244291,35.427271,568.12,0.00067358
2021,210,11,1064.57,115.243616,35.426596,523.27,0.00000000
2021,210,12,1161.35,115.242842,35.426092,478.42,-0.00005070
2021,210,13,1258.13,115.242069,35.425588,478.42,0.00000000
2021,210,14,1354.91,115.241385,35.424928,478.42,-0.00046479
2021,210,15,1451.69,115.240521,35.424579,493.37,-0.00000000
2021,210,16,1548.47,115.239846,35.423904,478.42,-0.00056735
2021,210,17,1645.25,115.238973,35.423571,448.52,0.00020052
2021,210,18,1742.03,115.238214,35.423042,433.57,0.00043001
2021,210,19,1838.81,115.237460,35.422503,463.47,-0.00040476
2021,210,20,1935.59,115.236652,35.422058,403.66,-0.00028832
2021,210,21,2032.37,115.235878,35.421553,418.61,-0.00101226
2021,210,22,2129.14,115.235043,35.421156,418.61,-0.00130815
2021,210,23,2225.92,115.234133,35.420886,358.81,-0.00092709
2021,211,0,0.00,115.251920,35.432205,1794.06,0.00000000
2021,211,1,75.09,115.252443,35.431681,1794.06,0.00000000
2021,211,2,150.18,115.252967,35.431157,1794.06,-0.00087416
2021,211,3,225.27,115.253491,35.430634,1046.54,-0.00180025
2021,211,4,300.37,115.253806,35.430049,747.53,-0.00185218
2021,212,0,0.00,115.253806,35.430049,568.12,-0.00325457
2021,212,1,97.38,115.253335,35.429309,523.27,-0.00334232
2021,212,2,194.76,115.252459,35.428971,538.22,-0.00343007
2021,214,0,0.00,115.234133,35.420886,1794.06,0.00000000
2021,214,1,94.67,115.233473,35.421546,1794.06,0.00223475
2021,214,2,189.34,115.232812,35.422207,657.82,0.00548489
2021,214,3,284.01,115.231785,35.422234,313.96,0.00431661
2021,214,4,378.69,115.230899,35.421964,299.01,0.00213291
2021,215,0,0.00,115.234133,35.420886,418.61,-0.00212026
2021,215,1,98.42,115.233447,35.420200,328.91,-0.00223514
2021,215,2,196.83,115.232563,35.419855,299.01,-0.00000000
2021,215,3,295.25,115.231679,35.419510,254.16,0.00172466
2021,215,4,393.67,115.230992,35.418823,254.16,-0.00000000
2021,215,5,492.08,115.230207,35.418308,299.01,-0.00090781
2021,215,6,590.50,115.229422,35.417792,328.91,-0.00121392
2021,215,7,688.91,115.228575,35.417383,299.01,-0.00044476
2021,215,8,787.33,115.227648,35.417113,343.86,0.00067287
2021,215,9,885.75,115.226869,35.416586,299.01,0.00022355
2021,215,10,984.16,115.225985,35.416241,403.66,-0.00003832
2021,215,11,1082.58,115.225200,35.415726,418.61,-0.00032039
2021,215,12,1181.00,115.224316,35.415381,433.57,0.00034873
2021,215,13,1279.41,115.223477,35.414957,388.71,0.00013939
2021,215,14,1377.83,115.222706,35.414418,328.91,-0.00238014
2021,215,15,1476.25,115.221778,35.414149,299.01,-0.00185041
2021,215,16,1574.66,115.220694,35.414149,358.81,0.00018367
2021,215,17,1673.08,115.219767,35.413879,388.71,-0.00000000
2021,215,18,1771.50,115.218716,35.413823,418.61,0.00053055
2021,215,19,1869.91,115.217755,35.413610,478.42,-0.00063112
2021,215,20,1968.33,115.216828,35.413340,508.32,-0.00236277
2021,215,21,2066.74,115.215866,35.413551,463.47,-0.00036425
2021,215,22,2165.16,115.214817,35.413610,508.32,0.00082428
2021,215,23,2263.58,115.213733,35.413610,478.42,0.00017110
2021,215,24,2361.99,115.212649,35.413610,508.32,-0.00000000
2021,215,25,2460.41,115.211566,35.413610,478.42,0.00000000
2021,215,26,2558.83,115.210482,35.413610,478.42,-0.00000000
2021,215,27,2657.24,115.209399,35.413610,538.22,0.00000000
2021,215,28,2755.66,115.208315,35.413610,538.22,-0.00042738
2021,215,29,2854.08,115.207231,35.413610,538.22,-0.00082428
2021,215,30,2952.49,115.206231,35.413754,568.12,-0.00081244
2021,215,31,3050.91,115.205220,35.413879,538.22,-0.00000000
2021,215,32,3149.33,115.204293,35.414149,508.32,0.00041554
2021,215,33,3247.74,115.203209,35.414149,508.32,-0.00069132
2021,215,34,3346.16,115.202281,35.414418,478.42,-0.00000000
2021,215,35,3444.57,115.201317,35.414625,448.52,0.00133270
2021,215,36,3542.99,115.200270,35.414688,448.52,-0.00006421
2021,215,37,3641.41,115.199187,35.414688,478.42,-0.00154964
2021,215,38,3739.82,115.198270,35.414977,463.47,-0.00077559
2021,215,39,3838.24,115.197331,35.415227,478.42,-0.00000000
2021,215,40,3936.66,115.196404,35.415496,463.47,-0.00013693
2021,216,0,0.00,115.196404,35.415496,553.17,-0.00000000
2021,216,1,98.92,115.195714,35.416186,598.02,0.00054418
2021,216,2,197.85,115.195024,35.416876,403.66,0.00193749
2021,216,3,296.77,115.194228,35.417383,328.91,0.00392799
2021,216,4,395.70,115.193295,35.417652,343.86,0.00424878
2021,216,5,494.62,115.192361,35.417383,493.37,0.00342818
2021,217,0,0.00,115.196404,35.415496,508.32,-0.00243905
2021,217,1,85.50,115.195618,35.415227,448.52,-0.00232131
2021,217,2,170.99,115.194677,35.415227,358.81,-0.00220357
2021,217,3,256.49,115.193736,35.415227,328.91,-0.00110178
2021,217,4,341.98,115.192950,35.415496,328.91,-0.00147316
2021,217,5,427.48,115.192009,35.415496,478.42,-0.00454118
2021,217,6,512.97,115.191553,35.416035,478.42,-0.00613605
2021,218,0,0.00,115.192361,35.417383,657.82,0.00526279
2021,218,1,90.30,115.191940,35.418073,418.61,0.00528073
2021,218,2,180.61,115.191014,35.418191,508.32,0.00529866
2021,219,0,0.00,115.192361,35.417383,642.87,-0.00178164
2021,219,1,87.86,115.192092,35.416670,1240.89,-0.00175116
2021,219,2,175.72,115.191553,35.416035,1076.44,-0.00172068
2021,22,0,0.00,115.759647,35.839142,717.63,0.00000000
2021,22,1,72.38,115.760153,35.838636,717.63,0.00095429
2021,22,2,144.77,115.760659,35.838130,1061.49,0.00199900
2021,22,3,217.15,115.761264,35.837794,777.43,0.00208942
2021,220,0,0.00,115.191553,35.416035,358.81,-0.00882922
2021,220,1,43.80,115.191071,35.416035,403.66,-0.00901765
2021,220,2,87.59,115.190744,35.416305,463.47,-0.00920608
2021,222,0,0.00,115.191014,35.418191,523.27,-0.00083737
2021,222,1,72.68,115.190924,35.417562,986.73,0.00000000
2021,222,2,145.36,115.190744,35.416960,1106.34,0.00121956
2021,222,3,218.04,115.190744,35.416305,1794.06,0.00160174
2021,223,0,0.00,115.191014,35.418191,508.32,0.00581365
2021,223,1,82.44,115.190340,35.418326,403.66,0.00528977
2021,223,2,164.87,115.189666,35.417922,657.82,0.00476589
2021,225,0,0.00,115.190744,35.416305,568.12,-0.00791395
2021,225,1,82.44,115.189993,35.416035,388.71,-0.00756999
2021,225,2,164.87,115.189397,35.416574,612.97,-0.00722602
2021,226,0,0.00,115.189666,35.417922,478.42,0.00217908
2021,226,1,79.12,115.189397,35.417287,1225.94,0.00211507
2021,226,2,158.24,115.189397,35.416574,1794.06,0.00205106
2021,227,0,0.00,115.189666,35.417922,687.72,0.00725897
2021,227,1,76.32,115.189134,35.418454,388.71,0.00974030
2021,227,2,152.63,115.188404,35.418276,568.12,0.00710570
2021,227,3,228.95,115.187872,35.417744,687.72,0.00005754
2021,227,4,305.27,115.187241,35.417383,598.02,-0.00187469
2021,229,0,0.00,115.189397,35.416574,463.47,-0.00213925
2021,229,1,91.03,115.188551,35.416305,478.42,-0.00300564
2021,229,2,182.06,115.187548,35.416305,448.52,-0.00300564
2021,229,3,273.09,115.186702,35.416574,508.32,-0.00213925
2021,23,0,0.00,115.742669,35.825936,1255.84,-0.00081316
2021,23,1,96.14,115.743132,35.826669,1300.70,0.00164480
2021,23,2,192.27,115.743747,35.827357,926.93,0.00992940
2021,23,3,288.41,115.743413,35.828092,403.66,0.01321142
2021,23,4,384.54,115.742665,35.827550,1390.40,0.00573412
2021,23,5,480.68,115.741994,35.826878,1315.65,0.00040072
2021,23,6,576.82,115.741322,35.826206,1240.89,-0.00000000
2021,230,0,0.00,115.187241,35.417383,882.08,0.00347858
2021,230,1,53.59,115.186867,35.417009,1166.14,0.00358594
2021,230,2,107.18,115.186702,35.416574,1794.06,0.00369330
2021,231,0,0.00,115.187241,35.417383,1210.99,0.00163481
2021,231,1,85.21,115.186971,35.418072,941.88,0.00310776
2021,231,2,170.42,115.186469,35.418693,612.97,0.00852345
2021,231,3,255.63,115.185709,35.419000,448.52,0.01230097
2021,231,4,340.84,115.185354,35.418380,1001.69,0.00727608
2021,231,5,426.04,115.185354,35.417612,1420.30,0.00120820
2021,231,6,511.25,115.185354,35.416844,1584.76,0.00000000
2021,232,0,0.00,115.186702,35.416574,478.42,-0.00350978
2021,232,1,68.27,115.185950,35.416574,508.32,-0.00369715
2021,232,2,136.55,115.185354,35.416844,553.17,-0.00388451
2021,233,0,0.00,115.185354,35.416844,448.52,0.00000000
2021,233,1,98.57,115.184269,35.416844,448.52,0.00000000
2021,233,2,197.15,115.183184,35.416844,448.52,-0.00082156
2021,233,3,295.72,115.182098,35.416844,478.42,-0.00082156
2021,233,4,394.30,115.181169,35.417113,478.42,0.00082156
2021,233,5,492.87,115.180083,35.417113,478.42,0.00000000
2021,233,6,591.45,115.178998,35.417113,478.42,-0.00082156
2021,233,7,690.02,115.178069,35.417383,478.42,-0.00000000
2021,233,8,788.60,115.176983,35.417383,478.42,0.00000000
2021,233,9,887.17,115.176054,35.417652,478.42,0.00082156
2021,233,10,985.75,115.174968,35.417652,448.52,0.00082156
2021,233,11,1084.32,115.173883,35.417652,418.61,-0.00000000
2021,233,12,1182.90,115.172798,35.417652,478.42,0.00000000
2021,233,13,1281.47,115.171712,35.417652,448.52,-0.00082156
2021,233,14,1380.05,115.170627,35.417652,448.52,-0.00082156
2021,233,15,1478.62,115.169697,35.417922,478.42,0.00074676
2021,233,16,1577.20,115.168612,35.417922,478.42,0.00000000
2021,233,17,1675.77,115.167542,35.417948,463.47,-0.00101286
2021,233,18,1774.34,115.166597,35.418191,478.42,-0.00000000
2021,233,19,1872.92,115.165574,35.418298,448.52,0.00060529
2021,233,20,1971.49,115.164582,35.418461,478.42,0.00000000
2021,233,21,2070.07,115.163497,35.418461,448.52,-0.00033918
2021,233,22,2168.64,115.162568,35.418730,448.52,0.00082156
2021,233,23,2267.22,115.161482,35.418730,388.71,0.00082156
2021,233,24,2365.79,115.160397,35.418730,448.52,-0.00086850
2021,233,25,2464.37,115.159311,35.418730,478.42,-0.00172677
2021,233,26,2562.94,115.158390,35.419014,493.37,0.00009363
2021,233,27,2661.52,115.157453,35.419269,508.32,0.00089970
2021,233,28,2760.09,115.156367,35.419269,508.32,-0.00095190
2021,233,29,2858.67,115.155439,35.419540,523.27,0.00001102
2021,233,30,2957.24,115.154508,35.419808,568.12,0.00090521
2021,233,31,3055.82,115.153423,35.419808,568.12,-0.00000551
2021,233,32,3154.39,115.152494,35.420078,568.12,0.00000000
2021,233,33,3252.96,115.151408,35.420078,568.12,-0.00024490
2021,233,34,3351.54,115.150479,35.420347,568.12,-0.00000000
2021,233,35,3450.11,115.149437,35.420422,583.07,0.00048318
2021,233,36,3548.69,115.148464,35.420617,598.02,-0.00000000
2021,233,37,3647.26,115.147379,35.420617,598.02,-0.00023828
2021,233,38,3745.84,115.146449,35.420886,598.02,0.00082156
2021,233,39,3844.41,115.145364,35.420886,598.02,0.00000000
2021,233,40,3942.99,115.144278,35.420886,598.02,-0.00082156
2021,233,41,4041.56,115.143349,35.421156,627.92,-0.00000000
2021,233,42,4140.14,115.142264,35.421156,657.82,-0.00000000
2021,233,43,4238.71,115.141334,35.421425,657.82,0.00082156
2021,233,44,4337.29,115.140249,35.421425,627.92,0.00082156
2021,233,45,4435.86,115.139163,35.421425,598.02,0.00000000
2021,233,46,4534.44,115.138078,35.421425,627.92,-0.00000000
2021,233,47,4633.01,115.136993,35.421425,657.82,0.00000000
2021,233,48,4731.59,115.135907,35.421425,687.72,0.00082156
2021,233,49,4830.16,115.134822,35.421425,687.72,0.00082156
2021,233,50,4928.73,115.133892,35.421156,687.72,-0.00000000
2021,233,51,5027.31,115.132807,35.421156,687.72,-0.00000000
2021,233,52,5125.88,115.131878,35.420886,657.82,-0.00082156
2021,233,53,5224.46,115.130792,35.420886,627.92,-0.00082156
2021,233,54,5323.03,115.129707,35.420886,627.92,0.00082156
2021,233,55,5421.61,115.128621,35.420886,657.82,0.00082156
2021,233,56,5520.18,115.127692,35.420617,627.92,-0.00082156
2021,233,57,5618.76,115.126607,35.420617,598.02,-0.00082156
2021,233,58,5717.33,115.125521,35.420617,538.22,-0.00000000
2021,233,59,5815.91,115.124436,35.420617,538.22,0.00082156
2021,233,60,5914.48,115.123350,35.420617,568.12,0.00082156
2021,233,61,6013.06,115.122421,35.420347,568.12,-0.00000000
2021,233,62,6111.63,115.121336,35.420347,538.22,0.00090521
2021,233,63,6210.21,115.120406,35.420078,493.37,0.00181042
2021,234,0,0.00,115.120406,35.420078,792.38,0.00000000
2021,234,1,38.64,115.120137,35.420347,1166.14,0.00000000
2021,234,2,77.28,115.119867,35.420617,1270.79,0.00000000
2021,235,0,0.00,115.120406,35.420078,598.02,0.00000000
2021,235,1,38.64,115.120137,35.419808,493.37,0.00000000
2021,235,2,77.28,115.119867,35.419539,448.52,0.00000000
2021,236,0,0.00,115.119867,35.420617,1270.79,0.00364975
2021,236,1,98.84,115.119178,35.421306,373.76,0.00495079
2021,236,2,197.68,115.118158,35.421425,74.75,0.00570054
2021,236,3,296.52,115.117226,35.421156,209.31,0.00390368
2021,236,4,395.37,115.116517,35.420500,583.07,0.00245283
2021,236,5,494.21,115.115828,35.419811,448.52,0.00221127
2021,236,6,593.05,115.115555,35.419000,777.43,0.00217500
2021,237,0,0.00,115.119867,35.420617,508.32,-0.00260576
2021,237,1,82.83,115.119111,35.420347,478.42,-0.00049046
2021,237,2,165.66,115.118199,35.420347,269.11,0.00430797
2021,237,3,248.48,115.117541,35.419908,612.97,0.00482574
2021,237,4,331.31,115.117172,35.419269,463.47,0.00266037
2021,238,0,0.00,115.119867,35.419539,867.13,-0.00000000
2021,238,1,68.54,115.119598,35.419000,807.33,-0.00000000
2021,238,2,137.08,115.119328,35.418461,463.47,-0.00000000
2021,239,0,0.00,115.119867,35.419539,448.52,0.00216104
2021,239,1,86.31,115.118917,35.419539,508.32,0.00108052
2021,239,2,172.61,115.118123,35.419269,89.70,-0.00108052
2021,239,3,258.92,115.117172,35.419269,448.52,-0.00216104
2021,24,0,0.00,115.742669,35.825936,538.22,-0.00354218
2021,24,1,67.99,115.741917,35.825936,538.22,-0.00373234
2021,24,2,135.97,115.741322,35.826206,553.17,-0.00392251
2021,240,0,0.00,115.115555,35.419000,493.37,0.00000000
2021,240,1,98.20,115.114630,35.418730,448.52,0.00000000
2021,240,2,196.41,115.113705,35.418461,448.52,-0.00000000
2021,240,3,294.61,115.112779,35.418191,448.52,-0.00048918
2021,240,4,392.81,115.111854,35.417922,448.52,-0.00023627
2021,240,5,491.02,115.110847,35.417794,448.52,0.00041012
2021,240,6,589.22,115.109964,35.417451,433.57,0.00015722
2021,240,7,687.43,115.108983,35.417278,433.57,0.00065786
2021,240,8,785.63,115.108100,35.416935,418.61,0.00039738
2021,240,9,883.83,115.107228,35.416574,373.76,-0.00057881
2021,240,10,982.04,115.106302,35.416305,388.71,-0.00019807
2021,240,11,1080.24,115.105377,35.416035,373.76,0.00094625
2021,240,12,1178.44,115.104472,35.415731,403.66,0.00099746
2021,240,13,1276.65,115.103682,35.415227,358.81,-0.00094625
2021,240,14,1374.85,115.102805,35.414874,343.86,-0.00046494
2021,240,15,1473.05,115.101832,35.414688,358.81,0.00107223
2021,240,16,1571.26,115.101062,35.414149,299.01,0.00029347
2021,240,17,1669.46,115.100158,35.413843,328.91,-0.00055280
2021,240,18,1767.67,115.099368,35.413340,313.96,-0.00094625
2021,240,19,1865.87,115.098393,35.413156,269.11,-0.00000000
2021,240,20,1964.07,115.097517,35.412801,239.21,0.00216620
2021,240,21,2062.28,115.096628,35.412469,313.96,0.00328505
2021,240,22,2160.48,115.096152,35.411723,313.96,0.00327656
2021,241,0,0.00,115.115555,35.419000,717.63,0.00577758
2021,241,1,56.03,115.116016,35.418730,568.12,0.00553370
2021,241,2,112.07,115.116633,35.418730,478.42,0.00528983
2021,243,0,0.00,115.117172,35.419269,508.32,0.00000000
2021,243,1,38.64,115.116903,35.419000,538.22,0.00000000
2021,243,2,77.28,115.116633,35.418730,538.22,0.00000000
2021,244,0,0.00,115.119328,35.418461,1794.06,0.00000000
2021,244,1,44.85,115.119328,35.418056,852.18,0.00000000
2021,244,2,89.70,115.119328,35.417652,807.33,0.00000000
2021,245,0,0.00,115.119328,35.418461,373.76,-0.00192426
2021,245,1,95.75,115.118430,35.418191,89.70,-0.00366874
2021,245,2,191.50,115.117376,35.418191,299.01,-0.00466105
2021,245,3,287.25,115.116633,35.418730,493.37,-0.00390889
2021,246,0,0.00,115.096152,35.411723,568.12,0.00205121
2021,246,1,79.12,115.096152,35.411010,882.08,0.00211523
2021,246,2,158.24,115.096421,35.410376,777.43,0.00217925
2021,247,0,0.00,115.096152,35.411723,328.91,0.00138641
2021,247,1,88.79,115.095236,35.411616,269.11,0.00287135
2021,247,2,177.58,115.094419,35.411338,269.11,0.00411211
2021,247,3,266.36,115.093800,35.410719,343.86,0.00326434
2021,247,4,355.15,115.093389,35.410039,418.61,0.00200409
2021,247,5,443.94,115.093187,35.409298,672.77,0.00134743
2021,248,0,0.00,115.096152,35.411723,1300.70,-0.00491245
2021,248,1,74.89,115.096773,35.411372,1794.06,-0.00832632
2021,248,2,149.79,115.096960,35.410751,433.57,-0.00977030
2021,248,3,224.68,115.096421,35.410376,328.91,-0.00780040
2021,25,0,0.00,115.741322,35.826206,627.92,-0.00346240
2021,25,1,99.53,115.740328,35.826391,657.82,-0.00332818
2021,25,2,199.06,115.739633,35.827087,672.77,-0.00208852
2021,25,3,298.59,115.738937,35.827782,687.72,-0.00041406
2021,25,4,398.11,115.738450,35.828538,612.97,0.00049155
2021,25,5,497.64,115.737818,35.829111,598.02,0.00030819
2021,25,6,597.17,115.737169,35.829820,627.92,-0.00000000
2021,25,7,696.70,115.736473,35.830515,583.07,-0.00038567
2021,25,8,796.23,115.735778,35.831211,598.02,-0.00049155
2021,25,9,895.76,115.735291,35.831967,568.12,0.00015224
2021,25,10,995.29,115.734595,35.832663,583.07,0.00000000
2021,25,11,1094.81,115.734045,35.833400,538.22,0.00019321
2021,25,12,1194.34,115.733413,35.834114,583.07,-0.00000000
2021,25,13,1293.87,115.732718,35.834810,508.32,-0.00086206
2021,25,14,1393.40,115.732231,35.835566,538.22,0.00000000
2021,25,15,1492.93,115.731744,35.836322,538.22,0.00100816
2021,25,16,1592.46,115.731049,35.837018,523.27,0.00000000
2021,25,17,1691.99,115.730353,35.837713,553.17,-0.00049155
2021,25,18,1791.51,115.729867,35.838470,523.27,0.00049155
2021,25,19,1891.04,115.729171,35.839165,508.32,0.00049155
2021,25,20,1990.57,115.728475,35.839861,493.37,0.00049735
2021,25,21,2090.10,115.727780,35.840556,463.47,0.00049735
2021,25,22,2189.63,115.726985,35.841082,463.47,-0.00049735
2021,25,23,2289.16,115.726289,35.841777,418.61,-0.00049735
2021,25,24,2388.69,115.725594,35.842473,403.66,-0.00000000
2021,25,25,2488.22,115.724898,35.843168,388.71,0.00007932
2021,25,26,2587.74,115.724203,35.843864,358.81,0.00103263
2021,25,27,2687.27,115.723491,35.844532,358.81,0.00086256
2021,25,28,2786.80,115.722613,35.844915,358.81,-0.00103263
2021,25,29,2886.33,115.721917,35.845611,269.11,-0.00044453
2021,25,30,2985.86,115.721222,35.846306,239.21,0.00059272
2021,25,31,3085.39,115.720427,35.846832,194.36,0.00168042
2021,25,32,3184.92,115.719713,35.847496,149.51,0.00305978
2021,25,33,3284.44,115.718638,35.847542,194.36,0.00074281
2021,25,34,3383.97,115.717667,35.847765,239.21,-0.00088784
2021,25,35,3483.50,115.716723,35.848035,224.26,0.00073192
2021,25,36,3583.03,115.715778,35.848304,299.01,0.00106519
2021,25,37,3682.56,115.714677,35.848304,299.01,0.00080570
2021,25,38,3782.09,115.713769,35.848510,284.06,0.00123443
2021,25,39,3881.62,115.712788,35.848304,299.01,0.00000000
2021,25,40,3981.14,115.711686,35.848304,269.11,0.00019961
2021,25,41,4080.67,115.710585,35.848304,299.01,0.00169353
2021,25,42,4180.20,115.709640,35.848035,269.11,0.00088784
2021,25,43,4279.73,115.708696,35.847765,269.11,0.00004132
2021,25,44,4379.26,115.707752,35.847496,269.11,0.00091759
2021,25,45,4478.79,115.706814,35.847214,269.11,0.00112637
2021,25,46,4578.32,115.706019,35.846689,239.21,-0.00091285
2021,25,47,4677.84,115.705125,35.846334,269.11,-0.00173120
2021,25,48,4777.37,115.704131,35.846149,269.11,-0.00113650
2021,250,0,0.00,115.096421,35.410376,343.86,-0.01066191
2021,250,1,31.56,115.096201,35.410156,254.16,-0.01105505
2021,250,2,63.12,115.095882,35.410106,269.11,-0.01144818
2021,251,0,0.00,115.093457,35.409028,1091.39,0.00000000
2021,251,1,19.32,115.093322,35.409163,1794.06,0.00000000
2021,251,2,38.64,115.093187,35.409298,1794.06,0.00000000
2021,252,0,0.00,115.093187,35.409298,612.97,0.00725263
2021,252,1,85.94,115.092292,35.409211,493.37,0.00726333
2021,252,2,171.88,115.092109,35.408489,687.72,0.00727403
2021,253,0,0.00,115.093457,35.409028,986.73,0.00278423
2021,253,1,85.15,115.093842,35.408373,1031.59,0.00282301
2021,253,2,170.31,115.094535,35.407950,792.38,0.00286180
2021,254,0,0.00,115.093457,35.409028,627.92,0.00000000
2021,254,1,86.32,115.094407,35.409028,598.02,0.00108025
2021,254,2,172.63,115.095357,35.409028,313.96,0.00227566
2021,254,3,258.95,115.096152,35.409298,254.16,0.00239083
2021,255,0,0.00,115.092109,35.408489,717.63,0.00376040
2021,255,1,95.42,115.091148,35.408336,642.87,0.00362889
2021,255,2,190.83,115.090482,35.407671,672.77,0.00243168
2021,255,3,286.25,115.089817,35.407005,657.82,0.00168547
2021,255,4,381.66,115.089414,35.406263,657.82,0.00084931
2021,255,5,477.08,115.089111,35.405491,642.87,-0.00058240
2021,255,6,572.50,115.088655,35.404765,642.87,-0.00099494
2021,255,7,667.91,115.088198,35.404039,687.72,-0.00007013
2021,255,8,763.33,115.087532,35.403373,687.72,0.00084657
2021,255,9,858.74,115.087258,35.402593,657.82,-0.00042792
2021,255,10,954.16,115.086719,35.401891,657.82,-0.00055778
2021,255,11,1049.58,115.086161,35.401194,657.82,0.00084393
2021,255,12,1144.99,115.085705,35.400468,642.87,0.00085932
2021,255,13,1240.41,115.085372,35.399705,627.92,-0.00068579
2021,255,14,1335.83,115.084999,35.398954,627.92,-0.00114811
2021,255,15,1431.24,115.084334,35.398288,657.82,0.00052141
2021,255,16,1526.66,115.083877,35.397562,627.92,0.00056571
2021,255,17,1622.07,115.083485,35.396817,627.92,-0.00088566
2021,255,18,1717.49,115.082963,35.396109,612.97,-0.00110307
2021,255,19,1812.91,115.082407,35.395554,627.92,-0.00079781
2021,256,0,0.00,115.092109,35.408489,1794.06,-0.00000000
2021,256,1,91.27,115.092746,35.407853,1151.19,0.00224417
2021,256,2,182.55,115.093382,35.407216,1196.04,0.00846915
2021,256,3,273.82,115.094315,35.407192,478.42,0.00993320
2021,256,4,365.09,115.094535,35.407950,687.72,0.00741643
2021,258,0,0.00,115.094535,35.407950,508.32,-0.00395737
2021,258,1,50.88,115.094890,35.408305,373.76,-0.00417117
2021,258,2,101.76,115.095343,35.408489,388.71,-0.00438497
2021,259,0,0.00,115.082407,35.395554,642.87,-0.00359584
2021,259,1,85.68,115.082407,35.394781,598.02,-0.00253236
2021,259,2,171.36,115.081868,35.394167,568.12,-0.00093618
2021,259,3,257.04,115.081658,35.393456,583.07,-0.00147158
2021,259,4,342.72,115.081060,35.392859,583.07,-0.00253969
2021,26,0,0.00,115.704131,35.846149,1196.04,-0.00347668
2021,26,1,53.51,115.703758,35.846523,762.48,-0.00358305
2021,26,2,107.02,115.703592,35.846957,822.28,-0.00368943
2021,260,0,0.00,115.082407,35.395554,1435.25,-0.00000000
2021,260,1,90.17,115.081779,35.396182,1270.79,-0.00000000
2021,260,2,180.34,115.081150,35.396811,1106.34,0.00000000
2021,260,3,270.51,115.080521,35.397440,956.83,0.00000000
2021,261,0,0.00,115.081060,35.392859,598.02,-0.00369351
2021,261,1,53.60,115.080895,35.392424,598.02,-0.00358610
2021,261,2,107.19,115.080521,35.392050,598.02,-0.00347868
2021,262,0,0.00,115.081060,35.392859,1285.75,0.00472095
2021,262,1,86.36,115.080421,35.393398,1794.06,0.00490950
2021,262,2,172.73,115.079471,35.393398,1181.09,0.00554735
2021,262,3,259.09,115.078562,35.393325,732.58,0.00905510
2021,262,4,345.45,115.078096,35.392683,538.22,0.01211956
2021,262,5,431.81,115.078625,35.392059,911.98,0.00882241
2021,262,6,518.18,115.079570,35.392050,1375.45,0.00279449
2021,262,7,604.54,115.080521,35.392050,1405.35,0.00006975
2021,264,0,0.00,115.080521,35.392050,612.97,-0.00223602
2021,264,1,80.51,115.080791,35.391403,553.17,-0.00303240
2021,264,2,161.01,115.080771,35.390683,448.52,-0.00280169
2021,264,3,241.52,115.080521,35.390031,508.32,-0.00210898
2021,264,4,322.02,115.080274,35.389378,463.47,-0.00238397
2021,264,5,402.53,115.079713,35.388816,478.42,-0.00232459
2021,265,0,0.00,115.079713,35.388816,583.07,0.00172782
2021,265,1,77.69,115.080046,35.388213,956.83,0.00167996
2021,265,2,155.37,115.080588,35.387672,1181.09,0.00254739
2021,265,3,233.06,115.081129,35.387130,1196.04,0.00363751
2021,265,4,310.75,115.081868,35.386930,493.37,0.00381234
2021,266,0,0.00,115.079713,35.388816,882.08,0.00000000
2021,266,1,87.26,115.079104,35.389425,941.88,-0.00064436
2021,266,2,174.52,115.078496,35.390033,852.18,-0.00132447
2021,266,3,261.77,115.078096,35.390703,747.53,-0.00136023
2021,267,0,0.00,115.079713,35.388816,493.37,0.00136903
2021,267,1,99.53,115.079174,35.388077,433.57,0.00138012
2021,267,2,199.06,115.078904,35.387259,403.66,0.00023690
2021,267,3,298.59,115.078635,35.386440,373.76,-0.00153664
2021,267,4,398.12,115.078187,35.385674,373.76,-0.00270090
2021,267,5,497.65,115.077493,35.384980,388.71,-0.00162296
2021,267,6,597.18,115.076602,35.384627,448.52,0.00103597
2021,267,7,696.71,115.075908,35.383933,493.37,0.00204798
2021,267,8,796.24,115.075214,35.383239,403.66,0.00191110
2021,267,9,895.77,115.074937,35.382423,388.71,-0.00047503
2021,267,10,995.30,115.074592,35.381627,358.81,-0.00336776
2021,267,11,1094.83,115.073867,35.381084,388.71,-0.00272105
2021,267,12,1194.36,115.072975,35.380731,538.22,-0.00145482
2021,268,0,0.00,115.072975,35.380731,433.57,-0.00218675
2021,268,1,67.85,115.072502,35.380258,493.37,-0.00229370
2021,268,2,135.71,115.071930,35.379956,553.17,-0.00120032
2021,268,3,203.56,115.071358,35.379653,717.63,0.00000000
2021,269,0,0.00,115.072975,35.380731,1569.81,-0.00000000
2021,269,1,87.26,115.072367,35.381340,1554.85,-0.00064435
2021,269,2,174.52,115.071758,35.381948,1390.40,-0.00132447
2021,269,3,261.78,115.071358,35.382618,687.72,-0.00136023
2021,27,0,0.00,115.704131,35.846149,239.21,0.00020971
2021,27,1,99.69,115.703435,35.845452,224.26,0.00049004
2021,27,2,199.37,115.702784,35.844742,239.21,0.00078565
2021,27,3,299.06,115.702251,35.843998,299.01,0.00006919
2021,27,4,398.75,115.701763,35.843241,373.76,-0.00035733
2021,27,5,498.43,115.701181,35.842645,388.71,0.00082427
2021,27,6,598.12,115.700688,35.841897,463.47,0.00153681
2021,27,7,697.81,115.700359,35.841094,418.61,0.00140757
2021,27,8,797.49,115.700131,35.840261,403.66,0.00061859
2021,27,9,897.18,115.700089,35.839375,418.61,-0.00067417
2021,27,10,996.86,115.699820,35.838555,418.61,0.00010250
2021,27,11,1096.55,115.699550,35.837734,403.66,0.00131121
2021,27,12,1196.24,115.699550,35.836836,418.61,0.00063704
2021,27,13,1295.92,115.699550,35.835937,388.71,0.00000000
2021,27,14,1395.61,115.699550,35.835039,373.76,-0.00063704
2021,27,15,1495.30,115.699550,35.834141,358.81,-0.00063704
2021,27,16,1594.98,115.699281,35.833320,343.86,0.00063704
2021,27,17,1694.67,115.699281,35.832422,313.96,0.00063704
2021,27,18,1794.36,115.699281,35.831523,224.26,0.00063704
2021,27,19,1894.04,115.699281,35.830625,299.01,0.00000000
2021,27,20,1993.73,115.699550,35.829805,328.91,-0.00127407
2021,27,21,2093.42,115.699281,35.828984,373.76,-0.00000000
2021,27,22,2193.10,115.699281,35.828086,418.61,0.00063704
2021,27,23,2292.79,115.699281,35.827187,448.52,-0.00063704
2021,27,24,2392.47,115.699281,35.826289,418.61,-0.00131121
2021,27,25,2492.16,115.699011,35.825469,478.42,-0.00058100
2021,27,26,2591.85,115.698742,35.824648,433.57,0.00059305
2021,27,27,2691.53,115.698509,35.823817,433.57,0.00038643
2021,27,28,2791.22,115.698439,35.822939,418.61,-0.00063997
2021,27,29,2890.91,115.698160,35.822121,433.57,-0.00106054
2021,27,30,2990.59,115.697882,35.821304,433.57,-0.00000000
2021,27,31,3090.28,115.697394,35.820546,433.57,0.00125511
2021,27,32,3189.97,115.697324,35.819668,373.76,0.00052653
2021,27,33,3289.65,115.697125,35.818828,388.71,-0.00000000
2021,27,34,3389.34,115.696976,35.817972,358.81,0.00055227
2021,27,35,3489.03,115.696855,35.817109,373.76,-0.00059176
2021,27,36,3588.71,115.696855,35.816210,358.81,-0.00112694
2021,27,37,3688.40,115.696349,35.815459,373.76,0.00051219
2021,27,38,3788.08,115.696279,35.814580,388.71,0.00018985
2021,27,39,3887.77,115.696047,35.813749,299.01,-0.00023096
2021,27,40,3987.46,115.695777,35.812929,328.91,0.00024581
2021,27,41,4087.14,115.695652,35.812067,358.81,-0.00073159
2021,27,42,4186.83,115.695373,35.811249,358.81,-0.00038751
2021,27,43,4286.52,115.694969,35.810468,328.91,0.00104211
2021,27,44,4386.20,115.694816,35.809614,328.91,0.00043336
2021,27,45,4485.89,115.694699,35.808749,358.81,0.00000000
2021,27,46,4585.58,115.694430,35.807929,328.91,0.00092477
2021,27,47,4685.26,115.694430,35.807030,358.81,0.00023613
2021,27,48,4784.95,115.694430,35.806132,373.76,-0.00000000
2021,27,49,4884.64,115.694258,35.805283,373.76,0.00015368
2021,27,50,4984.32,115.694430,35.804491,448.52,-0.00063704
2021,27,51,5084.01,115.694160,35.803671,418.61,0.00024722
2021,27,52,5183.70,115.694160,35.802772,523.27,0.00033553
2021,27,53,5283.38,115.694160,35.801874,598.02,-0.00063704
2021,27,54,5383.07,115.694030,35.801013,612.97,-0.00002246
2021,27,55,5482.75,115.693891,35.800155,672.77,0.00063704
2021,27,56,5582.44,115.693891,35.799256,687.72,0.00064792
2021,270,0,0.00,115.071358,35.379653,1136.24,0.00121776
2021,270,1,92.08,115.070925,35.380356,1360.50,0.00091206
2021,270,2,184.15,115.070283,35.380999,762.48,-0.00043511
2021,270,3,276.23,115.069741,35.381670,508.32,0.00130036
2021,270,4,368.31,115.069383,35.382348,119.60,0.00487101
2021,270,5,460.38,115.068477,35.382534,418.61,0.00349872
2021,270,6,552.46,115.067512,35.382618,433.57,0.00094545
2021,270,7,644.54,115.066499,35.382618,119.60,0.00186142
2021,270,8,736.61,115.065485,35.382618,254.16,0.00409109
2021,270,9,828.69,115.064724,35.382182,478.42,0.00322128
2021,270,10,920.77,115.064082,35.381540,717.63,0.00142503
2021,271,0,0.00,115.071358,35.379653,1390.40,-0.00277120
2021,271,1,94.31,115.072016,35.378996,911.98,-0.00172636
2021,271,2,188.63,115.072167,35.378190,553.17,0.00075666
2021,271,3,282.94,115.072706,35.377497,508.32,0.00219485
2021,272,0,0.00,115.071358,35.379653,568.12,-0.00195519
2021,272,1,94.70,115.070628,35.379114,508.32,-0.00199473
2021,272,2,189.41,115.069741,35.378845,433.57,-0.00203426
2021,273,0,0.00,115.064082,35.381540,448.52,-0.00066819
2021,273,1,86.98,115.063179,35.381634,403.66,0.00010248
2021,273,2,173.96,115.062323,35.381809,418.61,0.00290282
2021,273,3,260.95,115.061374,35.381796,448.52,0.00400946
2021,273,4,347.93,115.060668,35.381360,418.61,-0.00039323
2021,273,5,434.91,115.059919,35.381001,358.81,-0.00338280
2021,273,6,521.89,115.058961,35.381001,328.91,-0.00289272
2021,274,0,0.00,115.064082,35.381540,687.72,0.00000000
2021,274,1,92.24,115.064621,35.380866,313.96,0.00000000
2021,274,2,184.49,115.065160,35.380192,269.11,0.00000000
2021,275,0,0.00,115.069741,35.378845,956.83,0.00176268
2021,275,1,85.25,115.069741,35.378077,717.63,0.00088134
2021,275,2,170.49,115.070011,35.377387,493.37,0.00112900
2021,275,3,255.74,115.070011,35.376619,224.26,0.00354925
2021,275,4,340.98,115.070550,35.376150,448.52,0.00484049
2021,276,0,0.00,115.069741,35.378845,598.02,0.00000000
2021,276,1,48.98,115.069202,35.378845,448.52,0.00000000
2021,276,2,97.95,115.068663,35.378845,388.71,0.00000000
2021,277,0,0.00,115.065160,35.380192,508.32,0.00000000
2021,277,1,36.73,115.065564,35.380192,508.32,0.00000000
2021,277,2,73.46,115.065968,35.380192,209.31,0.00000000
2021,278,0,0.00,115.065160,35.380192,717.63,0.00868153
2021,278,1,34.27,115.064921,35.379953,717.63,0.00879885
2021,278,2,68.55,115.064890,35.379653,687.72,0.00891618
2021,279,0,0.00,115.068663,35.378845,1121.29,0.00000000
2021,279,1,72.58,115.068157,35.379351,1091.39,0.00095233
2021,279,2,145.15,115.067651,35.379857,209.31,0.00199443
2021,279,3,217.73,115.067046,35.380192,149.51,0.00208421
2021,28,0,0.00,115.693891,35.799256,1196.04,-0.00260162
2021,28,1,93.60,115.693137,35.798773,1345.55,-0.00245121
2021,28,2,187.20,115.692186,35.798629,1375.45,-0.00064439
2021,28,3,280.80,115.691256,35.798448,1106.34,0.00415540
2021,28,4,374.40,115.690387,35.798171,852.18,0.00604562
2021,28,5,468.00,115.690354,35.797337,732.58,0.00182110
2021,28,6,561.60,115.690118,35.796562,717.63,-0.00115027
2021,280,0,0.00,115.068663,35.378845,583.07,0.00000000
2021,280,1,57.97,115.068259,35.378441,702.67,0.00000000
2021,280,2,115.94,115.067855,35.378036,672.77,0.00000000
2021,281,0,0.00,115.065968,35.380192,642.87,-0.00951955
2021,281,1,85.16,115.066594,35.380731,164.46,-0.01044637
2021,281,2,170.33,115.067046,35.380192,254.16,-0.01137320
2021,282,0,0.00,115.065968,35.380192,254.16,0.00868165
2021,282,1,63.13,115.066507,35.379923,164.46,0.00868165
2021,282,2,126.27,115.067046,35.380192,448.52,0.00868165
2021,283,0,0.00,115.064890,35.379653,284.06,0.00126626
2021,283,1,88.58,115.065508,35.379036,104.65,0.00317440
2021,283,2,177.16,115.066224,35.378589,104.65,0.00214591
2021,283,3,265.74,115.067192,35.378575,358.81,-0.00259285
2021,283,4,354.33,115.067855,35.378036,1031.59,-0.00439498
2021,284,0,0.00,115.064890,35.379653,717.63,-0.00303311
2021,284,1,76.02,115.064360,35.379123,702.67,-0.00576551
2021,284,2,152.04,115.063731,35.378926,433.57,-0.00631763
2021,284,3,228.05,115.063004,35.379114,418.61,-0.00413735
2021,287,0,0.00,115.067855,35.378036,642.87,0.00000000
2021,287,1,99.36,115.067855,35.377141,194.36,0.00000000
2021,287,2,198.72,115.067855,35.376245,239.21,0.00064511
2021,287,3,298.08,115.067855,35.375350,224.26,0.00132823
2021,287,4,397.45,115.068124,35.374533,672.77,0.00136624
2021,288,0,0.00,115.068124,35.374533,777.43,0.00019449
2021,288,1,87.63,115.069089,35.374533,403.66,0.00264175
2021,288,2,175.25,115.070037,35.374560,328.91,0.00430273
2021,288,3,262.88,115.070648,35.375171,269.11,0.00105684
2021,288,4,350.51,115.071358,35.375611,523.27,-0.00140277
2021,289,0,0.00,115.068124,35.374533,269.11,-0.00650571
2021,289,1,98.50,115.067646,35.373785,284.06,-0.00617478
2021,289,2,197.01,115.066753,35.373994,403.66,-0.00172018
2021,289,3,295.51,115.065669,35.373994,388.71,0.00065115
2021,289,4,394.02,115.064795,35.373819,343.86,-0.00163441
2021,289,5,492.52,115.063812,35.373994,313.96,-0.00216762
2021,29,0,0.00,115.693891,35.799256,732.58,-0.00298929
2021,29,1,95.22,115.694430,35.798555,657.82,-0.00223574
2021,29,2,190.44,115.694430,35.797696,672.77,-0.00024528
2021,29,3,285.66,115.694699,35.796916,657.82,-0.00000000
2021,29,4,380.88,115.694881,35.796111,642.87,-0.00025696
2021,29,5,476.11,115.694969,35.795278,687.72,0.00000000
2021,29,6,571.33,115.695238,35.794498,672.77,-0.00023886
2021,29,7,666.55,115.695238,35.793640,702.67,0.00052636
2021,29,8,761.77,115.695508,35.792860,687.72,0.00000000
2021,29,9,856.99,115.695700,35.792057,717.63,-0.00103136
2021,29,10,952.21,115.695777,35.791221,717.63,-0.00069956
2021,29,11,1047.43,115.695777,35.790363,732.58,-0.00038912
2021,3,0,0.00,115.884423,35.879566,1674.46,0.00573279
2021,3,1,74.37,115.883903,35.880086,1779.11,0.00587128
2021,3,2,148.75,115.883091,35.880105,657.82,0.00310136
2021,3,3,223.12,115.882267,35.880105,493.37,0.00019295
2021,30,0,0.00,115.695777,35.790363,1196.04,-0.00418376
2021,30,1,92.37,115.695070,35.789824,1794.06,-0.00406952
2021,30,2,184.75,115.694048,35.789824,1794.06,-0.00197764
2021,30,3,277.12,115.693026,35.789824,1390.40,0.00000000
2021,30,4,369.50,115.692004,35.789824,837.23,0.00000000
2021,31,0,0.00,115.695777,35.790363,777.43,-0.00264917
2021,31,1,99.64,115.696316,35.789621,717.63,-0.00197990
2021,31,2,199.27,115.696334,35.788729,717.63,-0.00008985
2021,31,3,298.91,115.696612,35.787911,747.53,0.00012809
2021,31,4,398.55,115.696855,35.787084,687.72,-0.00063038
2021,31,5,498.18,115.696960,35.786216,732.58,0.00052723
2021,31,6,597.82,115.697125,35.785366,657.82,0.00067528
2021,31,7,697.46,115.697516,35.784581,642.87,-0.00101545
2021,31,8,797.10,115.697664,35.783726,642.87,-0.00067528
2021,31,9,896.73,115.697664,35.782828,642.87,0.00097049
2021,31,10,996.37,115.697933,35.782008,598.02,0.00019393
2021,31,11,1096.01,115.698203,35.781188,598.02,-0.00067528
2021,31,12,1195.64,115.698281,35.780313,583.07,0.00028182
2021,31,13,1295.28,115.698472,35.779471,598.02,0.00041183
2021,31,14,1394.92,115.698742,35.778651,583.07,-0.00047576
2021,31,15,1494.55,115.698907,35.777801,523.27,-0.00072709
2021,31,16,1594.19,115.699011,35.776933,538.22,0.00067528
2021,31,17,1693.83,115.699046,35.776045,538.22,0.00090177
2021,31,18,1793.47,115.699550,35.775293,538.22,-0.00067528
2021,31,19,1893.10,115.699550,35.774395,523.27,-0.00058651
2021,31,20,1992.74,115.699820,35.773575,508.32,-0.00063804
2021,31,21,2092.38,115.699820,35.772677,508.32,-0.00127608
2021,31,22,2192.01,115.699820,35.771779,508.32,-0.00131332
2021,31,23,2291.65,115.699550,35.770960,493.37,-0.00135055
2021,32,0,0.00,115.699550,35.770960,1794.06,0.00000000
2021,32,1,12.18,115.699415,35.770960,1569.81,0.00000000
2021,32,2,24.37,115.699281,35.770960,1569.81,0.00000000
2021,33,0,0.00,115.699550,35.770960,493.37,0.00000000
2021,33,1,92.87,115.699820,35.770201,463.47,-0.00119059
2021,33,2,185.73,115.700089,35.769442,418.61,-0.00194851
2021,33,3,278.60,115.699935,35.768650,328.91,0.00010527
2021,33,4,371.47,115.699935,35.767880,299.01,0.00161038
2021,33,5,464.34,115.700089,35.767087,299.01,0.00108533
2021,33,6,557.20,115.700359,35.766328,269.11,0.00033813
2021,33,7,650.07,115.700628,35.765570,224.26,-0.00000000
2021,34,0,0.00,115.700628,35.765570,1689.41,0.00000000
2021,34,1,60.93,115.701302,35.765570,1659.51,0.00000000
2021,34,2,121.85,115.701976,35.765570,508.32,0.00000000
2021,35,0,0.00,115.700628,35.765570,313.96,0.00377746
2021,35,1,83.43,115.700359,35.764896,179.41,0.00377746
2021,35,2,166.86,115.700628,35.764222,194.36,0.00377746
2021,36,0,0.00,115.700628,35.764222,1539.90,0.00000000
2021,36,1,60.93,115.701302,35.764222,1450.20,0.00000000
2021,36,2,121.85,115.701976,35.764222,358.81,0.00000000
2021,37,0,0.00,115.700628,35.764222,209.31,0.00269648
2021,37,1,98.38,115.700359,35.763414,254.16,0.00269648
2021,37,2,196.76,115.700628,35.762605,1031.59,0.00269648
2021,38,0,0.00,115.700628,35.762605,1360.50,0.00532945
2021,38,1,55.84,115.701246,35.762605,1076.44,0.00557589
2021,38,2,111.69,115.701706,35.762875,553.17,0.00582234
2021,39,0,0.00,115.700628,35.762605,313.96,0.00000000
2021,39,1,95.50,115.700170,35.761877,388.71,-0.00132069
2021,39,2,191.00,115.699712,35.761150,508.32,-0.00329565
2021,39,3,286.50,115.698907,35.760719,553.17,-0.00257541
2021,39,4,382.00,115.698008,35.760449,538.22,-0.00097853
2021,39,5,477.50,115.697109,35.760180,508.32,-0.00096812
2021,39,6,573.00,115.696150,35.760013,493.37,-0.00022772
2021,39,7,668.50,115.695154,35.759910,508.32,-0.00086744
2021,39,8,764.00,115.694255,35.759641,538.22,-0.00123952
2021,39,9,859.50,115.693354,35.759908,493.37,0.00085940
2021,39,10,955.00,115.692457,35.759641,478.42,-0.00000000
2021,39,11,1050.49,115.691401,35.759641,418.61,-0.00086916
2021,39,12,1145.99,115.690345,35.759641,478.42,0.00087721
2021,39,13,1241.49,115.689289,35.759641,508.32,0.00168593
2021,39,14,1336.99,115.688390,35.759371,523.27,0.00039805
2021,39,15,1432.49,115.687466,35.759145,538.22,-0.00065828
2021,39,16,1527.99,115.686501,35.758989,538.22,-0.00024761
2021,39,17,1623.49,115.685536,35.758832,508.32,-0.00000000
2021,4,0,0.00,115.884423,35.879566,478.42,-0.00305838
2021,4,1,99.88,115.884143,35.878747,358.81,-0.00394339
2021,4,2,199.75,115.883346,35.878218,328.91,-0.00329423
2021,4,3,299.63,115.882397,35.877949,388.71,-0.00088003
2021,4,4,399.50,115.881449,35.877679,523.27,0.00119868
2021,4,5,499.38,115.880500,35.877410,568.12,0.00304058
2021,4,6,599.26,115.879758,35.876787,553.17,0.00256442
2021,4,7,699.13,115.879269,35.876028,493.37,-0.00027818
2021,4,8,799.01,115.878780,35.875270,508.32,-0.00149440
2021,4,9,898.88,115.877982,35.874742,448.52,-0.00049370
2021,4,10,998.76,115.877284,35.874044,418.61,-0.00000000
2021,4,11,1098.64,115.876487,35.873516,373.76,-0.00000000
2021,4,12,1198.51,115.875789,35.872818,358.81,-0.00053125
2021,4,13,1298.39,115.874991,35.872289,343.86,-0.00106250
2021,40,0,0.00,115.685536,35.758832,1794.06,0.00000000
2021,40,1,76.92,115.685536,35.758139,1794.06,0.00000000
2021,40,2,153.85,115.685536,35.757446,1390.40,0.00108121
2021,40,3,230.77,115.685536,35.756752,523.27,0.00222954
2021,40,4,307.69,115.685806,35.756137,358.81,0.00229666
2021,41,0,0.00,115.685536,35.758832,598.02,0.00020843
2021,41,1,99.61,115.684741,35.758846,463.47,0.00014197
2021,41,2,199.22,115.683648,35.758832,478.42,-0.00000000
2021,41,3,298.83,115.682547,35.758832,478.42,0.00076651
2021,41,4,398.44,115.681446,35.758832,478.42,0.00080427
2021,41,5,498.05,115.680501,35.758563,478.42,-0.00000000
2021,41,6,597.66,115.679400,35.758563,448.52,-0.00000000
2021,41,7,697.27,115.678456,35.758293,448.52,-0.00080427
2021,41,8,796.88,115.677355,35.758293,448.52,0.00000000
2021,41,9,896.49,115.676254,35.758293,418.61,0.00082267
2021,41,10,996.10,115.675310,35.758024,448.52,-0.00000000
2021,41,11,1095.72,115.674212,35.758018,418.61,-0.00003676
2021,41,12,1195.33,115.673264,35.757754,418.61,-0.00080427
2021,41,13,1294.94,115.672163,35.757754,388.71,0.00001836
2021,41,14,1394.55,115.671062,35.757754,388.71,0.00169040
2021,41,15,1494.16,115.670118,35.757485,388.71,0.00000000
2021,41,16,1593.77,115.669173,35.757215,358.81,-0.00169040
2021,41,17,1693.38,115.668072,35.757215,358.81,-0.00000000
2021,41,18,1792.99,115.666971,35.757215,299.01,0.00080427
2021,41,19,1892.60,115.666027,35.756946,299.01,-0.00080427
2021,41,20,1992.21,115.664926,35.756946,269.11,0.00000000
2021,41,21,2091.82,115.663825,35.756946,269.11,0.00088773
2021,41,22,2191.43,115.662880,35.756676,269.11,-0.00000000
2021,41,23,2291.04,115.661795,35.756650,224.26,-0.00016613
2021,41,24,2390.65,115.660835,35.756407,239.21,0.00000000
2021,41,25,2490.26,115.659734,35.756407,239.21,0.00082569
2021,41,26,2589.87,115.658790,35.756137,209.31,-0.00000000
2021,41,27,2689.48,115.657821,35.755910,224.26,-0.00060813
2021,41,28,2789.09,115.656744,35.755868,239.21,0.00137667
2021,41,29,2888.70,115.655800,35.755598,224.26,0.00153535
2021,41,30,2988.31,115.654940,35.755185,269.11,-0.00006179
2021,41,31,3087.92,115.654045,35.754830,269.11,-0.00078004
2021,41,32,3187.53,115.653125,35.754520,269.11,-0.00026917
2021,41,33,3287.15,115.652158,35.754290,284.06,0.00058146
2021,41,34,3386.76,115.651264,35.753934,313.96,0.00042595
2021,41,35,3486.37,115.650369,35.753579,328.91,-0.00011891
2021,41,36,3585.98,115.649475,35.753224,343.86,-0.00000000
2021,41,37,3685.59,115.648561,35.752903,373.76,0.00045393
2021,41,38,3785.20,115.647687,35.752513,388.71,0.00000000
2021,41,39,3884.81,115.646829,35.752095,418.61,0.00003061
2021,41,40,3984.42,115.645898,35.751803,418.61,0.00058012
2021,41,41,4084.03,115.645103,35.751277,463.47,-0.00006124
2021,41,42,4183.64,115.644209,35.750922,463.47,-0.00000000
2021,41,43,4283.25,115.643367,35.750478,508.32,0.00054769
2021,41,44,4382.86,115.642520,35.750041,493.37,0.00097323
2021,41,45,4482.47,115.641725,35.749516,478.42,0.00074272
2021,41,46,4582.08,115.641005,35.748861,448.52,-0.00032276
2021,41,47,4681.69,115.640218,35.748322,478.42,-0.00036253
2021,41,48,4781.30,115.639431,35.747783,478.42,-0.00004158
2021,41,49,4880.91,115.638644,35.747243,478.42,-0.00008841
2021,41,50,4980.52,115.637849,35.746718,478.42,-0.00004515
2021,41,51,5080.13,115.637054,35.746192,448.52,0.00000000
2021,41,52,5179.74,115.636259,35.745667,478.42,0.00053473
2021,41,53,5279.35,115.635464,35.745141,463.47,0.00053473
2021,41,54,5378.97,115.634768,35.744446,448.52,-0.00053473
2021,41,55,5478.58,115.633973,35.743920,448.52,-0.00053473
2021,41,56,5578.19,115.633178,35.743394,448.52,-0.00016197
2021,41,57,5677.80,115.632383,35.742869,463.47,-0.00011787
2021,41,58,5777.41,115.631559,35.742393,508.32,0.00032145
2021,41,59,5877.02,115.630772,35.741854,508.32,-0.00032410
2021,41,60,5976.63,115.629998,35.741292,523.27,-0.00015948
2021,41,61,6076.24,115.629103,35.740937,478.42,0.00097670
2021,41,62,6175.85,115.628408,35.740241,508.32,0.00000000
2021,41,63,6275.46,115.627613,35.739716,478.42,-0.00039167
2021,41,64,6375.07,115.626818,35.739190,493.37,-0.00056374
2021,41,65,6474.68,115.626049,35.738620,448.52,-0.00085749
2021,41,66,6574.29,115.625128,35.738309,433.57,0.00056374
2021,41,67,6673.90,115.624333,35.737784,418.61,0.00071443
2021,41,68,6773.51,115.623538,35.737258,448.52,0.00000000
2021,41,69,6873.12,115.622743,35.736733,418.61,-0.00056374
2021,41,70,6972.73,115.621948,35.736207,448.52,-0.00000000
2021,41,71,7072.34,115.621054,35.735852,448.52,0.00056374
2021,41,72,7171.95,115.620358,35.735156,448.52,-0.00000000
2021,41,73,7271.56,115.619464,35.734801,448.52,0.00000000
2021,41,74,7371.17,115.618768,35.734105,448.52,-0.00058341
2021,41,75,7470.78,115.617874,35.733750,463.47,0.00000000
2021,41,76,7570.40,115.617076,35.733230,478.42,0.00060227
2021,41,77,7670.01,115.616284,35.732699,478.42,-0.00000000
2021,41,78,7769.62,115.615489,35.732173,418.61,0.00051588
2021,41,79,7869.23,115.614694,35.731648,448.52,0.00019690
2021,41,80,7968.84,115.613998,35.730952,433.57,-0.00109847
2021,41,81,8068.45,115.613140,35.730535,448.52,-0.00011017
2021,41,82,8168.06,115.612309,35.730071,433.57,0.00056374
2021,41,83,8267.67,115.611565,35.729457,448.52,-0.00037641
2021,41,84,8367.28,115.610719,35.729020,433.57,-0.00000000
2021,41,85,8466.89,115.609924,35.728495,448.52,-0.00012957
2021,41,86,8566.50,115.609129,35.727969,418.61,-0.00037429
2021,41,87,8666.11,115.608259,35.727571,388.71,0.00050598
2021,41,88,8765.72,115.607472,35.727032,388.71,-0.00043454
2021,41,89,8865.33,115.606685,35.726493,373.76,-0.00088753
2021,41,90,8964.94,115.605741,35.726223,343.86,0.00089556
2021,41,91,9064.55,115.604955,35.725682,328.91,-0.00001606
2021,41,92,9164.16,115.604167,35.725145,313.96,-0.00126862
2021,41,93,9263.77,115.603222,35.724876,313.96,0.00000803
2021,41,94,9363.38,115.602372,35.724446,284.06,-0.00017565
2021,41,95,9462.99,115.601491,35.724067,209.31,-0.00092055
2021,41,96,9562.60,115.600547,35.723798,104.65,-0.00185089
2021,41,97,9662.22,115.599603,35.723528,179.41,-0.00169040
2021,41,98,9761.83,115.598696,35.723734,254.16,0.00039448
2021,41,99,9861.44,115.597714,35.723528,299.01,-0.00080427
2021,41,100,9961.05,115.596613,35.723528,328.91,-0.00227898
2021,41,101,10060.66,115.595669,35.723798,328.91,-0.00088613
2021,41,102,10160.27,115.594722,35.724062,388.71,-0.00003452
2021,41,103,10259.88,115.593781,35.724337,403.66,0.00000000
2021,41,104,10359.49,115.592836,35.724606,418.61,0.00001727
2021,41,105,10459.10,115.591892,35.724876,448.52,-0.00092055
2021,41,106,10558.71,115.590948,35.725145,508.32,-0.00172066
2021,41,107,10658.32,115.590161,35.725684,523.27,0.00000000
2021,41,108,10757.93,115.589356,35.726194,538.22,0.00113514
2021,41,109,10857.54,115.588429,35.726493,508.32,-0.00000000
2021,41,110,10957.15,115.587568,35.726904,508.32,-0.00058012
2021,41,111,11056.76,115.586698,35.727301,508.32,-0.00010343
2021,41,112,11156.37,115.585879,35.727785,508.32,0.00005727
2021,41,113,11255.98,115.584984,35.728140,493.37,-0.00069407
2021,41,114,11355.59,115.584180,35.728649,478.42,-0.00011438
2021,41,115,11455.20,115.583392,35.729188,493.37,0.00079750
2021,41,116,11554.81,115.582500,35.729547,478.42,0.00005711
2021,41,117,11654.42,115.581661,35.729996,448.52,-0.00000000
2021,41,118,11754.03,115.580811,35.730427,463.47,0.00000000
2021,41,119,11853.65,115.579930,35.730805,448.52,-0.00000000
2021,41,120,11953.26,115.579122,35.731308,463.47,0.00058012
2021,41,121,12052.87,115.578198,35.731613,448.52,0.00000000
2021,41,122,12152.48,115.577333,35.732019,478.42,-0.00000000
2021,41,123,12252.09,115.576467,35.732422,448.52,-0.00000000
2021,41,124,12351.70,115.575545,35.732729,448.52,-0.00020600
2021,41,125,12451.31,115.574736,35.733230,463.47,0.00092055
2021,41,126,12550.92,115.573791,35.733500,418.61,0.00041218
2021,41,127,12650.53,115.572847,35.733769,418.61,-0.00067305
2021,41,128,12750.14,115.571968,35.734150,433.57,-0.00016062
2021,41,129,12849.75,115.571074,35.734505,448.52,0.00042655
2021,41,130,12949.36,115.570172,35.734847,433.57,0.00049080
2021,41,131,13048.97,115.569227,35.735117,448.52,-0.00009501
2021,41,132,13148.58,115.568292,35.735401,478.42,-0.00082197
2021,41,133,13248.19,115.567397,35.735756,463.47,-0.00023633
2021,41,134,13347.80,115.566552,35.736195,448.52,0.00087113
2021,41,135,13447.41,115.565608,35.736464,418.61,0.00057785
2021,41,136,13547.02,115.564664,35.736734,403.66,0.00000000
2021,41,137,13646.63,115.563719,35.737003,403.66,0.00000000
2021,41,138,13746.24,115.562775,35.737273,358.81,0.00088613
2021,41,139,13845.85,115.561831,35.737542,328.91,0.00088613
2021,41,140,13945.47,115.560730,35.737542,328.91,-0.00088613
2021,41,141,14045.08,115.559786,35.737812,328.91,-0.00000000
2021,41,142,14144.69,115.558841,35.738081,328.91,0.00088613
2021,41,143,14244.30,115.557740,35.738081,388.71,0.00000000
2021,41,144,14343.91,115.556796,35.738351,388.71,-0.00000000
2021,41,145,14443.52,115.555695,35.738351,478.42,-0.00088613
2021,41,146,14543.13,115.554751,35.738620,448.52,-0.00088613
2021,41,147,14642.74,115.553807,35.738890,493.37,0.00067236
2021,41,148,14742.35,115.552862,35.739159,478.42,0.00088613
2021,41,149,14841.96,115.551800,35.739226,493.37,-0.00044702
2021,41,150,14941.57,115.550817,35.739429,508.32,-0.00000000
2021,41,151,15041.18,115.549873,35.739698,478.42,0.00066646
2021,41,152,15140.79,115.548772,35.739698,508.32,0.00000000
2021,41,153,15240.40,115.547826,35.739966,478.42,0.00079358
2021,41,154,15340.01,115.546726,35.739968,508.32,0.00080427
2021,41,155,15439.62,115.545625,35.739968,448.52,0.00000502
2021,41,156,15539.23,115.544524,35.739968,508.32,-0.00080427
2021,41,157,15638.84,115.543423,35.739968,478.42,-0.00080427
2021,41,158,15738.45,115.542479,35.740237,448.52,0.00079974
2021,41,159,15838.06,115.541377,35.740237,478.42,-0.00000000
2021,41,160,15937.67,115.540277,35.740239,448.52,-0.00079462
2021,41,161,16037.28,115.539332,35.740507,448.52,0.00080427
2021,41,162,16136.90,115.538231,35.740507,418.61,0.00041947
2021,41,163,16236.51,115.537130,35.740507,418.61,-0.00080427
2021,41,164,16336.12,115.536105,35.740638,388.71,-0.00002032
2021,41,165,16435.73,115.535084,35.740776,418.61,0.00153595
2021,41,166,16535.34,115.533983,35.740776,388.71,0.00120427
2021,41,167,16634.95,115.533026,35.740530,343.86,-0.00066676
2021,41,168,16734.56,115.531938,35.740507,358.81,-0.00080427
2021,41,169,16834.17,115.530837,35.740507,328.91,0.00054074
2021,41,170,16933.78,115.529735,35.740507,328.91,0.00080427
2021,41,171,17033.39,115.528754,35.740301,313.96,-0.00042476
2021,41,172,17133.00,115.527690,35.740237,388.71,-0.00080427
2021,41,173,17232.61,115.526589,35.740237,448.52,0.00062338
2021,41,174,17332.22,115.525488,35.740237,448.52,0.00169040
2021,41,175,17431.83,115.524544,35.739968,433.57,0.00169778
2021,41,176,17531.44,115.523599,35.739698,418.61,0.00092055
2021,41,177,17631.05,115.522794,35.739191,388.71,-0.00022613
2021,41,178,17730.66,115.521868,35.738890,313.96,-0.00000000
2021,41,179,17830.27,115.521005,35.738481,328.91,-0.00014240
2021,41,180,17929.88,115.520137,35.738081,269.11,-0.00106564
2021,41,181,18029.49,115.519192,35.737812,269.11,0.00047742
2021,41,182,18129.10,115.518223,35.737585,299.01,0.00209806
2021,41,183,18228.72,115.517461,35.737003,179.41,0.00137129
2021,41,184,18328.33,115.516674,35.736464,164.46,0.00162857
2021,41,185,18427.94,115.516024,35.735813,239.21,0.00189681
2021,41,186,18527.55,115.515659,35.735021,299.01,0.00085206
2021,41,187,18627.16,115.515216,35.734252,403.66,-0.00000000
2021,41,188,18726.77,115.514946,35.733433,493.37,-0.00092511
2021,41,189,18826.38,115.514407,35.732691,657.82,-0.00136031
2021,42,0,0.00,115.514407,35.732691,1255.84,0.00000000
2021,42,1,86.00,115.513457,35.732691,926.93,0.00108874
2021,42,2,172.00,115.512506,35.732691,926.93,0.00229419
2021,42,3,258.00,115.511712,35.732422,1046.54,0.00241090
2021,43,0,0.00,115.514407,35.732691,553.17,-0.00098701
2021,43,1,99.40,115.514677,35.731874,538.22,0.00000000
2021,43,2,198.80,115.514752,35.731000,508.32,0.00099482
2021,43,3,298.21,115.515216,35.730238,508.32,0.00009102
2021,43,4,397.61,115.515485,35.729421,538.22,0.00019271
2021,43,5,497.01,115.515790,35.728613,523.27,0.00051176
2021,43,6,596.41,115.516294,35.727864,538.22,-0.00069402
2021,43,7,695.82,115.516563,35.727046,538.22,0.00009125
2021,43,8,795.22,115.516833,35.726228,523.27,0.00069402
2021,43,9,894.62,115.517372,35.725489,508.32,-0.00069402
2021,43,10,994.02,115.517641,35.724671,508.32,0.00000000
2021,43,11,1093.42,115.517911,35.723854,478.42,0.00069402
2021,43,12,1192.83,115.518450,35.723114,478.42,-0.00036930
2021,43,13,1292.23,115.518719,35.722297,508.32,-0.00035101
2021,43,14,1391.63,115.519115,35.721516,478.42,0.00004407
2021,43,15,1491.03,115.519391,35.720700,478.42,0.00023142
2021,43,16,1590.44,115.519797,35.719922,478.42,0.00032522
2021,43,17,1689.84,115.520154,35.719130,433.57,-0.00010409
2021,43,18,1789.24,115.520606,35.718365,433.57,-0.00069402
2021,43,19,1888.64,115.520875,35.717548,418.61,-0.00086260
2021,43,20,1988.05,115.521145,35.716730,418.61,-0.00000000
2021,43,21,2087.45,115.521260,35.715867,388.71,0.00078943
2021,43,22,2186.85,115.521684,35.715095,373.76,0.00000000
2021,43,23,2286.25,115.521953,35.714277,358.81,-0.00071789
2021,43,24,2385.65,115.522223,35.713459,313.96,-0.00067919
2021,43,25,2485.06,115.522366,35.712605,254.16,-0.00017279
2021,43,26,2584.46,115.522492,35.711746,254.16,0.00067919
2021,43,27,2683.86,115.522711,35.710913,239.21,0.00000000
2021,43,28,2783.26,115.523031,35.710111,224.26,-0.00067919
2021,43,29,2882.67,115.523055,35.709222,254.16,-0.00024398
2021,43,30,2982.07,115.523301,35.708397,269.11,-0.00103214
2021,43,31,3081.47,115.523301,35.707501,224.26,-0.00122501
2021,43,32,3180.87,115.523134,35.706654,239.21,-0.00050793
2021,43,33,3280.27,115.523031,35.705788,209.31,-0.00067919
2021,43,34,3379.68,115.522762,35.704970,239.21,-0.00038610
2021,43,35,3479.08,115.522492,35.704152,239.21,0.00000000
2021,43,36,3578.48,115.522237,35.703331,269.11,-0.00007272
2021,43,37,3677.88,115.521953,35.702517,284.06,-0.00000000
2021,43,38,3777.29,115.521684,35.701699,358.81,0.00007276
2021,44,0,0.00,115.521684,35.701699,926.93,0.00000000
2021,44,1,73.17,115.522492,35.701699,1240.89,0.00000000
2021,44,2,146.34,115.523301,35.701699,807.33,0.00000000
2021,45,0,0.00,115.521684,35.701699,313.96,-0.00000000
2021,45,1,94.13,115.521235,35.700981,373.76,-0.00058018
2021,45,2,188.27,115.520786,35.700263,478.42,-0.00168909
2021,45,3,282.40,115.520129,35.699606,493.37,-0.00171111
2021,45,4,376.53,115.519372,35.699119,523.27,-0.00060220
2021,45,5,470.67,115.518616,35.698632,523.27,0.00000197
2021,45,6,564.80,115.517859,35.698145,493.37,0.00018958
2021,45,7,658.93,115.517103,35.697657,493.37,-0.00000395
2021,45,8,753.06,115.516377,35.697118,478.42,-0.00080680
2021,45,9,847.20,115.515590,35.696683,478.42,-0.00022347
2021,45,10,941.33,115.514767,35.696310,433.57,0.00040714
2021,45,11,1035.46,115.514041,35.695771,478.42,-0.00039177
2021,45,12,1129.60,115.513221,35.695393,403.66,0.00019299
2021,45,13,1223.73,115.512431,35.694962,388.71,0.00000000
2021,45,14,1317.86,115.511705,35.694423,373.76,-0.00060012
2021,45,15,1412.00,115.510822,35.694154,313.96,0.00098904
2021,45,16,1506.13,115.510095,35.693615,313.96,0.00197808
2021,46,0,0.00,115.510095,35.693615,642.87,0.00000000
2021,46,1,74.75,115.510095,35.692941,538.22,0.00000000
2021,46,2,149.51,115.510095,35.692267,418.61,0.00000000
2021,47,0,0.00,115.510095,35.693615,358.81,0.00266421
2021,47,1,91.92,115.509156,35.693484,239.21,0.00331611
2021,47,2,183.85,115.508415,35.693012,254.16,0.00256965
2021,47,3,275.77,115.507773,35.692370,284.06,0.00058564
2021,47,4,367.69,115.507131,35.691728,328.91,0.00000000
2021,48,0,0.00,115.507131,35.691728,328.91,0.00000000
2021,48,1,50.79,115.506727,35.691459,328.91,0.00000000
2021,48,2,101.57,115.506322,35.691189,299.01,0.00000000
2021,49,0,0.00,115.507131,35.691728,1794.06,-0.00327061
2021,49,1,90.92,115.507670,35.691065,627.92,-0.00399101
2021,49,2,181.83,115.507670,35.690246,508.32,-0.00317195
2021,49,3,272.75,115.507400,35.689505,642.87,-0.00081625
2021,49,4,363.67,115.507131,35.688764,657.82,-0.00000000
2021,5,0,0.00,115.900324,35.946939,792.38,-0.00243163
2021,5,1,90.02,115.899396,35.947059,583.07,-0.00184533
2021,5,2,180.03,115.898644,35.947478,448.52,0.00000000
2021,5,3,270.05,115.897803,35.947748,328.91,-0.00049678
2021,5,4,360.06,115.896963,35.948017,194.36,-0.00219471
2021,5,5,450.08,115.896281,35.948556,,-0.00213683
2021,50,0,0.00,115.506322,35.691189,388.71,-0.00233413
2021,50,1,77.56,115.505990,35.690587,284.06,-0.00340072
2021,50,2,155.11,115.505410,35.690111,14.95,-0.00790406
2021,50,3,232.67,115.504710,35.689842,239.21,-0.00968682
2021,50,4,310.22,115.504167,35.690381,941.88,-0.00803284
2021,51,0,0.00,115.506322,35.691189,493.37,0.00338333
2021,51,1,99.57,115.505379,35.691459,269.11,0.00338333
2021,51,2,199.14,115.504436,35.691189,134.55,0.00338333
2021,52,0,0.00,115.504167,35.690381,343.86,0.00212652
2021,52,1,92.11,115.503226,35.690248,433.57,0.00132728
2021,52,2,184.22,115.502445,35.689842,508.32,0.00052875
2021,52,3,276.32,115.501543,35.689643,538.22,0.00109076
2021,52,4,368.43,115.500800,35.689170,568.12,0.00108070
2021,52,5,460.54,115.500020,35.688764,583.07,0.00074750
2021,52,6,552.65,115.499316,35.688225,598.02,0.00098565
2021,53,0,0.00,115.504167,35.690381,463.47,0.00562062
2021,53,1,49.20,115.504436,35.690746,388.71,0.00550880
2021,53,2,98.39,115.504436,35.691189,478.42,0.00539699
2021,55,0,0.00,115.504436,35.691189,867.13,-0.00000000
2021,55,1,19.29,115.504301,35.691324,882.08,-0.00000000
2021,55,2,38.59,115.504167,35.691459,867.13,-0.00000000
2021,56,0,0.00,115.499316,35.688225,687.72,0.00000000
2021,56,1,24.39,115.499046,35.688225,598.02,0.00000000
2021,56,2,48.79,115.498777,35.688225,568.12,0.00000000
2021,57,0,0.00,115.499316,35.688225,1539.90,-0.00170770
2021,57,1,88.95,115.499585,35.687501,1151.19,-0.00165875
2021,57,2,177.89,115.499585,35.686700,956.83,-0.00249741
2021,57,3,266.84,115.499585,35.685898,687.72,-0.00617541
2021,57,4,355.78,115.499037,35.685260,463.47,-0.00867174
2021,57,5,444.73,115.498055,35.685260,911.98,-0.00742394
2021,57,6,533.68,115.497302,35.685656,1794.06,-0.00471935
2021,57,7,622.62,115.496890,35.686338,1794.06,-0.00296850
2021,58,0,0.00,115.498777,35.688225,1480.10,0.00161157
2021,58,1,94.70,115.498115,35.688886,1375.45,0.00412023
2021,58,2,189.39,115.497312,35.689303,897.03,0.00705914
2021,58,3,284.09,115.496422,35.689033,478.42,0.00562333
2021,58,4,378.79,115.495735,35.688417,448.52,0.00386880
2021,58,5,473.48,115.495273,35.687697,732.58,0.00393938
2021,58,6,568.18,115.495273,35.686844,1091.39,0.00269994
2021,58,7,662.88,115.495543,35.686069,1539.90,0.00150145
2021,59,0,0.00,115.498777,35.688225,627.92,0.00000000
2021,59,1,90.04,115.498148,35.687596,583.07,-0.00000000
2021,59,2,180.09,115.497519,35.686967,598.02,-0.00000000
2021,59,3,270.13,115.496890,35.686338,583.07,-0.00000000
2021,6,0,0.00,115.900324,35.946939,762.48,-0.00000000
2021,6,1,38.54,115.900593,35.947209,687.72,-0.00000000
2021,6,2,77.08,115.900863,35.947478,583.07,-0.00000000
2021,60,0,0.00,115.496890,35.686338,478.42,0.00000000
2021,60,1,68.08,115.496216,35.686203,598.02,0.00000000
2021,60,2,136.17,115.495543,35.686069,687.72,0.00000000
2021,62,0,0.00,115.495543,35.686069,598.02,-0.00138686
2021,62,1,95.08,115.495088,35.685344,612.97,-0.00224485
2021,62,2,190.16,115.494400,35.684721,612.97,-0.00202081
2021,62,3,285.24,115.493561,35.684357,627.92,-0.00000000
2021,62,4,380.32,115.492798,35.683863,642.87,0.00105915
2021,62,5,475.40,115.492035,35.683370,657.82,0.00058976
2021,62,6,570.48,115.491371,35.682706,657.82,0.00054665
2021,62,7,665.55,115.490608,35.682212,672.77,0.00165509
2021,62,8,760.63,115.490153,35.681487,747.53,0.00221688
2021,63,0,0.00,115.490153,35.681487,837.23,0.00331862
2021,63,1,97.15,115.489080,35.681487,687.72,0.00346454
2021,63,2,194.29,115.488300,35.680982,627.92,0.00181586
2021,63,3,291.44,115.487523,35.680474,642.87,-0.00048494
2021,63,4,388.59,115.486745,35.679966,627.92,-0.00038639
2021,63,5,485.73,115.485885,35.679601,612.97,0.00040002
2021,63,6,582.88,115.485126,35.679062,612.97,0.00059556
2021,63,7,680.03,115.484314,35.678613,583.07,-0.00031262
2021,63,8,777.18,115.483607,35.677984,583.07,-0.00062829
2021,63,9,874.32,115.482690,35.677714,583.07,0.00061734
2021,63,10,971.47,115.481981,35.677089,553.17,-0.00017530
2021,63,11,1068.62,115.481171,35.676636,523.27,-0.00060650
2021,63,12,1165.76,115.480327,35.676243,508.32,0.00059443
2021,63,13,1262.91,115.479550,35.675735,523.27,0.00096113
2021,63,14,1360.06,115.478772,35.675227,493.37,0.00087355
2021,63,15,1457.20,115.478094,35.674549,523.27,-0.00056379
2021,63,16,1554.35,115.477374,35.673941,538.22,-0.00066439
2021,63,17,1651.50,115.476539,35.673533,478.42,0.00000000
2021,63,18,1748.64,115.475855,35.672864,478.42,-0.00017746
2021,63,19,1845.79,115.474984,35.672517,493.37,0.00056379
2021,63,20,1942.94,115.474305,35.671838,493.37,-0.00057124
2021,63,21,2040.09,115.473528,35.671330,493.37,-0.00115822
2021,63,22,2137.23,115.472660,35.670977,493.37,-0.00010993
2021,63,23,2234.38,115.471874,35.670484,508.32,0.00003293
2021,63,24,2331.53,115.470997,35.670147,478.42,0.00064946
2021,63,25,2428.67,115.470225,35.669630,478.42,-0.00006591
2021,63,26,2525.82,115.469442,35.669131,493.37,-0.00059443
2021,63,27,2622.97,115.468565,35.668793,508.32,0.00062741
2021,63,28,2720.11,115.467788,35.668285,523.27,-0.00000000
2021,63,29,2817.26,115.467010,35.667777,508.32,-0.00060550
2021,63,30,2914.41,115.466134,35.667440,508.32,-0.00122143
2021,63,31,3011.55,115.465354,35.666935,568.12,-0.00286967
2021,63,32,3108.70,115.464281,35.666935,687.72,-0.00331862
2021,64,0,0.00,115.490153,35.681487,1794.06,-0.00000000
2021,64,1,87.15,115.490761,35.680879,1794.06,-0.00064449
2021,64,2,174.30,115.491370,35.680270,1495.05,-0.00132458
2021,64,3,261.45,115.491770,35.679601,882.08,-0.00136017
2021,65,0,0.00,115.464281,35.666935,717.63,-0.00307840
2021,65,1,82.93,115.464120,35.666234,598.02,-0.00534226
2021,65,2,165.86,115.463541,35.665655,493.37,-0.00623954
2021,65,3,248.79,115.462664,35.665587,568.12,-0.00487295
2021,66,0,0.00,115.464281,35.666935,1794.06,-0.00000000
2021,66,1,85.32,115.463686,35.667530,1794.06,0.00267825
2021,66,2,170.64,115.463090,35.668126,807.33,0.00635289
2021,66,3,255.96,115.462395,35.668013,523.27,0.00734929
2021,67,0,0.00,115.462664,35.665587,523.27,-0.00130742
2021,67,1,99.66,115.462078,35.665001,478.42,-0.00103108
2021,67,2,199.33,115.461263,35.664509,478.42,-0.00082735
2021,67,3,298.99,115.460488,35.663950,448.52,-0.00056340
2021,67,4,398.65,115.459594,35.663595,403.66,0.00044998
2021,67,5,498.31,115.458799,35.663069,343.86,0.00056340
2021,67,6,597.98,115.458004,35.662544,284.06,-0.00000000
2021,67,7,697.64,115.457209,35.662018,313.96,0.00053444
2021,67,8,797.30,115.456414,35.661493,254.16,0.00053444
2021,67,9,896.97,115.455718,35.660797,269.11,-0.00113727
2021,67,10,996.63,115.454923,35.660271,209.31,-0.00109783
2021,67,11,1096.29,115.454022,35.659928,179.41,-0.00020496
2021,67,12,1195.95,115.453234,35.659391,239.21,-0.00116077
2021,67,13,1295.62,115.452291,35.659119,239.21,-0.00176179
2021,67,14,1395.28,115.451346,35.658851,299.01,-0.00000000
2021,67,15,1494.94,115.450254,35.658836,328.91,0.00256958
2021,67,16,1594.61,115.449459,35.658311,418.61,0.00344833
2021,68,0,0.00,115.462664,35.665587,1794.06,-0.00000000
2021,68,1,84.26,115.462076,35.666176,1794.06,-0.00141944
2021,68,2,168.51,115.461488,35.666764,1001.69,-0.00291119
2021,68,3,252.77,115.461317,35.667474,822.28,-0.00298351
2021,69,0,0.00,115.449459,35.658311,1614.66,0.00369115
2021,69,1,53.55,115.449624,35.657876,1569.81,0.00358434
2021,69,2,107.09,115.449998,35.657502,1240.89,0.00347753
2021,7,0,0.00,115.874991,35.872289,343.86,-0.00102329
2021,7,1,98.15,115.874305,35.871603,254.16,-0.00051165
2021,7,2,196.29,115.873520,35.871088,358.81,0.00154879
2021,7,3,294.44,115.872834,35.870402,418.61,0.00264714
2021,7,4,392.58,115.872566,35.869595,493.37,0.00219671
2021,70,0,0.00,115.449459,35.658311,388.71,0.00167478
2021,70,1,97.67,115.448380,35.658311,418.61,0.00107923
2021,70,2,195.35,115.447459,35.658041,448.52,0.00000000
2021,70,3,293.02,115.446422,35.657969,493.37,-0.00047730
2021,70,4,390.70,115.445458,35.657772,508.32,-0.00000000
2021,70,5,488.37,115.444379,35.657772,538.22,0.00023546
2021,70,6,586.04,115.443457,35.657502,538.22,-0.00083739
2021,70,7,683.72,115.442379,35.657502,538.22,-0.00083739
2021,70,8,781.39,115.441300,35.657502,538.22,0.00000000
2021,70,9,879.07,115.440222,35.657502,568.12,0.00000000
2021,70,10,976.74,115.439143,35.657502,568.12,0.00000000
2021,70,11,1074.41,115.438064,35.657502,598.02,0.00083739
2021,70,12,1172.09,115.436986,35.657502,568.12,0.00083739
2021,70,13,1269.76,115.436064,35.657233,568.12,-0.00083739
2021,70,14,1367.43,115.434985,35.657233,568.12,-0.00083739
2021,70,15,1465.11,115.433906,35.657233,538.22,0.00036578
2021,70,16,1562.78,115.432828,35.657233,508.32,0.00083739
2021,70,17,1660.46,115.431820,35.657111,508.32,0.00008007
2021,70,18,1758.13,115.430827,35.656963,478.42,0.00000000
2021,70,19,1855.80,115.429749,35.656963,448.52,0.00071192
2021,70,20,1953.48,115.428827,35.656694,418.61,-0.00000000
2021,70,21,2051.15,115.427804,35.656598,403.66,0.00026780
2021,70,22,2148.83,115.426826,35.656424,358.81,0.00000000
2021,70,23,2246.50,115.425904,35.656155,328.91,-0.00121940
2021,70,24,2344.17,115.424826,35.656155,269.11,-0.00000000
2021,70,25,2441.85,115.423788,35.656085,224.26,0.00040514
2021,70,26,2539.52,115.422825,35.655885,239.21,0.00014286
2021,70,27,2637.20,115.421746,35.655885,239.21,0.00210657
2021,70,28,2734.87,115.420850,35.655573,269.11,0.00248170
2021,70,29,2832.54,115.420059,35.655077,299.01,0.00092707
2021,70,30,2930.22,115.419287,35.654550,328.91,0.00055751
2021,70,31,3027.89,115.418529,35.653999,358.81,0.00024998
2021,70,32,3125.56,115.417824,35.653356,403.66,-0.00055751
2021,70,33,3223.24,115.417043,35.652844,463.47,0.00012453
2021,70,34,3320.91,115.416262,35.652333,493.37,0.00123274
2021,70,35,3418.59,115.415580,35.651651,493.37,0.00102894
2021,70,36,3516.26,115.414964,35.650950,568.12,0.00055016
2021,70,37,3613.93,115.414425,35.650226,583.07,0.00039291
2021,71,0,0.00,115.414425,35.650226,583.07,0.00343504
2021,71,1,97.83,115.413544,35.649884,612.97,0.00386879
2021,71,2,195.65,115.413077,35.649138,642.87,0.00267511
2021,71,3,293.48,115.412808,35.648334,598.02,0.00052384
2021,71,4,391.30,115.412538,35.647531,568.12,0.00000000
2021,72,0,0.00,115.414425,35.650226,1569.81,0.00000000
2021,72,1,85.68,115.415023,35.649628,1405.35,-0.00056521
2021,72,2,171.35,115.415621,35.649030,971.78,-0.00261280
2021,72,3,257.03,115.416042,35.648380,762.48,-0.00522155
2021,72,4,342.70,115.416042,35.647607,568.12,-0.00500408
2021,72,5,428.38,115.415503,35.646992,627.92,-0.00366024
2021,73,0,0.00,115.412808,35.647262,1240.89,0.00000000
2021,73,1,19.30,115.412673,35.647396,1300.70,0.00000000
2021,73,2,38.60,115.412538,35.647531,1270.79,0.00000000
2021,74,0,0.00,115.412808,35.647262,1510.00,0.00000000
2021,74,1,86.08,115.413758,35.647262,1285.75,-0.00108649
2021,74,2,172.17,115.414709,35.647262,1764.16,-0.00228926
2021,74,3,258.25,115.415503,35.646992,792.38,-0.00240556
2021,75,0,0.00,115.412808,35.647262,747.53,0.00369125
2021,75,1,53.55,115.412973,35.646827,702.67,0.00358441
2021,75,2,107.10,115.413347,35.646453,837.23,0.00347758
2021,76,0,0.00,115.412538,35.647531,687.72,0.00292140
2021,76,1,87.38,115.411829,35.647091,657.82,0.00411387
2021,76,2,174.75,115.411460,35.646411,538.22,0.00381079
2021,76,3,262.13,115.411460,35.645624,612.97,0.00115762
2021,76,4,349.51,115.411460,35.644836,538.22,0.00000000
2021,77,0,0.00,115.415503,35.646992,568.12,-0.00539943
2021,77,1,49.20,115.415503,35.646549,568.12,-0.00551135
2021,77,2,98.40,115.415233,35.646184,672.77,-0.00562327
2021,78,0,0.00,115.413347,35.646453,1629.61,-0.00187273
2021,78,1,92.52,115.414368,35.646453,1794.06,-0.00197079
2021,78,2,185.04,115.415233,35.646184,852.18,-0.00206884
2021,79,0,0.00,115.413347,35.646453,717.63,0.00527030
2021,79,1,91.07,115.413774,35.645756,1136.24,0.00796636
2021,79,2,182.15,115.414715,35.645645,717.63,0.00840891
2021,79,3,273.22,115.415233,35.646184,612.97,0.00615540
2021,8,0,0.00,115.874991,35.872289,1031.59,-0.00000000
2021,8,1,75.06,115.874317,35.872559,777.43,-0.00000000
2021,8,2,150.12,115.873644,35.872828,777.43,-0.00000000
2021,80,0,0.00,115.411460,35.644836,538.22,0.00000000
2021,80,1,98.78,115.411191,35.644024,568.12,0.00068876
2021,80,2,197.56,115.410921,35.643212,553.17,0.00068876
2021,80,3,296.34,115.410921,35.642322,538.22,0.00000000
2021,80,4,395.13,115.410652,35.641510,523.27,-0.00068876
2021,80,5,493.91,115.410652,35.640620,508.32,-0.00068876
2021,80,6,592.69,115.410113,35.639886,553.17,0.00085248
2021,80,7,691.47,115.410113,35.638996,523.27,0.00068876
2021,80,8,790.25,115.409909,35.638165,478.42,0.00098470
2021,80,9,889.03,115.409843,35.637294,463.47,0.00198986
2021,80,10,987.81,115.410113,35.636482,463.47,0.00168288
2021,81,0,0.00,115.411460,35.644836,867.13,0.00107914
2021,81,1,87.41,115.412071,35.644226,911.98,0.00316656
2021,81,2,174.83,115.412764,35.643758,1794.06,0.00452957
2021,81,3,262.24,115.413729,35.643758,1181.09,0.00190258
2021,81,4,349.65,115.414694,35.643758,627.92,0.00000000
2021,82,0,0.00,115.410113,35.636482,1794.06,0.00000000
2021,82,1,81.37,115.411011,35.636482,1794.06,0.00000000
2021,82,2,162.73,115.411910,35.636482,1524.95,0.00000000
2021,82,3,244.10,115.412808,35.636482,792.38,0.00000000
2021,83,0,0.00,115.410113,35.636482,448.52,0.00147668
2021,83,1,95.50,115.409843,35.635699,478.42,0.00213207
2021,83,2,191.00,115.409843,35.634839,478.42,0.00213207
2021,83,3,286.51,115.410113,35.634056,493.37,0.00147668
2021,84,0,0.00,115.410113,35.634056,1794.06,0.00000000
2021,84,1,73.23,115.410921,35.634056,1794.06,0.00000000
2021,84,2,146.46,115.411730,35.634056,1794.06,0.00000000
2021,84,3,219.69,115.412538,35.634056,523.27,0.00000000
2021,85,0,0.00,115.410113,35.634056,568.12,0.00506225
2021,85,1,87.80,115.409574,35.633422,493.37,0.00515737
2021,85,2,175.60,115.409843,35.632709,448.52,0.00525249
2021,86,0,0.00,115.409843,35.632709,1794.06,0.00000000
2021,86,1,77.96,115.410704,35.632709,1794.06,0.00133344
2021,86,2,155.92,115.411565,35.632709,1121.29,0.00281183
2021,86,3,233.89,115.412269,35.632978,971.78,0.00295678
2021,87,0,0.00,115.409843,35.632709,478.42,0.00152394
2021,87,1,94.05,115.409574,35.631940,463.47,0.00148092
2021,87,2,188.11,115.409574,35.631092,478.42,0.00071895
2021,87,3,282.16,115.409574,35.630244,418.61,-0.00071895
2021,87,4,376.21,115.409574,35.629396,493.37,0.00000000
2021,87,5,470.26,115.409304,35.628627,523.27,0.00219987
2021,87,6,564.32,115.409574,35.627858,538.22,0.00296184
2021,88,0,0.00,115.409574,35.627858,508.32,0.00000000
2021,88,1,79.10,115.409439,35.627184,508.32,0.00000000
2021,88,2,158.20,115.409304,35.626510,508.32,0.00000000
2021,89,0,0.00,115.409574,35.627858,1599.71,0.00269138
2021,89,1,88.67,115.410490,35.627966,1151.19,0.00287611
2021,89,2,177.35,115.411218,35.628397,747.53,0.00230120
2021,89,3,266.02,115.411926,35.628863,672.77,0.00326724
2021,89,4,354.69,115.412538,35.629484,448.52,0.00440346
2021,89,5,443.37,115.412538,35.630283,418.61,0.00381401
2021,9,0,0.00,115.872566,35.869595,598.02,0.00000000
2021,9,1,73.02,115.873374,35.869595,508.32,0.00000000
2021,9,2,146.03,115.874183,35.869595,299.01,0.00000000
2021,90,0,0.00,115.409304,35.626510,583.07,0.00424307
2021,90,1,79.10,115.408765,35.625954,523.27,0.00423139
2021,90,2,158.21,115.408765,35.625241,568.12,0.00210986
2021,90,3,237.31,115.408765,35.624528,523.27,0.00000000
2021,90,4,316.41,115.408765,35.623815,448.52,0.00000000
2021,91,0,0.00,115.409304,35.626510,777.43,0.00000000
2021,91,1,91.59,115.409944,35.625871,807.33,0.00000000
2021,91,2,183.18,115.410583,35.625232,777.43,-0.00114995
2021,91,3,274.77,115.411223,35.624592,672.77,-0.00610001
2021,91,4,366.36,115.411460,35.623836,478.42,-0.01012303
2021,91,5,457.95,115.410631,35.623546,1001.69,-0.00716919
2021,91,6,549.53,115.409620,35.623546,1794.06,-0.00305270
2021,91,7,641.12,115.408765,35.623815,1674.46,-0.00211297
2021,92,0,0.00,115.408765,35.623815,1420.30,0.01147594
2021,92,1,31.51,115.408446,35.623766,687.72,0.01107971
2021,92,2,63.02,115.408226,35.623546,598.02,0.01068348
2021,93,0,0.00,115.408226,35.623546,523.27,-0.00124837
2021,93,1,92.80,115.408205,35.622716,478.42,-0.00117730
2021,93,2,185.61,115.407957,35.621952,448.52,0.00000000
2021,93,3,278.41,115.407744,35.621177,478.42,0.00114186
2021,93,4,371.22,115.407687,35.620357,478.42,0.00000000
2021,93,5,464.02,115.407687,35.619521,493.37,-0.00216916
2021,93,6,556.82,115.407418,35.618763,523.27,-0.00078332
2021,93,7,649.63,115.406879,35.618083,523.27,0.00158042
2021,93,8,742.43,115.406879,35.617247,508.32,0.00000000
2021,93,9,835.23,115.406609,35.616489,478.42,-0.00078332
2021,93,10,928.04,115.406340,35.615731,523.27,-0.00000000
2021,94,0,0.00,115.408226,35.623546,777.43,-0.00000000
2021,94,1,77.20,115.407687,35.624085,792.38,-0.00000000
2021,94,2,154.41,115.407148,35.624624,777.43,0.00000000
2021,94,3,231.61,115.406609,35.625163,777.43,0.00000000
2021,95,0,0.00,115.406340,35.615731,986.73,-0.00134235
2021,95,1,89.41,115.405617,35.616184,822.28,-0.00129124
2021,95,2,178.83,115.404992,35.616809,747.53,-0.00124012
2021,96,0,0.00,115.406340,35.615731,1031.59,-0.00068283
2021,96,1,77.78,115.406982,35.615358,1016.64,0.00172349
2021,96,2,155.57,115.407587,35.614922,1659.51,0.00431275
2021,96,3,233.35,115.408446,35.614922,1196.04,0.00224785
2021,96,4,311.14,115.409304,35.614922,762.48,0.00000000
2021,97,0,0.00,115.406340,35.615731,493.37,0.00139713
2021,97,1,95.23,115.406070,35.614951,463.47,0.00074294
2021,97,2,190.46,115.406054,35.614097,448.52,0.00008859
2021,97,3,285.70,115.405801,35.613313,478.42,0.00000000
2021,97,4,380.93,115.405801,35.612454,463.47,-0.00004421
2021,97,5,476.16,115.405531,35.611674,433.57,0.00047834
2021,97,6,571.39,115.405531,35.610816,448.52,-0.00000000
2021,97,7,666.62,115.405444,35.609983,433.57,-0.00024387
2021,97,8,761.86,115.405262,35.609178,448.52,-0.00000000
2021,97,9,857.09,115.405262,35.608320,433.57,-0.00097741
2021,97,10,952.32,115.404992,35.607540,448.52,0.00000000
2021,97,11,1047.55,115.404723,35.606760,433.57,0.00074294
2021,97,12,1142.79,115.404723,35.605901,448.52,-0.00074294
2021,97,13,1238.02,115.404454,35.605122,433.57,0.00000000
2021,97,14,1333.25,115.404184,35.604342,433.57,0.00144408
2021,97,15,1428.48,115.404184,35.603483,448.52,0.00070115
2021,97,16,1523.71,115.404184,35.602625,478.42,0.00000000
2021,97,17,1618.95,115.404184,35.601767,448.52,0.00000000
2021,97,18,1714.18,115.404184,35.600908,448.52,0.00000000
2021,98,0,0.00,115.404184,35.600908,508.32,0.00348349
2021,98,1,99.70,115.403645,35.600308,448.52,0.00253594
2021,98,2,199.40,115.403645,35.599410,448.52,0.00079420
2021,98,3,299.09,115.403376,35.598590,448.52,0.00000970
2021,98,4,398.79,115.403376,35.597691,493.37,-0.00016246
2021,98,5,498.49,115.403110,35.596870,478.42,-0.00001942
2021,98,6,598.19,115.403040,35.595992,508.32,-0.00034634
2021,98,7,697.88,115.402837,35.595152,478.42,0.00000971
2021,98,8,797.58,115.402567,35.594332,508.32,0.00050880
2021,98,9,897.28,115.402567,35.593434,508.32,-0.00000000
2021,98,10,996.98,115.402298,35.592614,508.32,0.00000000
2021,98,11,1096.67,115.402298,35.591715,508.32,0.00000000
2021,98,12,1196.37,115.402028,35.590895,508.32,-0.00000000
2021,98,13,1296.07,115.402028,35.589996,508.32,-0.00000000
2021,98,14,1395.77,115.401759,35.589176,478.42,0.00000000
2021,98,15,1495.47,115.401759,35.588278,508.32,0.00000000
2021,98,16,1595.16,115.401489,35.587458,523.27,-0.00000000
2021,98,17,1694.86,115.401489,35.586559,508.32,-0.00067628
2021,98,18,1794.56,115.401220,35.585739,493.37,0.00000000
2021,98,19,1894.26,115.400950,35.584919,493.37,0.00131514
2021,98,20,1993.95,115.400950,35.584020,523.27,0.00063886
2021,98,21,2093.65,115.400950,35.583122,508.32,0.00000000
2021,99,0,0.00,115.404184,35.600908,1554.85,0.00295435
2021,99,1,77.99,115.404888,35.600639,1794.06,0.00280959
2021,99,2,155.98,115.405749,35.600639,1315.65,0.00133241
2021,99,3,233.97,115.406609,35.600639,702.67,0.00000000
