year,link_id,sample_idx,s_m,lon,lat,B_m,C_1m
2019,0,0,0.00,115.333576,35.542159,74.75,0.00000000
2019,0,1,38.62,115.333307,35.542428,179.41,0.00000000
2019,0,2,77.23,115.333037,35.542698,179.41,0.00000000
2019,1,0,0.00,115.333037,35.542698,104.65,0.00000000
2019,1,1,98.97,115.333307,35.543511,104.65,-0.00057358
2019,1,2,197.94,115.333576,35.544325,119.60,-0.00158171
2019,1,3,296.90,115.334066,35.545074,164.46,-0.00100945
2019,1,4,395.87,115.334643,35.545662,209.31,0.00045905
2019,1,5,494.84,115.335129,35.546406,194.36,0.00071443
2019,1,6,593.81,115.335611,35.547158,269.11,0.00010715
2019,1,7,692.77,115.336002,35.547936,269.11,-0.00046642
2019,1,8,791.74,115.336541,35.548671,254.16,0.00036274
2019,1,9,890.71,115.337057,35.549412,209.31,0.00077146
2019,1,10,989.68,115.337330,35.550225,284.06,-0.00045057
2019,1,11,1088.65,115.337812,35.550976,239.21,-0.00106379
2019,1,12,1187.61,115.338294,35.551728,239.21,-0.00152661
2019,1,13,1286.58,115.338985,35.552418,224.26,-0.00154534
2019,1,14,1385.55,115.339775,35.552938,328.91,-0.00108551
2019,10,0,0.00,115.336541,35.530840,583.07,0.00349296
2019,10,1,68.52,115.336271,35.530301,627.92,0.00566263
2019,10,2,137.04,115.336332,35.529701,598.02,0.00608549
2019,10,3,205.56,115.336810,35.529223,687.72,0.00433867
2019,100,0,0.00,115.272940,35.448644,1794.06,-0.00016983
2019,100,1,99.21,115.273632,35.447952,1629.61,-0.00089705
2019,100,2,198.42,115.274288,35.447249,1345.55,0.00020470
2019,100,3,297.64,115.274599,35.446530,852.18,0.00003365
2019,100,4,396.85,115.275291,35.446293,1106.34,-0.00457850
2019,100,5,496.06,115.275366,35.445421,956.83,-0.00578638
2019,100,6,595.27,115.274890,35.444665,717.63,-0.00406576
2019,100,7,694.48,115.274146,35.444063,777.43,-0.00301902
2019,100,8,793.69,115.273210,35.443793,807.33,-0.00228862
2019,101,0,0.00,115.521953,35.701699,1300.70,0.00000000
2019,101,1,60.97,115.522627,35.701699,1181.09,0.00000000
2019,101,2,121.95,115.523301,35.701699,807.33,0.00000000
2019,102,0,0.00,115.521953,35.701699,299.01,0.00000000
2019,102,1,99.50,115.522223,35.702518,209.31,0.00000000
2019,102,2,199.01,115.522492,35.703337,179.41,0.00067776
2019,102,3,298.51,115.522762,35.704155,209.31,0.00067776
2019,102,4,398.01,115.522762,35.705052,239.21,-0.00000000
2019,102,5,497.52,115.523031,35.705870,269.11,0.00064032
2019,102,6,597.02,115.523031,35.706767,239.21,0.00064032
2019,102,7,696.53,115.523031,35.707664,239.21,0.00064032
2019,102,8,796.03,115.523031,35.708561,269.11,0.00131809
2019,102,9,895.53,115.522762,35.709379,284.06,-0.00000000
2019,102,10,995.04,115.522492,35.710198,254.16,0.00000000
2019,102,11,1094.54,115.522492,35.711095,254.16,0.00067776
2019,102,12,1194.04,115.521953,35.711835,254.16,-0.00131809
2019,102,13,1293.55,115.521953,35.712732,239.21,-0.00102973
2019,102,14,1393.05,115.521953,35.713629,299.01,0.00096792
2019,102,15,1492.55,115.521829,35.714489,343.86,0.00140391
2019,102,16,1592.06,115.521552,35.715306,358.81,0.00070427
2019,102,17,1691.56,115.521145,35.716084,343.86,-0.00037418
2019,102,18,1791.07,115.520875,35.716903,299.01,-0.00035410
2019,102,19,1890.57,115.520606,35.717721,388.71,0.00069260
2019,102,20,1990.07,115.520336,35.718540,418.61,0.00069260
2019,102,21,2089.58,115.519797,35.719280,418.61,-0.00052613
2019,102,22,2189.08,115.519528,35.720099,433.57,-0.00069260
2019,102,23,2288.58,115.519193,35.720898,403.66,0.00035928
2019,102,24,2388.09,115.518989,35.721736,418.61,0.00069260
2019,102,25,2487.59,115.518450,35.722476,433.57,-0.00043486
2019,102,26,2587.10,115.518180,35.723295,448.52,-0.00004456
2019,102,27,2686.60,115.517875,35.724103,463.47,0.00101899
2019,102,28,2786.10,115.517389,35.724859,508.32,-0.00007115
2019,102,29,2885.61,115.516903,35.725614,508.32,-0.00106996
2019,102,30,2985.11,115.516626,35.726431,463.47,-0.00053697
2019,102,31,3084.61,115.516348,35.727247,523.27,0.00079250
2019,102,32,3184.12,115.516071,35.728063,508.32,0.00053697
2019,102,33,3283.62,115.515485,35.728790,508.32,-0.00104656
2019,102,34,3383.12,115.515308,35.729635,448.52,-0.00034125
2019,102,35,3482.63,115.515030,35.730451,493.37,0.00042973
2019,102,36,3582.13,115.514677,35.731245,493.37,-0.00091342
2019,102,37,3681.64,115.514407,35.732064,478.42,-0.00153368
2019,102,38,3781.14,115.514407,35.732961,448.52,-0.00128065
2019,103,0,0.00,115.270515,35.446488,792.38,0.00126567
2019,103,1,85.00,115.269735,35.446219,702.67,0.00209146
2019,103,2,169.99,115.269032,35.445814,598.02,0.00000000
2019,103,3,254.99,115.268440,35.445221,612.97,-0.00379038
2019,103,4,339.98,115.267550,35.445141,747.53,-0.00466349
2019,104,0,0.00,115.270515,35.446488,1794.06,0.00000000
2019,104,1,96.59,115.271188,35.445814,1794.06,0.00000000
2019,104,2,193.18,115.271862,35.445141,1734.26,-0.00000000
2019,104,3,289.76,115.272536,35.444467,732.58,-0.00000000
2019,104,4,386.35,115.273210,35.443793,493.37,0.00000000
2019,105,0,0.00,115.273210,35.443793,941.88,-0.00002082
2019,105,1,98.72,115.272940,35.442982,717.63,-0.00110550
2019,105,2,197.44,115.272667,35.442172,627.92,-0.00211849
2019,105,3,296.17,115.271978,35.441484,598.02,-0.00102341
2019,105,4,394.89,115.271289,35.440795,553.17,0.00050133
2019,105,5,493.61,115.270601,35.440106,583.07,0.00050133
2019,105,6,592.33,115.270121,35.439357,568.12,-0.00000000
2019,105,7,691.06,115.269432,35.438668,553.17,-0.00050133
2019,105,8,789.78,115.268952,35.437919,538.22,-0.00114360
2019,105,9,888.50,115.268165,35.437401,553.17,-0.00000000
2019,105,10,987.22,115.267550,35.436832,523.27,-0.00032931
2019,105,11,1085.95,115.266897,35.436133,508.32,-0.00222048
2019,105,12,1184.67,115.266011,35.435786,523.27,-0.00124890
2019,105,13,1283.39,115.265125,35.435439,538.22,0.00000000
2019,107,0,0.00,115.514407,35.732961,1270.79,-0.00152550
2019,107,1,87.34,115.513442,35.732961,717.63,-0.00341536
2019,107,2,174.68,115.512592,35.733159,672.77,-0.00431368
2019,107,3,262.02,115.511982,35.733769,956.83,-0.00332212
2019,108,0,0.00,115.514407,35.732961,583.07,0.00135829
2019,108,1,99.69,115.514946,35.733703,433.57,0.00091943
2019,108,2,199.38,115.515216,35.734523,358.81,-0.00031575
2019,108,3,299.07,115.515661,35.735292,284.06,-0.00201609
2019,108,4,398.76,115.516148,35.736049,209.31,-0.00214233
2019,108,5,498.45,115.517009,35.736464,194.36,0.00018032
2019,108,6,598.15,115.517740,35.737102,179.41,-0.00056279
2019,108,7,697.84,115.518436,35.737798,269.11,-0.00254628
2019,108,8,797.53,115.519430,35.737983,269.11,-0.00083501
2019,108,9,897.22,115.520318,35.738351,269.11,0.00050251
2019,108,10,996.91,115.521263,35.738620,269.11,0.00058659
2019,108,11,1096.60,115.522114,35.739051,328.91,0.00003922
2019,108,12,1196.29,115.522996,35.739429,388.71,-0.00040628
2019,108,13,1295.98,115.523904,35.739762,388.71,-0.00058055
2019,108,14,1395.67,115.524799,35.740118,418.61,-0.00143861
2019,108,15,1495.36,115.525793,35.740304,433.57,-0.00190730
2019,108,16,1595.05,115.526687,35.740354,403.66,-0.00109729
2019,108,17,1694.75,115.527721,35.740237,358.81,0.00101492
2019,108,18,1794.44,115.528823,35.740237,328.91,0.00202313
2019,108,19,1894.13,115.529768,35.740507,269.11,0.00176925
2019,109,0,0.00,115.267550,35.445141,642.87,-0.00204287
2019,109,1,99.06,115.267068,35.444389,612.97,-0.00206724
2019,109,2,198.11,115.266278,35.443868,553.17,-0.00068365
2019,109,3,297.17,115.265488,35.443348,553.17,0.00054213
2019,109,4,396.23,115.264764,35.442715,538.22,-0.00017440
2019,109,5,495.29,115.264008,35.442137,583.07,-0.00054213
2019,109,6,594.34,115.263218,35.441617,568.12,-0.00013230
2019,109,7,693.40,115.262428,35.441096,568.12,0.00011623
2019,109,8,792.46,115.261648,35.440559,568.12,0.00043432
2019,109,9,891.51,115.260869,35.440020,568.12,0.00082768
2019,109,10,990.57,115.260158,35.439365,553.17,0.00005236
2019,109,11,1089.63,115.259467,35.438674,538.22,-0.00040177
2019,109,12,1188.69,115.258677,35.438154,538.22,0.00046283
2019,109,13,1287.74,115.257986,35.437463,538.22,-0.00000000
2019,109,14,1386.80,115.257287,35.436786,568.12,0.00062583
2019,109,15,1485.86,115.256505,35.436252,538.22,0.00260764
2019,109,16,1584.91,115.256231,35.435439,598.02,0.00303796
2019,11,0,0.00,115.345704,35.556711,627.92,0.00000000
2019,11,1,29.90,115.345704,35.556981,583.07,0.00000000
2019,11,2,59.80,115.345704,35.557250,583.07,0.00000000
2019,110,0,0.00,115.267550,35.445141,1794.06,0.00000000
2019,110,1,75.09,115.267027,35.445664,1794.06,0.00000000
2019,110,2,150.17,115.266503,35.446188,1794.06,-0.00087417
2019,110,3,225.26,115.265979,35.446712,1046.54,-0.00180026
2019,110,4,300.35,115.265664,35.447297,762.48,-0.00185218
2019,111,0,0.00,115.529768,35.740507,328.91,0.00000000
2019,111,1,97.02,115.530841,35.740507,299.01,0.00084920
2019,111,2,194.03,115.531913,35.740507,328.91,0.00084920
2019,111,3,291.05,115.532829,35.740776,328.91,-0.00084920
2019,111,4,388.06,115.533901,35.740776,328.91,-0.00084920
2019,111,5,485.08,115.534974,35.740776,358.81,0.00000000
2019,111,6,582.09,115.536046,35.740776,358.81,0.00000000
2019,111,7,679.11,115.537119,35.740776,388.71,-0.00084920
2019,111,8,776.12,115.538191,35.740776,388.71,-0.00084920
2019,111,9,873.14,115.539107,35.740507,388.71,-0.00000000
2019,111,10,970.15,115.540179,35.740507,418.61,-0.00000000
2019,111,11,1067.17,115.541095,35.740237,418.61,0.00084920
2019,111,12,1164.18,115.542167,35.740237,418.61,0.00084920
2019,111,13,1261.20,115.543240,35.740237,448.52,0.00000000
2019,111,14,1358.21,115.544312,35.740237,478.42,0.00000000
2019,111,15,1455.23,115.545385,35.740237,448.52,-0.00084920
2019,111,16,1552.24,115.546457,35.740237,448.52,-0.00084920
2019,111,17,1649.26,115.547373,35.739968,478.42,-0.00000000
2019,111,18,1746.27,115.548445,35.739968,478.42,-0.00000000
2019,111,19,1843.29,115.549361,35.739698,478.42,-0.00000000
2019,111,20,1940.30,115.550433,35.739698,478.42,-0.00093662
2019,111,21,2037.32,115.551349,35.739429,493.37,-0.00026088
2019,111,22,2134.33,115.552264,35.739159,508.32,0.00093662
2019,111,23,2231.35,115.553292,35.739082,478.42,-0.00040160
2019,111,24,2328.36,115.554252,35.738890,478.42,0.00000000
2019,111,25,2425.38,115.555167,35.738620,448.52,0.00066248
2019,111,26,2522.39,115.556240,35.738620,418.61,-0.00000000
2019,111,27,2619.41,115.557155,35.738351,388.71,0.00000000
2019,111,28,2716.42,115.558228,35.738351,328.91,-0.00093662
2019,111,29,2813.44,115.559143,35.738081,328.91,-0.00187324
2019,112,0,0.00,115.529768,35.740507,1629.61,0.00000000
2019,112,1,74.75,115.529768,35.741180,1614.66,0.00000000
2019,112,2,149.51,115.529768,35.741854,777.43,0.00000000
2019,113,0,0.00,115.256231,35.435439,568.12,0.00231990
2019,113,1,99.03,115.255343,35.435089,538.22,0.00170247
2019,113,2,198.05,115.254652,35.434399,508.32,0.00024550
2019,113,3,297.08,115.253863,35.433879,538.22,-0.00054252
2019,113,4,396.10,115.253117,35.433283,538.22,0.00006009
2019,113,5,495.13,115.252284,35.432839,538.22,0.00154478
2019,113,6,594.15,115.251593,35.432148,523.27,0.00176311
2019,113,7,693.18,115.251111,35.431396,568.12,0.00104784
2019,114,0,0.00,115.256231,35.435439,1794.06,0.00000000
2019,114,1,91.96,115.256873,35.434797,1794.06,0.00012512
2019,114,2,183.91,115.257514,35.434156,1390.40,0.00058630
2019,114,3,275.87,115.258178,35.433552,59.80,0.00161297
2019,114,4,367.83,115.258896,35.433044,313.96,0.00198547
2019,114,5,459.79,115.259735,35.432744,313.96,0.00166738
2019,115,0,0.00,115.559143,35.738081,807.33,0.00369043
2019,115,1,53.53,115.559308,35.737647,328.91,0.00358380
2019,115,2,107.06,115.559682,35.737273,239.21,0.00347717
2019,116,0,0.00,115.559143,35.738081,553.17,-0.00926526
2019,116,1,43.67,115.559469,35.738351,373.76,-0.00907645
2019,116,2,87.34,115.559952,35.738351,358.81,-0.00888763
2019,117,0,0.00,115.251111,35.431396,553.17,-0.00000000
2019,117,1,97.87,115.250189,35.431127,508.32,0.00135858
2019,117,2,195.73,115.249268,35.430857,463.47,0.00216539
2019,117,3,293.60,115.248569,35.430202,478.42,-0.00024915
2019,117,4,391.46,115.247788,35.429690,448.52,-0.00046976
2019,117,5,489.33,115.246908,35.429349,478.42,0.00114229
2019,117,6,587.19,115.246225,35.428666,448.52,0.00162872
2019,117,7,685.06,115.245444,35.428154,478.42,0.00267278
2019,117,8,782.92,115.245178,35.427350,568.12,0.00160016
2019,117,9,880.79,115.244913,35.426545,568.12,-0.00000000
2019,118,0,0.00,115.251111,35.431396,1794.06,0.00000000
2019,118,1,57.96,115.251515,35.430992,1794.06,0.00000000
2019,118,2,115.91,115.251920,35.430588,1794.06,0.00000000
2019,119,0,0.00,115.559952,35.738351,568.12,0.00527427
2019,119,1,89.18,115.560366,35.737667,224.26,0.00680385
2019,119,2,178.36,115.561279,35.737542,284.06,0.00572552
2019,119,3,267.54,115.562108,35.737812,463.47,0.00311763
2019,12,0,0.00,115.345704,35.556711,747.53,-0.00161641
2019,12,1,91.44,115.345973,35.555966,717.63,-0.00157031
2019,12,2,182.89,115.345973,35.555141,732.58,-0.00152421
2019,12,3,274.33,115.345973,35.554317,762.48,-0.00076210
2019,12,4,365.78,115.345704,35.553572,358.81,0.00076210
2019,12,5,457.22,115.345704,35.552747,343.86,0.00076210
2019,12,6,548.67,115.345704,35.551923,358.81,-0.00000000
2019,12,7,640.11,115.345704,35.551099,299.01,0.00000000
2019,12,8,731.56,115.345704,35.550275,299.01,0.00000000
2019,12,9,823.00,115.345704,35.549451,299.01,0.00000000
2019,12,10,914.45,115.345704,35.548626,239.21,0.00000000
2019,120,0,0.00,115.559952,35.738351,269.11,-0.00438397
2019,120,1,83.94,115.560723,35.738620,239.21,-0.00611363
2019,120,2,167.89,115.561521,35.738398,104.65,-0.00550252
2019,120,3,251.83,115.562108,35.737812,299.01,-0.00316175
2019,121,0,0.00,115.244913,35.426545,687.72,0.00118474
2019,121,1,97.28,115.243938,35.426379,553.17,0.00181171
2019,121,2,194.57,115.243062,35.426042,493.37,0.00181294
2019,121,3,291.85,115.242284,35.425534,463.47,0.00093436
2019,121,4,389.14,115.241507,35.425026,448.52,-0.00010103
2019,121,5,486.42,115.240870,35.424477,508.32,-0.00078153
2019,121,6,583.71,115.240062,35.424120,448.52,-0.00049405
2019,121,7,680.99,115.239285,35.423613,448.52,-0.00015282
2019,121,8,778.28,115.238409,35.423275,448.52,0.00059508
2019,121,9,875.56,115.237632,35.422768,418.61,0.00000000
2019,121,10,972.85,115.236854,35.422260,403.66,-0.00059359
2019,121,11,1070.13,115.235978,35.421923,328.91,0.00066498
2019,121,12,1167.41,115.235201,35.421415,328.91,0.00076971
2019,121,13,1264.70,115.234436,35.420886,299.01,-0.00014323
2019,121,14,1361.98,115.233676,35.420347,313.96,-0.00089909
2019,121,15,1459.27,115.232869,35.419892,254.16,0.00007185
2019,121,16,1556.55,115.232002,35.419539,239.21,0.00123555
2019,121,17,1653.84,115.231314,35.418876,239.21,-0.00000000
2019,121,18,1751.12,115.230537,35.418368,284.06,-0.00051257
2019,121,19,1848.41,115.229760,35.417860,254.16,0.00000000
2019,121,20,1945.69,115.228982,35.417352,269.11,-0.00059359
2019,121,21,2042.98,115.228205,35.416845,239.21,-0.00168372
2019,121,22,2140.26,115.227329,35.416508,284.06,-0.00036739
2019,121,23,2237.55,115.226375,35.416305,284.06,0.00096075
2019,121,24,2334.83,115.225616,35.415766,328.91,-0.00072620
2019,121,25,2432.11,115.224701,35.415496,388.71,-0.00192844
2019,122,0,0.00,115.244913,35.426545,1794.06,-0.00000000
2019,122,1,77.28,115.245452,35.426006,1794.06,-0.00000000
2019,122,2,154.56,115.245991,35.425467,433.57,-0.00000000
2019,123,0,0.00,115.251920,35.430588,1061.49,-0.00338178
2019,123,1,82.43,115.252692,35.430354,1061.49,-0.00322138
2019,123,2,164.86,115.253267,35.429779,149.51,-0.00306097
2019,124,0,0.00,115.251920,35.430588,1225.94,0.00216239
2019,124,1,69.64,115.252197,35.430041,1076.44,0.00636847
2019,124,2,139.28,115.252683,35.429555,852.18,0.01051540
2019,124,3,208.92,115.253267,35.429779,612.97,0.01045625
2019,125,0,0.00,115.562108,35.737812,299.01,0.00178899
2019,125,1,99.68,115.562896,35.737273,388.71,0.00181382
2019,125,2,199.35,115.563841,35.737003,373.76,0.00066389
2019,125,3,299.03,115.564785,35.736734,418.61,0.00000000
2019,125,4,398.70,115.565686,35.736389,433.57,0.00024856
2019,125,5,498.38,115.566675,35.736195,418.61,-0.00091932
2019,125,6,598.05,115.567575,35.735848,418.61,-0.00064904
2019,125,7,697.73,115.568408,35.735386,448.52,0.00091932
2019,125,8,797.40,115.569353,35.735117,388.71,0.00065591
2019,125,9,897.08,115.570297,35.734847,433.57,-0.00023178
2019,125,10,996.76,115.571242,35.734578,448.52,-0.00091932
2019,125,11,1096.43,115.572147,35.734240,418.61,-0.00045480
2019,125,12,1196.11,115.572975,35.733769,418.61,0.00072503
2019,125,13,1295.78,115.573920,35.733500,433.57,-0.00023275
2019,125,14,1395.46,115.574831,35.733173,418.61,-0.00097267
2019,125,15,1495.13,115.575653,35.732691,448.52,-0.00000000
2019,125,16,1594.81,115.576521,35.732291,433.57,0.00057936
2019,125,17,1694.48,115.577385,35.731883,418.61,0.00051294
2019,125,18,1794.16,115.578311,35.731580,448.52,-0.00021863
2019,125,19,1893.84,115.579205,35.731224,433.57,-0.00076057
2019,125,20,1993.51,115.580063,35.730805,433.57,-0.00014425
2019,125,21,2093.19,115.580895,35.730343,448.52,0.00000000
2019,125,22,2192.86,115.581790,35.729987,418.61,-0.00021648
2019,125,23,2292.54,115.582586,35.729461,448.52,0.00023447
2019,125,24,2392.21,115.583480,35.729106,463.47,0.00000000
2019,125,25,2491.89,115.584316,35.728649,448.52,0.00001316
2019,125,26,2591.56,115.585170,35.728224,478.42,-0.00013735
2019,125,27,2691.24,115.586049,35.727840,508.32,-0.00072007
2019,125,28,2790.92,115.586837,35.727301,478.42,0.00027565
2019,125,29,2890.59,115.587656,35.726816,493.37,0.00053708
2019,125,30,2990.27,115.588551,35.726461,478.42,-0.00013831
2019,125,31,3089.94,115.589357,35.725954,508.32,0.00018299
2019,125,32,3189.62,115.590241,35.725579,478.42,0.00057936
2019,125,33,3289.29,115.591090,35.725145,478.42,0.00059847
2019,125,34,3388.97,115.592030,35.724868,448.52,-0.00030393
2019,125,35,3488.64,115.592925,35.724512,403.66,-0.00026675
2019,125,36,3588.32,115.593767,35.724067,388.71,0.00089154
2019,125,37,3688.00,115.594714,35.723801,343.86,0.00146356
2019,125,38,3787.67,115.595657,35.723528,328.91,0.00088490
2019,125,39,3887.35,115.596759,35.723528,269.11,0.00081213
2019,125,40,3987.02,115.597704,35.723259,239.21,0.00160637
2019,125,41,4086.70,115.598649,35.723528,209.31,0.00080319
2019,125,42,4186.37,115.599750,35.723528,149.51,0.00088490
2019,125,43,4286.05,115.600695,35.723798,149.51,0.00088490
2019,125,44,4385.72,115.601640,35.724067,209.31,0.00040705
2019,125,45,4485.40,115.602585,35.724337,269.11,0.00091932
2019,125,46,4585.08,115.603460,35.724726,299.01,0.00075991
2019,125,47,4684.75,115.604318,35.725145,299.01,0.00003181
2019,125,48,4784.43,115.605150,35.725608,343.86,0.00056299
2019,125,49,4884.10,115.606045,35.725963,328.91,0.00077881
2019,125,50,4983.78,115.606741,35.726660,328.91,-0.00056299
2019,125,51,5083.45,115.607636,35.727015,328.91,-0.00075384
2019,125,52,5183.13,115.608431,35.727541,328.91,0.00000000
2019,125,53,5282.80,115.609359,35.727840,388.71,0.00037988
2019,125,54,5382.48,115.610121,35.728423,358.81,0.00050684
2019,125,55,5482.16,115.611016,35.728778,373.76,0.00089494
2019,125,56,5581.83,115.611722,35.729457,388.71,0.00011199
2019,125,57,5681.51,115.612510,35.729996,358.81,-0.00106951
2019,125,58,5781.18,115.613303,35.730527,388.71,-0.00005584
2019,125,59,5880.86,115.614198,35.730882,373.76,0.00054852
2019,125,60,5980.53,115.614894,35.731579,358.81,-0.00056299
2019,125,61,6080.21,115.615789,35.731934,403.66,0.00053402
2019,125,62,6179.89,115.616584,35.732460,373.76,0.00056299
2019,125,63,6279.56,115.617280,35.733156,403.66,-0.00109701
2019,125,64,6379.24,115.618175,35.733512,388.71,-0.00056299
2019,125,65,6478.91,115.618970,35.734038,418.61,0.00056299
2019,125,66,6578.59,115.619865,35.734394,433.57,0.00056299
2019,125,67,6678.26,115.620561,35.735090,448.52,-0.00056299
2019,125,68,6777.94,115.621456,35.735446,433.57,0.00053402
2019,125,69,6877.61,115.622251,35.735972,463.47,0.00133216
2019,125,70,6977.29,115.622948,35.736668,418.61,-0.00109701
2019,125,71,7076.97,115.623697,35.737273,448.52,-0.00102728
2019,125,72,7176.64,115.624638,35.737549,463.47,0.00056299
2019,125,73,7276.32,115.625334,35.738246,448.52,0.00025811
2019,125,74,7375.99,115.626229,35.738601,448.52,0.00053402
2019,125,75,7475.67,115.626925,35.739298,493.37,-0.00000000
2019,125,76,7575.34,115.627720,35.739824,448.52,-0.00053402
2019,125,77,7675.02,115.628516,35.740349,508.32,0.00000000
2019,125,78,7774.69,115.629311,35.740875,448.52,0.00000000
2019,125,79,7874.37,115.630107,35.741401,508.32,-0.00000000
2019,125,80,7974.05,115.630902,35.741927,493.37,-0.00015356
2019,125,81,8073.72,115.631698,35.742453,463.47,-0.00011094
2019,125,82,8173.40,115.632521,35.742932,463.47,0.00023744
2019,125,83,8273.07,115.633308,35.743471,433.57,0.00022070
2019,125,84,8372.75,115.634096,35.744010,448.52,-0.00001586
2019,125,85,8472.42,115.634879,35.744557,418.61,-0.00005184
2019,125,86,8572.10,115.635675,35.745083,448.52,0.00046600
2019,125,87,8671.77,115.636460,35.745627,448.52,0.00002595
2019,125,88,8771.45,115.637167,35.746305,448.52,-0.00053402
2019,125,89,8871.13,115.638036,35.746705,448.52,0.00000000
2019,125,90,8970.80,115.638758,35.747357,448.52,0.00000000
2019,125,91,9070.48,115.639611,35.747783,448.52,0.00023448
2019,125,92,9170.15,115.640348,35.748409,493.37,-0.00000000
2019,125,93,9269.83,115.641144,35.748935,478.42,0.00021567
2019,125,94,9369.50,115.641939,35.749461,493.37,0.00000000
2019,125,95,9469.18,115.642636,35.750157,493.37,-0.00109701
2019,125,96,9568.85,115.643530,35.750513,523.27,-0.00056299
2019,125,97,9668.53,115.644326,35.751039,463.47,-0.00032256
2019,125,98,9768.21,115.645220,35.751395,418.61,-0.00057936
2019,125,99,9867.88,115.646071,35.751825,418.61,0.00007492
2019,125,100,9967.56,115.647010,35.752106,388.71,0.00057936
2019,125,101,10067.23,115.647804,35.752634,388.71,-0.00091932
2019,125,102,10166.91,115.648700,35.752988,358.81,-0.00172698
2019,125,103,10266.58,115.649694,35.753173,343.86,-0.00112003
2019,126,0,0.00,115.224701,35.415496,1614.66,0.00196813
2019,126,1,72.91,115.225001,35.414927,1315.65,0.00191237
2019,126,2,145.82,115.225509,35.414418,1106.34,0.00185660
2019,127,0,0.00,115.224701,35.415496,358.81,0.00000000
2019,127,1,24.48,115.224431,35.415496,358.81,0.00000000
2019,127,2,48.95,115.224162,35.415496,358.81,0.00000000
2019,128,0,0.00,115.245991,35.425467,1046.54,-0.00000000
2019,128,1,43.79,115.246395,35.425333,1046.54,-0.00000000
2019,128,2,87.59,115.246799,35.425198,717.63,-0.00000000
2019,129,0,0.00,115.245991,35.425467,792.38,0.00378983
2019,129,1,83.49,115.245991,35.424715,1031.59,0.00382113
2019,129,2,166.98,115.246530,35.424120,,0.00385243
2019,13,0,0.00,115.338697,35.529762,897.03,0.00000000
2019,13,1,73.33,115.339505,35.529762,1225.94,0.00000000
2019,13,2,146.65,115.340314,35.529762,1405.35,0.00000000
2019,13,3,219.98,115.341122,35.529762,1704.36,0.00000000
2019,130,0,0.00,115.253267,35.429779,612.97,0.01145073
2019,130,1,31.56,115.253586,35.429829,538.22,0.01105731
2019,130,2,63.11,115.253806,35.430049,523.27,0.01066389
2019,131,0,0.00,115.649694,35.753173,343.86,-0.00516212
2019,131,1,77.65,115.650027,35.753776,224.26,-0.00613842
2019,131,2,155.31,115.650766,35.753981,239.21,-0.00480575
2019,131,3,232.96,115.651311,35.753981,328.91,-0.00249679
2019,132,0,0.00,115.649694,35.753173,1390.40,0.00595055
2019,132,1,77.12,115.650232,35.752634,523.27,0.00988950
2019,132,2,154.23,115.651069,35.752662,239.21,0.01199842
2019,132,3,231.35,115.651311,35.753286,448.52,0.00604567
2019,132,4,308.46,115.651311,35.753981,717.63,0.00192293
2019,133,0,0.00,115.224162,35.415496,926.93,0.00120888
2019,133,1,89.13,115.223540,35.416118,612.97,0.00352302
2019,133,2,178.27,115.222823,35.416574,313.96,0.00728488
2019,133,3,267.40,115.221902,35.416470,299.01,0.00640366
2019,133,4,356.54,115.221280,35.415848,553.17,0.00203736
2019,133,5,445.67,115.220658,35.415227,448.52,-0.00000000
2019,134,0,0.00,115.224162,35.415496,433.57,-0.00352780
2019,134,1,93.71,115.223508,35.414843,299.01,-0.00421091
2019,134,2,187.43,115.222566,35.414688,299.01,-0.00386860
2019,134,3,281.14,115.221534,35.414688,418.61,-0.00242807
2019,134,4,374.86,115.220658,35.414957,433.57,-0.00201296
2019,136,0,0.00,115.651311,35.753981,209.31,-0.00269287
2019,136,1,98.00,115.652080,35.754520,239.21,-0.00187298
2019,136,2,196.01,115.653077,35.754670,239.21,-0.00010266
2019,136,3,294.01,115.653933,35.755059,209.31,0.00000000
2019,136,4,392.02,115.654860,35.755329,209.31,-0.00039587
2019,136,5,490.02,115.655786,35.755598,239.21,0.00000000
2019,136,6,588.03,115.656708,35.755876,209.31,-0.00005599
2019,136,7,686.03,115.657640,35.756137,209.31,-0.00091693
2019,136,8,784.03,115.658566,35.756407,209.31,-0.00088895
2019,136,9,882.04,115.659650,35.756407,209.31,-0.00000000
2019,136,10,980.04,115.660577,35.756676,209.31,-0.00083166
2019,136,11,1078.05,115.661660,35.756676,209.31,0.00000000
2019,136,12,1176.05,115.662744,35.756676,239.21,0.00083166
2019,136,13,1274.05,115.663670,35.756946,239.21,-0.00083166
2019,136,14,1372.06,115.664754,35.756946,269.11,-0.00000000
2019,136,15,1470.06,115.665838,35.756946,299.01,0.00161880
2019,136,16,1568.07,115.666764,35.757215,299.01,0.00000000
2019,136,17,1666.07,115.667713,35.757448,313.96,-0.00151046
2019,136,18,1764.08,115.668775,35.757485,328.91,-0.00040045
2019,136,19,1862.08,115.669858,35.757485,358.81,0.00072332
2019,136,20,1960.08,115.670858,35.757629,358.81,-0.00005641
2019,136,21,2058.09,115.671868,35.757754,388.71,-0.00066930
2019,136,22,2156.09,115.672952,35.757754,418.61,0.00045686
2019,136,23,2254.10,115.674003,35.757810,403.66,0.00049013
2019,136,24,2352.10,115.674962,35.758024,418.61,0.00000000
2019,136,25,2450.10,115.676046,35.758024,418.61,0.00017917
2019,136,26,2548.11,115.676973,35.758293,418.61,-0.00069974
2019,136,27,2646.11,115.678056,35.758293,448.52,0.00039945
2019,136,28,2744.12,115.679114,35.758338,448.52,0.00145907
2019,136,29,2842.12,115.679997,35.758683,448.52,-0.00078170
2019,136,30,2940.13,115.680993,35.758832,478.42,-0.00159099
2019,136,31,3038.13,115.682077,35.758832,448.52,-0.00044941
2019,136,32,3136.13,115.683160,35.758832,448.52,0.00011219
2019,136,33,3234.14,115.684244,35.758832,478.42,0.00083166
2019,136,34,3332.14,115.685305,35.758871,463.47,0.00059470
2019,136,35,3430.15,115.686254,35.759102,508.32,0.00000000
2019,136,36,3528.15,115.687338,35.759102,508.32,0.00104169
2019,136,37,3626.15,115.688265,35.759371,493.37,0.00091693
2019,136,38,3724.16,115.689191,35.759641,478.42,-0.00000000
2019,136,39,3822.16,115.690118,35.759910,418.61,0.00000000
2019,137,0,0.00,115.220658,35.415227,1510.00,0.00000000
2019,137,1,14.95,115.220658,35.415092,1510.00,0.00000000
2019,137,2,29.90,115.220658,35.414957,1510.00,0.00000000
2019,138,0,0.00,115.220658,35.415227,672.77,-0.00019303
2019,138,1,89.91,115.220119,35.415880,971.78,0.00275126
2019,138,2,179.82,115.219613,35.416542,388.71,0.00752290
2019,138,3,269.74,115.218689,35.416492,343.86,0.00632093
2019,138,4,359.65,115.217963,35.416035,583.07,0.00329162
2019,139,0,0.00,115.220658,35.414957,388.71,-0.00390858
2019,139,1,95.75,115.219916,35.414418,328.91,-0.00466069
2019,139,2,191.51,115.218862,35.414418,358.81,-0.00366845
2019,139,3,287.26,115.217963,35.414688,448.52,-0.00192410
2019,14,0,0.00,115.338697,35.529762,941.88,-0.00000000
2019,14,1,99.72,115.337754,35.529492,777.43,-0.00000000
2019,14,2,199.45,115.336810,35.529223,1061.49,-0.00000000
2019,140,0,0.00,115.690118,35.759910,1794.06,-0.00204311
2019,140,1,79.09,115.690118,35.760623,1315.65,-0.00210645
2019,140,2,158.18,115.690387,35.761258,822.28,-0.00216978
2019,141,0,0.00,115.690118,35.759910,538.22,0.00181374
2019,141,1,98.52,115.691050,35.759641,478.42,0.00172957
2019,141,2,197.04,115.692140,35.759641,478.42,0.00164541
2019,141,3,295.56,115.693229,35.759641,478.42,0.00172957
2019,141,4,394.08,115.694161,35.759910,493.37,0.00028266
2019,141,5,492.60,115.695094,35.760180,508.32,-0.00090687
2019,141,6,591.12,115.696133,35.760266,463.47,-0.00000224
2019,141,7,689.65,115.697115,35.760449,478.42,-0.00000000
2019,141,8,788.17,115.698105,35.760621,433.57,0.00117278
2019,141,9,886.69,115.699137,35.760719,478.42,0.00391747
2019,141,10,985.21,115.699878,35.761316,433.57,0.00379910
2019,141,11,1083.73,115.700359,35.762065,373.76,0.00188741
2019,141,12,1182.25,115.700628,35.762875,269.11,0.00110515
2019,142,0,0.00,115.217963,35.416035,463.47,0.00000000
2019,142,1,74.75,115.217963,35.415361,1764.16,0.00000000
2019,142,2,149.50,115.217963,35.414688,1734.26,0.00000000
2019,143,0,0.00,115.217963,35.416035,1046.54,0.00325407
2019,143,1,97.37,115.217493,35.416775,612.97,0.00358651
2019,143,2,194.75,115.216616,35.417113,478.42,0.00313183
2019,143,3,292.12,115.215700,35.417383,433.57,0.00117236
2019,143,4,389.50,115.214628,35.417383,403.66,-0.00092877
2019,143,5,486.87,115.213712,35.417652,433.57,-0.00000000
2019,143,6,584.25,115.212795,35.417922,403.66,0.00177131
2019,143,7,681.62,115.211723,35.417922,403.66,0.00084254
2019,143,8,779.00,115.210651,35.417922,403.66,0.00000000
2019,143,9,876.37,115.209579,35.417922,463.47,0.00000000
2019,143,10,973.75,115.208507,35.417922,463.47,0.00000000
2019,143,11,1071.12,115.207435,35.417922,463.47,0.00084254
2019,143,12,1168.50,115.206362,35.417922,463.47,0.00008928
2019,143,13,1265.87,115.205446,35.417652,463.47,-0.00168508
2019,143,14,1363.25,115.204515,35.417895,448.52,-0.00016675
2019,143,15,1460.62,115.203458,35.417922,433.57,0.00124629
2019,143,16,1557.99,115.202386,35.417922,433.57,0.00092002
2019,143,17,1655.37,115.201391,35.417788,403.66,0.00000887
2019,143,18,1752.74,115.200397,35.417652,403.66,-0.00084254
2019,143,19,1850.12,115.199325,35.417652,373.76,-0.00041263
2019,143,20,1947.49,115.198253,35.417652,403.66,0.00173306
2019,143,21,2044.87,115.197181,35.417652,433.57,0.00408432
2019,143,22,2142.24,115.196414,35.417124,852.18,0.00281031
2019,143,23,2239.62,115.195735,35.416445,971.78,0.00045905
2019,143,24,2336.99,115.195056,35.415766,792.38,-0.00000000
2019,144,0,0.00,115.217963,35.414688,508.32,-0.00036647
2019,144,1,96.62,115.216993,35.414526,373.76,0.00018635
2019,144,2,193.23,115.215992,35.414418,418.61,-0.00000000
2019,144,3,289.85,115.215084,35.414149,418.61,-0.00122579
2019,144,4,386.47,115.214020,35.414149,418.61,-0.00085621
2019,144,5,483.08,115.212956,35.414149,418.61,0.00000000
2019,144,6,579.70,115.211893,35.414149,388.71,0.00000000
2019,144,7,676.32,115.210829,35.414149,388.71,0.00000000
2019,144,8,772.93,115.209765,35.414149,418.61,0.00070606
2019,144,9,869.55,115.208701,35.414149,478.42,0.00085621
2019,144,10,966.17,115.207767,35.413924,463.47,-0.00143078
2019,144,11,1062.78,115.206730,35.413879,478.42,-0.00171241
2019,144,12,1159.40,115.205822,35.414149,448.52,0.00072471
2019,144,13,1256.02,115.204758,35.414149,448.52,0.00000000
2019,144,14,1352.63,115.203694,35.414149,448.52,-0.00160656
2019,144,15,1449.25,115.202787,35.414418,418.61,-0.00000000
2019,144,16,1545.87,115.201848,35.414634,403.66,0.00144391
2019,144,17,1642.48,115.200815,35.414688,418.61,-0.00000000
2019,144,18,1739.10,115.199751,35.414688,388.71,-0.00069356
2019,144,19,1835.72,115.198843,35.414957,388.71,0.00085621
2019,144,20,1932.33,115.197780,35.414957,388.71,0.00000000
2019,144,21,2028.95,115.196716,35.414957,388.71,-0.00277787
2019,144,22,2125.57,115.195808,35.415227,448.52,-0.00286583
2019,144,23,2222.18,115.195056,35.415766,612.97,-0.00188834
2019,146,0,0.00,115.700628,35.762875,1360.50,0.00000000
2019,146,1,60.93,115.701302,35.762875,1330.60,0.00000000
2019,146,2,121.86,115.701976,35.762875,209.31,0.00000000
2019,147,0,0.00,115.700628,35.762875,986.73,-0.00377751
2019,147,1,83.43,115.700359,35.763548,179.41,-0.00377751
2019,147,2,166.86,115.700628,35.764222,209.31,-0.00377751
2019,148,0,0.00,115.195056,35.415766,493.37,0.00173343
2019,148,1,80.51,115.194297,35.415986,403.66,0.00167798
2019,148,2,161.02,115.193439,35.416035,478.42,0.00162253
2019,149,0,0.00,115.700628,35.764222,1510.00,0.00000000
2019,149,1,60.93,115.701302,35.764222,1450.20,0.00000000
2019,149,2,121.85,115.701976,35.764222,358.81,0.00000000
2019,15,0,0.00,115.336810,35.529223,553.17,0.00540592
2019,15,1,49.21,115.336810,35.528779,553.17,0.00551811
2019,15,2,98.42,115.337080,35.528414,642.87,0.00563030
2019,150,0,0.00,115.700628,35.764222,194.36,-0.00377746
2019,150,1,83.43,115.700359,35.764896,179.41,-0.00377746
2019,150,2,166.86,115.700628,35.765570,269.11,-0.00377746
2019,151,0,0.00,115.193439,35.416035,1794.06,0.00081228
2019,151,1,83.49,115.193439,35.416788,1225.94,0.00189505
2019,151,2,166.98,115.193317,35.417505,941.88,0.00299733
2019,151,3,250.47,115.192900,35.418135,568.12,0.00192635
2019,151,4,333.96,115.192361,35.418730,583.07,0.00083585
2019,152,0,0.00,115.193439,35.416035,523.27,-0.00369164
2019,152,1,69.99,115.192825,35.415766,418.61,-0.00351252
2019,152,2,139.98,115.192054,35.415766,358.81,-0.00166670
2019,152,3,209.98,115.191283,35.415766,627.92,0.00000000
2019,153,0,0.00,115.700628,35.765570,1659.51,0.00000000
2019,153,1,60.93,115.701302,35.765570,1629.61,0.00000000
2019,153,2,121.85,115.701976,35.765570,508.32,0.00000000
2019,154,0,0.00,115.700628,35.765570,224.26,0.00000000
2019,154,1,88.73,115.700359,35.766291,269.11,-0.00064607
2019,154,2,177.47,115.700089,35.767013,299.01,-0.00085701
2019,154,3,266.20,115.700022,35.767793,313.96,-0.00123030
2019,154,4,354.94,115.699820,35.768534,328.91,-0.00122465
2019,154,5,443.67,115.700089,35.769256,418.61,0.00082704
2019,154,6,532.40,115.699954,35.770016,418.61,0.00000000
2019,154,7,621.14,115.699887,35.770757,418.61,-0.00184802
2019,154,8,709.87,115.700089,35.771499,448.52,-0.00163138
2019,155,0,0.00,115.191283,35.415766,1794.06,0.00000000
2019,155,1,89.70,115.191283,35.414957,1420.30,0.00000000
2019,155,2,179.40,115.191283,35.414149,1031.59,0.00000000
2019,155,3,269.10,115.191283,35.413340,553.17,0.00000000
2019,156,0,0.00,115.191283,35.415766,418.61,0.00086656
2019,156,1,96.06,115.190416,35.416094,433.57,0.00064781
2019,156,2,192.12,115.189480,35.416305,448.52,0.00095564
2019,156,3,288.18,115.188578,35.416574,448.52,0.00074111
2019,156,4,384.24,115.187521,35.416574,448.52,-0.00095564
2019,156,5,480.30,115.186619,35.416844,448.52,-0.00095564
2019,156,6,576.36,115.185717,35.417113,418.61,0.00000000
2019,156,7,672.42,115.184815,35.417383,433.57,0.00000000
2019,157,0,0.00,115.700089,35.771499,1794.06,0.00000000
2019,157,1,73.11,115.700898,35.771499,1794.06,0.00000000
2019,157,2,146.21,115.701706,35.771499,1345.55,0.00000000
2019,157,3,219.32,115.702515,35.771499,59.80,0.00000000
2019,158,0,0.00,115.700089,35.771499,463.47,-0.00929825
2019,158,1,53.52,115.699820,35.771903,418.61,-0.00929825
2019,158,2,107.05,115.700089,35.772307,568.12,-0.00929825
2019,159,0,0.00,115.191283,35.413340,717.63,-0.00178679
2019,159,1,99.19,115.190347,35.413071,463.47,-0.00089340
2019,159,2,198.39,115.189255,35.413071,463.47,0.00089340
2019,159,3,297.58,115.188319,35.412801,493.37,0.00178679
2019,160,0,0.00,115.191283,35.413340,702.67,0.00276400
2019,160,1,80.51,115.192014,35.413071,433.57,0.00262926
2019,160,2,161.03,115.192900,35.413071,523.27,0.00249452
2019,161,0,0.00,115.184815,35.417383,762.48,0.00099338
2019,161,1,79.03,115.184473,35.417995,657.82,0.00083375
2019,161,2,158.06,115.184007,35.418571,657.82,0.00386187
2019,161,3,237.09,115.183579,35.419158,358.81,0.00821783
2019,161,4,316.12,115.182929,35.419000,388.71,0.00938601
2019,162,0,0.00,115.184815,35.417383,553.17,-0.00322751
2019,162,1,74.71,115.184149,35.417113,478.42,-0.00452565
2019,162,2,149.43,115.183326,35.417113,448.52,-0.00452565
2019,162,3,224.14,115.182659,35.417383,448.52,-0.00322751
2019,163,0,0.00,115.700089,35.772307,1794.06,0.00187824
2019,163,1,92.39,115.701111,35.772307,1270.79,0.00197680
2019,163,2,184.78,115.701976,35.772576,971.78,0.00207536
2019,164,0,0.00,115.700089,35.772307,493.37,0.00000000
2019,164,1,97.48,115.699820,35.773107,463.47,-0.00059891
2019,164,2,194.96,115.699550,35.773908,448.52,-0.00070640
2019,164,3,292.44,115.699508,35.774774,493.37,0.00001620
2019,164,4,389.92,115.699281,35.775587,478.42,0.00070640
2019,164,5,487.40,115.699191,35.776439,508.32,0.00034428
2019,164,6,584.87,115.698742,35.777188,508.32,-0.00070640
2019,164,7,682.35,115.698742,35.778066,523.27,-0.00046797
2019,164,8,779.83,115.698472,35.778867,523.27,-0.00022776
2019,164,9,877.31,115.698472,35.779745,583.07,0.00070640
2019,164,10,974.79,115.698292,35.780572,568.12,0.00045995
2019,164,11,1072.27,115.697933,35.781346,583.07,-0.00070640
2019,164,12,1169.75,115.697933,35.782224,612.97,-0.00023219
2019,164,13,1267.23,115.697664,35.783025,612.97,-0.00000000
2019,164,14,1364.71,115.697664,35.783903,642.87,0.00070640
2019,164,15,1462.19,115.697394,35.784704,672.77,0.00141281
2019,165,0,0.00,115.182929,35.419000,448.52,0.00603193
2019,165,1,75.35,115.182255,35.419269,448.52,0.00603193
2019,165,2,150.71,115.181581,35.419000,553.17,0.00603193
2019,166,0,0.00,115.182929,35.419000,897.03,0.00152805
2019,166,1,94.07,115.182659,35.418231,1794.06,0.00148474
2019,166,2,188.14,115.182659,35.417383,1794.06,0.00144142
2019,167,0,0.00,115.182659,35.417383,358.81,-0.00528967
2019,167,1,56.03,115.182042,35.417383,358.81,-0.00553354
2019,167,2,112.07,115.181581,35.417652,388.71,-0.00577740
2019,169,0,0.00,115.701976,35.772576,747.53,-0.01069861
2019,169,1,31.47,115.702195,35.772796,897.03,-0.01109702
2019,169,2,62.94,115.702515,35.772846,687.72,-0.01149543
2019,17,0,0.00,115.345704,35.557250,1285.75,0.00000000
2019,17,1,75.05,115.345180,35.557774,1405.35,0.00000000
2019,17,2,150.10,115.344656,35.558298,1121.29,-0.00087425
2019,17,3,225.15,115.344132,35.558822,777.43,-0.00180032
2019,17,4,300.20,115.343817,35.559406,642.87,-0.00185215
2019,170,0,0.00,115.701976,35.772576,568.12,0.01069857
2019,170,1,31.47,115.702195,35.772357,657.82,0.01109698
2019,170,2,62.94,115.702515,35.772307,687.72,0.01149538
2019,171,0,0.00,115.697394,35.784704,956.83,-0.00171041
2019,171,1,98.56,115.696606,35.785222,837.23,-0.00208315
2019,171,2,197.12,115.696047,35.785948,792.38,-0.00198033
2019,171,3,295.67,115.695647,35.786721,627.92,-0.00073274
2019,171,4,394.23,115.695376,35.787530,583.07,0.00001627
2019,171,5,492.79,115.694969,35.788301,553.17,-0.00105439
2019,171,6,591.35,115.694699,35.789111,523.27,-0.00105102
2019,171,7,689.90,115.694699,35.789999,508.32,0.00105161
2019,171,8,788.46,115.694430,35.790809,493.37,0.00069047
2019,171,9,887.02,115.694022,35.791579,463.47,-0.00139177
2019,171,10,985.58,115.693891,35.792429,418.61,-0.00069047
2019,171,11,1084.13,115.693891,35.793318,463.47,0.00103063
2019,171,12,1182.69,115.693621,35.794128,463.47,0.00139568
2019,171,13,1281.25,115.693352,35.794938,478.42,0.00054008
2019,171,14,1379.81,115.692813,35.795670,478.42,-0.00139568
2019,171,15,1478.37,115.692606,35.796498,448.52,-0.00107144
2019,171,16,1576.92,115.692543,35.797368,448.52,0.00069047
2019,171,17,1675.48,115.692274,35.798178,418.61,0.00106272
2019,172,0,0.00,115.697394,35.784704,986.73,0.00000000
2019,172,1,86.24,115.697997,35.785306,956.83,0.00000000
2019,172,2,172.48,115.698599,35.785909,1016.64,0.00000000
2019,172,3,258.72,115.699202,35.786511,1031.59,0.00014840
2019,172,4,344.97,115.699804,35.787114,1031.59,0.00214760
2019,172,5,431.21,115.700359,35.787731,642.87,0.00381545
2019,172,6,517.45,115.700359,35.788508,553.17,0.00181626
2019,172,7,603.69,115.700359,35.789285,568.12,0.00000000
2019,173,0,0.00,115.181581,35.419000,956.83,0.00000000
2019,173,1,74.75,115.181581,35.418326,1734.26,0.00000000
2019,173,2,149.50,115.181581,35.417652,1794.06,0.00000000
2019,174,0,0.00,115.181581,35.419000,598.02,0.00350451
2019,174,1,92.90,115.180934,35.419648,403.66,0.00323142
2019,174,2,185.80,115.180004,35.419808,358.81,0.00208166
2019,174,3,278.71,115.179137,35.420078,373.76,0.00060250
2019,174,4,371.61,115.178114,35.420078,343.86,0.00112714
2019,174,5,464.51,115.177247,35.420347,373.76,0.00455024
2019,174,6,557.41,115.176410,35.420026,553.17,0.00456324
2019,174,7,650.32,115.175762,35.419378,882.08,0.00114015
2019,174,8,743.22,115.175114,35.418730,837.23,-0.00000000
2019,175,0,0.00,115.181581,35.417652,418.61,0.00000000
2019,175,1,94.26,115.180544,35.417652,358.81,0.00000000
2019,175,2,188.52,115.179506,35.417652,328.91,-0.00021962
2019,175,3,282.78,115.178468,35.417652,388.71,-0.00090090
2019,175,4,377.04,115.177470,35.417721,343.86,-0.00075632
2019,175,5,471.30,115.176548,35.417922,388.71,-0.00229740
2019,175,6,565.56,115.175562,35.418012,418.61,-0.00484837
2019,175,7,659.82,115.175114,35.418730,747.53,-0.00525200
2019,177,0,0.00,115.692274,35.798178,1794.06,0.00000000
2019,177,1,73.08,115.691465,35.798178,1255.84,0.00000000
2019,177,2,146.16,115.690657,35.798178,687.72,-0.00000000
2019,177,3,219.24,115.689848,35.798178,,0.00000000
2019,178,0,0.00,115.692274,35.798178,433.57,0.00090946
2019,178,1,95.83,115.692352,35.798909,388.71,0.00064991
2019,178,2,191.66,115.692274,35.799750,343.86,-0.00012423
2019,178,3,287.49,115.692274,35.800613,269.11,-0.00088566
2019,178,4,383.32,115.692324,35.801462,254.16,-0.00115978
2019,178,5,479.15,115.692543,35.802263,239.21,0.00000000
2019,178,6,574.98,115.692813,35.803048,239.21,0.00048810
2019,178,7,670.81,115.692813,35.803912,224.26,-0.00245930
2019,178,8,766.64,115.693122,35.804686,433.57,-0.00388795
2019,178,9,862.47,115.693891,35.805185,568.12,-0.00306816
2019,18,0,0.00,115.345704,35.557250,553.17,0.00136366
2019,18,1,99.61,115.346243,35.557991,508.32,0.00199076
2019,18,2,199.21,115.346512,35.558810,463.47,0.00076294
2019,18,3,298.82,115.346537,35.559701,418.61,-0.00172813
2019,18,4,398.43,115.347024,35.560457,433.57,-0.00118214
2019,18,5,498.04,115.347510,35.561213,448.52,0.00000000
2019,18,6,597.64,115.347997,35.561969,358.81,0.00000000
2019,18,7,697.25,115.348483,35.562725,358.81,-0.00000000
2019,18,8,796.86,115.348970,35.563481,313.96,0.00000000
2019,18,9,896.47,115.349456,35.564237,313.96,0.00000000
2019,18,10,996.07,115.349943,35.564993,313.96,-0.00051704
2019,18,11,1095.68,115.350429,35.565749,284.06,-0.00100888
2019,18,12,1195.29,115.351124,35.566444,284.06,-0.00049184
2019,18,13,1294.89,115.351820,35.567139,269.11,0.00000000
2019,18,14,1394.50,115.352515,35.567834,269.11,-0.00049756
2019,18,15,1494.11,115.353210,35.568530,239.21,-0.00049756
2019,18,16,1593.72,115.354004,35.569054,269.11,-0.00053542
2019,18,17,1693.32,115.354699,35.569750,254.16,-0.00168050
2019,18,18,1792.93,115.355593,35.570104,254.16,-0.00114508
2019,18,19,1892.54,115.356486,35.570458,269.11,-0.00058189
2019,18,20,1992.14,115.357379,35.570812,254.16,-0.00087038
2019,18,21,2091.75,115.358371,35.570996,269.11,0.00000000
2019,18,22,2191.36,115.359314,35.571264,299.01,0.00029243
2019,18,23,2290.97,115.360256,35.571534,358.81,0.00000786
2019,180,0,0.00,115.175114,35.418730,448.52,0.00000000
2019,180,1,99.33,115.174020,35.418730,448.52,0.00000000
2019,180,2,198.67,115.172926,35.418730,418.61,0.00000000
2019,180,3,298.00,115.171832,35.418730,448.52,-0.00000000
2019,180,4,397.34,115.170739,35.418730,418.61,0.00000000
2019,180,5,496.67,115.169645,35.418730,418.61,-0.00000000
2019,180,6,596.01,115.168551,35.418730,388.71,0.00000000
2019,180,7,695.34,115.167457,35.418730,388.71,0.00000000
2019,180,8,794.68,115.166364,35.418730,388.71,0.00000000
2019,180,9,894.01,115.165270,35.418730,388.71,0.00000000
2019,180,10,993.34,115.164176,35.418730,388.71,0.00000000
2019,180,11,1092.68,115.163082,35.418730,388.71,0.00000000
2019,180,12,1192.01,115.161989,35.418730,388.71,0.00000000
2019,180,13,1291.35,115.160895,35.418730,388.71,-0.00080868
2019,180,14,1390.68,115.159801,35.418730,388.71,-0.00080868
2019,180,15,1490.02,115.158863,35.419000,418.61,0.00000000
2019,180,16,1589.35,115.157770,35.419000,388.71,0.00000000
2019,180,17,1688.68,115.156832,35.419269,388.71,0.00080868
2019,180,18,1788.02,115.155738,35.419269,358.81,0.00080868
2019,180,19,1887.35,115.154644,35.419269,358.81,0.00000000
2019,180,20,1986.69,115.153551,35.419269,358.81,0.00000000
2019,180,21,2086.02,115.152457,35.419269,358.81,0.00000000
2019,180,22,2185.36,115.151363,35.419269,328.91,0.00000000
2019,180,23,2284.69,115.150269,35.419269,358.81,-0.00080868
2019,180,24,2384.03,115.149176,35.419269,388.71,-0.00169942
2019,180,25,2483.36,115.148238,35.419539,388.71,-0.00070890
2019,180,26,2582.69,115.147300,35.419808,388.71,0.00089074
2019,180,27,2682.03,115.146331,35.420024,373.76,0.00136466
2019,180,28,2781.36,115.145269,35.420078,388.71,0.00000000
2019,180,29,2880.70,115.144175,35.420078,388.71,-0.00065576
2019,180,30,2980.03,115.143237,35.420347,418.61,0.00080868
2019,180,31,3079.37,115.142143,35.420347,388.71,0.00006519
2019,180,32,3178.70,115.141050,35.420347,448.52,-0.00133050
2019,180,33,3278.04,115.140100,35.420596,508.32,-0.00093244
2019,180,34,3377.37,115.139111,35.420777,598.02,0.00016785
2019,180,35,3476.70,115.138220,35.421128,568.12,0.00159803
2019,180,36,3576.04,115.137143,35.421156,598.02,0.00065429
2019,180,37,3675.37,115.136049,35.421156,657.82,0.00003075
2019,180,38,3774.71,115.135055,35.421329,672.77,0.00104519
2019,180,39,3874.04,115.134165,35.421170,687.72,0.00090182
2019,180,40,3973.38,115.133080,35.421156,687.72,0.00027184
2019,180,41,4072.71,115.132142,35.420886,657.82,-0.00085467
2019,180,42,4172.05,115.131048,35.420886,627.92,0.00000000
2019,180,43,4271.38,115.129954,35.420886,627.92,0.00080868
2019,180,44,4370.71,115.129016,35.420617,657.82,-0.00000000
2019,180,45,4470.05,115.127923,35.420617,627.92,0.00089074
2019,180,46,4569.38,115.126985,35.420347,627.92,-0.00000000
2019,180,47,4668.72,115.126047,35.420078,568.12,-0.00169942
2019,180,48,4768.05,115.124953,35.420078,568.12,0.00000000
2019,180,49,4867.39,115.123860,35.420078,538.22,0.00080868
2019,180,50,4966.72,115.122922,35.419808,508.32,-0.00000000
2019,180,51,5066.05,115.121828,35.419808,508.32,0.00070747
2019,180,52,5165.39,115.120890,35.419539,448.52,0.00000000
2019,180,53,5264.72,115.119921,35.419323,403.66,-0.00053412
2019,180,54,5364.06,115.118859,35.419269,388.71,-0.00000000
2019,180,55,5463.39,115.117921,35.419000,358.81,-0.00017335
2019,180,56,5562.73,115.116827,35.419000,403.66,0.00089074
2019,180,57,5662.06,115.115890,35.418730,418.61,-0.00000000
2019,180,58,5761.40,115.114952,35.418461,418.61,-0.00089074
2019,180,59,5860.73,115.113858,35.418461,418.61,0.00089074
2019,180,60,5960.06,115.112920,35.418191,388.71,0.00073867
2019,180,61,6059.40,115.111982,35.417922,388.71,-0.00044942
2019,180,62,6158.73,115.111019,35.417697,388.71,0.00012857
2019,180,63,6258.07,115.110030,35.417516,358.81,-0.00000740
2019,180,64,6357.40,115.109139,35.417165,388.71,0.00000000
2019,180,65,6456.74,115.108075,35.417113,358.81,0.00087499
2019,180,66,6556.07,115.107260,35.416633,373.76,-0.00057080
2019,180,67,6655.41,115.106270,35.416452,358.81,0.00014366
2019,180,68,6754.74,115.105281,35.416271,343.86,0.00174053
2019,180,69,6854.07,115.104490,35.415749,373.76,0.00030695
2019,180,70,6953.41,115.103599,35.415398,328.91,-0.00058440
2019,180,71,7052.74,115.102761,35.414957,299.01,-0.00061416
2019,180,72,7152.08,115.101819,35.414695,299.01,0.00038838
2019,180,73,7251.41,115.100928,35.414344,254.16,0.00089161
2019,180,74,7350.75,115.100103,35.413879,284.06,-0.00019038
2019,180,75,7450.08,115.099246,35.413470,284.06,-0.00070066
2019,180,76,7549.42,115.098356,35.413119,254.16,-0.00019800
2019,180,77,7648.75,115.097446,35.412801,239.21,0.00137817
2019,180,78,7748.08,115.096575,35.412416,299.01,0.00219252
2019,180,79,7847.42,115.095882,35.411723,299.01,0.00186122
2019,181,0,0.00,115.693891,35.805185,269.11,0.00000000
2019,181,1,79.09,115.693891,35.805898,269.11,-0.00073141
2019,181,2,158.17,115.693891,35.806611,284.06,-0.00210529
2019,181,3,237.26,115.694086,35.807267,269.11,-0.00197643
2019,181,4,316.35,115.694430,35.807880,433.57,-0.00120511
2019,182,0,0.00,115.693891,35.805185,388.71,0.00032567
2019,182,1,99.51,115.694586,35.804490,538.22,-0.00053531
2019,182,2,199.02,115.695238,35.803924,343.86,-0.00158968
2019,182,3,298.53,115.695658,35.803149,269.11,-0.00100615
2019,182,4,398.04,115.696047,35.802364,284.06,0.00000000
2019,182,5,497.55,115.696422,35.801576,328.91,-0.00015680
2019,182,6,597.05,115.696855,35.800805,373.76,-0.00051512
2019,182,7,696.56,115.697125,35.799986,448.52,-0.00042030
2019,182,8,796.07,115.697463,35.799188,418.61,-0.00035218
2019,182,9,895.58,115.697664,35.798349,463.47,-0.00000000
2019,182,10,995.09,115.697933,35.797530,463.47,-0.00009936
2019,182,11,1094.60,115.698203,35.796711,493.37,-0.00067689
2019,182,12,1194.11,115.698364,35.795861,448.52,-0.00013348
2019,182,13,1293.62,115.698472,35.794996,463.47,0.00061608
2019,182,14,1393.13,115.698742,35.794177,448.52,0.00040844
2019,182,15,1492.64,115.698987,35.793351,448.52,0.00010141
2019,182,16,1592.14,115.699281,35.792540,463.47,0.00000000
2019,182,17,1691.65,115.699542,35.791719,493.37,-0.00000000
2019,182,18,1791.16,115.699820,35.790902,493.37,0.00008121
2019,183,0,0.00,115.095882,35.411723,448.52,0.00185710
2019,183,1,92.89,115.094860,35.411723,209.31,0.00210571
2019,183,2,185.77,115.093993,35.411454,164.46,0.00384127
2019,183,3,278.66,115.093149,35.411146,209.31,0.00505425
2019,183,4,371.55,115.092918,35.410376,284.06,0.00478027
2019,184,0,0.00,115.095882,35.411723,1181.09,-0.00298800
2019,184,1,93.79,115.096152,35.410957,568.12,-0.00331122
2019,184,2,187.58,115.095882,35.410190,194.36,-0.00292114
2019,184,3,281.37,115.095502,35.409456,209.31,-0.00301129
2019,184,4,375.16,115.094847,35.408802,239.21,-0.00320550
2019,184,5,468.95,115.093996,35.408489,523.27,-0.00259627
2019,185,0,0.00,115.694430,35.807880,269.11,-0.00204199
2019,185,1,79.09,115.694430,35.808593,284.06,-0.00210523
2019,185,2,158.17,115.694699,35.809228,343.86,-0.00216848
2019,186,0,0.00,115.694430,35.807880,478.42,0.00316333
2019,186,1,83.90,115.695016,35.807294,822.28,0.00309955
2019,186,2,167.80,115.695815,35.807072,373.76,0.00129030
2019,186,3,251.70,115.696586,35.806802,254.16,-0.00045517
2019,187,0,0.00,115.092918,35.410376,269.11,0.00334809
2019,187,1,97.39,115.091942,35.410209,269.11,0.00297968
2019,187,2,194.78,115.091241,35.409567,269.11,0.00248721
2019,187,3,292.17,115.090492,35.409019,373.76,0.00264283
2019,187,4,389.57,115.090223,35.408220,403.66,0.00292252
2019,188,0,0.00,115.092918,35.410376,1674.46,-0.00196820
2019,188,1,81.42,115.093457,35.409799,762.48,-0.00201789
2019,188,2,162.85,115.093726,35.409144,508.32,-0.00103379
2019,188,3,244.27,115.093996,35.408489,553.17,-0.00000000
2019,189,0,0.00,115.093996,35.408489,403.66,-0.00251017
2019,189,1,95.19,115.093957,35.407643,373.76,-0.00230081
2019,189,2,190.38,115.093457,35.406931,373.76,-0.00033234
2019,189,3,285.57,115.093047,35.406193,433.57,-0.00176846
2019,189,4,380.76,115.092800,35.405407,433.57,-0.00546774
2019,189,5,475.95,115.091840,35.405255,463.47,-0.00597181
2019,19,0,0.00,115.345704,35.548626,448.52,-0.00166779
2019,19,1,80.65,115.346365,35.548234,403.66,-0.00083390
2019,19,2,161.30,115.346928,35.547671,448.52,0.00083390
2019,19,3,241.95,115.347590,35.547279,523.27,0.00166779
2019,191,0,0.00,115.694699,35.809228,1016.64,-0.00240847
2019,191,1,67.66,115.695271,35.808925,642.87,-0.00120424
2019,191,2,135.32,115.695744,35.808452,598.02,0.00120424
2019,191,3,202.98,115.696316,35.808150,822.28,0.00240847
2019,192,0,0.00,115.694699,35.809228,328.91,0.00000000
2019,192,1,96.65,115.694969,35.810021,299.01,0.00000000
2019,192,2,193.30,115.695238,35.810814,328.91,-0.00000000
2019,192,3,289.96,115.695508,35.811607,328.91,0.00016214
2019,192,4,386.61,115.695777,35.812400,299.01,0.00071845
2019,192,5,483.26,115.695987,35.813210,373.76,-0.00009718
2019,192,6,579.91,115.696047,35.814064,358.81,-0.00119058
2019,192,7,676.56,115.696502,35.814803,373.76,0.00043287
2019,192,8,773.22,115.696759,35.815600,343.86,0.00109500
2019,192,9,869.87,115.696855,35.816443,358.81,0.00022062
2019,192,10,966.52,115.697065,35.817253,343.86,-0.00006016
2019,192,11,1063.17,115.697125,35.818107,358.81,0.00000000
2019,192,12,1159.82,115.697394,35.818900,358.81,0.00015574
2019,192,13,1256.48,115.697394,35.819771,313.96,-0.00016314
2019,192,14,1353.13,115.697664,35.820564,328.91,-0.00013153
2019,192,15,1449.78,115.697726,35.821417,358.81,-0.00038713
2019,192,16,1546.43,115.697983,35.822214,343.86,0.00003595
2019,192,17,1643.08,115.698203,35.823021,388.71,0.00055027
2019,192,18,1739.73,115.698289,35.823867,388.71,-0.00038862
2019,192,19,1836.39,115.698472,35.824685,388.71,-0.00029322
2019,192,20,1933.04,115.698742,35.825478,388.71,0.00048420
2019,192,21,2029.69,115.698853,35.826317,388.71,-0.00012510
2019,192,22,2126.34,115.699011,35.827143,358.81,-0.00035866
2019,192,23,2222.99,115.699281,35.827936,358.81,0.00041833
2019,192,24,2319.65,115.699416,35.828767,358.81,0.00070701
2019,192,25,2416.30,115.699550,35.829600,328.91,0.00067841
2019,192,26,2512.95,115.699550,35.830471,239.21,0.00100847
2019,192,27,2609.60,115.699550,35.831342,239.21,0.00139686
2019,192,28,2706.25,115.699281,35.832135,313.96,0.00143690
2019,193,0,0.00,115.090223,35.408220,418.61,0.00172079
2019,193,1,87.86,115.089684,35.407585,388.71,0.00175128
2019,193,2,175.73,115.089414,35.406872,388.71,0.00178177
2019,194,0,0.00,115.090223,35.408220,1539.90,0.00324285
2019,194,1,85.97,115.090822,35.407620,1719.31,0.00155541
2019,194,2,171.94,115.091648,35.407411,941.88,-0.00205647
2019,194,3,257.91,115.092109,35.406872,852.18,-0.00398091
2019,195,0,0.00,115.091840,35.405255,478.42,-0.00379057
2019,195,1,83.49,115.091840,35.404503,433.57,-0.00382186
2019,195,2,166.99,115.091301,35.403908,493.37,-0.00385315
2019,196,0,0.00,115.091840,35.405255,388.71,-0.00198012
2019,196,1,76.32,115.091110,35.405446,792.38,-0.00291210
2019,196,2,152.65,115.090479,35.405808,1046.54,-0.00278073
2019,196,3,228.97,115.089947,35.406340,1121.29,-0.00085869
2019,196,4,305.29,115.089414,35.406872,1001.69,0.00000000
2019,197,0,0.00,115.091840,35.405255,478.42,0.00000000
2019,197,1,44.85,115.091840,35.405660,523.27,0.00000000
2019,197,2,89.70,115.091840,35.406064,478.42,0.00000000
2019,198,0,0.00,115.699281,35.832135,1794.06,0.00000000
2019,198,1,60.88,115.698607,35.832135,1794.06,0.00000000
2019,198,2,121.75,115.697933,35.832135,687.72,0.00000000
2019,199,0,0.00,115.699281,35.832135,299.01,0.00000000
2019,199,1,96.00,115.699550,35.832922,284.06,0.00072825
2019,199,2,192.01,115.699820,35.833709,328.91,0.00208897
2019,199,3,288.01,115.699820,35.834574,343.86,0.00137516
2019,199,4,384.02,115.699556,35.835363,373.76,-0.00086483
2019,199,5,480.02,115.699550,35.836227,373.76,-0.00137516
2019,199,6,576.03,115.699633,35.837068,403.66,-0.00099814
2019,199,7,672.03,115.699820,35.837879,388.71,0.00000000
2019,199,8,768.04,115.700089,35.838667,373.76,0.00050225
2019,199,9,864.04,115.700089,35.839532,358.81,-0.00032369
2019,199,10,960.05,115.700359,35.840319,358.81,-0.00072825
2019,199,11,1056.05,115.700480,35.841149,388.71,-0.00088975
2019,199,12,1152.06,115.700898,35.841893,403.66,-0.00117719
2019,199,13,1248.06,115.701195,35.842673,373.76,-0.00112919
2019,199,14,1344.07,115.701866,35.843344,358.81,-0.00043719
2019,199,15,1440.07,115.702328,35.844075,313.96,-0.00000000
2019,199,16,1536.08,115.702999,35.844746,239.21,-0.00000000
2019,199,17,1632.08,115.703461,35.845478,239.21,-0.00052885
2019,199,18,1728.09,115.704131,35.846149,209.31,-0.00105770
2019,2,0,0.00,115.333037,35.542698,89.70,0.00382657
2019,2,1,88.20,115.332498,35.542060,,0.00424685
2019,2,2,176.40,115.332565,35.541284,104.65,0.00298800
2019,2,3,264.60,115.332768,35.540548,134.55,0.00175303
2019,2,4,352.81,115.333037,35.539832,134.55,0.00195161
2019,2,5,441.01,115.333576,35.539194,209.31,0.00170603
2019,20,0,0.00,115.345704,35.548626,299.01,0.00000000
2019,20,1,83.47,115.345434,35.547953,313.96,0.00000000
2019,20,2,166.93,115.345165,35.547279,358.81,0.00000000
2019,200,0,0.00,115.089414,35.406872,448.52,0.00161620
2019,200,1,90.97,115.088875,35.406210,433.57,0.00230305
2019,200,2,181.94,115.088606,35.405469,463.47,0.00165058
2019,200,3,272.90,115.088554,35.404664,583.07,-0.00034274
2019,200,4,363.87,115.088336,35.403908,538.22,-0.00099674
2019,202,0,0.00,115.091301,35.403908,568.12,-0.00474999
2019,202,1,87.73,115.091106,35.403174,508.32,-0.00710039
2019,202,2,175.47,115.090339,35.402830,986.73,-0.00873920
2019,202,3,263.20,115.089487,35.403027,1091.39,-0.00567393
2019,202,4,350.94,115.088875,35.403638,1091.39,-0.00332026
2019,203,0,0.00,115.091301,35.403908,642.87,0.00000000
2019,203,1,78.16,115.090440,35.403908,986.73,0.00132613
2019,203,2,156.32,115.089580,35.403908,882.08,0.00279589
2019,203,3,234.48,115.088875,35.403638,702.67,0.00293953
2019,204,0,0.00,115.704131,35.846149,269.11,0.00108238
2019,204,1,98.29,115.705062,35.846418,209.31,0.00094574
2019,204,2,196.59,115.705903,35.846842,224.26,0.00000000
2019,204,3,294.88,115.706766,35.847226,209.31,-0.00053858
2019,204,4,393.17,115.707674,35.847535,209.31,-0.00000000
2019,204,5,491.47,115.708560,35.847882,209.31,-0.00046244
2019,204,6,589.76,115.709445,35.848228,224.26,-0.00120184
2019,204,7,688.05,115.710430,35.848405,194.36,-0.00117565
2019,204,8,786.35,115.711419,35.848574,224.26,-0.00107746
2019,204,9,884.64,115.712507,35.848574,239.21,-0.00050718
2019,204,10,982.93,115.713595,35.848574,239.21,0.00000000
2019,204,11,1081.23,115.714683,35.848574,239.21,-0.00082668
2019,204,12,1179.52,115.715771,35.848574,239.21,-0.00179607
2019,204,13,1277.81,115.716702,35.848304,224.26,-0.00123971
2019,204,14,1376.11,115.717623,35.848018,209.31,-0.00048323
2019,204,15,1474.40,115.718508,35.847672,179.41,-0.00080877
2019,204,16,1572.69,115.719394,35.847325,194.36,-0.00172469
2019,204,17,1670.99,115.720180,35.846808,224.26,-0.00112883
2019,204,18,1769.28,115.720867,35.846121,269.11,0.00049228
2019,204,19,1867.57,115.721654,35.845605,299.01,0.00000000
2019,204,20,1965.86,115.722430,35.845071,328.91,-0.00043831
2019,204,21,2064.16,115.723127,35.844401,328.91,-0.00000000
2019,204,22,2162.45,115.723913,35.843884,358.81,-0.00016293
2019,204,23,2260.74,115.724600,35.843197,358.81,0.00000000
2019,204,24,2359.04,115.725366,35.842645,403.66,-0.00080556
2019,204,25,2457.33,115.726073,35.841993,418.61,-0.00101436
2019,204,26,2555.62,115.726551,35.841246,448.52,0.00040432
2019,204,27,2653.92,115.727238,35.840559,493.37,0.00050416
2019,204,28,2752.21,115.727925,35.839872,508.32,0.00000000
2019,204,29,2850.50,115.728612,35.839185,553.17,0.00000000
2019,204,30,2948.80,115.729299,35.838498,568.12,0.00000000
2019,204,31,3047.09,115.729986,35.837811,538.22,-0.00000000
2019,204,32,3145.38,115.730563,35.837234,583.07,-0.00011271
2019,204,33,3243.68,115.731250,35.836547,508.32,-0.00050416
2019,204,34,3341.97,115.731889,35.835846,523.27,-0.00027343
2019,204,35,3440.26,115.732415,35.835112,508.32,0.00050416
2019,204,36,3538.56,115.733102,35.834425,508.32,0.00038614
2019,204,37,3636.85,115.733789,35.833739,508.32,-0.00000000
2019,204,38,3735.14,115.734476,35.833052,553.17,-0.00000000
2019,204,39,3833.44,115.735163,35.832365,553.17,-0.00000000
2019,204,40,3931.73,115.735850,35.831678,583.07,-0.00000000
2019,204,41,4030.02,115.736537,35.830991,598.02,-0.00050416
2019,204,42,4128.32,115.737224,35.830304,598.02,-0.00103424
2019,204,43,4226.61,115.737702,35.829556,627.92,-0.00000000
2019,204,44,4324.90,115.738180,35.828809,657.82,0.00103424
2019,204,45,4423.20,115.738867,35.828122,687.72,0.00132098
2019,204,46,4521.49,115.739554,35.827435,747.53,0.00223489
2019,204,47,4619.78,115.740396,35.827014,747.53,0.00195926
2019,204,48,4718.08,115.741325,35.826742,687.72,0.00146324
2019,204,49,4816.37,115.742258,35.826475,627.92,0.00091143
2019,204,50,4914.66,115.743346,35.826475,553.17,-0.00001062
2019,204,51,5012.96,115.744276,35.826206,508.32,0.00082668
2019,204,52,5111.25,115.745364,35.826206,448.52,0.00165337
2019,205,0,0.00,115.704131,35.846149,1016.64,-0.00347668
2019,205,1,53.51,115.703758,35.846523,762.48,-0.00358305
2019,205,2,107.02,115.703592,35.846957,822.28,-0.00368943
2019,206,0,0.00,115.088336,35.403908,1629.61,-0.01144736
2019,206,1,31.56,115.088655,35.403859,1554.85,-0.01105431
2019,206,2,63.12,115.088875,35.403638,1091.39,-0.01066127
2019,207,0,0.00,115.088336,35.403908,598.02,-0.00109058
2019,207,1,99.64,115.087797,35.403167,598.02,-0.00061398
2019,207,2,199.29,115.087095,35.402560,612.97,0.00010342
2019,207,3,298.93,115.086570,35.401872,598.02,0.00087768
2019,207,4,398.57,115.085875,35.401177,568.12,0.00123862
2019,207,5,498.22,115.085597,35.400360,553.17,0.00053305
2019,207,6,597.86,115.085111,35.399604,538.22,0.00053710
2019,207,7,697.50,115.084833,35.398788,612.97,0.00107420
2019,209,0,0.00,115.745364,35.826206,418.61,0.00681977
2019,209,1,71.03,115.745993,35.825936,388.71,0.00681977
2019,209,2,142.07,115.746622,35.826206,463.47,0.00340988
2019,209,3,213.10,115.747251,35.826475,254.16,-0.00000000
2019,21,0,0.00,115.341122,35.529762,568.12,-0.00270296
2019,21,1,98.42,115.341392,35.528953,553.17,-0.00270296
2019,21,2,196.84,115.341122,35.528145,553.17,-0.00270296
2019,210,0,0.00,115.745364,35.826206,1121.29,-0.00000000
2019,210,1,86.36,115.745968,35.826809,1181.09,-0.00280957
2019,210,2,172.72,115.746571,35.827413,239.21,-0.01114510
2019,210,3,259.08,115.747251,35.827254,687.72,-0.01142250
2019,210,4,345.44,115.747251,35.826475,1345.55,-0.00617395
2019,211,0,0.00,115.084833,35.398788,1465.15,0.00000000
2019,211,1,83.41,115.085415,35.398206,1435.25,0.00000000
2019,211,2,166.82,115.085996,35.397624,1121.29,0.00071596
2019,211,3,250.23,115.086578,35.397042,1061.49,0.00149376
2019,211,4,333.64,115.087258,35.396632,747.53,0.00155561
2019,212,0,0.00,115.084833,35.398788,598.02,0.00099226
2019,212,1,99.25,115.084141,35.398095,627.92,0.00101782
2019,212,2,198.50,115.083657,35.397342,612.97,0.00052169
2019,212,3,297.75,115.083174,35.396589,598.02,0.00053744
2019,212,4,397.00,115.082690,35.395836,553.17,0.00107421
2019,212,5,496.25,115.082415,35.395022,583.07,-0.00053744
2019,212,6,595.50,115.082138,35.394208,568.12,-0.00135398
2019,212,7,694.75,115.081448,35.393516,568.12,0.00053744
2019,212,8,794.00,115.081060,35.392735,598.02,0.00056861
2019,212,9,893.25,115.080689,35.391949,523.27,-0.00053744
2019,212,10,992.51,115.080205,35.391195,553.17,-0.00045256
2019,212,11,1091.76,115.079722,35.390442,553.17,-0.00000000
2019,212,12,1191.01,115.079174,35.389708,553.17,0.00032896
2019,212,13,1290.26,115.078754,35.388936,538.22,0.00009916
2019,212,14,1389.51,115.078271,35.388183,508.32,-0.00016524
2019,212,15,1488.76,115.077826,35.387419,508.32,0.00030918
2019,212,16,1588.01,115.077304,35.386677,493.37,0.00036542
2019,212,17,1687.26,115.077018,35.385866,463.47,-0.00068810
2019,212,18,1786.51,115.076479,35.385129,508.32,-0.00019560
2019,212,19,1885.76,115.075940,35.384392,418.61,0.00006009
2019,212,20,1985.01,115.075578,35.383603,463.47,-0.00016982
2019,212,21,2084.26,115.074886,35.382911,403.66,0.00126553
2019,212,22,2183.51,115.074610,35.382097,343.86,0.00000000
2019,212,23,2282.76,115.074323,35.381287,328.91,-0.00153630
2019,212,24,2382.01,115.073643,35.380591,328.91,0.00053744
2019,212,25,2481.26,115.073160,35.379838,284.06,0.00102788
2019,212,26,2580.51,115.072885,35.379024,254.16,-0.00155525
2019,212,27,2679.76,115.072401,35.378271,209.31,-0.00259724
2019,212,28,2779.01,115.071610,35.377749,224.26,-0.00104198
2019,212,29,2878.27,115.070819,35.377228,299.01,0.00000000
2019,214,0,0.00,115.747251,35.826475,388.71,0.00608003
2019,214,1,75.09,115.747924,35.826206,299.01,0.00608003
2019,214,2,150.18,115.748598,35.826475,284.06,0.00608003
2019,215,0,0.00,115.070819,35.377228,1106.34,0.00121322
2019,215,1,92.25,115.071254,35.376524,777.43,0.00118223
2019,215,2,184.49,115.071897,35.375880,239.21,0.00115125
2019,216,0,0.00,115.070819,35.377228,358.81,0.00180844
2019,216,1,79.46,115.069969,35.377186,448.52,0.00353650
2019,216,2,158.92,115.069226,35.376958,418.61,0.00415039
2019,216,3,238.39,115.068663,35.376419,672.77,0.00303623
2019,217,0,0.00,115.748598,35.826475,1181.09,-0.00501928
2019,217,1,89.44,115.748805,35.827221,239.21,-0.01018938
2019,217,2,178.87,115.749530,35.827430,224.26,-0.01124450
2019,217,3,268.31,115.749946,35.826745,1181.09,-0.00712954
2019,218,0,0.00,115.748598,35.826475,209.31,0.00292977
2019,218,1,82.20,115.749193,35.826475,149.51,0.00252057
2019,218,2,164.39,115.749946,35.826745,209.31,0.00211136
2019,219,0,0.00,115.068663,35.376419,1106.34,0.00152368
2019,219,1,82.58,115.069031,35.375783,1001.69,0.00148255
2019,219,2,165.17,115.069606,35.375207,732.58,-0.00000000
2019,219,3,247.75,115.070182,35.374631,313.96,-0.00148255
2019,219,4,330.34,115.070550,35.373994,,-0.00152368
2019,22,0,0.00,115.341122,35.529762,687.72,0.00197082
2019,22,1,81.29,115.341661,35.530337,627.92,0.00304986
2019,22,2,162.58,115.341931,35.530991,583.07,0.00303343
2019,22,3,243.87,115.341931,35.531724,553.17,0.00096899
2019,22,4,325.16,115.341931,35.532457,553.17,0.00000000
2019,220,0,0.00,115.068663,35.376419,538.22,-0.00023843
2019,220,1,95.24,115.067703,35.376268,568.12,-0.00062983
2019,220,2,190.48,115.066723,35.376150,598.02,-0.00262395
2019,220,3,285.71,115.065675,35.376150,553.17,-0.00222613
2019,220,4,380.95,115.064921,35.376659,598.02,0.00164820
2019,220,5,476.19,115.063890,35.376689,598.02,0.00097294
2019,220,6,571.43,115.062842,35.376689,598.02,-0.00176100
2019,220,7,666.67,115.061950,35.376958,598.02,0.00000000
2019,220,8,761.90,115.061058,35.377228,627.92,0.00185484
2019,220,9,857.14,115.060010,35.377228,627.92,0.00088191
2019,220,10,952.38,115.058961,35.377228,598.02,0.00000000
2019,221,0,0.00,115.749946,35.826745,269.11,0.00000000
2019,221,1,36.53,115.750350,35.826745,269.11,0.00000000
2019,221,2,73.05,115.750754,35.826745,328.91,0.00000000
2019,222,0,0.00,115.750754,35.826745,269.11,0.00108570
2019,222,1,98.84,115.751335,35.827326,269.11,-0.00000000
2019,222,2,197.68,115.751817,35.828077,209.31,-0.00104733
2019,222,3,296.51,115.752607,35.828598,239.21,-0.00050448
2019,222,4,395.35,115.753298,35.829289,254.16,0.00061237
2019,222,5,494.19,115.754088,35.829809,299.01,0.00152712
2019,222,6,593.03,115.754527,35.830573,313.96,0.00080618
2019,222,7,691.87,115.755051,35.831312,343.86,0.00000000
2019,222,8,790.71,115.755533,35.832063,313.96,0.00032242
2019,222,9,889.54,115.756015,35.832814,284.06,0.00032054
2019,222,10,988.38,115.756413,35.833590,284.06,-0.00035230
2019,222,11,1087.22,115.756820,35.834291,313.96,-0.00036002
2019,222,12,1186.06,115.757351,35.834958,299.01,0.00087292
2019,222,13,1284.90,115.757761,35.835730,269.11,0.00039354
2019,222,14,1383.73,115.758030,35.836543,328.91,-0.00092439
2019,222,15,1482.57,115.758587,35.837273,313.96,0.00009120
2019,222,16,1581.41,115.759069,35.838024,328.91,0.00118753
2019,222,17,1680.25,115.759378,35.838825,373.76,0.00018907
2019,222,18,1779.09,115.759647,35.839638,328.91,-0.00091304
2019,222,19,1877.93,115.760096,35.840399,388.71,-0.00046807
2019,222,20,1976.76,115.760578,35.841150,388.71,0.00099871
2019,222,21,2075.60,115.760995,35.841920,328.91,0.00128770
2019,222,22,2174.44,115.761123,35.842774,358.81,-0.00034896
2019,222,23,2273.28,115.761396,35.843586,373.76,-0.00001431
2019,222,24,2372.12,115.761803,35.844358,358.81,0.00105206
2019,222,25,2470.95,115.761803,35.845249,373.76,-0.00033926
2019,222,26,2569.79,115.762073,35.846062,358.81,-0.00000000
2019,222,27,2668.63,115.762342,35.846875,358.81,0.00133407
2019,222,28,2767.47,115.762342,35.847765,373.76,0.00129617
2019,223,0,0.00,115.750754,35.826745,807.33,-0.00000000
2019,223,1,19.28,115.750889,35.826610,747.53,-0.00000000
2019,223,2,38.56,115.751024,35.826475,672.77,-0.00000000
2019,224,0,0.00,115.762342,35.847765,612.97,0.00000000
2019,224,1,57.84,115.761938,35.848170,583.07,0.00000000
2019,224,2,115.68,115.761534,35.848574,612.97,0.00000000
2019,225,0,0.00,115.762342,35.847765,418.61,0.00010930
2019,225,1,99.90,115.762623,35.848585,388.71,-0.00053198
2019,225,2,199.81,115.762881,35.849410,373.76,-0.00064150
2019,225,3,299.71,115.763392,35.850163,388.71,0.00053198
2019,225,4,399.62,115.763672,35.850982,358.81,0.00059750
2019,225,5,499.52,115.763953,35.851801,373.76,0.00003798
2019,225,6,599.43,115.764229,35.852622,358.81,0.00004400
2019,225,7,699.33,115.764498,35.853444,313.96,0.00044914
2019,225,8,799.24,115.764768,35.854267,328.91,0.00000000
2019,225,9,899.14,115.764865,35.855139,328.91,-0.00154703
2019,225,10,999.05,115.765307,35.855911,358.81,-0.00174003
2019,225,11,1098.95,115.765843,35.856656,388.71,-0.00113163
2019,225,12,1198.86,115.766542,35.857355,328.91,-0.00139930
2019,225,13,1298.76,115.767267,35.858006,269.11,-0.00171476
2019,225,14,1398.67,115.768137,35.858411,179.41,-0.00128151
2019,225,15,1498.57,115.769007,35.858815,164.46,-0.00104625
2019,225,16,1598.48,115.769956,35.859084,209.31,-0.00133639
2019,225,17,1698.38,115.770927,35.859315,194.36,-0.00062683
2019,225,18,1798.29,115.772010,35.859354,209.31,-0.00000000
2019,225,19,1898.19,115.772959,35.859623,269.11,-0.00062976
2019,225,20,1998.10,115.774065,35.859623,299.01,0.00000000
2019,225,21,2098.00,115.775111,35.859726,284.06,0.00019062
2019,225,22,2197.91,115.776120,35.859893,328.91,-0.00079947
2019,225,23,2297.81,115.777226,35.859893,328.91,-0.00048353
2019,225,24,2397.72,115.778332,35.859893,388.71,0.00000000
2019,225,25,2497.62,115.779438,35.859893,418.61,0.00000000
2019,225,26,2597.53,115.780544,35.859893,418.61,0.00000000
2019,225,27,2697.43,115.781650,35.859893,448.52,0.00000000
2019,225,28,2797.34,115.782756,35.859893,448.52,0.00000000
2019,225,29,2897.24,115.783862,35.859893,448.52,0.00000000
2019,225,30,2997.15,115.784968,35.859893,448.52,0.00000000
2019,225,31,3097.05,115.786074,35.859893,448.52,0.00000000
2019,225,32,3196.96,115.787180,35.859893,448.52,0.00000000
2019,225,33,3296.86,115.788286,35.859893,448.52,0.00000000
2019,225,34,3396.77,115.789392,35.859893,418.61,0.00000000
2019,225,35,3496.67,115.790498,35.859893,448.52,-0.00079947
2019,225,36,3596.58,115.791604,35.859893,448.52,-0.00079947
2019,225,37,3696.48,115.792553,35.859623,448.52,0.00014561
2019,225,38,3796.39,115.793659,35.859623,448.52,0.00000000
2019,225,39,3896.29,115.794635,35.859401,403.66,0.00052223
2019,225,40,3996.20,115.795714,35.859354,448.52,0.00079947
2019,225,41,4096.10,115.796820,35.859354,418.61,-0.00066784
2019,225,42,4196.01,115.797926,35.859354,433.57,-0.00079947
2019,225,43,4295.91,115.798874,35.859084,448.52,0.00079947
2019,225,44,4395.82,115.799980,35.859084,418.61,0.00037259
2019,225,45,4495.72,115.801086,35.859084,418.61,-0.00101012
2019,225,46,4595.63,115.802106,35.858936,418.61,-0.00076207
2019,225,47,4695.53,115.803102,35.858748,403.66,0.00041624
2019,225,48,4795.44,115.804090,35.858545,388.71,0.00038948
2019,225,49,4895.34,115.805196,35.858545,418.61,-0.00020560
2019,225,50,4995.25,115.806144,35.858276,388.71,-0.00000000
2019,225,51,5095.15,115.807250,35.858276,418.61,-0.00069743
2019,225,52,5195.06,115.808199,35.858006,388.71,-0.00042743
2019,225,53,5294.96,115.809180,35.857791,373.76,0.00035789
2019,225,54,5394.87,115.810176,35.857604,418.61,-0.00091591
2019,225,55,5494.77,115.811172,35.857416,418.61,-0.00114225
2019,225,56,5594.68,115.811994,35.856928,418.61,0.00134334
2019,225,57,5694.58,115.812966,35.856700,403.66,0.00135209
2019,225,58,5794.49,115.814048,35.856659,418.61,-0.00088085
2019,225,59,5894.39,115.814997,35.856389,403.66,-0.00075116
2019,225,60,5994.30,115.815946,35.856120,388.71,0.00003230
2019,225,61,6094.20,115.816894,35.855850,403.66,0.00000000
2019,225,62,6194.10,115.817849,35.855590,418.61,-0.00006465
2019,225,63,6294.01,115.818792,35.855311,448.52,0.00000000
2019,225,64,6393.91,115.819740,35.855042,448.52,0.00058260
2019,225,65,6493.82,115.820689,35.854772,433.57,0.00025944
2019,225,66,6593.72,115.821735,35.854669,448.52,-0.00111388
2019,225,67,6693.63,115.822632,35.854311,433.57,-0.00052183
2019,225,68,6793.53,115.823535,35.853964,463.47,0.00056363
2019,225,69,6893.44,115.824484,35.853694,493.37,0.00047627
2019,225,70,6993.34,115.825432,35.853425,478.42,0.00000000
2019,225,71,7093.25,115.826418,35.853219,493.37,-0.00042976
2019,225,72,7193.15,115.827330,35.852886,538.22,-0.00068489
2019,225,73,7293.06,115.828278,35.852616,568.12,-0.00069954
2019,225,74,7392.96,115.829109,35.852145,523.27,0.00008395
2019,225,75,7492.87,115.830018,35.851808,538.22,0.00024418
2019,225,76,7592.77,115.830903,35.851429,553.17,0.00057786
2019,225,77,7692.68,115.831800,35.851071,523.27,0.00042815
2019,225,78,7792.58,115.832796,35.850883,538.22,-0.00057786
2019,225,79,7892.49,115.833655,35.850460,538.22,-0.00067233
2019,225,80,7992.39,115.834590,35.850167,538.22,0.00000000
2019,225,81,8092.30,115.835395,35.849652,508.32,0.00179628
2019,225,82,8192.20,115.836384,35.849451,523.27,0.00185630
2019,225,83,8292.11,115.837450,35.849382,508.32,-0.00014149
2019,225,84,8392.01,115.838278,35.849320,463.47,-0.00020319
2019,225,85,8491.92,115.839190,35.849113,418.61,0.00094096
2019,225,86,8591.82,115.840296,35.849113,358.81,0.00062816
2019,225,87,8691.73,115.841402,35.849113,328.91,0.00079947
2019,225,88,8791.63,115.842508,35.849113,299.01,0.00168033
2019,225,89,8891.54,115.843457,35.849382,269.11,0.00089654
2019,225,90,8991.44,115.844405,35.849652,239.21,0.00089440
2019,225,91,9091.35,115.845351,35.849926,239.21,0.00116152
2019,225,92,9191.25,115.846149,35.850454,194.36,0.00028280
2019,225,93,9291.16,115.847046,35.850812,164.46,0.00055984
2019,225,94,9391.06,115.847844,35.851340,239.21,0.00055984
2019,225,95,9490.97,115.848641,35.851868,299.01,0.00102449
2019,225,96,9590.87,115.849439,35.852397,299.01,0.00202478
2019,225,97,9690.78,115.849928,35.853155,403.66,0.00200058
2019,226,0,0.00,115.761534,35.848574,627.92,0.00727311
2019,226,1,82.18,115.760939,35.849113,179.41,0.01370261
2019,226,2,164.37,115.760186,35.848843,373.76,0.01911323
2019,226,3,246.55,115.760781,35.848304,672.77,0.01303418
2019,226,4,328.73,115.761534,35.848574,612.97,0.00797402
2019,228,0,0.00,115.849928,35.853155,388.71,0.00326130
2019,228,1,94.65,115.850976,35.853155,328.91,0.00347412
2019,228,2,189.31,115.851748,35.853628,388.71,0.00191209
2019,228,3,283.96,115.852509,35.854119,418.61,0.00006862
2019,228,4,378.61,115.853270,35.854611,448.52,-0.00000000
2019,228,5,473.27,115.854031,35.855102,478.42,-0.00000000
2019,228,6,567.92,115.854792,35.855594,418.61,0.00059461
2019,228,7,662.57,115.855553,35.856085,448.52,0.00059461
2019,228,8,757.23,115.856214,35.856747,448.52,-0.00059461
2019,228,9,851.88,115.856975,35.857238,478.42,-0.00039844
2019,228,10,946.53,115.857736,35.857729,448.52,0.00000000
2019,228,11,1041.19,115.858465,35.858276,448.52,-0.00039576
2019,228,12,1135.84,115.859258,35.858712,433.57,0.00059461
2019,228,13,1230.49,115.860019,35.859204,433.57,0.00079420
2019,228,14,1325.15,115.860680,35.859865,433.57,-0.00000000
2019,228,15,1419.80,115.861441,35.860357,448.52,0.00000000
2019,228,16,1514.46,115.862103,35.861018,403.66,-0.00059461
2019,228,17,1609.11,115.862864,35.861510,448.52,-0.00118923
2019,229,0,0.00,115.849928,35.853155,1794.06,-0.00866812
2019,229,1,34.23,115.849689,35.853395,1121.29,-0.00878329
2019,229,2,68.46,115.849659,35.853694,627.92,-0.00889847
2019,23,0,0.00,115.337080,35.528414,508.32,0.00194794
2019,23,1,95.20,115.337973,35.528145,224.26,0.00185664
2019,23,2,190.41,115.339023,35.528145,897.03,0.00088267
2019,23,3,285.61,115.340073,35.528145,1375.45,0.00000000
2019,23,4,380.82,115.341122,35.528145,1704.36,0.00000000
2019,230,0,0.00,115.862864,35.861510,418.61,0.00000000
2019,230,1,98.56,115.863553,35.862199,358.81,-0.00050729
2019,230,2,197.12,115.864242,35.862888,373.76,-0.00050729
2019,230,3,295.68,115.865030,35.863406,358.81,0.00050729
2019,230,4,394.24,115.865719,35.864095,358.81,0.00050729
2019,230,5,492.80,115.866408,35.864784,328.91,-0.00050729
2019,230,6,591.35,115.867097,35.865473,358.81,-0.00066585
2019,230,7,689.91,115.867885,35.865992,373.76,0.00000000
2019,230,8,788.47,115.868603,35.866630,358.81,0.00031364
2019,230,9,887.03,115.869362,35.867199,358.81,-0.00054627
2019,230,10,985.59,115.870051,35.867888,373.76,-0.00070135
2019,230,11,1084.15,115.870939,35.868237,373.76,0.00054627
2019,230,12,1182.71,115.871627,35.868926,388.71,0.00054627
2019,230,13,1281.27,115.872416,35.869445,358.81,0.00050729
2019,230,14,1379.83,115.873105,35.870134,388.71,0.00101459
2019,231,0,0.00,115.862864,35.861510,1794.06,-0.00000000
2019,231,1,77.11,115.863403,35.860971,1465.15,-0.00000000
2019,231,2,154.23,115.863942,35.860432,1031.59,-0.00000000
2019,231,3,231.34,115.864481,35.859893,777.43,0.00000000
2019,232,0,0.00,115.873105,35.870403,448.52,0.00000000
2019,232,1,14.95,115.873105,35.870268,463.47,0.00000000
2019,232,2,29.90,115.873105,35.870134,463.47,0.00000000
2019,233,0,0.00,115.873105,35.870134,598.02,0.00449049
2019,233,1,89.66,115.873940,35.869864,328.91,0.00584120
2019,233,2,179.32,115.874755,35.870167,194.36,0.00624751
2019,233,3,268.98,115.875382,35.870794,119.60,0.00539186
2019,233,4,358.63,115.875530,35.871559,313.96,0.00399930
2019,233,5,448.29,115.875261,35.872289,762.48,0.00251798
2019,234,0,0.00,115.873105,35.870403,403.66,-0.00397320
2019,234,1,84.19,115.872945,35.871052,254.16,-0.00453945
2019,234,2,168.39,115.873325,35.871701,104.65,-0.00324309
2019,234,3,252.58,115.873913,35.872289,299.01,-0.00138047
2019,235,0,0.00,115.873105,35.870403,358.81,0.00000000
2019,235,1,77.11,115.873644,35.870942,358.81,0.00000000
2019,235,2,154.22,115.874183,35.871481,74.75,0.00000000
2019,235,3,231.33,115.874722,35.872020,358.81,0.00000000
2019,236,0,0.00,115.875261,35.872289,418.61,0.01150848
2019,236,1,31.45,115.874941,35.872240,328.91,0.01110861
2019,236,2,62.89,115.874722,35.872020,358.81,0.01070873
2019,237,0,0.00,115.875261,35.872289,328.91,-0.00100587
2019,237,1,98.97,115.875952,35.872981,373.76,-0.00000000
2019,237,2,197.95,115.876744,35.873503,358.81,0.00050293
2019,237,3,296.92,115.877226,35.874255,403.66,0.00000000
2019,237,4,395.89,115.878018,35.874777,433.57,0.00003483
2019,237,5,494.87,115.878500,35.875529,403.66,-0.00279113
2019,237,6,593.84,115.879285,35.876062,463.47,-0.00451908
2019,237,7,692.82,115.880381,35.876062,508.32,-0.00338624
2019,238,0,0.00,115.873913,35.872289,313.96,-0.00891222
2019,238,1,43.62,115.874396,35.872289,568.12,-0.00910118
2019,238,2,87.23,115.874722,35.872020,971.78,-0.00929014
2019,239,0,0.00,115.873913,35.872289,448.52,0.00889774
2019,239,1,34.23,115.873883,35.872589,747.53,0.00878265
2019,239,2,68.46,115.873644,35.872828,911.98,0.00866757
2019,24,0,0.00,115.337080,35.528414,762.48,0.00270301
2019,24,1,98.42,115.336810,35.527606,568.12,0.00270301
2019,24,2,196.84,115.337080,35.526797,568.12,0.00135150
2019,24,3,295.26,115.337349,35.525989,538.22,0.00000000
2019,241,0,0.00,115.880381,35.876062,1629.61,0.00000000
2019,241,1,77.11,115.880920,35.875523,1794.06,0.00000000
2019,241,2,154.22,115.881459,35.874984,612.97,0.00000000
2019,242,0,0.00,115.880381,35.876062,508.32,-0.00124167
2019,242,1,89.28,115.881005,35.876686,358.81,-0.00129297
2019,242,2,178.55,115.881728,35.877140,343.86,-0.00134428
2019,243,0,0.00,115.881459,35.874984,343.86,0.00271141
2019,243,1,71.83,115.882097,35.875254,343.86,0.00536902
2019,243,2,143.66,115.882537,35.875685,508.32,0.00624593
2019,243,3,215.49,115.882537,35.876332,598.02,0.00446525
2019,244,0,0.00,115.881459,35.874984,433.57,0.00000000
2019,244,1,68.46,115.881189,35.874445,433.57,0.00000000
2019,244,2,136.91,115.880920,35.873906,433.57,0.00000000
2019,245,0,0.00,115.881728,35.877140,328.91,0.00000000
2019,245,1,87.07,115.882337,35.877749,358.81,0.00064458
2019,245,2,174.15,115.882946,35.878358,358.81,0.00132464
2019,245,3,261.22,115.883345,35.879027,328.91,0.00136012
2019,246,0,0.00,115.881728,35.877140,1794.06,-0.00000000
2019,246,1,57.83,115.882133,35.876736,1734.26,-0.00000000
2019,246,2,115.66,115.882537,35.876332,1151.19,-0.00000000
2019,247,0,0.00,115.882537,35.876332,388.71,0.00000000
2019,247,1,60.84,115.883211,35.876332,583.07,0.00000000
2019,247,2,121.68,115.883884,35.876332,642.87,0.00000000
2019,249,0,0.00,115.883345,35.879027,1794.06,-0.00774978
2019,249,1,72.86,115.882806,35.879386,583.07,-0.00230909
2019,249,2,145.71,115.882975,35.879936,837.23,0.00662648
2019,249,3,218.57,115.882267,35.880105,598.02,0.01012136
2019,25,0,0.00,115.360256,35.571534,1255.84,0.00000000
2019,25,1,72.67,115.360256,35.570879,1420.30,-0.00121731
2019,25,2,145.34,115.360256,35.570224,478.42,-0.00251023
2019,25,3,218.02,115.359987,35.569647,433.57,-0.00258584
2019,250,0,0.00,115.883345,35.879027,209.31,-0.00363762
2019,250,1,75.74,115.883875,35.879556,358.81,-0.00281674
2019,250,2,151.48,115.884603,35.879746,508.32,-0.00000000
2019,250,3,227.22,115.885232,35.880105,538.22,0.00199586
2019,251,0,0.00,115.883345,35.879027,1719.31,0.00000000
2019,251,1,87.98,115.883960,35.878412,1524.95,0.00243373
2019,251,2,175.95,115.884575,35.877797,986.73,0.00967848
2019,251,3,263.93,115.885389,35.877837,343.86,0.01120455
2019,251,4,351.91,115.885501,35.878597,612.97,0.00511466
2019,251,5,439.88,115.885501,35.879390,672.77,0.00202568
2019,251,6,527.86,115.885232,35.880105,598.02,0.00174161
2019,253,0,0.00,115.885232,35.880105,448.52,-0.00129272
2019,253,1,89.25,115.885647,35.880789,478.42,-0.00064636
2019,253,2,178.50,115.886271,35.881413,493.37,0.00064636
2019,253,3,267.75,115.886685,35.882097,478.42,0.00105000
2019,253,4,357.00,115.887100,35.882782,463.47,0.00001007
2019,253,5,446.25,115.887388,35.883503,478.42,0.00052117
2019,253,6,535.50,115.887927,35.884151,493.37,0.00255744
2019,253,7,624.75,115.887927,35.884956,448.52,0.00328539
2019,254,0,0.00,115.887927,35.884956,1016.64,0.00000000
2019,254,1,24.33,115.888196,35.884956,926.93,0.00000000
2019,254,2,48.67,115.888466,35.884956,867.13,0.00000000
2019,255,0,0.00,115.887927,35.884956,493.37,-0.00002284
2019,255,1,98.04,115.887657,35.885761,388.71,-0.00000000
2019,255,2,196.09,115.887392,35.886568,269.11,0.00055197
2019,255,3,294.13,115.887118,35.887373,224.26,0.00211143
2019,255,4,392.18,115.886648,35.888121,254.16,0.00210014
2019,255,5,490.22,115.885864,35.888636,224.26,0.00052928
2019,255,6,588.27,115.885178,35.889321,343.86,0.00055218
2019,255,7,686.31,115.884393,35.889837,403.66,0.00000000
2019,255,8,784.35,115.883609,35.890352,418.61,-0.00055218
2019,255,9,882.40,115.882923,35.891037,493.37,0.00055218
2019,255,10,980.44,115.882138,35.891553,523.27,0.00055218
2019,255,11,1078.49,115.881354,35.892068,568.12,-0.00055218
2019,255,12,1176.53,115.880569,35.892583,583.07,-0.00055218
2019,255,13,1274.58,115.879883,35.893269,583.07,0.00055218
2019,255,14,1372.62,115.879099,35.893784,627.92,0.00055218
2019,255,15,1470.66,115.878314,35.894299,598.02,0.00000000
2019,255,16,1568.71,115.877529,35.894815,598.02,0.00037273
2019,255,17,1666.75,115.876744,35.895330,627.92,0.00029136
2019,255,18,1764.80,115.875895,35.895736,642.87,-0.00073288
2019,255,19,1862.84,115.875124,35.896275,627.92,-0.00057497
2019,255,20,1960.89,115.874390,35.896876,672.77,-0.00019203
2019,255,21,2058.93,115.873605,35.897391,642.87,-0.00026857
2019,255,22,2156.97,115.872920,35.898077,672.77,0.00055218
2019,255,23,2255.02,115.872135,35.898592,672.77,0.00093993
2019,255,24,2353.06,115.871350,35.899107,672.77,0.00058225
2019,255,25,2451.11,115.870498,35.899508,657.82,-0.00019856
2019,255,26,2549.15,115.869681,35.899968,657.82,-0.00058225
2019,255,27,2647.20,115.868896,35.900483,627.92,-0.00018920
2019,255,28,2745.24,115.868111,35.900998,687.72,-0.00000000
2019,255,29,2843.28,115.867326,35.901514,642.87,0.00000000
2019,255,30,2941.33,115.866542,35.902029,612.97,-0.00000000
2019,255,31,3039.37,115.865757,35.902544,568.12,-0.00055218
2019,255,32,3137.42,115.864972,35.903060,568.12,-0.00055218
2019,255,33,3235.46,115.864287,35.903745,568.12,0.00055218
2019,255,34,3333.51,115.863502,35.904260,568.12,0.00055218
2019,255,35,3431.55,115.862717,35.904776,523.27,-0.00055218
2019,255,36,3529.59,115.861932,35.905291,493.37,-0.00106481
2019,255,37,3627.64,115.861247,35.905976,478.42,-0.00102526
2019,256,0,0.00,115.861247,35.905976,463.47,-0.00136252
2019,256,1,99.11,115.860977,35.906792,403.66,-0.00132498
2019,256,2,198.23,115.860977,35.907685,313.96,-0.00064372
2019,256,3,297.34,115.860977,35.908578,179.41,-0.00064372
2019,256,4,396.46,115.860977,35.909471,209.31,-0.00133588
2019,256,5,495.57,115.861247,35.910287,224.26,-0.00124598
2019,256,6,594.68,115.861521,35.911101,269.11,-0.00055666
2019,256,7,693.80,115.862004,35.911854,299.01,0.00043372
2019,256,8,792.91,115.862279,35.912668,313.96,0.00045031
2019,256,9,892.02,115.862594,35.913470,373.76,-0.00033263
2019,256,10,991.14,115.862864,35.914286,373.76,-0.00126365
2019,256,11,1090.25,115.863313,35.915049,403.66,-0.00116089
2019,256,12,1189.37,115.863942,35.915761,418.61,-0.00039838
2019,256,13,1288.48,115.864490,35.916496,433.57,-0.00000000
2019,256,14,1387.59,115.865183,35.917188,418.61,-0.00034067
2019,256,15,1486.71,115.865667,35.917942,358.81,-0.00099674
2019,256,16,1585.82,115.866459,35.918465,403.66,-0.00104100
2019,256,17,1684.94,115.867152,35.919158,328.91,-0.00053968
2019,256,18,1784.05,115.868044,35.919511,328.91,-0.00000000
2019,256,19,1883.16,115.868737,35.920203,269.11,-0.00060730
2019,256,20,1982.28,115.869628,35.920556,224.26,-0.00089352
2019,256,21,2081.39,115.870427,35.921068,179.41,-0.00112248
2019,256,22,2180.50,115.871368,35.921338,149.51,-0.00083625
2019,256,23,2279.62,115.872309,35.921607,209.31,-0.00089579
2019,256,24,2378.73,115.873249,35.921876,209.31,-0.00089579
2019,256,25,2477.85,115.874347,35.921876,209.31,0.00000000
2019,256,26,2576.96,115.875288,35.922146,239.21,-0.00017950
2019,256,27,2676.07,115.876386,35.922146,224.26,-0.00000000
2019,256,28,2775.19,115.877360,35.922359,284.06,-0.00047032
2019,256,29,2874.30,115.878425,35.922415,328.91,-0.00081270
2019,256,30,2973.42,115.879523,35.922415,358.81,0.00064982
2019,256,31,3072.53,115.880621,35.922415,358.81,0.00007222
2019,256,32,3171.64,115.881561,35.922685,358.81,-0.00162541
2019,256,33,3270.76,115.882515,35.922438,358.81,-0.00013486
2019,256,34,3369.87,115.883600,35.922415,358.81,0.00081270
2019,256,35,3468.99,115.884698,35.922415,358.81,-0.00164585
2019,256,36,3568.10,115.885796,35.922415,328.91,-0.00354301
2019,256,37,3667.21,115.886579,35.921876,418.61,-0.00366902
2019,257,0,0.00,115.861247,35.905976,1121.29,-0.00397058
2019,257,1,50.71,115.860892,35.905622,1121.29,-0.00418667
2019,257,2,101.42,115.860438,35.905437,777.43,-0.00440276
2019,258,0,0.00,115.886579,35.921876,358.81,-0.00000000
2019,258,1,98.51,115.887513,35.922146,239.21,-0.00065820
2019,258,2,197.01,115.888447,35.922415,358.81,-0.00173052
2019,258,3,295.52,115.889242,35.922448,373.76,-0.00033916
2019,258,4,394.02,115.890315,35.922415,418.61,0.00160824
2019,258,5,492.53,115.891249,35.922685,388.71,0.00099735
2019,258,6,591.04,115.892203,35.922919,433.57,-0.00049729
2019,258,7,689.54,115.893117,35.923224,433.57,-0.00090745
2019,258,8,788.05,115.894177,35.923276,373.76,0.00000000
2019,258,9,886.55,115.895142,35.923493,388.71,0.00016005
2019,258,10,985.06,115.896152,35.923633,388.71,0.00014028
2019,258,11,1083.57,115.897139,35.923812,313.96,0.00057791
2019,258,12,1182.07,115.898101,35.924032,299.01,0.00088550
2019,258,13,1280.58,115.899035,35.924302,239.21,0.00085303
2019,258,14,1379.08,115.899901,35.924688,194.36,0.00073969
2019,258,15,1477.59,115.900789,35.925036,164.46,0.00140471
2019,258,16,1576.10,115.901577,35.925555,149.51,0.00163071
2019,258,17,1674.60,115.902210,35.926119,149.51,0.00049006
2019,258,18,1773.11,115.902845,35.926823,164.46,0.00112203
2019,258,19,1871.61,115.903557,35.927363,149.51,0.00232264
2019,258,20,1970.12,115.903694,35.928212,179.41,0.00044991
2019,258,21,2068.63,115.904096,35.928983,224.26,-0.00070457
2019,258,22,2167.13,115.904445,35.929770,254.16,0.00000000
2019,258,23,2265.64,115.904905,35.930525,254.16,-0.00092507
2019,258,24,2364.14,115.905195,35.931329,269.11,-0.00262622
2019,258,25,2462.65,115.905983,35.931848,254.16,-0.00309796
2019,259,0,0.00,115.886579,35.921876,657.82,-0.00000000
2019,259,1,38.55,115.886849,35.921607,642.87,-0.00000000
2019,259,2,77.09,115.887118,35.921338,687.72,-0.00000000
2019,26,0,0.00,115.360256,35.571534,328.91,-0.00129565
2019,26,1,95.04,115.361019,35.572026,403.66,-0.00247370
2019,26,2,190.09,115.361884,35.572342,328.91,-0.00375943
2019,26,3,285.13,115.362933,35.572342,358.81,-0.00201152
2019,26,4,380.18,115.363825,35.572073,299.01,-0.00088864
2019,26,5,475.22,115.364860,35.572050,299.01,-0.00182695
2019,26,6,570.27,115.365622,35.571557,299.01,-0.00017793
2019,26,7,665.31,115.366501,35.571264,269.11,0.00168209
2019,26,8,760.36,115.367393,35.570995,239.21,0.00065392
2019,26,9,855.40,115.368404,35.570931,224.26,-0.00115110
2019,26,10,950.45,115.369266,35.570609,209.31,-0.00114059
2019,26,11,1045.49,115.370127,35.570287,194.36,-0.00063910
2019,26,12,1140.54,115.370961,35.569917,239.21,-0.00028193
2019,26,13,1235.58,115.371751,35.569471,254.16,0.00068393
2019,26,14,1330.63,115.372612,35.569149,284.06,0.00070456
2019,26,15,1425.67,115.373480,35.568839,313.96,-0.00008966
2019,26,16,1520.72,115.374373,35.568569,358.81,0.00015314
2019,26,17,1615.76,115.375196,35.568182,403.66,0.00129882
2019,26,18,1710.81,115.376157,35.568030,418.61,0.00171508
2019,261,0,0.00,115.905983,35.931848,269.11,0.00223021
2019,261,1,68.45,115.905713,35.932387,299.01,0.00000000
2019,261,2,136.89,115.905235,35.932865,194.36,-0.00333897
2019,261,3,205.34,115.905174,35.933465,164.46,-0.00444773
2019,262,0,0.00,115.905174,35.933465,209.31,-0.00174102
2019,262,1,71.33,115.904676,35.933963,,-0.00458107
2019,262,2,142.65,115.904366,35.934517,149.51,-0.00651011
2019,262,3,213.98,115.904635,35.935082,194.36,-0.00559910
2019,263,0,0.00,115.905174,35.933465,209.31,0.00525766
2019,263,1,93.30,115.905827,35.934117,,0.00787997
2019,263,2,186.60,115.905487,35.934769,89.70,0.00717754
2019,263,3,279.90,115.904635,35.935082,358.81,0.00385280
2019,264,0,0.00,115.904635,35.935082,179.41,-0.00538340
2019,264,1,49.17,115.904635,35.935525,134.55,-0.00549465
2019,264,2,98.35,115.904905,35.935890,254.16,-0.00560590
2019,265,0,0.00,115.904905,35.935890,777.43,0.00000000
2019,265,1,36.48,115.905309,35.935890,672.77,0.00000000
2019,265,2,72.95,115.905713,35.935890,583.07,0.00000000
2019,266,0,0.00,115.904905,35.935890,209.31,-0.00000000
2019,266,1,98.06,115.904635,35.936696,209.31,0.00071079
2019,266,2,196.12,115.904366,35.937502,269.11,0.00071079
2019,266,3,294.19,115.903827,35.938230,269.11,-0.00089502
2019,266,4,392.25,115.903557,35.939036,284.06,-0.00090021
2019,266,5,490.31,115.903358,35.939862,328.91,0.00107964
2019,266,6,588.37,115.903091,35.940669,403.66,0.00109004
2019,266,7,686.43,115.902480,35.941376,418.61,-0.00071017
2019,266,8,784.50,115.902210,35.942182,418.61,-0.00090062
2019,266,9,882.56,115.901870,35.942967,433.57,0.00034007
2019,266,10,980.62,115.901671,35.943794,448.52,0.00072127
2019,266,11,1078.68,115.901132,35.944522,478.42,-0.00052009
2019,266,12,1176.75,115.900859,35.945327,508.32,-0.00073172
2019,266,13,1274.81,115.900591,35.946133,523.27,-0.00001568
2019,266,14,1372.87,115.900324,35.946939,523.27,-0.00000000
2019,267,0,0.00,115.900324,35.946939,672.77,-0.00000000
2019,267,1,87.17,115.899515,35.947209,568.12,-0.00075995
2019,267,2,174.34,115.898707,35.947478,418.61,-0.00075995
2019,267,3,261.51,115.897998,35.947918,299.01,0.00150903
2019,267,4,348.68,115.897189,35.948187,194.36,0.00222327
2019,267,5,435.85,115.896281,35.948287,89.70,0.00142849
2019,268,0,0.00,115.900324,35.946939,762.48,-0.00000000
2019,268,1,38.54,115.900593,35.947209,657.82,-0.00000000
2019,268,2,77.08,115.900863,35.947478,583.07,-0.00000000
2019,27,0,0.00,115.345165,35.547279,1794.06,-0.00291030
2019,27,1,87.49,115.344257,35.547378,882.08,-0.00295173
2019,27,2,174.98,115.343548,35.547818,553.17,-0.00299317
2019,28,0,0.00,115.345165,35.547279,313.96,0.00000000
2019,28,1,68.52,115.345434,35.546740,328.91,0.00000000
2019,28,2,137.03,115.345704,35.546201,269.11,0.00000000
2019,3,0,0.00,115.339775,35.552938,343.86,-0.00157841
2019,3,1,98.76,115.340255,35.553688,388.71,-0.00265291
2019,3,2,197.52,115.340998,35.554286,388.71,-0.00300107
2019,3,3,296.28,115.341931,35.554555,343.86,-0.00227475
2019,30,0,0.00,115.341122,35.528145,657.82,-0.00931453
2019,30,1,53.57,115.341392,35.527741,568.12,-0.00931453
2019,30,2,107.14,115.341122,35.527336,583.07,-0.00931453
2019,31,0,0.00,115.341931,35.532457,941.88,-0.00129312
2019,31,1,91.04,115.341196,35.532922,852.18,0.00018461
2019,31,2,182.09,115.340561,35.533557,1106.34,0.00338155
2019,31,3,273.13,115.339701,35.533804,1046.54,0.00343404
2019,31,4,364.18,115.338697,35.533804,822.28,0.00176732
2019,32,0,0.00,115.341931,35.532457,523.27,0.00000000
2019,32,1,94.91,115.342200,35.533234,553.17,0.00000000
2019,32,2,189.82,115.342470,35.534011,553.17,0.00000000
2019,32,3,284.73,115.342739,35.534787,493.37,-0.00000000
2019,32,4,379.63,115.343009,35.535564,418.61,-0.00000000
2019,32,5,474.54,115.343278,35.536341,388.71,-0.00000000
2019,32,6,569.45,115.343548,35.537118,373.76,0.00074893
2019,32,7,664.36,115.343817,35.537895,328.91,0.00074893
2019,32,8,759.27,115.343817,35.538750,299.01,0.00000000
2019,32,9,854.18,115.344087,35.539527,284.06,-0.00074893
2019,32,10,949.08,115.344087,35.540382,299.01,-0.00225852
2019,32,11,1043.99,115.344626,35.541081,313.96,-0.00301918
2019,33,0,0.00,115.376157,35.568030,1285.75,0.00236783
2019,33,1,81.38,115.376725,35.568598,1300.70,0.00232822
2019,33,2,162.77,115.376965,35.569262,463.47,0.00103242
2019,33,3,244.15,115.377235,35.569917,,-0.00022376
2019,34,0,0.00,115.376157,35.568030,418.61,0.00022486
2019,34,1,99.17,115.376938,35.567491,448.52,0.00090213
2019,34,2,198.34,115.377739,35.566987,433.57,0.00159945
2019,34,3,297.51,115.378656,35.566683,448.52,0.00079151
2019,34,4,396.68,115.379594,35.566413,508.32,-0.00080975
2019,34,5,495.85,115.380508,35.566104,493.37,-0.00101161
2019,34,6,595.02,115.381313,35.565605,493.37,0.00000000
2019,34,7,694.19,115.382190,35.565231,508.32,0.00057962
2019,34,8,793.36,115.383031,35.564796,478.42,0.00092831
2019,34,9,892.53,115.383969,35.564527,448.52,0.00001261
2019,34,10,991.70,115.384907,35.564257,478.42,-0.00212509
2019,34,11,1090.87,115.385750,35.563826,553.17,-0.00044191
2019,34,12,1190.04,115.386295,35.563179,508.32,0.00178525
2019,34,13,1289.21,115.387322,35.563063,508.32,-0.00045029
2019,34,14,1388.38,115.388113,35.562541,478.42,-0.00080857
2019,34,15,1487.55,115.388952,35.562101,478.42,0.00060443
2019,34,16,1586.72,115.389795,35.561668,463.47,0.00078329
2019,34,17,1685.89,115.390685,35.561317,478.42,0.00075996
2019,34,18,1785.05,115.391608,35.561023,493.37,0.00168921
2019,34,19,1884.22,115.392546,35.560754,508.32,0.00336309
2019,34,20,1983.39,115.393553,35.560903,523.27,0.00323565
2019,34,21,2082.56,115.394443,35.561254,388.71,0.00239060
2019,34,22,2181.73,115.395235,35.561776,269.11,0.00221031
2019,34,23,2280.90,115.395927,35.562468,224.26,0.00205731
2019,34,24,2380.07,115.396369,35.563233,239.21,0.00152554
2019,34,25,2479.24,115.396685,35.564035,239.21,0.00054130
2019,34,26,2578.41,115.396908,35.564864,239.21,-0.00016223
2019,34,27,2677.58,115.397235,35.565662,269.11,0.00017515
2019,34,28,2776.75,115.397509,35.566476,224.26,0.00032364
2019,34,29,2875.92,115.397716,35.567309,284.06,-0.00014784
2019,34,30,2975.09,115.397986,35.568125,284.06,0.00052246
2019,34,31,3074.26,115.398255,35.568940,358.81,0.00068387
2019,34,32,3173.43,115.398255,35.569834,358.81,-0.00000000
2019,34,33,3272.60,115.398525,35.570649,388.71,0.00000000
2019,34,34,3371.77,115.398525,35.571543,433.57,-0.00068387
2019,34,35,3470.94,115.398794,35.572358,463.47,-0.00068387
2019,34,36,3570.11,115.399064,35.573174,493.37,0.00000000
2019,34,37,3669.28,115.399333,35.573989,493.37,0.00000000
2019,34,38,3768.45,115.399603,35.574804,508.32,0.00068387
2019,34,39,3867.62,115.399872,35.575620,508.32,0.00093764
2019,34,40,3966.79,115.399872,35.576513,508.32,-0.00000000
2019,34,41,4065.96,115.400038,35.577359,508.32,-0.00043203
2019,34,42,4165.13,115.400142,35.578222,478.42,0.00000000
2019,34,43,4264.30,115.400379,35.579047,448.52,0.00009815
2019,34,44,4363.47,115.400411,35.579932,493.37,0.00000000
2019,34,45,4462.64,115.400681,35.580747,478.42,0.00072604
2019,34,46,4561.81,115.400681,35.581641,448.52,0.00000000
2019,34,47,4660.98,115.400681,35.582535,448.52,-0.00064594
2019,34,48,4760.15,115.400950,35.583350,433.57,0.00064594
2019,34,49,4859.32,115.400950,35.584244,448.52,-0.00000000
2019,34,50,4958.49,115.400950,35.585138,493.37,-0.00132981
2019,34,51,5057.66,115.401220,35.585953,493.37,0.00000000
2019,34,52,5156.82,115.401489,35.586768,433.57,0.00132981
2019,34,53,5255.99,115.401489,35.587662,478.42,0.00000000
2019,34,54,5355.16,115.401489,35.588556,463.47,-0.00132981
2019,34,55,5454.33,115.401759,35.589371,463.47,0.00000000
2019,34,56,5553.50,115.402028,35.590186,478.42,0.00068387
2019,34,57,5652.67,115.402028,35.591080,478.42,0.00000000
2019,34,58,5751.84,115.402298,35.591896,478.42,0.00005262
2019,34,59,5851.01,115.402298,35.592789,478.42,-0.00000000
2019,34,60,5950.18,115.402546,35.593611,508.32,-0.00010547
2019,34,61,6049.35,115.402567,35.594498,508.32,-0.00068387
2019,34,62,6148.52,115.402837,35.595314,493.37,-0.00025194
2019,34,63,6247.69,115.403106,35.596129,508.32,0.00068387
2019,34,64,6346.86,115.403228,35.596987,478.42,0.00060178
2019,34,65,6446.03,115.403376,35.597838,493.37,-0.00000000
2019,34,66,6545.20,115.403376,35.598732,448.52,-0.00029698
2019,34,67,6644.37,115.403645,35.599547,448.52,-0.00068387
2019,34,68,6743.54,115.403645,35.600441,448.52,-0.00206999
2019,34,69,6842.71,115.404184,35.601178,478.42,-0.00277225
2019,35,0,0.00,115.345704,35.546201,1614.66,-0.00250210
2019,35,1,80.40,115.346590,35.546201,971.78,-0.00263753
2019,35,2,160.80,115.347321,35.545932,807.33,-0.00277297
2019,36,0,0.00,115.345704,35.546201,299.01,0.00378546
2019,36,1,83.47,115.345434,35.545527,224.26,0.00378546
2019,36,2,166.93,115.345704,35.544854,224.26,0.00378546
2019,37,0,0.00,115.341122,35.527336,822.28,0.00159561
2019,37,1,82.37,115.340449,35.526932,687.72,0.00153162
2019,37,2,164.75,115.339874,35.526357,642.87,-0.00163792
2019,37,3,247.12,115.339299,35.525783,1076.44,-0.00483863
2019,37,4,329.49,115.338427,35.525719,104.65,-0.00493378
2019,38,0,0.00,115.341122,35.527336,657.82,-0.00269057
2019,38,1,90.53,115.341661,35.526678,612.97,-0.00234694
2019,38,2,181.06,115.341760,35.525890,553.17,-0.00061230
2019,38,3,271.59,115.341974,35.525137,463.47,-0.00026025
2019,38,4,362.12,115.342200,35.524387,403.66,-0.00129825
2019,38,5,452.66,115.342200,35.523571,343.86,-0.00064864
2019,38,6,543.19,115.342200,35.522755,299.01,0.00000000
2019,39,0,0.00,115.344626,35.541081,328.91,0.00164422
2019,39,1,90.69,115.344895,35.541820,254.16,0.00082211
2019,39,2,181.39,115.344895,35.542637,254.16,-0.00034602
2019,39,3,272.08,115.345165,35.543376,254.16,-0.00082211
2019,39,4,362.78,115.345279,35.544160,299.01,-0.00143418
2019,39,5,453.47,115.345704,35.544854,313.96,-0.00191619
2019,4,0,0.00,115.339775,35.552938,1315.65,-0.00282891
2019,4,1,97.67,115.340456,35.552257,433.57,-0.00386979
2019,4,2,195.33,115.340583,35.551414,299.01,-0.00418646
2019,4,3,293.00,115.340314,35.550612,313.96,-0.00243868
2019,4,4,390.66,115.339775,35.549889,478.42,-0.00070756
2019,4,5,488.33,115.339236,35.549165,239.21,0.00000000
2019,40,0,0.00,115.344626,35.541081,1794.06,0.00000000
2019,40,1,61.10,115.345299,35.541081,1435.25,0.00000000
2019,40,2,122.19,115.345973,35.541081,792.38,0.00000000
2019,41,0,0.00,115.404184,35.601178,448.52,0.00000000
2019,41,1,99.59,115.404184,35.602076,418.61,0.00000000
2019,41,2,199.17,115.404184,35.602973,448.52,-0.00064016
2019,41,3,298.76,115.404184,35.603871,448.52,-0.00082714
2019,41,4,398.35,115.404454,35.604690,418.61,0.00000000
2019,41,5,497.94,115.404529,35.605565,448.52,-0.00000431
2019,41,6,597.52,115.404723,35.606406,433.57,-0.00040167
2019,41,7,697.11,115.404876,35.607260,463.47,-0.00009884
2019,41,8,796.70,115.405154,35.608076,433.57,0.00071986
2019,41,9,896.28,115.405262,35.608942,448.52,0.00029012
2019,41,10,995.87,115.405292,35.609831,433.57,-0.00092045
2019,41,11,1095.46,115.405531,35.610659,478.42,0.00000000
2019,41,12,1195.05,115.405801,35.611478,478.42,0.00124243
2019,41,13,1294.63,115.405801,35.612376,448.52,-0.00000000
2019,41,14,1394.22,115.405801,35.613273,478.42,-0.00131783
2019,41,15,1493.81,115.406070,35.614092,463.47,-0.00067766
2019,41,16,1593.39,115.406340,35.614912,478.42,0.00000000
2019,41,17,1692.98,115.406609,35.615731,493.37,0.00000000
2019,42,0,0.00,115.404184,35.601178,747.53,0.00509851
2019,42,1,82.72,115.404784,35.600639,1330.60,0.00503601
2019,42,2,165.44,115.405697,35.600639,1285.75,0.00248676
2019,42,3,248.16,115.406609,35.600639,672.77,0.00000000
2019,43,0,0.00,115.345704,35.544854,523.27,0.00000000
2019,43,1,43.75,115.346108,35.544988,627.92,0.00000000
2019,43,2,87.49,115.346512,35.545123,583.07,0.00000000
2019,45,0,0.00,115.342200,35.522755,926.93,0.00101367
2019,45,1,75.94,115.341571,35.522396,986.73,-0.00000000
2019,45,2,151.88,115.340995,35.521947,986.73,-0.00155487
2019,45,3,227.82,115.340314,35.521677,687.72,-0.00209607
2019,46,0,0.00,115.342200,35.522755,463.47,-0.00389190
2019,46,1,82.97,115.342739,35.522164,388.71,-0.00386242
2019,46,2,165.95,115.342739,35.521417,373.76,-0.00098703
2019,46,3,248.92,115.342739,35.520669,209.31,0.00092945
2019,46,4,331.89,115.343009,35.519999,254.16,-0.00092945
2019,46,5,414.87,115.343009,35.519252,358.81,-0.00185890
2019,47,0,0.00,115.406609,35.615731,493.37,0.00143261
2019,47,1,96.93,115.406879,35.616526,508.32,0.00063860
2019,47,2,193.85,115.406879,35.617399,523.27,-0.00133562
2019,47,3,290.78,115.407178,35.618186,508.32,-0.00055811
2019,47,4,387.71,115.407646,35.618923,493.37,0.00122807
2019,47,5,484.64,115.407687,35.619785,508.32,-0.00008050
2019,47,6,581.56,115.407957,35.620580,463.47,-0.00055013
2019,47,7,678.49,115.408226,35.621375,508.32,0.00008642
2019,47,8,775.42,115.408474,35.622177,463.47,0.00055301
2019,47,9,872.34,115.408733,35.622975,508.32,0.00052522
2019,47,10,969.27,115.408784,35.623834,493.37,-0.00056191
2019,47,11,1066.20,115.409043,35.624632,493.37,0.00012571
2019,47,12,1163.13,115.409304,35.625430,508.32,0.00110118
2019,47,13,1260.05,115.409304,35.626303,478.42,-0.00002104
2019,47,14,1356.98,115.409403,35.627148,478.42,-0.00053928
2019,47,15,1453.91,115.409574,35.627972,478.42,0.00000000
2019,47,16,1550.83,115.409713,35.628805,508.32,0.00045930
2019,47,17,1647.76,115.409843,35.629641,523.27,0.00067627
2019,47,18,1744.69,115.409843,35.630514,523.27,-0.00035463
2019,47,19,1841.62,115.409843,35.631388,568.12,-0.00139258
2019,47,20,1938.54,115.410113,35.632183,583.07,-0.00071630
2019,47,21,2035.47,115.410382,35.632978,568.12,0.00000000
2019,48,0,0.00,115.406609,35.615731,747.53,0.00358773
2019,48,1,95.57,115.407277,35.615063,1345.55,0.00419005
2019,48,2,191.15,115.408250,35.614922,1794.06,0.00284145
2019,48,3,286.72,115.409304,35.614922,792.38,0.00089053
2019,49,0,0.00,115.343009,35.519252,1794.06,0.00000000
2019,49,1,87.51,115.342200,35.518982,1031.59,0.00000000
2019,49,2,175.02,115.341392,35.518713,732.58,0.00000000
2019,5,0,0.00,115.333576,35.539194,926.93,-0.00604602
2019,5,1,75.28,115.334250,35.539464,568.12,-0.00604602
2019,5,2,150.55,115.334924,35.539194,254.16,-0.00604602
2019,50,0,0.00,115.343009,35.519252,343.86,-0.00411690
2019,50,1,80.48,115.343548,35.518683,343.86,-0.00373190
2019,50,2,160.96,115.343548,35.517958,328.91,-0.00032874
2019,50,3,241.45,115.343650,35.517263,358.81,0.00031202
2019,50,4,321.93,115.344003,35.516640,403.66,-0.00319991
2019,50,5,402.41,115.343817,35.516018,523.27,-0.00433442
2019,51,0,0.00,115.410382,35.632978,1300.70,0.00190655
2019,51,1,97.87,115.411306,35.633248,1001.69,0.00137162
2019,51,2,195.75,115.412074,35.633787,867.13,0.00032820
2019,51,3,293.62,115.412928,35.634176,986.73,0.00147844
2019,51,4,391.50,115.413710,35.634689,732.58,0.00253761
2019,51,5,489.37,115.414155,35.635442,538.22,0.00144238
2019,51,6,587.24,115.414659,35.636177,493.37,0.00110697
2019,51,7,685.12,115.414925,35.636982,463.47,0.00051161
2019,51,8,782.99,115.415191,35.637787,493.37,-0.00013178
2019,51,9,880.87,115.415503,35.638578,493.37,0.00010250
2019,51,10,978.74,115.415772,35.639382,508.32,0.00081428
2019,51,11,1076.61,115.416042,35.640186,508.32,0.00070200
2019,51,12,1174.49,115.416042,35.641068,538.22,-0.00070200
2019,51,13,1272.36,115.416311,35.641872,538.22,-0.00140400
2019,52,0,0.00,115.410382,35.632978,642.87,-0.00135272
2019,52,1,99.66,115.410113,35.633798,627.92,-0.00131532
2019,52,2,199.32,115.410113,35.634696,642.87,-0.00127793
2019,52,3,298.98,115.410113,35.635595,478.42,-0.00063896
2019,52,4,398.63,115.410382,35.636414,478.42,0.00063896
2019,52,5,498.29,115.410382,35.637313,478.42,0.00063896
2019,52,6,597.95,115.410382,35.638211,508.32,-0.00053241
2019,52,7,697.61,115.410382,35.639109,478.42,-0.00063896
2019,52,8,797.27,115.410608,35.639942,508.32,0.00043218
2019,52,9,896.93,115.410652,35.640827,508.32,-0.00000000
2019,52,10,996.58,115.410652,35.641725,508.32,-0.00097155
2019,52,11,1096.24,115.410921,35.642545,523.27,-0.00000000
2019,52,12,1195.90,115.411095,35.643393,553.17,0.00019550
2019,52,13,1295.56,115.411191,35.644263,583.07,-0.00118931
2019,52,14,1395.22,115.411460,35.645083,583.07,-0.00043904
2019,52,15,1494.88,115.411930,35.645845,612.97,0.00150450
2019,52,16,1594.53,115.411999,35.646723,612.97,0.00198309
2019,53,0,0.00,115.343817,35.516018,732.58,-0.01067257
2019,53,1,31.53,115.343597,35.515798,1106.34,-0.01106723
2019,53,2,63.07,115.343278,35.515748,1569.81,-0.01146189
2019,54,0,0.00,115.343817,35.516018,448.52,-0.00101366
2019,54,1,94.14,115.344356,35.515326,418.61,-0.00076565
2019,54,2,188.28,115.344714,35.514582,448.52,-0.00000000
2019,54,3,282.42,115.345162,35.513864,448.52,0.00001561
2019,54,4,376.57,115.345610,35.513147,433.57,0.00000000
2019,54,5,470.71,115.345973,35.512404,448.52,-0.00000780
2019,54,6,564.85,115.346507,35.511711,418.61,-0.00059799
2019,54,7,658.99,115.346782,35.510943,418.61,0.00015058
2019,54,8,753.13,115.347195,35.510215,448.52,0.00173076
2019,54,9,847.27,115.347643,35.509497,463.47,0.00239460
2019,54,10,941.41,115.348399,35.509011,493.37,0.00232277
2019,55,0,0.00,115.416311,35.641872,538.22,-0.00277158
2019,55,1,97.14,115.416042,35.642669,523.27,-0.00382483
2019,55,2,194.29,115.416311,35.643466,583.07,-0.00282695
2019,55,3,291.43,115.416972,35.644149,612.97,0.00110037
2019,55,4,388.58,115.417389,35.644904,627.92,0.00190485
2019,55,5,485.72,115.417493,35.645749,627.92,0.00000000
2019,55,6,582.86,115.417754,35.646548,627.92,-0.00093355
2019,55,7,680.01,115.418015,35.647348,672.77,-0.00000000
2019,55,8,777.15,115.418467,35.648092,672.77,0.00118265
2019,55,9,874.30,115.418536,35.648948,702.67,0.00222950
2019,55,10,971.44,115.418737,35.649765,882.08,0.00383209
2019,55,11,1068.58,115.418207,35.650486,986.73,0.00263263
2019,55,12,1165.73,115.417529,35.651165,1166.14,0.00036437
2019,55,13,1262.87,115.416850,35.651843,1794.06,0.00000000
2019,56,0,0.00,115.416311,35.641872,657.82,0.00486946
2019,56,1,80.70,115.416974,35.642265,642.87,0.00477140
2019,56,2,161.41,115.417120,35.642950,523.27,0.00467335
2019,57,0,0.00,115.411999,35.646723,687.72,0.00109692
2019,57,1,98.44,115.412577,35.647300,717.63,0.00152133
2019,57,2,196.87,115.413056,35.648048,657.82,0.00048439
2019,57,3,295.31,115.413347,35.648851,657.82,-0.00145764
2019,57,4,393.74,115.414013,35.649544,657.82,-0.00103285
2019,57,5,492.18,115.414694,35.650233,627.92,-0.00007779
2019,57,6,590.61,115.415277,35.650809,612.97,-0.00105794
2019,57,7,689.05,115.415965,35.651496,553.17,-0.00221683
2019,57,8,787.48,115.416850,35.651843,583.07,-0.00234597
2019,58,0,0.00,115.411999,35.646723,1240.89,0.00000000
2019,58,1,92.94,115.411350,35.647371,1210.99,0.00000000
2019,58,2,185.89,115.410701,35.648020,1106.34,0.00057275
2019,58,3,278.83,115.410052,35.648669,971.78,0.00119141
2019,58,4,371.78,115.409304,35.649148,358.81,0.00123732
2019,59,0,0.00,115.348399,35.509011,418.61,0.00129632
2019,59,1,99.05,115.348399,35.508118,403.66,0.00206956
2019,59,2,198.10,115.348668,35.507304,403.66,0.00248355
2019,59,3,297.15,115.349220,35.506572,343.86,0.00127924
2019,59,4,396.20,115.349911,35.505881,388.71,-0.00016927
2019,59,5,495.25,115.350555,35.505176,388.71,-0.00078801
2019,59,6,594.30,115.351085,35.504438,373.76,-0.00052334
2019,59,7,693.35,115.351567,35.503686,403.66,-0.00012169
2019,59,8,792.40,115.352050,35.502934,358.81,-0.00008895
2019,59,9,891.45,115.352532,35.502182,343.86,0.00000000
2019,59,10,990.50,115.352980,35.501420,313.96,-0.00090299
2019,59,11,1089.55,115.353497,35.500678,299.01,-0.00161656
2019,59,12,1188.60,115.353562,35.499805,254.16,0.00045285
2019,59,13,1287.65,115.353836,35.498992,313.96,0.00108881
2019,59,14,1386.69,115.354319,35.498240,299.01,-0.00054298
2019,59,15,1485.74,115.354597,35.497428,343.86,-0.00057690
2019,59,16,1584.79,115.354867,35.496614,373.76,-0.00004516
2019,6,0,0.00,115.333576,35.539194,164.46,0.00450679
2019,6,1,94.57,115.333307,35.538420,134.55,0.00389171
2019,6,2,189.14,115.333846,35.537725,179.41,0.00079428
2019,6,3,283.70,115.334183,35.536971,194.36,-0.00111153
2019,6,4,378.27,115.334425,35.536189,224.26,0.00053923
2019,6,5,472.84,115.334668,35.535408,224.26,0.00088320
2019,6,6,567.41,115.335193,35.534709,343.86,-0.00065409
2019,6,7,661.98,115.335463,35.533935,568.12,-0.00057736
2019,6,8,756.54,115.335732,35.533161,598.02,0.00000000
2019,6,9,851.11,115.336056,35.532403,598.02,-0.00030584
2019,6,10,945.68,115.336271,35.531614,583.07,-0.00000000
2019,6,11,1040.25,115.336541,35.530840,583.07,0.00030526
2019,60,0,0.00,115.348399,35.509011,971.78,-0.00571626
2019,60,1,75.30,115.348924,35.509536,1794.06,-0.00574493
2019,60,2,150.59,115.349746,35.509550,867.13,-0.00577360
2019,62,0,0.00,115.416850,35.651843,598.02,-0.00218665
2019,62,1,98.28,115.417120,35.652650,478.42,-0.00263848
2019,62,2,196.57,115.417805,35.653337,403.66,-0.00103603
2019,62,3,294.85,115.418591,35.653853,358.81,0.00038675
2019,62,4,393.14,115.419068,35.654600,313.96,-0.00111352
2019,62,5,491.42,115.419876,35.655077,299.01,-0.00138501
2019,62,6,589.71,115.420648,35.655616,254.16,-0.00165733
2019,62,7,687.99,115.421523,35.655977,209.31,-0.00190895
2019,62,8,786.27,115.422505,35.656155,179.41,-0.00091126
2019,62,9,884.56,115.423490,35.656327,164.46,-0.00000000
2019,62,10,982.84,115.424519,35.656424,209.31,-0.00000000
2019,62,11,1081.13,115.425458,35.656677,224.26,-0.00055220
2019,62,12,1179.41,115.426533,35.656694,299.01,0.00000000
2019,62,13,1277.70,115.427524,35.656857,313.96,0.00063782
2019,62,14,1375.98,115.428547,35.656963,358.81,-0.00000000
2019,62,15,1474.26,115.429476,35.657233,418.61,-0.00117811
2019,62,16,1572.55,115.430561,35.657233,448.52,-0.00082672
2019,62,17,1670.83,115.431647,35.657233,508.32,0.00000000
2019,62,18,1769.12,115.432732,35.657233,508.32,0.00000000
2019,62,19,1867.40,115.433818,35.657233,508.32,0.00000000
2019,62,20,1965.69,115.434903,35.657233,568.12,0.00082672
2019,62,21,2063.97,115.435988,35.657233,568.12,0.00082672
2019,62,22,2162.25,115.436917,35.657502,568.12,-0.00082672
2019,62,23,2260.54,115.438002,35.657502,598.02,-0.00082672
2019,62,24,2358.82,115.439088,35.657502,568.12,0.00000000
2019,62,25,2457.11,115.440173,35.657502,568.12,0.00000000
2019,62,26,2555.39,115.441259,35.657502,508.32,0.00000000
2019,62,27,2653.68,115.442344,35.657502,538.22,0.00082672
2019,62,28,2751.96,115.443429,35.657502,523.27,0.00082672
2019,62,29,2850.24,115.444358,35.657772,538.22,0.00000000
2019,62,30,2948.53,115.445443,35.657772,508.32,0.00000000
2019,62,31,3046.81,115.446372,35.658041,478.42,-0.00000000
2019,62,32,3145.10,115.447458,35.658041,448.52,0.00059602
2019,62,33,3243.38,115.448386,35.658311,388.71,0.00000000
2019,62,34,3341.67,115.449368,35.658489,343.86,-0.00033025
2019,62,35,3439.95,115.450400,35.658580,328.91,0.00054903
2019,62,36,3538.23,115.451335,35.658839,299.01,0.00068226
2019,62,37,3636.52,115.452319,35.659014,239.21,0.00149169
2019,62,38,3734.80,115.453186,35.659389,149.51,0.00090862
2019,62,39,3833.09,115.453988,35.659876,164.46,0.00048117
2019,62,40,3931.37,115.454887,35.660197,179.41,0.00244767
2019,62,41,4029.66,115.455449,35.660798,254.16,0.00219625
2019,62,42,4127.94,115.455927,35.661545,313.96,0.00082765
2019,63,0,0.00,115.354867,35.496614,299.01,0.00314305
2019,63,1,64.16,115.354867,35.496036,299.01,0.00323710
2019,63,2,128.33,115.355136,35.495536,373.76,0.00333115
2019,64,0,0.00,115.354867,35.496614,747.53,-0.00195011
2019,64,1,74.65,115.355486,35.496964,1151.19,-0.00305150
2019,64,2,149.31,115.356200,35.497153,388.71,-0.00307511
2019,64,3,223.96,115.357022,35.497153,104.65,-0.00199732
2019,65,0,0.00,115.349746,35.509550,478.42,0.00000000
2019,65,1,29.90,115.349746,35.509819,493.37,0.00000000
2019,65,2,59.80,115.349746,35.510089,448.52,0.00000000
2019,66,0,0.00,115.349746,35.509550,433.57,-0.00000000
2019,66,1,19.31,115.349881,35.509415,388.71,-0.00000000
2019,66,2,38.62,115.350016,35.509280,358.81,-0.00000000
2019,67,0,0.00,115.455927,35.661545,328.91,0.00106101
2019,67,1,98.20,115.456855,35.661814,299.01,0.00138844
2019,67,2,196.41,115.457695,35.662235,328.91,0.00117856
2019,67,3,294.61,115.458480,35.662750,328.91,0.00032062
2019,67,4,392.82,115.459265,35.663266,373.76,-0.00000000
2019,67,5,491.02,115.460050,35.663781,388.71,-0.00058107
2019,67,6,589.23,115.460835,35.664296,403.66,-0.00003152
2019,67,7,687.43,115.461719,35.664641,448.52,0.00113223
2019,67,8,785.64,115.462410,35.665318,478.42,-0.00073059
2019,67,9,883.84,115.463189,35.665842,463.47,-0.00172971
2019,67,10,982.05,115.464109,35.666126,433.57,0.00000000
2019,67,11,1080.25,115.464957,35.666533,478.42,0.00059748
2019,67,12,1178.46,115.465808,35.666935,448.52,-0.00000000
2019,67,13,1276.66,115.466626,35.667393,433.57,0.00009974
2019,67,14,1374.87,115.467507,35.667743,418.61,0.00016301
2019,67,15,1473.07,115.468278,35.668282,433.57,-0.00019996
2019,67,16,1571.28,115.469179,35.668598,403.66,0.00060066
2019,67,17,1669.48,115.469964,35.669114,418.61,0.00076122
2019,67,18,1767.69,115.470748,35.669630,418.61,-0.00000312
2019,67,19,1865.89,115.471520,35.670169,418.61,-0.00016047
2019,67,20,1964.10,115.472318,35.670660,433.57,-0.00057951
2019,67,21,2062.30,115.473103,35.671175,433.57,0.00008054
2019,67,22,2160.51,115.473987,35.671520,448.52,0.00156193
2019,67,23,2258.71,115.474673,35.672206,448.52,0.00053638
2019,67,24,2356.92,115.475375,35.672864,448.52,-0.00088687
2019,67,25,2455.12,115.476147,35.673402,448.52,-0.00052066
2019,67,26,2553.33,115.476929,35.673923,478.42,0.00012393
2019,67,27,2651.53,115.477714,35.674438,493.37,-0.00001572
2019,67,28,2749.74,115.478460,35.675019,478.42,-0.00044038
2019,67,29,2847.94,115.479283,35.675469,493.37,-0.00000000
2019,67,30,2946.15,115.480068,35.675984,523.27,-0.00014668
2019,67,31,3044.35,115.480853,35.676500,508.32,-0.00058107
2019,67,32,3142.56,115.481701,35.676906,508.32,0.00052531
2019,67,33,3240.76,115.482522,35.677360,538.22,0.00101173
2019,67,34,3338.97,115.483244,35.677984,553.17,-0.00052370
2019,67,35,3437.17,115.484015,35.678523,583.07,-0.00087940
2019,67,36,3535.38,115.484877,35.678906,568.12,-0.00021353
2019,67,37,3633.58,115.485662,35.679422,583.07,-0.00013233
2019,67,38,3731.79,115.486546,35.679767,598.02,0.00017949
2019,67,39,3829.99,115.487330,35.680282,612.97,0.00058107
2019,67,40,3928.20,115.488184,35.680679,612.97,-0.00036052
2019,67,41,4026.40,115.488900,35.681313,598.02,-0.00235869
2019,67,42,4124.61,115.489883,35.681487,657.82,-0.00319318
2019,68,0,0.00,115.455927,35.661545,642.87,0.00482634
2019,68,1,85.04,115.455751,35.662260,1001.69,0.01162759
2019,68,2,170.09,115.455058,35.662562,269.11,0.01847058
2019,68,3,255.13,115.455234,35.661968,941.88,0.01113264
2019,68,4,340.17,115.455927,35.661545,1106.34,0.00375296
2019,7,0,0.00,115.341931,35.554555,1435.25,-0.00347799
2019,7,1,53.57,115.342305,35.554182,1166.14,-0.00358503
2019,7,2,107.13,115.342470,35.553747,418.61,-0.00369208
2019,70,0,0.00,115.355136,35.495536,1016.64,0.00351597
2019,70,1,68.22,115.355888,35.495536,1121.29,0.00370387
2019,70,2,136.44,115.356483,35.495806,971.78,0.00389177
2019,71,0,0.00,115.355136,35.495536,343.86,0.00162098
2019,71,1,91.36,115.354867,35.494791,284.06,0.00081049
2019,71,2,182.71,115.354867,35.493968,328.91,-0.00103141
2019,71,3,274.07,115.354597,35.493223,284.06,-0.00272437
2019,71,4,365.43,115.354255,35.492499,284.06,-0.00319226
2019,71,5,456.79,115.353519,35.492033,373.76,-0.00299859
2019,72,0,0.00,115.489883,35.681487,642.87,-0.00324719
2019,72,1,96.85,115.490351,35.682224,612.97,-0.00216132
2019,72,2,193.70,115.491222,35.682565,598.02,-0.00031347
2019,72,3,290.54,115.491902,35.683236,568.12,-0.00000000
2019,72,4,387.39,115.492735,35.683643,583.07,-0.00000000
2019,72,5,484.24,115.493453,35.684248,538.22,0.00000000
2019,72,6,581.09,115.494247,35.684721,568.12,-0.00011177
2019,72,7,677.93,115.495004,35.685260,568.12,-0.00000000
2019,72,8,774.78,115.495779,35.685766,553.17,-0.00071074
2019,72,9,871.63,115.496555,35.686272,553.17,-0.00121296
2019,72,10,968.48,115.497429,35.686608,568.12,-0.00122941
2019,73,0,0.00,115.489883,35.681487,1794.06,-0.00000000
2019,73,1,98.18,115.490569,35.680802,1794.06,0.00051202
2019,73,2,196.36,115.491255,35.680116,1285.75,0.00106346
2019,73,3,294.53,115.492039,35.679601,792.38,0.00110288
2019,74,0,0.00,115.353519,35.492033,328.91,-0.00338286
2019,74,1,95.15,115.353272,35.491247,358.81,-0.00341784
2019,74,2,190.30,115.352510,35.490754,403.66,-0.00312718
2019,74,3,285.45,115.351747,35.490261,448.52,-0.00315453
2019,74,4,380.61,115.350765,35.490146,478.42,-0.00123126
2019,74,5,475.76,115.349716,35.490146,448.52,0.00052249
2019,74,6,570.91,115.348824,35.489877,478.42,-0.00088364
2019,74,7,666.06,115.347775,35.489877,448.52,-0.00088364
2019,74,8,761.21,115.346726,35.489877,478.42,0.00088364
2019,74,9,856.36,115.345678,35.489877,538.22,0.00016964
2019,74,10,951.52,115.344785,35.489607,568.12,-0.00176728
2019,74,11,1046.67,115.343865,35.489829,553.17,-0.00031823
2019,74,12,1141.82,115.342844,35.489877,538.22,0.00088364
2019,74,13,1236.97,115.341796,35.489877,508.32,0.00014859
2019,74,14,1332.12,115.340747,35.489877,508.32,-0.00064665
2019,74,15,1427.27,115.339698,35.489877,508.32,-0.00088364
2019,74,16,1522.42,115.338766,35.490077,493.37,0.00043096
2019,74,17,1617.58,115.337757,35.490146,538.22,0.00000000
2019,74,18,1712.73,115.336709,35.490146,508.32,0.00021569
2019,74,19,1807.88,115.335816,35.490416,448.52,0.00274229
2019,74,20,1903.03,115.334924,35.490146,493.37,0.00371731
2019,75,0,0.00,115.353519,35.492033,1210.99,0.00355674
2019,75,1,94.62,115.352859,35.492693,1300.70,0.00368818
2019,75,2,189.24,115.351902,35.492841,463.47,0.00381962
2019,76,0,0.00,115.497429,35.686608,553.17,-0.00109181
2019,76,1,95.14,115.498094,35.687272,568.12,-0.00126245
2019,76,2,190.28,115.498857,35.687766,553.17,-0.00120991
2019,76,3,285.42,115.499641,35.688225,538.22,-0.00099706
2019,76,4,380.57,115.500483,35.688584,508.32,0.00062098
2019,76,5,475.71,115.501346,35.688908,448.52,0.00225951
2019,76,6,570.85,115.502011,35.689572,478.42,0.00226967
2019,77,0,0.00,115.497429,35.686608,1674.46,0.00000000
2019,77,1,98.17,115.498115,35.685922,1794.06,0.00051203
2019,77,2,196.35,115.498800,35.685237,1674.46,0.00106349
2019,77,3,294.52,115.499585,35.684721,792.38,0.00110290
2019,78,0,0.00,115.334924,35.490146,1794.06,-0.00144024
2019,78,1,94.06,115.334924,35.489298,1794.06,-0.00148346
2019,78,2,188.13,115.334654,35.488529,882.08,-0.00152668
2019,79,0,0.00,115.334924,35.490146,493.37,0.00011179
2019,79,1,98.61,115.333993,35.490416,448.52,0.00172566
2019,79,2,197.22,115.333054,35.490669,433.57,0.00209591
2019,79,3,295.83,115.332133,35.490416,388.71,-0.00096807
2019,79,4,394.44,115.331282,35.490547,358.81,0.00002848
2019,79,5,493.05,115.330428,35.490685,328.91,0.00188196
2019,79,6,591.66,115.329497,35.490416,269.11,0.00036637
2019,79,7,690.27,115.328427,35.490387,194.36,0.00071292
2019,79,8,788.88,115.327480,35.490146,239.21,0.00000000
2019,79,9,887.48,115.326550,35.489877,269.11,-0.00162682
2019,79,10,986.09,115.325463,35.489877,239.21,-0.00082100
2019,79,11,1084.70,115.324377,35.489877,269.11,0.00082100
2019,79,12,1183.31,115.323290,35.489877,328.91,0.00176951
2019,79,13,1281.92,115.322360,35.489607,358.81,0.00121697
2019,79,14,1380.53,115.321437,35.489325,388.71,0.00049383
2019,79,15,1479.14,115.320551,35.488978,403.66,0.00022536
2019,79,16,1577.75,115.319665,35.488632,433.57,0.00000000
2019,79,17,1676.36,115.318779,35.488285,478.42,0.00048816
2019,79,18,1774.97,115.317894,35.487938,493.37,0.00021994
2019,79,19,1873.58,115.317089,35.487451,478.42,-0.00097668
2019,79,20,1972.19,115.316159,35.487182,448.52,0.00015520
2019,79,21,2070.80,115.315237,35.486898,478.42,0.00108157
2019,79,22,2169.41,115.314450,35.486381,463.47,0.00005166
2019,79,23,2268.02,115.313564,35.486034,463.47,-0.00043492
2019,79,24,2366.63,115.312749,35.485565,478.42,-0.00002582
2019,79,25,2465.23,115.311819,35.485295,478.42,0.00027848
2019,79,26,2563.84,115.311045,35.484756,448.52,-0.00003949
2019,79,27,2662.45,115.310120,35.484477,448.52,0.00015644
2019,79,28,2761.06,115.309333,35.483959,448.52,0.00007894
2019,79,29,2859.67,115.308448,35.483612,448.52,-0.00000000
2019,79,30,2958.28,115.307635,35.483139,448.52,-0.00028613
2019,79,31,3056.89,115.306775,35.482748,448.52,-0.00059305
2019,79,32,3155.50,115.305889,35.482402,418.61,0.00049139
2019,79,33,3254.11,115.305004,35.482055,433.57,0.00116981
2019,79,34,3352.72,115.304226,35.481522,478.42,0.00047342
2019,79,35,3451.33,115.303430,35.481020,478.42,-0.00057676
2019,79,36,3549.94,115.302643,35.480503,523.27,0.00005071
2019,79,37,3648.55,115.301757,35.480156,523.27,0.00057676
2019,79,38,3747.16,115.301070,35.479468,538.22,-0.00057676
2019,79,39,3845.77,115.300184,35.479122,538.22,-0.00057676
2019,79,40,3944.38,115.299397,35.478604,553.17,-0.00000000
2019,79,41,4042.98,115.298511,35.478258,553.17,0.00057676
2019,79,42,4141.59,115.297724,35.477740,568.12,0.00057676
2019,79,43,4240.20,115.296938,35.477223,568.12,-0.00072568
2019,79,44,4338.81,115.296151,35.476706,538.22,-0.00158934
2019,79,45,4437.42,115.295240,35.476402,463.47,-0.00029357
2019,79,46,4536.03,115.294310,35.476132,433.57,0.00083881
2019,79,47,4634.64,115.293494,35.475665,418.61,0.00044249
2019,79,48,4733.25,115.292608,35.475319,418.61,0.00075053
2019,79,49,4831.86,115.291821,35.474801,403.66,-0.00013531
2019,79,50,4930.47,115.291034,35.474284,328.91,-0.00157570
2019,79,51,5029.08,115.290126,35.473976,313.96,-0.00005677
2019,79,52,5127.69,115.289195,35.473707,284.06,0.00139506
2019,79,53,5226.30,115.288421,35.473168,313.96,0.00051531
2019,79,54,5324.91,115.287590,35.472727,284.06,-0.00025220
2019,79,55,5423.52,115.286804,35.472209,328.91,-0.00010550
2019,79,56,5522.13,115.285942,35.471821,299.01,0.00057496
2019,79,57,5620.73,115.285168,35.471282,284.06,0.00014681
2019,79,58,5719.34,115.284394,35.470743,239.21,-0.00010165
2019,79,59,5817.95,115.283557,35.470310,299.01,0.00181476
2019,79,60,5916.56,115.282911,35.469752,224.26,0.00168618
2019,79,61,6015.17,115.282500,35.468983,269.11,-0.00105540
2019,79,62,6113.78,115.281812,35.468295,299.01,-0.00172665
2019,79,63,6212.39,115.281025,35.467778,328.91,-0.00109429
2019,8,0,0.00,115.341931,35.554555,373.76,-0.00316365
2019,8,1,94.25,115.342380,35.555274,418.61,-0.00358948
2019,8,2,188.50,115.343211,35.555633,1106.34,-0.00215340
2019,8,3,282.74,115.344094,35.555903,1076.44,0.00068467
2019,8,4,376.99,115.344947,35.556224,807.33,0.00144718
2019,8,5,471.24,115.345704,35.556711,687.72,0.00123353
2019,80,0,0.00,115.502011,35.689572,478.42,0.00000000
2019,80,1,19.29,115.502145,35.689707,508.32,0.00000000
2019,80,2,38.59,115.502280,35.689842,553.17,0.00000000
2019,81,0,0.00,115.502280,35.689842,852.18,-0.00204474
2019,81,1,79.10,115.502280,35.690555,612.97,-0.00210821
2019,81,2,158.19,115.502550,35.691189,313.96,-0.00217169
2019,82,0,0.00,115.502011,35.689572,1151.19,0.00000000
2019,82,1,88.37,115.501393,35.690189,1136.24,0.00088841
2019,82,2,176.75,115.500776,35.690807,1001.69,0.00351786
2019,82,3,265.12,115.500022,35.691189,822.28,0.00412716
2019,82,4,353.50,115.499046,35.691189,702.67,0.00299542
2019,83,0,0.00,115.502280,35.689842,807.33,0.00472104
2019,83,1,84.83,115.503060,35.689572,508.32,0.00527305
2019,83,2,169.65,115.503841,35.689842,463.47,0.00362338
2019,83,3,254.48,115.504553,35.690228,269.11,0.00087335
2019,83,4,339.31,115.505244,35.690650,373.76,0.00032498
2019,84,0,0.00,115.281025,35.467778,1375.45,-0.00185658
2019,84,1,72.90,115.280516,35.468287,1196.04,-0.00191229
2019,84,2,145.79,115.280217,35.468856,926.93,-0.00196800
2019,85,0,0.00,115.281025,35.467778,299.01,0.00050513
2019,85,1,94.20,115.280576,35.467060,388.71,0.00076781
2019,85,2,188.40,115.280217,35.466316,403.66,0.00077555
2019,85,3,282.59,115.279947,35.465546,433.57,0.00026030
2019,85,4,376.79,115.279678,35.464776,463.47,0.00000000
2019,85,5,470.99,115.279408,35.464005,448.52,0.00000000
2019,86,0,0.00,115.502550,35.691189,627.92,0.00000000
2019,86,1,12.20,115.502684,35.691189,627.92,0.00000000
2019,86,2,24.39,115.502819,35.691189,568.12,0.00000000
2019,87,0,0.00,115.502550,35.691189,986.73,-0.00562057
2019,87,1,49.20,115.502280,35.691554,732.58,-0.00550876
2019,87,2,98.39,115.502280,35.691998,448.52,-0.00539694
2019,88,0,0.00,115.505244,35.690650,1270.79,0.00196743
2019,88,1,72.83,115.505544,35.690081,1270.79,0.00191194
2019,88,2,145.67,115.506053,35.689572,807.33,0.00185645
2019,89,0,0.00,115.505244,35.690650,239.21,0.00867278
2019,89,1,34.25,115.505484,35.690889,254.16,0.00878870
2019,89,2,68.49,115.505514,35.691189,373.76,0.00890461
2019,9,0,0.00,115.336541,35.530840,328.91,-0.00163657
2019,9,1,84.08,115.337325,35.530594,553.17,-0.00162322
2019,9,2,168.16,115.338011,35.530178,807.33,-0.00080493
2019,9,3,252.24,115.338697,35.529762,941.88,-0.00000000
2019,90,0,0.00,115.279408,35.464005,418.61,0.00000000
2019,90,1,69.77,115.279408,35.463376,493.37,0.00000000
2019,90,2,139.53,115.279408,35.462748,463.47,0.00000000
2019,90,3,209.30,115.279408,35.462119,568.12,0.00000000
2019,91,0,0.00,115.279408,35.464005,687.72,0.00000000
2019,91,1,79.84,115.278851,35.464562,702.67,0.00023844
2019,91,2,159.67,115.278294,35.465119,1061.49,0.00163508
2019,91,3,239.51,115.277706,35.465622,687.72,0.00262885
2019,91,4,319.34,115.276983,35.465892,89.70,0.00246443
2019,92,0,0.00,115.506053,35.689572,598.02,0.00455983
2019,92,1,89.74,115.506888,35.689303,343.86,0.00710749
2019,92,2,179.49,115.507670,35.689615,328.91,0.00830345
2019,92,3,269.23,115.507912,35.690353,762.48,0.00616219
2019,92,4,358.97,115.507758,35.691101,1001.69,0.00408063
2019,92,5,448.71,115.507131,35.691728,1794.06,0.00278865
2019,93,0,0.00,115.506053,35.689572,717.63,0.00207978
2019,93,1,98.68,115.505994,35.688822,807.33,-0.00021907
2019,93,2,197.36,115.506322,35.688028,702.67,-0.00459178
2019,93,3,296.03,115.505809,35.687416,493.37,-0.00460867
2019,93,4,394.71,115.505011,35.686914,433.57,-0.00129650
2019,93,5,493.39,115.504124,35.686565,508.32,0.00062450
2019,93,6,592.07,115.503323,35.686069,523.27,0.00015282
2019,93,7,690.75,115.502546,35.685530,568.12,-0.00056174
2019,93,8,789.42,115.501660,35.685179,553.17,0.00036458
2019,93,9,888.10,115.500872,35.684661,553.17,0.00056832
2019,93,10,986.78,115.500060,35.684182,598.02,0.00026697
2019,93,11,1085.46,115.499295,35.683623,538.22,-0.00000000
2019,93,12,1184.14,115.498507,35.683104,553.17,-0.00026528
2019,94,0,0.00,115.505514,35.691189,373.76,0.00000000
2019,94,1,87.37,115.506322,35.691459,299.01,0.00000000
2019,94,2,174.75,115.507131,35.691728,388.71,0.00000000
2019,95,0,0.00,115.505514,35.691189,971.78,0.00204189
2019,95,1,70.08,115.505025,35.691679,792.38,0.00214031
2019,95,2,140.16,115.504436,35.691998,792.38,0.00223872
2019,96,0,0.00,115.279408,35.462119,1584.76,0.00000000
2019,96,1,89.70,115.280396,35.462119,1674.46,0.00000000
2019,96,2,179.39,115.281384,35.462119,1614.66,0.00000000
2019,96,3,269.09,115.282372,35.462119,403.66,0.00000000
2019,97,0,0.00,115.279408,35.462119,523.27,-0.00000000
2019,97,1,94.70,115.279139,35.461344,538.22,0.00075321
2019,97,2,189.40,115.278869,35.460569,523.27,0.00141899
2019,97,3,284.10,115.278869,35.459716,583.07,-0.00055692
2019,97,4,378.80,115.278851,35.458867,583.07,-0.00186496
2019,97,5,473.50,115.278399,35.458146,672.77,0.00036631
2019,97,6,568.20,115.278156,35.457363,702.67,0.00017445
2019,97,7,662.90,115.278061,35.456537,702.67,-0.00200999
2019,97,8,757.60,115.277522,35.455841,747.53,-0.00034868
2019,97,9,852.30,115.277008,35.455138,732.58,0.00060680
2019,97,10,947.00,115.276765,35.454355,747.53,-0.00041690
2019,97,11,1041.70,115.276174,35.453674,762.48,0.00019592
2019,97,12,1136.40,115.275861,35.452912,807.33,-0.00000000
2019,97,13,1231.10,115.275409,35.452191,777.43,-0.00039242
2019,97,14,1325.80,115.274957,35.451469,807.33,-0.00009693
2019,97,15,1420.50,115.274505,35.450748,822.28,0.00000000
2019,97,16,1515.20,115.274018,35.450036,837.23,-0.00038367
2019,97,17,1609.90,115.273601,35.449305,852.18,-0.00111969
2019,97,18,1704.60,115.272940,35.448644,897.03,-0.00127818
2019,98,0,0.00,115.507131,35.691728,328.91,-0.00000000
2019,98,1,99.91,115.507829,35.692426,269.11,-0.00060469
2019,98,2,199.81,115.508526,35.693124,224.26,-0.00200483
2019,98,3,299.72,115.509344,35.693615,254.16,-0.00143425
2019,98,4,399.62,115.510291,35.693884,313.96,0.00026266
2019,98,5,499.53,115.511115,35.694365,313.96,0.00039275
2019,98,6,599.43,115.512011,35.694722,358.81,0.00069621
2019,98,7,699.34,115.512819,35.695232,328.91,-0.00019580
2019,98,8,799.25,115.513609,35.695771,358.81,-0.00109531
2019,98,9,899.15,115.514556,35.696040,358.81,0.00056759
2019,98,10,999.06,115.515397,35.696491,388.71,0.00111564
2019,98,11,1098.96,115.516194,35.697018,418.61,-0.00023220
2019,98,12,1198.87,115.516991,35.697546,418.61,-0.00113713
2019,98,13,1298.77,115.517873,35.697926,418.61,0.00040425
2019,98,14,1398.68,115.518783,35.698260,388.71,0.00184315
2019,98,15,1498.59,115.519481,35.698958,403.66,0.00060827
2019,98,16,1598.49,115.520244,35.699543,448.52,0.00076833
2019,98,17,1698.40,115.520975,35.700183,403.66,0.00149568
2019,98,18,1798.30,115.521414,35.700956,343.86,0.00030415
2019,98,19,1898.21,115.521953,35.701699,269.11,-0.00049754
2019,99,0,0.00,115.272940,35.448644,897.03,0.00138922
2019,99,1,91.25,115.272106,35.448349,777.43,0.00201722
2019,99,2,182.50,115.271371,35.447883,747.53,0.00312613
2019,99,3,273.76,115.270734,35.447246,867.13,0.00307957
2019,99,4,365.01,115.270515,35.446488,911.98,0.00255210
