year,link_id,sample_idx,s_m,lon,lat,B_m,C_1m
2025,0,0,0.00,115.143852,35.421425,373.76,-0.00276457
2025,0,1,80.51,115.144583,35.421695,448.52,-0.00262979
2025,0,2,161.01,115.145469,35.421695,627.92,-0.00249501
2025,1,0,0.00,115.145469,35.421695,807.33,-0.00000000
2025,1,1,38.64,115.145739,35.421425,837.23,-0.00000000
2025,1,2,77.28,115.146008,35.421156,702.67,-0.00000000
2025,10,0,0.00,115.139271,35.424120,343.86,-0.00000000
2025,10,1,38.64,115.139001,35.423851,388.71,-0.00000000
2025,10,2,77.28,115.138732,35.423581,777.43,-0.00000000
2025,100,0,0.00,115.318485,35.487721,284.06,-0.00142151
2025,100,1,96.86,115.319259,35.488226,538.22,-0.00156204
2025,100,2,193.72,115.320151,35.488529,508.32,-0.00100588
2025,100,3,290.59,115.321062,35.488799,463.47,-0.00012155
2025,100,4,387.45,115.321979,35.489059,418.61,0.00006612
2025,100,5,484.31,115.322885,35.489338,418.61,-0.00054912
2025,100,6,581.17,115.323796,35.489607,418.61,-0.00097234
2025,100,7,678.03,115.324797,35.489721,358.81,-0.00019251
2025,100,8,774.89,115.325775,35.489877,299.01,0.00000000
2025,100,9,871.76,115.326742,35.490049,254.16,-0.00075576
2025,100,10,968.62,115.327754,35.490146,239.21,-0.00000000
2025,100,11,1065.48,115.328821,35.490146,239.21,0.00055814
2025,100,12,1162.34,115.329732,35.490416,269.11,-0.00085180
2025,100,13,1259.20,115.330800,35.490416,269.11,-0.00085180
2025,100,14,1356.07,115.331867,35.490416,358.81,0.00085180
2025,100,15,1452.93,115.332935,35.490416,418.61,0.00179106
2025,100,16,1549.79,115.333846,35.490685,373.76,0.00187851
2025,101,0,0.00,115.318215,35.487451,822.28,-0.00378759
2025,101,1,83.48,115.318215,35.486699,463.47,-0.00381889
2025,101,2,166.96,115.317676,35.486104,343.86,-0.00385020
2025,102,0,0.00,115.318215,35.487451,538.22,0.00000000
2025,102,1,24.45,115.317946,35.487451,538.22,0.00000000
2025,102,2,48.91,115.317676,35.487451,284.06,0.00000000
2025,103,0,0.00,115.333846,35.490685,1794.06,0.00000000
2025,103,1,49.21,115.333711,35.491089,1794.06,0.00000000
2025,103,2,98.43,115.333576,35.491494,882.08,0.00000000
2025,104,0,0.00,115.333846,35.490685,493.37,0.00182033
2025,104,1,98.33,115.334773,35.490416,478.42,0.00210867
2025,104,2,196.65,115.335857,35.490416,508.32,0.00082590
2025,104,3,294.98,115.336695,35.490531,553.17,-0.00071360
2025,104,4,393.30,115.337712,35.490416,568.12,0.00000000
2025,104,5,491.63,115.338795,35.490416,568.12,0.00034100
2025,104,6,589.95,115.339879,35.490416,598.02,0.00000000
2025,104,7,688.28,115.340963,35.490416,657.82,0.00075388
2025,104,8,786.60,115.342046,35.490416,687.72,0.00082590
2025,104,9,884.93,115.342986,35.490663,702.67,-0.00068955
2025,104,10,983.25,115.344057,35.490685,747.53,-0.00000000
2025,104,11,1081.58,115.345141,35.490685,747.53,0.00167174
2025,104,12,1179.90,115.346068,35.490955,807.33,0.00046144
2025,104,13,1278.23,115.346996,35.491224,777.43,-0.00091017
2025,104,14,1376.55,115.347999,35.491363,837.23,0.00037914
2025,104,15,1474.88,115.349007,35.491494,837.23,0.00185429
2025,104,16,1573.20,115.349865,35.491882,882.08,0.00059688
2025,104,17,1671.53,115.350705,35.492302,837.23,-0.00094412
2025,104,18,1769.85,115.351633,35.492572,807.33,-0.00105460
2025,105,0,0.00,115.317676,35.486104,478.42,-0.00508166
2025,105,1,76.39,115.317676,35.485415,463.47,-0.00554518
2025,105,2,152.78,115.317137,35.485026,299.01,-0.00600870
2025,106,0,0.00,115.317676,35.486104,284.06,0.00884181
2025,106,1,43.77,115.317194,35.486104,284.06,0.00903033
2025,106,2,87.54,115.316868,35.485834,313.96,0.00921885
2025,107,0,0.00,115.351633,35.492572,1031.59,-0.00114140
2025,107,1,96.59,115.351889,35.493367,762.48,-0.00221316
2025,107,2,193.18,115.352355,35.494102,642.87,-0.00164247
2025,107,3,289.78,115.353127,35.494605,583.07,0.00107494
2025,107,4,386.37,115.353593,35.495340,523.27,0.00107494
2025,107,5,482.96,115.354058,35.496075,508.32,-0.00000000
2025,108,0,0.00,115.351633,35.492572,1480.10,-0.00000000
2025,108,1,89.09,115.352254,35.491950,1240.89,-0.00000000
2025,108,2,178.18,115.352876,35.491328,911.98,0.00201559
2025,108,3,267.27,115.353497,35.490707,732.58,0.00487739
2025,108,4,356.36,115.354416,35.490597,897.03,0.00378500
2025,108,5,445.45,115.355136,35.490685,717.63,0.00184638
2025,109,0,0.00,115.317137,35.485026,852.18,-0.00563289
2025,109,1,49.21,115.316868,35.485391,388.71,-0.00552060
2025,109,2,98.43,115.316868,35.485834,493.37,-0.00540831
2025,11,0,0.00,115.142235,35.421425,313.96,0.00000000
2025,11,1,73.42,115.141427,35.421425,388.71,0.00000000
2025,11,2,146.85,115.140618,35.421425,448.52,0.00000000
2025,110,0,0.00,115.317137,35.485026,328.91,-0.00921862
2025,110,1,43.77,115.316811,35.484756,269.11,-0.00903011
2025,110,2,87.54,115.316329,35.484756,313.96,-0.00884160
2025,112,0,0.00,115.316868,35.485834,284.06,0.00884177
2025,112,1,43.77,115.316385,35.485834,284.06,0.00903028
2025,112,2,87.54,115.316059,35.485565,328.91,0.00921880
2025,113,0,0.00,115.354058,35.496075,1196.04,0.00000000
2025,113,1,91.27,115.354794,35.495609,1121.29,-0.00064342
2025,113,2,182.54,115.355529,35.495143,1061.49,-0.00238079
2025,113,3,273.80,115.356166,35.494506,911.98,-0.00334314
2025,113,4,365.07,115.356373,35.493808,837.23,-0.00190547
2025,113,5,456.34,115.356483,35.493111,807.33,-0.00059939
2025,114,0,0.00,115.354058,35.496075,478.42,0.00087903
2025,114,1,89.17,115.354263,35.496819,433.57,0.00145547
2025,114,2,178.34,115.354328,35.497604,403.66,0.00160565
2025,114,3,267.51,115.354191,35.498368,299.01,0.00100568
2025,114,4,356.68,115.354058,35.499133,284.06,0.00000000
2025,114,5,445.84,115.353789,35.499858,209.31,-0.00121881
2025,114,6,535.01,115.353789,35.500661,239.21,-0.00080283
2025,114,7,624.18,115.353789,35.501465,269.11,0.00000000
2025,115,0,0.00,115.316329,35.484756,762.48,-0.00563290
2025,115,1,49.21,115.316059,35.485121,538.22,-0.00552061
2025,115,2,98.43,115.316059,35.485565,463.47,-0.00540832
2025,116,0,0.00,115.316329,35.484756,269.11,-0.00000000
2025,116,1,63.08,115.315790,35.484487,299.01,-0.00000000
2025,116,2,126.17,115.315251,35.484217,299.01,-0.00000000
2025,117,0,0.00,115.316059,35.485565,299.01,0.00131782
2025,117,1,78.85,115.315311,35.485356,299.01,0.00184899
2025,117,2,157.71,115.314634,35.485026,313.96,0.00144961
2025,117,3,236.56,115.314013,35.484597,328.91,-0.00000000
2025,117,4,315.42,115.313364,35.484217,313.96,-0.00051906
2025,119,0,0.00,115.353789,35.501465,1285.75,0.00000000
2025,119,1,61.13,115.354462,35.501465,1016.64,0.00000000
2025,119,2,122.25,115.355136,35.501465,732.58,0.00000000
2025,12,0,0.00,115.142235,35.421425,822.28,-0.00217898
2025,12,1,79.12,115.142505,35.420791,1794.06,-0.00211498
2025,12,2,158.24,115.142505,35.420078,1794.06,-0.00205098
2025,120,0,0.00,115.353789,35.501465,269.11,0.00070093
2025,120,1,85.11,115.353250,35.502075,224.26,0.00076071
2025,120,2,170.22,115.352711,35.502543,284.06,0.00082049
2025,121,0,0.00,115.313364,35.484217,433.57,-0.00503196
2025,121,1,73.05,115.313063,35.483647,358.81,-0.00816333
2025,121,2,146.10,115.312396,35.483409,313.96,-0.00866294
2025,121,3,219.15,115.311747,35.483678,418.61,-0.00603119
2025,122,0,0.00,115.313364,35.484217,433.57,0.00853731
2025,122,1,67.81,115.312773,35.484487,313.96,0.00940429
2025,122,2,135.62,115.312220,35.484151,358.81,0.00600883
2025,122,3,203.42,115.311747,35.483678,358.81,0.00174639
2025,123,0,0.00,115.352711,35.502543,284.06,0.00035951
2025,123,1,93.95,115.352472,35.503320,328.91,0.00173453
2025,123,2,187.90,115.352172,35.504079,403.66,0.00255930
2025,123,3,281.85,115.351480,35.504582,418.61,0.00060632
2025,123,4,375.80,115.350824,35.505238,418.61,-0.00079641
2025,124,0,0.00,115.352711,35.502543,1121.29,-0.00123945
2025,124,1,89.47,115.352086,35.501919,1405.35,-0.00129047
2025,124,2,178.95,115.351363,35.501465,672.77,-0.00134150
2025,126,0,0.00,115.311747,35.483678,358.81,-0.00000000
2025,126,1,79.83,115.311190,35.483121,313.96,-0.00154300
2025,126,2,159.66,115.310634,35.482564,284.06,-0.00163524
2025,126,3,239.48,115.309889,35.482331,284.06,0.00138501
2025,126,4,319.31,115.309322,35.481792,328.91,0.00295450
2025,127,0,0.00,115.311747,35.483678,403.66,0.00582610
2025,127,1,75.96,115.311066,35.483948,313.96,0.00121059
2025,127,2,151.92,115.310391,35.483687,388.71,-0.00577328
2025,127,3,227.88,115.309861,35.484217,627.92,-0.00814164
2025,128,0,0.00,115.350824,35.505238,1794.06,-0.00215866
2025,128,1,83.55,115.350059,35.504968,1181.09,-0.00205013
2025,128,2,167.10,115.349164,35.504925,807.33,-0.00328634
2025,128,3,250.66,115.348482,35.504885,583.07,-0.00531586
2025,128,4,334.21,115.347800,35.505298,448.52,-0.00667726
2025,128,5,417.76,115.347321,35.505911,373.76,-0.00635906
2025,128,6,501.31,115.347590,35.506585,523.27,-0.00536424
2025,129,0,0.00,115.350824,35.505238,373.76,0.00000000
2025,129,1,80.48,115.350824,35.505806,403.66,0.00036635
2025,129,2,160.97,115.350824,35.506531,403.66,0.00171118
2025,129,3,241.45,115.350721,35.507227,418.61,0.00233077
2025,129,4,321.94,115.350369,35.507849,627.92,0.00098593
2025,129,5,402.42,115.350016,35.508472,657.82,-0.00000000
2025,13,0,0.00,115.151129,35.420347,1076.44,0.00417509
2025,13,1,91.39,115.151398,35.419602,612.97,0.00468927
2025,13,2,182.78,115.152171,35.419269,702.67,0.00397105
2025,13,3,274.17,115.153021,35.419000,657.82,0.00328971
2025,13,4,365.56,115.154027,35.419000,672.77,0.00192038
2025,13,5,456.95,115.154878,35.419269,388.71,-0.00192038
2025,13,6,548.34,115.155884,35.419269,418.61,-0.00192038
2025,13,7,639.73,115.156734,35.419000,358.81,0.00019838
2025,13,8,731.12,115.157740,35.419000,418.61,0.00085702
2025,13,9,822.51,115.158621,35.418783,433.57,0.00263070
2025,13,10,913.90,115.159456,35.418973,463.47,0.00233903
2025,13,11,1005.29,115.160291,35.419269,627.92,0.00073394
2025,130,0,0.00,115.347590,35.506585,747.53,-0.00015890
2025,130,1,76.27,115.346906,35.506855,762.48,-0.00157969
2025,130,2,152.54,115.346229,35.507138,523.27,-0.00278283
2025,130,3,228.82,115.345697,35.507670,463.47,-0.00128259
2025,130,4,305.09,115.345165,35.508202,523.27,-0.00000000
2025,131,0,0.00,115.347590,35.506585,523.27,0.00043896
2025,131,1,87.21,115.348129,35.507214,702.67,0.00000000
2025,131,2,174.43,115.348599,35.507863,1330.60,-0.00064441
2025,131,3,261.64,115.349207,35.508472,1375.45,-0.00084987
2025,132,0,0.00,115.350016,35.508472,1046.54,0.00000000
2025,132,1,36.67,115.349611,35.508472,1076.44,0.00000000
2025,132,2,73.35,115.349207,35.508472,867.13,0.00000000
2025,133,0,0.00,115.350016,35.508472,1225.94,-0.00123214
2025,133,1,85.40,115.350611,35.509068,1136.24,-0.00549916
2025,133,2,170.79,115.351207,35.509436,762.48,-0.00833042
2025,133,3,256.19,115.351902,35.509011,463.47,-0.00689465
2025,134,0,0.00,115.345165,35.508202,523.27,-0.00443030
2025,134,1,75.58,115.344637,35.508730,508.32,-0.00448800
2025,134,2,151.17,115.344626,35.509408,478.42,-0.00231905
2025,134,3,226.75,115.344626,35.510089,762.48,-0.00009240
2025,135,0,0.00,115.345165,35.508202,956.83,0.00218590
2025,135,1,96.95,115.345940,35.508708,807.33,0.00161280
2025,135,2,193.89,115.346408,35.509445,1270.79,-0.00052605
2025,135,3,290.84,115.347084,35.510122,1510.00,-0.00161280
2025,135,4,387.78,115.347860,35.510628,1734.26,-0.00113379
2025,137,0,0.00,115.349207,35.508472,553.17,0.00348970
2025,137,1,94.27,115.349175,35.509312,493.37,0.00347075
2025,137,2,188.54,115.348517,35.509970,493.37,0.00172590
2025,137,3,282.82,115.347860,35.510628,508.32,0.00000000
2025,138,0,0.00,115.344626,35.510089,1001.69,-0.00380490
2025,138,1,95.88,115.343660,35.510246,762.48,-0.00468339
2025,138,2,191.76,115.343009,35.510920,538.22,-0.00383790
2025,138,3,287.64,115.342739,35.511706,538.22,-0.00211391
2025,139,0,0.00,115.344626,35.510089,1225.94,0.00000000
2025,139,1,77.25,115.345165,35.510628,1031.59,0.00000000
2025,139,2,154.49,115.345704,35.511167,1315.65,-0.00000000
2025,139,3,231.74,115.346243,35.511706,1210.99,-0.00000000
2025,14,0,0.00,115.151129,35.420347,1076.44,-0.00173316
2025,14,1,88.47,115.150859,35.421066,1151.19,-0.00168316
2025,14,2,176.95,115.150859,35.421863,837.23,-0.00081658
2025,14,3,265.42,115.150859,35.422503,523.27,0.00000000
2025,140,0,0.00,115.347860,35.510628,672.77,0.00443352
2025,140,1,73.04,115.347540,35.511167,553.17,0.00444827
2025,140,2,146.07,115.346892,35.511436,627.92,0.00223151
2025,140,3,219.11,115.346243,35.511706,837.23,0.00000000
2025,141,0,0.00,115.342739,35.511706,702.67,0.00285948
2025,141,1,89.47,115.343561,35.511989,911.98,0.00272028
2025,141,2,178.94,115.344186,35.512613,1136.24,0.00129054
2025,141,3,268.41,115.344810,35.513237,1240.89,-0.00000000
2025,141,4,357.88,115.345434,35.513862,1181.09,-0.00000000
2025,142,0,0.00,115.342739,35.511706,553.17,-0.00380767
2025,142,1,99.67,115.342470,35.512525,777.43,-0.00428525
2025,142,2,199.34,115.342965,35.513279,986.73,-0.00285178
2025,142,3,299.01,115.343661,35.513975,1106.34,-0.00047036
2025,142,4,398.68,115.344356,35.514670,1196.04,0.00000000
2025,143,0,0.00,115.346243,35.511706,762.48,0.00114499
2025,143,1,88.46,115.346243,35.512503,583.07,0.00255949
2025,143,2,176.91,115.346051,35.513244,523.27,0.00330168
2025,143,3,265.37,115.345434,35.513862,672.77,0.00262938
2025,145,0,0.00,115.345434,35.513862,672.77,0.00203992
2025,145,1,70.16,115.344945,35.514351,717.63,0.00213803
2025,145,2,140.31,115.344356,35.514670,747.53,0.00223614
2025,146,0,0.00,115.344356,35.514670,523.27,-0.00006325
2025,146,1,97.57,115.344087,35.515471,493.37,-0.00004743
2025,146,2,195.14,115.343829,35.516275,433.57,-0.00064556
2025,146,3,292.72,115.343566,35.517078,403.66,-0.00061451
2025,146,4,390.29,115.343548,35.517952,388.71,-0.00003044
2025,146,5,487.86,115.343278,35.518753,388.71,0.00066194
2025,146,6,585.43,115.343278,35.519632,373.76,0.00070763
2025,146,7,683.01,115.342739,35.520355,373.76,-0.00106159
2025,146,8,780.58,115.342739,35.521234,343.86,-0.00070763
2025,146,9,878.15,115.342610,35.522076,358.81,0.00002742
2025,146,10,975.72,115.342470,35.522914,343.86,-0.00066810
2025,146,11,1073.30,115.342470,35.523794,299.01,-0.00034155
2025,146,12,1170.87,115.342470,35.524673,299.01,0.00000000
2025,146,13,1268.44,115.342470,35.525553,343.86,0.00046414
2025,146,14,1366.01,115.342470,35.526432,388.71,0.00066810
2025,146,15,1463.59,115.342280,35.527256,478.42,-0.00094131
2025,146,16,1561.16,115.342200,35.528112,463.47,-0.00112986
2025,146,17,1658.73,115.342470,35.528913,493.37,0.00047717
2025,146,18,1756.30,115.342372,35.529664,523.27,-0.00046025
2025,146,19,1853.87,115.342470,35.530515,583.07,-0.00066810
2025,146,20,1951.45,115.342739,35.531316,598.02,0.00159011
2025,146,21,2049.02,115.342739,35.532195,627.92,0.00204382
2025,146,22,2146.59,115.342470,35.532996,627.92,0.00141525
2025,147,0,0.00,115.342470,35.532996,1794.06,0.00000000
2025,147,1,89.62,115.341482,35.532996,1794.06,0.00000000
2025,147,2,179.23,115.340493,35.532996,1734.26,0.00000000
2025,147,3,268.85,115.339505,35.532996,194.36,0.00000000
2025,148,0,0.00,115.342470,35.532996,657.82,0.00334659
2025,148,1,87.83,115.342874,35.533670,657.82,0.00351834
2025,148,2,175.66,115.342739,35.534343,672.77,0.00369010
2025,149,0,0.00,115.342739,35.534343,1794.06,0.00000000
2025,149,1,94.34,115.341699,35.534343,1794.06,0.00089937
2025,149,2,188.68,115.340659,35.534343,1420.30,0.00189211
2025,149,3,283.03,115.339775,35.534074,1001.69,0.00198547
2025,15,0,0.00,115.151129,35.420347,882.08,-0.00000000
2025,15,1,87.25,115.151737,35.420956,956.83,0.00064437
2025,15,2,174.49,115.152346,35.421564,1061.49,0.00132448
2025,15,3,261.74,115.152746,35.422234,448.52,0.00136022
2025,150,0,0.00,115.342739,35.534343,672.77,-0.00121077
2025,150,1,93.19,115.342764,35.535176,657.82,-0.00131172
2025,150,2,186.38,115.343009,35.535945,672.77,0.00000000
2025,150,3,279.57,115.343278,35.536706,702.67,0.00143984
2025,150,4,372.75,115.343278,35.537546,717.63,0.00073350
2025,150,5,465.94,115.343278,35.538386,747.53,0.00000000
2025,151,0,0.00,115.343278,35.538386,1121.29,0.00133705
2025,151,1,92.97,115.344125,35.538693,926.93,0.00132087
2025,151,2,185.94,115.344873,35.539172,1061.49,0.00065235
2025,151,3,278.91,115.345620,35.539650,583.07,-0.00000000
2025,151,4,371.89,115.346368,35.540128,553.17,0.00109478
2025,151,5,464.86,115.347116,35.540606,538.22,0.00354891
2025,151,6,557.83,115.347590,35.541306,358.81,0.00438023
2025,151,7,650.80,115.347590,35.542144,284.06,0.00381845
2025,151,8,743.77,115.347370,35.542918,448.52,0.00427839
2025,151,9,836.74,115.346721,35.543567,627.92,0.00182266
2025,151,10,929.72,115.345874,35.543874,523.27,-0.00235343
2025,151,11,1022.69,115.345434,35.544584,747.53,-0.00358012
2025,152,0,0.00,115.343278,35.538386,1001.69,-0.00133733
2025,152,1,95.93,115.342609,35.539055,882.08,-0.00250571
2025,152,2,191.86,115.342200,35.539801,792.38,-0.00359431
2025,152,3,287.78,115.342200,35.540665,762.48,-0.00175727
2025,152,4,383.71,115.342470,35.541451,777.43,0.00069145
2025,152,5,479.64,115.342470,35.542316,717.63,0.00069145
2025,152,6,575.57,115.342470,35.543180,732.58,0.00000000
2025,152,7,671.49,115.342470,35.544045,732.58,0.00000000
2025,153,0,0.00,115.345434,35.544584,1166.14,-0.00351983
2025,153,1,68.18,115.344682,35.544584,1181.09,-0.00370806
2025,153,2,136.37,115.344087,35.544854,1450.20,-0.00389630
2025,154,0,0.00,115.345434,35.544584,822.28,0.00000000
2025,154,1,86.89,115.346041,35.545190,837.23,0.00000000
2025,154,2,173.77,115.346647,35.545797,822.28,-0.00000000
2025,154,3,260.66,115.347253,35.546403,702.67,-0.00000000
2025,154,4,347.55,115.347860,35.547010,642.87,-0.00000000
2025,155,0,0.00,115.342470,35.544045,612.97,0.00129116
2025,155,1,94.58,115.341612,35.543726,1091.39,0.00127485
2025,155,2,189.16,115.340853,35.543237,986.73,0.00125854
2025,156,0,0.00,115.342470,35.544045,553.17,-0.00196076
2025,156,1,94.58,115.343200,35.544584,687.72,-0.00200063
2025,156,2,189.16,115.344087,35.544854,986.73,-0.00204051
2025,157,0,0.00,115.344087,35.544854,702.67,0.00000000
2025,157,1,86.68,115.344087,35.545635,657.82,0.00000000
2025,157,2,173.35,115.344087,35.546416,627.92,-0.00000000
2025,157,3,260.03,115.344087,35.547197,568.12,-0.00000000
2025,157,4,346.70,115.344087,35.547978,523.27,0.00000000
2025,157,5,433.38,115.344087,35.548760,612.97,-0.00085003
2025,157,6,520.05,115.344087,35.549541,523.27,-0.00175224
2025,157,7,606.73,115.344356,35.550243,538.22,-0.00180442
2025,158,0,0.00,115.344356,35.550243,1076.44,-0.00137967
2025,158,1,88.27,115.345071,35.549798,897.03,-0.00110702
2025,158,2,176.55,115.345687,35.549182,837.23,0.00213551
2025,158,3,264.82,115.346338,35.548626,1151.19,0.00376519
2025,158,4,353.09,115.347312,35.548626,523.27,0.00007142
2025,158,5,441.36,115.348129,35.548357,568.12,-0.00228215
2025,159,0,0.00,115.344356,35.550243,523.27,0.00000000
2025,159,1,96.96,115.344356,35.551117,523.27,0.00000000
2025,159,2,193.93,115.344356,35.551991,568.12,0.00000000
2025,159,3,290.89,115.344356,35.552865,598.02,-0.00000000
2025,159,4,387.85,115.344356,35.553739,627.92,-0.00076655
2025,159,5,484.82,115.344356,35.554613,627.92,-0.00212397
2025,159,6,581.78,115.344660,35.555398,687.72,-0.00113761
2025,159,7,678.74,115.345165,35.556125,702.67,0.00073112
2025,159,8,775.71,115.345388,35.556934,642.87,-0.00000000
2025,159,9,872.67,115.345704,35.557716,568.12,-0.00035742
2025,159,10,969.64,115.346115,35.558470,583.07,-0.00056278
2025,159,11,1066.60,115.346374,35.559269,553.17,-0.00178267
2025,159,12,1163.56,115.347051,35.559945,508.32,-0.00213201
2025,160,0,0.00,115.347051,35.559945,463.47,0.00111980
2025,160,1,96.59,115.347308,35.560741,418.61,-0.00103787
2025,160,2,193.18,115.347356,35.561598,433.57,-0.00387260
2025,160,3,289.78,115.348129,35.562101,448.52,-0.00454966
2025,161,0,0.00,115.347051,35.559945,1794.06,0.00295125
2025,161,1,78.03,115.347755,35.559676,1764.16,0.00280672
2025,161,2,156.05,115.348616,35.559676,897.03,0.00133110
2025,161,3,234.08,115.349477,35.559676,583.07,0.00000000
2025,162,0,0.00,115.348129,35.562101,373.76,-0.00130012
2025,162,1,90.36,115.348342,35.562854,373.76,-0.00136334
2025,162,2,180.73,115.348764,35.563545,299.01,-0.00128151
2025,162,3,271.09,115.349207,35.564231,313.96,-0.00111000
2025,162,4,361.46,115.349817,35.564867,373.76,-0.00059932
2025,162,5,451.82,115.350448,35.565498,328.91,-0.00066459
2025,162,6,542.19,115.351079,35.566129,358.81,-0.00060703
2025,162,7,632.55,115.351808,35.566589,373.76,0.00120636
2025,162,8,722.91,115.352439,35.567219,358.81,-0.00078637
2025,162,9,813.28,115.352861,35.567911,388.71,-0.00463748
2025,162,10,903.64,115.353789,35.568030,508.32,-0.00528951
2025,163,0,0.00,115.348129,35.562101,1300.70,0.00190621
2025,163,1,72.50,115.348635,35.561595,1300.70,0.00095311
2025,163,2,145.00,115.349240,35.561260,911.98,-0.00095311
2025,163,3,217.50,115.349746,35.560754,807.33,-0.00190621
2025,164,0,0.00,115.353789,35.568030,403.66,-0.00273191
2025,164,1,88.13,115.353986,35.568767,403.66,-0.00330055
2025,164,2,176.27,115.354601,35.569382,358.81,-0.00193459
2025,164,3,264.40,115.355316,35.569827,343.86,0.00000000
2025,164,4,352.53,115.355931,35.570442,403.66,-0.00142149
2025,164,5,440.66,115.356645,35.570886,403.66,-0.00290093
2025,164,6,528.80,115.357458,35.571160,418.61,-0.00218111
2025,164,7,616.93,115.358370,35.571264,508.32,-0.00140335
2025,165,0,0.00,115.353789,35.568030,1794.06,0.00000000
2025,165,1,96.53,115.354462,35.567356,1794.06,0.00000000
2025,165,2,193.06,115.355136,35.566683,523.27,0.00000000
2025,166,0,0.00,115.358370,35.571264,508.32,-0.00000000
2025,166,1,38.61,115.358639,35.571534,508.32,-0.00000000
2025,166,2,77.22,115.358909,35.571803,478.42,-0.00000000
2025,167,0,0.00,115.358370,35.571264,1330.60,-0.00238751
2025,167,1,75.58,115.358639,35.570661,971.78,-0.00119375
2025,167,2,151.15,115.358639,35.569980,911.98,0.00119375
2025,167,3,226.73,115.358909,35.569378,687.72,0.00238751
2025,168,0,0.00,115.358909,35.571803,508.32,0.00000000
2025,168,1,89.44,115.359583,35.572342,538.22,0.00000000
2025,168,2,178.87,115.360256,35.572881,508.32,0.00000000
2025,169,0,0.00,115.358909,35.571803,1315.65,-0.00262204
2025,169,1,88.20,115.359525,35.571187,1420.30,-0.00330296
2025,169,2,176.40,115.359717,35.570449,777.43,-0.00570506
2025,169,3,264.61,115.359717,35.569654,463.47,-0.00724063
2025,169,4,352.81,115.358909,35.569378,418.61,-0.00705502
2025,17,0,0.00,115.142505,35.420078,328.91,-0.00192433
2025,17,1,95.75,115.141606,35.419808,478.42,-0.00366886
2025,17,2,191.50,115.140552,35.419808,448.52,-0.00466121
2025,17,3,287.25,115.139810,35.420347,568.12,-0.00390902
2025,171,0,0.00,115.358909,35.569378,493.37,-0.00173445
2025,171,1,75.91,115.358379,35.568848,358.81,-0.00280909
2025,171,2,151.83,115.357750,35.568488,373.76,-0.00294171
2025,171,3,227.74,115.357022,35.568300,388.71,-0.00199969
2025,172,0,0.00,115.360256,35.572881,672.77,0.00389889
2025,172,1,68.16,115.360852,35.572612,568.12,0.00371046
2025,172,2,136.33,115.361604,35.572612,418.61,0.00352204
2025,173,0,0.00,115.360256,35.572881,897.03,0.00000000
2025,173,1,83.46,115.359987,35.573555,657.82,0.00000000
2025,173,2,166.92,115.359717,35.574228,433.57,0.00000000
2025,174,0,0.00,115.361604,35.572612,1151.19,0.00188953
2025,174,1,74.32,115.361914,35.572032,1181.09,0.00183649
2025,174,2,148.64,115.362433,35.571513,448.52,0.00089172
2025,174,3,222.96,115.362951,35.570995,224.26,0.00000000
2025,175,0,0.00,115.361604,35.572612,508.32,-0.00442874
2025,175,1,87.47,115.362412,35.572881,358.81,-0.00326559
2025,175,2,174.94,115.363221,35.572612,269.11,-0.00221437
2025,175,3,262.41,115.364186,35.572612,209.31,-0.00347183
2025,175,4,349.88,115.364838,35.572073,358.81,-0.00461736
2025,176,0,0.00,115.362951,35.570995,284.06,0.00000000
2025,176,1,36.64,115.363356,35.570995,254.16,0.00000000
2025,176,2,73.29,115.363760,35.570995,224.26,0.00000000
2025,177,0,0.00,115.362951,35.570995,568.12,0.00566064
2025,177,1,68.51,115.362682,35.570456,717.63,0.00566064
2025,177,2,137.02,115.362951,35.569917,403.66,0.00566064
2025,178,0,0.00,115.365107,35.571803,373.76,0.00000000
2025,178,1,19.31,115.364973,35.571938,358.81,0.00000000
2025,178,2,38.61,115.364838,35.572073,269.11,0.00000000
2025,179,0,0.00,115.365107,35.571803,239.21,0.00000300
2025,179,1,99.65,115.366050,35.571534,239.21,0.00000000
2025,179,2,199.31,115.366993,35.571264,209.31,-0.00000300
2025,179,3,298.96,115.367936,35.570995,239.21,0.00000000
2025,179,4,398.62,115.368879,35.570725,209.31,-0.00115544
2025,179,5,498.27,115.369822,35.570456,209.31,-0.00144107
2025,179,6,597.93,115.370567,35.569846,239.21,-0.00000299
2025,179,7,697.58,115.371461,35.569492,269.11,0.00013625
2025,179,8,797.24,115.372255,35.568967,328.91,-0.00019143
2025,179,9,896.89,115.373124,35.568569,343.86,-0.00027843
2025,179,10,996.55,115.373910,35.568030,388.71,-0.00018614
2025,179,11,1096.20,115.374738,35.567562,433.57,0.00042332
2025,179,12,1195.86,115.375533,35.567037,493.37,0.00095767
2025,179,13,1295.51,115.376426,35.566683,448.52,0.00116021
2025,18,0,0.00,115.138193,35.424120,388.71,0.00000000
2025,18,1,19.32,115.138328,35.424255,388.71,0.00000000
2025,18,2,38.64,115.138462,35.424389,299.01,0.00000000
2025,180,0,0.00,115.365107,35.571803,1225.94,-0.00250967
2025,180,1,90.04,115.365107,35.570992,1031.59,-0.00521535
2025,180,2,180.08,115.364685,35.570303,463.47,-0.00661620
2025,180,3,270.11,115.363760,35.570186,254.16,-0.00531136
2025,181,0,0.00,115.364838,35.572073,926.93,0.00000000
2025,181,1,77.22,115.364299,35.571534,792.38,0.00000000
2025,181,2,154.45,115.363760,35.570995,523.27,0.00000000
2025,182,0,0.00,115.363760,35.570995,762.48,0.00000000
2025,182,1,44.85,115.363760,35.570590,627.92,0.00000000
2025,182,2,89.70,115.363760,35.570186,627.92,0.00000000
2025,184,0,0.00,115.362951,35.569917,194.36,0.01337646
2025,184,1,57.92,115.363356,35.569782,448.52,0.01099079
2025,184,2,115.84,115.363760,35.570186,523.27,0.00860512
2025,185,0,0.00,115.362951,35.569917,523.27,-0.00118823
2025,185,1,88.78,115.362332,35.569297,463.47,-0.00202908
2025,185,2,177.57,115.361618,35.568839,508.32,-0.00224735
2025,185,3,266.35,115.360795,35.568569,508.32,-0.00162477
2025,186,0,0.00,115.376426,35.566683,1794.06,-0.00136020
2025,186,1,87.19,115.376826,35.567352,1794.06,-0.00132454
2025,186,2,174.38,115.377434,35.567961,1210.99,-0.00064444
2025,186,3,261.57,115.378043,35.568569,627.92,0.00000000
2025,187,0,0.00,115.376426,35.566683,463.47,0.00215937
2025,187,1,71.19,115.376923,35.566186,463.47,0.00433968
2025,187,2,142.37,115.377527,35.565874,478.42,0.00514146
2025,187,3,213.56,115.378313,35.565874,568.12,0.00376292
2025,188,0,0.00,115.378313,35.565874,538.22,0.00362910
2025,188,1,82.73,115.378739,35.565335,508.32,0.00337544
2025,188,2,165.47,115.379495,35.565066,508.32,0.00172506
2025,188,3,248.20,115.380232,35.564763,523.27,0.00049142
2025,188,4,330.94,115.381007,35.564527,583.07,0.00065450
2025,189,0,0.00,115.378313,35.565874,1794.06,-0.00000000
2025,189,1,74.32,115.378831,35.566393,1524.95,0.00089172
2025,189,2,148.64,115.379350,35.566912,1674.46,0.00183649
2025,189,3,222.96,115.379660,35.567491,747.53,0.00188954
2025,19,0,0.00,115.138193,35.424120,553.17,0.00240144
2025,19,1,67.84,115.137621,35.423818,792.38,0.00120072
2025,19,2,135.67,115.137148,35.423344,867.13,-0.00120072
2025,19,3,203.51,115.136576,35.423042,762.48,-0.00240144
2025,190,0,0.00,115.381007,35.564527,553.17,0.00316612
2025,190,1,98.53,115.381585,35.563949,523.27,0.00196125
2025,190,2,197.07,115.382539,35.563718,538.22,0.00023909
2025,190,3,295.60,115.383313,35.563179,538.22,-0.00006319
2025,190,4,394.13,115.384242,35.562909,508.32,0.00000665
2025,190,5,492.66,115.385029,35.562392,508.32,-0.00014501
2025,190,6,591.20,115.385947,35.562101,508.32,-0.00038809
2025,190,7,689.73,115.386721,35.561562,508.32,0.00007242
2025,190,8,788.26,115.387587,35.561181,508.32,0.00077443
2025,190,9,886.79,115.388426,35.560754,478.42,0.00094034
2025,190,10,985.33,115.389356,35.560484,493.37,0.00055067
2025,190,11,1083.86,115.390287,35.560215,508.32,0.00000000
2025,190,12,1182.39,115.391217,35.559945,523.27,0.00219597
2025,190,13,1280.93,115.392147,35.559676,598.02,0.00419617
2025,190,14,1379.46,115.393000,35.560080,523.27,0.00173183
2025,190,15,1477.99,115.393885,35.560426,418.61,0.00039309
2025,190,16,1576.52,115.394782,35.560754,269.11,0.00289669
2025,190,17,1675.06,115.395558,35.561290,209.31,0.00375614
2025,190,18,1773.59,115.395830,35.562099,164.46,0.00287510
2025,190,19,1872.12,115.396099,35.562909,284.06,0.00270190
2025,190,20,1970.65,115.395830,35.563718,403.66,0.00269543
2025,191,0,0.00,115.381007,35.564527,1794.06,0.00000000
2025,191,1,83.33,115.381589,35.565108,1704.36,0.00000000
2025,191,2,166.67,115.382171,35.565690,1225.94,-0.00071642
2025,191,3,250.00,115.382752,35.566272,807.33,-0.00149483
2025,191,4,333.33,115.383433,35.566683,762.48,-0.00155683
2025,192,0,0.00,115.379660,35.567491,822.28,-0.00224050
2025,192,1,99.69,115.380653,35.567675,612.97,-0.00235982
2025,192,2,199.38,115.381546,35.567491,583.07,-0.00247913
2025,193,0,0.00,115.379660,35.567491,627.92,-0.00000000
2025,193,1,53.56,115.379391,35.567895,493.37,-0.00000000
2025,193,2,107.13,115.379121,35.568300,478.42,-0.00000000
2025,194,0,0.00,115.395830,35.563718,463.47,0.00000000
2025,194,1,19.31,115.395964,35.563853,403.66,0.00000000
2025,194,2,38.61,115.396099,35.563988,403.66,0.00000000
2025,195,0,0.00,115.395830,35.563718,657.82,0.00000000
2025,195,1,89.58,115.394842,35.563718,403.66,0.00000000
2025,195,2,179.17,115.393853,35.563718,493.37,-0.00000000
2025,195,3,268.75,115.392865,35.563718,612.97,0.00000000
2025,196,0,0.00,115.396099,35.563988,343.86,0.00444904
2025,196,1,84.27,115.396786,35.564405,299.01,0.00419924
2025,196,2,168.55,115.396957,35.565115,254.16,0.00065594
2025,196,3,252.82,115.397177,35.565811,284.06,-0.00241912
2025,196,4,337.10,115.397716,35.566413,299.01,-0.00220068
2025,197,0,0.00,115.396099,35.563988,553.17,0.00217652
2025,197,1,97.13,115.395421,35.564666,956.83,0.00326806
2025,197,2,194.26,115.394545,35.565002,538.22,0.00241141
2025,197,3,291.39,115.393511,35.565066,568.12,-0.00048955
2025,197,4,388.51,115.392596,35.565335,493.37,-0.00144232
2025,198,0,0.00,115.397716,35.566413,299.01,-0.00217473
2025,198,1,97.07,115.397768,35.567273,284.06,-0.00165208
2025,198,2,194.15,115.398236,35.568011,299.01,0.00061567
2025,198,3,291.22,115.398497,35.568811,299.01,0.00115603
2025,198,4,388.29,115.398525,35.569677,313.96,-0.00066607
2025,198,5,485.36,115.398794,35.570474,343.86,-0.00062911
2025,198,6,582.44,115.399064,35.571270,373.76,0.00059286
2025,198,7,679.51,115.399328,35.572068,388.71,-0.00002522
2025,198,8,776.58,115.399380,35.572928,418.61,-0.00119580
2025,198,9,873.65,115.399872,35.573659,418.61,0.00067868
2025,198,10,970.73,115.400142,35.574456,433.57,0.00131758
2025,198,11,1067.80,115.400160,35.575325,403.66,0.00077251
2025,198,12,1164.87,115.400411,35.576127,373.76,0.00206401
2025,198,13,1261.95,115.400142,35.576923,418.61,0.00268014
2025,199,0,0.00,115.397716,35.566413,762.48,0.00461675
2025,199,1,87.47,115.398368,35.565874,1794.06,0.00452244
2025,199,2,174.95,115.399333,35.565874,852.18,0.00442814
2025,2,0,0.00,115.145469,35.421695,882.08,0.00314504
2025,2,1,80.25,115.145469,35.422260,568.12,0.00435446
2025,2,2,160.50,115.145097,35.422875,583.07,0.00610478
2025,2,3,240.75,115.144439,35.423264,299.01,0.00500996
2025,2,4,321.00,115.143583,35.423312,313.96,0.00337425
2025,20,0,0.00,115.138462,35.424389,956.83,0.00706281
2025,20,1,88.87,115.137796,35.424928,702.67,0.00767867
2025,20,2,177.74,115.137025,35.424569,672.77,0.00452149
2025,20,3,266.62,115.136306,35.424120,777.43,0.00074844
2025,200,0,0.00,115.400142,35.576923,1794.06,0.00000000
2025,200,1,78.01,115.399281,35.576923,1794.06,-0.00133165
2025,200,2,156.02,115.398420,35.576923,911.98,-0.00280793
2025,200,3,234.03,115.397716,35.577193,747.53,-0.00295256
2025,201,0,0.00,115.400142,35.576923,433.57,0.00152496
2025,201,1,94.06,115.400411,35.577693,403.66,0.00148187
2025,201,2,188.11,115.400411,35.578540,463.47,0.00143877
2025,202,0,0.00,115.397716,35.577193,388.71,-0.00143877
2025,202,1,94.06,115.397716,35.578041,403.66,-0.00148186
2025,202,2,188.11,115.397986,35.578810,523.27,-0.00152496
2025,203,0,0.00,115.397716,35.577193,448.52,0.00433801
2025,203,1,68.51,115.397238,35.576715,403.66,0.00608383
2025,203,2,137.02,115.397177,35.576115,433.57,0.00566035
2025,203,3,205.53,115.397447,35.575576,433.57,0.00349107
2025,204,0,0.00,115.400411,35.578540,553.17,0.00461522
2025,204,1,87.14,115.400950,35.579027,418.61,0.00421970
2025,204,2,174.27,115.400950,35.579812,418.61,0.00191209
2025,204,3,261.41,115.400950,35.580598,388.71,-0.00000000
2025,204,4,348.55,115.400950,35.581383,373.76,0.00000000
2025,204,5,435.68,115.400950,35.582169,448.52,0.00084050
2025,204,6,522.82,115.400950,35.582954,478.42,0.00173250
2025,204,7,609.96,115.400681,35.583661,583.07,0.00178399
2025,205,0,0.00,115.400411,35.578540,1480.10,0.00295269
2025,205,1,78.01,115.399707,35.578810,1794.06,0.00280805
2025,205,2,156.02,115.398846,35.578810,1106.34,0.00133171
2025,205,3,234.03,115.397986,35.578810,493.37,0.00000000
2025,207,0,0.00,115.397986,35.578810,538.22,-0.00282361
2025,207,1,96.31,115.397716,35.579599,433.57,-0.00214152
2025,207,2,192.62,115.397986,35.580389,418.61,-0.00125131
2025,207,3,288.92,115.398002,35.581252,388.71,-0.00252292
2025,207,4,385.23,115.398466,35.581985,583.07,-0.00283774
2025,207,5,481.54,115.399181,35.582583,687.72,-0.00115527
2025,207,6,577.85,115.399909,35.583159,642.87,-0.00057450
2025,207,7,674.16,115.400681,35.583661,687.72,-0.00051130
2025,208,0,0.00,115.400681,35.583661,523.27,0.00099322
2025,208,1,99.36,115.400950,35.584478,508.32,0.00047990
2025,208,2,198.73,115.401024,35.585352,538.22,-0.00030681
2025,208,3,298.09,115.401300,35.586167,508.32,-0.00027311
2025,208,4,397.46,115.401489,35.587008,538.22,0.00049116
2025,208,5,496.82,115.401759,35.587825,508.32,0.00107075
2025,208,6,596.18,115.401759,35.588720,523.27,-0.00000000
2025,208,7,695.55,115.401779,35.589610,523.27,-0.00078093
2025,208,8,794.91,115.402028,35.590433,508.32,0.00000000
2025,208,9,894.27,115.402122,35.591301,523.27,0.00000000
2025,208,10,993.64,115.402298,35.592146,508.32,-0.00000000
2025,208,11,1093.00,115.402466,35.592992,523.27,0.00059204
2025,208,12,1192.37,115.402567,35.593858,523.27,-0.00010046
2025,208,13,1291.73,115.402567,35.594754,508.32,-0.00108865
2025,208,14,1391.09,115.402877,35.595559,523.27,-0.00047655
2025,208,15,1490.46,115.403106,35.596388,478.42,0.00068096
2025,208,16,1589.82,115.403376,35.597205,463.47,0.00122023
2025,208,17,1689.19,115.403376,35.598101,448.52,-0.00000000
2025,208,18,1788.55,115.403376,35.598996,418.61,-0.00077758
2025,208,19,1887.91,115.403645,35.599813,448.52,-0.00068096
2025,208,20,1987.28,115.403699,35.600693,433.57,-0.00165515
2025,208,21,2086.64,115.404184,35.601447,478.42,-0.00221708
2025,209,0,0.00,115.404184,35.601447,448.52,0.00000000
2025,209,1,96.80,115.404184,35.602320,418.61,0.00000000
2025,209,2,193.61,115.404184,35.603192,448.52,-0.00067816
2025,209,3,290.41,115.404184,35.604065,433.57,-0.00067816
2025,209,4,387.22,115.404454,35.604859,463.47,0.00000000
2025,209,5,484.02,115.404454,35.605731,463.47,-0.00071834
2025,209,6,580.83,115.404723,35.606525,448.52,-0.00056918
2025,209,7,677.63,115.404992,35.607320,448.52,0.00071834
2025,209,8,774.43,115.405207,35.608130,448.52,0.00046878
2025,209,9,871.24,115.405262,35.608986,448.52,-0.00000000
2025,209,10,968.04,115.405515,35.609785,418.61,0.00005663
2025,209,11,1064.85,115.405531,35.610653,448.52,0.00000000
2025,209,12,1161.65,115.405801,35.611447,478.42,0.00004377
2025,209,13,1258.46,115.405801,35.612319,463.47,-0.00000000
2025,209,14,1355.26,115.406070,35.613113,448.52,0.00067816
2025,209,15,1452.06,115.406070,35.613986,508.32,0.00067816
2025,209,16,1548.87,115.406070,35.614858,493.37,0.00000000
2025,209,17,1645.67,115.406070,35.615731,523.27,0.00000000
2025,21,0,0.00,115.138193,35.424120,1001.69,-0.00000000
2025,21,1,38.64,115.138462,35.423851,822.28,-0.00000000
2025,21,2,77.28,115.138732,35.423581,1061.49,-0.00000000
2025,210,0,0.00,115.404184,35.601447,687.72,0.00331919
2025,210,1,87.45,115.404794,35.600837,1151.19,0.00430620
2025,210,2,174.89,115.405644,35.600639,1794.06,0.00340602
2025,210,3,262.34,115.406609,35.600639,702.67,0.00151883
2025,211,0,0.00,115.406070,35.615731,538.22,0.00296991
2025,211,1,98.70,115.406609,35.616322,478.42,0.00232401
2025,211,2,197.39,115.406713,35.617181,538.22,-0.00001994
2025,211,3,296.09,115.406984,35.617992,538.22,-0.00043473
2025,211,4,394.79,115.407418,35.618755,538.22,0.00112506
2025,211,5,493.49,115.407527,35.619613,523.27,-0.00000000
2025,211,6,592.18,115.407687,35.620456,523.27,-0.00069009
2025,211,7,690.88,115.408070,35.621234,523.27,0.00098099
2025,211,8,789.58,115.408226,35.622078,553.17,0.00023115
2025,211,9,888.27,115.408226,35.622968,523.27,-0.00144742
2025,211,10,986.97,115.408676,35.623726,523.27,-0.00024186
2025,211,11,1085.67,115.408948,35.624537,568.12,0.00094743
2025,211,12,1184.37,115.409219,35.625347,523.27,0.00105484
2025,211,13,1283.06,115.409304,35.626212,508.32,0.00021980
2025,211,14,1381.76,115.409345,35.627090,523.27,-0.00025299
2025,211,15,1480.46,115.409574,35.627913,523.27,-0.00000000
2025,211,16,1579.15,115.409574,35.628802,523.27,-0.00010105
2025,211,17,1677.85,115.409843,35.629614,523.27,0.00009080
2025,211,18,1776.55,115.409843,35.630503,553.17,0.00000000
2025,211,19,1875.25,115.410076,35.631325,583.07,0.00026324
2025,211,20,1973.94,115.410113,35.632204,568.12,-0.00000000
2025,211,21,2072.64,115.410202,35.633067,598.02,-0.00013321
2025,211,22,2171.34,115.410382,35.633905,612.97,0.00000000
2025,211,23,2270.03,115.410382,35.634794,612.97,-0.00022083
2025,211,24,2368.73,115.410652,35.635605,583.07,0.00048035
2025,211,25,2467.43,115.410652,35.636495,612.97,0.00000000
2025,211,26,2566.13,115.410725,35.637363,627.92,-0.00064370
2025,211,27,2664.82,115.410921,35.638195,642.87,0.00000000
2025,211,28,2763.52,115.411059,35.639045,657.82,0.00050247
2025,211,29,2862.22,115.411191,35.639896,672.77,-0.00000000
2025,211,30,2960.91,115.411191,35.640786,672.77,-0.00102921
2025,211,31,3059.61,115.411460,35.641597,717.63,-0.00069009
2025,211,32,3158.31,115.411730,35.642408,687.72,-0.00000000
2025,211,33,3257.01,115.411999,35.643219,687.72,-0.00000000
2025,212,0,0.00,115.406070,35.615731,807.33,0.00000000
2025,212,1,77.21,115.405531,35.616270,807.33,0.00000000
2025,212,2,154.41,115.404992,35.616809,837.23,0.00000000
2025,213,0,0.00,115.411999,35.643219,1794.06,0.00195388
2025,213,1,95.08,115.412892,35.642950,1794.06,0.00186213
2025,213,2,190.15,115.413942,35.642950,1749.21,0.00088519
2025,213,3,285.23,115.414992,35.642950,1360.50,0.00000000
2025,213,4,380.31,115.416042,35.642950,777.43,0.00000000
2025,214,0,0.00,115.411999,35.643219,672.77,-0.00162979
2025,214,1,88.43,115.411999,35.644016,672.77,-0.00081490
2025,214,2,176.87,115.412269,35.644735,717.63,0.00048254
2025,214,3,265.30,115.412269,35.645532,762.48,-0.00148717
2025,214,4,353.73,115.412381,35.646296,777.43,-0.00353824
2025,214,5,442.16,115.412999,35.646914,867.13,-0.00156853
2025,214,6,530.60,115.413616,35.647531,807.33,0.00000000
2025,215,0,0.00,115.413616,35.647531,852.18,-0.00053783
2025,215,1,89.50,115.413886,35.648259,807.33,-0.00199078
2025,215,2,179.00,115.414240,35.648963,822.28,-0.00320513
2025,215,3,268.50,115.414964,35.649417,852.18,-0.00296652
2025,216,0,0.00,115.413616,35.647531,1405.35,0.00000000
2025,216,1,97.90,115.414300,35.646847,1330.60,-0.00000000
2025,216,2,195.79,115.414983,35.646164,1300.70,0.00117861
2025,216,3,293.69,115.415667,35.645480,1405.35,0.00650722
2025,216,4,391.58,115.416450,35.645244,897.03,0.00873119
2025,216,5,489.48,115.416967,35.645914,837.23,0.00590694
2025,216,6,587.38,115.417389,35.646594,852.18,0.00537316
2025,216,7,685.27,115.417014,35.647367,1091.39,0.00363140
2025,216,8,783.17,115.416331,35.648050,1255.84,0.00076260
2025,216,9,881.06,115.415647,35.648734,1375.45,0.00000000
2025,216,10,978.96,115.414964,35.649417,1435.25,0.00000000
2025,217,0,0.00,115.414964,35.649417,777.43,-0.00396377
2025,217,1,50.80,115.415318,35.649772,792.38,-0.00417868
2025,217,2,101.60,115.415772,35.649956,852.18,-0.00439358
2025,218,0,0.00,115.415772,35.649956,702.67,-0.00013077
2025,218,1,84.77,115.416042,35.650642,762.48,-0.00263385
2025,218,2,169.54,115.416330,35.651322,598.02,-0.00517874
2025,218,3,254.30,115.417120,35.651573,777.43,-0.00522053
2025,219,0,0.00,115.415772,35.649956,1420.30,0.00000000
2025,219,1,90.27,115.416403,35.649326,1330.60,0.00209269
2025,219,2,180.55,115.417033,35.648696,1794.06,0.00580844
2025,219,3,270.82,115.417979,35.648609,867.13,0.00784107
2025,219,4,361.09,115.418789,35.648931,657.82,0.00911195
2025,219,5,451.37,115.419006,35.649681,956.83,0.00745426
2025,219,6,541.64,115.418380,35.650313,1076.44,0.00248009
2025,219,7,631.91,115.417750,35.650943,1210.99,0.00001246
2025,219,8,722.19,115.417120,35.651573,1794.06,-0.00000000
2025,22,0,0.00,115.138732,35.423581,343.86,0.00000000
2025,22,1,44.85,115.138732,35.423177,956.83,0.00000000
2025,22,2,89.70,115.138732,35.422773,1046.54,0.00000000
2025,220,0,0.00,115.417120,35.651573,687.72,-0.00203123
2025,220,1,99.26,115.417389,35.652390,553.17,-0.00213717
2025,220,2,198.53,115.417979,35.652971,508.32,-0.00110645
2025,220,3,297.79,115.418672,35.653665,403.66,0.00001511
2025,220,4,397.06,115.419365,35.654358,328.91,-0.00122664
2025,220,5,496.32,115.420058,35.655051,328.91,-0.00174631
2025,220,6,595.59,115.420983,35.655346,269.11,-0.00076960
2025,220,7,694.85,115.421765,35.655885,194.36,-0.00190824
2025,220,8,794.11,115.422732,35.656108,194.36,-0.00135283
2025,220,9,893.38,115.423801,35.656155,209.31,0.00089250
2025,220,10,992.64,115.424713,35.656472,209.31,0.00042519
2025,220,11,1091.91,115.425680,35.656694,209.31,-0.00089250
2025,220,12,1191.17,115.426620,35.656963,299.01,-0.00135117
2025,220,13,1290.44,115.427716,35.656963,358.81,-0.00000000
2025,220,14,1389.70,115.428774,35.657029,373.76,0.00128849
2025,220,15,1488.96,115.429752,35.657233,388.71,0.00000000
2025,220,16,1588.23,115.430692,35.657502,418.61,-0.00123420
2025,220,17,1687.49,115.431788,35.657502,448.52,-0.00000000
2025,220,18,1786.76,115.432835,35.657587,403.66,0.00030104
2025,220,19,1886.02,115.433824,35.657772,418.61,-0.00081001
2025,220,20,1985.29,115.434920,35.657772,448.52,-0.00054483
2025,220,21,2084.55,115.436017,35.657772,508.32,0.00000000
2025,220,22,2183.81,115.437113,35.657772,508.32,0.00000000
2025,220,23,2283.08,115.438209,35.657772,538.22,0.00000000
2025,220,24,2382.34,115.439306,35.657772,508.32,0.00000000
2025,220,25,2481.61,115.440402,35.657772,508.32,0.00000000
2025,220,26,2580.87,115.441498,35.657772,508.32,0.00000000
2025,220,27,2680.14,115.442595,35.657772,478.42,0.00000000
2025,220,28,2779.40,115.443691,35.657772,478.42,0.00081001
2025,220,29,2878.66,115.444787,35.657772,478.42,0.00081001
2025,220,30,2977.93,115.445727,35.658041,478.42,-0.00015843
2025,220,31,3077.19,115.446823,35.658041,463.47,-0.00000000
2025,220,32,3176.46,115.447792,35.658261,403.66,0.00031981
2025,220,33,3275.72,115.448859,35.658311,403.66,0.00089250
2025,220,34,3374.99,115.449799,35.658580,358.81,0.00073112
2025,220,35,3474.25,115.450738,35.658850,328.91,-0.00016296
2025,220,36,3573.51,115.451678,35.659119,284.06,0.00011942
2025,220,37,3672.78,115.452645,35.659341,239.21,0.00032703
2025,220,38,3772.04,115.453536,35.659693,209.31,0.00045035
2025,220,39,3871.31,115.454496,35.659928,179.41,0.00166361
2025,220,40,3970.57,115.455319,35.660398,209.31,0.00147719
2025,220,41,4069.84,115.456062,35.661006,269.11,-0.00000000
2025,220,42,4169.10,115.456845,35.661545,269.11,-0.00010182
2025,220,43,4268.36,115.457628,35.662084,284.06,0.00000000
2025,220,44,4367.63,115.458389,35.662659,313.96,-0.00022271
2025,220,45,4466.89,115.459193,35.663162,358.81,-0.00060419
2025,220,46,4566.16,115.459974,35.663705,388.71,-0.00080998
2025,220,47,4665.42,115.460865,35.664057,403.66,0.00031950
2025,220,48,4764.69,115.461698,35.664509,388.71,0.00001435
2025,220,49,4863.95,115.462481,35.665048,418.61,-0.00020420
2025,220,50,4963.21,115.463421,35.665318,448.52,0.00090089
2025,220,51,5062.48,115.464133,35.665978,478.42,0.00009050
2025,220,52,5161.74,115.464986,35.666396,448.52,-0.00032042
2025,220,53,5261.01,115.465769,35.666935,478.42,0.00002395
2025,220,54,5360.27,115.466609,35.667376,478.42,-0.00024733
2025,220,55,5459.54,115.467401,35.667899,493.37,-0.00029897
2025,220,56,5558.80,115.468274,35.668282,478.42,0.00036033
2025,220,57,5658.06,115.469085,35.668774,493.37,0.00056815
2025,220,58,5757.33,115.469877,35.669296,508.32,-0.00046599
2025,220,59,5856.59,115.470669,35.669819,493.37,-0.00052322
2025,220,60,5955.86,115.471561,35.670172,508.32,0.00056815
2025,220,61,6055.12,115.472345,35.670708,493.37,-0.00008994
2025,220,62,6154.39,115.473145,35.671217,508.32,-0.00056815
2025,220,63,6253.65,115.474037,35.671569,493.37,0.00115210
2025,220,64,6352.91,115.474829,35.672092,508.32,0.00110707
2025,220,65,6452.18,115.475522,35.672785,493.37,-0.00053893
2025,220,66,6551.44,115.476314,35.673308,523.27,-0.00000000
2025,220,67,6650.71,115.477106,35.673831,508.32,0.00045497
2025,220,68,6749.97,115.477800,35.674524,538.22,-0.00053893
2025,220,69,6849.24,115.478608,35.675019,538.22,-0.00034971
2025,220,70,6948.50,115.479384,35.675570,553.17,0.00000000
2025,220,71,7047.76,115.480173,35.676097,523.27,-0.00012210
2025,220,72,7147.03,115.480969,35.676615,568.12,-0.00056815
2025,220,73,7246.29,115.481761,35.677138,568.12,-0.00055130
2025,220,74,7345.56,115.482652,35.677490,583.07,0.00056815
2025,220,75,7444.82,115.483444,35.678013,568.12,0.00057936
2025,220,76,7544.08,115.484237,35.678536,598.02,0.00006392
2025,220,77,7643.35,115.485027,35.679062,642.87,-0.00002244
2025,220,78,7742.61,115.485810,35.679601,627.92,-0.00012824
2025,220,79,7841.88,115.486613,35.680104,642.87,0.00001122
2025,220,80,7941.14,115.487406,35.680627,672.77,-0.00050383
2025,220,81,8040.41,115.488198,35.681149,672.77,0.00000000
2025,220,82,8139.67,115.489089,35.681502,687.72,0.00110707
2025,220,83,8238.93,115.489782,35.682195,687.72,0.00053893
2025,220,84,8338.20,115.490575,35.682718,627.92,-0.00093663
2025,220,85,8437.46,115.491268,35.683411,598.02,-0.00227716
2025,220,86,8536.73,115.492229,35.683643,598.02,-0.00034234
2025,220,87,8635.99,115.493150,35.683945,687.72,0.00173823
2025,220,88,8735.26,115.493942,35.684468,657.82,0.00074004
2025,220,89,8834.52,115.494734,35.684991,687.72,0.00000000
2025,221,0,0.00,115.494734,35.684991,777.43,0.00000000
2025,221,1,53.54,115.495004,35.685395,583.07,0.00000000
2025,221,2,107.08,115.495273,35.685799,732.58,0.00000000
2025,222,0,0.00,115.494734,35.684991,1240.89,-0.00000000
2025,222,1,96.98,115.495411,35.684314,1225.94,0.00134714
2025,222,2,193.96,115.496089,35.683636,642.87,0.00510307
2025,222,3,290.94,115.497007,35.683374,657.82,0.00766395
2025,222,4,387.92,115.497840,35.683784,523.27,0.00796724
2025,222,5,484.90,115.498238,35.684543,1001.69,0.00649289
2025,222,6,581.88,115.497699,35.685260,986.73,0.00486735
2025,223,0,0.00,115.495273,35.685799,702.67,-0.00000000
2025,223,1,43.69,115.495677,35.685934,732.58,-0.00000000
2025,223,2,87.38,115.496082,35.686069,553.17,-0.00000000
2025,224,0,0.00,115.495273,35.685799,911.98,-0.00207378
2025,224,1,91.32,115.495163,35.686498,612.97,-0.00260795
2025,224,2,182.64,115.495383,35.687257,418.61,-0.00220621
2025,224,3,273.96,115.495812,35.687955,284.06,-0.00127031
2025,225,0,0.00,115.497699,35.685260,598.02,-0.00204587
2025,225,1,94.48,115.496812,35.685530,702.67,-0.00200570
2025,225,2,188.95,115.496082,35.686069,1046.54,-0.00196554
2025,226,0,0.00,115.497699,35.685260,687.72,0.00132917
2025,226,1,90.54,115.498385,35.685799,523.27,0.00099995
2025,226,2,181.09,115.498854,35.686415,224.26,0.00075874
2025,226,3,271.63,115.499486,35.687048,493.37,0.00153586
2025,226,4,362.17,115.499855,35.687756,702.67,0.00142077
2025,226,5,452.72,115.500124,35.688494,747.53,0.00061654
2025,227,0,0.00,115.496082,35.686069,717.63,0.00000000
2025,227,1,77.18,115.496621,35.686608,627.92,0.00000000
2025,227,2,154.36,115.497160,35.687147,373.76,0.00000000
2025,229,0,0.00,115.495812,35.687955,687.72,0.00096989
2025,229,1,67.72,115.496403,35.688225,194.36,0.00191024
2025,229,2,135.43,115.496956,35.688560,598.02,0.00229870
2025,229,3,203.15,115.497429,35.689033,642.87,0.00174683
2025,230,0,0.00,115.495812,35.687955,538.22,-0.00275878
2025,230,1,87.65,115.496007,35.688689,493.37,-0.00609924
2025,230,2,175.30,115.496619,35.689301,418.61,-0.00856008
2025,230,3,262.95,115.497429,35.689033,732.58,-0.00768047
2025,231,0,0.00,115.500124,35.688494,1794.06,0.01069007
2025,231,1,31.49,115.499904,35.688714,657.82,0.01108724
2025,231,2,62.98,115.499585,35.688764,657.82,0.01148442
2025,232,0,0.00,115.500124,35.688494,598.02,0.00000000
2025,232,1,97.02,115.500901,35.689001,627.92,-0.00060966
2025,232,2,194.05,115.501678,35.689509,627.92,-0.00241525
2025,232,3,291.07,115.502556,35.689842,568.12,-0.00286905
2025,232,4,388.09,115.503628,35.689842,538.22,-0.00212693
2025,233,0,0.00,115.497160,35.687147,328.91,-0.00000000
2025,233,1,71.39,115.497449,35.687706,433.57,-0.00102516
2025,233,2,142.77,115.497739,35.688265,612.97,-0.00199212
2025,233,3,214.16,115.498238,35.688764,612.97,-0.00193393
2025,234,0,0.00,115.497160,35.687147,642.87,0.00769966
2025,234,1,83.28,115.497840,35.687019,313.96,0.00668018
2025,234,2,166.56,115.498422,35.687601,598.02,0.00283035
2025,234,3,249.83,115.499004,35.688182,612.97,-0.00000000
2025,234,4,333.11,115.499585,35.688764,642.87,-0.00000000
2025,235,0,0.00,115.497429,35.689033,388.71,-0.00887863
2025,235,1,43.69,115.497912,35.689033,672.77,-0.00906738
2025,235,2,87.38,115.498238,35.688764,702.67,-0.00925614
2025,236,0,0.00,115.499585,35.688764,642.87,0.00606369
2025,236,1,75.18,115.498911,35.689033,598.02,0.00606369
2025,236,2,150.36,115.498238,35.688764,612.97,0.00606369
2025,238,0,0.00,115.503628,35.689842,1196.04,0.00213467
2025,238,1,96.85,115.504095,35.689105,1405.35,0.00288826
2025,238,2,193.70,115.504871,35.688599,1061.49,0.00639200
2025,238,3,290.55,115.505646,35.688357,343.86,0.00733222
2025,238,4,387.40,115.506322,35.689033,463.47,0.00552229
2025,239,0,0.00,115.503628,35.689842,523.27,-0.00462819
2025,239,1,87.38,115.504279,35.690381,403.66,-0.00453381
2025,239,2,174.75,115.505244,35.690381,508.32,-0.00443943
2025,24,0,0.00,115.140618,35.421425,1106.34,0.00185660
2025,24,1,72.91,115.140110,35.420917,1210.99,0.00191236
2025,24,2,145.82,115.139810,35.420347,1599.71,0.00196812
2025,240,0,0.00,115.506592,35.688764,209.31,0.00000000
2025,240,1,19.29,115.506457,35.688898,164.46,0.00000000
2025,240,2,38.59,115.506322,35.689033,209.31,0.00000000
2025,241,0,0.00,115.506322,35.689033,657.82,0.00121300
2025,241,1,92.13,115.505888,35.689737,1076.44,0.00118217
2025,241,2,184.26,115.505244,35.690381,1659.51,0.00115134
2025,242,0,0.00,115.506592,35.688764,732.58,-0.00526311
2025,242,1,87.20,115.506731,35.688094,657.82,-0.00553639
2025,242,2,174.41,115.506122,35.687485,448.52,-0.00361185
2025,242,3,261.61,115.505414,35.687046,523.27,-0.00070702
2025,242,4,348.82,115.504705,35.686608,598.02,0.00000000
2025,243,0,0.00,115.506592,35.688764,478.42,0.00120849
2025,243,1,89.96,115.507220,35.689392,433.57,0.00296050
2025,243,2,179.91,115.507640,35.690081,882.08,0.00559897
2025,243,3,269.87,115.507490,35.690830,1031.59,0.00464645
2025,243,4,359.83,115.506861,35.691459,1794.06,0.00280746
2025,244,0,0.00,115.505244,35.690381,672.77,0.00000000
2025,244,1,49.20,115.505379,35.690785,717.63,0.00000000
2025,244,2,98.39,115.505514,35.691189,448.52,0.00000000
2025,245,0,0.00,115.506861,35.691459,403.66,-0.00390990
2025,245,1,68.08,115.506266,35.691189,358.81,-0.00372067
2025,245,2,136.16,115.505514,35.691189,418.61,-0.00353143
2025,246,0,0.00,115.506861,35.691459,373.76,-0.00036159
2025,246,1,97.17,115.507400,35.692178,299.01,-0.00052977
2025,246,2,194.34,115.508010,35.692877,284.06,-0.00160295
2025,246,3,291.51,115.508688,35.693555,239.21,-0.00125398
2025,246,4,388.68,115.509565,35.693893,269.11,0.00160295
2025,246,5,485.85,115.510244,35.694572,239.21,0.00108629
2025,246,6,583.01,115.510714,35.695311,224.26,-0.00160295
2025,246,7,680.18,115.511492,35.695819,254.16,-0.00052286
2025,246,8,777.35,115.512269,35.696328,284.06,0.00108629
2025,246,9,874.52,115.512948,35.697006,299.01,-0.00056343
2025,246,10,971.69,115.513627,35.697685,299.01,-0.00108629
2025,246,11,1068.86,115.514504,35.698023,358.81,0.00000000
2025,246,12,1166.03,115.515182,35.698701,343.86,-0.00059406
2025,246,13,1263.20,115.516059,35.699039,328.91,0.00056343
2025,246,14,1360.37,115.516837,35.699548,358.81,0.00115749
2025,246,15,1457.54,115.517516,35.700226,388.71,-0.00056343
2025,246,16,1554.71,115.518293,35.700735,388.71,-0.00056343
2025,246,17,1651.87,115.519071,35.701243,388.71,0.00056343
2025,246,18,1749.04,115.519849,35.701751,373.76,0.00108629
2025,246,19,1846.21,115.520527,35.702430,388.71,0.00052286
2025,246,20,1943.38,115.521206,35.703108,373.76,-0.00108629
2025,246,21,2040.55,115.521885,35.703787,358.81,-0.00229086
2025,246,22,2137.72,115.522762,35.704125,418.61,-0.00240914
2025,248,0,0.00,115.505514,35.691189,1719.31,-0.00115134
2025,248,1,92.13,115.504871,35.691833,1734.26,-0.00118217
2025,248,2,184.26,115.504436,35.692537,732.58,-0.00121300
2025,249,0,0.00,115.522762,35.704125,373.76,-0.00134040
2025,249,1,97.30,115.522762,35.705002,284.06,-0.00148159
2025,249,2,194.61,115.523031,35.705801,239.21,-0.00070974
2025,249,3,291.91,115.523339,35.706588,209.31,0.00090854
2025,249,4,389.21,115.523570,35.707398,194.36,0.00137994
2025,249,5,486.51,115.523570,35.708275,179.41,0.00057305
2025,249,6,583.82,115.523570,35.709152,164.46,0.00114646
2025,249,7,681.12,115.523570,35.710029,149.51,0.00210433
2025,249,8,778.42,115.523119,35.710775,179.41,-0.00024898
2025,249,9,875.72,115.522762,35.711548,149.51,-0.00143413
2025,249,10,973.03,115.522762,35.712425,224.26,0.00120685
2025,249,11,1070.33,115.522492,35.713224,284.06,0.00143413
2025,249,12,1167.63,115.521953,35.713944,328.91,0.00000000
2025,249,13,1264.93,115.521684,35.714743,358.81,0.00000000
2025,249,14,1362.24,115.521145,35.715463,358.81,-0.00072439
2025,249,15,1459.54,115.520875,35.716262,328.91,-0.00072439
2025,249,16,1556.84,115.520606,35.717061,313.96,-0.00000000
2025,25,0,0.00,115.140618,35.421425,986.73,0.00029199
2025,25,1,91.21,115.140191,35.422122,882.08,0.00332629
2025,25,2,182.41,115.139736,35.422773,598.02,0.00591436
2025,25,3,273.62,115.138732,35.422773,627.92,0.00546812
2025,250,0,0.00,115.522762,35.704125,1061.49,0.00572887
2025,250,1,75.17,115.523287,35.703600,508.32,0.00575849
2025,250,2,150.34,115.524109,35.703586,642.87,0.00578810
2025,251,0,0.00,115.520606,35.717061,388.71,-0.00200214
2025,251,1,80.45,115.520067,35.717629,433.57,-0.00212899
2025,251,2,160.89,115.519797,35.718276,358.81,-0.00210214
2025,251,3,241.34,115.519547,35.718928,388.71,-0.00090220
2025,251,4,321.78,115.519528,35.719648,403.66,0.00104851
2025,251,5,402.23,115.519258,35.720295,388.71,0.00195300
2025,252,0,0.00,115.520606,35.717061,747.53,-0.00000000
2025,252,1,90.03,115.521234,35.717689,702.67,-0.00000000
2025,252,2,180.06,115.521863,35.718318,762.48,0.00000000
2025,252,3,270.09,115.522492,35.718947,762.48,0.00000000
2025,253,0,0.00,115.519258,35.720295,433.57,-0.00262882
2025,253,1,88.42,115.518641,35.720912,448.52,-0.00329824
2025,253,2,176.84,115.518450,35.721654,478.42,-0.00255413
2025,253,3,265.26,115.518450,35.722451,433.57,-0.00114059
2025,254,0,0.00,115.519258,35.720295,807.33,-0.00000000
2025,254,1,98.16,115.519944,35.720980,807.33,-0.00051211
2025,254,2,196.31,115.520629,35.721666,971.78,-0.00106365
2025,254,3,294.47,115.521414,35.722181,717.63,-0.00110308
2025,255,0,0.00,115.518450,35.722451,493.37,-0.00486987
2025,255,1,80.68,115.517787,35.722844,418.61,-0.00477142
2025,255,2,161.35,115.517641,35.723528,508.32,-0.00467297
2025,256,0,0.00,115.518450,35.722451,762.48,-0.00118788
2025,256,1,88.69,115.519069,35.723070,1046.54,-0.00203152
2025,256,2,177.38,115.519782,35.723528,971.78,-0.00225295
2025,256,3,266.06,115.520606,35.723798,239.21,-0.00163074
2025,257,0,0.00,115.521414,35.722181,523.27,0.00539523
2025,257,1,49.19,115.521414,35.722624,418.61,0.00550697
2025,257,2,98.39,115.521145,35.722989,403.66,0.00561871
2025,258,0,0.00,115.521414,35.722181,463.47,0.00152518
2025,258,1,83.44,115.521684,35.721507,433.57,0.00000000
2025,258,2,166.87,115.522162,35.720894,403.66,-0.00152005
2025,258,3,250.31,115.522223,35.720160,403.66,-0.00000000
2025,258,4,333.74,115.522492,35.719486,343.86,0.00151492
2025,259,0,0.00,115.517641,35.723528,1270.79,0.00110310
2025,259,1,98.15,115.518426,35.724044,986.73,0.00106366
2025,259,2,196.31,115.519112,35.724729,867.13,0.00051211
2025,259,3,294.46,115.519797,35.725415,777.43,0.00000000
2025,26,0,0.00,115.160291,35.419269,1360.50,0.00111713
2025,26,1,97.68,115.160027,35.420072,1136.24,0.00148806
2025,26,2,195.36,115.159554,35.420815,897.03,0.00290097
2025,26,3,293.05,115.159005,35.421425,463.47,0.00344619
2025,26,4,390.73,115.158086,35.421695,403.66,0.00206168
2025,26,5,488.41,115.157166,35.421964,343.86,0.00092265
2025,26,6,586.09,115.156149,35.422064,388.71,0.00010636
2025,26,7,683.78,115.155171,35.422234,373.76,-0.00045867
2025,260,0,0.00,115.517641,35.723528,538.22,-0.00384160
2025,260,1,83.43,115.517102,35.724124,523.27,-0.00381028
2025,260,2,166.87,115.517102,35.724876,553.17,-0.00377895
2025,261,0,0.00,115.520606,35.723798,553.17,0.00218870
2025,261,1,68.48,115.520545,35.724398,388.71,0.00334183
2025,261,2,136.97,115.520276,35.724937,418.61,0.00329944
2025,261,3,205.45,115.519797,35.725415,538.22,0.00210392
2025,262,0,0.00,115.520606,35.723798,523.27,-0.00347724
2025,262,1,53.53,115.520980,35.723424,403.66,-0.00358390
2025,262,2,107.07,115.521145,35.722989,403.66,-0.00369056
2025,264,0,0.00,115.521145,35.722989,627.92,0.00000000
2025,264,1,24.38,115.520875,35.722989,807.33,0.00000000
2025,264,2,48.77,115.520606,35.722989,807.33,0.00000000
2025,265,0,0.00,115.519797,35.725415,433.57,0.00539505
2025,265,1,49.19,115.519797,35.725858,388.71,0.00550678
2025,265,2,98.39,115.519528,35.726223,418.61,0.00561852
2025,267,0,0.00,115.517102,35.724876,837.23,-0.00000000
2025,267,1,77.16,115.517641,35.725415,911.98,-0.00000000
2025,267,2,154.33,115.518180,35.725954,777.43,0.00000000
2025,267,3,231.49,115.518719,35.726493,762.48,0.00000000
2025,267,4,308.66,115.519258,35.727032,717.63,0.00000000
2025,268,0,0.00,115.517102,35.724876,418.61,-0.00000000
2025,268,1,93.08,115.516563,35.725558,538.22,-0.00145406
2025,268,2,186.16,115.516024,35.726241,388.71,-0.00234012
2025,268,3,279.24,115.515987,35.727069,433.57,-0.00032527
2025,268,4,372.32,115.515755,35.727840,523.27,0.00112157
2025,269,0,0.00,115.519528,35.726223,807.33,0.00000000
2025,269,1,12.19,115.519393,35.726223,807.33,0.00000000
2025,269,2,24.38,115.519258,35.726223,807.33,0.00000000
2025,27,0,0.00,115.160291,35.419269,553.17,0.00113977
2025,27,1,99.56,115.161183,35.418916,493.37,0.00171600
2025,27,2,199.12,115.162172,35.418730,478.42,0.00113411
2025,27,3,298.68,115.163268,35.418730,478.42,-0.00025958
2025,27,4,398.23,115.164254,35.418540,493.37,0.00033018
2025,27,5,497.79,115.165304,35.418461,508.32,-0.00000000
2025,27,6,597.35,115.166401,35.418461,508.32,-0.00057776
2025,27,7,696.91,115.167341,35.418191,508.32,0.00080493
2025,27,8,796.47,115.168437,35.418191,508.32,0.00000000
2025,27,9,896.03,115.169533,35.418191,508.32,-0.00080493
2025,27,10,995.59,115.170473,35.417922,538.22,0.00080493
2025,27,11,1095.14,115.171570,35.417922,538.22,0.00080493
2025,27,12,1194.70,115.172666,35.417922,538.22,0.00080493
2025,27,13,1294.26,115.173762,35.417922,568.12,0.00080493
2025,27,14,1393.82,115.174702,35.418191,598.02,-0.00160987
2025,27,15,1493.38,115.175798,35.418191,568.12,-0.00160987
2025,27,16,1592.94,115.176739,35.417922,598.02,0.00022021
2025,27,17,1692.49,115.177835,35.417922,598.02,-0.00000000
2025,27,18,1792.05,115.178816,35.417723,612.97,0.00001570
2025,27,19,1891.61,115.179871,35.417652,627.92,0.00000000
2025,27,20,1991.17,115.180896,35.417529,598.02,0.00014408
2025,27,21,2090.73,115.181908,35.417383,627.92,0.00012494
2025,27,22,2190.29,115.183004,35.417383,627.92,-0.00037999
2025,27,23,2289.85,115.183967,35.417153,612.97,0.00056739
2025,27,24,2389.40,115.185040,35.417113,627.92,-0.00000000
2025,27,25,2488.96,115.186136,35.417113,627.92,-0.00069233
2025,27,26,2588.52,115.187077,35.416844,627.92,0.00080493
2025,27,27,2688.08,115.188173,35.416844,598.02,0.00000000
2025,27,28,2787.64,115.189269,35.416844,598.02,-0.00169147
2025,27,29,2887.20,115.190209,35.416574,627.92,-0.00088653
2025,27,30,2986.76,115.191149,35.416305,657.82,0.00088653
2025,27,31,3086.31,115.192090,35.416035,627.92,0.00169147
2025,27,32,3185.87,115.193186,35.416035,568.12,0.00080493
2025,27,33,3285.43,115.194282,35.416035,538.22,-0.00063608
2025,27,34,3384.99,115.195378,35.416035,568.12,-0.00080493
2025,27,35,3484.55,115.196350,35.415820,612.97,-0.00034107
2025,27,36,3584.11,115.197415,35.415766,627.92,-0.00016763
2025,27,37,3683.66,115.198355,35.415496,627.92,0.00017221
2025,27,38,3783.22,115.199421,35.415444,642.87,-0.00054161
2025,27,39,3882.78,115.200391,35.415227,657.82,-0.00088653
2025,27,40,3982.34,115.201332,35.414957,657.82,0.00024406
2025,27,41,4081.90,115.202272,35.414688,687.72,0.00088653
2025,27,42,4181.46,115.203285,35.414544,687.72,0.00005919
2025,27,43,4281.02,115.204308,35.414418,657.82,-0.00049073
2025,27,44,4380.57,115.205248,35.414149,657.82,0.00040599
2025,27,45,4480.13,115.206257,35.413997,687.72,0.00095523
2025,27,46,4579.69,115.207285,35.413879,717.63,0.00080493
2025,27,47,4679.25,115.208381,35.413879,687.72,-0.00046450
2025,27,48,4778.81,115.209477,35.413879,717.63,-0.00169147
2025,27,49,4878.37,115.210417,35.413610,747.53,-0.00177307
2025,270,0,0.00,115.519528,35.726223,598.02,0.01018384
2025,270,1,65.72,115.519797,35.726738,448.52,0.01053324
2025,270,2,131.45,115.519258,35.727032,508.32,0.01088263
2025,272,0,0.00,115.519258,35.727032,403.66,0.00053656
2025,272,1,89.47,115.518989,35.727760,403.66,0.00198971
2025,272,2,178.94,115.518635,35.728464,418.61,0.00320508
2025,272,3,268.41,115.517911,35.728918,657.82,0.00296730
2025,273,0,0.00,115.515755,35.727840,598.02,-0.00125901
2025,273,1,94.20,115.515097,35.728498,478.42,-0.00172510
2025,273,2,188.41,115.514677,35.729226,433.57,-0.00152719
2025,273,3,282.61,115.514407,35.729996,418.61,-0.00086320
2025,274,0,0.00,115.515755,35.727840,777.43,-0.00076822
2025,274,1,83.95,115.516341,35.728427,956.83,-0.00309710
2025,274,2,167.90,115.516983,35.728918,1285.75,-0.00489715
2025,274,3,251.85,115.517911,35.728918,717.63,-0.00436832
2025,276,0,0.00,115.517911,35.728918,642.87,0.00381297
2025,276,1,89.81,115.518180,35.729650,598.02,0.00400121
2025,276,2,179.62,115.517822,35.730355,433.57,0.00191341
2025,276,3,269.43,115.517403,35.731043,403.66,-0.00149161
2025,276,4,359.24,115.517102,35.731765,418.61,-0.00219468
2025,276,5,449.05,115.517102,35.732574,418.61,-0.00009568
2025,276,6,538.86,115.517102,35.733384,403.66,0.00078871
2025,276,7,628.67,115.516833,35.734115,448.52,0.00000000
2025,276,8,718.48,115.516833,35.734925,343.86,0.00083650
2025,276,9,808.30,115.516563,35.735656,538.22,0.00167300
2025,277,0,0.00,115.514407,35.729996,418.61,-0.00026692
2025,277,1,90.91,115.513981,35.730692,418.61,-0.00064076
2025,277,2,181.82,115.513599,35.731400,373.76,-0.00164492
2025,277,3,272.73,115.513338,35.732144,388.71,-0.00186087
2025,277,4,363.64,115.513329,35.732961,433.57,-0.00144650
2025,278,0,0.00,115.514407,35.729996,807.33,0.00000000
2025,278,1,99.99,115.515106,35.730695,1001.69,0.00048738
2025,278,2,199.98,115.515804,35.731393,568.12,0.00099960
2025,278,3,299.97,115.516294,35.732152,403.66,0.00102443
2025,279,0,0.00,115.516563,35.735656,508.32,0.00224719
2025,279,1,99.47,115.515464,35.735656,254.16,0.00407361
2025,279,2,198.95,115.514578,35.735288,194.36,0.00487717
2025,279,3,298.42,115.514138,35.734519,269.11,0.00181050
2025,279,4,397.89,115.513815,35.733716,313.96,-0.00053323
2025,279,5,497.37,115.513329,35.732961,478.42,-0.00083315
2025,28,0,0.00,115.150859,35.422503,687.72,-0.00078589
2025,28,1,85.96,115.151656,35.422761,672.77,-0.00529925
2025,28,2,171.92,115.152355,35.422894,642.87,-0.00831050
2025,28,3,257.88,115.152746,35.422234,1091.39,-0.00680839
2025,280,0,0.00,115.516563,35.735656,284.06,-0.00215142
2025,280,1,99.23,115.516839,35.736470,209.31,-0.00304522
2025,280,2,198.46,115.517532,35.737163,164.46,-0.00340389
2025,280,3,297.69,115.518408,35.737542,209.31,-0.00088261
2025,280,4,396.92,115.519348,35.737812,239.21,0.00055178
2025,280,5,496.15,115.520131,35.738351,269.11,-0.00080299
2025,280,6,595.37,115.521071,35.738620,269.11,0.00006953
2025,280,7,694.60,115.521990,35.738926,313.96,0.00067780
2025,280,8,793.83,115.522782,35.739449,358.81,-0.00101138
2025,280,9,893.06,115.523734,35.739698,358.81,0.00012519
2025,280,10,992.29,115.524664,35.739984,418.61,0.00173883
2025,280,11,1091.52,115.525457,35.740507,493.37,0.00159398
2025,281,0,0.00,115.513329,35.732961,956.83,0.00353474
2025,281,1,68.05,115.512577,35.732961,1091.39,0.00372426
2025,281,2,136.10,115.511982,35.732691,1061.49,0.00391378
2025,282,0,0.00,115.525457,35.740507,1031.59,-0.00171664
2025,282,1,87.77,115.524918,35.741141,971.78,-0.00174677
2025,282,2,175.54,115.524648,35.741854,134.55,-0.00177690
2025,283,0,0.00,115.525457,35.740507,463.47,0.00203994
2025,283,1,93.15,115.526329,35.740237,418.61,0.00244260
2025,283,2,186.30,115.527359,35.740237,418.61,0.00184677
2025,283,3,279.45,115.528302,35.740387,358.81,-0.00010453
2025,283,4,372.60,115.529262,35.740507,328.91,-0.00049400
2025,283,5,465.75,115.530291,35.740507,328.91,0.00052867
2025,283,6,558.90,115.531246,35.740636,328.91,0.00053100
2025,283,7,652.05,115.532194,35.740776,328.91,0.00007400
2025,284,0,0.00,115.532194,35.740776,986.73,0.00160895
2025,284,1,80.30,115.532546,35.740155,657.82,0.00418738
2025,284,2,160.60,115.533107,35.739594,328.91,0.00975801
2025,284,3,240.90,115.533767,35.739654,373.76,0.00842165
2025,284,4,321.20,115.534328,35.740215,508.32,0.00204654
2025,284,5,401.50,115.534889,35.740776,598.02,0.00000000
2025,285,0,0.00,115.532194,35.740776,328.91,-0.00215576
2025,285,1,90.73,115.533040,35.741046,269.11,-0.00302781
2025,285,2,181.45,115.534043,35.741046,358.81,-0.00302781
2025,285,3,272.18,115.534889,35.740776,358.81,-0.00215576
2025,286,0,0.00,115.534889,35.740776,358.81,0.00000000
2025,286,1,99.87,115.535993,35.740776,358.81,-0.00013896
2025,286,2,199.73,115.537097,35.740776,388.71,-0.00080006
2025,286,3,299.60,115.538172,35.740727,373.76,-0.00099359
2025,286,4,399.46,115.539148,35.740507,418.61,0.00000000
2025,286,5,499.33,115.540163,35.740353,418.61,0.00079962
2025,286,6,599.19,115.541199,35.740237,448.52,0.00050471
2025,286,7,699.06,115.542303,35.740237,448.52,-0.00046712
2025,286,8,798.92,115.543347,35.740134,493.37,-0.00018627
2025,286,9,898.79,115.544354,35.739968,508.32,0.00080006
2025,286,10,998.65,115.545458,35.739968,478.42,-0.00031844
2025,286,11,1098.52,115.546562,35.739968,478.42,-0.00080006
2025,286,12,1198.38,115.547509,35.739698,478.42,0.00080006
2025,286,13,1298.25,115.548613,35.739698,508.32,-0.00000000
2025,286,14,1398.11,115.549717,35.739698,478.42,-0.00114442
2025,286,15,1497.98,115.550664,35.739429,508.32,0.00000000
2025,286,16,1597.84,115.551705,35.739321,508.32,-0.00017785
2025,286,17,1697.71,115.552715,35.739159,478.42,-0.00088139
2025,286,18,1797.57,115.553662,35.738890,493.37,-0.00035918
2025,286,19,1897.44,115.554609,35.738620,463.47,0.00088139
2025,286,20,1997.30,115.555556,35.738351,448.52,0.00088139
2025,286,21,2097.17,115.556660,35.738351,418.61,0.00000000
2025,286,22,2197.03,115.557607,35.738081,388.71,0.00080006
2025,286,23,2296.90,115.558711,35.738081,358.81,-0.00088139
2025,286,24,2396.76,115.559815,35.738081,299.01,-0.00168145
2025,286,25,2496.63,115.560605,35.737542,284.06,0.00031253
2025,286,26,2596.49,115.561709,35.737542,299.01,-0.00091584
2025,286,27,2696.36,115.562553,35.737097,328.91,-0.00062932
2025,286,28,2796.22,115.563446,35.736734,328.91,0.00091584
2025,286,29,2896.09,115.564393,35.736464,328.91,0.00059774
2025,286,30,2995.95,115.565340,35.736195,328.91,-0.00000000
2025,286,31,3095.82,115.566336,35.736009,358.81,-0.00056535
2025,286,32,3195.68,115.567234,35.735656,418.61,0.00000000
2025,286,33,3295.55,115.568181,35.735386,388.71,0.00028440
2025,286,34,3395.41,115.569128,35.735117,418.61,-0.00000000
2025,286,35,3495.28,115.570075,35.734847,388.71,-0.00000000
2025,286,36,3595.14,115.571022,35.734578,418.61,-0.00063917
2025,286,37,3695.01,115.571969,35.734308,418.61,-0.00091584
2025,286,38,3794.87,115.572806,35.733851,433.57,0.00036364
2025,286,39,3894.74,115.573706,35.733500,448.52,0.00030024
2025,286,40,3994.60,115.574653,35.733230,418.61,-0.00063773
2025,286,41,4094.47,115.575494,35.732780,448.52,0.00002098
2025,286,42,4194.33,115.576390,35.732423,448.52,0.00031864
2025,286,43,4294.20,115.577286,35.732066,448.52,-0.00002617
2025,286,44,4394.06,115.578182,35.731709,478.42,-0.00057708
2025,286,45,4493.93,115.579074,35.731344,463.47,-0.00029505
2025,286,46,4593.79,115.579875,35.730824,508.32,0.00019032
2025,286,47,4693.66,115.580811,35.730535,493.37,-0.00048307
2025,286,48,4793.52,115.581601,35.729996,448.52,0.00019440
2025,286,49,4893.39,115.582464,35.729583,508.32,0.00022720
2025,286,50,4993.25,115.583360,35.729226,493.37,-0.00038472
2025,286,51,5093.12,115.584157,35.728699,523.27,0.00008813
2025,286,52,5192.98,115.585053,35.728341,493.37,0.00000000
2025,286,53,5292.85,115.585865,35.727840,508.32,0.00016773
2025,286,54,5392.71,115.586746,35.727457,508.32,-0.00000000
2025,286,55,5492.58,115.587602,35.727032,508.32,-0.00002582
2025,286,56,5592.44,115.588438,35.726573,508.32,-0.00000000
2025,286,57,5692.31,115.589334,35.726216,538.22,0.00005166
2025,286,58,5792.17,115.590131,35.725688,553.17,0.00115565
2025,286,59,5892.04,115.591076,35.725415,538.22,0.00001138
2025,286,60,5991.90,115.592022,35.725145,538.22,-0.00057857
2025,286,61,6091.77,115.592819,35.724617,448.52,0.00086257
2025,286,62,6191.63,115.593814,35.724431,433.57,0.00027703
2025,286,63,6291.50,115.594710,35.724074,448.52,0.00056495
2025,286,64,6391.36,115.595654,35.723798,388.71,0.00119898
2025,286,65,6491.23,115.596701,35.723700,343.86,0.00122505
2025,286,66,6591.09,115.597705,35.723528,299.01,0.00080006
2025,286,67,6690.96,115.598691,35.723730,284.06,0.00013178
2025,286,68,6790.82,115.599599,35.723528,179.41,0.00168145
2025,286,69,6890.69,115.600546,35.723798,119.60,0.00145717
2025,286,70,6990.55,115.601493,35.724067,224.26,0.00067816
2025,286,71,7090.42,115.602440,35.724337,299.01,0.00091584
2025,286,72,7190.28,115.603271,35.724806,328.91,0.00049355
2025,286,73,7290.15,115.604177,35.725145,299.01,0.00089149
2025,286,74,7390.01,115.604963,35.725690,328.91,-0.00000000
2025,286,75,7489.88,115.605757,35.726223,343.86,-0.00089149
2025,286,76,7589.74,115.606656,35.726575,373.76,0.00037108
2025,286,77,7689.61,115.607494,35.727032,388.71,0.00048942
2025,286,78,7789.47,115.608284,35.727571,388.71,0.00026454
2025,286,79,7889.34,115.609146,35.727986,403.66,0.00032717
2025,286,80,7989.20,115.609864,35.728649,418.61,-0.00051841
2025,286,81,8089.07,115.610739,35.729041,418.61,0.00000000
2025,286,82,8188.93,115.611536,35.729568,448.52,0.00015815
2025,286,83,8288.80,115.612333,35.730096,433.57,-0.00024690
2025,286,84,8388.66,115.613181,35.730535,478.42,0.00056303
2025,286,85,8488.53,115.613971,35.731074,418.61,0.00048802
2025,286,86,8588.39,115.614723,35.731678,433.57,0.00025421
2025,286,87,8688.26,115.615520,35.732205,463.47,-0.00024112
2025,286,88,8788.12,115.616218,35.732902,493.37,-0.00109260
2025,286,89,8887.99,115.617114,35.733259,478.42,-0.00001865
2025,286,90,8987.85,115.617911,35.733787,493.37,0.00056072
2025,286,91,9087.72,115.618711,35.734308,478.42,-0.00052267
2025,286,92,9187.58,115.619504,35.734841,508.32,-0.00056072
2025,286,93,9287.45,115.620400,35.735198,493.37,0.00035211
2025,286,94,9387.31,115.621197,35.735726,463.47,0.00040968
2025,286,95,9487.18,115.622028,35.736195,478.42,-0.00017708
2025,286,96,9587.04,115.622818,35.736734,478.42,0.00022594
2025,286,97,9686.91,115.623687,35.737137,508.32,0.00036629
2025,286,98,9786.77,115.624398,35.737812,478.42,-0.00000037
2025,286,99,9886.64,115.625280,35.738192,523.27,-0.00000000
2025,286,100,9986.50,115.625978,35.738890,478.42,-0.00063525
2025,286,101,10086.37,115.626874,35.739247,493.37,0.00000000
2025,286,102,10186.23,115.627671,35.739774,478.42,0.00109260
2025,286,103,10286.10,115.628468,35.740301,493.37,-0.00000000
2025,286,104,10385.96,115.629165,35.740999,493.37,-0.00109260
2025,286,105,10485.83,115.630061,35.741356,493.37,0.00000000
2025,286,106,10585.69,115.630858,35.741883,508.32,0.00056072
2025,286,107,10685.56,115.631655,35.742410,478.42,0.00001937
2025,286,108,10785.42,115.632452,35.742938,478.42,-0.00000000
2025,286,109,10885.29,115.633245,35.743471,478.42,-0.00003877
2025,286,110,10985.16,115.634045,35.743992,478.42,0.00053188
2025,286,111,11085.02,115.634842,35.744520,448.52,0.00018770
2025,286,112,11184.89,115.635540,35.745217,463.47,-0.00053188
2025,286,113,11284.75,115.636405,35.745627,463.47,-0.00009339
2025,286,114,11384.62,115.637133,35.746272,478.42,0.00000000
2025,286,115,11484.48,115.637985,35.746705,448.52,0.00022352
2025,286,116,11584.35,115.638727,35.747327,463.47,0.00000000
2025,286,117,11684.21,115.639524,35.747854,478.42,0.00023346
2025,286,118,11784.08,115.640320,35.748381,493.37,-0.00000000
2025,286,119,11883.94,115.641018,35.749079,493.37,-0.00053188
2025,286,120,11983.81,115.641914,35.749436,508.32,0.00000000
2025,286,121,12083.67,115.642612,35.750133,493.37,-0.00056072
2025,286,122,12183.54,115.643508,35.750490,508.32,-0.00056072
2025,286,123,12283.40,115.644304,35.751018,463.47,-0.00025844
2025,286,124,12383.27,115.645200,35.751375,433.57,-0.00055610
2025,286,125,12483.13,115.646042,35.751825,388.71,0.00000258
2025,286,126,12583.00,115.646989,35.752095,418.61,0.00053544
2025,286,127,12682.86,115.647779,35.752634,388.71,0.00000000
2025,286,128,12782.73,115.648685,35.752973,328.91,0.00002066
2025,286,129,12882.59,115.649516,35.753442,299.01,-0.00012368
2025,286,130,12982.46,115.650378,35.753857,284.06,-0.00075123
2025,286,131,13082.32,115.651274,35.754214,284.06,-0.00066911
2025,286,132,13182.19,115.652200,35.754520,254.16,-0.00042047
2025,286,133,13282.05,115.653147,35.754790,239.21,-0.00012305
2025,286,134,13381.92,115.654094,35.755059,239.21,0.00000000
2025,286,135,13481.78,115.655041,35.755329,239.21,-0.00000000
2025,286,136,13581.65,115.655988,35.755598,239.21,-0.00035023
2025,286,137,13681.51,115.656935,35.755868,239.21,-0.00088139
2025,286,138,13781.38,115.657943,35.756032,224.26,-0.00073692
2025,286,139,13881.24,115.658986,35.756137,209.31,0.00000000
2025,286,140,13981.11,115.660033,35.756236,224.26,0.00075887
2025,286,141,14080.97,115.661037,35.756407,254.16,-0.00000000
2025,286,142,14180.84,115.661984,35.756676,239.21,-0.00055311
2025,286,143,14280.70,115.663088,35.756676,269.11,0.00000000
2025,286,144,14380.57,115.664035,35.756946,269.11,-0.00060299
2025,286,145,14480.43,115.665139,35.756946,299.01,-0.00000000
2025,286,146,14580.30,115.666202,35.757015,284.06,0.00038723
2025,286,147,14680.16,115.667190,35.757215,328.91,-0.00024599
2025,286,148,14780.03,115.668294,35.757215,358.81,0.00021576
2025,286,149,14879.89,115.669287,35.757405,343.86,0.00049922
2025,286,150,14979.76,115.670345,35.757485,388.71,-0.00000000
2025,286,151,15079.62,115.671292,35.757754,358.81,-0.00105329
2025,286,152,15179.49,115.672396,35.757754,388.71,-0.00080006
2025,286,153,15279.35,115.673500,35.757754,418.61,0.00080006
2025,286,154,15379.22,115.674604,35.757754,418.61,0.00137479
2025,286,155,15479.08,115.675551,35.758024,448.52,-0.00000000
2025,286,156,15578.95,115.676551,35.758202,433.57,-0.00111356
2025,286,157,15678.81,115.677602,35.758293,448.52,0.00000000
2025,286,158,15778.68,115.678706,35.758293,478.42,0.00053883
2025,286,159,15878.54,115.679653,35.758563,448.52,0.00000000
2025,286,160,15978.41,115.680757,35.758563,478.42,0.00000000
2025,286,161,16078.27,115.681704,35.758832,478.42,-0.00080006
2025,286,162,16178.14,115.682808,35.758832,508.32,-0.00027040
2025,286,163,16278.00,115.683912,35.758832,478.42,-0.00000000
2025,286,164,16377.87,115.684910,35.759014,463.47,-0.00175199
2025,286,165,16477.73,115.685806,35.758832,523.27,-0.00244466
2025,287,0,0.00,115.685806,35.758832,538.22,-0.00053488
2025,287,1,94.42,115.686693,35.759102,538.22,-0.00099143
2025,287,2,188.84,115.687621,35.759300,523.27,-0.00046973
2025,287,3,283.27,115.688624,35.759371,538.22,-0.00000000
2025,287,4,377.69,115.689511,35.759641,508.32,-0.00115221
2025,287,5,472.11,115.690555,35.759641,478.42,-0.00089796
2025,287,6,566.53,115.691599,35.759641,448.52,0.00000000
2025,287,7,660.96,115.692643,35.759641,478.42,0.00000000
2025,287,8,755.38,115.693687,35.759641,508.32,0.00089796
2025,287,9,849.80,115.694731,35.759641,478.42,0.00089796
2025,287,10,944.22,115.695618,35.759910,478.42,-0.00025136
2025,287,11,1038.64,115.696662,35.759910,478.42,-0.00000000
2025,287,12,1133.07,115.697591,35.760108,433.57,0.00035152
2025,287,13,1227.49,115.698594,35.760180,493.37,0.00207283
2025,287,14,1321.91,115.699506,35.760405,493.37,0.00557733
2025,287,15,1416.33,115.700089,35.760946,508.32,0.00534716
2025,287,16,1510.75,115.700089,35.761797,732.58,0.00348498
2025,288,0,0.00,115.685806,35.758832,1794.06,0.00000000
2025,288,1,82.63,115.685806,35.758088,1794.06,-0.00093438
2025,288,2,165.26,115.685806,35.757343,1225.94,-0.00192640
2025,288,3,247.89,115.685536,35.756676,837.23,-0.00198404
2025,289,0,0.00,115.700089,35.761797,792.38,-0.00153164
2025,289,1,83.93,115.699403,35.762213,1031.59,0.00080689
2025,289,2,167.86,115.698817,35.762799,732.58,0.00395645
2025,289,3,251.79,115.697933,35.762875,508.32,0.00476748
2025,29,0,0.00,115.150859,35.422503,852.18,-0.00000000
2025,29,1,53.59,115.150590,35.422907,956.83,-0.00000000
2025,29,2,107.18,115.150320,35.423312,672.77,-0.00000000
2025,290,0,0.00,115.700089,35.761797,358.81,0.00000000
2025,290,1,53.53,115.700359,35.762201,373.76,0.00000000
2025,290,2,107.05,115.700628,35.762605,269.11,0.00000000
2025,291,0,0.00,115.700628,35.762605,1390.40,0.00532945
2025,291,1,55.84,115.701246,35.762605,1076.44,0.00557589
2025,291,2,111.69,115.701706,35.762875,553.17,0.00582234
2025,292,0,0.00,115.700628,35.762605,1031.59,-0.00269648
2025,292,1,98.38,115.700359,35.763414,209.31,-0.00269648
2025,292,2,196.76,115.700628,35.764222,239.21,-0.00269648
2025,293,0,0.00,115.700628,35.764222,1569.81,0.00000000
2025,293,1,60.93,115.701302,35.764222,1539.90,0.00000000
2025,293,2,121.85,115.701976,35.764222,328.91,0.00000000
2025,294,0,0.00,115.700628,35.764222,194.36,-0.00377746
2025,294,1,83.43,115.700359,35.764896,209.31,-0.00377746
2025,294,2,166.86,115.700628,35.765570,269.11,-0.00377746
2025,295,0,0.00,115.700628,35.765570,1719.31,0.00000000
2025,295,1,60.93,115.701302,35.765570,1689.41,0.00000000
2025,295,2,121.85,115.701976,35.765570,478.42,0.00000000
2025,296,0,0.00,115.700628,35.765570,239.21,0.00000000
2025,296,1,95.90,115.700359,35.766356,269.11,-0.00014283
2025,296,2,191.80,115.700089,35.767142,299.01,-0.00123570
2025,296,3,287.70,115.699872,35.767943,299.01,-0.00184065
2025,296,4,383.60,115.700020,35.768734,328.91,0.00033546
2025,296,5,479.50,115.700089,35.769579,418.61,0.00125284
2025,296,6,575.40,115.699820,35.770365,388.71,-0.00052016
2025,296,7,671.30,115.699820,35.771229,478.42,-0.00137953
2025,297,0,0.00,115.700089,35.771499,672.77,0.00000000
2025,297,1,19.29,115.699954,35.771364,612.97,0.00000000
2025,297,2,38.57,115.699820,35.771229,612.97,0.00000000
2025,298,0,0.00,115.699820,35.771229,1794.06,0.00000000
2025,298,1,24.37,115.699550,35.771229,1794.06,0.00000000
2025,298,2,48.74,115.699281,35.771229,1659.51,0.00000000
2025,299,0,0.00,115.700089,35.771499,822.28,0.00296735
2025,299,1,77.84,115.700793,35.771229,1210.99,0.00282159
2025,299,2,155.68,115.701654,35.771229,1046.54,0.00133792
2025,299,3,233.52,115.702515,35.771229,254.16,0.00000000
2025,3,0,0.00,115.146008,35.421156,837.23,0.00541186
2025,3,1,49.22,115.146008,35.420712,1794.06,0.00552430
2025,3,2,98.44,115.146278,35.420347,852.18,0.00563674
2025,30,0,0.00,115.152746,35.422234,672.77,-0.00199985
2025,30,1,92.31,115.153587,35.422536,418.61,-0.00348229
2025,30,2,184.62,115.154330,35.422536,418.61,-0.00348229
2025,30,3,276.93,115.155171,35.422234,433.57,-0.00199985
2025,300,0,0.00,115.700089,35.771499,493.37,-0.00000000
2025,300,1,95.49,115.699820,35.772281,493.37,-0.00073711
2025,300,2,190.97,115.699550,35.773063,493.37,-0.00143293
2025,300,3,286.46,115.699550,35.773924,538.22,-0.00139164
2025,301,0,0.00,115.699550,35.773924,538.22,-0.00061940
2025,301,1,98.38,115.699011,35.774654,538.22,-0.00140387
2025,301,2,196.75,115.698593,35.775420,523.27,-0.00163417
2025,301,3,295.13,115.698472,35.776271,433.57,-0.00069324
2025,301,4,393.51,115.698263,35.777097,403.66,-0.00132209
2025,301,5,491.88,115.698203,35.777966,448.52,-0.00200289
2025,301,6,590.26,115.698472,35.778775,538.22,-0.00166806
2025,302,0,0.00,115.699550,35.773924,747.53,0.00000000
2025,302,1,82.23,115.700125,35.774498,762.48,-0.00045151
2025,302,2,164.45,115.700699,35.775073,926.93,-0.00323101
2025,302,3,246.68,115.701336,35.775541,672.77,-0.00494224
2025,302,4,328.91,115.702245,35.775541,284.06,-0.00432549
2025,303,0,0.00,115.698472,35.778775,1794.06,-0.00056829
2025,303,1,91.24,115.699481,35.778775,1360.50,-0.00096366
2025,303,2,182.49,115.700442,35.778692,1061.49,0.00267956
2025,303,3,273.73,115.701342,35.778505,762.48,0.00927417
2025,303,4,364.97,115.701706,35.779173,538.22,0.00778473
2025,303,5,456.22,115.701437,35.779917,493.37,0.00186963
2025,303,6,547.46,115.701167,35.780661,568.12,0.00000000
2025,304,0,0.00,115.698472,35.778775,508.32,-0.00561531
2025,304,1,49.19,115.698203,35.779140,493.37,-0.00550370
2025,304,2,98.38,115.698203,35.779583,523.27,-0.00539209
2025,305,0,0.00,115.701167,35.780661,418.61,0.00000000
2025,305,1,85.28,115.700224,35.780661,1061.49,0.00000000
2025,305,2,170.56,115.699281,35.780661,1390.40,0.00000000
2025,306,0,0.00,115.701167,35.780661,568.12,0.00445060
2025,306,1,68.47,115.701106,35.781261,508.32,0.00439285
2025,306,2,136.95,115.700628,35.781739,642.87,0.00433510
2025,307,0,0.00,115.698203,35.779583,762.48,-0.00000000
2025,307,1,77.14,115.698742,35.780122,897.03,-0.00000000
2025,307,2,154.29,115.699281,35.780661,897.03,-0.00000000
2025,308,0,0.00,115.698203,35.779583,538.22,-0.00294117
2025,308,1,88.73,115.697664,35.780227,523.27,-0.00256717
2025,308,2,177.46,115.697589,35.781005,598.02,-0.00132514
2025,308,3,266.20,115.697394,35.781748,627.92,-0.00080782
2025,308,4,354.93,115.697394,35.782548,553.17,-0.00115854
2025,309,0,0.00,115.699281,35.780661,702.67,-0.00325938
2025,309,1,97.17,115.699751,35.781401,1031.59,-0.00334864
2025,309,2,194.35,115.700628,35.781739,687.72,-0.00343790
2025,312,0,0.00,115.700628,35.781739,717.63,0.00138638
2025,312,1,98.38,115.700898,35.782548,583.07,0.00269594
2025,312,2,196.75,115.700898,35.783434,523.27,0.00340652
2025,312,3,295.13,115.700359,35.784165,523.27,0.00280754
2025,313,0,0.00,115.697394,35.782548,926.93,0.00000000
2025,313,1,19.29,115.697529,35.782683,926.93,0.00000000
2025,313,2,38.57,115.697664,35.782817,897.03,0.00000000
2025,314,0,0.00,115.697664,35.782817,1390.40,0.00000000
2025,314,1,85.95,115.698614,35.782817,1420.30,0.00109008
2025,314,2,171.90,115.699565,35.782817,807.33,0.00229710
2025,314,3,257.86,115.700359,35.783087,104.65,0.00241405
2025,315,0,0.00,115.697664,35.782817,822.28,-0.00151769
2025,315,1,82.59,115.698032,35.783455,762.48,-0.00350308
2025,315,2,165.19,115.698609,35.784032,1121.29,-0.00552626
2025,315,3,247.78,115.699445,35.784165,1001.69,-0.00334407
2025,315,4,330.38,115.700359,35.784165,657.82,-0.00112407
2025,316,0,0.00,115.697394,35.782548,612.97,-0.00040442
2025,316,1,81.33,115.696826,35.783116,598.02,-0.00232683
2025,316,2,162.66,115.696316,35.783701,523.27,-0.00400113
2025,316,3,243.99,115.696316,35.784434,568.12,-0.00375302
2025,317,0,0.00,115.700359,35.784165,568.12,0.00000000
2025,317,1,86.56,115.700359,35.784945,568.12,0.00084952
2025,317,2,173.13,115.700359,35.785725,523.27,0.00175096
2025,317,3,259.69,115.700089,35.786427,553.17,0.00090143
2025,317,4,346.26,115.699820,35.787129,747.53,0.00000000
2025,318,0,0.00,115.696316,35.784434,986.73,0.00000000
2025,318,1,91.76,115.696957,35.785075,837.23,0.00000000
2025,318,2,183.52,115.697598,35.785717,807.33,-0.00047596
2025,318,3,275.28,115.698240,35.786358,867.13,-0.00189180
2025,318,4,367.04,115.698962,35.786860,538.22,-0.00235256
2025,318,5,458.80,115.699820,35.787129,239.21,-0.00187346
2025,319,0,0.00,115.696316,35.784434,538.22,-0.00151191
2025,319,1,94.08,115.695777,35.785126,523.27,-0.00076233
2025,319,2,188.16,115.695508,35.785896,747.53,-0.00009224
2025,319,3,282.24,115.694971,35.786588,463.47,-0.00152109
2025,319,4,376.32,115.694731,35.787366,463.47,-0.00200069
2025,319,5,470.40,115.694699,35.788205,418.61,-0.00000614
2025,319,6,564.48,115.694670,35.789045,403.66,0.00123640
2025,319,7,658.56,115.694430,35.789823,418.61,0.00058507
2025,319,8,752.64,115.694160,35.790592,463.47,-0.00067708
2025,319,9,846.72,115.693952,35.791380,418.61,-0.00114439
2025,319,10,940.80,115.693891,35.792210,418.61,-0.00071700
2025,319,11,1034.88,115.693891,35.793058,568.12,-0.00031538
2025,320,0,0.00,115.699820,35.787129,493.37,0.00000000
2025,320,1,29.90,115.699820,35.787399,448.52,0.00000000
2025,320,2,59.80,115.699820,35.787668,448.52,0.00000000
2025,321,0,0.00,115.693891,35.793058,1076.44,0.00199828
2025,321,1,71.05,115.694486,35.793384,926.93,-0.00113874
2025,321,2,142.10,115.694991,35.793867,1270.79,-0.00516365
2025,321,3,213.16,115.695777,35.793867,1031.59,-0.00605153
2025,322,0,0.00,115.693891,35.793058,523.27,0.00146689
2025,322,1,96.64,115.693621,35.793851,523.27,0.00073345
2025,322,2,193.28,115.693082,35.794566,463.47,-0.00145235
2025,322,3,289.92,115.692813,35.795359,448.52,-0.00213118
2025,322,4,386.56,115.692813,35.796230,418.61,-0.00067882
2025,322,5,483.20,115.692813,35.797101,478.42,0.00000000
2025,323,0,0.00,115.699820,35.787668,553.17,0.00433500
2025,323,1,68.47,115.700298,35.788147,493.37,0.00607618
2025,323,2,136.94,115.700359,35.788746,433.57,0.00564987
2025,323,3,205.42,115.700089,35.789285,433.57,0.00348237
2025,324,0,0.00,115.699820,35.787668,508.32,-0.00250465
2025,324,1,73.70,115.699550,35.788254,448.52,-0.00516372
2025,324,2,147.41,115.699550,35.788919,523.27,-0.00711692
2025,324,3,221.11,115.700089,35.789285,358.81,-0.00641105
2025,325,0,0.00,115.695777,35.793867,553.17,-0.00890072
2025,325,1,34.24,115.695807,35.794166,642.87,-0.00878527
2025,325,2,68.47,115.696047,35.794406,777.43,-0.00866983
2025,326,0,0.00,115.695777,35.793867,583.07,0.00204303
2025,326,1,70.04,115.696267,35.793377,672.77,0.00214161
2025,326,2,140.07,115.696855,35.793058,598.02,0.00224020
2025,327,0,0.00,115.692813,35.797101,1794.06,0.00000000
2025,327,1,94.06,115.693853,35.797101,1300.70,-0.00090515
2025,327,2,188.12,115.694894,35.797101,1001.69,-0.00190471
2025,327,3,282.18,115.695777,35.796831,777.43,-0.00199911
2025,328,0,0.00,115.692813,35.797101,478.42,-0.00036152
2025,328,1,93.87,115.692543,35.797868,433.57,-0.00076320
2025,328,2,187.73,115.692337,35.798655,403.66,-0.00113945
2025,328,3,281.60,115.692274,35.799482,343.86,-0.00134035
2025,328,4,375.46,115.692274,35.800328,358.81,-0.00088343
2025,328,5,469.33,115.692507,35.801107,239.21,-0.00111940
2025,328,6,563.20,115.692543,35.801942,269.11,-0.00287650
2025,328,7,657.06,115.693082,35.802490,358.81,-0.00371440
2025,329,0,0.00,115.700089,35.789285,448.52,0.00007467
2025,329,1,99.42,115.699820,35.790103,418.61,0.00160220
2025,329,2,198.83,115.699536,35.790917,478.42,0.00311740
2025,329,3,298.25,115.698742,35.791441,612.97,0.00310508
2025,33,0,0.00,115.139810,35.420347,448.52,0.00000000
2025,33,1,99.19,115.138718,35.420347,627.92,-0.00170473
2025,33,2,198.37,115.137626,35.420347,807.33,-0.00353368
2025,33,3,297.56,115.136845,35.420886,777.43,-0.00365790
2025,330,0,0.00,115.696047,35.794406,1031.59,0.00000000
2025,330,1,24.36,115.696316,35.794406,598.02,0.00000000
2025,330,2,48.72,115.696586,35.794406,598.02,0.00000000
2025,331,0,0.00,115.696047,35.794406,568.12,0.00000000
2025,331,1,59.80,115.696047,35.794945,523.27,0.00000000
2025,331,2,119.61,115.696047,35.795484,478.42,0.00000000
2025,332,0,0.00,115.693082,35.802490,254.16,0.00000000
2025,332,1,93.80,115.693082,35.803336,254.16,0.00000000
2025,332,2,187.59,115.693082,35.804181,209.31,-0.00087119
2025,332,3,281.39,115.693082,35.805026,254.16,-0.00329109
2025,332,4,375.19,115.693405,35.805778,284.06,-0.00394063
2025,332,5,468.98,115.694160,35.806263,538.22,-0.00304146
2025,333,0,0.00,115.693082,35.802490,388.71,0.00306981
2025,333,1,82.21,115.693657,35.801916,598.02,0.00323176
2025,333,2,164.42,115.694430,35.801682,777.43,0.00339371
2025,334,0,0.00,115.698742,35.791441,672.77,0.00000000
2025,334,1,19.29,115.698607,35.791306,612.97,0.00000000
2025,334,2,38.57,115.698472,35.791172,627.92,0.00000000
2025,335,0,0.00,115.698472,35.791172,313.96,0.00824276
2025,335,1,71.86,115.697771,35.791010,687.72,0.00977964
2025,335,2,143.71,115.697664,35.790394,448.52,0.00744931
2025,335,3,215.57,115.697933,35.789824,418.61,0.00358209
2025,336,0,0.00,115.698742,35.791441,448.52,-0.00472743
2025,336,1,92.09,115.698637,35.792145,493.37,-0.00436513
2025,336,2,184.18,115.699281,35.792789,463.47,-0.00400282
2025,337,0,0.00,115.698472,35.791172,448.52,-0.00342105
2025,337,1,92.09,115.698472,35.790498,493.37,-0.00313626
2025,337,2,184.18,115.697933,35.789824,657.82,-0.00285147
2025,338,0,0.00,115.694160,35.806263,433.57,0.00000000
2025,338,1,81.25,115.694160,35.806996,403.66,-0.00085938
2025,338,2,162.51,115.694160,35.807728,388.71,-0.00302433
2025,338,3,243.76,115.694401,35.808390,388.71,-0.00334701
2025,338,4,325.01,115.694969,35.808958,418.61,-0.00236414
2025,339,0,0.00,115.694160,35.806263,672.77,0.00196964
2025,339,1,94.39,115.694890,35.805724,867.13,0.00201006
2025,339,2,188.78,115.695777,35.805455,373.76,0.00205048
2025,34,0,0.00,115.136576,35.423042,1031.59,0.00000000
2025,34,1,19.32,115.136441,35.422907,1061.49,0.00000000
2025,34,2,38.64,115.136306,35.422773,986.73,0.00000000
2025,341,0,0.00,115.697933,35.789824,463.47,0.00000000
2025,341,1,53.52,115.698203,35.789420,433.57,0.00000000
2025,341,2,107.04,115.698472,35.789016,448.52,0.00000000
2025,342,0,0.00,115.699281,35.792789,418.61,0.00000000
2025,342,1,12.18,115.699415,35.792789,313.96,0.00000000
2025,342,2,24.36,115.699550,35.792789,313.96,0.00000000
2025,343,0,0.00,115.699281,35.792789,388.71,0.00000000
2025,343,1,86.56,115.699011,35.793491,418.61,-0.00082955
2025,343,2,173.12,115.698742,35.794193,553.17,-0.00090137
2025,343,3,259.68,115.698720,35.794966,553.17,0.00075526
2025,343,4,346.25,115.698472,35.795675,523.27,0.00000000
2025,343,5,432.81,115.698203,35.796377,478.42,0.00025674
2025,343,6,519.37,115.698203,35.797157,433.57,0.00341564
2025,343,7,605.93,115.697664,35.797639,508.32,0.00466363
2025,344,0,0.00,115.694969,35.808958,358.81,0.00099801
2025,344,1,99.26,115.695238,35.809775,328.91,0.00068024
2025,344,2,198.51,115.695311,35.810648,343.86,-0.00031240
2025,344,3,297.77,115.695508,35.811486,358.81,-0.00038056
2025,344,4,397.02,115.695777,35.812302,328.91,0.00049364
2025,344,5,496.28,115.695929,35.813153,373.76,-0.00060222
2025,344,6,595.53,115.696047,35.814013,373.76,-0.00112031
2025,344,7,694.79,115.696586,35.814752,388.71,0.00098278
2025,344,8,794.05,115.696756,35.815597,373.76,0.00087413
2025,344,9,893.30,115.696855,35.816463,358.81,0.00000000
2025,344,10,992.56,115.697125,35.817279,358.81,0.00024618
2025,344,11,1091.81,115.697125,35.818174,358.81,-0.00068024
2025,344,12,1191.07,115.697394,35.818990,358.81,-0.00029942
2025,344,13,1290.33,115.697664,35.819807,388.71,0.00068024
2025,344,14,1389.58,115.697784,35.820667,373.76,-0.00007468
2025,344,15,1488.84,115.697933,35.821518,433.57,-0.00068024
2025,344,16,1588.09,115.698203,35.822334,388.71,0.00037410
2025,344,17,1687.35,115.698472,35.823151,388.71,0.00068024
2025,344,18,1786.60,115.698472,35.824045,403.66,0.00000000
2025,344,19,1885.86,115.698742,35.824862,388.71,0.00000000
2025,344,20,1985.12,115.698742,35.825756,418.61,-0.00000000
2025,344,21,2084.37,115.699011,35.826573,388.71,0.00064271
2025,344,22,2183.63,115.699011,35.827467,418.61,0.00064271
2025,344,23,2282.88,115.699011,35.828362,403.66,0.00000000
2025,345,0,0.00,115.694969,35.808958,508.32,0.00000000
2025,345,1,82.16,115.695543,35.808384,553.17,-0.00035985
2025,345,2,164.33,115.696117,35.807810,523.27,-0.00247686
2025,345,3,246.49,115.696586,35.807205,433.57,-0.00380000
2025,345,4,328.65,115.696586,35.806465,284.06,-0.00168300
2025,345,5,410.81,115.696586,35.805724,493.37,0.00000000
2025,346,0,0.00,115.695777,35.805455,568.12,-0.00117421
2025,346,1,94.04,115.696016,35.804677,209.31,-0.00058710
2025,346,2,188.08,115.696047,35.803838,254.16,0.00000000
2025,346,3,282.12,115.696286,35.803060,254.16,-0.00056120
2025,346,4,376.15,115.696316,35.802221,269.11,-0.00112239
2025,347,0,0.00,115.695777,35.805455,463.47,-0.00927775
2025,347,1,43.64,115.696103,35.805724,538.22,-0.00908887
2025,347,2,87.28,115.696586,35.805724,941.88,-0.00889998
2025,348,0,0.00,115.697664,35.797639,448.52,0.00000000
2025,348,1,84.68,115.697664,35.798403,388.71,0.00033254
2025,348,2,169.36,115.697664,35.799166,388.71,0.00183127
2025,348,3,254.03,115.697560,35.799899,418.61,0.00302141
2025,348,4,338.71,115.697125,35.800536,508.32,0.00186677
2025,348,5,423.39,115.696586,35.801143,523.27,0.00068817
2025,349,0,0.00,115.697664,35.797639,313.96,-0.00927623
2025,349,1,43.65,115.697338,35.797370,657.82,-0.00908735
2025,349,2,87.29,115.696855,35.797370,224.26,-0.00889847
2025,35,0,0.00,115.136306,35.422773,1270.79,0.00000000
2025,35,1,89.70,115.136306,35.421964,1240.89,0.00000000
2025,35,2,179.40,115.136306,35.421156,1360.50,0.00000000
2025,350,0,0.00,115.699011,35.828362,1794.06,0.00000000
2025,350,1,69.67,115.698240,35.828362,1794.06,-0.00168326
2025,350,2,139.35,115.697469,35.828362,1285.75,-0.00354848
2025,350,3,209.02,115.696855,35.828631,762.48,-0.00373043
2025,351,0,0.00,115.699011,35.828362,508.32,0.01772264
2025,351,1,38.56,115.699281,35.828631,373.76,0.01772264
2025,351,2,77.13,115.699011,35.828901,508.32,0.01772264
2025,353,0,0.00,115.696586,35.805724,313.96,-0.00402348
2025,353,1,81.33,115.697125,35.805148,254.16,-0.00201174
2025,353,2,162.65,115.697125,35.804415,284.06,0.00201174
2025,353,3,243.98,115.697664,35.803838,463.47,0.00402348
2025,354,0,0.00,115.696316,35.802221,627.92,0.00000000
2025,354,1,24.36,115.696047,35.802221,373.76,0.00000000
2025,354,2,48.72,115.695777,35.802221,373.76,0.00000000
2025,355,0,0.00,115.696316,35.802221,627.92,0.00000000
2025,355,1,24.36,115.696586,35.802221,538.22,0.00000000
2025,355,2,48.72,115.696855,35.802221,747.53,0.00000000
2025,356,0,0.00,115.696316,35.802221,269.11,0.00313257
2025,356,1,64.14,115.696316,35.801643,269.11,0.00322580
2025,356,2,128.27,115.696586,35.801143,388.71,0.00331904
2025,358,0,0.00,115.696586,35.801143,299.01,0.00663012
2025,358,1,72.80,115.697094,35.801652,254.16,0.00696008
2025,358,2,145.61,115.696855,35.802221,284.06,0.00729004
2025,359,0,0.00,115.699011,35.828901,418.61,0.00329308
2025,359,1,90.50,115.699550,35.829560,403.66,0.00324445
2025,359,2,180.99,115.699550,35.830376,373.76,0.00159791
2025,359,3,271.49,115.699550,35.831192,239.21,0.00032495
2025,359,4,361.98,115.699550,35.832007,299.01,0.00159791
2025,359,5,452.48,115.699435,35.832789,418.61,0.00222629
2025,359,6,542.98,115.699011,35.833482,418.61,0.00190667
2025,36,0,0.00,115.136306,35.422773,897.03,-0.00121003
2025,36,1,94.01,115.135552,35.423257,1121.29,0.00158429
2025,36,2,188.02,115.134896,35.423913,657.82,0.00972754
2025,36,3,282.03,115.134241,35.423671,837.23,0.01007587
2025,36,4,376.03,115.134150,35.422850,1524.95,0.00277274
2025,36,5,470.04,115.134150,35.422003,1435.25,0.00023510
2025,36,6,564.05,115.134150,35.421156,1569.81,0.00000000
2025,360,0,0.00,115.699011,35.828901,508.32,0.00257990
2025,360,1,75.33,115.698485,35.829427,627.92,0.00119520
2025,360,2,150.66,115.697816,35.829709,598.02,-0.00263313
2025,360,3,225.99,115.697394,35.830186,418.61,-0.00340705
2025,360,4,301.32,115.697125,35.830787,284.06,-0.00173734
2025,361,0,0.00,115.697664,35.803838,388.71,-0.00867027
2025,361,1,61.37,115.698192,35.803579,373.76,-0.00825720
2025,361,2,122.73,115.698203,35.803029,254.16,-0.00784412
2025,362,0,0.00,115.697664,35.803838,284.06,0.00226220
2025,362,1,68.47,115.697394,35.803299,224.26,-0.00000000
2025,362,2,136.94,115.697334,35.802699,254.16,-0.00329849
2025,362,3,205.41,115.696855,35.802221,239.21,-0.00433479
2025,364,0,0.00,115.699011,35.833482,538.22,0.00184910
2025,364,1,76.72,115.698376,35.833116,478.42,0.00212641
2025,364,2,153.43,115.697839,35.832580,403.66,0.00346612
2025,364,3,230.15,115.697394,35.832018,284.06,0.00409933
2025,364,4,306.87,115.697394,35.831326,269.11,0.00367014
2025,365,0,0.00,115.699011,35.833482,388.71,0.00000000
2025,365,1,99.10,115.699281,35.834297,388.71,0.00049294
2025,365,2,198.20,115.699550,35.835112,388.71,0.00068223
2025,365,3,297.30,115.699626,35.835984,373.76,0.00037554
2025,365,4,396.40,115.699820,35.836821,388.71,-0.00000000
2025,365,5,495.50,115.699820,35.837714,388.71,-0.00018625
2025,365,6,594.60,115.700089,35.838529,388.71,-0.00003387
2025,365,7,693.70,115.700089,35.839422,388.71,-0.00068223
2025,365,8,792.80,115.700372,35.840233,388.71,-0.00061319
2025,365,9,891.90,115.700628,35.841052,388.71,-0.00007497
2025,365,10,991.00,115.700898,35.841867,343.86,-0.00119985
2025,365,11,1090.10,115.701196,35.842674,373.76,-0.00123513
2025,365,12,1189.20,115.701889,35.843367,343.86,0.00006072
2025,365,13,1288.30,115.702245,35.844157,284.06,-0.00062070
2025,365,14,1387.40,115.702856,35.844873,194.36,-0.00101710
2025,365,15,1486.50,115.703549,35.845566,254.16,-0.00019026
2025,365,16,1585.60,115.704131,35.846149,239.21,-0.00000000
2025,366,0,0.00,115.704131,35.846149,269.11,0.00112819
2025,366,1,99.94,115.705128,35.846337,269.11,0.00171756
2025,366,2,199.87,115.706025,35.846695,239.21,0.00086665
2025,366,3,299.81,115.706823,35.847223,269.11,-0.00116549
2025,366,4,399.74,115.707770,35.847496,269.11,-0.00089067
2025,366,5,499.68,115.708719,35.847765,239.21,-0.00089226
2025,366,6,599.61,115.709667,35.848035,299.01,-0.00088027
2025,366,7,699.55,115.710774,35.848035,299.01,-0.00000000
2025,366,8,799.48,115.711723,35.848304,299.01,-0.00010956
2025,366,9,899.42,115.712829,35.848304,299.01,-0.00079896
2025,366,10,999.36,115.713798,35.848539,284.06,-0.00139252
2025,366,11,1099.29,115.714727,35.848304,299.01,-0.00079896
2025,366,12,1199.23,115.715833,35.848304,299.01,-0.00097610
2025,366,13,1299.16,115.716782,35.848035,209.31,-0.00087000
2025,366,14,1399.10,115.717730,35.847765,239.21,0.00000000
2025,366,15,1499.03,115.718681,35.847499,209.31,-0.00093544
2025,366,16,1598.97,115.719628,35.847226,209.31,-0.00146184
2025,366,17,1698.91,115.720420,35.846688,239.21,-0.00050143
2025,366,18,1798.84,115.721273,35.846254,254.16,-0.00027517
2025,366,19,1898.78,115.722071,35.845726,254.16,-0.00031041
2025,366,20,1998.71,115.722869,35.845198,299.01,-0.00000000
2025,366,21,2098.65,115.723667,35.844670,328.91,-0.00053070
2025,366,22,2198.58,115.724464,35.844141,328.91,-0.00053070
2025,366,23,2298.52,115.725163,35.843443,358.81,0.00000000
2025,366,24,2398.45,115.725961,35.842915,358.81,-0.00049321
2025,366,25,2498.39,115.726659,35.842216,358.81,-0.00049321
2025,366,26,2598.33,115.727357,35.841518,418.61,0.00049321
2025,366,27,2698.26,115.728056,35.840819,403.66,0.00029003
2025,366,28,2798.20,115.728854,35.840291,463.47,-0.00098069
2025,366,29,2898.13,115.729464,35.839567,418.61,-0.00056836
2025,366,30,2998.07,115.730042,35.838834,433.57,0.00048748
2025,366,31,3098.00,115.730740,35.838135,433.57,-0.00020915
2025,366,32,3197.94,115.731439,35.837437,433.57,-0.00099975
2025,366,33,3297.87,115.731928,35.836678,433.57,-0.00103992
2025,366,34,3397.81,115.732417,35.835919,448.52,-0.00105937
2025,366,35,3497.75,115.732698,35.835099,463.47,-0.00106343
2025,367,0,0.00,115.704131,35.846149,1016.64,-0.00347668
2025,367,1,53.51,115.703758,35.846523,762.48,-0.00358305
2025,367,2,107.02,115.703592,35.846957,807.33,-0.00368943
2025,368,0,0.00,115.732698,35.835099,1465.15,0.00237468
2025,368,1,96.40,115.732024,35.834426,1016.64,0.00270712
2025,368,2,192.81,115.731889,35.833752,612.97,0.00303956
2025,369,0,0.00,115.732698,35.835099,493.37,-0.00109772
2025,369,1,98.35,115.733485,35.834582,448.52,-0.00107083
2025,369,2,196.70,115.734172,35.833895,478.42,-0.00101328
2025,369,3,295.05,115.734854,35.833206,478.42,-0.00047824
2025,369,4,393.40,115.735337,35.832460,493.37,0.00050363
2025,369,5,491.74,115.736025,35.831772,508.32,-0.00001306
2025,369,6,590.09,115.736712,35.831085,508.32,-0.00065194
2025,369,7,688.44,115.737190,35.830337,553.17,0.00000000
2025,369,8,786.79,115.737818,35.829633,538.22,0.00029451
2025,369,9,885.14,115.738356,35.828902,568.12,-0.00000000
2025,369,10,983.49,115.739043,35.828215,627.92,-0.00014620
2025,369,11,1081.84,115.739522,35.827467,657.82,0.00170501
2025,369,12,1180.19,115.740209,35.826780,702.67,0.00315768
2025,369,13,1278.54,115.741120,35.826475,642.87,0.00157386
2025,369,14,1376.89,115.742051,35.826206,568.12,0.00103151
2025,369,15,1475.23,115.742982,35.825936,508.32,0.00091032
2025,369,16,1573.58,115.744071,35.825936,388.71,0.00082571
2025,369,17,1671.93,115.745002,35.825667,358.81,0.00165142
2025,369,18,1770.28,115.745933,35.825936,299.01,0.00082571
2025,369,19,1868.63,115.747021,35.825936,239.21,0.00094554
2025,369,20,1966.98,115.747952,35.826206,269.11,0.00091032
2025,369,21,2065.33,115.748878,35.826486,269.11,0.00050759
2025,369,22,2163.68,115.749815,35.826745,239.21,0.00143880
2025,369,23,2262.03,115.750650,35.827179,284.06,0.00165392
2025,369,24,2360.37,115.751436,35.827697,299.01,0.00082679
2025,369,25,2458.72,115.752136,35.828362,254.16,0.00119332
2025,369,26,2557.07,115.752910,35.828901,284.06,0.00263703
2025,369,27,2655.42,115.753180,35.829709,343.86,0.00302514
2025,37,0,0.00,115.136576,35.423042,1016.64,-0.00333400
2025,37,1,64.17,115.136306,35.423542,1136.24,-0.00323977
2025,37,2,128.34,115.136306,35.424120,463.47,-0.00314553
2025,370,0,0.00,115.753180,35.829709,418.61,0.00619528
2025,370,1,82.85,115.754056,35.829778,343.86,0.00624580
2025,370,2,165.70,115.754426,35.830417,313.96,0.00314816
2025,370,3,248.54,115.754796,35.831057,299.01,0.00000000
2025,371,0,0.00,115.753180,35.829709,1405.35,0.00204344
2025,371,1,70.02,115.752690,35.830199,1749.21,0.00214209
2025,371,2,140.04,115.752102,35.830518,493.37,0.00224073
2025,372,0,0.00,115.754796,35.831057,269.11,0.00089356
2025,372,1,87.75,115.755410,35.831670,284.06,0.00154775
2025,372,2,175.49,115.755874,35.832326,269.11,0.00174553
2025,372,3,263.24,115.756144,35.833039,269.11,0.00064455
2025,372,4,350.98,115.756413,35.833752,299.01,-0.00000000
2025,373,0,0.00,115.754796,35.831057,1225.94,-0.00185636
2025,373,1,72.79,115.754288,35.831566,583.07,-0.00191171
2025,373,2,145.59,115.753988,35.832135,463.47,-0.00196706
2025,374,0,0.00,115.756413,35.833752,717.63,-0.00185636
2025,374,1,72.79,115.755905,35.834260,583.07,-0.00191171
2025,374,2,145.59,115.755605,35.834830,493.37,-0.00196705
2025,375,0,0.00,115.756413,35.833752,239.21,0.00034966
2025,375,1,88.02,115.756952,35.834389,269.11,0.00085282
2025,375,2,176.05,115.757435,35.835043,284.06,0.00066529
2025,375,3,264.07,115.757761,35.835742,269.11,-0.00000000
2025,375,4,352.10,115.758247,35.836394,343.86,0.00072205
2025,375,5,440.12,115.758569,35.837094,299.01,0.00175258
2025,375,6,528.15,115.758839,35.837809,313.96,0.00186373
2025,375,7,616.17,115.758839,35.838603,433.57,0.00164100
2025,376,0,0.00,115.758839,35.838603,1794.06,0.00207882
2025,376,1,92.32,115.757974,35.838872,1390.40,0.00197999
2025,376,2,184.65,115.756952,35.838872,702.67,0.00188116
2025,377,0,0.00,115.758839,35.838603,388.71,-0.00000000
2025,377,1,38.56,115.759108,35.838872,403.66,-0.00000000
2025,377,2,77.12,115.759378,35.839142,418.61,-0.00000000
2025,378,0,0.00,115.759378,35.839142,1345.55,-0.00167105
2025,378,1,80.50,115.760040,35.838749,867.13,-0.00083553
2025,378,2,161.00,115.760602,35.838187,926.93,0.00083553
2025,378,3,241.50,115.761264,35.837794,822.28,0.00167105
2025,379,0,0.00,115.759378,35.839142,388.71,-0.00113629
2025,379,1,99.14,115.759647,35.839957,403.66,-0.00058217
2025,379,2,198.28,115.760137,35.840709,403.66,-0.00044499
2025,379,3,297.42,115.760412,35.841523,433.57,-0.00153857
2025,379,4,396.56,115.760995,35.842106,418.61,-0.00221521
2025,380,0,0.00,115.760995,35.842106,478.42,-0.00153102
2025,380,1,96.25,115.760995,35.842974,478.42,-0.00202582
2025,380,2,192.50,115.761295,35.843754,433.57,-0.00113490
2025,380,3,288.75,115.761759,35.844487,433.57,0.00069818
2025,380,4,385.00,115.762014,35.845281,463.47,0.00000000
2025,380,5,481.24,115.762268,35.846075,463.47,-0.00102071
2025,380,6,577.49,115.762732,35.846808,478.42,0.00057278
2025,380,7,673.74,115.763151,35.847554,463.47,0.00166440
2025,380,8,769.99,115.763242,35.848395,433.57,0.00000000
2025,380,9,866.24,115.763420,35.849211,433.57,-0.00085140
2025,380,10,962.49,115.763751,35.849983,463.47,-0.00057278
2025,380,11,1058.74,115.764006,35.850776,463.47,-0.00048475
2025,380,12,1154.99,115.764469,35.851510,463.47,0.00041317
2025,380,13,1251.24,115.764768,35.852291,448.52,0.00023950
2025,380,14,1347.48,115.765037,35.853080,448.52,-0.00138401
2025,380,15,1443.73,115.765443,35.853830,448.52,-0.00176914
2025,380,16,1539.98,115.766115,35.854503,418.61,-0.00135694
2025,381,0,0.00,115.760995,35.842106,807.33,-0.00000000
2025,381,1,80.50,115.761557,35.841544,792.38,0.00160300
2025,381,2,161.00,115.762120,35.840981,1151.19,0.00337345
2025,381,3,241.50,115.762881,35.840759,74.75,0.00354091
2025,382,0,0.00,115.766115,35.854503,1584.76,-0.00167123
2025,382,1,80.49,115.766777,35.854110,1076.44,-0.00083561
2025,382,2,160.99,115.767340,35.853548,1061.49,0.00083561
2025,382,3,241.48,115.768002,35.853155,822.28,0.00167123
2025,383,0,0.00,115.766115,35.854503,463.47,-0.00078742
2025,383,1,93.00,115.766385,35.855263,418.61,-0.00079106
2025,383,2,185.99,115.766788,35.855984,418.61,-0.00061107
2025,383,3,278.99,115.767193,35.856705,403.66,-0.00147376
2025,383,4,371.99,115.767670,35.857405,388.71,-0.00234632
2025,383,5,464.98,115.768420,35.857885,299.01,-0.00108628
2025,383,6,557.98,115.769169,35.858365,284.06,0.00010804
2025,383,7,650.98,115.769918,35.858845,209.31,-0.00065072
2025,383,8,743.97,115.770651,35.859354,194.36,-0.00174130
2025,383,9,836.97,115.771516,35.859634,164.46,-0.00102630
2025,383,10,929.96,115.772395,35.859893,179.41,-0.00102377
2025,383,11,1022.96,115.773267,35.860162,149.51,-0.00190666
2025,383,12,1115.96,115.774297,35.860162,209.31,-0.00092664
2025,383,13,1208.95,115.775326,35.860162,269.11,0.00000000
2025,383,14,1301.95,115.776356,35.860162,299.01,0.00000000
2025,384,0,0.00,115.776356,35.860162,448.52,-0.00527551
2025,384,1,81.15,115.776940,35.860701,343.86,-0.00522613
2025,384,2,162.31,115.777838,35.860701,134.55,-0.00517674
2025,384,3,243.46,115.778737,35.860701,373.76,-0.00522613
2025,384,4,324.62,115.779320,35.860162,523.27,-0.00527551
2025,385,0,0.00,115.776356,35.860162,299.01,0.00336728
2025,385,1,88.26,115.776973,35.859545,194.36,0.00502790
2025,385,2,176.53,115.777838,35.859354,358.81,0.00668851
2025,385,3,264.79,115.778704,35.859545,313.96,0.00502790
2025,385,4,353.05,115.779320,35.860162,463.47,0.00336728
2025,386,0,0.00,115.779320,35.860162,388.71,0.00000000
2025,386,1,98.16,115.780407,35.860162,418.61,0.00000000
2025,386,2,196.32,115.781494,35.860162,418.61,0.00000000
2025,386,3,294.48,115.782581,35.860162,418.61,0.00000000
2025,386,4,392.64,115.783667,35.860162,448.52,0.00000000
2025,386,5,490.79,115.784754,35.860162,448.52,0.00000000
2025,386,6,588.95,115.785841,35.860162,418.61,-0.00082902
2025,386,7,687.11,115.786928,35.860162,448.52,-0.00082902
2025,386,8,785.27,115.787857,35.859893,448.52,0.00045430
2025,386,9,883.43,115.788944,35.859893,478.42,-0.00000000
2025,386,10,981.59,115.789957,35.859767,448.52,-0.00005398
2025,386,11,1079.75,115.790960,35.859623,448.52,0.00082902
2025,386,12,1177.91,115.792046,35.859623,478.42,-0.00040031
2025,386,13,1276.07,115.793133,35.859623,478.42,-0.00082902
2025,386,14,1374.23,115.794062,35.859354,448.52,0.00082902
2025,386,15,1472.38,115.795149,35.859354,478.42,-0.00000000
2025,386,16,1570.54,115.796236,35.859354,448.52,-0.00082902
2025,386,17,1668.70,115.797165,35.859084,448.52,0.00082902
2025,386,18,1766.86,115.798252,35.859084,478.42,0.00082902
2025,386,19,1865.02,115.799339,35.859084,478.42,-0.00082902
2025,386,20,1963.18,115.800425,35.859084,418.61,-0.00082902
2025,386,21,2061.34,115.801355,35.858815,448.52,-0.00000000
2025,386,22,2159.50,115.802441,35.858815,448.52,-0.00015363
2025,386,23,2257.66,115.803371,35.858545,433.57,0.00000000
2025,386,24,2355.82,115.804430,35.858499,403.66,-0.00059768
2025,386,25,2453.97,115.805387,35.858276,418.61,-0.00000000
2025,386,26,2552.13,115.806316,35.858006,418.61,0.00075131
2025,386,27,2650.29,115.807403,35.858006,418.61,0.00000000
2025,386,28,2748.45,115.808332,35.857737,448.52,-0.00000000
2025,386,29,2846.61,115.809419,35.857737,418.61,-0.00091408
2025,386,30,2944.77,115.810348,35.857467,448.52,-0.00091408
2025,386,31,3042.93,115.811278,35.857198,448.52,-0.00000000
2025,386,32,3141.09,115.812207,35.856928,448.52,0.00004305
2025,386,33,3239.25,115.813136,35.856659,448.52,0.00000000
2025,386,34,3337.41,115.814073,35.856402,463.47,-0.00008617
2025,386,35,3435.56,115.814995,35.856120,418.61,-0.00016268
2025,386,36,3533.72,115.815924,35.855850,388.71,0.00004312
2025,386,37,3631.88,115.816827,35.855534,403.66,0.00032431
2025,386,38,3730.04,115.817783,35.855311,388.71,0.00000000
2025,386,39,3828.20,115.818712,35.855042,358.81,-0.00016163
2025,386,40,3926.36,115.819642,35.854772,388.71,0.00000000
2025,386,41,4024.52,115.820571,35.854503,388.71,0.00000000
2025,386,42,4122.68,115.821500,35.854233,388.71,-0.00024602
2025,386,43,4220.84,115.822430,35.853964,418.61,-0.00000000
2025,386,44,4319.00,115.823318,35.853624,403.66,0.00030719
2025,386,45,4417.15,115.824289,35.853425,418.61,-0.00045319
2025,386,46,4515.31,115.825187,35.853103,418.61,0.00012183
2025,386,47,4613.47,115.826072,35.852757,418.61,0.00089833
2025,386,48,4711.63,115.827077,35.852616,448.52,-0.00018300
2025,386,49,4809.79,115.828006,35.852347,493.37,-0.00077464
2025,386,50,4907.95,115.828935,35.852077,508.32,0.00000000
2025,386,51,5006.11,115.829810,35.851714,523.27,0.00097316
2025,386,52,5104.27,115.830794,35.851538,568.12,0.00128731
2025,387,0,0.00,115.830794,35.851538,687.72,0.00527867
2025,387,1,90.03,115.831214,35.850849,478.42,0.00530003
2025,387,2,180.05,115.832141,35.850730,568.12,0.00532140
2025,388,0,0.00,115.830794,35.851538,1360.50,-0.00000000
2025,388,1,76.10,115.831326,35.852070,1225.94,-0.00128360
2025,388,2,152.19,115.831858,35.852602,956.83,-0.00574691
2025,388,3,228.29,115.832534,35.852886,627.92,-0.00750561
2025,388,4,304.38,115.833219,35.852616,523.27,-0.00608461
2025,389,0,0.00,115.832141,35.850730,1704.36,-0.00156632
2025,389,1,81.31,115.832501,35.851359,1510.00,0.00000000
2025,389,2,162.63,115.833069,35.851927,1674.46,0.00238014
2025,389,3,243.94,115.833219,35.852616,822.28,0.00319397
2025,39,0,0.00,115.136306,35.424120,867.13,0.00412425
2025,39,1,92.31,115.135663,35.424764,702.67,0.00518166
2025,39,2,184.62,115.134821,35.424791,717.63,0.00364908
2025,39,3,276.93,115.133881,35.424659,702.67,0.00105910
2025,390,0,0.00,115.832141,35.850730,433.57,0.00300537
2025,390,1,87.25,115.832851,35.850290,478.42,0.00296401
2025,390,2,174.50,115.833758,35.850191,478.42,0.00292265
2025,391,0,0.00,115.833219,35.852616,657.82,-0.00859307
2025,391,1,67.64,115.833811,35.852886,493.37,-0.00945872
2025,391,2,135.28,115.834364,35.852550,508.32,-0.00603577
2025,391,3,202.92,115.834836,35.852077,627.92,-0.00174717
2025,392,0,0.00,115.833758,35.850191,1629.61,-0.00156632
2025,392,1,81.31,115.834118,35.850820,1390.40,-0.00000000
2025,392,2,162.63,115.834686,35.851388,1794.06,0.00238015
2025,392,3,243.94,115.834836,35.852077,747.53,0.00319398
2025,393,0,0.00,115.833758,35.850191,493.37,0.00214538
2025,393,1,89.78,115.834438,35.849652,448.52,0.00330644
2025,393,2,179.56,115.835274,35.849382,448.52,0.00323012
2025,393,3,269.34,115.836268,35.849382,508.32,0.00099637
2025,393,4,359.12,115.837262,35.849382,448.52,0.00000000
2025,394,0,0.00,115.834836,35.852077,568.12,-0.00175980
2025,394,1,95.36,115.835892,35.852077,433.57,-0.00285585
2025,394,2,190.72,115.836790,35.851808,478.42,-0.00294355
2025,394,3,286.08,115.837531,35.851269,598.02,-0.00193518
2025,395,0,0.00,115.837262,35.849382,1614.66,0.00000000
2025,395,1,72.66,115.837262,35.850037,1779.11,-0.00121318
2025,395,2,145.31,115.837262,35.850692,1749.21,-0.00250133
2025,395,3,217.97,115.837531,35.851269,792.38,-0.00257629
2025,396,0,0.00,115.837262,35.849382,553.17,0.00875542
2025,396,1,62.90,115.837801,35.849113,418.61,0.00875542
2025,396,2,125.81,115.838340,35.849382,478.42,0.00875542
2025,398,0,0.00,115.837531,35.851269,448.52,-0.00741461
2025,398,1,98.36,115.838219,35.851120,553.17,-0.00637865
2025,398,2,196.73,115.838340,35.850269,1794.06,-0.00295918
2025,398,3,295.09,115.838340,35.849382,1614.66,-0.00057566
2025,4,0,0.00,115.146008,35.421156,941.88,0.00159425
2025,4,1,82.43,115.146682,35.421560,1061.49,0.00153039
2025,4,2,164.87,115.147257,35.422135,1196.04,-0.00163644
2025,4,3,247.30,115.147832,35.422710,642.87,-0.00483395
2025,4,4,329.74,115.148703,35.422773,553.17,-0.00492849
2025,400,0,0.00,115.838340,35.849382,478.42,0.00055738
2025,400,1,98.37,115.839325,35.849205,403.66,0.00163842
2025,400,2,196.74,115.840360,35.849113,358.81,0.00165073
2025,400,3,295.11,115.841296,35.849375,328.91,-0.00051212
2025,400,4,393.48,115.842381,35.849382,328.91,0.00027598
2025,400,5,491.85,115.843470,35.849382,299.01,0.00227913
2025,400,6,590.22,115.844353,35.849736,284.06,0.00128453
2025,400,7,688.59,115.845239,35.850083,269.11,0.00057337
2025,400,8,786.96,115.846107,35.850460,224.26,0.00038416
2025,400,9,885.33,115.846912,35.850948,224.26,-0.00001502
2025,400,10,983.70,115.847798,35.851295,239.21,0.00068309
2025,400,11,1082.07,115.848587,35.851808,284.06,0.00003003
2025,400,12,1180.44,115.849372,35.852330,239.21,0.00050245
2025,400,13,1278.81,115.850258,35.852677,299.01,0.00265375
2025,400,14,1377.18,115.850737,35.853425,313.96,0.00317586
2025,401,0,0.00,115.850737,35.853425,358.81,0.00096490
2025,401,1,96.78,115.851651,35.853694,388.71,0.00192271
2025,401,2,193.56,115.852487,35.854097,388.71,0.00178116
2025,401,3,290.33,115.853163,35.854774,358.81,0.00028272
2025,401,4,387.11,115.853939,35.855280,373.76,0.00007886
2025,401,5,483.89,115.854509,35.855846,358.81,-0.00050073
2025,401,6,580.67,115.855260,35.856389,373.76,-0.00042389
2025,401,7,677.45,115.856057,35.856859,373.76,-0.00048158
2025,401,8,774.22,115.856774,35.857467,418.61,-0.00180511
2025,401,9,871.00,115.857688,35.857737,433.57,0.00035132
2025,401,10,967.78,115.858583,35.858038,478.42,0.00169864
2025,401,11,1064.56,115.859260,35.858714,448.52,-0.00023962
2025,401,12,1161.34,115.860115,35.859084,463.47,-0.00083648
2025,401,13,1258.12,115.860872,35.859623,478.42,-0.00133481
2025,401,14,1354.89,115.861786,35.859893,538.22,-0.00195125
2025,402,0,0.00,115.850737,35.853425,1794.06,0.00307105
2025,402,1,82.18,115.850162,35.853999,1061.49,0.00323322
2025,402,2,164.36,115.849389,35.854233,433.57,0.00339539
2025,403,0,0.00,115.861786,35.859893,508.32,-0.00114196
2025,403,1,94.80,115.862239,35.860616,508.32,-0.00163484
2025,403,2,189.59,115.862902,35.861278,493.37,-0.00109174
2025,403,3,284.39,115.863659,35.861779,508.32,0.00049568
2025,403,4,379.19,115.864327,35.862434,493.37,0.00000000
2025,403,5,473.99,115.864989,35.863096,493.37,-0.00068167
2025,403,6,568.78,115.865751,35.863589,508.32,0.00000000
2025,403,7,663.58,115.866441,35.864205,493.37,0.00031295
2025,403,8,758.38,115.867176,35.864744,478.42,-0.00000000
2025,403,9,853.17,115.867838,35.865406,493.37,-0.00015483
2025,403,10,947.97,115.868600,35.865899,463.47,0.00037747
2025,403,11,1042.77,115.869263,35.866561,433.57,0.00054924
2025,403,12,1137.57,115.869957,35.867169,493.37,-0.00022954
2025,403,13,1232.36,115.870478,35.867777,463.47,-0.00054924
2025,403,14,1327.16,115.871240,35.868269,448.52,0.00040132
2025,403,15,1421.96,115.871903,35.868932,433.57,0.00054924
2025,403,16,1516.75,115.872566,35.869595,418.61,0.00000000
2025,404,0,0.00,115.861786,35.859893,1794.06,-0.00115139
2025,404,1,92.07,115.862429,35.859249,1510.00,-0.00118213
2025,404,2,184.13,115.862864,35.858545,882.08,-0.00121288
2025,405,0,0.00,115.872566,35.869595,553.17,0.00000000
2025,405,1,44.85,115.872566,35.869999,523.27,0.00000000
2025,405,2,89.71,115.872566,35.870403,418.61,0.00000000
2025,406,0,0.00,115.872566,35.869595,627.92,-0.00252076
2025,406,1,80.12,115.873453,35.869595,478.42,-0.00265792
2025,406,2,160.25,115.874183,35.869325,702.67,-0.00279508
2025,41,0,0.00,115.138732,35.422773,1166.14,-0.00000000
2025,41,1,90.16,115.138103,35.422144,1016.64,-0.00000000
2025,41,2,180.32,115.137474,35.421515,971.78,0.00000000
2025,41,3,270.48,115.136845,35.420886,971.78,0.00000000
2025,42,0,0.00,115.155171,35.422234,747.53,-0.00891463
2025,42,1,34.27,115.155141,35.421934,538.22,-0.00879749
2025,42,2,68.54,115.154902,35.421695,672.77,-0.00868036
2025,44,0,0.00,115.210417,35.413610,1166.14,-0.00000000
2025,44,1,93.35,115.211068,35.414261,1061.49,-0.00000000
2025,44,2,186.69,115.211719,35.414912,1061.49,-0.00158465
2025,44,3,280.04,115.212370,35.415563,822.28,-0.00405815
2025,44,4,373.39,115.213281,35.415766,433.57,-0.00407386
2025,44,5,466.73,115.214309,35.415766,403.66,-0.00255502
2025,44,6,560.08,115.215180,35.415496,403.66,-0.00242925
2025,44,7,653.42,115.216061,35.415242,717.63,-0.00342729
2025,44,8,746.77,115.216712,35.414591,1121.29,-0.00254448
2025,44,9,840.12,115.217155,35.413879,1435.25,-0.00118355
2025,45,0,0.00,115.210417,35.413610,1001.69,0.00342624
2025,45,1,96.36,115.211089,35.412938,792.38,0.00325763
2025,45,2,192.72,115.212058,35.412778,642.87,0.00209610
2025,45,3,289.08,115.212976,35.412532,418.61,0.00133341
2025,45,4,385.44,115.214037,35.412532,388.71,0.00093987
2025,45,5,481.80,115.215098,35.412532,418.61,0.00188995
2025,45,6,578.16,115.216129,35.412584,687.72,0.00500798
2025,45,7,674.52,115.216885,35.413089,538.22,0.00484714
2025,45,8,770.88,115.217155,35.413879,598.02,0.00314214
2025,46,0,0.00,115.136845,35.420886,747.53,-0.01144958
2025,46,1,31.56,115.136526,35.420935,747.53,-0.01105629
2025,46,2,63.11,115.136306,35.421156,926.93,-0.01066300
2025,49,0,0.00,115.136306,35.421156,672.77,-0.00322779
2025,49,1,74.71,115.135640,35.420886,672.77,-0.00452602
2025,49,2,149.42,115.134817,35.420886,717.63,-0.00452602
2025,49,3,224.13,115.134150,35.421156,882.08,-0.00322779
2025,5,0,0.00,115.143583,35.423312,538.22,0.00337969
2025,5,1,95.63,115.143124,35.424039,657.82,0.00456883
2025,5,2,191.26,115.142260,35.424365,373.76,0.00483667
2025,5,3,286.89,115.141221,35.424389,313.96,0.00203006
2025,5,4,382.52,115.140324,35.424120,463.47,-0.00080216
2025,5,5,478.15,115.139271,35.424120,553.17,-0.00174905
2025,51,0,0.00,115.134150,35.421156,822.28,-0.00311512
2025,51,1,90.17,115.133423,35.420697,762.48,-0.00335380
2025,51,2,180.34,115.132477,35.420617,687.72,-0.00207827
2025,51,3,270.51,115.131484,35.420617,657.82,-0.00028203
2025,51,4,360.68,115.130491,35.420617,598.02,0.00000000
2025,51,5,450.85,115.129498,35.420617,568.12,0.00000000
2025,51,6,541.02,115.128505,35.420617,568.12,0.00000000
2025,51,7,631.19,115.127512,35.420617,598.02,0.00000000
2025,51,8,721.36,115.126519,35.420617,598.02,0.00000000
2025,51,9,811.53,115.125527,35.420617,627.92,0.00000000
2025,53,0,0.00,115.217155,35.413879,627.92,0.00149907
2025,53,1,99.38,115.218243,35.413890,538.22,0.00160426
2025,53,2,198.77,115.219187,35.414149,478.42,-0.00000000
2025,53,3,298.15,115.220126,35.414418,418.61,-0.00085473
2025,53,4,397.53,115.221220,35.414418,373.76,-0.00000000
2025,53,5,496.92,115.222158,35.414688,328.91,0.00000000
2025,53,6,596.30,115.223253,35.414688,328.91,0.00181371
2025,53,7,695.68,115.224191,35.414957,358.81,0.00209998
2025,53,8,795.06,115.224973,35.415496,343.86,0.00079764
2025,53,9,894.45,115.225863,35.415850,373.76,0.00104337
2025,53,10,993.83,115.226556,35.416543,358.81,-0.00000650
2025,53,11,1093.21,115.227348,35.417065,358.81,-0.00110609
2025,53,12,1192.60,115.228140,35.417588,373.76,-0.00057267
2025,53,13,1291.98,115.229031,35.417940,373.76,-0.00000000
2025,53,14,1391.36,115.229823,35.418461,343.86,0.00001016
2025,53,15,1490.75,115.230713,35.418814,343.86,0.00040172
2025,53,16,1590.13,115.231505,35.419336,284.06,-0.00045892
2025,53,17,1689.51,115.232326,35.419808,299.01,-0.00081151
2025,53,18,1788.89,115.233265,35.420078,313.96,0.00089780
2025,53,19,1888.28,115.234079,35.420562,343.86,0.00097738
2025,53,20,1987.66,115.234871,35.421085,373.76,-0.00044396
2025,53,21,2087.04,115.235662,35.421607,388.71,-0.00049401
2025,53,22,2186.43,115.236553,35.421959,388.71,0.00056759
2025,53,23,2285.81,115.237333,35.422503,418.61,0.00042301
2025,53,24,2385.19,115.238137,35.423004,418.61,0.00000000
2025,53,25,2484.58,115.238929,35.423526,478.42,0.00007100
2025,53,26,2583.96,115.239721,35.424049,478.42,0.00000000
2025,53,27,2683.34,115.240513,35.424571,493.37,-0.00000000
2025,53,28,2782.73,115.241305,35.425093,478.42,0.00043685
2025,53,29,2882.11,115.242097,35.425616,478.42,0.00000000
2025,53,30,2981.49,115.242809,35.426276,523.27,-0.00032983
2025,53,31,3080.87,115.243681,35.426661,508.32,0.00103888
2025,53,32,3180.26,115.244374,35.427354,508.32,0.00186373
2025,54,0,0.00,115.125527,35.420617,1151.19,-0.00108859
2025,54,1,97.21,115.125057,35.419878,971.78,-0.00054430
2025,54,2,194.43,115.124379,35.419200,911.98,0.00054430
2025,54,3,291.64,115.123910,35.418461,807.33,0.00108859
2025,55,0,0.00,115.125527,35.420617,702.67,0.00276452
2025,55,1,80.51,115.124796,35.420886,687.72,0.00262974
2025,55,2,161.01,115.123910,35.420886,657.82,0.00249496
2025,56,0,0.00,115.244374,35.427354,508.32,-0.00246070
2025,56,1,82.43,115.244969,35.427893,538.22,-0.00256322
2025,56,2,164.86,115.245721,35.428162,627.92,-0.00266575
2025,57,0,0.00,115.244374,35.427354,1794.06,-0.00000000
2025,57,1,95.84,115.245042,35.426686,1794.06,0.00037030
2025,57,2,191.67,115.245711,35.426017,1569.81,0.00437180
2025,57,3,287.51,115.246448,35.425467,762.48,0.01060276
2025,57,4,383.34,115.247069,35.425965,627.92,0.01025898
2025,57,5,479.18,115.247058,35.426826,1091.39,0.00541744
2025,57,6,575.01,115.246390,35.427494,1794.06,0.00175973
2025,57,7,670.85,115.245721,35.428162,1794.06,-0.00000000
2025,58,0,0.00,115.123910,35.418461,837.23,-0.00478082
2025,58,1,93.02,115.123678,35.417690,553.17,-0.00490232
2025,58,2,186.03,115.122832,35.417383,508.32,-0.00502381
2025,59,0,0.00,115.123910,35.418461,657.82,0.00000000
2025,59,1,24.48,115.123640,35.418461,657.82,0.00000000
2025,59,2,48.95,115.123371,35.418461,627.92,0.00000000
2025,6,0,0.00,115.143583,35.423312,1106.34,0.00249037
2025,6,1,84.33,115.142995,35.422723,732.58,0.00141978
2025,6,2,168.67,115.142774,35.422028,792.38,-0.00092534
2025,6,3,253.00,115.142235,35.421425,702.67,-0.00219988
2025,60,0,0.00,115.123910,35.420886,882.08,-0.00298653
2025,60,1,95.53,115.123371,35.421590,1390.40,-0.00293198
2025,60,2,191.05,115.123371,35.422451,1225.94,-0.00143872
2025,60,3,286.58,115.123371,35.423312,269.11,0.00000000
2025,61,0,0.00,115.123910,35.420886,717.63,-0.00577782
2025,61,1,56.03,115.123449,35.420617,642.87,-0.00553393
2025,61,2,112.07,115.122832,35.420617,508.32,-0.00529004
2025,62,0,0.00,115.245721,35.428162,583.07,-0.00246073
2025,62,1,82.43,115.246317,35.428701,627.92,-0.00256325
2025,62,2,164.86,115.247069,35.428971,627.92,-0.00266578
2025,63,0,0.00,115.122832,35.420617,538.22,0.00407567
2025,63,1,91.03,115.121985,35.420886,478.42,0.00300594
2025,63,2,182.05,115.121139,35.420617,448.52,-0.00000000
2025,63,3,273.08,115.120137,35.420617,388.71,-0.00193620
2025,64,0,0.00,115.122832,35.420617,882.08,0.00253962
2025,64,1,85.68,115.122234,35.420019,986.73,0.00332672
2025,64,2,171.35,115.122023,35.419308,1196.04,0.00273350
2025,64,3,257.03,115.122023,35.418536,897.03,0.00067659
2025,64,4,342.70,115.122023,35.417922,822.28,0.00000000
2025,65,0,0.00,115.247069,35.428971,672.77,-0.00323216
2025,65,1,97.38,115.247331,35.429772,598.02,-0.00269987
2025,65,2,194.75,115.248109,35.430281,568.12,-0.00164571
2025,65,3,292.13,115.248788,35.430960,568.12,-0.00056193
2025,65,4,389.51,115.249665,35.431298,568.12,0.00000000
2025,65,5,486.88,115.250344,35.431977,553.17,-0.00000000
2025,65,6,584.26,115.251221,35.432315,538.22,-0.00000000
2025,65,7,681.64,115.251900,35.432994,568.12,0.00000000
2025,65,8,779.01,115.252777,35.433332,553.17,0.00108351
2025,65,9,876.39,115.253456,35.434011,508.32,0.00108351
2025,65,10,973.77,115.254135,35.434690,538.22,0.00000000
2025,65,11,1071.14,115.254815,35.435369,523.27,0.00000000
2025,65,12,1168.52,115.255494,35.436049,553.17,0.00019841
2025,65,13,1265.89,115.256173,35.436728,493.37,-0.00000000
2025,65,14,1363.27,115.256770,35.437431,523.27,0.00013899
2025,65,15,1460.65,115.257422,35.437976,553.17,0.00051548
2025,65,16,1558.02,115.257892,35.438717,523.27,-0.00085898
2025,65,17,1655.40,115.258572,35.439396,538.22,-0.00028977
2025,65,18,1752.78,115.259350,35.439904,523.27,0.00157939
2025,65,19,1850.15,115.259735,35.440670,508.32,0.00007498
2025,65,20,1947.53,115.260291,35.441385,553.17,-0.00105781
2025,65,21,2044.91,115.260970,35.442064,553.17,-0.00081450
2025,65,22,2142.28,115.261649,35.442743,538.22,-0.00018191
2025,65,23,2239.66,115.262426,35.443254,523.27,0.00050602
2025,65,24,2337.04,115.262969,35.443971,463.47,-0.00016763
2025,65,25,2434.41,115.263676,35.444500,478.42,0.00000778
2025,65,26,2531.79,115.264355,35.445180,433.57,0.00034955
2025,65,27,2629.17,115.265035,35.445859,433.57,0.00000000
2025,65,28,2726.54,115.265714,35.446538,433.57,0.00000000
2025,65,29,2823.92,115.266393,35.447217,433.57,-0.00052158
2025,65,30,2921.30,115.267072,35.447896,418.61,-0.00108351
2025,65,31,3018.67,115.267850,35.448405,448.52,-0.00056193
2025,65,32,3116.05,115.268628,35.448914,478.42,0.00000000
2025,66,0,0.00,115.247069,35.428971,1794.06,-0.00000000
2025,66,1,96.86,115.247744,35.428295,1794.06,0.00042983
2025,66,2,193.71,115.248420,35.427620,1644.56,0.00368945
2025,66,3,290.57,115.249176,35.427084,837.23,0.00690215
2025,66,4,387.42,115.250067,35.427388,553.17,0.00435096
2025,66,5,484.28,115.250842,35.427893,583.07,0.00141686
2025,67,0,0.00,115.120137,35.420617,612.97,0.00000000
2025,67,1,19.32,115.120002,35.420751,642.87,0.00000000
2025,67,2,38.64,115.119867,35.420886,598.02,0.00000000
2025,68,0,0.00,115.120137,35.420617,747.53,-0.00000000
2025,68,1,74.37,115.119618,35.420098,493.37,0.00089166
2025,68,2,148.73,115.119099,35.419579,254.16,0.00183650
2025,68,3,223.10,115.118789,35.419000,284.06,0.00188968
2025,69,0,0.00,115.268628,35.448914,478.42,-0.00308352
2025,69,1,92.03,115.269062,35.449616,433.57,-0.00251427
2025,69,2,184.05,115.269858,35.449991,433.57,-0.00050193
2025,69,3,276.08,115.270560,35.450530,463.47,0.00084259
2025,69,4,368.10,115.271284,35.451030,463.47,0.00085639
2025,69,5,460.13,115.271926,35.451672,463.47,0.00048437
2025,69,6,552.15,115.272568,35.452314,433.57,0.00000000
2025,69,7,644.18,115.273210,35.452956,403.66,0.00000000
2025,7,0,0.00,115.146278,35.420347,598.02,-0.00182097
2025,7,1,93.78,115.147310,35.420347,523.27,-0.00091049
2025,7,2,187.55,115.148187,35.420078,538.22,0.00091049
2025,7,3,281.33,115.149219,35.420078,538.22,0.00182097
2025,7,4,375.11,115.150252,35.420078,627.92,0.00191557
2025,7,5,468.88,115.151129,35.420347,657.82,0.00201016
2025,70,0,0.00,115.268628,35.448914,1794.06,0.00000000
2025,70,1,72.55,115.269134,35.448407,1734.26,0.00095262
2025,70,2,145.09,115.269640,35.447901,1794.06,0.00199511
2025,70,3,217.64,115.270245,35.447566,837.23,0.00208499
2025,71,0,0.00,115.273210,35.452956,687.72,-0.00468695
2025,71,1,66.72,115.273258,35.453543,568.12,-0.00576681
2025,71,2,133.44,115.273723,35.454009,478.42,-0.00466629
2025,71,3,200.17,115.274288,35.454303,538.22,-0.00248592
2025,72,0,0.00,115.273210,35.452956,1659.51,-0.00000000
2025,72,1,79.84,115.273767,35.452399,1375.45,0.00078267
2025,72,2,159.68,115.274324,35.451842,1360.50,0.00163496
2025,72,3,239.53,115.274979,35.451456,269.11,0.00085229
2025,72,4,319.37,115.275635,35.451069,777.43,-0.00000000
2025,73,0,0.00,115.274288,35.454303,523.27,-0.00445671
2025,73,1,68.53,115.274349,35.454903,583.07,-0.00439821
2025,73,2,137.07,115.274827,35.455381,508.32,-0.00433972
2025,74,0,0.00,115.274288,35.454303,1794.06,0.00000000
2025,74,1,98.30,115.274973,35.453618,1300.70,0.00051157
2025,74,2,196.60,115.275659,35.452932,1151.19,0.00106243
2025,74,3,294.90,115.276444,35.452417,284.06,0.00110173
2025,75,0,0.00,115.275635,35.451069,448.52,-0.00136956
2025,75,1,86.95,115.275237,35.450402,463.47,0.00000000
2025,75,2,173.89,115.274631,35.449796,463.47,0.00006675
2025,75,3,260.84,115.274441,35.449067,478.42,-0.00133353
2025,75,4,347.78,115.273736,35.448631,463.47,0.00061803
2025,75,5,434.73,115.273338,35.447964,478.42,0.00133353
2025,75,6,521.68,115.272940,35.447297,478.42,0.00000000
2025,76,0,0.00,115.275635,35.451069,448.52,0.00261111
2025,76,1,87.85,115.276248,35.451682,448.52,0.00268175
2025,76,2,175.70,115.276444,35.452417,627.92,0.00275240
2025,77,0,0.00,115.274827,35.455381,478.42,-0.00471405
2025,77,1,65.82,115.275077,35.455901,687.72,-0.00479974
2025,77,2,131.63,115.275635,35.456190,612.97,-0.00488542
2025,78,0,0.00,115.274827,35.455381,1794.06,0.00000000
2025,78,1,86.93,115.275433,35.454775,1719.31,0.00000000
2025,78,2,173.85,115.276039,35.454169,1136.24,0.00000000
2025,78,3,260.78,115.276646,35.453562,911.98,0.00000000
2025,78,4,347.70,115.277252,35.452956,553.17,0.00000000
2025,8,0,0.00,115.146278,35.420347,792.38,-0.00307554
2025,8,1,82.70,115.145701,35.419770,568.12,-0.00434471
2025,8,2,165.39,115.144924,35.419539,418.61,-0.00499237
2025,8,3,248.09,115.144014,35.419539,657.82,-0.00349265
2025,8,4,330.78,115.143259,35.419808,328.91,-0.00130722
2025,8,5,413.48,115.142505,35.420078,358.81,0.00000000
2025,80,0,0.00,115.276444,35.452417,777.43,0.00931266
2025,80,1,58.73,115.277051,35.452485,493.37,0.00934479
2025,80,2,117.46,115.277252,35.452956,448.52,0.00937693
2025,81,0,0.00,115.275635,35.456190,508.32,0.00000000
2025,81,1,97.29,115.275905,35.456988,568.12,-0.00155365
2025,81,2,194.59,115.276174,35.457786,538.22,-0.00262311
2025,81,3,291.88,115.276936,35.458299,523.27,-0.00110773
2025,81,4,389.17,115.277614,35.458978,538.22,-0.00003827
2025,81,5,486.46,115.278392,35.459486,583.07,-0.00056287
2025,81,6,583.76,115.279071,35.460164,583.07,-0.00176589
2025,81,7,681.05,115.279947,35.460502,642.87,-0.00240605
2025,82,0,0.00,115.275635,35.456190,1794.06,0.00000000
2025,82,1,84.74,115.276226,35.455599,1659.51,0.00000000
2025,82,2,169.48,115.276817,35.455008,1151.19,-0.00068347
2025,82,3,254.23,115.277408,35.454416,911.98,-0.00140540
2025,82,4,338.97,115.277791,35.453764,747.53,-0.00144386
2025,83,0,0.00,115.277252,35.452956,598.02,0.00866831
2025,83,1,61.45,115.277780,35.453214,478.42,0.00825829
2025,83,2,122.90,115.277791,35.453764,553.17,0.00784827
2025,84,0,0.00,115.279947,35.460502,687.72,-0.00259986
2025,84,1,94.47,115.279980,35.461344,568.12,-0.00233289
2025,84,2,188.94,115.280486,35.462047,568.12,-0.00087657
2025,84,3,283.41,115.280881,35.462783,553.17,0.00000000
2025,84,4,377.87,115.281332,35.463503,583.07,-0.00054649
2025,84,5,472.34,115.281782,35.464223,583.07,-0.00011950
2025,84,6,566.81,115.282372,35.464902,657.82,0.00044360
2025,84,7,661.28,115.282707,35.465622,657.82,-0.00027356
2025,84,8,755.75,115.283181,35.466227,657.82,-0.00019728
2025,84,9,850.22,115.283683,35.466932,687.72,-0.00018407
2025,84,10,944.68,115.284133,35.467652,687.72,-0.00043335
2025,84,11,1039.15,115.284792,35.468311,642.87,0.00006950
2025,84,12,1133.62,115.285242,35.469031,657.82,-0.00000000
2025,84,13,1228.09,115.285876,35.469698,612.97,-0.00013855
2025,84,14,1322.56,115.286352,35.470410,583.07,-0.00054808
2025,84,15,1417.03,115.287011,35.471069,538.22,0.00006905
2025,84,16,1511.49,115.287670,35.471728,478.42,0.00112520
2025,84,17,1605.96,115.288120,35.472448,478.42,0.00057713
2025,84,18,1700.43,115.288571,35.473168,313.96,-0.00000000
2025,85,0,0.00,115.279947,35.460502,1659.51,0.00000000
2025,85,1,86.81,115.280553,35.459896,1375.45,0.00000000
2025,85,2,173.62,115.281158,35.459291,1106.34,0.00000000
2025,85,3,260.42,115.281764,35.458685,941.88,-0.00196389
2025,85,4,347.23,115.282369,35.458080,642.87,-0.00541943
2025,85,5,434.04,115.282372,35.457298,627.92,-0.00773217
2025,85,6,520.85,115.281939,35.456729,627.92,-0.00757775
2025,85,7,607.66,115.281294,35.456729,732.58,-0.00660223
2025,86,0,0.00,115.277791,35.453764,672.77,0.00237398
2025,86,1,97.93,115.278672,35.454106,568.12,0.00174227
2025,86,2,195.85,115.279355,35.454789,553.17,0.00107085
2025,86,3,293.78,115.280137,35.455302,553.17,0.00102514
2025,86,4,391.70,115.280611,35.456046,553.17,0.00000000
2025,86,5,489.63,115.281294,35.456729,553.17,-0.00101914
2025,87,0,0.00,115.288571,35.473168,717.63,0.00000000
2025,87,1,36.69,115.288975,35.473168,687.72,0.00000000
2025,87,2,73.38,115.289379,35.473168,343.86,0.00000000
2025,88,0,0.00,115.288571,35.473168,1599.71,0.00000000
2025,88,1,53.58,115.288301,35.473572,1539.90,0.00000000
2025,88,2,107.16,115.288032,35.473976,882.08,0.00000000
2025,89,0,0.00,115.281294,35.456729,598.02,0.00000000
2025,89,1,29.90,115.281294,35.456998,598.02,0.00000000
2025,89,2,59.80,115.281294,35.457268,627.92,0.00000000
2025,9,0,0.00,115.139271,35.424120,747.53,0.01228118
2025,9,1,65.83,115.139020,35.424640,702.67,0.01288998
2025,9,2,131.65,115.138462,35.424389,493.37,0.01349879
2025,90,0,0.00,115.289379,35.473168,254.16,-0.00292496
2025,90,1,97.40,115.289649,35.473967,373.76,-0.00320387
2025,90,2,194.80,115.290398,35.474515,328.91,-0.00248198
2025,90,3,292.21,115.291198,35.474987,343.86,-0.00121680
2025,90,4,389.61,115.292076,35.475325,358.81,0.00072388
2025,90,5,487.01,115.292953,35.475664,373.76,0.00120009
2025,90,6,584.41,115.293632,35.476343,388.71,-0.00052089
2025,90,7,681.82,115.294510,35.476681,388.71,0.00056147
2025,90,8,779.22,115.295276,35.477210,433.57,0.00072306
2025,90,9,876.62,115.295968,35.477870,418.61,-0.00056147
2025,90,10,974.02,115.296798,35.478288,418.61,0.00064056
2025,90,11,1071.43,115.297524,35.478888,343.86,0.00000000
2025,90,12,1168.83,115.298204,35.479567,388.71,-0.00204282
2025,90,13,1266.23,115.299081,35.479905,418.61,-0.00240019
2025,91,0,0.00,115.289379,35.473168,867.13,0.00000000
2025,91,1,38.63,115.289649,35.472899,867.13,0.00000000
2025,91,2,77.26,115.289918,35.472629,867.13,0.00000000
2025,92,0,0.00,115.299081,35.479905,448.52,-0.00033238
2025,92,1,91.68,115.299512,35.480606,299.01,-0.00119624
2025,92,2,183.35,115.299974,35.481253,328.91,-0.00205297
2025,92,3,275.03,115.300682,35.481775,299.01,-0.00189929
2025,92,4,366.71,115.301420,35.482244,328.91,-0.00087637
2025,92,5,458.38,115.302257,35.482543,313.96,-0.00068801
2025,92,6,550.06,115.302996,35.483012,299.01,-0.00202726
2025,92,7,641.74,115.303932,35.483139,343.86,-0.00267849
2025,93,0,0.00,115.299081,35.479905,1794.06,0.00193434
2025,93,1,95.31,115.299819,35.479366,1031.59,0.00345390
2025,93,2,190.62,115.300713,35.479097,403.66,0.00514857
2025,93,3,285.93,115.301669,35.479259,284.06,0.00388162
2025,93,4,381.24,115.302433,35.479754,299.01,0.00111821
2025,93,5,476.55,115.303197,35.480248,299.01,-0.00061948
2025,93,6,571.85,115.303977,35.480714,343.86,0.00074119
2025,93,7,667.16,115.304823,35.481066,328.91,0.00285674
2025,93,8,762.47,115.305280,35.481792,508.32,0.00319524
2025,94,0,0.00,115.303932,35.483139,373.76,-0.00234454
2025,94,1,77.77,115.304266,35.483743,299.01,-0.00340081
2025,94,2,155.55,115.304848,35.484217,328.91,-0.00336822
2025,94,3,233.32,115.305549,35.484487,358.81,-0.00227936
2025,95,0,0.00,115.303932,35.483139,1794.06,-0.00000000
2025,95,1,96.57,115.304606,35.482466,1121.29,-0.00000000
2025,95,2,193.14,115.305280,35.481792,299.01,-0.00000000
2025,96,0,0.00,115.305280,35.481792,463.47,0.00070680
2025,96,1,91.58,115.306133,35.482061,313.96,0.00462244
2025,96,2,183.17,115.306896,35.482404,373.76,0.00829341
2025,96,3,274.75,115.306627,35.483151,777.43,0.00512516
2025,96,4,366.34,115.306188,35.483848,1794.06,0.00165941
2025,96,5,457.92,115.305549,35.484487,1614.66,0.00111724
2025,98,0,0.00,115.305549,35.484487,358.81,-0.00022260
2025,98,1,99.25,115.306330,35.485026,299.01,-0.00090055
2025,98,2,198.50,115.307132,35.485530,313.96,-0.00115418
2025,98,3,297.75,115.308049,35.485834,284.06,-0.00020163
2025,98,4,397.00,115.308912,35.486233,313.96,-0.00007942
2025,98,5,496.25,115.309802,35.486584,313.96,-0.00052405
2025,98,6,595.50,115.310706,35.486912,284.06,-0.00048222
2025,98,7,694.75,115.311643,35.487182,299.01,-0.00020089
2025,98,8,794.00,115.312581,35.487451,269.11,0.00002952
2025,98,9,893.25,115.313518,35.487721,269.11,0.00030981
2025,98,10,992.49,115.314451,35.487999,284.06,-0.00005900
2025,98,11,1091.74,115.315341,35.488350,269.11,-0.00144964
2025,98,12,1190.99,115.316331,35.488529,269.11,-0.00165433
2025,98,13,1290.24,115.317418,35.488541,313.96,-0.00436354
2025,98,14,1389.49,115.318210,35.488535,478.42,-0.00657333
2025,98,15,1488.74,115.318485,35.487721,882.08,-0.00550755
2025,99,0,0.00,115.318485,35.487721,313.96,0.00000000
2025,99,1,19.31,115.318350,35.487586,642.87,0.00000000
2025,99,2,38.63,115.318215,35.487451,612.97,0.00000000
