year,link_id,sample_idx,s_m,lon,lat,B_m,C_1m
2003,0,0,0.00,115.698472,35.797101,478.42,0.00489187
2003,0,1,65.70,115.697914,35.796812,612.97,0.00480435
2003,0,2,131.40,115.697664,35.796292,612.97,0.00471682
2003,1,0,0.00,115.697664,35.796292,971.78,0.00000000
2003,1,1,36.54,115.698068,35.796292,687.72,0.00000000
2003,1,2,73.08,115.698472,35.796292,687.72,0.00000000
2003,100,0,0.00,115.700089,35.762336,941.88,0.00000000
2003,100,1,87.77,115.700493,35.761662,328.91,0.00000000
2003,100,2,175.53,115.700898,35.760988,,0.00000000
2003,101,0,0.00,115.647807,35.752364,553.17,-0.00068202
2003,101,1,91.45,115.647538,35.751618,508.32,-0.00218154
2003,101,2,182.90,115.647156,35.750905,463.47,-0.00402305
2003,101,3,274.35,115.646394,35.750478,269.11,-0.00598917
2003,101,4,365.80,115.645540,35.750208,598.02,-0.00680845
2003,101,5,457.25,115.644843,35.750747,882.08,-0.00600361
2003,102,0,0.00,115.647807,35.752364,508.32,0.00222758
2003,102,1,85.77,115.647109,35.752475,463.47,0.00254844
2003,102,2,171.54,115.646225,35.752364,433.57,0.00432374
2003,102,3,257.30,115.645414,35.752128,269.11,0.00582435
2003,102,4,343.07,115.645024,35.751468,328.91,0.00365338
2003,102,5,428.84,115.644843,35.750747,612.97,0.00143623
2003,103,0,0.00,115.718954,35.845879,1465.15,-0.00320616
2003,103,1,84.69,115.719546,35.846471,1196.04,-0.00558690
2003,103,2,169.38,115.720357,35.846688,747.53,-0.00980183
2003,103,3,254.08,115.721110,35.846396,388.71,-0.00943113
2003,103,4,338.77,115.721110,35.845633,418.61,-0.00493743
2003,103,5,423.46,115.720954,35.844914,852.18,-0.00212669
2003,103,6,508.15,115.720571,35.844262,1091.39,-0.00160476
2003,104,0,0.00,115.718954,35.845879,373.76,0.00298178
2003,104,1,87.58,115.719223,35.845168,373.76,0.00331964
2003,104,2,175.16,115.719859,35.844704,343.86,0.00204783
2003,104,3,262.74,115.720571,35.844262,538.22,0.00043816
2003,105,0,0.00,115.644573,35.750478,418.61,-0.00000000
2003,105,1,19.29,115.644708,35.750613,418.61,-0.00000000
2003,105,2,38.58,115.644843,35.750747,448.52,-0.00000000
2003,107,0,0.00,115.644573,35.750478,747.53,-0.00082389
2003,107,1,83.68,115.644573,35.749724,702.67,-0.00314968
2003,107,2,167.36,115.644448,35.749006,343.86,-0.00515474
2003,107,3,251.04,115.643765,35.748591,313.96,-0.00483401
2003,108,0,0.00,115.644573,35.750478,568.12,0.01341586
2003,108,1,57.87,115.644169,35.750613,448.52,0.01101704
2003,108,2,115.73,115.643765,35.750208,463.47,0.00861822
2003,11,0,0.00,115.696855,35.789016,1255.84,0.00187897
2003,11,1,92.37,115.695833,35.789016,1794.06,0.00197759
2003,11,2,184.75,115.694969,35.788746,1749.21,0.00207622
2003,110,0,0.00,115.720571,35.844262,508.32,-0.00000000
2003,110,1,92.34,115.721216,35.843617,523.27,-0.00000000
2003,110,2,184.67,115.721861,35.842971,538.22,-0.00057237
2003,110,3,277.01,115.722507,35.842326,553.17,-0.00057237
2003,110,4,369.34,115.722943,35.841620,538.22,0.00057237
2003,110,5,461.68,115.723588,35.840975,612.97,0.00057237
2003,110,6,554.01,115.724234,35.840330,568.12,-0.00057237
2003,110,7,646.35,115.724879,35.839684,598.02,-0.00057237
2003,110,8,738.68,115.725315,35.838978,538.22,0.00057237
2003,110,9,831.02,115.725961,35.838333,538.22,0.00114474
2003,111,0,0.00,115.643765,35.748591,433.57,0.00000000
2003,111,1,36.56,115.643360,35.748591,403.66,0.00000000
2003,111,2,73.13,115.642956,35.748591,373.76,0.00000000
2003,112,0,0.00,115.643765,35.748591,478.42,0.00000000
2003,112,1,89.70,115.643765,35.749400,687.72,0.00000000
2003,112,2,179.41,115.643765,35.750208,747.53,0.00000000
2003,113,0,0.00,115.643765,35.748591,284.06,-0.00469925
2003,113,1,81.53,115.643404,35.747961,313.96,-0.00485708
2003,113,2,163.05,115.642636,35.747732,284.06,-0.00470520
2003,113,3,244.58,115.641862,35.747514,568.12,-0.00602562
2003,113,4,326.10,115.641100,35.747752,1360.50,-0.00534089
2003,113,5,407.63,115.640531,35.748322,1794.06,-0.00302602
2003,115,0,0.00,115.643765,35.750208,493.37,0.00424160
2003,115,1,90.34,115.642935,35.750457,373.76,0.00490217
2003,115,2,180.69,115.642106,35.750166,299.01,0.00473583
2003,115,3,271.03,115.641375,35.749705,284.06,0.00318424
2003,115,4,361.38,115.640953,35.749014,328.91,0.00122978
2003,115,5,451.72,115.640531,35.748322,448.52,-0.00000000
2003,116,0,0.00,115.725961,35.838333,717.63,-0.00000000
2003,116,1,94.98,115.726854,35.838064,702.67,-0.00060875
2003,116,2,189.95,115.727748,35.837794,627.92,-0.00173036
2003,116,3,284.93,115.728548,35.837363,568.12,-0.00306043
2003,116,4,379.91,115.729194,35.836836,284.06,-0.00588954
2003,116,5,474.89,115.729464,35.836058,418.61,-0.00443645
2003,116,6,569.86,115.728817,35.835530,508.32,0.00227478
2003,116,7,664.84,115.728949,35.834806,523.27,0.00301765
2003,116,8,759.82,115.729194,35.834021,553.17,0.00051426
2003,117,0,0.00,115.725961,35.838333,657.82,0.00135687
2003,117,1,96.64,115.725961,35.837462,627.92,0.00090145
2003,117,2,193.28,115.726230,35.836669,598.02,0.00071847
2003,117,3,289.92,115.726315,35.835823,284.06,0.00218952
2003,117,4,386.56,115.726769,35.835083,254.16,0.00377249
2003,117,5,483.20,115.727370,35.834560,627.92,0.00323554
2003,117,6,579.84,115.728282,35.834291,687.72,0.00115711
2003,117,7,676.48,115.729194,35.834021,627.92,0.00000000
2003,118,0,0.00,115.640531,35.748322,448.52,0.00000000
2003,118,1,97.40,115.639751,35.747812,418.61,-0.00059090
2003,118,2,194.81,115.638972,35.747302,478.42,-0.00053341
2003,118,3,292.21,115.638093,35.746962,418.61,0.00074300
2003,118,4,389.61,115.637323,35.746436,448.52,0.00072746
2003,118,5,487.02,115.636560,35.745897,433.57,0.00004195
2003,118,6,584.42,115.635797,35.745358,433.57,0.00012718
2003,118,7,681.82,115.635034,35.744819,418.61,0.00057736
2003,118,8,779.23,115.634294,35.744241,418.61,-0.00025613
2003,118,9,876.63,115.633613,35.743561,433.57,-0.00119299
2003,118,10,974.03,115.632746,35.743202,448.52,0.00012895
2003,118,11,1071.44,115.631983,35.742663,433.57,0.00061562
2003,118,12,1168.84,115.631220,35.742124,433.57,-0.00045822
2003,118,13,1266.24,115.630458,35.741585,478.42,0.00002216
2003,118,14,1363.65,115.629616,35.741180,433.57,0.00082459
2003,118,15,1461.05,115.628936,35.740500,433.57,-0.00021621
2003,118,16,1558.45,115.628156,35.739990,478.42,-0.00029279
2003,118,17,1655.86,115.627377,35.739480,433.57,0.00036239
2003,118,18,1753.26,115.626644,35.738890,418.61,-0.00054206
2003,118,19,1850.66,115.625881,35.738351,448.52,-0.00015600
2003,118,20,1948.07,115.625038,35.737949,433.57,0.00083484
2003,118,21,2045.47,115.624357,35.737269,433.57,-0.00020639
2003,118,22,2142.87,115.623578,35.736759,418.61,-0.00056043
2003,118,23,2240.28,115.622798,35.736249,418.61,0.00056043
2003,118,24,2337.68,115.622019,35.735739,448.52,0.00046560
2003,118,25,2435.08,115.621338,35.735058,418.61,-0.00150689
2003,118,26,2532.49,115.620541,35.734578,418.61,-0.00216626
2003,118,27,2629.89,115.619621,35.734308,463.47,-0.00075420
2003,118,28,2727.29,115.618702,35.734039,313.96,-0.00000000
2003,12,0,0.00,115.696855,35.789016,1196.04,-0.00144914
2003,12,1,86.56,115.697655,35.788746,1001.69,-0.00289524
2003,12,2,173.12,115.698363,35.788317,777.43,-0.00418530
2003,12,3,259.67,115.698742,35.787647,702.67,-0.00125092
2003,12,4,346.23,115.698945,35.786926,717.63,0.00204939
2003,12,5,432.79,115.699550,35.786321,747.53,0.00257135
2003,120,0,0.00,115.729194,35.834021,508.32,-0.00097485
2003,120,1,99.95,115.729893,35.833323,478.42,-0.00048743
2003,120,2,199.89,115.730382,35.832564,478.42,0.00048743
2003,120,3,299.84,115.731081,35.831865,478.42,0.00097485
2003,121,0,0.00,115.618702,35.734039,313.96,-0.00204576
2003,121,1,98.87,115.618220,35.733288,418.61,-0.00152742
2003,121,2,197.74,115.617430,35.732767,388.71,-0.00050454
2003,121,3,296.62,115.616740,35.732077,388.71,-0.00066995
2003,121,4,395.49,115.615950,35.731556,358.81,-0.00054318
2003,121,5,494.36,115.615138,35.731074,373.76,0.00025203
2003,121,6,593.23,115.614370,35.730516,358.81,-0.00000000
2003,121,7,692.11,115.613580,35.729995,373.76,-0.00000635
2003,121,8,790.98,115.612791,35.729475,328.91,-0.00057267
2003,121,9,889.85,115.612022,35.728918,388.71,-0.00090430
2003,121,10,988.72,115.611112,35.728605,328.91,0.00000000
2003,121,11,1087.59,115.610307,35.728110,299.01,-0.00000000
2003,121,12,1186.47,115.609433,35.727734,343.86,0.00034499
2003,121,13,1285.34,115.608592,35.727301,313.96,0.00000000
2003,121,14,1384.21,115.607813,35.726762,299.01,-0.00055771
2003,121,15,1483.08,115.606878,35.726493,328.91,0.00071535
2003,121,16,1581.96,115.606099,35.725954,328.91,0.00007556
2003,121,17,1680.83,115.605286,35.725474,284.06,-0.00051366
2003,121,18,1779.70,115.604397,35.725124,269.11,0.00013715
2003,121,19,1878.57,115.603605,35.724606,269.11,-0.00113604
2003,121,20,1977.44,115.602718,35.724253,269.11,-0.00058908
2003,121,21,2076.32,115.601733,35.724067,179.41,-0.00000000
2003,121,22,2175.19,115.600940,35.723553,179.41,-0.00137822
2003,121,23,2274.06,115.599861,35.723528,179.41,-0.00090005
2003,121,24,2372.93,115.598926,35.723259,179.41,-0.00089649
2003,121,25,2471.80,115.597833,35.723259,179.41,-0.00081667
2003,121,26,2570.68,115.596740,35.723259,179.41,0.00081667
2003,121,27,2669.55,115.595647,35.723259,179.41,0.00000000
2003,121,28,2768.42,115.594711,35.722989,209.31,-0.00251329
2003,121,29,2867.29,115.593775,35.723259,179.41,-0.00171673
2003,121,30,2966.17,115.592836,35.723523,209.31,0.00001186
2003,121,31,3065.04,115.591904,35.723798,209.31,0.00035779
2003,121,32,3163.91,115.590959,35.724052,299.01,-0.00058996
2003,121,33,3262.78,115.589971,35.724232,328.91,-0.00165204
2003,121,34,3361.65,115.589181,35.724752,343.86,-0.00079961
2003,121,35,3460.53,115.588317,35.725145,328.91,-0.00028277
2003,121,36,3559.40,115.587538,35.725684,358.81,0.00042325
2003,121,37,3658.27,115.586712,35.726143,343.86,0.00101903
2003,121,38,3757.14,115.585823,35.726493,358.81,0.00075273
2003,122,0,0.00,115.618702,35.734039,1569.81,-0.00930076
2003,122,1,53.53,115.618432,35.734443,493.37,-0.00930076
2003,122,2,107.06,115.618702,35.734847,358.81,-0.00930076
2003,123,0,0.00,115.731081,35.831865,1285.75,-0.00221790
2003,123,1,95.95,115.731986,35.832135,807.33,-0.00473800
2003,123,2,191.91,115.733018,35.832084,403.66,-0.00688201
2003,123,3,287.86,115.733506,35.831361,254.16,-0.00458630
2003,123,4,383.81,115.733776,35.830574,508.32,-0.00202175
2003,123,5,479.76,115.733776,35.829709,433.57,-0.00137682
2003,124,0,0.00,115.731081,35.831865,478.42,0.00000000
2003,124,1,97.15,115.731551,35.831126,493.37,0.00139225
2003,124,2,194.29,115.732021,35.830386,194.36,0.00334953
2003,124,3,291.44,115.732858,35.829979,373.76,0.00245335
2003,124,4,388.58,115.733776,35.829709,373.76,0.00099215
2003,125,0,0.00,115.585823,35.726493,448.52,0.00245002
2003,125,1,90.53,115.585400,35.727186,254.16,0.00248262
2003,125,2,181.05,115.584668,35.727648,254.16,0.00125761
2003,125,3,271.58,115.583937,35.728110,239.21,0.00000000
2003,126,0,0.00,115.585823,35.726493,1330.60,-0.00381951
2003,126,1,96.99,115.585065,35.725954,583.07,-0.00465288
2003,126,2,193.99,115.583993,35.725954,254.16,-0.00454423
2003,126,3,290.98,115.583097,35.726255,269.11,-0.00252444
2003,126,4,387.97,115.582320,35.726762,224.26,-0.00144667
2003,128,0,0.00,115.733776,35.829709,328.91,0.00000000
2003,128,1,98.70,115.734466,35.829020,284.06,0.00000000
2003,128,2,197.40,115.735155,35.828330,224.26,0.00018569
2003,128,3,296.11,115.735845,35.827640,239.21,0.00050594
2003,128,4,394.81,115.736572,35.827014,224.26,0.00012469
2003,128,5,493.51,115.737324,35.826431,194.36,-0.00000000
2003,128,6,592.21,115.738014,35.825741,194.36,0.00126844
2003,128,7,690.92,115.738803,35.825221,194.36,0.00286387
2003,128,8,789.62,115.739683,35.824858,209.31,0.00291626
2003,128,9,888.32,115.740776,35.824858,179.41,0.00112527
2003,128,10,987.02,115.741868,35.824858,179.41,0.00081964
2003,128,11,1085.72,115.742960,35.824858,179.41,0.00172313
2003,128,12,1184.43,115.743895,35.825128,179.41,0.00004009
2003,128,13,1283.13,115.744830,35.825397,209.31,-0.00002409
2003,128,14,1381.83,115.745916,35.825410,209.31,0.00175818
2003,128,15,1480.53,115.746705,35.825929,239.21,0.00004820
2003,128,16,1579.24,115.747636,35.826206,239.21,-0.00067778
2003,128,17,1677.94,115.748571,35.826475,239.21,0.00091376
2003,128,18,1776.64,115.749469,35.826808,239.21,0.00092988
2003,128,19,1875.34,115.750283,35.827284,269.11,0.00091059
2003,128,20,1974.04,115.751147,35.827677,299.01,0.00057438
2003,128,21,2072.75,115.751839,35.828362,269.11,-0.00068645
2003,128,22,2171.45,115.752725,35.828716,299.01,0.00000000
2003,128,23,2270.15,115.753514,35.829235,269.11,0.00110401
2003,128,24,2368.85,115.754303,35.829755,284.06,0.00054476
2003,128,25,2467.56,115.754993,35.830445,224.26,0.00050594
2003,128,26,2566.26,115.755782,35.830964,239.21,0.00100592
2003,128,27,2664.96,115.756263,35.831715,209.31,-0.00000000
2003,128,28,2763.66,115.756952,35.832404,164.46,-0.00099997
2003,129,0,0.00,115.583937,35.728110,239.21,0.00096328
2003,129,1,90.89,115.583203,35.728574,269.11,0.00128043
2003,129,2,181.79,115.582398,35.728918,239.21,0.00110422
2003,129,3,272.68,115.581551,35.729188,358.81,0.00030543
2003,129,4,363.58,115.580703,35.729457,328.91,0.00000000
2003,13,0,0.00,115.695777,35.797101,1031.59,0.00243877
2003,13,1,79.17,115.694901,35.797101,747.53,0.00416475
2003,13,2,158.34,115.694174,35.796845,612.97,0.00438348
2003,13,3,237.51,115.693621,35.796292,448.52,0.00287624
2003,130,0,0.00,115.583937,35.728110,1794.06,-0.00000000
2003,130,1,72.43,115.583431,35.727604,1749.21,-0.00095382
2003,130,2,144.86,115.582925,35.727098,837.23,-0.00199790
2003,130,3,217.29,115.582320,35.726762,717.63,-0.00208816
2003,131,0,0.00,115.582320,35.726762,343.86,0.00000000
2003,131,1,12.19,115.582185,35.726762,343.86,0.00000000
2003,131,2,24.38,115.582050,35.726762,313.96,0.00000000
2003,133,0,0.00,115.756952,35.832404,1151.19,-0.00348771
2003,133,1,55.81,115.757541,35.832355,807.33,-0.00359196
2003,133,2,111.61,115.758030,35.832135,29.90,-0.00369621
2003,134,0,0.00,115.756952,35.832404,179.41,-0.00144951
2003,134,1,93.55,115.756952,35.833247,194.36,-0.00149278
2003,134,2,187.11,115.757222,35.834013,194.36,-0.00076802
2003,134,3,280.66,115.757491,35.834778,239.21,0.00076802
2003,134,4,374.22,115.757761,35.835543,284.06,0.00149278
2003,134,5,467.77,115.757761,35.836386,269.11,0.00072476
2003,134,6,561.33,115.757761,35.837229,299.01,-0.00008726
2003,134,7,654.88,115.757761,35.838072,373.76,-0.00072476
2003,134,8,748.44,115.757795,35.838906,358.81,-0.00121132
2003,134,9,841.99,115.758030,35.839681,373.76,-0.00114765
2003,135,0,0.00,115.580703,35.729457,568.12,0.00028705
2003,135,1,93.65,115.580703,35.728613,612.97,0.00248608
2003,135,2,187.30,115.580758,35.727785,313.96,0.00468084
2003,135,3,280.95,115.581511,35.727301,269.11,0.00467656
2003,136,0,0.00,115.580703,35.729457,328.91,0.00000000
2003,136,1,91.40,115.579965,35.729925,373.76,0.00022237
2003,136,2,182.79,115.579228,35.730394,358.81,0.00067536
2003,136,3,274.19,115.578457,35.730805,328.91,0.00028183
2003,136,4,365.58,115.577653,35.731159,328.91,0.00000000
2003,136,5,456.98,115.576907,35.731613,328.91,0.00011367
2003,136,6,548.37,115.576079,35.731925,313.96,-0.00000000
2003,136,7,639.77,115.575341,35.732393,328.91,0.00074895
2003,136,8,731.17,115.574505,35.732691,358.81,0.00138293
2003,137,0,0.00,115.758030,35.839681,1629.61,0.00000000
2003,137,1,85.22,115.757087,35.839681,1794.06,0.00000000
2003,137,2,170.43,115.756144,35.839681,508.32,0.00000000
2003,138,0,0.00,115.758030,35.839681,403.66,0.00189760
2003,138,1,84.40,115.758300,35.840363,388.71,0.00184274
2003,138,2,168.79,115.758300,35.841124,403.66,0.00089394
2003,138,3,253.19,115.758300,35.841884,403.66,0.00000000
2003,138,4,337.58,115.758300,35.842645,523.27,0.00000000
2003,139,0,0.00,115.574505,35.732691,269.11,0.00306817
2003,139,1,82.25,115.573930,35.733266,269.11,0.00322983
2003,139,2,164.50,115.573157,35.733500,358.81,0.00339150
2003,14,0,0.00,115.695777,35.797101,493.37,0.00650396
2003,14,1,71.36,115.696276,35.797599,403.66,0.00458402
2003,14,2,142.72,115.696067,35.798158,224.26,-0.00090316
2003,14,3,214.08,115.696316,35.798717,568.12,-0.00447040
2003,140,0,0.00,115.574505,35.732691,1405.35,-0.00218894
2003,140,1,88.68,115.573838,35.732152,702.67,-0.00563675
2003,140,2,177.36,115.573015,35.731883,269.11,-0.00771693
2003,140,3,266.05,115.572349,35.732422,373.76,-0.00634930
2003,141,0,0.00,115.756144,35.839681,598.02,0.00396883
2003,141,1,50.73,115.755789,35.840035,642.87,0.00418461
2003,141,2,101.47,115.755335,35.840220,702.67,0.00440040
2003,142,0,0.00,115.756144,35.839681,702.67,-0.00583245
2003,142,1,55.80,115.755684,35.839411,627.92,-0.00558543
2003,142,2,111.60,115.755066,35.839411,956.83,-0.00533841
2003,143,0,0.00,115.758300,35.842645,1794.06,0.00000000
2003,143,1,81.16,115.757402,35.842645,1794.06,0.00000000
2003,143,2,162.31,115.756503,35.842645,1480.10,0.00000000
2003,143,3,243.47,115.755605,35.842645,747.53,0.00000000
2003,144,0,0.00,115.758300,35.842645,523.27,0.00147295
2003,144,1,95.48,115.758569,35.843428,523.27,0.00212702
2003,144,2,190.96,115.758569,35.844288,523.27,0.00212702
2003,144,3,286.43,115.758300,35.845071,553.17,0.00147295
2003,145,0,0.00,115.573157,35.733500,1794.06,0.00185643
2003,145,1,72.82,115.572648,35.732991,1794.06,0.00191187
2003,145,2,145.64,115.572349,35.732422,792.38,0.00196732
2003,146,0,0.00,115.573157,35.733500,254.16,0.00224481
2003,146,1,87.34,115.572506,35.734039,239.21,0.00348327
2003,146,2,174.68,115.571697,35.734308,299.01,0.00341543
2003,146,3,262.02,115.570732,35.734308,418.61,0.00210913
2003,147,0,0.00,115.572349,35.732422,418.61,-0.00406198
2003,147,1,75.74,115.571511,35.732422,239.21,-0.00666823
2003,147,2,151.48,115.570894,35.732799,254.16,-0.00651321
2003,147,3,227.23,115.570732,35.733434,523.27,-0.00139931
2003,147,4,302.97,115.570462,35.734039,403.66,0.00095332
2003,149,0,0.00,115.755335,35.840220,373.76,0.00000000
2003,149,1,92.59,115.755335,35.841054,403.66,-0.00074012
2003,149,2,185.18,115.755335,35.841889,403.66,-0.00152457
2003,149,3,277.78,115.755605,35.842645,418.61,-0.00156890
2003,15,0,0.00,115.694160,35.793867,852.18,0.00139018
2003,15,1,97.03,115.693482,35.793189,807.33,0.00279261
2003,15,2,194.05,115.693082,35.792430,657.82,0.00350143
2003,15,3,291.08,115.693202,35.791591,627.92,0.00151228
2003,15,4,388.10,115.693352,35.790759,657.82,0.00200798
2003,15,5,485.13,115.693514,35.789932,657.82,0.00326548
2003,15,6,582.15,115.694291,35.789424,777.43,0.00084180
2003,15,7,679.18,115.694969,35.788746,732.58,-0.00104816
2003,150,0,0.00,115.755335,35.840220,403.66,0.00561167
2003,150,1,49.18,115.755066,35.839854,388.71,0.00550020
2003,150,2,98.36,115.755066,35.839411,553.17,0.00538873
2003,152,0,0.00,115.755066,35.839411,358.81,0.00929374
2003,152,1,53.51,115.754796,35.839007,403.66,0.00929374
2003,152,2,107.02,115.755066,35.838603,448.52,0.00929374
2003,153,0,0.00,115.755605,35.842645,418.61,-0.00381206
2003,153,1,93.43,115.755335,35.843409,523.27,-0.00505568
2003,153,2,186.86,115.755745,35.844133,672.77,-0.00556195
2003,153,3,280.29,115.756497,35.844615,1016.64,-0.00323809
2003,153,4,373.72,115.757423,35.844801,1151.19,-0.00050348
2003,153,5,467.14,115.758300,35.845071,1016.64,0.00064465
2003,155,0,0.00,115.758300,35.845071,523.27,0.00000000
2003,155,1,29.90,115.758300,35.845340,523.27,0.00000000
2003,155,2,59.80,115.758300,35.845610,523.27,0.00000000
2003,157,0,0.00,115.570462,35.734039,1196.04,0.00000000
2003,157,1,19.29,115.570597,35.734174,1689.41,0.00000000
2003,157,2,38.58,115.570732,35.734308,1674.46,0.00000000
2003,158,0,0.00,115.570462,35.734039,732.58,-0.00276171
2003,158,1,83.41,115.569780,35.733626,598.02,-0.00508495
2003,158,2,166.82,115.568932,35.733500,284.06,-0.00932734
2003,158,3,250.23,115.568306,35.733883,403.66,-0.00815666
2003,158,4,333.64,115.568306,35.734634,777.43,-0.00253342
2003,158,5,417.05,115.568306,35.735386,792.38,0.00000000
2003,159,0,0.00,115.570732,35.734308,358.81,0.00349617
2003,159,1,92.07,115.570089,35.734951,269.11,0.00323670
2003,159,2,184.15,115.569167,35.735117,299.01,0.00107659
2003,159,3,276.22,115.568306,35.735386,299.01,-0.00082406
2003,16,0,0.00,115.694160,35.793867,657.82,-0.00297348
2003,16,1,95.48,115.693621,35.794571,343.86,-0.00291930
2003,16,2,190.97,115.693621,35.795431,358.81,-0.00143256
2003,16,3,286.45,115.693621,35.796292,627.92,0.00000000
2003,160,0,0.00,115.755066,35.838603,956.83,0.00000000
2003,160,1,24.35,115.755335,35.838603,493.37,0.00000000
2003,160,2,48.70,115.755605,35.838603,732.58,0.00000000
2003,161,0,0.00,115.755066,35.838603,358.81,0.00109993
2003,161,1,94.17,115.754408,35.837945,328.91,0.00172469
2003,161,2,188.34,115.753959,35.837226,299.01,0.00177274
2003,161,3,282.51,115.753718,35.836447,269.11,0.00119603
2003,162,0,0.00,115.758300,35.845610,672.77,0.00000000
2003,162,1,85.42,115.757703,35.846207,672.77,0.00069598
2003,162,2,170.84,115.757106,35.846804,747.53,0.00298641
2003,162,3,256.26,115.756407,35.847226,1255.84,0.00012472
2003,162,4,341.68,115.755514,35.847317,583.07,-0.00581381
2003,162,5,427.10,115.755335,35.848035,388.71,-0.00729621
2003,163,0,0.00,115.758300,35.845610,523.27,0.00153577
2003,163,1,93.55,115.758569,35.846375,433.57,0.00076789
2003,163,2,187.11,115.758569,35.847218,448.52,0.00000000
2003,163,3,280.66,115.758839,35.847983,373.76,0.00072464
2003,163,4,374.22,115.758839,35.848826,373.76,0.00072464
2003,163,5,467.77,115.758839,35.849669,373.76,-0.00017543
2003,163,6,561.32,115.758839,35.850512,358.81,-0.00072464
2003,163,7,654.88,115.758906,35.851336,373.76,-0.00112298
2003,163,8,748.43,115.759108,35.852121,358.81,-0.00076789
2003,163,9,841.98,115.759378,35.852886,343.86,-0.00038823
2003,165,0,0.00,115.568306,35.735386,328.91,-0.00097123
2003,165,1,67.69,115.567715,35.735656,358.81,-0.00191163
2003,165,2,135.39,115.567162,35.735991,403.66,-0.00229948
2003,165,3,203.08,115.566689,35.736464,448.52,-0.00174693
2003,166,0,0.00,115.759378,35.852886,508.32,-0.00000000
2003,166,1,88.61,115.760097,35.853335,478.42,-0.00000000
2003,166,2,177.21,115.760815,35.853784,388.71,0.00000000
2003,166,3,265.82,115.761534,35.854233,224.26,0.00000000
2003,167,0,0.00,115.759378,35.852886,373.76,-0.00142644
2003,167,1,96.97,115.759108,35.853682,343.86,-0.00214169
2003,167,2,193.95,115.759108,35.854556,358.81,-0.00374531
2003,167,3,290.92,115.759409,35.855343,284.06,-0.00385774
2003,167,4,387.89,115.760186,35.855850,239.21,-0.00308180
2003,168,0,0.00,115.566689,35.736464,478.42,-0.00776889
2003,168,1,70.81,115.565906,35.736464,418.61,-0.00812593
2003,168,2,141.62,115.565611,35.737003,598.02,-0.00848297
2003,169,0,0.00,115.566689,35.736464,1076.44,-0.00000000
2003,169,1,95.25,115.567355,35.737130,1196.04,0.00228802
2003,169,2,190.51,115.568020,35.737795,807.33,0.00894810
2003,169,3,285.76,115.567806,35.738582,403.66,0.01286568
2003,169,4,381.02,115.566942,35.738334,657.82,0.00754255
2003,169,5,476.27,115.566277,35.737669,1076.44,0.00133695
2003,169,6,571.52,115.565611,35.737003,1061.49,0.00000000
2003,17,0,0.00,115.694969,35.788746,672.77,0.00539158
2003,17,1,49.19,115.694969,35.788303,642.87,0.00550317
2003,17,2,98.37,115.695238,35.787938,732.58,0.00561476
2003,170,0,0.00,115.760186,35.855850,209.31,-0.00535355
2003,170,1,62.90,115.760626,35.856290,164.46,-0.00555337
2003,170,2,125.80,115.761264,35.856389,269.11,-0.00575319
2003,171,0,0.00,115.760186,35.855850,657.82,0.00566867
2003,171,1,94.35,115.760916,35.855311,777.43,0.00579709
2003,171,2,188.70,115.761803,35.855581,194.36,0.00592551
2003,172,0,0.00,115.565611,35.737003,478.42,-0.00164050
2003,172,1,98.66,115.564521,35.737003,448.52,-0.00172434
2003,172,2,197.33,115.563587,35.737273,358.81,-0.00090409
2003,172,3,295.99,115.562653,35.737542,373.76,-0.00000000
2003,172,4,394.65,115.561719,35.737812,328.91,0.00090409
2003,172,5,493.31,115.560786,35.738081,328.91,0.00090409
2003,172,6,591.98,115.559695,35.738081,299.01,-0.00090409
2003,172,7,690.64,115.558761,35.738351,313.96,-0.00090409
2003,172,8,789.30,115.557828,35.738620,328.91,0.00000000
2003,172,9,887.97,115.556894,35.738890,269.11,0.00042140
2003,172,10,986.63,115.555960,35.739159,299.01,0.00015214
2003,172,11,1085.29,115.554955,35.739305,299.01,0.00007697
2003,172,12,1183.96,115.554067,35.739654,284.06,0.00060844
2003,172,13,1282.62,115.553002,35.739698,328.91,-0.00049837
2003,172,14,1381.28,115.552069,35.739968,328.91,0.00014351
2003,172,15,1479.94,115.551135,35.740237,328.91,0.00090409
2003,172,16,1578.61,115.550044,35.740237,328.91,-0.00000000
2003,172,17,1677.27,115.549110,35.740507,358.81,0.00000000
2003,172,18,1775.93,115.548020,35.740507,328.91,0.00000000
2003,172,19,1874.60,115.547086,35.740776,358.81,0.00082025
2003,172,20,1973.26,115.545995,35.740776,328.91,0.00082025
2003,172,21,2071.92,115.544905,35.740776,299.01,0.00000000
2003,172,22,2170.58,115.543814,35.740776,328.91,0.00000000
2003,172,23,2269.25,115.542723,35.740776,299.01,-0.00051912
2003,172,24,2367.91,115.541633,35.740776,328.91,-0.00082025
2003,172,25,2466.57,115.540643,35.740950,313.96,0.00024109
2003,172,26,2565.24,115.539608,35.741046,299.01,0.00164050
2003,172,27,2663.90,115.538518,35.741046,299.01,0.00200238
2003,172,28,2762.56,115.537584,35.740776,269.11,0.00180818
2003,173,0,0.00,115.761264,35.856389,164.46,-0.00316446
2003,173,1,83.87,115.761851,35.856975,134.55,-0.00551139
2003,173,2,167.73,115.762649,35.857198,119.60,-0.00612673
2003,173,3,251.60,115.763420,35.856928,433.57,-0.00439515
2003,174,0,0.00,115.761264,35.856389,747.53,-0.00347663
2003,174,1,53.51,115.761638,35.856015,612.97,-0.00358299
2003,174,2,107.02,115.761803,35.855581,837.23,-0.00368934
2003,176,0,0.00,115.761803,35.855581,403.66,0.00889840
2003,176,1,34.23,115.761834,35.855281,687.72,0.00878323
2003,176,2,68.46,115.762073,35.855042,642.87,0.00866807
2003,177,0,0.00,115.761803,35.855581,209.31,0.00000000
2003,177,1,77.61,115.762445,35.855953,254.16,0.00172941
2003,177,2,155.21,115.763087,35.856325,284.06,0.00340613
2003,177,3,232.82,115.763420,35.856928,493.37,0.00335345
2003,178,0,0.00,115.537584,35.740776,1794.06,0.00377837
2003,178,1,83.43,115.537584,35.740024,852.18,0.00380970
2003,178,2,166.86,115.538123,35.739429,418.61,0.00384103
2003,179,0,0.00,115.537584,35.740776,328.91,0.00186179
2003,179,1,97.30,115.536665,35.741046,269.11,0.00197372
2003,179,2,194.60,115.535590,35.741046,358.81,0.00168821
2003,179,3,291.90,115.534553,35.740979,313.96,0.00042711
2003,179,4,389.20,115.533595,35.740776,328.91,-0.00084411
2003,179,5,486.50,115.532520,35.740776,328.91,-0.00022624
2003,179,6,583.79,115.531444,35.740776,328.91,0.00084411
2003,179,7,681.09,115.530445,35.740644,328.91,0.00001862
2003,179,8,778.39,115.529450,35.740507,328.91,-0.00084411
2003,179,9,875.69,115.528374,35.740507,328.91,-0.00041821
2003,179,10,972.99,115.527613,35.740507,388.71,0.00000000
2003,180,0,0.00,115.763420,35.856928,239.21,0.00152933
2003,180,1,98.73,115.764508,35.856938,239.21,0.00073406
2003,180,2,197.46,115.765449,35.857198,284.06,-0.00000000
2003,180,3,296.20,115.766542,35.857198,328.91,0.00003060
2003,180,4,394.93,115.767478,35.857467,358.81,0.00090297
2003,180,5,493.66,115.768571,35.857467,358.81,0.00275057
2003,180,6,592.39,115.769349,35.858006,373.76,0.00369518
2003,181,0,0.00,115.527613,35.740507,1435.25,0.00420867
2003,181,1,88.12,115.527613,35.741301,1016.64,0.00665790
2003,181,2,176.25,115.526970,35.741854,403.66,0.00680801
2003,181,3,264.37,115.525996,35.741854,313.96,0.00450889
2003,182,0,0.00,115.527613,35.740507,313.96,-0.00000000
2003,182,1,80.24,115.526883,35.740237,343.86,-0.00139309
2003,182,2,160.47,115.526153,35.739968,328.91,-0.00264971
2003,182,3,240.71,115.525266,35.739968,358.81,-0.00125662
2003,182,4,320.94,115.524379,35.739968,448.52,0.00000000
2003,183,0,0.00,115.769349,35.858006,1420.30,-0.00136804
2003,183,1,92.64,115.769349,35.858841,1046.54,-0.00638007
2003,183,2,185.29,115.769599,35.859604,299.01,-0.01449128
2003,183,3,277.93,115.770158,35.859111,1659.51,-0.01057514
2003,183,4,370.58,115.770158,35.858276,1390.40,-0.00355981
2003,184,0,0.00,115.769349,35.858006,388.71,0.00890961
2003,184,1,43.62,115.769832,35.858006,343.86,0.00909856
2003,184,2,87.24,115.770158,35.858276,448.52,0.00928751
2003,185,0,0.00,115.524379,35.739968,1196.04,0.00000000
2003,185,1,72.66,115.524379,35.740623,1151.19,-0.00121480
2003,185,2,145.33,115.524379,35.741277,1001.69,-0.00250482
2003,185,3,217.99,115.524648,35.741854,657.82,-0.00258004
2003,186,0,0.00,115.524379,35.739968,373.76,-0.00146850
2003,186,1,97.30,115.523600,35.739458,373.76,-0.00159359
2003,186,2,194.60,115.522698,35.739159,358.81,-0.00032316
2003,186,3,291.90,115.521780,35.738890,313.96,0.00085934
2003,186,4,389.20,115.520966,35.738441,328.91,-0.00031887
2003,186,5,486.50,115.520100,35.738081,269.11,-0.00054116
2003,186,6,583.80,115.519181,35.737812,239.21,0.00095630
2003,186,7,681.10,115.518331,35.737424,269.11,0.00107228
2003,186,8,778.40,115.517552,35.736914,209.31,-0.00017225
2003,186,9,875.70,115.516739,35.736464,239.21,0.00040252
2003,186,10,973.00,115.515895,35.736066,194.36,0.00167519
2003,186,11,1070.30,115.515216,35.735386,269.11,0.00176713
2003,188,0,0.00,115.770158,35.858276,433.57,0.00338480
2003,188,1,98.90,115.771095,35.858006,388.71,0.00343203
2003,188,2,197.80,115.772037,35.858269,418.61,0.00176421
2003,188,3,296.70,115.772970,35.858545,418.61,-0.00000000
2003,188,4,395.60,115.773908,35.858815,448.52,-0.00092433
2003,188,5,494.50,115.774846,35.859084,478.42,-0.00171601
2003,188,6,593.41,115.775940,35.859084,478.42,0.00000000
2003,188,7,692.31,115.777035,35.859084,478.42,0.00171601
2003,188,8,791.21,115.777973,35.859354,493.37,0.00179948
2003,189,0,0.00,115.515216,35.735386,1225.94,0.00306821
2003,189,1,82.25,115.515790,35.734812,1046.54,0.00322988
2003,189,2,164.50,115.516563,35.734578,627.92,0.00339155
2003,19,0,0.00,115.699550,35.786321,1136.24,-0.01119120
2003,19,1,50.75,115.699905,35.786505,1181.09,-0.01015201
2003,19,2,101.51,115.700359,35.786321,941.88,-0.00911282
2003,190,0,0.00,115.515216,35.735386,269.11,0.00074344
2003,190,1,85.60,115.514618,35.734788,239.21,0.00240709
2003,190,2,171.21,115.514138,35.734156,313.96,0.00449331
2003,190,3,256.81,115.514138,35.733385,284.06,0.00338095
2003,190,4,342.41,115.514407,35.732691,313.96,0.00184604
2003,191,0,0.00,115.777973,35.859354,1315.65,-0.00539691
2003,191,1,89.14,115.778178,35.860098,433.57,-0.00501604
2003,191,2,178.28,115.778813,35.860162,493.37,-0.00051121
2003,191,3,267.42,115.779524,35.860635,568.12,0.00093459
2003,191,4,356.56,115.780157,35.861240,358.81,-0.00436324
2003,191,5,445.70,115.780968,35.861479,343.86,-0.00438012
2003,191,6,534.85,115.781816,35.861240,313.96,-0.00101120
2003,191,7,623.99,115.782803,35.861240,284.06,-0.00124125
2003,191,8,713.13,115.783632,35.860971,284.06,-0.00223743
2003,192,0,0.00,115.777973,35.859354,508.32,0.00433503
2003,192,1,90.62,115.778661,35.858815,493.37,0.00482825
2003,192,2,181.23,115.779665,35.858815,478.42,0.00303597
2003,192,3,271.85,115.780569,35.858985,313.96,-0.00025709
2003,192,4,362.47,115.781514,35.859084,328.91,0.00000000
2003,192,5,453.08,115.782517,35.859084,299.01,0.00171325
2003,192,6,543.70,115.783363,35.859354,269.11,0.00216184
2003,193,0,0.00,115.514407,35.732691,1166.14,0.00377831
2003,193,1,71.09,115.515193,35.732691,1270.79,0.00515771
2003,193,2,142.18,115.515797,35.733003,418.61,0.00434792
2003,193,3,213.26,115.516294,35.733500,254.16,0.00215873
2003,194,0,0.00,115.514407,35.732691,328.91,0.00000000
2003,194,1,96.75,115.514407,35.731819,239.21,0.00067782
2003,194,2,193.51,115.514407,35.730947,254.16,0.00160110
2003,194,3,290.26,115.514677,35.730154,299.01,0.00146016
2003,194,4,387.01,115.515022,35.729382,328.91,0.00032163
2003,194,5,483.76,115.515489,35.728645,388.71,-0.00075208
2003,194,6,580.52,115.515755,35.727850,328.91,-0.00004233
2003,194,7,677.27,115.516024,35.727057,373.76,0.00102869
2003,194,8,774.02,115.516472,35.726315,403.66,0.00002117
2003,194,9,870.77,115.516939,35.725578,403.66,-0.00051302
2003,194,10,967.53,115.517197,35.724781,388.71,0.00069548
2003,194,11,1064.28,115.517664,35.724045,433.57,-0.00056756
2003,194,12,1161.03,115.518180,35.723323,418.61,-0.00259704
2003,194,13,1257.78,115.518180,35.722451,448.52,-0.00266800
2003,195,0,0.00,115.783632,35.860971,1076.44,0.00117370
2003,195,1,94.03,115.783393,35.860192,882.08,0.00114783
2003,195,2,188.07,115.783363,35.859354,1794.06,0.00112195
2003,196,0,0.00,115.783632,35.860971,433.57,-0.00216050
2003,196,1,94.35,115.784520,35.861240,254.16,-0.00435385
2003,196,2,188.69,115.785547,35.861212,284.06,-0.00551623
2003,196,3,283.04,115.786207,35.860552,732.58,-0.00224264
2003,196,4,377.39,115.786866,35.859893,642.87,0.00000000
2003,198,0,0.00,115.783363,35.859354,463.47,0.00387223
2003,198,1,93.33,115.784239,35.859084,418.61,0.00285602
2003,198,2,186.65,115.785115,35.859354,269.11,0.00193612
2003,198,3,279.98,115.786148,35.859354,403.66,0.00306932
2003,198,4,373.30,115.786866,35.859893,553.17,0.00410621
2003,199,0,0.00,115.518180,35.722451,1794.06,0.00000000
2003,199,1,43.68,115.517776,35.722316,1794.06,0.00000000
2003,199,2,87.35,115.517372,35.722181,867.13,0.00000000
2003,2,0,0.00,115.697664,35.796292,373.76,-0.00000000
2003,2,1,38.57,115.697394,35.796023,478.42,-0.00000000
2003,2,2,77.14,115.697125,35.795753,807.33,-0.00000000
2003,20,0,0.00,115.699550,35.786321,747.53,-0.00000000
2003,20,1,83.42,115.699281,35.785647,747.53,-0.00000000
2003,20,2,166.85,115.699011,35.784973,373.76,-0.00000000
2003,200,0,0.00,115.518180,35.722451,448.52,-0.00248874
2003,200,1,84.24,115.518769,35.721862,433.57,-0.00141936
2003,200,2,168.48,115.518989,35.721167,418.61,0.00092366
2003,200,3,252.72,115.519528,35.720564,478.42,0.00219729
2003,201,0,0.00,115.786866,35.859893,388.71,0.00000000
2003,201,1,99.69,115.787970,35.859893,418.61,-0.00080305
2003,201,2,199.38,115.789074,35.859893,418.61,-0.00080305
2003,201,3,299.07,115.790020,35.859623,388.71,0.00080305
2003,201,4,398.75,115.791124,35.859623,388.71,0.00080305
2003,201,5,498.44,115.792227,35.859623,388.71,0.00000000
2003,201,6,598.13,115.793331,35.859623,388.71,0.00000000
2003,201,7,697.82,115.794435,35.859623,388.71,-0.00080305
2003,201,8,797.51,115.795538,35.859623,418.61,-0.00080305
2003,201,9,897.20,115.796485,35.859354,388.71,0.00080305
2003,201,10,996.89,115.797588,35.859354,418.61,0.00080305
2003,201,11,1096.57,115.798692,35.859354,448.52,0.00000000
2003,201,12,1196.26,115.799796,35.859354,388.71,-0.00080305
2003,201,13,1295.95,115.800899,35.859354,388.71,-0.00168793
2003,201,14,1395.64,115.801846,35.859084,388.71,0.00000000
2003,201,15,1495.33,115.802792,35.858815,358.81,0.00168793
2003,201,16,1595.02,115.803895,35.858815,328.91,-0.00000000
2003,201,17,1694.71,115.804999,35.858815,358.81,-0.00080305
2003,201,18,1794.40,115.805945,35.858545,328.91,0.00000000
2003,201,19,1894.08,115.807049,35.858545,328.91,-0.00027112
2003,201,20,1993.77,115.807995,35.858276,328.91,-0.00000000
2003,201,21,2093.46,115.809050,35.858191,313.96,-0.00032927
2003,201,22,2193.15,115.810045,35.858006,328.91,-0.00088488
2003,201,23,2292.84,115.810992,35.857737,328.91,-0.00028449
2003,201,24,2392.53,115.811938,35.857467,328.91,0.00088488
2003,201,25,2492.22,115.812884,35.857198,328.91,0.00080407
2003,201,26,2591.90,115.813988,35.857198,328.91,-0.00180430
2003,201,27,2691.59,115.814919,35.856903,328.91,-0.00163663
2003,201,28,2791.28,115.815723,35.856389,313.96,0.00091943
2003,201,29,2890.97,115.816669,35.856120,313.96,0.00083255
2003,201,30,2990.66,115.817616,35.855850,328.91,-0.00000000
2003,201,31,3090.35,115.818562,35.855581,299.01,-0.00091943
2003,201,32,3190.04,115.819508,35.855311,313.96,-0.00091943
2003,201,33,3289.72,115.820297,35.854772,358.81,0.00087758
2003,201,34,3389.41,115.821243,35.854503,328.91,0.00000000
2003,201,35,3489.10,115.822182,35.854221,358.81,-0.00169273
2003,201,36,3588.79,115.822979,35.853694,373.76,-0.00163029
2003,202,0,0.00,115.519528,35.720564,807.33,0.00066057
2003,202,1,84.49,115.518938,35.719974,672.77,0.00258428
2003,202,2,168.98,115.518450,35.719354,493.37,0.00461156
2003,202,3,253.47,115.518516,35.718612,254.16,0.00527338
2003,202,4,337.96,115.518719,35.717909,284.06,0.00451047
2003,202,5,422.46,115.519447,35.717600,508.32,0.00064927
2003,202,6,506.95,115.520067,35.717061,433.57,-0.00189078
2003,203,0,0.00,115.519528,35.720564,463.47,-0.00120224
2003,203,1,93.08,115.520178,35.719914,403.66,-0.00238056
2003,203,2,186.16,115.520606,35.719199,403.66,-0.00234028
2003,203,3,279.25,115.520643,35.718371,403.66,0.00000000
2003,203,4,372.33,115.520875,35.717600,373.76,0.00112169
2003,204,0,0.00,115.822979,35.853694,732.58,0.00262194
2003,204,1,94.66,115.822979,35.852841,538.22,0.00430639
2003,204,2,189.31,115.823466,35.852129,269.11,0.00471442
2003,204,3,283.97,115.824326,35.851808,254.16,0.00343798
2003,205,0,0.00,115.822979,35.853694,388.71,-0.00111159
2003,205,1,82.38,115.823891,35.853694,299.01,-0.00249558
2003,205,2,164.75,115.824726,35.853564,239.21,-0.00264806
2003,205,3,247.13,115.825401,35.853158,269.11,-0.00136338
2003,205,4,329.51,115.826154,35.852886,239.21,-0.00187551
2003,205,5,411.88,115.826752,35.852347,343.86,-0.00244083
2003,206,0,0.00,115.520067,35.717061,747.53,0.00439600
2003,206,1,50.78,115.520521,35.717245,598.02,0.00418078
2003,206,2,101.55,115.520875,35.717600,448.52,0.00396557
2003,207,0,0.00,115.520067,35.717061,463.47,0.00269779
2003,207,1,98.39,115.519797,35.716252,403.66,0.00269779
2003,207,2,196.77,115.520067,35.715444,239.21,0.00269779
2003,209,0,0.00,115.520875,35.717600,418.61,-0.00262883
2003,209,1,88.42,115.521493,35.716982,388.71,-0.00329832
2003,209,2,176.84,115.521684,35.716241,403.66,-0.00255425
2003,209,3,265.26,115.521684,35.715444,373.76,-0.00114069
2003,210,0,0.00,115.826752,35.852347,284.06,0.00000000
2003,210,1,89.10,115.827581,35.852077,299.01,-0.00147338
2003,210,2,178.20,115.828410,35.851808,299.01,-0.00306401
2003,210,3,267.30,115.828907,35.851269,284.06,-0.00318126
2003,211,0,0.00,115.826752,35.852347,1510.00,0.00000000
2003,211,1,38.56,115.826482,35.852077,1360.50,0.00000000
2003,211,2,77.12,115.826213,35.851808,1196.04,0.00000000
2003,212,0,0.00,115.520067,35.715444,373.76,0.00467301
2003,212,1,80.68,115.520212,35.714759,239.21,0.00477142
2003,212,2,161.36,115.520875,35.714366,403.66,0.00486983
2003,213,0,0.00,115.520067,35.715444,1031.59,0.00000000
2003,213,1,73.16,115.520875,35.715444,897.03,0.00000000
2003,213,2,146.31,115.521684,35.715444,837.23,0.00000000
2003,215,0,0.00,115.521684,35.715444,403.66,-0.00867209
2003,215,1,34.24,115.521923,35.715204,343.86,-0.00878789
2003,215,2,68.49,115.521953,35.714905,343.86,-0.00890370
2003,216,0,0.00,115.828907,35.851269,388.71,-0.00532140
2003,216,1,90.03,115.829835,35.851150,328.91,-0.00530004
2003,216,2,180.05,115.830255,35.850460,284.06,-0.00527867
2003,217,0,0.00,115.828907,35.851269,941.88,0.00253380
2003,217,1,90.27,115.828638,35.850533,523.27,0.00631885
2003,217,2,180.55,115.828794,35.849765,269.11,0.01196990
2003,217,3,270.82,115.829624,35.849829,568.12,0.00890259
2003,217,4,361.09,115.830255,35.850460,1480.10,0.00396927
2003,218,0,0.00,115.826213,35.851808,508.32,-0.00538808
2003,218,1,49.18,115.826213,35.851365,897.03,-0.00549953
2003,218,2,98.36,115.825943,35.850999,612.97,-0.00561097
2003,219,0,0.00,115.826213,35.851808,388.71,-0.00000000
2003,219,1,67.97,115.825539,35.851673,313.96,-0.00000000
2003,219,2,135.93,115.824865,35.851538,313.96,-0.00000000
2003,22,0,0.00,115.693621,35.796292,882.08,-0.00484939
2003,22,1,82.46,115.692946,35.796698,672.77,-0.00521744
2003,22,2,164.92,115.692813,35.797403,403.66,-0.00369869
2003,22,3,247.39,115.692813,35.798146,209.31,-0.00369869
2003,22,4,329.85,115.692946,35.798850,239.21,-0.00521744
2003,22,5,412.31,115.693621,35.799256,568.12,-0.00484939
2003,220,0,0.00,115.520875,35.714366,358.81,0.00061652
2003,220,1,81.06,115.520875,35.713635,284.06,0.00290359
2003,220,2,162.11,115.520963,35.712930,209.31,0.00724076
2003,220,3,243.17,115.521596,35.712479,448.52,0.00678605
2003,220,4,324.22,115.522492,35.712479,1599.71,0.00428124
2003,221,0,0.00,115.520875,35.714366,687.72,0.00574390
2003,221,1,62.97,115.521513,35.714465,627.92,0.00554512
2003,221,2,125.94,115.521953,35.714905,328.91,0.00534635
2003,223,0,0.00,115.521953,35.714905,358.81,-0.00207559
2003,223,1,75.96,115.522484,35.714374,328.91,-0.00335711
2003,223,2,151.92,115.522762,35.713770,284.06,-0.00457546
2003,223,3,227.88,115.522762,35.713086,179.41,-0.00343508
2003,223,4,303.85,115.522492,35.712479,224.26,-0.00235788
2003,224,0,0.00,115.830255,35.850460,299.01,-0.00116946
2003,224,1,99.15,115.831246,35.850278,239.21,-0.00231280
2003,224,2,198.30,115.832136,35.849921,328.91,-0.00171604
2003,224,3,297.44,115.832831,35.849232,299.01,0.00115417
2003,224,4,396.59,115.833722,35.848879,254.16,0.00114214
2003,224,5,495.74,115.834614,35.848527,254.16,0.00073508
2003,224,6,594.89,115.835506,35.848174,239.21,0.00187470
2003,224,7,694.03,115.836522,35.848035,209.31,0.00235806
2003,224,8,793.18,115.837620,35.848035,209.31,0.00121844
2003,224,9,892.33,115.838560,35.848304,179.41,-0.00032909
2003,224,10,991.48,115.839658,35.848304,209.31,0.00024992
2003,224,11,1090.62,115.840660,35.848469,194.36,0.00121156
2003,224,12,1189.77,115.841651,35.848651,239.21,0.00121902
2003,224,13,1288.92,115.842543,35.849004,254.16,0.00117180
2003,224,14,1388.07,115.843434,35.849357,299.01,0.00058532
2003,224,15,1487.21,115.844227,35.849880,284.06,-0.00058532
2003,224,16,1586.36,115.845119,35.850232,284.06,-0.00037212
2003,224,17,1685.51,115.846010,35.850585,269.11,0.00058532
2003,224,18,1784.66,115.846866,35.850999,239.21,0.00016102
2003,224,19,1883.80,115.847694,35.851461,254.16,0.00003650
2003,224,20,1982.95,115.848586,35.851813,299.01,0.00021110
2003,224,21,2082.10,115.849372,35.852347,269.11,-0.00007306
2003,224,22,2181.25,115.850270,35.852689,328.91,0.00056885
2003,224,23,2280.39,115.851062,35.853212,343.86,0.00060542
2003,224,24,2379.54,115.851855,35.853735,328.91,-0.00002610
2003,224,25,2478.69,115.852647,35.854257,328.91,-0.00088152
2003,224,26,2577.84,115.853444,35.854772,328.91,-0.00004133
2003,224,27,2676.98,115.854384,35.855042,328.91,0.00110705
2003,224,28,2776.13,115.854915,35.855716,299.01,0.00006743
2003,224,29,2875.28,115.855806,35.856069,328.91,0.00004187
2003,224,30,2974.43,115.856499,35.856762,343.86,-0.00023462
2003,224,31,3073.58,115.857342,35.857198,388.71,-0.00054185
2003,224,32,3172.72,115.858125,35.857737,358.81,-0.00009389
2003,224,33,3271.87,115.858976,35.858161,373.76,0.00027444
2003,224,34,3371.02,115.859768,35.858683,358.81,0.00032851
2003,224,35,3470.17,115.860560,35.859206,373.76,0.00000000
2003,224,36,3569.31,115.861353,35.859729,418.61,-0.00056885
2003,224,37,3668.46,115.862145,35.860252,403.66,-0.00056885
2003,224,38,3767.61,115.863037,35.860605,403.66,0.00009997
2003,224,39,3866.76,115.863829,35.861128,418.61,0.00015453
2003,224,40,3965.90,115.864704,35.861510,388.71,0.00057378
2003,224,41,4065.05,115.865487,35.862049,418.61,0.00026440
2003,224,42,4164.20,115.866270,35.862588,388.71,-0.00030837
2003,224,43,4263.35,115.867098,35.863049,433.57,0.00014992
2003,224,44,4362.49,115.867890,35.863572,448.52,0.00020348
2003,224,45,4461.64,115.868683,35.864095,448.52,0.00045384
2003,224,46,4560.79,115.869475,35.864617,418.61,0.00053952
2003,224,47,4659.94,115.870184,35.865283,448.52,-0.00036343
2003,224,48,4759.08,115.870960,35.865833,418.61,-0.00053952
2003,224,49,4858.23,115.871753,35.866356,418.61,-0.00009041
2003,224,50,4957.38,115.872545,35.866879,358.81,-0.00000000
2003,224,51,5056.53,115.873337,35.867402,358.81,-0.00000000
2003,224,52,5155.67,115.874130,35.867925,388.71,0.00053952
2003,224,53,5254.82,115.874922,35.868448,388.71,0.00053952
2003,224,54,5353.97,115.875615,35.869141,388.71,-0.00000000
2003,224,55,5453.12,115.876407,35.869663,388.71,-0.00000000
2003,224,56,5552.27,115.877100,35.870356,373.76,-0.00000000
2003,224,57,5651.41,115.877893,35.870879,358.81,0.00000000
2003,224,58,5750.56,115.878586,35.871572,328.91,0.00000000
2003,224,59,5849.71,115.879378,35.872095,388.71,-0.00000000
2003,224,60,5948.86,115.880071,35.872788,433.57,-0.00030497
2003,224,61,6048.00,115.880863,35.873311,433.57,0.00000000
2003,224,62,6147.15,115.881613,35.873906,448.52,0.00059727
2003,224,63,6246.30,115.882349,35.874527,448.52,-0.00000000
2003,224,64,6345.45,115.883042,35.875220,478.42,-0.00083182
2003,224,65,6444.59,115.883834,35.875743,493.37,0.00000000
2003,224,66,6543.74,115.884626,35.876266,493.37,0.00153602
2003,224,67,6642.89,115.885319,35.876959,478.42,0.00099650
2003,224,68,6742.04,115.885803,35.877712,538.22,-0.00037862
2003,224,69,6841.18,115.886496,35.878405,568.12,-0.00049531
2003,224,70,6940.33,115.887057,35.879027,642.87,-0.00022647
2003,224,71,7039.48,115.887773,35.879681,657.82,0.00000000
2003,224,72,7138.63,115.888466,35.880374,657.82,0.00021956
2003,226,0,0.00,115.522492,35.712479,239.21,-0.00000000
2003,226,1,38.58,115.522762,35.712210,239.21,-0.00000000
2003,226,2,77.17,115.523031,35.711940,209.31,-0.00000000
2003,227,0,0.00,115.888466,35.880374,732.58,-0.00000000
2003,227,1,71.00,115.889095,35.880644,762.48,-0.00000000
2003,227,2,142.00,115.889723,35.880913,448.52,0.00000000
2003,227,3,213.00,115.890352,35.881183,777.43,0.00000000
2003,228,0,0.00,115.888466,35.880374,777.43,-0.00238701
2003,228,1,84.85,115.888311,35.881028,717.63,-0.00349108
2003,228,2,169.70,115.888486,35.881742,642.87,-0.00157114
2003,228,3,254.54,115.889005,35.882357,269.11,0.00236825
2003,228,4,339.39,115.888924,35.882989,269.11,0.00048132
2003,228,5,424.24,115.889005,35.883730,493.37,-0.00182164
2003,228,6,509.09,115.889274,35.884417,433.57,-0.00132229
2003,229,0,0.00,115.523031,35.711940,1420.30,0.00000000
2003,229,1,48.77,115.523570,35.711940,1270.79,0.00000000
2003,229,2,97.55,115.524109,35.711940,762.48,0.00000000
2003,23,0,0.00,115.696316,35.798717,1225.94,-0.00135760
2003,23,1,90.32,115.697146,35.798427,568.12,0.00517546
2003,23,2,180.63,115.697777,35.798022,478.42,0.01330347
2003,23,3,270.95,115.697876,35.798774,598.02,0.01150853
2003,23,4,361.27,115.697245,35.799406,1031.59,0.00614197
2003,23,5,451.58,115.696316,35.799526,837.23,0.00416530
2003,230,0,0.00,115.523031,35.711940,284.06,0.00000000
2003,230,1,97.20,115.523031,35.711221,209.31,0.00060760
2003,230,2,194.40,115.523031,35.710345,209.31,0.00067173
2003,230,3,291.60,115.523276,35.709540,209.31,-0.00054765
2003,230,4,388.80,115.523301,35.708671,224.26,-0.00067173
2003,230,5,486.00,115.523301,35.707795,239.21,-0.00073168
2003,230,6,583.20,115.523301,35.706919,239.21,-0.00113371
2003,230,7,680.40,115.523031,35.706121,254.16,0.00000000
2003,230,8,777.60,115.522855,35.705296,209.31,0.00087874
2003,230,9,874.80,115.522762,35.704447,224.26,-0.00000791
2003,230,10,972.00,115.522750,35.703575,224.26,-0.00164614
2003,230,11,1069.20,115.522489,35.702774,224.26,-0.00178067
2003,230,12,1166.40,115.522019,35.702035,254.16,-0.00108964
2003,230,13,1263.60,115.521549,35.701295,254.16,-0.00054310
2003,230,14,1360.80,115.520875,35.700615,299.01,-0.00002533
2003,230,15,1458.00,115.520400,35.699877,373.76,-0.00051631
2003,230,16,1555.20,115.519721,35.699198,388.71,-0.00050365
2003,230,17,1652.40,115.519042,35.698519,358.81,0.00000000
2003,230,18,1749.60,115.518364,35.697840,388.71,-0.00108556
2003,230,19,1846.80,115.517685,35.697162,358.81,-0.00108556
2003,230,20,1944.00,115.516808,35.696823,328.91,0.00056305
2003,230,21,2041.20,115.516129,35.696145,328.91,0.00056305
2003,230,22,2138.40,115.515351,35.695636,328.91,0.00052251
2003,230,23,2235.60,115.514672,35.694957,388.71,0.00000000
2003,230,24,2332.80,115.513993,35.694278,388.71,-0.00052251
2003,230,25,2430.00,115.513215,35.693770,328.91,0.00052251
2003,230,26,2527.20,115.512536,35.693091,358.81,0.00000000
2003,230,27,2624.40,115.511857,35.692412,358.81,-0.00108556
2003,230,28,2721.60,115.511079,35.691904,343.86,-0.00067607
2003,230,29,2818.80,115.510301,35.691395,343.86,-0.00000860
2003,230,30,2916.00,115.509504,35.690920,373.76,-0.00158325
2003,230,31,3013.20,115.508744,35.690381,358.81,-0.00346633
2003,230,32,3110.40,115.507670,35.690381,388.71,-0.00355732
2003,231,0,0.00,115.890352,35.881183,627.92,0.00281582
2003,231,1,98.15,115.890891,35.881911,254.16,0.00340635
2003,231,2,196.31,115.890891,35.882796,343.86,0.00268966
2003,231,3,294.46,115.890626,35.883604,284.06,0.00411416
2003,231,4,392.61,115.890358,35.884411,717.63,0.00663147
2003,231,5,490.77,115.889274,35.884417,702.67,0.00641705
2003,232,0,0.00,115.890352,35.881183,1091.39,0.00567565
2003,232,1,71.00,115.890849,35.880687,867.13,0.00764465
2003,232,2,142.00,115.891610,35.880644,762.48,0.00682694
2003,232,3,213.00,115.892239,35.880913,807.33,0.00404023
2003,234,0,0.00,115.889274,35.884417,254.16,-0.00054519
2003,234,1,94.68,115.888821,35.885139,313.96,-0.00079171
2003,234,2,189.36,115.888466,35.885890,284.06,-0.00004130
2003,234,3,284.04,115.888196,35.886665,149.51,0.00155372
2003,234,4,378.73,115.887672,35.887367,149.51,0.00198044
2003,234,5,473.41,115.887010,35.888028,164.46,0.00090453
2003,234,6,568.09,115.886249,35.888520,194.36,0.00000000
2003,234,7,662.77,115.885587,35.889182,224.26,-0.00000000
2003,234,8,757.45,115.884826,35.889674,299.01,0.00059411
2003,234,9,852.13,115.884164,35.890336,299.01,0.00059411
2003,234,10,946.82,115.883303,35.890657,328.91,-0.00018632
2003,234,11,1041.50,115.882641,35.891319,328.91,0.00126963
2003,234,12,1136.18,115.881811,35.891693,358.81,0.00185070
2003,234,13,1230.86,115.880920,35.891963,328.91,0.00078949
2003,235,0,0.00,115.507670,35.690381,388.71,-0.00457663
2003,235,1,74.79,115.507565,35.689737,269.11,-0.00556335
2003,235,2,149.57,115.506992,35.689303,209.31,-0.00426709
2003,235,3,224.36,115.506322,35.689033,239.21,-0.00198410
2003,236,0,0.00,115.507670,35.690381,448.52,0.00421432
2003,236,1,79.31,115.507017,35.690536,313.96,0.00704664
2003,236,2,158.62,115.506265,35.690323,224.26,0.00981580
2003,236,3,237.93,115.506053,35.689670,493.37,0.00674303
2003,236,4,317.24,115.506322,35.689033,672.77,0.00373341
2003,237,0,0.00,115.880920,35.891963,358.81,0.00107618
2003,237,1,95.74,115.880251,35.892632,328.91,0.00173046
2003,237,2,191.49,115.879482,35.893131,358.81,0.00119237
2003,237,3,287.23,115.878614,35.893460,343.86,-0.00061202
2003,237,4,382.98,115.877845,35.893960,373.76,-0.00061202
2003,237,5,478.72,115.877076,35.894459,388.71,0.00061202
2003,237,6,574.46,115.876308,35.894958,373.76,0.00079881
2003,237,7,670.21,115.875439,35.895287,403.66,0.00000000
2003,237,8,765.95,115.874641,35.895736,358.81,0.00088300
2003,237,9,861.70,115.873803,35.896115,403.66,0.00186468
2003,237,10,957.44,115.872835,35.896275,433.57,0.00158975
2003,238,0,0.00,115.880920,35.891963,1794.06,0.00174091
2003,238,1,71.34,115.880421,35.891464,1794.06,0.00199146
2003,238,2,142.67,115.880111,35.890911,837.23,0.00132199
2003,238,3,214.01,115.879842,35.890346,672.77,0.00040197
2003,24,0,0.00,115.696316,35.798717,627.92,-0.00929642
2003,24,1,53.52,115.696047,35.799122,568.12,-0.00929642
2003,24,2,107.04,115.696316,35.799526,687.72,-0.00929642
2003,240,0,0.00,115.506322,35.689033,209.31,-0.00114624
2003,240,1,92.90,115.505674,35.688384,269.11,-0.00184500
2003,240,2,185.81,115.504926,35.687906,313.96,-0.00137834
2003,240,3,278.71,115.504079,35.687598,343.86,0.00065279
2003,240,4,371.61,115.503315,35.687147,328.91,0.00019203
2003,240,5,464.51,115.502583,35.686641,328.91,-0.00065279
2003,240,6,557.42,115.501733,35.686338,313.96,-0.00006501
2003,240,7,650.32,115.500988,35.685855,343.86,0.00000000
2003,240,8,743.22,115.500141,35.685546,343.86,0.00012983
2003,240,9,836.12,115.499393,35.685068,343.86,-0.00066859
2003,240,10,929.03,115.498568,35.684721,328.91,0.00022311
2003,240,11,1021.93,115.497699,35.684452,328.91,0.00251268
2003,240,12,1114.83,115.497160,35.683913,343.86,0.00294117
2003,241,0,0.00,115.872835,35.896275,448.52,0.00103705
2003,241,1,97.50,115.872154,35.896956,418.61,0.00051852
2003,241,2,194.99,115.871373,35.897468,403.66,0.00000000
2003,241,3,292.49,115.870691,35.898149,403.66,0.00114784
2003,241,4,389.98,115.869910,35.898661,403.66,0.00114784
2003,241,5,487.48,115.869030,35.899002,403.66,-0.00058914
2003,241,6,584.97,115.868249,35.899514,373.76,0.00000000
2003,241,7,682.47,115.867468,35.900025,388.71,0.00119485
2003,241,8,779.96,115.866587,35.900366,343.86,0.00033355
2003,241,9,877.46,115.865707,35.900708,299.01,-0.00119485
2003,241,10,974.96,115.864871,35.901125,239.21,-0.00228973
2003,241,11,1072.45,115.864145,35.901731,254.16,-0.00212829
2003,241,12,1169.95,115.863672,35.902473,239.21,-0.00152250
2003,242,0,0.00,115.872835,35.896275,1330.60,0.00092061
2003,242,1,75.93,115.872566,35.895668,1091.39,0.00120799
2003,242,2,151.86,115.872401,35.895032,926.93,0.00373774
2003,242,3,227.78,115.872304,35.894380,508.32,0.00557488
2003,242,4,303.71,115.872835,35.893849,403.66,0.00516965
2003,243,0,0.00,115.497160,35.683913,328.91,0.00126359
2003,243,1,98.50,115.496174,35.683736,299.01,0.00176744
2003,243,2,197.00,115.495297,35.683374,299.01,0.00166259
2003,243,3,295.49,115.494501,35.682872,269.11,-0.00006679
2003,243,4,393.99,115.493714,35.682354,313.96,-0.00145986
2003,243,5,492.49,115.492817,35.682026,269.11,-0.00105458
2003,243,6,590.99,115.491886,35.681757,269.11,0.00067795
2003,243,7,689.48,115.490957,35.681483,269.11,0.00091274
2003,243,8,787.98,115.490170,35.680966,299.01,-0.00082022
2003,243,9,886.48,115.489249,35.680679,299.01,-0.00017459
2003,243,10,984.98,115.488318,35.680409,299.01,0.00088088
2003,243,11,1083.48,115.487512,35.679925,284.06,0.00037666
2003,243,12,1181.97,115.486612,35.679601,313.96,-0.00000000
2003,243,13,1280.47,115.485838,35.679062,328.91,-0.00018775
2003,243,14,1378.97,115.484907,35.678792,328.91,0.00000000
2003,243,15,1477.47,115.484132,35.678253,328.91,-0.00079273
2003,243,16,1575.96,115.483201,35.677984,358.81,0.00007372
2003,243,17,1674.46,115.482295,35.677672,328.91,0.00098703
2003,243,18,1772.96,115.481508,35.677154,373.76,-0.00014762
2003,243,19,1871.46,115.480622,35.676807,373.76,0.00039124
2003,243,20,1969.96,115.479790,35.676367,358.81,0.00053299
2003,243,21,2068.45,115.479015,35.675828,388.71,-0.00019982
2003,243,22,2166.95,115.478162,35.675425,388.71,0.00031264
2003,243,23,2265.45,115.477375,35.674908,388.71,0.00038602
2003,243,24,2363.95,115.476588,35.674390,388.71,-0.00015744
2003,243,25,2462.44,115.475801,35.673873,388.71,-0.00008532
2003,243,26,2560.94,115.474986,35.673402,388.71,0.00029915
2003,243,27,2659.44,115.474212,35.672864,418.61,-0.00040377
2003,243,28,2757.94,115.473438,35.672325,448.52,-0.00070494
2003,243,29,2856.44,115.472554,35.671973,478.42,0.00036034
2003,243,30,2954.93,115.471767,35.671456,463.47,-0.00001420
2003,243,31,3053.43,115.470958,35.670977,463.47,-0.00031577
2003,243,32,3151.93,115.470094,35.670591,448.52,0.00057743
2003,243,33,3250.43,115.469307,35.670074,448.52,0.00027218
2003,243,34,3348.92,115.468520,35.669556,463.47,-0.00057743
2003,243,35,3447.42,115.467703,35.669091,448.52,-0.00059939
2003,243,36,3545.92,115.466847,35.668692,478.42,-0.00000000
2003,243,37,3644.42,115.465997,35.668282,433.57,0.00056205
2003,243,38,3742.92,115.465174,35.667827,463.47,0.00057743
2003,243,39,3841.41,115.464387,35.667310,448.52,0.00020969
2003,243,40,3939.91,115.463600,35.666792,448.52,0.00054771
2003,243,41,4038.41,115.462813,35.666275,478.42,0.00105636
2003,243,42,4136.91,115.462125,35.665587,433.57,0.00101730
2003,244,0,0.00,115.497160,35.683913,1524.95,-0.00000000
2003,244,1,38.59,115.497429,35.683643,1390.40,-0.00000000
2003,244,2,77.18,115.497699,35.683374,1151.19,-0.00000000
2003,245,0,0.00,115.863672,35.902473,299.01,-0.00095714
2003,245,1,95.71,115.862904,35.902972,284.06,-0.00074243
2003,245,2,191.42,115.862325,35.903526,239.21,0.00104690
2003,245,3,287.13,115.861611,35.904090,299.01,0.00242404
2003,245,4,382.84,115.860708,35.904359,328.91,0.00222657
2003,246,0,0.00,115.863672,35.902473,1405.35,-0.00357063
2003,246,1,94.32,115.864332,35.903132,941.88,-0.00370407
2003,246,2,188.63,115.865289,35.903281,433.57,-0.00383751
2003,247,0,0.00,115.462125,35.665587,448.52,0.00010955
2003,247,1,75.86,115.461444,35.665318,418.61,0.00155865
2003,247,2,151.72,115.460769,35.665039,418.61,0.00281146
2003,247,3,227.58,115.460239,35.664509,433.57,0.00261515
2003,248,0,0.00,115.462125,35.665587,1794.06,0.00000000
2003,248,1,85.32,115.462721,35.664991,1794.06,0.00068217
2003,248,2,170.64,115.463317,35.664396,1016.64,0.00142247
2003,248,3,255.96,115.464012,35.663970,687.72,0.00148059
2003,249,0,0.00,115.860708,35.904359,284.06,0.00089988
2003,249,1,88.39,115.860508,35.905098,269.11,-0.00099902
2003,249,2,176.77,115.860169,35.905797,194.36,-0.00335029
2003,249,3,265.16,115.860438,35.906515,179.41,-0.00380266
2003,25,0,0.00,115.695238,35.787938,762.48,0.00172567
2003,25,1,88.43,115.694969,35.787219,598.02,0.00248962
2003,25,2,176.86,115.694969,35.786422,388.71,0.00162679
2003,25,3,265.29,115.695238,35.785703,343.86,-0.00081339
2003,25,4,353.73,115.695238,35.784906,717.63,0.00058172
2003,25,5,442.16,115.695238,35.784109,657.82,0.00469903
2003,25,6,530.59,115.695690,35.783443,807.33,0.00379022
2003,25,7,619.02,115.696507,35.783166,732.58,-0.00083327
2003,25,8,707.45,115.697125,35.782548,732.58,-0.00263914
2003,250,0,0.00,115.860708,35.904359,1061.49,-0.00574195
2003,250,1,75.04,115.860183,35.903835,299.01,-0.00577255
2003,250,2,150.08,115.859360,35.903820,313.96,-0.00580316
2003,251,0,0.00,115.460239,35.664509,403.66,-0.00146941
2003,251,1,77.95,115.459535,35.664240,418.61,0.00131318
2003,251,2,155.89,115.458754,35.664102,418.61,0.00527168
2003,251,3,233.84,115.458352,35.663516,388.71,0.00377674
2003,251,4,311.78,115.458083,35.662892,313.96,0.00110588
2003,252,0,0.00,115.460239,35.664509,642.87,0.00000000
2003,252,1,89.55,115.460239,35.663702,642.87,-0.00190394
2003,252,2,179.09,115.460239,35.662895,433.57,-0.00443364
2003,252,3,268.64,115.459616,35.662269,358.81,-0.00320476
2003,252,4,358.19,115.458891,35.661814,373.76,-0.00135014
2003,253,0,0.00,115.860438,35.906515,926.93,0.00000000
2003,253,1,12.16,115.860573,35.906515,1106.34,0.00000000
2003,253,2,24.33,115.860708,35.906515,1106.34,0.00000000
2003,254,0,0.00,115.860438,35.906515,179.41,-0.00153800
2003,254,1,93.45,115.860169,35.907280,134.55,-0.00269247
2003,254,2,186.89,115.860169,35.908122,119.60,-0.00300335
2003,254,3,280.34,115.860605,35.908838,164.46,-0.00059602
2003,254,4,373.79,115.860977,35.909572,209.31,0.00077339
2003,254,5,467.23,115.861247,35.910337,239.21,-0.00021866
2003,254,6,560.68,115.861520,35.911100,269.11,-0.00076391
2003,254,7,654.13,115.861964,35.911814,284.06,-0.00049549
2003,254,8,747.57,115.862325,35.912552,299.01,-0.00047681
2003,254,9,841.02,115.862852,35.913241,328.91,0.00019727
2003,254,10,934.47,115.863297,35.913955,284.06,0.00084183
2003,254,11,1027.91,115.863672,35.914689,299.01,0.00081592
2003,254,12,1121.36,115.863976,35.915443,343.86,0.00060673
2003,254,13,1214.81,115.864211,35.916217,358.81,0.00039665
2003,255,0,0.00,115.458083,35.662892,373.76,0.00215711
2003,255,1,72.96,115.457375,35.662723,313.96,0.00412625
2003,255,2,145.93,115.456767,35.662384,299.01,0.00495320
2003,255,3,218.89,115.456466,35.661814,313.96,0.00381101
2003,256,0,0.00,115.458083,35.662892,1166.14,0.00196750
2003,256,1,72.84,115.458383,35.662323,1794.06,0.00191199
2003,256,2,145.68,115.458891,35.661814,941.88,0.00185647
2003,258,0,0.00,115.458891,35.661814,284.06,-0.00289108
2003,258,1,87.22,115.458491,35.661145,284.06,-0.00670464
2003,258,2,174.43,115.457765,35.660736,493.37,-0.00950772
2003,258,3,261.65,115.457075,35.661205,1196.04,-0.00478030
2003,258,4,348.87,115.456466,35.661814,1794.06,-0.00106335
2003,259,0,0.00,115.864211,35.916217,388.71,0.00470175
2003,259,1,95.90,115.865081,35.916547,343.86,0.00401152
2003,259,2,191.79,115.865333,35.917339,313.96,-0.00000000
2003,259,3,287.69,115.865794,35.918070,358.81,-0.00219688
2003,259,4,383.59,115.866564,35.918570,343.86,-0.00060376
2003,259,5,479.48,115.867235,35.919241,313.96,-0.00057830
2003,259,6,575.38,115.868017,35.919721,299.01,-0.00043927
2003,259,7,671.28,115.868775,35.920241,269.11,-0.00060987
2003,259,8,767.18,115.869544,35.920742,194.36,-0.00068138
2003,259,9,863.07,115.870414,35.921072,149.51,-0.00009685
2003,259,10,958.97,115.871184,35.921573,119.60,-0.00094893
2003,259,11,1054.87,115.872069,35.921876,149.51,-0.00193850
2003,259,12,1150.76,115.872974,35.922146,119.60,-0.00195627
2003,259,13,1246.66,115.874036,35.922146,149.51,-0.00086985
2003,259,14,1342.56,115.875099,35.922146,209.31,0.00000000
2003,259,15,1438.45,115.876161,35.922146,209.31,0.00086985
2003,259,16,1534.35,115.877224,35.922146,239.21,0.00182989
2003,259,17,1630.25,115.878129,35.922415,299.01,0.00096004
2003,259,18,1726.15,115.879033,35.922685,299.01,0.00000000
2003,26,0,0.00,115.695238,35.787938,732.58,0.00000000
2003,26,1,99.47,115.695933,35.787243,807.33,0.00058505
2003,26,2,198.95,115.696628,35.786548,792.38,0.00103419
2003,26,3,298.42,115.697439,35.786051,418.61,0.00035744
2003,26,4,397.90,115.698217,35.785498,852.18,-0.00000000
2003,26,5,497.37,115.699011,35.784973,867.13,0.00018342
2003,260,0,0.00,115.864211,35.916217,1151.19,-0.00000000
2003,260,1,96.37,115.863538,35.916891,1016.64,-0.00000000
2003,260,2,192.73,115.862864,35.917565,478.42,-0.00000000
2003,261,0,0.00,115.456466,35.661814,328.91,0.00026234
2003,261,1,98.73,115.455678,35.661295,343.86,0.00019609
2003,261,2,197.45,115.454912,35.660736,269.11,-0.00000000
2003,261,3,296.18,115.454136,35.660197,239.21,-0.00006492
2003,261,4,394.90,115.453359,35.659658,179.41,0.00016212
2003,261,5,493.63,115.452582,35.659119,179.41,0.00000000
2003,261,6,592.36,115.451834,35.658530,239.21,-0.00218144
2003,261,7,691.08,115.451028,35.658041,269.11,-0.00343647
2003,261,8,789.81,115.449938,35.658041,328.91,-0.00072997
2003,261,9,888.54,115.448874,35.657995,343.86,0.00097092
2003,261,10,987.26,115.447914,35.657772,418.61,-0.00000000
2003,261,11,1085.99,115.446901,35.657639,448.52,-0.00069955
2003,261,12,1184.71,115.445890,35.657502,508.32,-0.00098347
2003,261,13,1283.44,115.444800,35.657502,478.42,-0.00122243
2003,261,14,1382.17,115.443743,35.657559,493.37,0.00035008
2003,261,15,1480.89,115.442776,35.657772,508.32,0.00163824
2003,261,16,1579.62,115.441843,35.657502,538.22,0.00063340
2003,261,17,1678.34,115.440752,35.657502,508.32,0.00000000
2003,261,18,1777.07,115.439819,35.657233,508.32,-0.00081912
2003,261,19,1875.80,115.438729,35.657233,538.22,-0.00081912
2003,261,20,1974.52,115.437638,35.657233,478.42,0.00000000
2003,261,21,2073.25,115.436548,35.657233,538.22,0.00000000
2003,261,22,2171.97,115.435458,35.657233,508.32,0.00000000
2003,261,23,2270.70,115.434367,35.657233,538.22,0.00000000
2003,262,0,0.00,115.879033,35.922685,1405.35,-0.00624565
2003,262,1,91.65,115.879047,35.923507,627.92,-0.00499905
2003,262,2,183.31,115.879913,35.923763,553.17,-0.00197627
2003,262,3,274.96,115.880418,35.924339,403.66,-0.00477405
2003,262,4,366.61,115.881298,35.924571,254.16,-0.00753048
2003,262,5,458.27,115.881998,35.924032,328.91,-0.00571294
2003,263,0,0.00,115.879033,35.922685,508.32,0.00324247
2003,263,1,92.24,115.879778,35.922210,284.06,0.00339235
2003,263,2,184.48,115.880762,35.922146,269.11,0.00198401
2003,263,3,276.72,115.881784,35.922146,478.42,0.00021290
2003,263,4,368.96,115.882806,35.922146,388.71,0.00000000
2003,264,0,0.00,115.862864,35.917565,388.71,0.00000000
2003,264,1,14.95,115.862864,35.917699,388.71,0.00000000
2003,264,2,29.90,115.862864,35.917834,403.66,0.00000000
2003,265,0,0.00,115.862864,35.917565,403.66,-0.00000000
2003,265,1,19.27,115.862729,35.917430,358.81,-0.00000000
2003,265,2,38.55,115.862594,35.917295,358.81,-0.00000000
2003,266,0,0.00,115.434367,35.657233,1330.60,0.00185211
2003,266,1,75.02,115.434052,35.657817,956.83,0.00180037
2003,266,2,150.03,115.433529,35.658341,777.43,0.00087432
2003,266,3,225.05,115.433005,35.658865,792.38,0.00000000
2003,266,4,300.07,115.432481,35.659389,657.82,0.00000000
2003,267,0,0.00,115.434367,35.657233,538.22,0.00000000
2003,267,1,95.19,115.433473,35.656963,568.12,-0.00097450
2003,267,2,190.38,115.432578,35.656694,448.52,-0.00185750
2003,267,3,285.57,115.431527,35.656694,448.52,-0.00000000
2003,267,4,380.76,115.430476,35.656694,418.61,0.00088300
2003,267,5,475.96,115.429581,35.656424,418.61,-0.00088300
2003,267,6,571.15,115.428530,35.656424,328.91,-0.00063738
2003,267,7,666.34,115.427479,35.656424,358.81,0.00088300
2003,267,8,761.53,115.426474,35.656346,284.06,0.00036866
2003,267,9,856.72,115.425533,35.656155,299.01,-0.00000000
2003,267,10,951.91,115.424482,35.656155,299.01,0.00124322
2003,267,11,1047.10,115.423588,35.655885,269.11,0.00194900
2003,268,0,0.00,115.881998,35.924032,254.16,0.00467201
2003,268,1,80.61,115.882143,35.923348,612.97,0.00477144
2003,268,2,161.22,115.882806,35.922954,433.57,0.00487087
2003,269,0,0.00,115.881998,35.924032,687.72,0.00185630
2003,269,1,72.77,115.882507,35.924541,568.12,0.00191156
2003,269,2,145.54,115.882806,35.925110,433.57,0.00196681
2003,27,0,0.00,115.699011,35.784973,717.63,-0.00040576
2003,27,1,95.49,115.699011,35.784113,672.77,-0.00143275
2003,27,2,190.97,115.698930,35.783276,762.48,-0.00227945
2003,27,3,286.46,115.698472,35.782548,882.08,-0.00209918
2003,270,0,0.00,115.882806,35.922146,1794.06,0.00000000
2003,270,1,44.85,115.882806,35.922550,1749.21,0.00000000
2003,270,2,89.71,115.882806,35.922954,1629.61,0.00000000
2003,271,0,0.00,115.882806,35.922146,388.71,0.00061104
2003,271,1,74.34,115.883326,35.922127,433.57,0.00040264
2003,271,2,148.68,115.884139,35.922146,328.91,-0.00000000
2003,271,3,223.03,115.884962,35.922146,358.81,-0.00019423
2003,272,0,0.00,115.423588,35.655885,1390.40,0.00000000
2003,272,1,44.85,115.423588,35.655481,1435.25,0.00000000
2003,272,2,89.70,115.423588,35.655077,882.08,0.00000000
2003,273,0,0.00,115.423588,35.655885,209.31,0.00000000
2003,273,1,94.33,115.422859,35.655885,239.21,0.00089973
2003,273,2,188.66,115.421818,35.655885,254.16,0.00198019
2003,273,3,282.98,115.420933,35.655616,239.21,0.00099329
2003,273,4,377.31,115.420061,35.655323,239.21,0.00028100
2003,273,5,471.64,115.419163,35.655077,209.31,0.00102605
2003,273,6,565.97,115.418348,35.654688,194.36,0.00128117
2003,273,7,660.29,115.417550,35.654268,239.21,0.00087047
2003,273,8,754.62,115.416832,35.653711,254.16,0.00115548
2003,273,9,848.95,115.416074,35.653223,299.01,0.00145722
2003,273,10,943.28,115.415625,35.652504,343.86,0.00030490
2003,273,11,1037.61,115.414966,35.651845,388.71,0.00007720
2003,273,12,1131.93,115.414425,35.651152,448.52,0.00108060
2003,273,13,1226.26,115.413886,35.650459,478.42,0.00153069
2003,273,14,1320.59,115.413616,35.649687,523.27,0.00154263
2003,275,0,0.00,115.882806,35.922954,523.27,-0.00095916
2003,275,1,85.89,115.883407,35.923555,493.37,-0.00468918
2003,275,2,171.77,115.884079,35.924032,313.96,-0.01049673
2003,275,3,257.66,115.884807,35.923649,493.37,-0.00913580
2003,275,4,343.54,115.884962,35.922920,1435.25,-0.00333779
2003,275,5,429.43,115.884962,35.922146,1794.06,-0.00097823
2003,277,0,0.00,115.884962,35.922146,358.81,0.00413188
2003,277,1,90.46,115.885807,35.921876,328.91,0.00304695
2003,277,2,180.92,115.886652,35.922146,269.11,0.00000000
2003,277,3,271.39,115.887654,35.922146,299.01,-0.00098101
2003,277,4,361.85,115.888656,35.922146,328.91,0.00000000
2003,277,5,452.31,115.889659,35.922146,328.91,0.00000000
2003,277,6,542.77,115.890661,35.922146,299.01,0.00098101
2003,277,7,633.24,115.891663,35.922146,269.11,0.00206594
2003,277,8,723.70,115.892508,35.922415,299.01,0.00216986
2003,278,0,0.00,115.413616,35.649687,553.17,0.00000000
2003,278,1,91.44,115.413616,35.648863,612.97,0.00000000
2003,278,2,182.88,115.413616,35.648039,612.97,0.00000000
2003,278,3,274.33,115.413616,35.647214,373.76,0.00076117
2003,278,4,365.77,115.413616,35.646390,657.82,0.00156831
2003,278,5,457.21,115.413886,35.645645,717.63,0.00161426
2003,279,0,0.00,115.413616,35.649687,1300.70,0.00322394
2003,279,1,99.61,115.412524,35.649673,1136.24,0.00248495
2003,279,2,199.22,115.411730,35.649148,1001.69,0.00000000
2003,279,3,298.83,115.410787,35.648878,687.72,-0.00087298
2003,279,4,398.45,115.409843,35.648609,717.63,-0.00000000
2003,280,0,0.00,115.892508,35.922415,299.01,-0.00175923
2003,280,1,99.98,115.893458,35.922685,269.11,-0.00167792
2003,280,2,199.96,115.894566,35.922685,239.21,-0.00000000
2003,280,3,299.94,115.895674,35.922685,209.31,0.00100613
2003,280,4,399.92,115.896625,35.922954,209.31,0.00000000
2003,280,5,499.90,115.897694,35.923020,134.55,0.00136369
2003,280,6,599.87,115.898683,35.923224,119.60,0.00268418
2003,280,7,699.85,115.899475,35.923763,89.70,0.00199521
2003,280,8,799.83,115.900268,35.924302,89.70,0.00134912
2003,280,9,899.81,115.900779,35.925026,134.55,0.00056260
2003,280,10,999.79,115.901478,35.925725,224.26,0.00055273
2003,280,11,1099.77,115.901968,35.926485,209.31,0.00000000
2003,280,12,1199.75,115.902480,35.927238,239.21,-0.00040389
2003,280,13,1299.73,115.903157,35.927943,269.11,-0.00000000
2003,280,14,1399.71,115.903647,35.928703,254.16,0.00045862
2003,280,15,1499.69,115.904346,35.929402,284.06,0.00156898
2003,280,16,1599.66,115.904626,35.930222,284.06,-0.00044657
2003,280,17,1699.64,115.904907,35.931042,269.11,-0.00219293
2003,280,18,1799.62,115.905701,35.931578,239.21,0.00311924
2003,280,19,1899.60,115.906252,35.932314,224.26,0.00553719
2003,280,20,1999.58,115.905610,35.933029,209.31,0.00078538
2003,280,21,2099.56,115.905444,35.933882,119.60,-0.00135292
2003,280,22,2199.54,115.905174,35.934705,134.55,0.00010877
2003,280,23,2299.52,115.905174,35.935607,164.46,0.00135292
2003,280,24,2399.50,115.904695,35.936369,224.26,0.00098680
2003,280,25,2499.48,115.904366,35.937175,239.21,-0.00000000
2003,280,26,2599.45,115.903827,35.937920,284.06,0.00003480
2003,280,27,2699.43,115.903557,35.938743,299.01,0.00067367
2003,280,28,2799.41,115.902945,35.939467,343.86,-0.00028201
2003,280,29,2899.39,115.902480,35.940234,358.81,-0.00070616
2003,280,30,2999.37,115.902174,35.941047,373.76,0.00000000
2003,280,31,3099.35,115.901684,35.941806,403.66,0.00093257
2003,280,32,3199.33,115.901403,35.942626,448.52,0.00099550
2003,280,33,3299.31,115.900604,35.943155,478.42,-0.00152632
2003,280,34,3399.29,115.900324,35.943975,478.42,-0.00305263
2003,281,0,0.00,115.892508,35.922415,1360.50,-0.00000000
2003,281,1,49.18,115.892373,35.922820,1225.94,-0.00000000
2003,281,2,98.35,115.892239,35.923224,1061.49,-0.00000000
2003,282,0,0.00,115.413886,35.645645,1779.11,0.00000000
2003,282,1,73.22,115.414694,35.645645,1794.06,0.00000000
2003,282,2,146.44,115.415503,35.645645,1794.06,0.00000000
2003,282,3,219.66,115.416311,35.645645,388.71,0.00000000
2003,283,0,0.00,115.413886,35.645645,687.72,-0.00136018
2003,283,1,87.16,115.413486,35.644975,747.53,-0.00132457
2003,283,2,174.32,115.412877,35.644367,867.13,-0.00064448
2003,283,3,261.49,115.412269,35.643758,867.13,0.00000000
2003,284,0,0.00,115.409843,35.648609,642.87,0.00156621
2003,284,1,92.80,115.409574,35.647851,373.76,0.00153265
2003,284,2,185.60,115.409574,35.647015,612.97,0.00259515
2003,284,3,278.40,115.409578,35.646179,687.72,0.00367765
2003,284,4,371.19,115.410226,35.645531,926.93,0.00183204
2003,284,5,463.99,115.410874,35.644884,926.93,0.00057460
2003,284,6,556.79,115.411522,35.644236,1061.49,0.00119532
2003,284,7,649.59,115.412269,35.643758,1210.99,0.00124144
2003,285,0,0.00,115.409843,35.648609,1001.69,-0.00000000
2003,285,1,38.60,115.409574,35.648878,941.88,-0.00000000
2003,285,2,77.19,115.409304,35.649148,807.33,-0.00000000
2003,286,0,0.00,115.900324,35.943975,478.42,-0.00383356
2003,286,1,83.39,115.899785,35.944571,478.42,-0.00380221
2003,286,2,166.79,115.899785,35.945323,493.37,-0.00377086
2003,287,0,0.00,115.900324,35.943975,897.03,-0.00000000
2003,287,1,93.29,115.900976,35.944627,867.13,-0.00117973
2003,287,2,186.58,115.901628,35.945280,762.48,-0.00248832
2003,287,3,279.88,115.902480,35.945592,89.70,-0.00261719
2003,288,0,0.00,115.412269,35.643758,702.67,-0.00064743
2003,288,1,99.66,115.412269,35.642860,717.63,-0.00063901
2003,288,2,199.31,115.412130,35.642002,747.53,-0.00063947
2003,288,3,298.97,115.411999,35.641142,747.53,-0.00004232
2003,288,4,398.62,115.411730,35.640322,777.43,0.00032418
2003,288,5,498.28,115.411713,35.639429,777.43,0.00008448
2003,288,6,597.93,115.411460,35.638604,747.53,-0.00000000
2003,288,7,697.59,115.411460,35.637706,777.43,-0.00071857
2003,288,8,797.25,115.411191,35.636886,762.48,-0.00000000
2003,288,9,896.90,115.410921,35.636066,747.53,0.00067641
2003,288,10,996.56,115.410921,35.635168,747.53,-0.00065405
2003,288,11,1096.21,115.410652,35.634348,702.67,-0.00067641
2003,288,12,1195.87,115.410391,35.633526,672.77,-0.00006713
2003,288,13,1295.53,115.410113,35.632709,642.87,-0.00008953
2003,289,0,0.00,115.899785,35.945323,568.12,-0.00488313
2003,289,1,79.43,115.899130,35.945708,478.42,-0.00324474
2003,289,2,158.86,115.898976,35.946379,463.47,0.00067649
2003,289,3,238.28,115.898437,35.946939,418.61,0.00295931
2003,29,0,0.00,115.693621,35.799256,568.12,-0.00000000
2003,29,1,49.19,115.693756,35.799661,627.92,-0.00000000
2003,29,2,98.37,115.693891,35.800065,373.76,-0.00000000
2003,290,0,0.00,115.899785,35.945323,867.13,0.00000000
2003,290,1,78.57,115.900334,35.945872,852.18,-0.00147606
2003,290,2,157.14,115.900883,35.946421,553.17,-0.00444691
2003,290,3,235.71,115.901609,35.946670,807.33,-0.00417556
2003,290,4,314.28,115.902480,35.946670,657.82,-0.00240942
2003,291,0,0.00,115.902480,35.945592,702.67,0.00564203
2003,291,1,68.44,115.902749,35.946131,418.61,0.00564203
2003,291,2,136.89,115.902480,35.946670,448.52,0.00564203
2003,292,0,0.00,115.902480,35.945592,553.17,-0.00347622
2003,292,1,53.49,115.902854,35.945218,448.52,-0.00358237
2003,292,2,106.98,115.903018,35.944784,478.42,-0.00368851
2003,293,0,0.00,115.410113,35.632709,777.43,-0.00313839
2003,293,1,64.15,115.410113,35.632131,792.38,-0.00323208
2003,293,2,128.30,115.409843,35.631631,777.43,-0.00332577
2003,294,0,0.00,115.410113,35.632709,1794.06,0.00000000
2003,294,1,80.95,115.409219,35.632709,1794.06,0.00000000
2003,294,2,161.90,115.408325,35.632709,1794.06,-0.00019396
2003,294,3,242.86,115.407432,35.632709,1794.06,-0.00123359
2003,294,4,323.81,115.406564,35.632754,568.12,-0.00194027
2003,294,5,404.76,115.405801,35.632978,493.37,-0.00180127
2003,295,0,0.00,115.898437,35.946939,418.61,0.00360547
2003,295,1,76.05,115.897905,35.947471,403.66,0.00279199
2003,295,2,152.09,115.897175,35.947663,313.96,-0.00094103
2003,295,3,228.14,115.896543,35.948025,209.31,-0.00279199
2003,295,4,304.19,115.896012,35.948556,,-0.00172341
2003,296,0,0.00,115.898437,35.946939,777.43,0.00073767
2003,296,1,84.17,115.898976,35.947542,493.37,0.00092237
2003,296,2,168.34,115.899405,35.948177,358.81,0.00072881
2003,296,3,252.51,115.899785,35.948826,149.51,0.00035056
2003,297,0,0.00,115.902480,35.946670,463.47,0.00000000
2003,297,1,78.08,115.902143,35.947276,463.47,0.00000000
2003,297,2,156.16,115.901806,35.947883,418.61,-0.00000000
2003,297,3,234.23,115.901469,35.948489,418.61,0.00000000
2003,297,4,312.31,115.901132,35.949095,388.71,0.00000000
2003,298,0,0.00,115.409843,35.631631,1794.06,0.00000000
2003,298,1,90.87,115.408840,35.631631,1794.06,0.00009661
2003,298,2,181.74,115.407837,35.631631,1794.06,0.00363025
2003,298,3,272.61,115.406850,35.631602,822.28,0.00477925
2003,298,4,363.48,115.406609,35.630853,672.77,-0.00127904
2003,298,5,454.35,115.405801,35.630553,627.92,-0.00504931
2003,299,0,0.00,115.409843,35.631631,687.72,-0.00161665
2003,299,1,96.70,115.410113,35.630838,612.97,-0.00207854
2003,299,2,193.41,115.410076,35.629977,598.02,-0.00117405
2003,299,3,290.11,115.409843,35.629173,553.17,0.00067943
2003,299,4,386.81,115.409843,35.628301,583.07,-0.00009617
2003,299,5,483.52,115.409843,35.627430,598.02,-0.00067943
2003,299,6,580.22,115.409574,35.626637,523.27,0.00067943
2003,299,7,676.92,115.409574,35.625765,553.17,0.00067943
2003,299,8,773.62,115.409574,35.624893,523.27,0.00000000
2003,3,0,0.00,115.697125,35.795753,358.81,-0.00369110
2003,3,1,91.29,115.697114,35.794933,612.97,-0.00309781
2003,3,2,182.59,115.696476,35.794296,777.43,-0.00063487
2003,3,3,273.88,115.696047,35.793597,732.58,0.00123477
2003,30,0,0.00,115.693621,35.799256,672.77,0.00000000
2003,30,1,19.28,115.693756,35.799122,702.67,0.00000000
2003,30,2,38.57,115.693891,35.798987,418.61,0.00000000
2003,300,0,0.00,115.405531,35.630283,642.87,0.00000000
2003,300,1,19.30,115.405666,35.630418,672.77,0.00000000
2003,300,2,38.60,115.405801,35.630553,672.77,0.00000000
2003,301,0,0.00,115.405801,35.630553,612.97,0.00000000
2003,301,1,29.90,115.405801,35.630822,612.97,0.00000000
2003,301,2,59.80,115.405801,35.631092,612.97,0.00000000
2003,302,0,0.00,115.405531,35.630283,627.92,0.00246011
2003,302,1,64.15,115.405562,35.629714,642.87,0.00251728
2003,302,2,128.30,115.405801,35.629205,702.67,0.00257445
2003,303,0,0.00,115.405531,35.630283,493.37,0.00497684
2003,303,1,82.69,115.404775,35.630553,59.80,0.00366892
2003,303,2,165.39,115.404019,35.630283,74.75,0.00000000
2003,303,3,248.08,115.403106,35.630283,,-0.00236101
2003,304,0,0.00,115.409574,35.624893,747.53,0.00286396
2003,304,1,85.06,115.408881,35.624470,612.97,0.00282465
2003,304,2,170.12,115.408496,35.623815,523.27,0.00278534
2003,305,0,0.00,115.409574,35.624893,777.43,0.00000000
2003,305,1,88.62,115.410193,35.624275,747.53,0.00000000
2003,305,2,177.24,115.410811,35.623656,702.67,-0.00014353
2003,305,3,265.86,115.411430,35.623037,657.82,-0.00347316
2003,305,4,354.48,115.411999,35.622404,493.37,-0.00711045
2003,305,5,443.10,115.411540,35.621739,463.47,-0.00425318
2003,305,6,531.72,115.410921,35.621121,568.12,-0.00094470
2003,306,0,0.00,115.405801,35.629205,672.77,-0.00924515
2003,306,1,43.71,115.406127,35.629475,717.63,-0.00905647
2003,306,2,87.42,115.406609,35.629475,373.76,-0.00886778
2003,307,0,0.00,115.405801,35.629205,747.53,0.01068402
2003,307,1,31.51,115.406021,35.628985,717.63,0.01108033
2003,307,2,63.01,115.406340,35.628936,598.02,0.01147663
2003,308,0,0.00,115.405801,35.629205,672.77,-0.00872060
2003,308,1,63.01,115.405262,35.628936,284.06,-0.00872060
2003,308,2,126.03,115.404723,35.629205,523.27,-0.00872060
2003,309,0,0.00,115.408496,35.623815,1794.06,0.00000000
2003,309,1,79.80,115.407615,35.623815,1794.06,-0.00299332
2003,309,2,159.60,115.406734,35.623815,941.88,-0.00646930
2003,309,3,239.40,115.406340,35.624354,702.67,-0.00695195
2003,310,0,0.00,115.408496,35.623815,553.17,-0.00152408
2003,310,1,94.05,115.408765,35.623046,508.32,-0.00148105
2003,310,2,188.11,115.408765,35.622199,388.71,-0.00143802
2003,311,0,0.00,115.410921,35.621121,523.27,-0.00166185
2003,311,1,84.40,115.411302,35.620471,388.71,-0.00425241
2003,311,2,168.80,115.411447,35.619760,373.76,-0.00751746
2003,311,3,253.20,115.410858,35.619171,583.07,-0.00684309
2003,311,4,337.61,115.410046,35.618965,1016.64,-0.00598350
2003,311,5,422.01,115.409114,35.618965,1674.46,-0.00569719
2003,311,6,506.41,115.408496,35.619504,642.87,-0.00492159
2003,312,0,0.00,115.410921,35.621121,747.53,-0.00475973
2003,312,1,84.02,115.410038,35.621196,1255.84,-0.00395035
2003,312,2,168.04,115.409451,35.621782,792.38,-0.00080570
2003,312,3,252.07,115.408765,35.622199,971.78,0.00152956
2003,314,0,0.00,115.408765,35.622199,478.42,0.00230097
2003,314,1,76.93,115.408496,35.621584,478.42,0.00223356
2003,314,2,153.86,115.408496,35.620890,478.42,0.00108307
2003,314,3,230.78,115.408496,35.620197,373.76,0.00000000
2003,314,4,307.71,115.408496,35.619504,358.81,0.00000000
2003,316,0,0.00,115.408496,35.619504,433.57,0.00165663
2003,316,1,90.32,115.408226,35.618768,358.81,0.00082831
2003,316,2,180.63,115.408226,35.617954,358.81,-0.00031688
2003,316,3,270.95,115.407957,35.617218,328.91,0.00000000
2003,316,4,361.26,115.407853,35.616435,343.86,0.00062654
2003,316,5,451.58,115.407687,35.615669,328.91,0.00000000
2003,316,6,541.90,115.407687,35.614855,299.01,-0.00030966
2003,316,7,632.21,115.407418,35.614119,313.96,0.00078096
2003,316,8,722.53,115.407418,35.613305,328.91,0.00156191
2003,317,0,0.00,115.407418,35.613305,418.61,0.00000000
2003,317,1,72.48,115.407924,35.612799,448.52,0.00095333
2003,317,2,144.96,115.408430,35.612293,553.17,0.00199675
2003,317,3,217.44,115.409035,35.611958,553.17,0.00208686
2003,318,0,0.00,115.407418,35.613305,328.91,0.00003660
2003,318,1,98.91,115.407145,35.612493,313.96,0.00071432
2003,318,2,197.82,115.406879,35.611679,254.16,0.00068723
2003,318,3,296.74,115.406879,35.610788,284.06,-0.00000878
2003,318,4,395.65,115.406609,35.609975,254.16,-0.00000000
2003,318,5,494.56,115.406609,35.609083,269.11,-0.00068723
2003,318,6,593.47,115.406340,35.608270,239.21,0.00000000
2003,318,7,692.38,115.406070,35.607457,254.16,0.00118178
2003,318,8,791.29,115.406070,35.606566,209.31,-0.00068723
2003,318,9,890.21,115.406004,35.605693,239.21,-0.00101098
2003,318,10,989.12,115.405531,35.604939,254.16,0.00068723
2003,318,11,1088.03,115.405531,35.604048,209.31,0.00051644
2003,318,12,1186.94,115.405262,35.603235,224.26,0.00064910
2003,318,13,1285.85,115.405262,35.602343,209.31,-0.00000000
2003,318,14,1384.77,115.405262,35.601452,254.16,-0.00133633
2003,318,15,1483.68,115.404992,35.600639,239.21,-0.00137446
2003,319,0,0.00,115.404992,35.600639,1704.36,0.00000000
2003,319,1,73.26,115.405801,35.600639,1255.84,0.00000000
2003,319,2,146.52,115.406609,35.600639,702.67,0.00000000
2003,32,0,0.00,115.696316,35.799526,373.76,-0.00000000
2003,32,1,57.85,115.695912,35.799930,702.67,-0.00000000
2003,32,2,115.71,115.695508,35.800334,702.67,-0.00000000
2003,320,0,0.00,115.404992,35.600639,239.21,0.00000000
2003,320,1,97.17,115.404723,35.599842,269.11,0.00062257
2003,320,2,194.34,115.404454,35.599044,269.11,0.00071293
2003,320,3,291.51,115.404419,35.598179,254.16,-0.00052903
2003,320,4,388.68,115.404184,35.597371,269.11,0.00000000
2003,320,5,485.85,115.403915,35.596574,284.06,0.00129248
2003,320,6,583.02,115.403915,35.595698,239.21,0.00024442
2003,320,7,680.19,115.403915,35.594822,284.06,-0.00067310
2003,320,8,777.36,115.403741,35.593997,313.96,-0.00049392
2003,320,9,874.53,115.403645,35.593149,299.01,-0.00000000
2003,320,10,971.69,115.403376,35.592352,328.91,0.00092260
2003,320,11,1068.86,115.403376,35.591476,343.86,0.00134619
2003,321,0,0.00,115.403376,35.591476,418.61,0.00237096
2003,321,1,94.86,115.402823,35.590924,388.71,0.00293969
2003,321,2,189.73,115.402567,35.590143,373.76,0.00313140
2003,321,3,284.59,115.402567,35.589288,313.96,0.00212627
2003,321,4,379.45,115.402837,35.588512,373.76,0.00149816
2003,322,0,0.00,115.403376,35.591476,523.27,0.00000000
2003,322,1,87.95,115.403989,35.590862,598.02,-0.00155252
2003,322,2,175.90,115.404603,35.590248,433.57,-0.00372693
2003,322,3,263.85,115.404723,35.589490,299.01,-0.00605192
2003,322,4,351.80,115.404658,35.588717,373.76,-0.00831912
2003,322,5,439.75,115.403807,35.588512,1210.99,-0.00521951
2003,322,6,527.70,115.402837,35.588512,1465.15,-0.00155579
2003,324,0,0.00,115.402837,35.588512,373.76,-0.00109910
2003,324,1,98.41,115.402567,35.587703,403.66,0.00000000
2003,324,2,196.82,115.402089,35.586956,403.66,0.00109016
2003,324,3,295.23,115.402028,35.586086,418.61,0.00000000
2003,324,4,393.64,115.401759,35.585278,388.71,-0.00108121
2003,325,0,0.00,115.401759,35.585278,463.47,0.00200695
2003,325,1,99.86,115.401062,35.584581,418.61,0.00183411
2003,325,2,199.72,115.400782,35.583762,313.96,0.00153915
2003,325,3,299.59,115.400411,35.582970,313.96,0.00147939
2003,325,4,399.45,115.400411,35.582070,328.91,0.00088691
2003,325,5,499.31,115.400360,35.581185,313.96,0.00038915
2003,325,6,599.17,115.400411,35.580427,328.91,0.00054625
2003,326,0,0.00,115.401759,35.585278,657.82,-0.00000000
2003,326,1,57.91,115.402163,35.584874,642.87,-0.00000000
2003,326,2,115.83,115.402567,35.584469,612.97,-0.00000000
2003,327,0,0.00,115.400411,35.580427,1794.06,-0.00113417
2003,327,1,99.68,115.401404,35.580243,1016.64,-0.00114815
2003,327,2,199.35,115.402298,35.579888,747.53,-0.00116213
2003,328,0,0.00,115.400411,35.580427,388.71,0.00088011
2003,328,1,75.57,115.400092,35.579839,284.06,0.00184638
2003,328,2,151.15,115.399872,35.579222,299.01,0.00231727
2003,328,3,226.72,115.399872,35.578540,343.86,0.00182188
2003,329,0,0.00,115.402567,35.584469,598.02,-0.00390000
2003,329,1,68.16,115.403163,35.584739,911.98,-0.00371150
2003,329,2,136.31,115.403915,35.584739,852.18,-0.00352299
2003,33,0,0.00,115.697125,35.782548,1181.09,0.00000000
2003,33,1,60.91,115.697798,35.782548,1794.06,0.00000000
2003,33,2,121.83,115.698472,35.782548,1794.06,0.00000000
2003,330,0,0.00,115.402567,35.584469,612.97,-0.00261041
2003,330,1,87.81,115.403180,35.583856,523.27,-0.00268082
2003,330,2,175.63,115.403376,35.583122,343.86,-0.00275123
2003,331,0,0.00,115.402298,35.579888,433.57,0.00000000
2003,331,1,59.80,115.402298,35.579349,299.01,0.00000000
2003,331,2,119.60,115.402298,35.578810,299.01,0.00000000
2003,332,0,0.00,115.402298,35.579888,418.61,0.00384681
2003,332,1,83.46,115.402837,35.580483,313.96,0.00381550
2003,332,2,166.92,115.402837,35.581235,313.96,0.00378418
2003,333,0,0.00,115.399872,35.578540,657.82,0.00299440
2003,333,1,87.46,115.400582,35.578100,1270.79,0.00295297
2003,333,2,174.93,115.401489,35.578001,448.52,0.00291154
2003,334,0,0.00,115.399872,35.578540,373.76,0.00217476
2003,334,1,79.11,115.399603,35.577906,388.71,0.00211106
2003,334,2,158.21,115.399603,35.577193,373.76,0.00000000
2003,334,3,237.32,115.399603,35.576480,313.96,-0.00211106
2003,334,4,316.43,115.399333,35.575845,328.91,-0.00217476
2003,336,0,0.00,115.403376,35.583122,448.52,0.00562709
2003,336,1,49.21,115.403106,35.582757,313.96,0.00551502
2003,336,2,98.41,115.403106,35.582313,313.96,0.00540295
2003,337,0,0.00,115.402298,35.578810,358.81,0.00000000
2003,337,1,57.92,115.401893,35.578406,433.57,0.00000000
2003,337,2,115.83,115.401489,35.578001,463.47,0.00000000
2003,338,0,0.00,115.402298,35.578810,553.17,0.00000000
2003,338,1,19.31,115.402432,35.578675,553.17,0.00000000
2003,338,2,38.61,115.402567,35.578540,553.17,0.00000000
2003,339,0,0.00,115.401489,35.578001,388.71,0.00956410
2003,339,1,46.47,115.401605,35.577616,553.17,0.00980955
2003,339,2,92.94,115.402028,35.577462,672.77,0.01005500
2003,34,0,0.00,115.697125,35.782548,672.77,0.00000000
2003,34,1,93.12,115.697125,35.781709,642.87,0.00000000
2003,34,2,186.24,115.697125,35.780869,642.87,0.00073225
2003,34,3,279.35,115.697125,35.780030,612.97,0.00150264
2003,34,4,372.47,115.697394,35.779269,583.07,0.00178204
2003,34,5,465.59,115.697662,35.778507,583.07,0.00216873
2003,34,6,558.71,115.698203,35.777966,642.87,0.00231417
2003,341,0,0.00,115.399333,35.575845,837.23,-0.00044748
2003,341,1,96.92,115.400109,35.575339,657.82,0.00233782
2003,341,2,193.84,115.400846,35.574767,164.46,0.00548929
2003,341,3,290.77,115.401759,35.575037,612.97,0.00585546
2003,342,0,0.00,115.399333,35.575845,418.61,0.00293808
2003,342,1,96.23,115.398794,35.575135,373.76,0.00284589
2003,342,2,192.47,115.398794,35.574268,328.91,0.00072747
2003,342,3,288.70,115.398779,35.573405,299.01,-0.00129353
2003,342,4,384.94,115.398525,35.572612,313.96,-0.00128829
2003,343,0,0.00,115.398794,35.572342,463.47,0.00000000
2003,343,1,19.31,115.398659,35.572477,493.37,0.00000000
2003,343,2,38.61,115.398525,35.572612,493.37,0.00000000
2003,344,0,0.00,115.398525,35.572612,418.61,0.00281387
2003,344,1,98.41,115.397986,35.571882,403.66,0.00275782
2003,344,2,196.83,115.397986,35.570995,403.66,0.00270178
2003,345,0,0.00,115.398794,35.572342,463.47,0.00105772
2003,345,1,91.19,115.399431,35.571706,583.07,-0.00209772
2003,345,2,182.38,115.400142,35.571232,448.52,-0.00812114
2003,345,3,273.57,115.399898,35.570482,373.76,-0.00802891
2003,345,4,364.76,115.399064,35.570186,583.07,-0.00506870
2003,346,0,0.00,115.398794,35.572342,493.37,-0.00277476
2003,346,1,80.38,115.399524,35.572612,822.28,-0.00263918
2003,346,2,160.76,115.400411,35.572612,732.58,-0.00250361
2003,347,0,0.00,115.397986,35.570995,358.81,-0.00000000
2003,347,1,83.46,115.397716,35.570321,403.66,-0.00000000
2003,347,2,166.93,115.397447,35.569647,328.91,-0.00000000
2003,348,0,0.00,115.397986,35.570995,478.42,0.00204054
2003,348,1,70.13,115.398475,35.570505,702.67,0.00213875
2003,348,2,140.26,115.399064,35.570186,822.28,0.00223696
2003,349,0,0.00,115.399064,35.570186,717.63,-0.00409441
2003,349,1,89.44,115.399787,35.569732,418.61,-0.00449936
2003,349,2,178.88,115.399872,35.569108,328.91,-0.00490432
2003,351,0,0.00,115.397447,35.569647,687.72,-0.00044739
2003,351,1,96.93,115.398222,35.569141,627.92,0.00059766
2003,351,2,193.85,115.398959,35.568569,852.18,0.00191117
2003,351,3,290.78,115.399872,35.568300,134.55,0.00217964
2003,352,0,0.00,115.397447,35.569647,328.91,0.00145504
2003,352,1,96.24,115.397177,35.568858,358.81,0.00072752
2003,352,2,192.47,115.397177,35.567991,284.06,0.00068671
2003,352,3,288.71,115.396908,35.567202,343.86,0.00210095
2003,352,4,384.94,115.397177,35.566413,343.86,0.00282847
2003,353,0,0.00,115.397177,35.566413,448.52,0.00145845
2003,353,1,84.29,115.397557,35.565764,448.52,0.00072923
2003,353,2,168.58,115.398145,35.565176,433.57,-0.00072923
2003,353,3,252.86,115.398525,35.564527,299.01,-0.00145845
2003,354,0,0.00,115.397177,35.566413,1345.55,0.00352156
2003,354,1,68.17,115.397929,35.566413,747.53,0.00370994
2003,354,2,136.34,115.398525,35.566683,448.52,0.00389832
2003,355,0,0.00,115.397177,35.566413,448.52,-0.00000000
2003,355,1,89.42,115.396553,35.565789,328.91,0.00159835
2003,355,2,178.83,115.395929,35.565165,328.91,0.00323066
2003,355,3,268.25,115.395830,35.564388,313.96,0.00143491
2003,355,4,357.66,115.395724,35.563613,254.16,-0.00064524
2003,355,5,447.08,115.395560,35.562855,284.06,-0.00084619
2003,355,6,536.49,115.395311,35.562121,254.16,0.00038549
2003,355,7,625.91,115.395021,35.561400,224.26,0.00000000
2003,355,8,715.32,115.395021,35.560594,209.31,-0.00247457
2003,355,9,804.74,115.394482,35.559945,239.21,-0.00338146
2003,356,0,0.00,115.394482,35.559945,523.27,-0.00202913
2003,356,1,99.18,115.394213,35.559130,343.86,-0.00375016
2003,356,2,198.37,115.393625,35.558549,239.21,-0.00573271
2003,356,3,297.55,115.392659,35.558328,328.91,-0.00454384
2003,356,4,396.74,115.391721,35.558598,209.31,-0.00154672
2003,356,5,495.92,115.390784,35.558867,179.41,-0.00039962
2003,356,6,595.10,115.389846,35.559137,194.36,-0.00182984
2003,356,7,694.29,115.388976,35.559523,209.31,-0.00236013
2003,356,8,793.47,115.388284,35.560215,239.21,-0.00185983
2003,357,0,0.00,115.394482,35.559945,1181.09,0.00370511
2003,357,1,69.88,115.393868,35.560215,1300.70,0.00352500
2003,357,2,139.76,115.393097,35.560215,284.06,0.00167245
2003,357,3,209.64,115.392326,35.560215,254.16,0.00000000
2003,358,0,0.00,115.388284,35.560215,1480.10,-0.00238677
2003,358,1,84.06,115.388898,35.560754,493.37,-0.00488269
2003,358,2,168.12,115.389669,35.561023,224.26,-0.00609414
2003,358,3,252.18,115.390440,35.560754,179.41,-0.00480967
2003,359,0,0.00,115.388284,35.560215,299.01,-0.00134193
2003,359,1,89.44,115.387561,35.560668,313.96,-0.00129086
2003,359,2,178.89,115.386936,35.561293,343.86,-0.00123979
2003,36,0,0.00,115.698472,35.782548,702.67,0.00101239
2003,36,1,86.56,115.699077,35.781943,717.63,0.00193863
2003,36,2,173.12,115.699758,35.781470,822.28,-0.00039692
2003,36,3,259.68,115.700559,35.781200,358.81,-0.00564584
2003,36,4,346.24,115.700628,35.780633,627.92,-0.00405870
2003,36,5,432.81,115.700628,35.779853,388.71,-0.00048444
2003,360,0,0.00,115.386936,35.561293,269.11,-0.00181366
2003,360,1,91.72,115.385925,35.561293,343.86,-0.00338990
2003,360,2,183.43,115.385062,35.561550,313.96,-0.00253600
2003,360,3,275.15,115.384544,35.562101,328.91,-0.00000000
2003,360,4,366.86,115.383689,35.562371,328.91,-0.00145367
2003,360,5,458.58,115.383163,35.562910,358.81,-0.00301321
2003,361,0,0.00,115.386936,35.561293,702.67,0.00000000
2003,361,1,74.75,115.386936,35.561966,687.72,0.00000000
2003,361,2,149.50,115.386936,35.562640,612.97,0.00000000
2003,362,0,0.00,115.383163,35.562910,388.71,-0.00885572
2003,362,1,43.74,115.382681,35.562910,433.57,-0.00904433
2003,362,2,87.48,115.382355,35.563179,358.81,-0.00923294
2003,363,0,0.00,115.383163,35.562910,1794.06,0.00000000
2003,363,1,96.53,115.383837,35.563583,1794.06,0.00000000
2003,363,2,193.06,115.384511,35.564257,388.71,0.00000000
2003,364,0,0.00,115.382355,35.563179,1539.90,-0.00188954
2003,364,1,74.32,115.382665,35.563759,1584.76,-0.00183649
2003,364,2,148.64,115.383184,35.564277,1375.45,-0.00089172
2003,364,3,222.97,115.383702,35.564796,388.71,0.00000000
2003,365,0,0.00,115.382355,35.563179,463.47,-0.00223686
2003,365,1,70.14,115.381766,35.563498,343.86,-0.00213866
2003,365,2,140.27,115.381277,35.563988,478.42,-0.00204046
2003,366,0,0.00,115.384511,35.564257,343.86,0.00000000
2003,366,1,12.22,115.384646,35.564257,343.86,0.00000000
2003,366,2,24.43,115.384780,35.564257,343.86,0.00000000
2003,367,0,0.00,115.384511,35.564257,493.37,0.00396151
2003,367,1,50.83,115.384156,35.564612,343.86,0.00417603
2003,367,2,101.66,115.383702,35.564796,448.52,0.00439054
2003,369,0,0.00,115.383702,35.564796,433.57,0.00646322
2003,369,1,83.12,115.383272,35.565335,358.81,0.00597015
2003,369,2,166.24,115.382355,35.565335,538.22,0.00547708
2003,37,0,0.00,115.693891,35.800065,867.13,-0.00279031
2003,37,1,80.18,115.694621,35.800334,1360.50,-0.00265352
2003,37,2,160.37,115.695508,35.800334,1360.50,-0.00251673
2003,370,0,0.00,115.381277,35.563988,418.61,-0.00573409
2003,370,1,63.04,115.380639,35.564087,373.76,-0.00553641
2003,370,2,126.09,115.380199,35.564527,388.71,-0.00533873
2003,371,0,0.00,115.381277,35.563988,1794.06,0.00000000
2003,371,1,92.18,115.381816,35.564661,1659.51,0.00000000
2003,371,2,184.35,115.382355,35.565335,463.47,0.00000000
2003,372,0,0.00,115.382355,35.565335,418.61,0.00704470
2003,372,1,88.63,115.381945,35.566015,358.81,0.00987366
2003,372,2,177.26,115.381227,35.565825,837.23,0.00837549
2003,372,3,265.89,115.380609,35.565206,1794.06,0.00268175
2003,372,4,354.52,115.380199,35.564527,1794.06,0.00131514
2003,375,0,0.00,115.380199,35.564527,388.71,-0.00338608
2003,375,1,82.35,115.379426,35.564760,403.66,-0.00322512
2003,375,2,164.70,115.378852,35.565335,463.47,-0.00306416
2003,376,0,0.00,115.378852,35.565335,388.71,-0.00079927
2003,376,1,95.12,115.377959,35.565605,418.61,-0.00245393
2003,376,2,190.24,115.377128,35.565981,403.66,-0.00408977
2003,376,3,285.37,115.376696,35.566712,493.37,-0.00249439
2003,376,4,380.49,115.376426,35.567491,598.02,-0.00091784
2003,377,0,0.00,115.378852,35.565335,1794.06,-0.00000000
2003,377,1,38.61,115.379121,35.565605,1794.06,-0.00000000
2003,377,2,77.23,115.379391,35.565874,1719.31,-0.00000000
2003,378,0,0.00,115.376426,35.567491,568.12,-0.00344740
2003,378,1,98.17,115.375345,35.567494,448.52,-0.00357910
2003,378,2,196.34,115.374573,35.568030,448.52,-0.00094730
2003,378,3,294.52,115.373803,35.568569,373.76,0.00090810
2003,378,4,392.69,115.372876,35.568839,358.81,-0.00027712
2003,378,5,490.86,115.372106,35.569378,269.11,-0.00019292
2003,378,6,589.03,115.371226,35.569727,224.26,-0.00037648
2003,378,7,687.20,115.370442,35.570241,194.36,0.00038710
2003,378,8,785.38,115.369640,35.570725,149.51,0.00160091
2003,378,9,883.55,115.368713,35.570995,149.51,0.00166642
2003,378,10,981.72,115.367787,35.571264,239.21,0.00174191
2003,378,11,1079.89,115.366704,35.571264,299.01,0.00088461
2003,378,12,1178.06,115.365621,35.571264,388.71,0.00172467
2003,378,13,1276.23,115.364549,35.571245,388.71,0.00256538
2003,378,14,1374.41,115.363765,35.570730,418.61,0.00054209
2003,378,15,1472.58,115.362841,35.570456,418.61,0.00048439
2003,378,16,1570.75,115.361998,35.570042,493.37,0.00085596
2003,378,17,1668.92,115.361214,35.569527,448.52,-0.00083902
2003,378,18,1767.09,115.360374,35.569108,433.57,-0.00138080
2003,378,19,1865.27,115.359448,35.568839,493.37,-0.00104969
2003,379,0,0.00,115.376426,35.567491,1629.61,0.00000000
2003,379,1,53.56,115.376696,35.567895,1315.65,0.00000000
2003,379,2,107.13,115.376965,35.568300,672.77,0.00000000
2003,38,0,0.00,115.693891,35.800065,388.71,-0.00116609
2003,38,1,91.51,115.693251,35.800704,657.82,-0.00305293
2003,38,2,183.02,115.692821,35.801404,553.17,-0.00388914
2003,38,3,274.54,115.693026,35.802165,583.07,-0.00083453
2003,38,4,366.05,115.693082,35.802973,538.22,-0.00123256
2003,38,5,457.56,115.693082,35.803798,553.17,-0.00408972
2003,38,6,549.07,115.693732,35.804377,702.67,-0.00246775
2003,38,7,640.59,115.694430,35.804916,657.82,-0.00039063
2003,380,0,0.00,115.379391,35.565874,1121.29,0.00489712
2003,380,1,66.69,115.379955,35.566169,1629.61,0.00765909
2003,380,2,133.38,115.380199,35.566699,717.63,0.00805239
2003,380,3,200.07,115.379930,35.567222,508.32,0.00568373
2003,381,0,0.00,115.379391,35.565874,672.77,-0.00204761
2003,381,1,79.11,115.379391,35.566587,882.08,-0.00211133
2003,381,2,158.22,115.379660,35.567222,777.43,-0.00217505
2003,382,0,0.00,115.359448,35.568839,1689.41,0.00205083
2003,382,1,71.42,115.359158,35.569398,1420.30,0.00102541
2003,382,2,142.83,115.358660,35.569896,1061.49,-0.00102541
2003,382,3,214.25,115.358370,35.570456,747.53,-0.00205083
2003,383,0,0.00,115.359448,35.568839,508.32,-0.00317500
2003,383,1,98.49,115.358969,35.568090,493.37,-0.00326166
2003,383,2,196.99,115.358084,35.567744,478.42,-0.00226890
2003,383,3,295.48,115.357198,35.567398,478.42,-0.00117407
2003,383,4,393.98,115.356214,35.567222,538.22,-0.00115867
2003,385,0,0.00,115.376965,35.568300,448.52,0.00318057
2003,385,1,75.26,115.377639,35.568030,553.17,0.00151191
2003,385,2,150.52,115.378469,35.568030,508.32,-0.00317137
2003,385,3,225.77,115.379135,35.567747,418.61,-0.00437193
2003,385,4,301.03,115.379660,35.567222,463.47,-0.00255789
2003,386,0,0.00,115.379660,35.567222,463.47,0.00000000
2003,386,1,12.22,115.379795,35.567222,463.47,0.00000000
2003,386,2,24.43,115.379930,35.567222,493.37,0.00000000
2003,387,0,0.00,115.379930,35.567222,373.76,-0.00000000
2003,387,1,38.61,115.380199,35.567491,119.60,-0.00000000
2003,387,2,77.22,115.380468,35.567761,59.80,-0.00000000
2003,389,0,0.00,115.356214,35.567222,717.63,-0.00448688
2003,389,1,70.11,115.356142,35.566611,553.17,-0.00751419
2003,389,2,140.21,115.355640,35.566144,418.61,-0.00827556
2003,389,3,210.32,115.354867,35.566144,538.22,-0.00600964
2003,390,0,0.00,115.356214,35.567222,1794.06,0.00171337
2003,390,1,96.49,115.355541,35.567895,1210.99,0.00490301
2003,390,2,192.98,115.354711,35.568300,508.32,0.00991940
2003,390,3,289.47,115.354058,35.567822,553.17,0.00782664
2003,390,4,385.96,115.354058,35.566952,762.48,0.00390713
2003,391,0,0.00,115.380468,35.567761,59.80,0.00000000
2003,391,1,19.31,115.380603,35.567895,,0.00000000
2003,391,2,38.61,115.380738,35.568030,,0.00000000
2003,392,0,0.00,115.380468,35.567761,463.47,0.00000000
2003,392,1,19.31,115.380334,35.567895,403.66,0.00000000
2003,392,2,38.61,115.380199,35.568030,403.66,0.00000000
2003,393,0,0.00,115.354867,35.566144,612.97,-0.00190531
2003,393,1,90.45,115.354597,35.565407,508.32,-0.00247869
2003,393,2,180.90,115.354021,35.564759,328.91,-0.00309560
2003,393,3,271.35,115.353315,35.564257,328.91,-0.00253359
2003,393,4,361.80,115.352474,35.563988,523.27,-0.00096402
2003,393,5,452.25,115.351633,35.563718,508.32,0.00000000
2003,394,0,0.00,115.354867,35.566144,1794.06,-0.00000000
2003,394,1,57.92,115.354462,35.566548,1420.30,-0.00000000
2003,394,2,115.84,115.354058,35.566952,1061.49,-0.00000000
2003,395,0,0.00,115.354058,35.566952,493.37,-0.00000000
2003,395,1,97.83,115.353135,35.566683,493.37,0.00076787
2003,395,2,195.66,115.352213,35.566413,358.81,0.00309253
2003,395,3,293.49,115.351416,35.565927,343.86,0.00470654
2003,395,4,391.32,115.351094,35.565139,598.02,0.00318105
2003,395,5,489.15,115.351094,35.564257,717.63,0.00159835
2003,397,0,0.00,115.351633,35.563718,508.32,0.00000000
2003,397,1,71.42,115.351343,35.563159,463.47,-0.00102543
2003,397,2,142.84,115.351053,35.562600,328.91,-0.00199252
2003,397,3,214.25,115.350555,35.562101,299.01,-0.00193419
2003,398,0,0.00,115.351633,35.563718,1794.06,0.00000000
2003,398,1,38.61,115.351363,35.563988,1375.45,0.00000000
2003,398,2,77.23,115.351094,35.564257,1031.59,0.00000000
2003,399,0,0.00,115.351094,35.564257,538.22,0.00100790
2003,399,1,81.67,115.350193,35.564257,568.12,0.00482040
2003,399,2,163.34,115.349360,35.564140,478.42,0.00802084
2003,399,3,245.00,115.349207,35.563449,373.76,0.00740878
2003,4,0,0.00,115.697125,35.795753,882.08,0.00000000
2003,4,1,50.75,115.696720,35.796023,523.27,0.00000000
2003,4,2,101.50,115.696316,35.796292,523.27,0.00000000
2003,40,0,0.00,115.695508,35.800334,672.77,0.00220253
2003,40,1,98.89,115.695990,35.801086,598.02,0.00295139
2003,40,2,197.78,115.696047,35.801961,553.17,0.00198089
2003,40,3,296.68,115.695777,35.802774,269.11,0.00090349
2003,40,4,395.57,115.695777,35.803665,508.32,0.00299456
2003,40,5,494.46,115.695209,35.804377,672.77,0.00296379
2003,40,6,593.35,115.694430,35.804916,702.67,0.00148392
2003,401,0,0.00,115.350555,35.562101,1794.06,0.00000000
2003,401,1,96.53,115.349881,35.562775,1704.36,0.00000000
2003,401,2,193.07,115.349207,35.563449,553.17,0.00000000
2003,402,0,0.00,115.350555,35.562101,299.01,-0.00216536
2003,402,1,84.06,115.349940,35.561562,239.21,-0.00247788
2003,402,2,168.12,115.349183,35.561269,269.11,-0.00162376
2003,402,3,252.18,115.348399,35.561023,403.66,-0.00045712
2003,403,0,0.00,115.349207,35.563449,328.91,0.00204121
2003,403,1,94.57,115.348320,35.563179,299.01,0.00200130
2003,403,2,189.13,115.347590,35.562640,299.01,0.00196139
2003,404,0,0.00,115.348399,35.561023,1794.06,-0.00000000
2003,404,1,19.31,115.348264,35.561158,1779.11,-0.00000000
2003,404,2,38.61,115.348129,35.561293,1764.16,-0.00000000
2003,405,0,0.00,115.348129,35.561293,1480.10,-0.00286334
2003,405,1,85.09,115.347436,35.561716,598.02,-0.00282418
2003,405,2,170.17,115.347051,35.562371,598.02,-0.00278502
2003,406,0,0.00,115.348129,35.561293,583.07,0.00151619
2003,406,1,83.46,115.347964,35.561997,837.23,0.00152131
2003,406,2,166.93,115.347590,35.562640,657.82,0.00152643
2003,407,0,0.00,115.348399,35.561023,313.96,-0.00296117
2003,407,1,86.67,115.348129,35.560321,269.11,-0.00323879
2003,407,2,173.35,115.347507,35.559862,313.96,-0.00156206
2003,407,3,260.02,115.346816,35.559406,284.06,0.00028937
2003,407,4,346.70,115.346173,35.558867,269.11,-0.00034469
2003,407,5,433.37,115.345495,35.558389,313.96,-0.00062862
2003,407,6,520.04,115.344791,35.557954,284.06,-0.00019071
2003,407,7,606.72,115.344087,35.557520,313.96,0.00000000
2003,408,0,0.00,115.347590,35.562640,358.81,0.01146797
2003,408,1,31.52,115.347271,35.562591,299.01,0.01107263
2003,408,2,63.05,115.347051,35.562371,299.01,0.01067729
2003,41,0,0.00,115.698203,35.777966,538.22,0.00193314
2003,41,1,81.26,115.698203,35.777234,478.42,0.00096657
2003,41,2,162.52,115.698472,35.776580,553.17,0.00102632
2003,41,3,243.77,115.698472,35.775847,358.81,0.00304190
2003,41,4,325.03,115.699011,35.775271,388.71,0.00403116
2003,411,0,0.00,115.347051,35.562371,598.02,0.02293800
2003,411,1,38.61,115.346782,35.562640,373.76,0.02293800
2003,411,2,77.23,115.346512,35.562371,328.91,0.02293800
2003,412,0,0.00,115.344087,35.557520,299.01,-0.00400398
2003,412,1,78.00,115.343713,35.556981,299.01,-0.00395337
2003,412,2,156.00,115.343009,35.556711,343.86,-0.00390277
2003,413,0,0.00,115.344087,35.557520,1599.71,0.00123978
2003,413,1,89.44,115.343462,35.558144,971.78,0.00129085
2003,413,2,178.89,115.342739,35.558598,89.70,0.00134191
2003,414,0,0.00,115.343009,35.556711,343.86,-0.00106228
2003,414,1,98.32,115.342531,35.555964,343.86,-0.00103619
2003,414,2,196.64,115.341845,35.555278,299.01,-0.00050505
2003,414,3,294.96,115.341159,35.554592,313.96,-0.00000000
2003,414,4,393.28,115.340473,35.553906,299.01,0.00000000
2003,414,5,491.60,115.339787,35.553220,313.96,0.00000000
2003,414,6,589.92,115.339100,35.552533,284.06,-0.00000000
2003,414,7,688.24,115.338414,35.551847,299.01,-0.00000000
2003,414,8,786.56,115.337728,35.551161,299.01,0.00044667
2003,414,9,884.88,115.337042,35.550475,284.06,0.00103619
2003,414,10,983.20,115.336541,35.549735,239.21,0.00027384
2003,414,11,1081.52,115.336087,35.548981,224.26,0.00016008
2003,414,12,1179.84,115.335463,35.548277,239.21,0.00069879
2003,414,13,1278.16,115.335193,35.547469,179.41,-0.00047576
2003,414,14,1376.48,115.334654,35.546740,194.36,-0.00139757
2003,415,0,0.00,115.343009,35.556711,1510.00,-0.00185653
2003,415,1,72.87,115.342500,35.557220,1076.44,-0.00191215
2003,415,2,145.74,115.342200,35.557789,822.28,-0.00196777
2003,416,0,0.00,115.334654,35.546740,224.26,-0.00105460
2003,416,1,87.00,115.334654,35.545956,194.36,-0.00084365
2003,416,2,174.00,115.334483,35.545222,209.31,-0.00000000
2003,416,3,260.99,115.334385,35.544466,269.11,0.00062007
2003,416,4,347.99,115.334313,35.543703,313.96,0.00267372
2003,416,5,434.99,115.334317,35.543035,299.01,0.00416158
2003,416,6,521.99,115.334924,35.542428,373.76,0.00358314
2003,417,0,0.00,115.334654,35.546740,1166.14,0.00579416
2003,417,1,55.96,115.334194,35.547010,478.42,0.00554933
2003,417,2,111.93,115.333576,35.547010,702.67,0.00530451
2003,418,0,0.00,115.334924,35.542428,299.01,0.00131264
2003,418,1,98.42,115.334924,35.541541,328.91,0.00065632
2003,418,2,196.84,115.335193,35.540733,299.01,0.00031026
2003,418,3,295.26,115.335193,35.539846,299.01,0.00101524
2003,418,4,393.67,115.335585,35.539073,328.91,0.00077401
2003,418,5,492.09,115.335854,35.538264,373.76,0.00077546
2003,418,6,590.51,115.336271,35.537499,358.81,0.00101815
2003,418,7,688.93,115.336810,35.536769,403.66,0.00062345
2003,419,0,0.00,115.334924,35.542428,568.12,-0.00362280
2003,419,1,99.71,115.335711,35.542967,1345.55,-0.00349775
2003,419,2,199.42,115.336810,35.542967,672.77,-0.00337270
2003,42,0,0.00,115.698203,35.777966,897.03,-0.00364114
2003,42,1,99.49,115.698989,35.778505,1375.45,-0.00351537
2003,42,2,198.98,115.700089,35.778505,1031.59,-0.00338961
2003,420,0,0.00,115.336810,35.536769,1016.64,-0.00334302
2003,420,1,69.90,115.337581,35.536769,687.72,-0.00167151
2003,420,2,139.80,115.338196,35.536499,702.67,0.00167151
2003,420,3,209.70,115.338966,35.536499,583.07,0.00334302
2003,421,0,0.00,115.336810,35.536769,448.52,0.00103540
2003,421,1,97.05,115.336810,35.536051,478.42,0.00067527
2003,421,2,194.11,115.337000,35.535232,269.11,0.00123696
2003,421,3,291.16,115.337080,35.534380,328.91,0.00268900
2003,421,4,388.22,115.337619,35.533804,328.91,0.00321924
2003,422,0,0.00,115.338966,35.536499,583.07,-0.00471472
2003,422,1,65.79,115.339217,35.537019,717.63,-0.00480084
2003,422,2,131.58,115.339775,35.537308,358.81,-0.00488696
2003,423,0,0.00,115.338966,35.536499,448.52,-0.00185654
2003,423,1,72.88,115.339475,35.535991,269.11,-0.00191219
2003,423,2,145.76,115.339775,35.535421,284.06,-0.00196783
2003,424,0,0.00,115.337619,35.533804,254.16,0.00183616
2003,424,1,83.47,115.337619,35.533052,269.11,0.00173370
2003,424,2,166.94,115.337888,35.532378,269.11,0.00195822
2003,424,3,250.41,115.338114,35.531692,373.76,0.00237122
2003,424,4,333.88,115.338697,35.531109,463.47,0.00245724
2003,425,0,0.00,115.337619,35.533804,717.63,-0.00461383
2003,425,1,87.50,115.338271,35.534343,1719.31,-0.00451955
2003,425,2,175.00,115.339236,35.534343,732.58,-0.00442526
2003,426,0,0.00,115.339775,35.535421,328.91,-0.00000000
2003,426,1,95.49,115.340331,35.534865,269.11,0.00054250
2003,426,2,190.97,115.340998,35.534198,284.06,-0.00005567
2003,426,3,286.46,115.341763,35.533703,403.66,-0.00365827
2003,426,4,381.95,115.342200,35.532969,269.11,-0.00497031
2003,426,5,477.43,115.341931,35.532187,313.96,-0.00382042
2003,427,0,0.00,115.339775,35.535421,598.02,0.00000000
2003,427,1,68.52,115.339505,35.534882,328.91,0.00000000
2003,427,2,137.04,115.339236,35.534343,463.47,0.00000000
2003,428,0,0.00,115.338697,35.531109,1106.34,0.00208594
2003,428,1,72.51,115.339302,35.531445,732.58,0.00199595
2003,428,2,145.02,115.339808,35.531951,687.72,0.00095298
2003,428,3,217.54,115.340314,35.532457,687.72,-0.00000000
2003,429,0,0.00,115.338697,35.531109,612.97,-0.00251022
2003,429,1,73.76,115.338966,35.530523,328.91,0.00030156
2003,429,2,147.52,115.338966,35.529858,627.92,0.00476813
2003,429,3,221.28,115.339505,35.529492,373.76,0.00642294
2003,43,0,0.00,115.700628,35.779853,463.47,-0.00000000
2003,43,1,83.42,115.700359,35.779179,672.77,-0.00000000
2003,43,2,166.85,115.700089,35.778505,672.77,-0.00000000
2003,431,0,0.00,115.339236,35.534343,284.06,-0.00148280
2003,431,1,81.39,115.339804,35.533775,269.11,-0.00232844
2003,431,2,162.78,115.340163,35.533146,239.21,-0.00238268
2003,431,3,244.18,115.340314,35.532457,583.07,-0.00159126
2003,432,0,0.00,115.341931,35.532187,538.22,-0.00250130
2003,432,1,80.41,115.341044,35.532187,687.72,-0.00263666
2003,432,2,160.83,115.340314,35.532457,583.07,-0.00277203
2003,433,0,0.00,115.341931,35.532187,598.02,-0.00378597
2003,433,1,83.47,115.342200,35.531514,627.92,-0.00378597
2003,433,2,166.94,115.341931,35.530840,388.71,-0.00378597
2003,436,0,0.00,115.339505,35.529492,732.58,0.00314193
2003,436,1,64.16,115.339505,35.528914,328.91,0.00323589
2003,436,2,128.32,115.339775,35.528414,657.82,0.00332985
2003,437,0,0.00,115.339505,35.529492,747.53,-0.00003353
2003,437,1,96.95,115.340182,35.530169,598.02,-0.00230382
2003,437,2,193.91,115.340862,35.530840,343.86,-0.00454987
2003,437,3,290.86,115.341931,35.530840,538.22,-0.00452563
2003,439,0,0.00,115.341931,35.530840,343.86,-0.00284014
2003,439,1,98.42,115.342618,35.530153,642.87,-0.00319111
2003,439,2,196.84,115.342739,35.529301,358.81,-0.00206137
2003,439,3,295.26,115.342739,35.528414,762.48,-0.00058066
2003,44,0,0.00,115.700628,35.779853,642.87,-0.00064176
2003,44,1,84.22,115.701216,35.779264,612.97,-0.00141927
2003,44,2,168.44,115.701706,35.778647,478.42,-0.00188618
2003,44,3,252.67,115.701976,35.777966,538.22,-0.00157559
2003,440,0,0.00,115.339775,35.528414,1794.06,0.00159590
2003,440,1,88.48,115.340594,35.528684,1061.49,-0.00212640
2003,440,2,176.96,115.341306,35.529138,882.08,-0.00608572
2003,440,3,265.45,115.341924,35.528691,433.57,-0.00225640
2003,440,4,353.93,115.342739,35.528414,433.57,0.00180995
2003,441,0,0.00,115.339775,35.528414,657.82,-0.00163529
2003,441,1,90.95,115.340044,35.527673,373.76,-0.00109805
2003,441,2,181.89,115.340044,35.526854,343.86,0.00164848
2003,441,3,272.84,115.340218,35.526085,313.96,0.00327716
2003,441,4,363.78,115.340853,35.525450,313.96,0.00269656
2003,443,0,0.00,115.342739,35.528414,508.32,0.00238880
2003,443,1,84.99,115.343431,35.528298,702.67,-0.00076502
2003,443,2,169.99,115.344301,35.528414,523.27,-0.00361466
2003,443,3,254.98,115.344925,35.527875,433.57,-0.00111656
2003,443,4,339.97,115.345705,35.527604,612.97,-0.00159457
2003,443,5,424.96,115.346397,35.527182,523.27,-0.00352931
2003,443,6,509.96,115.346782,35.526528,478.42,-0.00279212
2003,444,0,0.00,115.340853,35.525450,553.17,0.00365957
2003,444,1,75.83,115.340853,35.524766,463.47,0.00596281
2003,444,2,151.67,115.341285,35.524209,373.76,0.00650671
2003,444,3,227.50,115.342012,35.524021,478.42,0.00237368
2003,444,4,303.34,115.342739,35.523833,657.82,-0.00000000
2003,445,0,0.00,115.340853,35.525450,747.53,-0.00348979
2003,445,1,92.23,115.341496,35.526094,1794.06,-0.00518899
2003,445,2,184.46,115.342418,35.526258,642.87,-0.00503860
2003,445,3,276.70,115.343278,35.525989,508.32,-0.00318901
2003,446,0,0.00,115.346782,35.526528,941.88,-0.01067363
2003,446,1,31.53,115.346562,35.526308,792.38,-0.01106844
2003,446,2,63.06,115.346243,35.526258,478.42,-0.01146326
2003,447,0,0.00,115.346782,35.526528,553.17,-0.00403219
2003,447,1,81.39,115.347321,35.525952,508.32,-0.00600232
2003,447,2,162.79,115.347321,35.525218,343.86,-0.00600232
2003,447,3,244.18,115.346782,35.524641,373.76,-0.00403219
2003,448,0,0.00,115.342739,35.523833,807.33,0.00448711
2003,448,1,71.94,115.342739,35.523185,792.38,0.00625629
2003,448,2,143.89,115.343180,35.522755,478.42,0.00535382
2003,448,3,215.83,115.343817,35.522486,762.48,0.00268218
2003,449,0,0.00,115.342739,35.523833,807.33,0.00000000
2003,449,1,57.93,115.343143,35.524237,1480.10,0.00000000
2003,449,2,115.86,115.343548,35.524641,1031.59,0.00000000
2003,45,0,0.00,115.694430,35.804916,478.42,0.00000000
2003,45,1,74.75,115.694430,35.805590,418.61,0.00000000
2003,45,2,149.51,115.694430,35.806263,388.71,0.00000000
2003,450,0,0.00,115.343278,35.525989,328.91,0.00204857
2003,450,1,79.11,115.343278,35.525276,508.32,0.00211237
2003,450,2,158.22,115.343548,35.524641,583.07,0.00217616
2003,451,0,0.00,115.343278,35.525989,971.78,-0.00913664
2003,451,1,71.94,115.343915,35.526258,732.58,-0.01199312
2003,451,2,143.89,115.344356,35.525829,388.71,-0.00966827
2003,451,3,215.83,115.344356,35.525180,612.97,-0.00448693
2003,452,0,0.00,115.346512,35.524911,747.53,-0.00000000
2003,452,1,19.31,115.346647,35.524776,792.38,-0.00000000
2003,452,2,38.62,115.346782,35.524641,762.48,-0.00000000
2003,453,0,0.00,115.347051,35.524372,717.63,-0.00000000
2003,453,1,19.31,115.346916,35.524507,732.58,-0.00000000
2003,453,2,38.62,115.346782,35.524641,762.48,-0.00000000
2003,454,0,0.00,115.346512,35.524911,493.37,0.00513965
2003,454,1,69.61,115.346235,35.525458,478.42,0.01066387
2003,454,2,139.22,115.345650,35.525666,583.07,0.01225171
2003,454,3,208.82,115.345165,35.525180,493.37,0.00831534
2003,455,0,0.00,115.347051,35.524372,463.47,-0.00197531
2003,455,1,74.85,115.347720,35.524102,568.12,-0.00425963
2003,455,2,149.70,115.348294,35.523669,448.52,-0.00556140
2003,455,3,224.55,115.348399,35.523025,373.76,-0.00457885
2003,456,0,0.00,115.346512,35.524911,568.12,-0.00425526
2003,456,1,63.06,115.346072,35.524812,493.37,-0.00361398
2003,456,2,126.13,115.345434,35.524911,627.92,-0.00297271
2003,457,0,0.00,115.347051,35.524372,388.71,0.00349322
2003,457,1,68.52,115.346782,35.523833,852.18,0.00566295
2003,457,2,137.04,115.346843,35.523233,373.76,0.00608572
2003,457,3,205.56,115.347321,35.522755,538.22,0.00433876
2003,458,0,0.00,115.343817,35.522486,598.02,0.00045348
2003,458,1,96.24,115.343817,35.521618,627.92,0.00088931
2003,458,2,192.48,115.343908,35.520777,433.57,0.00288020
2003,458,3,288.72,115.344163,35.519984,777.43,0.00378082
2003,458,4,384.96,115.344955,35.519521,642.87,0.00130206
2003,458,5,481.20,115.345704,35.518982,807.33,-0.00052225
2003,459,0,0.00,115.343817,35.522486,956.83,0.00884841
2003,459,1,43.75,115.344300,35.522486,1255.84,0.00903697
2003,459,2,87.51,115.344626,35.522755,1001.69,0.00922553
2003,46,0,0.00,115.699011,35.775271,553.17,0.00000000
2003,46,1,19.29,115.699146,35.775406,553.17,0.00000000
2003,46,2,38.57,115.699281,35.775541,553.17,0.00000000
2003,460,0,0.00,115.343548,35.524641,1001.69,0.00438912
2003,460,1,50.84,115.344001,35.524826,538.22,0.00417479
2003,460,2,101.68,115.344356,35.525180,478.42,0.00396046
2003,461,0,0.00,115.344356,35.525180,1016.64,0.00000000
2003,461,1,36.67,115.344760,35.525180,612.97,0.00000000
2003,461,2,73.33,115.345165,35.525180,792.38,0.00000000
2003,463,0,0.00,115.345434,35.524911,463.47,0.00000000
2003,463,1,19.31,115.345299,35.525046,448.52,0.00000000
2003,463,2,38.62,115.345165,35.525180,448.52,0.00000000
2003,465,0,0.00,115.345434,35.524911,373.76,-0.00000000
2003,465,1,88.45,115.345165,35.524192,941.88,-0.00000000
2003,465,2,176.91,115.344895,35.523474,598.02,0.00000000
2003,465,3,265.36,115.344626,35.522755,493.37,0.00000000
2003,467,0,0.00,115.348399,35.523025,777.43,0.00347140
2003,467,1,55.98,115.347810,35.522975,553.17,0.00357509
2003,467,2,111.95,115.347321,35.522755,612.97,0.00367878
2003,468,0,0.00,115.348399,35.523025,328.91,-0.00156249
2003,468,1,75.45,115.348716,35.522437,463.47,-0.00650804
2003,468,2,150.90,115.348841,35.521850,568.12,-0.00835883
2003,468,3,226.35,115.348117,35.521665,328.91,-0.00079401
2003,468,4,301.79,115.347590,35.521138,1240.89,0.00367606
2003,469,0,0.00,115.347051,35.522486,747.53,0.00000000
2003,469,1,19.31,115.347186,35.522620,433.57,0.00000000
2003,469,2,38.62,115.347321,35.522755,343.86,0.00000000
2003,47,0,0.00,115.699011,35.775271,418.61,0.00115868
2003,47,1,88.73,115.699011,35.774472,328.91,0.00080788
2003,47,2,177.47,115.699206,35.773729,299.01,0.00132520
2003,47,3,266.20,115.699281,35.772950,478.42,0.00256738
2003,47,4,354.93,115.699820,35.772307,388.71,0.00294145
2003,471,0,0.00,115.347051,35.522486,598.02,0.00000000
2003,471,1,59.80,115.347051,35.521947,433.57,0.00000000
2003,471,2,119.60,115.347051,35.521408,403.66,0.00000000
2003,472,0,0.00,115.347051,35.522486,538.22,-0.00071384
2003,472,1,96.96,115.346138,35.522216,1240.89,-0.00390678
2003,472,2,193.92,115.345302,35.522078,463.47,-0.00599654
2003,472,3,290.88,115.344626,35.522755,717.63,-0.00489337
2003,473,0,0.00,115.345704,35.518982,1210.99,-0.00295942
2003,473,1,80.67,115.346267,35.519545,1151.19,-0.00159976
2003,473,2,161.33,115.347013,35.519791,672.77,0.00127293
2003,473,3,242.00,115.347590,35.520330,612.97,0.00278596
2003,474,0,0.00,115.345704,35.518982,747.53,-0.00000000
2003,474,1,91.35,115.345973,35.518237,687.72,-0.00081032
2003,474,2,182.70,115.346243,35.517493,403.66,-0.00059674
2003,474,3,274.05,115.346243,35.516669,463.47,0.00272378
2003,474,4,365.41,115.346584,35.515946,433.57,0.00400963
2003,474,5,456.76,115.347321,35.515479,493.37,0.00299884
2003,476,0,0.00,115.347590,35.521138,508.32,0.00000000
2003,476,1,44.85,115.347590,35.520734,792.38,0.00000000
2003,476,2,89.70,115.347590,35.520330,822.28,0.00000000
2003,477,0,0.00,115.347590,35.521138,598.02,0.01067312
2003,477,1,31.53,115.347370,35.521358,717.63,0.01106786
2003,477,2,63.07,115.347051,35.521408,867.13,0.01146260
2003,479,0,0.00,115.347051,35.521408,627.92,-0.00000000
2003,479,1,19.31,115.346916,35.521273,642.87,-0.00000000
2003,479,2,38.62,115.346782,35.521138,717.63,-0.00000000
2003,48,0,0.00,115.699281,35.775541,1360.50,0.00353815
2003,48,1,68.02,115.700033,35.775541,1569.81,0.00372797
2003,48,2,136.04,115.700628,35.775810,717.63,0.00391778
2003,481,0,0.00,115.347590,35.520330,897.03,0.00000000
2003,481,1,63.07,115.348129,35.520060,911.98,0.00000000
2003,481,2,126.13,115.348668,35.519791,926.93,0.00000000
2003,482,0,0.00,115.347321,35.515479,493.37,0.00369243
2003,482,1,53.57,115.347486,35.515044,508.32,0.00358529
2003,482,2,107.14,115.347860,35.514670,508.32,0.00347816
2003,483,0,0.00,115.347321,35.515479,971.78,-0.00000000
2003,483,1,85.72,115.347919,35.516077,926.93,0.00000000
2003,483,2,171.43,115.348517,35.516675,1106.34,0.00167864
2003,483,3,257.15,115.349115,35.517273,598.02,0.00281631
2003,483,4,342.86,115.349207,35.518019,657.82,0.00052592
2003,483,5,428.58,115.349477,35.518713,807.33,-0.00122349
2003,484,0,0.00,115.348668,35.519791,837.23,0.00000000
2003,484,1,63.07,115.349207,35.520060,388.71,0.00000000
2003,484,2,126.13,115.349746,35.520330,403.66,0.00000000
2003,485,0,0.00,115.348668,35.519791,762.48,-0.00185655
2003,485,1,72.88,115.349177,35.519282,717.63,-0.00191221
2003,485,2,145.76,115.349477,35.518713,642.87,-0.00196787
2003,486,0,0.00,115.347860,35.514670,448.52,0.00161151
2003,486,1,89.00,115.347860,35.513868,433.57,0.00252794
2003,486,2,178.00,115.348129,35.513144,388.71,0.00154830
2003,486,3,267.00,115.348668,35.512499,373.76,-0.00058166
2003,486,4,356.01,115.348883,35.511760,433.57,0.00149641
2003,486,5,445.01,115.349296,35.511078,433.57,0.00320881
2003,486,6,534.01,115.350016,35.510628,463.47,0.00260925
2003,487,0,0.00,115.347860,35.514670,956.83,0.00000000
2003,487,1,72.52,115.348366,35.515176,926.93,-0.00095291
2003,487,2,145.04,115.348872,35.515682,1031.59,-0.00199579
2003,487,3,217.56,115.349477,35.516018,642.87,-0.00208575
2003,489,0,0.00,115.349477,35.518713,403.66,0.00000000
2003,489,1,77.24,115.350016,35.518174,433.57,0.00000000
2003,489,2,154.49,115.350555,35.517635,478.42,0.00000000
2003,489,3,231.73,115.351094,35.517096,523.27,0.00000000
2003,49,0,0.00,115.699281,35.775541,463.47,-0.00113207
2003,49,1,95.24,115.699737,35.776267,538.22,-0.00318851
2003,49,2,190.47,115.700402,35.776932,837.23,-0.00556383
2003,49,3,285.71,115.701167,35.776888,538.22,-0.00588270
2003,490,0,0.00,115.350016,35.510628,433.57,0.00142180
2003,490,1,91.17,115.350026,35.509809,478.42,0.00305636
2003,490,2,182.35,115.350285,35.509063,418.61,0.00221584
2003,490,3,273.52,115.350980,35.508586,418.61,-0.00120159
2003,490,4,364.70,115.351199,35.507828,448.52,-0.00043364
2003,490,5,455.87,115.351626,35.507131,388.71,-0.00031095
2003,490,6,547.04,115.352054,35.506434,358.81,-0.00063833
2003,490,7,638.22,115.352172,35.505646,328.91,-0.00001925
2003,490,8,729.39,115.352700,35.504979,313.96,-0.00185477
2003,490,9,820.57,115.352711,35.504160,299.01,-0.00304915
2003,491,0,0.00,115.350016,35.510628,926.93,-0.00000000
2003,491,1,80.67,115.350578,35.511191,956.83,-0.00159968
2003,491,2,161.34,115.351141,35.511754,1031.59,-0.00336542
2003,491,3,242.01,115.351902,35.511975,194.36,-0.00353149
2003,492,0,0.00,115.351094,35.517096,508.32,0.00212244
2003,492,1,98.42,115.351154,35.516226,493.37,0.00161100
2003,492,2,196.85,115.351633,35.515479,463.47,-0.00000000
2003,492,3,295.27,115.351902,35.514670,403.66,-0.00109957
2003,493,0,0.00,115.351094,35.517096,433.57,0.00000000
2003,493,1,24.45,115.351363,35.517096,373.76,0.00000000
2003,493,2,48.89,115.351633,35.517096,343.86,0.00000000
2003,494,0,0.00,115.352711,35.504160,388.71,-0.00490201
2003,494,1,84.64,115.353250,35.503696,299.01,-0.00448849
2003,494,2,169.28,115.353250,35.502933,134.55,-0.00047145
2003,494,3,253.93,115.353250,35.502170,224.26,0.00184054
2003,494,4,338.57,115.353711,35.501542,254.16,-0.00221556
2003,494,5,423.21,115.353789,35.500802,328.91,-0.00368107
2003,494,6,507.85,115.353519,35.500117,343.86,-0.00238200
2003,495,0,0.00,115.352711,35.504160,523.27,0.00004171
2003,495,1,97.18,115.352032,35.503482,403.66,0.00106157
2003,495,2,194.36,115.351363,35.502801,254.16,0.00211834
2003,495,3,291.55,115.351094,35.502004,239.21,0.00215525
2003,496,0,0.00,115.353519,35.500117,418.61,-0.00000000
2003,496,1,96.19,115.352749,35.499617,343.86,-0.00123145
2003,496,2,192.38,115.351979,35.499116,343.86,-0.00123145
2003,496,3,288.57,115.351011,35.498957,343.86,0.00121230
2003,496,4,384.77,115.350241,35.498457,343.86,0.00123145
2003,496,5,480.96,115.349468,35.497962,328.91,0.00003826
2003,496,6,577.15,115.348701,35.497455,328.91,-0.00000000
2003,496,7,673.34,115.347931,35.496955,299.01,-0.00125056
2003,496,8,769.53,115.347161,35.496454,313.96,-0.00127178
2003,496,9,865.72,115.346193,35.496295,269.11,0.00123145
2003,496,10,961.92,115.345417,35.495806,239.21,0.00070403
2003,496,11,1058.11,115.344653,35.495294,194.36,-0.00058765
2003,496,12,1154.30,115.343784,35.494964,194.36,0.00056776
2003,496,13,1250.49,115.343017,35.494458,179.41,-0.00003983
2003,496,14,1346.68,115.342244,35.493963,134.55,-0.00060756
2003,496,15,1442.87,115.341375,35.493633,134.55,0.00083584
2003,496,16,1539.07,115.340605,35.493133,104.65,-0.00000000
2003,496,17,1635.26,115.339870,35.492572,149.51,-0.00188214
2003,496,18,1731.45,115.338966,35.492302,209.31,-0.00213244
2003,497,0,0.00,115.353519,35.500117,717.63,-0.00043571
2003,497,1,79.38,115.354172,35.499734,433.57,0.00182440
2003,497,2,158.75,115.354800,35.499309,224.26,0.00414017
2003,497,3,238.13,115.355675,35.499309,,0.00419582
2003,498,0,0.00,115.338966,35.492302,538.22,0.00154784
2003,498,1,92.98,115.338697,35.493062,687.72,0.00541459
2003,498,2,185.96,115.338218,35.493650,239.21,0.00810415
2003,498,3,278.94,115.337349,35.493380,179.41,0.00692695
2003,499,0,0.00,115.338966,35.492302,179.41,-0.00238409
2003,499,1,84.11,115.338352,35.491763,179.41,-0.00247490
2003,499,2,168.21,115.337581,35.491494,179.41,-0.00128285
2003,499,3,252.32,115.336810,35.491224,239.21,-0.00000000
2003,5,0,0.00,115.696047,35.793597,1270.79,-0.01149817
2003,5,1,31.47,115.695728,35.793647,971.78,-0.01109945
2003,5,2,62.93,115.695508,35.793867,762.48,-0.01070074
2003,500,0,0.00,115.336810,35.491224,1300.70,0.00216254
2003,500,1,69.62,115.336533,35.491771,1031.59,0.00637081
2003,500,2,139.24,115.336048,35.492256,269.11,0.01052209
2003,500,3,208.86,115.335463,35.492033,179.41,0.01046511
2003,501,0,0.00,115.336810,35.491224,209.31,-0.00133773
2003,501,1,95.69,115.336044,35.490727,194.36,-0.00248388
2003,501,2,191.37,115.335170,35.490416,209.31,-0.00283396
2003,501,3,287.06,115.334115,35.490416,209.31,-0.00203788
2003,502,0,0.00,115.334115,35.490416,224.26,-0.00295981
2003,502,1,92.58,115.333581,35.489877,209.31,-0.00323761
2003,502,2,185.16,115.332717,35.489607,209.31,-0.00162091
2003,502,3,277.75,115.331793,35.489441,209.31,0.00068075
2003,502,4,370.33,115.330949,35.489136,224.26,-0.00012601
2003,502,5,462.91,115.330106,35.488831,239.21,-0.00119017
2003,502,6,555.49,115.329163,35.488697,224.26,-0.00000511
2003,502,7,648.08,115.328240,35.488529,269.11,0.00091194
2003,502,8,740.66,115.327376,35.488260,299.01,-0.00063576
2003,502,9,833.24,115.326512,35.487990,299.01,-0.00196751
2003,502,10,925.82,115.325492,35.487990,418.61,-0.00186983
2003,503,0,0.00,115.334115,35.490416,1794.06,-0.00526928
2003,503,1,85.12,115.333730,35.491070,433.57,-0.00639369
2003,503,2,170.23,115.334115,35.491494,179.41,-0.00751809
2003,504,0,0.00,115.325492,35.487990,941.88,0.00000000
2003,504,1,72.68,115.325492,35.488645,882.08,-0.00121851
2003,504,2,145.35,115.325492,35.489300,508.32,-0.00251282
2003,504,3,218.03,115.325761,35.489877,403.66,-0.00258862
2003,505,0,0.00,115.325492,35.487990,358.81,-0.00424746
2003,505,1,89.25,115.324820,35.487451,328.91,-0.00319672
2003,505,2,178.50,115.323851,35.487427,328.91,-0.00020310
2003,505,3,267.75,115.323030,35.487146,313.96,0.00081927
2003,505,4,357.00,115.322182,35.486912,343.86,-0.00101348
2003,505,5,446.26,115.321355,35.486643,328.91,-0.00197118
2003,505,6,535.51,115.320371,35.486643,299.01,-0.00201660
2003,506,0,0.00,115.320371,35.486643,1151.19,0.00000000
2003,506,1,89.70,115.320371,35.487451,1061.49,0.00000000
2003,506,2,179.40,115.320371,35.488260,777.43,0.00000000
2003,507,0,0.00,115.320371,35.486643,343.86,-0.00442094
2003,507,1,87.54,115.319563,35.486373,299.01,-0.00442094
2003,507,2,175.08,115.318754,35.486643,343.86,-0.00442094
2003,508,0,0.00,115.320371,35.488260,343.86,0.00442112
2003,508,1,87.54,115.319563,35.488529,313.96,0.00442112
2003,508,2,175.07,115.318754,35.488260,328.91,0.00442112
2003,509,0,0.00,115.320371,35.488260,463.47,-0.00921929
2003,509,1,43.77,115.320697,35.488529,328.91,-0.00903077
2003,509,2,87.54,115.321180,35.488529,343.86,-0.00884225
2003,51,0,0.00,115.700089,35.778505,702.67,0.00196869
2003,51,1,94.41,115.700819,35.777966,478.42,0.00200905
2003,51,2,188.82,115.701706,35.777697,687.72,0.00204941
2003,510,0,0.00,115.318754,35.486643,1151.19,0.00000000
2003,510,1,89.70,115.318754,35.487451,1001.69,0.00000000
2003,510,2,179.40,115.318754,35.488260,627.92,0.00000000
2003,511,0,0.00,115.318754,35.486643,313.96,-0.00578632
2003,511,1,56.00,115.318293,35.486373,299.01,-0.00554194
2003,511,2,111.99,115.317676,35.486373,358.81,-0.00529756
2003,512,0,0.00,115.318754,35.488260,388.71,0.00529777
2003,512,1,56.00,115.318137,35.488260,313.96,0.00554216
2003,512,2,111.99,115.317676,35.487990,313.96,0.00578655
2003,513,0,0.00,115.317676,35.486373,1166.14,0.00000000
2003,513,1,89.70,115.317676,35.487182,1001.69,0.00000000
2003,513,2,179.40,115.317676,35.487990,627.92,0.00000000
2003,514,0,0.00,115.317676,35.486373,373.76,-0.00921887
2003,514,1,43.77,115.317350,35.486104,343.86,-0.00903035
2003,514,2,87.54,115.316868,35.486104,388.71,-0.00884184
2003,516,0,0.00,115.317676,35.487990,358.81,0.00000000
2003,516,1,36.68,115.317272,35.487990,254.16,0.00000000
2003,516,2,73.36,115.316868,35.487990,388.71,0.00000000
2003,517,0,0.00,115.316868,35.486104,1181.09,0.00000000
2003,517,1,69.77,115.316868,35.486733,1121.29,0.00000000
2003,517,2,139.53,115.316868,35.487361,822.28,0.00000000
2003,517,3,209.30,115.316868,35.487990,553.17,0.00000000
2003,518,0,0.00,115.316868,35.486104,269.11,-0.00180224
2003,518,1,98.79,115.315935,35.485834,239.21,-0.00090112
2003,518,2,197.59,115.314847,35.485834,209.31,0.00000000
2003,518,3,296.38,115.313914,35.485565,209.31,-0.00081785
2003,518,4,395.18,115.312825,35.485565,328.91,-0.00163571
2003,52,0,0.00,115.701976,35.777966,553.17,0.00000000
2003,52,1,19.29,115.701841,35.777832,882.08,0.00000000
2003,52,2,38.57,115.701706,35.777697,867.13,0.00000000
2003,520,0,0.00,115.316868,35.487990,403.66,0.00571491
2003,520,1,75.31,115.316342,35.488516,254.16,0.00574347
2003,520,2,150.62,115.315520,35.488529,194.36,0.00577203
2003,521,0,0.00,115.312825,35.485565,1076.44,-0.00144029
2003,521,1,94.06,115.312825,35.486413,822.28,-0.00148351
2003,521,2,188.13,115.313095,35.487182,642.87,-0.00152673
2003,522,0,0.00,115.312825,35.485565,179.41,-0.00312411
2003,522,1,90.26,115.312097,35.485106,164.46,-0.00233626
2003,522,2,180.51,115.311148,35.485026,224.26,-0.00039087
2003,522,3,270.77,115.310310,35.484756,164.46,0.00046102
2003,522,4,361.03,115.309417,35.484582,179.41,0.00054851
2003,522,5,451.28,115.308589,35.484293,179.41,-0.00047732
2003,522,6,541.54,115.307762,35.484005,164.46,-0.00102350
2003,522,7,631.80,115.306800,35.483948,179.41,-0.00010179
2003,522,8,722.05,115.305962,35.483678,239.21,-0.00120847
2003,522,9,812.31,115.305280,35.483678,239.21,-0.00236409
2003,523,0,0.00,115.315520,35.488529,149.51,0.00369267
2003,523,1,53.58,115.315685,35.488095,418.61,0.00358547
2003,523,2,107.15,115.316059,35.487721,403.66,0.00347827
2003,524,0,0.00,115.315520,35.488529,403.66,0.00571494
2003,524,1,75.31,115.314995,35.489055,209.31,0.00574351
2003,524,2,150.62,115.314173,35.489068,194.36,0.00577207
2003,525,0,0.00,115.315520,35.488529,403.66,-0.00337879
2003,525,1,96.99,115.314844,35.487853,224.26,-0.00230293
2003,525,2,193.97,115.313870,35.487688,209.31,0.00059720
2003,525,3,290.96,115.313095,35.487182,209.31,0.00242148
2003,526,0,0.00,115.313095,35.487182,224.26,-0.00000000
2003,526,1,63.08,115.312556,35.487451,224.26,-0.00000000
2003,526,2,126.16,115.312017,35.487721,239.21,-0.00000000
2003,528,0,0.00,115.305280,35.483678,478.42,0.00000000
2003,528,1,44.85,115.305280,35.484083,553.17,0.00000000
2003,528,2,89.70,115.305280,35.484487,598.02,0.00000000
2003,529,0,0.00,115.305280,35.483678,269.11,0.00115128
2003,529,1,92.21,115.304636,35.483035,194.36,0.00118222
2003,529,2,184.41,115.304202,35.482331,224.26,0.00121315
2003,53,0,0.00,115.701706,35.777697,598.02,-0.00369006
2003,53,1,53.52,115.701541,35.777262,732.58,-0.00358353
2003,53,2,107.05,115.701167,35.776888,867.13,-0.00347699
2003,530,0,0.00,115.312017,35.487721,313.96,0.00000000
2003,530,1,14.95,115.312017,35.487855,313.96,0.00000000
2003,530,2,29.90,115.312017,35.487990,209.31,0.00000000
2003,531,0,0.00,115.312017,35.487721,269.11,-0.00367369
2003,531,1,87.74,115.311405,35.487109,164.46,-0.00869300
2003,531,2,175.48,115.310595,35.486987,358.81,-0.01094033
2003,531,3,263.22,115.310400,35.487721,134.55,-0.00816837
2003,532,0,0.00,115.312017,35.487990,164.46,0.00296438
2003,532,1,94.62,115.311258,35.488040,164.46,0.00267423
2003,532,2,189.25,115.310400,35.487721,179.41,0.00238409
2003,533,0,0.00,115.312017,35.487990,269.11,-0.00533490
2003,533,1,63.08,115.312457,35.488430,194.36,-0.00553203
2003,533,2,126.16,115.313095,35.488529,194.36,-0.00572916
2003,534,0,0.00,115.304202,35.482331,299.01,0.00884113
2003,534,1,43.77,115.303719,35.482331,239.21,0.00902965
2003,534,2,87.54,115.303393,35.482061,179.41,0.00921816
2003,535,0,0.00,115.304202,35.482331,1121.29,-0.00867868
2003,535,1,34.26,115.304441,35.482092,986.73,-0.00879554
2003,535,2,68.53,115.304471,35.481792,523.27,-0.00891240
2003,536,0,0.00,115.310400,35.487721,179.41,0.00000000
2003,536,1,48.91,115.309861,35.487721,164.46,0.00000000
2003,536,2,97.82,115.309322,35.487721,194.36,0.00000000
2003,537,0,0.00,115.303393,35.482061,343.86,-0.00196813
2003,537,1,77.75,115.303393,35.481361,284.06,-0.00761260
2003,537,2,155.51,115.303143,35.480733,179.41,-0.01660139
2003,537,3,233.26,115.302585,35.481091,1001.69,-0.01258956
2003,537,4,311.02,115.302585,35.481792,448.52,-0.00523341
2003,538,0,0.00,115.303393,35.482061,239.21,0.00884108
2003,538,1,43.77,115.302911,35.482061,239.21,0.00902960
2003,538,2,87.54,115.302585,35.481792,224.26,0.00921811
2003,539,0,0.00,115.304471,35.481792,328.91,0.00000000
2003,539,1,36.68,115.304875,35.481792,358.81,0.00000000
2003,539,2,73.37,115.305280,35.481792,254.16,0.00000000
2003,540,0,0.00,115.304471,35.481792,269.11,0.00000000
2003,540,1,53.58,115.304202,35.481388,194.36,0.00000000
2003,540,2,107.16,115.303932,35.480983,239.21,0.00000000
2003,541,0,0.00,115.302585,35.481792,179.41,0.00191120
2003,541,1,97.73,115.301664,35.481522,164.46,0.00188110
2003,541,2,195.46,115.300899,35.480983,179.41,0.00030323
2003,541,3,293.19,115.300135,35.480444,239.21,-0.00092550
2003,541,4,390.92,115.299264,35.480088,254.16,-0.00015108
2003,541,5,488.65,115.298449,35.479636,239.21,0.00035682
2003,541,6,586.38,115.297604,35.479237,209.31,0.00033550
2003,541,7,684.12,115.296823,35.478725,224.26,0.00038304
2003,541,8,781.85,115.296000,35.478288,239.21,0.00043785
2003,541,9,879.58,115.295262,35.477703,209.31,0.00000000
2003,541,10,977.31,115.294471,35.477210,239.21,0.00042996
2003,541,11,1075.04,115.293701,35.476681,269.11,0.00105534
2003,541,12,1172.77,115.293019,35.475999,284.06,-0.00005807
2003,541,13,1270.50,115.292333,35.475324,284.06,-0.00047638
2003,541,14,1368.23,115.291556,35.474806,328.91,0.00051759
2003,541,15,1465.96,115.290874,35.474124,328.91,0.00008102
2003,541,16,1563.69,115.290193,35.473442,358.81,0.00000000
2003,541,17,1661.42,115.289431,35.472899,373.76,0.00083297
2003,541,18,1759.15,115.288939,35.472188,373.76,-0.00000000
2003,541,19,1856.88,115.288257,35.471507,358.81,-0.00054387
2003,541,20,1954.61,115.287575,35.470825,403.66,-0.00000000
2003,541,21,2052.35,115.286954,35.470267,388.71,0.00024392
2003,541,22,2150.08,115.286321,35.469571,388.71,0.00000000
2003,541,23,2247.81,115.285639,35.468889,418.61,-0.00011789
2003,541,24,2345.54,115.285067,35.468317,418.61,-0.00000000
2003,542,0,0.00,115.285067,35.468317,478.42,-0.00470336
2003,542,1,83.03,115.284905,35.467616,388.71,-0.00533797
2003,542,2,166.05,115.284209,35.467239,388.71,-0.00351547
2003,542,3,249.08,115.283450,35.466970,478.42,-0.00105836
2003,543,0,0.00,115.285067,35.468317,1300.70,0.00113143
2003,543,1,93.57,115.284415,35.468970,1270.79,0.00295086
2003,543,2,187.14,115.283663,35.469452,837.23,0.00465709
2003,543,3,280.71,115.282911,35.469395,493.37,0.00454391
2003,544,0,0.00,115.283450,35.466970,418.61,-0.00208130
2003,544,1,96.50,115.283194,35.466175,358.81,-0.00164512
2003,544,2,193.00,115.282631,35.465611,313.96,-0.00010011
2003,544,3,289.50,115.282166,35.464877,284.06,0.00050436
2003,544,4,386.00,115.281702,35.464143,328.91,-0.00055241
2003,544,5,482.50,115.281237,35.463409,313.96,-0.00055241
2003,544,6,579.00,115.280564,35.462736,313.96,0.00000000
2003,544,7,675.50,115.280099,35.462002,299.01,0.00046706
2003,544,8,772.00,115.279426,35.461328,269.11,0.00112122
2003,544,9,868.50,115.279139,35.460543,239.21,-0.00038461
2003,544,10,965.00,115.278706,35.459799,269.11,-0.00112122
2003,544,11,1061.50,115.278032,35.459126,269.11,0.00046995
2003,544,12,1158.00,115.277568,35.458392,224.26,0.00003497
2003,544,13,1254.50,115.277103,35.457658,239.21,-0.00000000
2003,544,14,1351.00,115.276444,35.456981,269.11,0.00158458
2003,544,15,1447.50,115.276174,35.456190,299.01,0.00213429
2003,545,0,0.00,115.283450,35.466970,1285.75,0.00261253
2003,545,1,75.97,115.282920,35.467500,1300.70,0.00577207
2003,545,2,151.94,115.282245,35.467778,747.53,0.00748518
2003,545,3,227.91,115.281564,35.467509,343.86,0.00603875
2003,546,0,0.00,115.276174,35.456190,269.11,0.00000000
2003,546,1,67.82,115.275701,35.455717,269.11,-0.00229492
2003,546,2,135.64,115.275228,35.455244,299.01,-0.00478760
2003,546,3,203.46,115.274557,35.455112,373.76,-0.00498535
2003,547,0,0.00,115.276174,35.456190,1285.75,0.00203926
2003,547,1,70.18,115.276664,35.455700,1091.39,0.00213728
2003,547,2,140.36,115.277252,35.455381,284.06,0.00223529
2003,548,0,0.00,115.274557,35.455112,313.96,-0.00411843
2003,548,1,71.44,115.274476,35.454492,284.06,-0.00405208
2003,548,2,142.89,115.273978,35.453993,254.16,-0.00199287
2003,548,3,214.33,115.273479,35.453495,299.01,-0.00000000
2003,549,0,0.00,115.274557,35.455112,1375.45,0.00000000
2003,549,1,57.95,115.274153,35.455516,807.33,0.00000000
2003,549,2,115.90,115.273749,35.455920,837.23,0.00000000
2003,55,0,0.00,115.701976,35.777966,553.17,0.00000000
2003,55,1,19.29,115.702110,35.778101,538.22,0.00000000
2003,55,2,38.57,115.702245,35.778236,538.22,0.00000000
2003,550,0,0.00,115.273479,35.453495,1270.79,0.00000000
2003,550,1,77.27,115.272940,35.454034,1659.51,0.00000000
2003,550,2,154.53,115.272401,35.454573,807.33,0.00000000
2003,551,0,0.00,115.273479,35.453495,269.11,-0.00111958
2003,551,1,95.88,115.273019,35.452765,313.96,-0.00055979
2003,551,2,191.77,115.272350,35.452096,343.86,0.00000000
2003,551,3,287.65,115.271890,35.451367,358.81,-0.00107007
2003,551,4,383.54,115.271221,35.450698,388.71,-0.00165043
2003,551,5,479.42,115.270453,35.450199,463.47,0.00053823
2003,551,6,575.31,115.269686,35.449701,463.47,0.00053008
2003,551,7,671.19,115.269225,35.448972,478.42,-0.00235852
2003,551,8,767.08,115.268359,35.448644,508.32,-0.00354003
2003,552,0,0.00,115.268359,35.448644,523.27,-0.00277264
2003,552,1,95.91,115.268089,35.447858,403.66,-0.00383825
2003,552,2,191.83,115.267373,35.447297,403.66,-0.00354797
2003,552,3,287.74,115.266472,35.447027,538.22,-0.00219206
2003,553,0,0.00,115.268359,35.448644,1794.06,0.00217674
2003,553,1,88.92,115.267691,35.449183,1330.60,0.00409273
2003,553,2,177.85,115.266868,35.449452,747.53,0.00839690
2003,553,3,266.77,115.266004,35.449253,388.71,0.00891414
2003,553,4,355.69,115.265933,35.448473,627.92,0.00539152
2003,553,5,444.62,115.265933,35.447671,956.83,0.00358106
2003,553,6,533.54,115.266472,35.447027,1734.26,0.00342230
2003,554,0,0.00,115.266472,35.447027,478.42,-0.00125756
2003,554,1,88.86,115.265852,35.446407,493.37,-0.00202714
2003,554,2,177.72,115.265134,35.445958,508.32,-0.00213124
2003,554,3,266.58,115.264316,35.445680,508.32,-0.00146578
2003,555,0,0.00,115.264316,35.445680,598.02,-0.00459057
2003,555,1,75.48,115.264207,35.445031,508.32,-0.00451279
2003,555,2,150.96,115.263624,35.444602,493.37,-0.00262400
2003,555,3,226.43,115.263055,35.444149,493.37,-0.00095922
2003,555,4,301.91,115.262430,35.443793,448.52,-0.00110545
2003,556,0,0.00,115.264316,35.445680,1794.06,0.00000000
2003,556,1,38.64,115.264047,35.445949,1794.06,0.00000000
2003,556,2,77.27,115.263777,35.446219,867.13,0.00000000
2003,557,0,0.00,115.262430,35.443793,1794.06,0.00132725
2003,557,1,90.67,115.261797,35.444426,1151.19,0.00413557
2003,557,2,181.34,115.261057,35.444871,568.12,0.00778302
2003,557,3,272.01,115.260214,35.444602,403.66,0.00743462
2003,557,4,362.68,115.259713,35.444041,478.42,0.00693254
2003,557,5,453.36,115.259641,35.443348,1046.54,0.00575393
2003,557,6,544.03,115.260274,35.442715,1794.06,0.00388985
2003,558,0,0.00,115.262430,35.443793,433.57,-0.00196806
2003,558,1,72.90,115.262130,35.443224,433.57,-0.00191233
2003,558,2,145.81,115.261621,35.442715,418.61,-0.00185659
2003,559,0,0.00,115.260274,35.442715,358.81,0.00000000
2003,559,1,61.17,115.260948,35.442715,508.32,0.00000000
2003,559,2,122.34,115.261621,35.442715,627.92,0.00000000
2003,56,0,0.00,115.694430,35.806263,418.61,-0.00137841
2003,56,1,98.63,115.694160,35.807074,343.86,-0.00068921
2003,56,2,197.26,115.694160,35.807963,269.11,0.00000000
2003,56,3,295.89,115.693891,35.808774,209.31,-0.00110707
2003,56,4,394.52,115.693891,35.809663,149.51,-0.00199136
2003,56,5,493.15,115.694081,35.810496,194.36,-0.00143971
2003,56,6,591.78,115.694430,35.811284,194.36,-0.00035417
2003,56,7,690.41,115.694833,35.812057,209.31,0.00090112
2003,56,8,789.04,115.695104,35.812867,209.31,0.00070454
2003,56,9,887.67,115.695238,35.813717,254.16,-0.00034571
2003,56,10,986.30,115.695508,35.814528,239.21,-0.00035038
2003,56,11,1084.94,115.695777,35.815339,239.21,0.00000000
2003,56,12,1183.57,115.696047,35.816149,269.11,0.00068921
2003,56,13,1282.20,115.696316,35.816960,269.11,0.00068921
2003,56,14,1380.83,115.696316,35.817849,284.06,-0.00068921
2003,56,15,1479.46,115.696586,35.818660,299.01,-0.00137841
2003,560,0,0.00,115.260274,35.442715,463.47,-0.00000000
2003,560,1,91.38,115.259845,35.442017,448.52,0.00063578
2003,560,2,182.76,115.259416,35.441318,343.86,0.00127253
2003,560,3,274.14,115.259196,35.440559,463.47,0.00127350
2003,561,0,0.00,115.261621,35.442715,672.77,0.00000000
2003,561,1,94.40,115.261621,35.441864,642.87,-0.00207266
2003,561,2,188.81,115.261621,35.441013,403.66,-0.00644168
2003,561,3,283.21,115.260963,35.440559,299.01,-0.00624685
2003,561,4,377.62,115.259953,35.440508,463.47,-0.00231417
2003,561,5,472.02,115.259196,35.440559,448.52,-0.00087268
2003,562,0,0.00,115.259196,35.440559,777.43,0.00513328
2003,562,1,81.46,115.258455,35.440829,418.61,0.00535166
2003,562,2,162.91,115.257714,35.440559,343.86,0.00256664
2003,562,3,244.37,115.256997,35.440247,313.96,-0.00065346
2003,562,4,325.83,115.256231,35.440020,328.91,-0.00087016
2003,563,0,0.00,115.256231,35.440020,358.81,-0.00438304
2003,563,1,76.51,115.255874,35.439481,313.96,-0.00563120
2003,563,2,153.01,115.255175,35.439233,328.91,-0.00461804
2003,563,3,229.52,115.254345,35.439212,358.81,-0.00235673
2003,564,0,0.00,115.256231,35.440020,1794.06,-0.00000000
2003,564,1,77.27,115.255692,35.440559,1794.06,-0.00000000
2003,564,2,154.54,115.255154,35.441098,717.63,-0.00000000
2003,565,0,0.00,115.254345,35.439212,627.92,0.00205054
2003,565,1,79.12,115.254345,35.439925,792.38,0.00211451
2003,565,2,158.24,115.254076,35.440559,792.38,0.00217847
2003,566,0,0.00,115.254345,35.439212,313.96,-0.00921026
2003,566,1,43.79,115.254019,35.438942,299.01,-0.00902180
2003,566,2,87.58,115.253537,35.438942,358.81,-0.00883334
2003,567,0,0.00,115.254076,35.440559,343.86,0.00693190
2003,567,1,70.87,115.253537,35.440220,358.81,0.00645468
2003,567,2,141.74,115.253537,35.439581,612.97,0.00298873
2003,567,3,212.61,115.253537,35.438942,672.77,0.00000000
2003,568,0,0.00,115.254076,35.440559,373.76,-0.00000000
2003,568,1,19.32,115.254210,35.440694,313.96,-0.00000000
2003,568,2,38.64,115.254345,35.440829,299.01,-0.00000000
2003,57,0,0.00,115.694430,35.806263,493.37,-0.00000000
2003,57,1,95.22,115.695095,35.806929,478.42,-0.00000000
2003,57,2,190.44,115.695760,35.807594,388.71,-0.00000000
2003,57,3,285.66,115.696316,35.808150,239.21,-0.00000000
2003,570,0,0.00,115.253537,35.438942,373.76,-0.00237059
2003,570,1,93.24,115.252886,35.438292,299.01,-0.00219027
2003,570,2,186.49,115.252038,35.437983,299.01,-0.00064878
2003,570,3,279.73,115.251236,35.437595,299.01,-0.00061660
2003,570,4,372.97,115.250441,35.437194,299.01,-0.00196390
2003,570,5,466.22,115.249494,35.437056,358.81,-0.00198221
2003,571,0,0.00,115.249494,35.437056,313.96,-0.00000000
2003,571,1,94.13,115.248947,35.436509,373.76,-0.00179848
2003,571,2,188.25,115.248291,35.435852,343.86,-0.00179848
2003,571,3,282.38,115.247338,35.435708,328.91,0.00123946
2003,571,4,376.51,115.246681,35.435051,358.81,0.00059382
2003,571,5,470.64,115.245926,35.434566,403.66,-0.00060337
2003,571,6,564.76,115.245164,35.434091,403.66,0.00008439
2003,571,7,658.89,115.244415,35.433594,418.61,0.00052503
2003,571,8,753.02,115.243660,35.433108,403.66,0.00013150
2003,571,9,847.15,115.242990,35.432474,418.61,0.00011018
2003,571,10,941.27,115.242218,35.432116,358.81,0.00079978
2003,571,11,1035.40,115.241701,35.431419,433.57,-0.00003184
2003,571,12,1129.53,115.240946,35.430933,403.66,-0.00037003
2003,571,13,1223.66,115.240289,35.430276,448.52,-0.00000000
2003,571,14,1317.78,115.239534,35.429791,448.52,-0.00018354
2003,571,15,1411.91,115.238878,35.429134,418.61,-0.00060337
2003,571,16,1506.04,115.238091,35.428701,433.57,-0.00003940
2003,571,17,1600.16,115.237367,35.428162,433.57,0.00076085
2003,572,0,0.00,115.249494,35.437056,1435.25,-0.00115127
2003,572,1,92.22,115.248851,35.437699,1106.34,-0.00118222
2003,572,2,184.45,115.248416,35.438403,74.75,-0.00121318
2003,573,0,0.00,115.237367,35.428162,493.37,0.00343003
2003,573,1,97.38,115.236490,35.427825,403.66,0.00334229
2003,573,2,194.76,115.236019,35.427084,388.71,0.00325455
2003,574,0,0.00,115.237367,35.428162,1794.06,-0.00058951
2003,574,1,83.69,115.237951,35.427579,1794.06,-0.00237556
2003,574,2,167.38,115.238445,35.426969,1061.49,-0.00575994
2003,574,3,251.06,115.238445,35.426215,448.52,-0.01061051
2003,574,4,334.75,115.237934,35.425737,463.47,-0.01114972
2003,574,5,418.44,115.237241,35.426132,956.83,-0.00430041
2003,574,6,502.13,115.236558,35.426545,1644.56,-0.00016414
2003,575,0,0.00,115.236019,35.427084,433.57,0.00231784
2003,575,1,99.86,115.235076,35.426815,373.76,0.00250740
2003,575,2,199.72,115.234330,35.426204,373.76,0.00109499
2003,575,3,299.59,115.233634,35.425507,433.57,-0.00025349
2003,575,4,399.45,115.232838,35.424981,403.66,0.00049550
2003,575,5,499.31,115.232142,35.424285,433.57,0.00000000
2003,575,6,599.17,115.231445,35.423588,448.52,-0.00102861
2003,575,7,699.04,115.230650,35.423063,448.52,-0.00053311
2003,575,8,798.90,115.229855,35.422537,418.61,0.00019185
2003,575,9,898.76,115.229060,35.422011,463.47,0.00053311
2003,575,10,998.62,115.228299,35.421425,463.47,0.00066667
2003,575,11,1098.48,115.227568,35.420789,448.52,0.00008381
2003,575,12,1198.35,115.226871,35.420092,448.52,-0.00032541
2003,575,13,1298.21,115.226092,35.419539,448.52,0.00028365
2003,575,14,1398.07,115.225380,35.418870,448.52,-0.00053311
2003,575,15,1497.93,115.224673,35.418191,478.42,-0.00084421
2003,575,16,1597.80,115.223789,35.417818,448.52,0.00053311
2003,575,17,1697.66,115.223093,35.417122,433.57,0.00047674
2003,575,18,1797.52,115.222297,35.416596,478.42,0.00000000
2003,575,19,1897.38,115.221601,35.415900,448.52,0.00002329
2003,575,20,1997.24,115.220805,35.415374,478.42,0.00098537
2003,575,21,2097.11,115.220119,35.414674,418.61,-0.00009264
2003,575,22,2196.97,115.219621,35.413920,373.76,-0.00151848
2003,575,23,2296.83,115.218727,35.413565,358.81,0.00006935
2003,575,24,2396.69,115.218031,35.412868,328.91,0.00029680
2003,575,25,2496.56,115.217235,35.412343,269.11,-0.00000000
2003,575,26,2596.42,115.216494,35.411723,269.11,-0.00060234
2003,575,27,2696.28,115.215743,35.411120,254.16,-0.00037555
2003,575,28,2796.14,115.214849,35.410765,209.31,0.00079442
2003,575,29,2896.00,115.214305,35.410106,164.46,-0.00261825
2003,575,30,2995.87,115.213467,35.409653,164.46,-0.00512318
2003,575,31,3095.73,115.212573,35.409837,328.91,-0.00434721
2003,576,0,0.00,115.236019,35.427084,1794.06,-0.00000000
2003,576,1,38.64,115.236289,35.426815,1794.06,-0.00000000
2003,576,2,77.28,115.236558,35.426545,1794.06,-0.00000000
2003,577,0,0.00,115.236558,35.426545,672.77,0.00205087
2003,577,1,79.12,115.236558,35.425832,747.53,0.00211486
2003,577,2,158.24,115.236828,35.425198,792.38,0.00217885
2003,579,0,0.00,115.212573,35.409837,732.58,-0.00621160
2003,579,1,88.65,115.212573,35.410636,448.52,-0.00660987
2003,579,2,177.30,115.213382,35.410915,149.51,-0.00700814
2003,58,0,0.00,115.699820,35.772307,762.48,0.00110334
2003,58,1,98.13,115.700604,35.772822,672.77,0.00106388
2003,58,2,196.25,115.701290,35.773508,508.32,0.00051221
2003,58,3,294.38,115.701976,35.774193,612.97,0.00000000
2003,580,0,0.00,115.212573,35.409837,328.91,-0.00361252
2003,580,1,99.84,115.211786,35.409298,388.71,-0.00348787
2003,580,2,199.68,115.210687,35.409298,538.22,-0.00336322
2003,581,0,0.00,115.210687,35.409298,433.57,0.00000000
2003,581,1,19.32,115.210552,35.409433,388.71,0.00000000
2003,581,2,38.64,115.210417,35.409567,403.66,0.00000000
2003,582,0,0.00,115.210687,35.409298,657.82,0.00197674
2003,582,1,82.99,115.210417,35.408629,478.42,0.00189562
2003,582,2,165.97,115.210417,35.407881,358.81,-0.00000000
2003,582,3,248.96,115.210410,35.407135,89.70,0.00004937
2003,582,4,331.94,115.210148,35.406464,,0.00284957
2003,582,5,414.93,115.210417,35.405794,,0.00378589
2003,583,0,0.00,115.210417,35.409567,403.66,-0.00000000
2003,583,1,63.12,115.209878,35.409837,388.71,-0.00000000
2003,583,2,126.24,115.209339,35.410106,418.61,-0.00000000
2003,584,0,0.00,115.210417,35.409567,1196.04,-0.00000000
2003,584,1,77.28,115.210956,35.410106,1196.04,-0.00000000
2003,584,2,154.57,115.211495,35.410645,523.27,0.00000000
2003,584,3,231.85,115.212034,35.411184,119.60,0.00000000
2003,585,0,0.00,115.209339,35.410106,358.81,0.00533097
2003,585,1,63.12,115.208899,35.410546,343.86,0.00552754
2003,585,2,126.24,115.208261,35.410645,388.71,0.00572411
2003,586,0,0.00,115.209339,35.410106,1285.75,-0.00000000
2003,586,1,98.35,115.208653,35.409420,926.93,-0.00194569
2003,586,2,196.71,115.207968,35.408734,732.58,-0.00840162
2003,586,3,295.06,115.207183,35.408759,343.86,-0.00918528
2003,586,4,393.41,115.206914,35.409567,433.57,-0.00545870
2003,587,0,0.00,115.208261,35.410645,373.76,0.00937476
2003,587,1,58.75,115.208060,35.411116,313.96,0.00934196
2003,587,2,117.50,115.207453,35.411184,388.71,0.00930916
2003,588,0,0.00,115.208261,35.410645,1390.40,-0.00123890
2003,588,1,89.52,115.207637,35.410021,1001.69,-0.00128986
2003,588,2,179.05,115.206914,35.409567,299.01,-0.00134081
2003,59,0,0.00,115.699820,35.772307,448.52,0.00313360
2003,59,1,64.14,115.699820,35.771729,328.91,0.00322691
2003,59,2,128.28,115.700089,35.771229,403.66,0.00332023
2003,590,0,0.00,115.206914,35.409567,358.81,-0.00563738
2003,590,1,49.22,115.206644,35.409932,433.57,-0.00552491
2003,590,2,98.44,115.206644,35.410376,538.22,-0.00541245
2003,591,0,0.00,115.207453,35.411184,313.96,0.00138380
2003,591,1,86.52,115.207058,35.411849,313.96,0.00134729
2003,591,2,173.05,115.206455,35.412452,313.96,0.00131952
2003,591,3,259.57,115.205851,35.413056,284.06,0.00066413
2003,591,4,346.10,115.205149,35.413488,328.91,-0.00063637
2003,591,5,432.62,115.204546,35.414092,313.96,0.00072009
2003,591,6,519.14,115.203938,35.414688,239.21,0.00282087
2003,591,7,605.67,115.203141,35.414957,269.11,0.00292881
2003,592,0,0.00,115.207453,35.411184,1480.10,0.00000000
2003,592,1,57.96,115.207049,35.410780,971.78,0.00000000
2003,592,2,115.93,115.206644,35.410376,448.52,0.00000000
2003,593,0,0.00,115.206644,35.410376,418.61,0.00000000
2003,593,1,48.96,115.206105,35.410376,403.66,0.00000000
2003,593,2,97.91,115.205567,35.410376,463.47,0.00000000
2003,595,0,0.00,115.203141,35.414957,284.06,0.00380624
2003,595,1,73.08,115.202840,35.415528,254.16,0.00494513
2003,595,2,146.17,115.202231,35.415867,284.06,0.00411807
2003,595,3,219.25,115.201524,35.416035,373.76,0.00215213
2003,596,0,0.00,115.203141,35.414957,1510.00,-0.00000000
2003,596,1,57.96,115.202737,35.414553,1225.94,-0.00000000
2003,596,2,115.92,115.202333,35.414149,777.43,-0.00000000
2003,597,0,0.00,115.201524,35.416035,358.81,0.00467438
2003,597,1,80.78,115.201378,35.416720,299.01,0.00477133
2003,597,2,161.56,115.200716,35.417113,269.11,0.00486828
2003,598,0,0.00,115.201524,35.416035,852.18,-0.00000000
2003,598,1,53.59,115.201255,35.415631,1016.64,-0.00000000
2003,598,2,107.18,115.200985,35.415227,926.93,-0.00000000
2003,599,0,0.00,115.200716,35.417113,254.16,0.00471373
2003,599,1,65.83,115.200465,35.417633,224.26,0.00479922
2003,599,2,131.66,115.199907,35.417922,224.26,0.00488470
2003,6,0,0.00,115.696047,35.793597,642.87,-0.00184058
2003,6,1,89.06,115.696460,35.792914,642.87,-0.00220651
2003,6,2,178.11,115.696586,35.792148,612.97,-0.00165213
2003,6,3,267.17,115.696586,35.791345,403.66,-0.00017825
2003,6,4,356.22,115.696586,35.790543,598.02,0.00080175
2003,6,5,445.28,115.696651,35.789759,642.87,0.00104962
2003,6,6,534.34,115.696855,35.789016,657.82,0.00087107
2003,60,0,0.00,115.700628,35.775810,433.57,0.00000000
2003,60,1,68.47,115.700898,35.776349,433.57,0.00000000
2003,60,2,136.95,115.701167,35.776888,433.57,0.00000000
2003,600,0,0.00,115.200716,35.417113,1794.06,-0.00395759
2003,600,1,50.88,115.200361,35.416758,1794.06,-0.00417143
2003,600,2,101.76,115.199907,35.416574,642.87,-0.00438527
2003,601,0,0.00,115.200985,35.415227,448.52,0.00000000
2003,601,1,36.72,115.200581,35.415227,448.52,0.00000000
2003,601,2,73.43,115.200177,35.415227,403.66,0.00000000
2003,602,0,0.00,115.200985,35.415227,299.01,-0.00868056
2003,602,1,34.27,115.201224,35.414988,343.86,-0.00879772
2003,602,2,68.54,115.201255,35.414688,343.86,-0.00891489
2003,603,0,0.00,115.199907,35.417922,239.21,0.00937514
2003,603,1,58.75,115.199706,35.418392,224.26,0.00934246
2003,603,2,117.49,115.199099,35.418461,299.01,0.00930977
2003,604,0,0.00,115.199907,35.417922,1794.06,-0.00349404
2003,604,1,79.03,115.199356,35.417370,926.93,-0.01074808
2003,604,2,158.06,115.198706,35.417236,194.36,-0.01541348
2003,604,3,237.09,115.198829,35.417827,433.57,-0.00690798
2003,604,4,316.12,115.199099,35.418461,553.17,-0.00099112
2003,605,0,0.00,115.199099,35.418461,239.21,0.00148573
2003,605,1,97.01,115.198631,35.419198,224.26,0.00170032
2003,605,2,194.02,115.197915,35.419808,224.26,0.00177651
2003,605,3,291.03,115.197159,35.420347,239.21,0.00093584
2003,605,4,388.04,115.196304,35.420716,254.16,-0.00092753
2003,605,5,485.05,115.195529,35.421222,269.11,-0.00047786
2003,605,6,582.06,115.194852,35.421898,254.16,0.00177701
2003,605,7,679.07,115.193978,35.422234,269.11,0.00242111
2003,606,0,0.00,115.193978,35.422234,1524.95,-0.00123898
2003,606,1,89.52,115.194603,35.422858,1151.19,-0.00128994
2003,606,2,179.03,115.195326,35.423312,762.48,-0.00134091
2003,607,0,0.00,115.193978,35.422234,269.11,0.00070516
2003,607,1,94.62,115.193248,35.422773,328.91,0.00097922
2003,607,2,189.24,115.192461,35.423212,269.11,0.00126946
2003,607,3,283.86,115.191632,35.423581,254.16,0.00200539
2003,607,4,378.48,115.190746,35.423851,269.11,0.00127471
2003,607,5,473.11,115.189705,35.423851,313.96,-0.00098638
2003,607,6,567.73,115.188833,35.424145,299.01,-0.00080504
2003,607,7,662.35,115.187933,35.424389,328.91,-0.00065141
2003,607,8,756.97,115.187047,35.424659,343.86,-0.00111249
2003,607,9,851.59,115.186260,35.425101,358.81,0.00092319
2003,607,10,946.21,115.185431,35.425467,373.76,0.00101902
2003,607,11,1040.83,115.184446,35.425567,433.57,-0.00191744
2003,607,12,1135.45,115.183659,35.426006,478.42,-0.00199824
2003,607,13,1230.08,115.182929,35.426545,568.12,-0.00070516
2003,608,0,0.00,115.182929,35.426545,598.02,0.00000000
2003,608,1,97.43,115.181856,35.426545,568.12,0.00000000
2003,608,2,194.86,115.180783,35.426545,418.61,-0.00000000
2003,608,3,292.30,115.179710,35.426545,388.71,0.00000000
2003,608,4,389.73,115.178637,35.426545,418.61,0.00000000
2003,608,5,487.16,115.177564,35.426545,388.71,-0.00044989
2003,608,6,584.59,115.176492,35.426545,448.52,-0.00084152
2003,608,7,682.03,115.175504,35.426694,418.61,-0.00061066
2003,608,8,779.46,115.174502,35.426815,448.52,0.00000000
2003,608,9,876.89,115.173552,35.427029,403.66,0.00089500
2003,608,10,974.32,115.172512,35.427084,418.61,0.00084152
2003,608,11,1071.76,115.171439,35.427084,418.61,0.00016555
2003,608,12,1169.19,115.170366,35.427084,388.71,0.00084152
2003,608,13,1266.62,115.169293,35.427084,418.61,0.00084152
2003,608,14,1364.05,115.168376,35.426815,418.61,-0.00084152
2003,608,15,1461.49,115.167303,35.426815,388.71,-0.00084152
2003,608,16,1558.92,115.166230,35.426815,358.81,0.00000000
2003,608,17,1656.35,115.165158,35.426815,358.81,0.00000000
2003,608,18,1753.78,115.164085,35.426815,358.81,0.00084152
2003,608,19,1851.22,115.163012,35.426815,358.81,0.00084152
2003,608,20,1948.65,115.162095,35.426545,358.81,-0.00070490
2003,608,21,2046.08,115.161022,35.426545,358.81,-0.00000000
2003,608,22,2143.51,115.159976,35.426499,343.86,0.00055348
2003,608,23,2240.95,115.159032,35.426276,358.81,-0.00084152
2003,608,24,2338.38,115.157959,35.426276,299.01,-0.00069010
2003,608,25,2435.81,115.156886,35.426276,299.01,0.00084152
2003,608,26,2533.24,115.155813,35.426276,328.91,0.00084152
2003,608,27,2630.67,115.154896,35.426006,328.91,-0.00084152
2003,608,28,2728.11,115.153824,35.426006,269.11,-0.00168304
2003,609,0,0.00,115.182929,35.426545,1779.11,0.00322170
2003,609,1,90.39,115.183198,35.427281,1121.29,0.00399919
2003,609,2,180.78,115.182929,35.428017,1046.54,0.00330354
2003,609,3,271.17,115.182411,35.428681,897.03,0.00279994
2003,609,4,361.55,115.181913,35.429240,538.22,0.00538558
2003,609,5,451.94,115.181062,35.429490,433.57,0.00545515
2003,609,6,542.33,115.180234,35.429240,463.47,0.00390863
2003,61,0,0.00,115.700628,35.775810,358.81,0.00000000
2003,61,1,38.57,115.700898,35.775541,388.71,0.00000000
2003,61,2,77.15,115.701167,35.775271,358.81,0.00000000
2003,610,0,0.00,115.153824,35.426006,642.87,0.00123900
2003,610,1,89.51,115.153199,35.426631,612.97,0.00128997
2003,610,2,179.03,115.152476,35.427084,403.66,0.00134094
2003,611,0,0.00,115.153824,35.426006,358.81,-0.00564527
2003,611,1,77.93,115.153277,35.425467,239.21,-0.00446689
2003,611,2,155.85,115.152419,35.425467,269.11,-0.00147905
2003,611,3,233.78,115.151699,35.425229,299.01,-0.00087614
2003,611,4,311.71,115.150859,35.425198,358.81,-0.00208270
2003,612,0,0.00,115.150859,35.425198,1629.61,0.00346343
2003,612,1,91.36,115.150859,35.426021,1405.35,0.00859710
2003,612,2,182.71,115.150320,35.426545,254.16,0.01373078
2003,612,3,274.07,115.149781,35.426021,657.82,0.00859710
2003,612,4,365.42,115.149781,35.425198,1539.90,0.00346343
2003,613,0,0.00,115.150859,35.425198,269.11,-0.00868865
2003,613,1,63.11,115.150320,35.424928,239.21,-0.00868865
2003,613,2,126.23,115.149781,35.425198,343.86,-0.00868865
2003,614,0,0.00,115.149781,35.425198,299.01,-0.00152229
2003,614,1,96.61,115.148873,35.424928,328.91,-0.00094438
2003,614,2,193.21,115.147841,35.424875,313.96,0.00056753
2003,614,3,289.82,115.146902,35.424659,299.01,-0.00000000
2003,614,4,386.42,115.145994,35.424389,328.91,-0.00160719
2003,614,5,483.03,115.144930,35.424389,299.01,-0.00171285
2003,615,0,0.00,115.144930,35.424389,388.71,-0.00525285
2003,615,1,85.84,115.144540,35.423730,299.01,-0.00477208
2003,615,2,171.68,115.143681,35.423581,239.21,-0.00280422
2003,615,3,257.52,115.142892,35.423312,269.11,-0.00284393
2003,615,4,343.36,115.141947,35.423312,269.11,-0.00339472
2003,615,5,429.20,115.141157,35.423581,373.76,-0.00241871
2003,616,0,0.00,115.144930,35.424389,687.72,0.00312550
2003,616,1,83.60,115.144347,35.424973,463.47,0.00544453
2003,616,2,167.20,115.143557,35.425198,254.16,0.00515780
2003,616,3,250.80,115.142786,35.424940,224.26,0.00283852
2003,616,4,334.39,115.141906,35.424869,269.11,0.00530950
2003,616,5,417.99,115.141323,35.424286,493.37,0.00526547
2003,616,6,501.59,115.141157,35.423581,717.63,0.00303695
2003,618,0,0.00,115.141157,35.423581,313.96,-0.00095835
2003,618,1,97.17,115.140282,35.423245,313.96,-0.00071607
2003,618,2,194.34,115.139329,35.423042,299.01,0.00000000
2003,618,3,291.51,115.138415,35.422773,269.11,0.00021101
2003,618,4,388.68,115.137501,35.422503,299.01,-0.00039234
2003,618,5,485.85,115.136583,35.422241,299.01,-0.00010577
2003,618,6,583.02,115.135609,35.422075,269.11,0.00026069
2003,618,7,680.20,115.134734,35.421739,269.11,-0.00000000
2003,618,8,777.37,115.133760,35.421573,299.01,-0.00029611
2003,618,9,874.54,115.132884,35.421237,284.06,-0.00052674
2003,618,10,971.71,115.131861,35.421156,299.01,-0.00000762
2003,618,11,1068.88,115.130947,35.420886,284.06,-0.00027448
2003,618,12,1166.05,115.129962,35.420740,299.01,-0.00007811
2003,618,13,1263.22,115.128964,35.420617,299.01,0.00093288
2003,618,14,1360.39,115.128050,35.420347,269.11,-0.00041938
2003,618,15,1457.56,115.127136,35.420078,299.01,-0.00177906
2003,618,16,1554.73,115.126066,35.420078,269.11,-0.00169238
2003,619,0,0.00,115.126066,35.420078,1480.10,0.00253980
2003,619,1,80.78,115.125711,35.420702,732.58,0.00640826
2003,619,2,161.55,115.125084,35.421156,284.06,0.01269879
2003,619,3,242.33,115.124449,35.420806,463.47,0.01034237
2003,619,4,323.11,115.124449,35.420078,1061.49,0.00556388
2003,62,0,0.00,115.701167,35.776888,388.71,-0.00368866
2003,62,1,99.94,115.701756,35.776300,373.76,-0.00368706
2003,62,2,199.89,115.701706,35.775541,373.76,-0.00368546
2003,620,0,0.00,115.126066,35.420078,284.06,-0.00441495
2003,620,1,87.59,115.125257,35.419808,239.21,-0.00441495
2003,620,2,175.18,115.124449,35.420078,343.86,-0.00441495
2003,622,0,0.00,115.124449,35.420078,418.61,-0.01066289
2003,622,1,31.56,115.124229,35.419857,343.86,-0.01105616
2003,622,2,63.12,115.123910,35.419808,328.91,-0.01144944
2003,623,0,0.00,115.123910,35.419808,373.76,-0.00533142
2003,623,1,63.12,115.123469,35.419368,269.11,-0.00552806
2003,623,2,126.23,115.122832,35.419269,269.11,-0.00572469
2003,624,0,0.00,115.123910,35.419808,687.72,0.00174625
2003,624,1,67.84,115.123437,35.420281,568.12,0.00600420
2003,624,2,135.67,115.122884,35.420617,254.16,0.00939495
2003,624,3,203.51,115.122293,35.420347,328.91,0.00852775
2003,625,0,0.00,115.122832,35.419269,1794.06,0.00000000
2003,625,1,68.54,115.122562,35.419808,1405.35,0.00000000
2003,625,2,137.08,115.122293,35.420347,583.07,0.00000000
2003,626,0,0.00,115.122832,35.419269,313.96,-0.00570361
2003,626,1,74.71,115.122311,35.418748,239.21,-0.00583203
2003,626,2,149.42,115.121498,35.418730,269.11,-0.00306982
2003,626,3,224.13,115.120676,35.418730,239.21,-0.00017919
2003,628,0,0.00,115.122293,35.420347,299.01,0.00868794
2003,628,1,63.12,115.121754,35.420617,254.16,0.00868794
2003,628,2,126.23,115.121215,35.420347,269.11,0.00868794
2003,629,0,0.00,115.120676,35.418730,732.58,0.00329382
2003,629,1,89.61,115.120676,35.419538,747.53,0.00912774
2003,629,2,179.22,115.120175,35.420078,194.36,0.01323096
2003,629,3,268.83,115.119536,35.419477,448.52,0.00715168
2003,629,4,358.44,115.119328,35.418730,612.97,0.00280309
2003,630,0,0.00,115.120676,35.418730,224.26,-0.00603186
2003,630,1,75.35,115.120002,35.418461,239.21,-0.00603186
2003,630,2,150.71,115.119328,35.418730,343.86,-0.00603186
2003,631,0,0.00,115.119328,35.418730,209.31,0.00360129
2003,631,1,96.61,115.118265,35.418730,164.46,0.00277837
2003,631,2,193.22,115.117513,35.418191,299.01,-0.00000000
2003,631,3,289.83,115.116605,35.417922,299.01,-0.00192201
2003,631,4,386.43,115.115697,35.417652,328.91,-0.00312082
2003,631,5,483.04,115.114633,35.417652,358.81,-0.00085636
2003,631,6,579.65,115.113804,35.418056,313.96,0.00459320
2003,631,7,676.26,115.113130,35.417652,358.81,0.00654606
2003,632,0,0.00,115.113130,35.417652,358.81,-0.00179195
2003,632,1,99.52,115.112346,35.417113,328.91,-0.00245226
2003,632,2,199.04,115.111406,35.416844,328.91,-0.00092136
2003,632,3,298.55,115.110356,35.416765,343.86,0.00128719
2003,632,4,398.07,115.109527,35.416305,313.96,-0.00088729
2003,632,5,497.59,115.108587,35.416035,328.91,-0.00153956
2003,632,6,597.11,115.107492,35.416035,299.01,0.00088729
2003,632,7,696.62,115.106552,35.415766,328.91,0.00000000
2003,632,8,796.14,115.105612,35.415496,299.01,-0.00117972
2003,632,9,895.66,115.104516,35.415496,299.01,0.00088729
2003,632,10,995.18,115.103522,35.415321,328.91,0.00233014
2003,632,11,1094.69,115.102637,35.414957,269.11,0.00092136
2003,632,12,1194.21,115.101838,35.414445,299.01,-0.00105991
2003,632,13,1293.73,115.100913,35.414149,269.11,-0.00092136
2003,632,14,1393.25,115.099974,35.413879,269.11,-0.00021064
2003,632,15,1492.76,115.099034,35.413610,239.21,-0.00000000
2003,632,16,1592.28,115.098074,35.413376,209.31,0.00068833
2003,632,17,1691.80,115.097155,35.413071,179.41,0.00092136
2003,632,18,1791.32,115.096290,35.412670,179.41,-0.00000000
2003,632,19,1890.83,115.095431,35.412262,149.51,-0.00000000
2003,632,20,1990.35,115.094507,35.411965,134.55,0.00114822
2003,632,21,2089.87,115.093707,35.411454,179.41,0.00186711
2003,632,22,2189.39,115.092922,35.410919,224.26,0.00177014
2003,632,23,2288.90,115.092436,35.410163,299.01,0.00056590
2003,632,24,2388.42,115.091840,35.409441,299.01,0.00056031
2003,632,25,2487.94,115.091301,35.408701,299.01,0.00082999
2003,632,26,2587.46,115.090979,35.407898,313.96,-0.00042121
2003,632,27,2686.98,115.090494,35.407143,358.81,-0.00093857
2003,632,28,2786.49,115.089953,35.406404,328.91,-0.00074594
2003,632,29,2886.01,115.089314,35.405694,388.71,0.00051870
2003,632,30,2985.53,115.088620,35.405000,343.86,0.00097571
2003,632,31,3085.05,115.088343,35.404184,328.91,-0.00047505
2003,632,32,3184.56,115.087759,35.403600,328.91,0.00044343
2003,632,33,3284.08,115.087273,35.402845,358.81,0.00154780
2003,632,34,3383.60,115.086996,35.402029,313.96,0.00053839
2003,632,35,3483.12,115.086719,35.401213,403.66,0.00000000
2003,633,0,0.00,115.113130,35.417652,598.02,-0.00347857
2003,633,1,53.59,115.112756,35.418026,1151.19,-0.00358593
2003,633,2,107.18,115.112591,35.418461,837.23,-0.00369329
2003,634,0,0.00,115.086719,35.401213,448.52,0.00094662
2003,634,1,97.05,115.085807,35.400943,284.06,0.00190563
2003,634,2,194.09,115.084971,35.400542,209.31,0.00230113
2003,634,3,291.14,115.084294,35.399865,269.11,0.00173762
2003,635,0,0.00,115.086719,35.401213,538.22,-0.00195238
2003,635,1,83.49,115.086989,35.400539,478.42,-0.00281454
2003,635,2,166.99,115.086989,35.399787,299.01,-0.00379918
2003,635,3,250.48,115.086719,35.399113,254.16,-0.00290285
2003,635,4,333.97,115.086180,35.398518,448.52,-0.00188405
2003,636,0,0.00,115.084294,35.399865,269.11,0.00125794
2003,636,1,94.31,115.083636,35.399208,239.21,0.00172629
2003,636,2,188.61,115.083216,35.398481,239.21,0.00153107
2003,636,3,282.92,115.082946,35.397710,269.11,0.00086751
2003,637,0,0.00,115.084294,35.399865,1061.49,0.00041471
2003,637,1,80.73,115.084857,35.399303,1091.39,0.00159855
2003,637,2,161.46,115.085448,35.398788,717.63,0.00265741
2003,637,3,242.18,115.086180,35.398518,911.98,0.00253245
2003,638,0,0.00,115.086180,35.398518,343.86,-0.00448345
2003,638,1,79.04,115.086377,35.397906,299.01,-0.00517704
2003,638,2,158.07,115.086034,35.397294,254.16,-0.00452261
2003,638,3,237.11,115.085483,35.396743,224.26,-0.00245826
2003,638,4,316.15,115.084833,35.396362,254.16,-0.00174193
2003,64,0,0.00,115.696586,35.818660,1345.55,0.00207776
2003,64,1,92.35,115.697450,35.818391,1629.61,0.00197901
2003,64,2,184.69,115.698472,35.818391,777.43,0.00188026
2003,640,0,0.00,115.082946,35.397710,269.11,0.00316183
2003,640,1,78.51,115.082407,35.397160,254.16,0.00326436
2003,640,2,157.02,115.082268,35.396493,284.06,0.00171769
2003,640,3,235.53,115.082138,35.395823,433.57,0.00006849
2003,641,0,0.00,115.082946,35.397710,717.63,0.00153095
2003,641,1,80.73,115.083509,35.397147,911.98,0.00159853
2003,641,2,161.46,115.084171,35.396754,807.33,0.00083305
2003,641,3,242.19,115.084833,35.396362,403.66,-0.00000000
2003,642,0,0.00,115.084833,35.396362,284.06,-0.00891558
2003,642,1,34.27,115.084802,35.396062,254.16,-0.00879833
2003,642,2,68.54,115.084563,35.395823,269.11,-0.00868108
2003,644,0,0.00,115.082138,35.395823,299.01,0.00115125
2003,644,1,92.24,115.081495,35.395180,313.96,0.00118223
2003,644,2,184.48,115.081060,35.394476,328.91,0.00121321
2003,645,0,0.00,115.082138,35.395823,1794.06,0.00260159
2003,645,1,82.89,115.082895,35.395554,897.03,0.00364981
2003,645,2,165.78,115.083807,35.395554,403.66,0.00364981
2003,645,3,248.67,115.084563,35.395823,284.06,0.00260159
2003,646,0,0.00,115.084563,35.395823,313.96,-0.00228296
2003,646,1,78.51,115.084433,35.395154,313.96,-0.00171771
2003,646,2,157.02,115.084024,35.394565,313.96,0.00000000
2003,646,3,235.53,115.083755,35.393937,328.91,0.00115245
2003,648,0,0.00,115.081060,35.394476,299.01,0.00139246
2003,648,1,97.22,115.080382,35.393798,299.01,0.00106163
2003,648,2,194.45,115.079982,35.393038,299.01,-0.00000000
2003,648,3,291.67,115.079443,35.392320,299.01,-0.00073080
2003,649,0,0.00,115.081060,35.394476,717.63,0.00000000
2003,649,1,77.29,115.081599,35.393937,777.43,0.00000000
2003,649,2,154.58,115.082138,35.393398,717.63,0.00000000
2003,649,3,231.87,115.082677,35.392859,717.63,0.00000000
2003,65,0,0.00,115.696586,35.818660,269.11,0.00000000
2003,65,1,72.66,115.696586,35.819315,269.11,0.00121364
2003,65,2,145.32,115.696586,35.819970,343.86,0.00250231
2003,65,3,217.98,115.696316,35.820547,373.76,0.00257735
2003,650,0,0.00,115.083755,35.393937,343.86,0.00000000
2003,650,1,77.29,115.083216,35.393398,343.86,0.00000000
2003,650,2,154.58,115.082677,35.392859,433.57,0.00000000
2003,651,0,0.00,115.083755,35.393937,657.82,0.00000000
2003,651,1,19.32,115.083890,35.393802,598.02,0.00000000
2003,651,2,38.64,115.084024,35.393667,553.17,0.00000000
2003,652,0,0.00,115.079443,35.392320,328.91,-0.00281755
2003,652,1,75.60,115.079333,35.391670,343.86,-0.00091575
2003,652,2,151.19,115.078904,35.391115,343.86,0.00232202
2003,652,3,226.79,115.078904,35.390433,373.76,0.00365799
2003,653,0,0.00,115.079443,35.392320,777.43,0.00000000
2003,653,1,77.29,115.078904,35.392859,747.53,0.00000000
2003,653,2,154.58,115.078365,35.393398,687.72,0.00000000
2003,654,0,0.00,115.082677,35.392859,299.01,0.00000000
2003,654,1,86.49,115.082407,35.392158,313.96,0.00000000
2003,654,2,172.97,115.082138,35.391457,313.96,0.00000000
2003,654,3,259.46,115.081868,35.390757,299.01,-0.00000000
2003,654,4,345.94,115.081599,35.390056,358.81,-0.00000000
2003,654,5,432.43,115.081330,35.389355,343.86,-0.00000000
2003,655,0,0.00,115.078904,35.390433,373.76,0.00272772
2003,655,1,87.15,115.078198,35.389996,328.91,0.00232194
2003,655,2,174.30,115.077798,35.389327,358.81,0.00202818
2003,655,3,261.45,115.077287,35.388691,313.96,0.00213610
2003,655,4,348.61,115.077208,35.387929,284.06,0.00069863
2003,655,5,435.76,115.077018,35.387199,284.06,-0.00073474
2003,656,0,0.00,115.078904,35.390433,717.63,0.00000000
2003,656,1,96.61,115.079578,35.389759,672.77,0.00000000
2003,656,2,193.23,115.080252,35.389086,672.77,0.00000000
2003,657,0,0.00,115.077018,35.387199,299.01,0.00385380
2003,657,1,83.50,115.076479,35.386604,299.01,0.00382251
2003,657,2,166.99,115.076479,35.385852,343.86,0.00379122
2003,658,0,0.00,115.077018,35.387199,807.33,0.00464786
2003,658,1,80.27,115.077589,35.386660,1794.06,0.00491617
2003,658,2,160.54,115.078433,35.386592,897.03,0.00695118
2003,658,3,240.80,115.079092,35.386579,373.76,0.00749496
2003,658,4,321.07,115.079443,35.387199,313.96,0.00627205
2003,659,0,0.00,115.080252,35.389086,343.86,0.00000000
2003,659,1,83.50,115.079982,35.388412,313.96,0.00000000
2003,659,2,166.99,115.079713,35.387738,299.01,0.00000000
2003,66,0,0.00,115.701976,35.774193,328.91,0.00204278
2003,66,1,79.09,115.701976,35.774906,328.91,0.00210609
2003,66,2,158.18,115.701706,35.775541,478.42,0.00216939
2003,660,0,0.00,115.080252,35.389086,867.13,0.00000000
2003,660,1,24.48,115.080521,35.389086,702.67,0.00000000
2003,660,2,48.97,115.080791,35.389086,672.77,0.00000000
2003,661,0,0.00,115.076479,35.385852,732.58,0.00355313
2003,661,1,94.70,115.077139,35.385191,1121.29,0.00368406
2003,661,2,189.40,115.078096,35.385043,657.82,0.00381499
2003,662,0,0.00,115.076479,35.385852,328.91,0.00119965
2003,662,1,93.16,115.075829,35.385202,313.96,0.00238378
2003,662,2,186.32,115.075401,35.384488,328.91,0.00234759
2003,662,3,279.47,115.075364,35.383659,388.71,0.00000000
2003,662,4,372.63,115.075131,35.382887,463.47,-0.00112728
2003,663,0,0.00,115.075131,35.382887,433.57,-0.00112865
2003,663,1,93.71,115.074478,35.382234,478.42,-0.00010051
2003,663,2,187.42,115.073725,35.381751,433.57,0.00211278
2003,663,3,281.13,115.073245,35.381047,358.81,0.00134829
2003,663,4,374.84,115.072975,35.380281,328.91,-0.00093452
2003,663,5,468.55,115.072391,35.379608,388.71,-0.00010306
2003,663,6,562.27,115.071897,35.378907,358.81,0.00007768
2003,663,7,655.98,115.071501,35.378179,328.91,0.00060435
2003,663,8,749.69,115.070847,35.377525,313.96,0.00282359
2003,663,9,843.40,115.070819,35.376689,343.86,0.00353229
2003,664,0,0.00,115.075131,35.382887,882.08,0.00564519
2003,664,1,71.30,115.075628,35.382390,1450.20,0.00758875
2003,664,2,142.59,115.076389,35.382348,642.87,0.00676230
2003,664,3,213.89,115.077018,35.382618,493.37,0.00399228
2003,665,0,0.00,115.070819,35.376689,299.01,-0.00000000
2003,665,1,19.32,115.070684,35.376554,284.06,-0.00000000
2003,665,2,38.65,115.070550,35.376419,269.11,-0.00000000
2003,666,0,0.00,115.070550,35.376419,284.06,0.00000000
2003,666,1,91.03,115.070280,35.375678,179.41,-0.00016427
2003,666,2,182.05,115.070011,35.374936,149.51,-0.00178521
2003,666,3,273.08,115.069688,35.374210,179.41,-0.00395284
2003,666,4,364.10,115.068967,35.373725,194.36,-0.00321629
2003,666,5,455.13,115.068121,35.373455,194.36,-0.00195405
2003,666,6,546.15,115.067275,35.373186,269.11,-0.00300585
2003,666,7,637.18,115.066274,35.373186,269.11,-0.00241686
2003,666,8,728.20,115.065428,35.373455,239.21,0.00000000
2003,666,9,819.23,115.064497,35.373578,269.11,-0.00009059
2003,666,10,910.25,115.063580,35.373725,269.11,-0.00106966
2003,666,11,1001.28,115.062734,35.373994,328.91,-0.00099679
2003,667,0,0.00,115.070819,35.376689,598.02,0.00203838
2003,667,1,70.22,115.071309,35.376199,1076.44,0.00213626
2003,667,2,140.43,115.071897,35.375880,299.01,0.00223414
2003,668,0,0.00,115.070550,35.376419,1345.55,0.00370022
2003,668,1,95.36,115.069656,35.376689,627.92,0.00493507
2003,668,2,190.71,115.068763,35.376419,209.31,0.00381945
2003,668,3,286.07,115.068061,35.375818,194.36,-0.00146703
2003,668,4,381.42,115.067287,35.375341,194.36,-0.00381945
2003,668,5,476.78,115.066238,35.375341,254.16,-0.00323586
2003,669,0,0.00,115.062734,35.373994,328.91,0.00186096
2003,669,1,92.79,115.061713,35.373994,328.91,0.00195794
2003,669,2,185.58,115.060848,35.373725,328.91,0.00205492
2003,67,0,0.00,115.701976,35.774193,523.27,0.01069874
2003,67,1,31.47,115.702195,35.773974,493.37,0.01109716
2003,67,2,62.94,115.702515,35.773924,538.22,0.01149559
2003,670,0,0.00,115.062734,35.373994,777.43,-0.00125603
2003,670,1,90.71,115.063158,35.374688,672.77,-0.00247919
2003,670,2,181.41,115.063791,35.375320,403.66,-0.00324212
2003,670,3,272.12,115.064621,35.375611,313.96,-0.00278190
2003,671,0,0.00,115.060848,35.373725,1076.44,-0.00340398
2003,671,1,68.55,115.060848,35.373107,717.63,-0.00426927
2003,671,2,137.10,115.060517,35.372586,284.06,-0.00330361
2003,671,3,205.65,115.060039,35.372108,59.80,-0.00147266
2003,672,0,0.00,115.060848,35.373725,403.66,0.00000000
2003,672,1,63.14,115.060309,35.373994,358.81,0.00000000
2003,672,2,126.28,115.059770,35.374263,313.96,0.00000000
2003,673,0,0.00,115.059770,35.374263,747.53,0.00000000
2003,673,1,44.85,115.059770,35.374668,598.02,0.00000000
2003,673,2,89.70,115.059770,35.375072,358.81,0.00000000
2003,674,0,0.00,115.059770,35.374263,388.71,-0.00919843
2003,674,1,43.81,115.059444,35.373994,343.86,-0.00901005
2003,674,2,87.63,115.058961,35.373994,269.11,-0.00882167
2003,68,0,0.00,115.700089,35.771229,373.76,0.00102459
2003,68,1,86.57,115.700089,35.770449,299.01,0.00084968
2003,68,2,173.13,115.700254,35.769717,299.01,-0.00104585
2003,68,3,259.70,115.700359,35.768967,284.06,-0.00260097
2003,68,4,346.26,115.700089,35.768265,313.96,-0.00243548
2003,69,0,0.00,115.700089,35.771229,1031.59,-0.00391739
2003,69,1,68.02,115.700684,35.771499,1330.60,-0.00372760
2003,69,2,136.05,115.701437,35.771499,1091.39,-0.00353782
2003,7,0,0.00,115.696316,35.796292,343.86,-0.00000000
2003,7,1,53.52,115.696047,35.796696,508.32,-0.00000000
2003,7,2,107.04,115.695777,35.797101,508.32,-0.00000000
2003,70,0,0.00,115.701167,35.775271,612.97,-0.01069888
2003,70,1,31.47,115.701387,35.775491,657.82,-0.01109733
2003,70,2,62.94,115.701706,35.775541,777.43,-0.01149578
2003,71,0,0.00,115.701167,35.775271,358.81,-0.00867038
2003,71,1,34.24,115.701406,35.775032,328.91,-0.00878591
2003,71,2,68.47,115.701437,35.774732,313.96,-0.00890144
2003,74,0,0.00,115.696316,35.820547,1794.06,0.00000000
2003,74,1,97.41,115.695238,35.820547,1300.70,0.00000000
2003,74,2,194.83,115.694160,35.820547,149.51,0.00000000
2003,75,0,0.00,115.696316,35.820547,388.71,0.00300725
2003,75,1,94.90,115.696855,35.821246,418.61,0.00150362
2003,75,2,189.81,115.696855,35.822101,388.71,-0.00000000
2003,75,3,284.71,115.697394,35.822800,373.76,0.00144992
2003,75,4,379.61,115.697394,35.823656,373.76,0.00144992
2003,75,5,474.51,115.697394,35.824511,328.91,-0.00057378
2003,75,6,569.42,115.697394,35.825366,358.81,-0.00070404
2003,75,7,664.32,115.697615,35.826157,358.81,0.00045134
2003,75,8,759.22,115.697664,35.826999,358.81,0.00070404
2003,75,9,854.12,115.697664,35.827854,373.76,-0.00058161
2003,75,10,949.03,115.697664,35.828709,343.86,-0.00070404
2003,75,11,1043.93,115.697933,35.829487,358.81,-0.00000000
2003,75,12,1138.83,115.697933,35.830342,373.76,-0.00074587
2003,75,13,1233.74,115.698203,35.831119,358.81,-0.00074587
2003,75,14,1328.64,115.698472,35.831897,388.71,0.00000000
2003,75,15,1423.54,115.698742,35.832674,373.76,0.00000000
2003,76,0,0.00,115.700089,35.768265,1689.41,0.00000000
2003,76,1,12.18,115.699954,35.768265,1330.60,0.00000000
2003,76,2,24.37,115.699820,35.768265,1330.60,0.00000000
2003,77,0,0.00,115.700089,35.768265,269.11,-0.00000000
2003,77,1,81.26,115.700359,35.767610,269.11,-0.00102643
2003,77,2,162.52,115.700628,35.766956,209.31,-0.00102643
2003,77,3,243.78,115.700628,35.766224,149.51,0.00102643
2003,77,4,325.04,115.700898,35.765570,209.31,0.00205286
2003,78,0,0.00,115.701437,35.771499,478.42,-0.00000000
2003,78,1,87.76,115.701841,35.772172,538.22,-0.00000000
2003,78,2,175.52,115.702245,35.772846,448.52,-0.00000000
2003,79,0,0.00,115.701437,35.771499,478.42,0.00534922
2003,79,1,62.94,115.701876,35.771059,463.47,0.00554841
2003,79,2,125.88,115.702515,35.770960,433.57,0.00574761
2003,8,0,0.00,115.696316,35.796292,568.12,0.00387027
2003,8,1,86.37,115.695613,35.795859,373.76,0.00564032
2003,8,2,172.74,115.695466,35.795255,627.92,0.00354799
2003,8,3,259.11,115.695693,35.794591,553.17,-0.00148823
2003,8,4,345.48,115.695508,35.793867,627.92,-0.00266209
2003,80,0,0.00,115.698742,35.832674,388.71,-0.00103880
2003,80,1,94.91,115.698778,35.833519,328.91,-0.00042151
2003,80,2,189.81,115.699011,35.834306,328.91,0.00070387
2003,80,3,284.72,115.699011,35.835162,373.76,-0.00026303
2003,80,4,379.63,115.699011,35.836017,358.81,-0.00155235
2003,80,5,474.53,115.699341,35.836777,373.76,-0.00041027
2003,80,6,569.44,115.699587,35.837561,373.76,0.00094684
2003,80,7,664.35,115.699820,35.838349,373.76,0.00106306
2003,80,8,759.25,115.699820,35.839204,373.76,-0.00009835
2003,80,9,854.16,115.699905,35.840035,388.71,-0.00168654
2003,80,10,949.06,115.700089,35.840837,418.61,-0.00224890
2003,80,11,1043.97,115.700604,35.841543,448.52,-0.00058637
2003,80,12,1138.88,115.701167,35.842236,448.52,0.00074333
2003,80,13,1233.78,115.701513,35.842991,358.81,-0.00056975
2003,80,14,1328.69,115.701976,35.843712,313.96,-0.00082706
2003,80,15,1423.60,115.702630,35.844378,269.11,0.00042188
2003,80,16,1518.50,115.703085,35.845102,179.41,-0.00116341
2003,80,17,1613.41,115.703592,35.845810,239.21,-0.00313671
2003,80,18,1708.32,115.704401,35.846149,194.36,-0.00314759
2003,81,0,0.00,115.698742,35.832674,1794.06,0.00000000
2003,81,1,97.40,115.699820,35.832674,1450.20,0.00000000
2003,81,2,194.80,115.700898,35.832674,657.82,0.00000000
2003,82,0,0.00,115.700898,35.765570,1450.20,0.00889264
2003,82,1,43.66,115.701380,35.765570,941.88,0.00908148
2003,82,2,87.32,115.701706,35.765839,433.57,0.00927033
2003,83,0,0.00,115.700898,35.765570,239.21,0.00216966
2003,83,1,79.09,115.700628,35.764935,179.41,0.00210634
2003,83,2,158.18,115.700628,35.764222,179.41,0.00204301
2003,84,0,0.00,115.704401,35.846149,194.36,-0.00471722
2003,84,1,65.68,115.704651,35.846668,254.16,-0.00480502
2003,84,2,131.37,115.705209,35.846957,194.36,-0.00489281
2003,85,0,0.00,115.704401,35.846149,1629.61,0.00396898
2003,85,1,50.73,115.704756,35.845794,1046.54,0.00418480
2003,85,2,101.47,115.705209,35.845610,583.07,0.00440061
2003,86,0,0.00,115.700628,35.764222,179.41,0.00000000
2003,86,1,74.75,115.700628,35.763548,194.36,0.00000000
2003,86,2,149.51,115.700628,35.762875,493.37,0.00000000
2003,87,0,0.00,115.700628,35.764222,1270.79,0.00000000
2003,87,1,81.19,115.699730,35.764222,867.13,0.00243509
2003,87,2,162.37,115.698833,35.764222,269.11,0.00619052
2003,87,3,243.56,115.698232,35.763712,269.11,0.00616086
2003,87,4,324.74,115.697933,35.763067,508.32,0.00348357
2003,87,5,405.93,115.697933,35.762336,448.52,0.00215627
2003,88,0,0.00,115.700628,35.764222,1270.79,0.00000000
2003,88,1,60.93,115.701302,35.764222,1181.09,0.00000000
2003,88,2,121.85,115.701976,35.764222,149.51,0.00000000
2003,89,0,0.00,115.705479,35.846688,897.03,0.00000000
2003,89,1,19.28,115.705344,35.846822,1704.36,0.00000000
2003,89,2,38.56,115.705209,35.846957,1674.46,0.00000000
2003,9,0,0.00,115.695508,35.793867,1121.29,0.00000000
2003,9,1,60.90,115.694834,35.793867,1794.06,0.00000000
2003,9,2,121.81,115.694160,35.793867,1360.50,0.00000000
2003,90,0,0.00,115.705209,35.846957,239.21,-0.00414859
2003,90,1,99.07,115.705487,35.847765,209.31,-0.00484345
2003,90,2,198.14,115.706375,35.848123,328.91,-0.00335902
2003,90,3,297.21,115.707365,35.848304,388.71,-0.00117974
2003,91,0,0.00,115.705479,35.846688,328.91,0.00766716
2003,91,1,71.84,115.705563,35.846064,792.38,0.01303827
2003,91,2,143.68,115.706250,35.845879,209.31,0.01424888
2003,91,3,215.52,115.706557,35.846418,224.26,0.01008838
2003,92,0,0.00,115.705479,35.846688,358.81,-0.00533924
2003,92,1,55.80,115.706097,35.846688,418.61,-0.00558632
2003,92,2,111.60,115.706557,35.846418,732.58,-0.00583340
2003,93,0,0.00,115.700628,35.762875,239.21,-0.00000000
2003,93,1,38.58,115.700359,35.762605,299.01,-0.00000000
2003,93,2,77.15,115.700089,35.762336,269.11,-0.00000000
2003,94,0,0.00,115.700628,35.762875,403.66,0.00874169
2003,94,1,62.95,115.701167,35.762605,1001.69,0.00874169
2003,94,2,125.89,115.701706,35.762875,433.57,0.00874169
2003,95,0,0.00,115.697933,35.762336,328.91,0.00000000
2003,95,1,97.49,115.699011,35.762336,358.81,0.00000000
2003,95,2,194.97,115.700089,35.762336,1031.59,0.00000000
2003,96,0,0.00,115.697933,35.762336,328.91,0.00202793
2003,96,1,98.13,115.697049,35.762142,269.11,0.00229068
2003,96,2,196.27,115.696572,35.761783,194.36,0.00029230
2003,96,3,294.40,115.695794,35.761258,239.21,-0.00188664
2003,96,4,392.54,115.694866,35.760988,239.21,-0.00090223
2003,96,5,490.67,115.693938,35.760719,239.21,-0.00017015
2003,96,6,588.80,115.693010,35.760449,239.21,-0.00091438
2003,96,7,686.94,115.692053,35.760229,269.11,-0.00058352
2003,96,8,785.07,115.690997,35.760180,239.21,0.00069331
2003,96,9,883.20,115.690068,35.759910,269.11,0.00020858
2003,96,10,981.34,115.689103,35.759704,284.06,-0.00048372
2003,96,11,1079.47,115.688120,35.759530,299.01,-0.00072380
2003,96,12,1177.61,115.687127,35.759371,299.01,-0.00044675
2003,96,13,1275.74,115.686042,35.759371,328.91,0.00035450
2003,96,14,1373.87,115.685071,35.759176,343.86,0.00048083
2003,96,15,1472.01,115.684029,35.759102,388.71,-0.00000000
2003,96,16,1570.14,115.683101,35.758832,388.71,-0.00102909
2003,96,17,1668.28,115.682016,35.758832,418.61,0.00000000
2003,96,18,1766.41,115.680940,35.758817,418.61,0.00073597
2003,96,19,1864.54,115.680003,35.758563,418.61,-0.00000000
2003,96,20,1962.68,115.678918,35.758563,418.61,0.00004944
2003,96,21,2060.81,115.677990,35.758293,388.71,-0.00082940
2003,96,22,2158.94,115.676905,35.758293,388.71,0.00000000
2003,96,23,2257.08,115.675820,35.758293,388.71,0.00082940
2003,96,24,2355.21,115.674892,35.758024,388.71,-0.00055188
2003,96,25,2453.35,115.673806,35.758024,358.81,-0.00000000
2003,96,26,2551.48,115.672776,35.757930,343.86,0.00025105
2003,96,27,2649.61,115.671793,35.757754,358.81,-0.00082940
2003,96,28,2747.75,115.670708,35.757754,328.91,0.00030084
2003,96,29,2845.88,115.669623,35.757754,328.91,0.00082940
2003,96,30,2944.02,115.668695,35.757485,299.01,-0.00082940
2003,96,31,3042.15,115.667610,35.757485,269.11,-0.00082940
2003,96,32,3140.28,115.666525,35.757485,239.21,0.00030100
2003,96,33,3238.42,115.665440,35.757485,239.21,0.00082940
2003,96,34,3336.55,115.664414,35.757383,224.26,0.00109026
2003,96,35,3434.68,115.663427,35.757215,209.31,0.00000000
2003,96,36,3532.82,115.662499,35.756946,239.21,-0.00112117
2003,96,37,3630.95,115.661414,35.756946,209.31,-0.00000000
2003,96,38,3729.09,115.660382,35.756854,164.46,0.00115624
2003,96,39,3827.22,115.659400,35.756676,179.41,0.00091438
2003,96,40,3925.35,115.658472,35.756407,179.41,-0.00059693
2003,96,41,4023.49,115.657544,35.756137,194.36,-0.00072458
2003,96,42,4121.62,115.656459,35.756137,209.31,0.00138276
2003,96,43,4219.76,115.655565,35.755810,179.41,0.00147056
2003,96,44,4317.89,115.654681,35.755465,224.26,0.00001110
2003,96,45,4416.02,115.653832,35.755059,224.26,-0.00074598
2003,96,46,4514.16,115.652904,35.754790,239.21,0.00010412
2003,96,47,4612.29,115.651976,35.754520,269.11,0.00094858
2003,96,48,4710.42,115.651145,35.754085,284.06,0.00054605
2003,96,49,4808.56,115.650277,35.753712,343.86,0.00000000
2003,96,50,4906.69,115.649476,35.753225,328.91,0.00000000
2003,96,51,5004.83,115.648578,35.752903,388.71,0.00091974
2003,96,52,5102.96,115.647807,35.752364,373.76,0.00147734
2003,97,0,0.00,115.707365,35.848304,568.12,-0.00207601
2003,97,1,78.43,115.707365,35.847598,403.66,-0.00324482
2003,97,2,156.86,115.707096,35.846969,343.86,-0.00325082
2003,97,3,235.29,115.706557,35.846418,164.46,-0.00208802
2003,98,0,0.00,115.707365,35.848304,328.91,0.00000000
2003,98,1,94.52,115.708125,35.848795,358.81,-0.00045601
2003,98,2,189.05,115.708885,35.849285,388.71,-0.00027599
2003,98,3,283.57,115.709718,35.849652,388.71,-0.00034698
2003,98,4,378.10,115.710449,35.850191,328.91,-0.00270615
2003,98,5,472.62,115.711364,35.850417,284.06,-0.00350514
2003,98,6,567.15,115.712323,35.850354,284.06,-0.00205020
2003,98,7,661.67,115.713274,35.850191,209.31,-0.00145978
2003,98,8,756.20,115.714163,35.849921,179.41,-0.00274269
2003,98,9,850.72,115.715000,35.849563,194.36,-0.00301785
2003,98,10,945.25,115.715452,35.848842,224.26,-0.00046498
2003,98,11,1039.77,115.716112,35.848181,254.16,0.00109829
2003,98,12,1134.30,115.716773,35.847521,328.91,0.00114889
2003,98,13,1228.82,115.717533,35.847030,358.81,-0.00000000
2003,98,14,1323.35,115.718293,35.846540,388.71,-0.00114889
2003,98,15,1417.87,115.718954,35.845879,448.52,-0.00110509
