year,link_id,sample_idx,s_m,lon,lat,B_m,C_1m
2010,0,0,0.00,115.758030,35.842106,657.82,-0.00437904
2010,0,1,83.88,115.758959,35.842106,1016.64,-0.00490696
2010,0,2,167.75,115.759600,35.841614,642.87,-0.00310063
2010,0,3,251.63,115.760186,35.841028,612.97,-0.00076637
2010,1,0,0.00,115.760186,35.841028,343.86,0.00000000
2010,1,1,29.90,115.760186,35.840759,373.76,0.00000000
2010,1,2,59.80,115.760186,35.840489,373.76,0.00000000
2010,10,0,0.00,115.762881,35.851538,1569.81,0.00000000
2010,10,1,69.66,115.763652,35.851538,1375.45,0.00168421
2010,10,2,139.31,115.764424,35.851538,852.18,0.00355053
2010,10,3,208.97,115.765037,35.851808,672.77,0.00373264
2010,100,0,0.00,115.719762,35.845071,1345.55,-0.00000000
2010,100,1,96.40,115.719088,35.844397,1166.14,-0.00000000
2010,100,2,192.80,115.718415,35.843723,867.13,-0.00000000
2010,101,0,0.00,115.872566,35.897083,598.02,-0.00222048
2010,101,1,95.66,115.871663,35.897352,418.61,-0.00356798
2010,101,2,191.33,115.870949,35.897916,403.66,-0.00383563
2010,101,3,286.99,115.870679,35.898700,538.22,-0.00275578
2010,102,0,0.00,115.872566,35.897083,1794.06,0.00085015
2010,102,1,87.07,115.873174,35.897692,1794.06,0.00064459
2010,102,2,174.13,115.873644,35.898341,1435.25,-0.00000000
2010,102,3,261.20,115.874183,35.898969,343.86,-0.00043903
2010,103,0,0.00,115.710869,35.849921,867.13,-0.00154562
2010,103,1,88.11,115.711067,35.849185,971.78,-0.00269541
2010,103,2,176.22,115.711012,35.848448,478.42,-0.00502937
2010,103,3,264.33,115.710605,35.847771,358.81,-0.00520522
2010,103,4,352.44,115.709791,35.847496,343.86,-0.00419689
2010,104,0,0.00,115.710869,35.849921,418.61,-0.00000000
2010,104,1,87.25,115.710060,35.849652,418.61,-0.00074805
2010,104,2,174.50,115.709252,35.849382,328.91,0.00000000
2010,104,3,261.75,115.708344,35.849283,343.86,0.00225071
2010,104,4,348.99,115.707635,35.848843,299.01,0.00300534
2010,105,0,0.00,115.870679,35.898700,523.27,-0.00097200
2010,105,1,84.33,115.869791,35.898779,403.66,-0.00299976
2010,105,2,168.65,115.868969,35.898969,418.61,-0.00467039
2010,105,3,252.98,115.868523,35.899508,418.61,-0.00431327
2010,106,0,0.00,115.870679,35.898700,1794.06,0.00000000
2010,106,1,77.10,115.871218,35.899239,1196.04,0.00000000
2010,106,2,154.20,115.871757,35.899778,747.53,0.00000000
2010,107,0,0.00,115.874183,35.898969,777.43,-0.00232030
2010,107,1,77.57,115.875042,35.898969,523.27,-0.00284255
2010,107,2,155.14,115.875764,35.898735,553.17,-0.00188210
2010,107,3,232.71,115.876445,35.898430,553.17,-0.00000000
2010,107,4,310.29,115.877147,35.898161,553.17,0.00039938
2010,108,0,0.00,115.874183,35.898969,553.17,0.00174006
2010,108,1,96.69,115.873507,35.899645,388.71,0.00411090
2010,108,2,193.38,115.872671,35.900047,523.27,0.00551983
2010,108,3,290.07,115.871757,35.899778,1031.59,0.00455793
2010,109,0,0.00,115.707635,35.848843,1345.55,0.00307094
2010,109,1,82.18,115.707061,35.849418,1121.29,0.00323309
2010,109,2,164.37,115.706287,35.849652,358.81,0.00339524
2010,11,0,0.00,115.756683,35.832943,1524.95,0.00000000
2010,11,1,82.19,115.757357,35.832539,1076.44,0.00000000
2010,11,2,164.39,115.758030,35.832135,239.21,0.00000000
2010,110,0,0.00,115.707635,35.848843,358.81,-0.00000000
2010,110,1,57.84,115.707231,35.848439,269.11,-0.00000000
2010,110,2,115.68,115.706826,35.848035,269.11,-0.00000000
2010,111,0,0.00,115.868523,35.899508,463.47,-0.00142287
2010,111,1,87.38,115.867614,35.899609,388.71,-0.00221371
2010,111,2,174.76,115.866804,35.899880,373.76,-0.00150227
2010,111,3,262.14,115.866094,35.900321,343.86,-0.00074117
2010,111,4,349.52,115.865284,35.900591,328.91,-0.00340766
2010,111,5,436.90,115.864674,35.901202,343.86,-0.00405149
2010,111,6,524.28,115.864481,35.901934,388.71,-0.00277001
2010,112,0,0.00,115.868523,35.899508,1794.06,-0.00000000
2010,112,1,38.55,115.868793,35.899778,1794.06,-0.00000000
2010,112,2,77.10,115.869062,35.900047,1196.04,-0.00000000
2010,113,0,0.00,115.871757,35.899778,478.42,0.00148467
2010,113,1,82.81,115.871488,35.900446,583.07,0.00422197
2010,113,2,165.63,115.871017,35.901057,403.66,0.00624849
2010,113,3,248.44,115.870140,35.901125,463.47,0.00553771
2010,114,0,0.00,115.706826,35.848035,299.01,0.00440068
2010,114,1,50.73,115.706373,35.847851,269.11,0.00418486
2010,114,2,101.46,115.706018,35.847496,299.01,0.00396904
2010,115,0,0.00,115.706826,35.848035,1450.20,-0.00000000
2010,115,1,77.12,115.707365,35.847496,837.23,-0.00000000
2010,115,2,154.24,115.707904,35.846957,508.32,-0.00000000
2010,116,0,0.00,115.864481,35.901934,448.52,-0.00161441
2010,116,1,88.30,115.863660,35.902203,388.71,-0.00156420
2010,116,2,176.60,115.862948,35.902658,388.71,-0.00072513
2010,116,3,264.90,115.862231,35.903105,388.71,-0.00065586
2010,116,4,353.20,115.861514,35.903553,358.81,-0.00264132
2010,116,5,441.49,115.860897,35.904170,403.66,-0.00393646
2010,116,6,529.79,115.860708,35.904911,328.91,-0.00254861
2010,116,7,618.09,115.860708,35.905707,239.21,-0.00113151
2010,117,0,0.00,115.864481,35.901934,1614.66,0.00000000
2010,117,1,92.63,115.865228,35.902411,1300.70,-0.00191849
2010,117,2,185.26,115.865975,35.902889,553.17,-0.00572140
2010,117,3,277.90,115.866821,35.902827,299.01,-0.00461480
2010,117,4,370.53,115.867568,35.902350,343.86,-0.00146781
2010,117,5,463.16,115.868415,35.902042,358.81,-0.00185351
2010,117,6,555.79,115.869062,35.901395,373.76,-0.00239517
2010,118,0,0.00,115.869062,35.900047,1196.04,0.00000000
2010,118,1,77.10,115.869601,35.900586,956.83,0.00000000
2010,118,2,154.20,115.870140,35.901125,343.86,0.00000000
2010,119,0,0.00,115.869062,35.900047,493.37,-0.00377248
2010,119,1,83.40,115.868793,35.900721,672.77,-0.00377248
2010,119,2,166.81,115.869062,35.901395,538.22,-0.00377248
2010,12,0,0.00,115.756683,35.832943,299.01,0.00138051
2010,12,1,84.21,115.756094,35.832355,254.16,0.00141919
2010,12,2,168.41,115.755715,35.831706,269.11,0.00072894
2010,12,3,252.62,115.755335,35.831057,224.26,-0.00000000
2010,121,0,0.00,115.870140,35.901125,493.37,0.00413965
2010,121,1,69.99,115.869551,35.901445,418.61,0.00508703
2010,121,2,139.98,115.869062,35.901395,523.27,0.00603441
2010,122,0,0.00,115.706018,35.847496,358.81,0.00477216
2010,122,1,83.87,115.705134,35.847420,179.41,0.00396013
2010,122,2,167.75,115.704548,35.846834,149.51,0.00080761
2010,122,3,251.62,115.703862,35.846418,224.26,-0.00153289
2010,123,0,0.00,115.706018,35.847496,1091.39,-0.00331724
2010,123,1,64.13,115.706287,35.846996,463.47,-0.00322412
2010,123,2,128.27,115.706287,35.846418,224.26,-0.00313100
2010,124,0,0.00,115.860708,35.905707,971.78,-0.00000000
2010,124,1,43.60,115.861112,35.905842,1121.29,-0.00000000
2010,124,2,87.20,115.861516,35.905976,792.38,-0.00000000
2010,125,0,0.00,115.860708,35.905707,194.36,-0.00170637
2010,125,1,99.72,115.860438,35.906528,224.26,-0.00261677
2010,125,2,199.44,115.860518,35.907403,194.36,-0.00156225
2010,125,3,299.16,115.860977,35.908169,209.31,0.00067268
2010,125,4,398.88,115.860977,35.909068,239.21,-0.00020133
2010,125,5,498.61,115.861247,35.909889,254.16,-0.00067268
2010,125,6,598.33,115.861516,35.910710,254.16,0.00000000
2010,125,7,698.05,115.861786,35.911531,284.06,-0.00037407
2010,125,8,797.77,115.862055,35.912351,313.96,-0.00039857
2010,125,9,897.49,115.862472,35.913130,343.86,0.00006123
2010,125,10,997.21,115.862751,35.913948,343.86,-0.00071329
2010,125,11,1096.93,115.863133,35.914736,388.71,-0.00106103
2010,125,12,1196.65,115.863727,35.915463,418.61,-0.00051417
2010,125,13,1296.37,115.864215,35.916221,418.61,-0.00062528
2010,125,14,1396.10,115.864912,35.916918,433.57,-0.00000000
2010,125,15,1495.82,115.865559,35.917630,388.71,-0.00024014
2010,125,16,1595.54,115.866098,35.918373,388.71,-0.00144106
2010,125,17,1695.26,115.866894,35.918900,328.91,-0.00090392
2010,125,18,1794.98,115.867677,35.919451,299.01,-0.00000012
2010,125,19,1894.70,115.868488,35.919955,269.11,0.00000000
2010,125,20,1994.42,115.869257,35.920529,194.36,-0.00079750
2010,125,21,2094.14,115.870081,35.921009,194.36,-0.00153685
2010,125,22,2193.86,115.870977,35.921366,164.46,-0.00111220
2010,125,23,2293.59,115.871941,35.921607,164.46,-0.00108496
2010,125,24,2393.31,115.872889,35.921876,179.41,-0.00078811
2010,125,25,2493.03,115.873994,35.921876,209.31,0.00000000
2010,125,26,2592.75,115.874941,35.922146,239.21,-0.00080255
2010,125,27,2692.47,115.876046,35.922146,239.21,-0.00080255
2010,125,28,2792.19,115.877151,35.922146,269.11,0.00000000
2010,125,29,2891.91,115.878256,35.922146,328.91,0.00065905
2010,125,30,2991.63,115.879361,35.922146,358.81,0.00080255
2010,125,31,3091.35,115.880335,35.922370,373.76,-0.00052940
2010,125,32,3191.08,115.881413,35.922415,418.61,-0.00160511
2010,125,33,3290.80,115.882518,35.922415,448.52,-0.00093220
2010,125,34,3390.52,115.883465,35.922146,418.61,0.00080255
2010,125,35,3490.24,115.884570,35.922146,388.71,0.00080255
2010,125,36,3589.96,115.885675,35.922146,358.81,0.00000000
2010,125,37,3689.68,115.886780,35.922146,328.91,0.00080255
2010,125,38,3789.40,115.887885,35.922146,299.01,0.00080255
2010,125,39,3889.12,115.888833,35.922415,299.01,-0.00080255
2010,125,40,3988.84,115.889938,35.922415,358.81,0.00000000
2010,125,41,4088.56,115.891043,35.922415,418.61,0.00168694
2010,125,42,4188.29,115.891990,35.922685,388.71,-0.00000000
2010,125,43,4288.01,115.892937,35.922954,388.71,-0.00129774
2010,125,44,4387.73,115.894042,35.922954,358.81,0.00000000
2010,125,45,4487.45,115.895068,35.923089,328.91,0.00074923
2010,125,46,4587.17,115.896095,35.923224,299.01,-0.00000000
2010,125,47,4686.89,115.897060,35.923463,254.16,-0.00024076
2010,125,48,4786.61,115.898147,35.923493,269.11,0.00201631
2010,125,49,4886.33,115.899094,35.923763,164.46,0.00221439
2010,125,50,4986.05,115.899847,35.924365,164.46,0.00060551
2010,125,51,5085.78,115.900744,35.924722,149.51,0.00134018
2010,125,52,5185.50,115.901441,35.925419,119.60,0.00187566
2010,125,53,5285.22,115.902138,35.926116,164.46,0.00100346
2010,125,54,5384.94,115.902480,35.926916,224.26,-0.00020713
2010,125,55,5484.66,115.903114,35.927632,239.21,0.00000000
2010,125,56,5584.38,115.903602,35.928389,254.16,0.00036281
2010,125,57,5684.10,115.904091,35.929147,269.11,0.00040942
2010,125,58,5783.82,115.904579,35.929905,284.06,0.00008958
2010,125,59,5883.54,115.904905,35.930709,299.01,-0.00129589
2010,125,60,5983.27,115.905445,35.931310,269.11,0.00115145
2010,125,61,6082.99,115.906143,35.932008,179.41,0.00578913
2010,125,62,6182.71,115.905874,35.932765,254.16,0.00289713
2010,125,63,6282.43,115.905177,35.933462,164.46,-0.00247704
2010,125,64,6382.15,115.905174,35.934360,134.55,-0.00108220
2010,125,65,6481.87,115.905174,35.935259,164.46,0.00170289
2010,125,66,6581.59,115.904905,35.936080,224.26,0.00162906
2010,125,67,6681.31,115.904479,35.936856,254.16,0.00018241
2010,125,68,6781.03,115.903990,35.937613,269.11,-0.00090765
2010,125,69,6880.76,115.903711,35.938431,313.96,-0.00018990
2010,125,70,6980.48,115.903432,35.939249,343.86,0.00031916
2010,125,71,7080.20,115.903018,35.940028,388.71,-0.00039239
2010,125,72,7179.92,115.902749,35.940849,388.71,0.00031957
2010,125,73,7279.64,115.902480,35.941670,463.47,0.00068746
2010,125,74,7379.36,115.901941,35.942413,478.42,-0.00053004
2010,125,75,7479.08,115.901671,35.943234,523.27,0.00002811
2010,125,76,7578.80,115.901340,35.944037,523.27,0.00095444
2010,125,77,7678.52,115.900851,35.944795,568.12,-0.00013327
2010,125,78,7778.25,115.900363,35.945552,538.22,-0.00003791
2010,125,79,7877.97,115.900084,35.946370,568.12,0.00265502
2010,125,80,7977.69,115.899486,35.946939,627.92,0.00314630
2010,125,81,8077.41,115.898601,35.947315,493.37,0.00104588
2010,125,82,8177.13,115.897704,35.947672,313.96,-0.00051529
2010,125,83,8276.85,115.896808,35.948029,224.26,-0.00113999
2010,125,84,8376.57,115.896012,35.948556,,-0.00112353
2010,126,0,0.00,115.703862,35.846418,119.60,-0.00000000
2010,126,1,90.79,115.703436,35.845723,194.36,-0.00000000
2010,126,2,181.57,115.703011,35.845028,179.41,-0.00055229
2010,126,3,272.36,115.702585,35.844333,299.01,0.00000000
2010,126,4,363.14,115.701976,35.843691,299.01,0.00111831
2010,126,5,453.93,115.701734,35.842943,358.81,0.00064184
2010,126,6,544.71,115.701309,35.842248,343.86,-0.00113241
2010,126,7,635.50,115.701092,35.841492,373.76,-0.00310758
2010,126,8,726.28,115.700359,35.841028,448.52,-0.00379869
2010,127,0,0.00,115.703862,35.846418,1091.39,-0.00866831
2010,127,1,34.23,115.703623,35.846657,911.98,-0.00878352
2010,127,2,68.46,115.703592,35.846957,403.66,-0.00889873
2010,128,0,0.00,115.706287,35.846418,448.52,-0.01150508
2010,128,1,31.45,115.706607,35.846368,687.72,-0.01110559
2010,128,2,62.91,115.706826,35.846149,523.27,-0.01070610
2010,129,0,0.00,115.706287,35.846418,149.51,-0.00396899
2010,129,1,50.73,115.705933,35.846063,149.51,-0.00418480
2010,129,2,101.47,115.705479,35.845879,179.41,-0.00440062
2010,13,0,0.00,115.780668,35.859623,1136.24,0.00128103
2010,13,1,89.65,115.781086,35.858936,882.08,0.00246204
2010,13,2,179.31,115.781712,35.858309,642.87,0.00541752
2010,13,3,268.96,115.782528,35.858006,343.86,0.00584058
2010,13,4,358.61,115.783363,35.858276,508.32,0.00448918
2010,130,0,0.00,115.700359,35.841028,313.96,-0.00060003
2010,130,1,98.80,115.700359,35.840138,358.81,-0.00064857
2010,130,2,197.60,115.700231,35.839284,358.81,-0.00003670
2010,130,3,296.40,115.700089,35.838435,299.01,0.00064857
2010,130,4,395.21,115.700089,35.837544,269.11,-0.00031185
2010,130,5,494.01,115.700089,35.836654,313.96,-0.00133508
2010,130,6,592.81,115.699820,35.835841,299.01,-0.00068651
2010,130,7,691.61,115.699550,35.835029,343.86,-0.00070126
2010,130,8,790.41,115.699281,35.834217,388.71,-0.00139098
2010,130,9,889.21,115.698742,35.833482,418.61,-0.00137944
2010,131,0,0.00,115.700359,35.841028,583.07,0.00215830
2010,131,1,71.02,115.699862,35.841524,747.53,0.00435331
2010,131,2,142.05,115.699258,35.841837,224.26,0.00516837
2010,131,3,213.07,115.698472,35.841837,358.81,0.00378842
2010,132,0,0.00,115.698742,35.833482,418.61,0.00000000
2010,132,1,89.71,115.698742,35.832674,343.86,0.00000000
2010,132,2,179.41,115.698742,35.831865,343.86,0.00000000
2010,132,3,269.12,115.698742,35.831057,373.76,0.00000000
2010,132,4,358.82,115.698742,35.830248,418.61,0.00000000
2010,133,0,0.00,115.698742,35.833482,1106.34,0.00373094
2010,133,1,69.67,115.698128,35.833752,1435.25,0.00354895
2010,133,2,139.34,115.697357,35.833752,1091.39,0.00168348
2010,133,3,209.01,115.696586,35.833752,209.31,0.00000000
2010,134,0,0.00,115.698742,35.830248,418.61,-0.00160281
2010,134,1,89.05,115.698742,35.829446,418.61,-0.00080141
2010,134,2,178.11,115.698472,35.828721,343.86,0.00080141
2010,134,3,267.16,115.698472,35.827919,343.86,0.00080141
2010,134,4,356.21,115.698472,35.827116,373.76,-0.00165139
2010,134,5,445.26,115.698472,35.826313,373.76,-0.00334896
2010,134,6,534.32,115.697933,35.825667,448.52,-0.00339513
2010,135,0,0.00,115.698742,35.830248,1794.06,0.00000000
2010,135,1,85.23,115.697798,35.830248,1539.90,0.00000000
2010,135,2,170.45,115.696855,35.830248,1031.59,0.00000000
2010,136,0,0.00,115.698742,35.830248,1794.06,0.00000000
2010,136,1,97.40,115.699820,35.830248,1749.21,0.00000000
2010,136,2,194.80,115.700898,35.830248,568.12,0.00000000
2010,137,0,0.00,115.697933,35.825667,388.71,-0.00204161
2010,137,1,79.09,115.697933,35.824954,448.52,-0.00210482
2010,137,2,158.17,115.697664,35.824319,418.61,-0.00216803
2010,138,0,0.00,115.697933,35.825667,1794.06,0.00120934
2010,138,1,83.46,115.697010,35.825667,1151.19,0.00336443
2010,138,2,166.91,115.696171,35.825522,598.02,0.00739486
2010,138,3,250.37,115.695588,35.824938,418.61,0.01196477
2010,138,4,333.82,115.695816,35.824319,732.58,0.01082235
2010,138,5,417.28,115.696740,35.824319,1689.41,0.00349268
2010,138,6,500.74,115.697664,35.824319,1794.06,0.00000000
2010,14,0,0.00,115.780668,35.859623,538.22,-0.00573908
2010,14,1,75.07,115.781193,35.860148,493.37,-0.00438718
2010,14,2,150.14,115.782015,35.860162,358.81,-0.00304204
2010,14,3,225.21,115.782689,35.860432,358.81,-0.00456644
2010,14,4,300.28,115.783363,35.860162,553.17,-0.00608407
2010,140,0,0.00,115.697664,35.824319,373.76,-0.00564812
2010,140,1,68.47,115.697933,35.823780,328.91,-0.00564812
2010,140,2,136.93,115.697664,35.823241,328.91,-0.00564812
2010,141,0,0.00,115.697664,35.823241,1719.31,0.00000000
2010,141,1,85.23,115.696720,35.823241,1794.06,0.00000000
2010,141,2,170.47,115.695777,35.823241,478.42,0.00000000
2010,142,0,0.00,115.697664,35.823241,373.76,0.00000000
2010,142,1,79.09,115.697664,35.822529,358.81,-0.00073122
2010,142,2,158.17,115.697664,35.821816,358.81,-0.00210490
2010,142,3,237.26,115.697468,35.821160,343.86,-0.00197625
2010,142,4,316.34,115.697125,35.820547,328.91,-0.00120515
2010,143,0,0.00,115.697125,35.820547,1659.51,0.00000000
2010,143,1,73.06,115.696316,35.820547,1210.99,0.00000000
2010,143,2,146.12,115.695508,35.820547,777.43,0.00000000
2010,144,0,0.00,115.697125,35.820547,313.96,-0.00288551
2010,144,1,95.14,115.697394,35.819767,269.11,-0.00328224
2010,144,2,190.28,115.697125,35.818988,328.91,-0.00144275
2010,144,3,285.43,115.696714,35.818249,284.06,0.00078949
2010,144,4,380.57,115.696586,35.817429,269.11,0.00037636
2010,144,5,475.71,115.696316,35.816650,269.11,0.00034942
2010,144,6,570.85,115.696182,35.815831,239.21,-0.00000326
2010,144,7,665.99,115.696047,35.815013,269.11,-0.00074217
2010,144,8,761.14,115.695777,35.814233,239.21,0.00036907
2010,144,9,856.28,115.695508,35.813454,239.21,0.00074217
2010,144,10,951.42,115.695508,35.812596,269.11,-0.00090864
2010,144,11,1046.56,115.695238,35.811817,239.21,-0.00074217
2010,144,12,1141.70,115.694909,35.811055,284.06,0.00033223
2010,144,13,1236.84,115.694699,35.810258,269.11,0.00060081
2010,144,14,1331.99,115.694430,35.809479,269.11,0.00049628
2010,144,15,1427.13,115.694377,35.808637,224.26,-0.00121098
2010,144,16,1522.27,115.694131,35.807851,254.16,-0.00133544
2010,144,17,1617.41,115.693621,35.807141,284.06,0.00135234
2010,144,18,1712.55,115.693352,35.806361,179.41,0.00211615
2010,144,19,1807.70,115.693352,35.805504,179.41,0.00070058
2010,144,20,1902.84,115.693352,35.804646,269.11,0.00000000
2010,145,0,0.00,115.693352,35.804646,373.76,0.00536824
2010,145,1,80.73,115.692813,35.804216,194.36,0.00418157
2010,145,2,161.45,115.692813,35.803489,209.31,0.00126641
2010,145,3,242.18,115.692605,35.802822,299.01,0.00278482
2010,145,4,322.91,115.692543,35.802112,343.86,0.00590895
2010,145,5,403.64,115.693082,35.801682,642.87,0.00578616
2010,146,0,0.00,115.693352,35.804646,1196.04,-0.00268282
2010,146,1,82.21,115.694104,35.804377,583.07,-0.00257873
2010,146,2,164.42,115.694699,35.803838,343.86,-0.00247464
2010,147,0,0.00,115.693082,35.801682,373.76,0.00000000
2010,147,1,91.87,115.693082,35.800854,388.71,0.00000000
2010,147,2,183.74,115.693082,35.800026,433.57,0.00075240
2010,147,3,275.62,115.693082,35.799198,508.32,0.00155002
2010,147,4,367.49,115.693352,35.798448,523.27,0.00159524
2010,148,0,0.00,115.693082,35.801682,448.52,0.00139229
2010,148,1,97.07,115.693760,35.802360,418.61,0.00106138
2010,148,2,194.14,115.694160,35.803119,179.41,-0.00000000
2010,148,3,291.21,115.694699,35.803838,328.91,-0.00073047
2010,149,0,0.00,115.694699,35.803838,1031.59,0.00000000
2010,149,1,12.18,115.694834,35.803838,1031.59,0.00000000
2010,149,2,24.36,115.694969,35.803838,687.72,0.00000000
2010,15,0,0.00,115.755335,35.831057,299.01,-0.00040662
2010,15,1,85.75,115.754701,35.830518,299.01,-0.00067034
2010,15,2,171.50,115.754038,35.830029,343.86,-0.00073176
2010,15,3,257.24,115.753339,35.829599,313.96,-0.00026473
2010,15,4,342.99,115.752641,35.829170,343.86,-0.00000000
2010,151,0,0.00,115.693352,35.798448,1794.06,-0.00161330
2010,151,1,99.47,115.694452,35.798448,1270.79,-0.00169552
2010,151,2,198.94,115.695395,35.798178,1031.59,-0.00181219
2010,151,3,298.41,115.696339,35.797909,687.72,-0.00182134
2010,151,4,397.88,115.697125,35.797370,553.17,-0.00179603
2010,152,0,0.00,115.693352,35.798448,672.77,0.00428260
2010,152,1,78.44,115.693082,35.797819,612.97,0.00428260
2010,152,2,156.88,115.693352,35.797190,612.97,0.00214130
2010,152,3,235.31,115.693621,35.796562,433.57,0.00000000
2010,153,0,0.00,115.697125,35.797370,463.47,0.00784420
2010,153,1,61.37,115.697136,35.796820,418.61,0.00825722
2010,153,2,122.73,115.697664,35.796562,702.67,0.00867023
2010,154,0,0.00,115.697125,35.797370,717.63,0.00000000
2010,154,1,38.57,115.697394,35.797639,747.53,0.00000000
2010,154,2,77.14,115.697664,35.797909,553.17,0.00000000
2010,155,0,0.00,115.693621,35.796562,1794.06,0.00000000
2010,155,1,97.44,115.694699,35.796562,1794.06,0.00000000
2010,155,2,194.89,115.695777,35.796562,254.16,0.00000000
2010,156,0,0.00,115.693621,35.796562,448.52,0.00000000
2010,156,1,85.52,115.693621,35.795947,433.57,0.00000000
2010,156,2,171.03,115.693621,35.795176,388.71,-0.00000000
2010,156,3,256.55,115.693621,35.794406,583.07,0.00000000
2010,157,0,0.00,115.693621,35.794406,1794.06,0.00000000
2010,157,1,93.85,115.694659,35.794406,1794.06,0.00000000
2010,157,2,187.70,115.695698,35.794406,388.71,-0.00020530
2010,157,3,281.55,115.696736,35.794406,284.06,-0.00363052
2010,157,4,375.40,115.697394,35.794352,433.57,-0.00590175
2010,157,5,469.24,115.697882,35.793648,403.66,-0.00310746
2010,157,6,563.09,115.698203,35.792895,343.86,-0.00077758
2010,157,7,656.94,115.698472,35.792127,343.86,0.00054770
2010,157,8,750.79,115.698742,35.791360,299.01,0.00000000
2010,157,9,844.64,115.699252,35.790662,418.61,-0.00202846
2010,157,10,938.49,115.699281,35.789824,463.47,-0.00266820
2010,158,0,0.00,115.693621,35.794406,672.77,0.00253801
2010,158,1,90.39,115.693352,35.793669,343.86,0.00238063
2010,158,2,180.77,115.693510,35.792900,358.81,0.00064840
2010,158,3,271.16,115.693621,35.792118,328.91,-0.00000000
2010,158,4,361.55,115.693621,35.791303,358.81,0.00046323
2010,158,5,451.93,115.693891,35.790567,328.91,0.00000000
2010,158,6,542.32,115.693891,35.789752,328.91,0.00082487
2010,158,7,632.71,115.694160,35.789016,448.52,0.00164974
2010,159,0,0.00,115.694160,35.789016,1779.11,0.00187897
2010,159,1,92.37,115.695182,35.789016,1794.06,0.00197760
2010,159,2,184.75,115.696047,35.789285,792.38,0.00207623
2010,16,0,0.00,115.755335,35.831057,1151.19,0.00307049
2010,16,1,82.19,115.755910,35.830482,687.72,0.00323256
2010,16,2,164.39,115.756683,35.830248,553.17,0.00339463
2010,160,0,0.00,115.694160,35.789016,538.22,0.00065076
2010,160,1,99.73,115.694160,35.788117,299.01,0.00063677
2010,160,2,199.47,115.694300,35.787259,358.81,0.00103366
2010,160,3,299.20,115.694430,35.786397,328.91,0.00067392
2010,160,4,398.94,115.694858,35.785623,328.91,-0.00044966
2010,160,5,498.67,115.694969,35.784756,358.81,-0.00005409
2010,160,6,598.41,115.695238,35.783935,328.91,0.00037134
2010,160,7,698.14,115.695486,35.783108,343.86,0.00079713
2010,160,8,797.88,115.695765,35.782290,373.76,0.00074880
2010,160,9,897.61,115.696316,35.781551,358.81,-0.00074304
2010,160,10,997.35,115.696586,35.780730,328.91,-0.00003008
2010,160,11,1097.08,115.696855,35.779909,418.61,0.00068875
2010,160,12,1196.82,115.697394,35.779167,388.71,-0.00068875
2010,160,13,1296.55,115.697664,35.778346,388.71,-0.00136267
2010,160,14,1396.29,115.697933,35.777525,373.76,0.00000000
2010,160,15,1496.02,115.697933,35.776627,358.81,0.00136267
2010,160,16,1595.76,115.698472,35.775884,388.71,-0.00000000
2010,160,17,1695.49,115.698742,35.775063,373.76,-0.00128399
2010,160,18,1795.23,115.699011,35.774242,373.76,-0.00004827
2010,160,19,1894.96,115.699043,35.773353,388.71,0.00120204
2010,160,20,1994.70,115.699531,35.772595,358.81,0.00009661
2010,160,21,2094.43,115.699820,35.771780,343.86,-0.00060680
2010,160,22,2194.17,115.700089,35.770960,358.81,-0.00009669
2010,161,0,0.00,115.696047,35.789285,463.47,0.00000000
2010,161,1,92.09,115.696586,35.789959,418.61,0.00000000
2010,161,2,184.18,115.697125,35.790633,418.61,0.00000000
2010,162,0,0.00,115.696047,35.789285,418.61,0.00343849
2010,162,1,93.39,115.696765,35.788746,568.12,0.00259276
2010,162,2,186.78,115.697749,35.788661,538.22,0.00065833
2010,162,3,280.16,115.698600,35.788349,448.52,0.00042064
2010,162,4,373.55,115.699550,35.788207,239.21,0.00127165
2010,163,0,0.00,115.700089,35.770960,1659.51,-0.00430275
2010,163,1,81.51,115.700991,35.770960,657.82,-0.00769906
2010,163,2,163.02,115.701625,35.770502,284.06,-0.01043387
2010,163,3,244.54,115.701427,35.769872,418.61,-0.00769352
2010,163,4,326.05,115.700857,35.769302,687.72,-0.00453414
2010,163,5,407.56,115.700089,35.769073,1315.65,-0.00345359
2010,164,0,0.00,115.700089,35.770960,358.81,0.00238202
2010,164,1,75.55,115.699820,35.770357,343.86,0.00343385
2010,164,2,151.10,115.699820,35.769676,313.96,0.00343385
2010,164,3,226.66,115.700089,35.769073,299.01,0.00238202
2010,165,0,0.00,115.699550,35.788207,343.86,-0.00152465
2010,165,1,83.42,115.699924,35.787564,358.81,-0.00151951
2010,165,2,166.85,115.700089,35.786860,358.81,-0.00151438
2010,166,0,0.00,115.699550,35.788207,403.66,-0.00000000
2010,166,1,38.57,115.699820,35.788477,388.71,-0.00000000
2010,166,2,77.14,115.700089,35.788746,343.86,-0.00000000
2010,167,0,0.00,115.700089,35.769073,299.01,0.00000000
2010,167,1,81.21,115.700089,35.768341,299.01,0.00000000
2010,167,2,162.43,115.700089,35.767609,269.11,0.00096776
2010,167,3,243.64,115.700089,35.766877,284.06,0.00199536
2010,167,4,324.85,115.700359,35.766223,269.11,0.00102760
2010,167,5,406.07,115.700628,35.765570,194.36,0.00000000
2010,168,0,0.00,115.700628,35.765570,1569.81,0.00000000
2010,168,1,60.93,115.701302,35.765570,1539.90,0.00000000
2010,168,2,121.85,115.701976,35.765570,44.85,0.00000000
2010,169,0,0.00,115.700628,35.765570,269.11,0.00204301
2010,169,1,79.09,115.700628,35.764857,179.41,0.00210634
2010,169,2,158.18,115.700898,35.764222,194.36,0.00216966
2010,17,0,0.00,115.783363,35.858276,1794.06,0.00000000
2010,17,1,69.77,115.783363,35.858905,1166.14,0.00000000
2010,17,2,139.54,115.783363,35.859533,1794.06,0.00000000
2010,17,3,209.31,115.783363,35.860162,1794.06,0.00000000
2010,170,0,0.00,115.700898,35.764222,1420.30,0.00000000
2010,170,1,48.74,115.701437,35.764222,1136.24,0.00000000
2010,170,2,97.48,115.701976,35.764222,44.85,0.00000000
2010,171,0,0.00,115.700898,35.764222,179.41,0.00269648
2010,171,1,98.38,115.700628,35.763414,149.51,0.00269648
2010,171,2,196.76,115.700898,35.762605,493.37,0.00269648
2010,172,0,0.00,115.700898,35.762605,1240.89,0.00889210
2010,172,1,43.66,115.701380,35.762605,882.08,0.00908094
2010,172,2,87.32,115.701706,35.762875,299.01,0.00926978
2010,173,0,0.00,115.700898,35.762605,224.26,-0.00234243
2010,173,1,77.65,115.700564,35.762002,358.81,-0.00340478
2010,173,2,155.30,115.699982,35.761527,418.61,-0.00338022
2010,173,3,232.95,115.699281,35.761258,418.61,-0.00229330
2010,174,0,0.00,115.699281,35.761258,418.61,-0.00391642
2010,174,1,68.03,115.698685,35.760988,388.71,-0.00372670
2010,174,2,136.06,115.697933,35.760988,388.71,-0.00353699
2010,175,0,0.00,115.699281,35.761258,687.72,0.00000000
2010,175,1,85.27,115.698685,35.761853,926.93,0.00068245
2010,175,2,170.55,115.698089,35.762449,687.72,0.00142310
2010,175,3,255.82,115.697394,35.762875,403.66,0.00148131
2010,176,0,0.00,115.697933,35.760988,448.52,-0.00463468
2010,176,1,87.32,115.697282,35.760449,254.16,-0.00348515
2010,176,2,174.64,115.696316,35.760449,269.11,-0.00222292
2010,176,3,261.96,115.695508,35.760180,269.11,-0.00327803
2010,176,4,349.28,115.694699,35.760449,448.52,-0.00444585
2010,177,0,0.00,115.697933,35.760988,867.13,0.00171240
2010,177,1,96.32,115.697260,35.761661,657.82,0.00352828
2010,177,2,192.64,115.696431,35.762066,254.16,0.00686064
2010,177,3,288.96,115.695418,35.761977,269.11,0.00732829
2010,177,4,385.27,115.694954,35.761243,642.87,0.00371217
2010,177,5,481.59,115.694699,35.760449,837.23,0.00114488
2010,178,0,0.00,115.694699,35.760449,328.91,-0.00219954
2010,178,1,89.86,115.693863,35.760180,358.81,-0.00209422
2010,178,2,179.72,115.692869,35.760180,418.61,-0.00099445
2010,178,3,269.59,115.691875,35.760180,418.61,-0.00000000
2010,178,4,359.45,115.691196,35.760180,328.91,0.00000000
2010,179,0,0.00,115.691196,35.760180,1794.06,0.00000000
2010,179,1,44.85,115.691196,35.760584,1794.06,0.00000000
2010,179,2,89.70,115.691196,35.760988,882.08,0.00000000
2010,18,0,0.00,115.783363,35.858276,508.32,0.00428769
2010,18,1,79.13,115.784082,35.858006,343.86,0.00545550
2010,18,2,158.25,115.784866,35.858162,508.32,0.00453117
2010,18,3,237.38,115.785519,35.858545,538.22,0.00243904
2010,180,0,0.00,115.691196,35.760180,448.52,-0.00344056
2010,180,1,98.83,115.690406,35.759660,388.71,-0.00256048
2010,180,2,197.65,115.689324,35.759641,418.61,-0.00090098
2010,180,3,296.48,115.688389,35.759371,418.61,-0.00009200
2010,180,4,395.31,115.687296,35.759371,388.71,0.00000000
2010,180,5,494.13,115.686355,35.759112,388.71,-0.00022356
2010,180,6,592.96,115.685268,35.759102,418.61,-0.00000000
2010,180,7,691.79,115.684279,35.758923,373.76,-0.00030008
2010,180,8,790.61,115.683239,35.758832,418.61,0.00000000
2010,180,9,889.44,115.682146,35.758832,448.52,0.00055486
2010,180,10,988.27,115.681211,35.758563,448.52,-0.00000000
2010,180,11,1087.09,115.680118,35.758563,448.52,-0.00000000
2010,180,12,1185.92,115.679182,35.758293,448.52,0.00000000
2010,180,13,1284.75,115.678090,35.758293,418.61,0.00000000
2010,180,14,1383.57,115.677154,35.758024,418.61,-0.00081747
2010,180,15,1482.40,115.676061,35.758024,418.61,-0.00068584
2010,180,16,1581.23,115.674968,35.758024,388.71,0.00081747
2010,180,17,1680.05,115.673902,35.757978,373.76,0.00054004
2010,180,18,1778.88,115.672940,35.757754,358.81,0.00000000
2010,180,19,1877.71,115.671847,35.757754,358.81,0.00014580
2010,180,20,1976.53,115.670912,35.757485,358.81,0.00000000
2010,180,21,2075.36,115.669819,35.757485,358.81,0.00000000
2010,180,22,2174.19,115.668883,35.757215,358.81,-0.00081747
2010,180,23,2273.01,115.667790,35.757215,328.91,-0.00000000
2010,180,24,2371.84,115.666698,35.757215,299.01,0.00081747
2010,180,25,2470.67,115.665762,35.756946,299.01,-0.00081747
2010,180,26,2569.49,115.664669,35.756946,299.01,0.00000000
2010,180,27,2668.32,115.663576,35.756946,239.21,0.00138675
2010,180,28,2767.15,115.662641,35.756676,269.11,-0.00000000
2010,180,29,2865.97,115.661648,35.756504,224.26,-0.00110386
2010,180,30,2964.80,115.660612,35.756407,209.31,-0.00081747
2010,180,31,3063.63,115.659520,35.756407,209.31,0.00053458
2010,180,32,3162.45,115.658427,35.756407,179.41,0.00081747
2010,180,33,3261.28,115.657491,35.756137,209.31,0.00032974
2010,180,34,3360.10,115.656398,35.756137,179.41,0.00183628
2010,180,35,3458.93,115.655522,35.755767,194.36,0.00115618
2010,180,36,3557.76,115.654684,35.755329,209.31,-0.00093530
2010,180,37,3656.58,115.653748,35.755059,239.21,-0.00005465
2010,180,38,3755.41,115.652813,35.754790,209.31,0.00093530
2010,180,39,3854.24,115.651966,35.754367,269.11,-0.00012626
2010,180,40,3953.06,115.651098,35.753981,269.11,0.00000000
2010,180,41,4051.89,115.650163,35.753712,328.91,0.00213303
2010,180,42,4150.72,115.649384,35.753173,373.76,0.00116851
2010,180,43,4249.54,115.648885,35.752547,343.86,-0.00349521
2010,180,44,4348.37,115.648331,35.752364,388.71,-0.00210381
2010,180,45,4447.20,115.647249,35.752346,388.71,0.00267842
2010,180,46,4546.02,115.646460,35.751825,418.61,0.00344056
2010,181,0,0.00,115.646460,35.751825,762.48,-0.00131621
2010,181,1,98.15,115.646460,35.750941,418.61,-0.00205374
2010,181,2,196.30,115.646190,35.750134,179.41,-0.00288246
2010,181,3,294.46,115.645656,35.749405,179.41,-0.00249380
2010,181,4,392.61,115.644888,35.748861,328.91,-0.00085059
2010,181,5,490.76,115.644086,35.748374,299.01,-0.00058144
2010,181,6,588.91,115.643345,35.747783,313.96,-0.00186760
2010,181,7,687.07,115.642417,35.747514,343.86,-0.00225955
2010,182,0,0.00,115.646460,35.751825,358.81,0.00163135
2010,182,1,80.23,115.645602,35.751776,313.96,0.00168726
2010,182,2,160.45,115.644843,35.751556,328.91,0.00174317
2010,183,0,0.00,115.642417,35.747514,313.96,0.00000000
2010,183,1,19.29,115.642282,35.747379,328.91,0.00000000
2010,183,2,38.58,115.642148,35.747244,373.76,0.00000000
2010,184,0,0.00,115.642417,35.747514,822.28,0.00000000
2010,184,1,96.45,115.641743,35.748187,1794.06,0.00000000
2010,184,2,192.89,115.641070,35.748861,1794.06,0.00000000
2010,185,0,0.00,115.642148,35.747244,448.52,-0.00803731
2010,185,1,80.55,115.641414,35.746975,568.12,-0.00792791
2010,185,2,161.10,115.640824,35.747490,1794.06,-0.00411493
2010,185,3,241.64,115.640261,35.748052,1794.06,-0.00041135
2010,186,0,0.00,115.642148,35.747244,538.22,0.00000000
2010,186,1,19.29,115.642282,35.747109,732.58,0.00000000
2010,186,2,38.58,115.642417,35.746975,299.01,0.00000000
2010,187,0,0.00,115.644843,35.751556,1435.25,0.00499335
2010,187,1,83.73,115.644231,35.752095,702.67,0.00732649
2010,187,2,167.47,115.643305,35.752095,313.96,0.00858580
2010,187,3,251.20,115.642691,35.751560,179.41,0.00508467
2010,187,4,334.93,115.642417,35.750885,373.76,0.00134409
2010,187,5,418.67,115.642148,35.750208,373.76,0.00003082
2010,188,0,0.00,115.644843,35.751556,388.71,-0.00128041
2010,188,1,89.72,115.644425,35.750869,209.31,-0.00252844
2010,188,2,179.43,115.643798,35.750242,179.41,-0.00541159
2010,188,3,269.15,115.642973,35.749956,403.66,-0.00566512
2010,188,4,358.87,115.642148,35.750208,822.28,-0.00428352
2010,189,0,0.00,115.641070,35.748861,538.22,0.00000000
2010,189,1,24.38,115.640800,35.748861,538.22,0.00000000
2010,189,2,48.75,115.640531,35.748861,568.12,0.00000000
2010,190,0,0.00,115.641070,35.748861,269.11,-0.00121296
2010,190,1,92.11,115.641504,35.749565,328.91,-0.00118216
2010,190,2,184.21,115.642148,35.750208,328.91,-0.00115136
2010,191,0,0.00,115.640261,35.748052,388.71,-0.00539380
2010,191,1,49.19,115.640261,35.748496,358.81,-0.00550548
2010,191,2,98.38,115.640531,35.748861,269.11,-0.00561716
2010,192,0,0.00,115.640261,35.748052,299.01,-0.00534803
2010,192,1,62.95,115.639821,35.747613,358.81,-0.00554705
2010,192,2,125.91,115.639183,35.747514,388.71,-0.00574607
2010,194,0,0.00,115.640531,35.748861,1240.89,0.00396642
2010,194,1,50.77,115.640176,35.749216,1405.35,0.00418178
2010,194,2,101.53,115.639722,35.749400,777.43,0.00439714
2010,195,0,0.00,115.639183,35.747514,553.17,-0.00596692
2010,195,1,94.41,115.638942,35.746733,358.81,-0.00601299
2010,195,2,188.81,115.637984,35.746584,358.81,-0.00302953
2010,195,3,283.22,115.637027,35.746436,478.42,-0.00000000
2010,196,0,0.00,115.639183,35.747514,1794.06,-0.00000000
2010,196,1,77.16,115.638644,35.748052,1405.35,-0.00000000
2010,196,2,154.31,115.638105,35.748591,672.77,-0.00000000
2010,197,0,0.00,115.637027,35.746436,642.87,0.00000000
2010,197,1,80.79,115.637027,35.747164,583.07,-0.00224387
2010,197,2,161.58,115.637027,35.747892,463.47,-0.00492606
2010,197,3,242.36,115.637566,35.748322,328.91,-0.00536438
2010,198,0,0.00,115.637027,35.746436,448.52,-0.00140548
2010,198,1,84.07,115.636440,35.745848,418.61,-0.00070274
2010,198,2,168.14,115.635754,35.745431,433.57,-0.00000000
2010,198,3,252.20,115.635166,35.744844,373.76,-0.00076326
2010,198,4,336.27,115.634480,35.744427,433.57,-0.00076326
2010,198,5,420.34,115.633793,35.744010,418.61,0.00000000
2010,199,0,0.00,115.633793,35.744010,373.76,-0.00471640
2010,199,1,65.72,115.633543,35.743490,343.86,-0.00480363
2010,199,2,131.44,115.632985,35.743202,418.61,-0.00489086
2010,2,0,0.00,115.760186,35.841028,448.52,0.00137916
2010,2,1,81.32,115.760546,35.841657,418.61,0.00000000
2010,2,2,162.63,115.760725,35.842338,493.37,-0.00201116
2010,2,3,243.95,115.761264,35.842915,508.32,-0.00264315
2010,20,0,0.00,115.783363,35.860162,388.71,-0.00415171
2010,20,1,74.39,115.784029,35.860432,358.81,-0.00456979
2010,20,2,148.77,115.784800,35.860342,343.86,-0.00302695
2010,20,3,223.16,115.785519,35.860162,478.42,-0.00106603
2010,200,0,0.00,115.633793,35.744010,1794.06,0.00137648
2010,200,1,91.15,115.633157,35.744647,1420.30,0.00548099
2010,200,2,182.31,115.632406,35.745088,538.22,0.01258575
2010,200,3,273.46,115.631907,35.744532,493.37,0.01120211
2010,200,4,364.61,115.632348,35.743838,1794.06,0.00395846
2010,200,5,455.77,115.632985,35.743202,1794.06,0.00109870
2010,202,0,0.00,115.632985,35.743202,403.66,-0.00215870
2010,202,1,71.08,115.632488,35.742705,358.81,-0.00434840
2010,202,2,142.16,115.631884,35.742393,433.57,-0.00515865
2010,202,3,213.25,115.631098,35.742393,478.42,-0.00377920
2010,203,0,0.00,115.631098,35.742393,478.42,-0.00311419
2010,203,1,99.35,115.630613,35.741638,418.61,-0.00205005
2010,203,2,198.70,115.629721,35.741285,448.52,0.00004474
2010,203,3,298.05,115.629027,35.740591,418.61,-0.00000000
2010,203,4,397.41,115.628234,35.740067,448.52,-0.00053769
2010,203,5,496.76,115.627441,35.739544,448.52,0.00000000
2010,203,6,596.11,115.626648,35.739020,448.52,0.00000000
2010,203,7,695.46,115.625854,35.738496,448.52,-0.00000000
2010,203,8,794.81,115.625061,35.737973,448.52,-0.00000000
2010,203,9,894.16,115.624268,35.737449,448.52,0.00053769
2010,203,10,993.52,115.623475,35.736925,433.57,0.00000000
2010,203,11,1092.87,115.622781,35.736231,418.61,-0.00110456
2010,203,12,1192.22,115.621889,35.735878,418.61,-0.00000000
2010,203,13,1291.57,115.621095,35.735354,403.66,0.00110456
2010,203,14,1390.92,115.620302,35.734831,403.66,0.00004593
2010,203,15,1490.27,115.619608,35.734137,388.71,-0.00053769
2010,203,16,1589.63,115.618724,35.733769,418.61,0.00005326
2010,203,17,1688.98,115.618022,35.733089,388.71,-0.00036422
2010,203,18,1788.33,115.617156,35.732691,388.71,-0.00000000
2010,203,19,1887.68,115.616371,35.732152,388.71,0.00046341
2010,203,20,1987.03,115.615587,35.731613,343.86,-0.00000000
2010,203,21,2086.38,115.614803,35.731074,328.91,-0.00039831
2010,203,22,2185.74,115.614019,35.730535,388.71,-0.00044951
2010,203,23,2285.09,115.613164,35.730118,358.81,-0.00008953
2010,203,24,2384.44,115.612371,35.729594,358.81,0.00035031
2010,203,25,2483.79,115.611509,35.729188,388.71,0.00021545
2010,203,26,2583.14,115.610784,35.728547,343.86,-0.00056687
2010,203,27,2682.49,115.609892,35.728193,358.81,-0.00039366
2010,203,28,2781.85,115.609099,35.727670,358.81,0.00010217
2010,203,29,2881.20,115.608206,35.727316,388.71,0.00056687
2010,203,30,2980.55,115.607431,35.726762,328.91,0.00036594
2010,203,31,3079.90,115.606620,35.726269,313.96,-0.00056687
2010,203,32,3179.25,115.605827,35.725745,299.01,-0.00105136
2010,203,33,3278.60,115.604934,35.725392,328.91,-0.00000000
2010,203,34,3377.96,115.604042,35.725039,269.11,0.00089920
2010,203,35,3477.31,115.603249,35.724515,284.06,-0.00116769
2010,203,36,3576.66,115.602411,35.724067,239.21,-0.00235765
2010,203,37,3676.01,115.601365,35.723978,194.36,0.00058443
2010,203,38,3775.36,115.600373,35.723795,89.70,0.00179920
2010,203,39,3874.71,115.599580,35.723272,149.51,-0.00142617
2010,203,40,3974.07,115.598647,35.722989,209.31,-0.00341658
2010,203,41,4073.42,115.597548,35.722989,179.41,-0.00165768
2010,203,42,4172.77,115.596606,35.723256,209.31,-0.00001605
2010,203,43,4272.12,115.595509,35.723259,239.21,0.00000000
2010,203,44,4371.47,115.594568,35.723528,299.01,0.00000803
2010,203,45,4470.82,115.593470,35.723528,269.11,-0.00089096
2010,203,46,4570.18,115.592528,35.723798,239.21,-0.00089096
2010,203,47,4669.53,115.591587,35.724067,299.01,-0.00000000
2010,203,48,4768.88,115.590646,35.724337,299.01,-0.00092534
2010,203,49,4868.23,115.589705,35.724606,328.91,-0.00092534
2010,203,50,4967.58,115.588921,35.725145,328.91,0.00092534
2010,203,51,5066.93,115.587979,35.725415,358.81,0.00185068
2010,204,0,0.00,115.631098,35.742393,1794.06,-0.00430107
2010,204,1,78.45,115.630559,35.742944,1181.09,-0.00533189
2010,204,2,156.90,115.630559,35.743651,568.12,-0.00428478
2010,204,3,235.34,115.630829,35.744280,448.52,-0.00220686
2010,205,0,0.00,115.587979,35.725415,418.61,0.00235589
2010,205,1,92.28,115.587544,35.726120,284.06,0.00358929
2010,205,2,184.55,115.586800,35.726594,254.16,0.00322242
2010,205,3,276.83,115.585878,35.726762,328.91,0.00041157
2010,205,4,369.11,115.585015,35.727032,269.11,-0.00079900
2010,206,0,0.00,115.587979,35.725415,1330.60,-0.00442484
2010,206,1,89.58,115.587303,35.724876,627.92,-0.00484587
2010,206,2,179.16,115.586313,35.724876,313.96,-0.00462658
2010,206,3,268.74,115.585408,35.725022,284.06,-0.00601412
2010,206,4,358.32,115.584745,35.725495,373.76,-0.00704172
2010,206,5,447.90,115.584745,35.726303,553.17,-0.00386175
2010,206,6,537.48,115.585015,35.727032,1001.69,-0.00168202
2010,208,0,0.00,115.585015,35.727032,358.81,0.00186801
2010,208,1,85.80,115.584380,35.727571,358.81,0.00115536
2010,208,2,171.61,115.583618,35.727890,373.76,-0.00073125
2010,208,3,257.41,115.582954,35.728379,343.86,-0.00115536
2010,208,4,343.22,115.582320,35.728918,299.01,-0.00040551
2010,209,0,0.00,115.582320,35.728918,299.01,0.00534710
2010,209,1,62.96,115.581880,35.729358,269.11,0.00554598
2010,209,2,125.93,115.581242,35.729457,328.91,0.00574487
2010,21,0,0.00,115.752641,35.829170,343.86,-0.00213891
2010,21,1,96.70,115.752174,35.828434,299.01,-0.00216563
2010,21,2,193.40,115.751399,35.827928,299.01,-0.00109618
2010,21,3,290.10,115.750623,35.827423,299.01,-0.00059962
2010,21,4,386.81,115.749848,35.826917,269.11,-0.00106870
2010,21,5,483.51,115.748974,35.826582,209.31,-0.00070879
2010,21,6,580.21,115.748123,35.826206,179.41,-0.00062507
2010,21,7,676.91,115.747210,35.825936,194.36,-0.00132853
2010,21,8,773.61,115.746297,35.825667,239.21,-0.00179811
2010,21,9,870.31,115.745227,35.825667,328.91,-0.00085494
2010,21,10,967.02,115.744157,35.825667,358.81,-0.00085494
2010,21,11,1063.72,115.743087,35.825667,448.52,-0.00085494
2010,21,12,1160.42,115.742174,35.825936,508.32,-0.00011291
2010,21,13,1257.12,115.741104,35.825936,598.02,-0.00192024
2010,21,14,1353.82,115.740210,35.826239,657.82,-0.00252403
2010,21,15,1450.52,115.739435,35.826745,747.53,-0.00143340
2010,210,0,0.00,115.582320,35.728918,1794.06,-0.00000000
2010,210,1,77.16,115.581781,35.728379,1240.89,-0.00218152
2010,210,2,154.33,115.581242,35.727840,762.48,-0.00574578
2010,210,3,231.49,115.580703,35.727840,373.76,-0.00712853
2010,211,0,0.00,115.581242,35.729457,269.11,0.00265239
2010,211,1,92.69,115.580705,35.729996,328.91,0.00186744
2010,211,2,185.38,115.579858,35.730302,328.91,0.00053648
2010,211,3,278.07,115.579112,35.730779,328.91,-0.00020063
2010,211,4,370.76,115.578266,35.731086,388.71,-0.00065575
2010,211,5,463.45,115.577548,35.731613,343.86,-0.00026939
2010,211,6,556.14,115.576773,35.732040,373.76,0.00012780
2010,211,7,648.83,115.576026,35.732517,313.96,0.00180522
2010,211,8,741.52,115.575260,35.732961,299.01,0.00345816
2010,211,9,834.21,115.574235,35.732961,418.61,0.00318047
2010,212,0,0.00,115.581242,35.729457,1794.06,-0.00124079
2010,212,1,89.35,115.580618,35.728833,1524.95,-0.00129199
2010,212,2,178.71,115.579894,35.728379,837.23,-0.00134318
2010,213,0,0.00,115.574235,35.732961,762.48,-0.00204377
2010,213,1,79.09,115.574235,35.732248,941.88,-0.00210716
2010,213,2,158.19,115.573966,35.731613,792.38,-0.00217055
2010,214,0,0.00,115.574235,35.732961,373.76,0.00114910
2010,214,1,98.71,115.573446,35.733480,388.71,0.00071248
2010,214,2,197.43,115.572558,35.733829,403.66,0.00000000
2010,214,3,296.14,115.571746,35.734308,358.81,0.00006829
2010,214,4,394.86,115.570882,35.734697,358.81,0.00062212
2010,214,5,493.57,115.570035,35.735117,358.81,0.00093737
2010,214,6,592.29,115.569101,35.735386,373.76,0.00052984
2010,214,7,691.00,115.568166,35.735656,388.71,0.00000000
2010,214,8,789.72,115.567231,35.735923,388.71,-0.00001674
2010,214,9,888.43,115.566298,35.736195,403.66,-0.00022764
2010,214,10,987.15,115.565364,35.736464,418.61,-0.00092900
2010,214,11,1085.86,115.564468,35.736799,403.66,-0.00032497
2010,214,12,1184.58,115.563652,35.737273,358.81,0.00093737
2010,214,13,1283.29,115.562692,35.737497,358.81,0.00172128
2010,214,14,1382.01,115.561784,35.737812,358.81,0.00075613
2010,214,15,1480.72,115.560916,35.737656,164.46,-0.00170897
2010,214,16,1579.44,115.560072,35.738081,358.81,0.00014696
2010,214,17,1678.15,115.559138,35.738351,358.81,0.00169362
2010,214,18,1776.87,115.558047,35.738351,358.81,-0.00000000
2010,214,19,1875.58,115.557066,35.738541,373.76,-0.00050780
2010,214,20,1974.30,115.556021,35.738620,388.71,0.00000000
2010,214,21,2073.01,115.555087,35.738890,448.52,0.00025758
2010,214,22,2171.73,115.553996,35.738890,433.57,-0.00090309
2010,214,23,2270.44,115.553061,35.739159,448.52,-0.00061222
2010,214,24,2369.15,115.552127,35.739429,448.52,0.00090309
2010,214,25,2467.87,115.551143,35.739613,463.47,0.00032509
2010,214,26,2566.58,115.550102,35.739698,448.52,-0.00090309
2010,214,27,2665.30,115.549169,35.739971,463.47,0.00029671
2010,214,28,2764.01,115.548233,35.740237,448.52,0.00254182
2010,214,29,2862.73,115.547142,35.740237,478.42,0.00253224
2010,214,30,2961.44,115.546208,35.739968,403.66,0.00180618
2010,215,0,0.00,115.546208,35.739968,1794.06,-0.00013223
2010,215,1,75.96,115.546208,35.739283,1794.06,-0.00235553
2010,215,2,151.91,115.546191,35.738603,837.23,-0.01040180
2010,215,3,227.87,115.545660,35.738090,343.86,-0.01382206
2010,215,4,303.83,115.545130,35.738620,598.02,-0.01141934
2010,216,0,0.00,115.546208,35.739968,508.32,0.00581939
2010,216,1,55.86,115.545747,35.740237,448.52,0.00557311
2010,216,2,111.71,115.545130,35.740237,418.61,0.00532684
2010,217,0,0.00,115.545130,35.738620,822.28,0.00000000
2010,217,1,89.70,115.545130,35.739429,1794.06,0.00000000
2010,217,2,179.41,115.545130,35.740237,1794.06,0.00000000
2010,218,0,0.00,115.545130,35.738620,448.52,0.00439676
2010,218,1,50.77,115.544676,35.738436,463.47,0.00418144
2010,218,2,101.54,115.544321,35.738081,642.87,0.00396613
2010,22,0,0.00,115.752641,35.829170,1405.35,-0.00185637
2010,22,1,72.80,115.752132,35.829679,717.63,-0.00191172
2010,22,2,145.59,115.751832,35.830248,612.97,-0.00196706
2010,220,0,0.00,115.545130,35.740237,388.71,0.00186066
2010,220,1,97.33,115.544211,35.740507,388.71,0.00177393
2010,220,2,194.65,115.543135,35.740507,388.71,0.00084360
2010,220,3,291.98,115.542059,35.740507,388.71,0.00000000
2010,220,4,389.31,115.540983,35.740507,418.61,0.00000000
2010,220,5,486.64,115.539907,35.740507,388.71,-0.00084360
2010,220,6,583.96,115.538831,35.740507,388.71,-0.00084360
2010,220,7,681.29,115.537912,35.740776,388.71,0.00084360
2010,220,8,778.62,115.536836,35.740776,388.71,0.00084360
2010,220,9,875.94,115.535760,35.740776,388.71,0.00000000
2010,220,10,973.27,115.534684,35.740776,388.71,0.00038341
2010,220,11,1070.60,115.533608,35.740776,358.81,0.00084360
2010,220,12,1167.93,115.532606,35.740649,358.81,0.00005059
2010,220,13,1265.25,115.531614,35.740507,358.81,0.00000000
2010,220,14,1362.58,115.530538,35.740507,358.81,0.00040960
2010,220,15,1459.91,115.529619,35.740237,358.81,-0.00084360
2010,220,16,1557.24,115.528543,35.740237,358.81,-0.00084360
2010,220,17,1654.56,115.527467,35.740237,388.71,0.00026841
2010,220,18,1751.89,115.526391,35.740237,448.52,0.00084360
2010,220,19,1849.22,115.525367,35.740148,403.66,0.00118966
2010,220,20,1946.54,115.524396,35.739968,388.71,0.00189465
2010,220,21,2043.87,115.523477,35.739698,358.81,0.00221337
2010,220,22,2141.20,115.522715,35.739159,373.76,0.00093319
2010,220,23,2238.53,115.521953,35.738620,254.16,0.00000000
2010,221,0,0.00,115.521953,35.738620,1270.79,0.00245842
2010,221,1,64.14,115.521983,35.738051,1495.05,0.00251547
2010,221,2,128.28,115.522223,35.737542,822.28,0.00257253
2010,222,0,0.00,115.521953,35.738620,358.81,-0.00000000
2010,222,1,99.16,115.521014,35.738351,299.01,0.00000000
2010,222,2,198.32,115.520075,35.738081,299.01,0.00000000
2010,222,3,297.48,115.519136,35.737812,239.21,0.00092898
2010,222,4,396.63,115.518197,35.737542,239.21,0.00092898
2010,222,5,495.79,115.517414,35.737003,149.51,0.00021609
2010,222,6,594.95,115.516475,35.736734,119.60,0.00253831
2010,222,7,694.11,115.515755,35.736144,179.41,0.00307270
2010,222,8,793.27,115.515441,35.735342,254.16,0.00085127
2010,222,9,892.43,115.514957,35.734589,328.91,0.00064137
2010,222,10,991.59,115.514682,35.733775,358.81,0.00054058
2010,222,11,1090.74,115.514407,35.732961,388.71,0.00000000
2010,223,0,0.00,115.514407,35.732961,1181.09,-0.00000000
2010,223,1,43.67,115.514003,35.732826,1181.09,-0.00000000
2010,223,2,87.34,115.513599,35.732691,1136.24,-0.00000000
2010,224,0,0.00,115.514407,35.732961,358.81,-0.00132274
2010,224,1,84.88,115.514677,35.732274,358.81,-0.00026134
2010,224,2,169.76,115.514758,35.731532,343.86,0.00218702
2010,224,3,254.64,115.515142,35.730879,373.76,0.00146652
2010,224,4,339.52,115.515735,35.730286,343.86,-0.00145421
2010,224,5,424.40,115.516024,35.729605,328.91,-0.00120518
2010,224,6,509.28,115.516294,35.728918,299.01,-0.00014287
2010,225,0,0.00,115.516294,35.728918,1255.84,0.00254239
2010,225,1,90.06,115.515566,35.728460,612.97,0.00469538
2010,225,2,180.11,115.515145,35.727770,358.81,0.01239290
2010,225,3,270.17,115.515470,35.727301,837.23,0.01337074
2010,225,4,360.23,115.516204,35.727750,792.38,0.00504936
2010,225,5,450.28,115.516833,35.728379,732.58,0.00129468
2010,226,0,0.00,115.516294,35.728918,299.01,0.00000000
2010,226,1,38.58,115.516563,35.728649,358.81,0.00000000
2010,226,2,77.16,115.516833,35.728379,269.11,0.00000000
2010,227,0,0.00,115.516833,35.728379,269.11,-0.00430168
2010,227,1,78.45,115.517372,35.727829,343.86,-0.00533266
2010,227,2,156.90,115.517372,35.727122,403.66,-0.00428542
2010,227,3,235.35,115.517102,35.726493,373.76,-0.00220721
2010,228,0,0.00,115.517102,35.726493,807.33,0.00129182
2010,228,1,84.51,115.516168,35.726493,837.23,0.00648052
2010,228,2,169.01,115.515327,35.726334,508.32,0.01462229
2010,228,3,253.52,115.515695,35.725744,343.86,0.01300901
2010,228,4,338.03,115.516595,35.725684,1091.39,0.00569878
2010,228,5,422.54,115.517372,35.725954,1794.06,0.00295490
2010,229,0,0.00,115.517102,35.726493,418.61,-0.00867177
2010,229,1,34.24,115.517341,35.726254,388.71,-0.00878753
2010,229,2,68.48,115.517372,35.725954,403.66,-0.00890328
2010,23,0,0.00,115.785519,35.858545,612.97,0.00000000
2010,23,1,89.71,115.785519,35.859354,1794.06,0.00000000
2010,23,2,179.41,115.785519,35.860162,1794.06,0.00000000
2010,231,0,0.00,115.517372,35.725954,463.47,-0.00229777
2010,231,1,94.57,115.518131,35.725464,403.66,-0.00226928
2010,231,2,189.13,115.518583,35.724743,284.06,-0.00100520
2010,231,3,283.70,115.519035,35.724021,313.96,-0.00116453
2010,231,4,378.26,115.519528,35.723312,328.91,-0.00190166
2010,231,5,472.83,115.519528,35.722460,313.96,-0.00062193
2010,231,6,567.40,115.519797,35.721686,433.57,-0.00071014
2010,231,7,661.96,115.519797,35.720834,448.52,-0.00142028
2010,232,0,0.00,115.519797,35.720834,433.57,-0.00368646
2010,232,1,77.72,115.520336,35.720431,388.71,-0.00427721
2010,232,2,155.43,115.520564,35.719797,388.71,-0.00333708
2010,232,3,233.15,115.520606,35.719109,299.01,-0.00105937
2010,232,4,310.86,115.520606,35.718408,388.71,-0.00031254
2010,233,0,0.00,115.519797,35.720834,1390.40,-0.00391264
2010,233,1,68.06,115.519202,35.720564,1794.06,-0.00372320
2010,233,2,136.12,115.518450,35.720564,867.13,-0.00353376
2010,234,0,0.00,115.520606,35.718408,448.52,-0.00355293
2010,234,1,98.69,115.521145,35.717817,403.66,-0.00189787
2010,234,2,197.38,115.521145,35.716927,343.86,0.00058276
2010,234,3,296.07,115.521684,35.716194,358.81,-0.00041218
2010,234,4,394.76,115.521953,35.715383,299.01,-0.00139355
2010,234,5,493.45,115.522063,35.714525,313.96,-0.00054799
2010,234,6,592.14,115.522223,35.713682,269.11,-0.00000000
2010,234,7,690.83,115.522223,35.712793,269.11,0.00027079
2010,234,8,789.52,115.522492,35.711982,239.21,-0.00043112
2010,234,9,888.21,115.522492,35.711092,224.26,0.00068938
2010,234,10,986.90,115.522585,35.710230,239.21,0.00087872
2010,234,11,1085.59,115.523031,35.709470,269.11,-0.00134055
2010,234,12,1184.28,115.523031,35.708580,224.26,-0.00109877
2010,234,13,1282.97,115.523031,35.707691,224.26,-0.00018106
2010,234,14,1381.66,115.523031,35.706801,239.21,-0.00065117
2010,234,15,1480.35,115.522954,35.705934,254.16,-0.00063334
2010,234,16,1579.04,115.522762,35.705101,239.21,-0.00000000
2010,234,17,1677.73,115.522620,35.704252,209.31,-0.00015978
2010,234,18,1776.42,115.522492,35.703400,194.36,0.00000000
2010,234,19,1875.11,115.522223,35.702589,209.31,0.00097418
2010,234,20,1973.80,115.522223,35.701699,179.41,0.00130235
2010,235,0,0.00,115.520606,35.718408,1734.26,-0.00338527
2010,235,1,99.55,115.519662,35.718139,1210.99,-0.00338527
2010,235,2,199.09,115.518719,35.718408,523.27,-0.00338527
2010,236,0,0.00,115.518450,35.720564,328.91,-0.00175709
2010,236,1,88.42,115.518580,35.719886,403.66,-0.00044489
2010,236,2,176.84,115.518450,35.719127,373.76,0.00167824
2010,236,3,265.26,115.518719,35.718408,388.71,0.00248918
2010,237,0,0.00,115.518450,35.720564,328.91,0.00204222
2010,237,1,70.07,115.517960,35.721053,493.37,0.00214068
2010,237,2,140.13,115.517372,35.721373,373.76,0.00223914
2010,238,0,0.00,115.522223,35.701699,1330.60,0.00000000
2010,238,1,48.78,115.522762,35.701699,1240.89,0.00000000
2010,238,2,97.56,115.523301,35.701699,807.33,0.00000000
2010,239,0,0.00,115.522223,35.701699,134.55,0.00102200
2010,239,1,99.02,115.521953,35.700885,164.46,-0.00057652
2010,239,2,198.04,115.521884,35.700013,224.26,-0.00294007
2010,239,3,297.07,115.521192,35.699321,313.96,-0.00205000
2010,239,4,396.09,115.520439,35.698735,358.81,0.00061877
2010,239,5,495.11,115.519710,35.698109,343.86,0.00046189
2010,239,6,594.13,115.519227,35.697356,373.76,-0.00135780
2010,239,7,693.15,115.518429,35.696849,418.61,0.00062235
2010,239,8,792.17,115.517646,35.696314,448.52,0.00314529
2010,239,9,891.20,115.517372,35.695501,538.22,0.00303896
2010,24,0,0.00,115.785519,35.858545,493.37,0.00002122
2010,24,1,99.73,115.786466,35.858276,299.01,0.00325435
2010,24,2,199.45,115.787410,35.858011,328.91,0.00491350
2010,24,3,299.18,115.788107,35.858708,388.71,0.00223908
2010,24,4,398.90,115.788804,35.858866,642.87,0.00221640
2010,24,5,498.63,115.789292,35.859623,1016.64,0.00329416
2010,241,0,0.00,115.518719,35.718408,971.78,-0.01354985
2010,241,1,65.73,115.518161,35.718158,553.17,-0.01292637
2010,241,2,131.45,115.517911,35.718678,299.01,-0.01230290
2010,242,0,0.00,115.517372,35.721373,313.96,-0.00117494
2010,242,1,94.05,115.517133,35.722151,299.01,-0.00114898
2010,242,2,188.09,115.517102,35.722989,343.86,-0.00112303
2010,243,0,0.00,115.517372,35.721373,583.07,0.00000000
2010,243,1,43.68,115.516967,35.721238,149.51,0.00000000
2010,243,2,87.35,115.516563,35.721103,44.85,0.00000000
2010,244,0,0.00,115.517372,35.695501,463.47,-0.00046441
2010,244,1,95.09,115.516478,35.695232,448.52,0.00000000
2010,244,2,190.18,115.515548,35.695025,433.57,0.00127427
2010,244,3,285.27,115.514690,35.694693,433.57,0.00100990
2010,244,4,380.36,115.513922,35.694207,403.66,-0.00000000
2010,244,5,475.45,115.513060,35.693884,358.81,-0.00000000
2010,244,6,570.54,115.512297,35.693390,403.66,-0.00087291
2010,244,7,665.63,115.511429,35.693076,328.91,-0.00100990
2010,244,8,760.72,115.510535,35.692806,328.91,-0.00016916
2010,244,9,855.81,115.509642,35.692537,328.91,-0.00000000
2010,244,10,950.90,115.508748,35.692267,328.91,-0.00000000
2010,245,0,0.00,115.517372,35.695501,1375.45,0.00000000
2010,245,1,38.59,115.517641,35.695232,1196.04,0.00000000
2010,245,2,77.18,115.517911,35.694962,926.93,0.00000000
2010,246,0,0.00,115.508748,35.692267,717.63,0.00324784
2010,246,1,74.51,115.508082,35.692537,478.42,0.00455295
2010,246,2,149.02,115.507258,35.692537,209.31,0.00455295
2010,246,3,223.53,115.506592,35.692267,254.16,0.00324784
2010,247,0,0.00,115.508748,35.692267,403.66,-0.00155894
2010,247,1,81.56,115.508387,35.691637,358.81,-0.00218288
2010,247,2,163.12,115.507818,35.691067,164.46,-0.00422964
2010,247,3,244.68,115.507159,35.690650,269.11,-0.00355396
2010,247,4,326.23,115.506258,35.690650,388.71,0.00061858
2010,247,5,407.79,115.505514,35.690381,448.52,0.00269261
2010,248,0,0.00,115.517911,35.694962,792.38,-0.00000000
2010,248,1,43.69,115.518315,35.694827,986.73,-0.00000000
2010,248,2,87.37,115.518719,35.694693,867.13,-0.00000000
2010,249,0,0.00,115.517911,35.694962,433.57,0.00562039
2010,249,1,49.20,115.517641,35.694597,568.12,0.00550859
2010,249,2,98.39,115.517641,35.694154,717.63,0.00539678
2010,250,0,0.00,115.505514,35.690381,328.91,0.00000000
2010,250,1,60.98,115.504840,35.690381,418.61,0.00000000
2010,250,2,121.97,115.504167,35.690381,448.52,0.00000000
2010,251,0,0.00,115.505514,35.690381,1794.06,0.00118635
2010,251,1,92.38,115.505950,35.689675,1794.06,0.00117560
2010,251,2,184.76,115.506592,35.689029,627.92,0.00060485
2010,251,3,277.14,115.507131,35.688494,343.86,0.00004485
2010,252,0,0.00,115.504167,35.690381,762.48,0.00000000
2010,252,1,89.70,115.504167,35.691189,792.38,0.00000000
2010,252,2,179.41,115.504167,35.691998,523.27,0.00000000
2010,253,0,0.00,115.504167,35.690381,373.76,0.00239973
2010,253,1,97.36,115.503288,35.690041,433.57,0.00060815
2010,253,2,194.71,115.502608,35.689362,403.66,-0.00119986
2010,253,3,292.07,115.501631,35.689193,418.61,0.00041754
2010,253,4,389.43,115.500852,35.688683,433.57,0.00060815
2010,253,5,486.79,115.500044,35.688225,433.57,-0.00023831
2010,253,6,584.14,115.499195,35.687835,463.47,0.00059171
2010,253,7,681.50,115.498416,35.687325,433.57,0.00030278
2010,253,8,778.86,115.497637,35.686816,463.47,-0.00000910
2010,253,9,876.21,115.496839,35.686338,448.52,0.00021831
2010,253,10,973.57,115.496077,35.685799,478.42,0.00001819
2010,253,11,1070.93,115.495300,35.685287,448.52,-0.00070032
2010,253,12,1168.28,115.494521,35.684778,478.42,-0.00060081
2010,253,13,1265.64,115.493643,35.684438,448.52,0.00059171
2010,253,14,1363.00,115.492864,35.683929,478.42,0.00059171
2010,253,15,1460.36,115.492085,35.683419,478.42,0.00000000
2010,253,16,1557.71,115.491306,35.682910,478.42,-0.00059171
2010,253,17,1655.07,115.490527,35.682400,478.42,-0.00119986
2010,253,18,1752.43,115.489649,35.682061,478.42,-0.00001896
2010,253,19,1849.78,115.488770,35.681722,478.42,0.00060815
2010,253,20,1947.14,115.487988,35.681218,478.42,-0.00012361
2010,253,21,2044.50,115.487113,35.680873,493.37,0.00053699
2010,253,22,2141.85,115.486308,35.680409,478.42,-0.00000000
2010,253,23,2239.21,115.485546,35.679870,508.32,-0.00048021
2010,253,24,2336.57,115.484627,35.679601,508.32,0.00044335
2010,253,25,2433.93,115.483898,35.679006,523.27,-0.00005678
2010,253,26,2531.28,115.483020,35.678666,508.32,-0.00030079
2010,253,27,2628.64,115.482241,35.678157,553.17,-0.00048722
2010,253,28,2726.00,115.481363,35.677818,553.17,0.00000000
2010,253,29,2823.35,115.480504,35.677445,553.17,0.00096381
2010,253,30,2920.71,115.479706,35.676969,553.17,0.00059171
2010,253,31,3018.07,115.478927,35.676460,568.12,-0.00029184
2010,253,32,3115.42,115.478148,35.675950,568.12,-0.00000000
2010,253,33,3212.78,115.477300,35.675558,538.22,0.00060516
2010,253,34,3310.14,115.476590,35.674931,538.22,-0.00010052
2010,253,35,3407.50,115.475776,35.674480,478.42,-0.00000000
2010,253,36,3504.85,115.475014,35.673941,553.17,0.00029873
2010,253,37,3602.21,115.474253,35.673402,568.12,-0.00000000
2010,254,0,0.00,115.474253,35.673402,1794.06,0.00204862
2010,254,1,96.85,115.473576,35.674079,1704.36,0.00409940
2010,254,2,193.70,115.472801,35.674376,762.48,0.00461015
2010,254,3,290.55,115.471827,35.674211,373.76,0.00307011
2010,255,0,0.00,115.474253,35.673402,568.12,-0.00000000
2010,255,1,98.11,115.473776,35.672657,553.17,-0.00142791
2010,255,2,196.22,115.473300,35.671911,373.76,-0.00268711
2010,255,3,294.32,115.472446,35.671516,343.86,-0.00143585
2010,255,4,392.43,115.471633,35.671052,403.66,-0.00059870
2010,255,5,490.54,115.470749,35.670708,418.61,-0.00084409
2010,256,0,0.00,115.471827,35.674211,1091.39,0.00000000
2010,256,1,19.30,115.471692,35.674346,1076.44,0.00000000
2010,256,2,38.59,115.471558,35.674480,941.88,0.00000000
2010,257,0,0.00,115.471827,35.674211,538.22,-0.00196514
2010,257,1,94.49,115.471097,35.673672,358.81,-0.00200528
2010,257,2,188.97,115.470210,35.673402,433.57,-0.00204542
2010,258,0,0.00,115.470749,35.670708,448.52,-0.00306397
2010,258,1,91.33,115.470320,35.670009,403.66,-0.00358402
2010,258,2,182.66,115.469532,35.669630,373.76,-0.00249962
2010,258,3,273.99,115.468680,35.669360,418.61,-0.00044759
2010,258,4,365.32,115.467828,35.669091,598.02,-0.00000000
2010,258,5,456.66,115.466976,35.668821,598.02,-0.00000000
2010,259,0,0.00,115.470749,35.670708,1794.06,-0.00000000
2010,259,1,80.31,115.470188,35.671268,1794.06,-0.00159869
2010,259,2,160.63,115.469627,35.671829,926.93,-0.00443106
2010,259,3,240.94,115.469528,35.672451,612.97,-0.00371842
2010,259,4,321.26,115.469671,35.673133,478.42,-0.00177210
2010,26,0,0.00,115.785519,35.860162,463.47,-0.00178018
2010,26,1,99.41,115.786462,35.860432,328.91,-0.00202623
2010,26,2,198.82,115.787563,35.860432,299.01,-0.00343006
2010,26,3,298.23,115.788597,35.860318,343.86,-0.00413563
2010,26,4,397.64,115.789292,35.859623,478.42,-0.00368344
2010,260,0,0.00,115.466976,35.668821,1794.06,0.00000000
2010,260,1,57.89,115.466572,35.669225,1794.06,0.00000000
2010,260,2,115.78,115.466168,35.669630,1151.19,0.00000000
2010,261,0,0.00,115.466976,35.668821,463.47,0.00000000
2010,261,1,84.71,115.466593,35.668169,463.47,-0.00300679
2010,261,2,169.43,115.466211,35.667517,448.52,-0.00531981
2010,261,3,254.14,115.465322,35.667436,478.42,-0.00143818
2010,261,4,338.86,115.464521,35.667204,568.12,0.00105150
2010,261,5,423.57,115.463742,35.666935,568.12,0.00035329
2010,262,0,0.00,115.466168,35.669630,687.72,-0.00190339
2010,262,1,91.79,115.465154,35.669630,612.97,0.00177187
2010,262,2,183.59,115.464297,35.669899,418.61,0.00707951
2010,262,3,275.38,115.463742,35.669241,478.42,0.00522867
2010,262,4,367.17,115.463473,35.668492,627.92,0.00087272
2010,262,5,458.97,115.463203,35.667743,642.87,0.00000000
2010,263,0,0.00,115.466168,35.669630,672.77,0.00056842
2010,263,1,78.52,115.466437,35.670259,717.63,0.00132738
2010,263,2,157.04,115.466638,35.670908,612.97,0.00569396
2010,263,3,235.56,115.466645,35.671578,388.71,0.00872457
2010,263,4,314.08,115.465898,35.671786,583.07,0.00814756
2010,264,0,0.00,115.463742,35.666935,1659.51,-0.00000000
2010,264,1,53.54,115.463473,35.667339,1315.65,-0.00000000
2010,264,2,107.09,115.463203,35.667743,1091.39,-0.00000000
2010,265,0,0.00,115.463742,35.666935,553.17,0.00000000
2010,265,1,38.59,115.463473,35.666665,553.17,0.00000000
2010,265,2,77.19,115.463203,35.666396,553.17,0.00000000
2010,266,0,0.00,115.463203,35.667743,1480.10,-0.00185647
2010,266,1,72.84,115.462695,35.668252,328.91,-0.00191198
2010,266,2,145.68,115.462395,35.668821,313.96,-0.00196749
2010,267,0,0.00,115.463203,35.666396,1794.06,0.00153641
2010,267,1,93.53,115.462550,35.667049,1495.05,0.00324799
2010,267,2,187.07,115.461764,35.667474,807.33,0.00631084
2010,267,3,280.60,115.460731,35.667474,418.61,0.00757643
2010,267,4,374.13,115.460239,35.666891,508.32,0.00455910
2010,267,5,467.67,115.459969,35.666126,568.12,0.00162746
2010,268,0,0.00,115.463203,35.666396,568.12,-0.00315736
2010,268,1,93.96,115.462756,35.665679,433.57,-0.00359203
2010,268,2,187.92,115.461928,35.665318,418.61,-0.00236522
2010,268,3,281.88,115.461047,35.665048,478.42,-0.00070375
2010,269,0,0.00,115.459969,35.666126,598.02,0.00000000
2010,269,1,24.40,115.459700,35.666126,598.02,0.00000000
2010,269,2,48.80,115.459430,35.666126,463.47,0.00000000
2010,27,0,0.00,115.739435,35.826745,612.97,0.00000000
2010,27,1,68.47,115.739166,35.827284,777.43,0.00000000
2010,27,2,136.93,115.738896,35.827823,762.48,-0.00000000
2010,27,3,205.40,115.738627,35.828362,747.53,-0.00000000
2010,270,0,0.00,115.459969,35.666126,343.86,0.00000000
2010,270,1,77.19,115.460508,35.665587,1659.51,0.00000000
2010,270,2,154.38,115.461047,35.665048,1794.06,0.00000000
2010,272,0,0.00,115.461047,35.665048,448.52,-0.00228827
2010,272,1,93.62,115.460602,35.664334,403.66,-0.00295994
2010,272,2,187.25,115.459850,35.663850,373.76,-0.00181581
2010,272,3,280.87,115.458998,35.663537,418.61,0.00064237
2010,272,4,374.50,115.458245,35.663054,358.81,0.00064237
2010,272,5,468.12,115.457492,35.662571,358.81,0.00000000
2010,272,6,561.75,115.456739,35.662087,403.66,0.00060922
2010,272,7,655.37,115.455986,35.661604,328.91,0.00060922
2010,272,8,749.00,115.455332,35.660950,284.06,-0.00060922
2010,272,9,842.62,115.454580,35.660467,224.26,-0.00121843
2010,273,0,0.00,115.454580,35.660467,1584.76,0.00723231
2010,273,1,87.66,115.453925,35.661006,224.26,0.01169526
2010,273,2,175.32,115.453232,35.660639,299.01,0.01155754
2010,273,3,262.99,115.453502,35.659928,732.58,0.00695688
2010,274,0,0.00,115.454580,35.660467,239.21,-0.00534359
2010,274,1,63.00,115.454140,35.660027,164.46,-0.00554196
2010,274,2,125.99,115.453502,35.659928,239.21,-0.00574034
2010,275,0,0.00,115.453502,35.659928,239.21,-0.00321051
2010,275,1,95.63,115.453043,35.659199,164.46,-0.00283299
2010,275,2,191.27,115.452190,35.658850,179.41,-0.00228447
2010,275,3,286.90,115.451410,35.658375,224.26,-0.00179861
2010,275,4,382.54,115.450391,35.658311,269.11,0.00000000
2010,275,5,478.17,115.449491,35.658041,299.01,-0.00022318
2010,275,6,573.80,115.448592,35.657772,388.71,-0.00183966
2010,275,7,669.44,115.447536,35.657772,448.52,-0.00000000
2010,275,8,765.07,115.446480,35.657772,448.52,0.00087460
2010,275,9,860.71,115.445580,35.657502,508.32,-0.00087460
2010,275,10,956.34,115.444524,35.657502,508.32,-0.00087460
2010,275,11,1051.97,115.443468,35.657502,508.32,-0.00000000
2010,275,12,1147.61,115.442412,35.657502,508.32,0.00000000
2010,275,13,1243.24,115.441356,35.657502,508.32,0.00000000
2010,275,14,1338.87,115.440300,35.657502,508.32,0.00000000
2010,275,15,1434.51,115.439244,35.657502,508.32,-0.00000000
2010,275,16,1530.14,115.438188,35.657502,538.22,0.00087460
2010,275,17,1625.78,115.437131,35.657502,508.32,0.00087460
2010,275,18,1721.41,115.436232,35.657233,538.22,-0.00087460
2010,275,19,1817.04,115.435176,35.657233,538.22,-0.00174920
2010,276,0,0.00,115.435176,35.657233,1554.85,-0.00233560
2010,276,1,95.29,115.434928,35.656446,941.88,-0.00227143
2010,276,2,190.59,115.434263,35.655781,747.53,-0.00232234
2010,276,3,285.88,115.433597,35.655115,627.92,-0.00617902
2010,276,4,381.17,115.432734,35.654824,478.42,-0.00808194
2010,276,5,476.46,115.432068,35.655489,882.08,-0.00312163
2010,276,6,571.76,115.431403,35.656155,747.53,0.00000000
2010,277,0,0.00,115.435176,35.657233,538.22,0.00000000
2010,277,1,96.06,115.434429,35.657233,538.22,0.00000000
2010,277,2,192.11,115.433368,35.657233,478.42,0.00086671
2010,277,3,288.17,115.432307,35.657233,448.52,0.00182290
2010,277,4,384.22,115.431403,35.656963,538.22,0.00191239
2010,278,0,0.00,115.431403,35.656155,568.12,0.00109372
2010,278,1,98.58,115.430616,35.655637,583.07,-0.00115046
2010,278,2,197.15,115.429927,35.654949,418.61,-0.00759304
2010,278,3,295.73,115.429041,35.655014,627.92,-0.00944480
2010,278,4,394.31,115.428708,35.655805,1315.65,-0.00436178
2010,278,5,492.89,115.428708,35.656694,1629.61,-0.00162541
2010,279,0,0.00,115.431403,35.656155,1794.06,0.00000000
2010,279,1,44.85,115.431403,35.656559,1794.06,0.00000000
2010,279,2,89.70,115.431403,35.656963,1734.26,0.00000000
2010,28,0,0.00,115.739435,35.826745,1345.55,0.00000000
2010,28,1,90.91,115.738800,35.826110,1270.79,-0.00104577
2010,28,2,181.82,115.738165,35.825474,1121.29,-0.00361108
2010,28,3,272.73,115.737361,35.825128,1031.59,-0.00587715
2010,28,4,363.64,115.736355,35.825128,687.72,-0.00774385
2010,28,5,454.55,115.735663,35.825666,672.77,-0.00659545
2010,28,6,545.46,115.735662,35.826486,1046.54,-0.00345338
2010,28,7,636.37,115.735662,35.827305,1255.84,-0.00321698
2010,28,8,727.28,115.736105,35.827996,1450.20,-0.00247036
2010,28,9,818.19,115.736740,35.828631,1674.46,-0.00108668
2010,281,0,0.00,115.431403,35.656963,508.32,0.00000000
2010,281,1,95.54,115.430661,35.656963,508.32,0.00087643
2010,281,2,191.07,115.429606,35.656963,478.42,0.00184356
2010,281,3,286.61,115.428708,35.656694,388.71,0.00193425
2010,283,0,0.00,115.428708,35.656694,448.52,0.00000000
2010,283,1,97.01,115.427950,35.656694,418.61,0.00084915
2010,283,2,194.03,115.426879,35.656694,328.91,0.00178561
2010,283,3,291.04,115.425964,35.656424,299.01,0.00000000
2010,283,4,388.06,115.425050,35.656155,269.11,-0.00178561
2010,283,5,485.07,115.423978,35.656155,239.21,-0.00000000
2010,283,6,582.09,115.422907,35.656155,239.21,0.00178561
2010,283,7,679.10,115.421992,35.655885,209.31,0.00016599
2010,283,8,776.12,115.421078,35.655616,239.21,-0.00054012
2010,283,9,873.13,115.420035,35.655567,224.26,0.00246244
2010,283,10,970.15,115.419159,35.655230,209.31,0.00332228
2010,283,11,1067.16,115.418482,35.654553,209.31,0.00109020
2010,283,12,1164.18,115.417805,35.653875,313.96,0.00000000
2010,283,13,1261.19,115.417127,35.653198,373.76,-0.00000000
2010,283,14,1358.21,115.416450,35.652520,448.52,-0.00000000
2010,283,15,1455.22,115.415772,35.651843,508.32,0.00000000
2010,284,0,0.00,115.415772,35.651843,508.32,0.00165865
2010,284,1,89.55,115.415233,35.651334,568.12,0.00148892
2010,284,2,179.10,115.414840,35.650641,523.27,0.00190494
2010,284,3,268.65,115.414425,35.649955,657.82,0.00249190
2010,284,4,358.20,115.414425,35.649148,792.38,0.00249310
2010,285,0,0.00,115.415772,35.651843,1749.21,-0.00000000
2010,285,1,84.26,115.416361,35.651255,1181.09,-0.00048483
2010,285,2,168.52,115.416949,35.650666,1076.44,-0.00290013
2010,285,3,252.79,115.417389,35.650035,732.58,-0.00525391
2010,285,4,337.05,115.417279,35.649307,672.77,-0.00453358
2010,285,5,421.31,115.416900,35.648658,717.63,-0.00238530
2010,285,6,505.57,115.416311,35.648070,717.63,-0.00138065
2010,286,0,0.00,115.414425,35.649148,777.43,0.00439355
2010,286,1,50.80,115.413971,35.648964,702.67,0.00417865
2010,286,2,101.60,115.413616,35.648609,702.67,0.00396375
2010,287,0,0.00,115.414425,35.649148,1210.99,0.00000000
2010,287,1,75.87,115.414955,35.648618,1046.54,0.00281104
2010,287,2,151.74,115.415484,35.648089,1794.06,0.00565997
2010,287,3,227.61,115.416311,35.648070,926.93,0.00569785
2010,289,0,0.00,115.416311,35.648070,1061.49,0.00000000
2010,289,1,77.19,115.416850,35.647531,807.33,0.00000000
2010,289,2,154.39,115.417389,35.646992,687.72,0.00000000
2010,29,0,0.00,115.789292,35.859623,448.52,-0.00180890
2010,29,1,98.66,115.790227,35.859893,448.52,-0.00254016
2010,29,2,197.31,115.791319,35.859893,448.52,-0.00164092
2010,29,3,295.97,115.792255,35.859625,418.61,0.00081065
2010,29,4,394.62,115.793346,35.859623,448.52,0.00000000
2010,29,5,493.28,115.794438,35.859623,418.61,-0.00081585
2010,29,6,591.93,115.795373,35.859354,418.61,0.00082046
2010,29,7,690.59,115.796465,35.859354,418.61,-0.00000000
2010,29,8,789.24,115.797557,35.859354,418.61,-0.00082046
2010,29,9,887.90,115.798492,35.859084,448.52,0.00082046
2010,29,10,986.55,115.799584,35.859084,448.52,0.00082046
2010,29,11,1085.21,115.800677,35.859084,388.71,-0.00082046
2010,29,12,1183.86,115.801769,35.859084,418.61,-0.00128055
2010,29,13,1282.52,115.802704,35.858815,388.71,-0.00000000
2010,29,14,1381.17,115.803714,35.858675,388.71,0.00016953
2010,29,15,1479.83,115.804731,35.858545,388.71,0.00000000
2010,29,16,1578.48,115.805690,35.858317,373.76,0.00099201
2010,29,17,1677.14,115.806758,35.858276,418.61,-0.00000000
2010,29,18,1775.79,115.807850,35.858276,388.71,-0.00160590
2010,29,19,1874.45,115.808785,35.858006,388.71,0.00000000
2010,29,20,1973.10,115.809720,35.857737,418.61,0.00090445
2010,29,21,2071.76,115.810812,35.857737,388.71,-0.00090445
2010,29,22,2170.42,115.811747,35.857467,388.71,-0.00047404
2010,29,23,2269.07,115.812681,35.857198,403.66,0.00073130
2010,29,24,2367.73,115.813690,35.857054,418.61,0.00005939
2010,29,25,2466.38,115.814677,35.856875,418.61,-0.00054815
2010,29,26,2565.04,115.815643,35.856659,418.61,-0.00048980
2010,29,27,2663.69,115.816578,35.856389,418.61,-0.00018315
2010,29,28,2762.35,115.817513,35.856120,448.52,0.00000000
2010,29,29,2861.00,115.818448,35.855850,448.52,0.00000000
2010,29,30,2959.66,115.819383,35.855581,448.52,-0.00000000
2010,29,31,3058.31,115.820318,35.855311,448.52,-0.00003735
2010,29,32,3156.97,115.821252,35.855042,493.37,-0.00031469
2010,29,33,3255.62,115.822181,35.854762,478.42,-0.00051822
2010,29,34,3354.28,115.823069,35.854412,493.37,-0.00030862
2010,29,35,3452.93,115.823957,35.854063,478.42,0.00021089
2010,29,36,3551.59,115.824834,35.853694,478.42,0.00072676
2010,29,37,3650.24,115.825769,35.853425,478.42,0.00034468
2010,29,38,3748.90,115.826722,35.853185,463.47,-0.00065902
2010,29,39,3847.55,115.827639,35.852886,508.32,-0.00072938
2010,29,40,3946.21,115.828498,35.852487,538.22,0.00006844
2010,29,41,4044.86,115.829386,35.852138,523.27,-0.00041752
2010,29,42,4143.52,115.830286,35.851808,508.32,-0.00136318
2010,29,43,4242.18,115.831063,35.851269,538.22,-0.00140681
2010,290,0,0.00,115.413616,35.648609,1210.99,-0.00000000
2010,290,1,99.05,115.414308,35.647917,1046.54,-0.00000000
2010,290,2,198.09,115.414999,35.647226,1151.19,0.00104449
2010,290,3,297.14,115.415691,35.646534,1196.04,0.00220252
2010,290,4,396.19,115.416581,35.646184,807.33,0.00231605
2010,291,0,0.00,115.413616,35.648609,702.67,0.00433700
2010,291,1,68.50,115.413138,35.648131,792.38,0.00330036
2010,291,2,137.00,115.413077,35.647531,807.33,-0.00000000
2010,291,3,205.49,115.412808,35.646992,672.77,-0.00226371
2010,292,0,0.00,115.417389,35.646992,1121.29,0.00000000
2010,292,1,24.41,115.417659,35.646992,837.23,0.00000000
2010,292,2,48.81,115.417928,35.646992,508.32,0.00000000
2010,293,0,0.00,115.417389,35.646992,837.23,0.00184753
2010,293,1,85.62,115.417120,35.646299,702.67,0.00020422
2010,293,2,171.25,115.417120,35.645527,642.87,-0.00275607
2010,293,3,256.87,115.416640,35.644895,882.08,-0.00240775
2010,293,4,342.49,115.416042,35.644297,956.83,-0.00074244
2010,294,0,0.00,115.412808,35.646992,1375.45,0.00256476
2010,294,1,98.99,115.411872,35.646723,882.08,0.00171390
2010,294,2,197.97,115.411191,35.646103,1091.39,-0.00006060
2010,294,3,296.96,115.410642,35.645914,777.43,0.00158806
2010,294,4,395.95,115.409856,35.645387,702.67,0.00364540
2010,294,5,494.94,115.409574,35.644577,747.53,0.00158646
2010,294,6,593.92,115.409309,35.643762,418.61,0.00000000
2010,294,7,692.91,115.409035,35.642950,837.23,-0.00004249
2010,295,0,0.00,115.412808,35.646992,1016.64,-0.00281165
2010,295,1,98.40,115.413347,35.646262,867.13,-0.00275569
2010,295,2,196.80,115.413347,35.645375,553.17,-0.00269973
2010,296,0,0.00,115.416042,35.644297,687.72,-0.00207148
2010,296,1,75.21,115.415211,35.644297,1794.06,-0.00412401
2010,296,2,150.42,115.414496,35.644495,1061.49,-0.00397252
2010,296,3,225.63,115.413971,35.645020,1330.60,0.00008094
2010,296,4,300.83,115.413347,35.645375,1465.15,0.00193037
2010,297,0,0.00,115.416042,35.644297,1061.49,0.00000000
2010,297,1,57.90,115.416446,35.643893,986.73,0.00000000
2010,297,2,115.79,115.416850,35.643489,717.63,0.00000000
2010,298,0,0.00,115.409035,35.642950,1076.44,-0.00004182
2010,298,1,89.80,115.409713,35.642411,747.53,-0.00034512
2010,298,2,179.60,115.410388,35.641866,777.43,-0.00061454
2010,298,3,269.39,115.411015,35.641239,1181.09,-0.00029033
2010,298,4,359.19,115.411642,35.640612,1151.19,0.00000000
2010,298,5,448.99,115.412269,35.639985,926.93,0.00000000
2010,299,0,0.00,115.409035,35.642950,926.93,0.00109120
2010,299,1,91.06,115.408399,35.642314,867.13,0.00322116
2010,299,2,182.12,115.407957,35.641622,672.77,0.00479543
2010,299,3,273.18,115.408226,35.640879,553.17,0.00288354
2010,299,4,364.24,115.408496,35.640137,732.58,0.00184932
2010,299,5,455.30,115.409014,35.639467,1076.44,0.00141347
2010,299,6,546.36,115.409650,35.638831,911.98,0.00032780
2010,299,7,637.42,115.410286,35.638195,1001.69,0.00000000
2010,299,8,728.48,115.410921,35.637560,1121.29,0.00000000
2010,3,0,0.00,115.760186,35.840489,882.08,-0.00110782
2010,3,1,97.92,115.760970,35.839975,732.58,0.00067105
2010,3,2,195.83,115.761654,35.839291,1031.59,0.00536974
2010,3,3,293.75,115.762651,35.839142,777.43,0.00642113
2010,3,4,391.66,115.763420,35.839681,478.42,0.00455268
2010,30,0,0.00,115.738627,35.828362,926.93,-0.00188070
2010,30,1,92.33,115.737605,35.828362,956.83,-0.00197949
2010,30,2,184.67,115.736740,35.828631,792.38,-0.00207828
2010,301,0,0.00,115.413347,35.645375,822.28,0.00157311
2010,301,1,92.60,115.413077,35.644619,822.28,0.00152849
2010,301,2,185.20,115.413077,35.643784,553.17,0.00074194
2010,301,3,277.81,115.413077,35.642950,657.82,0.00000000
2010,301,4,370.41,115.413077,35.642115,717.63,-0.00074194
2010,301,5,463.01,115.413077,35.641280,672.77,-0.00152849
2010,301,6,555.61,115.412808,35.640524,642.87,-0.00157311
2010,302,0,0.00,115.412269,35.639985,867.13,0.00000000
2010,302,1,38.60,115.412538,35.640255,926.93,0.00000000
2010,302,2,77.20,115.412808,35.640524,926.93,0.00000000
2010,303,0,0.00,115.412269,35.639985,687.72,0.00185164
2010,303,1,85.53,115.411999,35.639293,747.53,0.00092582
2010,303,2,171.07,115.411999,35.638522,762.48,-0.00092582
2010,303,3,256.60,115.411730,35.637829,762.48,-0.00185164
2010,304,0,0.00,115.410921,35.637560,717.63,-0.00023371
2010,304,1,92.87,115.410921,35.636723,672.77,-0.00073774
2010,304,2,185.73,115.410877,35.635899,672.77,-0.00049624
2010,304,3,278.60,115.410652,35.635127,672.77,-0.00057105
2010,304,4,371.47,115.410652,35.634290,672.77,-0.00090673
2010,304,5,464.33,115.410185,35.633589,642.87,0.00111803
2010,304,6,557.20,115.410113,35.632773,627.92,0.00151982
2010,304,7,650.06,115.410113,35.631936,598.02,-0.00054698
2010,304,8,742.93,115.410113,35.631099,598.02,-0.00073774
2010,304,9,835.80,115.409843,35.630340,553.17,0.00073774
2010,304,10,928.66,115.409843,35.629503,553.17,0.00073774
2010,304,11,1021.53,115.409843,35.628666,523.27,0.00000000
2010,305,0,0.00,115.410921,35.637560,1106.34,-0.00000000
2010,305,1,43.71,115.411326,35.637694,1450.20,-0.00000000
2010,305,2,87.42,115.411730,35.637829,1480.10,-0.00000000
2010,307,0,0.00,115.412808,35.640524,1794.06,0.00547621
2010,307,1,93.09,115.413656,35.640294,1300.70,0.00464384
2010,307,2,186.18,115.414405,35.640774,822.28,0.00190573
2010,307,3,279.27,115.415253,35.641083,1046.54,0.00000000
2010,307,4,372.36,115.416002,35.641562,732.58,-0.00066646
2010,307,5,465.46,115.416850,35.641872,747.53,-0.00133292
2010,309,0,0.00,115.411730,35.637829,1076.44,-0.00000000
2010,309,1,78.76,115.412280,35.637279,1031.59,0.00147606
2010,309,2,157.52,115.412830,35.636729,1420.30,0.00443249
2010,309,3,236.28,115.413555,35.636482,1794.06,0.00414962
2010,309,4,315.04,115.414425,35.636482,882.08,0.00238639
2010,31,0,0.00,115.738627,35.828362,1779.11,-0.00121290
2010,31,1,92.08,115.739061,35.829066,1779.11,-0.00118214
2010,31,2,184.15,115.739705,35.829709,867.13,-0.00115138
2010,310,0,0.00,115.409843,35.628666,672.77,0.00523329
2010,310,1,81.86,115.409304,35.628227,508.32,0.00480146
2010,310,2,163.73,115.409304,35.627489,493.37,0.00218482
2010,310,3,245.59,115.409304,35.626751,493.37,0.00196695
2010,310,4,327.46,115.409304,35.626013,523.27,0.00395904
2010,310,5,409.32,115.409843,35.625432,313.96,0.00398419
2010,311,0,0.00,115.409843,35.628666,867.13,0.00000000
2010,311,1,88.67,115.410462,35.628047,747.53,-0.00000000
2010,311,2,177.33,115.411081,35.627428,388.71,-0.00096965
2010,311,3,266.00,115.411700,35.626809,568.12,-0.00461110
2010,311,4,354.67,115.411999,35.626097,478.42,-0.00775098
2010,311,5,443.33,115.411478,35.625450,657.82,-0.00803465
2010,311,6,532.00,115.410666,35.625163,1510.00,-0.00615116
2010,311,7,620.67,115.409843,35.625432,867.13,-0.00445210
2010,313,0,0.00,115.409843,35.625432,299.01,0.00146254
2010,313,1,98.83,115.409153,35.624743,478.42,0.00251485
2010,313,2,197.65,115.408765,35.623965,403.66,0.00273301
2010,313,3,296.48,115.408765,35.623074,448.52,-0.00026970
2010,313,4,395.30,115.408765,35.622183,418.61,-0.00133843
2010,313,5,494.13,115.408272,35.621436,388.71,0.00111164
2010,313,6,592.96,115.408226,35.620559,373.76,0.00133843
2010,313,7,691.78,115.408226,35.619668,403.66,0.00010750
2010,313,8,790.61,115.408226,35.618777,373.76,0.00000000
2010,313,9,889.43,115.408226,35.617887,373.76,0.00000000
2010,314,0,0.00,115.408226,35.617887,1614.66,0.00336807
2010,314,1,99.23,115.409322,35.617887,882.08,0.00503656
2010,314,2,198.46,115.410107,35.618420,418.61,0.00487394
2010,314,3,297.69,115.410382,35.619234,313.96,0.00304284
2010,315,0,0.00,115.408226,35.617887,388.71,0.00049521
2010,315,1,79.10,115.407957,35.617252,388.71,0.00108685
2010,315,2,158.21,115.407748,35.616600,373.76,0.00163990
2010,315,3,237.31,115.407687,35.615905,358.81,0.00102323
2010,315,4,316.41,115.407687,35.615192,373.76,0.00044513
2010,316,0,0.00,115.407687,35.615192,403.66,0.00136305
2010,316,1,99.61,115.407148,35.614451,373.76,0.00137389
2010,316,2,199.22,115.406879,35.613631,328.91,0.00069237
2010,316,3,298.83,115.406609,35.612812,358.81,-0.00000000
2010,316,4,398.44,115.406340,35.611993,358.81,0.00067748
2010,316,5,498.05,115.406070,35.611174,328.91,0.00067748
2010,316,6,597.66,115.406070,35.610276,358.81,0.00000000
2010,316,7,697.28,115.405801,35.609456,358.81,-0.00000000
2010,316,8,796.89,115.405801,35.608559,373.76,-0.00067748
2010,316,9,896.50,115.405531,35.607739,358.81,-0.00053551
2010,316,10,996.11,115.405262,35.606920,328.91,0.00067748
2010,316,11,1095.72,115.405048,35.606085,358.81,0.00085283
2010,316,12,1195.33,115.404992,35.605203,373.76,-0.00000000
2010,316,13,1294.94,115.404910,35.604329,328.91,-0.00050933
2010,316,14,1394.55,115.404723,35.603486,388.71,0.00000000
2010,316,15,1494.16,115.404563,35.602635,373.76,-0.00007932
2010,316,16,1593.77,115.404454,35.601769,388.71,-0.00067748
2010,316,17,1693.38,115.404184,35.600949,388.71,0.00027133
2010,316,18,1792.99,115.403915,35.600130,388.71,0.00067748
2010,316,19,1892.61,115.403915,35.599232,388.71,0.00000000
2010,316,20,1992.22,115.403645,35.598413,388.71,0.00018737
2010,316,21,2091.83,115.403645,35.597515,388.71,-0.00000000
2010,316,22,2191.44,115.403452,35.596673,373.76,0.00027478
2010,316,23,2291.05,115.403376,35.595798,388.71,0.00000000
2010,316,24,2390.66,115.403376,35.594900,388.71,-0.00046215
2010,316,25,2490.27,115.403106,35.594081,388.71,0.00014977
2010,316,26,2589.88,115.403106,35.593183,388.71,0.00000000
2010,316,27,2689.49,115.402898,35.592346,373.76,0.00034867
2010,316,28,2789.10,115.402837,35.591466,388.71,0.00000000
2010,316,29,2888.71,115.402837,35.590568,388.71,-0.00049844
2010,316,30,2988.32,115.402567,35.589749,388.71,-0.00000000
2010,316,31,3087.94,115.402567,35.588851,418.61,-0.00067748
2010,316,32,3187.55,115.402298,35.588032,463.47,-0.00060327
2010,316,33,3287.16,115.402028,35.587213,478.42,0.00000000
2010,316,34,3386.77,115.401788,35.586385,463.47,-0.00011714
2010,316,35,3486.38,115.401489,35.585574,463.47,0.00067748
2010,316,36,3585.99,115.401232,35.584751,463.47,0.00069021
2010,316,37,3685.60,115.401220,35.583857,463.47,0.00000000
2010,316,38,3785.21,115.400950,35.583038,448.52,0.00003020
2010,316,39,3884.82,115.400950,35.582140,418.61,0.00000000
2010,316,40,3984.43,115.400681,35.581320,418.61,-0.00000000
2010,316,41,4084.04,115.400681,35.580423,448.52,-0.00000000
2010,316,42,4183.65,115.400411,35.579603,448.52,0.00063998
2010,316,43,4283.27,115.400411,35.578706,448.52,0.00000000
2010,316,44,4382.88,115.400411,35.577808,448.52,-0.00121039
2010,316,45,4482.49,115.400142,35.576988,448.52,-0.00006705
2010,316,46,4582.10,115.399914,35.576157,508.32,0.00046692
2010,316,47,4681.71,115.399845,35.575279,508.32,-0.00054092
2010,316,48,4781.32,115.399603,35.574452,448.52,-0.00057399
2010,316,49,4880.93,115.399333,35.573633,493.37,-0.00076188
2010,316,50,4980.54,115.399064,35.572813,508.32,-0.00137389
2010,316,51,5080.15,115.398525,35.572073,493.37,-0.00136305
2010,317,0,0.00,115.407687,35.615192,657.82,0.00204104
2010,317,1,70.11,115.408177,35.614702,777.43,0.00213932
2010,317,2,140.23,115.408765,35.614383,822.28,0.00223760
2010,318,0,0.00,115.398525,35.572073,553.17,-0.01067824
2010,318,1,31.52,115.398305,35.571853,642.87,-0.01107371
2010,318,2,63.04,115.397986,35.571803,956.83,-0.01146918
2010,319,0,0.00,115.398525,35.572073,508.32,-0.00167273
2010,319,1,98.41,115.398794,35.571264,448.52,-0.00200709
2010,319,2,196.83,115.398733,35.570395,433.57,-0.00170653
2010,319,3,295.24,115.398525,35.569569,313.96,0.00000000
2010,319,4,393.65,115.398255,35.568760,284.06,0.00053581
2010,319,5,492.07,115.398255,35.567873,284.06,-0.00046739
2010,319,6,590.48,115.397986,35.567065,209.31,-0.00046739
2010,319,7,688.90,115.397803,35.566231,179.41,-0.00022741
2010,319,8,787.31,115.397534,35.565422,194.36,-0.00077703
2010,319,9,885.72,115.397264,35.564614,224.26,-0.00162554
2010,319,10,984.14,115.396786,35.563866,239.21,-0.00157993
2010,319,11,1082.55,115.396099,35.563179,299.01,-0.00100802
2010,32,0,0.00,115.736740,35.828631,642.87,0.00124775
2010,32,1,90.82,115.736315,35.829327,762.48,0.00121587
2010,32,2,181.64,115.735680,35.829961,747.53,0.00059200
2010,32,3,272.45,115.735045,35.830596,792.38,-0.00000000
2010,32,4,363.27,115.734411,35.831231,777.43,-0.00000000
2010,32,5,454.09,115.733776,35.831865,807.33,-0.00000000
2010,320,0,0.00,115.396099,35.563179,1136.24,0.00547932
2010,320,1,79.33,115.395537,35.563718,1016.64,0.00673759
2010,320,2,158.67,115.394662,35.563718,403.66,0.00542355
2010,320,3,238.00,115.393943,35.563449,343.86,0.00285125
2010,321,0,0.00,115.396099,35.563179,583.07,-0.00275899
2010,321,1,80.73,115.395830,35.562530,269.11,-0.00292078
2010,321,2,161.46,115.395291,35.562101,284.06,-0.00308258
2010,322,0,0.00,115.393943,35.563449,777.43,0.00602371
2010,322,1,71.19,115.393158,35.563449,642.87,0.00514117
2010,322,2,142.38,115.392653,35.562967,867.13,0.00113562
2010,322,3,213.57,115.392057,35.562640,792.38,-0.00198740
2010,323,0,0.00,115.393943,35.563449,986.73,-0.00000000
2010,323,1,96.53,115.394617,35.562775,687.72,-0.00000000
2010,323,2,193.07,115.395291,35.562101,1031.59,-0.00000000
2010,324,0,0.00,115.395291,35.562101,762.48,-0.00303126
2010,324,1,81.64,115.394930,35.561471,702.67,-0.00348150
2010,324,2,163.27,115.394261,35.561071,657.82,-0.00262361
2010,324,3,244.91,115.393545,35.560754,717.63,-0.00090332
2010,324,4,326.54,115.392801,35.560484,1106.34,-0.00024558
2010,324,5,408.18,115.392057,35.560215,971.78,0.00000000
2010,326,0,0.00,115.392057,35.562640,971.78,-0.00159139
2010,326,1,92.13,115.391787,35.563392,1495.05,-0.00039206
2010,326,2,184.27,115.391787,35.564223,1001.69,0.00422740
2010,326,3,276.40,115.391380,35.564934,792.38,0.00645028
2010,326,4,368.54,115.390440,35.565066,867.13,0.00525304
2010,327,0,0.00,115.392057,35.562640,837.23,-0.00000000
2010,327,1,77.23,115.391518,35.562101,1210.99,-0.00000000
2010,327,2,154.45,115.390979,35.561562,1390.40,-0.00000000
2010,328,0,0.00,115.392057,35.560215,1225.94,-0.00160863
2010,328,1,80.37,115.391705,35.559593,1225.94,-0.00156482
2010,328,2,160.74,115.391144,35.559032,1270.79,-0.00076051
2010,328,3,241.12,115.390583,35.558471,1225.94,-0.00077155
2010,328,4,321.49,115.390022,35.557910,1016.64,-0.00161148
2010,328,5,401.86,115.389362,35.557520,762.48,-0.00167987
2010,329,0,0.00,115.392057,35.560215,956.83,0.00000000
2010,329,1,92.18,115.391518,35.560889,1151.19,0.00000000
2010,329,2,184.35,115.390979,35.561562,1315.65,0.00000000
2010,330,0,0.00,115.390440,35.565066,762.48,-0.00015013
2010,330,1,81.94,115.390022,35.565605,642.87,0.00184479
2010,330,2,163.88,115.389614,35.566161,612.97,0.00406987
2010,330,3,245.82,115.388857,35.566413,627.92,0.00309346
2010,330,4,327.76,115.388075,35.566622,687.72,0.00162893
2010,330,5,409.70,115.387206,35.566683,672.77,0.00137096
2010,331,0,0.00,115.390440,35.565066,313.96,-0.00057487
2010,331,1,90.00,115.390170,35.564333,1285.75,-0.00140307
2010,331,2,180.00,115.389810,35.563627,1270.79,-0.00189652
2010,331,3,269.99,115.389181,35.562999,1300.70,-0.00078089
2010,331,4,359.99,115.388553,35.562371,1629.61,-0.00000000
2010,332,0,0.00,115.390979,35.561562,762.48,0.00195928
2010,332,1,82.75,115.390203,35.561799,807.33,0.00082483
2010,332,2,165.50,115.389310,35.561832,687.72,-0.00130583
2010,332,3,248.25,115.388553,35.562101,837.23,-0.00230203
2010,333,0,0.00,115.387206,35.566683,538.22,-0.00000000
2010,333,1,19.31,115.387071,35.566548,612.97,-0.00000000
2010,333,2,38.61,115.386936,35.566413,627.92,-0.00000000
2010,334,0,0.00,115.386936,35.566413,777.43,0.00447301
2010,334,1,98.75,115.385950,35.566235,852.18,0.00388618
2010,334,2,197.50,115.385470,35.565485,1046.54,0.00114916
2010,334,3,296.26,115.384780,35.564796,1794.06,-0.00100103
2010,335,0,0.00,115.387206,35.566683,612.97,0.00246583
2010,335,1,82.35,115.386610,35.567222,568.12,0.00256893
2010,335,2,164.70,115.385858,35.567491,538.22,0.00267203
2010,336,0,0.00,115.386936,35.566413,732.58,-0.00181925
2010,336,1,97.47,115.387004,35.565672,897.03,-0.00283994
2010,336,2,194.95,115.386741,35.564870,1794.06,-0.00247093
2010,336,3,292.42,115.386061,35.564190,1794.06,0.00000000
2010,336,4,389.89,115.385589,35.563449,1794.06,0.00108124
2010,337,0,0.00,115.388553,35.562101,1390.40,0.00000000
2010,337,1,14.95,115.388553,35.562236,1390.40,0.00000000
2010,337,2,29.90,115.388553,35.562371,1450.20,0.00000000
2010,338,0,0.00,115.388553,35.562371,687.72,0.00261171
2010,338,1,82.75,115.387797,35.562640,687.72,0.00130585
2010,338,2,165.50,115.386884,35.562640,657.82,-0.00130585
2010,338,3,248.25,115.386128,35.562910,598.02,-0.00261171
2010,34,0,0.00,115.831063,35.851269,598.02,-0.00252273
2010,34,1,75.44,115.831889,35.851252,478.42,-0.00116618
2010,34,2,150.89,115.832576,35.850999,448.52,-0.00195635
2010,34,3,226.33,115.833412,35.850999,388.71,-0.00588019
2010,34,4,301.77,115.833758,35.850460,612.97,-0.00765730
2010,340,0,0.00,115.388553,35.562101,1614.66,0.00000000
2010,340,1,97.39,115.387874,35.561422,1644.56,0.00000000
2010,340,2,194.78,115.387194,35.560742,1614.66,-0.00185597
2010,340,3,292.17,115.386514,35.560062,1031.59,-0.00668234
2010,340,4,389.55,115.385508,35.559945,568.12,-0.00951900
2010,340,5,486.94,115.385050,35.560591,971.78,-0.00693553
2010,340,6,584.33,115.385050,35.561468,1121.29,-0.00405309
2010,340,7,681.72,115.385448,35.562230,1794.06,-0.00251128
2010,340,8,779.11,115.386128,35.562910,1794.06,-0.00140219
2010,341,0,0.00,115.384780,35.564796,747.53,-0.00198914
2010,341,1,82.64,115.384511,35.565462,897.03,-0.00193114
2010,341,2,165.28,115.384511,35.566207,1016.64,-0.00093657
2010,341,3,247.92,115.384511,35.566952,1270.79,0.00000000
2010,342,0,0.00,115.384780,35.564796,1794.06,0.00000000
2010,342,1,38.61,115.384511,35.564527,1794.06,0.00000000
2010,342,2,77.23,115.384241,35.564257,1794.06,0.00000000
2010,343,0,0.00,115.385858,35.567491,388.71,-0.00839551
2010,343,1,70.13,115.385369,35.567002,807.33,-0.00937393
2010,343,2,140.27,115.384780,35.567222,687.72,-0.01035235
2010,344,0,0.00,115.385858,35.567491,583.07,0.00579686
2010,344,1,55.95,115.385398,35.567761,702.67,0.00555188
2010,344,2,111.90,115.384780,35.567761,837.23,0.00530689
2010,345,0,0.00,115.385589,35.563449,627.92,-0.00338605
2010,345,1,82.35,115.384816,35.563682,612.97,-0.00322509
2010,345,2,164.70,115.384241,35.564257,598.02,-0.00306414
2010,346,0,0.00,115.385589,35.563449,627.92,-0.00000000
2010,346,1,38.61,115.385858,35.563179,642.87,-0.00000000
2010,346,2,77.23,115.386128,35.562910,687.72,-0.00000000
2010,348,0,0.00,115.384511,35.566952,777.43,0.00000000
2010,348,1,19.31,115.384646,35.567087,657.82,0.00000000
2010,348,2,38.61,115.384780,35.567222,583.07,0.00000000
2010,349,0,0.00,115.384780,35.567222,1196.04,0.00000000
2010,349,1,29.90,115.384780,35.567491,822.28,0.00000000
2010,349,2,59.80,115.384780,35.567761,702.67,0.00000000
2010,35,0,0.00,115.831063,35.851269,1794.06,0.00229373
2010,35,1,76.92,115.830794,35.850654,1524.95,0.00222681
2010,35,2,153.84,115.830794,35.849960,1121.29,0.00107994
2010,35,3,230.76,115.830794,35.849267,956.83,0.00000000
2010,35,4,307.68,115.830794,35.848574,687.72,0.00000000
2010,350,0,0.00,115.384511,35.566952,538.22,0.00000000
2010,350,1,38.61,115.384241,35.567222,732.58,0.00000000
2010,350,2,77.22,115.383972,35.567491,687.72,0.00000000
2010,352,0,0.00,115.384241,35.564257,747.53,-0.00194233
2010,352,1,90.89,115.383239,35.564257,747.53,-0.00204454
2010,352,2,181.79,115.382393,35.564527,732.58,-0.00107337
2010,352,3,272.68,115.381546,35.564796,627.92,0.00000000
2010,355,0,0.00,115.384780,35.567761,627.92,0.00923386
2010,355,1,43.74,115.384454,35.568030,598.02,0.00904524
2010,355,2,87.47,115.383972,35.568030,612.97,0.00885663
2010,356,0,0.00,115.383972,35.567491,897.03,0.00000000
2010,356,1,29.90,115.383972,35.567761,777.43,0.00000000
2010,356,2,59.80,115.383972,35.568030,762.48,0.00000000
2010,357,0,0.00,115.383972,35.567491,911.98,0.00155683
2010,357,1,83.33,115.383291,35.567080,777.43,0.00149484
2010,357,2,166.67,115.382710,35.566498,1465.15,0.00071642
2010,357,3,250.00,115.382128,35.565917,1659.51,-0.00000000
2010,357,4,333.33,115.381546,35.565335,1794.06,-0.00000000
2010,358,0,0.00,115.381546,35.564796,1210.99,0.00000000
2010,358,1,29.90,115.381546,35.565066,1136.24,0.00000000
2010,358,2,59.80,115.381546,35.565335,1106.34,0.00000000
2010,359,0,0.00,115.381546,35.564796,1599.71,0.00310154
2010,359,1,99.23,115.380755,35.564274,1794.06,0.00380595
2010,359,2,198.45,115.380468,35.563463,1106.34,0.00427113
2010,359,3,297.68,115.380468,35.562569,971.78,0.00340081
2010,359,4,396.90,115.381007,35.561832,627.92,0.00276972
2010,36,0,0.00,115.733776,35.831865,897.03,-0.00042399
2010,36,1,90.96,115.732926,35.832135,702.67,-0.00293946
2010,36,2,181.93,115.732107,35.832456,702.67,-0.00511495
2010,36,3,272.89,115.731889,35.833213,822.28,-0.00477498
2010,361,0,0.00,115.383972,35.568030,612.97,0.00000000
2010,361,1,24.43,115.383702,35.568030,732.58,0.00000000
2010,361,2,48.86,115.383433,35.568030,732.58,0.00000000
2010,362,0,0.00,115.383972,35.568030,762.48,0.00492218
2010,362,1,91.62,115.383750,35.568791,627.92,0.00615952
2010,362,2,183.25,115.382912,35.569090,612.97,0.00560959
2010,362,3,274.87,115.381912,35.569108,777.43,0.00450345
2010,362,4,366.49,115.381039,35.568871,941.88,0.00405766
2010,362,5,458.12,115.380400,35.568231,1166.14,0.00146536
2010,362,6,549.74,115.379761,35.567592,1375.45,0.00000000
2010,362,7,641.36,115.379121,35.566952,1524.95,0.00000000
2010,364,0,0.00,115.381546,35.565335,642.87,-0.00390327
2010,364,1,77.99,115.380843,35.565605,598.02,-0.00395381
2010,364,2,155.99,115.380468,35.566144,702.67,-0.00400436
2010,365,0,0.00,115.379121,35.566952,657.82,0.00526822
2010,365,1,90.21,115.379542,35.566262,583.07,0.00528732
2010,365,2,180.42,115.380468,35.566144,777.43,0.00530642
2010,366,0,0.00,115.379121,35.566952,657.82,0.00062929
2010,366,1,93.78,115.378243,35.567222,598.02,-0.00000000
2010,366,2,187.55,115.377317,35.567409,553.17,-0.00131046
2010,366,3,281.33,115.376487,35.567761,508.32,-0.00149405
2010,366,4,375.11,115.375711,35.568206,478.42,0.00000000
2010,366,5,468.88,115.374958,35.568690,403.66,0.00049824
2010,366,6,562.66,115.374105,35.569004,373.76,-0.00000000
2010,366,7,656.44,115.373352,35.569488,313.96,0.00141437
2010,366,8,750.21,115.372499,35.569801,239.21,0.00253607
2010,366,9,843.99,115.371532,35.569917,179.41,0.00149743
2010,366,10,937.77,115.370497,35.569917,179.41,0.00075145
2010,368,0,0.00,115.380468,35.566144,1674.46,-0.00000000
2010,368,1,77.22,115.381007,35.566683,1524.95,-0.00000000
2010,368,2,154.45,115.381546,35.567222,1345.55,-0.00000000
2010,368,3,231.67,115.382085,35.567761,657.82,0.00000000
2010,368,4,308.90,115.382624,35.568300,538.22,0.00000000
2010,369,0,0.00,115.370497,35.569917,194.36,0.00226173
2010,369,1,86.91,115.369851,35.570456,179.41,0.00351435
2010,369,2,173.82,115.369049,35.570725,209.31,0.00238349
2010,369,3,260.73,115.368090,35.570725,239.21,-0.00000000
2010,369,4,347.63,115.367288,35.570995,299.01,0.00105084
2010,369,5,434.54,115.366329,35.570995,328.91,-0.00000000
2010,369,6,521.45,115.365373,35.570998,478.42,-0.00219453
2010,369,7,608.36,115.364568,35.571264,598.02,-0.00228739
2010,37,0,0.00,115.733776,35.831865,1794.06,0.00000000
2010,37,1,99.31,115.734470,35.832559,1794.06,0.00113264
2010,37,2,198.63,115.735164,35.833253,1330.60,0.00354190
2010,37,3,297.94,115.735393,35.834082,986.73,0.00432317
2010,37,4,397.25,115.735123,35.834899,657.82,0.00259701
2010,37,5,496.57,115.734584,35.835638,627.92,0.00136619
2010,370,0,0.00,115.370497,35.569917,1674.46,0.00654714
2010,370,1,80.73,115.370228,35.569267,568.12,0.00697191
2010,370,2,161.46,115.370767,35.568839,209.31,0.00739667
2010,371,0,0.00,115.364568,35.571264,1181.09,-0.00000000
2010,371,1,87.82,115.364164,35.571938,583.07,-0.00000000
2010,371,2,175.64,115.363760,35.572612,508.32,-0.00000000
2010,372,0,0.00,115.364568,35.571264,478.42,-0.00264840
2010,372,1,81.36,115.363984,35.570725,463.47,-0.00291181
2010,372,2,162.73,115.363235,35.570469,448.52,-0.00258518
2010,372,3,244.09,115.362469,35.570242,463.47,-0.00179567
2010,372,4,325.45,115.361604,35.570186,538.22,-0.00159618
2010,373,0,0.00,115.361604,35.570186,523.27,-0.00163606
2010,373,1,85.22,115.361334,35.569496,463.47,-0.00311304
2010,373,2,170.45,115.360832,35.568875,388.71,-0.00439348
2010,373,3,255.67,115.360069,35.568569,388.71,-0.00233931
2010,373,4,340.90,115.359246,35.568367,523.27,-0.00078177
2010,373,5,426.12,115.358453,35.568113,538.22,-0.00128232
2010,373,6,511.35,115.357561,35.568030,568.12,-0.00148278
2010,374,0,0.00,115.361604,35.570186,1390.40,0.00435854
2010,374,1,77.22,115.361065,35.570725,1076.44,0.00217927
2010,374,2,154.45,115.360526,35.570725,1076.44,-0.00217927
2010,374,3,231.67,115.359987,35.571264,717.63,-0.00435854
2010,375,0,0.00,115.357561,35.568030,568.12,-0.00325043
2010,375,1,97.39,115.357090,35.567290,523.27,-0.00213874
2010,375,2,194.78,115.356213,35.566951,523.27,-0.00051353
2010,375,3,292.17,115.355533,35.566271,508.32,-0.00028248
2010,375,4,389.56,115.354655,35.565933,508.32,0.00039255
2010,375,5,486.95,115.353928,35.565335,493.37,0.00055781
2010,375,6,584.34,115.353167,35.564796,493.37,-0.00021609
2010,375,7,681.73,115.352418,35.564235,493.37,-0.00027533
2010,375,8,779.12,115.351640,35.563725,478.42,-0.00017647
2010,375,9,876.51,115.350861,35.563216,508.32,-0.00000000
2010,375,10,973.90,115.350082,35.562707,478.42,0.00056130
2010,375,11,1071.29,115.349304,35.562198,463.47,0.00056130
2010,375,12,1168.68,115.348624,35.561518,433.57,0.00000000
2010,375,13,1266.07,115.347845,35.561009,433.57,-0.00000000
2010,375,14,1363.46,115.347166,35.560329,418.61,-0.00000000
2010,375,15,1460.85,115.346387,35.559820,418.61,0.00000000
2010,375,16,1558.24,115.345707,35.559140,448.52,0.00052098
2010,375,17,1655.63,115.344929,35.558631,418.61,0.00103583
2010,375,18,1753.02,115.344458,35.557891,403.66,-0.00000000
2010,375,19,1850.41,115.343778,35.557211,358.81,-0.00039130
2010,375,20,1947.80,115.343098,35.556531,373.76,0.00051485
2010,375,21,2045.19,115.342470,35.555837,358.81,-0.00025559
2010,375,22,2142.58,115.341947,35.555111,403.66,-0.00051485
2010,375,23,2239.97,115.341169,35.554602,358.81,0.00013204
2010,375,24,2337.36,115.340698,35.553861,358.81,-0.00000000
2010,375,25,2434.75,115.339919,35.553352,358.81,0.00051485
2010,375,26,2532.14,115.339448,35.552612,343.86,-0.00010463
2010,375,27,2629.53,115.338768,35.551932,313.96,-0.00024991
2010,375,28,2726.92,115.338158,35.551374,328.91,0.00072291
2010,375,29,2824.31,115.337619,35.550653,299.01,-0.00000109
2010,375,30,2921.70,115.337048,35.549942,284.06,-0.00010343
2010,375,31,3019.09,115.336368,35.549262,254.16,0.00079261
2010,375,32,3116.48,115.335897,35.548522,239.21,0.00109935
2010,375,33,3213.87,115.335426,35.547781,209.31,-0.00049499
2010,375,34,3311.26,115.335164,35.546980,194.36,-0.00269648
2010,375,35,3408.65,115.334385,35.546471,179.41,-0.00328750
2010,376,0,0.00,115.357561,35.568030,1794.06,0.00070071
2010,376,1,85.08,115.357022,35.568640,1136.24,0.00076048
2010,376,2,170.17,115.356483,35.569108,867.13,0.00082025
2010,377,0,0.00,115.334385,35.546471,179.41,-0.00133683
2010,377,1,91.94,115.334385,35.545642,194.36,-0.00075384
2010,377,2,183.88,115.334145,35.544883,179.41,0.00058871
2010,377,3,275.82,115.334115,35.544063,209.31,0.00012549
2010,377,4,367.77,115.334115,35.543234,284.06,0.00007970
2010,377,5,459.71,115.333889,35.542472,299.01,0.00126679
2010,377,6,551.65,115.334115,35.541734,299.01,0.00041583
2010,377,7,643.59,115.334115,35.540906,403.66,0.00105115
2010,377,8,735.53,115.334267,35.540121,373.76,0.00149459
2010,377,9,827.47,115.334700,35.539418,373.76,-0.00040774
2010,377,10,919.41,115.334924,35.538655,388.71,-0.00125715
2010,378,0,0.00,115.334385,35.546471,956.83,0.00922995
2010,378,1,43.75,115.334059,35.546740,672.77,0.00904136
2010,378,2,87.49,115.333576,35.546740,852.18,0.00885277
2010,379,0,0.00,115.334924,35.538655,1554.85,0.00000000
2010,379,1,61.10,115.335598,35.538655,1255.84,0.00000000
2010,379,2,122.20,115.336271,35.538655,792.38,0.00000000
2010,38,0,0.00,115.833758,35.850460,448.52,-0.00129550
2010,38,1,94.36,115.834617,35.850141,478.42,-0.00127900
2010,38,2,188.71,115.835375,35.849652,448.52,-0.00126251
2010,380,0,0.00,115.334924,35.538655,418.61,0.00343608
2010,380,1,72.88,115.334893,35.538147,358.81,0.00312427
2010,380,2,145.75,115.335193,35.537577,284.06,0.00281247
2010,381,0,0.00,115.336271,35.538655,448.52,0.00369222
2010,381,1,53.57,115.336437,35.538221,343.86,0.00358514
2010,381,2,107.14,115.336810,35.537847,373.76,0.00347806
2010,382,0,0.00,115.336271,35.538655,747.53,-0.00579311
2010,382,1,55.97,115.336732,35.538925,897.03,-0.00554835
2010,382,2,111.94,115.337349,35.538925,672.77,-0.00530358
2010,383,0,0.00,115.335193,35.537577,1524.95,0.00250161
2010,383,1,80.41,115.336080,35.537577,1794.06,0.00263700
2010,383,2,160.82,115.336810,35.537847,926.93,0.00277239
2010,384,0,0.00,115.335193,35.537577,343.86,0.00257648
2010,384,1,91.76,115.334924,35.536829,284.06,0.00332919
2010,384,2,183.52,115.335100,35.536053,239.21,0.00400546
2010,384,3,275.28,115.335532,35.535352,373.76,0.00318902
2010,384,4,367.03,115.336271,35.534882,448.52,0.00244902
2010,386,0,0.00,115.336810,35.537847,299.01,-0.00447562
2010,386,1,71.42,115.337060,35.537287,284.06,-0.00090305
2010,386,2,142.85,115.336851,35.536728,269.11,0.00458958
2010,386,3,214.27,115.337349,35.536230,403.66,0.00650965
2010,387,0,0.00,115.336271,35.534882,358.81,0.00066200
2010,387,1,91.19,115.336541,35.534139,403.66,0.00082631
2010,387,2,182.39,115.336918,35.533427,418.61,0.00016556
2010,387,3,273.58,115.337349,35.532731,403.66,-0.00114462
2010,387,4,364.77,115.337619,35.531987,388.71,-0.00033119
2010,387,5,455.97,115.337784,35.531214,403.66,0.00064931
2010,387,6,547.16,115.338212,35.530516,433.57,-0.00033021
2010,387,7,638.36,115.338431,35.529758,418.61,-0.00034163
2010,387,8,729.55,115.338697,35.529014,418.61,0.00099115
2010,387,9,820.74,115.338966,35.528271,418.61,0.00164008
2010,387,10,911.94,115.339505,35.527606,448.52,0.00160626
2010,388,0,0.00,115.336271,35.534882,777.43,0.00115130
2010,388,1,92.19,115.336915,35.535526,627.92,0.00118221
2010,388,2,184.37,115.337349,35.536230,373.76,0.00121311
2010,389,0,0.00,115.337349,35.536230,956.83,0.00000000
2010,389,1,12.22,115.337484,35.536230,926.93,0.00000000
2010,389,2,24.44,115.337619,35.536230,926.93,0.00000000
2010,39,0,0.00,115.833758,35.850460,1465.15,0.00000000
2010,39,1,85.23,115.833163,35.849865,1330.60,-0.00068269
2010,39,2,170.47,115.832567,35.849269,1031.59,-0.00142367
2010,39,3,255.70,115.831872,35.848843,837.23,-0.00148195
2010,391,0,0.00,115.339505,35.527606,403.66,0.00224851
2010,391,1,75.58,115.339505,35.526925,418.61,0.00231861
2010,391,2,151.16,115.339775,35.526322,358.81,0.00119435
2010,391,3,226.74,115.340044,35.525719,358.81,-0.00000000
2010,392,0,0.00,115.339505,35.527606,1794.06,-0.00323654
2010,392,1,93.96,115.340385,35.527875,1255.84,-0.00625377
2010,392,2,187.92,115.341311,35.527686,418.61,-0.01058645
2010,392,3,281.88,115.341356,35.527031,478.42,-0.00766023
2010,392,4,375.83,115.340700,35.526375,702.67,-0.00170928
2010,392,5,469.79,115.340044,35.525719,687.72,0.00000000
2010,393,0,0.00,115.340044,35.525719,328.91,0.00038530
2010,393,1,83.97,115.340422,35.525073,373.76,-0.00019394
2010,393,2,167.94,115.340853,35.524442,299.01,-0.00038659
2010,393,3,251.91,115.341122,35.523763,299.01,0.00038659
2010,393,4,335.88,115.341553,35.523132,299.01,0.00019394
2010,393,5,419.85,115.341931,35.522486,299.01,-0.00038530
2010,394,0,0.00,115.341931,35.522486,1794.06,0.00438904
2010,394,1,50.84,115.342384,35.522670,1196.04,0.00417472
2010,394,2,101.69,115.342739,35.523025,612.97,0.00396040
2010,395,0,0.00,115.341931,35.522486,807.33,-0.00215953
2010,395,1,71.21,115.341434,35.521989,1076.44,-0.00433751
2010,395,2,142.43,115.340829,35.521677,1001.69,-0.00513718
2010,395,3,213.64,115.340044,35.521677,852.18,-0.00375886
2010,396,0,0.00,115.341931,35.522486,239.21,-0.00000000
2010,396,1,77.24,115.342470,35.521947,358.81,-0.00000000
2010,396,2,154.48,115.343009,35.521408,328.91,-0.00000000
2010,397,0,0.00,115.343009,35.521408,328.91,0.00152807
2010,397,1,91.35,115.343009,35.520584,284.06,0.00194612
2010,397,2,182.70,115.343278,35.519839,358.81,0.00163394
2010,397,3,274.05,115.343669,35.519130,284.06,0.00116156
2010,397,4,365.40,115.344087,35.518429,373.76,0.00142689
2010,397,5,456.76,115.344626,35.517904,328.91,0.00143435
2010,398,0,0.00,115.343009,35.521408,1779.11,0.00438901
2010,398,1,50.84,115.343462,35.521592,1121.29,0.00417469
2010,398,2,101.69,115.343817,35.521947,792.38,0.00396037
2010,399,0,0.00,115.344626,35.517904,373.76,0.00540654
2010,399,1,49.21,115.344626,35.517461,269.11,0.00551876
2010,399,2,98.42,115.344895,35.517096,269.11,0.00563098
2010,4,0,0.00,115.760186,35.840489,358.81,0.00088075
2010,4,1,75.54,115.759867,35.839901,463.47,0.00184330
2010,4,2,151.09,115.759647,35.839284,478.42,0.00231066
2010,4,3,226.63,115.759647,35.838603,358.81,0.00181547
2010,40,0,0.00,115.731889,35.833213,1794.06,0.00123833
2010,40,1,92.85,115.732638,35.833692,1794.06,0.00119230
2010,40,2,185.70,115.733287,35.834340,1794.06,0.00057314
2010,40,3,278.55,115.733935,35.834989,687.72,0.00000000
2010,40,4,371.41,115.734584,35.835638,313.96,0.00000000
2010,400,0,0.00,115.344626,35.517904,612.97,0.00000000
2010,400,1,67.79,115.345099,35.518377,523.27,-0.00229594
2010,400,2,135.58,115.345572,35.518850,971.78,-0.00479005
2010,400,3,203.38,115.346243,35.518982,254.16,-0.00498820
2010,401,0,0.00,115.343817,35.521947,792.38,-0.00396039
2010,401,1,50.84,115.344172,35.522301,926.93,-0.00417471
2010,401,2,101.69,115.344626,35.522486,254.16,-0.00438903
2010,402,0,0.00,115.343817,35.521947,358.81,0.00922538
2010,402,1,43.75,115.344143,35.521677,478.42,0.00903682
2010,402,2,87.51,115.344626,35.521677,852.18,0.00884826
2010,403,0,0.00,115.344895,35.517096,313.96,-0.00154716
2010,403,1,93.44,115.345165,35.516332,313.96,0.00000000
2010,403,2,186.88,115.345165,35.515490,343.86,0.00077358
2010,403,3,280.32,115.345704,35.514805,313.96,-0.00077358
2010,403,4,373.76,115.345704,35.513963,269.11,0.00078756
2010,403,5,467.20,115.345973,35.513199,388.71,0.00232946
2010,403,6,560.64,115.346512,35.512514,358.81,0.00153666
2010,404,0,0.00,115.344895,35.517096,1569.81,0.00000000
2010,404,1,63.07,115.345434,35.517365,1240.89,0.00000000
2010,404,2,126.13,115.345973,35.517635,867.13,0.00000000
2010,405,0,0.00,115.346512,35.512514,358.81,-0.00054965
2010,405,1,94.84,115.346965,35.511792,343.86,-0.00118058
2010,405,2,189.68,115.347321,35.511040,328.91,-0.00062911
2010,405,3,284.53,115.347454,35.510225,313.96,0.00229632
2010,405,4,379.37,115.347907,35.509502,313.96,0.00316338
2010,405,5,474.21,115.348668,35.509011,403.66,0.00228740
2010,406,0,0.00,115.346512,35.512514,627.92,0.00000000
2010,406,1,98.27,115.347198,35.513200,612.97,-0.00194450
2010,406,2,196.54,115.347884,35.513886,807.33,-0.00469447
2010,406,3,294.80,115.348668,35.513862,777.43,-0.00549994
2010,407,0,0.00,115.348668,35.509011,672.77,-0.00000000
2010,407,1,19.31,115.348803,35.509146,612.97,-0.00000000
2010,407,2,38.62,115.348938,35.509280,612.97,-0.00000000
2010,408,0,0.00,115.348668,35.509011,328.91,0.00129394
2010,408,1,99.14,115.348668,35.508117,313.96,0.00152849
2010,408,2,198.28,115.348938,35.507302,328.91,0.00197053
2010,408,3,297.42,115.349283,35.506510,299.01,0.00166602
2010,408,4,396.55,115.349975,35.505818,343.86,-0.00017965
2010,408,5,495.69,115.350555,35.505093,358.81,-0.00100518
2010,408,6,594.83,115.350941,35.504313,299.01,0.00052237
2010,408,7,693.97,115.351424,35.503560,358.81,0.00024851
2010,408,8,793.11,115.352116,35.502868,313.96,-0.00052237
2010,408,9,892.25,115.352390,35.502055,343.86,0.00040925
2010,408,10,991.39,115.353082,35.501363,328.91,0.00000000
2010,408,11,1090.52,115.353519,35.500597,328.91,-0.00081520
2010,408,12,1189.66,115.354048,35.499858,284.06,-0.00108010
2010,408,13,1288.80,115.354328,35.499046,239.21,-0.00069991
2010,408,14,1387.94,115.354597,35.498231,239.21,-0.00005151
2010,409,0,0.00,115.348938,35.509280,448.52,-0.00516129
2010,409,1,78.02,115.349273,35.509886,852.18,-0.00526669
2010,409,2,156.04,115.350016,35.510089,523.27,-0.00537209
2010,41,0,0.00,115.731889,35.833213,553.17,-0.00866870
2010,41,1,34.23,115.731650,35.833452,762.48,-0.00878396
2010,41,2,68.46,115.731620,35.833752,956.83,-0.00889923
2010,410,0,0.00,115.348938,35.509280,717.63,0.00351705
2010,410,1,68.21,115.349689,35.509280,1031.59,0.00370504
2010,410,2,136.42,115.350285,35.509550,313.96,0.00389304
2010,411,0,0.00,115.354597,35.498231,583.07,-0.00395974
2010,411,1,50.85,115.354242,35.497876,852.18,-0.00417395
2010,411,2,101.70,115.353789,35.497692,732.58,-0.00438816
2010,412,0,0.00,115.354597,35.498231,328.91,-0.00185656
2010,412,1,72.89,115.355106,35.497722,239.21,-0.00191224
2010,412,2,145.78,115.355405,35.497153,239.21,-0.00196792
2010,413,0,0.00,115.355405,35.497153,299.01,0.00144013
2010,413,1,94.06,115.355405,35.496305,179.41,0.00148333
2010,413,2,188.13,115.355675,35.495536,254.16,0.00152654
2010,414,0,0.00,115.355405,35.497153,837.23,0.00000000
2010,414,1,73.36,115.356214,35.497153,598.02,0.00000000
2010,414,2,146.71,115.357022,35.497153,74.75,0.00000000
2010,415,0,0.00,115.355675,35.495536,807.33,0.00351597
2010,415,1,68.22,115.356427,35.495536,882.08,0.00370387
2010,415,2,136.44,115.357022,35.495806,807.33,0.00389177
2010,416,0,0.00,115.355675,35.495536,254.16,0.00161804
2010,416,1,91.44,115.355405,35.494791,209.31,0.00013432
2010,416,2,182.88,115.355405,35.493966,269.11,-0.00352744
2010,416,3,274.32,115.354941,35.493380,254.16,-0.00441185
2010,416,4,365.75,115.354177,35.492960,254.16,-0.00274520
2010,416,5,457.19,115.353341,35.492663,269.11,-0.00142829
2010,416,6,548.63,115.352407,35.492537,299.01,0.00032657
2010,416,7,640.07,115.351535,35.492302,239.21,0.00070733
2010,416,8,731.51,115.350684,35.492033,269.11,-0.00092128
2010,416,9,822.95,115.349832,35.491763,299.01,0.00000000
2010,416,10,914.38,115.348824,35.491763,328.91,0.00318906
2010,416,11,1005.82,115.348129,35.491224,418.61,0.00425844
2010,417,0,0.00,115.348129,35.491224,1510.00,0.00121314
2010,417,1,92.20,115.348564,35.490520,1270.79,0.00118221
2010,417,2,184.41,115.349207,35.489877,956.83,0.00115128
2010,418,0,0.00,115.348129,35.491224,358.81,0.00000000
2010,418,1,98.55,115.347043,35.491224,358.81,0.00082210
2010,418,2,197.09,115.345957,35.491224,448.52,0.00172800
2010,418,3,295.64,115.345027,35.490955,463.47,-0.00000000
2010,418,4,394.18,115.344097,35.490685,448.52,-0.00090590
2010,418,5,492.73,115.343011,35.490685,448.52,0.00000000
2010,418,6,591.27,115.342082,35.490416,448.52,-0.00057298
2010,418,7,689.82,115.340996,35.490416,508.32,-0.00000000
2010,418,8,788.36,115.339959,35.490330,403.66,0.00030197
2010,418,9,886.91,115.338980,35.490146,418.61,-0.00082210
2010,418,10,985.46,115.337894,35.490146,388.71,-0.00055110
2010,418,11,1084.00,115.336808,35.490146,418.61,0.00082210
2010,418,12,1182.55,115.335722,35.490146,418.61,0.00082210
2010,418,13,1281.09,115.334792,35.489877,418.61,-0.00082210
2010,418,14,1379.64,115.333706,35.489877,388.71,-0.00000000
2010,418,15,1478.18,115.332620,35.489877,418.61,0.00172800
2010,418,16,1576.73,115.331690,35.489607,418.61,0.00181180
2010,419,0,0.00,115.331690,35.489607,433.57,0.00214296
2010,419,1,90.96,115.330844,35.489877,448.52,0.00301062
2010,419,2,181.92,115.329841,35.489877,328.91,0.00301062
2010,419,3,272.89,115.328995,35.489607,299.01,0.00214296
2010,42,0,0.00,115.734584,35.835638,792.38,0.00499152
2010,42,1,75.70,115.734584,35.836320,612.97,0.00644259
2010,42,2,151.39,115.734059,35.836716,568.12,0.00488990
2010,42,3,227.09,115.733378,35.836986,553.17,0.00094307
2010,42,4,302.79,115.732698,35.837255,538.22,0.00000000
2010,420,0,0.00,115.331690,35.489607,553.17,0.00173990
2010,420,1,71.44,115.331192,35.489109,642.87,0.00199276
2010,420,2,142.87,115.330881,35.488555,911.98,0.00132583
2010,420,3,214.31,115.330612,35.487990,732.58,0.00040603
2010,421,0,0.00,115.328995,35.489607,1794.06,-0.00003141
2010,421,1,75.03,115.328995,35.488931,1794.06,-0.00354438
2010,421,2,150.06,115.328991,35.488256,672.77,-0.01047572
2010,421,3,225.09,115.328318,35.487990,313.96,-0.00996675
2010,421,4,300.12,115.327648,35.488260,478.42,-0.00603939
2010,422,0,0.00,115.328995,35.489607,508.32,0.00869875
2010,422,1,63.08,115.328456,35.489877,299.01,0.00869875
2010,422,2,126.16,115.327917,35.489607,433.57,0.00869875
2010,423,0,0.00,115.327648,35.488260,747.53,0.00000000
2010,423,1,79.11,115.327782,35.488933,1450.20,0.00000000
2010,423,2,158.23,115.327917,35.489607,1539.90,0.00000000
2010,424,0,0.00,115.327648,35.488260,418.61,-0.00578793
2010,424,1,75.96,115.327118,35.487730,284.06,-0.00876055
2010,424,2,151.92,115.326291,35.487730,284.06,-0.00876055
2010,424,3,227.87,115.325761,35.488260,463.47,-0.00578793
2010,426,0,0.00,115.327917,35.489607,343.86,0.00284693
2010,426,1,79.38,115.327198,35.489877,269.11,0.00541562
2010,426,2,158.77,115.326324,35.489877,269.11,0.00672807
2010,426,3,238.15,115.325761,35.489338,403.66,0.00547183
2010,427,0,0.00,115.325761,35.488260,284.06,0.00585752
2010,427,1,74.66,115.324944,35.488251,313.96,0.00292876
2010,427,2,149.32,115.324423,35.487730,284.06,-0.00292876
2010,427,3,223.98,115.323605,35.487721,254.16,-0.00585752
2010,428,0,0.00,115.325761,35.488260,568.12,0.00566466
2010,428,1,68.53,115.326031,35.488799,1794.06,0.00566466
2010,428,2,137.05,115.325761,35.489338,852.18,0.00566466
2010,430,0,0.00,115.325761,35.489338,418.61,0.00368697
2010,430,1,98.78,115.324985,35.489877,313.96,0.00404766
2010,430,2,197.57,115.323896,35.489877,269.11,0.00253740
2010,430,3,296.35,115.322903,35.489713,254.16,0.00061098
2010,430,4,395.13,115.321875,35.489607,239.21,0.00000000
2010,430,5,493.92,115.320931,35.489358,254.16,-0.00021102
2010,430,6,592.70,115.319854,35.489338,269.11,0.00090132
2010,430,7,691.48,115.318922,35.489068,269.11,0.00042616
2010,430,8,790.27,115.317989,35.488799,269.11,-0.00071469
2010,430,9,889.05,115.316988,35.488649,299.01,-0.00009995
2010,430,10,987.83,115.316002,35.488472,269.11,0.00051755
2010,430,11,1086.62,115.315036,35.488260,299.01,0.00050838
2010,430,12,1185.40,115.314104,35.487990,299.01,0.00019714
2010,430,13,1284.18,115.313171,35.487721,269.11,0.00037605
2010,430,14,1382.97,115.312239,35.487451,284.06,0.00093536
2010,430,15,1481.75,115.311369,35.487073,328.91,0.00075924
2010,430,16,1580.53,115.310530,35.486643,328.91,-0.00067790
2010,430,17,1679.31,115.309694,35.486207,343.86,-0.00077883
2010,430,18,1778.10,115.308709,35.486029,343.86,0.00087783
2010,430,19,1876.88,115.307889,35.485565,343.86,0.00057890
2010,430,20,1975.66,115.307034,35.485163,358.81,0.00026896
2010,430,21,2074.45,115.306181,35.484756,328.91,0.00090813
2010,430,22,2173.23,115.305404,35.484217,358.81,0.00043924
2010,430,23,2272.01,115.304628,35.483678,328.91,-0.00046560
2010,430,24,2370.80,115.303852,35.483139,388.71,0.00000000
2010,430,25,2469.58,115.302994,35.482741,418.61,0.00087712
2010,430,26,2568.36,115.302299,35.482061,388.71,0.00044216
2010,430,27,2667.15,115.301517,35.481533,433.57,0.00044800
2010,430,28,2765.93,115.300828,35.480844,448.52,-0.00003063
2010,430,29,2864.71,115.300127,35.480175,478.42,-0.00085953
2010,430,30,2963.50,115.299351,35.479636,508.32,-0.00082306
2010,431,0,0.00,115.299351,35.479636,1794.06,0.00000000
2010,431,1,85.41,115.299946,35.479040,1794.06,0.00068164
2010,431,2,170.82,115.300542,35.478444,1225.94,0.00142126
2010,431,3,256.23,115.301237,35.478019,493.37,0.00147923
2010,432,0,0.00,115.299351,35.479636,478.42,0.00434536
2010,432,1,69.62,115.298766,35.479321,493.37,0.00319189
2010,432,2,139.25,115.298489,35.478774,508.32,-0.00000000
2010,432,3,208.87,115.298003,35.478288,508.32,-0.00203841
2010,433,0,0.00,115.298003,35.478288,612.97,0.00219394
2010,433,1,95.90,115.297103,35.478019,538.22,0.00354929
2010,433,2,191.79,115.296386,35.477457,568.12,0.00383808
2010,433,3,287.69,115.296117,35.476671,523.27,0.00277153
2010,434,0,0.00,115.298003,35.478288,1794.06,-0.00285076
2010,434,1,99.17,115.298695,35.477597,1225.94,-0.00371894
2010,434,2,198.33,115.298812,35.476737,747.53,-0.00546849
2010,434,3,297.50,115.298588,35.475908,418.61,-0.00790436
2010,434,4,396.67,115.297677,35.475593,777.43,-0.00801854
2010,434,5,495.83,115.296809,35.475980,1674.46,-0.00421671
2010,434,6,595.00,115.296117,35.476671,1794.06,-0.00185520
2010,435,0,0.00,115.296117,35.476671,538.22,0.00248606
2010,435,1,66.72,115.295552,35.476377,538.22,0.00466640
2010,435,2,133.43,115.295087,35.475911,612.97,0.00576679
2010,435,3,200.15,115.295039,35.475324,747.53,0.00468684
2010,436,0,0.00,115.295039,35.475324,717.63,0.00391320
2010,436,1,93.42,115.294090,35.475184,612.97,0.00434355
2010,436,2,186.84,115.293439,35.474532,598.02,0.00238695
2010,436,3,280.26,115.292996,35.473820,612.97,-0.00056058
2010,436,4,373.68,115.292344,35.473168,672.77,-0.00112117
2010,437,0,0.00,115.295039,35.475324,1794.06,-0.00115128
2010,437,1,92.21,115.295682,35.474681,1151.19,-0.00118222
2010,437,2,184.42,115.296117,35.473976,882.08,-0.00121315
2010,438,0,0.00,115.292344,35.473168,687.72,0.00000000
2010,438,1,91.02,115.291497,35.472899,627.92,0.00000000
2010,438,2,182.05,115.290650,35.472629,523.27,0.00109254
2010,438,3,273.07,115.289803,35.472360,448.52,0.00372366
2010,438,4,364.10,115.289112,35.471822,478.42,0.00422762
2010,438,5,455.12,115.288894,35.471066,508.32,0.00159651
2010,438,6,546.14,115.288676,35.470309,553.17,-0.00064146
2010,438,7,637.17,115.288458,35.469552,657.82,-0.00128215
2010,438,8,728.19,115.288032,35.468856,642.87,-0.00128138
2010,439,0,0.00,115.292344,35.473168,1794.06,-0.00236800
2010,439,1,81.41,115.292912,35.472600,1210.99,-0.00232883
2010,439,2,162.81,115.293152,35.471937,1136.24,-0.00103325
2010,439,3,244.22,115.293422,35.471282,642.87,0.00022316
2010,44,0,0.00,115.835375,35.849652,1285.75,0.00174081
2010,44,1,71.35,115.834877,35.849153,1300.70,0.00199160
2010,44,2,142.69,115.834567,35.848600,1300.70,0.00132239
2010,44,3,214.04,115.834297,35.848035,179.41,0.00040240
2010,440,0,0.00,115.288032,35.468856,1794.06,-0.00134125
2010,440,1,89.49,115.288755,35.468402,1166.14,-0.00129025
2010,440,2,178.98,115.289379,35.467778,627.92,-0.00123925
2010,441,0,0.00,115.288032,35.468856,822.28,-0.00049383
2010,441,1,96.91,115.288032,35.467983,642.87,-0.00147490
2010,441,2,193.81,115.287931,35.467139,657.82,-0.00327613
2010,441,3,290.72,115.287464,35.466402,448.52,-0.00732729
2010,441,4,387.63,115.286692,35.465892,926.93,-0.00913488
2010,441,5,484.54,115.286013,35.466563,1495.05,-0.00386933
2010,441,6,581.44,115.285337,35.467239,1794.06,-0.00002717
2010,442,0,0.00,115.288032,35.468856,837.23,0.00302442
2010,442,1,81.03,115.287451,35.468856,687.72,0.00226110
2010,442,2,162.06,115.286715,35.468587,553.17,0.00157878
2010,442,3,243.09,115.285941,35.468382,463.47,0.00491419
2010,442,4,324.13,115.285337,35.467969,627.92,0.00660150
2010,442,5,405.16,115.285337,35.467239,672.77,0.00503440
2010,443,0,0.00,115.293422,35.471282,657.82,0.00075767
2010,443,1,97.92,115.292655,35.470743,538.22,0.00029489
2010,443,2,195.83,115.291957,35.470086,433.57,-0.00055532
2010,443,3,293.75,115.291175,35.469574,523.27,0.00059954
2010,443,4,391.67,115.290393,35.469061,642.87,0.00211655
2010,443,5,489.59,115.289918,35.468317,553.17,0.00209126
2010,444,0,0.00,115.293422,35.471282,672.77,0.00000000
2010,444,1,38.63,115.293691,35.471012,463.47,0.00000000
2010,444,2,77.26,115.293961,35.470743,269.11,0.00000000
2010,445,0,0.00,115.289379,35.467778,538.22,0.00974979
2010,445,1,65.81,115.289129,35.467258,897.03,0.01025930
2010,445,2,131.62,115.289649,35.466970,358.81,0.01076881
2010,446,0,0.00,115.289379,35.467778,478.42,-0.00000000
2010,446,1,38.63,115.289649,35.468048,523.27,-0.00000000
2010,446,2,77.26,115.289918,35.468317,583.07,-0.00000000
2010,447,0,0.00,115.285337,35.467239,553.17,0.00249970
2010,447,1,95.51,115.284473,35.466914,463.47,0.00237736
2010,447,2,191.02,115.283807,35.466248,493.37,0.00059398
2010,447,3,286.54,115.283140,35.465582,433.57,-0.00054247
2010,447,4,382.05,115.282377,35.465083,448.52,0.00052533
2010,447,5,477.56,115.281709,35.464420,388.71,0.00054247
2010,447,6,573.07,115.281043,35.463753,418.61,0.00000821
2010,447,7,668.59,115.280486,35.463197,388.71,0.00000000
2010,449,0,0.00,115.289918,35.468317,538.22,0.01066775
2010,449,1,31.55,115.290138,35.468097,568.12,0.01106172
2010,449,2,63.09,115.290457,35.468048,598.02,0.01145570
2010,45,0,0.00,115.835375,35.849652,448.52,-0.00000000
2010,45,1,98.05,115.836303,35.849382,478.42,-0.00000000
2010,45,2,196.10,115.837232,35.849113,388.71,0.00091620
2010,45,3,294.15,115.838160,35.848843,388.71,0.00131778
2010,45,4,392.20,115.839245,35.848843,328.91,0.00083091
2010,45,5,490.25,115.840093,35.848711,284.06,0.00082606
2010,45,6,588.30,115.841101,35.848843,239.21,0.00067591
2010,45,7,686.35,115.842187,35.848843,239.21,0.00043418
2010,45,8,784.40,115.843143,35.849065,224.26,0.00031277
2010,45,9,882.45,115.844200,35.849113,179.41,0.00129598
2010,45,10,980.50,115.845128,35.849382,149.51,0.00257973
2010,45,11,1078.55,115.845993,35.849760,149.51,0.00188616
2010,45,12,1176.60,115.846679,35.850445,194.36,0.00044464
2010,45,13,1274.65,115.847463,35.850960,224.26,-0.00000000
2010,45,14,1372.70,115.848149,35.851646,284.06,-0.00055227
2010,45,15,1470.75,115.848933,35.852161,299.01,-0.00067216
2010,45,16,1568.81,115.849718,35.852676,313.96,-0.00058234
2010,45,17,1666.86,115.850523,35.853155,343.86,-0.00033861
2010,45,18,1764.91,115.851387,35.853536,343.86,-0.00000000
2010,45,19,1862.96,115.852171,35.854051,358.81,0.00045849
2010,45,20,1961.01,115.853055,35.854396,448.52,0.00113461
2010,45,21,2059.06,115.853741,35.855081,448.52,0.00002680
2010,45,22,2157.11,115.854525,35.855597,418.61,0.00000000
2010,45,23,2255.16,115.855305,35.856120,433.57,0.00097107
2010,45,24,2353.21,115.855995,35.856797,358.81,-0.00055227
2010,45,25,2451.26,115.856689,35.857467,448.52,-0.00212564
2010,45,26,2549.31,115.857565,35.857827,388.71,-0.00058234
2010,45,27,2647.36,115.858449,35.858172,403.66,0.00112777
2010,45,28,2745.41,115.859233,35.858688,448.52,0.00026138
2010,45,29,2843.46,115.860018,35.859203,463.47,-0.00118119
2010,45,30,2941.51,115.860858,35.859623,448.52,-0.00139272
2010,45,31,3039.56,115.861786,35.859893,508.32,-0.00106496
2010,450,0,0.00,115.280486,35.463197,478.42,0.00375348
2010,450,1,71.25,115.279701,35.463197,358.81,0.00513149
2010,450,2,142.50,115.279097,35.462885,343.86,0.00433462
2010,450,3,213.74,115.278600,35.462388,328.91,0.00215974
2010,451,0,0.00,115.280486,35.463197,1794.06,-0.00222183
2010,451,1,78.50,115.281034,35.462649,1435.25,-0.00336067
2010,451,2,157.00,115.281294,35.462018,702.67,-0.00325669
2010,451,3,235.50,115.281294,35.461310,478.42,-0.00201387
2010,452,0,0.00,115.278600,35.462388,373.76,0.00288621
2010,452,1,85.72,115.277811,35.462119,284.06,0.00280529
2010,452,2,171.45,115.277206,35.461534,313.96,0.00073402
2010,452,3,257.17,115.276608,35.460936,313.96,-0.00062816
2010,452,4,342.90,115.275911,35.460508,299.01,0.00067663
2010,452,5,428.62,115.275313,35.459910,284.06,0.00000000
2010,452,6,514.35,115.274715,35.459312,269.11,-0.00141065
2010,452,7,600.07,115.274018,35.458885,209.31,-0.00146805
2010,453,0,0.00,115.278600,35.462388,1524.95,-0.00000000
2010,453,1,96.58,115.279273,35.461714,1794.06,-0.00000000
2010,453,2,193.16,115.279947,35.461041,642.87,-0.00000000
2010,454,0,0.00,115.274018,35.458885,373.76,0.00000000
2010,454,1,44.85,115.274018,35.458481,328.91,0.00000000
2010,454,2,89.70,115.274018,35.458076,254.16,0.00000000
2010,455,0,0.00,115.274018,35.458885,627.92,0.00679321
2010,455,1,90.09,115.273182,35.459154,149.51,0.00913047
2010,455,2,180.17,115.272671,35.458619,104.65,0.00740421
2010,455,3,270.26,115.272671,35.457807,224.26,0.00334070
2010,456,0,0.00,115.274018,35.458076,224.26,-0.00388830
2010,456,1,68.24,115.273422,35.457807,149.51,-0.00370065
2010,456,2,136.49,115.272671,35.457807,328.91,-0.00351301
2010,457,0,0.00,115.274018,35.458076,1794.06,0.01066672
2010,457,1,31.55,115.274238,35.457856,837.23,0.01106054
2010,457,2,63.10,115.274557,35.457807,433.57,0.01145437
2010,459,0,0.00,115.272671,35.457807,179.41,0.00147352
2010,459,1,68.53,115.272193,35.457329,194.36,0.00330262
2010,459,2,137.07,115.271862,35.456808,179.41,0.00426619
2010,459,3,205.60,115.271862,35.456190,299.01,0.00340066
2010,46,0,0.00,115.731620,35.833752,687.72,0.00165539
2010,46,1,82.56,115.730844,35.833988,627.92,0.00000000
2010,46,2,165.12,115.729969,35.834055,463.47,-0.00403076
2010,46,3,247.68,115.729293,35.834462,508.32,-0.00468064
2010,46,4,330.25,115.728925,35.835099,508.32,-0.00295514
2010,460,0,0.00,115.271862,35.456190,538.22,0.00351288
2010,460,1,68.25,115.272614,35.456190,239.21,0.00370052
2010,460,2,136.49,115.273210,35.456459,164.46,0.00388815
2010,461,0,0.00,115.271862,35.456190,269.11,0.00068165
2010,461,1,84.87,115.271270,35.455598,313.96,0.00140099
2010,461,2,169.74,115.270784,35.454975,328.91,0.00044888
2010,461,3,254.62,115.270503,35.454292,343.86,-0.00209163
2010,461,4,339.49,115.269874,35.453764,403.66,-0.00121144
2010,461,5,424.36,115.269220,35.453278,433.57,0.00069064
2010,461,6,509.23,115.268628,35.452686,448.52,0.00084345
2010,462,0,0.00,115.268628,35.452686,598.02,-0.00171033
2010,462,1,86.47,115.268628,35.451907,523.27,-0.00176295
2010,462,2,172.95,115.268359,35.451206,523.27,-0.00090779
2010,462,3,259.42,115.268089,35.450506,284.06,-0.00091866
2010,462,4,345.90,115.267820,35.449805,284.06,-0.00180344
2010,462,5,432.37,115.267281,35.449183,538.22,-0.00176956
2010,463,0,0.00,115.268628,35.452686,538.22,-0.00000000
2010,463,1,88.57,115.267809,35.452417,538.22,-0.00000000
2010,463,2,177.13,115.266989,35.452147,508.32,0.00085805
2010,463,3,265.70,115.266170,35.451878,239.21,0.00314075
2010,463,4,354.27,115.265465,35.451410,224.26,0.00394255
2010,463,5,442.83,115.265125,35.450711,299.01,0.00189097
2010,463,6,531.40,115.264855,35.449991,598.02,0.00046223
2010,464,0,0.00,115.267281,35.449183,388.71,-0.00123032
2010,464,1,93.00,115.267049,35.448412,493.37,-0.00370058
2010,464,2,186.00,115.266609,35.447703,388.71,-0.00559271
2010,464,3,279.00,115.265664,35.447566,448.52,-0.00501457
2010,465,0,0.00,115.267281,35.449183,986.73,0.00148775
2010,465,1,87.57,115.266472,35.449452,448.52,0.00000000
2010,465,2,175.13,115.265565,35.449551,1046.54,-0.00223850
2010,465,3,262.70,115.264855,35.449991,1764.16,-0.00298926
2010,466,0,0.00,115.264855,35.449991,418.61,0.00248589
2010,466,1,66.72,115.264291,35.449697,418.61,0.00466627
2010,466,2,133.45,115.263826,35.449231,463.47,0.00576681
2010,466,3,200.17,115.263777,35.448644,583.07,0.00468698
2010,468,0,0.00,115.265664,35.447566,463.47,0.00571229
2010,468,1,75.33,115.265138,35.448092,508.32,0.00574066
2010,468,2,150.67,115.264316,35.448105,598.02,0.00576903
2010,469,0,0.00,115.265664,35.447566,448.52,-0.00747639
2010,469,1,97.37,115.264787,35.447365,418.61,-0.00700590
2010,469,2,194.74,115.264316,35.448105,1510.00,-0.00653542
2010,47,0,0.00,115.731620,35.833752,1794.06,0.00000000
2010,47,1,83.21,115.732201,35.834333,1794.06,0.00000000
2010,47,2,166.42,115.732783,35.834915,1091.39,-0.00071715
2010,47,3,249.63,115.733365,35.835496,762.48,-0.00149654
2010,47,4,332.84,115.734045,35.835908,777.43,-0.00155876
2010,470,0,0.00,115.263777,35.448644,478.42,0.00199719
2010,470,1,75.98,115.263050,35.448455,478.42,0.00293831
2010,470,2,151.96,115.262421,35.448096,448.52,0.00280613
2010,470,3,227.94,115.261891,35.447566,478.42,0.00173284
2010,471,0,0.00,115.263777,35.448644,837.23,-0.00000000
2010,471,1,38.63,115.264047,35.448375,642.87,-0.00000000
2010,471,2,77.27,115.264316,35.448105,1315.65,-0.00000000
2010,474,0,0.00,115.261891,35.447566,508.32,-0.00053124
2010,474,1,94.71,115.261004,35.447297,612.97,-0.00007974
2010,474,2,189.42,115.260075,35.447098,687.72,0.00053359
2010,474,3,284.13,115.259217,35.446779,254.16,0.00109987
2010,474,4,378.84,115.258342,35.446488,239.21,0.00172691
2010,474,5,473.55,115.257599,35.445970,239.21,0.00122341
2010,474,6,568.26,115.256880,35.445410,269.11,0.00058169
2010,474,7,662.97,115.256179,35.444819,254.16,0.00055196
2010,474,8,757.68,115.255519,35.444158,254.16,0.00133847
2010,474,9,852.39,115.254858,35.443498,313.96,0.00230413
2010,474,10,947.10,115.254615,35.442715,373.76,0.00236920
2010,475,0,0.00,115.261891,35.447566,837.23,-0.00433770
2010,475,1,80.50,115.262077,35.446944,642.87,-0.00320252
2010,475,2,160.99,115.261724,35.446321,612.97,-0.00070713
2010,475,3,241.49,115.261621,35.445626,299.01,-0.00032886
2010,475,4,321.98,115.261352,35.444979,254.16,-0.00065540
2010,475,5,402.48,115.261082,35.444332,269.11,0.00000000
2010,476,0,0.00,115.254615,35.442715,358.81,0.00392979
2010,476,1,93.22,115.253668,35.442577,299.01,0.00322978
2010,476,2,186.44,115.253018,35.441927,299.01,0.00126489
2010,476,3,279.65,115.252269,35.441447,313.96,0.00057019
2010,476,4,372.87,115.251618,35.440797,328.91,0.00057019
2010,476,5,466.09,115.250968,35.440147,358.81,-0.00031411
2010,476,6,559.31,115.250318,35.439497,373.76,-0.00047438
2010,476,7,652.52,115.249612,35.438942,373.76,0.00124335
2010,476,8,745.74,115.248955,35.438356,403.66,0.00264089
2010,476,9,838.96,115.248686,35.437595,418.61,0.00247454
2010,477,0,0.00,115.254615,35.442715,1196.04,-0.00281774
2010,477,1,98.44,115.255154,35.441985,672.77,-0.00276154
2010,477,2,196.87,115.255154,35.441098,448.52,-0.00270535
2010,478,0,0.00,115.261082,35.444332,493.37,-0.00428935
2010,478,1,87.85,115.261278,35.443597,313.96,-0.00438492
2010,478,2,175.71,115.260813,35.442985,239.21,-0.00448048
2010,479,0,0.00,115.261082,35.444332,598.02,-0.00277207
2010,479,1,71.26,115.260298,35.444332,523.27,0.00203830
2010,479,2,142.52,115.259693,35.444560,269.11,0.00759563
2010,479,3,213.78,115.259196,35.444063,224.26,0.00834259
2010,48,0,0.00,115.732698,35.837255,941.88,0.00313136
2010,48,1,64.13,115.732698,35.836677,538.22,0.00322450
2010,48,2,128.27,115.732967,35.836177,538.22,0.00331764
2010,480,0,0.00,115.248686,35.437595,448.52,0.00457154
2010,480,1,82.56,115.247932,35.437325,403.66,0.00501031
2010,480,2,165.12,115.247608,35.436705,717.63,0.00338539
2010,480,3,247.67,115.247386,35.436026,493.37,0.00089199
2010,480,4,330.23,115.247227,35.435328,747.53,0.00023115
2010,480,5,412.79,115.247069,35.434630,732.58,-0.00000000
2010,481,0,0.00,115.248686,35.437595,1764.16,-0.00000000
2010,481,1,57.96,115.249090,35.437190,1300.70,-0.00000000
2010,481,2,115.91,115.249494,35.436786,1151.19,-0.00000000
2010,482,0,0.00,115.260813,35.442985,343.86,-0.00891386
2010,482,1,34.27,115.260782,35.442685,254.16,-0.00879682
2010,482,2,68.54,115.260543,35.442446,224.26,-0.00867978
2010,483,0,0.00,115.260813,35.442985,418.61,0.00246127
2010,483,1,82.42,115.260217,35.443524,837.23,0.00256386
2010,483,2,164.84,115.259465,35.443793,642.87,0.00266645
2010,484,0,0.00,115.259196,35.444063,822.28,0.00000000
2010,484,1,19.32,115.259331,35.443928,762.48,0.00000000
2010,484,2,38.64,115.259465,35.443793,568.12,0.00000000
2010,485,0,0.00,115.259196,35.444063,239.21,0.00161995
2010,485,1,88.86,115.258373,35.443793,299.01,0.00224282
2010,485,2,177.72,115.257660,35.443335,254.16,0.00202710
2010,485,3,266.58,115.257040,35.442715,254.16,0.00118850
2010,487,0,0.00,115.259465,35.443793,254.16,0.00378917
2010,487,1,83.49,115.259196,35.443119,403.66,0.00378917
2010,487,2,166.97,115.259465,35.442446,388.71,0.00378917
2010,488,0,0.00,115.247069,35.434630,702.67,0.00226974
2010,488,1,81.47,115.246303,35.434403,642.87,0.00398836
2010,488,2,162.95,115.245721,35.433981,657.82,0.00438198
2010,488,3,244.42,115.245452,35.433325,672.77,0.00255441
2010,488,4,325.89,115.245182,35.432670,672.77,0.00199174
2010,488,5,407.36,115.245182,35.431935,717.63,0.00193166
2010,489,0,0.00,115.247069,35.434630,1794.06,0.00465344
2010,489,1,81.71,115.247737,35.434231,1510.00,0.00589900
2010,489,2,163.42,115.248406,35.434351,717.63,0.00413082
2010,489,3,245.13,115.249144,35.434630,672.77,0.00227828
2010,489,4,326.84,115.249888,35.434900,627.92,0.00357312
2010,489,5,408.55,115.250303,35.435439,388.71,0.00370675
2010,49,0,0.00,115.732698,35.837255,448.52,0.01070519
2010,49,1,31.45,115.732478,35.837475,508.32,0.01110455
2010,49,2,62.91,115.732159,35.837525,717.63,0.01150391
2010,490,0,0.00,115.249494,35.436786,777.43,0.00178135
2010,490,1,87.86,115.249764,35.436073,852.18,0.00175090
2010,490,2,175.71,115.250303,35.435439,1046.54,0.00172044
2010,491,0,0.00,115.249494,35.436786,538.22,0.00000000
2010,491,1,61.18,115.250168,35.436786,538.22,0.00000000
2010,491,2,122.35,115.250842,35.436786,523.27,0.00000000
2010,492,0,0.00,115.260543,35.442446,164.46,0.00471394
2010,492,1,65.82,115.260794,35.441926,1001.69,0.00479955
2010,492,2,131.64,115.261352,35.441637,89.70,0.00488516
2010,493,0,0.00,115.260543,35.442446,239.21,0.00000000
2010,493,1,43.79,115.260139,35.442311,224.26,0.00000000
2010,493,2,87.57,115.259735,35.442176,313.96,0.00000000
2010,494,0,0.00,115.259465,35.442446,388.71,0.00000000
2010,494,1,19.32,115.259600,35.442311,373.76,0.00000000
2010,494,2,38.64,115.259735,35.442176,403.66,0.00000000
2010,495,0,0.00,115.259735,35.442176,448.52,-0.00368000
2010,495,1,91.61,115.259722,35.441354,343.86,-0.00367117
2010,495,2,183.21,115.259083,35.440715,269.11,-0.00295269
2010,495,3,274.82,115.258444,35.440076,299.01,-0.00259209
2010,495,4,366.42,115.257623,35.439751,284.06,-0.00169752
2010,495,5,458.03,115.256770,35.439481,358.81,-0.00045391
2010,497,0,0.00,115.259465,35.442446,269.11,-0.00578060
2010,497,1,56.02,115.259004,35.442176,284.06,-0.00553655
2010,497,2,112.04,115.258387,35.442176,313.96,-0.00529251
2010,498,0,0.00,115.245182,35.431935,1046.54,0.00000000
2010,498,1,36.71,115.244778,35.431935,1016.64,0.00000000
2010,498,2,73.42,115.244374,35.431935,1076.44,0.00000000
2010,499,0,0.00,115.245182,35.431935,1240.89,0.00000000
2010,499,1,57.96,115.245586,35.431531,1794.06,0.00000000
2010,499,2,115.91,115.245991,35.431127,1510.00,0.00000000
2010,5,0,0.00,115.761264,35.842915,373.76,-0.00132137
2010,5,1,91.71,115.761264,35.843741,388.71,-0.00131714
2010,5,2,183.42,115.761501,35.844499,373.76,-0.00018856
2010,5,3,275.13,115.761724,35.845261,358.81,0.00110215
2010,5,4,366.84,115.761803,35.846065,373.76,0.00009462
2010,5,5,458.55,115.761803,35.846891,328.91,-0.00053964
2010,5,6,550.26,115.762073,35.847640,358.81,0.00075463
2010,5,7,641.97,115.762073,35.848466,343.86,0.00000000
2010,5,8,733.68,115.762073,35.849293,373.76,-0.00155459
2010,5,9,825.39,115.762342,35.850041,418.61,-0.00079996
2010,5,10,917.10,115.762612,35.850790,478.42,0.00000000
2010,5,11,1008.81,115.762881,35.851538,448.52,0.00000000
2010,50,0,0.00,115.861786,35.859893,1794.06,-0.00115139
2010,50,1,92.07,115.862429,35.859249,1794.06,-0.00118213
2010,50,2,184.13,115.862864,35.858545,882.08,-0.00121288
2010,500,0,0.00,115.250303,35.435439,448.52,-0.00081639
2010,500,1,92.36,115.251164,35.435708,418.61,-0.00000000
2010,500,2,184.72,115.252085,35.435874,403.66,0.00135098
2010,500,3,277.08,115.252886,35.436247,433.57,0.00133415
2010,500,4,369.44,115.253670,35.436650,343.86,0.00066183
2010,500,5,461.81,115.254413,35.437124,328.91,0.00089826
2010,500,6,554.17,115.255156,35.437597,313.96,0.00074159
2010,500,7,646.53,115.255800,35.438242,328.91,0.00121014
2010,500,8,738.89,115.256501,35.438727,299.01,0.00263911
2010,500,9,831.25,115.256770,35.439481,358.81,0.00308553
2010,502,0,0.00,115.256770,35.439481,1510.00,0.00174629
2010,502,1,67.83,115.256297,35.439954,553.17,0.00600562
2010,502,2,135.66,115.255745,35.440290,403.66,0.00939782
2010,502,3,203.48,115.255154,35.440020,299.01,0.00853069
2010,503,0,0.00,115.244374,35.431935,1584.76,0.00115608
2010,503,1,94.41,115.243924,35.432655,1270.79,0.00112696
2010,503,2,188.82,115.243265,35.433313,1405.35,0.00054892
2010,503,3,283.23,115.242607,35.433972,1136.24,0.00000000
2010,503,4,377.64,115.241948,35.434630,911.98,0.00000000
2010,504,0,0.00,115.244374,35.431935,717.63,0.00385219
2010,504,1,83.49,115.243835,35.431340,702.67,0.00382090
2010,504,2,166.98,115.243835,35.430588,822.28,0.00378960
2010,505,0,0.00,115.245991,35.431127,1136.24,0.00000000
2010,505,1,86.30,115.246941,35.431127,1106.34,0.00108083
2010,505,2,172.59,115.247891,35.431127,897.03,0.00227692
2010,505,3,258.89,115.248686,35.431396,657.82,0.00239218
2010,506,0,0.00,115.245991,35.431127,1121.29,0.00138438
2010,506,1,86.50,115.246385,35.430463,1061.49,0.00054404
2010,506,2,173.00,115.246989,35.429859,971.78,-0.00407928
2010,506,3,259.50,115.247338,35.429182,852.18,-0.00745527
2010,506,4,346.00,115.246799,35.428701,642.87,-0.00704826
2010,507,0,0.00,115.243835,35.430588,762.48,0.00238306
2010,507,1,97.75,115.242955,35.430247,702.67,0.00200799
2010,507,2,195.51,115.242274,35.429566,612.97,0.00107498
2010,507,3,293.26,115.241541,35.428971,657.82,0.00052626
2010,507,4,391.01,115.241020,35.428312,627.92,-0.00000000
2010,507,5,488.76,115.240338,35.427630,627.92,0.00042322
2010,507,6,586.52,115.239656,35.426948,612.97,0.00104961
2010,507,7,684.27,115.239253,35.426185,627.92,0.00072440
2010,507,8,782.02,115.238710,35.425463,598.02,0.00111194
2010,507,9,879.77,115.238445,35.424659,642.87,0.00149237
2010,508,0,0.00,115.243835,35.430588,1794.06,0.00000000
2010,508,1,77.28,115.244374,35.430049,1659.51,-0.00000000
2010,508,2,154.55,115.244913,35.429510,1255.84,0.00000000
2010,508,3,231.83,115.245452,35.428971,1225.94,0.00000000
2010,508,4,309.11,115.245991,35.428432,747.53,0.00000000
2010,509,0,0.00,115.238445,35.424659,583.07,0.00000000
2010,509,1,73.08,115.237796,35.424389,627.92,0.00222856
2010,509,2,146.16,115.237147,35.424120,627.92,0.00444323
2010,509,3,219.24,115.236828,35.423581,657.82,0.00442935
2010,51,0,0.00,115.861786,35.859893,463.47,-0.00126118
2010,51,1,88.60,115.862405,35.860512,463.47,-0.00203370
2010,51,2,177.21,115.863124,35.860961,478.42,-0.00213884
2010,51,3,265.81,115.863942,35.861240,448.52,-0.00147147
2010,510,0,0.00,115.238445,35.424659,1794.06,-0.00178333
2010,510,1,74.37,115.238964,35.424140,1210.99,-0.00089166
2010,510,2,148.73,115.239274,35.423561,1136.24,0.00089166
2010,510,3,223.10,115.239792,35.423042,1016.64,0.00178333
2010,511,0,0.00,115.236828,35.423581,1599.71,0.00000000
2010,511,1,97.28,115.237506,35.422903,1794.06,0.00045391
2010,511,2,194.56,115.238185,35.422224,1225.94,0.00464155
2010,511,3,291.84,115.238950,35.421695,837.23,0.00973569
2010,511,4,389.12,115.239523,35.422244,583.07,0.00659374
2010,511,5,486.40,115.239792,35.423042,523.27,0.00209140
2010,512,0,0.00,115.236828,35.423581,553.17,-0.00000000
2010,512,1,97.02,115.236151,35.422904,553.17,-0.00052556
2010,512,2,194.04,115.235475,35.422228,493.37,-0.00000000
2010,512,3,291.06,115.234699,35.421722,493.37,0.00104496
2010,512,4,388.09,115.234231,35.420984,418.61,-0.00052556
2010,512,5,485.11,115.233554,35.420307,373.76,-0.00104496
2010,512,6,582.13,115.232779,35.419801,299.01,0.00000000
2010,512,7,679.15,115.232102,35.419125,239.21,-0.00056632
2010,512,8,776.17,115.231327,35.418619,209.31,-0.00072228
2010,512,9,873.19,115.230551,35.418113,209.31,-0.00121027
2010,512,10,970.21,115.229750,35.417652,209.31,-0.00246327
2010,512,11,1067.23,115.228803,35.417442,313.96,-0.00120787
2010,512,12,1164.26,115.227769,35.417383,388.71,0.00093589
2010,512,13,1261.28,115.226857,35.417113,373.76,0.00146959
2010,514,0,0.00,115.239792,35.423042,792.38,0.00426771
2010,514,1,65.83,115.240062,35.422527,493.37,0.00439075
2010,514,2,131.65,115.240601,35.422234,149.51,0.00451380
2010,515,0,0.00,115.226857,35.417113,627.92,0.00182585
2010,515,1,75.59,115.226857,35.417794,926.93,0.00232135
2010,515,2,151.19,115.226636,35.418411,463.47,0.00184828
2010,515,3,226.78,115.226318,35.419000,493.37,0.00087971
2010,516,0,0.00,115.226857,35.417113,373.76,0.00000000
2010,516,1,63.12,115.226318,35.416844,388.71,0.00000000
2010,516,2,126.23,115.225779,35.416574,508.32,0.00000000
2010,517,0,0.00,115.225779,35.416574,1240.89,-0.00259111
2010,517,1,72.68,115.226048,35.415998,732.58,-0.00251513
2010,517,2,145.36,115.226048,35.415343,433.57,-0.00121958
2010,517,3,218.04,115.226048,35.414688,403.66,0.00000000
2010,518,0,0.00,115.225779,35.416574,388.71,0.00000000
2010,518,1,36.71,115.225374,35.416574,388.71,0.00000000
2010,518,2,73.43,115.224970,35.416574,418.61,0.00000000
2010,519,0,0.00,115.224970,35.416574,1181.09,0.00129221
2010,519,1,89.45,115.224555,35.417259,657.82,0.00244613
2010,519,2,178.90,115.223931,35.417883,403.66,0.00440016
2010,519,3,268.34,115.223125,35.418191,284.06,0.00587188
2010,519,4,357.79,115.222140,35.418191,657.82,0.00548773
2010,519,5,447.24,115.221467,35.417652,1076.44,0.00443198
2010,52,0,0.00,115.728925,35.835099,493.37,-0.00522597
2010,52,1,84.70,115.728134,35.835351,463.47,-0.00518074
2010,52,2,169.39,115.727847,35.836031,807.33,-0.00263125
2010,52,3,254.09,115.727578,35.836716,612.97,-0.00012699
2010,520,0,0.00,115.224970,35.416574,941.88,-0.00460305
2010,520,1,87.59,115.224318,35.416035,523.27,-0.00450883
2010,520,2,175.19,115.223353,35.416035,448.52,-0.00441461
2010,521,0,0.00,115.221467,35.417652,1390.40,0.00541205
2010,521,1,49.22,115.221467,35.417208,448.52,0.00552450
2010,521,2,98.44,115.221736,35.416844,269.11,0.00563694
2010,522,0,0.00,115.221467,35.417652,478.42,0.00000000
2010,522,1,24.48,115.221197,35.417652,388.71,0.00000000
2010,522,2,48.95,115.220928,35.417652,448.52,0.00000000
2010,523,0,0.00,115.223353,35.416035,1151.19,-0.00146646
2010,523,1,82.44,115.222778,35.415460,642.87,-0.00179566
2010,523,2,164.88,115.222104,35.415056,717.63,-0.00412835
2010,523,3,247.31,115.221431,35.414724,403.66,-0.00571633
2010,523,4,329.75,115.220658,35.414957,343.86,-0.00530083
2010,524,0,0.00,115.223353,35.416035,254.16,0.00195644
2010,524,1,94.68,115.222623,35.416574,194.36,0.00199605
2010,524,2,189.35,115.221736,35.416844,403.66,0.00203566
2010,525,0,0.00,115.221736,35.416844,1285.75,0.00347858
2010,525,1,53.59,115.221362,35.416470,612.97,0.00358594
2010,525,2,107.18,115.221197,35.416035,538.22,0.00369330
2010,527,0,0.00,115.220928,35.417652,1360.50,-0.00217598
2010,527,1,98.32,115.220242,35.416966,478.42,-0.00619293
2010,527,2,196.64,115.219457,35.416697,433.57,-0.00791135
2010,527,3,294.96,115.218772,35.417383,269.11,-0.00561283
2010,528,0,0.00,115.220928,35.417652,508.32,0.00526280
2010,528,1,90.30,115.220506,35.418343,299.01,0.00528074
2010,528,2,180.61,115.219580,35.418461,358.81,0.00529868
2010,529,0,0.00,115.218772,35.417383,478.42,-0.00000000
2010,529,1,86.61,115.217974,35.417652,254.16,0.00085037
2010,529,2,173.23,115.217176,35.417922,254.16,-0.00105303
2010,529,3,259.84,115.216268,35.418000,299.01,-0.00435269
2010,529,4,346.46,115.215807,35.418646,508.32,-0.00219856
2010,529,5,433.07,115.215268,35.419269,478.42,0.00050147
2010,53,0,0.00,115.728925,35.835099,1719.31,0.00000000
2010,53,1,99.94,115.729623,35.835798,1794.06,0.00048743
2010,53,2,199.89,115.730322,35.836496,807.33,0.00099965
2010,53,3,299.83,115.730811,35.837255,986.73,0.00102444
2010,530,0,0.00,115.218772,35.417383,971.78,-0.00196812
2010,530,1,72.91,115.219072,35.417952,732.58,-0.00191236
2010,530,2,145.82,115.219580,35.418461,1390.40,-0.00185660
2010,531,0,0.00,115.219580,35.418461,328.91,0.00175237
2010,531,1,87.94,115.219384,35.419196,373.76,0.00415699
2010,531,2,175.88,115.218943,35.419808,284.06,0.00579204
2010,531,3,263.83,115.218069,35.419971,284.06,0.00278241
2010,531,4,351.77,115.217163,35.420078,328.91,0.00103945
2010,531,5,439.71,115.216250,35.420174,403.66,0.00169947
2010,531,6,527.65,115.215538,35.420078,478.42,0.00186240
2010,533,0,0.00,115.215268,35.419269,388.71,0.00000000
2010,533,1,12.24,115.215134,35.419269,388.71,0.00000000
2010,533,2,24.48,115.214999,35.419269,418.61,0.00000000
2010,534,0,0.00,115.215268,35.419269,1031.59,0.00563680
2010,534,1,49.22,115.215538,35.419634,1794.06,0.00552436
2010,534,2,98.44,115.215538,35.420078,956.83,0.00541192
2010,536,0,0.00,115.215538,35.420078,388.71,-0.00000000
2010,536,1,93.52,115.214664,35.420347,328.91,-0.00000000
2010,536,2,187.03,115.213790,35.420617,388.71,-0.00000000
2010,536,3,280.55,115.212917,35.420886,373.76,-0.00104302
2010,536,4,374.06,115.212043,35.421156,373.76,-0.00096042
2010,536,5,467.58,115.211325,35.421695,403.66,0.00104302
2010,536,6,561.09,115.210439,35.421943,358.81,0.00189355
2010,536,7,654.61,115.209578,35.422234,358.81,0.00150181
2010,536,8,748.12,115.208548,35.422234,358.81,0.00007785
2010,536,9,841.64,115.207593,35.422363,568.12,-0.00052968
2010,536,10,935.15,115.206644,35.422503,538.22,-0.00007769
2010,537,0,0.00,115.206644,35.422503,1539.90,-0.00154823
2010,537,1,90.82,115.206644,35.421684,1794.06,0.00000000
2010,537,2,181.65,115.206375,35.420945,1031.59,0.00254615
2010,537,3,272.47,115.206644,35.420205,568.12,0.00159529
2010,537,4,363.30,115.206971,35.419482,612.97,-0.00179543
2010,537,5,454.12,115.207183,35.418725,224.26,-0.00190038
2010,537,6,544.95,115.206963,35.417971,74.75,0.00101010
2010,537,7,635.77,115.207081,35.417215,194.36,0.00221761
2010,537,8,726.60,115.207298,35.416460,209.31,0.00156968
2010,537,9,817.42,115.207722,35.415766,224.26,0.00128775
2010,538,0,0.00,115.206644,35.422503,418.61,0.00109569
2010,538,1,98.95,115.205757,35.422852,448.52,0.00169579
2010,538,2,197.90,115.204777,35.423042,418.61,0.00089807
2010,538,3,296.84,115.203688,35.423042,418.61,-0.00108928
2010,538,4,395.79,115.202754,35.423312,403.66,-0.00000000
2010,538,5,494.74,115.201811,35.423564,448.52,0.00078443
2010,538,6,593.69,115.200731,35.423581,433.57,-0.00089807
2010,538,7,692.63,115.199797,35.423851,448.52,-0.00045752
2010,538,8,791.58,115.198864,35.424120,448.52,0.00011718
2010,538,9,890.53,115.197865,35.424276,448.52,0.00014215
2010,538,10,989.48,115.196977,35.424625,478.42,0.00149824
2010,538,11,1088.43,115.195907,35.424659,508.32,0.00037035
2010,538,12,1187.37,115.194818,35.424659,478.42,-0.00071734
2010,538,13,1286.32,115.193884,35.424928,478.42,0.00081520
2010,538,14,1385.27,115.192794,35.424928,448.52,0.00081520
2010,538,15,1484.22,115.191705,35.424928,448.52,0.00000000
2010,538,16,1583.16,115.190615,35.424928,448.52,0.00000000
2010,538,17,1682.11,115.189526,35.424928,448.52,0.00081520
2010,538,18,1781.06,115.188436,35.424928,508.32,0.00078150
2010,538,19,1880.01,115.187503,35.424659,478.42,-0.00163040
2010,538,20,1978.95,115.186420,35.424671,448.52,-0.00245285
2010,538,21,2077.90,115.185480,35.424928,403.66,-0.00089807
2010,538,22,2176.85,115.184546,35.425198,373.76,-0.00008384
2010,539,0,0.00,115.184546,35.425198,1794.06,0.00000000
2010,539,1,59.80,115.184546,35.425737,1794.06,0.00000000
2010,539,2,119.60,115.184546,35.426276,882.08,0.00000000
2010,54,0,0.00,115.732159,35.837525,463.47,0.00333394
2010,54,1,95.70,115.731908,35.838315,568.12,0.00398117
2010,54,2,191.40,115.731140,35.838813,448.52,0.00294360
2010,54,3,287.09,115.730272,35.839142,598.02,0.00125879
2010,540,0,0.00,115.184546,35.425198,598.02,0.00000000
2010,540,1,38.64,115.184276,35.424928,642.87,0.00000000
2010,540,2,77.28,115.184007,35.424659,642.87,0.00000000
2010,541,0,0.00,115.184007,35.424659,1794.06,0.00000000
2010,541,1,89.70,115.184007,35.423851,1794.06,0.00000000
2010,541,2,179.40,115.184007,35.423042,463.47,0.00000000
2010,542,0,0.00,115.184007,35.424659,388.71,0.00322808
2010,542,1,74.71,115.183340,35.424928,328.91,0.00161404
2010,542,2,149.41,115.182518,35.424928,299.01,-0.00161404
2010,542,3,224.12,115.181851,35.425198,313.96,-0.00322808
2010,543,0,0.00,115.181851,35.425198,1794.06,0.00000000
2010,543,1,89.70,115.181851,35.426006,1794.06,0.00000000
2010,543,2,179.40,115.181851,35.426815,418.61,0.00000000
2010,544,0,0.00,115.181851,35.425198,299.01,-0.00205751
2010,544,1,92.74,115.180986,35.424928,328.91,-0.00196033
2010,544,2,185.48,115.179965,35.424928,299.01,0.00000000
2010,544,3,278.22,115.178943,35.424928,418.61,0.00196033
2010,544,4,370.96,115.178078,35.424659,568.12,0.00205751
2010,545,0,0.00,115.178078,35.424659,1061.49,0.00106582
2010,545,1,78.51,115.178417,35.424050,732.58,-0.00086459
2010,545,2,157.01,115.178887,35.423480,1106.34,-0.00325786
2010,545,3,235.52,115.178887,35.422773,583.07,-0.00372072
2010,546,0,0.00,115.178078,35.424659,418.61,0.00883075
2010,546,1,43.79,115.177596,35.424659,568.12,0.00901919
2010,546,2,87.59,115.177270,35.424389,672.77,0.00920763
2010,547,0,0.00,115.177270,35.424389,1779.11,-0.00187639
2010,547,1,82.65,115.177270,35.423645,1106.34,-0.00093819
2010,547,2,165.29,115.177000,35.422978,971.78,0.00093819
2010,547,3,247.94,115.177000,35.422234,358.81,0.00187639
2010,548,0,0.00,115.177270,35.424389,448.52,-0.00000000
2010,548,1,50.88,115.176865,35.424659,568.12,-0.00000000
2010,548,2,101.75,115.176461,35.424928,672.77,-0.00000000
2010,549,0,0.00,115.176461,35.424928,418.61,0.00336431
2010,549,1,99.82,115.175362,35.424928,418.61,0.00348901
2010,549,2,199.65,115.174575,35.424389,493.37,0.00361370
2010,55,0,0.00,115.732159,35.837525,598.02,-0.00392357
2010,55,1,67.98,115.731564,35.837255,747.53,-0.00373333
2010,55,2,135.96,115.730811,35.837255,732.58,-0.00354308
2010,550,0,0.00,115.176461,35.424928,1106.34,-0.00177304
2010,550,1,87.69,115.176731,35.425640,792.38,-0.00197291
2010,550,2,175.39,115.177267,35.426274,627.92,-0.00296071
2010,550,3,263.08,115.177879,35.426885,343.86,-0.00451018
2010,550,4,350.78,115.178729,35.427084,403.66,-0.00339510
2010,550,5,438.47,115.179695,35.427084,313.96,-0.00151848
2010,551,0,0.00,115.174575,35.424389,478.42,0.00000000
2010,551,1,83.94,115.173650,35.424389,448.52,0.00000000
2010,551,2,167.88,115.172726,35.424389,448.52,0.00114435
2010,551,3,251.82,115.171802,35.424389,478.42,0.00114435
2010,551,4,335.76,115.171033,35.424120,448.52,-0.00114435
2010,551,5,419.70,115.170109,35.424120,418.61,-0.00114435
2010,551,6,503.65,115.169185,35.424120,448.52,0.00000000
2010,552,0,0.00,115.174575,35.424389,852.18,-0.00148311
2010,552,1,81.42,115.175142,35.423822,882.08,-0.00232914
2010,552,2,162.84,115.175502,35.423193,1196.04,-0.00238353
2010,552,3,244.26,115.175653,35.422503,299.01,-0.00159189
2010,553,0,0.00,115.169185,35.424120,583.07,-0.00174988
2010,553,1,97.25,115.168506,35.423442,328.91,-0.00326273
2010,553,2,194.50,115.167667,35.423042,269.11,-0.00451934
2010,553,3,291.74,115.166596,35.423042,328.91,-0.00306288
2010,553,4,388.99,115.165681,35.423312,418.61,-0.00186266
2010,554,0,0.00,115.169185,35.424120,807.33,-0.00000000
2010,554,1,86.30,115.168583,35.424722,882.08,0.00191089
2010,554,2,172.59,115.167981,35.425324,299.01,0.00566136
2010,554,3,258.89,115.167114,35.425467,284.06,0.00671347
2010,554,4,345.18,115.166320,35.425198,343.86,0.00410636
2010,554,5,431.48,115.165681,35.424659,598.02,0.00228674
2010,555,0,0.00,115.175653,35.422503,433.57,0.00000000
2010,555,1,24.47,115.175383,35.422503,508.32,0.00000000
2010,555,2,48.95,115.175114,35.422503,463.47,0.00000000
2010,556,0,0.00,115.175653,35.422503,553.17,0.00920721
2010,556,1,43.79,115.175979,35.422234,493.37,0.00901877
2010,556,2,87.59,115.176461,35.422234,433.57,0.00883033
2010,557,0,0.00,115.165681,35.423312,1794.06,0.00000000
2010,557,1,74.75,115.165681,35.423985,1794.06,0.00000000
2010,557,2,149.50,115.165681,35.424659,867.13,0.00000000
2010,558,0,0.00,115.165681,35.423312,478.42,-0.00269705
2010,558,1,81.47,115.164940,35.423042,284.06,-0.00134853
2010,558,2,162.94,115.164043,35.423042,448.52,-0.00271060
2010,558,3,244.41,115.163302,35.422773,448.52,-0.00639894
2010,558,4,325.88,115.162717,35.423312,702.67,-0.00737668
2010,56,0,0.00,115.863942,35.861240,463.47,-0.00099154
2010,56,1,99.68,115.864638,35.861937,418.61,-0.00059807
2010,56,2,199.35,115.865435,35.862463,478.42,0.00000000
2010,56,3,299.03,115.866151,35.863127,448.52,-0.00088123
2010,56,4,398.70,115.866927,35.863687,508.32,-0.00053353
2010,56,5,498.38,115.867823,35.864043,478.42,0.00017787
2010,56,6,598.06,115.868519,35.864740,463.47,-0.00172191
2010,56,7,697.73,115.869463,35.865013,493.37,-0.00146250
2010,56,8,797.41,115.870410,35.865283,448.52,-0.00002544
2010,560,0,0.00,115.165681,35.424659,463.47,0.00447425
2010,560,1,92.09,115.164823,35.424928,284.06,0.00569637
2010,560,2,184.18,115.164001,35.424596,538.22,0.00455620
2010,560,3,276.28,115.163359,35.423954,657.82,0.00109696
2010,560,4,368.37,115.162717,35.423312,642.87,-0.00000000
2010,561,0,0.00,115.162717,35.423312,418.61,0.00000000
2010,561,1,86.05,115.161769,35.423312,418.61,0.00000000
2010,561,2,172.09,115.160822,35.423312,418.61,0.00000000
2010,561,3,258.14,115.159874,35.423312,418.61,-0.00108730
2010,561,4,344.18,115.158927,35.423312,448.52,-0.00229062
2010,561,5,430.23,115.158135,35.423581,493.37,-0.00240665
2010,562,0,0.00,115.158135,35.423581,1390.40,0.00000000
2010,562,1,44.85,115.158135,35.423985,1360.50,0.00000000
2010,562,2,89.70,115.158135,35.424389,553.17,0.00000000
2010,563,0,0.00,115.158135,35.423581,508.32,-0.00920741
2010,563,1,43.79,115.157809,35.423312,448.52,-0.00901897
2010,563,2,87.59,115.157327,35.423312,418.61,-0.00883053
2010,564,0,0.00,115.157327,35.423312,732.58,-0.00144303
2010,564,1,82.52,115.156751,35.423887,986.73,0.00000000
2010,564,2,165.05,115.156384,35.424524,657.82,0.00224845
2010,564,3,247.57,115.155710,35.424928,433.57,0.00305386
2010,565,0,0.00,115.157327,35.423312,568.12,-0.00495477
2010,565,1,84.05,115.156713,35.422773,418.61,-0.00407045
2010,565,2,168.09,115.155788,35.422773,358.81,-0.00126380
2010,565,3,252.14,115.154976,35.422577,313.96,-0.00020406
2010,565,4,336.19,115.154093,35.422503,328.91,-0.00106664
2010,566,0,0.00,115.155710,35.424928,897.03,0.00000000
2010,566,1,14.95,115.155710,35.425063,702.67,0.00000000
2010,566,2,29.90,115.155710,35.425198,702.67,0.00000000
2010,567,0,0.00,115.155710,35.424928,478.42,-0.00201151
2010,567,1,93.45,115.154959,35.424871,313.96,0.00188670
2010,567,2,186.90,115.154209,35.425044,313.96,0.00523735
2010,567,3,280.35,115.153732,35.424389,463.47,0.00158505
2010,567,4,373.80,115.153015,35.423851,553.17,-0.00151968
2010,568,0,0.00,115.154093,35.422503,1240.89,0.00121319
2010,568,1,92.23,115.153658,35.423207,747.53,0.00118223
2010,568,2,184.46,115.153015,35.423851,553.17,0.00115126
2010,569,0,0.00,115.154093,35.422503,433.57,-0.00213955
2010,569,1,91.03,115.153247,35.422234,343.86,-0.00300604
2010,569,2,182.05,115.152244,35.422234,299.01,-0.00300604
2010,569,3,273.08,115.151398,35.422503,538.22,-0.00213955
2010,57,0,0.00,115.863942,35.861240,1794.06,-0.00185635
2010,57,1,72.79,115.864451,35.860731,1704.36,-0.00191166
2010,57,2,145.57,115.864750,35.860162,882.08,-0.00196698
2010,570,0,0.00,115.153015,35.423851,523.27,0.00388520
2010,570,1,68.27,115.152419,35.424120,463.47,0.00369778
2010,570,2,136.54,115.151668,35.424120,448.52,0.00351037
2010,571,0,0.00,115.151398,35.422503,1345.55,0.00117759
2010,571,1,94.07,115.151637,35.423281,1091.39,0.00115146
2010,571,2,188.14,115.151668,35.424120,553.17,0.00112534
2010,572,0,0.00,115.151398,35.422503,358.81,-0.00577803
2010,572,1,56.03,115.150937,35.422234,343.86,-0.00553413
2010,572,2,112.06,115.150320,35.422234,299.01,-0.00529023
2010,574,0,0.00,115.151668,35.424120,568.12,0.00868853
2010,574,1,63.11,115.151129,35.424389,448.52,0.00868853
2010,574,2,126.23,115.150590,35.424120,373.76,0.00868853
2010,575,0,0.00,115.150320,35.422234,1420.30,0.00000000
2010,575,1,72.68,115.150320,35.422889,1151.19,-0.00121947
2010,575,2,145.36,115.150320,35.423544,882.08,-0.00251489
2010,575,3,218.04,115.150590,35.424120,657.82,-0.00259085
2010,576,0,0.00,115.150320,35.422234,358.81,-0.00205736
2010,576,1,92.74,115.149455,35.421964,328.91,-0.00196019
2010,576,2,185.49,115.148434,35.421964,328.91,-0.00186302
2010,577,0,0.00,115.150590,35.424120,448.52,0.00194920
2010,577,1,74.71,115.149970,35.424470,418.61,0.00304817
2010,577,2,149.41,115.149256,35.424659,343.86,0.00307020
2010,577,3,224.12,115.148434,35.424659,343.86,0.00199327
2010,578,0,0.00,115.148434,35.421964,822.28,0.00261869
2010,578,1,88.87,115.147814,35.422584,478.42,0.00202677
2010,578,2,177.75,115.146996,35.422862,299.01,-0.00000000
2010,578,3,266.62,115.146278,35.423312,358.81,-0.00143484
2010,579,0,0.00,115.148434,35.421964,328.91,-0.00390915
2010,579,1,95.75,115.147691,35.421425,254.16,-0.00466136
2010,579,2,191.50,115.146637,35.421425,269.11,-0.00366898
2010,579,3,287.24,115.145739,35.421695,269.11,-0.00192439
2010,58,0,0.00,115.727578,35.836716,598.02,-0.00135046
2010,58,1,89.43,115.726853,35.837171,612.97,-0.00320501
2010,58,2,178.87,115.726230,35.837797,583.07,-0.00443403
2010,58,3,268.30,115.726230,35.838603,911.98,-0.00380849
2010,580,0,0.00,115.146278,35.423312,508.32,-0.00278431
2010,580,1,85.15,115.146663,35.423966,687.72,-0.00282313
2010,580,2,170.29,115.147356,35.424389,403.66,-0.00286196
2010,581,0,0.00,115.146278,35.423312,657.82,0.00000000
2010,581,1,38.64,115.146008,35.423042,313.96,0.00000000
2010,581,2,77.28,115.145739,35.422773,358.81,0.00000000
2010,582,0,0.00,115.145739,35.421695,1794.06,0.00000000
2010,582,1,59.80,115.145739,35.422234,1001.69,0.00000000
2010,582,2,119.60,115.145739,35.422773,732.58,0.00000000
2010,583,0,0.00,115.145739,35.421695,373.76,-0.00386833
2010,583,1,96.29,115.144990,35.421156,254.16,-0.00374740
2010,583,2,192.57,115.143930,35.421156,239.21,-0.00267551
2010,583,3,288.86,115.142870,35.421156,299.01,-0.00181323
2010,583,4,385.14,115.141966,35.421425,328.91,-0.00190190
2010,585,0,0.00,115.145739,35.422773,493.37,-0.00052348
2010,585,1,90.47,115.145200,35.423289,463.47,0.00237085
2010,585,2,180.94,115.144717,35.423851,313.96,0.00503384
2010,585,3,271.42,115.143720,35.423851,254.16,0.00240126
2010,585,4,361.89,115.142724,35.423851,313.96,0.00098039
2010,585,5,452.36,115.141728,35.423851,343.86,0.00206391
2010,585,6,542.83,115.140888,35.423581,343.86,0.00216705
2010,586,0,0.00,115.141966,35.421425,1764.16,0.00000000
2010,586,1,74.75,115.141966,35.422099,1465.15,0.00000000
2010,586,2,149.50,115.141966,35.422773,388.71,0.00000000
2010,587,0,0.00,115.141966,35.421425,328.91,-0.00336406
2010,587,1,99.83,115.141023,35.421156,269.11,-0.00336406
2010,587,2,199.65,115.140079,35.421425,328.91,-0.00336406
2010,588,0,0.00,115.140888,35.423581,642.87,-0.00000000
2010,588,1,19.32,115.140753,35.423716,687.72,-0.00000000
2010,588,2,38.64,115.140618,35.423851,642.87,-0.00000000
2010,589,0,0.00,115.140888,35.423581,448.52,0.00262962
2010,589,1,88.47,115.140271,35.422964,523.27,0.00330316
2010,589,2,176.95,115.140079,35.422222,1345.55,0.00256180
2010,589,3,265.42,115.140079,35.421425,1584.76,0.00114690
2010,59,0,0.00,115.727578,35.836716,1659.51,0.00000000
2010,59,1,77.12,115.728117,35.837255,1794.06,0.00000000
2010,59,2,154.25,115.728655,35.837794,1001.69,0.00000000
2010,591,0,0.00,115.140079,35.421425,343.86,-0.00294082
2010,591,1,78.15,115.139375,35.421156,328.91,-0.00279709
2010,591,2,156.29,115.138514,35.421156,358.81,-0.00132668
2010,591,3,234.44,115.137654,35.421156,388.71,0.00000000
2010,592,0,0.00,115.137654,35.421156,926.93,0.00000000
2010,592,1,82.91,115.137076,35.421734,702.67,0.00236058
2010,592,2,165.82,115.136497,35.422312,403.66,0.00951273
2010,592,3,248.73,115.135820,35.422286,373.76,0.01132519
2010,592,4,331.64,115.135498,35.421633,1031.59,0.00529626
2010,592,5,414.55,115.135498,35.420886,1360.50,0.00224644
2010,593,0,0.00,115.137654,35.421156,388.71,-0.00369212
2010,593,1,69.99,115.137039,35.420886,358.81,-0.00351296
2010,593,2,139.98,115.136269,35.420886,328.91,-0.00166690
2010,593,3,209.96,115.135498,35.420886,299.01,0.00000000
2010,595,0,0.00,115.135498,35.420886,433.57,-0.00838239
2010,595,1,70.20,115.135008,35.420396,328.91,-0.00935564
2010,595,2,140.39,115.134420,35.420617,478.42,-0.01032889
2010,596,0,0.00,115.134420,35.420617,1794.06,0.00205097
2010,596,1,79.12,115.134420,35.421330,1151.19,0.00211497
2010,596,2,158.24,115.134150,35.421964,478.42,0.00217897
2010,597,0,0.00,115.134420,35.420617,313.96,-0.00276448
2010,597,1,80.51,115.133689,35.420347,328.91,-0.00262971
2010,597,2,161.02,115.132803,35.420347,388.71,-0.00249493
2010,598,0,0.00,115.132803,35.420347,1794.06,0.00101513
2010,598,1,86.37,115.132803,35.421126,1121.29,0.00462101
2010,598,2,172.74,115.132641,35.421857,493.37,0.01023892
2010,598,3,259.11,115.131752,35.421964,284.06,0.00952425
2010,598,4,345.49,115.131186,35.421507,403.66,0.00386385
2010,598,5,431.86,115.130647,35.420886,553.17,0.00093015
2010,599,0,0.00,115.132803,35.420347,299.01,-0.00276447
2010,599,1,80.51,115.132072,35.420078,299.01,-0.00262969
2010,599,2,161.02,115.131186,35.420078,388.71,-0.00249492
2010,6,0,0.00,115.761264,35.842915,583.07,0.00000000
2010,6,1,95.99,115.761935,35.842244,612.97,0.00053544
2010,6,2,191.99,115.762606,35.841573,732.58,-0.00118662
2010,6,3,287.98,115.763376,35.841072,463.47,-0.00387629
2010,6,4,383.98,115.763420,35.840220,403.66,-0.00430847
2010,600,0,0.00,115.130647,35.420886,926.93,0.00000000
2010,600,1,53.59,115.130917,35.420482,926.93,0.00000000
2010,600,2,107.18,115.131186,35.420078,941.88,0.00000000
2010,601,0,0.00,115.130647,35.420886,627.92,0.00431267
2010,601,1,99.57,115.129854,35.421410,284.06,0.00617177
2010,601,2,199.14,115.128863,35.421258,433.57,0.00618822
2010,601,3,298.71,115.128168,35.420563,583.07,0.00269089
2010,601,4,398.28,115.127683,35.419808,792.38,0.00103620
2010,603,0,0.00,115.131186,35.420078,358.81,-0.00311496
2010,603,1,90.17,115.130458,35.419619,284.06,-0.00335373
2010,603,2,180.34,115.129512,35.419539,418.61,-0.00306555
2010,603,3,270.51,115.128519,35.419539,418.61,-0.00236046
2010,603,4,360.67,115.127683,35.419808,433.57,-0.00218231
2010,604,0,0.00,115.127683,35.419808,358.81,0.00000000
2010,604,1,86.63,115.126729,35.419808,388.71,0.00107228
2010,604,2,173.25,115.125775,35.419808,403.66,0.00000000
2010,604,3,259.88,115.124977,35.419539,418.61,-0.00333105
2010,604,4,346.51,115.124179,35.419808,523.27,-0.00451755
2010,605,0,0.00,115.124179,35.419808,1794.06,-0.00255157
2010,605,1,91.39,115.124179,35.420632,1136.24,-0.00320064
2010,605,2,182.77,115.124620,35.421327,687.72,-0.00247728
2010,605,3,274.16,115.125257,35.421964,508.32,-0.00110486
2010,606,0,0.00,115.124179,35.419808,448.52,0.00000000
2010,606,1,24.48,115.123910,35.419808,448.52,0.00000000
2010,606,2,48.95,115.123640,35.419808,448.52,0.00000000
2010,607,0,0.00,115.123640,35.419808,583.07,-0.00496787
2010,607,1,92.80,115.123201,35.419100,388.71,-0.00463055
2010,607,2,185.60,115.122258,35.418965,358.81,-0.00264725
2010,607,3,278.40,115.121372,35.418730,358.81,-0.00130421
2010,607,4,371.20,115.120350,35.418730,328.91,-0.00080358
2010,607,5,464.00,115.119328,35.418730,328.91,0.00000000
2010,608,0,0.00,115.123640,35.419808,837.23,-0.00000000
2010,608,1,95.51,115.122974,35.420474,1016.64,0.00299209
2010,608,2,191.02,115.122308,35.421140,388.71,0.00546396
2010,608,3,286.54,115.121421,35.420886,313.96,0.00340968
2010,608,4,382.05,115.120369,35.420886,328.91,0.00434459
2010,608,5,477.56,115.119618,35.420367,523.27,0.00570046
2010,608,6,573.07,115.119328,35.419591,1225.94,0.00304652
2010,608,7,668.59,115.119328,35.418730,1794.06,0.00150569
2010,61,0,0.00,115.730811,35.837255,657.82,0.00325867
2010,61,1,74.40,115.730145,35.837525,538.22,0.00162934
2010,61,2,148.81,115.729322,35.837525,717.63,-0.00162934
2010,61,3,223.21,115.728655,35.837794,687.72,-0.00325867
2010,610,0,0.00,115.119328,35.418730,388.71,-0.00032938
2010,610,1,96.55,115.118421,35.418461,388.71,-0.00094548
2010,610,2,193.10,115.117488,35.418237,403.66,-0.00062526
2010,610,3,289.65,115.116451,35.418191,478.42,-0.00000000
2010,610,4,386.20,115.115544,35.417922,448.52,-0.00015553
2010,610,5,482.75,115.114481,35.417922,448.52,0.00094548
2010,610,6,579.30,115.113574,35.417652,448.52,0.00038942
2010,610,7,675.85,115.112667,35.417383,448.52,-0.00092834
2010,610,8,772.41,115.111669,35.417269,478.42,0.00015076
2010,610,9,868.96,115.110699,35.417108,448.52,0.00091001
2010,610,10,965.51,115.109789,35.416844,418.61,0.00040530
2010,610,11,1062.06,115.108882,35.416574,418.61,-0.00088545
2010,610,12,1158.61,115.107975,35.416305,418.61,-0.00068995
2010,610,13,1255.16,115.106919,35.416292,418.61,0.00085926
2010,610,14,1351.71,115.106048,35.415960,403.66,0.00114369
2010,610,15,1448.26,115.105098,35.415766,388.71,0.00037656
2010,610,16,1544.81,115.104306,35.415296,373.76,-0.00020098
2010,610,17,1641.36,115.103337,35.415135,358.81,-0.00066010
2010,610,18,1737.91,115.102532,35.414688,328.91,-0.00205566
2010,610,19,1834.46,115.101469,35.414688,269.11,0.00032806
2010,610,20,1931.01,115.100406,35.414688,179.41,0.00372709
2010,610,21,2027.56,115.099655,35.414149,134.55,0.00384839
2010,611,0,0.00,115.099655,35.414149,209.31,-0.00000000
2010,611,1,94.76,115.098797,35.413829,104.65,-0.00056319
2010,611,2,189.51,115.097938,35.413510,,0.00000000
2010,611,3,284.27,115.096993,35.413340,119.60,0.00217962
2010,611,4,379.02,115.096222,35.412871,194.36,0.00186608
2010,611,5,473.78,115.095531,35.412262,179.41,-0.00016005
2010,611,6,568.53,115.094801,35.411720,179.41,-0.00000000
2010,611,7,663.29,115.094041,35.411230,284.06,0.00040970
2010,611,8,758.04,115.093381,35.410569,313.96,0.00055157
2010,611,9,852.80,115.092621,35.410079,328.91,0.00090417
2010,611,10,947.55,115.092169,35.409357,373.76,-0.00000000
2010,611,11,1042.31,115.091472,35.408759,418.61,0.00040791
2010,611,12,1137.06,115.090957,35.408145,403.66,0.00059589
2010,611,13,1231.82,115.090492,35.407427,373.76,-0.00068673
2010,611,14,1326.57,115.089953,35.406872,418.61,-0.00104422
2010,612,0,0.00,115.099655,35.414149,1794.06,0.00000000
2010,612,1,53.59,115.099925,35.413744,956.83,0.00000000
2010,612,2,107.18,115.100194,35.413340,822.28,0.00000000
2010,613,0,0.00,115.089953,35.406872,358.81,-0.00351738
2010,613,1,97.92,115.089953,35.405990,403.66,-0.00310369
2010,613,2,195.84,115.089323,35.405433,403.66,-0.00174451
2010,613,3,293.75,115.088849,35.404690,388.71,-0.00147090
2010,613,4,391.67,115.088067,35.404177,463.47,-0.00214279
2010,614,0,0.00,115.089953,35.406872,1091.39,0.00564669
2010,614,1,71.28,115.089456,35.407369,1285.75,0.00759151
2010,614,2,142.56,115.088696,35.407411,627.92,0.00676548
2010,614,3,213.84,115.088067,35.407142,388.71,0.00399464
2010,615,0,0.00,115.088067,35.404177,463.47,-0.00376731
2010,615,1,81.42,115.088067,35.403444,388.71,-0.00401301
2010,615,2,162.85,115.087557,35.402859,418.61,-0.00232927
2010,615,3,244.27,115.086989,35.402291,403.66,-0.00039983
2010,616,0,0.00,115.088067,35.404177,1225.94,-0.00115126
2010,616,1,92.24,115.087424,35.404821,822.28,-0.00118223
2010,616,2,184.47,115.086989,35.405525,687.72,-0.00121320
2010,617,0,0.00,115.086989,35.402291,807.33,0.00142881
2010,617,1,86.58,115.086036,35.402291,702.67,0.00337914
2010,617,2,173.17,115.085189,35.402108,493.37,0.00574015
2010,617,3,259.75,115.084585,35.401504,284.06,0.00476787
2010,617,4,346.33,115.084398,35.400778,508.32,0.00315366
2010,617,5,432.92,115.084294,35.400028,568.12,0.00268358
2010,617,6,519.50,115.084563,35.399326,523.27,0.00244474
2010,618,0,0.00,115.086989,35.402291,478.42,-0.00144056
2010,618,1,94.11,115.086989,35.401443,463.47,-0.00200032
2010,618,2,188.22,115.086719,35.400673,284.06,-0.00337082
2010,618,3,282.33,115.086271,35.399956,463.47,-0.00409714
2010,618,4,376.43,115.085444,35.399596,523.27,-0.00235307
2010,618,5,470.54,115.084563,35.399326,612.97,-0.00069342
2010,62,0,0.00,115.730272,35.839142,882.08,-0.00849513
2010,62,1,70.75,115.729978,35.838603,523.27,-0.00813917
2010,62,2,141.51,115.729194,35.838603,926.93,-0.00778322
2010,620,0,0.00,115.084563,35.399326,568.12,-0.00374936
2010,620,1,80.14,115.084563,35.398604,493.37,-0.00658381
2010,620,2,160.29,115.084071,35.398026,568.12,-0.00750951
2010,620,3,240.43,115.083216,35.397979,956.83,-0.00560075
2010,621,0,0.00,115.083216,35.397979,553.17,-0.00167459
2010,621,1,99.83,115.083216,35.397079,538.22,-0.00200663
2010,621,2,199.65,115.082866,35.396282,478.42,-0.00106240
2010,621,3,299.48,115.082407,35.395516,538.22,-0.00049683
2010,621,4,399.31,115.082099,35.394707,538.22,-0.00053108
2010,621,5,499.14,115.081403,35.394010,508.32,0.00060375
2010,621,6,598.96,115.081124,35.393192,493.37,-0.00041412
2010,621,7,698.79,115.080636,35.392435,553.17,-0.00040133
2010,621,8,798.62,115.079982,35.391727,508.32,0.00083827
2010,621,9,898.44,115.079713,35.390906,538.22,-0.00038621
2010,621,10,998.27,115.079174,35.390164,478.42,-0.00136122
2010,622,0,0.00,115.083216,35.397979,1240.89,0.00395711
2010,622,1,50.88,115.082861,35.398334,1599.71,0.00417086
2010,622,2,101.77,115.082407,35.398518,867.13,0.00438461
2010,623,0,0.00,115.079174,35.390164,568.12,-0.00467450
2010,623,1,80.79,115.079027,35.389478,568.12,-0.00477132
2010,623,2,161.58,115.078365,35.389086,538.22,-0.00486813
2010,624,0,0.00,115.079174,35.390164,1121.29,-0.00000000
2010,624,1,98.33,115.078488,35.390849,1136.24,0.00051144
2010,624,2,196.67,115.077802,35.391535,1076.44,0.00106215
2010,624,3,295.00,115.077018,35.392050,792.38,0.00110141
2010,625,0,0.00,115.078365,35.389086,523.27,-0.00541362
2010,625,1,49.22,115.078365,35.388642,493.37,-0.00552613
2010,625,2,98.45,115.078096,35.388277,508.32,-0.00563864
2010,626,0,0.00,115.078365,35.389086,1091.39,-0.00000000
2010,626,1,93.61,115.077712,35.389739,1121.29,0.00117598
2010,626,2,187.23,115.077059,35.390391,1076.44,0.00247930
2010,626,3,280.84,115.076209,35.390703,119.60,0.00260662
2010,627,0,0.00,115.078096,35.388277,478.42,-0.00028884
2010,627,1,66.74,115.077839,35.387751,523.27,-0.00229205
2010,627,2,133.48,115.077557,35.387232,493.37,-0.00427925
2010,627,3,200.22,115.077018,35.386930,538.22,-0.00426324
2010,628,0,0.00,115.078096,35.388277,1794.06,-0.00129910
2010,628,1,90.89,115.077363,35.388740,1196.04,-0.00125023
2010,628,2,181.78,115.076729,35.389374,1061.49,-0.00266878
2010,628,3,272.66,115.076095,35.390008,657.82,-0.00450754
2010,628,4,363.55,115.076209,35.390703,568.12,-0.00487887
2010,63,0,0.00,115.730272,35.839142,598.02,0.00369661
2010,63,1,55.80,115.729783,35.839361,687.72,0.00359234
2010,63,2,111.60,115.729194,35.839411,867.13,0.00348808
2010,631,0,0.00,115.077018,35.386930,478.42,-0.00218392
2010,631,1,96.93,115.076967,35.386071,433.57,-0.00222331
2010,631,2,193.87,115.076500,35.385334,433.57,-0.00113135
2010,631,3,290.80,115.076032,35.384597,433.57,-0.00054770
2010,631,4,387.74,115.075565,35.383860,418.61,-0.00106819
2010,631,5,484.67,115.074889,35.383184,448.52,-0.00052049
2010,631,6,581.60,115.074323,35.382618,418.61,-0.00000000
2010,632,0,0.00,115.077018,35.386930,1121.29,-0.00000000
2010,632,1,77.29,115.076479,35.387469,1031.59,-0.00000000
2010,632,2,154.58,115.075940,35.388008,1001.69,0.00000000
2010,632,3,231.88,115.075401,35.388547,911.98,0.00000000
2010,633,0,0.00,115.074323,35.382618,448.52,-0.00209951
2010,633,1,99.08,115.074257,35.381744,388.71,-0.00225386
2010,633,2,198.17,115.073775,35.380992,388.71,-0.00134700
2010,633,3,297.25,115.073245,35.380254,358.81,-0.00016518
2010,633,4,396.33,115.072706,35.379519,328.91,0.00066807
2010,633,5,495.42,115.072167,35.378783,284.06,0.00070189
2010,633,6,594.50,115.071897,35.377969,209.31,-0.00000000
2010,633,7,693.58,115.071363,35.377232,209.31,0.00066739
2010,633,8,792.67,115.071089,35.376419,194.36,0.00135786
2010,634,0,0.00,115.074323,35.382618,1001.69,0.00000000
2010,634,1,77.29,115.073784,35.383157,1091.39,0.00000000
2010,634,2,154.59,115.073245,35.383696,941.88,0.00000000
2010,635,0,0.00,115.071089,35.376419,239.21,0.00208416
2010,635,1,72.58,115.070484,35.376084,194.36,0.00199439
2010,635,2,145.15,115.069978,35.375578,224.26,0.00095231
2010,635,3,217.73,115.069472,35.375072,239.21,-0.00000000
2010,636,0,0.00,115.071089,35.376419,1225.94,0.00395652
2010,636,1,50.89,115.071444,35.376065,1345.55,0.00417017
2010,636,2,101.78,115.071897,35.375880,732.58,0.00438382
2010,637,0,0.00,115.069472,35.375072,299.01,0.00095039
2010,637,1,97.12,115.068559,35.374802,269.11,0.00000000
2010,637,2,194.25,115.067722,35.374401,358.81,-0.00061152
2010,637,3,291.37,115.066733,35.374263,508.32,-0.00043879
2010,637,4,388.49,115.065874,35.373900,612.97,-0.00195860
2010,637,5,485.61,115.065000,35.373885,553.17,-0.00182949
2010,637,6,582.74,115.063994,35.373994,568.12,-0.00053286
2010,637,7,679.86,115.062954,35.374044,583.07,-0.00111575
2010,637,8,776.98,115.062012,35.374263,657.82,-0.00000000
2010,637,9,874.11,115.061099,35.374533,657.82,0.00160326
2010,637,10,971.23,115.060030,35.374533,657.82,0.00084702
2010,637,11,1068.35,115.058961,35.374533,627.92,0.00000000
2010,638,0,0.00,115.069472,35.375072,1046.54,-0.00000000
2010,638,1,57.97,115.069876,35.374668,777.43,-0.00000000
2010,638,2,115.95,115.070280,35.374263,418.61,-0.00000000
2010,64,0,0.00,115.730272,35.839142,657.82,0.00422599
2010,64,1,81.41,115.730451,35.839771,687.72,0.00578609
2010,64,2,162.83,115.730091,35.840401,478.42,0.00590643
2010,64,3,244.24,115.729399,35.840759,508.32,0.00268706
2010,64,4,325.65,115.728655,35.841028,627.92,0.00090745
2010,65,0,0.00,115.870410,35.865283,463.47,-0.00166921
2010,65,1,79.24,115.870545,35.865957,418.61,-0.00250551
2010,65,2,158.47,115.870890,35.866572,313.96,-0.00501688
2010,65,3,237.71,115.871444,35.867126,299.01,-0.00598674
2010,65,4,316.95,115.872296,35.867169,418.61,-0.00528154
2010,66,0,0.00,115.870410,35.865283,553.17,0.00245644
2010,66,1,64.13,115.870440,35.864713,792.38,0.00251335
2010,66,2,128.26,115.870679,35.864205,882.08,0.00257027
2010,67,0,0.00,115.870410,35.865283,598.02,-0.00170189
2010,67,1,85.09,115.871352,35.865283,508.32,0.00241591
2010,67,2,170.17,115.872096,35.865082,373.76,0.00851268
2010,67,3,255.26,115.872566,35.865713,358.81,0.00769356
2010,67,4,340.35,115.872566,35.866480,897.03,0.00338047
2010,67,5,425.43,115.872296,35.867169,1270.79,0.00186546
2010,68,0,0.00,115.726230,35.838603,583.07,-0.00489266
2010,68,1,65.69,115.725672,35.838892,672.77,-0.00480491
2010,68,2,131.37,115.725422,35.839411,568.12,-0.00471716
2010,69,0,0.00,115.726230,35.838603,1779.11,0.00000000
2010,69,1,77.12,115.726769,35.839142,1240.89,-0.00000000
2010,69,2,154.24,115.727308,35.839681,1390.40,-0.00000000
2010,69,3,231.37,115.727847,35.840220,1106.34,-0.00000000
2010,7,0,0.00,115.759647,35.838603,358.81,0.00232779
2010,7,1,92.36,115.759108,35.838068,313.96,0.00182397
2010,7,2,184.72,115.758839,35.837313,299.01,0.00102327
2010,7,3,277.08,115.758448,35.836594,254.16,-0.00000941
2010,7,4,369.44,115.758300,35.835805,209.31,-0.00122571
2010,7,5,461.80,115.757783,35.835122,269.11,-0.00049624
2010,7,6,554.17,115.757347,35.834416,254.16,0.00085309
2010,7,7,646.53,115.756952,35.833698,239.21,0.00086885
2010,7,8,738.89,115.756683,35.832943,239.21,0.00074523
2010,70,0,0.00,115.728655,35.837794,1106.34,-0.00368951
2010,70,1,53.51,115.728821,35.838229,1210.99,-0.00358311
2010,70,2,107.02,115.729194,35.838603,777.43,-0.00347672
2010,71,0,0.00,115.729194,35.838603,911.98,0.00000000
2010,71,1,44.85,115.729194,35.839007,687.72,0.00000000
2010,71,2,89.71,115.729194,35.839411,598.02,0.00000000
2010,74,0,0.00,115.729194,35.839411,642.87,-0.00000000
2010,74,1,82.19,115.728521,35.839815,598.02,-0.00000000
2010,74,2,164.38,115.727847,35.840220,598.02,-0.00000000
2010,75,0,0.00,115.728655,35.841028,553.17,0.00471718
2010,75,1,65.69,115.728405,35.841548,508.32,0.00480495
2010,75,2,131.37,115.727847,35.841837,627.92,0.00489271
2010,76,0,0.00,115.728655,35.841028,971.78,-0.00000000
2010,76,1,57.84,115.728251,35.840624,598.02,-0.00000000
2010,76,2,115.68,115.727847,35.840220,1106.34,-0.00000000
2010,78,0,0.00,115.872296,35.867169,418.61,0.00076805
2010,78,1,97.77,115.873064,35.867708,448.52,0.00000000
2010,78,2,195.55,115.873762,35.868366,433.57,-0.00114123
2010,78,3,293.32,115.874599,35.868786,448.52,-0.00043378
2010,78,4,391.09,115.875427,35.869222,433.57,0.00058574
2010,78,5,488.86,115.876210,35.869736,418.61,0.00081780
2010,78,6,586.64,115.876993,35.870249,403.66,0.00055549
2010,78,7,684.41,115.877676,35.870932,433.57,-0.00000000
2010,78,8,782.18,115.878459,35.871446,373.76,0.00051563
2010,78,9,879.96,115.879143,35.872129,418.61,-0.00055549
2010,78,10,977.73,115.879826,35.872812,418.61,-0.00107112
2010,78,11,1075.50,115.880708,35.873156,448.52,0.00055549
2010,78,12,1173.27,115.881392,35.873839,418.61,0.00000000
2010,78,13,1271.05,115.882174,35.874352,448.52,0.00000000
2010,78,14,1368.82,115.882957,35.874866,448.52,0.00055549
2010,78,15,1466.59,115.883641,35.875549,448.52,-0.00055549
2010,78,16,1564.37,115.884423,35.876062,478.42,-0.00111098
2010,79,0,0.00,115.725422,35.839411,568.12,-0.00097419
2010,79,1,67.65,115.724830,35.839681,523.27,-0.00191469
2010,79,2,135.29,115.724277,35.840016,508.32,-0.00230117
2010,79,3,202.94,115.723805,35.840489,508.32,-0.00174714
2010,8,0,0.00,115.759647,35.838603,583.07,0.00356842
2010,8,1,94.36,115.760307,35.837943,1270.79,0.00370154
2010,8,2,188.73,115.761264,35.837794,807.33,0.00383466
2010,80,0,0.00,115.725422,35.839411,1794.06,0.00000000
2010,80,1,86.76,115.726028,35.840018,1465.15,-0.00000000
2010,80,2,173.52,115.726634,35.840624,1076.44,-0.00000000
2010,80,3,260.28,115.727241,35.841230,717.63,0.00000000
2010,80,4,347.05,115.727847,35.841837,1106.34,0.00000000
2010,82,0,0.00,115.727847,35.841837,568.12,0.00179994
2010,82,1,97.81,115.727163,35.842520,538.22,0.00233827
2010,82,2,195.62,115.726311,35.842915,553.17,0.00280154
2010,82,3,293.43,115.725386,35.843184,926.93,0.00395446
2010,82,4,391.23,115.724303,35.843184,1225.94,0.00447183
2010,82,5,489.04,115.723535,35.842645,1794.06,0.00376121
2010,84,0,0.00,115.884423,35.876062,1779.11,0.00000000
2010,84,1,85.22,115.885019,35.875467,1689.41,0.00068277
2010,84,2,170.44,115.885615,35.874871,687.72,0.00142383
2010,84,3,255.66,115.886310,35.874445,493.37,0.00148213
2010,85,0,0.00,115.884423,35.876062,508.32,0.00068948
2010,85,1,97.51,115.884962,35.876785,403.66,-0.00002526
2010,85,2,195.02,115.885369,35.877547,418.61,-0.00105089
2010,85,3,292.53,115.886050,35.878228,463.47,-0.00119932
2010,85,4,390.04,115.886732,35.878910,538.22,-0.00000000
2010,85,5,487.55,115.887513,35.879421,553.17,0.00154901
2010,85,6,585.05,115.887985,35.880163,568.12,0.00105089
2010,85,7,682.56,115.888466,35.880903,568.12,0.00110147
2010,85,8,780.07,115.888931,35.881648,553.17,0.00342485
2010,85,9,877.58,115.889005,35.882505,568.12,0.00274117
2010,85,10,975.09,115.888552,35.883253,508.32,-0.00008568
2010,85,11,1072.60,115.888466,35.884107,463.47,0.00000000
2010,85,12,1170.11,115.888196,35.884908,388.71,0.00048317
2010,85,13,1267.62,115.887927,35.885708,373.76,0.00071946
2010,85,14,1365.13,115.887657,35.886509,328.91,0.00119312
2010,85,15,1462.64,115.887118,35.887232,209.31,0.00167193
2010,85,16,1560.15,115.886710,35.887920,299.01,0.00172407
2010,85,17,1657.66,115.885881,35.888349,224.26,-0.00025935
2010,85,18,1755.16,115.885199,35.889031,299.01,-0.00026671
2010,85,19,1852.67,115.884518,35.889712,403.66,0.00107701
2010,85,20,1950.18,115.883737,35.890224,448.52,-0.00000000
2010,85,21,2047.69,115.882956,35.890735,493.37,-0.00055858
2010,85,22,2145.20,115.882274,35.891417,568.12,0.00114760
2010,85,23,2242.71,115.881493,35.891929,598.02,0.00055858
2010,85,24,2340.22,115.880613,35.892270,627.92,-0.00058902
2010,85,25,2437.73,115.879931,35.892952,612.97,0.00043280
2010,85,26,2535.24,115.879050,35.893293,642.87,0.00068608
2010,85,27,2632.75,115.878295,35.893849,598.02,0.00031358
2010,85,28,2730.26,115.877373,35.894119,568.12,-0.00087032
2010,85,29,2827.77,115.876608,35.894658,642.87,-0.00186126
2010,86,0,0.00,115.723805,35.840489,1794.06,-0.00143800
2010,86,1,96.75,115.723029,35.839983,1794.06,-0.00313717
2010,86,2,193.51,115.722135,35.839681,926.93,-0.00830487
2010,86,3,290.26,115.721180,35.839880,418.61,-0.01117929
2010,86,4,387.01,115.721507,35.840617,941.88,-0.00611629
2010,86,5,483.77,115.722183,35.841293,1315.65,-0.00082370
2010,86,6,580.52,115.722859,35.841969,1554.85,0.00000000
2010,86,7,677.28,115.723535,35.842645,1420.30,0.00000000
2010,87,0,0.00,115.723805,35.840489,612.97,0.00000000
2010,87,1,82.62,115.723805,35.841234,568.12,0.00093342
2010,87,2,165.25,115.723805,35.841978,448.52,0.00192432
2010,87,3,247.87,115.723535,35.842645,657.82,0.00198181
2010,89,0,0.00,115.723535,35.842645,642.87,0.00000000
2010,89,1,95.38,115.722769,35.843142,508.32,0.00000000
2010,89,2,190.76,115.722003,35.843638,523.27,-0.00058521
2010,89,3,286.14,115.721237,35.844134,553.17,-0.00112770
2010,89,4,381.52,115.720571,35.844801,508.32,-0.00108499
2010,9,0,0.00,115.762881,35.851538,448.52,-0.00072197
2010,9,1,98.50,115.762943,35.852408,373.76,-0.00020816
2010,9,2,196.99,115.763151,35.853236,373.76,-0.00031624
2010,9,3,295.49,115.763151,35.854124,358.81,-0.00117225
2010,9,4,393.98,115.763545,35.854897,388.71,-0.00092651
2010,9,5,492.48,115.763815,35.855707,403.66,-0.00179653
2010,9,6,590.97,115.764295,35.856455,343.86,-0.00208120
2010,9,7,689.47,115.765083,35.856974,284.06,-0.00050799
2010,9,8,787.97,115.765771,35.857662,194.36,-0.00171713
2010,9,9,886.46,115.766559,35.858180,149.51,-0.00286078
2010,9,10,984.96,115.767545,35.858358,149.51,-0.00102068
2010,9,11,1083.45,115.768527,35.858545,209.31,-0.00016526
2010,9,12,1181.95,115.769419,35.858745,224.26,-0.00103137
2010,9,13,1280.45,115.770236,35.858815,269.11,-0.00025892
2010,9,14,1378.94,115.771326,35.858815,299.01,0.00059490
2010,9,15,1477.44,115.772279,35.859050,373.76,-0.00061313
2010,9,16,1575.93,115.773350,35.859084,388.71,-0.00082320
2010,9,17,1674.43,115.774440,35.859084,418.61,0.00072382
2010,9,18,1772.92,115.775530,35.859084,418.61,0.00082320
2010,9,19,1871.42,115.776464,35.859354,448.52,-0.00082320
2010,9,20,1969.92,115.777554,35.859354,448.52,-0.00055531
2010,9,21,2068.41,115.778644,35.859354,478.42,0.00082320
2010,9,22,2166.91,115.779681,35.859445,463.47,0.00083947
2010,9,23,2265.40,115.780668,35.859623,478.42,0.00056832
2010,91,0,0.00,115.876608,35.894658,553.17,-0.00118506
2010,91,1,98.55,115.875720,35.895006,553.17,-0.00222210
2010,91,2,197.10,115.874932,35.895525,553.17,-0.00265785
2010,91,3,295.65,115.874452,35.896275,598.02,-0.00205655
2010,92,0,0.00,115.876608,35.894658,1794.06,0.00000000
2010,92,1,89.27,115.877232,35.895282,1794.06,0.00000000
2010,92,2,178.53,115.877856,35.895906,1255.84,-0.00129310
2010,92,3,267.80,115.878480,35.896530,911.98,-0.00272658
2010,92,4,357.06,115.879303,35.896814,807.33,-0.00286695
2010,93,0,0.00,115.720571,35.844801,1255.84,-0.00135938
2010,93,1,87.11,115.720970,35.845470,1330.60,-0.00067969
2010,93,2,174.22,115.721579,35.846079,1495.05,0.00274343
2010,93,3,261.33,115.721979,35.846749,553.17,0.01300720
2010,93,4,348.44,115.721711,35.847226,837.23,0.01449919
2010,93,5,435.55,115.721079,35.846657,1285.75,0.00372792
2010,93,6,522.66,115.720470,35.846048,1420.30,-0.00121535
2010,93,7,609.77,115.719762,35.845610,1539.90,-0.00141571
2010,94,0,0.00,115.720571,35.844801,717.63,-0.00890718
2010,94,1,43.63,115.720088,35.844801,568.12,-0.00909611
2010,94,2,87.25,115.719762,35.845071,478.42,-0.00928505
2010,95,0,0.00,115.874452,35.896275,717.63,-0.00379354
2010,95,1,70.99,115.873666,35.896275,568.12,-0.00517377
2010,95,2,141.98,115.873062,35.896587,433.57,-0.00435604
2010,95,3,212.97,115.872566,35.897083,478.42,-0.00215808
2010,96,0,0.00,115.874452,35.896275,1794.06,-0.00000000
2010,96,1,74.22,115.874971,35.896793,1629.61,0.00089184
2010,96,2,148.44,115.875490,35.897312,1794.06,0.00183643
2010,96,3,222.65,115.875800,35.897891,583.07,0.00188918
2010,97,0,0.00,115.719762,35.845610,612.97,0.00000000
2010,97,1,29.90,115.719762,35.845340,627.92,0.00000000
2010,97,2,59.80,115.719762,35.845071,612.97,0.00000000
2010,98,0,0.00,115.719762,35.845610,508.32,-0.00076285
2010,98,1,97.72,115.718995,35.846149,448.52,-0.00082119
2010,98,2,195.44,115.718297,35.846805,388.71,0.00000000
2010,98,3,293.16,115.717614,35.847488,269.11,-0.00007652
2010,98,4,390.88,115.716832,35.848001,269.11,0.00004706
2010,98,5,488.60,115.716358,35.848745,224.26,0.00147798
2010,98,6,586.32,115.715476,35.849087,164.46,0.00117085
2010,98,7,684.04,115.714724,35.849652,149.51,0.00130355
2010,98,8,781.77,115.713799,35.849921,209.31,0.00197003
2010,98,9,879.49,115.712875,35.850191,313.96,0.00259607
2010,98,10,977.21,115.711793,35.850191,358.81,0.00259607
2010,98,11,1074.93,115.710869,35.849921,388.71,0.00184538
