year,link_id,sample_idx,s_m,lon,lat,B_m,C_1m
2015,0,0,0.00,115.694699,35.795484,478.42,-0.00000000
2015,0,1,68.01,115.694025,35.795349,956.83,-0.00000000
2015,0,2,136.01,115.693352,35.795214,1031.59,-0.00000000
2015,1,0,0.00,115.693352,35.795214,358.81,-0.00313277
2015,1,1,64.14,115.693352,35.795792,358.81,-0.00322602
2015,1,2,128.27,115.693621,35.796292,284.06,-0.00331927
2015,10,0,0.00,115.696316,35.782817,1091.39,0.00000000
2015,10,1,67.67,115.695843,35.782344,897.03,-0.00230023
2015,10,2,135.35,115.695371,35.781872,1106.34,-0.00480031
2015,10,3,203.02,115.694699,35.781739,1031.59,-0.00500016
2015,100,0,0.00,115.731350,35.828901,418.61,0.00396853
2015,100,1,50.74,115.731705,35.828546,448.52,0.00418426
2015,100,2,101.48,115.732159,35.828362,508.32,0.00439999
2015,101,0,0.00,115.731350,35.828901,418.61,0.00535218
2015,101,1,62.91,115.730911,35.829341,553.17,0.00555180
2015,101,2,125.83,115.730272,35.829440,388.71,0.00575142
2015,102,0,0.00,115.756683,35.834021,299.01,0.00136209
2015,102,1,90.71,115.757222,35.834683,299.01,0.00103075
2015,102,2,181.42,115.757533,35.835410,299.01,0.00064298
2015,102,3,272.13,115.757958,35.836105,284.06,-0.00069565
2015,102,4,362.84,115.758174,35.836860,299.01,-0.00116294
2015,102,5,453.55,115.758839,35.837343,299.01,0.00023927
2015,102,6,544.26,115.759108,35.838083,313.96,-0.00079575
2015,102,7,634.97,115.759647,35.838603,343.86,-0.00241808
2015,103,0,0.00,115.756683,35.834021,717.63,-0.00000000
2015,103,1,57.84,115.756279,35.834426,702.67,-0.00000000
2015,103,2,115.69,115.755874,35.834830,642.87,-0.00000000
2015,105,0,0.00,115.624900,35.737812,448.52,0.00025199
2015,105,1,98.79,115.624111,35.737292,478.42,0.00000000
2015,105,2,197.57,115.623344,35.736734,478.42,0.00000000
2015,105,3,296.36,115.622532,35.736252,463.47,0.00031186
2015,105,4,395.14,115.621788,35.735656,418.61,-0.00038243
2015,105,5,493.93,115.621010,35.735117,448.52,-0.00063323
2015,105,6,592.71,115.620165,35.734693,418.61,0.00025644
2015,105,7,691.50,115.619375,35.734174,448.52,-0.00000000
2015,105,8,790.29,115.618586,35.733654,403.66,-0.00057369
2015,105,9,889.07,115.617741,35.733230,388.71,0.00044737
2015,105,10,987.86,115.616909,35.732785,418.61,0.00111784
2015,105,11,1086.64,115.616185,35.732152,403.66,-0.00050258
2015,105,12,1185.43,115.615429,35.731575,388.71,-0.00054415
2015,105,13,1284.22,115.614541,35.731225,373.76,0.00142614
2015,105,14,1383.00,115.613851,35.730535,388.71,0.00209912
2015,106,0,0.00,115.759647,35.838603,358.81,-0.00211853
2015,106,1,98.36,115.759708,35.839472,328.91,-0.00160798
2015,106,2,196.73,115.760186,35.840220,328.91,0.00000000
2015,106,3,295.09,115.760456,35.841028,313.96,0.00054871
2015,106,4,393.46,115.760725,35.841837,328.91,0.00000000
2015,107,0,0.00,115.759647,35.838603,672.77,0.00356842
2015,107,1,94.36,115.760307,35.837943,1315.65,0.00370154
2015,107,2,188.73,115.761264,35.837794,807.33,0.00383466
2015,108,0,0.00,115.613851,35.730535,1779.11,0.00437820
2015,108,1,90.10,115.613169,35.731074,732.58,0.00558955
2015,108,2,180.21,115.612173,35.731074,284.06,0.00716055
2015,108,3,270.31,115.611425,35.730730,269.11,0.00578417
2015,108,4,360.41,115.611156,35.729996,343.86,0.00404813
2015,109,0,0.00,115.613851,35.730535,388.71,-0.00213029
2015,109,1,93.92,115.613312,35.729845,269.11,-0.00288055
2015,109,2,187.84,115.612576,35.729457,269.11,-0.00236766
2015,109,3,281.75,115.611695,35.729188,254.16,-0.00110452
2015,11,0,0.00,115.694160,35.792250,1300.70,0.00354570
2015,11,1,89.14,115.695146,35.792250,1315.65,0.00842180
2015,11,2,178.28,115.695777,35.792680,343.86,0.01038206
2015,11,3,267.42,115.695238,35.793328,448.52,0.00746623
2015,110,0,0.00,115.760725,35.841837,612.97,-0.00000000
2015,110,1,82.43,115.760149,35.842413,553.17,-0.00182387
2015,110,2,164.86,115.759573,35.842989,418.61,-0.00545736
2015,110,3,247.29,115.759550,35.843625,284.06,-0.00498379
2015,110,4,329.73,115.759917,35.844262,358.81,-0.00270060
2015,111,0,0.00,115.760725,35.841837,373.76,0.00280575
2015,111,1,98.36,115.761264,35.842567,373.76,0.00275002
2015,111,2,196.73,115.761264,35.843454,299.01,0.00269428
2015,112,0,0.00,115.611156,35.729996,478.42,0.00910283
2015,112,1,50.77,115.610702,35.730181,343.86,0.01014036
2015,112,2,101.54,115.610347,35.729996,269.11,0.01117789
2015,113,0,0.00,115.611156,35.729996,807.33,0.00369050
2015,113,1,53.53,115.611321,35.729562,1031.59,0.00358385
2015,113,2,107.06,115.611695,35.729188,1794.06,0.00347721
2015,115,0,0.00,115.611695,35.729188,269.11,-0.01069416
2015,115,1,31.48,115.611475,35.728968,224.26,-0.01109193
2015,115,2,62.96,115.611156,35.728918,299.01,-0.01148970
2015,116,0,0.00,115.759917,35.844262,807.33,-0.00339507
2015,116,1,82.19,115.760690,35.844028,852.18,-0.00323294
2015,116,2,164.37,115.761264,35.843454,538.22,-0.00307081
2015,117,0,0.00,115.759917,35.844262,343.86,0.00000000
2015,117,1,74.76,115.759917,35.844936,269.11,0.00000000
2015,117,2,149.51,115.759917,35.845610,343.86,0.00000000
2015,118,0,0.00,115.761264,35.843454,403.66,0.00504290
2015,118,1,79.86,115.761803,35.843876,343.86,0.00403725
2015,118,2,159.72,115.761853,35.844581,254.16,0.00271131
2015,118,3,239.58,115.762073,35.845237,343.86,0.00306327
2015,118,4,319.44,115.761803,35.845879,388.71,0.00373554
2015,12,0,0.00,115.694160,35.792250,463.47,-0.00278620
2015,12,1,84.99,115.694545,35.792904,583.07,-0.00282592
2015,12,2,169.97,115.695238,35.793328,717.63,-0.00286564
2015,120,0,0.00,115.610347,35.729996,702.67,0.00196733
2015,120,1,72.82,115.610647,35.729427,956.83,0.00191188
2015,120,2,145.65,115.611156,35.728918,1794.06,0.00185643
2015,121,0,0.00,115.610347,35.729996,284.06,0.00000000
2015,121,1,87.34,115.609539,35.729727,239.21,0.00000000
2015,121,2,174.69,115.608730,35.729457,239.21,0.00000000
2015,122,0,0.00,115.611156,35.728918,358.81,-0.00330790
2015,122,1,96.13,115.610902,35.728126,269.11,-0.00394857
2015,122,2,192.25,115.610132,35.727625,239.21,-0.00229462
2015,122,3,288.38,115.609262,35.727294,269.11,-0.00062405
2015,122,4,384.50,115.608491,35.726793,269.11,-0.00096331
2015,122,5,480.63,115.607522,35.726632,269.11,0.00062405
2015,122,6,576.75,115.606698,35.726223,299.01,0.00087804
2015,122,7,672.88,115.605882,35.725800,269.11,0.00000000
2015,122,8,769.00,115.605044,35.725415,299.01,-0.00000000
2015,122,9,865.13,115.604241,35.724968,254.16,-0.00000000
2015,122,10,961.26,115.603390,35.724606,269.11,-0.00002774
2015,122,11,1057.38,115.602601,35.724136,224.26,-0.00082146
2015,122,12,1153.51,115.601731,35.723806,179.41,-0.00113405
2015,122,13,1249.63,115.600830,35.723528,149.51,-0.00120716
2015,122,14,1345.76,115.599892,35.723314,194.36,-0.00060465
2015,122,15,1441.88,115.598862,35.723259,179.41,-0.00048273
2015,122,16,1538.01,115.597954,35.722993,164.46,-0.00189677
2015,122,17,1634.13,115.596985,35.723146,224.26,-0.00163964
2015,122,18,1730.26,115.595989,35.723259,269.11,-0.00096592
2015,122,19,1826.38,115.595083,35.723528,328.91,-0.00056341
2015,122,20,1922.51,115.594178,35.723798,328.91,-0.00000000
2015,124,0,0.00,115.759917,35.845610,672.77,0.00000000
2015,124,1,92.32,115.760860,35.845744,792.38,0.00000000
2015,124,2,184.63,115.761803,35.845879,822.28,0.00000000
2015,125,0,0.00,115.759917,35.845610,553.17,-0.00866834
2015,125,1,34.23,115.759678,35.845849,403.66,-0.00878355
2015,125,2,68.46,115.759647,35.846149,343.86,-0.00889876
2015,127,0,0.00,115.761803,35.845879,343.86,0.00216744
2015,127,1,79.08,115.762073,35.846514,284.06,0.00210427
2015,127,2,158.17,115.762073,35.847226,313.96,0.00204111
2015,128,0,0.00,115.594178,35.723798,343.86,0.00525468
2015,128,1,84.45,115.593797,35.724449,299.01,0.00601805
2015,128,2,168.91,115.592955,35.724606,269.11,0.00403423
2015,128,3,253.36,115.592022,35.724606,418.61,0.00128704
2015,129,0,0.00,115.594178,35.723798,1136.24,-0.00233391
2015,129,1,77.54,115.593845,35.723196,1061.49,-0.00614137
2015,129,2,155.08,115.593265,35.722720,358.81,-0.01057315
2015,129,3,232.62,115.592565,35.722989,269.11,-0.00695116
2015,129,4,310.17,115.592022,35.723528,433.57,-0.00270483
2015,13,0,0.00,115.694699,35.803299,269.11,-0.00000000
2015,13,1,89.31,115.694025,35.803838,538.22,-0.00000000
2015,13,2,178.63,115.693352,35.804377,508.32,-0.00000000
2015,130,0,0.00,115.762073,35.847226,508.32,0.00135588
2015,130,1,90.80,115.761438,35.847861,612.97,0.00415361
2015,130,2,181.61,115.760692,35.848304,328.91,0.00518226
2015,130,3,272.41,115.759844,35.848035,508.32,0.00073322
2015,130,4,363.21,115.758839,35.848035,89.70,-0.00194674
2015,131,0,0.00,115.762073,35.847226,463.47,0.00280559
2015,131,1,98.36,115.762612,35.847957,433.57,0.00274986
2015,131,2,196.73,115.762612,35.848843,299.01,0.00269414
2015,132,0,0.00,115.592022,35.724606,642.87,0.00000000
2015,132,1,59.80,115.592022,35.724067,672.77,0.00000000
2015,132,2,119.61,115.592022,35.723528,956.83,0.00000000
2015,133,0,0.00,115.592022,35.724606,328.91,0.00174691
2015,133,1,67.70,115.591549,35.725079,313.96,0.00229930
2015,133,2,135.40,115.590996,35.725415,299.01,0.00191132
2015,133,3,203.10,115.590405,35.725684,313.96,0.00097093
2015,134,0,0.00,115.592022,35.723528,627.92,-0.00227557
2015,134,1,88.41,115.591202,35.723259,463.47,-0.00369781
2015,134,2,176.82,115.590224,35.723259,328.91,-0.00735431
2015,134,3,265.23,115.589475,35.723650,388.71,-0.00835780
2015,134,4,353.64,115.589587,35.724328,897.03,-0.00514067
2015,134,5,442.05,115.589787,35.725067,792.38,-0.00286287
2015,134,6,530.46,115.590405,35.725684,1480.10,-0.00257144
2015,136,0,0.00,115.762612,35.848843,538.22,0.00287680
2015,136,1,79.13,115.762059,35.849397,822.28,0.00438634
2015,136,2,158.27,115.761332,35.849652,403.66,0.00416914
2015,136,3,237.40,115.760456,35.849652,328.91,0.00244239
2015,137,0,0.00,115.762612,35.848843,358.81,0.00265544
2015,137,1,90.65,115.763151,35.849504,373.76,0.00168145
2015,137,2,181.30,115.763252,35.850292,313.96,0.00062409
2015,137,3,271.95,115.763677,35.850986,328.91,0.00073917
2015,137,4,362.60,115.763690,35.851799,299.01,-0.00031111
2015,137,5,453.25,115.763959,35.852538,299.01,-0.00077992
2015,137,6,543.91,115.764229,35.853277,299.01,0.00081921
2015,137,7,634.56,115.764498,35.854016,269.11,0.00081921
2015,137,8,725.21,115.764498,35.854833,254.16,-0.00000000
2015,137,9,815.86,115.764768,35.855572,284.06,0.00077264
2015,137,10,906.51,115.764768,35.856389,448.52,0.00154527
2015,139,0,0.00,115.590405,35.725684,328.91,0.00099337
2015,139,1,99.63,115.589709,35.726380,254.16,0.00103119
2015,139,2,199.26,115.588914,35.726906,299.01,0.00091918
2015,139,3,298.90,115.588119,35.727432,269.11,0.00056350
2015,139,4,398.53,115.587255,35.727840,284.06,0.00042468
2015,139,5,498.16,115.586429,35.728313,299.01,0.00001992
2015,139,6,597.79,115.585523,35.728649,299.01,-0.00031058
2015,139,7,697.42,115.584736,35.729188,299.01,0.00053974
2015,139,8,797.05,115.583845,35.729549,313.96,0.00062414
2015,139,9,896.69,115.582951,35.729905,313.96,0.00002022
2015,139,10,996.32,115.582060,35.730266,328.91,-0.00031356
2015,139,11,1095.95,115.581162,35.730615,328.91,-0.00006112
2015,139,12,1195.58,115.580328,35.731074,343.86,0.00068887
2015,139,13,1295.21,115.579384,35.731344,328.91,-0.00027289
2015,139,14,1394.84,115.578479,35.731681,328.91,-0.00045663
2015,139,15,1494.48,115.577652,35.732152,358.81,0.00014689
2015,139,16,1594.11,115.576708,35.732422,358.81,-0.00037763
2015,139,17,1693.74,115.575895,35.732918,328.91,0.00018713
2015,139,18,1793.37,115.575001,35.733273,343.86,0.00029144
2015,139,19,1893.00,115.574106,35.733628,388.71,0.00010594
2015,139,20,1992.63,115.573244,35.734039,388.71,0.00037608
2015,139,21,2092.27,115.572300,35.734308,373.76,-0.00021183
2015,139,22,2191.90,115.571423,35.734695,358.81,0.00039311
2015,139,23,2291.53,115.570529,35.735050,373.76,0.00068711
2015,139,24,2391.16,115.569535,35.735235,358.81,-0.00051100
2015,139,25,2490.79,115.568641,35.735590,373.76,-0.00021732
2015,139,26,2590.42,115.567735,35.735925,418.61,0.00051591
2015,139,27,2690.06,115.566790,35.736195,388.71,0.00022223
2015,139,28,2789.69,115.565846,35.736464,388.71,-0.00007936
2015,139,29,2889.32,115.564902,35.736734,388.71,-0.00037225
2015,139,30,2988.95,115.563971,35.737027,358.81,0.00007446
2015,139,31,3088.58,115.563077,35.737382,328.91,0.00073868
2015,139,32,3188.22,115.562083,35.737567,328.91,0.00096873
2015,139,33,3287.85,115.561124,35.737812,299.01,0.00051929
2015,139,34,3387.48,115.560023,35.737812,388.71,-0.00096383
2015,139,35,3487.11,115.559078,35.738081,358.81,0.00000000
2015,139,36,3586.74,115.558134,35.738351,388.71,0.00168964
2015,139,37,3686.37,115.557033,35.738351,418.61,-0.00023046
2015,139,38,3786.01,115.555931,35.738351,478.42,-0.00168964
2015,139,39,3885.64,115.555029,35.738692,463.47,-0.00041267
2015,139,40,3985.27,115.554043,35.738890,448.52,0.00000000
2015,139,41,4084.90,115.553098,35.739159,448.52,0.00063086
2015,139,42,4184.53,115.552154,35.739429,478.42,0.00088573
2015,139,43,4284.16,115.551055,35.739433,478.42,0.00002452
2015,139,44,4383.80,115.550108,35.739698,478.42,0.00080392
2015,139,45,4483.43,115.549007,35.739698,418.61,0.00040398
2015,139,46,4583.06,115.547905,35.739698,478.42,-0.00080392
2015,139,47,4682.69,115.546882,35.739832,448.52,-0.00019924
2015,139,48,4782.32,115.545860,35.739968,478.42,0.00000000
2015,139,49,4881.95,115.544796,35.740032,463.47,-0.00001602
2015,139,50,4981.59,115.543814,35.740237,478.42,0.00077711
2015,139,51,5081.22,115.542712,35.740237,418.61,-0.00020097
2015,139,52,5180.85,115.541617,35.740247,418.61,-0.00163045
2015,139,53,5280.48,115.540667,35.740507,403.66,0.00000000
2015,139,54,5380.11,115.539722,35.740776,388.71,0.00165726
2015,139,55,5479.74,115.538621,35.740776,388.71,0.00080392
2015,139,56,5579.38,115.537520,35.740776,358.81,-0.00071262
2015,139,57,5679.01,115.536418,35.740776,358.81,0.00000000
2015,139,58,5778.64,115.535457,35.741017,313.96,0.00061702
2015,139,59,5878.27,115.534530,35.740776,358.81,-0.00035238
2015,139,60,5977.90,115.533585,35.741046,299.01,0.00009559
2015,139,61,6077.54,115.532575,35.740888,224.26,-0.00013543
2015,139,62,6177.17,115.531696,35.741046,239.21,0.00000000
2015,139,63,6276.80,115.530595,35.741046,179.41,0.00129172
2015,139,64,6376.43,115.529494,35.741046,209.31,0.00168964
2015,139,65,6476.06,115.528549,35.740776,239.21,-0.00080392
2015,139,66,6575.69,115.527605,35.740507,299.01,-0.00249356
2015,139,67,6675.33,115.526661,35.740776,328.91,0.00080392
2015,139,68,6774.96,115.525559,35.740776,328.91,0.00249356
2015,139,69,6874.59,115.524615,35.740507,328.91,0.00154393
2015,139,70,6974.22,115.523670,35.740237,313.96,0.00095136
2015,139,71,7073.85,115.522838,35.739775,328.91,0.00050780
2015,139,72,7173.48,115.521944,35.739419,239.21,0.00021464
2015,139,73,7273.12,115.521149,35.738894,239.21,-0.00023172
2015,139,74,7372.75,115.520254,35.738538,239.21,-0.00052498
2015,139,75,7472.38,115.519419,35.738081,209.31,-0.00011424
2015,139,76,7572.01,115.518475,35.737812,209.31,0.00047086
2015,139,77,7671.64,115.517671,35.737302,164.46,0.00043787
2015,139,78,7771.27,115.516776,35.736947,119.60,0.00232062
2015,139,79,7870.91,115.516024,35.736409,119.60,0.00293058
2015,139,80,7970.54,115.515755,35.735589,224.26,0.00007606
2015,139,81,8070.17,115.515216,35.734847,299.01,-0.00135983
2015,14,0,0.00,115.694699,35.803299,269.11,-0.00138410
2015,14,1,98.65,115.695238,35.802566,179.41,-0.00099313
2015,14,2,197.31,115.695508,35.801755,179.41,-0.00000000
2015,14,3,295.96,115.695931,35.800989,269.11,0.00015324
2015,14,4,394.61,115.696316,35.800211,209.31,0.00063774
2015,14,5,493.27,115.696683,35.799428,224.26,0.00059221
2015,14,6,591.92,115.697373,35.798739,224.26,-0.00058161
2015,14,7,690.57,115.697664,35.797934,254.16,-0.00114818
2015,14,8,789.22,115.698203,35.797201,299.01,-0.00144897
2015,14,9,887.88,115.698203,35.796312,313.96,-0.00056648
2015,14,10,986.53,115.698472,35.795501,328.91,0.00000000
2015,14,11,1085.18,115.698521,35.794626,358.81,0.00043985
2015,14,12,1183.84,115.698742,35.793801,388.71,0.00068904
2015,14,13,1282.49,115.699011,35.792990,358.81,0.00082022
2015,14,14,1381.14,115.699281,35.792179,403.66,0.00015269
2015,14,15,1479.80,115.699816,35.791445,448.52,-0.00202356
2015,14,16,1578.45,115.699878,35.790574,448.52,-0.00181489
2015,14,17,1677.10,115.699820,35.789824,448.52,-0.00066445
2015,140,0,0.00,115.764768,35.856389,732.58,0.00608192
2015,140,1,74.39,115.764102,35.856659,1061.49,0.00456941
2015,140,2,148.78,115.763430,35.856399,822.28,0.00015489
2015,140,3,223.17,115.762612,35.856389,538.22,-0.00274712
2015,141,0,0.00,115.764768,35.856389,403.66,-0.00000000
2015,141,1,99.86,115.765559,35.856928,328.91,0.00042578
2015,141,2,199.71,115.766349,35.857467,254.16,-0.00000000
2015,141,3,299.57,115.767060,35.858143,209.31,-0.00105807
2015,141,4,399.42,115.767931,35.858545,149.51,-0.00089202
2015,141,5,499.28,115.768754,35.859028,119.60,-0.00098661
2015,141,6,599.13,115.769670,35.859354,119.60,-0.00179812
2015,141,7,698.99,115.770618,35.859623,119.60,-0.00107125
2015,141,8,798.84,115.771723,35.859623,179.41,0.00000000
2015,141,9,898.70,115.772671,35.859893,209.31,-0.00000000
2015,141,10,998.55,115.773777,35.859893,239.21,-0.00000000
2015,141,11,1098.41,115.774725,35.860162,239.21,-0.00080029
2015,141,12,1198.26,115.775830,35.860162,269.11,-0.00080029
2015,141,13,1298.12,115.776936,35.860162,269.11,0.00000000
2015,141,14,1397.97,115.778041,35.860162,328.91,0.00073330
2015,141,15,1497.83,115.779147,35.860162,358.81,0.00080029
2015,141,16,1597.68,115.780108,35.860410,328.91,-0.00067344
2015,141,17,1697.54,115.781201,35.860432,358.81,-0.00080029
2015,141,18,1797.39,115.782306,35.860432,358.81,-0.00005987
2015,141,19,1897.25,115.783412,35.860432,358.81,0.00000000
2015,141,20,1997.10,115.784517,35.860432,358.81,-0.00023544
2015,141,21,2096.96,115.785623,35.860432,358.81,-0.00080029
2015,141,22,2196.81,115.786680,35.860349,343.86,-0.00030861
2015,141,23,2296.67,115.787676,35.860162,388.71,0.00000000
2015,141,24,2396.52,115.788782,35.860162,388.71,-0.00025625
2015,141,25,2496.38,115.789730,35.859893,388.71,-0.00000000
2015,141,26,2596.24,115.790835,35.859893,448.52,-0.00000000
2015,141,27,2696.09,115.791783,35.859623,448.52,0.00080029
2015,141,28,2795.95,115.792889,35.859623,448.52,0.00000000
2015,141,29,2895.80,115.793994,35.859623,418.61,-0.00080029
2015,141,30,2995.66,115.794943,35.859354,418.61,0.00080029
2015,141,31,3095.51,115.796048,35.859354,448.52,0.00066890
2015,141,32,3195.37,115.797154,35.859354,418.61,-0.00080029
2015,141,33,3295.22,115.798232,35.859307,403.66,-0.00052354
2015,141,34,3395.08,115.799207,35.859084,448.52,0.00080029
2015,141,35,3494.93,115.800313,35.859084,388.71,-0.00014536
2015,141,36,3594.79,115.801418,35.859084,418.61,-0.00080029
2015,141,37,3694.64,115.802366,35.858815,388.71,-0.00000000
2015,141,38,3794.50,115.803472,35.858815,418.61,-0.00000000
2015,141,39,3894.35,115.804420,35.858545,388.71,0.00000000
2015,141,40,3994.21,115.805525,35.858545,403.66,0.00000000
2015,141,41,4094.06,115.806473,35.858276,388.71,-0.00000000
2015,141,42,4193.92,115.807579,35.858276,388.71,-0.00088178
2015,141,43,4293.77,115.808527,35.858006,403.66,0.00000000
2015,141,44,4393.63,115.809475,35.857737,388.71,0.00088178
2015,141,45,4493.48,115.810581,35.857737,418.61,-0.00033535
2015,141,46,4593.34,115.811529,35.857467,388.71,-0.00007203
2015,141,47,4693.19,115.812573,35.857362,403.66,-0.00019637
2015,141,48,4793.05,115.813569,35.857175,418.61,-0.00073295
2015,141,49,4892.90,115.814531,35.856928,418.61,-0.00035006
2015,141,50,4992.76,115.815479,35.856659,418.61,-0.00007680
2015,141,51,5092.62,115.816427,35.856389,418.61,0.00015723
2015,141,52,5192.47,115.817375,35.856120,448.52,0.00042911
2015,141,53,5292.33,115.818350,35.855897,448.52,-0.00017805
2015,141,54,5392.18,115.819346,35.855710,448.52,-0.00086630
2015,141,55,5492.04,115.820243,35.855352,478.42,-0.00011656
2015,141,56,5591.89,115.821167,35.855042,478.42,0.00043720
2015,141,57,5691.75,115.822116,35.854772,463.47,0.00013738
2015,141,58,5791.60,115.823064,35.854503,493.37,-0.00078216
2015,141,59,5891.46,115.824012,35.854233,523.27,-0.00091634
2015,141,60,5991.31,115.824826,35.853734,493.37,0.00064866
2015,141,61,6091.17,115.825751,35.853425,538.22,0.00073084
2015,141,62,6191.02,115.826699,35.853155,553.17,-0.00078285
2015,141,63,6290.88,115.827615,35.852831,538.22,-0.00054444
2015,141,64,6390.73,115.828438,35.852347,568.12,0.00074789
2015,141,65,6490.59,115.829386,35.852077,553.17,-0.00018640
2015,141,66,6590.44,115.830305,35.851758,538.22,-0.00057861
2015,141,67,6690.30,115.831125,35.851269,568.12,0.00091634
2015,141,68,6790.15,115.832073,35.850999,538.22,0.00074706
2015,141,69,6890.01,115.833021,35.850730,538.22,-0.00017234
2015,141,70,6989.86,115.833969,35.850460,538.22,-0.00047235
2015,141,71,7089.72,115.834887,35.850140,508.32,-0.00042689
2015,141,72,7189.57,115.835784,35.849782,508.32,0.00002974
2015,141,73,7289.43,115.836681,35.849425,493.37,0.00134728
2015,141,74,7389.28,115.837604,35.849113,478.42,0.00212468
2015,141,75,7489.14,115.838710,35.849113,448.52,0.00093403
2015,141,76,7589.00,115.839815,35.849113,388.71,0.00000000
2015,141,77,7688.85,115.840921,35.849113,328.91,0.00080029
2015,141,78,7788.71,115.842026,35.849113,299.01,0.00080029
2015,141,79,7888.56,115.842974,35.849382,269.11,-0.00000000
2015,141,80,7988.42,115.844080,35.849382,239.21,0.00107458
2015,141,81,8088.27,115.845028,35.849652,179.41,0.00179812
2015,141,82,8188.13,115.845943,35.849978,179.41,0.00052983
2015,141,83,8287.98,115.846767,35.850460,119.60,0.00000000
2015,141,84,8387.84,115.847715,35.850730,149.51,0.00143524
2015,141,85,8487.69,115.848506,35.851269,179.41,0.00089202
2015,141,86,8587.55,115.849231,35.851919,179.41,-0.00071209
2015,141,87,8687.40,115.850087,35.852347,209.31,-0.00029892
2015,141,88,8787.26,115.850878,35.852886,269.11,0.00002682
2015,141,89,8887.11,115.851722,35.853333,313.96,0.00075862
2015,141,90,8986.97,115.852520,35.853860,328.91,0.00079545
2015,141,91,9086.82,115.853218,35.854558,343.86,-0.00000000
2015,141,92,9186.68,115.854015,35.855086,418.61,0.00000000
2015,141,93,9286.53,115.854713,35.855784,388.71,0.00000000
2015,141,94,9386.39,115.855510,35.856312,388.71,0.00000000
2015,141,95,9486.24,115.856208,35.857010,388.71,-0.00000000
2015,141,96,9586.10,115.857005,35.857538,403.66,-0.00053155
2015,141,97,9685.95,115.857703,35.858236,388.71,-0.00053155
2015,141,98,9785.81,115.858600,35.858593,373.76,0.00102553
2015,141,99,9885.66,115.859298,35.859291,343.86,0.00026992
2015,141,100,9985.52,115.859996,35.859989,343.86,-0.00126607
2015,141,101,10085.38,115.860843,35.860432,328.91,0.00000021
2015,141,102,10185.23,115.861633,35.860971,343.86,0.00099164
2015,141,103,10285.09,115.862388,35.861572,313.96,-0.00027013
2015,141,104,10384.94,115.863085,35.862270,343.86,-0.00075110
2015,141,105,10484.80,115.863982,35.862628,328.91,0.00077311
2015,141,106,10584.65,115.864680,35.863326,343.86,0.00000000
2015,141,107,10684.51,115.865430,35.863935,328.91,0.00000084
2015,141,108,10784.36,115.866275,35.864381,313.96,0.00102553
2015,141,109,10884.22,115.866764,35.865140,299.01,-0.00024240
2015,141,110,10984.07,115.867561,35.865668,328.91,0.00000000
2015,141,111,11083.93,115.868259,35.866366,299.01,-0.00053155
2015,141,112,11183.78,115.868957,35.867064,299.01,-0.00330612
2015,141,113,11283.64,115.869853,35.867421,358.81,-0.00332103
2015,141,114,11383.49,115.870949,35.867439,478.42,-0.00208090
2015,142,0,0.00,115.515216,35.734847,373.76,0.00145477
2015,142,1,86.02,115.514516,35.734417,313.96,0.00322566
2015,142,2,172.04,115.513915,35.733816,313.96,0.00450305
2015,142,3,258.06,115.513868,35.733054,269.11,0.00309081
2015,142,4,344.08,115.513868,35.732279,313.96,0.00191850
2015,142,5,430.10,115.514162,35.731589,418.61,0.00167369
2015,142,6,516.12,115.514407,35.730885,463.47,0.00181435
2015,142,7,602.14,115.514946,35.730266,508.32,0.00194624
2015,143,0,0.00,115.515216,35.734847,583.07,-0.00120235
2015,143,1,93.08,115.515866,35.734197,463.47,-0.00238042
2015,143,2,186.16,115.516294,35.733482,299.01,-0.00233997
2015,143,3,279.24,115.516331,35.732654,313.96,-0.00000000
2015,143,4,372.31,115.516563,35.731883,448.52,0.00112145
2015,144,0,0.00,115.762612,35.856389,433.57,-0.00159959
2015,144,1,81.04,115.762463,35.855702,254.16,-0.00239609
2015,144,2,162.08,115.762106,35.855075,299.01,-0.00080771
2015,144,3,243.12,115.761540,35.854509,299.01,0.00008283
2015,144,4,324.16,115.761391,35.853821,328.91,-0.00311530
2015,144,5,405.20,115.760725,35.853425,403.66,-0.00481909
2015,145,0,0.00,115.762612,35.856389,388.71,0.00000000
2015,145,1,19.28,115.762477,35.856524,358.81,0.00000000
2015,145,2,38.56,115.762342,35.856659,239.21,0.00000000
2015,146,0,0.00,115.870949,35.867439,493.37,-0.00370043
2015,146,1,90.79,115.871165,35.868194,403.66,-0.00356656
2015,146,2,181.57,115.871899,35.868659,373.76,-0.00065007
2015,146,3,272.36,115.872566,35.869143,358.81,0.00086657
2015,146,4,363.15,115.873059,35.869818,358.81,-0.00059993
2015,146,5,453.93,115.873793,35.870283,328.91,-0.00104914
2015,146,6,544.72,115.874427,35.870917,343.86,-0.00203364
2015,146,7,635.51,115.875261,35.871212,373.76,-0.00276944
2015,147,0,0.00,115.870949,35.867439,762.48,-0.00001447
2015,147,1,98.16,115.871218,35.866632,792.38,-0.00225431
2015,147,2,196.33,115.871485,35.865824,358.81,-0.00426240
2015,147,3,294.49,115.870914,35.865248,284.06,-0.00177025
2015,147,4,392.66,115.870437,35.864501,299.01,-0.00005743
2015,147,5,490.82,115.869871,35.863780,313.96,-0.00110680
2015,147,6,588.98,115.869274,35.863069,313.96,-0.00156782
2015,147,7,687.15,115.868488,35.862553,343.86,-0.00021262
2015,147,8,785.31,115.867703,35.862037,328.91,0.00055090
2015,147,9,883.47,115.867016,35.861350,328.91,-0.00055090
2015,147,10,981.64,115.866231,35.860834,328.91,0.00000000
2015,147,11,1079.80,115.865446,35.860318,313.96,0.00065070
2015,147,12,1177.97,115.864759,35.859632,284.06,-0.00055090
2015,147,13,1276.13,115.863993,35.859084,313.96,-0.00020102
2015,147,14,1374.29,115.863188,35.858600,328.91,0.00055090
2015,147,15,1472.46,115.862502,35.857914,328.91,-0.00044969
2015,147,16,1570.62,115.861717,35.857398,343.86,-0.00055090
2015,147,17,1668.78,115.860931,35.856882,358.81,-0.00000000
2015,147,18,1766.95,115.860146,35.856366,403.66,0.00000000
2015,147,19,1865.11,115.859360,35.855850,373.76,0.00000000
2015,148,0,0.00,115.514946,35.730266,448.52,0.00200445
2015,148,1,71.88,115.515031,35.729643,463.47,0.00508890
2015,148,2,143.75,115.515324,35.729080,463.47,0.00724394
2015,148,3,215.63,115.516024,35.728918,687.72,0.00631453
2015,149,0,0.00,115.514946,35.730266,897.03,0.00000000
2015,149,1,77.16,115.515485,35.730805,807.33,0.00000000
2015,149,2,154.33,115.516024,35.731344,553.17,0.00000000
2015,149,3,231.49,115.516563,35.731883,403.66,0.00000000
2015,15,0,0.00,115.693352,35.804377,299.01,0.00137484
2015,15,1,98.12,115.693619,35.805184,239.21,0.00068300
2015,15,2,196.24,115.693621,35.806067,269.11,-0.00029145
2015,15,3,294.36,115.693891,35.806874,254.16,-0.00028252
2015,15,4,392.48,115.694005,35.807725,269.11,-0.00039597
2015,15,5,490.60,115.694273,35.808532,328.91,-0.00082440
2015,15,6,588.72,115.694540,35.809338,358.81,-0.00042855
2015,15,7,686.84,115.694969,35.810099,328.91,0.00041473
2015,15,8,784.96,115.695238,35.810905,299.01,0.00085157
2015,15,9,883.08,115.695508,35.811711,328.91,0.00069661
2015,15,10,981.20,115.695611,35.812565,299.01,-0.00016124
2015,15,11,1079.32,115.695777,35.813402,284.06,-0.00040746
2015,15,12,1177.44,115.696047,35.814208,299.01,0.00042564
2015,15,13,1275.56,115.696206,35.815046,313.96,0.00012503
2015,15,14,1373.68,115.696316,35.815898,284.06,-0.00069661
2015,15,15,1471.79,115.696586,35.816705,313.96,-0.00081504
2015,15,16,1569.91,115.696855,35.817511,343.86,-0.00000000
2015,15,17,1668.03,115.697277,35.818273,313.96,0.00147436
2015,15,18,1766.15,115.697394,35.819123,269.11,0.00135461
2015,15,19,1864.27,115.697394,35.820008,358.81,0.00056221
2015,151,0,0.00,115.516563,35.731883,478.42,-0.00285508
2015,151,1,99.59,115.517259,35.731187,433.57,-0.00480205
2015,151,2,199.18,115.517372,35.730322,523.27,-0.00534057
2015,151,3,298.77,115.516720,35.729614,822.28,-0.00206665
2015,151,4,398.36,115.516024,35.728918,807.33,-0.00020117
2015,152,0,0.00,115.875261,35.871212,358.81,-0.00233292
2015,152,1,77.48,115.875593,35.871814,313.96,-0.00251211
2015,152,2,154.95,115.876173,35.872289,313.96,-0.00189441
2015,152,3,232.43,115.876776,35.872727,328.91,-0.00090535
2015,152,4,309.91,115.877417,35.873098,343.86,-0.00071319
2015,153,0,0.00,115.875261,35.871212,1794.06,0.00000000
2015,153,1,99.05,115.875953,35.870519,1390.40,-0.00112497
2015,153,2,198.10,115.876645,35.869827,762.48,-0.00280682
2015,153,3,297.14,115.876878,35.869001,612.97,-0.00378475
2015,153,4,396.19,115.876891,35.868261,448.52,-0.00409080
2015,153,5,495.24,115.876339,35.867528,358.81,-0.00287214
2015,153,6,594.29,115.875616,35.866986,343.86,-0.00104282
2015,153,7,693.34,115.874825,35.866464,373.76,-0.00060215
2015,153,8,792.38,115.874033,35.865941,403.66,0.00000000
2015,153,9,891.43,115.873163,35.865552,403.66,0.00138025
2015,153,10,990.48,115.872449,35.864897,343.86,0.00104282
2015,153,11,1089.53,115.871757,35.864205,269.11,0.00021227
2015,154,0,0.00,115.516024,35.728918,508.32,0.00218867
2015,154,1,68.48,115.516085,35.728319,523.27,0.00334178
2015,154,2,136.97,115.516354,35.727780,508.32,0.00329940
2015,154,3,205.45,115.516833,35.727301,538.22,0.00210390
2015,155,0,0.00,115.877417,35.873098,328.91,0.00000000
2015,155,1,97.72,115.878100,35.873781,328.91,-0.00051617
2015,155,2,195.44,115.878783,35.874464,358.81,-0.00018326
2015,155,3,293.16,115.879565,35.874977,328.91,0.00051617
2015,155,4,390.88,115.880111,35.875700,328.91,-0.00071932
2015,155,5,488.60,115.880822,35.876234,299.01,-0.00051617
2015,155,6,586.32,115.881604,35.876747,299.01,0.00141260
2015,155,7,684.04,115.882287,35.877430,269.11,0.00127743
2015,155,8,781.76,115.882761,35.878173,284.06,-0.00009770
2015,155,9,879.48,115.883345,35.878885,194.36,-0.00047305
2015,155,10,977.21,115.883938,35.879566,269.11,-0.00030585
2015,155,11,1074.93,115.884492,35.880173,284.06,-0.00028821
2015,155,12,1172.65,115.885175,35.880856,299.01,0.00093985
2015,155,13,1270.37,115.885858,35.881540,284.06,0.00215420
2015,155,14,1368.09,115.886123,35.882344,284.06,0.00058777
2015,155,15,1465.81,115.886388,35.883148,299.01,0.00000000
2015,155,16,1563.53,115.886849,35.883895,299.01,0.00049654
2015,155,17,1661.25,115.886918,35.884756,313.96,-0.00055569
2015,155,18,1758.97,115.887388,35.885500,299.01,0.00000000
2015,155,19,1856.69,115.887657,35.886303,284.06,0.00106421
2015,156,0,0.00,115.877417,35.873098,1599.71,0.00000000
2015,156,1,71.34,115.877915,35.872599,1450.20,-0.00199152
2015,156,2,142.68,115.878414,35.872101,941.88,-0.00404840
2015,156,3,214.02,115.878494,35.871481,568.12,-0.00411375
2015,157,0,0.00,115.516833,35.727301,568.12,0.00134849
2015,157,1,97.01,115.516833,35.726427,553.17,0.00147387
2015,157,2,194.01,115.517102,35.725631,523.27,0.00240114
2015,157,3,291.02,115.517403,35.724844,523.27,0.00314197
2015,157,4,388.02,115.518180,35.724337,598.02,0.00308089
2015,158,0,0.00,115.516833,35.727301,1106.34,0.00000000
2015,158,1,88.26,115.517808,35.727301,1270.79,-0.00122580
2015,158,2,176.52,115.518784,35.727301,897.03,-0.00511501
2015,158,3,264.77,115.519575,35.726985,448.52,-0.00819949
2015,158,4,353.03,115.519797,35.726254,583.07,-0.00695808
2015,158,5,441.29,115.519413,35.725570,882.08,-0.00334907
2015,158,6,529.55,115.518797,35.724953,956.83,-0.00070128
2015,158,7,617.80,115.518180,35.724337,956.83,-0.00000000
2015,159,0,0.00,115.887657,35.886303,627.92,0.00195493
2015,159,1,74.37,115.888277,35.885953,1076.44,0.00306954
2015,159,2,148.74,115.888990,35.885764,299.01,0.00310177
2015,159,3,223.11,115.889813,35.885764,89.70,0.00201937
2015,160,0,0.00,115.887657,35.886303,388.71,-0.00177128
2015,160,1,97.76,115.887118,35.887028,284.06,-0.00002232
2015,160,2,195.51,115.886918,35.887851,269.11,0.00159707
2015,160,3,293.27,115.886135,35.888365,209.31,-0.00031163
2015,160,4,391.03,115.885660,35.889109,209.31,-0.00050956
2015,160,5,488.79,115.885186,35.889852,284.06,0.00104537
2015,160,6,586.54,115.884503,35.890536,269.11,0.00102527
2015,160,7,684.30,115.883819,35.891219,328.91,0.00051571
2015,160,8,782.06,115.883037,35.891732,373.76,-0.00102527
2015,160,9,879.81,115.882353,35.892416,388.71,-0.00051571
2015,160,10,977.57,115.881879,35.893160,388.71,0.00102527
2015,160,11,1075.33,115.881096,35.893673,358.81,-0.00000000
2015,160,12,1173.08,115.880413,35.894356,388.71,-0.00051571
2015,160,13,1270.84,115.879729,35.895040,299.01,0.00107129
2015,160,14,1368.60,115.879046,35.895723,299.01,0.00165715
2015,160,15,1466.36,115.878164,35.896066,343.86,-0.00055558
2015,160,16,1564.11,115.877381,35.896580,299.01,-0.00165715
2015,160,17,1661.87,115.876697,35.897263,299.01,-0.00000000
2015,160,18,1759.63,115.876014,35.897946,284.06,0.00108352
2015,160,19,1857.38,115.875231,35.898460,299.01,0.00055558
2015,160,20,1955.14,115.874446,35.898969,328.91,-0.00002444
2015,160,21,2052.90,115.873666,35.899486,299.01,0.00000000
2015,160,22,2150.65,115.872883,35.900000,299.01,0.00059807
2015,160,23,2248.41,115.872100,35.900513,284.06,0.00058585
2015,160,24,2346.17,115.871218,35.900856,299.01,-0.00058585
2015,160,25,2443.93,115.870435,35.901370,299.01,0.00007959
2015,160,26,2541.68,115.869652,35.901883,313.96,0.00179096
2015,160,27,2639.44,115.868757,35.902203,299.01,0.00280399
2015,160,28,2737.20,115.867788,35.902399,343.86,0.00304031
2015,160,29,2834.95,115.866906,35.902203,358.81,0.00272366
2015,161,0,0.00,115.518180,35.724337,568.12,-0.00122147
2015,161,1,93.08,115.518622,35.723626,538.22,-0.00122326
2015,161,2,186.16,115.518854,35.722855,508.32,0.00000000
2015,161,3,279.24,115.519086,35.722083,493.37,0.00122326
2015,161,4,372.32,115.519528,35.721373,478.42,0.00122147
2015,162,0,0.00,115.889813,35.885764,583.07,-0.00000000
2015,162,1,62.89,115.890352,35.885495,433.57,-0.00000000
2015,162,2,125.77,115.890891,35.885225,,-0.00000000
2015,163,0,0.00,115.889813,35.885764,837.23,-0.00000000
2015,163,1,19.28,115.889948,35.885899,822.28,-0.00000000
2015,163,2,38.55,115.890083,35.886034,807.33,-0.00000000
2015,164,0,0.00,115.866906,35.902203,897.03,0.00000000
2015,164,1,44.85,115.866906,35.901799,911.98,0.00000000
2015,164,2,89.71,115.866906,35.901395,553.17,0.00000000
2015,165,0,0.00,115.866906,35.902203,418.61,0.00000000
2015,165,1,82.15,115.866232,35.902608,493.37,0.00000000
2015,165,2,164.30,115.865559,35.903012,463.47,0.00000000
2015,166,0,0.00,115.519528,35.721373,403.66,0.00073266
2015,166,1,98.39,115.519588,35.720503,463.47,0.00051981
2015,166,2,196.77,115.519797,35.719677,373.76,0.00085274
2015,166,3,295.16,115.519918,35.718826,358.81,0.00163472
2015,166,4,393.55,115.520397,35.718078,448.52,0.00093547
2015,166,5,491.93,115.520875,35.717330,388.71,0.00000000
2015,167,0,0.00,115.519528,35.721373,1225.94,0.00000000
2015,167,1,90.22,115.520525,35.721373,1360.50,-0.00203085
2015,167,2,180.43,115.521522,35.721373,568.12,-0.00646812
2015,167,3,270.65,115.522212,35.720845,403.66,-0.00585977
2015,167,4,360.87,115.522223,35.720035,373.76,-0.00251019
2015,167,5,451.08,115.522492,35.719300,418.61,-0.00381305
2015,167,6,541.30,115.522135,35.718590,672.77,-0.00351887
2015,167,7,631.52,115.521505,35.717960,702.67,-0.00079351
2015,167,8,721.73,115.520875,35.717330,702.67,-0.00000000
2015,168,0,0.00,115.865559,35.903012,837.23,0.00000000
2015,168,1,72.65,115.865559,35.903667,777.43,-0.00121239
2015,168,2,145.31,115.865559,35.904321,777.43,-0.00249962
2015,168,3,217.96,115.865828,35.904898,373.76,-0.00257446
2015,169,0,0.00,115.865559,35.903012,448.52,0.00891788
2015,169,1,43.60,115.865076,35.903012,538.22,0.00910688
2015,169,2,87.21,115.864750,35.902742,956.83,0.00929587
2015,17,0,0.00,115.698203,35.779853,1390.40,0.00120048
2015,17,1,94.25,115.697445,35.779365,1061.49,0.00239692
2015,17,2,188.51,115.696786,35.778706,717.63,0.00365633
2015,17,3,282.76,115.696586,35.777915,373.76,0.00265471
2015,17,4,377.02,115.696586,35.777065,373.76,0.00263721
2015,17,5,471.27,115.696689,35.776246,433.57,0.00451544
2015,17,6,565.53,115.697348,35.775587,807.33,0.00267329
2015,17,7,659.78,115.698205,35.775269,732.58,0.00063296
2015,17,8,754.03,115.698863,35.774611,822.28,0.00255495
2015,17,9,848.29,115.699820,35.774463,1420.30,0.00384398
2015,171,0,0.00,115.520875,35.717330,388.71,-0.00000000
2015,171,1,88.74,115.521145,35.716609,343.86,-0.00000000
2015,171,2,177.48,115.521414,35.715887,358.81,-0.00085753
2015,171,3,266.22,115.521684,35.715165,328.91,-0.00166591
2015,171,4,354.96,115.521684,35.714366,299.01,-0.00161675
2015,172,0,0.00,115.864750,35.902742,882.08,-0.00138966
2015,172,1,95.47,115.864750,35.901882,1121.29,0.00000000
2015,172,2,190.94,115.864481,35.901099,538.22,0.00212562
2015,172,3,286.41,115.864750,35.900317,433.57,0.00286158
2015,173,0,0.00,115.864750,35.902742,493.37,0.01071187
2015,173,1,31.44,115.864530,35.902962,418.61,0.01111219
2015,173,2,62.88,115.864211,35.903012,388.71,0.01151252
2015,174,0,0.00,115.521684,35.714366,508.32,-0.00396548
2015,174,1,50.78,115.521329,35.714011,642.87,-0.00418068
2015,174,2,101.56,115.520875,35.713827,702.67,-0.00439588
2015,175,0,0.00,115.521684,35.714366,269.11,-0.00295385
2015,175,1,95.88,115.522223,35.713658,299.01,-0.00234752
2015,175,2,191.75,115.522223,35.712794,269.11,-0.00000000
2015,175,3,287.63,115.522439,35.711993,224.26,0.00077383
2015,175,4,383.50,115.522762,35.711222,179.41,-0.00028930
2015,175,5,479.38,115.522943,35.710411,224.26,-0.00039995
2015,175,6,575.25,115.523195,35.709620,239.21,-0.00086940
2015,175,7,671.13,115.523301,35.708787,209.31,-0.00151944
2015,175,8,767.00,115.523301,35.707922,239.21,-0.00095439
2015,175,9,862.88,115.523068,35.707126,239.21,0.00037860
2015,175,10,958.75,115.523031,35.706273,239.21,-0.00000000
2015,175,11,1054.63,115.522982,35.705423,224.26,-0.00034487
2015,175,12,1150.50,115.522762,35.704623,239.21,0.00000000
2015,175,13,1246.38,115.522762,35.703759,179.41,-0.00086235
2015,175,14,1342.26,115.522492,35.702973,179.41,-0.00073169
2015,175,15,1438.13,115.522223,35.702187,179.41,-0.00000000
2015,175,16,1534.01,115.521953,35.701401,239.21,-0.00054329
2015,175,17,1629.88,115.521684,35.700615,299.01,-0.00162759
2015,175,18,1725.76,115.521218,35.699886,403.66,-0.00209646
2015,175,19,1821.63,115.520548,35.699217,463.47,0.00006152
2015,175,20,1917.51,115.519797,35.698712,433.57,0.00263975
2015,175,21,2013.38,115.519528,35.697926,478.42,0.00313214
2015,176,0,0.00,115.864211,35.903012,448.52,0.00000000
2015,176,1,98.30,115.863425,35.903529,358.81,0.00000000
2015,176,2,196.60,115.862638,35.904046,358.81,-0.00000000
2015,176,3,294.90,115.861851,35.904563,358.81,-0.00038131
2015,176,4,393.19,115.861065,35.905081,313.96,-0.00297001
2015,176,5,491.49,115.860438,35.905644,269.11,-0.00415116
2015,176,6,589.79,115.860548,35.906406,224.26,-0.00196025
2015,176,7,688.09,115.860438,35.907260,194.36,-0.00068083
2015,176,8,786.39,115.860708,35.908068,179.41,-0.00028211
2015,176,9,884.69,115.860718,35.908951,194.36,-0.00066482
2015,176,10,982.99,115.860987,35.909759,239.21,-0.00134896
2015,176,11,1081.28,115.861257,35.910567,254.16,-0.00068417
2015,176,12,1179.58,115.861786,35.911300,254.16,0.00068130
2015,176,13,1277.88,115.862055,35.912108,284.06,0.00068226
2015,176,14,1376.18,115.862325,35.912916,343.86,-0.00070762
2015,176,15,1474.48,115.862594,35.913724,328.91,-0.00095731
2015,176,16,1572.78,115.863133,35.914454,388.71,-0.00063083
2015,176,17,1671.08,115.863498,35.915235,433.57,-0.00066484
2015,176,18,1769.38,115.864186,35.915922,418.61,-0.00028370
2015,176,19,1867.67,115.864664,35.916670,418.61,0.00000000
2015,176,20,1965.97,115.865351,35.917357,418.61,-0.00050379
2015,176,21,2064.27,115.865829,35.918105,418.61,-0.00142232
2015,176,22,2162.57,115.866616,35.918622,373.76,-0.00105895
2015,176,23,2260.87,115.867378,35.919182,328.91,0.00027490
2015,176,24,2359.17,115.868189,35.919656,313.96,0.00035247
2015,176,25,2457.47,115.868877,35.920344,269.11,-0.00099433
2015,176,26,2555.76,115.869700,35.920799,164.46,-0.00112596
2015,176,27,2654.06,115.870549,35.921208,149.51,-0.00068568
2015,176,28,2752.36,115.871405,35.921607,134.55,-0.00094586
2015,176,29,2850.66,115.872337,35.921876,149.51,-0.00136612
2015,176,30,2948.96,115.873268,35.922146,119.60,-0.00139106
2015,176,31,3047.26,115.874357,35.922146,149.51,-0.00000000
2015,176,32,3145.56,115.875378,35.922263,164.46,0.00010739
2015,176,33,3243.85,115.876378,35.922415,239.21,-0.00019450
2015,176,34,3342.15,115.877467,35.922415,239.21,-0.00045443
2015,176,35,3440.45,115.878434,35.922624,284.06,-0.00042502
2015,176,36,3538.75,115.879330,35.922415,328.91,0.00082664
2015,176,37,3637.05,115.880262,35.922685,328.91,-0.00020712
2015,176,38,3735.35,115.881351,35.922685,328.91,-0.00165328
2015,176,39,3833.65,115.882440,35.922685,358.81,-0.00173810
2015,176,40,3931.94,115.883371,35.922415,343.86,0.00082664
2015,176,41,4030.24,115.884303,35.922146,358.81,0.00173810
2015,176,42,4128.54,115.885234,35.922415,358.81,-0.00082664
2015,176,43,4226.84,115.886166,35.922146,328.91,-0.00000000
2015,176,44,4325.14,115.887255,35.922146,299.01,0.00165328
2015,176,45,4423.44,115.888344,35.922146,328.91,0.00082664
2015,176,46,4521.74,115.889275,35.922415,328.91,0.00000000
2015,176,47,4620.03,115.890365,35.922415,358.81,0.00088705
2015,176,48,4718.33,115.891296,35.922685,403.66,-0.00000000
2015,176,49,4816.63,115.892232,35.922947,388.71,-0.00167328
2015,176,50,4914.93,115.893317,35.922954,418.61,-0.00157246
2015,177,0,0.00,115.864211,35.903012,852.18,0.00433335
2015,177,1,68.45,115.863733,35.902533,642.87,0.00329729
2015,177,2,136.90,115.863672,35.901934,553.17,0.00000000
2015,177,3,205.35,115.863403,35.901395,44.85,-0.00226123
2015,178,0,0.00,115.519528,35.697926,508.32,0.00313523
2015,178,1,86.20,115.518628,35.697836,418.61,0.00303460
2015,178,2,172.40,115.517937,35.697388,373.76,0.00279171
2015,178,3,258.60,115.517226,35.696972,358.81,0.00274670
2015,178,4,344.80,115.516833,35.696310,403.66,0.00284395
2015,179,0,0.00,115.519528,35.697926,1285.75,-0.00277961
2015,179,1,94.78,115.520190,35.697265,1136.24,-0.00357448
2015,179,2,189.57,115.520336,35.696453,732.58,-0.00490517
2015,179,3,284.35,115.520203,35.695637,418.61,-0.00364475
2015,179,4,379.13,115.519442,35.695146,373.76,0.00019116
2015,179,5,473.92,115.518989,35.694423,508.32,0.00223083
2015,18,0,0.00,115.698203,35.779853,553.17,-0.00433513
2015,18,1,68.47,115.698681,35.779374,568.12,-0.00439288
2015,18,2,136.95,115.698742,35.778775,598.02,-0.00445064
2015,180,0,0.00,115.893317,35.922954,1435.25,-0.00143298
2015,180,1,94.03,115.893317,35.923802,882.08,-0.00147560
2015,180,2,188.06,115.893586,35.924571,328.91,-0.00151822
2015,181,0,0.00,115.893317,35.922954,418.61,0.00000000
2015,181,1,94.14,115.894045,35.922954,328.91,0.00000000
2015,181,2,188.28,115.895088,35.922954,299.01,0.00090366
2015,181,3,282.42,115.896131,35.922954,239.21,0.00190171
2015,181,4,376.55,115.897016,35.923224,224.26,0.00099804
2015,181,5,470.69,115.897902,35.923493,179.41,0.00103102
2015,181,6,564.83,115.898787,35.923763,164.46,0.00202080
2015,181,7,658.97,115.899515,35.924302,134.55,0.00197956
2015,182,0,0.00,115.516833,35.696310,478.42,0.00201838
2015,182,1,94.03,115.515951,35.696040,373.76,0.00202363
2015,182,2,188.06,115.515222,35.695507,388.71,0.00103615
2015,182,3,282.08,115.514500,35.694962,388.71,0.00000000
2015,182,4,376.11,115.513775,35.694423,418.61,-0.00146282
2015,182,5,470.14,115.513050,35.693884,388.71,-0.00099094
2015,182,6,564.17,115.512100,35.693732,403.66,0.00222593
2015,182,7,658.19,115.511443,35.693076,448.52,0.00355155
2015,183,0,0.00,115.516833,35.696310,1599.71,-0.00163044
2015,183,1,97.11,115.517511,35.695631,1420.30,-0.00391804
2015,183,2,194.22,115.517841,35.694892,687.72,-0.00516959
2015,183,3,291.33,115.517372,35.694154,403.66,-0.00413354
2015,184,0,0.00,115.899515,35.924302,179.41,0.00199926
2015,184,1,95.62,115.900417,35.924571,119.60,0.00188699
2015,184,2,191.23,115.901161,35.925110,,0.00186330
2015,184,3,286.85,115.901918,35.925627,149.51,0.00144821
2015,184,4,382.46,115.902378,35.926356,134.55,0.00033778
2015,184,5,478.08,115.903046,35.927025,194.36,0.00094148
2015,184,6,573.69,115.903557,35.927739,179.41,0.00033263
2015,184,7,669.31,115.903827,35.928523,179.41,-0.00068767
2015,184,8,764.92,115.904524,35.929042,209.31,0.00110523
2015,184,9,860.54,115.904775,35.929831,209.31,0.00077753
2015,184,10,956.16,115.905174,35.930577,194.36,-0.00142404
2015,184,11,1051.77,115.905508,35.931309,224.26,-0.00240353
2015,184,12,1147.39,115.906252,35.931848,239.21,-0.00250303
2015,185,0,0.00,115.899515,35.924302,1091.39,0.00535704
2015,185,1,62.87,115.899076,35.924741,299.01,0.00555737
2015,185,2,125.73,115.898437,35.924841,224.26,0.00575769
2015,186,0,0.00,115.511443,35.693076,1390.40,-0.00199415
2015,186,1,92.58,115.511881,35.692368,882.08,-0.00394959
2015,186,2,185.16,115.511982,35.691563,612.97,-0.00645504
2015,186,3,277.74,115.511401,35.690920,418.61,-0.00817546
2015,186,4,370.32,115.510535,35.690650,538.22,-0.00760715
2015,186,5,462.91,115.509826,35.691189,1510.00,-0.00586843
2015,187,0,0.00,115.511443,35.693076,448.52,0.00000000
2015,187,1,81.08,115.510678,35.692850,358.81,0.00248459
2015,187,2,162.16,115.509914,35.692625,343.86,0.00486238
2015,187,3,243.24,115.509556,35.691998,418.61,0.00475559
2015,188,0,0.00,115.509826,35.691189,1016.64,0.00539694
2015,188,1,49.20,115.509826,35.691633,717.63,0.00550876
2015,188,2,98.39,115.509556,35.691998,1210.99,0.00562057
2015,189,0,0.00,115.509826,35.691189,478.42,0.00080582
2015,189,1,83.65,115.509287,35.690592,538.22,-0.00057215
2015,189,2,167.31,115.508866,35.689960,343.86,-0.00299476
2015,189,3,250.96,115.508168,35.689572,313.96,-0.00259413
2015,189,4,334.62,115.507400,35.689303,194.36,-0.00114887
2015,19,0,0.00,115.695238,35.793328,463.47,0.00564961
2015,19,1,68.47,115.695508,35.793867,343.86,0.00564961
2015,19,2,136.94,115.695238,35.794406,328.91,0.00564961
2015,190,0,0.00,115.509556,35.691998,568.12,0.00251047
2015,190,1,80.28,115.508669,35.691998,478.42,0.00264668
2015,190,2,160.55,115.507939,35.691728,448.52,0.00278289
2015,191,0,0.00,115.507400,35.689303,493.37,0.00204475
2015,191,1,79.10,115.507400,35.690016,598.02,0.00210823
2015,191,2,158.19,115.507131,35.690650,777.43,0.00217170
2015,192,0,0.00,115.507400,35.689303,239.21,0.00223868
2015,192,1,70.08,115.506812,35.688984,164.46,0.00214027
2015,192,2,140.16,115.506322,35.688494,343.86,0.00204186
2015,193,0,0.00,115.507939,35.691728,777.43,0.00338338
2015,193,1,99.57,115.506996,35.691998,299.01,0.00338338
2015,193,2,199.14,115.506053,35.691728,194.36,0.00338338
2015,194,0,0.00,115.507939,35.691728,493.37,0.00185645
2015,194,1,72.83,115.507431,35.691219,523.27,0.00191194
2015,194,2,145.67,115.507131,35.690650,194.36,0.00196743
2015,195,0,0.00,115.507131,35.690650,299.01,-0.00734421
2015,195,1,67.16,115.506389,35.690650,328.91,-0.00984092
2015,195,2,134.31,115.506053,35.691123,1569.81,-0.00802279
2015,195,3,201.47,115.506053,35.691728,792.38,-0.00370795
2015,197,0,0.00,115.506322,35.688494,478.42,-0.00113982
2015,197,1,94.96,115.505868,35.687770,508.32,-0.00258589
2015,197,2,189.91,115.505205,35.687107,448.52,-0.00390947
2015,197,3,284.87,115.504290,35.686877,388.71,-0.00541627
2015,197,4,379.83,115.503482,35.686753,254.16,-0.00596754
2015,197,5,474.79,115.502819,35.687416,1001.69,-0.00488952
2015,198,0,0.00,115.506322,35.688494,478.42,0.00443928
2015,198,1,87.38,115.505514,35.688764,194.36,0.00443928
2015,198,2,174.75,115.504705,35.688494,284.06,0.00443928
2015,199,0,0.00,115.506053,35.691728,179.41,-0.00045610
2015,199,1,83.98,115.505282,35.691459,179.41,0.00000000
2015,199,2,167.95,115.504483,35.691237,134.55,0.00081976
2015,199,3,251.93,115.503740,35.690920,209.31,0.00184983
2015,199,4,335.90,115.503013,35.690575,343.86,0.00157158
2015,199,5,419.88,115.502427,35.689988,463.47,-0.00045184
2015,199,6,503.86,115.501741,35.689572,687.72,-0.00153058
2015,2,0,0.00,115.693352,35.795214,523.27,0.00000000
2015,2,1,38.57,115.693082,35.794945,553.17,0.00000000
2015,2,2,77.14,115.692813,35.794675,583.07,0.00000000
2015,20,0,0.00,115.699820,35.789824,134.55,0.00000000
2015,20,1,24.36,115.699550,35.789824,164.46,0.00000000
2015,20,2,48.73,115.699281,35.789824,164.46,0.00000000
2015,200,0,0.00,115.502819,35.687416,568.12,-0.00286460
2015,200,1,85.03,115.502126,35.687840,1106.34,-0.00282513
2015,200,2,170.06,115.501741,35.688494,657.82,-0.00278567
2015,201,0,0.00,115.502819,35.687416,657.82,-0.00000000
2015,201,1,87.38,115.503628,35.687686,642.87,-0.00000000
2015,201,2,174.76,115.504436,35.687955,388.71,-0.00000000
2015,202,0,0.00,115.501741,35.689572,493.37,0.00000000
2015,202,1,59.80,115.501741,35.689033,568.12,0.00000000
2015,202,2,119.61,115.501741,35.688494,642.87,0.00000000
2015,203,0,0.00,115.501741,35.689572,1480.10,-0.00000000
2015,203,1,86.60,115.501136,35.690177,807.33,0.00077220
2015,203,2,173.20,115.500531,35.690782,672.77,0.00459601
2015,203,3,259.80,115.499812,35.691189,897.03,0.01038317
2015,203,4,346.41,115.499046,35.690892,463.47,0.00959140
2015,203,5,433.01,115.499046,35.690111,463.47,0.00606408
2015,205,0,0.00,115.501741,35.688494,687.72,0.00000000
2015,205,1,48.79,115.501202,35.688494,717.63,0.00000000
2015,205,2,97.58,115.500663,35.688494,777.43,0.00000000
2015,206,0,0.00,115.501741,35.688494,687.72,0.00000000
2015,206,1,73.18,115.502550,35.688494,657.82,0.00000000
2015,206,2,146.36,115.503358,35.688494,627.92,0.00000000
2015,206,3,219.54,115.504167,35.688494,284.06,0.00000000
2015,207,0,0.00,115.499046,35.690111,523.27,0.00537500
2015,207,1,98.73,115.498112,35.690381,568.12,0.00485586
2015,207,2,197.47,115.497335,35.689842,493.37,0.00266667
2015,207,3,296.20,115.496482,35.689433,508.32,0.00084904
2015,207,4,394.93,115.495792,35.688744,328.91,-0.00019419
2015,207,5,493.66,115.495004,35.688225,448.52,-0.00108986
2015,208,0,0.00,115.499046,35.690111,209.31,0.00000000
2015,208,1,77.18,115.499585,35.689572,747.53,0.00000000
2015,208,2,154.36,115.500124,35.689033,926.93,-0.00000000
2015,208,3,231.54,115.500663,35.688494,1749.21,-0.00000000
2015,209,0,0.00,115.500663,35.688494,583.07,-0.00433124
2015,209,1,92.88,115.500394,35.687735,493.37,-0.00451178
2015,209,2,185.77,115.499585,35.687416,538.22,-0.00469233
2015,21,0,0.00,115.699820,35.789824,418.61,-0.00208157
2015,21,1,94.97,115.700274,35.789100,418.61,-0.00227514
2015,21,2,189.93,115.700359,35.788269,433.57,-0.00074531
2015,21,3,284.90,115.700359,35.787413,418.61,0.00048904
2015,21,4,379.86,115.700628,35.786635,478.42,-0.00005867
2015,21,5,474.83,115.700628,35.785779,478.42,0.00004060
2015,21,6,569.80,115.700876,35.784995,433.57,0.00011762
2015,21,7,664.76,115.700913,35.784150,463.47,0.00066258
2015,21,8,759.73,115.701167,35.783368,493.37,-0.00005895
2015,21,9,854.69,115.701437,35.782590,523.27,-0.00018273
2015,21,10,949.66,115.701437,35.781734,493.37,0.00034552
2015,21,11,1044.63,115.701895,35.781011,523.27,-0.00332296
2015,21,12,1139.59,115.701810,35.780226,672.77,-0.00464880
2015,21,13,1234.56,115.701147,35.779563,1001.69,-0.00150077
2015,21,14,1329.52,115.700483,35.778899,926.93,-0.00000000
2015,21,15,1424.49,115.699820,35.778236,956.83,-0.00000000
2015,211,0,0.00,115.495004,35.688225,598.02,0.00000000
2015,211,1,74.75,115.495004,35.687551,672.77,0.00000000
2015,211,2,149.51,115.495004,35.686877,687.72,0.00000000
2015,212,0,0.00,115.495004,35.688225,448.52,0.00379063
2015,212,1,83.98,115.494318,35.688348,493.37,0.00509575
2015,212,2,167.96,115.493533,35.688102,388.71,0.00320044
2015,212,3,251.93,115.492947,35.687515,403.66,-0.00162599
2015,212,4,335.91,115.492162,35.687270,433.57,-0.00080626
2015,212,5,419.89,115.491377,35.687024,343.86,0.00162599
2015,212,6,503.87,115.490692,35.686608,358.81,0.00161252
2015,213,0,0.00,115.499585,35.687416,672.77,-0.00019209
2015,213,1,85.41,115.499316,35.686725,403.66,-0.00188853
2015,213,2,170.82,115.499019,35.686041,478.42,-0.00509792
2015,213,3,256.23,115.498323,35.685615,403.66,-0.00482252
2015,213,4,341.64,115.497429,35.685530,448.52,-0.00303418
2015,214,0,0.00,115.499585,35.687416,1465.15,0.00362641
2015,214,1,87.12,115.498977,35.688025,1435.25,0.00647950
2015,214,2,174.24,115.498170,35.688157,583.07,0.00868536
2015,214,3,261.36,115.497462,35.687719,493.37,0.00667562
2015,214,4,348.48,115.497160,35.687022,598.02,0.00444396
2015,214,5,435.60,115.497160,35.686237,762.48,0.00267838
2015,214,6,522.72,115.497429,35.685530,926.93,0.00178195
2015,215,0,0.00,115.497429,35.685530,448.52,-0.00204492
2015,215,1,93.92,115.497160,35.684762,418.61,-0.00275015
2015,215,2,187.83,115.496535,35.684097,388.71,-0.00175076
2015,215,3,281.75,115.495761,35.683643,433.57,0.00070014
2015,215,4,375.67,115.495234,35.683065,358.81,0.00005351
2015,215,5,469.59,115.494578,35.682409,328.91,-0.00127486
2015,215,6,563.50,115.493823,35.681924,373.76,-0.00060517
2015,215,7,657.42,115.493068,35.681438,358.81,-0.00079607
2015,215,8,751.34,115.492313,35.680953,343.86,-0.00162673
2015,215,9,845.25,115.491435,35.680679,299.01,-0.00084714
2015,215,10,939.17,115.490554,35.680409,328.91,0.00066909
2015,215,11,1033.09,115.489674,35.680140,313.96,0.00103505
2015,215,12,1127.01,115.488897,35.679692,343.86,-0.00033493
2015,215,13,1220.92,115.488069,35.679331,313.96,-0.00103505
2015,215,14,1314.84,115.487188,35.679062,538.22,-0.00070128
2015,216,0,0.00,115.487188,35.679062,388.71,-0.00306399
2015,216,1,91.33,115.486759,35.678363,388.71,-0.00358423
2015,216,2,182.65,115.485971,35.677984,388.71,-0.00328805
2015,216,3,273.98,115.485119,35.677714,418.61,-0.00247256
2015,216,4,365.30,115.484152,35.677643,463.47,-0.00188580
2015,216,5,456.63,115.483415,35.677714,568.12,-0.00129811
2015,217,0,0.00,115.487188,35.679062,1794.06,-0.00030947
2015,217,1,80.31,115.486627,35.679623,1300.70,-0.00323809
2015,217,2,160.62,115.486110,35.680196,882.08,-0.00410587
2015,217,3,240.94,115.486380,35.680842,672.77,0.00102136
2015,217,4,321.25,115.486110,35.681487,254.16,0.00408774
2015,218,0,0.00,115.483415,35.677714,1061.49,0.00000000
2015,218,1,81.27,115.483415,35.678447,1031.59,0.00086138
2015,218,2,162.54,115.483415,35.679179,777.43,0.00302857
2015,218,3,243.81,115.483174,35.679842,642.87,0.00334904
2015,218,4,325.08,115.482607,35.680409,1151.19,0.00236370
2015,219,0,0.00,115.483415,35.677714,598.02,-0.00299839
2015,219,1,87.39,115.482706,35.677275,598.02,-0.00295698
2015,219,2,174.77,115.481798,35.677175,598.02,-0.00291557
2015,22,0,0.00,115.697394,35.820008,1749.21,0.00000000
2015,22,1,85.24,115.696451,35.820008,1689.41,0.00000000
2015,22,2,170.48,115.695508,35.820008,777.43,0.00000000
2015,220,0,0.00,115.486110,35.681487,553.17,-0.00402640
2015,220,1,75.18,115.485387,35.681303,463.47,-0.00432257
2015,220,2,150.37,115.484763,35.681487,642.87,-0.00461874
2015,221,0,0.00,115.486110,35.681487,493.37,-0.00177777
2015,221,1,87.79,115.486380,35.682200,448.52,-0.00174757
2015,221,2,175.57,115.486919,35.682835,388.71,-0.00171738
2015,222,0,0.00,115.482607,35.680409,209.31,0.00938885
2015,222,1,58.64,115.482406,35.680880,732.58,0.00936041
2015,222,2,117.28,115.481798,35.680948,762.48,0.00933197
2015,223,0,0.00,115.482607,35.680409,433.57,0.00000000
2015,223,1,96.22,115.482337,35.679620,478.42,0.00000000
2015,223,2,192.44,115.482068,35.678832,777.43,0.00072658
2015,223,3,288.66,115.481798,35.678043,897.03,0.00141248
2015,223,4,384.89,115.481798,35.677175,1001.69,0.00137181
2015,224,0,0.00,115.482607,35.680409,657.82,0.00000000
2015,224,1,83.98,115.483293,35.680825,373.76,-0.00080620
2015,224,2,167.97,115.483978,35.681242,373.76,-0.00162587
2015,224,3,251.95,115.484763,35.681487,373.76,-0.00163933
2015,226,0,0.00,115.481798,35.677175,568.12,-0.00022097
2015,226,1,83.99,115.481113,35.676759,568.12,-0.00080616
2015,226,2,167.97,115.480413,35.676367,568.12,-0.00058180
2015,226,3,251.96,115.479642,35.676097,538.22,0.00069568
2015,226,4,335.94,115.478957,35.675681,568.12,-0.00011388
2015,226,5,419.93,115.478257,35.675289,493.37,-0.00128719
2015,226,6,503.92,115.477487,35.675019,508.32,-0.00118302
2015,228,0,0.00,115.484763,35.681487,538.22,-0.00326658
2015,228,1,97.62,115.484818,35.682351,418.61,-0.00431407
2015,228,2,195.24,115.485500,35.683033,328.91,-0.00387397
2015,228,3,292.86,115.486380,35.683374,328.91,-0.00238639
2015,229,0,0.00,115.486919,35.682835,523.27,0.00000000
2015,229,1,38.59,115.486649,35.683104,523.27,0.00000000
2015,229,2,77.18,115.486380,35.683374,254.16,0.00000000
2015,23,0,0.00,115.697394,35.820008,269.11,-0.00000000
2015,23,1,96.79,115.697664,35.820802,284.06,0.00071627
2015,23,2,193.58,115.697933,35.821596,299.01,0.00120466
2015,23,3,290.37,115.697933,35.822468,299.01,0.00000000
2015,23,4,387.16,115.698010,35.823318,313.96,-0.00058879
2015,23,5,483.96,115.698203,35.824135,358.81,-0.00000000
2015,23,6,580.75,115.698318,35.824974,418.61,-0.00030550
2015,23,7,677.54,115.698472,35.825802,433.57,0.00000000
2015,23,8,774.33,115.698742,35.826596,388.71,0.00040590
2015,23,9,871.12,115.698742,35.827468,373.76,0.00067638
2015,23,10,967.91,115.699011,35.828263,358.81,0.00135276
2015,23,11,1064.70,115.698742,35.829057,373.76,-0.00000000
2015,23,12,1161.49,115.698742,35.829929,343.86,-0.00000000
2015,23,13,1258.29,115.698742,35.830802,328.91,0.00139265
2015,23,14,1355.08,115.698472,35.831596,403.66,0.00143254
2015,230,0,0.00,115.486919,35.682835,313.96,0.00400396
2015,230,1,92.13,115.487562,35.683478,403.66,0.00436734
2015,230,2,184.26,115.487458,35.684182,284.06,0.00473071
2015,231,0,0.00,115.486919,35.682835,523.27,-0.00000000
2015,231,1,19.30,115.487054,35.682700,478.42,-0.00000000
2015,231,2,38.59,115.487188,35.682565,463.47,-0.00000000
2015,232,0,0.00,115.477487,35.675019,1629.61,0.00000000
2015,232,1,87.15,115.476878,35.675628,1599.71,-0.00064449
2015,232,2,174.30,115.476269,35.676237,1151.19,-0.00132458
2015,232,3,261.45,115.475870,35.676906,657.82,-0.00136017
2015,233,0,0.00,115.477487,35.675019,523.27,0.00000000
2015,233,1,88.72,115.476867,35.674400,463.47,-0.00203074
2015,233,2,177.44,115.476247,35.673780,463.47,-0.00418460
2015,233,3,266.16,115.475331,35.673672,568.12,-0.00430771
2015,234,0,0.00,115.486380,35.683374,328.91,-0.00204181
2015,234,1,70.08,115.486869,35.683863,328.91,-0.00214021
2015,234,2,140.17,115.487458,35.684182,313.96,-0.00223860
2015,236,0,0.00,115.487458,35.684182,328.91,-0.00073405
2015,236,1,83.28,115.488064,35.684721,328.91,-0.00018144
2015,236,2,166.56,115.488720,35.685175,373.76,0.00071674
2015,236,3,249.84,115.489302,35.685757,358.81,0.00053116
2015,236,4,333.12,115.489883,35.686338,343.86,0.00000000
2015,237,0,0.00,115.475331,35.673672,1794.06,-0.00000000
2015,237,1,84.25,115.474742,35.674260,1794.06,-0.00141943
2015,237,2,168.51,115.474154,35.674849,1031.59,-0.00291116
2015,237,3,252.76,115.473983,35.675558,822.28,-0.00298346
2015,238,0,0.00,115.475331,35.673672,523.27,0.00000000
2015,238,1,57.89,115.474926,35.673268,463.47,0.00000000
2015,238,2,115.78,115.474522,35.672864,433.57,0.00000000
2015,239,0,0.00,115.474522,35.672864,1794.06,0.00000000
2015,239,1,90.05,115.473893,35.673492,1794.06,-0.00000000
2015,239,2,180.10,115.473264,35.674121,1734.26,-0.00000000
2015,239,3,270.15,115.472636,35.674750,59.80,-0.00000000
2015,24,0,0.00,115.699820,35.774463,523.27,0.00000000
2015,24,1,93.65,115.699820,35.773619,508.32,0.00000000
2015,24,2,187.29,115.699820,35.772775,508.32,0.00072395
2015,24,3,280.94,115.699820,35.771931,478.42,0.00004709
2015,24,4,374.59,115.700089,35.771165,478.42,-0.00072395
2015,24,5,468.24,115.699836,35.770404,448.52,0.00063096
2015,24,6,561.88,115.700089,35.769633,373.76,0.00000000
2015,24,7,655.53,115.700089,35.768789,328.91,-0.00067805
2015,24,8,749.18,115.700089,35.767945,269.11,0.00024515
2015,24,9,842.82,115.700089,35.767101,299.01,0.00149115
2015,24,10,936.47,115.700183,35.766284,269.11,0.00226327
2015,24,11,1030.12,115.700628,35.765570,209.31,0.00203453
2015,240,0,0.00,115.474522,35.672864,433.57,-0.00572684
2015,240,1,75.19,115.473997,35.672338,478.42,-0.00575630
2015,240,2,150.38,115.473175,35.672325,657.82,-0.00578576
2015,241,0,0.00,115.473175,35.672325,523.27,-0.00956554
2015,241,1,46.45,115.473059,35.671939,493.37,-0.00981244
2015,241,2,92.89,115.472636,35.671786,538.22,-0.01005935
2015,242,0,0.00,115.473175,35.672325,1794.06,0.00000000
2015,242,1,74.29,115.472656,35.672843,1794.06,-0.00089176
2015,242,2,148.58,115.472137,35.673362,1166.14,-0.00183648
2015,242,3,222.86,115.471827,35.673941,792.38,-0.00188943
2015,243,0,0.00,115.472636,35.671786,1794.06,0.00000000
2015,243,1,77.18,115.472097,35.672325,1794.06,0.00000000
2015,243,2,154.37,115.471558,35.672864,1659.51,0.00000000
2015,243,3,231.55,115.471019,35.673402,134.55,0.00000000
2015,244,0,0.00,115.472636,35.671786,523.27,-0.00196748
2015,244,1,72.84,115.472336,35.671216,493.37,-0.00191197
2015,244,2,145.68,115.471827,35.670708,463.47,-0.00185647
2015,245,0,0.00,115.471827,35.670708,313.96,0.00087247
2015,245,1,97.87,115.470946,35.670365,448.52,0.00111577
2015,245,2,195.73,115.470136,35.669899,478.42,0.00032973
2015,245,3,293.60,115.469368,35.669360,448.52,0.00014210
2015,245,4,391.47,115.468499,35.668996,448.52,0.00115282
2015,245,5,489.33,115.467816,35.668313,388.71,0.00048436
2015,245,6,587.20,115.467066,35.667743,403.66,-0.00055868
2015,245,7,685.07,115.466350,35.667117,358.81,-0.00055517
2015,245,8,782.93,115.465531,35.666665,343.86,0.00000000
2015,245,9,880.80,115.464785,35.666090,343.86,0.00000000
2015,245,10,978.67,115.463997,35.665587,328.91,-0.00092387
2015,245,11,1076.53,115.463220,35.665064,343.86,-0.00069337
2015,245,12,1174.40,115.462305,35.664779,328.91,0.00036318
2015,245,13,1272.27,115.461538,35.664240,299.01,0.00079633
2015,245,14,1370.13,115.460674,35.663866,328.91,0.00038764
2015,245,15,1468.00,115.459991,35.663183,328.91,-0.00068828
2015,245,16,1565.87,115.459109,35.662840,313.96,0.00000000
2015,245,17,1663.73,115.458326,35.662327,239.21,0.00058532
2015,245,18,1761.60,115.457544,35.661814,209.31,-0.00000000
2015,246,0,0.00,115.471827,35.670708,1794.06,-0.00347747
2015,246,1,53.54,115.472201,35.670334,1794.06,-0.00358426
2015,246,2,107.09,115.472366,35.669899,702.67,-0.00369104
2015,247,0,0.00,115.457544,35.661814,1270.79,0.00670830
2015,247,1,93.46,115.456825,35.662353,224.26,0.01310341
2015,247,2,186.91,115.456352,35.661928,448.52,0.01268798
2015,247,3,280.37,115.457005,35.661275,1764.16,0.00587745
2015,248,0,0.00,115.457544,35.661814,239.21,0.00000000
2015,248,1,38.59,115.457274,35.661545,164.46,0.00000000
2015,248,2,77.19,115.457005,35.661275,209.31,0.00000000
2015,249,0,0.00,115.457005,35.661275,254.16,-0.00026591
2015,249,1,98.69,115.456229,35.660736,179.41,-0.00020008
2015,249,2,197.38,115.455429,35.660238,164.46,-0.00157455
2015,249,3,296.06,115.454640,35.659719,179.41,-0.00169182
2015,249,4,394.75,115.453586,35.659658,149.51,0.00079725
2015,249,5,493.44,115.452767,35.659193,194.36,0.00029920
2015,249,6,592.13,115.451876,35.658850,239.21,-0.00184111
2015,249,7,690.82,115.450943,35.658580,299.01,-0.00115866
2015,249,8,789.51,115.449853,35.658580,358.81,0.00090346
2015,249,9,888.19,115.448920,35.658311,388.71,0.00180691
2015,25,0,0.00,115.699820,35.774463,523.27,0.00191754
2015,25,1,87.19,115.699958,35.775133,523.27,0.00138126
2015,25,2,174.39,115.699820,35.775878,523.27,0.00000000
2015,25,3,261.58,115.699820,35.776664,418.61,-0.00042249
2015,25,4,348.77,115.699820,35.777450,373.76,0.00000000
2015,25,5,435.97,115.699820,35.778236,568.12,0.00000000
2015,250,0,0.00,115.448920,35.658311,657.82,0.00363179
2015,250,1,99.60,115.448134,35.658850,493.37,0.00350639
2015,250,2,199.20,115.447034,35.658850,239.21,0.00338099
2015,250,3,298.81,115.445934,35.658850,493.37,0.00350639
2015,250,4,398.41,115.445147,35.658311,598.02,0.00363179
2015,251,0,0.00,115.448920,35.658311,612.97,0.00000000
2015,251,1,92.44,115.448483,35.657605,747.53,-0.00180980
2015,251,2,184.88,115.448047,35.656898,269.11,-0.00424929
2015,251,3,277.32,115.447203,35.656594,209.31,-0.00452908
2015,251,4,369.76,115.446281,35.656424,508.32,-0.00369331
2015,251,5,462.20,115.445417,35.656694,523.27,-0.00320744
2015,252,0,0.00,115.445147,35.658311,1794.06,-0.00117551
2015,252,1,94.05,115.445386,35.657533,553.17,-0.00114952
2015,252,2,188.10,115.445417,35.656694,642.87,-0.00112353
2015,253,0,0.00,115.445147,35.658311,508.32,0.00352881
2015,253,1,68.10,115.444395,35.658311,508.32,0.00371782
2015,253,2,136.21,115.443800,35.658041,568.12,0.00390683
2015,255,0,0.00,115.445417,35.656694,747.53,-0.00124036
2015,255,1,89.39,115.444792,35.656070,373.76,-0.00129150
2015,255,2,178.79,115.444069,35.655616,433.57,-0.00134264
2015,256,0,0.00,115.443800,35.658041,911.98,0.00000000
2015,256,1,49.20,115.443665,35.657637,1360.50,0.00000000
2015,256,2,98.40,115.443530,35.657233,882.08,0.00000000
2015,257,0,0.00,115.443800,35.658041,343.86,0.00113674
2015,257,1,99.24,115.442909,35.658393,343.86,0.00172029
2015,257,2,198.47,115.441921,35.658580,328.91,0.00175305
2015,257,3,297.71,115.440826,35.658580,328.91,0.00136210
2015,257,4,396.94,115.439740,35.658563,358.81,0.00070544
2015,257,5,496.18,115.438790,35.658311,328.91,0.00000000
2015,257,6,595.41,115.437695,35.658311,358.81,0.00005553
2015,257,7,694.65,115.436755,35.658041,328.91,-0.00016633
2015,257,8,793.88,115.435660,35.658041,388.71,0.00000000
2015,257,9,893.12,115.434690,35.657825,403.66,0.00033590
2015,257,10,992.35,115.433624,35.657772,448.52,-0.00000000
2015,257,11,1091.59,115.432685,35.657502,448.52,-0.00098007
2015,257,12,1190.82,115.431589,35.657502,418.61,0.00000000
2015,257,13,1290.06,115.430494,35.657502,418.61,0.00081049
2015,257,14,1389.29,115.429554,35.657233,388.71,-0.00000000
2015,257,15,1488.53,115.428458,35.657233,328.91,-0.00000000
2015,257,16,1587.76,115.427519,35.656963,299.01,0.00000000
2015,257,17,1687.00,115.426423,35.656963,269.11,0.00057401
2015,257,18,1786.23,115.425484,35.656694,239.21,-0.00081049
2015,257,19,1885.47,115.424490,35.656519,194.36,-0.00140140
2015,257,20,1984.70,115.423606,35.656694,149.51,0.00164646
2015,257,21,2083.94,115.422609,35.656524,104.65,0.00206149
2015,257,22,2183.17,115.421718,35.656172,149.51,0.00062544
2015,257,23,2282.41,115.420788,35.655885,179.41,0.00103473
2015,257,24,2381.64,115.419936,35.655467,224.26,0.00115341
2015,257,25,2480.88,115.419144,35.654945,299.01,0.00088527
2015,257,26,2580.11,115.418352,35.654422,254.16,0.00104033
2015,257,27,2679.35,115.417659,35.653729,328.91,0.00100207
2015,258,0,0.00,115.417659,35.653729,478.42,-0.00539906
2015,258,1,49.20,115.417659,35.653286,239.21,-0.00551096
2015,258,2,98.40,115.417389,35.652921,239.21,-0.00562286
2015,259,0,0.00,115.417659,35.653729,1196.04,0.00285656
2015,259,1,79.27,115.416940,35.653999,1031.59,0.00543329
2015,259,2,158.54,115.416065,35.653999,388.71,0.00674927
2015,259,3,237.81,115.415503,35.653460,433.57,0.00548853
2015,26,0,0.00,115.698742,35.778775,1166.14,-0.00574810
2015,26,1,62.94,115.699380,35.778676,777.43,-0.00554885
2015,26,2,125.88,115.699820,35.778236,508.32,-0.00534960
2015,260,0,0.00,115.417389,35.652921,1151.19,0.00000000
2015,260,1,73.21,115.416581,35.652921,1121.29,0.00000000
2015,260,2,146.43,115.415772,35.652921,657.82,0.00000000
2015,261,0,0.00,115.417389,35.652921,523.27,0.00000000
2015,261,1,82.20,115.417389,35.652337,224.26,-0.00094578
2015,261,2,164.39,115.417389,35.651596,209.31,-0.00181828
2015,261,3,246.59,115.417120,35.650934,209.31,-0.00201578
2015,261,4,328.79,115.416885,35.650261,313.96,-0.00234573
2015,261,5,410.99,115.416311,35.649687,328.91,-0.00240490
2015,262,0,0.00,115.415503,35.653460,284.06,0.00890602
2015,262,1,34.25,115.415533,35.653160,493.37,0.00878994
2015,262,2,68.50,115.415772,35.652921,583.07,0.00867385
2015,263,0,0.00,115.415503,35.653460,373.76,-0.00140062
2015,263,1,88.00,115.414688,35.653190,687.72,-0.00000000
2015,263,2,176.00,115.413778,35.653083,598.02,0.00221465
2015,263,3,264.00,115.413058,35.652651,463.47,0.00156656
2015,263,4,352.00,115.412351,35.652195,508.32,0.00133425
2015,263,5,440.00,115.411638,35.651751,403.66,0.00258083
2015,263,6,528.00,115.411232,35.651076,328.91,0.00000000
2015,263,7,616.00,115.410826,35.650401,523.27,-0.00263306
2015,263,8,704.01,115.410113,35.649956,463.47,-0.00266850
2015,265,0,0.00,115.415772,35.652921,224.26,-0.00020311
2015,265,1,85.68,115.415383,35.652262,224.26,0.00209447
2015,265,2,171.35,115.414964,35.651612,209.31,0.00524563
2015,265,3,257.03,115.415233,35.650918,313.96,0.00415033
2015,265,4,342.70,115.415713,35.650285,523.27,0.00147389
2015,265,5,428.38,115.416311,35.649687,612.97,0.00074635
2015,266,0,0.00,115.416311,35.649687,358.81,-0.00141218
2015,266,1,94.88,115.416311,35.648832,343.86,-0.00200867
2015,266,2,189.76,115.416042,35.648055,433.57,-0.00074820
2015,266,3,284.65,115.415576,35.647335,433.57,0.00110115
2015,266,4,379.53,115.415503,35.646501,448.52,0.00024358
2015,266,5,474.41,115.415233,35.645725,433.57,-0.00023455
2015,266,6,569.29,115.415050,35.644923,493.37,-0.00010523
2015,266,7,664.18,115.414806,35.644139,448.52,0.00013091
2015,266,8,759.06,115.414561,35.643355,448.52,0.00023660
2015,266,9,853.94,115.414425,35.642539,448.52,-0.00120369
2015,266,10,948.82,115.414155,35.641762,508.32,-0.00113743
2015,266,11,1043.71,115.413617,35.641064,508.32,-0.00000383
2015,266,12,1138.59,115.413347,35.640287,478.42,0.00038204
2015,266,13,1233.47,115.412808,35.639589,448.52,0.00151260
2015,266,14,1328.35,115.412673,35.638773,448.52,0.00075728
2015,266,15,1423.24,115.412538,35.637957,508.32,-0.00151068
2015,266,16,1518.12,115.412269,35.637180,523.27,-0.00188497
2015,266,17,1613.00,115.411730,35.636482,508.32,-0.00149131
2015,267,0,0.00,115.411730,35.636482,598.02,-0.00378217
2015,267,1,83.45,115.411730,35.635730,598.02,-0.00381349
2015,267,2,166.90,115.411191,35.635134,717.63,-0.00384481
2015,268,0,0.00,115.411730,35.636482,1181.09,-0.00110266
2015,268,1,98.20,115.410945,35.636997,1016.64,-0.00106327
2015,268,2,196.40,115.410260,35.637683,1016.64,-0.00051194
2015,268,3,294.60,115.409574,35.638368,807.33,-0.00000000
2015,269,0,0.00,115.411191,35.635134,448.52,0.00000000
2015,269,1,44.85,115.411191,35.634730,463.47,0.00000000
2015,269,2,89.70,115.411191,35.634326,448.52,0.00000000
2015,27,0,0.00,115.698742,35.778775,956.83,-0.00000000
2015,27,1,57.86,115.698337,35.778371,897.03,-0.00000000
2015,27,2,115.72,115.697933,35.777966,478.42,-0.00000000
2015,270,0,0.00,115.411191,35.635134,1674.46,0.00000000
2015,270,1,97.64,115.410113,35.635134,1285.75,0.00000000
2015,270,2,195.28,115.409035,35.635134,882.08,0.00000000
2015,271,0,0.00,115.411191,35.635134,1330.60,-0.00152975
2015,271,1,84.01,115.411877,35.634718,911.98,0.00080581
2015,271,2,168.03,115.412463,35.634132,1435.25,0.00395091
2015,271,3,252.04,115.413347,35.634056,867.13,0.00476044
2015,272,0,0.00,115.411191,35.635134,583.07,0.00151614
2015,272,1,82.69,115.410822,35.635772,672.77,0.00350063
2015,272,2,165.38,115.410245,35.636350,1121.29,0.00551794
2015,272,3,248.07,115.409409,35.636482,1121.29,0.00333320
2015,272,4,330.76,115.408496,35.636482,493.37,0.00111564
2015,273,0,0.00,115.411191,35.634326,568.12,0.00236498
2015,273,1,91.80,115.410652,35.633797,448.52,0.00252315
2015,273,2,183.61,115.410382,35.633048,433.57,0.00147801
2015,273,3,275.41,115.410213,35.632270,358.81,0.00020754
2015,273,4,367.21,115.409989,35.631507,328.91,-0.00006670
2015,273,5,459.02,115.409843,35.630722,299.01,0.00015857
2015,273,6,550.82,115.409574,35.629973,328.91,0.00042991
2015,273,7,642.62,115.409528,35.629159,478.42,-0.00038928
2015,273,8,734.43,115.409304,35.628397,478.42,-0.00104747
2015,274,0,0.00,115.411191,35.634326,747.53,0.00000000
2015,274,1,97.45,115.411871,35.633645,702.67,-0.00037782
2015,274,2,194.90,115.412552,35.632965,717.63,-0.00217114
2015,274,3,292.35,115.413077,35.632240,388.71,-0.00313499
2015,274,4,389.80,115.413077,35.631361,328.91,-0.00268334
2015,275,0,0.00,115.408496,35.636482,687.72,-0.00257432
2015,275,1,64.15,115.408257,35.636990,687.72,-0.00251716
2015,275,2,128.30,115.408226,35.637560,538.22,-0.00245999
2015,276,0,0.00,115.408496,35.636482,598.02,-0.00110735
2015,276,1,78.15,115.408159,35.635875,508.32,0.00084306
2015,276,2,156.30,115.407687,35.635308,418.61,0.00327784
2015,276,3,234.45,115.407687,35.634604,478.42,0.00188110
2015,276,4,312.60,115.407687,35.634056,373.76,0.00000000
2015,277,0,0.00,115.409304,35.628397,1794.06,0.00206791
2015,277,1,92.54,115.410169,35.628127,1420.30,0.00196992
2015,277,2,185.07,115.411191,35.628127,1046.54,0.00187194
2015,278,0,0.00,115.409304,35.628397,538.22,0.00162077
2015,278,1,90.68,115.408765,35.627736,493.37,0.00164480
2015,278,2,181.37,115.408496,35.626998,343.86,0.00165577
2015,278,3,272.05,115.408226,35.626259,343.86,0.00082135
2015,278,4,362.73,115.408226,35.625441,269.11,-0.00082135
2015,278,5,453.42,115.407957,35.624702,269.11,-0.00000000
2015,278,6,544.10,115.407687,35.623963,254.16,0.00159580
2015,278,7,634.78,115.407687,35.623146,224.26,0.00000000
2015,278,8,725.47,115.407687,35.622329,284.06,-0.00159580
2015,278,9,816.15,115.407418,35.621590,313.96,-0.00082135
2015,278,10,906.83,115.407148,35.620851,299.01,-0.00000000
2015,279,0,0.00,115.413077,35.631361,1046.54,0.00000000
2015,279,1,24.41,115.413347,35.631361,583.07,0.00000000
2015,279,2,48.82,115.413616,35.631361,762.48,0.00000000
2015,280,0,0.00,115.413077,35.631361,313.96,0.00000000
2015,280,1,87.08,115.412808,35.630655,343.86,0.00078709
2015,280,2,174.17,115.412538,35.629948,358.81,-0.00091810
2015,280,3,261.25,115.412506,35.629173,313.96,-0.00363911
2015,280,4,348.34,115.411799,35.628735,583.07,-0.00127954
2015,280,5,435.42,115.411191,35.628127,553.17,0.00130878
2015,281,0,0.00,115.411191,35.628127,568.12,-0.00137497
2015,281,1,81.28,115.411550,35.627499,553.17,-0.00204484
2015,281,2,162.56,115.411730,35.626819,508.32,-0.00296416
2015,281,3,243.83,115.411730,35.626087,299.01,-0.00263487
2015,281,4,325.11,115.411460,35.625432,269.11,-0.00205612
2015,283,0,0.00,115.407148,35.620851,299.01,-0.00287790
2015,283,1,92.35,115.407130,35.620024,299.01,-0.00297551
2015,283,2,184.70,115.406609,35.619343,328.91,-0.00135488
2015,283,3,277.04,115.406070,35.618668,254.16,0.00073161
2015,283,4,369.39,115.405613,35.617968,224.26,0.00111012
2015,283,5,461.74,115.405262,35.617238,239.21,0.00234261
2015,283,6,554.09,115.404992,35.616485,179.41,0.00332007
2015,283,7,646.43,115.405262,35.615731,209.31,0.00307531
2015,284,0,0.00,115.407148,35.620851,448.52,-0.00000000
2015,284,1,57.90,115.406744,35.621255,358.81,-0.00000000
2015,284,2,115.81,115.406340,35.621660,433.57,-0.00000000
2015,285,0,0.00,115.405262,35.615731,956.83,-0.00478070
2015,285,1,92.01,115.406278,35.615731,568.12,-0.00593775
2015,285,2,184.01,115.406879,35.615109,224.26,-0.00548699
2015,285,3,276.02,115.407148,35.614358,209.31,-0.00497714
2015,285,4,368.03,115.407113,35.613539,284.06,-0.00626375
2015,285,5,460.03,115.406390,35.613036,538.22,-0.00416420
2015,285,6,552.04,115.405531,35.612766,971.78,-0.00187599
2015,286,0,0.00,115.405262,35.615731,179.41,0.00342684
2015,286,1,88.75,115.404723,35.615088,209.31,0.00338119
2015,286,2,177.51,115.404723,35.614288,194.36,0.00247700
2015,286,3,266.26,115.404723,35.613488,284.06,0.00166777
2015,286,4,355.02,115.404992,35.612766,343.86,0.00171708
2015,287,0,0.00,115.405531,35.612766,358.81,-0.00000000
2015,287,1,98.41,115.406010,35.612018,388.71,-0.00093567
2015,287,2,196.81,115.406488,35.611271,164.46,-0.00215588
2015,287,3,295.22,115.406609,35.610419,209.31,-0.00150991
2015,287,4,393.62,115.406609,35.609532,448.52,-0.00057940
2015,288,0,0.00,115.405531,35.612766,1016.64,0.00000000
2015,288,1,24.42,115.405262,35.612766,956.83,0.00000000
2015,288,2,48.83,115.404992,35.612766,1584.76,0.00000000
2015,290,0,0.00,115.404992,35.612766,388.71,0.00139416
2015,290,1,98.41,115.404454,35.612036,358.81,0.00210082
2015,290,2,196.81,115.404184,35.611228,179.41,0.00271549
2015,290,3,295.22,115.404184,35.610341,179.41,0.00200622
2015,290,4,393.62,115.404454,35.609532,448.52,0.00138895
2015,291,0,0.00,115.406609,35.609532,1285.75,0.00000000
2015,291,1,97.67,115.405531,35.609532,762.48,0.00000000
2015,291,2,195.34,115.404454,35.609532,1764.16,0.00000000
2015,292,0,0.00,115.406609,35.609532,463.47,-0.00378315
2015,292,1,83.46,115.406879,35.608859,254.16,-0.00378315
2015,292,2,166.91,115.406609,35.608185,254.16,-0.00378315
2015,293,0,0.00,115.404454,35.609532,448.52,-0.00204663
2015,293,1,79.10,115.404454,35.608819,254.16,-0.00211027
2015,293,2,158.21,115.404184,35.608185,269.11,-0.00217390
2015,294,0,0.00,115.406609,35.608185,1285.75,0.00000000
2015,294,1,73.25,115.405801,35.608185,612.97,0.00000000
2015,294,2,146.51,115.404992,35.608185,1255.84,0.00000000
2015,294,3,219.76,115.404184,35.608185,1794.06,0.00000000
2015,295,0,0.00,115.406609,35.608185,313.96,-0.00378320
2015,295,1,83.46,115.406879,35.607511,254.16,-0.00378320
2015,295,2,166.91,115.406609,35.606837,239.21,-0.00378320
2015,297,0,0.00,115.404184,35.608185,269.11,0.00378320
2015,297,1,83.46,115.403915,35.607511,239.21,0.00378320
2015,297,2,166.91,115.404184,35.606837,284.06,0.00378320
2015,298,0,0.00,115.406609,35.606837,1285.75,0.00000000
2015,298,1,73.26,115.405801,35.606837,463.47,0.00000000
2015,298,2,146.51,115.404992,35.606837,1106.34,0.00000000
2015,298,3,219.77,115.404184,35.606837,1794.06,0.00000000
2015,299,0,0.00,115.406609,35.606837,269.11,-0.00236037
2015,299,1,75.98,115.406879,35.606231,254.16,-0.00343905
2015,299,2,151.96,115.406879,35.605546,269.11,-0.00457999
2015,299,3,227.94,115.406601,35.604942,269.11,-0.00335866
2015,299,4,303.92,115.406070,35.604412,299.01,-0.00207509
2015,3,0,0.00,115.692813,35.794675,328.91,0.00161544
2015,3,1,88.73,115.692813,35.793875,313.96,0.00080772
2015,3,2,177.46,115.693082,35.793154,373.76,0.00085677
2015,3,3,266.19,115.693082,35.792354,403.66,0.00256682
2015,3,4,354.92,115.693621,35.791711,388.71,0.00342011
2015,30,0,0.00,115.698472,35.831596,1794.06,0.00354262
2015,30,1,67.98,115.697720,35.831596,1061.49,0.00373282
2015,30,2,135.96,115.697125,35.831326,747.53,0.00392303
2015,301,0,0.00,115.404184,35.606837,254.16,0.00152609
2015,301,1,83.46,115.403810,35.606194,269.11,0.00114417
2015,301,2,166.91,115.403645,35.605490,269.11,0.00189164
2015,301,3,250.37,115.403376,35.604816,224.26,0.00340215
2015,301,4,333.83,115.403645,35.604142,269.11,0.00378328
2015,302,0,0.00,115.406070,35.604412,598.02,-0.00148646
2015,302,1,77.99,115.405328,35.604208,762.48,-0.00176804
2015,302,2,155.97,115.404506,35.604142,1121.29,-0.00133252
2015,302,3,233.96,115.403645,35.604142,1794.06,-0.00061543
2015,303,0,0.00,115.406070,35.604412,493.37,-0.00063034
2015,303,1,92.43,115.406340,35.603657,313.96,-0.00153529
2015,303,2,184.85,115.406484,35.602939,254.16,-0.00190037
2015,303,3,277.28,115.406340,35.602148,269.11,0.00000000
2015,303,4,369.71,115.406237,35.601345,224.26,0.00131880
2015,303,5,462.14,115.406340,35.600639,284.06,0.00127709
2015,305,0,0.00,115.403645,35.604142,284.06,0.00000000
2015,305,1,91.41,115.403376,35.603397,269.11,0.00080835
2015,305,2,182.81,115.403106,35.602652,284.06,0.00080835
2015,305,3,274.22,115.403106,35.601828,269.11,-0.00000000
2015,305,4,365.62,115.402837,35.601082,269.11,0.00076228
2015,305,5,457.03,115.402837,35.600259,269.11,0.00000000
2015,305,6,548.43,115.402837,35.599435,284.06,0.00000000
2015,305,7,639.84,115.402567,35.598689,448.52,0.00233290
2015,305,8,731.25,115.402837,35.597944,523.27,0.00314125
2015,306,0,0.00,115.406340,35.600639,478.42,0.00000000
2015,306,1,12.21,115.406475,35.600639,702.67,0.00000000
2015,306,2,24.42,115.406609,35.600639,702.67,0.00000000
2015,307,0,0.00,115.406340,35.600639,254.16,-0.00000000
2015,307,1,80.33,115.405988,35.600017,254.16,-0.00008541
2015,307,2,160.67,115.405636,35.599396,284.06,-0.00080477
2015,307,3,241.00,115.405262,35.598781,313.96,-0.00132598
2015,307,4,321.34,115.404723,35.598214,463.47,-0.00121323
2015,308,0,0.00,115.402837,35.597944,747.53,-0.00206636
2015,308,1,92.57,115.403702,35.598214,1181.09,-0.00196850
2015,308,2,185.13,115.404723,35.598214,463.47,-0.00187063
2015,309,0,0.00,115.402837,35.597944,463.47,0.00117605
2015,309,1,94.06,115.402597,35.597166,388.71,0.00115002
2015,309,2,188.11,115.402567,35.596327,403.66,0.00112400
2015,31,0,0.00,115.698472,35.831596,388.71,-0.00000000
2015,31,1,97.98,115.698742,35.832401,388.71,-0.00000000
2015,31,2,195.96,115.699011,35.833206,358.81,-0.00000000
2015,31,3,293.94,115.699281,35.834011,388.71,0.00069835
2015,31,4,391.92,115.699550,35.834816,373.76,0.00135799
2015,31,5,489.90,115.699550,35.835699,388.71,0.00000000
2015,31,6,587.87,115.699550,35.836582,343.86,-0.00107099
2015,31,7,685.85,115.699820,35.837387,388.71,0.00000000
2015,31,8,783.83,115.699980,35.838224,373.76,0.00013104
2015,31,9,881.81,115.700089,35.839075,358.81,-0.00069835
2015,31,10,979.79,115.700359,35.839880,358.81,-0.00041805
2015,31,11,1077.77,115.700628,35.840685,299.01,-0.00000000
2015,31,12,1175.75,115.700898,35.841490,299.01,-0.00038048
2015,31,13,1273.73,115.701167,35.842295,343.86,-0.00092517
2015,31,14,1371.71,115.701580,35.843058,299.01,-0.00124130
2015,31,15,1469.69,115.702056,35.843804,284.06,-0.00028165
2015,31,16,1567.67,115.702741,35.844488,254.16,0.00108298
2015,31,17,1665.65,115.703054,35.845281,149.51,-0.00080441
2015,31,18,1763.62,115.703484,35.846040,179.41,-0.00265709
2015,31,19,1861.60,115.704268,35.846554,179.41,-0.00118466
2015,31,20,1959.58,115.705052,35.847069,224.26,0.00000000
2015,31,21,2057.56,115.705836,35.847583,239.21,0.00055315
2015,31,22,2155.54,115.706620,35.848098,269.11,0.00055315
2015,31,23,2253.52,115.707305,35.848783,269.11,-0.00110113
2015,31,24,2351.50,115.708089,35.849297,269.11,-0.00113641
2015,31,25,2449.48,115.708966,35.849652,299.01,-0.00021256
2015,31,26,2547.46,115.709756,35.850156,313.96,-0.00100789
2015,31,27,2645.44,115.710663,35.850460,299.01,-0.00270156
2015,31,28,2743.42,115.711591,35.850730,299.01,-0.00335941
2015,31,29,2841.40,115.712518,35.850460,269.11,-0.00174973
2015,31,30,2939.37,115.713489,35.850266,164.46,-0.00079059
2015,31,31,3037.35,115.714372,35.849921,209.31,-0.00105866
2015,311,0,0.00,115.404723,35.598214,702.67,-0.00210662
2015,311,1,78.16,115.405262,35.597666,523.27,-0.00328329
2015,311,2,156.32,115.405531,35.597040,403.66,-0.00544190
2015,311,3,234.48,115.405531,35.596336,373.76,-0.00538105
2015,311,4,312.64,115.404992,35.595788,553.17,-0.00433826
2015,312,0,0.00,115.402567,35.596327,971.78,0.00270154
2015,312,1,82.72,115.403244,35.595920,1300.70,0.00328022
2015,312,2,165.45,115.404080,35.595788,1270.79,0.00248649
2015,312,3,248.17,115.404992,35.595788,343.86,0.00111406
2015,313,0,0.00,115.402567,35.596327,478.42,0.00306944
2015,313,1,94.06,115.402028,35.595636,433.57,0.00301628
2015,313,2,188.11,115.402028,35.594789,373.76,0.00148156
2015,313,3,282.17,115.402028,35.593941,373.76,0.00000000
2015,313,4,376.22,115.402028,35.593093,373.76,0.00000000
2015,315,0,0.00,115.404992,35.595788,523.27,-0.00157529
2015,315,1,92.57,115.405262,35.595032,433.57,-0.00209919
2015,315,2,185.14,115.405262,35.594198,358.81,-0.00148584
2015,315,3,277.72,115.405054,35.593424,373.76,-0.00072078
2015,315,4,370.29,115.404992,35.592608,388.71,-0.00226859
2015,315,5,462.86,115.404596,35.591889,523.27,-0.00361168
2015,315,6,555.43,115.403950,35.591242,687.72,-0.00322185
2015,315,7,648.01,115.403106,35.590937,1016.64,-0.00266454
2015,316,0,0.00,115.402028,35.593093,717.63,0.00144127
2015,316,1,86.44,115.401326,35.592660,642.87,0.00231439
2015,316,2,172.89,115.400722,35.592057,508.32,0.00448449
2015,316,3,259.33,115.400411,35.591368,478.42,0.00479318
2015,316,4,345.77,115.400681,35.590668,328.91,0.00380489
2015,317,0,0.00,115.402028,35.593093,478.42,-0.00270632
2015,317,1,91.34,115.402666,35.592455,418.61,-0.00247577
2015,317,2,182.69,115.402837,35.591682,493.37,-0.00082289
2015,317,3,274.03,115.403106,35.590937,328.91,0.00059944
2015,318,0,0.00,115.403106,35.590937,583.07,0.00000000
2015,318,1,19.30,115.402971,35.590802,583.07,0.00000000
2015,318,2,38.61,115.402837,35.590668,583.07,0.00000000
2015,319,0,0.00,115.402837,35.590668,1794.06,0.00000000
2015,319,1,97.69,115.401759,35.590668,1794.06,0.00000000
2015,319,2,195.39,115.400681,35.590668,897.03,0.00000000
2015,32,0,0.00,115.700628,35.765570,1659.51,0.00532980
2015,32,1,55.84,115.701246,35.765570,986.73,0.00557626
2015,32,2,111.69,115.701706,35.765839,702.67,0.00582273
2015,321,0,0.00,115.402837,35.590668,313.96,-0.00185272
2015,321,1,85.54,115.403106,35.589975,284.06,-0.00267172
2015,321,2,171.08,115.403106,35.589204,328.91,-0.00267172
2015,321,3,256.62,115.402837,35.588512,328.91,-0.00185272
2015,323,0,0.00,115.400681,35.590668,328.91,0.00298069
2015,323,1,95.51,115.400142,35.589964,284.06,0.00292631
2015,323,2,191.01,115.400142,35.589103,328.91,0.00143596
2015,323,3,286.52,115.400142,35.588242,463.47,0.00000000
2015,324,0,0.00,115.402837,35.588512,478.42,0.00000000
2015,324,1,88.95,115.402837,35.587710,269.11,0.00000000
2015,324,2,177.89,115.402837,35.586908,328.91,-0.00166104
2015,324,3,266.84,115.402837,35.586107,373.76,-0.00252843
2015,324,4,355.79,115.402298,35.585462,523.27,0.00000000
2015,324,5,444.73,115.402028,35.584739,463.47,0.00173477
2015,325,0,0.00,115.402837,35.588512,1794.06,0.00216987
2015,325,1,86.14,115.401886,35.588512,792.38,0.00108494
2015,325,2,172.28,115.401092,35.588242,777.43,-0.00108494
2015,325,3,258.43,115.400142,35.588242,1465.15,-0.00216987
2015,327,0,0.00,115.400142,35.588242,343.86,0.00346956
2015,327,1,88.19,115.399603,35.587604,343.86,0.00358838
2015,327,2,176.38,115.399603,35.586809,328.91,0.00381409
2015,327,3,264.57,115.399658,35.586031,538.22,0.00309033
2015,327,4,352.77,115.400274,35.585415,598.02,0.00046564
2015,327,5,440.96,115.400681,35.584739,553.17,-0.00132840
2015,328,0,0.00,115.402028,35.584739,1794.06,0.00000000
2015,328,1,61.06,115.401354,35.584739,1405.35,0.00000000
2015,328,2,122.13,115.400681,35.584739,1106.34,0.00000000
2015,329,0,0.00,115.402028,35.584739,463.47,0.00152486
2015,329,1,94.06,115.401759,35.583970,463.47,0.00148177
2015,329,2,188.11,115.401759,35.583122,358.81,0.00143868
2015,329,3,282.17,115.401759,35.582274,358.81,0.00148177
2015,329,4,376.23,115.402028,35.581505,284.06,0.00152486
2015,33,0,0.00,115.700628,35.765570,299.01,0.00377746
2015,33,1,83.43,115.700359,35.764896,179.41,0.00377746
2015,33,2,166.86,115.700628,35.764222,194.36,0.00377746
2015,331,0,0.00,115.400681,35.584739,553.17,-0.00123993
2015,331,1,89.43,115.400056,35.584115,523.27,-0.00129102
2015,331,2,178.86,115.399333,35.583661,463.47,-0.00134211
2015,332,0,0.00,115.402028,35.581505,1794.06,0.00000000
2015,332,1,73.28,115.402837,35.581505,1524.95,0.00000000
2015,332,2,146.56,115.403645,35.581505,792.38,0.00000000
2015,333,0,0.00,115.402028,35.581505,388.71,0.00723674
2015,333,1,57.91,115.401624,35.581101,358.81,0.00820893
2015,333,2,115.83,115.401759,35.580696,343.86,0.00918111
2015,334,0,0.00,115.401759,35.580696,328.91,-0.00000000
2015,334,1,94.37,115.401517,35.579916,343.86,0.00051862
2015,334,2,188.73,115.401276,35.579136,373.76,0.00058458
2015,334,3,283.10,115.401220,35.578302,403.66,-0.00104707
2015,334,4,377.46,115.401002,35.577515,448.52,-0.00089481
2015,334,5,471.83,115.400552,35.576795,448.52,0.00111303
2015,334,6,566.20,115.400411,35.575986,418.61,0.00061705
2015,334,7,660.56,115.400278,35.575174,403.66,-0.00036920
2015,334,8,754.93,115.400037,35.574394,403.66,-0.00017112
2015,334,9,849.29,115.399872,35.573591,388.71,0.00038104
2015,334,10,943.66,115.399603,35.572819,373.76,0.00046073
2015,334,11,1038.03,115.399603,35.571969,358.81,-0.00075740
2015,334,12,1132.39,115.399333,35.571197,373.76,-0.00075740
2015,334,13,1226.76,115.399064,35.570425,343.86,0.00075740
2015,334,14,1321.12,115.398794,35.569653,313.96,0.00075740
2015,334,15,1415.49,115.398794,35.568802,269.11,-0.00075740
2015,334,16,1509.86,115.398525,35.568030,209.31,-0.00151479
2015,335,0,0.00,115.401759,35.580696,1794.06,0.00000000
2015,335,1,85.49,115.402702,35.580696,1435.25,0.00000000
2015,335,2,170.99,115.403645,35.580696,702.67,0.00000000
2015,336,0,0.00,115.398525,35.568030,1255.84,0.00000000
2015,336,1,12.22,115.398390,35.568030,1255.84,0.00000000
2015,336,2,24.43,115.398255,35.568030,1345.55,0.00000000
2015,337,0,0.00,115.398525,35.568030,239.21,-0.00351598
2015,337,1,86.53,115.398794,35.567329,179.41,-0.00337906
2015,337,2,173.05,115.398525,35.566627,104.65,-0.00204958
2015,337,3,259.58,115.398295,35.565914,89.70,-0.00099218
2015,337,4,346.10,115.397900,35.565250,119.60,-0.00235439
2015,337,5,432.63,115.397505,35.564585,224.26,-0.00272817
2015,337,6,519.15,115.396741,35.564257,284.06,-0.00005430
2015,337,7,605.68,115.396099,35.563718,373.76,0.00176633
2015,338,0,0.00,115.396099,35.563718,1076.44,0.00017728
2015,338,1,80.78,115.395953,35.563033,717.63,0.00000000
2015,338,2,161.56,115.395830,35.562341,209.31,-0.00017772
2015,338,3,242.35,115.395660,35.561662,179.41,-0.00317067
2015,338,4,323.13,115.395513,35.560977,568.12,-0.00643645
2015,338,5,403.91,115.394752,35.560754,433.57,-0.00670971
2015,339,0,0.00,115.396099,35.563718,777.43,0.00337420
2015,339,1,99.69,115.395156,35.563988,627.92,0.00337420
2015,339,2,199.38,115.394213,35.563718,328.91,0.00337420
2015,34,0,0.00,115.714372,35.849921,209.31,-0.00727893
2015,34,1,85.70,115.715269,35.849833,134.55,-0.00728317
2015,34,2,171.40,115.715450,35.849113,284.06,-0.00728740
2015,340,0,0.00,115.394752,35.560754,194.36,-0.00478192
2015,340,1,92.95,115.394520,35.559983,209.31,-0.00490451
2015,340,2,185.89,115.393674,35.559676,448.52,-0.00502710
2015,341,0,0.00,115.394752,35.560754,627.92,-0.00000000
2015,341,1,77.23,115.394213,35.561293,388.71,-0.00000000
2015,341,2,154.45,115.393674,35.561832,463.47,-0.00000000
2015,342,0,0.00,115.394213,35.563718,732.58,-0.00224767
2015,342,1,75.58,115.394213,35.563037,583.07,-0.00231769
2015,342,2,151.15,115.393943,35.562434,194.36,-0.00119386
2015,342,3,226.73,115.393674,35.561832,194.36,0.00000000
2015,343,0,0.00,115.394213,35.563718,284.06,-0.00092259
2015,343,1,97.51,115.393334,35.564058,299.01,0.00000000
2015,343,2,195.02,115.392531,35.564527,239.21,0.00096021
2015,343,3,292.53,115.391577,35.564737,313.96,0.00028801
2015,343,4,390.04,115.390692,35.565066,299.01,-0.00000000
2015,343,5,487.55,115.389773,35.565335,299.01,0.00021091
2015,343,6,585.05,115.388854,35.565605,328.91,0.00000000
2015,343,7,682.56,115.387935,35.565874,328.91,-0.00007015
2015,343,8,780.07,115.387016,35.566144,328.91,-0.00092776
2015,343,9,877.58,115.386108,35.566433,343.86,-0.00081980
2015,343,10,975.09,115.385329,35.566943,328.91,0.00089537
2015,343,11,1072.60,115.384415,35.567222,328.91,0.00088995
2015,343,12,1170.11,115.383496,35.567491,358.81,0.00027889
2015,343,13,1267.62,115.382576,35.567761,388.71,0.00000000
2015,343,14,1365.13,115.381617,35.567960,403.66,-0.00074541
2015,343,15,1462.64,115.380738,35.568300,388.71,-0.00099784
2015,344,0,0.00,115.393674,35.559676,463.47,0.00938254
2015,344,1,58.69,115.393473,35.560146,523.27,0.00935214
2015,344,2,117.38,115.392865,35.560215,284.06,0.00932174
2015,345,0,0.00,115.393674,35.559676,194.36,-0.00574294
2015,345,1,87.48,115.393022,35.559137,388.71,-0.00557278
2015,345,2,174.96,115.392156,35.559307,284.06,-0.00240874
2015,345,3,262.44,115.391248,35.559406,284.06,0.00058513
2015,346,0,0.00,115.393674,35.561832,284.06,0.00352118
2015,346,1,68.17,115.392922,35.561832,343.86,0.00370953
2015,346,2,136.34,115.392326,35.561562,508.32,0.00389788
2015,347,0,0.00,115.380738,35.568300,463.47,0.00331849
2015,347,1,87.47,115.380127,35.568910,284.06,0.00430441
2015,347,2,174.94,115.379277,35.569108,269.11,0.00445493
2015,347,3,262.42,115.378313,35.569108,418.61,0.00297282
2015,347,4,349.89,115.377504,35.568839,478.42,0.00232612
2015,348,0,0.00,115.380738,35.568300,1031.59,-0.00129346
2015,348,1,90.14,115.380109,35.567670,732.58,-0.00425727
2015,348,2,180.28,115.379375,35.567222,448.52,-0.00794833
2015,348,3,270.42,115.378554,35.567520,284.06,-0.00617133
2015,348,4,360.56,115.377924,35.568149,523.27,-0.00246861
2015,348,5,450.70,115.377504,35.568839,523.27,-0.00127014
2015,35,0,0.00,115.714372,35.849921,1225.94,0.00866823
2015,35,1,34.23,115.714133,35.849682,1285.75,0.00878342
2015,35,2,68.46,115.714103,35.849382,493.37,0.00889861
2015,350,0,0.00,115.377504,35.568839,403.66,0.00923405
2015,350,1,43.74,115.377178,35.569108,373.76,0.00904544
2015,350,2,87.47,115.376696,35.569108,358.81,0.00885682
2015,351,0,0.00,115.376696,35.569108,403.66,0.00632499
2015,351,1,93.71,115.376250,35.569823,254.16,0.00551002
2015,351,2,187.41,115.375398,35.569697,224.26,0.00195053
2015,351,3,281.12,115.374550,35.569917,239.21,0.00003402
2015,351,4,374.83,115.373516,35.569917,209.31,0.00075617
2015,351,5,468.53,115.372743,35.570007,194.36,-0.00003437
2015,351,6,562.24,115.371762,35.569917,149.51,-0.00191896
2015,351,7,655.95,115.370841,35.570112,164.46,-0.00082371
2015,351,8,749.65,115.370007,35.570456,209.31,0.00100696
2015,351,9,843.36,115.368974,35.570456,239.21,0.00027124
2015,351,10,937.07,115.368096,35.570725,328.91,-0.00000000
2015,351,11,1030.78,115.367063,35.570725,328.91,-0.00100696
2015,351,12,1124.48,115.366185,35.570995,433.57,-0.00201393
2015,352,0,0.00,115.376696,35.569108,478.42,-0.00355930
2015,352,1,94.56,115.376036,35.568448,433.57,-0.00369111
2015,352,2,189.13,115.375079,35.568300,224.26,-0.00382292
2015,353,0,0.00,115.366185,35.570995,1136.24,0.00167380
2015,353,1,87.33,115.366185,35.571782,956.83,0.00254700
2015,353,2,174.65,115.365916,35.572490,956.83,0.00527086
2015,353,3,261.98,115.365400,35.573127,463.47,0.00702117
2015,353,4,349.30,115.364451,35.573151,373.76,0.00394511
2015,353,5,436.63,115.363587,35.572978,358.81,0.00089133
2015,353,6,523.95,115.362681,35.572880,388.71,0.00115406
2015,353,7,611.28,115.361873,35.572612,373.76,0.00149485
2015,354,0,0.00,115.366185,35.570995,373.76,-0.00000000
2015,354,1,87.47,115.365377,35.570725,373.76,-0.00000000
2015,354,2,174.94,115.364568,35.570456,373.76,0.00000000
2015,354,3,262.41,115.363760,35.570186,373.76,0.00000000
2015,355,0,0.00,115.363760,35.570186,388.71,0.00174979
2015,355,1,95.61,115.362705,35.570186,358.81,0.00096986
2015,355,2,191.23,115.361807,35.569917,358.81,0.00000000
2015,355,3,286.84,115.360768,35.569889,373.76,0.00176764
2015,355,4,382.46,115.359854,35.569647,373.76,0.00292592
2015,355,5,478.07,115.359112,35.569108,418.61,0.00106332
2015,355,6,573.69,115.358370,35.568569,388.71,0.00000000
2015,356,0,0.00,115.363760,35.570186,1510.00,0.00000000
2015,356,1,83.85,115.363760,35.569430,1151.19,-0.00106538
2015,356,2,167.69,115.363760,35.568675,747.53,-0.00457299
2015,356,3,251.54,115.363450,35.568030,418.61,-0.00588398
2015,356,4,335.39,115.362682,35.567761,373.76,-0.00475274
2015,357,0,0.00,115.358370,35.568569,657.82,-0.00213080
2015,357,1,98.18,115.358311,35.567701,538.22,-0.00500618
2015,357,2,196.37,115.357834,35.566955,299.01,-0.00663180
2015,357,3,294.55,115.356753,35.566952,313.96,-0.00538205
2015,358,0,0.00,115.358370,35.568569,418.61,0.00000000
2015,358,1,84.06,115.357756,35.568569,418.61,0.00240517
2015,358,2,168.11,115.356828,35.568569,269.11,0.00488336
2015,358,3,252.17,115.356214,35.568030,254.16,0.00495638
2015,359,0,0.00,115.356753,35.566952,792.38,0.00000000
2015,359,1,68.51,115.356483,35.567491,1614.66,0.00000000
2015,359,2,137.03,115.356214,35.568030,1450.20,0.00000000
2015,36,0,0.00,115.700628,35.764222,1510.00,0.00000000
2015,36,1,60.93,115.701302,35.764222,1420.30,0.00000000
2015,36,2,121.85,115.701976,35.764222,358.81,0.00000000
2015,360,0,0.00,115.356753,35.566952,284.06,-0.00481021
2015,360,1,68.28,115.356483,35.566415,254.16,-0.00688142
2015,360,2,136.57,115.355889,35.566144,239.21,-0.00624713
2015,360,3,204.85,115.355136,35.566144,284.06,-0.00354162
2015,362,0,0.00,115.356214,35.568030,284.06,-0.00142206
2015,362,1,78.25,115.355507,35.567761,239.21,0.00249487
2015,362,2,156.50,115.354726,35.567620,239.21,0.00695948
2015,362,3,234.75,115.354597,35.566952,313.96,0.00750715
2015,363,0,0.00,115.355136,35.566144,254.16,-0.00589364
2015,363,1,94.57,115.354249,35.565874,448.52,-0.00576721
2015,363,2,189.13,115.353519,35.566413,1196.04,-0.00564077
2015,364,0,0.00,115.355136,35.566144,852.18,-0.00000000
2015,364,1,53.56,115.354867,35.566548,1794.06,-0.00000000
2015,364,2,107.13,115.354597,35.566952,1599.71,-0.00000000
2015,365,0,0.00,115.354597,35.566952,239.21,0.00774522
2015,365,1,70.90,115.353815,35.566952,224.26,0.00810403
2015,365,2,141.81,115.353519,35.566413,254.16,0.00846285
2015,367,0,0.00,115.353519,35.566413,313.96,0.00134017
2015,367,1,94.20,115.352664,35.566097,284.06,0.00128534
2015,367,2,188.40,115.351910,35.565605,284.06,0.00059672
2015,367,3,282.61,115.351151,35.565123,254.16,0.00056996
2015,367,4,376.81,115.350394,35.564636,239.21,0.00001854
2015,367,5,471.01,115.349731,35.563988,209.31,-0.00053605
2015,367,6,565.21,115.348881,35.563662,209.31,0.00108468
2015,367,7,659.42,115.348224,35.563004,179.41,0.00056792
2015,367,8,753.62,115.347553,35.562371,209.31,-0.00040235
2015,367,9,847.82,115.346810,35.561860,194.36,0.00110838
2015,367,10,942.02,115.346152,35.561203,224.26,0.00160786
2015,367,11,1036.23,115.345704,35.560484,209.31,0.00115998
2015,368,0,0.00,115.345704,35.560484,224.26,0.00116775
2015,368,1,95.58,115.344938,35.559988,194.36,0.00166015
2015,368,2,191.15,115.344271,35.559321,224.26,0.00107628
2015,368,3,286.73,115.343812,35.558593,239.21,0.00000000
2015,368,4,382.30,115.343145,35.557926,209.31,-0.00000000
2015,368,5,477.88,115.342687,35.557198,239.21,-0.00053489
2015,368,6,573.45,115.342020,35.556531,239.21,0.00000000
2015,368,7,669.03,115.341353,35.555864,254.16,0.00053489
2015,368,8,764.60,115.340895,35.555136,254.16,-0.00000000
2015,368,9,860.18,115.340227,35.554469,284.06,-0.00000000
2015,368,10,955.75,115.339769,35.553741,284.06,0.00000000
2015,368,11,1051.33,115.339102,35.553074,284.06,-0.00000000
2015,368,12,1146.90,115.338644,35.552346,299.01,-0.00043586
2015,368,13,1242.48,115.337977,35.551679,284.06,0.00056300
2015,368,14,1338.06,115.337349,35.551001,269.11,0.00205066
2015,368,15,1433.63,115.337060,35.550224,284.06,0.00116200
2015,368,16,1529.21,115.336810,35.549435,224.26,0.00022040
2015,369,0,0.00,115.345704,35.560484,1375.45,0.00396139
2015,369,1,50.83,115.346058,35.560130,1794.06,0.00417589
2015,369,2,101.66,115.346512,35.559945,657.82,0.00439038
2015,37,0,0.00,115.700628,35.764222,209.31,0.00368226
2015,37,1,87.76,115.700493,35.763548,179.41,0.00351174
2015,37,2,175.53,115.700898,35.762875,583.07,0.00334122
2015,370,0,0.00,115.336810,35.549435,328.91,0.00205101
2015,370,1,99.97,115.336014,35.548908,224.26,0.00202720
2015,370,2,199.93,115.335525,35.548149,209.31,0.00153053
2015,370,3,299.90,115.335036,35.547391,179.41,0.00052884
2015,370,4,399.86,115.334756,35.546572,149.51,-0.00052884
2015,370,5,499.83,115.334267,35.545813,134.55,-0.00048308
2015,370,6,599.79,115.333778,35.545055,134.55,0.00128958
2015,370,7,699.76,115.333307,35.544291,119.60,0.00237979
2015,370,8,799.73,115.333307,35.543390,134.55,0.00089866
2015,370,9,899.69,115.333307,35.542489,179.41,-0.00046893
2015,370,10,999.66,115.333210,35.541717,164.46,-0.00017727
2015,370,11,1099.62,115.333124,35.540898,179.41,0.00089877
2015,370,12,1199.59,115.333037,35.540022,179.41,0.00121662
2015,370,13,1299.55,115.333303,35.539198,149.51,0.00088909
2015,370,14,1399.52,115.333375,35.538318,179.41,0.00102202
2015,370,15,1499.49,115.333846,35.537554,194.36,-0.00001009
2015,370,16,1599.45,115.334115,35.536732,134.55,-0.00091478
2015,370,17,1699.42,115.334385,35.535910,149.51,0.00068796
2015,370,18,1799.38,115.334496,35.535041,149.51,0.00251795
2015,370,19,1899.35,115.335193,35.534343,239.21,0.00286087
2015,371,0,0.00,115.336810,35.549435,627.92,-0.00000000
2015,371,1,67.78,115.337283,35.548962,448.52,0.00229643
2015,371,2,135.56,115.337756,35.548489,254.16,0.00479122
2015,371,3,203.34,115.338427,35.548357,598.02,0.00498957
2015,372,0,0.00,115.335193,35.534343,194.36,-0.00082478
2015,372,1,76.67,115.335463,35.533731,179.41,0.00154303
2015,372,2,153.33,115.335637,35.533091,343.86,0.00440739
2015,372,3,230.00,115.336271,35.532726,418.61,0.00490395
2015,373,0,0.00,115.335193,35.534343,672.77,0.00185654
2015,373,1,72.88,115.335702,35.534852,313.96,0.00191219
2015,373,2,145.76,115.336002,35.535421,134.55,0.00196783
2015,374,0,0.00,115.336271,35.532726,313.96,0.00177997
2015,374,1,87.83,115.336541,35.532013,358.81,0.00088998
2015,374,2,175.66,115.337080,35.531379,328.91,-0.00000000
2015,374,3,263.49,115.337349,35.530666,358.81,0.00085963
2015,374,4,351.32,115.337888,35.530031,239.21,0.00171926
2015,375,0,0.00,115.336271,35.532726,702.67,0.00222878
2015,375,1,94.89,115.336934,35.533388,418.61,0.00250066
2015,375,2,189.78,115.337178,35.534172,209.31,0.00131744
2015,375,3,284.67,115.337349,35.534978,164.46,0.00178300
2015,375,4,379.56,115.337619,35.535754,149.51,0.00263528
2015,375,5,474.44,115.337116,35.536463,164.46,-0.00048832
2015,375,6,569.33,115.337080,35.537308,179.41,-0.00254353
2015,376,0,0.00,115.337888,35.530031,418.61,0.00307448
2015,376,1,90.99,115.337897,35.529214,403.66,0.00312496
2015,376,2,181.99,115.338427,35.528548,418.61,0.00188992
2015,376,3,272.98,115.338959,35.527883,478.42,0.00007086
2015,376,4,363.98,115.339594,35.527248,523.27,0.00094683
2015,376,5,454.97,115.340044,35.526559,508.32,0.00303801
2015,376,6,545.96,115.340853,35.526258,553.17,0.00371965
2015,377,0,0.00,115.337888,35.530031,1794.06,-0.00000000
2015,377,1,75.28,115.338562,35.530301,897.03,-0.00000000
2015,377,2,150.56,115.339236,35.530570,1255.84,-0.00000000
2015,378,0,0.00,115.340853,35.526258,478.42,0.00118074
2015,378,1,94.93,115.341098,35.525474,478.42,0.00020597
2015,378,2,189.87,115.341552,35.524751,388.71,-0.00162773
2015,378,3,284.80,115.341661,35.523927,328.91,-0.00152388
2015,378,4,379.73,115.341661,35.523072,254.16,-0.00028055
2015,378,5,474.67,115.341661,35.522216,299.01,0.00000000
2015,379,0,0.00,115.340853,35.526258,837.23,-0.00118832
2015,379,1,88.81,115.341473,35.526878,1076.44,-0.00202841
2015,379,2,177.62,115.342186,35.527336,448.52,-0.00224583
2015,379,3,266.43,115.343009,35.527606,,-0.00162316
2015,38,0,0.00,115.715450,35.849113,209.31,-0.00190313
2015,38,1,97.99,115.716378,35.848843,164.46,-0.00187394
2015,38,2,195.99,115.717148,35.848304,179.41,-0.00035457
2015,38,3,293.98,115.717918,35.847765,194.36,0.00065190
2015,38,4,391.97,115.718786,35.847394,194.36,-0.00040653
2015,38,5,489.97,115.719570,35.846880,269.11,-0.00039360
2015,38,6,587.96,115.720354,35.846365,284.06,0.00001532
2015,38,7,685.95,115.721155,35.845879,328.91,-0.00019317
2015,38,8,783.95,115.721925,35.845340,299.01,-0.00058264
2015,38,9,881.94,115.722707,35.844821,299.01,-0.00097628
2015,38,10,979.93,115.723392,35.844136,313.96,-0.00153968
2015,38,11,1077.93,115.724074,35.843450,373.76,-0.00212298
2015,38,12,1175.92,115.724344,35.842645,433.57,-0.00217682
2015,380,0,0.00,115.341661,35.522216,478.42,-0.00506465
2015,380,1,91.33,115.342496,35.521920,343.86,-0.00567250
2015,380,2,182.67,115.342739,35.521167,313.96,-0.00382630
2015,380,3,274.00,115.342739,35.520344,194.36,-0.00068612
2015,380,4,365.33,115.342739,35.519521,328.91,0.00000000
2015,381,0,0.00,115.341661,35.522216,433.57,0.00185655
2015,381,1,72.88,115.341153,35.521707,448.52,0.00191221
2015,381,2,145.76,115.340853,35.521138,269.11,0.00196786
2015,382,0,0.00,115.342739,35.519521,493.37,-0.00294307
2015,382,1,88.22,115.343553,35.519247,179.41,-0.00412740
2015,382,2,176.44,115.344168,35.518631,119.60,-0.00464767
2015,382,3,264.66,115.344356,35.517891,328.91,-0.00255716
2015,382,4,352.88,115.344356,35.517096,343.86,-0.00113072
2015,383,0,0.00,115.342739,35.519521,194.36,0.00273427
2015,383,1,97.88,115.342470,35.518718,149.51,0.00325971
2015,383,2,195.75,115.342739,35.517914,299.01,0.00404446
2015,383,3,293.63,115.343206,35.517168,433.57,0.00386796
2015,383,4,391.50,115.344087,35.516826,493.37,0.00343217
2015,384,0,0.00,115.344356,35.517096,657.82,-0.00000000
2015,384,1,19.31,115.344221,35.516961,717.63,-0.00000000
2015,384,2,38.62,115.344087,35.516826,717.63,-0.00000000
2015,385,0,0.00,115.344356,35.517096,926.93,0.00000000
2015,385,1,24.45,115.344626,35.517096,1016.64,0.00000000
2015,385,2,48.89,115.344895,35.517096,986.73,0.00000000
2015,386,0,0.00,115.344087,35.516826,388.71,0.00000000
2015,386,1,83.47,115.344356,35.516152,358.81,0.00000000
2015,386,2,166.95,115.344626,35.515479,358.81,0.00000000
2015,387,0,0.00,115.344626,35.515479,1016.64,-0.00174787
2015,387,1,95.66,115.345680,35.515479,747.53,-0.00283544
2015,387,2,191.33,115.346579,35.515209,313.96,-0.00292255
2015,387,3,286.99,115.347321,35.514670,239.21,-0.00192211
2015,388,0,0.00,115.344626,35.515479,418.61,0.00121195
2015,388,1,89.61,115.344626,35.514671,284.06,0.00124694
2015,388,2,179.22,115.344833,35.513924,254.16,0.00064301
2015,388,3,268.82,115.345041,35.513177,209.31,0.00190690
2015,388,4,358.43,115.345249,35.512430,254.16,0.00386176
2015,388,5,448.04,115.345973,35.511975,343.86,0.00391380
2015,389,0,0.00,115.345973,35.511975,373.76,0.00468665
2015,389,1,66.71,115.346021,35.511388,373.76,0.00576676
2015,389,2,133.41,115.346487,35.510923,403.66,0.00466658
2015,389,3,200.12,115.347051,35.510628,463.47,0.00248629
2015,39,0,0.00,115.715450,35.849113,343.86,-0.00797407
2015,39,1,82.18,115.714698,35.848843,134.55,-0.00762361
2015,39,2,164.37,115.714103,35.849382,254.16,-0.00727314
2015,390,0,0.00,115.345973,35.511975,687.72,-0.00081691
2015,390,1,84.56,115.346563,35.512565,852.18,-0.00460634
2015,390,2,169.13,115.347212,35.513053,777.43,-0.01153893
2015,390,3,253.69,115.347860,35.512678,254.16,-0.01063594
2015,390,4,338.25,115.347860,35.511916,418.61,-0.00537822
2015,390,5,422.82,115.347641,35.511218,478.42,-0.00333317
2015,390,6,507.38,115.347051,35.510628,687.72,-0.00249969
2015,392,0,0.00,115.347051,35.510628,343.86,0.00000000
2015,392,1,90.59,115.347321,35.509890,313.96,0.00013912
2015,392,2,181.19,115.347590,35.509152,299.01,0.00083745
2015,392,3,271.78,115.347904,35.508427,343.86,0.00081682
2015,392,4,362.38,115.348399,35.507755,313.96,0.00053702
2015,392,5,452.97,115.348751,35.507041,313.96,0.00122538
2015,392,6,543.57,115.349383,35.506409,358.81,0.00080684
2015,392,7,634.16,115.350016,35.505777,358.81,0.00000000
2015,393,0,0.00,115.350016,35.505777,343.86,0.00178181
2015,393,1,76.67,115.350133,35.505120,343.86,0.00352065
2015,393,2,153.35,115.350460,35.504524,328.91,0.00440746
2015,393,3,230.02,115.351094,35.504160,358.81,0.00355544
2015,394,0,0.00,115.350016,35.505777,926.93,-0.00333767
2015,394,1,88.02,115.350630,35.506391,1599.71,-0.00648974
2015,394,2,176.04,115.351487,35.506585,493.37,-0.00934050
2015,394,3,264.06,115.352155,35.506063,299.01,-0.00903221
2015,394,4,352.07,115.352322,35.505388,478.42,-0.00683688
2015,394,5,440.09,115.351708,35.504774,941.88,-0.00232426
2015,394,6,528.11,115.351094,35.504160,897.03,0.00000000
2015,395,0,0.00,115.351094,35.504160,313.96,0.00112283
2015,395,1,95.73,115.351553,35.503431,373.76,0.00109480
2015,395,2,191.46,115.352221,35.502763,343.86,0.00043966
2015,395,3,287.19,115.352889,35.502095,328.91,-0.00053338
2015,395,4,382.91,115.353519,35.501416,239.21,-0.00205558
2015,395,5,478.64,115.354016,35.500699,239.21,-0.00283576
2015,395,6,574.37,115.354058,35.499848,179.41,-0.00243968
2015,396,0,0.00,115.354058,35.499848,224.26,-0.00309146
2015,396,1,98.23,115.354842,35.499333,149.51,-0.00383225
2015,396,2,196.46,115.355136,35.498534,119.60,-0.00172456
2015,396,3,294.69,115.355136,35.497648,194.36,0.00063667
2015,396,4,392.92,115.355647,35.496912,194.36,-0.00121579
2015,396,5,491.15,115.355675,35.496035,179.41,-0.00135757
2015,396,6,589.38,115.355675,35.495149,194.36,-0.00057585
2015,396,7,687.61,115.355675,35.494264,179.41,-0.00135757
2015,396,8,785.84,115.355465,35.493440,194.36,-0.00139358
2015,396,9,884.07,115.355136,35.492651,179.41,-0.00071307
2015,396,10,982.30,115.354721,35.491887,149.51,0.00000000
2015,396,11,1080.53,115.354328,35.491116,149.51,-0.00059640
2015,396,12,1178.76,115.353976,35.490333,104.65,-0.00276410
2015,396,13,1276.99,115.353290,35.489648,164.46,-0.00344642
2015,396,14,1375.22,115.352388,35.489338,209.31,-0.00332902
2015,396,15,1473.45,115.351461,35.489068,209.31,-0.00188203
2015,396,16,1571.68,115.350535,35.489338,239.21,0.00082755
2015,396,17,1669.91,115.349609,35.489068,269.11,0.00000000
2015,396,18,1768.14,115.348526,35.489068,269.11,-0.00082755
2015,396,19,1866.37,115.347443,35.489068,269.11,0.00082679
2015,396,20,1964.60,115.346361,35.489068,328.91,0.00031340
2015,396,21,2062.83,115.345434,35.488799,358.81,-0.00165369
2015,396,22,2161.06,115.344452,35.488972,373.76,-0.00059703
2015,396,23,2259.29,115.343426,35.489068,358.81,0.00082690
2015,396,24,2357.52,115.342343,35.489068,328.91,0.00028363
2015,396,25,2455.75,115.341261,35.489068,358.81,0.00000000
2015,396,26,2553.98,115.340178,35.489068,299.01,-0.00082755
2015,396,27,2652.21,115.339096,35.489068,358.81,-0.00082755
2015,396,28,2750.44,115.338169,35.489338,328.91,0.00000000
2015,396,29,2848.67,115.337087,35.489338,328.91,0.00000000
2015,396,30,2946.90,115.336160,35.489607,328.91,0.00082755
2015,396,31,3045.13,115.335078,35.489607,299.01,0.00059565
2015,396,32,3143.36,115.333995,35.489607,358.81,-0.00082755
2015,396,33,3241.59,115.332958,35.489686,313.96,-0.00085110
2015,396,34,3339.82,115.331986,35.489877,328.91,0.00082755
2015,396,35,3438.05,115.330994,35.490033,313.96,0.00069040
2015,396,36,3536.28,115.330134,35.489877,299.01,-0.00082755
2015,396,37,3634.51,115.329207,35.490146,299.01,0.00039260
2015,396,38,3732.74,115.328125,35.490146,209.31,0.00082755
2015,396,39,3830.97,115.327042,35.490146,209.31,0.00000000
2015,396,40,3929.20,115.325960,35.490146,209.31,0.00000000
2015,396,41,4027.43,115.324877,35.490146,209.31,0.00015631
2015,396,42,4125.66,115.323795,35.490146,239.21,0.00082755
2015,396,43,4223.89,115.322743,35.490093,224.26,0.00139721
2015,396,44,4322.12,115.321786,35.489877,209.31,0.00011494
2015,396,45,4420.35,115.320859,35.489607,239.21,-0.00036239
2015,396,46,4518.58,115.319797,35.489572,269.11,0.00072271
2015,396,47,4616.81,115.318914,35.489228,299.01,0.00016958
2015,396,48,4715.04,115.317932,35.489054,299.01,0.00002647
2015,396,49,4813.27,115.316998,35.488799,299.01,0.00037886
2015,396,50,4911.50,115.316071,35.488529,299.01,0.00004789
2015,396,51,5009.73,115.315145,35.488260,299.01,-0.00000000
2015,396,52,5107.96,115.314219,35.487990,299.01,0.00000000
2015,396,53,5206.19,115.313292,35.487721,299.01,0.00008468
2015,396,54,5304.42,115.312366,35.487451,299.01,0.00094595
2015,396,55,5402.66,115.311454,35.487157,328.91,0.00161811
2015,396,56,5500.89,115.310669,35.486643,373.76,0.00151367
2015,397,0,0.00,115.354058,35.499848,627.92,0.00433910
2015,397,1,68.53,115.353580,35.499370,224.26,0.00608659
2015,397,2,137.05,115.353519,35.498770,134.55,0.00566415
2015,397,3,205.58,115.353789,35.498231,149.51,0.00349422
2015,398,0,0.00,115.310669,35.486643,493.37,0.00348887
2015,398,1,98.10,115.309745,35.486912,388.71,0.00366556
2015,398,2,196.20,115.308820,35.486643,209.31,0.00269293
2015,398,3,294.29,115.307924,35.486323,209.31,0.00152418
2015,398,4,392.39,115.307126,35.485834,239.21,0.00091941
2015,398,5,490.49,115.306357,35.485295,254.16,0.00033408
2015,399,0,0.00,115.310669,35.486643,433.57,-0.00043294
2015,399,1,83.55,115.310295,35.485999,433.57,-0.00074315
2015,399,2,167.09,115.309861,35.485373,254.16,-0.00174570
2015,399,3,250.64,115.309338,35.484772,209.31,-0.00219106
2015,399,4,334.19,115.308656,35.484360,239.21,-0.00097204
2015,399,5,417.73,115.307974,35.483948,239.21,-0.00000000
2015,4,0,0.00,115.692813,35.794675,373.76,-0.00310908
2015,4,1,99.94,115.692015,35.795203,269.11,-0.00308386
2015,4,2,199.88,115.691735,35.796023,239.21,-0.00158514
2015,4,3,299.83,115.691454,35.796842,179.41,-0.00075333
2015,4,4,399.77,115.691196,35.797668,209.31,-0.00193851
2015,4,5,499.71,115.691196,35.798569,209.31,-0.00124100
2015,4,6,599.65,115.691465,35.799391,179.41,0.00000000
2015,4,7,699.59,115.691465,35.800292,179.41,0.00000000
2015,4,8,799.53,115.691735,35.801115,134.55,-0.00067087
2015,4,9,899.48,115.691735,35.802015,134.55,-0.00203197
2015,4,10,999.42,115.692274,35.802760,224.26,-0.00272219
2015,40,0,0.00,115.714103,35.849382,448.52,0.00000000
2015,40,1,50.73,115.713699,35.849113,299.01,0.00000000
2015,40,2,101.46,115.713294,35.848843,299.01,0.00000000
2015,400,0,0.00,115.306357,35.485295,1435.25,0.00000000
2015,400,1,72.53,115.306864,35.484789,1614.66,0.00095278
2015,400,2,145.06,115.307370,35.484283,837.23,0.00199548
2015,400,3,217.59,115.307974,35.483948,388.71,0.00208540
2015,401,0,0.00,115.306357,35.485295,239.21,0.00261093
2015,401,1,87.84,115.305745,35.484682,299.01,0.00268152
2015,401,2,175.68,115.305549,35.483948,418.61,0.00275211
2015,403,0,0.00,115.307974,35.483948,254.16,-0.00418849
2015,403,1,92.26,115.307270,35.483409,284.06,-0.00605749
2015,403,2,184.53,115.306253,35.483409,792.38,-0.00605749
2015,403,3,276.79,115.305549,35.483948,1569.81,-0.00418849
2015,404,0,0.00,115.305549,35.483948,403.66,0.00000000
2015,404,1,77.65,115.304908,35.483577,403.66,0.00090358
2015,404,2,155.29,115.304268,35.483206,403.66,0.00254842
2015,404,3,232.94,115.303726,35.482664,448.52,0.00250895
2015,404,4,310.58,115.303393,35.482061,508.32,0.00172821
2015,405,0,0.00,115.303393,35.482061,508.32,0.00072153
2015,405,1,94.34,115.302510,35.481792,448.52,0.00102527
2015,405,2,188.68,115.301681,35.481428,463.47,0.00128212
2015,405,3,283.01,115.300899,35.480983,463.47,0.00077376
2015,405,4,377.35,115.300167,35.480452,448.52,0.00039525
2015,405,5,471.69,115.299410,35.479965,433.57,-0.00015615
2015,405,6,566.03,115.298718,35.479366,418.61,-0.00080440
2015,405,7,660.37,115.297896,35.478990,418.61,0.00000000
2015,405,8,754.70,115.297139,35.478502,418.61,0.00100951
2015,405,9,849.04,115.296382,35.478015,403.66,-0.00063293
2015,405,10,943.38,115.295724,35.477357,403.66,-0.00315401
2015,405,11,1037.72,115.294769,35.477210,478.42,-0.00384144
2015,406,0,0.00,115.303393,35.482061,1510.00,0.00123933
2015,406,1,89.49,115.304017,35.481437,1061.49,0.00129033
2015,406,2,178.97,115.304741,35.480983,313.96,0.00134134
2015,407,0,0.00,115.294769,35.477210,448.52,-0.00317560
2015,407,1,98.23,115.294501,35.476403,358.81,-0.00265185
2015,407,2,196.45,115.293717,35.475889,358.81,-0.00137050
2015,407,3,294.68,115.293032,35.475203,373.76,-0.00173100
2015,407,4,392.90,115.292192,35.474785,388.71,-0.00194740
2015,407,5,491.13,115.291266,35.474515,388.71,-0.00104569
2015,408,0,0.00,115.294769,35.477210,1794.06,0.00000000
2015,408,1,38.63,115.294500,35.477480,1794.06,0.00000000
2015,408,2,77.26,115.294230,35.477749,867.13,0.00000000
2015,409,0,0.00,115.291266,35.474515,403.66,-0.00457952
2015,409,1,74.87,115.291161,35.473871,328.91,-0.00556081
2015,409,2,149.74,115.290587,35.473438,269.11,-0.00425738
2015,409,3,224.61,115.289918,35.473168,328.91,-0.00197266
2015,410,0,0.00,115.291266,35.474515,1794.06,0.00456318
2015,410,1,92.25,115.290562,35.475054,583.07,0.00605765
2015,410,2,184.49,115.289583,35.474989,299.01,0.00991386
2015,410,3,276.74,115.288841,35.474516,433.57,0.00967253
2015,410,4,368.99,115.289483,35.473872,1360.50,0.00293103
2015,410,5,461.23,115.289918,35.473168,1330.60,-0.00120742
2015,412,0,0.00,115.289918,35.473168,313.96,-0.00071433
2015,412,1,94.51,115.289189,35.472629,313.96,-0.00054019
2015,412,2,189.03,115.288402,35.472191,284.06,0.00059805
2015,412,3,283.54,115.287644,35.471702,269.11,0.00018303
2015,412,4,378.06,115.286984,35.471043,299.01,-0.00110800
2015,412,5,472.57,115.286127,35.470724,269.11,0.00059805
2015,412,6,567.09,115.285388,35.470204,254.16,0.00211128
2015,412,7,661.60,115.284710,35.469576,254.16,0.00167825
2015,412,8,756.11,115.284259,35.468856,284.06,0.00134993
2015,413,0,0.00,115.284259,35.468856,299.01,0.00156636
2015,413,1,98.74,115.283175,35.468850,239.21,0.00259987
2015,413,2,197.48,115.282239,35.468587,194.36,0.00183828
2015,413,3,296.22,115.281464,35.468048,209.31,-0.00015184
2015,413,4,394.96,115.280532,35.467778,179.41,0.00009685
2015,413,5,493.69,115.279728,35.467289,209.31,0.00094589
2015,413,6,592.43,115.278841,35.466942,179.41,0.00072037
2015,413,7,691.17,115.278152,35.466253,209.31,0.00000000
2015,413,8,789.91,115.277274,35.465892,179.41,0.00045874
2015,413,9,888.65,115.276577,35.465216,149.51,0.00054570
2015,413,10,987.39,115.275789,35.464698,134.55,0.00157705
2015,413,11,1086.13,115.275100,35.464009,179.41,0.00262415
2015,413,12,1184.87,115.274829,35.463199,269.11,0.00108930
2015,413,13,1283.61,115.274557,35.462388,299.01,-0.00000000
2015,414,0,0.00,115.284259,35.468856,1240.89,-0.00000000
2015,414,1,38.63,115.284528,35.468587,1061.49,-0.00000000
2015,414,2,77.26,115.284798,35.468317,867.13,-0.00000000
2015,415,0,0.00,115.274557,35.462388,627.92,0.00000000
2015,415,1,85.62,115.275500,35.462388,448.52,0.00000000
2015,415,2,171.24,115.276444,35.462388,194.36,0.00000000
2015,416,0,0.00,115.274557,35.462388,313.96,0.00029805
2015,416,1,91.38,115.274128,35.461690,284.06,0.00000000
2015,416,2,182.75,115.273749,35.460977,299.01,0.00000000
2015,416,3,274.13,115.273271,35.460293,343.86,0.00127243
2015,416,4,365.51,115.272940,35.459566,388.71,0.00082388
2015,416,5,456.88,115.272830,35.458775,343.86,-0.00127243
2015,416,6,548.26,115.272401,35.458076,388.71,-0.00194582
2015,417,0,0.00,115.272671,35.457807,448.52,-0.00000000
2015,417,1,19.32,115.272536,35.457942,523.27,-0.00000000
2015,417,2,38.63,115.272401,35.458076,523.27,-0.00000000
2015,418,0,0.00,115.272671,35.457807,1435.25,0.00000000
2015,418,1,85.62,115.273614,35.457807,1076.44,0.00000000
2015,418,2,171.25,115.274557,35.457807,642.87,0.00000000
2015,419,0,0.00,115.272401,35.458076,523.27,0.00355329
2015,419,1,94.56,115.271742,35.458736,1076.44,0.00593326
2015,419,2,189.13,115.270786,35.458885,807.33,0.00720415
2015,419,3,283.69,115.270027,35.458397,418.61,0.00466897
2015,419,4,378.25,115.269437,35.457717,328.91,0.00189585
2015,419,5,472.82,115.269167,35.456943,358.81,-0.00060711
2015,419,6,567.38,115.268674,35.456235,328.91,-0.00039431
2015,419,7,661.94,115.268089,35.455554,284.06,0.00146131
2015,419,8,756.51,115.267772,35.454794,299.01,0.00117188
2015,419,9,851.07,115.267529,35.454013,269.11,0.00012109
2015,419,10,945.63,115.267281,35.453233,239.21,-0.00115572
2015,419,11,1040.20,115.267011,35.452459,269.11,-0.00158240
2015,419,12,1134.76,115.266384,35.451790,164.46,-0.00001617
2015,419,13,1229.32,115.265933,35.451069,164.46,0.00097443
2015,42,0,0.00,115.700898,35.762875,1330.60,0.00000000
2015,42,1,48.74,115.701437,35.762875,1270.79,0.00000000
2015,42,2,97.48,115.701976,35.762875,209.31,0.00000000
2015,420,0,0.00,115.272671,35.457807,313.96,0.00000000
2015,420,1,94.07,115.272401,35.457038,328.91,0.00076368
2015,420,2,188.13,115.272132,35.456269,328.91,0.00076368
2015,420,3,282.20,115.272132,35.455421,299.01,-0.00050154
2015,420,4,376.27,115.271862,35.454652,313.96,-0.00000000
2015,420,5,470.34,115.271684,35.453856,269.11,0.00098398
2015,420,6,564.40,115.271593,35.453035,254.16,0.00072041
2015,420,7,658.47,115.271593,35.452187,239.21,0.00023797
2015,420,8,752.54,115.271593,35.451339,209.31,0.00000000
2015,421,0,0.00,115.271593,35.451339,403.66,0.00147662
2015,421,1,85.49,115.270898,35.450913,343.86,0.00279919
2015,421,2,170.98,115.270301,35.450317,179.41,0.00362614
2015,421,3,256.47,115.270122,35.449599,164.46,0.00284989
2015,421,4,341.96,115.269976,35.448871,179.41,0.00380947
2015,421,5,427.45,115.270188,35.448162,209.31,0.00379146
2015,421,6,512.94,115.270784,35.447566,299.01,0.00253325
2015,422,0,0.00,115.271593,35.451339,239.21,-0.00164596
2015,422,1,90.71,115.271862,35.450600,224.26,-0.00159882
2015,422,2,181.42,115.271862,35.449783,164.46,-0.00077583
2015,422,3,272.12,115.271862,35.449122,164.46,-0.00077583
2015,422,4,362.83,115.271862,35.448305,149.51,-0.00159882
2015,422,5,453.54,115.271593,35.447566,209.31,-0.00164596
2015,423,0,0.00,115.270784,35.447566,612.97,0.00000000
2015,423,1,36.70,115.271188,35.447566,1375.45,0.00000000
2015,423,2,73.40,115.271593,35.447566,1315.65,0.00000000
2015,424,0,0.00,115.270784,35.447566,209.31,0.00473779
2015,424,1,92.22,115.270680,35.446862,134.55,0.00437210
2015,424,2,184.44,115.271323,35.446219,269.11,0.00400641
2015,426,0,0.00,115.271593,35.447566,209.31,-0.00526044
2015,426,1,87.85,115.271862,35.446853,134.55,-0.00516467
2015,426,2,175.70,115.271323,35.446219,149.51,-0.00506891
2015,427,0,0.00,115.271323,35.446219,164.46,-0.00381030
2015,427,1,86.49,115.271593,35.445518,134.55,-0.00519019
2015,427,2,172.99,115.271281,35.444829,149.51,-0.00642020
2015,427,3,259.48,115.270616,35.444332,239.21,-0.00565234
2015,427,4,345.98,115.269976,35.444332,418.61,-0.00503435
2015,429,0,0.00,115.271323,35.446219,179.41,-0.00578109
2015,429,1,56.02,115.270862,35.445949,269.11,-0.00553701
2015,429,2,112.04,115.270245,35.445949,433.57,-0.00529294
2015,43,0,0.00,115.700898,35.762875,209.31,0.00137925
2015,43,1,98.64,115.700628,35.762064,179.41,-0.00041895
2015,43,2,197.28,115.700628,35.761175,313.96,-0.00381669
2015,43,3,295.92,115.699984,35.760614,358.81,-0.00483568
2015,43,4,394.56,115.699147,35.760180,358.81,-0.00349418
2015,43,5,493.20,115.698056,35.760180,358.81,-0.00136661
2015,43,6,591.84,115.696965,35.760180,388.71,0.00082066
2015,43,7,690.48,115.695875,35.760180,388.71,0.00082066
2015,43,8,789.12,115.694941,35.759910,418.61,-0.00020946
2015,43,9,887.76,115.693850,35.759910,448.52,0.00000000
2015,43,10,986.40,115.692879,35.759707,433.57,-0.00042040
2015,43,11,1085.04,115.691826,35.759641,478.42,-0.00082066
2015,43,12,1183.67,115.690735,35.759641,478.42,0.00062986
2015,43,13,1282.31,115.689645,35.759641,448.52,0.00172524
2015,43,14,1380.95,115.688711,35.759371,493.37,0.00000000
2015,43,15,1479.59,115.687778,35.759102,508.32,-0.00172524
2015,43,16,1578.23,115.686687,35.759102,508.32,-0.00000000
2015,43,17,1676.87,115.685596,35.759102,478.42,0.00082066
2015,43,18,1775.51,115.684663,35.758832,478.42,-0.00082066
2015,43,19,1874.15,115.683572,35.758832,478.42,-0.00082066
2015,43,20,1972.79,115.682481,35.758832,448.52,0.00021326
2015,43,21,2071.43,115.681391,35.758832,478.42,0.00082066
2015,43,22,2170.07,115.680343,35.758759,463.47,0.00125980
2015,43,23,2268.71,115.679366,35.758563,448.52,-0.00000000
2015,43,24,2367.35,115.678433,35.758293,448.52,-0.00072282
2015,43,25,2465.99,115.677342,35.758293,418.61,0.00000000
2015,43,26,2564.63,115.676395,35.758046,418.61,-0.00019349
2015,43,27,2663.27,115.675318,35.758024,448.52,-0.00000000
2015,43,28,2761.91,115.674323,35.757859,403.66,-0.00024884
2015,43,29,2860.55,115.673293,35.757754,418.61,-0.00056026
2015,43,30,2959.19,115.672203,35.757754,388.71,0.00051275
2015,43,31,3057.83,115.671164,35.757665,373.76,0.00115862
2015,43,32,3156.47,115.670178,35.757485,388.71,0.00000000
2015,43,33,3255.11,115.669245,35.757215,358.81,-0.00141902
2015,43,34,3353.75,115.668154,35.757215,358.81,-0.00000000
2015,43,35,3452.38,115.667063,35.757215,299.01,0.00082066
2015,43,36,3551.02,115.666130,35.756946,299.01,-0.00082066
2015,43,37,3649.66,115.665039,35.756946,299.01,-0.00074593
2015,43,38,3748.30,115.663948,35.756946,269.11,0.00082066
2015,43,39,3846.94,115.662873,35.756920,224.26,0.00066239
2015,43,40,3945.58,115.661924,35.756676,239.21,-0.00046430
2015,43,41,4044.22,115.660833,35.756676,209.31,0.00008354
2015,43,42,4142.86,115.659813,35.756555,164.46,0.00074940
2015,43,43,4241.50,115.658809,35.756407,209.31,0.00000000
2015,43,44,4340.14,115.657840,35.756199,164.46,-0.00008546
2015,43,45,4438.78,115.656785,35.756137,179.41,0.00090457
2015,43,46,4537.42,115.655851,35.755868,209.31,0.00134590
2015,43,47,4636.06,115.654917,35.755598,179.41,0.00093886
2015,43,48,4734.70,115.654091,35.755145,209.31,-0.00034386
2015,43,49,4833.34,115.653207,35.754790,254.16,-0.00041072
2015,43,50,4931.98,115.652274,35.754520,269.11,0.00064176
2015,43,51,5030.62,115.651428,35.754099,299.01,0.00002254
2015,43,52,5129.26,115.650563,35.753712,328.91,-0.00000000
2015,43,53,5227.90,115.649653,35.753402,328.91,0.00116723
2015,43,54,5326.54,115.648853,35.752903,358.81,0.00091139
2015,43,55,5425.18,115.648077,35.752364,373.76,0.00026466
2015,430,0,0.00,115.269976,35.444332,254.16,0.00278442
2015,430,1,85.14,115.269590,35.444987,269.11,0.00282329
2015,430,2,170.27,115.268898,35.445410,388.71,0.00286217
2015,431,0,0.00,115.269976,35.444332,179.41,0.00285447
2015,431,1,94.84,115.269559,35.443671,254.16,0.00074831
2015,431,2,189.69,115.269609,35.442887,224.26,-0.00141885
2015,431,3,284.53,115.268947,35.442226,224.26,-0.00073993
2015,431,4,379.38,115.268703,35.441442,224.26,-0.00166674
2015,431,5,474.22,115.268041,35.440781,343.86,-0.00226056
2015,431,6,569.06,115.267281,35.440290,328.91,-0.00118764
2015,432,0,0.00,115.267281,35.440290,358.81,-0.00276910
2015,432,1,87.59,115.267087,35.439557,358.81,-0.00164442
2015,432,2,175.18,115.266476,35.438946,343.86,0.00069299
2015,432,3,262.77,115.266203,35.438236,343.86,-0.00079179
2015,432,4,350.36,115.265880,35.437541,343.86,-0.00265429
2015,432,5,437.95,115.265170,35.437101,403.66,-0.00026204
2015,432,6,525.54,115.264559,35.436490,388.71,-0.00000000
2015,432,7,613.13,115.263948,35.435879,478.42,-0.00134930
2015,432,8,700.72,115.263238,35.435439,478.42,-0.00140341
2015,433,0,0.00,115.267281,35.440290,1091.39,-0.00400647
2015,433,1,92.22,115.266637,35.440933,493.37,-0.00437222
2015,433,2,184.44,115.266742,35.441637,313.96,-0.00473797
2015,434,0,0.00,115.263238,35.435439,418.61,-0.00193428
2015,434,1,96.50,115.262969,35.434648,448.52,-0.00210892
2015,434,2,193.01,115.262419,35.434080,448.52,-0.00228159
2015,434,3,289.51,115.261746,35.433407,478.42,-0.00236347
2015,434,4,386.01,115.260875,35.433076,553.17,-0.00122365
2015,434,5,482.52,115.260004,35.432744,642.87,-0.00000000
2015,435,0,0.00,115.263238,35.435439,1599.71,0.00123920
2015,435,1,89.51,115.262614,35.436063,1794.06,0.00319117
2015,435,2,179.02,115.261891,35.436517,1001.69,0.00583373
2015,435,3,268.53,115.260905,35.436517,553.17,0.00527640
2015,435,4,358.05,115.260148,35.436121,478.42,0.00403302
2015,435,5,447.56,115.259465,35.435656,478.42,0.00445255
2015,435,6,537.07,115.259196,35.434928,642.87,0.00376905
2015,435,7,626.58,115.259196,35.434121,852.18,0.00329890
2015,435,8,716.09,115.259380,35.433368,1704.36,0.00329315
2015,435,9,805.60,115.260004,35.432744,1794.06,0.00265908
2015,437,0,0.00,115.260004,35.432744,627.92,-0.00218749
2015,437,1,67.83,115.259531,35.432271,642.87,-0.00229454
2015,437,2,135.66,115.258959,35.431968,612.97,-0.00120080
2015,437,3,203.49,115.258387,35.431666,627.92,0.00000000
2015,438,0,0.00,115.258387,35.431666,986.73,0.00000000
2015,438,1,29.90,115.258387,35.431396,956.83,0.00000000
2015,438,2,59.80,115.258387,35.431127,986.73,0.00000000
2015,439,0,0.00,115.258387,35.431666,1764.16,0.01066409
2015,439,1,31.55,115.258167,35.431886,867.13,0.01105754
2015,439,2,63.11,115.257848,35.431935,926.93,0.01145099
2015,44,0,0.00,115.724344,35.842645,1794.06,-0.00320737
2015,44,1,84.72,115.723751,35.842053,1794.06,-0.00480983
2015,44,2,169.44,115.722940,35.841837,687.72,-0.00600097
2015,44,3,254.16,115.722071,35.841954,343.86,-0.00422340
2015,44,4,338.88,115.721379,35.842376,284.06,-0.00285715
2015,440,0,0.00,115.258387,35.431127,657.82,0.00315672
2015,440,1,92.80,115.257848,35.430448,807.33,0.00157836
2015,440,2,185.60,115.257848,35.429612,777.43,-0.00079939
2015,440,3,278.40,115.257309,35.428933,732.58,-0.00047367
2015,440,4,371.20,115.257040,35.428175,418.61,-0.00134184
2015,440,5,464.00,115.256611,35.427464,403.66,-0.00407263
2015,440,6,556.80,115.255865,35.426987,418.61,-0.00321569
2015,440,7,649.60,115.254943,35.426815,448.52,-0.00043290
2015,440,8,742.40,115.254077,35.426545,418.61,-0.00064968
2015,440,9,835.20,115.253211,35.426276,657.82,-0.00195775
2015,440,10,928.00,115.252189,35.426276,717.63,-0.00186072
2015,441,0,0.00,115.258387,35.431127,1196.04,0.00000000
2015,441,1,77.28,115.258926,35.430588,1225.94,0.00000000
2015,441,2,154.55,115.259465,35.430049,1061.49,0.00000000
2015,441,3,231.83,115.260004,35.429510,1016.64,-0.00000000
2015,441,4,309.10,115.260543,35.428971,59.80,-0.00000000
2015,442,0,0.00,115.257848,35.431935,672.77,-0.00195694
2015,442,1,94.66,115.257118,35.431396,642.87,-0.00199659
2015,442,2,189.33,115.256231,35.431127,657.82,-0.00203623
2015,443,0,0.00,115.257848,35.431935,1794.06,-0.00115127
2015,443,1,92.23,115.257205,35.432579,1794.06,-0.00118222
2015,443,2,184.45,115.256770,35.433283,882.08,-0.00121318
2015,444,0,0.00,115.252189,35.426276,702.67,0.00000000
2015,444,1,82.65,115.252189,35.427021,971.78,0.00093815
2015,444,2,165.29,115.252189,35.427766,1106.34,0.00193455
2015,444,3,247.94,115.251920,35.428432,1794.06,0.00199281
2015,445,0,0.00,115.252189,35.426276,897.03,-0.00380644
2015,445,1,73.08,115.251888,35.425705,403.66,-0.00494545
2015,445,2,146.16,115.251279,35.425366,358.81,-0.00411840
2015,445,3,219.24,115.250572,35.425198,373.76,-0.00215233
2015,446,0,0.00,115.256231,35.431127,1794.06,0.00157132
2015,446,1,98.68,115.255752,35.431876,1794.06,0.00430776
2015,446,2,197.35,115.255011,35.432474,672.77,0.00892669
2015,446,3,296.03,115.254079,35.432208,568.12,0.00915660
2015,446,4,394.70,115.253806,35.431398,971.78,0.00510664
2015,446,5,493.38,115.254076,35.430588,1390.40,0.00270929
2015,447,0,0.00,115.256231,35.431127,687.72,-0.00570436
2015,447,1,74.70,115.255710,35.430606,672.77,-0.00583303
2015,447,2,149.41,115.254898,35.430588,418.61,-0.00307062
2015,447,3,224.11,115.254076,35.430588,418.61,-0.00017953
2015,448,0,0.00,115.251920,35.428432,463.47,-0.00256636
2015,448,1,81.21,115.252277,35.429059,433.57,-0.00228968
2015,448,2,162.42,115.252911,35.429510,403.66,-0.00048530
2015,448,3,243.63,115.253509,35.430021,313.96,0.00075603
2015,448,4,324.84,115.254076,35.430588,373.76,0.00046967
2015,449,0,0.00,115.251920,35.428432,687.72,-0.00009685
2015,449,1,93.70,115.250970,35.428290,672.77,0.00042122
2015,449,2,187.40,115.250012,35.428162,358.81,0.00204570
2015,449,3,281.11,115.249136,35.427893,343.86,0.00257195
2015,449,4,374.81,115.248416,35.427354,448.52,0.00199180
2015,45,0,0.00,115.724344,35.842645,358.81,0.00005992
2015,45,1,97.13,115.725022,35.841966,463.47,0.00052275
2015,45,2,194.26,115.725707,35.841298,523.27,0.00046036
2015,45,3,291.39,115.726479,35.840779,493.37,-0.00052275
2015,45,4,388.52,115.727158,35.840100,508.32,-0.00009545
2015,45,5,485.65,115.727837,35.839421,478.42,0.00052275
2015,45,6,582.78,115.728592,35.838872,523.27,0.00025807
2015,45,7,679.90,115.729294,35.838234,478.42,-0.00052275
2015,45,8,777.03,115.730072,35.837725,463.47,-0.00171267
2015,45,9,874.16,115.730542,35.836986,478.42,-0.00211947
2015,450,0,0.00,115.250303,35.424928,463.47,0.00000000
2015,450,1,19.32,115.250437,35.425063,493.37,0.00000000
2015,450,2,38.64,115.250572,35.425198,448.52,0.00000000
2015,451,0,0.00,115.250572,35.425198,1270.79,-0.00164505
2015,451,1,81.21,115.249907,35.425594,747.53,-0.00222301
2015,451,2,162.42,115.249340,35.426160,777.43,-0.00150143
2015,451,3,243.63,115.248955,35.426779,1360.50,0.00045354
2015,451,4,324.85,115.248416,35.427354,1510.00,0.00110896
2015,452,0,0.00,115.250303,35.424928,687.72,-0.00614438
2015,452,1,74.89,115.250572,35.424332,627.92,-0.01127729
2015,452,2,149.78,115.250163,35.423851,418.61,-0.01283617
2015,452,3,224.67,115.249494,35.424120,583.07,-0.00926215
2015,453,0,0.00,115.250303,35.424928,463.47,-0.00000000
2015,453,1,57.96,115.249898,35.424524,493.37,-0.00000000
2015,453,2,115.92,115.249494,35.424120,553.17,-0.00000000
2015,454,0,0.00,115.248416,35.427354,418.61,0.00205708
2015,454,1,75.35,115.247586,35.427354,478.42,0.00309688
2015,454,2,150.70,115.246871,35.427156,478.42,0.00396186
2015,454,3,226.05,115.246247,35.426801,523.27,0.00277502
2015,454,4,301.39,115.245721,35.426276,553.17,0.00176301
2015,455,0,0.00,115.249494,35.424120,538.22,-0.00246054
2015,455,1,82.43,115.248898,35.423581,493.37,-0.00256305
2015,455,2,164.87,115.248147,35.423312,732.58,-0.00266556
2015,456,0,0.00,115.245721,35.426276,672.77,0.01004801
2015,456,1,46.51,115.245298,35.426122,553.17,0.00980489
2015,456,2,93.01,115.245182,35.425737,598.02,0.00956177
2015,457,0,0.00,115.245721,35.426276,1001.69,-0.00000000
2015,457,1,85.67,115.246319,35.425678,1106.34,-0.00147162
2015,457,2,171.35,115.246916,35.425081,433.57,-0.00351896
2015,457,3,257.02,115.247069,35.424353,612.97,-0.00253155
2015,457,4,342.70,115.247069,35.423581,568.12,-0.00096842
2015,458,0,0.00,115.248147,35.423312,553.17,-0.00765544
2015,458,1,74.89,115.248041,35.422667,418.61,-0.01195742
2015,458,2,149.78,115.247321,35.422520,523.27,-0.01168001
2015,458,3,224.67,115.246799,35.423042,702.67,-0.00710062
2015,459,0,0.00,115.248147,35.423312,448.52,0.00577819
2015,459,1,56.03,115.247686,35.423581,553.17,0.00553428
2015,459,2,112.06,115.247069,35.423581,747.53,0.00529037
2015,46,0,0.00,115.648077,35.752364,448.52,0.00110455
2015,46,1,97.77,115.647602,35.751621,493.37,-0.00049043
2015,46,2,195.55,115.647337,35.750817,254.16,-0.00317850
2015,46,3,293.32,115.646555,35.750304,239.21,-0.00204436
2015,46,4,391.09,115.645687,35.749939,239.21,-0.00024269
2015,46,5,488.87,115.644920,35.749400,254.16,-0.00128969
2015,46,6,586.64,115.643996,35.749130,269.11,-0.00271273
2015,46,7,684.41,115.643072,35.748861,627.92,-0.00351432
2015,46,8,782.19,115.642148,35.749130,807.33,-0.00351432
2015,460,0,0.00,115.245182,35.425737,732.58,0.00000000
2015,460,1,38.64,115.244913,35.425467,687.72,0.00000000
2015,460,2,77.28,115.244643,35.425198,463.47,0.00000000
2015,461,0,0.00,115.245182,35.425737,941.88,-0.00217889
2015,461,1,79.12,115.245452,35.425103,1001.69,-0.00108944
2015,461,2,158.24,115.245452,35.424389,747.53,0.00000000
2015,461,3,237.36,115.245721,35.423755,523.27,-0.00102545
2015,461,4,316.48,115.245721,35.423042,538.22,-0.00205090
2015,463,0,0.00,115.247069,35.423581,463.47,0.00868032
2015,463,1,34.27,115.246830,35.423342,448.52,0.00879745
2015,463,2,68.54,115.246799,35.423042,433.57,0.00891458
2015,464,0,0.00,115.246799,35.423042,747.53,0.00000000
2015,464,1,48.95,115.246260,35.423042,493.37,0.00000000
2015,464,2,97.90,115.245721,35.423042,493.37,0.00000000
2015,466,0,0.00,115.244643,35.425198,418.61,0.00437198
2015,466,1,88.23,115.243830,35.425463,852.18,0.00430274
2015,466,2,176.46,115.243017,35.425189,433.57,0.00217523
2015,466,3,264.69,115.242197,35.424928,284.06,0.00086026
2015,466,4,352.92,115.241391,35.424641,299.01,0.00216305
2015,466,5,441.15,115.240677,35.424196,254.16,0.00199936
2015,466,6,529.38,115.240062,35.423581,299.01,0.00127618
2015,467,0,0.00,115.244643,35.425198,792.38,0.00333396
2015,467,1,64.17,115.244374,35.424698,732.58,0.00323973
2015,467,2,128.34,115.244374,35.424120,568.12,0.00314549
2015,469,0,0.00,115.245721,35.423042,328.91,-0.01066319
2015,469,1,31.56,115.245501,35.422822,299.01,-0.01105651
2015,469,2,63.11,115.245182,35.422773,284.06,-0.01144983
2015,47,0,0.00,115.648077,35.752364,598.02,0.00337210
2015,47,1,99.73,115.647131,35.752634,478.42,0.00310191
2015,47,2,199.47,115.646185,35.752364,239.21,0.00168605
2015,47,3,299.20,115.645193,35.752175,239.21,0.00086063
2015,47,4,398.94,115.644294,35.751825,209.31,0.00175114
2015,47,5,498.67,115.643402,35.751463,254.16,0.00315065
2015,47,6,598.41,115.642706,35.750766,269.11,0.00307830
2015,47,7,698.14,115.642417,35.749951,568.12,0.00113652
2015,47,8,797.88,115.642148,35.749130,598.02,0.00009634
2015,470,0,0.00,115.240062,35.423581,299.01,0.00187852
2015,470,1,92.28,115.239202,35.423312,299.01,0.00172604
2015,470,2,184.56,115.238478,35.422806,328.91,0.00066314
2015,470,3,276.83,115.237736,35.422333,358.81,0.00108761
2015,470,4,369.11,115.236993,35.421860,403.66,0.00239220
2015,470,5,461.39,115.236558,35.421156,523.27,0.00236190
2015,471,0,0.00,115.240062,35.423581,1794.06,-0.00151283
2015,471,1,94.30,115.240601,35.422889,1016.64,-0.00221487
2015,471,2,188.60,115.240870,35.422117,583.07,-0.00225166
2015,471,3,282.90,115.240870,35.421425,493.37,-0.00158642
2015,472,0,0.00,115.244374,35.424120,388.71,-0.00000000
2015,472,1,57.96,115.243969,35.423716,418.61,-0.00000000
2015,472,2,115.92,115.243565,35.423312,299.01,-0.00000000
2015,473,0,0.00,115.244374,35.424120,598.02,0.00000000
2015,473,1,87.86,115.244778,35.423446,284.06,0.00000000
2015,473,2,175.72,115.245182,35.422773,523.27,0.00000000
2015,475,0,0.00,115.245182,35.422773,403.66,-0.00920726
2015,475,1,43.79,115.244856,35.422503,299.01,-0.00901882
2015,475,2,87.59,115.244374,35.422503,433.57,-0.00883038
2015,476,0,0.00,115.236558,35.421156,388.71,-0.00388491
2015,476,1,68.27,115.235963,35.420886,418.61,-0.00369751
2015,476,2,136.54,115.235211,35.420886,448.52,-0.00351012
2015,477,0,0.00,115.236558,35.421156,1794.06,0.00000000
2015,477,1,38.64,115.236828,35.420886,1330.60,0.00000000
2015,477,2,77.28,115.237097,35.420617,1240.89,0.00000000
2015,478,0,0.00,115.243565,35.423312,328.91,0.00640582
2015,478,1,96.60,115.243161,35.422638,583.07,0.00591350
2015,478,2,193.20,115.243835,35.421964,657.82,0.00542117
2015,479,0,0.00,115.243565,35.423312,971.78,-0.00000000
2015,479,1,57.96,115.243969,35.422907,657.82,-0.00000000
2015,479,2,115.92,115.244374,35.422503,612.97,-0.00000000
2015,48,0,0.00,115.730542,35.836986,493.37,-0.00538534
2015,48,1,77.86,115.731285,35.836782,463.47,-0.00527728
2015,48,2,155.72,115.731620,35.836177,478.42,-0.00516922
2015,480,0,0.00,115.244374,35.422503,388.71,-0.00956171
2015,480,1,46.51,115.244258,35.422118,299.01,-0.00980477
2015,480,2,93.01,115.243835,35.421964,284.06,-0.01004783
2015,482,0,0.00,115.235211,35.420886,1315.65,0.00151323
2015,482,1,97.54,115.234739,35.421627,1330.60,0.00424610
2015,482,2,195.07,115.234016,35.422234,328.91,0.00567347
2015,482,3,292.61,115.233082,35.421991,254.16,0.00227451
2015,482,4,390.14,115.232024,35.421964,254.16,0.00000000
2015,482,5,487.68,115.231106,35.421695,313.96,-0.00093021
2015,482,6,585.22,115.230032,35.421695,284.06,-0.00083967
2015,482,7,682.75,115.228958,35.421695,313.96,0.00000000
2015,482,8,780.29,115.227884,35.421695,403.66,0.00176523
2015,482,9,877.82,115.226810,35.421695,388.71,0.00365307
2015,482,10,975.36,115.226048,35.421156,299.01,0.00377568
2015,483,0,0.00,115.235211,35.420886,553.17,-0.00135978
2015,483,1,91.13,115.234575,35.420250,299.01,-0.00321209
2015,483,2,182.26,115.233828,35.419808,269.11,-0.00320900
2015,483,3,273.40,115.232824,35.419808,269.11,0.00039035
2015,483,4,364.53,115.231977,35.419539,299.01,0.00213431
2015,484,0,0.00,115.237097,35.420617,1091.39,0.00061631
2015,484,1,87.59,115.237807,35.420176,1031.59,0.00105707
2015,484,2,175.18,115.238558,35.419808,598.02,0.00234528
2015,484,3,262.77,115.239367,35.419539,403.66,0.00264445
2015,484,4,350.36,115.240331,35.419539,343.86,0.00209615
2015,485,0,0.00,115.237097,35.420617,627.92,0.00000000
2015,485,1,74.75,115.237097,35.419943,762.48,0.00000000
2015,485,2,149.50,115.237097,35.419269,493.37,0.00000000
2015,487,0,0.00,115.243835,35.421964,313.96,-0.00000000
2015,487,1,92.23,115.243296,35.421290,313.96,-0.00000000
2015,487,2,184.46,115.242757,35.420617,299.01,-0.00000000
2015,488,0,0.00,115.226048,35.421156,254.16,0.00000000
2015,488,1,82.87,115.225448,35.421156,254.16,0.00000000
2015,488,2,165.74,115.224535,35.421156,313.96,-0.00000000
2015,488,3,248.60,115.223623,35.421156,254.16,0.00000000
2015,489,0,0.00,115.226048,35.421156,254.16,-0.00000000
2015,489,1,57.96,115.226452,35.420751,179.41,-0.00000000
2015,489,2,115.92,115.226857,35.420347,343.86,-0.00000000
2015,49,0,0.00,115.730542,35.836986,1719.31,0.00125935
2015,49,1,94.17,115.729884,35.836328,1435.25,0.00172470
2015,49,2,188.34,115.729464,35.835600,926.93,0.00152593
2015,49,3,282.51,115.729194,35.834830,1001.69,0.00086180
2015,490,0,0.00,115.231977,35.419539,373.76,-0.00305688
2015,490,1,99.96,115.231697,35.418719,149.51,-0.00393710
2015,490,2,199.93,115.230902,35.418191,194.36,-0.00328586
2015,490,3,299.89,115.229957,35.417922,239.21,-0.00087720
2015,490,4,399.86,115.229013,35.417652,299.01,0.00000000
2015,491,0,0.00,115.231977,35.419539,657.82,-0.00286192
2015,491,1,85.15,115.231284,35.419962,702.67,-0.00282310
2015,491,2,170.30,115.230899,35.420617,642.87,-0.00278429
2015,492,0,0.00,115.242757,35.420617,508.32,0.00577784
2015,492,1,56.03,115.242296,35.420886,568.12,0.00553395
2015,492,2,112.06,115.241679,35.420886,343.86,0.00529006
2015,493,0,0.00,115.242757,35.420617,299.01,-0.00571050
2015,493,1,75.35,115.242231,35.420091,299.01,-0.00573874
2015,493,2,150.71,115.241409,35.420078,343.86,-0.00576698
2015,494,0,0.00,115.223623,35.421156,164.46,-0.00868038
2015,494,1,34.27,115.223384,35.421395,373.76,-0.00879751
2015,494,2,68.54,115.223353,35.421695,702.67,-0.00891465
2015,495,0,0.00,115.223623,35.421156,239.21,-0.00192437
2015,495,1,95.75,115.222724,35.420886,254.16,-0.00000000
2015,495,2,191.50,115.221670,35.420886,239.21,0.00291673
2015,495,3,287.24,115.220928,35.420347,418.61,0.00390909
2015,496,0,0.00,115.226857,35.420347,284.06,0.00883000
2015,496,1,43.80,115.227339,35.420347,373.76,0.00901843
2015,496,2,87.59,115.227665,35.420617,239.21,0.00920687
2015,497,0,0.00,115.226857,35.420347,538.22,0.00498215
2015,497,1,80.43,115.226879,35.419786,343.86,0.00423456
2015,497,2,160.85,115.227465,35.419269,553.17,0.00136909
2015,497,3,241.28,115.227935,35.418787,612.97,-0.00032452
2015,497,4,321.71,115.228452,35.418213,612.97,0.00020531
2015,497,5,402.14,115.229013,35.417652,702.67,0.00031086
2015,499,0,0.00,115.229013,35.417652,328.91,-0.00526180
2015,499,1,88.50,115.228604,35.416974,239.21,-0.00472023
2015,499,2,176.99,115.227705,35.416844,328.91,-0.00149397
2015,499,3,265.49,115.226886,35.416574,239.21,-0.00015880
2015,499,4,353.99,115.226068,35.416305,239.21,-0.00216074
2015,499,5,442.49,115.225147,35.416212,254.16,-0.00229077
2015,499,6,530.98,115.224431,35.416305,299.01,-0.00176838
2015,5,0,0.00,115.693621,35.791711,403.66,0.00158570
2015,5,1,97.59,115.693621,35.790831,403.66,0.00148759
2015,5,2,195.17,115.693940,35.790044,448.52,0.00116467
2015,5,3,292.76,115.694204,35.789241,463.47,-0.00023423
2015,5,4,390.35,115.694699,35.788505,418.61,-0.00129197
2015,5,5,487.93,115.694699,35.787626,418.61,0.00017553
2015,5,6,585.52,115.694969,35.786824,448.52,0.00142410
2015,5,7,683.10,115.695260,35.786029,463.47,0.00060208
2015,5,8,780.69,115.695777,35.785300,493.37,-0.00086544
2015,5,9,878.28,115.696047,35.784498,418.61,-0.00136542
2015,5,10,975.86,115.696261,35.783681,448.52,-0.00095825
2015,5,11,1073.45,115.696316,35.782817,448.52,-0.00079919
2015,50,0,0.00,115.642148,35.749130,508.32,0.00147634
2015,50,1,88.48,115.641331,35.748853,463.47,0.00146086
2015,50,2,176.96,115.640614,35.748405,463.47,0.00070598
2015,50,3,265.44,115.639897,35.747957,463.47,0.00000000
2015,50,4,353.92,115.639177,35.747514,478.42,-0.00034977
2015,50,5,442.40,115.638462,35.747062,478.42,0.00000000
2015,50,6,530.89,115.637692,35.746705,433.57,0.00109868
2015,50,7,619.37,115.637027,35.746166,448.52,0.00146439
2015,500,0,0.00,115.220928,35.420347,747.53,0.00000000
2015,500,1,59.80,115.220928,35.419808,433.57,0.00000000
2015,500,2,119.60,115.220928,35.419269,134.55,0.00000000
2015,501,0,0.00,115.220928,35.420347,463.47,-0.00000000
2015,501,1,99.18,115.219992,35.420617,403.66,0.00033453
2015,501,2,198.37,115.219055,35.420886,448.52,0.00089356
2015,501,3,297.55,115.218062,35.421057,418.61,0.00108450
2015,501,4,396.74,115.217027,35.421156,343.86,0.00162238
2015,501,5,495.92,115.215935,35.421156,403.66,0.00199048
2015,501,6,595.11,115.214999,35.420886,403.66,0.00178713
2015,502,0,0.00,115.224431,35.416305,1285.75,0.00230379
2015,502,1,84.20,115.224431,35.417064,1001.69,0.00371943
2015,502,2,168.41,115.224091,35.417723,702.67,0.00483201
2015,502,3,252.61,115.223434,35.418191,448.52,0.00447098
2015,502,4,336.81,115.222663,35.418461,343.86,0.00334349
2015,502,5,421.02,115.221736,35.418461,343.86,0.00227396
2015,503,0,0.00,115.224431,35.416305,269.11,0.00000000
2015,503,1,91.03,115.223585,35.416035,299.01,-0.00106961
2015,503,2,182.06,115.222738,35.415766,299.01,-0.00203761
2015,503,3,273.09,115.221736,35.415766,328.91,-0.00193600
2015,504,0,0.00,115.214999,35.420886,1704.36,0.00508438
2015,504,1,76.41,115.214999,35.420197,493.37,0.00554794
2015,504,2,152.82,115.215538,35.419808,343.86,0.00601149
2015,505,0,0.00,115.214999,35.420886,254.16,-0.00000000
2015,505,1,50.88,115.214595,35.421156,239.21,-0.00000000
2015,505,2,101.75,115.214190,35.421425,254.16,-0.00000000
2015,506,0,0.00,115.221736,35.415766,1794.06,0.00124055
2015,506,1,92.62,115.221507,35.416534,1046.54,0.00405813
2015,506,2,185.25,115.221070,35.417241,448.52,0.00926697
2015,506,3,277.87,115.220226,35.417220,328.91,0.00790556
2015,506,4,370.50,115.219580,35.416574,463.47,0.00415289
2015,507,0,0.00,115.221736,35.415766,388.71,-0.00322740
2015,507,1,74.71,115.221070,35.415496,358.81,-0.00452549
2015,507,2,149.43,115.220247,35.415496,328.91,-0.00452549
2015,507,3,224.14,115.219580,35.415766,448.52,-0.00322740
2015,508,0,0.00,115.214190,35.421425,254.16,0.00361347
2015,508,1,99.83,115.213403,35.421964,209.31,0.00348879
2015,508,2,199.65,115.212304,35.421964,254.16,0.00336410
2015,509,0,0.00,115.214190,35.421425,239.21,-0.00507915
2015,509,1,82.87,115.213590,35.420886,358.81,-0.00501629
2015,509,2,165.74,115.212677,35.420886,224.26,-0.00247671
2015,509,3,248.60,115.211765,35.420886,254.16,0.00000000
2015,51,0,0.00,115.731620,35.836177,1794.06,-0.00000000
2015,51,1,93.36,115.730968,35.835525,1794.06,-0.00117899
2015,51,2,186.71,115.730315,35.834872,1031.59,-0.00248653
2015,51,3,280.07,115.729464,35.834560,672.77,-0.00261509
2015,510,0,0.00,115.219580,35.416574,1151.19,0.00000000
2015,510,1,44.85,115.219580,35.416170,1300.70,0.00000000
2015,510,2,89.70,115.219580,35.415766,1689.41,0.00000000
2015,511,0,0.00,115.219580,35.416574,612.97,-0.00347858
2015,511,1,53.59,115.219206,35.416948,792.38,-0.00358594
2015,511,2,107.18,115.219041,35.417383,328.91,-0.00369330
2015,513,0,0.00,115.219580,35.415766,373.76,-0.00344072
2015,513,1,99.83,115.218785,35.415240,358.81,-0.00332690
2015,513,2,199.67,115.217694,35.415227,448.52,-0.00321307
2015,514,0,0.00,115.211765,35.420886,1375.45,0.00891466
2015,514,1,34.27,115.211734,35.421186,179.41,0.00879752
2015,514,2,68.54,115.211495,35.421425,164.46,0.00868038
2015,515,0,0.00,115.211765,35.420886,269.11,-0.00336402
2015,515,1,99.83,115.210822,35.420617,254.16,-0.00336402
2015,515,2,199.66,115.209878,35.420886,403.66,-0.00336402
2015,516,0,0.00,115.217694,35.415227,1210.99,-0.00199310
2015,516,1,82.65,115.217424,35.415893,1794.06,-0.00193482
2015,516,2,165.29,115.217424,35.416638,956.83,-0.00093827
2015,516,3,247.94,115.217424,35.417383,104.65,0.00000000
2015,517,0,0.00,115.217694,35.415227,418.61,-0.00213918
2015,517,1,91.03,115.216847,35.414957,358.81,-0.00300555
2015,517,2,182.06,115.215845,35.414957,328.91,-0.00300555
2015,517,3,273.10,115.214999,35.415227,269.11,-0.00213918
2015,518,0,0.00,115.209878,35.420886,313.96,0.00000000
2015,518,1,86.30,115.208928,35.420886,373.76,0.00000000
2015,518,2,172.61,115.207978,35.420886,433.57,-0.00108056
2015,518,3,258.91,115.207028,35.420886,478.42,-0.00186984
2015,518,4,345.22,115.206233,35.421156,433.57,-0.00000000
2015,518,5,431.52,115.205387,35.421335,463.47,0.00116558
2015,518,6,517.83,115.204489,35.421425,448.52,0.00075259
2015,519,0,0.00,115.209878,35.420886,179.41,0.00000000
2015,519,1,19.32,115.210013,35.421021,224.26,0.00000000
2015,519,2,38.64,115.210148,35.421156,224.26,0.00000000
2015,52,0,0.00,115.731620,35.836177,642.87,0.00000000
2015,52,1,92.44,115.732365,35.835701,463.47,-0.00182892
2015,52,2,184.89,115.733111,35.835225,448.52,-0.00299440
2015,52,3,277.33,115.733339,35.834458,433.57,-0.00054680
2015,52,4,369.77,115.733776,35.833752,583.07,0.00123735
2015,520,0,0.00,115.214999,35.415227,1794.06,0.00508457
2015,520,1,76.41,115.214999,35.415915,956.83,0.00554812
2015,520,2,152.82,115.214460,35.416305,299.01,0.00601168
2015,521,0,0.00,115.214999,35.415227,269.11,-0.00209557
2015,521,1,91.93,115.214143,35.414957,269.11,-0.00199633
2015,521,2,183.86,115.213130,35.414957,209.31,-0.00094854
2015,521,3,275.80,115.212118,35.414957,239.21,0.00000000
2015,521,4,367.73,115.211106,35.414957,239.21,0.00000000
2015,521,5,459.66,115.210094,35.414957,299.01,0.00000000
2015,521,6,551.59,115.209082,35.414957,358.81,0.00026833
2015,521,7,643.52,115.208069,35.414957,448.52,0.00000000
2015,521,8,735.46,115.207104,35.414877,463.47,-0.00057006
2015,521,9,827.39,115.206357,35.414957,493.37,-0.00094854
2015,521,10,919.32,115.205345,35.414957,478.42,-0.00169459
2015,521,11,1011.25,115.204489,35.415227,538.22,-0.00209557
2015,522,0,0.00,115.204489,35.415227,792.38,-0.00000000
2015,522,1,87.86,115.204084,35.415900,807.33,-0.00000000
2015,522,2,175.72,115.203680,35.416574,807.33,-0.00000000
2015,523,0,0.00,115.204489,35.415227,568.12,-0.00219133
2015,523,1,89.99,115.203654,35.414957,508.32,-0.00307811
2015,523,2,179.98,115.202663,35.414957,508.32,-0.00198245
2015,523,3,269.97,115.201828,35.415227,388.71,0.00099122
2015,523,4,359.96,115.200837,35.415227,388.71,-0.00000000
2015,523,5,449.95,115.199846,35.415227,388.71,-0.00099122
2015,523,6,539.94,115.199011,35.415496,418.61,0.00099122
2015,523,7,629.93,115.198021,35.415496,418.61,0.00198245
2015,524,0,0.00,115.198021,35.415496,1121.29,-0.00042258
2015,524,1,95.73,115.198021,35.414633,1240.89,-0.00377019
2015,524,2,191.46,115.197937,35.413795,538.22,-0.01040028
2015,524,3,287.19,115.197071,35.413751,418.61,-0.00905551
2015,524,4,382.92,115.196404,35.414418,553.17,-0.00442826
2015,525,0,0.00,115.198021,35.415496,448.52,0.00920601
2015,525,1,43.80,115.197694,35.415766,478.42,0.00901758
2015,525,2,87.59,115.197212,35.415766,388.71,0.00882915
2015,526,0,0.00,115.196404,35.414418,388.71,0.00378854
2015,526,1,97.26,115.195528,35.414620,284.06,0.00391243
2015,526,2,194.51,115.194652,35.414283,687.72,0.00177640
2015,526,3,291.77,115.193815,35.413879,373.76,-0.00072401
2015,526,4,389.02,115.192900,35.413610,328.91,-0.00096449
2015,527,0,0.00,115.196404,35.414418,388.71,-0.00178166
2015,527,1,87.86,115.196673,35.415131,553.17,-0.00175118
2015,527,2,175.72,115.197212,35.415766,1390.40,-0.00172070
2015,528,0,0.00,115.197212,35.415766,568.12,0.00441755
2015,528,1,96.72,115.196955,35.416562,358.81,0.00494334
2015,528,2,193.44,115.196083,35.416895,313.96,0.00389156
2015,528,3,290.16,115.195144,35.417113,239.21,0.00098521
2015,528,4,386.88,115.194079,35.417113,299.01,-0.00111380
2015,528,5,483.60,115.193170,35.417383,299.01,-0.00188401
2015,53,0,0.00,115.729464,35.834560,553.17,-0.00000000
2015,53,1,19.28,115.729329,35.834695,418.61,-0.00000000
2015,53,2,38.56,115.729194,35.834830,418.61,-0.00000000
2015,530,0,0.00,115.192900,35.413610,313.96,0.00195636
2015,530,1,94.68,115.192170,35.414149,284.06,0.00199597
2015,530,2,189.35,115.191283,35.414418,313.96,0.00203558
2015,531,0,0.00,115.192900,35.413610,239.21,-0.00320122
2015,531,1,99.56,115.192206,35.412915,149.51,-0.00369286
2015,531,2,199.12,115.191215,35.412733,269.11,-0.00306034
2015,531,3,298.68,115.190323,35.412683,269.11,-0.00109082
2015,531,4,398.24,115.189295,35.412801,269.11,-0.00058746
2015,531,5,497.80,115.188199,35.412801,269.11,-0.00046473
2015,531,6,597.36,115.187259,35.413071,269.11,0.00080491
2015,531,7,696.92,115.186163,35.413071,254.16,0.00160982
2015,532,0,0.00,115.193170,35.417383,687.72,0.00235928
2015,532,1,85.56,115.193170,35.418154,239.21,0.00180250
2015,532,2,171.12,115.192810,35.418820,284.06,0.00000000
2015,532,3,256.68,115.192631,35.419539,612.97,-0.00124572
2015,533,0,0.00,115.193170,35.417383,1405.35,-0.00000000
2015,533,1,38.64,115.192900,35.417113,598.02,-0.00000000
2015,533,2,77.28,115.192631,35.416844,627.92,-0.00000000
2015,534,0,0.00,115.192631,35.419539,358.81,0.00000000
2015,534,1,95.75,115.191667,35.419694,358.81,-0.00123762
2015,534,2,191.50,115.190702,35.419850,373.76,-0.00248140
2015,534,3,287.25,115.189936,35.420347,403.66,-0.00248756
2015,535,0,0.00,115.192631,35.419539,672.77,-0.00144307
2015,535,1,92.31,115.193275,35.420182,598.02,-0.00322546
2015,535,2,184.62,115.194040,35.420617,463.47,-0.00407110
2015,535,3,276.94,115.195056,35.420617,254.16,-0.00313435
2015,536,0,0.00,115.192631,35.416844,1031.59,-0.00891483
2015,536,1,34.27,115.192600,35.416544,612.97,-0.00879767
2015,536,2,68.54,115.192361,35.416305,493.37,-0.00868051
2015,537,0,0.00,115.192631,35.416844,284.06,0.00000000
2015,537,1,99.83,115.191688,35.417113,328.91,0.00000000
2015,537,2,199.66,115.190744,35.417383,328.91,0.00000000
2015,538,0,0.00,115.189936,35.420347,1240.89,-0.00246334
2015,538,1,64.17,115.189966,35.420917,1270.79,-0.00252073
2015,538,2,128.34,115.190205,35.421425,493.37,-0.00257813
2015,539,0,0.00,115.189936,35.420347,388.71,0.00000000
2015,539,1,98.29,115.188854,35.420347,328.91,0.00000000
2015,539,2,196.57,115.187771,35.420347,328.91,0.00000000
2015,539,3,294.86,115.186689,35.420347,328.91,0.00000000
2015,539,4,393.14,115.185607,35.420347,328.91,-0.00082653
2015,539,5,491.43,115.184525,35.420347,358.81,-0.00082653
2015,539,6,589.72,115.183598,35.420617,418.61,0.00082653
2015,539,7,688.00,115.182516,35.420617,448.52,0.00082653
2015,539,8,786.29,115.181434,35.420617,568.12,0.00082653
2015,539,9,884.57,115.180352,35.420617,627.92,0.00173733
2015,539,10,982.86,115.179426,35.420347,687.72,0.00182160
2015,54,0,0.00,115.729464,35.834560,807.33,0.00000000
2015,54,1,59.80,115.729464,35.834021,612.97,0.00000000
2015,54,2,119.61,115.729464,35.833482,553.17,0.00000000
2015,540,0,0.00,115.192361,35.416305,493.37,-0.00496667
2015,540,1,95.46,115.191795,35.415766,403.66,-0.00450870
2015,540,2,190.92,115.190744,35.415766,373.76,-0.00405074
2015,541,0,0.00,115.192361,35.416305,313.96,0.01110449
2015,541,1,50.88,115.192006,35.416489,373.76,0.01007609
2015,541,2,101.76,115.191553,35.416305,433.57,0.00904770
2015,542,0,0.00,115.179426,35.420347,598.02,-0.00113887
2015,542,1,97.39,115.178856,35.419778,627.92,-0.00108345
2015,542,2,194.77,115.178078,35.419269,598.02,-0.00102803
2015,543,0,0.00,115.179426,35.420347,1196.04,0.00011802
2015,543,1,86.60,115.179030,35.421012,1285.75,0.00069054
2015,543,2,173.21,115.178617,35.421672,1136.24,0.00123244
2015,543,3,259.81,115.178031,35.422281,1031.59,0.00203563
2015,543,4,346.41,115.177427,35.422885,538.22,0.00219201
2015,543,5,433.02,115.176625,35.423148,463.47,0.00000000
2015,543,6,519.62,115.175922,35.423581,493.37,-0.00151457
2015,544,0,0.00,115.178078,35.419269,1794.06,0.00000000
2015,544,1,44.85,115.178078,35.418865,1420.30,0.00000000
2015,544,2,89.70,115.178078,35.418461,1315.65,0.00000000
2015,545,0,0.00,115.178078,35.419269,837.23,0.00000000
2015,545,1,77.93,115.177532,35.419269,807.33,-0.00133427
2015,545,2,155.86,115.176674,35.419269,687.72,-0.00133427
2015,545,3,233.79,115.175972,35.419539,478.42,0.00133427
2015,545,4,311.72,115.175114,35.419539,418.61,0.00266854
2015,546,0,0.00,115.175922,35.423581,343.86,0.00128835
2015,546,1,90.16,115.175293,35.424210,313.96,0.00196702
2015,546,2,180.32,115.174560,35.424659,388.71,0.00199702
2015,546,3,270.48,115.173739,35.424955,343.86,0.00071178
2015,546,4,360.64,115.172913,35.425243,313.96,0.00122116
2015,546,5,450.81,115.172086,35.425530,313.96,0.00364567
2015,546,6,540.97,115.171359,35.425485,343.86,0.00327308
2015,546,7,631.13,115.170532,35.425198,358.81,0.00162194
2015,547,0,0.00,115.175922,35.423581,1166.14,0.00138082
2015,547,1,84.33,115.175334,35.422993,717.63,0.00141978
2015,547,2,168.66,115.174954,35.422344,717.63,0.00072937
2015,547,3,253.00,115.174575,35.421695,717.63,0.00000000
2015,548,0,0.00,115.178078,35.418461,1031.59,0.00199307
2015,548,1,82.65,115.177809,35.417794,1121.29,0.00193480
2015,548,2,165.29,115.177809,35.417050,284.06,0.00093826
2015,548,3,247.94,115.177809,35.416305,254.16,0.00000000
2015,549,0,0.00,115.178078,35.418461,882.08,0.00000000
2015,549,1,87.25,115.178687,35.417852,926.93,-0.00064437
2015,549,2,174.50,115.179295,35.417244,1151.19,-0.00132448
2015,549,3,261.74,115.179695,35.416574,328.91,-0.00136022
2015,550,0,0.00,115.175114,35.419539,1794.06,0.00000000
2015,550,1,85.56,115.175114,35.420310,1794.06,0.00180246
2015,550,2,171.12,115.175114,35.421081,867.13,0.00364289
2015,550,3,256.68,115.174575,35.421695,612.97,0.00368087
2015,551,0,0.00,115.175114,35.419539,792.38,-0.00577765
2015,551,1,56.03,115.174653,35.419269,448.52,-0.00553377
2015,551,2,112.07,115.174036,35.419269,418.61,-0.00528989
2015,552,0,0.00,115.170532,35.425198,164.46,0.00000000
2015,552,1,38.64,115.170263,35.425467,104.65,0.00000000
2015,552,2,77.28,115.169993,35.425737,119.60,0.00000000
2015,553,0,0.00,115.170532,35.425198,269.11,-0.00535197
2015,553,1,97.25,115.169773,35.424659,358.81,-0.00517664
2015,553,2,194.49,115.168858,35.424928,418.61,-0.00099867
2015,553,3,291.74,115.168003,35.425095,403.66,0.00255784
2015,553,4,388.99,115.167029,35.424928,418.61,0.00211172
2015,554,0,0.00,115.174575,35.421695,702.67,0.00298659
2015,554,1,95.53,115.174036,35.420991,926.93,0.00293204
2015,554,2,191.05,115.174036,35.420130,1794.06,0.00143875
2015,554,3,286.58,115.174036,35.419269,1794.06,0.00000000
2015,556,0,0.00,115.177809,35.416305,837.23,0.00000000
2015,556,1,61.19,115.177135,35.416305,553.17,0.00000000
2015,556,2,122.38,115.176461,35.416305,493.37,0.00000000
2015,557,0,0.00,115.177809,35.416305,837.23,0.00388446
2015,557,1,68.27,115.178404,35.416035,687.72,0.00369710
2015,557,2,136.55,115.179156,35.416035,837.23,0.00350974
2015,558,0,0.00,115.179695,35.416574,598.02,0.00000000
2015,558,1,68.27,115.180369,35.416439,568.12,0.00000000
2015,558,2,136.55,115.181042,35.416305,568.12,0.00000000
2015,559,0,0.00,115.179695,35.416574,897.03,0.00000000
2015,559,1,38.64,115.179426,35.416305,702.67,0.00000000
2015,559,2,77.28,115.179156,35.416035,672.77,0.00000000
2015,56,0,0.00,115.729194,35.834830,672.77,-0.00408878
2015,56,1,96.40,115.728521,35.834964,463.47,-0.00335335
2015,56,2,192.81,115.727847,35.835638,448.52,-0.00261791
2015,561,0,0.00,115.174036,35.419269,388.71,-0.00189286
2015,561,1,96.50,115.173129,35.419000,358.81,-0.00180469
2015,561,2,193.01,115.172066,35.419000,328.91,-0.00085826
2015,561,3,289.51,115.171004,35.419000,328.91,-0.00006948
2015,561,4,386.02,115.169941,35.419000,418.61,-0.00085826
2015,561,5,482.52,115.168892,35.419023,388.71,-0.00071088
2015,561,6,579.03,115.167972,35.419269,358.81,-0.00000000
2015,561,7,675.53,115.166909,35.419269,418.61,-0.00007789
2015,561,8,772.04,115.166003,35.419539,418.61,0.00085826
2015,561,9,868.54,115.164940,35.419539,358.81,0.00052562
2015,561,10,965.05,115.163878,35.419539,358.81,-0.00085826
2015,561,11,1061.55,115.162878,35.419647,343.86,-0.00070417
2015,561,12,1158.06,115.161908,35.419808,313.96,-0.00035711
2015,562,0,0.00,115.167029,35.424928,164.46,-0.00343282
2015,562,1,85.40,115.166574,35.424389,373.76,-0.00332875
2015,562,2,170.80,115.165789,35.424120,478.42,-0.00283466
2015,562,3,256.21,115.165005,35.423851,403.66,-0.00232659
2015,562,4,341.61,115.164064,35.423851,343.86,-0.00220854
2015,563,0,0.00,115.167029,35.424928,343.86,0.00487300
2015,563,1,87.59,115.166319,35.425369,373.76,0.00439233
2015,563,2,175.17,115.165568,35.425198,403.66,0.00126536
2015,563,3,262.76,115.164603,35.425198,343.86,-0.00138094
2015,565,0,0.00,115.179156,35.416035,642.87,0.00111812
2015,565,1,91.20,115.179848,35.415496,478.42,0.00084907
2015,565,2,182.40,115.180626,35.415104,418.61,-0.00064481
2015,565,3,273.59,115.181361,35.414639,254.16,0.00038972
2015,565,4,364.79,115.181997,35.414003,299.01,0.00337224
2015,565,5,455.99,115.182929,35.413879,328.91,0.00409539
2015,566,0,0.00,115.181042,35.416305,463.47,0.00000000
2015,566,1,95.32,115.181780,35.415766,433.57,-0.00012283
2015,566,2,190.64,115.182518,35.415227,373.76,0.00003085
2015,566,3,285.96,115.183234,35.414652,299.01,0.00024737
2015,566,4,381.27,115.183998,35.414158,239.21,0.00090282
2015,566,5,476.59,115.184730,35.413610,239.21,0.00184646
2015,566,6,571.91,115.185624,35.413340,269.11,0.00207465
2015,567,0,0.00,115.181042,35.416305,732.58,0.00563698
2015,567,1,49.22,115.181312,35.416670,717.63,0.00552453
2015,567,2,98.44,115.181312,35.417113,284.06,0.00541208
2015,568,0,0.00,115.161908,35.419808,433.57,-0.00185660
2015,568,1,72.91,115.161400,35.420317,553.17,-0.00191236
2015,568,2,145.82,115.161100,35.420886,702.67,-0.00196812
2015,569,0,0.00,115.161908,35.419808,328.91,-0.00199337
2015,569,1,94.15,115.161028,35.419539,239.21,-0.00189970
2015,569,2,188.31,115.159991,35.419539,209.31,-0.00090301
2015,569,3,282.46,115.158954,35.419539,149.51,0.00000000
2015,569,4,376.61,115.157918,35.419539,149.51,0.00000000
2015,569,5,470.76,115.156881,35.419539,149.51,0.00076466
2015,569,6,564.92,115.155844,35.419539,179.41,0.00090301
2015,569,7,659.07,115.154941,35.419308,194.36,0.00027875
2015,569,8,753.22,115.153927,35.419269,209.31,-0.00000000
2015,569,9,847.37,115.153046,35.419000,239.21,-0.00014040
2015,569,10,941.53,115.152009,35.419000,299.01,0.00099669
2015,569,11,1035.68,115.151129,35.418730,299.01,0.00199337
2015,57,0,0.00,115.637027,35.746166,612.97,0.00056109
2015,57,1,99.43,115.636959,35.745290,418.61,-0.00189939
2015,57,2,198.87,115.637013,35.744534,284.06,-0.00443782
2015,57,3,298.30,115.636219,35.744010,418.61,-0.00451576
2015,570,0,0.00,115.151129,35.418730,1255.84,0.00275268
2015,570,1,87.86,115.150933,35.419465,508.32,0.00268198
2015,570,2,175.72,115.150320,35.420078,239.21,0.00261128
2015,571,0,0.00,115.151129,35.418730,299.01,-0.00332088
2015,571,1,97.82,115.150208,35.418461,209.31,-0.00350941
2015,571,2,195.63,115.149270,35.418702,209.31,-0.00175056
2015,571,3,293.45,115.148365,35.419000,239.21,-0.00065817
2015,571,4,391.27,115.147412,35.419213,254.16,-0.00029630
2015,571,5,489.08,115.146631,35.419725,313.96,0.00216521
2015,571,6,586.90,115.145602,35.419808,328.91,0.00195260
2015,571,7,684.72,115.144525,35.419808,328.91,-0.00058704
2015,571,8,782.54,115.143448,35.419808,358.81,-0.00175471
2015,571,9,880.35,115.142527,35.420078,388.71,0.00000000
2015,571,10,978.17,115.141606,35.420347,358.81,0.00175471
2015,571,11,1075.99,115.140529,35.420347,358.81,-0.00042704
2015,571,12,1173.80,115.139452,35.420347,388.71,-0.00098562
2015,571,13,1271.62,115.138604,35.420744,418.61,0.00167620
2015,571,14,1369.44,115.137766,35.420617,418.61,0.00015090
2015,571,15,1467.25,115.136688,35.420617,478.42,-0.00216915
2015,571,16,1565.07,115.135767,35.420886,493.37,-0.00183998
2015,572,0,0.00,115.135767,35.420886,1121.29,0.00000000
2015,572,1,69.77,115.135767,35.421515,1255.84,0.00000000
2015,572,2,139.53,115.135767,35.422144,717.63,0.00000000
2015,572,3,209.30,115.135767,35.422773,418.61,0.00000000
2015,573,0,0.00,115.135767,35.420886,433.57,-0.00000000
2015,573,1,86.63,115.134970,35.420617,478.42,-0.00118652
2015,573,2,173.25,115.134172,35.420347,448.52,-0.00225881
2015,573,3,259.88,115.133218,35.420347,418.61,-0.00107229
2015,573,4,346.51,115.132264,35.420347,478.42,0.00000000
2015,574,0,0.00,115.132264,35.420347,1151.19,-0.00000000
2015,574,1,87.86,115.131860,35.421021,1225.94,-0.00000000
2015,574,2,175.72,115.131455,35.421695,388.71,-0.00000000
2015,575,0,0.00,115.132264,35.420347,538.22,-0.00255391
2015,575,1,81.92,115.131674,35.419808,388.71,-0.00392371
2015,575,2,163.85,115.130924,35.419546,358.81,-0.00382054
2015,575,3,245.77,115.130026,35.419539,299.01,-0.00120328
2015,575,4,327.70,115.129124,35.419539,627.92,-0.00002949
2015,575,5,409.62,115.128222,35.419539,627.92,0.00000000
2015,576,0,0.00,115.131455,35.421695,702.67,0.00369325
2015,576,1,53.59,115.131290,35.422129,388.71,0.00358590
2015,576,2,107.18,115.130917,35.422503,388.71,0.00347856
2015,577,0,0.00,115.131455,35.421695,568.12,-0.00883024
2015,577,1,43.79,115.130973,35.421695,762.48,-0.00901868
2015,577,2,87.59,115.130647,35.421964,538.22,-0.00920711
2015,578,0,0.00,115.128222,35.419539,1794.06,0.00144139
2015,578,1,94.07,115.128222,35.420386,1031.59,0.00148470
2015,578,2,188.14,115.127952,35.421156,1076.44,0.00152801
2015,579,0,0.00,115.128222,35.419539,762.48,-0.00358994
2015,579,1,96.09,115.127551,35.418868,328.91,-0.00419459
2015,579,2,192.18,115.126573,35.418730,269.11,-0.00513745
2015,579,3,288.27,115.125519,35.418737,747.53,-0.00501372
2015,579,4,384.36,115.124849,35.419407,1031.59,-0.00227589
2015,579,5,480.45,115.124179,35.420078,1210.99,0.00000000
2015,58,0,0.00,115.637027,35.746166,388.71,0.00235749
2015,58,1,76.31,115.636197,35.746144,358.81,0.00463488
2015,58,2,152.63,115.635497,35.745897,299.01,0.00566091
2015,58,3,228.94,115.635141,35.745358,269.11,0.00440956
2015,580,0,0.00,115.130917,35.422503,732.58,0.00115126
2015,580,1,92.23,115.131560,35.423146,792.38,0.00118223
2015,580,2,184.46,115.131994,35.423851,523.27,0.00121319
2015,581,0,0.00,115.130917,35.422503,373.76,-0.00000000
2015,581,1,87.59,115.130108,35.422773,463.47,-0.00000000
2015,581,2,175.18,115.129300,35.423042,732.58,-0.00000000
2015,582,0,0.00,115.127952,35.421156,627.92,0.00000000
2015,582,1,81.58,115.127054,35.421156,598.02,0.00000000
2015,582,2,163.17,115.126155,35.421156,568.12,0.00000000
2015,582,3,244.75,115.125257,35.421156,568.12,0.00000000
2015,583,0,0.00,115.127952,35.421156,807.33,-0.00000000
2015,583,1,38.64,115.128222,35.421425,702.67,-0.00000000
2015,583,2,77.28,115.128491,35.421695,777.43,-0.00000000
2015,584,0,0.00,115.124179,35.420078,568.12,-0.00000000
2015,584,1,90.17,115.123342,35.419808,538.22,-0.00000000
2015,584,2,180.34,115.122505,35.419539,553.17,-0.00109115
2015,584,3,270.51,115.121669,35.419269,523.27,-0.00207835
2015,584,4,360.67,115.120676,35.419269,478.42,-0.00197439
2015,585,0,0.00,115.124179,35.420078,717.63,0.00000000
2015,585,1,77.28,115.124718,35.420617,747.53,0.00000000
2015,585,2,154.56,115.125257,35.421156,747.53,0.00000000
2015,586,0,0.00,115.131994,35.423851,433.57,0.00577826
2015,586,1,56.03,115.131533,35.424120,493.37,0.00553435
2015,586,2,112.06,115.130917,35.424120,433.57,0.00529043
2015,587,0,0.00,115.131994,35.423851,493.37,-0.00187124
2015,587,1,97.04,115.132907,35.424120,433.57,-0.00093562
2015,587,2,194.07,115.133976,35.424120,433.57,0.00162544
2015,587,3,291.11,115.134888,35.424389,523.27,0.00093562
2015,587,4,388.14,115.135690,35.424851,463.47,-0.00224012
2015,587,5,485.18,115.136713,35.424928,433.57,-0.00101498
2015,587,6,582.21,115.137782,35.424928,224.26,0.00061468
2015,587,7,679.25,115.138708,35.425174,373.76,-0.00069841
2015,587,8,776.28,115.139763,35.425198,373.76,-0.00084863
2015,587,9,873.32,115.140831,35.425198,373.76,-0.00007085
2015,587,10,970.35,115.141900,35.425198,373.76,0.00000000
2015,587,11,1067.39,115.142968,35.425198,373.76,0.00000000
2015,587,12,1164.42,115.144037,35.425198,343.86,0.00000000
2015,587,13,1261.46,115.145105,35.425198,313.96,-0.00029870
2015,587,14,1358.49,115.146174,35.425198,313.96,-0.00084863
2015,587,15,1455.53,115.147185,35.425099,313.96,-0.00022668
2015,587,16,1552.56,115.148155,35.424928,343.86,-0.00000000
2015,587,17,1649.60,115.149223,35.424928,254.16,-0.00032324
2015,587,18,1746.63,115.150136,35.424659,209.31,0.00084863
2015,587,19,1843.67,115.151204,35.424659,284.06,0.00148996
2015,587,20,1940.70,115.152273,35.424659,224.26,0.00000000
2015,587,21,2037.74,115.153222,35.424866,224.26,-0.00130641
2015,587,22,2134.77,115.154098,35.424659,224.26,0.00000000
2015,587,23,2231.81,115.155166,35.424659,194.36,-0.00018355
2015,587,24,2328.84,115.156235,35.424659,194.36,-0.00084863
2015,587,25,2425.88,115.157147,35.424389,164.46,0.00084863
2015,587,26,2522.91,115.158216,35.424389,194.36,0.00084863
2015,587,27,2619.95,115.159284,35.424389,164.46,0.00063157
2015,587,28,2716.98,115.160353,35.424389,224.26,0.00178425
2015,587,29,2814.02,115.161303,35.424593,388.71,0.00162653
2015,587,30,2911.05,115.162178,35.424928,403.66,0.00094772
2015,588,0,0.00,115.129300,35.423042,687.72,-0.00471378
2015,588,1,65.83,115.129550,35.423562,657.82,-0.00479930
2015,588,2,131.65,115.130108,35.423851,508.32,-0.00488481
2015,589,0,0.00,115.129300,35.423042,313.96,0.00572491
2015,589,1,63.11,115.128662,35.422943,373.76,0.00552825
2015,589,2,126.23,115.128222,35.422503,478.42,0.00533159
2015,59,0,0.00,115.733776,35.833752,1794.06,-0.00567273
2015,59,1,71.03,115.733280,35.833255,1255.84,-0.00435290
2015,59,2,142.06,115.732518,35.833213,1136.24,-0.00000000
2015,59,3,213.08,115.731889,35.832943,777.43,0.00303307
2015,590,0,0.00,115.125257,35.421156,971.78,-0.00239815
2015,590,1,91.93,115.125273,35.421980,553.17,-0.00405559
2015,590,2,183.86,115.125705,35.422682,762.48,-0.00618328
2015,590,3,275.79,115.126509,35.423042,493.37,-0.00640045
2015,590,4,367.72,115.127482,35.422973,717.63,-0.00466908
2015,590,5,459.64,115.128222,35.422503,926.93,-0.00319080
2015,592,0,0.00,115.128491,35.421695,627.92,0.00000000
2015,592,1,61.19,115.129165,35.421695,418.61,0.00000000
2015,592,2,122.37,115.129839,35.421695,313.96,0.00000000
2015,593,0,0.00,115.128491,35.421695,956.83,-0.00563666
2015,593,1,49.22,115.128222,35.422059,1210.99,-0.00552422
2015,593,2,98.44,115.128222,35.422503,358.81,-0.00541178
2015,594,0,0.00,115.120676,35.419269,702.67,-0.00108859
2015,594,1,97.21,115.120206,35.418530,687.72,-0.00054430
2015,594,2,194.43,115.119528,35.417852,358.81,0.00054430
2015,594,3,291.64,115.119059,35.417113,598.02,0.00108859
2015,595,0,0.00,115.120676,35.419269,598.02,0.00458940
2015,595,1,75.35,115.120051,35.419453,493.37,0.00429590
2015,595,2,150.71,115.119328,35.419269,448.52,0.00400239
2015,596,0,0.00,115.162178,35.424928,194.36,0.00278431
2015,596,1,85.15,115.162563,35.424274,179.41,0.00282314
2015,596,2,170.29,115.163256,35.423851,284.06,0.00286196
2015,597,0,0.00,115.162178,35.424928,403.66,-0.00388529
2015,597,1,68.27,115.162774,35.425198,358.81,-0.00369787
2015,597,2,136.53,115.163525,35.425198,343.86,-0.00351045
2015,598,0,0.00,115.162178,35.424928,224.26,0.01066341
2015,598,1,31.56,115.161958,35.425149,194.36,0.01105676
2015,598,2,63.11,115.161639,35.425198,224.26,0.01145012
2015,599,0,0.00,115.119328,35.419269,1001.69,0.00519698
2015,599,1,80.25,115.118977,35.419890,911.98,0.00739057
2015,599,2,160.50,115.118202,35.420078,209.31,0.00853550
2015,599,3,240.75,115.117462,35.419829,239.21,0.00520685
2015,599,4,321.00,115.116903,35.419269,343.86,0.00292686
2015,6,0,0.00,115.693621,35.791711,642.87,0.00000000
2015,6,1,38.57,115.693891,35.791980,612.97,0.00000000
2015,6,2,77.14,115.694160,35.792250,612.97,0.00000000
2015,60,0,0.00,115.733776,35.833752,553.17,0.00156691
2015,60,1,97.38,115.734539,35.833213,538.22,0.00029019
2015,60,2,194.76,115.735435,35.832901,508.32,-0.00115126
2015,60,3,292.14,115.736115,35.832221,433.57,-0.00057156
2015,60,4,389.52,115.736895,35.831710,418.61,-0.00000000
2015,60,5,486.89,115.737592,35.831057,448.52,0.00038267
2015,60,6,584.27,115.738356,35.830519,418.61,0.00036238
2015,60,7,681.65,115.739136,35.830009,403.66,-0.00020150
2015,60,8,779.03,115.739881,35.829440,418.61,0.00039967
2015,60,9,876.41,115.740644,35.828901,388.71,0.00001610
2015,60,10,973.79,115.741475,35.828478,373.76,-0.00076206
2015,60,11,1071.17,115.742156,35.827798,373.76,0.00027667
2015,60,12,1168.55,115.742935,35.827287,418.61,0.00004760
2015,60,13,1265.92,115.743715,35.826777,373.76,-0.00108043
2015,60,14,1363.30,115.744286,35.826206,418.61,-0.00113532
2015,600,0,0.00,115.119328,35.419269,433.57,-0.00260300
2015,600,1,82.87,115.118572,35.419000,328.91,-0.00365171
2015,600,2,165.74,115.117659,35.419000,418.61,-0.00365171
2015,600,3,248.61,115.116903,35.419269,508.32,-0.00260300
2015,601,0,0.00,115.116633,35.419000,418.61,-0.00000000
2015,601,1,19.32,115.116768,35.419134,373.76,-0.00000000
2015,601,2,38.64,115.116903,35.419269,343.86,-0.00000000
2015,603,0,0.00,115.116633,35.419000,1001.69,-0.00566805
2015,603,1,68.54,115.116364,35.419539,732.58,-0.00566805
2015,603,2,137.08,115.116633,35.420078,598.02,-0.00566805
2015,604,0,0.00,115.116633,35.419000,418.61,-0.00363157
2015,604,1,97.95,115.115950,35.418316,538.22,-0.00326558
2015,604,2,195.91,115.114944,35.418191,508.32,-0.00147350
2015,604,3,293.86,115.114022,35.417922,508.32,-0.00041853
2015,604,4,391.82,115.113012,35.417803,478.42,0.00043085
2015,604,5,489.77,115.112020,35.417652,478.42,0.00091727
2015,604,6,587.73,115.111151,35.417290,463.47,-0.00022891
2015,604,7,685.68,115.110175,35.417113,448.52,-0.00069787
2015,604,8,783.64,115.109253,35.416844,418.61,-0.00013302
2015,604,9,881.59,115.108213,35.416777,403.66,0.00046669
2015,604,10,979.55,115.107332,35.416436,388.71,-0.00002611
2015,604,11,1077.50,115.106329,35.416305,328.91,0.00023117
2015,604,12,1175.46,115.105407,35.416035,328.91,0.00018552
2015,604,13,1273.41,115.104484,35.415766,299.01,-0.00000000
2015,604,14,1371.37,115.103513,35.415581,269.11,0.00059163
2015,604,15,1469.32,115.102639,35.415227,239.21,0.00000000
2015,604,16,1567.28,115.101716,35.414957,239.21,-0.00017870
2015,604,17,1665.23,115.100794,35.414688,239.21,0.00097674
2015,604,18,1763.19,115.099891,35.414384,209.31,0.00099241
2015,604,19,1861.14,115.099109,35.413872,209.31,-0.00005137
2015,604,20,1959.10,115.098228,35.413530,194.36,-0.00000000
2015,604,21,2057.05,115.097415,35.413071,209.31,0.00094725
2015,604,22,2155.01,115.096565,35.412676,254.16,0.00165560
2015,604,23,2252.96,115.095882,35.411993,299.01,0.00178846
2015,605,0,0.00,115.095882,35.411993,388.71,-0.00028060
2015,605,1,95.66,115.094919,35.411838,194.36,0.00026094
2015,605,2,191.33,115.093932,35.411723,164.46,0.00196098
2015,605,3,286.99,115.093035,35.411454,179.41,0.00196159
2015,605,4,382.65,115.092293,35.410915,149.51,0.00024810
2015,605,5,478.32,115.091460,35.410535,164.46,0.00084669
2015,605,6,573.98,115.090694,35.410038,149.51,0.00238538
2015,605,7,669.64,115.090027,35.409371,179.41,0.00067197
2015,605,8,765.31,115.089684,35.408609,164.46,-0.00117936
2015,605,9,860.97,115.088933,35.408220,194.36,0.00032397
2015,605,10,956.63,115.088453,35.407528,164.46,0.00033536
2015,605,11,1052.30,115.087797,35.406858,119.60,0.00071131
2015,605,12,1147.96,115.087229,35.406304,149.51,0.00167650
2015,605,13,1243.62,115.086979,35.405515,149.51,-0.00006911
2015,605,14,1339.29,115.086520,35.404786,149.51,-0.00047250
2015,605,15,1434.95,115.086061,35.404058,179.41,0.00057931
2015,605,16,1530.61,115.085641,35.403319,209.31,0.00094690
2015,605,17,1626.28,115.085353,35.402541,239.21,0.00058217
2015,605,18,1721.94,115.085102,35.401752,299.01,0.00021553
2015,606,0,0.00,115.095882,35.411993,448.52,-0.00062037
2015,606,1,90.62,115.095882,35.411334,448.52,-0.00155295
2015,606,2,181.25,115.095783,35.410546,149.51,-0.00287829
2015,606,3,271.87,115.095359,35.409853,164.46,-0.00174847
2015,606,4,362.49,115.094727,35.409221,179.41,0.00098616
2015,606,5,453.11,115.094265,35.408539,209.31,0.00086054
2015,606,6,543.74,115.093996,35.407801,179.41,-0.00105222
2015,606,7,634.36,115.093457,35.407142,179.41,-0.00162730
2015,607,0,0.00,115.085102,35.401752,478.42,0.00381569
2015,607,1,94.69,115.084146,35.401604,179.41,0.00368468
2015,607,2,189.37,115.083485,35.400943,328.91,0.00355368
2015,608,0,0.00,115.085102,35.401752,403.66,-0.00193985
2015,608,1,83.76,115.085372,35.401076,343.86,-0.00397043
2015,608,2,167.51,115.085372,35.400321,164.46,-0.00550780
2015,608,3,251.27,115.084833,35.399865,179.41,-0.00501460
2015,609,0,0.00,115.093457,35.407142,224.26,-0.00369339
2015,609,1,53.59,115.093292,35.406707,179.41,-0.00358600
2015,609,2,107.18,115.092918,35.406333,164.46,-0.00347862
2015,61,0,0.00,115.729464,35.833482,672.77,0.00000000
2015,61,1,92.00,115.730325,35.833213,523.27,0.00086163
2015,61,2,184.00,115.731186,35.832943,493.37,0.00199456
2015,61,3,276.00,115.731889,35.832943,642.87,0.00226586
2015,610,0,0.00,115.093457,35.407142,1046.54,0.01005905
2015,610,1,72.56,115.092852,35.407345,179.41,0.01387868
2015,610,2,145.13,115.092412,35.406839,179.41,0.01320965
2015,610,3,217.69,115.092918,35.406333,328.91,0.00872099
2015,611,0,0.00,115.083485,35.400943,328.91,-0.00000000
2015,611,1,90.42,115.082855,35.400313,149.51,0.00123135
2015,611,2,180.84,115.082224,35.399682,179.41,0.00191340
2015,611,3,271.26,115.082011,35.398930,149.51,0.00130018
2015,611,4,361.68,115.081599,35.398235,179.41,0.00058636
2015,611,5,452.10,115.081584,35.397425,179.41,-0.00065031
2015,611,6,542.52,115.081162,35.396733,269.11,0.00020406
2015,611,7,632.94,115.080948,35.395981,269.11,0.00065031
2015,611,8,723.36,115.080791,35.395212,388.71,-0.00052025
2015,611,9,813.78,115.080521,35.394476,418.61,-0.00069594
2015,612,0,0.00,115.083485,35.400943,792.38,-0.00000000
2015,612,1,89.53,115.084159,35.400404,508.32,-0.00000000
2015,612,2,179.06,115.084833,35.399865,627.92,-0.00000000
2015,613,0,0.00,115.084833,35.399865,164.46,-0.00000000
2015,613,1,68.54,115.084563,35.399326,149.51,-0.00000000
2015,613,2,137.09,115.084294,35.398788,149.51,-0.00000000
2015,615,0,0.00,115.092918,35.406333,149.51,-0.00188969
2015,615,1,74.37,115.092608,35.405754,164.46,-0.00183650
2015,615,2,148.74,115.092089,35.405235,149.51,-0.00089166
2015,615,3,223.11,115.091570,35.404716,134.55,-0.00000000
2015,616,0,0.00,115.080521,35.394476,1076.44,-0.00000000
2015,616,1,50.89,115.080925,35.394206,583.07,-0.00000000
2015,616,2,101.77,115.081330,35.393937,493.37,-0.00000000
2015,617,0,0.00,115.080521,35.394476,657.82,0.00096632
2015,617,1,96.23,115.079751,35.393975,612.97,0.00089095
2015,617,2,192.46,115.079174,35.393419,612.97,-0.00079185
2015,617,3,288.70,115.078727,35.393035,373.76,0.00080777
2015,617,4,384.93,115.077957,35.392720,328.91,0.00394409
2015,617,5,481.16,115.077826,35.391892,343.86,0.00155918
2015,617,6,577.39,115.077557,35.391103,343.86,0.00069297
2015,617,7,673.63,115.077287,35.390314,642.87,0.00357960
2015,617,8,769.86,115.077424,35.389487,523.27,0.00391231
2015,617,9,866.09,115.078096,35.388816,971.78,0.00280637
2015,618,0,0.00,115.091570,35.404716,164.46,0.00026121
2015,618,1,90.92,115.091145,35.404021,134.55,0.00061234
2015,618,2,181.85,115.090762,35.403314,179.41,0.00000000
2015,618,3,272.77,115.090492,35.402573,164.46,-0.00058257
2015,618,4,363.70,115.089953,35.401911,194.36,-0.00096910
2015,618,5,454.62,115.089651,35.401180,224.26,-0.00089885
2015,618,6,545.55,115.088918,35.400717,254.16,0.00239398
2015,618,7,636.47,115.088606,35.399988,194.36,0.00342446
2015,618,8,727.40,115.088606,35.399326,194.36,0.00199979
2015,619,0,0.00,115.091570,35.404716,328.91,-0.00000000
2015,619,1,19.32,115.091436,35.404851,239.21,-0.00000000
2015,619,2,38.64,115.091301,35.404986,313.96,-0.00000000
2015,62,0,0.00,115.729464,35.833482,254.16,-0.01070477
2015,62,1,31.46,115.729244,35.833262,284.06,-0.01110407
2015,62,2,62.91,115.728925,35.833213,538.22,-0.01150337
2015,620,0,0.00,115.081330,35.393937,672.77,0.00187437
2015,620,1,76.33,115.081961,35.394298,583.07,0.00141129
2015,620,2,152.66,115.082493,35.394830,388.71,-0.00378153
2015,620,3,228.99,115.083071,35.395284,269.11,-0.00834722
2015,620,4,305.32,115.083755,35.395015,747.53,-0.00818314
2015,621,0,0.00,115.081330,35.393937,478.42,0.00144184
2015,621,1,94.07,115.081330,35.393089,508.32,0.00148519
2015,621,2,188.14,115.081599,35.392320,478.42,0.00152854
2015,622,0,0.00,115.078096,35.388816,837.23,0.00165180
2015,622,1,89.31,115.078923,35.389086,732.58,0.00287756
2015,622,2,178.61,115.079637,35.389550,642.87,0.00034409
2015,622,3,267.92,115.080052,35.390233,269.11,-0.00180365
2015,622,4,357.23,115.080763,35.390164,418.61,0.00374830
2015,622,5,446.53,115.081187,35.390830,328.91,0.00435463
2015,622,6,535.84,115.081330,35.391594,343.86,0.00010404
2015,622,7,625.15,115.081599,35.392320,448.52,-0.00081240
2015,623,0,0.00,115.078096,35.388816,612.97,-0.00369355
2015,623,1,53.60,115.077930,35.388381,598.02,-0.00358612
2015,623,2,107.19,115.077557,35.388008,598.02,-0.00347870
2015,624,0,0.00,115.088606,35.399326,224.26,0.01144679
2015,624,1,31.56,115.088925,35.399376,254.16,0.01105381
2015,624,2,63.13,115.089145,35.399596,269.11,0.01066082
2015,625,0,0.00,115.088606,35.399326,254.16,0.00172091
2015,625,1,87.87,115.088067,35.398692,179.41,0.00062022
2015,625,2,175.73,115.087797,35.397979,164.46,0.00000000
2015,625,3,263.60,115.087185,35.397366,134.55,0.00161667
2015,625,4,351.46,115.086989,35.396632,194.36,0.00275287
2015,626,0,0.00,115.083755,35.395015,269.11,0.00223442
2015,626,1,70.21,115.084343,35.395333,239.21,0.00213651
2015,626,2,140.42,115.084833,35.395823,209.31,0.00203859
2015,627,0,0.00,115.083755,35.395015,358.81,-0.00563829
2015,627,1,49.22,115.084024,35.394650,523.27,-0.00552579
2015,627,2,98.44,115.084024,35.394206,478.42,-0.00541329
2015,628,0,0.00,115.081599,35.392320,747.53,-0.00367150
2015,628,1,56.05,115.082089,35.392540,867.13,-0.00356805
2015,628,2,112.10,115.082677,35.392589,598.02,-0.00346459
2015,629,0,0.00,115.077557,35.388008,612.97,0.00110207
2015,629,1,97.51,115.077294,35.387206,508.32,0.00055103
2015,629,2,195.02,115.077239,35.386343,433.57,-0.00045795
2015,629,3,292.53,115.076976,35.385541,388.71,-0.00055103
2015,629,4,390.04,115.076748,35.384729,373.76,-0.00085292
2015,629,5,487.54,115.076450,35.383937,328.91,-0.00217341
2015,629,6,585.05,115.075940,35.383208,328.91,-0.00074334
2015,629,7,682.56,115.075200,35.382687,328.91,0.00195299
2015,629,8,780.07,115.074937,35.381885,299.01,0.00022210
2015,629,9,877.58,115.074592,35.381107,328.91,-0.00220137
2015,629,10,975.09,115.073960,35.380462,373.76,-0.00015367
2015,629,11,1072.60,115.073245,35.379885,299.01,0.00166196
2015,629,12,1170.11,115.072953,35.379092,239.21,0.00031672
2015,629,13,1267.61,115.072436,35.378364,239.21,-0.00023878
2015,629,14,1365.12,115.072010,35.377610,179.41,-0.00105539
2015,629,15,1462.63,115.071538,35.376869,149.51,-0.00235697
2015,629,16,1560.14,115.070760,35.376360,224.26,-0.00108090
2015,629,17,1657.65,115.069964,35.375880,239.21,0.00030093
2015,629,18,1755.16,115.069202,35.375341,448.52,0.00039933
2015,63,0,0.00,115.636219,35.744010,732.58,0.00121296
2015,63,1,92.11,115.635784,35.744714,807.33,0.00118216
2015,63,2,184.22,115.635141,35.745358,1794.06,0.00115136
2015,630,0,0.00,115.077557,35.388008,1285.75,0.00184138
2015,630,1,97.78,115.076636,35.388277,1569.81,0.00306385
2015,630,2,195.56,115.075560,35.388277,762.48,0.00503107
2015,630,3,293.34,115.074721,35.387867,493.37,0.00428973
2015,630,4,391.11,115.074248,35.387124,433.57,0.00194391
2015,630,5,488.89,115.073784,35.386379,388.71,0.00106251
2015,630,6,586.67,115.073514,35.385576,328.91,0.00052043
2015,630,7,684.45,115.073245,35.384774,343.86,0.00000000
2015,632,0,0.00,115.086989,35.396632,164.46,-0.00042986
2015,632,1,98.36,115.086450,35.395903,194.36,-0.00006032
2015,632,2,196.72,115.085826,35.395199,209.31,-0.00050526
2015,632,3,295.08,115.085348,35.394452,224.26,-0.00172141
2015,632,4,393.44,115.084563,35.393937,254.16,-0.00212308
2015,633,0,0.00,115.083755,35.393937,373.76,0.00000000
2015,633,1,19.32,115.083620,35.393802,418.61,0.00000000
2015,633,2,38.64,115.083485,35.393667,418.61,0.00000000
2015,634,0,0.00,115.083485,35.393398,702.67,0.00000000
2015,634,1,14.95,115.083485,35.393532,702.67,0.00000000
2015,634,2,29.90,115.083485,35.393667,672.77,0.00000000
2015,635,0,0.00,115.083755,35.393937,373.76,0.00000000
2015,635,1,19.32,115.083890,35.394071,388.71,0.00000000
2015,635,2,38.64,115.084024,35.394206,388.71,0.00000000
2015,636,0,0.00,115.084024,35.394206,328.91,-0.01144610
2015,636,1,31.56,115.084343,35.394157,837.23,-0.01105320
2015,636,2,63.13,115.084563,35.393937,1061.49,-0.01066029
2015,637,0,0.00,115.083485,35.393398,328.91,0.00000000
2015,637,1,36.73,115.083890,35.393398,164.46,0.00000000
2015,637,2,73.45,115.084294,35.393398,179.41,0.00000000
2015,638,0,0.00,115.083755,35.393937,553.17,0.00000000
2015,638,1,19.32,115.083620,35.394071,403.66,0.00000000
2015,638,2,38.64,115.083485,35.394206,373.76,0.00000000
2015,639,0,0.00,115.083485,35.393398,598.02,0.00000000
2015,639,1,57.97,115.083081,35.392993,553.17,0.00000000
2015,639,2,115.94,115.082677,35.392589,642.87,0.00000000
2015,64,0,0.00,115.636219,35.744010,418.61,0.00000000
2015,64,1,77.16,115.635680,35.743471,269.11,0.00000000
2015,64,2,154.32,115.635141,35.742932,328.91,0.00000000
2015,640,0,0.00,115.082677,35.392589,538.22,0.00805049
2015,640,1,77.25,115.083042,35.392050,1106.34,0.01055193
2015,640,2,154.49,115.083842,35.392137,717.63,0.01118208
2015,640,3,231.74,115.084294,35.392701,612.97,0.00650368
2015,640,4,308.99,115.084294,35.393398,702.67,0.00369656
2015,642,0,0.00,115.069202,35.375341,807.33,0.00121322
2015,642,1,92.25,115.069637,35.374637,568.12,0.00118223
2015,642,2,184.49,115.070280,35.373994,119.60,0.00115125
2015,643,0,0.00,115.069202,35.375341,388.71,0.00234799
2015,643,1,82.91,115.068290,35.375341,448.52,0.00000000
2015,643,2,165.81,115.067533,35.375072,418.61,-0.00364817
2015,643,3,248.72,115.066777,35.375341,433.57,-0.00494835
2015,644,0,0.00,115.084563,35.393937,448.52,-0.00891567
2015,644,1,34.27,115.084533,35.393637,403.66,-0.00879841
2015,644,2,68.54,115.084294,35.393398,433.57,-0.00868115
2015,647,0,0.00,115.066777,35.375341,1136.24,0.00000000
2015,647,1,76.42,115.066777,35.376030,1210.99,0.00171709
2015,647,2,152.84,115.066777,35.376719,807.33,0.00554978
2015,647,3,229.25,115.066384,35.377228,433.57,0.00563112
2015,647,4,305.67,115.065699,35.377497,418.61,0.00359687
2015,648,0,0.00,115.066777,35.375341,448.52,-0.00290444
2015,648,1,82.46,115.066181,35.375341,448.52,-0.00250195
2015,648,2,164.92,115.065429,35.375611,373.76,-0.00209946
2015,649,0,0.00,115.065699,35.377497,343.86,0.00259243
2015,649,1,72.68,115.065429,35.376921,553.17,0.00251637
2015,649,2,145.36,115.065429,35.376266,1210.99,0.00122015
2015,649,3,218.05,115.065429,35.375611,1136.24,0.00000000
2015,65,0,0.00,115.635141,35.745358,478.42,0.00215878
2015,65,1,72.92,115.634433,35.745189,254.16,0.00412899
2015,65,2,145.85,115.633824,35.744850,269.11,0.00495590
2015,65,3,218.77,115.633524,35.744280,284.06,0.00381260
2015,650,0,0.00,115.065699,35.377497,403.66,0.00000000
2015,650,1,63.14,115.065160,35.377767,358.81,0.00000000
2015,650,2,126.27,115.064621,35.378036,538.22,0.00000000
2015,652,0,0.00,115.065429,35.375611,463.47,-0.00295398
2015,652,1,85.44,115.064645,35.375341,388.71,-0.00342762
2015,652,2,170.88,115.063744,35.375410,523.27,-0.00444699
2015,652,3,256.32,115.062920,35.375611,388.71,-0.00454689
2015,652,4,341.75,115.062465,35.376150,508.32,-0.00410106
2015,653,0,0.00,115.064621,35.378036,627.92,0.00195517
2015,653,1,94.70,115.063890,35.378575,478.42,0.00199470
2015,653,2,189.41,115.063004,35.378845,433.57,0.00203424
2015,654,0,0.00,115.064621,35.378036,493.37,0.00110134
2015,654,1,98.34,115.063836,35.377521,568.12,0.00106209
2015,654,2,196.68,115.063151,35.376836,1001.69,0.00051142
2015,654,3,295.02,115.062465,35.376150,971.78,-0.00000000
2015,655,0,0.00,115.062465,35.376150,448.52,-0.00249243
2015,655,1,80.55,115.061578,35.376150,478.42,-0.00262697
2015,655,2,161.09,115.060848,35.376419,493.37,-0.00276152
2015,656,0,0.00,115.060848,35.376419,1076.44,0.00000000
2015,656,1,79.12,115.060848,35.377133,478.42,0.00000000
2015,656,2,158.25,115.060848,35.377846,627.92,-0.00211606
2015,656,3,237.37,115.060848,35.378559,328.91,-0.00424344
2015,656,4,316.49,115.061387,35.379114,478.42,-0.00425476
2015,657,0,0.00,115.060848,35.376419,478.42,0.00000000
2015,657,1,85.71,115.059905,35.376419,418.61,0.00000000
2015,657,2,171.42,115.058961,35.376419,418.61,0.00000000
2015,658,0,0.00,115.061387,35.379114,224.26,-0.01775564
2015,658,1,38.65,115.061117,35.379384,,-0.01775564
2015,658,2,77.30,115.061387,35.379653,388.71,-0.01775564
2015,659,0,0.00,115.061387,35.379114,224.26,0.00000000
2015,659,1,19.32,115.061522,35.378980,239.21,0.00000000
2015,659,2,38.65,115.061656,35.378845,254.16,0.00000000
2015,660,0,0.00,115.061387,35.379653,463.47,0.00000000
2015,660,1,12.24,115.061522,35.379653,463.47,0.00000000
2015,660,2,24.49,115.061656,35.379653,463.47,0.00000000
2015,661,0,0.00,115.061387,35.379653,74.75,0.00000000
2015,661,1,19.32,115.061252,35.379788,44.85,0.00000000
2015,661,2,38.65,115.061117,35.379923,,0.00000000
2015,67,0,0.00,115.731889,35.832943,941.88,-0.00199213
2015,67,1,92.08,115.731785,35.832300,911.98,-0.00181513
2015,67,2,184.15,115.731350,35.831596,433.57,-0.00163812
2015,69,0,0.00,115.744286,35.826206,448.52,0.00347118
2015,69,1,98.36,115.745217,35.825936,448.52,0.00256109
2015,69,2,196.72,115.746149,35.826206,358.81,0.00000000
2015,69,3,295.08,115.747237,35.826206,328.91,-0.00090393
2015,69,4,393.44,115.748326,35.826206,269.11,0.00053756
2015,69,5,491.80,115.749114,35.826182,164.46,0.00176148
2015,69,6,590.17,115.750099,35.826359,134.55,0.00233627
2015,69,7,688.53,115.750985,35.826706,194.36,0.00395420
2015,69,8,786.89,115.751772,35.827223,134.55,0.00482320
2015,69,9,885.25,115.751832,35.828092,239.21,0.00411954
2015,7,0,0.00,115.692274,35.802760,657.82,0.00251277
2015,7,1,80.04,115.692932,35.802371,553.17,0.00609346
2015,7,2,160.09,115.693730,35.802221,343.86,0.00852781
2015,7,3,240.13,115.694160,35.802734,224.26,0.00351244
2015,7,4,320.18,115.694699,35.803299,418.61,-0.00035658
2015,70,0,0.00,115.744286,35.826206,1166.14,-0.00112510
2015,70,1,95.50,115.743828,35.825478,1061.49,-0.00222203
2015,70,2,191.00,115.743160,35.824811,822.28,-0.00351110
2015,70,3,286.50,115.742294,35.824484,732.58,-0.00299966
2015,70,4,382.00,115.741333,35.824319,553.17,-0.00166916
2015,70,5,477.51,115.740276,35.824319,523.27,-0.00052112
2015,70,6,573.01,115.739220,35.824319,538.22,-0.00000000
2015,70,7,668.51,115.738163,35.824319,448.52,-0.00087722
2015,70,8,764.01,115.737106,35.824319,433.57,-0.00268114
2015,70,9,859.51,115.736206,35.824589,403.66,-0.00293493
2015,70,10,955.01,115.735438,35.825083,403.66,-0.00142337
2015,70,11,1050.51,115.734722,35.825667,403.66,0.00000000
2015,70,12,1146.01,115.734004,35.826248,418.61,0.00058373
2015,70,13,1241.52,115.733237,35.826745,448.52,0.00058275
2015,71,0,0.00,115.635141,35.742932,448.52,-0.00674647
2015,71,1,85.01,115.634756,35.742278,299.01,-0.00779464
2015,71,2,170.02,115.634063,35.742393,523.27,-0.00884281
2015,72,0,0.00,115.635141,35.742932,598.02,-0.00208835
2015,72,1,72.42,115.634536,35.743268,553.17,-0.00199806
2015,72,2,144.85,115.634030,35.743774,1794.06,-0.00095389
2015,72,3,217.27,115.633524,35.744280,1794.06,0.00000000
2015,73,0,0.00,115.633524,35.744280,328.91,0.00439696
2015,73,1,50.77,115.633070,35.744095,284.06,0.00418162
2015,73,2,101.53,115.632715,35.743741,299.01,0.00396628
2015,75,0,0.00,115.731350,35.831596,583.07,0.00000000
2015,75,1,80.64,115.731755,35.831057,523.27,0.00000000
2015,75,2,161.28,115.732159,35.830518,523.27,0.00000000
2015,76,0,0.00,115.731350,35.831596,687.72,-0.01150316
2015,76,1,31.46,115.731031,35.831645,538.22,-0.01110388
2015,76,2,62.91,115.730811,35.831865,508.32,-0.01070461
2015,77,0,0.00,115.751832,35.828092,164.46,-0.00000000
2015,77,1,19.28,115.751967,35.828227,179.41,-0.00000000
2015,77,2,38.56,115.752102,35.828362,209.31,-0.00000000
2015,78,0,0.00,115.751832,35.828092,299.01,0.00000000
2015,78,1,24.35,115.751563,35.828092,299.01,0.00000000
2015,78,2,48.70,115.751293,35.828092,254.16,0.00000000
2015,79,0,0.00,115.752102,35.828362,269.11,0.01150273
2015,79,1,31.46,115.752421,35.828412,194.36,0.01110350
2015,79,2,62.91,115.752641,35.828631,194.36,0.01070428
2015,8,0,0.00,115.692274,35.802760,194.36,0.00082765
2015,8,1,76.59,115.692543,35.803372,209.31,-0.00153985
2015,8,2,153.18,115.692717,35.804012,433.57,-0.00440674
2015,8,3,229.77,115.693352,35.804377,747.53,-0.00490612
2015,80,0,0.00,115.752102,35.828362,553.17,-0.00597846
2015,80,1,92.32,115.751665,35.829068,299.01,-0.01375297
2015,80,2,184.65,115.752204,35.829337,433.57,-0.01402488
2015,80,3,276.97,115.752641,35.828631,493.37,-0.00652228
2015,81,0,0.00,115.634063,35.742393,807.33,0.00000000
2015,81,1,96.45,115.633389,35.743067,1076.44,0.00000000
2015,81,2,192.90,115.632715,35.743741,1794.06,0.00000000
2015,82,0,0.00,115.634063,35.742393,343.86,-0.00132484
2015,82,1,80.60,115.633793,35.741745,313.96,-0.00264605
2015,82,2,161.20,115.633355,35.741146,284.06,-0.00315341
2015,82,3,241.80,115.632679,35.740776,313.96,-0.00105378
2015,82,4,322.39,115.632030,35.740360,313.96,-0.00000000
2015,82,5,402.99,115.631368,35.739968,343.86,-0.00023200
2015,83,0,0.00,115.632715,35.743741,269.11,0.00151997
2015,83,1,87.21,115.631908,35.743472,269.11,0.00221159
2015,83,2,174.42,115.631199,35.743033,299.01,0.00145161
2015,83,3,261.63,115.630590,35.742424,328.91,0.00065194
2015,83,4,348.84,115.629882,35.741985,313.96,0.00197395
2015,83,5,436.04,115.629481,35.741315,343.86,0.00264403
2015,85,0,0.00,115.732159,35.830518,642.87,-0.01150299
2015,85,1,31.46,115.732478,35.830468,538.22,-0.01110374
2015,85,2,62.91,115.732698,35.830248,478.42,-0.01070448
2015,86,0,0.00,115.732159,35.830518,44.85,0.00000000
2015,86,1,19.28,115.732024,35.830383,59.80,0.00000000
2015,86,2,38.56,115.731889,35.830248,,0.00000000
2015,87,0,0.00,115.752641,35.828631,239.21,0.00286033
2015,87,1,89.38,115.753464,35.828916,209.31,0.00326312
2015,87,2,178.76,115.754088,35.829540,254.16,0.00254641
2015,87,3,268.15,115.754527,35.830219,254.16,0.00078538
2015,87,4,357.53,115.754920,35.830911,239.21,0.00000000
2015,87,5,446.91,115.755335,35.831596,284.06,-0.00014386
2015,88,0,0.00,115.631368,35.739968,328.91,-0.00000000
2015,88,1,93.82,115.630713,35.739312,358.81,-0.00116769
2015,88,2,187.65,115.630057,35.738657,328.91,-0.00163451
2015,88,3,281.47,115.629203,35.738342,328.91,-0.00063923
2015,88,4,375.29,115.628475,35.737812,358.81,-0.00117690
2015,88,5,469.11,115.627595,35.737542,493.37,-0.00200898
2015,89,0,0.00,115.631368,35.739968,941.88,0.00279255
2015,89,1,80.55,115.630791,35.740507,642.87,0.00127679
2015,89,2,161.10,115.630044,35.740752,1210.99,-0.00160199
2015,89,3,241.65,115.629481,35.741315,1794.06,-0.00296500
2015,9,0,0.00,115.696316,35.782817,508.32,-0.00235499
2015,9,1,81.06,115.696883,35.782251,493.37,-0.00234263
2015,9,2,162.12,115.697125,35.781591,538.22,-0.00040634
2015,9,3,243.18,115.697388,35.780936,523.27,0.00151370
2015,9,4,324.24,115.697794,35.780392,568.12,0.00078044
2015,9,5,405.31,115.698203,35.779853,598.02,0.00005106
2015,90,0,0.00,115.629481,35.741315,358.81,0.00034974
2015,90,1,90.35,115.628640,35.741046,343.86,0.00165779
2015,90,2,180.70,115.627822,35.740734,343.86,0.00205561
2015,90,3,271.05,115.627191,35.740103,328.91,0.00183667
2015,90,4,361.40,115.626461,35.739642,388.71,0.00313415
2015,90,5,451.75,115.626248,35.738890,478.42,0.00374034
2015,92,0,0.00,115.732698,35.830248,119.60,-0.00000000
2015,92,1,96.41,115.732024,35.829575,59.80,-0.00000000
2015,92,2,192.81,115.731350,35.828901,209.31,-0.00000000
2015,93,0,0.00,115.732698,35.830248,478.42,-0.00000000
2015,93,1,19.28,115.732833,35.830114,433.57,-0.00000000
2015,93,2,38.56,115.732967,35.829979,403.66,-0.00000000
2015,94,0,0.00,115.755335,35.831596,328.91,0.00210317
2015,94,1,78.10,115.755874,35.832144,299.01,0.00157599
2015,94,2,156.21,115.756144,35.832770,269.11,0.00111360
2015,94,3,234.31,115.756555,35.833354,284.06,0.00175636
2015,94,4,312.42,115.756683,35.834021,254.16,0.00233433
2015,95,0,0.00,115.755335,35.831596,642.87,0.00356822
2015,95,1,94.37,115.754676,35.832255,1031.59,0.00370131
2015,95,2,188.74,115.753718,35.832404,463.47,0.00383441
2015,96,0,0.00,115.627595,35.737542,822.28,0.00000000
2015,96,1,96.45,115.626921,35.738216,1300.70,0.00000000
2015,96,2,192.90,115.626248,35.738890,1794.06,0.00000000
2015,97,0,0.00,115.627595,35.737542,463.47,-0.00231103
2015,97,1,85.80,115.626961,35.737003,358.81,-0.00570934
2015,97,2,171.60,115.626169,35.736734,717.63,-0.00823756
2015,97,3,257.40,115.625499,35.737212,1794.06,-0.00415499
2015,97,4,343.20,115.624900,35.737812,1794.06,-0.00094250
2015,98,0,0.00,115.626248,35.738890,418.61,0.00343695
2015,98,1,97.20,115.625370,35.738551,358.81,0.00334787
2015,98,2,194.40,115.624900,35.737812,508.32,0.00325880
