year,link_id,sample_idx,s_m,lon,lat,B_m,C_1m
2023,0,0,0.00,115.881998,35.895466,478.42,-0.00137750
2023,0,1,88.24,115.881282,35.895913,493.37,-0.00068875
2023,0,2,176.48,115.880665,35.896530,538.22,0.00215670
2023,0,3,264.71,115.879949,35.896976,568.12,0.00358911
2023,0,4,352.95,115.879033,35.897083,747.53,0.00286482
2023,1,0,0.00,115.879033,35.897083,822.28,-0.00102445
2023,1,1,99.92,115.878544,35.896324,1016.64,-0.00099968
2023,1,2,199.84,115.877846,35.895626,1794.06,-0.00048745
2023,1,3,299.75,115.877147,35.894927,1794.06,-0.00000000
2023,10,0,0.00,115.887927,35.883878,433.57,-0.00118976
2023,10,1,94.40,115.887685,35.883097,508.32,-0.00118741
2023,10,2,188.80,115.887234,35.882377,448.52,-0.00171539
2023,10,3,283.21,115.886783,35.881656,493.37,-0.00227456
2023,10,4,377.61,115.886024,35.881166,448.52,-0.00000000
2023,10,5,472.01,115.885265,35.880677,418.61,0.00169874
2023,10,6,566.41,115.884814,35.879956,403.66,0.00000000
2023,10,7,660.82,115.884154,35.879296,373.76,-0.00109407
2023,100,0,0.00,115.694430,35.803029,568.12,-0.00103458
2023,100,1,98.86,115.694699,35.802217,478.42,0.00000000
2023,100,2,197.72,115.694767,35.801345,508.32,0.00104296
2023,100,3,296.58,115.695238,35.800591,508.32,-0.00049149
2023,100,4,395.44,115.695508,35.799778,508.32,-0.00121172
2023,100,5,494.30,115.695585,35.798909,478.42,-0.00038593
2023,100,6,593.16,115.695777,35.798074,448.52,-0.00064812
2023,100,7,692.02,115.695777,35.797183,463.47,-0.00045675
2023,100,8,790.88,115.695777,35.796292,523.27,0.00000000
2023,101,0,0.00,115.695777,35.796292,1794.06,0.00000000
2023,101,1,81.20,115.694879,35.796292,1794.06,0.00000000
2023,101,2,162.41,115.693981,35.796292,1151.19,0.00000000
2023,101,3,243.61,115.693082,35.796292,687.72,0.00000000
2023,102,0,0.00,115.695777,35.796292,538.22,-0.00158697
2023,102,1,91.63,115.696316,35.795622,523.27,-0.00241111
2023,102,2,183.25,115.696586,35.794875,493.37,-0.00237423
2023,102,3,274.88,115.696586,35.794049,523.27,-0.00075661
2023,102,4,366.50,115.696586,35.793223,448.52,0.00075661
2023,102,5,458.13,115.696586,35.792397,523.27,0.00000000
2023,102,6,549.75,115.696855,35.791650,568.12,-0.00231533
2023,102,7,641.38,115.696586,35.790902,612.97,-0.00311745
2023,103,0,0.00,115.696586,35.790902,1794.06,0.00000000
2023,103,1,93.76,115.695549,35.790902,1794.06,-0.00088804
2023,103,2,187.52,115.694511,35.790902,1151.19,-0.00323657
2023,103,3,281.27,115.693628,35.791165,911.98,-0.00384291
2023,103,4,375.03,115.693082,35.791711,583.07,-0.00298875
2023,104,0,0.00,115.696586,35.790902,657.82,-0.00299550
2023,104,1,95.12,115.697125,35.790201,598.02,-0.00242261
2023,104,2,190.25,115.697125,35.789344,568.12,-0.00074274
2023,104,3,285.37,115.697326,35.788545,583.07,0.00036695
2023,104,4,380.49,115.697394,35.787707,568.12,-0.00000000
2023,104,5,475.62,115.697664,35.786928,568.12,-0.00088592
2023,104,6,570.74,115.697664,35.786071,538.22,-0.00140218
2023,104,7,665.86,115.697664,35.785213,568.12,-0.00144383
2023,104,8,760.99,115.697394,35.784434,568.12,-0.00148548
2023,105,0,0.00,115.697394,35.784434,1794.06,0.00000000
2023,105,1,89.34,115.696406,35.784434,1794.06,0.00000000
2023,105,2,178.67,115.695418,35.784434,1659.51,0.00000000
2023,105,3,268.01,115.694430,35.784434,687.72,0.00000000
2023,106,0,0.00,115.697394,35.784434,568.12,-0.00022416
2023,106,1,95.49,115.697664,35.783652,568.12,-0.00073702
2023,106,2,190.97,115.697893,35.782858,553.17,-0.00111779
2023,106,3,286.46,115.697933,35.782009,538.22,-0.00098571
2023,107,0,0.00,115.697933,35.782009,1704.36,-0.00306399
2023,107,1,76.65,115.697242,35.781739,1794.06,-0.00291338
2023,107,2,153.30,115.696395,35.781739,1629.61,-0.00138138
2023,107,3,229.94,115.695547,35.781739,1360.50,0.00000000
2023,107,4,306.59,115.694699,35.781739,478.42,0.00000000
2023,108,0,0.00,115.697933,35.782009,598.02,-0.00157459
2023,108,1,92.47,115.698203,35.781254,568.12,-0.00078730
2023,108,2,184.94,115.698203,35.780420,538.22,0.00078730
2023,108,3,277.41,115.698472,35.779665,612.97,0.00035776
2023,108,4,369.88,115.698742,35.778910,583.07,-0.00078730
2023,108,5,462.35,115.698865,35.778112,583.07,-0.00070598
2023,108,6,554.82,115.699011,35.777321,538.22,0.00078730
2023,108,7,647.29,115.699011,35.776488,538.22,0.00271689
2023,108,8,739.76,115.699550,35.775810,598.02,0.00316274
2023,109,0,0.00,115.699550,35.775810,1794.06,0.00000000
2023,109,1,82.91,115.700467,35.775810,1794.06,-0.00251067
2023,109,2,165.83,115.701384,35.775810,882.08,-0.00631955
2023,109,3,248.74,115.701983,35.775264,538.22,-0.00507583
2023,109,4,331.66,115.702245,35.774593,448.52,-0.00124048
2023,109,5,414.57,115.702515,35.773924,448.52,0.00005295
2023,11,0,0.00,115.887927,35.883878,852.18,0.00002643
2023,11,1,96.70,115.887251,35.884554,657.82,0.00231121
2023,11,2,193.40,115.886572,35.885225,1001.69,0.00457684
2023,11,3,290.10,115.885501,35.885225,702.67,0.00455769
2023,110,0,0.00,115.699550,35.775810,583.07,0.00286159
2023,110,1,95.56,115.699281,35.775027,523.27,0.00212558
2023,110,2,191.12,115.699550,35.774244,463.47,-0.00000000
2023,110,3,286.67,115.699550,35.773383,418.61,0.00000000
2023,110,4,382.23,115.699550,35.772522,418.61,0.00143080
2023,110,5,477.79,115.699820,35.771739,388.71,0.00000000
2023,110,6,573.35,115.700089,35.770956,403.66,-0.00143080
2023,110,7,668.90,115.700089,35.770094,328.91,-0.00069479
2023,110,8,764.46,115.700089,35.769233,328.91,0.00000000
2023,110,9,860.02,115.700089,35.768372,299.01,0.00000000
2023,110,10,955.58,115.700089,35.767511,269.11,0.00069479
2023,110,11,1051.13,115.700089,35.766650,269.11,0.00069479
2023,110,12,1146.69,115.700359,35.765866,239.21,0.00000000
2023,110,13,1242.25,115.700359,35.765005,194.36,0.00073601
2023,110,14,1337.81,115.700628,35.764222,209.31,0.00147202
2023,111,0,0.00,115.700628,35.764222,1569.81,0.00000000
2023,111,1,60.93,115.701302,35.764222,1480.10,0.00000000
2023,111,2,121.85,115.701976,35.764222,74.75,0.00000000
2023,112,0,0.00,115.700628,35.764222,299.01,-0.00000000
2023,112,1,38.58,115.700359,35.763953,239.21,-0.00000000
2023,112,2,77.15,115.700089,35.763683,284.06,-0.00000000
2023,113,0,0.00,115.700089,35.763683,1510.00,0.00000000
2023,113,1,60.93,115.699415,35.763683,1210.99,0.00000000
2023,113,2,121.85,115.698742,35.763683,598.02,0.00000000
2023,114,0,0.00,115.700089,35.763683,284.06,-0.00000000
2023,114,1,68.48,115.700359,35.763144,224.26,-0.00000000
2023,114,2,136.95,115.700628,35.762605,1001.69,-0.00000000
2023,115,0,0.00,115.700628,35.762605,343.86,0.00000000
2023,115,1,19.29,115.700493,35.762470,328.91,0.00000000
2023,115,2,38.58,115.700359,35.762336,328.91,0.00000000
2023,116,0,0.00,115.700628,35.762605,1390.40,0.00532945
2023,116,1,55.84,115.701246,35.762605,1076.44,0.00557589
2023,116,2,111.69,115.701706,35.762875,478.42,0.00582234
2023,117,0,0.00,115.700359,35.762336,328.91,-0.00174698
2023,117,1,67.68,115.699886,35.761863,358.81,-0.00229990
2023,117,2,135.36,115.699333,35.761527,224.26,-0.00191239
2023,117,3,203.05,115.698742,35.761258,448.52,-0.00097197
2023,118,0,0.00,115.700359,35.762336,1031.59,-0.00384027
2023,118,1,83.43,115.700898,35.761740,986.73,-0.00380894
2023,118,2,166.86,115.700898,35.760988,598.02,-0.00377760
2023,118,3,250.28,115.700898,35.760236,463.47,-0.00380894
2023,118,4,333.71,115.700359,35.759641,598.02,-0.00384027
2023,119,0,0.00,115.698742,35.761258,627.92,0.00000000
2023,119,1,89.70,115.698742,35.760449,807.33,0.00000000
2023,119,2,179.41,115.698742,35.759641,1166.14,0.00000000
2023,12,0,0.00,115.870140,35.902473,568.12,-0.00034526
2023,12,1,82.32,115.869543,35.903012,448.52,-0.00471934
2023,12,2,164.65,115.869062,35.903504,358.81,-0.00818273
2023,12,3,246.97,115.869601,35.904090,1450.20,-0.00727202
2023,120,0,0.00,115.698742,35.761258,478.42,0.00018936
2023,120,1,74.46,115.697918,35.761258,254.16,0.00309315
2023,120,2,148.92,115.697106,35.761239,508.32,0.00586109
2023,120,3,223.38,115.696586,35.760719,702.67,0.00572524
2023,121,0,0.00,115.700359,35.759641,239.21,-0.00444576
2023,121,1,87.32,115.699550,35.759371,717.63,-0.00444576
2023,121,2,174.64,115.698742,35.759641,523.27,-0.00444576
2023,122,0,0.00,115.700359,35.759641,463.47,-0.00000000
2023,122,1,77.15,115.700898,35.759102,313.96,-0.00000000
2023,122,2,154.30,115.701437,35.758563,,-0.00000000
2023,123,0,0.00,115.698742,35.759641,672.77,-0.00549931
2023,123,1,79.20,115.698180,35.759102,508.32,-0.00676297
2023,123,2,158.39,115.697304,35.759102,463.47,-0.00544471
2023,123,3,237.59,115.696586,35.759371,523.27,-0.00286279
2023,125,0,0.00,115.696586,35.760719,911.98,0.00000000
2023,125,1,74.75,115.696586,35.760045,1390.40,0.00000000
2023,125,2,149.51,115.696586,35.759371,1360.50,0.00000000
2023,126,0,0.00,115.696586,35.760719,792.38,0.00173940
2023,126,1,96.79,115.695909,35.761395,687.72,0.00410384
2023,126,2,193.58,115.695073,35.761797,373.76,0.00550676
2023,126,3,290.36,115.694160,35.761527,388.71,0.00454524
2023,128,0,0.00,115.696586,35.759371,508.32,0.00000000
2023,128,1,77.85,115.695725,35.759371,508.32,-0.00133753
2023,128,2,155.70,115.694864,35.759371,538.22,-0.00282075
2023,128,3,233.55,115.694160,35.759641,403.66,-0.00296644
2023,129,0,0.00,115.694160,35.761527,986.73,0.00000000
2023,129,1,69.77,115.694160,35.760898,598.02,0.00000000
2023,129,2,139.54,115.694160,35.760270,1614.66,0.00000000
2023,129,3,209.31,115.694160,35.759641,1584.76,0.00000000
2023,13,0,0.00,115.870140,35.902473,882.08,0.00507150
2023,13,1,87.55,115.870679,35.903106,284.06,0.00761716
2023,13,2,175.10,115.870410,35.903817,433.57,0.00765006
2023,13,3,262.66,115.869601,35.904090,538.22,0.00513729
2023,130,0,0.00,115.694160,35.761527,553.17,0.00337668
2023,130,1,98.94,115.693223,35.761797,373.76,0.00534181
2023,130,2,197.88,115.692282,35.761535,463.47,0.00661096
2023,130,3,296.83,115.691799,35.760783,1240.89,0.00400637
2023,130,4,395.77,115.691735,35.759910,1734.26,0.00209777
2023,132,0,0.00,115.694160,35.759641,433.57,-0.00650844
2023,132,1,96.79,115.693484,35.759239,373.76,-0.00552736
2023,132,2,193.58,115.692648,35.759641,343.86,-0.00179454
2023,132,3,290.37,115.691735,35.759910,523.27,0.00095722
2023,134,0,0.00,115.691735,35.759910,433.57,-0.00278752
2023,134,1,80.22,115.691005,35.759641,388.71,-0.00265095
2023,134,2,160.44,115.690118,35.759641,508.32,-0.00251438
2023,135,0,0.00,115.690118,35.759641,1330.60,0.00000000
2023,135,1,68.48,115.689848,35.760180,1166.14,0.00000000
2023,135,2,136.96,115.689579,35.760719,1001.69,0.00000000
2023,136,0,0.00,115.690118,35.759641,508.32,-0.00367324
2023,136,1,84.48,115.689498,35.759102,388.71,-0.00370927
2023,136,2,168.96,115.688640,35.758971,418.61,-0.00243961
2023,136,3,253.44,115.687787,35.758832,508.32,-0.00225930
2023,136,4,337.92,115.686852,35.758832,538.22,-0.00294363
2023,136,5,422.40,115.686075,35.759102,538.22,-0.00250258
2023,137,0,0.00,115.689579,35.760719,732.58,0.00456620
2023,137,1,94.91,115.688843,35.761258,448.52,0.00659395
2023,137,2,189.83,115.687856,35.761152,403.66,0.00624730
2023,137,3,284.74,115.687193,35.760489,553.17,0.00247804
2023,137,4,379.66,115.686530,35.759825,732.58,0.00111165
2023,137,5,474.57,115.686075,35.759102,837.23,0.00114012
2023,138,0,0.00,115.689579,35.760719,747.53,-0.00396673
2023,138,1,50.76,115.689933,35.761073,598.02,-0.00418215
2023,138,2,101.52,115.690387,35.761258,523.27,-0.00439757
2023,14,0,0.00,115.867176,35.900586,598.02,-0.00891746
2023,14,1,43.60,115.866693,35.900586,448.52,-0.00910645
2023,14,2,87.21,115.866367,35.900856,403.66,-0.00929545
2023,140,0,0.00,115.686075,35.759102,732.58,-0.01069720
2023,140,1,31.47,115.685855,35.758882,583.07,-0.01109541
2023,140,2,62.95,115.685536,35.758832,508.32,-0.01149361
2023,141,0,0.00,115.685536,35.758832,1794.06,0.00000000
2023,141,1,92.60,115.685536,35.757998,1390.40,-0.00074089
2023,141,2,185.19,115.685536,35.757163,1181.09,-0.00152623
2023,141,3,277.79,115.685267,35.756407,732.58,-0.00157068
2023,142,0,0.00,115.685536,35.758832,478.42,0.00194671
2023,142,1,87.32,115.684827,35.758932,463.47,0.00173676
2023,142,2,174.64,115.683919,35.758832,478.42,0.00152680
2023,143,0,0.00,115.683919,35.758832,1076.44,0.00134161
2023,143,1,87.70,115.683516,35.759506,1061.49,0.00135088
2023,143,2,175.40,115.682903,35.760118,837.23,0.00492691
2023,143,3,263.11,115.682283,35.760719,403.66,0.00672659
2023,143,4,350.81,115.681578,35.760264,478.42,0.00488407
2023,143,5,438.51,115.680866,35.760361,523.27,0.00669268
2023,143,6,526.21,115.680685,35.759623,1121.29,0.00483669
2023,143,7,613.91,115.680685,35.758832,1794.06,0.00109667
2023,144,0,0.00,115.683919,35.758832,493.37,-0.00278745
2023,144,1,80.22,115.683189,35.758563,448.52,-0.00265088
2023,144,2,160.44,115.682302,35.758563,418.61,-0.00251432
2023,144,3,240.66,115.681415,35.758563,433.57,-0.00265088
2023,144,4,320.88,115.680685,35.758832,538.22,-0.00278745
2023,145,0,0.00,115.680685,35.758832,463.47,-0.00207465
2023,145,1,92.41,115.679821,35.758563,448.52,-0.00197614
2023,145,2,184.81,115.678799,35.758563,478.42,-0.00187763
2023,146,0,0.00,115.678799,35.758563,1285.75,0.00000000
2023,146,1,87.77,115.678395,35.759237,1285.75,0.00000000
2023,146,2,175.53,115.677991,35.759910,882.08,0.00000000
2023,147,0,0.00,115.678799,35.758563,373.76,-0.00101600
2023,147,1,97.53,115.677919,35.758222,403.66,-0.00166653
2023,147,2,195.06,115.676956,35.758024,448.52,-0.00092633
2023,147,3,292.59,115.675878,35.758024,418.61,0.00023220
2023,147,4,390.11,115.674957,35.757754,388.71,-0.00084003
2023,147,5,487.64,115.673878,35.757754,388.71,0.00000000
2023,147,6,585.17,115.672800,35.757754,358.81,0.00084003
2023,147,7,682.70,115.671879,35.757485,358.81,-0.00049079
2023,147,8,780.23,115.670800,35.757485,358.81,0.00000000
2023,147,9,877.76,115.669789,35.757369,358.81,0.00011591
2023,147,10,975.29,115.668800,35.757215,358.81,-0.00084003
2023,147,11,1072.82,115.667722,35.757215,328.91,0.00037488
2023,147,12,1170.34,115.666644,35.757215,299.01,0.00084003
2023,147,13,1267.87,115.665722,35.756946,299.01,-0.00057277
2023,147,14,1365.40,115.664644,35.756946,269.11,0.00000000
2023,147,15,1462.93,115.663618,35.756856,254.16,0.00028233
2023,147,16,1560.46,115.662644,35.756676,269.11,-0.00000000
2023,147,17,1657.99,115.661566,35.756676,239.21,0.00121677
2023,147,18,1755.52,115.660645,35.756407,239.21,0.00000000
2023,147,19,1853.04,115.659723,35.756137,239.21,-0.00176636
2023,147,20,1950.57,115.658645,35.756137,239.21,-0.00000000
2023,147,21,2048.10,115.657567,35.756137,239.21,0.00176636
2023,147,22,2145.63,115.656645,35.755868,224.26,0.00092633
2023,147,23,2243.16,115.655724,35.755598,209.31,0.00000000
2023,147,24,2340.69,115.654803,35.755329,209.31,0.00053387
2023,147,25,2438.22,115.653881,35.755059,209.31,0.00018056
2023,147,26,2535.74,115.653047,35.754640,269.11,-0.00010782
2023,147,27,2633.27,115.652068,35.754470,284.06,0.00093317
2023,147,28,2730.80,115.651274,35.753981,299.01,0.00016390
2023,147,29,2828.33,115.650408,35.753618,299.01,-0.00048897
2023,147,30,2925.86,115.649528,35.753277,328.91,0.00101174
2023,147,31,3023.39,115.648667,35.752903,373.76,0.00192393
2023,147,32,3120.92,115.648077,35.752364,418.61,0.00189402
2023,148,0,0.00,115.648077,35.752364,358.81,0.00175880
2023,148,1,95.38,115.647022,35.752364,358.81,0.00184996
2023,148,2,190.77,115.646124,35.752095,328.91,0.00097057
2023,148,3,286.15,115.645227,35.751825,328.91,0.00100392
2023,148,4,381.53,115.644329,35.751556,358.81,0.00100392
2023,148,5,476.92,115.643589,35.751017,358.81,0.00045521
2023,148,6,572.30,115.642691,35.750747,388.71,0.00124279
2023,148,7,667.69,115.642023,35.750084,403.66,0.00133990
2023,148,8,763.07,115.641258,35.749588,388.71,0.00165291
2023,148,9,858.45,115.640800,35.748861,418.61,0.00220117
2023,149,0,0.00,115.648077,35.752364,1375.45,-0.00281036
2023,149,1,96.42,115.648346,35.751574,867.13,-0.00434043
2023,149,2,192.84,115.648077,35.750783,433.57,-0.00458475
2023,149,3,289.25,115.647331,35.750272,373.76,-0.00171486
2023,149,4,385.67,115.646558,35.749768,358.81,0.00050709
2023,149,5,482.09,115.645786,35.749265,418.61,0.00110346
2023,149,6,578.51,115.645112,35.748591,418.61,0.00106201
2023,15,0,0.00,115.867176,35.900586,1151.19,0.00000000
2023,15,1,79.08,115.867176,35.901299,1106.34,-0.00073024
2023,15,2,158.16,115.867176,35.902012,717.63,-0.00210287
2023,15,3,237.24,115.867371,35.902668,687.72,-0.00197529
2023,15,4,316.32,115.867715,35.903281,553.17,-0.00120531
2023,150,0,0.00,115.640800,35.748861,478.42,0.00410225
2023,150,1,90.76,115.639797,35.748861,358.81,0.00410952
2023,150,2,181.53,115.639107,35.748322,358.81,0.00300851
2023,150,3,272.29,115.638402,35.747810,328.91,0.00077597
2023,150,4,363.06,115.637977,35.747116,358.81,0.00047696
2023,150,5,453.82,115.637244,35.746652,388.71,0.00250431
2023,150,6,544.59,115.637027,35.745897,478.42,0.00370640
2023,151,0,0.00,115.640800,35.748861,1794.06,-0.00000000
2023,151,1,57.87,115.641205,35.748457,1794.06,-0.00000000
2023,151,2,115.73,115.641609,35.748052,1794.06,-0.00000000
2023,152,0,0.00,115.637027,35.745897,478.42,0.00247150
2023,152,1,85.80,115.636236,35.745627,448.52,0.00214400
2023,152,2,171.59,115.635601,35.745088,463.47,0.00115565
2023,152,3,257.39,115.634932,35.744609,433.57,0.00071864
2023,152,4,343.18,115.634332,35.744010,463.47,0.00094248
2023,153,0,0.00,115.637027,35.745897,1794.06,0.00218939
2023,153,1,88.67,115.637694,35.745358,1330.60,0.00411570
2023,153,2,177.35,115.638517,35.745088,523.27,0.00593389
2023,153,3,266.02,115.639382,35.745286,388.71,0.00466144
2023,153,4,354.70,115.640100,35.745736,373.76,0.00237865
2023,153,5,443.37,115.640720,35.746355,343.86,0.00063009
2023,153,6,532.04,115.641339,35.746975,373.76,0.00000000
2023,154,0,0.00,115.641609,35.748052,463.47,0.00332119
2023,154,1,64.14,115.641339,35.747553,523.27,0.00322781
2023,154,2,128.28,115.641339,35.746975,523.27,0.00313443
2023,155,0,0.00,115.641609,35.748052,1136.24,-0.00770863
2023,155,1,97.19,115.642148,35.747333,493.37,-0.00833859
2023,155,2,194.39,115.641339,35.746975,358.81,-0.00896854
2023,156,0,0.00,115.634332,35.744010,463.47,-0.00000000
2023,156,1,87.33,115.633524,35.743741,463.47,-0.00000000
2023,156,2,174.67,115.632715,35.743471,433.57,-0.00000000
2023,157,0,0.00,115.634332,35.744010,1794.06,-0.00220489
2023,157,1,78.13,115.634878,35.743464,1240.89,-0.00335695
2023,157,2,156.25,115.635141,35.742836,926.93,-0.00543543
2023,157,3,234.38,115.635141,35.742132,523.27,-0.00534762
2023,157,4,312.50,115.634602,35.741585,508.32,-0.00433339
2023,158,0,0.00,115.632715,35.743471,418.61,0.00115136
2023,158,1,92.11,115.632072,35.742828,478.42,0.00118216
2023,158,2,184.22,115.631637,35.742124,493.37,0.00121296
2023,159,0,0.00,115.632715,35.743471,1794.06,0.00000000
2023,159,1,90.02,115.633344,35.742842,1794.06,0.00000000
2023,159,2,180.04,115.633973,35.742213,1390.40,0.00000000
2023,159,3,270.05,115.634602,35.741585,194.36,0.00000000
2023,16,0,0.00,115.884154,35.879296,388.71,-0.00207336
2023,16,1,98.16,115.883677,35.878550,343.86,-0.00359823
2023,16,2,196.33,115.882891,35.878034,358.81,-0.00248085
2023,16,3,294.49,115.881854,35.877949,448.52,0.00165117
2023,16,4,392.66,115.881081,35.877410,508.32,0.00107333
2023,16,5,490.82,115.880309,35.876871,448.52,0.00050576
2023,16,6,588.99,115.879451,35.876480,478.42,0.00140753
2023,16,7,687.15,115.878974,35.875733,433.57,-0.00010681
2023,16,8,785.32,115.878188,35.875217,448.52,0.00014629
2023,16,9,883.48,115.877502,35.874531,418.61,0.00101677
2023,16,10,981.65,115.876878,35.873827,388.71,0.00057343
2023,16,11,1079.81,115.876339,35.873098,388.71,0.00042874
2023,161,0,0.00,115.634602,35.741585,508.32,-0.00359926
2023,161,1,92.07,115.633860,35.741112,433.57,-0.00540406
2023,161,2,184.14,115.632919,35.741112,926.93,-0.00540406
2023,161,3,276.21,115.632176,35.741585,1465.15,-0.00359926
2023,162,0,0.00,115.631637,35.742124,478.42,-0.00000000
2023,162,1,78.16,115.630893,35.741918,493.37,0.00358556
2023,162,2,156.31,115.630149,35.741713,493.37,0.00696705
2023,162,3,234.47,115.630020,35.741046,642.87,0.00676297
2023,163,0,0.00,115.631637,35.742124,1794.06,0.00000000
2023,163,1,38.58,115.631907,35.741854,1794.06,0.00000000
2023,163,2,77.16,115.632176,35.741585,1779.11,0.00000000
2023,164,0,0.00,115.632176,35.741585,657.82,-0.00016719
2023,164,1,91.93,115.632176,35.740756,762.48,-0.00337379
2023,164,2,183.86,115.632145,35.739937,448.52,-0.01046469
2023,164,3,275.79,115.631305,35.739761,941.88,-0.00999314
2023,164,4,367.71,115.630663,35.740403,1794.06,-0.00281865
2023,164,5,459.64,115.630020,35.741046,1794.06,-0.00000000
2023,166,0,0.00,115.630020,35.741046,523.27,0.00180072
2023,166,1,80.08,115.629263,35.740827,493.37,0.00179022
2023,166,2,160.16,115.628604,35.740438,493.37,0.00251157
2023,166,3,240.23,115.627946,35.740049,508.32,0.00319584
2023,166,4,320.31,115.627595,35.739429,508.32,0.00314825
2023,167,0,0.00,115.627595,35.739429,508.32,0.00113236
2023,167,1,99.75,115.626601,35.739243,403.66,0.00175686
2023,167,2,199.49,115.625706,35.738887,418.61,0.00172063
2023,167,3,299.24,115.624915,35.738351,418.61,0.00049897
2023,167,4,398.98,115.624114,35.737834,478.42,-0.00000000
2023,167,5,498.73,115.623318,35.737307,418.61,0.00003098
2023,167,6,598.47,115.622522,35.736781,448.52,-0.00000000
2023,167,7,698.22,115.621726,35.736255,478.42,-0.00061019
2023,167,8,797.97,115.620930,35.735728,448.52,-0.00056216
2023,167,9,897.71,115.620027,35.735386,448.52,0.00069090
2023,167,10,997.46,115.619239,35.734846,478.42,0.00056216
2023,167,11,1097.20,115.618449,35.734308,448.52,-0.00067939
2023,167,12,1196.95,115.617647,35.733793,478.42,0.00000000
2023,167,13,1296.70,115.616752,35.733437,448.52,0.00131431
2023,167,14,1396.44,115.616055,35.732740,448.52,0.00023472
2023,167,15,1496.19,115.615295,35.732152,418.61,0.00012513
2023,167,16,1595.93,115.614506,35.731613,448.52,0.00013598
2023,167,17,1695.68,115.613976,35.730930,448.52,-0.00140292
2023,167,18,1795.42,115.613103,35.730535,448.52,-0.00028999
2023,167,19,1895.17,115.612285,35.730047,418.61,0.00056216
2023,167,20,1994.92,115.611525,35.729457,448.52,-0.00028665
2023,167,21,2094.66,115.610693,35.728994,433.57,0.00000000
2023,167,22,2194.41,115.609897,35.728468,448.52,0.00020594
2023,167,23,2294.15,115.609101,35.727941,418.61,-0.00047218
2023,167,24,2393.90,115.608305,35.727415,388.71,-0.00043021
2023,167,25,2493.65,115.607425,35.727032,388.71,0.00055289
2023,167,26,2593.39,115.606637,35.726493,373.76,0.00084325
2023,167,27,2693.14,115.605848,35.725954,313.96,0.00000000
2023,167,28,2792.88,115.605121,35.725309,284.06,-0.00067651
2023,167,29,2892.63,115.604271,35.724876,239.21,-0.00090345
2023,167,30,2992.37,115.603482,35.724337,239.21,-0.00146720
2023,167,31,3092.12,115.602535,35.724070,209.31,-0.00258387
2023,167,32,3191.87,115.601591,35.723798,209.31,-0.00337122
2023,167,33,3291.61,115.600646,35.724067,209.31,-0.00339055
2023,168,0,0.00,115.627595,35.739429,1794.06,-0.00276172
2023,168,1,93.87,115.628251,35.738773,1210.99,-0.00422450
2023,168,2,187.73,115.628404,35.737971,702.67,-0.00555186
2023,168,3,281.60,115.628049,35.737273,388.71,-0.00384312
2023,168,4,375.47,115.627326,35.736734,418.61,-0.00226980
2023,169,0,0.00,115.600646,35.724067,1360.50,0.00000000
2023,169,1,29.90,115.600646,35.724337,852.18,0.00000000
2023,169,2,59.80,115.600646,35.724606,702.67,0.00000000
2023,17,0,0.00,115.884154,35.879296,1719.31,0.00215815
2023,17,1,71.00,115.883658,35.879793,1794.06,0.00435522
2023,17,2,142.00,115.883054,35.880105,822.28,0.00517214
2023,17,3,213.00,115.882267,35.880105,463.47,0.00379199
2023,170,0,0.00,115.600646,35.724067,179.41,-0.00510265
2023,170,1,99.78,115.599857,35.723528,209.31,-0.00349467
2023,170,2,199.56,115.598911,35.723798,239.21,-0.00014188
2023,170,3,299.34,115.597965,35.723528,299.01,-0.00080147
2023,170,4,399.12,115.596862,35.723528,328.91,-0.00195420
2023,170,5,498.90,115.595916,35.723798,358.81,-0.00088297
2023,170,6,598.68,115.594877,35.723908,403.66,-0.00107581
2023,170,7,698.45,115.594024,35.724337,418.61,-0.00034178
2023,170,8,798.23,115.593078,35.724606,448.52,-0.00009421
2023,170,9,898.01,115.592191,35.724977,508.32,-0.00024943
2023,170,10,997.79,115.591295,35.725333,493.37,0.00004710
2023,170,11,1097.57,115.590400,35.725689,508.32,-0.00030946
2023,170,12,1197.35,115.589504,35.726046,508.32,-0.00001346
2023,170,13,1297.13,115.588662,35.726493,508.32,-0.00001673
2023,170,14,1396.91,115.587716,35.726762,508.32,-0.00111372
2023,170,15,1496.69,115.586927,35.727301,493.37,-0.00019721
2023,170,16,1596.47,115.586121,35.727812,493.37,0.00070411
2023,170,17,1696.25,115.585226,35.728168,478.42,-0.00050740
2023,170,18,1796.03,115.584403,35.728649,478.42,-0.00030891
2023,170,19,1895.80,115.583614,35.729188,448.52,0.00070462
2023,170,20,1995.58,115.582738,35.729578,478.42,0.00015385
2023,170,21,2095.36,115.581879,35.729996,448.52,-0.00004230
2023,170,22,2195.14,115.581047,35.730461,463.47,0.00000050
2023,170,23,2294.92,115.580152,35.730817,448.52,0.00008466
2023,170,24,2394.70,115.579355,35.731344,463.47,0.00115668
2023,170,25,2494.48,115.578409,35.731613,448.52,-0.00001274
2023,170,26,2594.26,115.577465,35.731886,418.61,-0.00089303
2023,170,27,2694.04,115.576669,35.732413,433.57,0.00029658
2023,170,28,2793.82,115.575728,35.732691,418.61,0.00004755
2023,170,29,2893.60,115.574879,35.733126,433.57,0.00023650
2023,170,30,2993.38,115.573983,35.733482,448.52,0.00026643
2023,170,31,3093.16,115.573047,35.733769,418.61,-0.00047275
2023,170,32,3192.93,115.572192,35.734195,388.71,0.00020624
2023,170,33,3292.71,115.571297,35.734551,448.52,0.00073799
2023,170,34,3392.49,115.570367,35.734847,403.66,0.00016852
2023,170,35,3492.27,115.569421,35.735117,403.66,-0.00082793
2023,170,36,3592.05,115.568512,35.735450,448.52,-0.00048356
2023,170,37,3691.83,115.567686,35.735925,418.61,0.00091740
2023,170,38,3791.61,115.566740,35.736195,418.61,0.00079576
2023,170,39,3891.39,115.565794,35.736464,418.61,0.00037383
2023,170,40,3991.17,115.564831,35.736705,388.71,0.00045844
2023,170,41,4090.95,115.563837,35.736891,358.81,-0.00038547
2023,170,42,4190.73,115.562842,35.737077,313.96,-0.00030524
2023,170,43,4290.51,115.561947,35.737434,299.01,0.00054706
2023,170,44,4390.28,115.560907,35.737542,269.11,-0.00024896
2023,170,45,4490.06,115.559961,35.737812,328.91,0.00034755
2023,170,46,4589.84,115.559015,35.738081,328.91,0.00088297
2023,170,47,4689.62,115.557912,35.738081,358.81,0.00000000
2023,170,48,4789.40,115.556966,35.738351,388.71,-0.00000000
2023,170,49,4889.18,115.555863,35.738351,478.42,-0.00088297
2023,170,50,4988.96,115.554917,35.738620,448.52,-0.00071235
2023,170,51,5088.74,115.553971,35.738890,478.42,0.00088297
2023,170,52,5188.52,115.552996,35.739108,478.42,0.00055116
2023,170,53,5288.30,115.551922,35.739159,508.32,-0.00088297
2023,170,54,5388.08,115.550976,35.739429,493.37,0.00016119
2023,170,55,5487.86,115.550030,35.739698,478.42,0.00168444
2023,170,56,5587.63,115.548928,35.739698,508.32,0.00080147
2023,170,57,5687.41,115.547825,35.739698,478.42,0.00000000
2023,171,0,0.00,115.547825,35.739698,807.33,0.00526023
2023,171,1,85.17,115.547439,35.740354,448.52,0.00598235
2023,171,2,170.33,115.546586,35.740507,478.42,0.00507488
2023,171,3,255.50,115.545645,35.740507,478.42,0.00295293
2023,171,4,340.66,115.544860,35.740237,403.66,0.00246058
2023,172,0,0.00,115.547825,35.739698,941.88,-0.00000000
2023,172,1,95.44,115.547158,35.739031,792.38,-0.00169557
2023,172,2,190.89,115.546491,35.738365,598.02,-0.00563987
2023,172,3,286.33,115.545725,35.738294,343.86,-0.00521896
2023,172,4,381.78,115.544860,35.738620,508.32,-0.00254932
2023,173,0,0.00,115.544860,35.740237,1794.06,0.00000000
2023,173,1,89.70,115.544860,35.739429,1480.10,0.00000000
2023,173,2,179.41,115.544860,35.738620,777.43,0.00000000
2023,174,0,0.00,115.544860,35.740237,388.71,0.00202667
2023,174,1,93.44,115.543984,35.740507,418.61,0.00193082
2023,174,2,186.88,115.542951,35.740507,388.71,0.00091748
2023,174,3,280.32,115.541918,35.740507,388.71,-0.00091748
2023,174,4,373.76,115.540885,35.740507,358.81,-0.00193082
2023,174,5,467.21,115.540009,35.740776,328.91,-0.00000000
2023,174,6,560.65,115.539133,35.741046,328.91,0.00193082
2023,174,7,654.09,115.538100,35.741046,299.01,0.00091748
2023,174,8,747.53,115.537067,35.741046,269.11,0.00091748
2023,174,9,840.97,115.536034,35.741046,358.81,0.00193082
2023,174,10,934.41,115.535158,35.740776,358.81,0.00202667
2023,176,0,0.00,115.544860,35.738620,672.77,-0.00416664
2023,176,1,92.57,115.544151,35.738081,403.66,-0.00405209
2023,176,2,185.14,115.543128,35.738081,373.76,-0.00196877
2023,176,3,277.71,115.542104,35.738081,343.86,-0.00000000
2023,176,4,370.28,115.541081,35.738081,343.86,-0.00093536
2023,176,5,462.85,115.540058,35.738081,343.86,-0.00147054
2023,176,6,555.42,115.539191,35.738351,358.81,-0.00002986
2023,176,7,647.99,115.538250,35.738493,313.96,0.00005446
2023,176,8,740.56,115.537306,35.738628,284.06,-0.00129274
2023,176,9,833.13,115.536435,35.738890,343.86,-0.00285490
2023,176,10,925.70,115.535616,35.739240,538.22,-0.00493869
2023,176,11,1018.28,115.535158,35.739942,1151.19,-0.00421334
2023,176,12,1110.85,115.535158,35.740776,1794.06,-0.00257537
2023,178,0,0.00,115.535158,35.740776,418.61,0.00000000
2023,178,1,24.38,115.534889,35.740776,418.61,0.00000000
2023,178,2,48.76,115.534619,35.740776,418.61,0.00000000
2023,179,0,0.00,115.534619,35.740776,418.61,0.00240023
2023,179,1,86.19,115.533824,35.741046,388.71,0.00228408
2023,179,2,172.37,115.532871,35.741046,269.11,0.00108397
2023,179,3,258.56,115.531918,35.741046,269.11,0.00108397
2023,179,4,344.74,115.530965,35.741046,269.11,0.00108397
2023,179,5,430.93,115.530170,35.740776,239.21,-0.00000000
2023,179,6,517.11,115.529217,35.740776,269.11,0.00120011
2023,179,7,603.30,115.528421,35.740507,299.01,0.00240023
2023,180,0,0.00,115.534619,35.740776,508.32,0.00000000
2023,180,1,88.68,115.534000,35.740157,598.02,-0.00203178
2023,180,2,177.36,115.533380,35.739537,388.71,-0.00418704
2023,180,3,266.03,115.532463,35.739429,254.16,-0.00431052
2023,181,0,0.00,115.528421,35.740507,1599.71,-0.00174064
2023,181,1,81.84,115.528691,35.739847,1794.06,0.00171813
2023,181,2,163.68,115.528729,35.739121,612.97,0.00634716
2023,181,3,245.52,115.529499,35.738890,269.11,0.00751742
2023,182,0,0.00,115.528421,35.740507,299.01,0.00000000
2023,182,1,99.72,115.527319,35.740507,358.81,0.00013045
2023,182,2,199.44,115.526216,35.740507,388.71,0.00123002
2023,182,3,299.16,115.525141,35.740460,418.61,0.00231722
2023,182,4,398.88,115.524246,35.740104,388.71,0.00104584
2023,182,5,498.60,115.523380,35.739698,358.81,0.00015737
2023,182,6,598.32,115.522456,35.739392,313.96,0.00057882
2023,182,7,698.04,115.521646,35.738890,269.11,-0.00024892
2023,182,8,797.76,115.520765,35.738510,299.01,-0.00057882
2023,182,9,897.48,115.519870,35.738154,254.16,-0.00008027
2023,182,10,997.20,115.518975,35.737798,209.31,0.00028335
2023,182,11,1096.92,115.518080,35.737442,194.36,0.00163057
2023,182,12,1196.64,115.517234,35.737003,194.36,0.00288731
2023,182,13,1296.36,115.516698,35.736329,179.41,0.00207561
2023,182,14,1396.08,115.516294,35.735547,299.01,0.00042826
2023,182,15,1495.80,115.515931,35.734754,358.81,0.00013134
2023,182,16,1595.52,115.515485,35.733985,508.32,0.00000000
2023,182,17,1695.24,115.515216,35.733164,583.07,-0.00091737
2023,182,18,1794.96,115.514677,35.732422,373.76,-0.00135756
2023,183,0,0.00,115.514677,35.732422,1181.09,-0.00000000
2023,183,1,77.70,115.513975,35.732691,971.78,0.00148926
2023,183,2,155.39,115.513273,35.732961,717.63,0.00417529
2023,183,3,233.09,115.512414,35.732961,1091.39,0.00417529
2023,183,4,310.79,115.511712,35.732691,1031.59,0.00297852
2023,184,0,0.00,115.514677,35.732422,284.06,-0.00033879
2023,184,1,94.14,115.514946,35.731652,508.32,-0.00075942
2023,184,2,188.28,115.515156,35.730864,523.27,-0.00042573
2023,184,3,282.42,115.515216,35.730033,538.22,0.00110766
2023,184,4,376.56,115.515485,35.729263,523.27,0.00136865
2023,184,5,470.70,115.515876,35.728528,538.22,0.00008139
2023,184,6,564.84,115.516294,35.727800,553.17,-0.00077352
2023,184,7,658.98,115.516565,35.727031,538.22,0.00034007
2023,184,8,753.13,115.516833,35.726260,493.37,0.00152919
2023,184,9,847.27,115.517372,35.725568,538.22,0.00075949
2023,184,10,941.41,115.517911,35.724876,508.32,0.00000000
2023,185,0,0.00,115.517911,35.724876,1435.25,-0.00043024
2023,185,1,89.73,115.518903,35.724876,1360.50,-0.00272924
2023,185,2,179.47,115.519859,35.724815,657.82,-0.00533284
2023,185,3,269.20,115.520485,35.724188,433.57,-0.00446908
2023,185,4,358.93,115.520903,35.723500,388.71,-0.00565834
2023,185,5,448.66,115.520968,35.722813,732.58,-0.00598123
2023,185,6,538.40,115.520242,35.722357,986.73,-0.00135816
2023,185,7,628.13,115.519615,35.721730,867.13,0.00061508
2023,185,8,717.86,115.518989,35.721103,777.43,0.00000000
2023,186,0,0.00,115.517911,35.724876,553.17,0.00086351
2023,186,1,94.14,115.517911,35.724184,538.22,0.00071667
2023,186,2,188.28,115.518060,35.723379,433.57,0.00061914
2023,186,3,282.43,115.518180,35.722565,493.37,0.00153303
2023,186,4,376.57,115.518450,35.721795,478.42,0.00195451
2023,186,5,470.71,115.518989,35.721103,508.32,0.00151141
2023,187,0,0.00,115.518989,35.721103,403.66,-0.00226301
2023,187,1,68.48,115.519258,35.720564,403.66,-0.00000000
2023,187,2,136.97,115.519319,35.719964,508.32,0.00329949
2023,187,3,205.45,115.519797,35.719486,478.42,0.00433597
2023,188,0,0.00,115.519797,35.719486,478.42,0.00620051
2023,188,1,88.53,115.519797,35.718688,448.52,0.00660283
2023,188,2,177.06,115.520606,35.718408,538.22,0.00700514
2023,189,0,0.00,115.519797,35.719486,732.58,-0.00173920
2023,189,1,96.82,115.520473,35.720162,1151.19,-0.00230777
2023,189,2,193.64,115.521310,35.720564,941.88,-0.00191620
2023,189,3,290.45,115.522223,35.720834,254.16,-0.00095605
2023,19,0,0.00,115.869601,35.904090,388.71,0.00357068
2023,19,1,94.31,115.868942,35.904749,373.76,0.00370413
2023,19,2,188.63,115.867984,35.904898,523.27,0.00383758
2023,190,0,0.00,115.520606,35.718408,448.52,0.00000000
2023,190,1,19.29,115.520740,35.718273,418.61,0.00000000
2023,190,2,38.58,115.520875,35.718139,388.71,0.00000000
2023,191,0,0.00,115.520875,35.718139,1136.24,0.00000000
2023,191,1,73.15,115.521684,35.718139,897.03,0.00000000
2023,191,2,146.31,115.522492,35.718139,807.33,0.00000000
2023,192,0,0.00,115.520606,35.718408,702.67,-0.00041163
2023,192,1,80.56,115.521168,35.718971,837.23,-0.00411369
2023,192,2,161.12,115.521759,35.719486,792.38,-0.00792457
2023,192,3,241.69,115.522492,35.719217,553.17,-0.00803339
2023,193,0,0.00,115.520875,35.718139,493.37,0.00233656
2023,193,1,83.44,115.520606,35.717465,403.66,0.00280618
2023,193,2,166.87,115.520666,35.716730,343.86,0.00261096
2023,193,3,250.31,115.520875,35.716039,373.76,0.00232609
2023,193,4,333.75,115.521205,35.715383,373.76,0.00076261
2023,193,5,417.18,115.521788,35.714800,373.76,-0.00211051
2023,193,6,500.62,115.521953,35.714096,343.86,-0.00304017
2023,194,0,0.00,115.521953,35.714096,553.17,0.00234735
2023,194,1,80.91,115.521388,35.713531,388.71,0.00231737
2023,194,2,161.82,115.521145,35.712872,269.11,0.00538716
2023,194,3,242.74,115.520875,35.712221,194.36,0.01031862
2023,194,4,323.65,115.521598,35.711940,568.12,0.00737374
2023,194,5,404.56,115.522492,35.711940,1510.00,0.00259717
2023,195,0,0.00,115.521953,35.714096,299.01,-0.00366904
2023,195,1,85.53,115.522492,35.713482,239.21,-0.00363105
2023,195,2,171.05,115.522492,35.712711,194.36,-0.00179654
2023,195,3,256.58,115.522492,35.711940,224.26,0.00000000
2023,197,0,0.00,115.522492,35.711940,179.41,-0.00930229
2023,197,1,53.54,115.522762,35.711536,149.51,-0.00930229
2023,197,2,107.07,115.522492,35.711132,239.21,-0.00930229
2023,198,0,0.00,115.522492,35.711132,1749.21,0.00933453
2023,198,1,58.63,115.521884,35.711063,373.76,0.00936248
2023,198,2,117.26,115.521684,35.710593,224.26,0.00939043
2023,199,0,0.00,115.522492,35.711132,149.51,-0.00208913
2023,199,1,95.17,115.522948,35.710406,194.36,-0.00156160
2023,199,2,190.35,115.523031,35.709573,209.31,-0.00074282
2023,199,3,285.52,115.523301,35.708793,209.31,-0.00092689
2023,199,4,380.69,115.523301,35.707935,209.31,-0.00140221
2023,199,5,475.87,115.523301,35.707078,209.31,-0.00134351
2023,199,6,571.04,115.523031,35.706298,254.16,-0.00000621
2023,199,7,666.21,115.522798,35.705508,224.26,0.00054535
2023,199,8,761.39,115.522759,35.704662,239.21,-0.00178117
2023,199,9,856.56,115.522492,35.703881,269.11,-0.00163451
2023,199,10,951.73,115.521848,35.703211,343.86,0.00058376
2023,199,11,1046.91,115.521601,35.702425,328.91,-0.00005582
2023,199,12,1142.08,115.521145,35.701699,388.71,-0.00116752
2023,2,0,0.00,115.879033,35.897083,672.77,0.00527735
2023,2,1,81.14,115.878450,35.897622,687.72,0.00752571
2023,2,2,162.29,115.877551,35.897622,1136.24,0.00769261
2023,2,3,243.43,115.876934,35.897140,1764.16,0.00317259
2023,2,4,324.58,115.876367,35.896572,1794.06,0.00036701
2023,2,5,405.72,115.875800,35.896005,1794.06,-0.00000000
2023,20,0,0.00,115.866367,35.900856,1151.19,0.00000000
2023,20,1,74.76,115.866367,35.901530,1106.34,0.00000000
2023,20,2,149.51,115.866367,35.902203,448.52,0.00000000
2023,200,0,0.00,115.521145,35.701699,538.22,0.00002561
2023,200,1,87.57,115.520334,35.701430,612.97,0.00173134
2023,200,2,175.15,115.519525,35.701158,523.27,0.00415090
2023,200,3,262.72,115.518989,35.700524,508.32,0.00331574
2023,200,4,350.30,115.518719,35.699813,553.17,0.00176677
2023,201,0,0.00,115.521145,35.701699,1166.14,-0.00406598
2023,201,1,98.39,115.521684,35.700969,627.92,-0.00340943
2023,201,2,196.78,115.521414,35.700161,553.17,-0.00072113
2023,201,3,295.17,115.521414,35.699274,388.71,0.00131061
2023,202,0,0.00,115.518719,35.699813,448.52,0.00000000
2023,202,1,86.20,115.517924,35.699543,433.57,0.00066630
2023,202,2,172.40,115.517128,35.699274,239.21,0.00279180
2023,202,3,258.59,115.516417,35.698859,269.11,0.00354746
2023,202,4,344.79,115.516024,35.698196,254.16,0.00284395
2023,203,0,0.00,115.518719,35.699813,1465.15,0.00000000
2023,203,1,38.59,115.518989,35.699543,1375.45,0.00000000
2023,203,2,77.17,115.519258,35.699274,418.61,0.00000000
2023,204,0,0.00,115.521414,35.699274,583.07,-0.00413688
2023,204,1,74.51,115.520748,35.699004,568.12,-0.00455361
2023,204,2,149.01,115.519977,35.699094,747.53,-0.00301623
2023,204,3,223.52,115.519258,35.699274,911.98,-0.00106211
2023,205,0,0.00,115.521414,35.699274,1001.69,-0.00497898
2023,205,1,98.22,115.521684,35.698467,523.27,-0.00483422
2023,205,2,196.45,115.520999,35.697781,418.61,-0.00285893
2023,205,3,294.67,115.520313,35.697095,403.66,-0.00106503
2023,205,4,392.90,115.519528,35.696579,224.26,-0.00110166
2023,206,0,0.00,115.516024,35.698196,299.01,0.00406832
2023,206,1,91.48,115.515088,35.698068,269.11,0.00334786
2023,206,2,182.95,115.514449,35.697429,239.21,0.00204931
2023,206,3,274.43,115.513711,35.696961,269.11,0.00398909
2023,206,4,365.91,115.513329,35.696247,373.76,0.00516194
2023,206,5,457.38,115.513599,35.695501,568.12,0.00381691
2023,207,0,0.00,115.516024,35.698196,1629.61,0.00000000
2023,207,1,92.13,115.516563,35.697522,926.93,0.00000000
2023,207,2,184.25,115.517102,35.696849,747.53,0.00000000
2023,209,0,0.00,115.519258,35.699274,284.06,-0.00000000
2023,209,1,96.43,115.518989,35.698483,508.32,-0.00153055
2023,209,2,192.86,115.518719,35.697692,284.06,-0.00378784
2023,209,3,289.29,115.517974,35.697181,269.11,-0.00293891
2023,209,4,385.72,115.517102,35.696849,254.16,-0.00136325
2023,21,0,0.00,115.866367,35.900856,583.07,-0.00543490
2023,21,1,93.65,115.865514,35.900631,313.96,-0.00459745
2023,21,2,187.30,115.864760,35.901116,313.96,-0.00252107
2023,21,3,280.95,115.863906,35.901431,269.11,-0.00124895
2023,21,4,374.59,115.863251,35.902085,254.16,-0.00117080
2023,21,5,468.24,115.862497,35.902570,239.21,-0.00073505
2023,21,6,561.89,115.862052,35.903285,299.01,0.00117080
2023,21,7,655.54,115.861327,35.903820,328.91,0.00014649
2023,21,8,749.19,115.860543,35.904254,358.81,-0.00379991
2023,21,9,842.84,115.860169,35.904990,254.16,-0.00434344
2023,21,10,936.48,115.860169,35.905834,239.21,-0.00173997
2023,21,11,1030.13,115.860438,35.906600,254.16,-0.00076568
2023,21,12,1123.78,115.860438,35.907444,672.77,-0.00230651
2023,21,13,1217.43,115.860977,35.908132,493.37,-0.00308166
2023,210,0,0.00,115.513599,35.695501,239.21,0.00100425
2023,210,1,97.45,115.512679,35.695232,388.71,0.00135587
2023,210,2,194.90,115.511841,35.694821,418.61,0.00119743
2023,210,3,292.35,115.511061,35.694311,388.71,-0.00079367
2023,210,4,389.80,115.510282,35.693801,343.86,-0.00180429
2023,210,5,487.25,115.509313,35.693615,269.11,0.00108033
2023,210,6,584.70,115.508425,35.693292,254.16,0.00339783
2023,210,7,682.14,115.507744,35.692611,313.96,0.00165056
2023,210,8,779.59,115.507273,35.691870,313.96,-0.00051366
2023,210,9,877.04,115.506592,35.691189,388.71,-0.00102733
2023,211,0,0.00,115.513599,35.695501,867.13,0.00525129
2023,211,1,92.11,115.514242,35.695066,642.87,0.00640478
2023,211,2,184.23,115.515164,35.695232,254.16,0.00460194
2023,211,3,276.34,115.515868,35.695771,239.21,0.00179807
2023,211,4,368.45,115.516668,35.696145,254.16,0.00252217
2023,211,5,460.56,115.517102,35.696849,254.16,0.00309383
2023,213,0,0.00,115.506592,35.691189,508.32,-0.00539699
2023,213,1,49.20,115.506592,35.690746,328.91,-0.00550880
2023,213,2,98.39,115.506322,35.690381,358.81,-0.00562062
2023,214,0,0.00,115.506592,35.691189,612.97,0.00285877
2023,214,1,79.24,115.505873,35.691459,358.81,0.00543734
2023,214,2,158.49,115.504998,35.691459,478.42,0.00675414
2023,214,3,237.73,115.504436,35.690920,194.36,0.00549236
2023,215,0,0.00,115.506322,35.690381,448.52,-0.00431710
2023,215,1,81.08,115.505584,35.690111,254.16,-0.00698540
2023,215,2,162.16,115.504793,35.690293,852.18,-0.00743597
2023,215,3,243.24,115.504436,35.690920,1659.51,-0.00521824
2023,216,0,0.00,115.506322,35.690381,807.33,-0.00314273
2023,216,1,91.33,115.506592,35.689636,732.58,-0.00332853
2023,216,2,182.66,115.506322,35.688891,553.17,-0.00340997
2023,216,3,273.99,115.505992,35.688164,448.52,-0.00322429
2023,216,4,365.32,115.505261,35.687686,388.71,-0.00161297
2023,216,5,456.65,115.504518,35.687229,418.61,0.00064165
2023,216,6,547.98,115.503781,35.686761,448.52,0.00112866
2023,216,7,639.31,115.503143,35.686124,418.61,-0.00064165
2023,216,8,730.65,115.502480,35.685530,403.66,-0.00158690
2023,216,9,821.98,115.501670,35.685189,418.61,0.00000000
2023,216,10,913.31,115.500933,35.684721,388.71,0.00099944
2023,218,0,0.00,115.504436,35.690920,1076.44,0.00890460
2023,218,1,34.25,115.504406,35.691219,867.13,0.00878869
2023,218,2,68.49,115.504167,35.691459,867.13,0.00867277
2023,219,0,0.00,115.504436,35.690920,134.55,0.00000000
2023,219,1,96.37,115.503528,35.690650,299.01,-0.00054457
2023,219,2,192.75,115.502620,35.690381,358.81,0.00000000
2023,219,3,289.12,115.501624,35.690263,433.57,0.00110013
2023,219,4,385.49,115.500804,35.689842,448.52,0.00013197
2023,219,5,481.87,115.499897,35.689572,388.71,0.00042775
2023,219,6,578.24,115.499010,35.689266,403.66,0.00155181
2023,219,7,674.61,115.498238,35.688764,418.61,0.00140094
2023,22,0,0.00,115.876339,35.873098,433.57,0.00339600
2023,22,1,82.17,115.875565,35.872864,358.81,0.00323375
2023,22,2,164.34,115.874991,35.872289,239.21,0.00307150
2023,220,0,0.00,115.498238,35.688764,1435.25,0.00000000
2023,220,1,19.29,115.498103,35.688898,702.67,0.00000000
2023,220,2,38.59,115.497968,35.689033,717.63,0.00000000
2023,221,0,0.00,115.498238,35.688764,642.87,0.00000000
2023,221,1,72.67,115.498238,35.688109,508.32,0.00121558
2023,221,2,145.33,115.498238,35.687454,553.17,0.00250651
2023,221,3,218.00,115.498507,35.686877,822.28,0.00258185
2023,222,0,0.00,115.497968,35.689033,642.87,0.00322285
2023,222,1,92.88,115.497099,35.689303,986.73,0.00525565
2023,222,2,185.77,115.496175,35.689127,284.06,0.00573555
2023,222,3,278.65,115.495690,35.688494,89.70,0.00310168
2023,222,4,371.54,115.495196,35.687878,299.01,0.00328268
2023,222,5,464.42,115.495004,35.687097,478.42,0.00357113
2023,222,6,557.31,115.495273,35.686338,852.18,0.00259761
2023,223,0,0.00,115.497968,35.689033,418.61,0.00000000
2023,223,1,96.47,115.497294,35.688359,358.81,-0.00000000
2023,223,2,192.95,115.496621,35.687686,119.60,-0.00000000
2023,223,3,289.42,115.495947,35.687012,493.37,0.00000000
2023,223,4,385.90,115.495273,35.686338,717.63,0.00000000
2023,225,0,0.00,115.495273,35.686338,568.12,-0.00000000
2023,225,1,98.39,115.495004,35.685530,792.38,-0.00000000
2023,225,2,196.79,115.494734,35.684721,897.03,-0.00000000
2023,226,0,0.00,115.494734,35.684721,1121.29,0.00000000
2023,226,1,84.35,115.495509,35.684452,971.78,0.00000000
2023,226,2,168.70,115.496284,35.684182,792.38,0.00125513
2023,226,3,253.05,115.497059,35.683913,568.12,0.00238834
2023,226,4,337.40,115.497991,35.683913,418.61,0.00113320
2023,226,5,421.74,115.498923,35.683913,433.57,0.00000000
2023,226,6,506.09,115.499855,35.683913,433.57,0.00000000
2023,227,0,0.00,115.494734,35.684721,717.63,-0.00000000
2023,227,1,97.30,115.493956,35.684212,717.63,0.00030008
2023,227,2,194.61,115.493177,35.683703,717.63,0.00039792
2023,227,3,291.91,115.492450,35.683104,777.43,-0.00103237
2023,227,4,389.21,115.491689,35.682565,747.53,-0.00113021
2023,227,5,486.51,115.490771,35.682296,717.63,0.00056025
2023,227,6,583.82,115.490010,35.681757,687.72,0.00045680
2023,227,7,681.12,115.489185,35.681328,717.63,-0.00017207
2023,227,8,778.42,115.488406,35.680819,657.82,0.00003534
2023,227,9,875.72,115.487569,35.680409,687.72,0.00054521
2023,227,10,973.03,115.486808,35.679870,657.82,-0.00010628
2023,227,11,1070.33,115.486047,35.679331,642.87,-0.00065221
2023,227,12,1167.63,115.485193,35.678953,627.92,0.00017668
2023,227,13,1264.93,115.484414,35.678443,612.97,-0.00014132
2023,227,14,1362.24,115.483607,35.677984,598.02,-0.00024795
2023,227,15,1459.54,115.482758,35.677596,583.07,0.00038982
2023,227,16,1556.84,115.481979,35.677086,583.07,-0.00017473
2023,227,17,1654.14,115.481166,35.676636,523.27,0.00040149
2023,227,18,1751.45,115.480323,35.676239,523.27,0.00115431
2023,227,19,1848.75,115.479643,35.675559,523.27,-0.00019889
2023,227,20,1946.05,115.478865,35.675050,553.17,-0.00025962
2023,227,21,2043.35,115.478086,35.674541,538.22,0.00040009
2023,227,22,2140.66,115.477360,35.673941,508.32,-0.00010116
2023,227,23,2237.96,115.476599,35.673402,508.32,-0.00023073
2023,227,24,2335.26,115.475837,35.672864,508.32,0.00000000
2023,227,25,2432.56,115.475071,35.672334,493.37,-0.00016935
2023,227,26,2529.87,115.474315,35.671786,523.27,-0.00093340
2023,227,27,2627.17,115.473513,35.671316,508.32,-0.00120128
2023,227,28,2724.47,115.472636,35.670977,508.32,-0.00093799
2023,228,0,0.00,115.472636,35.670977,448.52,-0.00157765
2023,228,1,98.69,115.472155,35.670227,433.57,-0.00265459
2023,228,2,197.38,115.471413,35.669630,418.61,-0.00300598
2023,228,3,296.06,115.470480,35.669360,418.61,-0.00228043
2023,229,0,0.00,115.472636,35.670977,1794.06,-0.00000000
2023,229,1,81.27,115.472068,35.671545,1794.06,0.00164454
2023,229,2,162.53,115.471501,35.672112,1121.29,0.00573708
2023,229,3,243.80,115.470727,35.672325,493.37,0.00775956
2023,229,4,325.07,115.469986,35.672055,388.71,0.00492614
2023,229,5,406.34,115.469402,35.671516,418.61,0.00251824
2023,23,0,0.00,115.876339,35.873098,1151.19,-0.00377248
2023,23,1,96.46,115.876878,35.872385,269.11,-0.00525807
2023,23,2,192.91,115.876695,35.871568,388.71,-0.00915821
2023,23,3,289.37,115.875993,35.870942,493.37,-0.01106429
2023,23,4,385.83,115.875530,35.871576,732.58,-0.00524041
2023,23,5,482.29,115.874991,35.872289,986.73,0.00007500
2023,230,0,0.00,115.470480,35.669360,418.61,-0.00215898
2023,230,1,71.13,115.469983,35.668863,418.61,-0.00434475
2023,230,2,142.25,115.469379,35.668552,433.57,-0.00515144
2023,230,3,213.38,115.468593,35.668552,508.32,-0.00377237
2023,231,0,0.00,115.470480,35.669360,1794.06,0.00000000
2023,231,1,77.19,115.469941,35.669899,1794.06,0.00000000
2023,231,2,154.37,115.469402,35.670438,1031.59,0.00000000
2023,232,0,0.00,115.469402,35.671516,598.02,0.00933117
2023,232,1,58.65,115.468794,35.671447,433.57,0.00935976
2023,232,2,117.29,115.468593,35.670977,523.27,0.00938835
2023,233,0,0.00,115.469402,35.671516,687.72,0.00000000
2023,233,1,59.80,115.469402,35.670977,717.63,0.00000000
2023,233,2,119.60,115.469402,35.670438,717.63,0.00000000
2023,234,0,0.00,115.468593,35.668552,553.17,-0.00440278
2023,234,1,76.36,115.468237,35.668013,508.32,-0.00565332
2023,234,2,152.73,115.467537,35.667765,448.52,-0.00463058
2023,234,3,229.09,115.466707,35.667743,657.82,-0.00235730
2023,235,0,0.00,115.468593,35.668552,1270.79,0.00188943
2023,235,1,74.29,115.468283,35.669131,1240.89,0.00183648
2023,235,2,148.58,115.467765,35.669650,523.27,0.00089176
2023,235,3,222.87,115.467246,35.670169,852.18,-0.00000000
2023,237,0,0.00,115.469402,35.670438,852.18,-0.00439433
2023,237,1,50.79,115.468948,35.670622,747.53,-0.00417933
2023,237,2,101.58,115.468593,35.670977,852.18,-0.00396433
2023,238,0,0.00,115.468593,35.670977,448.52,0.00267673
2023,238,1,82.29,115.467841,35.670708,388.71,0.00257320
2023,238,2,164.58,115.467246,35.670169,343.86,0.00246967
2023,24,0,0.00,115.867984,35.904898,239.21,0.00242119
2023,24,1,90.98,115.867557,35.905595,239.21,0.00313463
2023,24,2,181.96,115.866822,35.906061,299.01,0.00262128
2023,24,3,272.95,115.865987,35.906357,313.96,0.00026318
2023,24,4,363.93,115.865152,35.906653,269.11,-0.00000000
2023,24,5,454.91,115.864379,35.907054,313.96,0.00065059
2023,24,6,545.89,115.863482,35.907245,313.96,-0.00010852
2023,24,7,636.88,115.862678,35.907593,373.76,0.00000000
2023,24,8,727.86,115.861828,35.907863,717.63,0.00032504
2023,24,9,818.84,115.860977,35.908132,1390.40,0.00000000
2023,240,0,0.00,115.466707,35.667743,1794.06,0.00000000
2023,240,1,19.30,115.466572,35.667878,1794.06,0.00000000
2023,240,2,38.59,115.466437,35.668013,1794.06,0.00000000
2023,241,0,0.00,115.466707,35.667743,568.12,0.00000000
2023,241,1,80.93,115.466437,35.667092,418.61,-0.00100824
2023,241,2,161.87,115.466168,35.666441,343.86,-0.00456728
2023,241,3,242.80,115.465638,35.665866,313.96,-0.00540583
2023,241,4,323.74,115.464775,35.665812,328.91,-0.00098863
2023,241,5,404.67,115.464012,35.665587,463.47,0.00171634
2023,242,0,0.00,115.466437,35.668013,657.82,-0.00141936
2023,242,1,93.66,115.466437,35.668857,687.72,-0.00248755
2023,242,2,187.33,115.466701,35.669624,448.52,-0.00294394
2023,242,3,280.99,115.467246,35.670169,373.76,-0.00233214
2023,243,0,0.00,115.466437,35.668013,792.38,0.00318702
2023,243,1,75.19,115.465764,35.668282,717.63,0.00454736
2023,243,2,150.39,115.464933,35.668282,478.42,0.00323618
2023,243,3,225.58,115.464267,35.667999,313.96,-0.00173268
2023,243,4,300.77,115.463742,35.668013,433.57,-0.00403004
2023,245,0,0.00,115.464012,35.665587,1794.06,-0.00115134
2023,245,1,92.14,115.463368,35.666231,1510.00,-0.00118218
2023,245,2,184.28,115.462934,35.666935,687.72,-0.00121302
2023,246,0,0.00,115.464012,35.665587,373.76,-0.00521755
2023,246,1,81.10,115.463654,35.664960,328.91,-0.00486128
2023,246,2,162.19,115.462864,35.664779,328.91,-0.00179960
2023,246,3,243.29,115.462125,35.664509,328.91,0.00090581
2023,247,0,0.00,115.462934,35.666935,463.47,0.00424122
2023,247,1,95.79,115.462033,35.666665,343.86,0.00498793
2023,247,2,191.59,115.461856,35.666103,433.57,0.00281928
2023,247,3,287.38,115.461586,35.665318,478.42,-0.00009606
2023,248,0,0.00,115.462934,35.666935,448.52,0.00867346
2023,248,1,34.25,115.463173,35.667174,538.22,0.00878948
2023,248,2,68.49,115.463203,35.667474,523.27,0.00890550
2023,249,0,0.00,115.462125,35.664509,1510.00,0.00000000
2023,249,1,53.54,115.461856,35.664913,1315.65,0.00000000
2023,249,2,107.09,115.461586,35.665318,1151.19,0.00000000
2023,25,0,0.00,115.867984,35.904898,627.92,0.00560777
2023,25,1,49.18,115.867715,35.904533,433.57,0.00549645
2023,25,2,98.35,115.867715,35.904090,373.76,0.00538513
2023,250,0,0.00,115.462125,35.664509,343.86,-0.00356252
2023,250,1,94.49,115.461466,35.663849,328.91,-0.00369479
2023,250,2,188.99,115.460508,35.663701,328.91,-0.00382706
2023,251,0,0.00,115.461586,35.665318,433.57,-0.01148138
2023,251,1,31.50,115.461267,35.665367,747.53,-0.01108454
2023,251,2,62.99,115.461047,35.665587,209.31,-0.01068771
2023,252,0,0.00,115.460508,35.663701,1794.06,0.00000000
2023,252,1,19.30,115.460374,35.663835,1794.06,0.00000000
2023,252,2,38.59,115.460239,35.663970,1794.06,0.00000000
2023,253,0,0.00,115.460508,35.663701,373.76,-0.00647412
2023,253,1,83.05,115.460078,35.663162,299.01,-0.00598080
2023,253,2,166.10,115.459161,35.663162,328.91,-0.00548748
2023,254,0,0.00,115.460239,35.663970,807.33,-0.00611919
2023,254,1,80.70,115.459576,35.664363,941.88,-0.01214049
2023,254,2,161.39,115.459639,35.664987,313.96,-0.01946567
2023,254,3,242.09,115.460239,35.664697,1016.64,-0.01316305
2023,254,4,322.78,115.460239,35.663970,598.02,-0.00555655
2023,256,0,0.00,115.459161,35.663162,343.86,-0.00215807
2023,256,1,96.35,115.458697,35.662428,224.26,-0.00261284
2023,256,2,192.69,115.457925,35.661926,254.16,-0.00110585
2023,256,3,289.04,115.457083,35.661545,209.31,0.00067910
2023,256,4,385.39,115.456381,35.660921,164.46,-0.00060489
2023,256,5,481.74,115.455582,35.660467,164.46,-0.00192417
2023,256,6,578.08,115.454739,35.660087,179.41,-0.00124172
2023,256,7,674.43,115.453768,35.659925,179.41,0.00096526
2023,256,8,770.78,115.452898,35.659593,209.31,0.00091132
2023,256,9,867.13,115.452109,35.659119,254.16,-0.00164266
2023,256,10,963.47,115.451202,35.658850,299.01,-0.00119560
2023,256,11,1059.82,115.450186,35.658768,313.96,0.00037228
2023,256,12,1156.17,115.449315,35.658436,388.71,0.00090468
2023,256,13,1252.52,115.448323,35.658311,418.61,0.00222929
2023,256,14,1348.86,115.447573,35.657772,523.27,0.00295471
2023,257,0,0.00,115.459161,35.663162,1794.06,-0.00185647
2023,257,1,72.84,115.458652,35.663670,986.73,-0.00191199
2023,257,2,145.68,115.458352,35.664240,687.72,-0.00196750
2023,258,0,0.00,115.447573,35.657772,1315.65,-0.00206716
2023,258,1,99.80,115.447502,35.656893,1091.39,-0.00312327
2023,258,2,199.60,115.447014,35.656135,747.53,-0.00481585
2023,258,3,299.40,115.446214,35.655616,388.71,-0.00273538
2023,258,4,399.20,115.445125,35.655594,403.66,-0.00014639
2023,258,5,499.00,115.444323,35.655077,388.71,-0.00172433
2023,258,6,598.80,115.443236,35.655102,373.76,-0.00343348
2023,258,7,698.61,115.442440,35.655089,403.66,-0.00337127
2023,258,8,798.41,115.441644,35.655616,523.27,-0.00304990
2023,259,0,0.00,115.447573,35.657772,538.22,0.00176931
2023,259,1,99.68,115.446629,35.658041,388.71,0.00168770
2023,259,2,199.36,115.445528,35.658041,418.61,0.00080304
2023,259,3,299.04,115.444427,35.658041,388.71,-0.00080304
2023,259,4,398.73,115.443326,35.658041,388.71,-0.00080304
2023,259,5,498.41,115.442382,35.658311,388.71,0.00080304
2023,259,6,598.09,115.441281,35.658311,418.61,0.00080304
2023,259,7,697.77,115.440180,35.658311,388.71,0.00000000
2023,259,8,797.45,115.439080,35.658311,388.71,0.00033533
2023,259,9,897.13,115.437979,35.658311,418.61,0.00080304
2023,259,10,996.82,115.436946,35.658194,388.71,0.00010830
2023,259,11,1096.50,115.435934,35.658041,388.71,-0.00080304
2023,259,12,1196.18,115.434833,35.658041,388.71,-0.00044363
2023,259,13,1295.86,115.433732,35.658041,388.71,0.00080304
2023,259,14,1395.54,115.432631,35.658041,358.81,0.00080304
2023,259,15,1495.22,115.431687,35.657772,358.81,-0.00024728
2023,259,16,1594.90,115.430587,35.657772,328.91,-0.00000000
2023,259,17,1694.59,115.429596,35.657582,284.06,0.00002879
2023,259,18,1794.27,115.428542,35.657502,299.01,0.00000000
2023,259,19,1893.95,115.427510,35.657383,269.11,0.00070283
2023,259,20,1993.63,115.426497,35.657233,209.31,0.00043602
2023,259,21,2093.31,115.425553,35.656963,179.41,0.00040032
2023,259,22,2192.99,115.424530,35.656828,149.51,0.00090602
2023,259,23,2292.68,115.423664,35.656424,149.51,-0.00000000
2023,259,24,2392.36,115.422720,35.656155,179.41,0.00025419
2023,259,25,2492.04,115.421776,35.655885,209.31,0.00091900
2023,259,26,2591.72,115.420954,35.655407,254.16,0.00047677
2023,259,27,2691.40,115.420045,35.655077,299.01,0.00138010
2023,259,28,2791.08,115.419276,35.654523,328.91,0.00154111
2023,259,29,2890.76,115.418678,35.653940,403.66,0.00069844
2023,259,30,2990.45,115.417982,35.653244,463.47,0.00064505
2023,259,31,3090.13,115.417389,35.652518,523.27,0.00050869
2023,259,32,3189.81,115.416850,35.651776,598.02,0.00013173
2023,259,33,3289.49,115.416311,35.651034,553.17,0.00000000
2023,260,0,0.00,115.458352,35.664240,313.96,0.00000000
2023,260,1,12.20,115.458218,35.664240,343.86,0.00000000
2023,260,2,24.40,115.458083,35.664240,343.86,0.00000000
2023,261,0,0.00,115.458352,35.664240,373.76,0.00000000
2023,261,1,38.59,115.458622,35.664509,328.91,0.00000000
2023,261,2,77.19,115.458891,35.664779,328.91,0.00000000
2023,262,0,0.00,115.441644,35.655616,553.17,0.00000000
2023,262,1,19.30,115.441779,35.655751,553.17,0.00000000
2023,262,2,38.60,115.441913,35.655885,598.02,0.00000000
2023,263,0,0.00,115.441644,35.655616,448.52,-0.00230669
2023,263,1,82.67,115.440888,35.655346,373.76,-0.00130868
2023,263,2,165.35,115.439994,35.655313,373.76,0.00082605
2023,263,3,248.02,115.439218,35.655077,373.76,0.00196277
2023,264,0,0.00,115.416311,35.651034,538.22,-0.00126852
2023,264,1,92.60,115.416291,35.650206,583.07,-0.00057667
2023,264,2,185.20,115.416042,35.649444,568.12,0.00074187
2023,264,3,277.81,115.416042,35.648609,583.07,0.00136856
2023,265,0,0.00,115.416311,35.651034,1345.55,0.00000000
2023,265,1,93.72,115.415657,35.651689,1240.89,0.00024726
2023,265,2,187.44,115.415003,35.652343,867.13,0.00279272
2023,265,3,281.15,115.414304,35.652921,478.42,0.00703637
2023,265,4,374.87,115.413297,35.652871,762.48,0.00666395
2023,265,5,468.59,115.412643,35.652217,612.97,0.00217303
2023,265,6,562.31,115.411989,35.651563,612.97,0.00055620
2023,265,7,656.03,115.411334,35.650908,598.02,0.00174463
2023,265,8,749.74,115.410889,35.650193,583.07,0.00179322
2023,265,9,843.46,115.410652,35.649417,598.02,0.00120957
2023,266,0,0.00,115.416042,35.648609,732.58,0.00486949
2023,266,1,80.70,115.415379,35.648216,612.97,0.00477141
2023,266,2,161.40,115.415233,35.647531,598.02,0.00467332
2023,267,0,0.00,115.416042,35.648609,1001.69,0.00000000
2023,267,1,87.42,115.416652,35.647999,986.73,0.00000000
2023,267,2,174.83,115.417262,35.647388,1061.49,-0.00088570
2023,267,3,262.25,115.417873,35.646778,926.93,-0.00373128
2023,267,4,349.66,115.418198,35.646085,642.87,-0.00474950
2023,267,5,437.08,115.417928,35.645375,627.92,-0.00380783
2023,268,0,0.00,115.415233,35.647531,568.12,0.00418719
2023,268,1,91.30,115.414694,35.647006,612.97,0.00382180
2023,268,2,182.61,115.414694,35.646184,627.92,0.00345641
2023,269,0,0.00,115.415233,35.647531,1016.64,-0.00000000
2023,269,1,89.40,115.415857,35.646907,1091.39,0.00000000
2023,269,2,178.80,115.416482,35.646283,1121.29,0.00129144
2023,269,3,268.19,115.417106,35.645658,1106.34,0.00272248
2023,269,4,357.59,115.417928,35.645375,313.96,0.00286208
2023,27,0,0.00,115.860977,35.908132,313.96,-0.00129240
2023,27,1,98.93,115.860977,35.909024,239.21,-0.00064620
2023,27,2,197.85,115.861247,35.909838,209.31,-0.00000000
2023,27,3,296.78,115.861247,35.910729,179.41,-0.00050875
2023,27,4,395.71,115.861516,35.911543,209.31,-0.00068391
2023,27,5,494.63,115.861718,35.912376,239.21,-0.00035127
2023,27,6,593.56,115.862055,35.913170,239.21,0.00000000
2023,27,7,692.49,115.862325,35.913984,284.06,-0.00023099
2023,27,8,791.41,115.862594,35.914797,328.91,-0.00138596
2023,27,9,890.34,115.863021,35.915566,358.81,-0.00121690
2023,27,10,989.26,115.863672,35.916269,343.86,-0.00033601
2023,27,11,1088.19,115.864195,35.917009,358.81,-0.00049732
2023,27,12,1187.12,115.864887,35.917701,328.91,-0.00039935
2023,27,13,1286.04,115.865578,35.918393,313.96,-0.00050326
2023,27,14,1384.97,115.866270,35.919084,239.21,-0.00104508
2023,27,15,1483.90,115.867061,35.919606,209.31,-0.00094298
2023,27,16,1582.82,115.867852,35.920128,209.31,-0.00057131
2023,27,17,1681.75,115.868714,35.920529,149.51,-0.00132630
2023,27,18,1780.68,115.869534,35.921001,104.65,-0.00183704
2023,27,19,1879.60,115.870590,35.921068,179.41,-0.00077830
2023,27,20,1978.53,115.871529,35.921338,209.31,-0.00021846
2023,27,21,2077.46,115.872603,35.921375,224.26,0.00064972
2023,27,22,2176.38,115.873564,35.921607,239.21,-0.00000000
2023,27,23,2275.31,115.874502,35.921876,239.21,-0.00091408
2023,27,24,2374.23,115.875598,35.921876,269.11,0.00000000
2023,27,25,2473.16,115.876563,35.922101,254.16,-0.00009868
2023,27,26,2572.09,115.877633,35.922146,299.01,-0.00000000
2023,27,27,2671.01,115.878642,35.922294,299.01,-0.00021797
2023,27,28,2769.94,115.879667,35.922415,328.91,-0.00005380
2023,27,29,2868.87,115.880763,35.922415,358.81,0.00045994
2023,27,30,2967.79,115.881712,35.922668,358.81,-0.00153144
2023,27,31,3066.72,115.882798,35.922685,358.81,-0.00163175
2023,27,32,3165.65,115.883736,35.922415,358.81,-0.00004651
2023,27,33,3264.57,115.884832,35.922415,328.91,-0.00089936
2023,27,34,3363.50,115.885771,35.922146,328.91,-0.00179873
2023,270,0,0.00,115.417928,35.645375,627.92,-0.00728118
2023,270,1,85.81,115.417747,35.644654,598.02,-0.00727392
2023,270,2,171.62,115.416850,35.644567,807.33,-0.00726666
2023,272,0,0.00,115.414694,35.646184,747.53,0.00488991
2023,272,1,81.74,115.413925,35.645954,568.12,0.00478372
2023,272,2,163.48,115.413563,35.645322,523.27,0.00233876
2023,272,3,245.22,115.413202,35.644691,478.42,-0.00077624
2023,272,4,326.96,115.412840,35.644059,463.47,-0.00151057
2023,272,5,408.70,115.412269,35.643489,463.47,-0.00146867
2023,273,0,0.00,115.414694,35.646184,1076.44,0.00113250
2023,273,1,93.47,115.415347,35.645531,1270.79,0.00117770
2023,273,2,186.93,115.416099,35.645049,1300.70,0.00061146
2023,273,3,280.40,115.416850,35.644567,508.32,-0.00000000
2023,274,0,0.00,115.416850,35.644567,583.07,-0.00161897
2023,274,1,98.40,115.416850,35.643680,508.32,-0.00134991
2023,274,2,196.80,115.416520,35.642889,433.57,-0.00000000
2023,274,3,295.20,115.416311,35.642063,448.52,-0.00070902
2023,274,4,393.60,115.416190,35.641211,433.57,-0.00266913
2023,274,5,492.00,115.415503,35.640524,403.66,-0.00283935
2023,276,0,0.00,115.412269,35.643489,523.27,-0.00161799
2023,276,1,88.75,115.412269,35.642689,448.52,-0.00166726
2023,276,2,177.50,115.411999,35.641967,388.71,-0.00085827
2023,276,3,266.25,115.411730,35.641246,627.92,0.00000000
2023,276,4,355.00,115.411460,35.640524,463.47,0.00000000
2023,277,0,0.00,115.412269,35.643489,1121.29,-0.00000000
2023,277,1,77.20,115.411730,35.644028,1076.44,-0.00000000
2023,277,2,154.39,115.411191,35.644567,971.78,-0.00000000
2023,278,0,0.00,115.415503,35.640524,642.87,-0.00257856
2023,278,1,92.60,115.415503,35.639690,493.37,-0.00375467
2023,278,2,185.21,115.415045,35.638988,493.37,-0.00360774
2023,278,3,277.81,115.414299,35.638512,777.43,-0.00114236
2023,278,4,370.42,115.413553,35.638036,777.43,0.00000000
2023,278,5,463.02,115.412808,35.637560,807.33,0.00000000
2023,279,0,0.00,115.415503,35.640524,568.12,0.00163692
2023,279,1,88.98,115.414520,35.640524,747.53,0.00101485
2023,279,2,177.95,115.413666,35.640304,1405.35,-0.00064238
2023,279,3,266.93,115.412712,35.640255,1435.25,-0.00101485
2023,279,4,355.91,115.411730,35.640255,1524.95,-0.00035217
2023,28,0,0.00,115.874991,35.872289,239.21,-0.00102329
2023,28,1,98.15,115.874305,35.871603,299.01,-0.00051165
2023,28,2,196.29,115.873520,35.871088,358.81,0.00154879
2023,28,3,294.44,115.872834,35.870402,418.61,0.00264714
2023,28,4,392.58,115.872566,35.869595,508.32,0.00219671
2023,280,0,0.00,115.411460,35.640524,867.13,-0.00000000
2023,280,1,19.30,115.411326,35.640659,897.03,-0.00000000
2023,280,2,38.60,115.411191,35.640794,1091.39,-0.00000000
2023,281,0,0.00,115.411460,35.640524,867.13,0.00000000
2023,281,1,19.30,115.411595,35.640389,837.23,0.00000000
2023,281,2,38.60,115.411730,35.640255,807.33,0.00000000
2023,283,0,0.00,115.411191,35.640794,1091.39,0.00124027
2023,283,1,89.40,115.410567,35.641418,1181.09,0.00129140
2023,283,2,178.80,115.409843,35.641872,986.73,0.00134253
2023,284,0,0.00,115.411191,35.640794,941.88,-0.00193356
2023,284,1,95.55,115.410293,35.640524,1046.54,-0.00368585
2023,284,2,191.10,115.409238,35.640524,1255.84,-0.00468261
2023,284,3,286.65,115.408496,35.641063,762.48,-0.00392709
2023,285,0,0.00,115.411730,35.640255,448.52,0.00198720
2023,285,1,82.64,115.411460,35.639588,627.92,0.00192933
2023,285,2,165.27,115.411460,35.638843,672.77,0.00093573
2023,285,3,247.91,115.411460,35.638099,672.77,0.00000000
2023,286,0,0.00,115.412808,35.637560,732.58,0.00044789
2023,286,1,86.07,115.413077,35.636862,717.63,0.00231426
2023,286,2,172.14,115.413383,35.636249,911.98,0.00039207
2023,286,3,258.21,115.413886,35.636085,538.22,-0.00408961
2023,286,4,344.28,115.413886,35.635309,478.42,-0.00435311
2023,286,5,430.35,115.413886,35.634534,478.42,-0.00432633
2023,286,6,516.42,115.413347,35.634056,583.07,-0.00472916
2023,287,0,0.00,115.412808,35.637560,1151.19,-0.00578316
2023,287,1,75.21,115.411985,35.637574,1315.65,-0.00575387
2023,287,2,150.43,115.411460,35.638099,1016.64,-0.00572458
2023,288,0,0.00,115.409843,35.641872,971.78,0.00000000
2023,288,1,38.60,115.409574,35.642141,911.98,0.00000000
2023,288,2,77.20,115.409304,35.642411,837.23,0.00000000
2023,289,0,0.00,115.409843,35.641872,926.93,-0.00535077
2023,289,1,94.51,115.408985,35.641652,463.47,-0.00514728
2023,289,2,189.02,115.408226,35.642141,508.32,-0.00494379
2023,290,0,0.00,115.408496,35.641063,433.57,0.00521766
2023,290,1,89.16,115.408226,35.640338,448.52,0.00530519
2023,290,2,178.32,115.408784,35.639697,941.88,0.00288229
2023,290,3,267.47,115.409407,35.639074,867.13,0.00018593
2023,290,4,356.63,115.410029,35.638452,747.53,-0.00000000
2023,290,5,445.79,115.410652,35.637829,897.03,-0.00000000
2023,291,0,0.00,115.408496,35.641063,822.28,-0.00000000
2023,291,1,19.30,115.408361,35.641198,762.48,-0.00000000
2023,291,2,38.60,115.408226,35.641333,747.53,-0.00000000
2023,292,0,0.00,115.411460,35.638099,717.63,-0.00924672
2023,292,1,43.71,115.411134,35.637829,822.28,-0.00905802
2023,292,2,87.42,115.410652,35.637829,1644.56,-0.00886933
2023,294,0,0.00,115.413347,35.634056,403.66,-0.00009481
2023,294,1,90.94,115.413347,35.633237,343.86,-0.00076997
2023,294,2,181.88,115.413330,35.632422,343.86,-0.00121978
2023,294,3,272.82,115.413077,35.631676,358.81,0.00000000
2023,294,4,363.76,115.412895,35.630909,328.91,0.00023740
2023,294,5,454.70,115.412808,35.630115,358.81,-0.00025982
2023,294,6,545.63,115.412538,35.629374,358.81,0.00025982
2023,294,7,636.57,115.412451,35.628579,373.76,-0.00023740
2023,294,8,727.51,115.412269,35.627813,388.71,0.00000000
2023,294,9,818.45,115.412017,35.627067,358.81,0.00121978
2023,294,10,909.39,115.411999,35.626252,358.81,0.00076997
2023,294,11,1000.33,115.411999,35.625432,433.57,0.00009481
2023,295,0,0.00,115.413347,35.634056,538.22,0.00580553
2023,295,1,55.92,115.412886,35.634326,388.71,0.00556005
2023,295,2,111.83,115.412269,35.634326,986.73,0.00531457
2023,297,0,0.00,115.410652,35.637829,657.82,-0.00956501
2023,297,1,46.45,115.410536,35.637444,598.02,-0.00981139
2023,297,2,92.91,115.410113,35.637290,717.63,-0.01005776
2023,298,0,0.00,115.412269,35.634326,627.92,0.00000000
2023,298,1,29.90,115.412269,35.634056,403.66,0.00000000
2023,298,2,59.80,115.412269,35.633787,373.76,0.00000000
2023,299,0,0.00,115.412269,35.634326,523.27,0.00000000
2023,299,1,98.20,115.411583,35.635011,897.03,0.00051193
2023,299,2,196.40,115.410898,35.635697,1076.44,0.00106326
2023,299,3,294.61,115.410113,35.636212,1061.49,0.00110265
2023,3,0,0.00,115.877147,35.894927,867.13,-0.00771301
2023,3,1,69.97,115.876372,35.894927,642.87,-0.00831045
2023,3,2,139.93,115.876069,35.895452,687.72,-0.00466947
2023,3,3,209.90,115.875800,35.896005,672.77,-0.00043105
2023,30,0,0.00,115.874991,35.872289,911.98,-0.00000000
2023,30,1,75.06,115.874317,35.872559,777.43,-0.00000000
2023,30,2,150.12,115.873644,35.872828,777.43,-0.00000000
2023,300,0,0.00,115.410113,35.637290,642.87,0.00000000
2023,300,1,59.80,115.410113,35.636751,672.77,0.00000000
2023,300,2,119.60,115.410113,35.636212,478.42,0.00000000
2023,301,0,0.00,115.410113,35.637290,926.93,0.00000000
2023,301,1,77.20,115.409574,35.637829,762.48,0.00000000
2023,301,2,154.40,115.409035,35.638368,747.53,0.00000000
2023,301,3,231.59,115.408496,35.638907,926.93,0.00000000
2023,301,4,308.79,115.407957,35.639446,837.23,0.00000000
2023,303,0,0.00,115.410113,35.636212,508.32,0.00145629
2023,303,1,96.12,115.409574,35.635503,657.82,0.00220010
2023,303,2,192.24,115.409304,35.634715,598.02,0.00215983
2023,303,3,288.36,115.409304,35.633849,373.76,0.00000000
2023,303,4,384.48,115.409304,35.632982,358.81,-0.00068788
2023,303,5,480.60,115.409035,35.632194,328.91,0.00068788
2023,303,6,576.71,115.409035,35.631328,358.81,0.00039972
2023,303,7,672.83,115.409035,35.630462,358.81,-0.00068788
2023,303,8,768.95,115.408920,35.629629,358.81,-0.00009891
2023,303,9,865.07,115.408765,35.628807,373.76,0.00000000
2023,303,10,961.19,115.408765,35.627941,358.81,-0.00102954
2023,303,11,1057.31,115.408496,35.627153,373.76,-0.00042151
2023,303,12,1153.43,115.408226,35.626365,358.81,0.00072872
2023,303,13,1249.55,115.408069,35.625545,358.81,0.00012131
2023,303,14,1345.67,115.407957,35.624711,358.81,-0.00045659
2023,303,15,1441.79,115.407687,35.623923,328.91,0.00030020
2023,303,16,1537.91,115.407517,35.623106,299.01,0.00038013
2023,303,17,1634.03,115.407418,35.622269,358.81,-0.00000000
2023,303,18,1730.14,115.407219,35.621461,343.86,-0.00000000
2023,303,19,1826.26,115.407148,35.620615,358.81,0.00000000
2023,303,20,1922.38,115.406921,35.619815,388.71,0.00054152
2023,303,21,2018.50,115.406879,35.618961,403.66,-0.00008456
2023,303,22,2114.62,115.406831,35.618108,403.66,-0.00106253
2023,303,23,2210.74,115.406578,35.617316,433.57,-0.00055660
2023,303,24,2306.86,115.406340,35.616519,448.52,-0.00013125
2023,303,25,2402.98,115.406070,35.615731,448.52,-0.00017512
2023,304,0,0.00,115.406070,35.615731,418.61,0.00000000
2023,304,1,98.56,115.406070,35.614842,418.61,-0.00065376
2023,304,2,197.13,115.406070,35.613954,478.42,-0.00065376
2023,304,3,295.69,115.405801,35.613144,448.52,0.00000000
2023,304,4,394.25,115.405801,35.612256,418.61,0.00000000
2023,304,5,492.82,115.405531,35.611446,448.52,-0.00000000
2023,304,6,591.38,115.405531,35.610557,448.52,0.00000000
2023,304,7,689.94,115.405262,35.609748,403.66,0.00025749
2023,304,8,788.51,115.405262,35.608859,448.52,-0.00000000
2023,304,9,887.07,115.405096,35.608019,433.57,-0.00052077
2023,304,10,985.63,115.404992,35.607161,448.52,-0.00058849
2023,304,11,1084.19,115.404723,35.606351,433.57,0.00020774
2023,304,12,1182.76,115.404493,35.605530,463.47,0.00048824
2023,304,13,1281.32,115.404431,35.604659,403.66,0.00011082
2023,304,14,1379.88,115.404184,35.603843,448.52,0.00075402
2023,304,15,1478.45,115.404184,35.602955,448.52,0.00059848
2023,304,16,1577.01,115.404184,35.602066,418.61,0.00000000
2023,304,17,1675.57,115.404184,35.601178,448.52,0.00000000
2023,305,0,0.00,115.406070,35.615731,657.82,0.00000000
2023,305,1,77.21,115.405531,35.616270,583.07,0.00000000
2023,305,2,154.41,115.404992,35.616809,583.07,0.00000000
2023,306,0,0.00,115.404184,35.601178,523.27,-0.00000000
2023,306,1,19.30,115.404049,35.601043,508.32,-0.00000000
2023,306,2,38.61,115.403915,35.600908,508.32,-0.00000000
2023,307,0,0.00,115.403915,35.600908,448.52,0.00000000
2023,307,1,86.58,115.403915,35.600128,373.76,-0.00085135
2023,307,2,173.16,115.403915,35.599348,463.47,-0.00175491
2023,307,3,259.74,115.403645,35.598646,448.52,-0.00090356
2023,307,4,346.32,115.403376,35.597944,478.42,-0.00000000
2023,308,0,0.00,115.404184,35.601178,747.53,0.00509851
2023,308,1,82.72,115.404784,35.600639,1330.60,0.00503601
2023,308,2,165.44,115.405697,35.600639,1255.84,0.00248676
2023,308,3,248.16,115.406609,35.600639,702.67,0.00000000
2023,309,0,0.00,115.403915,35.600908,1749.21,0.00210882
2023,309,1,93.63,115.403038,35.601178,1794.06,0.00434547
2023,309,2,187.26,115.402013,35.601163,807.33,0.00723016
2023,309,3,280.89,115.401360,35.600509,403.66,0.00775605
2023,309,4,374.52,115.401316,35.599734,508.32,0.00568321
2023,309,5,468.15,115.401969,35.599081,657.82,0.00243067
2023,309,6,561.78,115.402623,35.598427,822.28,0.00117381
2023,309,7,655.41,115.403376,35.597944,807.33,0.00121880
2023,31,0,0.00,115.885771,35.922146,299.01,0.00000000
2023,31,1,97.93,115.886856,35.922146,299.01,0.00055666
2023,31,2,195.86,115.887941,35.922146,299.01,0.00083310
2023,31,3,293.78,115.888919,35.922330,284.06,-0.00030268
2023,31,4,391.71,115.889954,35.922415,358.81,0.00000000
2023,31,5,489.64,115.891039,35.922415,358.81,0.00058859
2023,31,6,587.57,115.891967,35.922685,388.71,-0.00000000
2023,31,7,685.50,115.893050,35.922688,388.71,0.00089913
2023,31,8,783.43,115.893979,35.922954,358.81,0.00091874
2023,31,9,881.35,115.894907,35.923224,358.81,-0.00090860
2023,31,10,979.28,115.895834,35.923493,328.91,-0.00091874
2023,31,11,1077.21,115.896920,35.923493,328.91,0.00091874
2023,31,12,1175.14,115.897847,35.923763,299.01,0.00133590
2023,31,13,1273.07,115.898775,35.924032,209.31,0.00095308
2023,31,14,1370.99,115.899633,35.924420,179.41,0.00011809
2023,31,15,1468.92,115.900472,35.924841,179.41,0.00084140
2023,31,16,1566.85,115.901400,35.925110,104.65,0.00328507
2023,31,17,1664.78,115.901941,35.925836,134.55,0.00165749
2023,31,18,1762.71,115.902352,35.926600,179.41,-0.00053065
2023,31,19,1860.64,115.903036,35.927284,209.31,0.00009085
2023,31,20,1958.56,115.903512,35.928029,209.31,0.00078815
2023,31,21,2056.49,115.904096,35.928743,254.16,0.00111847
2023,31,22,2154.42,115.904366,35.929548,239.21,0.00011985
2023,31,23,2252.35,115.904730,35.930325,254.16,0.00049668
2023,31,24,2350.28,115.905174,35.931079,239.21,0.00141106
2023,31,25,2448.20,115.905174,35.931962,179.41,0.00045078
2023,31,26,2546.13,115.905444,35.932767,179.41,-0.00000000
2023,31,27,2644.06,115.905444,35.933649,149.51,0.00160120
2023,31,28,2741.99,115.905713,35.934454,,0.00343055
2023,31,29,2839.92,115.905098,35.935158,194.36,0.00021478
2023,31,30,2937.85,115.904635,35.935907,209.31,-0.00193837
2023,31,31,3035.77,115.904635,35.936790,239.21,0.00091420
2023,31,32,3133.70,115.904298,35.937575,284.06,0.00105856
2023,31,33,3231.63,115.903827,35.938321,299.01,-0.00071285
2023,31,34,3329.56,115.903557,35.939126,299.01,0.00000836
2023,31,35,3427.49,115.903288,35.939931,358.81,0.00071285
2023,31,36,3525.41,115.902814,35.940676,373.76,-0.00037091
2023,31,37,3623.34,115.902480,35.941462,388.71,-0.00035448
2023,31,38,3721.27,115.902210,35.942267,418.61,0.00017972
2023,31,39,3819.20,115.901805,35.943033,418.61,0.00017922
2023,31,40,3917.13,115.901538,35.943838,463.47,0.00072126
2023,31,41,4015.06,115.901063,35.944583,493.37,-0.00000778
2023,31,42,4112.98,115.900593,35.945330,478.42,-0.00107185
2023,31,43,4210.91,115.900324,35.946135,523.27,-0.00052981
2023,31,44,4308.84,115.900054,35.946939,523.27,0.00000000
2023,311,0,0.00,115.403376,35.597944,448.52,0.00022769
2023,311,1,81.28,115.403226,35.597255,478.42,0.00066289
2023,311,2,162.56,115.403106,35.596557,493.37,-0.00102841
2023,311,3,243.84,115.403106,35.595825,523.27,-0.00359679
2023,311,4,325.13,115.402567,35.595249,583.07,-0.00403865
2023,312,0,0.00,115.402567,35.595249,1794.06,0.00000000
2023,312,1,73.27,115.401759,35.595249,1405.35,0.00000000
2023,312,2,146.53,115.400950,35.595249,882.08,0.00000000
2023,313,0,0.00,115.402567,35.595249,463.47,-0.00152465
2023,313,1,94.06,115.402837,35.594480,433.57,-0.00148158
2023,313,2,188.11,115.402837,35.593632,418.61,-0.00143851
2023,313,3,282.17,115.402837,35.592784,433.57,-0.00148158
2023,313,4,376.22,115.402567,35.592015,418.61,-0.00152465
2023,314,0,0.00,115.402567,35.592015,1794.06,0.00000000
2023,314,1,78.00,115.401706,35.592015,1764.16,0.00133213
2023,314,2,156.00,115.400846,35.592015,1016.64,0.00280898
2023,314,3,233.99,115.400142,35.591746,732.58,0.00295369
2023,315,0,0.00,115.402567,35.592015,418.61,-0.00265213
2023,315,1,95.51,115.402837,35.591233,373.76,-0.00213317
2023,315,2,191.01,115.402608,35.590439,343.86,-0.00021122
2023,315,3,286.52,115.402567,35.589590,373.76,-0.00000000
2023,315,4,382.03,115.402567,35.588729,478.42,-0.00133463
2023,315,5,477.54,115.402298,35.587947,463.47,-0.00073875
2023,315,6,573.04,115.402028,35.587164,508.32,0.00000000
2023,316,0,0.00,115.400142,35.591746,612.97,0.00000000
2023,316,1,24.42,115.399872,35.591746,433.57,0.00000000
2023,316,2,48.85,115.399603,35.591746,612.97,0.00000000
2023,317,0,0.00,115.400142,35.591746,702.67,0.00000000
2023,317,1,19.30,115.400276,35.591611,538.22,0.00000000
2023,317,2,38.61,115.400411,35.591476,523.27,0.00000000
2023,318,0,0.00,115.402028,35.587164,523.27,0.00000000
2023,318,1,89.16,115.402028,35.586361,523.27,-0.00080201
2023,318,2,178.33,115.402028,35.585557,538.22,-0.00165287
2023,318,3,267.49,115.401759,35.584832,493.37,-0.00000000
2023,318,4,356.65,115.401489,35.584107,358.81,0.00165287
2023,318,5,445.81,115.401489,35.583303,523.27,-0.00000000
2023,318,6,534.98,115.401489,35.582499,448.52,-0.00165287
2023,318,7,624.14,115.401220,35.581774,343.86,-0.00170171
2023,319,0,0.00,115.402028,35.587164,1794.06,0.00000000
2023,319,1,24.42,115.401759,35.587164,1794.06,0.00000000
2023,319,2,48.85,115.401489,35.587164,1794.06,0.00000000
2023,32,0,0.00,115.885771,35.922146,1794.06,0.00000000
2023,32,1,59.80,115.885771,35.921607,1794.06,0.00000000
2023,32,2,119.61,115.885771,35.921068,882.08,0.00000000
2023,320,0,0.00,115.399603,35.591746,373.76,0.00000000
2023,320,1,29.90,115.399603,35.592015,523.27,0.00000000
2023,320,2,59.80,115.399603,35.592285,448.52,0.00000000
2023,321,0,0.00,115.399603,35.591746,373.76,0.00332739
2023,321,1,64.16,115.399333,35.591246,373.76,0.00323359
2023,321,2,128.31,115.399333,35.590668,388.71,0.00313980
2023,322,0,0.00,115.401220,35.581774,328.91,-0.00540303
2023,322,1,49.21,115.401220,35.581331,343.86,-0.00551510
2023,322,2,98.41,115.400950,35.580966,418.61,-0.00562717
2023,323,0,0.00,115.401220,35.581774,538.22,0.00000000
2023,323,1,93.50,115.400567,35.582427,553.17,0.00117728
2023,323,2,187.01,115.399914,35.583080,747.53,0.00248242
2023,323,3,280.51,115.399064,35.583391,687.72,0.00261028
2023,324,0,0.00,115.401489,35.587164,687.72,-0.00000000
2023,324,1,83.32,115.400907,35.587746,777.43,-0.00000000
2023,324,2,166.65,115.400326,35.588327,747.53,0.00071648
2023,324,3,249.97,115.399744,35.588909,612.97,0.00149497
2023,324,4,333.29,115.399064,35.589320,627.92,0.00155699
2023,325,0,0.00,115.401489,35.587164,553.17,-0.00355991
2023,325,1,94.55,115.400829,35.586504,702.67,-0.00369180
2023,325,2,189.10,115.399872,35.586356,1091.39,-0.00382370
2023,326,0,0.00,115.400950,35.580966,1794.06,0.00000000
2023,326,1,85.49,115.400007,35.580966,1166.14,0.00000000
2023,326,2,170.99,115.399064,35.580966,672.77,0.00000000
2023,327,0,0.00,115.400950,35.580966,358.81,-0.00171031
2023,327,1,88.95,115.401220,35.580243,328.91,-0.00166119
2023,327,2,177.90,115.401220,35.579441,373.76,-0.00161206
2023,327,3,266.84,115.401220,35.578639,403.66,-0.00166119
2023,327,4,355.79,115.400950,35.577916,418.61,-0.00085516
2023,327,5,444.74,115.400681,35.577193,523.27,0.00000000
2023,328,0,0.00,115.399064,35.583391,523.27,0.00000000
2023,328,1,74.75,115.399064,35.584065,358.81,0.00000000
2023,328,2,149.50,115.399064,35.584739,373.76,0.00000000
2023,329,0,0.00,115.399064,35.583391,583.07,0.00243046
2023,329,1,90.94,115.398429,35.582757,358.81,0.00247224
2023,329,2,181.87,115.398212,35.582000,343.86,0.00190895
2023,329,3,272.81,115.397986,35.581246,388.71,0.00129397
2023,329,4,363.74,115.397986,35.580427,328.91,0.00128407
2023,33,0,0.00,115.872566,35.869595,627.92,-0.00252076
2023,33,1,80.12,115.873453,35.869595,508.32,-0.00265792
2023,33,2,160.25,115.874183,35.869325,702.67,-0.00279508
2023,330,0,0.00,115.399872,35.586356,598.02,0.00205075
2023,330,1,71.41,115.399582,35.586915,642.87,0.00102538
2023,330,2,142.82,115.399084,35.587413,672.77,-0.00102538
2023,330,3,214.24,115.398794,35.587973,508.32,-0.00205075
2023,331,0,0.00,115.399872,35.586356,612.97,-0.00000000
2023,331,1,38.61,115.399603,35.586086,598.02,-0.00000000
2023,331,2,77.22,115.399333,35.585817,583.07,-0.00000000
2023,332,0,0.00,115.400681,35.577193,508.32,-0.00151608
2023,332,1,83.46,115.400515,35.576489,418.61,-0.00152120
2023,332,2,166.92,115.400142,35.575845,448.52,-0.00152632
2023,333,0,0.00,115.400681,35.577193,807.33,-0.00159628
2023,333,1,82.34,115.400007,35.577597,657.82,-0.00063551
2023,333,2,164.69,115.399432,35.578172,672.77,0.00163865
2023,333,3,247.03,115.398738,35.578540,807.33,0.00197178
2023,333,4,329.37,115.397986,35.578810,553.17,0.00099151
2023,334,0,0.00,115.399064,35.584739,1031.59,-0.00814827
2023,334,1,70.10,115.398525,35.585072,538.22,-0.01175808
2023,334,2,140.20,115.398646,35.585668,373.76,-0.01187171
2023,334,3,210.29,115.399333,35.585817,657.82,-0.00837552
2023,335,0,0.00,115.399064,35.584739,358.81,0.00332762
2023,335,1,64.16,115.399333,35.585239,373.76,0.00323381
2023,335,2,128.31,115.399333,35.585817,523.27,0.00314000
2023,338,0,0.00,115.400142,35.575845,403.66,-0.00130377
2023,338,1,98.73,115.400142,35.574956,403.66,-0.00065188
2023,338,2,197.45,115.399872,35.574144,403.66,-0.00069024
2023,338,3,296.18,115.399872,35.573254,388.71,-0.00103684
2023,338,4,394.91,115.399333,35.572522,373.76,0.00069024
2023,338,5,493.64,115.399201,35.571670,373.76,0.00087262
2023,338,6,592.36,115.399064,35.570821,299.01,-0.00000000
2023,338,7,691.09,115.398866,35.569988,299.01,-0.00001668
2023,338,8,789.82,115.398794,35.569119,299.01,-0.00122485
2023,338,9,888.54,115.398525,35.568308,254.16,-0.00050934
2023,338,10,987.27,115.398051,35.567556,239.21,0.00106063
2023,338,11,1086.00,115.397986,35.566685,194.36,0.00000000
2023,338,12,1184.72,115.397716,35.565874,209.31,-0.00105204
2023,339,0,0.00,115.400142,35.575845,583.07,0.00000000
2023,339,1,98.23,115.399456,35.576531,612.97,0.00051182
2023,339,2,196.47,115.398770,35.577217,642.87,0.00106299
2023,339,3,294.70,115.397986,35.577732,762.48,0.00110235
2023,34,0,0.00,115.872566,35.869595,418.61,0.00000000
2023,34,1,96.76,115.871889,35.868918,433.57,-0.00043814
2023,34,2,193.52,115.871213,35.868242,448.52,-0.00052675
2023,34,3,290.28,115.870453,35.867708,448.52,0.00035559
2023,34,4,387.04,115.869761,35.867059,463.47,0.00052675
2023,34,5,483.80,115.869085,35.866383,448.52,-0.00044420
2023,34,6,580.56,115.868408,35.865707,463.47,-0.00052675
2023,34,7,677.32,115.867633,35.865201,493.37,-0.00000000
2023,34,8,774.08,115.866956,35.864524,493.37,0.00000000
2023,34,9,870.84,115.866181,35.864018,493.37,0.00000000
2023,34,10,967.60,115.865504,35.863342,493.37,-0.00000000
2023,34,11,1064.35,115.864729,35.862836,508.32,-0.00000000
2023,34,12,1161.11,115.864052,35.862159,493.37,0.00000000
2023,34,13,1257.87,115.863277,35.861653,493.37,0.00000000
2023,34,14,1354.63,115.862600,35.860977,508.32,-0.00000000
2023,34,15,1451.39,115.861825,35.860471,463.47,-0.00000000
2023,34,16,1548.15,115.861148,35.859794,493.37,-0.00056778
2023,34,17,1644.91,115.860373,35.859288,478.42,-0.00056778
2023,34,18,1741.67,115.859597,35.858782,493.37,-0.00000000
2023,34,19,1838.43,115.858821,35.858276,478.42,-0.00000000
2023,340,0,0.00,115.397986,35.578810,463.47,0.00000000
2023,340,1,19.31,115.397851,35.578945,463.47,0.00000000
2023,340,2,38.61,115.397716,35.579079,493.37,0.00000000
2023,341,0,0.00,115.397986,35.578810,538.22,0.00566026
2023,341,1,68.51,115.397716,35.578271,373.76,0.00566026
2023,341,2,137.02,115.397986,35.577732,463.47,0.00566026
2023,342,0,0.00,115.397716,35.565874,1136.24,0.00000000
2023,342,1,73.29,115.398525,35.565874,1016.64,0.00000000
2023,342,2,146.59,115.399333,35.565874,822.28,0.00000000
2023,343,0,0.00,115.397716,35.565874,239.21,0.00212526
2023,343,1,76.80,115.397180,35.565338,269.11,0.00261965
2023,343,2,153.60,115.396908,35.564725,269.11,-0.00038197
2023,343,3,230.40,115.396734,35.564084,284.06,-0.00439062
2023,343,4,307.20,115.396099,35.563718,299.01,-0.00490327
2023,344,0,0.00,115.397986,35.577732,583.07,0.00261044
2023,344,1,87.82,115.397373,35.577119,433.57,0.00268087
2023,344,2,175.63,115.397177,35.576384,418.61,0.00275129
2023,345,0,0.00,115.396099,35.563718,328.91,-0.00051918
2023,345,1,79.92,115.396099,35.562998,224.26,-0.00159824
2023,345,2,159.84,115.396027,35.562299,224.26,-0.00402655
2023,345,3,239.76,115.395678,35.561680,179.41,-0.00431835
2023,345,4,319.68,115.395021,35.561293,284.06,-0.00326091
2023,346,0,0.00,115.396099,35.563718,1734.26,0.00000000
2023,346,1,90.53,115.395257,35.563988,448.52,0.00000000
2023,346,2,181.06,115.394415,35.564257,403.66,0.00034973
2023,346,3,271.59,115.393573,35.564527,418.61,0.00000000
2023,346,4,362.12,115.392681,35.564711,508.32,-0.00052594
2023,346,5,452.65,115.391888,35.565066,403.66,0.00077842
2023,346,6,543.18,115.391021,35.565293,418.61,-0.00000000
2023,346,7,633.71,115.390093,35.565413,403.66,-0.00234977
2023,346,8,724.24,115.389362,35.565874,388.71,-0.00279027
2023,347,0,0.00,115.395021,35.561293,538.22,-0.00223007
2023,347,1,95.72,115.394979,35.560442,523.27,-0.00395787
2023,347,2,191.45,115.394520,35.559713,194.36,-0.00398791
2023,347,3,287.17,115.393654,35.559386,313.96,-0.00227370
2023,347,4,382.89,115.392887,35.558889,463.47,-0.00377707
2023,347,5,478.62,115.391843,35.558867,448.52,-0.00452330
2023,347,6,574.34,115.390957,35.559159,388.71,-0.00315022
2023,347,7,670.07,115.390190,35.559656,448.52,-0.00186547
2023,347,8,765.79,115.389631,35.560215,418.61,-0.00118023
2023,348,0,0.00,115.395021,35.561293,493.37,0.00475806
2023,348,1,86.01,115.394385,35.561832,717.63,0.00467191
2023,348,2,172.03,115.393437,35.561832,433.57,0.00229289
2023,348,3,258.04,115.392488,35.561832,433.57,0.00173526
2023,348,4,344.05,115.391539,35.561832,508.32,0.00442153
2023,348,5,430.07,115.390832,35.561415,523.27,0.00341336
2023,348,6,516.08,115.390232,35.560815,1076.44,0.00072709
2023,348,7,602.10,115.389631,35.560215,1435.25,0.00000000
2023,349,0,0.00,115.389631,35.560215,478.42,-0.00352106
2023,349,1,68.17,115.388879,35.560215,448.52,-0.00370940
2023,349,2,136.34,115.388284,35.560484,433.57,-0.00389774
2023,35,0,0.00,115.900054,35.946939,792.38,0.00000000
2023,35,1,19.27,115.900189,35.947074,732.58,0.00000000
2023,35,2,38.54,115.900324,35.947209,687.72,0.00000000
2023,350,0,0.00,115.388284,35.560484,448.52,0.00148323
2023,350,1,97.69,115.387503,35.560996,388.71,0.00119215
2023,350,2,195.38,115.386598,35.561293,448.52,0.00000000
2023,350,3,293.07,115.385743,35.561677,403.66,-0.00060426
2023,350,4,390.76,115.384912,35.562101,448.52,-0.00000000
2023,350,5,488.45,115.384083,35.562529,403.66,0.00060426
2023,350,6,586.15,115.383226,35.562910,478.42,0.00000000
2023,350,7,683.84,115.382323,35.563211,478.42,-0.00119215
2023,350,8,781.53,115.381540,35.563718,478.42,-0.00000000
2023,350,9,879.22,115.380762,35.564234,523.27,0.00065829
2023,350,10,976.91,115.379854,35.564527,508.32,-0.00090113
2023,350,11,1074.60,115.379089,35.565066,553.17,0.00008332
2023,350,12,1172.29,115.378320,35.565597,478.42,0.00135167
2023,350,13,1269.98,115.377403,35.565874,478.42,-0.00000000
2023,350,14,1367.67,115.376561,35.566279,478.42,-0.00119215
2023,350,15,1465.36,115.375717,35.566683,478.42,-0.00109677
2023,350,16,1563.06,115.374999,35.567301,433.57,-0.00055765
2023,350,17,1660.75,115.374218,35.567813,403.66,0.00034378
2023,350,18,1758.44,115.373536,35.568494,373.76,0.00114554
2023,350,19,1856.13,115.372658,35.568839,328.91,0.00075299
2023,350,20,1953.82,115.371876,35.569347,313.96,0.00000000
2023,350,21,2051.51,115.370973,35.569647,269.11,-0.00087645
2023,350,22,2149.20,115.370215,35.570199,209.31,-0.00058789
2023,350,23,2246.89,115.369434,35.570710,179.41,0.00082324
2023,350,24,2344.58,115.368653,35.571221,119.60,0.00238422
2023,350,25,2442.27,115.367757,35.571534,179.41,0.00193261
2023,350,26,2539.97,115.366696,35.571562,164.46,-0.00058626
2023,350,27,2637.66,115.365758,35.571803,209.31,-0.00000000
2023,350,28,2735.35,115.364837,35.572073,299.01,0.00166008
2023,350,29,2833.04,115.363759,35.572073,358.81,0.00083703
2023,350,30,2930.73,115.362682,35.572073,448.52,0.00000000
2023,351,0,0.00,115.388284,35.560484,1524.95,0.00000000
2023,351,1,93.52,115.388937,35.561137,1524.95,-0.00117714
2023,351,2,187.03,115.389589,35.561790,747.53,-0.00248208
2023,351,3,280.55,115.390440,35.562101,598.02,-0.00260988
2023,352,0,0.00,115.362682,35.572073,867.13,0.00069626
2023,352,1,90.38,115.362468,35.572825,523.27,0.00216476
2023,352,2,180.76,115.362143,35.573545,732.58,0.00770600
2023,352,3,271.14,115.361480,35.573959,508.32,0.00950998
2023,352,4,361.52,115.360795,35.573420,358.81,0.00724124
2023,353,0,0.00,115.362682,35.572073,493.37,-0.00579740
2023,353,1,55.95,115.362221,35.571803,478.42,-0.00555238
2023,353,2,111.90,115.361604,35.571803,508.32,-0.00530737
2023,354,0,0.00,115.360795,35.573420,224.26,-0.00226444
2023,354,1,68.51,115.361065,35.572881,313.96,-0.00000000
2023,354,2,137.02,115.361126,35.572281,777.43,0.00330125
2023,354,3,205.54,115.361604,35.571803,1196.04,0.00433807
2023,355,0,0.00,115.360795,35.573420,657.82,0.00446980
2023,355,1,90.42,115.359954,35.573689,433.57,0.00413387
2023,355,2,180.84,115.359137,35.573379,358.81,0.00277674
2023,355,3,271.25,115.358272,35.573151,343.86,0.00111512
2023,355,4,361.67,115.357578,35.572628,388.71,-0.00070721
2023,355,5,452.09,115.356747,35.572342,403.66,0.00046959
2023,355,6,542.51,115.355920,35.572048,388.71,0.00325927
2023,355,7,632.93,115.355289,35.571417,388.71,0.00247616
2023,355,8,723.34,115.354867,35.570725,508.32,0.00126207
2023,356,0,0.00,115.361604,35.571803,418.61,-0.00117718
2023,356,1,97.82,115.361031,35.571230,373.76,-0.00107235
2023,356,2,195.64,115.360245,35.570725,328.91,-0.00104445
2023,356,3,293.46,115.359467,35.570206,388.71,-0.00067760
2023,356,4,391.28,115.358587,35.569864,403.66,-0.00037189
2023,356,5,489.10,115.357790,35.569378,358.81,-0.00102256
2023,356,6,586.93,115.356867,35.569108,418.61,-0.00076758
2023,356,7,684.75,115.355944,35.568839,418.61,-0.00000000
2023,357,0,0.00,115.354867,35.570725,777.43,0.01950720
2023,357,1,53.56,115.354493,35.570890,433.57,0.01648050
2023,357,2,107.12,115.354328,35.570456,538.22,0.01345380
2023,358,0,0.00,115.354867,35.570725,313.96,-0.00663602
2023,358,1,72.87,115.355375,35.570216,986.73,-0.00696835
2023,358,2,145.74,115.355136,35.569647,508.32,-0.00730068
2023,359,0,0.00,115.355944,35.568839,418.61,-0.00396162
2023,359,1,50.83,115.355590,35.568484,403.66,-0.00417615
2023,359,2,101.65,115.355136,35.568300,418.61,-0.00439068
2023,36,0,0.00,115.900054,35.946939,762.48,-0.00464153
2023,36,1,85.15,115.899160,35.947025,523.27,-0.00251790
2023,36,2,170.30,115.898565,35.947620,418.61,0.00006594
2023,36,3,255.46,115.897696,35.947748,284.06,-0.00039307
2023,36,4,340.61,115.897067,35.948287,179.41,0.00059853
2023,36,5,425.76,115.896281,35.948556,,0.00250935
2023,360,0,0.00,115.355944,35.568839,1764.16,-0.00000000
2023,360,1,57.92,115.355540,35.569243,1510.00,-0.00000000
2023,360,2,115.84,115.355136,35.569647,1196.04,-0.00000000
2023,361,0,0.00,115.354328,35.570456,508.32,0.00866898
2023,361,1,61.42,115.353800,35.570197,448.52,0.00825794
2023,361,2,122.84,115.353789,35.569647,807.33,0.00784691
2023,362,0,0.00,115.354328,35.570456,328.91,0.00000000
2023,362,1,57.92,115.354732,35.570051,269.11,0.00000000
2023,362,2,115.84,115.355136,35.569647,1196.04,0.00000000
2023,365,0,0.00,115.355136,35.568300,418.61,-0.00243631
2023,365,1,76.63,115.354777,35.567761,418.61,-0.00268206
2023,365,2,153.25,115.354176,35.567340,373.76,-0.00373712
2023,365,3,229.88,115.353542,35.566975,358.81,-0.00409241
2023,365,4,306.50,115.352711,35.566952,448.52,-0.00363841
2023,366,0,0.00,115.355136,35.568300,1794.06,-0.00000000
2023,366,1,96.53,115.354462,35.568973,1315.65,-0.00000000
2023,366,2,193.06,115.353789,35.569647,224.26,-0.00000000
2023,367,0,0.00,115.353789,35.569647,493.37,0.00147102
2023,367,1,77.99,115.353046,35.569444,388.71,0.00188958
2023,367,2,155.98,115.352381,35.569108,388.71,0.00395399
2023,367,3,233.98,115.351760,35.568696,418.61,0.00511620
2023,367,4,311.97,115.351633,35.568030,642.87,0.00463256
2023,369,0,0.00,115.352711,35.566952,403.66,-0.00224787
2023,369,1,94.48,115.352260,35.566232,358.81,-0.00290681
2023,369,2,188.97,115.351501,35.565743,328.91,-0.00115229
2023,369,3,283.45,115.350644,35.565425,358.81,0.00122866
2023,369,4,377.93,115.349985,35.564765,284.06,0.00024719
2023,369,5,472.41,115.349226,35.564276,269.11,-0.00000000
2023,369,6,566.90,115.348508,35.563718,269.11,0.00010889
2023,369,7,661.38,115.347808,35.563128,224.26,-0.00005259
2023,369,8,755.86,115.347049,35.562640,179.41,0.00019397
2023,369,9,850.35,115.346500,35.562089,194.36,0.00060680
2023,369,10,944.83,115.345742,35.561600,149.51,0.00265038
2023,369,11,1039.31,115.345291,35.560880,179.41,0.00179575
2023,369,12,1133.80,115.345165,35.560065,269.11,0.00078914
2023,369,13,1228.28,115.344626,35.559371,284.06,0.00329822
2023,369,14,1322.76,115.344895,35.558598,433.57,0.00451339
2023,37,0,0.00,115.900324,35.947209,926.93,0.00000000
2023,37,1,24.31,115.900593,35.947209,986.73,0.00000000
2023,37,2,48.63,115.900863,35.947209,1046.54,0.00000000
2023,370,0,0.00,115.352711,35.566952,1794.06,0.00000000
2023,370,1,77.22,115.352172,35.567491,1315.65,0.00000000
2023,370,2,154.45,115.351633,35.568030,149.51,0.00000000
2023,371,0,0.00,115.351633,35.568030,538.22,0.00530693
2023,371,1,55.95,115.351015,35.568030,358.81,0.00555191
2023,371,2,111.90,115.350555,35.567761,328.91,0.00579689
2023,373,0,0.00,115.344895,35.558598,1255.84,0.00000000
2023,373,1,73.30,115.345704,35.558598,1345.55,0.00000000
2023,373,2,146.60,115.346512,35.558598,702.67,0.00000000
2023,374,0,0.00,115.344895,35.558598,343.86,0.00411543
2023,374,1,80.48,115.344356,35.558030,403.66,0.00294803
2023,374,2,160.95,115.344356,35.557304,463.47,-0.00000000
2023,374,3,241.43,115.344045,35.556670,553.17,-0.00072580
2023,374,4,321.90,115.343817,35.556011,612.97,0.00000000
2023,374,5,402.38,115.343548,35.555364,702.67,-0.00032903
2023,375,0,0.00,115.343548,35.555364,1375.45,-0.00162618
2023,375,1,80.39,115.342690,35.555413,1046.54,-0.00057034
2023,375,2,160.79,115.341931,35.555633,717.63,0.00250263
2023,375,3,241.18,115.341044,35.555633,837.23,0.00364668
2023,375,4,321.57,115.340314,35.555364,971.78,0.00277360
2023,376,0,0.00,115.343548,35.555364,657.82,0.00219024
2023,376,1,68.52,115.343609,35.554764,612.97,0.00334414
2023,376,2,137.03,115.343878,35.554225,627.92,0.00330147
2023,376,3,205.55,115.344356,35.553747,687.72,0.00210490
2023,377,0,0.00,115.344356,35.553747,1480.10,-0.00179282
2023,377,1,99.05,115.345292,35.554016,1510.00,-0.00089641
2023,377,2,198.09,115.346385,35.554016,1779.11,0.00089641
2023,377,3,297.14,115.347321,35.554286,941.88,0.00179282
2023,378,0,0.00,115.344356,35.553747,627.92,-0.00172368
2023,378,1,88.63,115.344626,35.553027,553.17,-0.00130432
2023,378,2,177.26,115.344626,35.552228,553.17,0.00084968
2023,378,3,265.89,115.344751,35.551466,523.27,0.00177281
2023,378,4,354.51,115.345161,35.550786,478.42,0.00002431
2023,378,5,443.14,115.345434,35.550067,463.47,-0.00046849
2023,378,6,531.77,115.345704,35.549347,418.61,-0.00001216
2023,378,7,620.40,115.345973,35.548626,388.71,0.00000000
2023,379,0,0.00,115.345973,35.548626,627.92,0.00197344
2023,379,1,82.97,115.345704,35.547957,553.17,0.00191591
2023,379,2,165.94,115.345704,35.547209,493.37,0.00092919
2023,379,3,248.91,115.345704,35.546462,433.57,0.00191591
2023,379,4,331.88,115.345704,35.545714,523.27,0.00386130
2023,379,5,414.85,115.346243,35.545123,807.33,0.00389078
2023,38,0,0.00,115.900324,35.947209,538.22,-0.00538273
2023,38,1,49.17,115.900324,35.947652,642.87,-0.00549395
2023,38,2,98.35,115.900593,35.948017,433.57,-0.00560516
2023,380,0,0.00,115.345973,35.548626,358.81,0.00563847
2023,380,1,78.00,115.346521,35.548088,897.03,0.00310930
2023,380,2,156.01,115.347381,35.548088,568.12,-0.00395291
2023,380,3,234.01,115.347860,35.547634,239.21,-0.00537713
2023,380,4,312.01,115.348129,35.547010,508.32,-0.00226830
2023,381,0,0.00,115.346243,35.545123,583.07,0.00117375
2023,381,1,95.35,115.347007,35.545618,747.53,0.00166852
2023,381,2,190.69,115.347672,35.546283,598.02,0.00164750
2023,381,3,286.04,115.348129,35.547010,642.87,0.00113171
2023,382,0,0.00,115.346243,35.545123,433.57,0.00000000
2023,382,1,44.85,115.346243,35.544719,493.37,0.00000000
2023,382,2,89.70,115.346243,35.544315,523.27,0.00000000
2023,383,0,0.00,115.348129,35.547010,687.72,0.00352002
2023,383,1,68.18,115.348881,35.547010,343.86,0.00370827
2023,383,2,136.36,115.349477,35.547279,508.32,0.00389652
2023,384,0,0.00,115.346243,35.544315,672.77,0.00000000
2023,384,1,19.31,115.346377,35.544180,538.22,0.00000000
2023,384,2,38.62,115.346512,35.544045,493.37,0.00000000
2023,385,0,0.00,115.346512,35.544045,598.02,0.00196781
2023,385,1,72.88,115.346812,35.543476,478.42,0.00191217
2023,385,2,145.75,115.347321,35.542967,328.91,0.00185654
2023,386,0,0.00,115.346512,35.544045,1106.34,0.00250198
2023,386,1,80.40,115.347399,35.544045,553.17,0.00263741
2023,386,2,160.81,115.348129,35.544315,568.12,0.00277283
2023,387,0,0.00,115.346243,35.544315,538.22,-0.00579379
2023,387,1,55.96,115.345782,35.544045,1121.29,-0.00554898
2023,387,2,111.93,115.345165,35.544045,1106.34,-0.00530418
2023,388,0,0.00,115.345165,35.544045,837.23,-0.00000000
2023,388,1,67.78,115.344692,35.544518,777.43,0.00229637
2023,388,2,135.56,115.344219,35.544991,807.33,0.00479106
2023,388,3,203.34,115.343548,35.545123,627.92,0.00498939
2023,389,0,0.00,115.345165,35.544045,478.42,-0.00044706
2023,389,1,96.95,115.344408,35.543506,373.76,-0.00093900
2023,389,2,193.89,115.343614,35.543033,538.22,-0.00121139
2023,389,3,290.84,115.342739,35.542698,777.43,-0.00099186
2023,39,0,0.00,115.858821,35.858276,433.57,-0.00479558
2023,39,1,99.06,115.858547,35.857462,373.76,-0.00488213
2023,39,2,198.13,115.857605,35.857198,343.86,-0.00246755
2023,39,3,297.19,115.856665,35.856928,478.42,0.00003357
2023,4,0,0.00,115.877147,35.894927,598.02,0.00103827
2023,4,1,99.27,115.877632,35.894173,568.12,0.00151287
2023,4,2,198.54,115.878326,35.893479,493.37,0.00268271
2023,4,3,297.81,115.879119,35.892955,508.32,0.00284480
2023,4,4,397.08,115.880111,35.892771,538.22,0.00231164
2023,40,0,0.00,115.858821,35.858276,1794.06,0.00115952
2023,40,1,88.26,115.858205,35.858893,1794.06,0.00413219
2023,40,2,176.52,115.857497,35.859354,657.82,0.00829317
2023,40,3,264.77,115.856673,35.859092,478.42,0.00721292
2023,40,4,353.03,115.856126,35.858454,523.27,0.00337292
2023,40,5,441.29,115.855857,35.857737,388.71,0.00180149
2023,41,0,0.00,115.856665,35.856928,1794.06,-0.00000000
2023,41,1,57.84,115.856261,35.857333,1196.04,-0.00000000
2023,41,2,115.67,115.855857,35.857737,747.53,-0.00000000
2023,42,0,0.00,115.856665,35.856928,448.52,0.00204002
2023,42,1,69.49,115.856180,35.856443,373.76,0.00000000
2023,42,2,138.98,115.855903,35.855896,313.96,-0.00319565
2023,42,3,208.48,115.855318,35.855581,403.66,-0.00435127
2023,43,0,0.00,115.855857,35.857737,598.02,0.00235775
2023,43,1,76.24,115.855026,35.857714,538.22,0.00464106
2023,43,2,152.49,115.854326,35.857467,299.01,0.00567183
2023,43,3,228.73,115.853970,35.856928,463.47,0.00441930
2023,44,0,0.00,115.855318,35.855581,1794.06,0.00000000
2023,44,1,96.39,115.854644,35.856255,1016.64,0.00000000
2023,44,2,192.79,115.853970,35.856928,583.07,0.00000000
2023,45,0,0.00,115.855318,35.855581,313.96,-0.00206727
2023,45,1,98.32,115.854840,35.854833,299.01,-0.00267172
2023,45,2,196.63,115.854053,35.854316,269.11,-0.00163809
2023,45,3,294.95,115.853167,35.853969,299.01,0.00057903
2023,45,4,393.27,115.852381,35.853452,269.11,-0.00009714
2023,45,5,491.58,115.851594,35.852935,269.11,-0.00154459
2023,45,6,589.90,115.850692,35.852616,239.21,0.00019382
2023,45,7,688.22,115.849761,35.852347,239.21,0.00077278
2023,45,8,786.53,115.849036,35.851725,239.21,-0.00058172
2023,45,9,884.85,115.848057,35.851538,224.26,0.00016005
2023,45,10,983.17,115.847283,35.850999,239.21,0.00037586
2023,45,11,1081.48,115.846379,35.850684,254.16,-0.00032094
2023,45,12,1179.80,115.845592,35.850167,269.11,-0.00048636
2023,45,13,1278.12,115.844647,35.849921,239.21,-0.00078442
2023,45,14,1376.43,115.843820,35.849473,269.11,-0.00201302
2023,45,15,1474.75,115.842785,35.849382,299.01,-0.00091099
2023,45,16,1573.07,115.841697,35.849382,328.91,0.00055947
2023,45,17,1671.38,115.840766,35.849113,388.71,-0.00165257
2023,45,18,1769.70,115.839677,35.849113,388.71,-0.00139278
2023,45,19,1868.02,115.838746,35.849382,448.52,0.00082628
2023,45,20,1966.33,115.837909,35.849274,493.37,-0.00053635
2023,45,21,2064.65,115.836884,35.849382,538.22,-0.00173728
2023,45,22,2162.97,115.835939,35.849627,523.27,-0.00072007
2023,45,23,2261.28,115.835022,35.849921,553.17,-0.00072824
2023,45,24,2359.60,115.834091,35.850191,568.12,-0.00085969
2023,45,25,2457.92,115.833281,35.850668,538.22,0.00051174
2023,45,26,2556.23,115.832386,35.850999,553.17,0.00094532
2023,45,27,2654.55,115.831455,35.851269,553.17,0.00021650
2023,45,28,2752.87,115.830524,35.851538,538.22,0.00000000
2023,46,0,0.00,115.853970,35.856928,478.42,0.00242662
2023,46,1,96.72,115.852996,35.856763,284.06,0.00299671
2023,46,2,193.44,115.852221,35.856257,284.06,0.00231062
2023,46,3,290.16,115.851545,35.855581,313.96,0.00105443
2023,47,0,0.00,115.830524,35.851538,717.63,-0.00000000
2023,47,1,90.21,115.830103,35.852229,702.67,-0.00000000
2023,47,2,180.42,115.829681,35.852920,717.63,0.00164906
2023,47,3,270.63,115.829260,35.853611,299.01,0.00483748
2023,47,4,360.85,115.828467,35.853964,284.06,0.00513952
2023,47,5,451.06,115.827468,35.853964,313.96,0.00451284
2023,47,6,541.27,115.826574,35.853786,837.23,0.00428197
2023,47,7,631.48,115.825943,35.853155,1480.10,0.00344048
2023,48,0,0.00,115.830524,35.851538,747.53,-0.00324602
2023,48,1,93.16,115.829651,35.851269,627.92,-0.00286677
2023,48,2,186.31,115.828726,35.851451,568.12,-0.00156702
2023,48,3,279.47,115.827745,35.851538,299.01,-0.00230190
2023,48,4,372.63,115.826871,35.851808,269.11,-0.00444057
2023,48,5,465.78,115.826213,35.852394,343.86,-0.00370017
2023,48,6,558.94,115.825943,35.853155,822.28,-0.00247647
2023,49,0,0.00,115.825943,35.853155,493.37,0.00000000
2023,49,1,97.68,115.825019,35.853425,448.52,0.00000000
2023,49,2,195.36,115.824095,35.853694,418.61,0.00017092
2023,49,3,293.03,115.823171,35.853964,418.61,-0.00000000
2023,49,4,390.71,115.822219,35.854185,433.57,-0.00008529
2023,49,5,488.39,115.821323,35.854503,418.61,-0.00000000
2023,49,6,586.07,115.820357,35.854699,403.66,-0.00060375
2023,49,7,683.74,115.819475,35.855042,403.66,-0.00103624
2023,5,0,0.00,115.875800,35.896005,657.82,-0.00000000
2023,5,1,91.00,115.875064,35.896471,672.77,-0.00064556
2023,5,2,182.01,115.874328,35.896937,687.72,-0.00124247
2023,5,3,273.01,115.873692,35.897573,687.72,-0.00000000
2023,5,4,364.01,115.873056,35.898210,702.67,0.00124247
2023,5,5,455.01,115.872320,35.898676,672.77,0.00000000
2023,5,6,546.02,115.871585,35.899142,717.63,-0.00124247
2023,5,7,637.02,115.870949,35.899778,777.43,-0.00119380
2023,50,0,0.00,115.819475,35.855042,1375.45,0.00239715
2023,50,1,86.81,115.819475,35.855824,852.18,0.00386841
2023,50,2,173.62,115.819098,35.856497,373.76,0.00598939
2023,50,3,260.44,115.818392,35.856934,328.91,0.00867406
2023,50,4,347.25,115.817785,35.856855,672.77,0.00761957
2023,50,5,434.06,115.817178,35.856248,1285.75,0.00294951
2023,50,6,520.87,115.816780,35.855581,1794.06,0.00136888
2023,51,0,0.00,115.819475,35.855042,433.57,-0.00463842
2023,51,1,75.07,115.818851,35.854857,343.86,-0.00336201
2023,51,2,150.14,115.818128,35.855042,358.81,-0.00304173
2023,51,3,225.22,115.817305,35.855056,328.91,-0.00486831
2023,51,4,300.29,115.816780,35.855581,418.61,-0.00573875
2023,52,0,0.00,115.816780,35.855581,388.71,-0.00115435
2023,52,1,99.28,115.815788,35.855764,343.86,-0.00057080
2023,52,2,198.56,115.814897,35.856120,373.76,0.00058332
2023,52,3,297.84,115.813904,35.856301,358.81,0.00057080
2023,52,4,397.11,115.812912,35.856485,358.81,-0.00057694
2023,52,5,496.39,115.811920,35.856668,358.81,-0.00147126
2023,52,6,595.67,115.811027,35.857022,403.66,-0.00061078
2023,52,7,694.95,115.810188,35.857467,418.61,0.00176794
2023,52,8,794.23,115.809246,35.857737,418.61,0.00149697
2023,52,9,893.51,115.808151,35.857743,418.61,-0.00085382
2023,52,10,992.78,115.807205,35.858006,403.66,-0.00000000
2023,52,11,1092.06,115.806264,35.858276,418.61,0.00108807
2023,52,12,1191.34,115.805164,35.858276,448.52,0.00000000
2023,52,13,1290.62,115.804183,35.858477,403.66,-0.00043656
2023,52,14,1389.90,115.803124,35.858545,433.57,-0.00013527
2023,52,15,1489.18,115.802182,35.858815,448.52,0.00022103
2023,52,16,1588.45,115.801107,35.858857,433.57,0.00026847
2023,52,17,1687.73,115.800141,35.859084,418.61,0.00080989
2023,52,18,1787.01,115.799042,35.859084,478.42,0.00067670
2023,52,19,1886.29,115.797943,35.859084,448.52,-0.00080989
2023,52,20,1985.57,115.796844,35.859084,448.52,-0.00080989
2023,52,21,2084.85,115.795902,35.859354,478.42,0.00000000
2023,52,22,2184.13,115.794803,35.859354,478.42,0.00000000
2023,52,23,2283.40,115.793861,35.859623,448.52,0.00080989
2023,52,24,2382.68,115.792762,35.859623,478.42,0.00080989
2023,52,25,2481.96,115.791663,35.859623,448.52,0.00000000
2023,52,26,2581.24,115.790564,35.859623,448.52,-0.00080989
2023,52,27,2680.52,115.789464,35.859623,478.42,-0.00170247
2023,52,28,2779.80,115.788523,35.859893,448.52,0.00000000
2023,52,29,2879.07,115.787581,35.860162,448.52,0.00170247
2023,52,30,2978.35,115.786482,35.860162,418.61,0.00161979
2023,52,31,3077.63,115.785383,35.860162,388.71,0.00170247
2023,52,32,3176.91,115.784441,35.859893,388.71,0.00178515
2023,53,0,0.00,115.784441,35.859893,1794.06,0.00000000
2023,53,1,69.77,115.784441,35.859264,1794.06,0.00000000
2023,53,2,139.54,115.784441,35.858635,1121.29,0.00000000
2023,53,3,209.31,115.784441,35.858006,657.82,0.00000000
2023,54,0,0.00,115.784441,35.859893,418.61,0.00098926
2023,54,1,97.08,115.783564,35.860231,403.66,0.00165645
2023,54,2,194.16,115.782606,35.860432,388.71,0.00178373
2023,54,3,291.23,115.781531,35.860432,358.81,0.00062190
2023,54,4,388.31,115.780457,35.860432,328.91,0.00153736
2023,54,5,485.39,115.779382,35.860432,299.01,0.00275335
2023,54,6,582.47,115.778581,35.859962,239.21,-0.00095547
2023,54,7,679.55,115.777704,35.859623,119.60,-0.00575968
2023,54,8,776.62,115.776727,35.859791,239.21,-0.00215796
2023,54,9,873.70,115.776201,35.860432,254.16,0.00300634
2023,54,10,970.78,115.775283,35.860162,239.21,0.00157607
2023,54,11,1067.86,115.774366,35.860432,209.31,0.00129896
2023,54,12,1164.94,115.773448,35.860162,149.51,0.00178373
2023,54,13,1262.01,115.772451,35.860030,209.31,0.00097859
2023,54,14,1359.09,115.771614,35.859623,179.41,0.00024753
2023,54,15,1456.17,115.770696,35.859354,179.41,0.00061278
2023,54,16,1553.25,115.769819,35.859015,194.36,0.00145291
2023,54,17,1650.32,115.769041,35.858507,269.11,0.00115774
2023,54,18,1747.40,115.768263,35.857999,284.06,0.00112882
2023,54,19,1844.48,115.767585,35.857320,388.71,0.00104021
2023,54,20,1941.56,115.766924,35.856636,418.61,0.00136764
2023,54,21,2038.64,115.766437,35.855902,403.66,0.00110354
2023,54,22,2135.71,115.766115,35.855121,418.61,0.00000000
2023,54,23,2232.79,115.765707,35.854364,433.57,-0.00055981
2023,54,24,2329.87,115.765307,35.853605,448.52,-0.00071257
2023,54,25,2426.95,115.764768,35.852886,463.47,-0.00072792
2023,55,0,0.00,115.764768,35.852886,388.71,0.00095787
2023,55,1,99.70,115.764498,35.852065,403.66,0.00045582
2023,55,2,199.39,115.764419,35.851190,433.57,-0.00106056
2023,55,3,299.09,115.764140,35.850372,463.47,-0.00091839
2023,55,4,398.78,115.763653,35.849615,418.61,0.00067616
2023,55,5,498.48,115.763420,35.848783,418.61,0.00029648
2023,55,6,598.17,115.763151,35.847963,418.61,-0.00078315
2023,55,7,697.87,115.762816,35.847161,478.42,0.00033130
2023,55,8,797.56,115.762342,35.846400,403.66,0.00068861
2023,55,9,897.26,115.762342,35.845501,448.52,-0.00085382
2023,55,10,996.95,115.761803,35.844759,418.61,-0.00066486
2023,55,11,1096.65,115.761534,35.843939,403.66,-0.00000000
2023,55,12,1196.35,115.761004,35.843193,403.66,0.00061748
2023,55,13,1296.04,115.760725,35.842376,448.52,0.00128246
2023,56,0,0.00,115.764768,35.852886,1405.35,0.00000000
2023,56,1,69.65,115.763997,35.852886,1210.99,-0.00168426
2023,56,2,139.31,115.763226,35.852886,1210.99,-0.00355065
2023,56,3,208.96,115.762612,35.853155,657.82,-0.00373277
2023,57,0,0.00,115.760725,35.842376,418.61,0.00235492
2023,57,1,75.94,115.760456,35.841769,343.86,0.00114203
2023,57,2,151.88,115.760456,35.841085,358.81,-0.00235262
2023,57,3,227.81,115.760178,35.840481,358.81,-0.00335528
2023,57,4,303.75,115.759647,35.839950,373.76,-0.00207617
2023,58,0,0.00,115.760725,35.842376,1794.06,0.00182261
2023,58,1,98.30,115.759795,35.842645,1599.71,0.00410477
2023,58,2,196.60,115.758707,35.842645,523.27,0.00629830
2023,58,3,294.90,115.758178,35.841984,328.91,0.00448690
2023,58,4,393.20,115.757761,35.841219,343.86,0.00251812
2023,58,5,491.50,115.757761,35.840489,448.52,0.00227211
2023,59,0,0.00,115.759647,35.839950,373.76,-0.00000000
2023,59,1,19.28,115.759513,35.839815,328.91,-0.00000000
2023,59,2,38.56,115.759378,35.839681,418.61,-0.00000000
2023,6,0,0.00,115.880111,35.892771,508.32,0.00000000
2023,6,1,96.42,115.880676,35.892207,523.27,0.00110226
2023,6,2,192.84,115.881350,35.891533,448.52,0.00141961
2023,6,3,289.27,115.882223,35.891199,463.47,0.00000000
2023,6,4,385.69,115.882950,35.890615,433.57,-0.00055747
2023,6,5,482.11,115.883770,35.890191,403.66,0.00000000
2023,6,6,578.53,115.884455,35.889537,328.91,0.00017007
2023,6,7,674.96,115.885316,35.889183,284.06,-0.00057185
2023,6,8,771.38,115.885991,35.888509,194.36,-0.00050180
2023,6,9,867.80,115.886764,35.888005,284.06,-0.00003688
2023,6,10,964.22,115.887438,35.887331,224.26,-0.00188832
2023,6,11,1060.65,115.888196,35.886823,209.31,-0.00266560
2023,6,12,1157.07,115.888196,35.885954,343.86,-0.00086089
2023,6,13,1253.49,115.888723,35.885237,388.71,-0.00367730
2023,6,14,1349.91,115.888700,35.884382,463.47,-0.00596755
2023,6,15,1446.34,115.887927,35.883878,493.37,-0.00467395
2023,60,0,0.00,115.759378,35.839681,343.86,-0.00158628
2023,60,1,89.50,115.759378,35.838874,284.06,-0.00189976
2023,60,2,179.00,115.759108,35.838145,299.01,-0.00282629
2023,60,3,268.50,115.758755,35.837441,403.66,-0.00320454
2023,60,4,358.01,115.758030,35.836986,448.52,-0.00296972
2023,61,0,0.00,115.759378,35.839681,986.73,-0.00188120
2023,61,1,92.32,115.758356,35.839681,1121.29,-0.00198003
2023,61,2,184.65,115.757491,35.839950,373.76,-0.00207887
2023,62,0,0.00,115.759647,35.839950,1076.44,0.00364600
2023,62,1,99.43,115.758861,35.840489,1794.06,0.00352005
2023,62,2,198.86,115.757761,35.840489,612.97,0.00339409
2023,64,0,0.00,115.757761,35.840489,328.91,0.00866850
2023,64,1,34.23,115.757522,35.840250,328.91,0.00878374
2023,64,2,68.46,115.757491,35.839950,313.96,0.00889897
2023,65,0,0.00,115.758030,35.836986,343.86,-0.00000000
2023,65,1,86.55,115.757761,35.836284,313.96,-0.00118025
2023,65,2,173.09,115.757491,35.835582,328.91,-0.00251361
2023,65,3,259.64,115.756952,35.835099,328.91,-0.00266673
2023,66,0,0.00,115.758030,35.836986,672.77,-0.00000000
2023,66,1,77.12,115.757491,35.837525,702.67,-0.00000000
2023,66,2,154.25,115.756952,35.838064,672.77,-0.00000000
2023,68,0,0.00,115.757491,35.839950,328.91,0.00442468
2023,68,1,75.54,115.756963,35.839422,299.01,0.00447926
2023,68,2,151.09,115.756952,35.838745,284.06,0.00231067
2023,68,3,226.63,115.756952,35.838064,418.61,0.00008750
2023,69,0,0.00,115.756952,35.835099,328.91,-0.00411419
2023,69,1,71.35,115.756872,35.834480,313.96,-0.00404874
2023,69,2,142.70,115.756373,35.833981,284.06,-0.00199165
2023,69,3,214.05,115.755874,35.833482,373.76,0.00000000
2023,7,0,0.00,115.880111,35.892771,1794.06,0.00064243
2023,7,1,84.19,115.880700,35.893360,1524.95,0.00141910
2023,7,2,168.37,115.881189,35.893977,1061.49,0.00188473
2023,7,3,252.56,115.881459,35.894658,822.28,0.00157370
2023,70,0,0.00,115.756952,35.835099,867.13,0.00174714
2023,70,1,67.65,115.756480,35.835572,1076.44,0.00230111
2023,70,2,135.30,115.755927,35.835908,926.93,0.00191457
2023,70,3,202.94,115.755335,35.836177,358.81,0.00097407
2023,72,0,0.00,115.756952,35.838064,508.32,0.00340973
2023,72,1,97.55,115.756072,35.837722,328.91,0.00387522
2023,72,2,195.10,115.755599,35.836980,299.01,0.00272820
2023,72,3,292.65,115.755335,35.836177,328.91,0.00111569
2023,73,0,0.00,115.755874,35.833482,313.96,-0.00111101
2023,73,1,97.76,115.755609,35.832678,388.71,-0.00110751
2023,73,2,195.52,115.755135,35.831934,373.76,-0.00036569
2023,73,3,293.28,115.754661,35.831191,343.86,-0.00000000
2023,73,4,391.05,115.754257,35.830426,313.96,-0.00089895
2023,73,5,488.81,115.753712,35.829703,284.06,-0.00111934
2023,73,6,586.57,115.753029,35.829020,269.11,-0.00084916
2023,73,7,684.33,115.752331,35.828362,239.21,-0.00082488
2023,73,8,782.09,115.751563,35.827824,209.31,-0.00037968
2023,73,9,879.85,115.750796,35.827284,269.11,-0.00092619
2023,73,10,977.62,115.750029,35.826745,299.01,-0.00188496
2023,73,11,1075.38,115.749104,35.826475,239.21,-0.00036258
2023,73,12,1173.14,115.748180,35.826206,209.31,0.00000000
2023,73,13,1270.90,115.747353,35.825769,179.41,-0.00117344
2023,73,14,1368.66,115.746331,35.825667,179.41,-0.00175780
2023,73,15,1466.42,115.745406,35.825397,239.21,-0.00201376
2023,73,16,1564.18,115.744481,35.825667,328.91,-0.00083596
2023,73,17,1661.95,115.743399,35.825667,418.61,-0.00101348
2023,73,18,1759.71,115.742475,35.825936,523.27,-0.00015187
2023,73,19,1857.47,115.741565,35.826232,598.02,0.00205775
2023,73,20,1955.23,115.740783,35.826206,598.02,0.00239229
2023,74,0,0.00,115.755874,35.833482,807.33,-0.00089358
2023,74,1,87.74,115.755261,35.834095,702.67,-0.00281958
2023,74,2,175.49,115.754796,35.834752,388.71,-0.00514942
2023,74,3,263.23,115.754931,35.835503,313.96,-0.00366439
2023,74,4,350.98,115.755335,35.836177,418.61,-0.00177553
2023,77,0,0.00,115.740783,35.826206,1345.55,0.00000000
2023,77,1,29.90,115.740783,35.825936,1345.55,0.00000000
2023,77,2,59.80,115.740783,35.825667,792.38,0.00000000
2023,78,0,0.00,115.740783,35.826206,642.87,-0.00114487
2023,78,1,96.39,115.740010,35.826709,702.67,-0.00110340
2023,78,2,192.79,115.739336,35.827383,642.87,-0.00077541
2023,78,3,289.18,115.738662,35.828057,657.82,-0.00052456
2023,78,4,385.58,115.738088,35.828759,627.92,-0.00002774
2023,78,5,481.97,115.737524,35.829465,612.97,0.00000000
2023,78,6,578.36,115.736851,35.830138,598.02,-0.00080423
2023,78,7,674.76,115.736386,35.830872,583.07,-0.00000000
2023,78,8,771.15,115.735921,35.831606,583.07,0.00107641
2023,78,9,867.55,115.735248,35.832280,538.22,0.00016349
2023,78,10,963.94,115.734574,35.832954,553.17,0.00058012
2023,78,11,1060.33,115.734045,35.833669,538.22,0.00241854
2023,78,12,1156.73,115.733237,35.834021,583.07,0.00295468
2023,79,0,0.00,115.732967,35.833752,1181.09,-0.00000000
2023,79,1,19.28,115.733102,35.833887,1240.89,-0.00000000
2023,79,2,38.56,115.733237,35.834021,1375.45,-0.00000000
2023,8,0,0.00,115.870949,35.899778,1106.34,0.00000000
2023,8,1,81.24,115.870949,35.900510,1151.19,0.00096534
2023,8,2,162.48,115.870949,35.901242,986.73,0.00302123
2023,8,3,243.72,115.870679,35.901897,837.23,0.00303784
2023,8,4,324.96,115.870140,35.902473,583.07,0.00196389
2023,80,0,0.00,115.733237,35.834021,493.37,0.00037449
2023,80,1,75.94,115.733124,35.834673,448.52,0.00090433
2023,80,2,151.88,115.732967,35.835312,463.47,0.00235275
2023,80,3,227.82,115.732690,35.835916,418.61,0.00267374
2023,80,4,303.76,115.732159,35.836447,403.66,0.00207615
2023,81,0,0.00,115.732967,35.833752,583.07,0.00325840
2023,81,1,74.41,115.732301,35.834021,717.63,0.00456714
2023,81,2,148.81,115.731478,35.834021,1181.09,0.00456714
2023,81,3,223.22,115.730811,35.833752,403.66,0.00325840
2023,82,0,0.00,115.732967,35.833752,1390.40,-0.00446884
2023,82,1,89.11,115.732296,35.833213,1584.76,-0.00671926
2023,82,2,178.22,115.731309,35.833213,523.27,-0.00732554
2023,82,3,267.34,115.730811,35.833752,433.57,-0.00568140
2023,83,0,0.00,115.732159,35.836447,1719.31,0.00000000
2023,83,1,85.24,115.731563,35.835851,1345.55,-0.00068265
2023,83,2,170.48,115.730968,35.835255,1001.69,-0.00142358
2023,83,3,255.72,115.730272,35.834830,702.67,-0.00148184
2023,84,0,0.00,115.732159,35.836447,418.61,0.00072288
2023,84,1,96.69,115.731692,35.837183,448.52,0.00050090
2023,84,2,193.37,115.731152,35.837794,448.52,0.00031972
2023,84,3,290.06,115.730659,35.838485,403.66,0.00056877
2023,84,4,386.74,115.729984,35.839161,418.61,0.00038851
2023,84,5,483.43,115.729308,35.839837,388.71,0.00000000
2023,84,6,580.11,115.728632,35.840512,403.66,0.00008162
2023,84,7,676.80,115.727956,35.841188,388.71,0.00052765
2023,84,8,773.49,115.727265,35.841837,388.71,0.00092113
2023,84,9,870.17,115.726506,35.842369,373.76,-0.00000000
2023,84,10,966.86,115.725731,35.842875,358.81,-0.00100275
2023,84,11,1063.54,115.725055,35.843551,328.91,0.00000000
2023,84,12,1160.23,115.724379,35.844227,328.91,0.00109642
2023,84,13,1256.91,115.723604,35.844732,284.06,0.00056877
2023,84,14,1353.60,115.722829,35.845238,284.06,-0.00056877
2023,84,15,1450.29,115.722054,35.845743,239.21,0.00000000
2023,84,16,1546.97,115.721378,35.846419,179.41,0.00116854
2023,84,17,1643.66,115.720504,35.846754,194.36,-0.00000000
2023,84,18,1740.34,115.719729,35.847260,179.41,-0.00059977
2023,84,19,1837.03,115.718954,35.847765,164.46,0.00000000
2023,86,0,0.00,115.730811,35.833752,433.57,-0.00433434
2023,86,1,68.46,115.730333,35.834230,463.47,-0.00439197
2023,86,2,136.93,115.730272,35.834830,493.37,-0.00444960
2023,88,0,0.00,115.730272,35.834830,493.37,-0.00424859
2023,88,1,87.58,115.729462,35.835101,418.61,-0.00414622
2023,88,2,175.17,115.729059,35.835774,403.66,-0.00202192
2023,88,3,262.75,115.728655,35.836447,448.52,0.00000000
2023,89,0,0.00,115.718954,35.847765,239.21,-0.00161889
2023,89,1,99.30,115.717854,35.847765,239.21,-0.00170150
2023,89,2,198.61,115.716913,35.848035,209.31,0.00000000
2023,89,3,297.91,115.715971,35.848304,269.11,0.00108282
2023,89,4,397.22,115.714871,35.848304,299.01,0.00080945
2023,89,5,496.52,115.713894,35.848513,284.06,0.00125900
2023,89,6,595.83,115.712988,35.848304,299.01,0.00000000
2023,89,7,695.13,115.711888,35.848304,269.11,0.00016913
2023,89,8,794.44,115.710789,35.848304,299.01,0.00170150
2023,89,9,893.74,115.709847,35.848035,269.11,0.00089206
2023,89,10,993.05,115.708905,35.847765,269.11,0.00000000
2023,89,11,1092.35,115.707963,35.847496,224.26,0.00000000
2023,89,12,1191.66,115.707021,35.847226,239.21,0.00015544
2023,89,13,1290.96,115.706079,35.846957,209.31,0.00044526
2023,89,14,1390.27,115.705164,35.846642,224.26,0.00180994
2023,89,15,1489.57,115.704271,35.846288,224.26,0.00285908
2023,89,16,1588.88,115.703742,35.845610,239.21,0.00102783
2023,89,17,1688.18,115.703202,35.844949,209.31,-0.00015764
2023,89,18,1787.48,115.702508,35.844255,299.01,0.00026748
2023,89,19,1886.79,115.701976,35.843514,313.96,0.00036252
2023,89,20,1986.09,115.701329,35.842807,388.71,0.00051899
2023,89,21,2085.40,115.700898,35.842037,418.61,-0.00000000
2023,89,22,2184.70,115.700359,35.841298,418.61,-0.00054094
2023,9,0,0.00,115.870949,35.899778,1121.29,-0.00502330
2023,9,1,82.34,115.870194,35.899508,717.63,-0.00502330
2023,9,2,164.68,115.869439,35.899778,822.28,-0.00251165
2023,9,3,247.03,115.868685,35.900047,583.07,-0.00000000
2023,9,4,329.37,115.867930,35.900317,508.32,0.00000000
2023,9,5,411.71,115.867176,35.900586,448.52,0.00000000
2023,90,0,0.00,115.718954,35.847765,1046.54,-0.00538826
2023,90,1,49.18,115.718954,35.848209,717.63,-0.00549971
2023,90,2,98.36,115.719223,35.848574,44.85,-0.00561116
2023,91,0,0.00,115.700359,35.841298,448.52,-0.00127502
2023,91,1,99.64,115.700359,35.840400,403.66,-0.00063751
2023,91,2,199.29,115.700089,35.839580,373.76,0.00012708
2023,91,3,298.93,115.700089,35.838682,373.76,-0.00000000
2023,91,4,398.57,115.699872,35.837846,343.86,0.00039058
2023,91,5,498.21,115.699820,35.836964,373.76,0.00027388
2023,91,6,597.86,115.699820,35.836065,358.81,-0.00051767
2023,91,7,697.50,115.699663,35.835213,388.71,-0.00055443
2023,91,8,797.14,115.699550,35.834347,358.81,0.00000000
2023,91,9,896.78,115.699281,35.833527,373.76,0.00091806
2023,91,10,996.43,115.699281,35.832629,373.76,0.00000000
2023,91,11,1096.07,115.699281,35.831731,328.91,-0.00063751
2023,91,12,1195.71,115.699011,35.830911,328.91,0.00063751
2023,91,13,1295.35,115.699011,35.830013,373.76,0.00127502
2023,91,14,1395.00,115.699011,35.829115,373.76,0.00070043
2023,91,15,1494.64,115.699281,35.828295,418.61,-0.00063751
2023,91,16,1594.28,115.699281,35.827553,478.42,-0.00140086
2023,92,0,0.00,115.700359,35.841298,642.87,-0.00000000
2023,92,1,74.23,115.699840,35.841816,822.28,-0.00089182
2023,92,2,148.47,115.699321,35.842335,687.72,-0.00183645
2023,92,3,222.70,115.699011,35.842915,612.97,-0.00188924
2023,93,0,0.00,115.699281,35.827553,1794.06,0.00000000
2023,93,1,81.17,115.700179,35.827553,1420.30,0.00000000
2023,93,2,162.34,115.701077,35.827553,538.22,0.00000000
2023,93,3,243.51,115.701976,35.827553,,0.00000000
2023,94,0,0.00,115.699281,35.827553,493.37,0.00276094
2023,94,1,98.72,115.698742,35.826820,433.57,0.00206252
2023,94,2,197.45,115.698737,35.825931,418.61,0.00000000
2023,94,3,296.17,115.698465,35.825120,388.71,-0.00064977
2023,94,4,394.90,115.698193,35.824310,418.61,0.00003873
2023,94,5,493.62,115.697933,35.823495,448.52,-0.00001936
2023,94,6,592.34,115.697664,35.822683,358.81,0.00066195
2023,94,7,691.07,115.697394,35.821872,373.76,0.00068776
2023,94,8,789.79,115.697394,35.820982,373.76,-0.00000000
2023,94,9,888.52,115.697125,35.820170,373.76,0.00064973
2023,94,10,987.24,115.697125,35.819280,373.76,0.00064973
2023,94,11,1085.96,115.697125,35.818391,358.81,0.00000000
2023,95,0,0.00,115.697125,35.818391,448.52,0.00231430
2023,95,1,93.11,115.696584,35.817850,343.86,0.00294410
2023,95,2,186.23,115.696316,35.817088,358.81,0.00191449
2023,95,3,279.34,115.696316,35.816249,269.11,-0.00000572
2023,95,4,372.45,115.696094,35.815474,254.16,0.00047362
2023,95,5,465.56,115.696047,35.814648,269.11,0.00073197
2023,95,6,558.68,115.696047,35.813809,343.86,0.00025019
2023,96,0,0.00,115.697125,35.818391,478.42,0.00000000
2023,96,1,92.08,115.697768,35.817747,508.32,-0.00145526
2023,96,2,184.16,115.698412,35.817104,433.57,-0.00436462
2023,96,3,276.24,115.698472,35.816447,254.16,-0.00379864
2023,96,4,368.33,115.698203,35.815696,254.16,-0.00177857
2023,97,0,0.00,115.696047,35.813809,1794.06,0.00000000
2023,97,1,85.24,115.696990,35.813809,1210.99,0.00000000
2023,97,2,170.49,115.697933,35.813809,568.12,0.00000000
2023,98,0,0.00,115.696047,35.813809,284.06,0.00131146
2023,98,1,96.01,115.695777,35.813022,284.06,0.00069958
2023,98,2,192.01,115.695750,35.812165,328.91,-0.00058027
2023,98,3,288.02,115.695497,35.811373,343.86,-0.00066948
2023,98,4,384.02,115.695238,35.810582,328.91,0.00065310
2023,98,5,480.03,115.694969,35.809795,328.91,0.00122294
2023,98,6,576.03,115.694969,35.808930,358.81,0.00000000
2023,98,7,672.04,115.694903,35.808084,358.81,-0.00035156
2023,98,8,768.04,115.694699,35.807278,373.76,0.00068786
2023,98,9,864.05,115.694699,35.806412,373.76,-0.00017291
2023,98,10,960.05,115.694699,35.805547,418.61,-0.00068786
2023,98,11,1056.06,115.694430,35.804760,463.47,0.00068786
2023,98,12,1152.06,115.694430,35.803895,448.52,0.00068786
2023,98,13,1248.07,115.694430,35.803029,538.22,0.00000000
2023,99,0,0.00,115.694430,35.803029,1794.06,0.00156597
2023,99,1,87.77,115.693459,35.803029,1405.35,0.00219944
2023,99,2,175.54,115.692607,35.802824,1136.24,0.00380451
2023,99,3,263.31,115.691831,35.802490,941.88,0.00466014
2023,99,4,351.08,115.691465,35.801856,553.17,0.00265914
2023,99,5,438.85,115.691196,35.801143,553.17,0.00077411
