year,link_id,sample_idx,s_m,lon,lat,B_m,C_1m
2004,0,0,0.00,115.524379,35.741854,59.80,0.00121297
2004,0,1,92.11,115.524813,35.741150,1121.29,0.00118216
2004,0,2,184.22,115.525457,35.740507,1031.59,0.00115136
2004,1,0,0.00,115.525457,35.740507,448.52,-0.00087989
2004,1,1,99.61,115.526549,35.740492,433.57,0.00012980
2004,1,2,199.22,115.527443,35.740337,373.76,0.00101578
2004,1,3,298.83,115.528446,35.740507,358.81,0.00058733
2004,1,4,398.44,115.529547,35.740507,328.91,0.00031081
2004,1,5,498.05,115.530523,35.740722,343.86,-0.00048105
2004,1,6,597.66,115.531592,35.740776,328.91,-0.00080428
2004,1,7,697.27,115.532693,35.740776,328.91,-0.00015372
2004,1,8,796.88,115.533795,35.740776,328.91,0.00000000
2004,1,9,896.49,115.534896,35.740776,328.91,0.00000000
2004,1,10,996.10,115.535997,35.740776,328.91,0.00000000
2004,1,11,1095.71,115.537098,35.740776,328.91,0.00000000
2004,1,12,1195.32,115.538199,35.740776,328.91,0.00000000
2004,1,13,1294.93,115.539300,35.740776,328.91,-0.00026324
2004,1,14,1394.54,115.540401,35.740776,358.81,-0.00080428
2004,1,15,1494.15,115.541449,35.740684,343.86,-0.00025569
2004,1,16,1593.75,115.542446,35.740507,328.91,0.00080428
2004,1,17,1693.36,115.543548,35.740507,388.71,0.00051893
2004,1,18,1792.97,115.544649,35.740507,358.81,0.00000000
2004,1,19,1892.58,115.545750,35.740507,388.71,0.00000000
2004,1,20,1992.19,115.546851,35.740507,388.71,-0.00079127
2004,1,21,2091.80,115.547952,35.740507,358.81,-0.00080428
2004,1,22,2191.41,115.548898,35.740241,358.81,-0.00002603
2004,1,23,2291.02,115.549997,35.740237,388.71,0.00000000
2004,1,24,2390.63,115.550941,35.739968,358.81,0.00001303
2004,1,25,2490.24,115.552042,35.739968,358.81,-0.00013002
2004,1,26,2589.85,115.552987,35.739698,328.91,-0.00040841
2004,1,27,2689.46,115.554064,35.739657,328.91,-0.00134143
2004,1,28,2789.07,115.554958,35.739302,328.91,-0.00005386
2004,1,29,2888.68,115.555852,35.738947,299.01,0.00128892
2004,1,30,2988.29,115.556920,35.738890,284.06,0.00046226
2004,1,31,3087.90,115.557864,35.738620,269.11,0.00018253
2004,1,32,3187.51,115.558965,35.738620,299.01,-0.00088614
2004,1,33,3287.12,115.559909,35.738351,269.11,-0.00088614
2004,1,34,3386.73,115.560854,35.738081,284.06,0.00036996
2004,1,35,3486.34,115.561798,35.737812,299.01,0.00008308
2004,1,36,3585.95,115.562806,35.737652,299.01,-0.00074585
2004,1,37,3685.56,115.563700,35.737297,343.86,-0.00008692
2004,1,38,3785.17,115.564630,35.737003,299.01,0.00037588
2004,1,39,3884.78,115.565588,35.736757,328.91,-0.00007570
2004,1,40,3984.39,115.566518,35.736464,328.91,-0.00079843
2004,1,41,4084.00,115.567462,35.736195,358.81,-0.00101055
2004,1,42,4183.61,115.568270,35.735692,328.91,0.00067689
2004,1,43,4283.22,115.569165,35.735336,343.86,0.00033994
2004,1,44,4382.83,115.570138,35.735117,313.96,-0.00092669
2004,1,45,4482.44,115.570925,35.734578,299.01,-0.00017041
2004,1,46,4582.05,115.571847,35.734271,313.96,-0.00011722
2004,1,47,4681.65,115.572656,35.733769,299.01,-0.00088629
2004,1,48,4781.26,115.573536,35.733390,299.01,-0.00056376
2004,1,49,4880.87,115.574232,35.732694,328.91,0.00122154
2004,1,50,4980.48,115.575126,35.732339,313.96,0.00056376
2004,1,51,5080.09,115.576021,35.731984,328.91,-0.00067676
2004,1,52,5179.70,115.576816,35.731458,343.86,-0.00000000
2004,1,53,5279.31,115.577693,35.731074,358.81,0.00019372
2004,1,54,5378.92,115.578505,35.730578,328.91,0.00010149
2004,1,55,5478.53,115.579399,35.730222,373.76,-0.00009710
2004,1,56,5578.14,115.580211,35.729727,358.81,-0.00020246
2004,1,57,5677.75,115.581088,35.729342,343.86,-0.00056376
2004,1,58,5777.36,115.581883,35.728816,358.81,0.00010097
2004,1,59,5876.97,115.582678,35.728291,343.86,0.00111203
2004,1,60,5976.58,115.583572,35.727935,358.81,-0.00007670
2004,1,61,6076.19,115.584461,35.727571,343.86,-0.00108189
2004,1,62,6175.80,115.585248,35.727032,358.81,-0.00041307
2004,1,63,6275.41,115.586057,35.726529,343.86,-0.00003015
2004,1,64,6375.02,115.586852,35.726004,358.81,0.00048976
2004,1,65,6474.63,115.587647,35.725478,343.86,0.00059409
2004,1,66,6574.24,115.588541,35.725123,299.01,-0.00000000
2004,1,67,6673.85,115.589341,35.724606,343.86,0.00051903
2004,1,68,6773.46,115.590230,35.724242,313.96,0.00148363
2004,1,69,6873.07,115.591124,35.723887,299.01,0.00061226
2004,1,70,6972.68,115.592173,35.723798,209.31,-0.00031818
2004,1,71,7072.29,115.593012,35.723347,194.36,0.00144274
2004,1,72,7171.90,115.594062,35.723259,179.41,0.00169042
2004,1,73,7271.51,115.595163,35.723259,209.31,0.00025152
2004,1,74,7371.12,115.596264,35.723259,209.31,0.00000000
2004,1,75,7470.73,115.597365,35.723259,209.31,0.00049617
2004,1,76,7570.34,115.598466,35.723259,209.31,0.00164396
2004,1,77,7669.95,115.599468,35.723429,224.26,0.00119809
2004,1,78,7769.55,115.600362,35.723784,179.41,-0.00051727
2004,1,79,7869.16,115.601356,35.723969,224.26,0.00033107
2004,1,80,7968.77,115.602349,35.724154,254.16,0.00172918
2004,1,81,8068.38,115.603187,35.724606,299.01,0.00050056
2004,1,82,8167.99,115.604038,35.725035,254.16,-0.00058014
2004,1,83,8267.60,115.604933,35.725390,328.91,0.00032998
2004,1,84,8367.21,115.605827,35.725745,299.01,0.00103398
2004,1,85,8466.82,115.606622,35.726271,313.96,-0.00040628
2004,1,86,8566.43,115.607436,35.726762,313.96,-0.00091826
2004,1,87,8666.04,115.608381,35.727032,343.86,0.00080443
2004,1,88,8765.65,115.609205,35.727507,358.81,0.00102818
2004,1,89,8865.26,115.610000,35.728032,358.81,-0.00037952
2004,1,90,8964.87,115.610795,35.728558,373.76,-0.00049975
2004,1,91,9064.48,115.611686,35.728918,299.01,0.00063202
2004,1,92,9164.09,115.612473,35.729457,328.91,0.00043804
2004,1,93,9263.70,115.613260,35.729996,328.91,0.00034851
2004,1,94,9363.31,115.614074,35.730489,358.81,0.00029496
2004,1,95,9462.92,115.614770,35.731185,299.01,-0.00071010
2004,1,96,9562.53,115.615622,35.731613,328.91,-0.00047187
2004,1,97,9662.14,115.616409,35.732152,358.81,-0.00000855
2004,1,98,9761.75,115.617254,35.732591,433.57,-0.00023197
2004,1,99,9861.36,115.618049,35.733117,418.61,0.00028324
2004,1,100,9960.97,115.618927,35.733500,418.61,0.00055749
2004,1,101,10060.58,115.619639,35.734168,418.61,-0.00000000
2004,1,102,10160.19,115.620502,35.734578,418.61,0.00027999
2004,1,103,10259.80,115.621229,35.735219,403.66,0.00000000
2004,1,104,10359.41,115.622024,35.735744,448.52,-0.00056836
2004,1,105,10459.02,115.622819,35.736270,433.57,-0.00000000
2004,1,106,10558.63,115.623650,35.736734,448.52,0.00039910
2004,1,107,10658.24,115.624409,35.737321,433.57,-0.00000000
2004,1,108,10757.85,115.625204,35.737846,478.42,-0.00019763
2004,1,109,10857.45,115.625999,35.738372,448.52,0.00001853
2004,1,110,10957.06,115.626794,35.738897,448.52,0.00053475
2004,1,111,11056.67,115.627586,35.739429,448.52,0.00049880
2004,1,112,11156.28,115.628285,35.740119,478.42,-0.00053475
2004,1,113,11255.89,115.629080,35.740644,448.52,-0.00051733
2004,1,114,11355.50,115.629875,35.741170,448.52,0.00000000
2004,1,115,11455.11,115.630670,35.741695,448.52,-0.00000000
2004,1,116,11554.72,115.631465,35.742221,448.52,-0.00000000
2004,1,117,11654.33,115.632260,35.742746,433.57,0.00000000
2004,1,118,11753.94,115.633055,35.743272,448.52,0.00053475
2004,1,119,11853.55,115.633850,35.743797,418.61,0.00053475
2004,1,120,11953.16,115.634546,35.744493,433.57,-0.00026995
2004,1,121,12052.77,115.635341,35.745019,388.71,-0.00053475
2004,1,122,12152.38,115.636088,35.745627,448.52,-0.00053656
2004,1,123,12251.99,115.636931,35.746070,433.57,0.00000000
2004,1,124,12351.60,115.637726,35.746595,448.52,-0.00016526
2004,1,125,12451.21,115.638521,35.747121,418.61,-0.00000000
2004,1,126,12550.82,115.639393,35.747514,418.61,0.00052391
2004,1,127,12650.43,115.640111,35.748172,448.52,-0.00030212
2004,1,128,12750.04,115.640967,35.748591,433.57,0.00000000
2004,1,129,12849.65,115.641755,35.749130,433.57,0.00004627
2004,1,130,12949.26,115.642542,35.749669,388.71,0.00000000
2004,1,131,13048.87,115.643390,35.750103,433.57,0.00025585
2004,1,132,13148.48,115.644116,35.750747,418.61,-0.00047722
2004,1,133,13248.09,115.644980,35.751154,418.61,-0.00056376
2004,1,134,13347.70,115.645775,35.751680,433.57,-0.00075358
2004,1,135,13447.31,115.646669,35.752035,373.76,-0.00058014
2004,1,136,13546.92,115.647563,35.752390,358.81,0.00024713
2004,1,137,13646.53,115.648458,35.752745,388.71,0.00058014
2004,1,138,13746.14,115.649310,35.753173,343.86,0.00008811
2004,1,139,13845.75,115.650147,35.753626,328.91,-0.00058014
2004,1,140,13945.36,115.651041,35.753981,299.01,-0.00067048
2004,10,0,0.00,115.699820,35.762875,418.61,0.00000000
2004,10,1,83.43,115.700089,35.763548,343.86,0.00000000
2004,10,2,166.86,115.700359,35.764222,313.96,0.00000000
2004,100,0,0.00,115.720032,35.844801,1539.90,0.00000000
2004,100,1,88.78,115.720652,35.845421,1435.25,-0.00251374
2004,100,2,177.55,115.721273,35.846042,822.28,-0.00999668
2004,100,3,266.33,115.722092,35.845975,388.71,-0.01336354
2004,100,4,355.10,115.722081,35.845233,687.72,-0.00769731
2004,100,5,443.88,115.721461,35.844613,1330.60,-0.00181670
2004,100,6,532.65,115.720840,35.843993,1360.50,0.00000000
2004,101,0,0.00,115.401489,35.583122,1794.06,0.00000000
2004,101,1,97.70,115.402567,35.583122,1465.15,0.00000000
2004,101,2,195.41,115.403645,35.583122,732.58,0.00000000
2004,102,0,0.00,115.401489,35.583122,388.71,0.00219974
2004,102,1,98.73,115.401009,35.582372,403.66,0.00164252
2004,102,2,197.45,115.400950,35.581499,418.61,0.00051485
2004,102,3,296.18,115.400681,35.580688,418.61,0.00014752
2004,102,4,394.90,115.400611,35.579818,403.66,-0.00033422
2004,102,5,493.63,115.400411,35.578987,418.61,0.00000000
2004,102,6,592.36,115.400142,35.578175,403.66,0.00050955
2004,102,7,691.08,115.400142,35.577286,418.61,-0.00051523
2004,102,8,789.81,115.399872,35.576474,388.71,0.00000000
2004,102,9,888.53,115.399670,35.575643,403.66,0.00034547
2004,102,10,987.26,115.399603,35.574773,418.61,-0.00069018
2004,102,11,1085.99,115.399333,35.573962,448.52,-0.00052042
2004,102,12,1184.71,115.399064,35.573151,478.42,0.00000000
2004,103,0,0.00,115.720840,35.843993,433.57,0.00196244
2004,103,1,92.22,115.721067,35.843227,478.42,0.00242306
2004,103,2,184.44,115.721574,35.842645,478.42,0.00159742
2004,103,3,276.66,115.722246,35.842048,493.37,-0.00000000
2004,103,4,368.88,115.722891,35.841403,493.37,-0.00015559
2004,103,5,461.10,115.723535,35.840759,463.47,0.00000000
2004,104,0,0.00,115.399064,35.573151,941.88,-0.00136291
2004,104,1,88.78,115.399782,35.572701,822.28,0.00000000
2004,104,2,177.56,115.400402,35.572082,1031.59,0.00213355
2004,104,3,266.34,115.401220,35.571803,672.77,0.00290419
2004,105,0,0.00,115.399064,35.573151,448.52,0.00161367
2004,105,1,90.94,115.398525,35.572488,418.61,0.00229906
2004,105,2,181.88,115.398255,35.571747,403.66,0.00164773
2004,105,3,272.81,115.398203,35.570942,403.66,-0.00050138
2004,105,4,363.75,115.397986,35.570186,388.71,-0.00049726
2004,105,5,454.69,115.397716,35.569445,403.66,-0.00016040
2004,105,6,545.63,115.397551,35.568673,418.61,-0.00064205
2004,105,7,636.57,115.397177,35.567963,403.66,-0.00000000
2004,105,8,727.50,115.396908,35.567222,418.61,0.00064406
2004,106,0,0.00,115.723535,35.840759,538.22,-0.00000000
2004,106,1,93.63,115.723805,35.839993,612.97,0.00031777
2004,106,2,187.25,115.724074,35.839227,388.71,0.00141959
2004,106,3,280.88,115.724453,35.838493,328.91,0.00301323
2004,106,4,374.51,115.725108,35.837839,403.66,0.00321114
2004,106,5,468.13,115.725961,35.837525,642.87,0.00259946
2004,107,0,0.00,115.723535,35.840759,1674.46,-0.00200142
2004,107,1,94.01,115.724418,35.841028,1166.14,-0.00190683
2004,107,2,188.02,115.725459,35.841028,612.97,-0.00090613
2004,107,3,282.03,115.726500,35.841028,687.72,0.00000000
2004,108,0,0.00,115.396908,35.567222,403.66,-0.00214930
2004,108,1,97.72,115.396852,35.566357,403.66,-0.00163210
2004,108,2,195.43,115.396378,35.565614,373.76,-0.00000000
2004,108,3,293.15,115.396114,35.564811,343.86,0.00049249
2004,108,4,390.86,115.395849,35.564007,343.86,0.00054795
2004,108,5,488.58,115.395560,35.563211,313.96,0.00074409
2004,108,6,586.29,115.395529,35.562339,239.21,-0.00054795
2004,108,7,684.01,115.395291,35.561528,209.31,-0.00142495
2004,108,8,781.72,115.394999,35.560732,224.26,-0.00216062
2004,108,9,879.44,115.394482,35.560002,224.26,-0.00298023
2004,108,10,977.15,115.393745,35.559478,313.96,-0.00226638
2004,108,11,1074.87,115.392865,35.559137,448.52,-0.00140192
2004,109,0,0.00,115.396908,35.567222,642.87,0.00000000
2004,109,1,38.61,115.396638,35.567491,642.87,0.00000000
2004,109,2,77.22,115.396369,35.567761,672.77,0.00000000
2004,11,0,0.00,115.699820,35.762875,807.33,0.00338847
2004,11,1,99.50,115.700763,35.762605,1121.29,0.00338847
2004,11,2,199.01,115.701706,35.762875,852.18,0.00338847
2004,110,0,0.00,115.725961,35.837525,1435.25,-0.00000000
2004,110,1,77.12,115.726500,35.838064,1315.65,-0.00000000
2004,110,2,154.24,115.727039,35.838603,1001.69,-0.00000000
2004,110,3,231.37,115.727578,35.839142,672.77,0.00000000
2004,111,0,0.00,115.725961,35.837525,433.57,0.00185475
2004,111,1,89.36,115.726230,35.836797,403.66,0.00138094
2004,111,2,178.71,115.726792,35.836155,388.71,0.00064504
2004,111,3,268.07,115.727207,35.835470,433.57,0.00080328
2004,111,4,357.43,115.727832,35.834845,433.57,0.00061181
2004,111,5,446.78,115.728456,35.834221,463.47,0.00199854
2004,111,6,536.14,115.729081,35.833596,463.47,0.00412288
2004,111,7,625.49,115.730003,35.833482,598.02,0.00424868
2004,112,0,0.00,115.726500,35.841028,583.07,0.00000000
2004,112,1,81.32,115.726859,35.840399,388.71,0.00000000
2004,112,2,162.63,115.727218,35.839770,358.81,-0.00000000
2004,112,3,243.95,115.727578,35.839142,553.17,-0.00000000
2004,113,0,0.00,115.726500,35.841028,897.03,0.00377465
2004,113,1,83.41,115.726769,35.841702,612.97,0.00377465
2004,113,2,166.83,115.726500,35.842376,478.42,0.00377465
2004,114,0,0.00,115.392865,35.559137,418.61,-0.00210189
2004,114,1,87.48,115.391900,35.559137,388.71,-0.00221378
2004,114,2,174.96,115.391092,35.559406,343.86,-0.00084742
2004,114,3,262.44,115.390283,35.559676,343.86,-0.00118935
2004,114,4,349.92,115.389433,35.559874,358.81,-0.00316390
2004,114,5,437.40,115.388823,35.560484,388.71,-0.00331828
2004,115,0,0.00,115.392865,35.559137,762.48,0.00540427
2004,115,1,49.21,115.392865,35.558693,598.02,0.00551640
2004,115,2,98.42,115.393135,35.558328,493.37,0.00562852
2004,116,0,0.00,115.727578,35.839142,642.87,-0.00066676
2004,116,1,93.39,115.728454,35.838872,493.37,-0.00235898
2004,116,2,186.79,115.729280,35.838517,403.66,-0.00363261
2004,116,3,280.18,115.729724,35.837804,388.71,-0.00160702
2004,116,4,373.58,115.730168,35.837090,373.76,0.00007384
2004,116,5,466.97,115.730611,35.836377,418.61,-0.00121373
2004,116,6,560.37,115.731081,35.835671,463.47,-0.00258423
2004,116,7,653.76,115.731081,35.834830,612.97,-0.00259331
2004,118,0,0.00,115.730003,35.833482,493.37,0.00139956
2004,118,1,95.18,115.730003,35.832624,418.61,0.00249698
2004,118,2,190.37,115.730272,35.831845,358.81,0.00348807
2004,118,3,285.55,115.730844,35.831294,328.91,0.00163788
2004,118,4,380.73,115.731602,35.830787,284.06,0.00119691
2004,118,5,475.92,115.732274,35.830134,269.11,0.00309376
2004,118,6,571.10,115.733237,35.829979,254.16,0.00368773
2004,119,0,0.00,115.730003,35.833482,657.82,0.00188093
2004,119,1,92.33,115.731025,35.833482,717.63,0.00197973
2004,119,2,184.66,115.731889,35.833752,523.27,0.00207854
2004,120,0,0.00,115.730003,35.833482,747.53,-0.00121290
2004,120,1,92.07,115.730437,35.834186,1031.59,-0.00118214
2004,120,2,184.15,115.731081,35.834830,807.33,-0.00115138
2004,121,0,0.00,115.388823,35.560484,328.91,-0.00333207
2004,121,1,98.04,115.387741,35.560484,299.01,-0.00269674
2004,121,2,196.07,115.386959,35.561000,313.96,-0.00111177
2004,121,3,294.11,115.386048,35.561293,299.01,-0.00092067
2004,121,4,392.15,115.385279,35.561832,328.91,-0.00083961
2004,121,5,490.19,115.384511,35.562371,433.57,0.00000000
2004,122,0,0.00,115.388823,35.560484,1510.00,0.00160515
2004,122,1,91.75,115.389092,35.561233,1016.64,0.00382906
2004,122,2,183.50,115.389092,35.562060,373.76,0.00499143
2004,122,3,275.25,115.388385,35.562539,328.91,0.00146380
2004,122,4,367.00,115.387745,35.563179,328.91,-0.00100228
2004,124,0,0.00,115.731081,35.834830,523.27,-0.00185636
2004,124,1,72.79,115.731590,35.834321,523.27,-0.00191171
2004,124,2,145.59,115.731889,35.833752,418.61,-0.00196705
2004,125,0,0.00,115.733237,35.829979,523.27,-0.00377505
2004,125,1,83.42,115.733237,35.830731,598.02,-0.00380639
2004,125,2,166.83,115.733776,35.831326,687.72,-0.00383773
2004,126,0,0.00,115.733237,35.829979,224.26,-0.00000000
2004,126,1,62.91,115.733776,35.829709,299.01,-0.00000000
2004,126,2,125.83,115.734315,35.829440,299.01,-0.00000000
2004,128,0,0.00,115.731889,35.833752,523.27,-0.00144188
2004,128,1,86.36,115.732592,35.833318,328.91,-0.00204140
2004,128,2,172.71,115.733196,35.832715,328.91,-0.00272301
2004,128,3,259.07,115.733590,35.832051,373.76,-0.00211067
2004,128,4,345.43,115.733776,35.831326,373.76,-0.00141626
2004,129,0,0.00,115.384511,35.562371,328.91,-0.00439047
2004,129,1,50.83,115.384057,35.562555,343.86,-0.00417596
2004,129,2,101.66,115.383702,35.562910,478.42,-0.00396146
2004,13,0,0.00,115.467785,35.669360,418.61,0.00502961
2004,13,1,92.89,115.466938,35.669052,508.32,0.00490618
2004,13,2,185.79,115.466707,35.668282,642.87,0.00478274
2004,130,0,0.00,115.384511,35.562371,1794.06,0.00000000
2004,130,1,96.53,115.385185,35.563044,1794.06,0.00000000
2004,130,2,193.07,115.385858,35.563718,642.87,0.00000000
2004,131,0,0.00,115.733776,35.831326,239.21,-0.00451191
2004,131,1,65.69,115.734315,35.831032,254.16,-0.00438623
2004,131,2,131.38,115.734584,35.830518,388.71,-0.00426054
2004,133,0,0.00,115.734315,35.829440,448.52,-0.00313159
2004,133,1,64.13,115.734315,35.830018,687.72,-0.00322475
2004,133,2,128.27,115.734584,35.830518,687.72,-0.00331791
2004,134,0,0.00,115.734315,35.829440,328.91,0.00042256
2004,134,1,98.08,115.734854,35.828712,239.21,0.00056942
2004,134,2,196.17,115.735477,35.828008,224.26,0.00082475
2004,134,3,294.25,115.736162,35.827323,224.26,0.00092757
2004,134,4,392.33,115.736910,35.826745,269.11,0.00058871
2004,134,5,490.42,115.737681,35.826206,209.31,0.00000942
2004,134,6,588.50,115.738452,35.825667,194.36,0.00092081
2004,134,7,686.58,115.739202,35.825092,239.21,0.00302170
2004,134,8,784.67,115.740151,35.824858,209.31,0.00269557
2004,134,9,882.75,115.741237,35.824858,179.41,0.00108835
2004,134,10,980.84,115.742322,35.824858,179.41,0.00083032
2004,134,11,1078.92,115.743334,35.824984,209.31,0.00093459
2004,134,12,1177.00,115.744336,35.825128,209.31,0.00091550
2004,134,13,1275.09,115.745264,35.825397,239.21,0.00043589
2004,134,14,1373.17,115.746192,35.825667,209.31,-0.00000000
2004,134,15,1471.25,115.747121,35.825936,239.21,0.00084329
2004,134,16,1569.34,115.748049,35.826206,269.11,0.00094976
2004,134,17,1667.42,115.748837,35.826715,269.11,-0.00031065
2004,134,18,1765.50,115.749748,35.827014,284.06,0.00055881
2004,134,19,1863.59,115.750605,35.827405,313.96,0.00213524
2004,134,20,1961.67,115.751293,35.827948,299.01,-0.00012731
2004,134,21,2059.75,115.751887,35.828631,284.06,-0.00147268
2004,134,22,2157.84,115.752850,35.828841,343.86,0.00083737
2004,134,23,2255.92,115.753412,35.829440,328.91,0.00099714
2004,134,24,2354.00,115.754211,35.829932,299.01,0.00055900
2004,134,25,2452.09,115.754896,35.830617,269.11,0.00058528
2004,134,26,2550.17,115.755582,35.831303,254.16,0.00000000
2004,134,27,2648.25,115.756267,35.831988,254.16,0.00000000
2004,134,28,2746.34,115.756952,35.832674,179.41,0.00000000
2004,135,0,0.00,115.383702,35.562910,418.61,-0.00120208
2004,135,1,97.95,115.382821,35.563252,448.52,-0.00111403
2004,135,2,195.89,115.382038,35.563765,478.42,-0.00058468
2004,135,3,293.84,115.381243,35.564257,478.42,0.00043870
2004,135,4,391.79,115.380473,35.564792,478.42,0.00118572
2004,135,5,489.73,115.379591,35.565134,493.37,0.00007429
2004,135,6,587.68,115.378710,35.565477,478.42,-0.00060104
2004,135,7,685.63,115.377927,35.565990,478.42,-0.00036829
2004,135,8,783.57,115.377046,35.566332,478.42,-0.00011657
2004,135,9,881.52,115.376325,35.566952,448.52,0.00053370
2004,135,10,979.46,115.375401,35.567222,448.52,-0.00035530
2004,135,11,1077.41,115.374633,35.567761,388.71,0.00000000
2004,135,12,1175.36,115.373816,35.568214,403.66,0.00047187
2004,135,13,1273.30,115.372942,35.568569,328.91,-0.00070923
2004,135,14,1371.25,115.372152,35.569070,328.91,-0.00058468
2004,135,15,1469.20,115.371370,35.569583,254.16,0.00048544
2004,135,16,1567.14,115.370587,35.570096,209.31,0.00118572
2004,135,17,1665.09,115.369715,35.570456,179.41,0.00117544
2004,135,18,1763.04,115.368824,35.570781,179.41,0.00071275
2004,135,19,1860.98,115.367867,35.570995,239.21,0.00080720
2004,135,20,1958.93,115.366943,35.571264,269.11,0.00155352
2004,135,21,2056.88,115.365882,35.571298,343.86,0.00203282
2004,135,22,2154.82,115.365095,35.571264,358.81,0.00175025
2004,135,23,2252.77,115.364171,35.570995,358.81,0.00066048
2004,135,24,2350.72,115.363247,35.570725,328.91,0.00045707
2004,135,25,2448.66,115.362323,35.570456,358.81,0.00131317
2004,135,26,2546.61,115.361474,35.570057,418.61,0.00065999
2004,135,27,2644.55,115.360692,35.569543,388.71,-0.00019610
2004,135,28,2742.50,115.359810,35.569201,373.76,0.00058468
2004,135,29,2840.45,115.359028,35.568688,448.52,0.00058468
2004,135,30,2938.39,115.358245,35.568175,448.52,-0.00058468
2004,135,31,3036.34,115.357462,35.567662,448.52,-0.00109989
2004,135,32,3134.29,115.356581,35.567319,433.57,0.00058468
2004,135,33,3232.23,115.355713,35.566952,448.52,0.00209889
2004,135,34,3330.18,115.355016,35.566293,433.57,-0.00000000
2004,135,35,3428.13,115.354332,35.565609,448.52,-0.00158368
2004,135,36,3526.07,115.353450,35.565267,403.66,0.00000000
2004,135,37,3624.02,115.352668,35.564753,448.52,0.00113929
2004,135,38,3721.97,115.351885,35.564240,433.57,0.00106953
2004,135,39,3819.91,115.351202,35.563557,448.52,-0.00003373
2004,135,40,3917.86,115.350518,35.562873,448.52,-0.00106953
2004,135,41,4015.81,115.349729,35.562371,448.52,0.00006730
2004,135,42,4113.75,115.348953,35.561847,433.57,0.00055461
2004,135,43,4211.70,115.348269,35.561163,448.52,-0.00058818
2004,135,44,4309.64,115.347487,35.560650,448.52,-0.00000000
2004,135,45,4407.59,115.346704,35.560137,418.61,0.00106953
2004,135,46,4505.54,115.346020,35.559453,403.66,-0.00113929
2004,135,47,4603.48,115.345337,35.558770,403.66,-0.00344155
2004,135,48,4701.43,115.344356,35.558598,448.52,-0.00357469
2004,136,0,0.00,115.383702,35.562910,1794.06,-0.00013795
2004,136,1,98.24,115.384388,35.563595,1794.06,-0.00398936
2004,136,2,196.48,115.385088,35.564257,538.22,-0.00804152
2004,136,3,294.72,115.385858,35.563718,433.57,-0.00824228
2004,137,0,0.00,115.385858,35.563718,433.57,0.00871031
2004,137,1,63.04,115.386397,35.563449,403.66,0.00871031
2004,137,2,126.09,115.386936,35.563718,612.97,0.00871031
2004,139,0,0.00,115.734584,35.830518,478.42,0.00000000
2004,139,1,12.18,115.734719,35.830518,478.42,0.00000000
2004,139,2,24.35,115.734854,35.830518,418.61,0.00000000
2004,14,0,0.00,115.700359,35.764222,1300.70,0.00000000
2004,14,1,73.11,115.701167,35.764222,1240.89,0.00000000
2004,14,2,146.22,115.701976,35.764222,299.01,0.00000000
2004,140,0,0.00,115.756952,35.832674,239.21,-0.00138214
2004,140,1,95.77,115.756952,35.833537,194.36,-0.00142305
2004,140,2,191.54,115.757222,35.834322,209.31,-0.00069858
2004,140,3,287.30,115.757491,35.835107,254.16,0.00073198
2004,140,4,383.07,115.757749,35.835896,328.91,0.00066641
2004,140,5,478.84,115.757761,35.836755,358.81,-0.00071528
2004,140,6,574.61,115.758030,35.837540,388.71,0.00003217
2004,140,7,670.37,115.758294,35.838327,433.57,0.00065085
2004,140,8,766.14,115.758300,35.839188,433.57,-0.00073198
2004,140,9,861.91,115.758588,35.839968,493.37,-0.00056745
2004,140,10,957.68,115.758839,35.840759,478.42,0.00020022
2004,141,0,0.00,115.756952,35.832674,1390.40,0.00000000
2004,141,1,62.91,115.757491,35.832404,553.17,0.00000000
2004,141,2,125.82,115.758030,35.832135,29.90,0.00000000
2004,142,0,0.00,115.344356,35.558598,418.61,-0.00158906
2004,142,1,84.80,115.344182,35.557884,418.61,-0.00364187
2004,142,2,169.61,115.343788,35.557250,358.81,-0.00235279
2004,142,3,254.41,115.343009,35.556981,343.86,0.00290658
2004,142,4,339.22,115.342739,35.556295,358.81,-0.00015679
2004,142,5,424.02,115.342451,35.555615,373.76,-0.00517771
2004,142,6,508.82,115.341661,35.555364,388.71,-0.00521777
2004,143,0,0.00,115.344356,35.558598,1510.00,0.00000000
2004,143,1,38.61,115.344087,35.558867,1285.75,0.00000000
2004,143,2,77.23,115.343817,35.559137,867.13,0.00000000
2004,144,0,0.00,115.758839,35.840759,568.12,-0.00000000
2004,144,1,92.73,115.758191,35.841407,642.87,-0.00090260
2004,144,2,185.45,115.757543,35.842055,583.07,-0.00280036
2004,144,3,278.18,115.757222,35.842798,478.42,-0.00321469
2004,144,4,370.90,115.757222,35.843633,343.86,-0.00320028
2004,144,5,463.63,115.757382,35.844422,493.37,-0.00325224
2004,144,6,556.36,115.758030,35.845071,612.97,-0.00273780
2004,145,0,0.00,115.758839,35.840759,553.17,0.00279193
2004,145,1,95.48,115.759506,35.841426,493.37,0.00322078
2004,145,2,190.96,115.759647,35.842246,418.61,0.00218258
2004,145,3,286.43,115.759647,35.843106,343.86,0.00035776
2004,145,4,381.91,115.759647,35.843967,463.47,0.00069528
2004,145,5,477.39,115.759647,35.844827,448.52,0.00143176
2004,145,6,572.87,115.759378,35.845610,463.47,0.00147296
2004,146,0,0.00,115.341661,35.555364,403.66,-0.00467376
2004,146,1,80.73,115.341515,35.554679,269.11,-0.00477138
2004,146,2,161.47,115.340853,35.554286,299.01,-0.00486900
2004,147,0,0.00,115.341661,35.555364,1524.95,0.00526900
2004,147,1,81.16,115.341079,35.555903,1196.04,0.00810586
2004,147,2,162.32,115.340184,35.555903,418.61,0.00884445
2004,147,3,243.48,115.339775,35.555364,299.01,0.00674619
2004,148,0,0.00,115.758030,35.845071,1076.44,0.00204070
2004,148,1,75.08,115.758754,35.845255,911.98,0.00203671
2004,148,2,150.16,115.759378,35.845610,762.48,0.00203271
2004,149,0,0.00,115.758030,35.845071,478.42,0.00144357
2004,149,1,84.60,115.757648,35.845722,493.37,-0.00106243
2004,149,2,169.21,115.757057,35.846314,388.71,-0.00899455
2004,149,3,253.81,115.757235,35.846957,657.82,-0.01085377
2004,149,4,338.42,115.758172,35.846957,1689.41,-0.00364344
2004,149,5,423.02,115.759108,35.846957,1794.06,0.00000000
2004,15,0,0.00,115.700359,35.764222,388.71,-0.00377746
2004,15,1,83.43,115.700089,35.764896,269.11,-0.00377746
2004,15,2,166.86,115.700359,35.765570,299.01,-0.00377746
2004,150,0,0.00,115.759378,35.845610,478.42,0.00204111
2004,150,1,79.08,115.759378,35.846322,463.47,0.00210428
2004,150,2,158.17,115.759108,35.846957,403.66,0.00216745
2004,152,0,0.00,115.340853,35.554286,418.61,-0.00727842
2004,152,1,85.86,115.340671,35.553565,358.81,-0.00726982
2004,152,2,171.72,115.339775,35.553477,508.32,-0.00726123
2004,153,0,0.00,115.340853,35.554286,1480.10,0.00000000
2004,153,1,77.23,115.340314,35.554825,1225.94,0.00000000
2004,153,2,154.46,115.339775,35.555364,971.78,0.00000000
2004,155,0,0.00,115.339775,35.555364,328.91,0.00403129
2004,155,1,81.39,115.339236,35.554787,343.86,0.00600096
2004,155,2,162.77,115.339236,35.554054,598.02,0.00600096
2004,155,3,244.16,115.339775,35.553477,1300.70,0.00403129
2004,156,0,0.00,115.759108,35.846957,478.42,0.00929318
2004,156,1,53.51,115.759378,35.847361,373.76,0.00929318
2004,156,2,107.02,115.759108,35.847765,478.42,0.00929318
2004,157,0,0.00,115.339775,35.553477,358.81,-0.00143938
2004,157,1,84.83,115.339391,35.552825,313.96,-0.00140112
2004,157,2,169.67,115.338799,35.552232,313.96,0.00000000
2004,157,3,254.50,115.338207,35.551640,284.06,0.00068144
2004,157,4,339.34,115.337824,35.550988,284.06,-0.00137222
2004,157,5,424.17,115.337232,35.550395,299.01,-0.00212206
2004,157,6,509.00,115.336541,35.549974,269.11,-0.00149967
2004,158,0,0.00,115.759108,35.847765,1794.06,0.00000000
2004,158,1,69.66,115.758337,35.847765,1599.71,0.00168405
2004,158,2,139.32,115.757566,35.847765,1076.44,0.00355019
2004,158,3,208.98,115.756952,35.847496,837.23,0.00373228
2004,159,0,0.00,115.759108,35.847765,418.61,-0.00000000
2004,159,1,83.41,115.759378,35.848439,418.61,-0.00000000
2004,159,2,166.82,115.759647,35.849113,388.71,-0.00000000
2004,16,0,0.00,115.466707,35.668282,493.37,0.00192687
2004,16,1,97.36,115.465788,35.668013,508.32,0.00134973
2004,16,2,194.72,115.465027,35.667474,448.52,-0.00000000
2004,16,3,292.08,115.464172,35.667095,478.42,-0.00077788
2004,16,4,389.44,115.463346,35.666665,448.52,0.00042272
2004,16,5,486.80,115.462428,35.666396,418.61,0.00132395
2004,16,6,584.16,115.461736,35.665737,403.66,0.00031093
2004,16,7,681.52,115.460904,35.665318,418.61,0.00000000
2004,16,8,778.88,115.460178,35.664718,403.66,0.00000000
2004,16,9,876.24,115.459381,35.664240,418.61,-0.00009280
2004,16,10,973.60,115.458620,35.663699,403.66,0.00051352
2004,16,11,1070.96,115.457841,35.663189,358.81,0.00097626
2004,16,12,1168.32,115.457271,35.662619,358.81,0.00004775
2004,16,13,1265.68,115.456591,35.661939,358.81,-0.00108218
2004,16,14,1363.04,115.455812,35.661430,328.91,-0.00056127
2004,16,15,1460.40,115.455033,35.660921,284.06,0.00056127
2004,16,16,1557.76,115.454254,35.660411,239.21,0.00001187
2004,16,17,1655.12,115.453575,35.659731,209.31,-0.00056127
2004,16,18,1752.47,115.452699,35.659389,209.31,0.00103452
2004,16,19,1849.83,115.452017,35.658712,179.41,-0.00122488
2004,16,20,1947.19,115.451332,35.658041,269.11,-0.00367300
2004,16,21,2044.55,115.450257,35.658041,269.11,-0.00140174
2004,16,22,2141.91,115.449338,35.657772,328.91,-0.00084297
2004,16,23,2239.27,115.448263,35.657772,388.71,-0.00000000
2004,16,24,2336.63,115.447188,35.657772,448.52,0.00084297
2004,16,25,2433.99,115.446269,35.657502,448.52,-0.00084297
2004,16,26,2531.35,115.445194,35.657502,478.42,-0.00168594
2004,16,27,2628.71,115.444119,35.657502,508.32,-0.00073817
2004,16,28,2726.07,115.443200,35.657772,508.32,0.00168594
2004,16,29,2823.43,115.442146,35.657735,493.37,0.00180854
2004,16,30,2920.79,115.441207,35.657502,508.32,0.00000000
2004,16,31,3018.15,115.440192,35.657398,508.32,-0.00056605
2004,16,32,3115.51,115.439213,35.657233,478.42,-0.00084297
2004,16,33,3212.87,115.438138,35.657233,508.32,-0.00050432
2004,16,34,3310.23,115.437062,35.657233,508.32,0.00000000
2004,160,0,0.00,115.336541,35.549974,299.01,-0.00337862
2004,160,1,95.92,115.336497,35.549122,254.16,-0.00257023
2004,160,2,191.85,115.335828,35.548453,239.21,0.00000000
2004,160,3,287.77,115.335463,35.547695,239.21,0.00061602
2004,160,4,383.69,115.335115,35.546931,194.36,-0.00057535
2004,160,5,479.62,115.334654,35.546201,179.41,-0.00062091
2004,161,0,0.00,115.336541,35.549974,1091.39,0.00000000
2004,161,1,38.62,115.336271,35.550243,1091.39,0.00000000
2004,161,2,77.23,115.336002,35.550513,956.83,0.00000000
2004,162,0,0.00,115.759647,35.849113,1749.21,0.00000000
2004,162,1,73.03,115.760456,35.849113,1779.11,0.00000000
2004,162,2,146.07,115.761264,35.849113,1794.06,0.00000000
2004,162,3,219.10,115.762073,35.849113,418.61,0.00000000
2004,163,0,0.00,115.759647,35.849113,433.57,-0.00330184
2004,163,1,89.05,115.759378,35.849838,388.71,-0.00245211
2004,163,2,178.10,115.759647,35.850562,373.76,-0.00000000
2004,163,3,267.15,115.759647,35.851365,373.76,-0.00000000
2004,163,4,356.20,115.759647,35.852167,313.96,-0.00080119
2004,163,5,445.25,115.759917,35.852892,328.91,0.00080119
2004,163,6,534.31,115.759917,35.853694,448.52,0.00160238
2004,164,0,0.00,115.334654,35.546201,224.26,-0.00102039
2004,164,1,95.15,115.334616,35.545355,209.31,-0.00040794
2004,164,2,190.30,115.334385,35.544564,284.06,0.00070300
2004,164,3,285.45,115.334385,35.543707,269.11,0.00060074
2004,164,4,380.60,115.334385,35.542849,328.91,0.00144797
2004,164,5,475.75,115.334385,35.541992,343.86,0.00220730
2004,164,6,570.90,115.334924,35.541291,388.71,-0.00000000
2004,164,7,666.05,115.335193,35.540512,328.91,-0.00075933
2004,164,8,761.20,115.335463,35.539733,343.86,-0.00000000
2004,165,0,0.00,115.334654,35.546201,493.37,0.00533784
2004,165,1,63.05,115.334214,35.546641,1076.44,0.00553539
2004,165,2,126.11,115.333576,35.546740,358.81,0.00573294
2004,166,0,0.00,115.759917,35.853694,1240.89,0.00000000
2004,166,1,91.07,115.758909,35.853694,1151.19,-0.00274122
2004,166,2,182.15,115.757900,35.853694,284.06,-0.00823062
2004,166,3,273.22,115.757491,35.854324,373.76,-0.01004882
2004,166,4,364.30,115.757780,35.855061,403.66,-0.00938631
2004,166,5,455.37,115.758642,35.855311,971.78,-0.00759486
2004,166,6,546.44,115.759450,35.854969,508.32,-0.00326226
2004,166,7,637.52,115.760186,35.854503,747.53,-0.00098858
2004,167,0,0.00,115.759917,35.853694,358.81,0.00561081
2004,167,1,49.18,115.760186,35.854060,358.81,0.00549937
2004,167,2,98.36,115.760186,35.854503,373.76,0.00538793
2004,168,0,0.00,115.335463,35.539733,1554.85,-0.00206470
2004,168,1,96.10,115.336523,35.539733,897.03,-0.00456579
2004,168,2,192.20,115.337398,35.539415,299.01,-0.00585465
2004,168,3,288.31,115.337651,35.538623,284.06,-0.00227685
2004,168,4,384.41,115.337888,35.537826,299.01,0.00013329
2004,168,5,480.51,115.338158,35.537038,328.91,0.00017785
2004,169,0,0.00,115.335463,35.539733,373.76,0.00087963
2004,169,1,96.24,115.335387,35.539001,269.11,0.00132897
2004,169,2,192.48,115.335463,35.538155,284.06,0.00068693
2004,169,3,288.72,115.335732,35.537367,433.57,-0.00088916
2004,169,4,384.96,115.335732,35.536499,448.52,-0.00137386
2004,17,0,0.00,115.466707,35.668282,1794.06,0.00000000
2004,17,1,80.59,115.467270,35.667719,1794.06,0.00160125
2004,17,2,161.18,115.467832,35.667157,822.28,0.00336922
2004,17,3,241.77,115.468593,35.666935,687.72,0.00353593
2004,171,0,0.00,115.760186,35.854503,418.61,0.00000000
2004,171,1,99.52,115.760882,35.855198,358.81,-0.00058968
2004,171,2,199.04,115.761578,35.855894,358.81,-0.00199207
2004,171,3,298.56,115.762390,35.856389,299.01,-0.00148477
2004,171,4,398.08,115.763334,35.856659,254.16,-0.00077309
2004,171,5,497.60,115.764161,35.857130,209.31,-0.00136181
2004,171,6,597.12,115.765223,35.857198,239.21,-0.00088802
2004,171,7,696.64,115.766168,35.857467,299.01,-0.00033072
2004,171,8,796.16,115.767269,35.857467,328.91,0.00000000
2004,171,9,895.68,115.768235,35.857701,343.86,0.00022911
2004,171,10,995.20,115.769316,35.857737,358.81,0.00025566
2004,171,11,1094.73,115.770260,35.858006,418.61,-0.00011532
2004,171,12,1194.25,115.771315,35.858086,433.57,0.00036373
2004,171,13,1293.77,115.772306,35.858276,433.57,0.00088802
2004,171,14,1393.29,115.773251,35.858545,448.52,0.00026862
2004,171,15,1492.81,115.774195,35.858815,448.52,-0.00088802
2004,171,16,1592.33,115.775139,35.859084,478.42,-0.00169386
2004,171,17,1691.85,115.776241,35.859084,478.42,0.00000000
2004,171,18,1791.37,115.777343,35.859084,478.42,0.00080584
2004,171,19,1890.89,115.778287,35.859354,493.37,-0.00000000
2004,171,20,1990.41,115.779389,35.859354,508.32,-0.00000000
2004,171,21,2089.93,115.780334,35.859623,478.42,-0.00034161
2004,171,22,2189.45,115.781435,35.859623,448.52,0.00000000
2004,171,23,2288.97,115.782444,35.859782,478.42,-0.00014650
2004,171,24,2388.49,115.783482,35.859893,448.52,-0.00080584
2004,171,25,2488.01,115.784583,35.859893,418.61,-0.00031773
2004,171,26,2587.53,115.785685,35.859893,418.61,0.00000000
2004,171,27,2687.05,115.786787,35.859893,388.71,0.00000000
2004,171,28,2786.57,115.787889,35.859893,388.71,0.00000000
2004,171,29,2886.09,115.788990,35.859893,418.61,-0.00080584
2004,171,30,2985.61,115.790092,35.859893,418.61,-0.00080584
2004,171,31,3085.14,115.791037,35.859623,388.71,0.00080584
2004,171,32,3184.66,115.792138,35.859623,388.71,0.00080584
2004,171,33,3284.18,115.793240,35.859623,418.61,-0.00080584
2004,171,34,3383.70,115.794342,35.859623,418.61,-0.00080584
2004,171,35,3483.22,115.795286,35.859354,418.61,0.00080584
2004,171,36,3582.74,115.796388,35.859354,418.61,0.00080584
2004,171,37,3682.26,115.797490,35.859354,388.71,0.00000000
2004,171,38,3781.78,115.798592,35.859354,448.52,-0.00033634
2004,171,39,3881.30,115.799693,35.859354,388.71,-0.00080584
2004,171,40,3980.82,115.800727,35.859237,358.81,-0.00096593
2004,171,41,4080.34,115.801740,35.859084,388.71,0.00000000
2004,171,42,4179.86,115.802684,35.858815,358.81,0.00130228
2004,171,43,4279.38,115.803786,35.858815,358.81,-0.00000000
2004,171,44,4378.90,115.804888,35.858815,358.81,-0.00080584
2004,171,45,4478.42,115.805832,35.858545,328.91,0.00001756
2004,171,46,4577.94,115.806934,35.858545,343.86,-0.00003003
2004,171,47,4677.46,115.807881,35.858281,328.91,-0.00003516
2004,171,48,4776.98,115.808974,35.858266,358.81,-0.00082586
2004,171,49,4876.50,115.809924,35.858006,328.91,-0.00062282
2004,171,50,4976.02,115.810869,35.857737,328.91,0.00085589
2004,171,51,5075.55,115.811856,35.857541,313.96,0.00040515
2004,171,52,5175.07,115.812915,35.857467,299.01,-0.00088802
2004,171,53,5274.59,115.813859,35.857198,328.91,-0.00065275
2004,171,54,5374.11,115.814804,35.856928,328.91,-0.00000000
2004,171,55,5473.63,115.815748,35.856659,328.91,-0.00000000
2004,171,56,5573.15,115.816692,35.856389,328.91,0.00018226
2004,171,57,5672.67,115.817637,35.856120,328.91,0.00000000
2004,171,58,5772.19,115.818613,35.855904,343.86,-0.00036594
2004,171,59,5871.71,115.819526,35.855581,328.91,-0.00011353
2004,171,60,5971.23,115.820470,35.855311,328.91,0.00018368
2004,171,61,6070.75,115.821395,35.855008,358.81,-0.00047371
2004,171,62,6170.27,115.822359,35.854772,358.81,-0.00092254
2004,171,63,6269.79,115.823184,35.854298,373.76,0.00036737
2004,171,64,6369.31,115.824090,35.853964,328.91,0.00026218
2004,171,65,6468.83,115.825035,35.853694,388.71,-0.00070267
2004,171,66,6568.35,115.825866,35.853232,373.76,0.00007312
2004,171,67,6667.87,115.826766,35.852886,388.71,-0.00000000
2004,171,68,6767.39,115.827655,35.852521,403.66,-0.00058084
2004,171,69,6866.91,115.828498,35.852077,448.52,0.00000000
2004,171,70,6966.43,115.829344,35.851641,403.66,-0.00010084
2004,171,71,7065.95,115.830229,35.851269,418.61,0.00000000
2004,171,72,7165.48,115.831016,35.850730,328.91,0.00078440
2004,171,73,7265.00,115.831960,35.850460,358.81,-0.00043344
2004,171,74,7364.52,115.832822,35.850049,358.81,-0.00124796
2004,171,75,7464.04,115.833617,35.849524,299.01,0.00018790
2004,171,76,7563.56,115.834412,35.848998,343.86,0.00120270
2004,171,77,7663.08,115.835306,35.848643,343.86,0.00183480
2004,171,78,7762.60,115.836210,35.848304,328.91,0.00222363
2004,171,79,7862.12,115.837312,35.848304,269.11,0.00102714
2004,171,80,7961.64,115.838414,35.848304,239.21,0.00073485
2004,171,81,8061.16,115.839516,35.848304,239.21,0.00080584
2004,171,82,8160.68,115.840473,35.848551,224.26,0.00014257
2004,171,83,8260.20,115.841562,35.848574,239.21,0.00088802
2004,171,84,8359.72,115.842506,35.848843,239.21,0.00167213
2004,171,85,8459.24,115.843451,35.849113,269.11,0.00114772
2004,171,86,8558.76,115.844249,35.849632,299.01,0.00087678
2004,171,87,8658.28,115.845143,35.849988,284.06,0.00045704
2004,171,88,8757.80,115.845839,35.850683,284.06,-0.00114524
2004,171,89,8857.32,115.846756,35.850999,299.01,-0.00068222
2004,171,90,8956.84,115.847628,35.851394,269.11,0.00058084
2004,171,91,9056.36,115.848488,35.851808,299.01,0.00004620
2004,171,92,9155.89,115.849317,35.852275,284.06,0.00000000
2004,171,93,9255.41,115.850211,35.852630,328.91,0.00076374
2004,171,94,9354.93,115.851006,35.853155,373.76,0.00112879
2004,172,0,0.00,115.338158,35.537038,463.47,-0.01067473
2004,172,1,31.53,115.338378,35.537258,657.82,-0.01106970
2004,172,2,63.06,115.338697,35.537308,941.88,-0.01146467
2004,173,0,0.00,115.338158,35.537038,463.47,0.00000000
2004,173,1,77.24,115.337619,35.536499,777.43,0.00000000
2004,173,2,154.47,115.337080,35.535960,747.53,0.00000000
2004,174,0,0.00,115.335732,35.536499,642.87,-0.00203260
2004,174,1,75.28,115.336456,35.536315,448.52,-0.00202881
2004,174,2,150.56,115.337080,35.535960,418.61,-0.00202502
2004,175,0,0.00,115.335732,35.536499,1510.00,-0.00277230
2004,175,1,80.41,115.335002,35.536230,1210.99,-0.00263692
2004,175,2,160.82,115.334115,35.536230,852.18,-0.00250153
2004,176,0,0.00,115.851006,35.853155,358.81,-0.00100718
2004,176,1,98.92,115.851697,35.853847,328.91,-0.00104576
2004,176,2,197.83,115.852488,35.854368,328.91,-0.00087229
2004,176,3,296.75,115.853279,35.854889,358.81,-0.00000000
2004,176,4,395.67,115.854127,35.855311,373.76,0.00044612
2004,176,5,494.59,115.854860,35.855932,358.81,0.00049689
2004,176,6,593.50,115.855688,35.856389,388.71,0.00029633
2004,176,7,692.42,115.856233,35.857035,343.86,-0.00165668
2004,176,8,791.34,115.857075,35.857467,358.81,-0.00213737
2004,176,9,890.26,115.858013,35.857737,418.61,-0.00113050
2004,177,0,0.00,115.851006,35.853155,1794.06,-0.00000000
2004,177,1,72.38,115.851512,35.852650,1435.25,0.00095435
2004,177,2,144.76,115.852018,35.852144,1001.69,0.00199914
2004,177,3,217.14,115.852623,35.851808,732.58,0.00208958
2004,179,0,0.00,115.337080,35.535960,448.52,-0.00171639
2004,179,1,86.63,115.337476,35.535295,478.42,-0.00014046
2004,179,2,173.27,115.337619,35.534556,478.42,0.00251978
2004,179,3,259.90,115.338158,35.534074,523.27,0.00360410
2004,18,0,0.00,115.700359,35.765570,1450.20,0.00353735
2004,18,1,68.03,115.701111,35.765570,1091.39,0.00372710
2004,18,2,136.06,115.701706,35.765839,687.72,0.00391685
2004,180,0,0.00,115.858013,35.857737,403.66,0.00000000
2004,180,1,84.71,115.858704,35.858159,418.61,-0.00079102
2004,180,2,169.42,115.859396,35.858581,418.61,-0.00159610
2004,180,3,254.13,115.860187,35.858832,388.71,-0.00080508
2004,180,4,338.84,115.860977,35.859084,403.66,0.00000000
2004,181,0,0.00,115.858013,35.857737,1794.06,-0.00291040
2004,181,1,96.51,115.858552,35.857023,1091.39,-0.00438575
2004,181,2,193.02,115.858552,35.856153,508.32,-0.00478879
2004,181,3,289.53,115.858013,35.855581,343.86,-0.00371648
2004,182,0,0.00,115.338158,35.534074,448.52,0.00000000
2004,182,1,99.39,115.338158,35.533178,388.71,0.00064343
2004,182,2,198.78,115.338158,35.532282,373.76,0.00117097
2004,182,3,298.17,115.338427,35.531465,463.47,0.00137732
2004,182,4,397.56,115.338637,35.530630,418.61,0.00168307
2004,182,5,496.94,115.339236,35.529909,463.47,0.00000000
2004,182,6,596.33,115.339775,35.529170,433.57,-0.00139008
2004,182,7,695.72,115.340044,35.528353,493.37,-0.00000000
2004,182,8,795.11,115.340368,35.527552,493.37,0.00096981
2004,182,9,894.50,115.340853,35.526797,478.42,0.00082605
2004,183,0,0.00,115.338158,35.534074,642.87,-0.00326513
2004,183,1,86.30,115.338760,35.534676,1136.24,-0.00487702
2004,183,2,172.60,115.339592,35.534882,1091.39,-0.00735225
2004,183,3,258.90,115.340459,35.534737,538.22,-0.00673736
2004,183,4,345.20,115.340853,35.534074,418.61,-0.00525913
2004,184,0,0.00,115.860977,35.859084,463.47,-0.00120939
2004,184,1,90.44,115.861609,35.859716,448.52,-0.00125890
2004,184,2,180.88,115.862341,35.860178,418.61,-0.00118579
2004,184,3,271.32,115.863072,35.860640,403.66,-0.00068987
2004,184,4,361.76,115.863881,35.860971,403.66,0.00104169
2004,184,5,452.19,115.864635,35.861394,418.61,0.00068987
2004,184,6,542.63,115.865267,35.862026,418.61,-0.00190589
2004,184,7,633.07,115.866098,35.862318,448.52,-0.00279155
2004,185,0,0.00,115.860977,35.859084,1794.06,-0.00429666
2004,185,1,78.43,115.861516,35.858533,1345.55,-0.00325050
2004,185,2,156.85,115.861516,35.857827,926.93,0.00000000
2004,185,3,235.28,115.861786,35.857198,777.43,0.00220433
2004,186,0,0.00,115.340853,35.526797,1106.34,0.00000000
2004,186,1,97.11,115.341923,35.526797,1136.24,-0.00163511
2004,186,2,194.22,115.342994,35.526797,612.97,-0.00452945
2004,186,3,291.33,115.343776,35.526300,358.81,-0.00454829
2004,186,4,388.44,115.344245,35.525561,328.91,-0.00259247
2004,186,5,485.55,115.344505,35.524762,328.91,-0.00018970
2004,186,6,582.66,115.344626,35.523922,373.76,0.00186791
2004,186,7,679.77,115.345165,35.523204,328.91,0.00111910
2004,186,8,776.88,115.345704,35.522486,313.96,-0.00000000
2004,187,0,0.00,115.340853,35.526797,448.52,-0.00138752
2004,187,1,98.52,115.341122,35.525988,523.27,-0.00105422
2004,187,2,197.03,115.341122,35.525100,373.76,0.00086042
2004,187,3,295.55,115.341246,35.524248,343.86,0.00215138
2004,187,4,394.07,115.341725,35.523500,403.66,0.00093050
2004,187,5,492.59,115.342204,35.522752,313.96,0.00029945
2004,187,6,591.10,115.342682,35.522003,313.96,-0.00023975
2004,187,7,689.62,115.343278,35.521289,299.01,-0.00060392
2004,187,8,788.14,115.343548,35.520480,358.81,0.00099505
2004,187,9,886.66,115.344119,35.519758,403.66,0.00053091
2004,187,10,985.17,115.344806,35.519071,373.76,-0.00075530
2004,187,11,1083.69,115.345165,35.518288,403.66,0.00008144
2004,187,12,1182.21,115.345764,35.517574,403.66,-0.00000000
2004,187,13,1280.72,115.346243,35.516826,388.71,-0.00061576
2004,188,0,0.00,115.866098,35.862318,433.57,-0.00381488
2004,188,1,72.86,115.866398,35.862888,448.52,-0.00495977
2004,188,2,145.73,115.867007,35.863227,388.71,-0.00413292
2004,188,3,218.59,115.867715,35.863396,478.42,-0.00216117
2004,189,0,0.00,115.866098,35.862318,1794.06,0.00183719
2004,189,1,98.49,115.866786,35.861630,1405.35,0.00512819
2004,189,2,196.97,115.867649,35.861240,433.57,0.00987287
2004,189,3,295.46,115.868254,35.861777,508.32,0.00869596
2004,189,4,393.94,115.868254,35.862665,1151.19,0.00443182
2004,189,5,492.43,115.867715,35.863396,1794.06,0.00279827
2004,19,0,0.00,115.700359,35.765570,299.01,-0.00205520
2004,19,1,81.21,115.700089,35.766223,269.11,-0.00199536
2004,19,2,162.43,115.700089,35.766955,239.21,-0.00096776
2004,19,3,243.64,115.700089,35.767687,269.11,-0.00096776
2004,19,4,324.85,115.700089,35.768419,299.01,-0.00199536
2004,19,5,406.07,115.700359,35.769073,313.96,-0.00205520
2004,190,0,0.00,115.346243,35.516826,403.66,0.00000000
2004,190,1,98.08,115.346243,35.515942,433.57,0.00095547
2004,190,2,196.17,115.346243,35.515058,284.06,0.00221209
2004,190,3,294.25,115.346627,35.514286,269.11,0.00094695
2004,190,4,392.34,115.347103,35.513541,269.11,-0.00027198
2004,190,5,490.42,115.347370,35.512735,284.06,0.00000000
2004,190,6,588.51,115.347860,35.511994,224.26,0.00047520
2004,190,7,686.59,115.348113,35.511183,299.01,0.00091843
2004,190,8,784.68,115.348797,35.510499,328.91,-0.00051289
2004,190,9,882.76,115.349207,35.509735,328.91,-0.00129834
2004,190,10,980.85,115.349540,35.508948,284.06,0.00000628
2004,190,11,1078.93,115.349807,35.508141,313.96,0.00092987
2004,190,12,1177.02,115.350285,35.507397,313.96,0.00016764
2004,190,13,1275.10,115.350758,35.506651,328.91,-0.00000000
2004,190,14,1373.19,115.351094,35.505865,313.96,0.00019806
2004,190,15,1471.27,115.351710,35.505160,299.01,-0.00058138
2004,190,16,1569.36,115.351977,35.504354,299.01,-0.00111072
2004,190,17,1667.44,115.352441,35.503606,284.06,-0.00049088
2004,190,18,1765.53,115.352441,35.502722,254.16,0.00161499
2004,190,19,1863.61,115.352987,35.501997,269.11,-0.00003752
2004,190,20,1961.70,115.353519,35.501268,269.11,-0.00343982
2004,190,21,2059.78,115.353519,35.500384,254.16,-0.00270394
2004,190,22,2157.87,115.353250,35.499578,403.66,-0.00140040
2004,191,0,0.00,115.346243,35.516826,627.92,-0.00122971
2004,191,1,98.91,115.347230,35.516648,627.92,-0.00232738
2004,191,2,197.82,115.348111,35.516287,403.66,-0.00272808
2004,191,3,296.72,115.348808,35.515609,269.11,-0.00104851
2004,191,4,395.63,115.349498,35.514918,299.01,-0.00081860
2004,191,5,494.54,115.350188,35.514228,269.11,-0.00156454
2004,191,6,593.45,115.350555,35.513444,284.06,0.00005349
2004,191,7,692.36,115.350942,35.512665,284.06,0.00156454
2004,191,8,791.27,115.351633,35.511975,328.91,0.00146431
2004,192,0,0.00,115.867715,35.863396,463.47,-0.00176809
2004,192,1,97.21,115.868394,35.864076,433.57,-0.00136402
2004,192,2,194.42,115.869238,35.864474,448.52,0.00017055
2004,192,3,291.62,115.869999,35.865013,448.52,0.00055291
2004,192,4,388.83,115.870731,35.865604,433.57,-0.00037055
2004,192,5,486.04,115.871510,35.866113,418.61,-0.00014645
2004,192,6,583.25,115.872288,35.866622,418.61,0.00056227
2004,192,7,680.46,115.873045,35.867169,448.52,0.00031554
2004,192,8,777.67,115.873747,35.867811,403.66,-0.00056227
2004,192,9,874.87,115.874526,35.868321,433.57,-0.00044203
2004,192,10,972.08,115.875304,35.868830,403.66,-0.00000000
2004,192,11,1069.29,115.876083,35.869339,403.66,0.00015240
2004,192,12,1166.50,115.876862,35.869849,418.61,0.00056227
2004,192,13,1263.71,115.877615,35.870403,418.61,0.00026456
2004,192,14,1360.92,115.878320,35.871037,388.71,0.00052177
2004,192,15,1458.12,115.879099,35.871547,403.66,0.00076949
2004,192,16,1555.33,115.879570,35.872287,403.66,-0.00087488
2004,192,17,1652.54,115.880330,35.872828,418.61,-0.00072834
2004,192,18,1749.75,115.881091,35.873367,433.57,0.00015239
2004,192,19,1846.96,115.881807,35.873985,433.57,0.00010415
2004,192,20,1944.17,115.882586,35.874494,463.47,0.00020072
2004,192,21,2041.37,115.883265,35.875174,493.37,-0.00056227
2004,192,22,2138.58,115.884044,35.875683,448.52,-0.00000324
2004,192,23,2235.79,115.884823,35.876192,493.37,-0.00120238
2004,192,24,2333.00,115.885503,35.876871,463.47,-0.00404055
2004,192,25,2430.21,115.886579,35.876871,657.82,-0.00455825
2004,193,0,0.00,115.353250,35.499578,1136.24,-0.00000000
2004,193,1,63.08,115.352711,35.499848,553.17,-0.00000000
2004,193,2,126.15,115.352172,35.500117,313.96,-0.00000000
2004,194,0,0.00,115.353250,35.499578,328.91,-0.00238947
2004,194,1,75.58,115.353519,35.498976,433.57,-0.00119473
2004,194,2,151.17,115.353519,35.498295,403.66,0.00119473
2004,194,3,226.75,115.353789,35.497692,523.27,0.00238947
2004,195,0,0.00,115.886579,35.876871,717.63,-0.00370377
2004,195,1,78.42,115.886579,35.877578,568.12,-0.00324388
2004,195,2,156.85,115.887049,35.878149,493.37,-0.00086266
2004,195,3,235.27,115.887388,35.878757,463.47,0.00105866
2004,196,0,0.00,115.886579,35.876871,1539.90,0.00000000
2004,196,1,57.83,115.886984,35.876467,1450.20,0.00000000
2004,196,2,115.66,115.887388,35.876062,867.13,0.00000000
2004,197,0,0.00,115.353789,35.497692,478.42,-0.01067075
2004,197,1,31.54,115.354009,35.497912,568.12,-0.01106516
2004,197,2,63.08,115.354328,35.497962,1181.09,-0.01145956
2004,198,0,0.00,115.353789,35.497692,478.42,0.00110207
2004,198,1,94.21,115.353131,35.497035,433.57,0.00000000
2004,198,2,188.42,115.352683,35.496317,358.81,-0.00234558
2004,198,3,282.62,115.351926,35.495830,299.01,-0.00061093
2004,198,4,376.83,115.351071,35.495514,254.16,0.00052111
2004,198,5,471.04,115.350623,35.494796,284.06,-0.00294126
2004,198,6,565.25,115.349669,35.494650,224.26,-0.00182017
2004,198,7,659.45,115.348742,35.494458,239.21,0.00075115
2004,198,8,753.66,115.347860,35.494189,269.11,0.00058513
2004,199,0,0.00,115.887388,35.878757,493.37,0.00341467
2004,199,1,85.90,115.888187,35.879018,463.47,0.00431352
2004,199,2,171.80,115.888735,35.879633,463.47,0.00386195
2004,199,3,257.70,115.888970,35.880339,463.47,0.00071787
2004,199,4,343.60,115.889152,35.881061,523.27,-0.00125576
2004,199,5,429.50,115.889544,35.881722,553.17,-0.00143573
2004,2,0,0.00,115.525457,35.740507,508.32,-0.00523803
2004,2,1,98.20,115.524980,35.739760,403.66,-0.00445843
2004,2,2,196.39,115.523930,35.739698,358.81,-0.00026170
2004,2,3,294.59,115.523013,35.739410,358.81,0.00177752
2004,2,4,392.79,115.522227,35.738895,299.01,0.00003398
2004,2,5,490.99,115.521343,35.738549,343.86,-0.00043196
2004,2,6,589.18,115.520530,35.738081,299.01,-0.00086341
2004,2,7,687.38,115.519602,35.737812,269.11,0.00024915
2004,2,8,785.58,115.518690,35.737513,269.11,0.00102923
2004,2,9,883.77,115.517902,35.737003,239.21,-0.00000000
2004,2,10,981.97,115.517021,35.736652,209.31,-0.00000000
2004,2,11,1080.17,115.516202,35.736195,239.21,0.00164974
2004,2,12,1178.37,115.515352,35.735792,239.21,0.00341448
2004,2,13,1276.56,115.514946,35.735024,269.11,0.00230579
2004,2,14,1374.76,115.514677,35.734217,343.86,0.00171225
2004,2,15,1472.96,115.514407,35.733411,328.91,0.00201169
2004,2,16,1571.15,115.514677,35.732604,358.81,0.00000000
2004,2,17,1669.35,115.514677,35.731719,478.42,0.00000000
2004,2,18,1767.55,115.514677,35.730834,284.06,0.00128823
2004,2,19,1865.74,115.514946,35.730027,313.96,0.00117788
2004,2,20,1963.94,115.515191,35.729213,358.81,0.00084276
2004,2,21,2062.14,115.515668,35.728466,358.81,-0.00025230
2004,2,22,2160.34,115.516024,35.727685,373.76,-0.00046606
2004,2,23,2258.53,115.516294,35.726878,388.71,0.00048182
2004,2,24,2356.73,115.516681,35.726106,418.61,0.00023336
2004,2,25,2454.93,115.517102,35.725343,433.57,-0.00057062
2004,2,26,2553.12,115.517426,35.724552,418.61,0.00002269
2004,2,27,2651.32,115.517695,35.723745,463.47,0.00042998
2004,2,28,2749.52,115.518180,35.723001,448.52,-0.00004538
2004,2,29,2847.72,115.518450,35.722194,448.52,-0.00005231
2004,2,30,2945.91,115.518917,35.721444,448.52,-0.00033233
2004,2,31,3044.11,115.519185,35.720637,433.57,0.00002616
2004,2,32,3142.31,115.519528,35.719852,448.52,0.00070853
2004,2,33,3240.50,115.519930,35.719083,418.61,0.00000000
2004,2,34,3338.70,115.520407,35.718337,403.66,-0.00090468
2004,2,35,3436.90,115.520675,35.717530,403.66,-0.00055117
2004,2,36,3535.10,115.520944,35.716723,373.76,0.00109870
2004,2,37,3633.29,115.521212,35.715915,343.86,0.00054077
2004,2,38,3731.49,115.521898,35.715230,343.86,-0.00164749
2004,2,39,3829.69,115.521953,35.714361,299.01,-0.00053388
2004,2,40,3927.88,115.522223,35.713554,284.06,0.00055569
2004,2,41,4026.08,115.522492,35.712747,239.21,0.00000000
2004,2,42,4124.28,115.522762,35.711940,179.41,0.00000000
2004,20,0,0.00,115.437062,35.657233,1794.06,0.00000000
2004,20,1,69.77,115.437062,35.657862,1794.06,0.00000000
2004,20,2,139.54,115.437062,35.658490,1390.40,0.00000000
2004,20,3,209.31,115.437062,35.659119,822.28,0.00000000
2004,200,0,0.00,115.887388,35.878757,1495.05,-0.00125113
2004,200,1,93.99,115.886731,35.879414,1151.19,-0.00263298
2004,200,2,187.98,115.886310,35.880140,612.97,-0.00498928
2004,200,3,281.96,115.886367,35.880970,538.22,-0.00562574
2004,200,4,375.95,115.887024,35.881627,612.97,-0.00410462
2004,200,5,469.94,115.887852,35.881991,747.53,-0.00182377
2004,200,6,563.93,115.888735,35.882261,867.13,-0.00072603
2004,201,0,0.00,115.347860,35.494189,1345.55,0.00184350
2004,201,1,90.02,115.347232,35.494817,388.71,0.00677170
2004,201,2,180.04,115.346603,35.495088,179.41,0.01080926
2004,201,3,270.06,115.345975,35.494460,284.06,0.00685759
2004,201,4,360.08,115.345973,35.493650,687.72,0.00379657
2004,202,0,0.00,115.347860,35.494189,269.11,-0.00561450
2004,202,1,75.95,115.347330,35.493659,179.41,-0.00577401
2004,202,2,151.91,115.346503,35.493641,194.36,-0.00315800
2004,202,3,227.86,115.345973,35.493650,299.01,-0.00038248
2004,203,0,0.00,115.889544,35.881722,1300.70,-0.00440190
2004,203,1,50.72,115.889090,35.881906,1240.89,-0.00418592
2004,203,2,101.44,115.888735,35.882261,672.77,-0.00396995
2004,204,0,0.00,115.889544,35.881722,568.12,0.00000000
2004,204,1,38.55,115.889813,35.881991,598.02,0.00000000
2004,204,2,77.11,115.890083,35.882261,478.42,0.00000000
2004,205,0,0.00,115.889544,35.881722,1181.09,0.00276605
2004,205,1,77.58,115.890086,35.881179,1136.24,0.00439140
2004,205,2,155.17,115.890790,35.880913,807.33,0.00433771
2004,205,3,232.75,115.891649,35.880913,568.12,0.00132933
2004,205,4,310.34,115.892508,35.880913,44.85,0.00000000
2004,206,0,0.00,115.888735,35.882261,657.82,-0.00199936
2004,206,1,80.42,115.888196,35.882830,538.22,-0.00309835
2004,206,2,160.83,115.887927,35.883476,358.81,-0.00375581
2004,206,3,241.25,115.887927,35.884201,299.01,-0.00301853
2004,206,4,321.66,115.888113,35.884872,448.52,-0.00201731
2004,206,5,402.08,115.888466,35.885495,493.37,-0.00131187
2004,209,0,0.00,115.345973,35.493650,284.06,-0.00156092
2004,209,1,98.97,115.345184,35.493130,269.11,-0.00164660
2004,209,2,197.94,115.344260,35.492841,269.11,-0.00093180
2004,209,3,296.91,115.343326,35.492572,239.21,0.00038092
2004,209,4,395.89,115.342391,35.492302,224.26,0.00072307
2004,209,5,494.86,115.341532,35.491903,254.16,0.00003765
2004,209,6,593.83,115.340644,35.491554,254.16,-0.00133557
2004,209,7,692.80,115.339744,35.491224,269.11,-0.00103278
2004,209,8,791.77,115.338669,35.491197,269.11,0.00057446
2004,209,9,890.74,115.337781,35.490848,299.01,0.00018441
2004,209,10,989.71,115.336794,35.490669,299.01,-0.00001773
2004,209,11,1088.69,115.335850,35.490416,299.01,-0.00053359
2004,209,12,1187.66,115.334916,35.490146,328.91,-0.00084197
2004,209,13,1286.63,115.333825,35.490146,328.91,0.00032881
2004,209,14,1385.60,115.332891,35.489877,328.91,0.00003245
2004,209,15,1484.57,115.331858,35.489776,313.96,0.00022547
2004,209,16,1583.54,115.330871,35.489597,358.81,0.00083058
2004,209,17,1682.51,115.329931,35.489338,358.81,-0.00055428
2004,209,18,1781.48,115.328997,35.489068,358.81,-0.00167787
2004,209,19,1880.46,115.327906,35.489068,299.01,-0.00023908
2004,209,20,1979.43,115.326815,35.489068,328.91,0.00000000
2004,209,21,2078.40,115.325837,35.488874,284.06,-0.00061230
2004,209,22,2177.37,115.324946,35.489068,299.01,0.00081484
2004,209,23,2276.34,115.323962,35.488886,224.26,0.00113366
2004,209,24,2375.31,115.322921,35.488799,209.31,0.00000000
2004,209,25,2474.28,115.321987,35.488529,239.21,-0.00028229
2004,209,26,2573.26,115.320896,35.488529,269.11,0.00031465
2004,209,27,2672.23,115.319962,35.488260,269.11,0.00000000
2004,209,28,2771.20,115.318927,35.488163,224.26,-0.00061837
2004,209,29,2870.17,115.317937,35.487990,239.21,0.00030449
2004,209,30,2969.14,115.316846,35.487990,269.11,0.00121093
2004,209,31,3068.11,115.315966,35.487627,299.01,0.00027459
2004,209,32,3167.08,115.314979,35.487448,299.01,-0.00001895
2004,209,33,3266.06,115.314042,35.487182,299.01,0.00031865
2004,209,34,3365.03,115.313108,35.486912,299.01,0.00053191
2004,209,35,3464.00,115.312174,35.486643,313.96,0.00020777
2004,209,36,3562.97,115.311327,35.486222,328.91,-0.00011404
2004,209,37,3661.94,115.310340,35.486043,343.86,0.00034356
2004,209,38,3760.91,115.309526,35.485565,328.91,-0.00030482
2004,209,39,3859.88,115.308563,35.485345,343.86,-0.00000000
2004,209,40,3958.86,115.307675,35.484996,313.96,0.00072426
2004,209,41,4057.83,115.306787,35.484646,328.91,0.00092344
2004,209,42,4156.80,115.305945,35.484217,328.91,0.00061955
2004,209,43,4255.77,115.305166,35.483678,313.96,-0.00009162
2004,209,44,4354.74,115.304320,35.483257,254.16,0.00026488
2004,209,45,4453.71,115.303530,35.482738,254.16,-0.00024321
2004,209,46,4552.68,115.302741,35.482218,209.31,-0.00057232
2004,209,47,4651.65,115.301853,35.481868,239.21,0.00005418
2004,209,48,4750.63,115.301063,35.481348,254.16,-0.00058861
2004,209,49,4849.60,115.300184,35.480983,239.21,-0.00010850
2004,209,50,4948.57,115.299287,35.480650,194.36,0.00116093
2004,209,51,5047.54,115.298497,35.480130,209.31,0.00116960
2004,209,52,5146.51,115.297708,35.479610,224.26,0.00004114
2004,209,53,5245.48,115.297018,35.478920,224.26,-0.00100734
2004,209,54,5344.45,115.296137,35.478558,239.21,0.00046305
2004,209,55,5443.43,115.295358,35.478019,209.31,0.00090922
2004,209,56,5542.40,115.294649,35.477360,269.11,0.00003877
2004,209,57,5641.37,115.293860,35.476840,239.21,0.00060252
2004,209,58,5740.34,115.293170,35.476150,284.06,-0.00000000
2004,209,59,5839.31,115.292479,35.475459,328.91,-0.00000000
2004,209,60,5938.28,115.291690,35.474939,358.81,0.00050440
2004,209,61,6037.25,115.291208,35.474188,373.76,-0.00050440
2004,209,62,6136.23,115.290418,35.473668,418.61,0.00049859
2004,209,63,6235.20,115.289728,35.472978,358.81,0.00079734
2004,209,64,6334.17,115.289246,35.472226,388.71,-0.00049859
2004,209,65,6433.14,115.288571,35.471673,358.81,0.00044026
2004,209,66,6532.11,115.287975,35.470955,328.91,0.00102286
2004,209,67,6631.08,115.287493,35.470204,358.81,0.00057931
2004,21,0,0.00,115.437062,35.657233,463.47,-0.00181995
2004,21,1,98.35,115.436133,35.656963,448.52,-0.00173555
2004,21,2,196.70,115.435047,35.656963,448.52,0.00000000
2004,21,3,295.05,115.433961,35.656963,418.61,0.00082557
2004,21,4,393.40,115.433031,35.656694,418.61,-0.00082557
2004,21,5,491.75,115.431945,35.656694,418.61,-0.00080215
2004,21,6,590.10,115.430859,35.656694,418.61,0.00082557
2004,21,7,688.45,115.429778,35.656686,418.61,0.00168379
2004,21,8,786.80,115.428844,35.656424,388.71,0.00000000
2004,21,9,885.15,115.427914,35.656155,358.81,-0.00170722
2004,21,10,983.50,115.426828,35.656155,358.81,-0.00000000
2004,21,11,1081.85,115.425742,35.656155,358.81,0.00167782
2004,21,12,1180.21,115.424813,35.655885,328.91,0.00000000
2004,21,13,1278.56,115.423874,35.655632,299.01,-0.00162995
2004,21,14,1376.91,115.422797,35.655616,299.01,-0.00000000
2004,21,15,1475.26,115.421711,35.655616,299.01,0.00160481
2004,21,16,1573.61,115.420782,35.655346,269.11,-0.00000000
2004,21,17,1671.96,115.419839,35.655101,224.26,0.00016601
2004,21,18,1770.31,115.418766,35.655077,209.31,0.00255794
2004,21,19,1868.66,115.417994,35.654538,179.41,0.00148883
2004,21,20,1967.01,115.417184,35.654063,209.31,0.00112225
2004,21,21,2065.36,115.416398,35.653547,269.11,0.00170254
2004,21,22,2163.71,115.415920,35.652799,299.01,0.00000000
2004,21,23,2262.06,115.415233,35.652112,388.71,-0.00100862
2004,210,0,0.00,115.890083,35.882261,1016.64,0.00000000
2004,210,1,73.00,115.890891,35.882261,807.33,0.00000000
2004,210,2,146.01,115.891700,35.882261,568.12,0.00000000
2004,210,3,219.01,115.892508,35.882261,59.80,0.00000000
2004,211,0,0.00,115.890083,35.882261,568.12,0.00013987
2004,211,1,91.56,115.890083,35.883086,418.61,0.00155914
2004,211,2,183.11,115.890057,35.883904,418.61,0.00183450
2004,211,3,274.67,115.889544,35.884580,269.11,0.00261678
2004,211,4,366.22,115.889404,35.885365,433.57,0.00575495
2004,211,5,457.78,115.888466,35.885495,657.82,0.00696695
2004,213,0,0.00,115.888466,35.885495,284.06,0.00197710
2004,213,1,97.71,115.888196,35.886297,254.16,0.00211895
2004,213,2,195.42,115.887627,35.886872,269.11,0.00213991
2004,213,3,293.13,115.886944,35.887555,284.06,0.00167051
2004,213,4,390.84,115.886075,35.887920,299.01,-0.00041118
2004,213,5,488.55,115.885280,35.888411,358.81,-0.00091891
2004,213,6,586.26,115.884597,35.889094,388.71,0.00048571
2004,213,7,683.97,115.883774,35.889537,418.61,0.00067550
2004,213,8,781.68,115.883032,35.890120,448.52,0.00058647
2004,213,9,879.39,115.882150,35.890463,448.52,-0.00034306
2004,213,10,977.10,115.881368,35.890976,448.52,-0.00165889
2004,213,11,1074.81,115.880585,35.891489,493.37,-0.00211887
2004,213,12,1172.52,115.880111,35.892232,523.27,-0.00209292
2004,214,0,0.00,115.287493,35.470204,358.81,0.00096140
2004,214,1,99.75,115.287223,35.469383,328.91,-0.00007046
2004,214,2,199.50,115.287144,35.468507,194.36,-0.00211085
2004,214,3,299.24,115.286657,35.467751,224.26,-0.00308118
2004,214,4,398.99,115.285961,35.467055,254.16,-0.00266386
2004,214,5,498.74,115.285067,35.466700,388.71,-0.00228473
2004,215,0,0.00,115.287493,35.470204,478.42,0.00045783
2004,215,1,84.12,115.286708,35.469958,403.66,0.00162216
2004,215,2,168.24,115.285951,35.469665,343.86,0.00247396
2004,215,3,252.36,115.285337,35.469126,194.36,0.00216144
2004,216,0,0.00,115.880111,35.892232,598.02,-0.00358593
2004,216,1,83.84,115.879227,35.892308,493.37,-0.00396212
2004,216,2,167.69,115.878569,35.892771,508.32,-0.00249221
2004,216,3,251.53,115.877955,35.893310,493.37,-0.00064612
2004,217,0,0.00,115.880111,35.892232,1794.06,-0.00000000
2004,217,1,98.06,115.880797,35.892918,1734.26,-0.00194992
2004,217,2,196.12,115.881482,35.893603,837.23,-0.00471454
2004,217,3,294.19,115.882267,35.893580,523.27,-0.00552924
2004,218,0,0.00,115.285067,35.466700,299.01,-0.00784812
2004,218,1,61.45,115.285056,35.466150,269.11,-0.00825825
2004,218,2,122.89,115.284528,35.465892,313.96,-0.00866838
2004,219,0,0.00,115.285067,35.466700,672.77,0.00000000
2004,219,1,38.63,115.284798,35.466970,747.53,0.00000000
2004,219,2,77.26,115.284528,35.467239,702.67,0.00000000
2004,22,0,0.00,115.700359,35.769073,1794.06,0.00000000
2004,22,1,85.29,115.701302,35.769073,1749.21,0.00000000
2004,22,2,170.58,115.702245,35.769073,822.28,0.00000000
2004,220,0,0.00,115.877955,35.893310,523.27,-0.00132895
2004,220,1,93.17,115.877105,35.893621,508.32,-0.00131250
2004,220,2,186.34,115.876355,35.894102,448.52,-0.00064803
2004,220,3,279.51,115.875604,35.894584,433.57,0.00064803
2004,220,4,372.68,115.874853,35.895065,433.57,0.00008378
2004,220,5,465.85,115.874003,35.895376,433.57,-0.00126250
2004,220,6,559.02,115.873339,35.896005,388.71,-0.00016697
2004,220,7,652.19,115.872601,35.896509,388.71,0.00126250
2004,220,8,745.36,115.871850,35.896990,343.86,0.00008319
2004,220,9,838.53,115.871000,35.897301,313.96,-0.00126250
2004,220,10,931.70,115.870349,35.897952,358.81,0.00000000
2004,220,11,1024.87,115.869598,35.898434,328.91,0.00061447
2004,220,12,1118.04,115.868847,35.898915,343.86,-0.00061447
2004,220,13,1211.21,115.868097,35.899396,328.91,-0.00118335
2004,220,14,1304.38,115.867445,35.900047,418.61,-0.00113776
2004,221,0,0.00,115.877955,35.893310,1794.06,0.00000000
2004,221,1,93.32,115.878608,35.893962,1794.06,-0.00117938
2004,221,2,186.64,115.879260,35.894615,1031.59,-0.00248749
2004,221,3,279.97,115.880111,35.894927,777.43,-0.00261622
2004,222,0,0.00,115.284528,35.465892,702.67,-0.00000000
2004,222,1,57.95,115.284124,35.466296,777.43,-0.00000000
2004,222,2,115.89,115.283720,35.466700,717.63,-0.00000000
2004,223,0,0.00,115.284528,35.465892,403.66,-0.00000000
2004,223,1,38.63,115.284259,35.465622,269.11,-0.00000000
2004,223,2,77.26,115.283989,35.465353,403.66,-0.00000000
2004,224,0,0.00,115.284528,35.467239,852.18,0.01173062
2004,224,1,80.76,115.283866,35.467385,254.16,0.01028689
2004,224,2,161.52,115.283720,35.466700,313.96,0.00884315
2004,225,0,0.00,115.284528,35.467239,254.16,0.00217771
2004,225,1,79.12,115.284798,35.467874,313.96,0.00211380
2004,225,2,158.23,115.284798,35.468587,254.16,0.00204990
2004,226,0,0.00,115.867445,35.900047,418.61,0.00000000
2004,226,1,99.12,115.866653,35.900570,418.61,-0.00000000
2004,226,2,198.24,115.865860,35.901093,388.71,-0.00000000
2004,226,3,297.37,115.865068,35.901616,358.81,0.00000000
2004,226,4,396.49,115.864275,35.902139,358.81,-0.00000000
2004,226,5,495.61,115.863483,35.902662,299.01,-0.00036056
2004,226,6,594.73,115.862691,35.903185,343.86,-0.00041084
2004,226,7,693.85,115.861964,35.903820,313.96,0.00011545
2004,226,8,792.98,115.861181,35.904359,313.96,-0.00210241
2004,226,9,892.10,115.860438,35.904931,299.01,-0.00424052
2004,226,10,991.22,115.860438,35.905825,224.26,-0.00250181
2004,226,11,1090.34,115.860438,35.906718,209.31,-0.00064365
2004,226,12,1189.46,115.860661,35.907547,194.36,-0.00022956
2004,226,13,1288.59,115.860708,35.908427,179.41,-0.00068118
2004,226,14,1387.71,115.860977,35.909242,209.31,-0.00065723
2004,226,15,1486.83,115.861247,35.910058,299.01,-0.00010528
2004,226,16,1585.95,115.861552,35.910863,254.16,-0.00047636
2004,226,17,1685.07,115.861827,35.911677,284.06,-0.00046248
2004,226,18,1784.19,115.862311,35.912430,328.91,0.00054005
2004,226,19,1883.32,115.862586,35.913244,328.91,0.00054005
2004,226,20,1982.44,115.862860,35.914058,358.81,-0.00107624
2004,226,21,2081.56,115.863135,35.914872,388.71,-0.00159688
2004,226,22,2180.68,115.863828,35.915565,418.61,-0.00052064
2004,226,23,2279.80,115.864312,35.916318,403.66,-0.00000000
2004,226,24,2378.93,115.865005,35.917011,418.61,-0.00000000
2004,226,25,2478.05,115.865489,35.917764,388.71,-0.00099661
2004,226,26,2577.17,115.866182,35.918457,403.66,-0.00153621
2004,226,27,2676.29,115.866975,35.918980,358.81,-0.00053960
2004,226,28,2775.41,115.867767,35.919503,299.01,0.00000000
2004,226,29,2874.54,115.868559,35.920026,254.16,-0.00056897
2004,226,30,2973.66,115.869352,35.920549,209.31,-0.00115443
2004,226,31,3072.78,115.870244,35.920902,179.41,-0.00058832
2004,226,32,3171.90,115.871136,35.921255,194.36,-0.00120361
2004,226,33,3271.02,115.872028,35.921607,179.41,-0.00220585
2004,226,34,3370.15,115.873126,35.921607,209.31,-0.00026733
2004,226,35,3469.27,115.874209,35.921633,224.26,0.00065421
2004,226,36,3568.39,115.875165,35.921876,269.11,-0.00081256
2004,226,37,3667.51,115.876263,35.921876,299.01,-0.00072900
2004,226,38,3766.63,115.877361,35.921876,358.81,0.00081256
2004,226,39,3865.76,115.878459,35.921876,358.81,0.00081256
2004,226,40,3964.88,115.879400,35.922146,388.71,-0.00081256
2004,226,41,4064.00,115.880498,35.922146,418.61,-0.00000000
2004,226,42,4163.12,115.881596,35.922146,388.71,0.00170820
2004,226,43,4262.24,115.882537,35.922415,493.37,0.00179127
2004,227,0,0.00,115.867445,35.900047,1794.06,-0.00039299
2004,227,1,80.32,115.868007,35.900609,1794.06,-0.00300069
2004,227,2,160.64,115.868595,35.901125,897.03,-0.00682568
2004,227,3,240.96,115.869484,35.901125,313.96,-0.00517066
2004,227,4,321.28,115.870188,35.900808,313.96,-0.00064354
2004,227,5,401.60,115.870949,35.900586,328.91,0.00101126
2004,229,0,0.00,115.283720,35.466700,358.81,0.00537033
2004,229,1,78.04,115.282978,35.466497,284.06,0.00526529
2004,229,2,156.09,115.282642,35.465892,254.16,0.00516024
2004,23,0,0.00,115.700359,35.769073,313.96,-0.00130834
2004,23,1,96.67,115.700101,35.769870,373.76,-0.00151356
2004,23,2,193.35,115.700089,35.770738,373.76,-0.00135702
2004,23,3,290.02,115.700175,35.771584,433.57,-0.00027702
2004,23,4,386.70,115.700359,35.772402,448.52,0.00135702
2004,23,5,483.37,115.700359,35.773273,448.52,0.00185500
2004,23,6,580.05,115.700089,35.774066,463.47,0.00071859
2004,23,7,676.72,115.699820,35.774860,493.37,-0.00071859
2004,23,8,773.40,115.699550,35.775653,523.27,-0.00139710
2004,23,9,870.07,115.699550,35.776524,553.17,0.00071859
2004,23,10,966.75,115.699550,35.777395,553.17,0.00139710
2004,23,11,1063.42,115.699011,35.778110,568.12,-0.00139710
2004,23,12,1160.09,115.699011,35.778982,598.02,-0.00139710
2004,23,13,1256.77,115.699011,35.779853,612.97,0.00000000
2004,230,0,0.00,115.283989,35.465353,403.66,0.00000000
2004,230,1,19.32,115.283855,35.465218,269.11,0.00000000
2004,230,2,38.63,115.283720,35.465083,269.11,0.00000000
2004,231,0,0.00,115.283720,35.465083,1016.64,-0.00537029
2004,231,1,78.04,115.282978,35.465286,837.23,-0.00526525
2004,231,2,156.09,115.282642,35.465892,433.57,-0.00516021
2004,232,0,0.00,115.283989,35.465353,807.33,0.00571344
2004,232,1,75.32,115.283464,35.465878,837.23,0.00574190
2004,232,2,150.65,115.282642,35.465892,523.27,0.00577035
2004,233,0,0.00,115.283720,35.465083,328.91,-0.00187296
2004,233,1,96.21,115.283796,35.464351,299.01,-0.00292270
2004,233,2,192.42,115.283542,35.463558,284.06,-0.00307031
2004,233,3,288.62,115.282871,35.462887,313.96,-0.00055589
2004,233,4,384.83,115.282200,35.462216,343.86,0.00052819
2004,233,5,481.04,115.281738,35.461484,313.96,-0.00052819
2004,233,6,577.25,115.281066,35.460813,313.96,-0.00052819
2004,233,7,673.46,115.280395,35.460142,299.01,0.00052819
2004,233,8,769.66,115.279724,35.459471,284.06,0.00052819
2004,233,9,865.87,115.279262,35.458738,313.96,-0.00052819
2004,233,10,962.08,115.278591,35.458067,328.91,-0.00140464
2004,233,11,1058.29,115.277919,35.457396,388.71,-0.00024082
2004,233,12,1154.50,115.277090,35.456998,463.47,0.00176630
2004,233,13,1250.71,115.276713,35.456298,388.71,0.00044861
2004,233,14,1346.91,115.276126,35.455602,433.57,-0.00088984
2004,233,15,1443.12,115.275454,35.454931,463.47,-0.00074232
2004,233,16,1539.33,115.274783,35.454260,433.57,-0.00053452
2004,233,17,1635.54,115.274013,35.453760,478.42,-0.00000000
2004,233,18,1731.75,115.273342,35.453088,478.42,-0.00057625
2004,233,19,1827.95,115.272572,35.452588,523.27,-0.00000000
2004,233,20,1924.16,115.271802,35.452088,493.37,0.00057625
2004,233,21,2020.37,115.271131,35.451416,493.37,-0.00057625
2004,233,22,2116.58,115.270361,35.450916,448.52,-0.00057625
2004,233,23,2212.79,115.269591,35.450416,448.52,0.00111077
2004,233,24,2308.99,115.268821,35.449915,433.57,0.00219486
2004,233,25,2405.20,115.268359,35.449183,388.71,0.00216817
2004,234,0,0.00,115.882537,35.922415,448.52,0.00189086
2004,234,1,96.60,115.883450,35.922146,418.61,0.00180228
2004,234,2,193.20,115.884520,35.922146,418.61,0.00101179
2004,234,3,289.80,115.885590,35.922146,388.71,0.00085685
2004,234,4,386.40,115.886631,35.922197,373.76,0.00053038
2004,234,5,483.00,115.887574,35.922415,328.91,-0.00085685
2004,234,6,579.60,115.888644,35.922415,388.71,-0.00068532
2004,234,7,676.20,115.889714,35.922415,358.81,0.00029904
2004,234,8,772.81,115.890785,35.922415,358.81,0.00085685
2004,234,9,869.41,115.891798,35.922514,313.96,0.00076564
2004,234,10,966.01,115.892768,35.922685,343.86,-0.00000000
2004,234,11,1062.61,115.893745,35.922844,388.71,0.00017157
2004,234,12,1159.21,115.894751,35.922954,328.91,0.00000000
2004,234,13,1255.81,115.895664,35.923224,358.81,-0.00037940
2004,234,14,1352.41,115.896734,35.923224,269.11,0.00061313
2004,234,15,1449.01,115.897647,35.923493,239.21,0.00084847
2004,234,16,1545.61,115.898614,35.923670,209.31,0.00142769
2004,234,17,1642.21,115.899488,35.924006,134.55,0.00236241
2004,234,18,1738.81,115.900263,35.924511,149.51,0.00117006
2004,234,19,1835.41,115.900938,35.925186,194.36,0.00109770
2004,234,20,1932.01,115.901713,35.925692,209.31,0.00204829
2004,234,21,2028.61,115.901971,35.926488,209.31,-0.00004753
2004,234,22,2125.22,115.902480,35.927211,239.21,-0.00088806
2004,234,23,2221.82,115.903112,35.927899,269.11,0.00041168
2004,234,24,2318.42,115.903579,35.928635,313.96,0.00043889
2004,234,25,2415.02,115.904096,35.929356,299.01,0.00047180
2004,234,26,2511.62,115.904511,35.930107,284.06,0.00000000
2004,234,27,2608.22,115.904905,35.930863,299.01,-0.00071849
2004,234,28,2704.82,115.905444,35.931578,269.11,-0.00076792
2004,235,0,0.00,115.882537,35.922415,1794.06,0.00211752
2004,235,1,98.35,115.882476,35.923284,1151.19,0.00215197
2004,235,2,196.70,115.881998,35.924032,897.03,0.00218643
2004,237,0,0.00,115.282642,35.465892,493.37,0.00000000
2004,237,1,61.15,115.281968,35.465892,493.37,0.00000000
2004,237,2,122.31,115.281294,35.465892,523.27,0.00000000
2004,238,0,0.00,115.268359,35.449183,478.42,0.00384810
2004,238,1,82.84,115.267484,35.449117,373.76,0.00159920
2004,238,2,165.69,115.266846,35.448644,358.81,-0.00247827
2004,238,3,248.53,115.265933,35.448644,418.61,-0.00430683
2004,239,0,0.00,115.268359,35.449183,1794.06,-0.00347844
2004,239,1,53.58,115.268733,35.448809,1554.85,-0.00358573
2004,239,2,107.17,115.268898,35.448375,882.08,-0.00369302
2004,24,0,0.00,115.415233,35.652112,478.42,0.00000000
2004,24,1,99.67,115.415233,35.651214,493.37,0.00000000
2004,24,2,199.34,115.415233,35.650316,284.06,0.00000000
2004,24,3,299.01,115.415233,35.649417,299.01,0.00000000
2004,240,0,0.00,115.905444,35.931578,1166.14,0.00000000
2004,240,1,60.80,115.906118,35.931578,627.92,0.00000000
2004,240,2,121.60,115.906791,35.931578,,0.00000000
2004,241,0,0.00,115.905444,35.931578,299.01,0.00102089
2004,241,1,96.77,115.905444,35.932295,224.26,0.00067567
2004,241,2,193.54,115.905257,35.933113,179.41,-0.00026876
2004,241,3,290.31,115.905174,35.933961,134.55,0.00000000
2004,241,4,387.08,115.905158,35.934829,179.41,0.00110550
2004,241,5,483.85,115.904905,35.935627,209.31,0.00071543
2004,241,6,580.62,115.904635,35.936422,269.11,0.00109824
2004,241,7,677.39,115.904366,35.937216,284.06,0.00072994
2004,241,8,774.16,115.903706,35.937897,328.91,-0.00111383
2004,241,9,870.93,115.903557,35.938727,358.81,-0.00049256
2004,241,10,967.70,115.903189,35.939492,388.71,0.00056622
2004,241,11,1064.46,115.902931,35.940290,418.61,0.00083236
2004,241,12,1161.23,115.902463,35.941027,508.32,0.00017924
2004,241,13,1258.00,115.901996,35.941764,523.27,-0.00056303
2004,241,14,1354.77,115.901671,35.942542,538.22,0.00076001
2004,241,15,1451.54,115.901270,35.943298,568.12,0.00162994
2004,241,16,1548.31,115.900593,35.943975,538.22,0.00138137
2004,242,0,0.00,115.281294,35.465892,358.81,0.00000000
2004,242,1,29.90,115.281294,35.465622,269.11,0.00000000
2004,242,2,59.80,115.281294,35.465353,328.91,0.00000000
2004,243,0,0.00,115.281294,35.465892,343.86,0.01066754
2004,243,1,31.55,115.281074,35.466112,,0.01106149
2004,243,2,63.09,115.280755,35.466161,388.71,0.01145543
2004,244,0,0.00,115.265933,35.448644,403.66,-0.00214998
2004,244,1,96.61,115.265468,35.447909,358.81,-0.00217631
2004,244,2,193.22,115.264695,35.447406,328.91,-0.00141065
2004,244,3,289.83,115.263923,35.446903,358.81,-0.00060224
2004,244,4,386.44,115.263099,35.446488,328.91,-0.00039113
2004,244,5,483.05,115.262278,35.446067,358.81,0.00032289
2004,244,6,579.66,115.261439,35.445680,388.71,0.00050958
2004,244,7,676.27,115.260687,35.445141,388.71,0.00052329
2004,244,8,772.88,115.259861,35.444728,388.71,0.00019087
2004,244,9,869.49,115.259183,35.444063,328.91,-0.00021469
2004,244,10,966.10,115.258316,35.443722,388.71,0.00000000
2004,244,11,1062.71,115.257642,35.443048,373.76,-0.00125004
2004,244,12,1159.32,115.256770,35.442715,388.71,-0.00244158
2004,245,0,0.00,115.265933,35.448644,1794.06,-0.00385154
2004,245,1,83.48,115.265394,35.449239,1061.49,-0.00382025
2004,245,2,166.97,115.265394,35.449991,672.77,-0.00378895
2004,246,0,0.00,115.900593,35.943975,493.37,0.00172519
2004,246,1,85.83,115.900593,35.944749,463.47,0.00086260
2004,246,2,171.65,115.900324,35.945444,448.52,0.00063809
2004,246,3,257.48,115.900324,35.946218,553.17,0.00367841
2004,246,4,343.31,115.899865,35.946859,463.47,0.00620306
2004,246,5,429.13,115.899119,35.947209,523.27,0.00460998
2004,246,6,514.96,115.898168,35.947209,478.42,0.00289448
2004,247,0,0.00,115.900593,35.943975,1240.89,-0.00406589
2004,247,1,93.84,115.899868,35.943436,1539.90,-0.00416986
2004,247,2,187.68,115.898828,35.943436,867.13,-0.00499420
2004,247,3,281.52,115.897829,35.943505,553.17,-0.00624495
2004,247,4,375.36,115.897359,35.944215,448.52,-0.00457061
2004,247,5,469.20,115.897144,35.944999,448.52,-0.00291498
2004,247,6,563.03,115.897090,35.945829,627.92,-0.00373446
2004,247,7,656.87,115.897511,35.946553,852.18,-0.00262489
2004,247,8,750.71,115.898168,35.947209,956.83,-0.00124494
2004,248,0,0.00,115.280755,35.466161,328.91,0.00000000
2004,248,1,29.90,115.280755,35.466431,328.91,0.00000000
2004,248,2,59.80,115.280755,35.466700,313.96,0.00000000
2004,249,0,0.00,115.280755,35.466161,254.16,-0.01066754
2004,249,1,31.55,115.280535,35.465941,343.86,-0.01106148
2004,249,2,63.09,115.280217,35.465892,388.71,-0.01145542
2004,25,0,0.00,115.415233,35.652112,493.37,-0.00159174
2004,25,1,84.38,115.414446,35.651864,1076.44,-0.00000000
2004,25,2,168.77,115.413559,35.651786,941.88,0.00316396
2004,25,3,253.15,115.412871,35.651367,269.11,0.00375419
2004,25,4,337.54,115.412282,35.650778,209.31,0.00285888
2004,25,5,421.92,115.411902,35.650128,239.21,0.00221445
2004,25,6,506.31,115.411730,35.649417,284.06,0.00148334
2004,250,0,0.00,115.256770,35.442715,403.66,-0.00000000
2004,250,1,93.83,115.255893,35.442446,433.57,0.00123577
2004,250,2,187.66,115.255016,35.442176,269.11,0.00369250
2004,250,3,281.49,115.254345,35.441596,239.21,0.00372927
2004,250,4,375.32,115.254076,35.440829,313.96,0.00254506
2004,251,0,0.00,115.256770,35.442715,538.22,-0.00170559
2004,251,1,78.50,115.256640,35.442046,493.37,-0.00171731
2004,251,2,157.01,115.256301,35.441437,433.57,-0.00086452
2004,251,3,235.51,115.255962,35.440829,239.21,-0.00000000
2004,253,0,0.00,115.898168,35.947209,493.37,0.00288282
2004,253,1,88.55,115.897501,35.947748,284.06,0.00109812
2004,253,2,177.10,115.896631,35.947937,209.31,-0.00203508
2004,253,3,265.65,115.896012,35.948556,59.80,-0.00338359
2004,254,0,0.00,115.254076,35.440829,358.81,0.00375144
2004,254,1,71.26,115.253291,35.440829,269.11,0.00512933
2004,254,2,142.52,115.252686,35.440517,254.16,0.00433352
2004,254,3,213.78,115.252189,35.440020,269.11,0.00215982
2004,255,0,0.00,115.254076,35.440829,1794.06,0.00000000
2004,255,1,38.64,115.254345,35.440559,1794.06,0.00000000
2004,255,2,77.27,115.254615,35.440290,747.53,0.00000000
2004,256,0,0.00,115.255962,35.440829,343.86,0.00529234
2004,256,1,56.02,115.255345,35.440829,269.11,0.00553638
2004,256,2,112.04,115.254884,35.440559,388.71,0.00578041
2004,257,0,0.00,115.255962,35.440829,478.42,-0.00784842
2004,257,1,61.45,115.255950,35.440278,269.11,-0.00825833
2004,257,2,122.91,115.255423,35.440020,269.11,-0.00866823
2004,258,0,0.00,115.252189,35.440020,269.11,0.00227715
2004,258,1,77.79,115.251488,35.439751,328.91,0.00336632
2004,258,2,155.59,115.250906,35.439276,299.01,0.00340017
2004,258,3,233.38,115.250572,35.438673,313.96,0.00234487
2004,259,0,0.00,115.252189,35.440020,1794.06,0.00000000
2004,259,1,96.59,115.252863,35.439346,926.93,0.00000000
2004,259,2,193.18,115.253537,35.438673,1106.34,0.00000000
2004,26,0,0.00,115.699011,35.779853,598.02,-0.00139171
2004,26,1,98.38,115.698472,35.780583,657.82,-0.00156182
2004,26,2,196.75,115.698203,35.781392,583.07,-0.00140113
2004,26,3,295.13,115.697994,35.782218,657.82,-0.00038195
2004,26,4,393.50,115.697933,35.783087,672.77,0.00069320
2004,26,5,491.88,115.697664,35.783895,627.92,0.00107997
2004,260,0,0.00,115.254884,35.440559,388.71,0.00000000
2004,260,1,19.32,115.254749,35.440424,403.66,0.00000000
2004,260,2,38.64,115.254615,35.440290,269.11,0.00000000
2004,261,0,0.00,115.254615,35.440290,239.21,0.00932035
2004,261,1,53.59,115.254345,35.439885,493.37,0.00932035
2004,261,2,107.17,115.254615,35.439481,598.02,0.00932035
2004,262,0,0.00,115.254884,35.440559,777.43,-0.00000000
2004,262,1,38.64,115.255154,35.440290,747.53,-0.00000000
2004,262,2,77.27,115.255423,35.440020,1225.94,-0.00000000
2004,264,0,0.00,115.255423,35.440020,403.66,-0.00395820
2004,264,1,50.87,115.255068,35.439665,209.31,-0.00417214
2004,264,2,101.74,115.254615,35.439481,388.71,-0.00438608
2004,265,0,0.00,115.250572,35.438673,328.91,0.00386191
2004,265,1,94.08,115.249619,35.438529,269.11,0.00256769
2004,265,2,188.16,115.248963,35.437872,299.01,0.00000000
2004,265,3,282.24,115.248109,35.437557,299.01,0.00116355
2004,265,4,376.33,115.247354,35.437072,313.96,0.00141709
2004,265,5,470.41,115.246907,35.436355,328.91,-0.00116355
2004,265,6,564.49,115.246089,35.435978,299.01,0.00018510
2004,265,7,658.57,115.245397,35.435384,313.96,0.00060398
2004,265,8,752.65,115.244740,35.434727,313.96,-0.00036148
2004,265,9,846.73,115.243985,35.434242,328.91,0.00000000
2004,265,10,940.81,115.243329,35.433586,358.81,0.00007841
2004,265,11,1034.89,115.242574,35.433100,328.91,0.00169456
2004,265,12,1128.98,115.241948,35.432435,328.91,0.00264222
2004,265,13,1223.06,115.241679,35.431666,388.71,0.00205216
2004,266,0,0.00,115.250572,35.438673,1794.06,0.00000000
2004,266,1,96.59,115.251246,35.437999,598.02,0.00000000
2004,266,2,193.18,115.251920,35.437325,897.03,0.00000000
2004,267,0,0.00,115.253537,35.438673,284.06,0.00389601
2004,267,1,78.06,115.254240,35.438942,269.11,0.00394737
2004,267,2,156.11,115.254615,35.439481,299.01,0.00399873
2004,268,0,0.00,115.253537,35.438673,284.06,-0.00000000
2004,268,1,72.55,115.253030,35.438167,284.06,-0.00095258
2004,268,2,145.10,115.252524,35.437661,269.11,-0.00199501
2004,268,3,217.65,115.251920,35.437325,418.61,-0.00208487
2004,27,0,0.00,115.699011,35.779853,897.03,-0.00000000
2004,27,1,92.88,115.699660,35.780502,897.03,-0.00000000
2004,27,2,185.76,115.700309,35.781151,1016.64,-0.00057302
2004,27,3,278.63,115.700958,35.781800,1001.69,-0.00119205
2004,27,4,371.51,115.701706,35.782278,837.23,-0.00123804
2004,270,0,0.00,115.241679,35.431666,388.71,0.00127730
2004,270,1,91.61,115.240941,35.431198,373.76,0.00063865
2004,270,2,183.22,115.240302,35.430559,373.76,-0.00000000
2004,270,3,274.84,115.239564,35.430090,418.61,0.00059084
2004,270,4,366.45,115.238925,35.429451,403.66,0.00000000
2004,270,5,458.06,115.238286,35.428812,448.52,-0.00059084
2004,270,6,549.67,115.237549,35.428344,418.61,0.00117434
2004,270,7,641.29,115.236910,35.427705,403.66,0.00117434
2004,270,8,732.90,115.236479,35.427005,433.57,-0.00000000
2004,270,9,824.51,115.235840,35.426366,373.76,-0.00058350
2004,270,10,916.12,115.235410,35.425666,343.86,-0.00181299
2004,270,11,1007.74,115.234672,35.425198,358.81,-0.00245898
2004,271,0,0.00,115.241679,35.431666,1794.06,0.00000000
2004,271,1,96.59,115.242353,35.430992,1181.09,0.00000000
2004,271,2,193.19,115.243026,35.430318,807.33,0.00000000
2004,272,0,0.00,115.251920,35.437325,433.57,-0.00135308
2004,272,1,85.74,115.251322,35.436727,269.11,-0.00067654
2004,272,2,171.48,115.250625,35.436300,269.11,0.00042467
2004,272,3,257.21,115.250027,35.435702,299.01,-0.00073391
2004,272,4,342.95,115.249391,35.435169,284.06,-0.00087132
2004,272,5,428.69,115.248633,35.434847,328.91,0.00073391
2004,272,6,514.43,115.248035,35.434249,284.06,-0.00028726
2004,272,7,600.16,115.247338,35.433822,313.96,-0.00146783
2004,273,0,0.00,115.234672,35.425198,388.71,-0.00471379
2004,273,1,65.83,115.234421,35.424678,358.81,-0.00479931
2004,273,2,131.65,115.233863,35.424389,418.61,-0.00488484
2004,274,0,0.00,115.234672,35.425198,1794.06,0.00123900
2004,274,1,89.51,115.234048,35.425822,1794.06,0.00128996
2004,274,2,179.03,115.233324,35.426276,911.98,0.00134093
2004,275,0,0.00,115.233863,35.424389,1719.31,-0.00236808
2004,275,1,81.42,115.233296,35.424957,1091.39,-0.00432245
2004,275,2,162.84,115.233055,35.425621,508.32,-0.00502301
2004,275,3,244.26,115.233324,35.426276,448.52,-0.00376919
2004,276,0,0.00,115.233863,35.424389,358.81,-0.00395779
2004,276,1,50.88,115.233509,35.424035,373.76,-0.00417166
2004,276,2,101.75,115.233055,35.423851,418.61,-0.00438553
2004,277,0,0.00,115.233324,35.426276,583.07,-0.00983142
2004,277,1,78.06,115.233121,35.426881,313.96,-0.00971079
2004,277,2,156.12,115.233863,35.427084,388.71,-0.00959016
2004,278,0,0.00,115.233055,35.423851,388.71,-0.00152533
2004,278,1,82.52,115.232688,35.423214,418.61,-0.00221581
2004,278,2,165.05,115.232112,35.422638,388.71,-0.00224844
2004,278,3,247.57,115.231438,35.422234,433.57,-0.00159059
2004,279,0,0.00,115.233055,35.423851,1614.66,-0.00000000
2004,279,1,77.28,115.232516,35.424389,1629.61,-0.00000000
2004,279,2,154.56,115.231977,35.424928,687.72,0.00000000
2004,279,3,231.83,115.231438,35.425467,523.27,0.00000000
2004,28,0,0.00,115.415233,35.649417,448.52,0.00000000
2004,28,1,50.80,115.415638,35.649148,1001.69,0.00000000
2004,28,2,101.60,115.416042,35.648878,941.88,0.00000000
2004,280,0,0.00,115.231438,35.422234,1345.55,-0.00000000
2004,280,1,85.44,115.230842,35.422829,1465.15,0.00068148
2004,280,2,170.87,115.230246,35.423425,433.57,0.00142090
2004,280,3,256.31,115.229552,35.423851,44.85,0.00147882
2004,281,0,0.00,115.231438,35.422234,403.66,-0.00205234
2004,281,1,98.84,115.230957,35.421483,403.66,-0.00265099
2004,281,2,197.68,115.230169,35.420965,433.57,-0.00221521
2004,281,3,296.52,115.229282,35.420617,448.52,-0.00118078
2004,282,0,0.00,115.229013,35.420347,373.76,0.00000000
2004,282,1,19.32,115.229147,35.420482,373.76,0.00000000
2004,282,2,38.64,115.229282,35.420617,418.61,0.00000000
2004,283,0,0.00,115.229013,35.420347,627.92,0.00164316
2004,283,1,98.57,115.227927,35.420347,508.32,0.00365608
2004,283,2,197.15,115.226998,35.420078,328.91,0.00461301
2004,283,3,295.72,115.226587,35.419383,433.57,0.00431156
2004,283,4,394.29,115.226048,35.418653,403.66,0.00528777
2004,283,5,492.87,115.226587,35.417922,1270.79,0.00550947
2004,284,0,0.00,115.229013,35.420347,493.37,0.00058856
2004,284,1,85.29,115.228835,35.419630,478.42,-0.00072822
2004,284,2,170.58,115.228743,35.418888,328.91,-0.00499490
2004,284,3,255.86,115.228271,35.418258,313.96,-0.00590381
2004,284,4,341.15,115.227380,35.418175,328.91,-0.00115040
2004,284,5,426.44,115.226587,35.417922,328.91,0.00156203
2004,285,0,0.00,115.229282,35.420617,1091.39,-0.00000000
2004,285,1,74.37,115.228763,35.421135,1315.65,-0.00089166
2004,285,2,148.73,115.228245,35.421654,941.88,-0.00183650
2004,285,3,223.10,115.227935,35.422234,717.63,-0.00188968
2004,287,0,0.00,115.226587,35.417922,478.42,-0.00119673
2004,287,1,79.03,115.226318,35.417288,343.86,-0.00245023
2004,287,2,158.06,115.225902,35.416697,313.96,-0.00242109
2004,287,3,237.09,115.225259,35.416305,358.81,0.00012102
2004,287,4,316.12,115.224701,35.415766,358.81,0.00138048
2004,288,0,0.00,115.224701,35.415766,373.76,-0.00577716
2004,288,1,56.04,115.224240,35.415496,403.66,-0.00553331
2004,288,2,112.07,115.223623,35.415496,448.52,-0.00528946
2004,289,0,0.00,115.224701,35.415766,1794.06,-0.00000000
2004,289,1,80.72,115.225264,35.415203,1181.09,0.00159871
2004,289,2,161.44,115.225827,35.414640,971.78,0.00336308
2004,289,3,242.16,115.226587,35.414418,807.33,0.00352874
2004,29,0,0.00,115.415233,35.649417,224.26,0.00000000
2004,29,1,68.50,115.414964,35.648878,224.26,0.00000000
2004,29,2,137.00,115.414694,35.648339,553.17,0.00000000
2004,290,0,0.00,115.223623,35.415496,1794.06,0.00203882
2004,290,1,70.20,115.223133,35.415986,1210.99,0.00213677
2004,290,2,140.40,115.222545,35.416305,732.58,0.00223472
2004,291,0,0.00,115.223623,35.415496,448.52,-0.00355413
2004,291,1,94.68,115.222962,35.414836,328.91,-0.00368520
2004,291,2,189.35,115.222006,35.414688,328.91,-0.00381627
2004,292,0,0.00,115.222006,35.414688,1794.06,-0.00347859
2004,292,1,53.59,115.221632,35.415061,1794.06,-0.00358595
2004,292,2,107.18,115.221467,35.415496,807.33,-0.00369331
2004,293,0,0.00,115.222006,35.414688,343.86,-0.00003741
2004,293,1,89.17,115.221336,35.414149,299.01,-0.00036074
2004,293,2,178.34,115.220663,35.413615,254.16,-0.00211633
2004,293,3,267.51,115.219942,35.413163,254.16,-0.00260918
2004,293,4,356.68,115.219024,35.413054,269.11,-0.00016595
2004,293,5,445.85,115.218189,35.412801,433.57,-0.00138558
2004,293,6,535.02,115.217363,35.412532,448.52,-0.00205453
2004,293,7,624.19,115.216537,35.412801,478.42,0.00101014
2004,293,8,713.36,115.215711,35.412532,568.12,0.00000000
2004,293,9,802.53,115.214729,35.412532,598.02,-0.00202027
2004,294,0,0.00,115.214729,35.412532,687.72,-0.00000000
2004,294,1,38.64,115.214460,35.412262,1196.04,-0.00000000
2004,294,2,77.28,115.214190,35.411993,1196.04,-0.00000000
2004,295,0,0.00,115.214729,35.412532,732.58,-0.00207418
2004,295,1,76.02,115.214199,35.413062,687.72,-0.00217786
2004,295,2,152.03,115.213921,35.413666,822.28,-0.00236228
2004,295,3,228.05,115.213651,35.414272,358.81,-0.00233436
2004,295,4,304.06,115.213651,35.414957,388.71,-0.00222570
2004,296,0,0.00,115.214190,35.411993,1001.69,-0.00144154
2004,296,1,94.07,115.214190,35.411145,627.92,-0.00148486
2004,296,2,188.14,115.213921,35.410376,448.52,-0.00152819
2004,297,0,0.00,115.214190,35.411993,553.17,0.00276394
2004,297,1,80.51,115.213460,35.412262,657.82,0.00262920
2004,297,2,161.03,115.212573,35.412262,388.71,0.00249447
2004,298,0,0.00,115.213651,35.414957,941.88,-0.00203881
2004,298,1,70.20,115.214141,35.415447,792.38,-0.00213676
2004,298,2,140.40,115.214729,35.415766,478.42,-0.00223471
2004,299,0,0.00,115.213651,35.414957,403.66,0.00146646
2004,299,1,82.44,115.213076,35.415532,373.76,0.00170452
2004,299,2,164.88,115.212403,35.415936,388.71,0.00412838
2004,299,3,247.31,115.211708,35.416305,433.57,0.00616561
2004,299,4,329.75,115.210956,35.416035,598.02,0.00601702
2004,3,0,0.00,115.651041,35.753981,328.91,-0.00573217
2004,3,1,75.14,115.651566,35.754506,209.31,-0.00576204
2004,3,2,150.28,115.652389,35.754520,239.21,-0.00579190
2004,30,0,0.00,115.411730,35.649417,583.07,0.00000000
2004,30,1,63.00,115.411191,35.649148,657.82,0.00000000
2004,30,2,126.01,115.410652,35.648878,702.67,0.00000000
2004,300,0,0.00,115.212573,35.412262,627.92,0.00546403
2004,300,1,79.44,115.212011,35.412801,433.57,0.00415324
2004,300,2,158.87,115.211136,35.412801,343.86,0.00000000
2004,300,3,238.31,115.210417,35.413071,448.52,-0.00284244
2004,301,0,0.00,115.212573,35.412262,1285.75,0.00121417
2004,301,1,89.85,115.211947,35.411636,762.48,0.00000000
2004,301,2,179.70,115.211529,35.410948,358.81,-0.00521947
2004,301,3,269.54,115.210803,35.410492,433.57,-0.01034915
2004,301,4,359.39,115.210177,35.410886,702.67,-0.00817363
2004,301,5,449.24,115.209878,35.411609,956.83,-0.00494719
2004,301,6,539.09,115.209878,35.412418,911.98,-0.00418918
2004,301,7,628.93,115.210417,35.413071,882.08,-0.00335771
2004,302,0,0.00,115.210956,35.416035,986.73,-0.00188969
2004,302,1,74.37,115.210646,35.415456,941.88,-0.00183650
2004,302,2,148.74,115.210128,35.414937,1659.51,-0.00089166
2004,302,3,223.10,115.209609,35.414418,1674.46,-0.00000000
2004,303,0,0.00,115.210956,35.416035,583.07,-0.00305101
2004,303,1,80.72,115.210380,35.416035,463.47,0.00152550
2004,303,2,161.44,115.209647,35.416305,1061.49,0.00679904
2004,303,3,242.16,115.209070,35.415766,1794.06,0.00749606
2004,304,0,0.00,115.210417,35.413071,373.76,0.00395750
2004,304,1,50.88,115.210063,35.413426,373.76,0.00417133
2004,304,2,101.76,115.209609,35.413610,553.17,0.00438515
2004,305,0,0.00,115.209609,35.414418,508.32,0.00000000
2004,305,1,44.85,115.209609,35.414014,1031.59,0.00000000
2004,305,2,89.70,115.209609,35.413610,1001.69,0.00000000
2004,306,0,0.00,115.209609,35.414418,299.01,-0.00000000
2004,306,1,83.49,115.209339,35.415092,313.96,-0.00000000
2004,306,2,166.98,115.209070,35.415766,299.01,-0.00000000
2004,308,0,0.00,115.209070,35.415766,254.16,-0.00172068
2004,308,1,87.86,115.208531,35.416400,313.96,-0.00175116
2004,308,2,175.72,115.208261,35.417113,403.66,-0.00178164
2004,31,0,0.00,115.411730,35.649417,1106.34,0.00251609
2004,31,1,81.31,115.412314,35.648878,642.87,0.00262714
2004,31,2,162.61,115.413055,35.648609,642.87,0.00272394
2004,31,3,243.92,115.413796,35.648339,777.43,0.00257735
2004,31,4,325.23,115.414694,35.648339,1539.90,0.00244500
2004,310,0,0.00,115.209609,35.413610,1539.90,-0.00578399
2004,310,1,84.16,115.208994,35.413071,1091.39,-0.00726868
2004,310,2,168.32,115.208139,35.413193,299.01,-0.00496478
2004,310,3,252.47,115.207453,35.413610,433.57,-0.00000000
2004,310,4,336.63,115.206668,35.413855,478.42,-0.00080395
2004,310,5,420.79,115.205912,35.414149,478.42,-0.00247156
2004,310,6,504.95,115.205297,35.414688,448.52,-0.00215904
2004,311,0,0.00,115.208261,35.417113,478.42,-0.00266528
2004,311,1,82.44,115.207510,35.417383,433.57,-0.00256280
2004,311,2,164.87,115.206914,35.417922,448.52,-0.00246032
2004,312,0,0.00,115.208261,35.417113,1210.99,-0.00344083
2004,312,1,99.83,115.209057,35.417639,1061.49,-0.00332700
2004,312,2,199.66,115.210148,35.417652,598.02,-0.00321317
2004,313,0,0.00,115.207183,35.418191,1166.14,0.00000000
2004,313,1,19.32,115.207049,35.418056,1196.04,0.00000000
2004,313,2,38.64,115.206914,35.417922,1375.45,0.00000000
2004,314,0,0.00,115.206914,35.417922,448.52,-0.00000000
2004,314,1,63.12,115.206375,35.418191,388.71,-0.00000000
2004,314,2,126.23,115.205836,35.418461,328.91,-0.00000000
2004,315,0,0.00,115.207183,35.418191,553.17,-0.00152804
2004,315,1,94.07,115.206914,35.418960,657.82,-0.00148472
2004,315,2,188.14,115.206914,35.419808,523.27,-0.00144141
2004,316,0,0.00,115.207183,35.418191,1166.14,-0.00000000
2004,316,1,38.64,115.207453,35.418461,1031.59,-0.00000000
2004,316,2,77.28,115.207722,35.418730,538.22,-0.00000000
2004,317,0,0.00,115.205836,35.418461,777.43,-0.00205102
2004,317,1,79.12,115.205836,35.419174,926.93,-0.00211502
2004,317,2,158.24,115.206105,35.419808,852.18,-0.00217903
2004,318,0,0.00,115.205836,35.418461,328.91,-0.00264297
2004,318,1,92.37,115.204895,35.418593,358.81,-0.00266117
2004,318,2,184.73,115.204152,35.419066,373.76,-0.00133968
2004,318,3,277.10,115.203409,35.419540,343.86,0.00000000
2004,318,4,369.46,115.202666,35.420013,358.81,0.00028435
2004,318,5,461.83,115.201923,35.420487,358.81,0.00003300
2004,318,6,554.19,115.201137,35.420886,328.91,0.00025090
2004,318,7,646.56,115.200432,35.421425,299.01,0.00157108
2004,318,8,738.92,115.199571,35.421695,328.91,0.00038557
2004,318,9,831.29,115.198710,35.421964,328.91,-0.00179415
2004,318,10,923.65,115.198021,35.422374,269.11,-0.00050805
2004,318,11,1016.02,115.197378,35.422877,269.11,0.00220284
2004,318,12,1108.39,115.196536,35.423179,269.11,0.00224840
2004,318,13,1200.75,115.195595,35.423312,358.81,0.00129679
2004,319,0,0.00,115.207722,35.418730,598.02,0.00000000
2004,319,1,24.48,115.207992,35.418730,598.02,0.00000000
2004,319,2,48.95,115.208261,35.418730,627.92,0.00000000
2004,32,0,0.00,115.697664,35.783895,1794.06,0.00000000
2004,32,1,36.55,115.697259,35.783895,1794.06,0.00000000
2004,32,2,73.09,115.696855,35.783895,1794.06,0.00000000
2004,320,0,0.00,115.207722,35.418730,747.53,0.00000000
2004,320,1,74.75,115.207722,35.419404,777.43,0.00000000
2004,320,2,149.50,115.207722,35.420078,538.22,0.00000000
2004,321,0,0.00,115.195595,35.423312,328.91,0.00215988
2004,321,1,71.27,115.195098,35.423809,254.16,0.00433270
2004,321,2,142.54,115.194494,35.424120,269.11,0.00512772
2004,321,3,213.81,115.193709,35.424120,269.11,0.00374992
2004,322,0,0.00,115.195595,35.423312,1435.25,-0.00000000
2004,322,1,38.64,115.195326,35.423042,1405.35,-0.00000000
2004,322,2,77.28,115.195056,35.422773,822.28,-0.00000000
2004,323,0,0.00,115.193709,35.424120,687.72,-0.00205092
2004,323,1,79.12,115.193709,35.423407,956.83,-0.00211492
2004,323,2,158.24,115.193439,35.422773,612.97,-0.00217891
2004,324,0,0.00,115.193709,35.424120,343.86,0.00577829
2004,324,1,56.03,115.193248,35.424389,328.91,0.00553438
2004,324,2,112.06,115.192631,35.424389,239.21,0.00529046
2004,325,0,0.00,115.195056,35.422773,418.61,-0.00441520
2004,325,1,87.59,115.194248,35.422503,254.16,-0.00441520
2004,325,2,175.18,115.193439,35.422773,254.16,-0.00441520
2004,326,0,0.00,115.195056,35.422773,478.42,0.00178156
2004,326,1,87.86,115.195326,35.422059,388.71,0.00175108
2004,326,2,175.72,115.195865,35.421425,269.11,0.00172061
2004,327,0,0.00,115.193439,35.422773,313.96,-0.00438549
2004,327,1,50.88,115.192986,35.422957,254.16,-0.00417162
2004,327,2,101.75,115.192631,35.423312,269.11,-0.00395776
2004,329,0,0.00,115.192631,35.424389,897.03,0.00000000
2004,329,1,59.80,115.192631,35.423851,702.67,0.00000000
2004,329,2,119.60,115.192631,35.423312,583.07,0.00000000
2004,33,0,0.00,115.697664,35.783895,926.93,-0.00000000
2004,33,1,96.79,115.698340,35.784572,1031.59,0.00105186
2004,33,2,193.58,115.699016,35.785248,837.23,0.00215216
2004,33,3,290.37,115.699281,35.786044,762.48,0.00188065
2004,33,4,387.17,115.699550,35.786838,523.27,0.00369528
2004,33,5,483.96,115.699518,35.787701,717.63,0.00511129
2004,33,6,580.75,115.698742,35.788207,807.33,0.00208500
2004,33,7,677.54,115.697986,35.788746,792.38,0.00083265
2004,33,8,774.33,115.697230,35.789285,941.88,0.00191915
2004,33,9,871.12,115.696316,35.789555,1210.99,0.00195029
2004,330,0,0.00,115.192631,35.424389,269.11,0.00460384
2004,330,1,87.59,115.191978,35.424928,239.21,0.00450961
2004,330,2,175.17,115.191014,35.424928,328.91,0.00441539
2004,331,0,0.00,115.192631,35.423312,239.21,-0.00000000
2004,331,1,43.79,115.192227,35.423446,284.06,-0.00000000
2004,331,2,87.59,115.191822,35.423581,313.96,-0.00000000
2004,332,0,0.00,115.191014,35.424928,986.73,-0.00205090
2004,332,1,79.12,115.191014,35.424215,1749.21,-0.00211490
2004,332,2,158.24,115.190744,35.423581,657.82,-0.00217889
2004,333,0,0.00,115.191014,35.424928,284.06,0.00577840
2004,333,1,56.03,115.190553,35.425198,269.11,0.00553448
2004,333,2,112.06,115.189936,35.425198,269.11,0.00529055
2004,334,0,0.00,115.189936,35.425198,1345.55,-0.00205090
2004,334,1,79.12,115.189936,35.424485,1749.21,-0.00211489
2004,334,2,158.24,115.189666,35.423851,747.53,-0.00217888
2004,335,0,0.00,115.189936,35.425198,269.11,0.00868870
2004,335,1,63.11,115.189397,35.425467,239.21,0.00868870
2004,335,2,126.23,115.188858,35.425198,373.76,0.00868870
2004,336,0,0.00,115.189666,35.423851,254.16,0.00000000
2004,336,1,36.71,115.189262,35.423851,284.06,0.00000000
2004,336,2,73.42,115.188858,35.423851,328.91,0.00000000
2004,337,0,0.00,115.189666,35.423851,358.81,0.00000000
2004,337,1,19.32,115.189801,35.423716,313.96,0.00000000
2004,337,2,38.64,115.189936,35.423581,313.96,0.00000000
2004,338,0,0.00,115.188858,35.425198,1435.25,0.00000000
2004,338,1,74.75,115.188858,35.424524,882.08,0.00000000
2004,338,2,149.50,115.188858,35.423851,702.67,0.00000000
2004,339,0,0.00,115.188858,35.425198,284.06,0.00210077
2004,339,1,82.43,115.188106,35.425467,328.91,0.00250400
2004,339,2,164.86,115.187510,35.425467,328.91,0.00290723
2004,34,0,0.00,115.416042,35.648878,284.06,-0.01068605
2004,34,1,31.50,115.416262,35.649098,508.32,-0.01108265
2004,34,2,63.00,115.416581,35.649148,508.32,-0.01147924
2004,341,0,0.00,115.188858,35.423851,702.67,-0.00000000
2004,341,1,19.32,115.188723,35.423716,687.72,-0.00000000
2004,341,2,38.64,115.188588,35.423581,702.67,-0.00000000
2004,342,0,0.00,115.187510,35.425467,1465.15,-0.00354648
2004,342,1,71.98,115.187510,35.424819,1794.06,-0.00625914
2004,342,2,143.95,115.187132,35.424281,523.27,-0.00723923
2004,342,3,215.93,115.186432,35.424120,388.71,-0.00550665
2004,343,0,0.00,115.187510,35.425467,343.86,0.00261471
2004,343,1,98.70,115.186735,35.426006,269.11,0.00254753
2004,343,2,197.40,115.185738,35.426161,299.01,0.00106579
2004,343,3,296.10,115.184754,35.426338,313.96,0.00039797
2004,343,4,394.81,115.183787,35.426545,328.91,0.00037563
2004,343,5,493.51,115.182700,35.426545,388.71,-0.00019674
2004,343,6,592.21,115.181769,35.426815,358.81,0.00081939
2004,343,7,690.91,115.180682,35.426815,358.81,0.00081939
2004,343,8,789.61,115.179596,35.426815,328.91,0.00000000
2004,343,9,888.31,115.178509,35.426815,328.91,0.00000000
2004,343,10,987.01,115.177422,35.426815,299.01,-0.00077660
2004,343,11,1085.72,115.176335,35.426815,358.81,-0.00081939
2004,343,12,1184.42,115.175396,35.427071,388.71,-0.00008579
2004,343,13,1283.12,115.174317,35.427084,388.71,-0.00000000
2004,343,14,1381.82,115.173386,35.427354,388.71,0.00086239
2004,343,15,1480.52,115.172300,35.427354,328.91,0.00081939
2004,343,16,1579.22,115.171213,35.427354,388.71,0.00000000
2004,343,17,1677.92,115.170126,35.427354,388.71,0.00081939
2004,343,18,1776.62,115.169039,35.427354,388.71,0.00083448
2004,343,19,1875.33,115.168108,35.427084,403.66,-0.00000000
2004,343,20,1974.03,115.167024,35.427080,418.61,-0.00003015
2004,343,21,2072.73,115.166091,35.426815,418.61,-0.00081939
2004,343,22,2171.43,115.165004,35.426815,358.81,-0.00080433
2004,343,23,2270.13,115.163917,35.426815,358.81,0.00081939
2004,343,24,2368.83,115.162830,35.426815,358.81,0.00081939
2004,343,25,2467.53,115.161899,35.426545,358.81,-0.00077054
2004,343,26,2566.24,115.160812,35.426545,358.81,0.00000000
2004,343,27,2664.94,115.159735,35.426528,358.81,0.00071573
2004,343,28,2763.64,115.158795,35.426276,328.91,-0.00081939
2004,343,29,2862.34,115.157708,35.426276,299.01,-0.00076459
2004,343,30,2961.04,115.156621,35.426276,299.01,0.00081939
2004,343,31,3059.74,115.155534,35.426276,328.91,0.00146525
2004,343,32,3158.44,115.154603,35.426006,328.91,0.00090278
2004,343,33,3257.15,115.153629,35.425812,343.86,0.00051655
2004,343,34,3355.85,115.152741,35.425467,284.06,0.00000000
2004,343,35,3454.55,115.151811,35.425198,299.01,-0.00062289
2004,343,36,3553.25,115.150880,35.424928,299.01,-0.00009898
2004,343,37,3651.95,115.149887,35.424765,328.91,0.00030927
2004,343,38,3750.65,115.149001,35.424418,328.91,-0.00071078
2004,343,39,3849.35,115.148017,35.424242,299.01,-0.00044819
2004,343,40,3948.06,115.147000,35.424120,313.96,0.00035978
2004,343,41,4046.76,115.146069,35.423851,328.91,-0.00040060
2004,343,42,4145.46,115.145062,35.423713,328.91,-0.00001851
2004,343,43,4244.16,115.144052,35.423581,299.01,-0.00000000
2004,343,44,4342.86,115.143121,35.423312,328.91,-0.00043430
2004,343,45,4441.56,115.142034,35.423312,328.91,0.00070047
2004,343,46,4540.26,115.141103,35.423042,328.91,0.00000000
2004,343,47,4638.97,115.140138,35.422831,313.96,-0.00050885
2004,343,48,4737.67,115.139086,35.422773,328.91,0.00090278
2004,343,49,4836.37,115.138155,35.422503,328.91,0.00071116
2004,343,50,4935.07,115.137224,35.422234,328.91,0.00000000
2004,343,51,5033.77,115.136293,35.421964,328.91,-0.00002458
2004,343,52,5132.47,115.135362,35.421695,328.91,-0.00034311
2004,343,53,5231.17,115.134427,35.421432,328.91,-0.00085523
2004,343,54,5329.87,115.133442,35.421256,343.86,-0.00023122
2004,343,55,5428.58,115.132413,35.421156,358.81,-0.00002297
2004,343,56,5527.28,115.131483,35.420886,328.91,-0.00011373
2004,343,57,5625.98,115.130396,35.420886,328.91,0.00090278
2004,343,58,5724.68,115.129503,35.420551,358.81,0.00005672
2004,343,59,5823.38,115.128534,35.420347,328.91,-0.00090278
2004,343,60,5922.08,115.127533,35.420198,328.91,0.00000000
2004,343,61,6020.78,115.126516,35.420078,358.81,0.00000000
2004,343,62,6119.49,115.125564,35.419845,313.96,0.00057735
2004,343,63,6218.19,115.124499,35.419808,299.01,0.00133099
2004,343,64,6316.89,115.123693,35.419322,313.96,-0.00057735
2004,343,65,6415.59,115.122708,35.419146,299.01,-0.00084911
2004,343,66,6514.29,115.121724,35.418969,299.01,0.00057735
2004,343,67,6612.99,115.120775,35.418730,269.11,0.00042090
2004,343,68,6711.69,115.119853,35.418446,269.11,-0.00089533
2004,343,69,6810.40,115.118913,35.418191,239.21,-0.00090278
2004,343,70,6909.10,115.117827,35.418191,299.01,0.00004654
2004,343,71,7007.80,115.116896,35.417922,328.91,0.00000000
2004,343,72,7106.50,115.115809,35.417922,328.91,0.00030477
2004,343,73,7205.20,115.114878,35.417652,328.91,-0.00000000
2004,343,74,7303.90,115.113845,35.417559,313.96,-0.00003333
2004,343,75,7402.60,115.112860,35.417383,358.81,0.00054288
2004,344,0,0.00,115.112860,35.417383,792.38,0.00130879
2004,344,1,90.44,115.112230,35.418013,642.87,0.00534856
2004,344,2,180.88,115.111493,35.418461,284.06,0.01123400
2004,344,3,271.32,115.110974,35.417928,672.77,0.00822762
2004,344,4,361.75,115.110974,35.417113,1225.94,0.00337559
2004,345,0,0.00,115.112860,35.417383,358.81,-0.00564728
2004,345,1,71.28,115.112363,35.416886,284.06,-0.00759258
2004,345,2,142.55,115.111603,35.416844,388.71,-0.00676672
2004,345,3,213.83,115.110974,35.417113,388.71,-0.00399556
2004,346,0,0.00,115.110974,35.417113,343.86,-0.00000000
2004,346,1,77.93,115.110272,35.416844,388.71,-0.00017559
2004,346,2,155.87,115.109570,35.416574,328.91,-0.00147876
2004,346,3,233.80,115.108849,35.416336,358.81,-0.00234443
2004,346,4,311.73,115.108009,35.416305,388.71,-0.00208253
2004,347,0,0.00,115.108009,35.416305,1794.06,0.00000000
2004,347,1,68.54,115.107740,35.416844,1240.89,0.00000000
2004,347,2,137.08,115.107470,35.417383,882.08,0.00000000
2004,348,0,0.00,115.108009,35.416305,313.96,-0.00072254
2004,348,1,94.41,115.107153,35.415988,313.96,-0.00151866
2004,348,2,188.83,115.106242,35.415766,328.91,-0.00056438
2004,348,3,283.24,115.105203,35.415766,313.96,0.00178812
2004,348,4,377.66,115.104388,35.415378,358.81,0.00012123
2004,348,5,472.07,115.103532,35.415061,313.96,-0.00091503
2004,348,6,566.49,115.102552,35.414957,299.01,0.00146658
2004,348,7,660.90,115.101721,35.414597,343.86,0.00096587
2004,348,8,755.31,115.100941,35.414149,299.01,-0.00102342
2004,348,9,849.73,115.100057,35.413879,269.11,-0.00068157
2004,348,10,944.14,115.099174,35.413610,239.21,-0.00000000
2004,348,11,1038.56,115.098290,35.413340,209.31,-0.00024314
2004,348,12,1132.97,115.097407,35.413071,194.36,0.00058435
2004,348,13,1227.39,115.096486,35.412866,224.26,0.00125274
2004,348,14,1321.80,115.095729,35.412378,179.41,0.00087043
2004,348,15,1416.21,115.094872,35.412061,164.46,0.00123173
2004,348,16,1510.63,115.094184,35.411454,209.31,0.00055154
2004,348,17,1605.04,115.093457,35.410915,269.11,-0.00047000
2004,349,0,0.00,115.093457,35.410915,269.11,0.00015972
2004,349,1,99.07,115.092766,35.410224,328.91,0.00102151
2004,349,2,198.14,115.092109,35.409523,328.91,0.00042369
2004,349,3,297.21,115.091801,35.408720,358.81,-0.00047931
2004,349,4,396.28,115.091031,35.408194,358.81,0.00092134
2004,349,5,495.35,115.090738,35.407387,328.91,-0.00004429
2004,349,6,594.42,115.090223,35.406645,358.81,-0.00084717
2004,349,7,693.49,115.089564,35.405944,358.81,0.00053977
2004,349,8,792.56,115.089082,35.405192,373.76,0.00098316
2004,349,9,891.63,115.088606,35.404439,358.81,-0.00003235
2004,349,10,990.70,115.088326,35.403628,373.76,-0.00106297
2004,349,11,1089.76,115.087635,35.402937,358.81,0.00001617
2004,349,12,1188.83,115.087152,35.402185,358.81,0.00050512
2004,349,13,1287.90,115.086670,35.401433,373.76,-0.00052359
2004,349,14,1386.97,115.086180,35.400683,358.81,-0.00098630
2004,349,15,1486.04,115.085497,35.399990,403.66,0.00052359
2004,349,16,1585.11,115.084806,35.399299,418.61,0.00100477
2004,349,17,1684.18,115.084532,35.398487,433.57,-0.00020776
2004,349,18,1783.25,115.083841,35.397796,403.66,-0.00000000
2004,349,19,1882.32,115.083485,35.397007,418.61,-0.00007918
2004,349,20,1981.39,115.082876,35.396292,418.61,-0.00000000
2004,349,21,2080.46,115.082407,35.395536,418.61,0.00025232
2004,349,22,2179.53,115.081912,35.394788,433.57,-0.00000000
2004,349,23,2278.60,115.081429,35.394036,433.57,0.00017996
2004,349,24,2377.67,115.080947,35.393284,448.52,0.00000000
2004,349,25,2476.74,115.080521,35.392516,463.47,-0.00043228
2004,349,26,2575.81,115.079982,35.391781,448.52,-0.00057388
2004,35,0,0.00,115.416042,35.648878,792.38,0.01068602
2004,35,1,31.50,115.416262,35.648659,822.28,0.01108261
2004,35,2,63.00,115.416581,35.648609,777.43,0.01147920
2004,350,0,0.00,115.093457,35.410915,1225.94,0.00203876
2004,350,1,70.20,115.093946,35.410425,1554.85,0.00213670
2004,350,2,140.40,115.094535,35.410106,822.28,0.00223464
2004,351,0,0.00,115.079982,35.391781,448.52,-0.00126935
2004,351,1,99.98,115.079702,35.390961,433.57,-0.00106297
2004,351,2,199.96,115.079174,35.390215,433.57,-0.00067868
2004,351,3,299.95,115.078724,35.389445,433.57,0.00000000
2004,351,4,399.93,115.078096,35.388728,448.52,0.00060509
2004,351,5,499.91,115.077747,35.387929,388.71,-0.00000000
2004,351,6,599.89,115.077258,35.387170,403.66,0.00014730
2004,351,7,699.88,115.076770,35.386412,418.61,0.00106297
2004,351,8,799.86,115.076479,35.385596,418.61,0.00061557
2004,351,9,899.84,115.076209,35.384774,418.61,0.00010920
2004,352,0,0.00,115.079982,35.391781,1061.49,0.00000000
2004,352,1,77.29,115.079443,35.392320,1031.59,0.00000000
2004,352,2,154.58,115.078904,35.392859,1091.39,0.00000000
2004,352,3,231.87,115.078365,35.393398,941.88,0.00000000
2004,353,0,0.00,115.076209,35.384774,448.52,0.00255879
2004,353,1,89.88,115.075484,35.384318,463.47,0.00252599
2004,353,2,179.77,115.075065,35.383630,403.66,0.00070588
2004,353,3,269.65,115.074647,35.382942,448.52,-0.00063987
2004,353,4,359.53,115.074053,35.382306,433.57,-0.00019747
2004,353,5,449.42,115.073602,35.381628,463.47,-0.00060673
2004,353,6,539.30,115.072975,35.381001,448.52,-0.00101683
2004,354,0,0.00,115.076209,35.384774,1121.29,0.00123875
2004,354,1,89.54,115.076833,35.384149,1240.89,0.00128968
2004,354,2,179.07,115.077557,35.383696,867.13,0.00134062
2004,355,0,0.00,115.072975,35.381001,463.47,-0.00147600
2004,355,1,96.63,115.072706,35.380209,418.61,-0.00146137
2004,355,2,193.27,115.072167,35.379495,418.61,-0.00065738
2004,355,3,289.90,115.071628,35.378782,418.61,-0.00024790
2004,355,4,386.53,115.071114,35.378062,343.86,-0.00074919
2004,355,5,483.17,115.070550,35.377497,358.81,-0.00087061
2004,356,0,0.00,115.072975,35.381001,1031.59,0.00000000
2004,356,1,96.62,115.072301,35.381675,1121.29,0.00000000
2004,356,2,193.24,115.071628,35.382348,941.88,0.00000000
2004,357,0,0.00,115.070550,35.377497,313.96,0.00000000
2004,357,1,95.40,115.070301,35.376710,269.11,-0.00058556
2004,357,2,190.79,115.070053,35.375923,254.16,-0.00116835
2004,357,3,286.19,115.069597,35.375197,254.16,-0.00228187
2004,357,4,381.59,115.069140,35.374471,343.86,-0.00412142
2004,357,5,476.98,115.068277,35.374147,343.86,-0.00303553
2004,357,6,572.38,115.067316,35.373994,284.06,-0.00122638
2004,358,0,0.00,115.070550,35.377497,807.33,0.00000000
2004,358,1,57.97,115.070145,35.377902,911.98,0.00000000
2004,358,2,115.94,115.069741,35.378306,941.88,0.00000000
2004,359,0,0.00,115.067316,35.373994,343.86,-0.00419075
2004,359,1,92.22,115.066613,35.373455,328.91,-0.00407872
2004,359,2,184.44,115.065598,35.373455,299.01,-0.00292580
2004,359,3,276.65,115.064583,35.373455,358.81,-0.00094245
2004,359,4,368.87,115.063724,35.373725,328.91,-0.00000000
2004,359,5,461.09,115.062709,35.373725,358.81,-0.00000000
2004,359,6,553.31,115.061850,35.373994,358.81,0.00094245
2004,359,7,645.53,115.060835,35.373994,388.71,0.00188490
2004,359,8,737.75,115.059820,35.373994,418.61,0.00198334
2004,359,9,829.96,115.058961,35.373725,224.26,0.00208179
2004,36,0,0.00,115.414694,35.648339,523.27,0.00000000
2004,36,1,72.67,115.414694,35.647685,254.16,0.00121618
2004,36,2,145.34,115.414694,35.647030,627.92,0.00250779
2004,36,3,218.00,115.414964,35.646453,687.72,0.00258323
2004,360,0,0.00,115.067316,35.373994,1181.09,-0.00868169
2004,360,1,34.27,115.067077,35.374233,1136.24,-0.00879904
2004,360,2,68.55,115.067046,35.374533,732.58,-0.00891639
2004,38,0,0.00,115.410652,35.648878,642.87,0.00000000
2004,38,1,98.40,115.410652,35.647992,299.01,0.00043797
2004,38,2,196.80,115.410652,35.647105,299.01,0.00166911
2004,38,3,295.20,115.410834,35.646271,583.07,0.00253669
2004,38,4,393.60,115.411312,35.645523,657.82,0.00180939
2004,38,5,492.00,115.411999,35.644836,882.08,0.00100768
2004,39,0,0.00,115.410652,35.648878,717.63,0.00390598
2004,39,1,68.11,115.410056,35.649148,179.41,0.00371703
2004,39,2,136.22,115.409304,35.649148,89.70,0.00352809
2004,4,0,0.00,115.651041,35.753981,1240.89,0.00314139
2004,4,1,82.83,115.651620,35.753403,568.12,0.00829914
2004,4,2,165.67,115.652397,35.753181,224.26,0.01329476
2004,4,3,248.50,115.652658,35.753852,657.82,0.00845253
2004,4,4,331.34,115.652389,35.754520,1794.06,0.00377244
2004,40,0,0.00,115.696855,35.783895,642.87,-0.00000000
2004,40,1,68.47,115.696586,35.784434,642.87,-0.00000000
2004,40,2,136.95,115.696316,35.784973,627.92,-0.00000000
2004,40,3,205.42,115.696047,35.785512,583.07,0.00000000
2004,41,0,0.00,115.696855,35.783895,822.28,-0.00296008
2004,41,1,88.69,115.696444,35.783215,1091.39,-0.00472756
2004,41,2,177.37,115.695695,35.782817,1794.06,-0.00581998
2004,41,3,266.06,115.694714,35.782817,1061.49,-0.00370303
2004,41,4,354.74,115.693891,35.783087,807.33,-0.00226113
2004,42,0,0.00,115.696855,35.783895,1794.06,0.00000000
2004,42,1,94.07,115.695815,35.783895,1510.00,0.00090486
2004,42,2,188.15,115.694774,35.783895,1629.61,0.00190407
2004,42,3,282.22,115.693891,35.783626,807.33,0.00199842
2004,43,0,0.00,115.696316,35.789555,657.82,0.00000000
2004,43,1,91.44,115.696316,35.788731,687.72,0.00000000
2004,43,2,182.88,115.696316,35.787906,508.32,0.00000000
2004,43,3,274.32,115.696316,35.787082,508.32,-0.00075980
2004,43,4,365.76,115.696316,35.786258,612.97,-0.00156535
2004,43,5,457.20,115.696047,35.785512,777.43,-0.00161109
2004,44,0,0.00,115.696316,35.789555,762.48,-0.00000000
2004,44,1,38.57,115.696047,35.789824,747.53,-0.00000000
2004,44,2,77.14,115.695777,35.790094,747.53,-0.00000000
2004,45,0,0.00,115.414964,35.646453,867.13,0.00134258
2004,45,1,89.40,115.415687,35.646907,418.61,0.00129144
2004,45,2,178.80,115.416311,35.647531,254.16,0.00124031
2004,46,0,0.00,115.414964,35.646453,627.92,-0.00270154
2004,46,1,88.60,115.414763,35.645713,672.77,-0.00263180
2004,46,2,177.20,115.414144,35.645094,777.43,-0.00191269
2004,46,3,265.79,115.413526,35.644476,867.13,-0.00131573
2004,46,4,354.39,115.412808,35.644028,941.88,-0.00136815
2004,47,0,0.00,115.411999,35.644836,882.08,0.00000000
2004,47,1,57.90,115.412404,35.644432,837.23,0.00000000
2004,47,2,115.79,115.412808,35.644028,777.43,0.00000000
2004,48,0,0.00,115.411999,35.644836,1210.99,-0.00238334
2004,48,1,86.47,115.411201,35.644567,1495.05,-0.00084967
2004,48,2,172.94,115.410247,35.644567,1091.39,0.00303310
2004,48,3,259.40,115.409495,35.644218,762.48,0.00600106
2004,48,4,345.87,115.408891,35.643614,612.97,0.00598615
2004,48,5,432.34,115.409035,35.642950,762.48,0.00535237
2004,49,0,0.00,115.696047,35.785512,1794.06,0.00187881
2004,49,1,92.38,115.695025,35.785512,1794.06,0.00197743
2004,49,2,184.76,115.694160,35.785243,1031.59,0.00207604
2004,5,0,0.00,115.522762,35.711940,1569.81,0.00000000
2004,5,1,60.97,115.523435,35.711940,1270.79,0.00000000
2004,5,2,121.93,115.524109,35.711940,762.48,0.00000000
2004,50,0,0.00,115.695777,35.790094,672.77,0.00139135
2004,50,1,95.48,115.695777,35.790954,642.87,0.00143262
2004,50,2,190.97,115.695508,35.791737,612.97,0.00073694
2004,50,3,286.45,115.695238,35.792519,642.87,0.00000000
2004,51,0,0.00,115.695777,35.790094,792.38,0.00000000
2004,51,1,96.71,115.695101,35.789418,777.43,0.00000000
2004,51,2,193.41,115.694426,35.788742,986.73,0.00000000
2004,51,3,290.12,115.693750,35.788067,1016.64,0.00105934
2004,51,4,386.82,115.693074,35.787391,837.23,0.00468860
2004,51,5,483.53,115.692813,35.786595,598.02,0.00600113
2004,51,6,580.23,115.693485,35.785918,807.33,0.00238128
2004,51,7,676.94,115.694160,35.785243,732.58,0.00001880
2004,52,0,0.00,115.412808,35.644028,672.77,-0.00313801
2004,52,1,64.15,115.412808,35.643449,687.72,-0.00323166
2004,52,2,128.30,115.412538,35.642950,702.67,-0.00332532
2004,53,0,0.00,115.409035,35.642950,747.53,0.00000000
2004,53,1,79.32,115.409911,35.642950,1420.30,0.00000000
2004,53,2,158.65,115.410787,35.642950,1749.21,0.00000000
2004,53,3,237.97,115.411662,35.642950,1390.40,0.00000000
2004,53,4,317.30,115.412538,35.642950,1390.40,0.00000000
2004,54,0,0.00,115.409035,35.642950,583.07,0.01773641
2004,54,1,38.60,115.408765,35.642680,642.87,0.01773641
2004,54,2,77.20,115.409035,35.642411,837.23,0.01773641
2004,55,0,0.00,115.694160,35.785243,687.72,0.00000000
2004,55,1,68.47,115.693891,35.784704,747.53,0.00000000
2004,55,2,136.95,115.693621,35.784165,747.53,0.00000000
2004,57,0,0.00,115.695238,35.792519,1794.06,0.00000000
2004,57,1,77.82,115.694377,35.792519,1794.06,0.00133861
2004,57,2,155.64,115.693516,35.792519,1794.06,0.00282309
2004,57,3,233.47,115.692813,35.792250,1076.44,0.00296898
2004,58,0,0.00,115.695238,35.792519,642.87,0.00000000
2004,58,1,89.71,115.695238,35.793328,612.97,0.00000000
2004,58,2,179.41,115.695238,35.794136,612.97,0.00000000
2004,58,3,269.12,115.695238,35.794945,598.02,0.00000000
2004,59,0,0.00,115.412538,35.642950,747.53,0.00000000
2004,59,1,59.80,115.412538,35.642411,642.87,0.00000000
2004,59,2,119.60,115.412538,35.641872,612.97,0.00000000
2004,6,0,0.00,115.522762,35.711940,269.11,0.00128163
2004,6,1,99.49,115.522762,35.711044,209.31,0.00131912
2004,6,2,198.97,115.523031,35.710225,239.21,-0.00000000
2004,6,3,298.46,115.523301,35.709407,239.21,-0.00131912
2004,6,4,397.94,115.523301,35.708510,224.26,-0.00064081
2004,6,5,497.43,115.523301,35.707614,224.26,-0.00064081
2004,6,6,596.91,115.523301,35.706717,239.21,-0.00064081
2004,6,7,696.40,115.523031,35.705899,254.16,-0.00000000
2004,6,8,795.88,115.523031,35.705002,239.21,-0.00005613
2004,6,9,895.37,115.522762,35.704184,179.41,-0.00007501
2004,6,10,994.85,115.522739,35.703294,179.41,-0.00173194
2004,6,11,1094.34,115.522462,35.702478,209.31,-0.00223084
2004,6,12,1193.83,115.521767,35.701783,224.26,-0.00000000
2004,6,13,1293.31,115.521281,35.701027,299.01,-0.00000000
2004,6,14,1392.80,115.520795,35.700272,343.86,-0.00051778
2004,6,15,1492.28,115.520100,35.699577,373.76,-0.00019362
2004,6,16,1591.77,115.519614,35.698822,373.76,-0.00099094
2004,6,17,1691.25,115.518879,35.698196,358.81,-0.00111193
2004,6,18,1790.74,115.518126,35.697602,358.81,-0.00053634
2004,6,19,1890.22,115.517332,35.697078,358.81,0.00031461
2004,6,20,1989.71,115.516538,35.696554,358.81,0.00103469
2004,6,21,2089.19,115.515843,35.695859,373.76,0.00049836
2004,6,22,2188.68,115.515148,35.695164,373.76,-0.00049836
2004,6,23,2288.16,115.514454,35.694469,358.81,-0.00049836
2004,6,24,2387.65,115.513660,35.693945,328.91,0.00049836
2004,6,25,2487.14,115.512965,35.693250,328.91,0.00000000
2004,6,26,2586.62,115.512270,35.692555,358.81,-0.00088037
2004,6,27,2686.11,115.511476,35.692031,343.86,-0.00000000
2004,6,28,2785.59,115.510710,35.691459,343.86,0.00023463
2004,6,29,2885.08,115.509988,35.690812,313.96,-0.00053634
2004,6,30,2984.56,115.509194,35.690287,269.11,-0.00095436
2004,6,31,3084.05,115.508400,35.689763,269.11,-0.00107270
2004,6,32,3183.53,115.507507,35.689409,284.06,0.00000000
2004,6,33,3283.02,115.506626,35.689033,239.21,0.00116686
2004,6,34,3382.50,115.505820,35.688530,239.21,0.00056541
2004,6,35,3481.99,115.505055,35.687955,299.01,-0.00083218
2004,6,36,3581.48,115.504232,35.687482,343.86,-0.00056541
2004,6,37,3680.96,115.503339,35.687128,328.91,0.00017261
2004,6,38,3780.45,115.502545,35.686603,388.71,-0.00025335
2004,6,39,3879.93,115.501652,35.686249,328.91,0.00000000
2004,6,40,3979.42,115.500815,35.685799,343.86,-0.00007285
2004,6,41,4078.90,115.499965,35.685371,328.91,-0.00058177
2004,6,42,4178.39,115.499072,35.685017,358.81,0.00017650
2004,6,43,4277.87,115.498179,35.684663,328.91,0.00014304
2004,6,44,4377.36,115.497359,35.684182,313.96,-0.00086484
2004,6,45,4476.84,115.496417,35.683913,313.96,0.00029736
2004,6,46,4576.33,115.495500,35.683600,313.96,0.00101453
2004,6,47,4675.82,115.494706,35.683076,269.11,-0.00044040
2004,6,48,4775.30,115.493813,35.682722,254.16,-0.00062463
2004,6,49,4874.79,115.492920,35.682368,254.16,0.00058177
2004,6,50,4974.27,115.492020,35.682026,224.26,0.00008570
2004,6,51,5073.76,115.491233,35.681489,269.11,-0.00115342
2004,6,52,5173.24,115.490241,35.681306,209.31,-0.00004285
2004,6,53,5272.73,115.489350,35.680948,239.21,0.00091559
2004,6,54,5372.21,115.488455,35.680598,254.16,0.00006580
2004,6,55,5471.70,115.487622,35.680140,299.01,0.00000000
2004,6,56,5571.18,115.486680,35.679870,284.06,0.00045107
2004,6,57,5670.67,115.485894,35.679331,299.01,-0.00045983
2004,6,58,5770.16,115.484982,35.679011,343.86,0.00006490
2004,6,59,5869.64,115.484089,35.678657,373.76,0.00069765
2004,6,60,5969.13,115.483295,35.678133,373.76,-0.00058177
2004,6,61,6068.61,115.482402,35.677779,343.86,-0.00000000
2004,6,62,6168.10,115.481509,35.677424,388.71,0.00114719
2004,6,63,6267.58,115.480715,35.676900,418.61,0.00056541
2004,6,64,6367.07,115.479921,35.676376,418.61,-0.00056541
2004,6,65,6466.55,115.479127,35.675851,388.71,-0.00056541
2004,6,66,6566.04,115.478234,35.675497,388.71,0.00056541
2004,6,67,6665.52,115.477440,35.674973,388.71,0.00050850
2004,6,68,6765.01,115.476646,35.674448,403.66,-0.00056541
2004,6,69,6864.49,115.475842,35.673941,388.71,0.00011352
2004,6,70,6963.98,115.474959,35.673570,448.52,0.00056541
2004,6,71,7063.47,115.474264,35.672875,448.52,-0.00082006
2004,6,72,7162.95,115.473371,35.672521,433.57,0.00000000
2004,6,73,7262.44,115.472543,35.672055,433.57,0.00085761
2004,6,74,7361.92,115.471783,35.671472,478.42,-0.00056541
2004,6,75,7461.41,115.470973,35.670977,463.47,-0.00000000
2004,6,76,7560.89,115.470096,35.670594,448.52,0.00160010
2004,6,77,7660.38,115.469402,35.669899,463.47,0.00188106
2004,60,0,0.00,115.695238,35.794945,1300.70,0.00187994
2004,60,1,76.12,115.695869,35.795306,971.78,0.00141741
2004,60,2,152.25,115.696401,35.795838,882.08,-0.00093997
2004,60,3,228.37,115.696979,35.796292,1136.24,-0.00248851
2004,60,4,304.50,115.697664,35.796562,717.63,-0.00214220
2004,61,0,0.00,115.695238,35.794945,627.92,-0.00049254
2004,61,1,79.09,115.694969,35.795579,523.27,-0.00108441
2004,61,2,158.18,115.694760,35.796231,568.12,-0.00163783
2004,61,3,237.26,115.694699,35.796927,523.27,-0.00102114
2004,61,4,316.35,115.694699,35.797639,568.12,-0.00044288
2004,62,0,0.00,115.412538,35.641872,1225.94,-0.00155737
2004,62,1,83.30,115.413219,35.641460,1061.49,-0.00149531
2004,62,2,166.60,115.413801,35.640879,926.93,-0.00071662
2004,62,3,249.90,115.414382,35.640297,867.13,0.00000000
2004,62,4,333.20,115.414964,35.639716,822.28,0.00000000
2004,63,0,0.00,115.412538,35.641872,687.72,0.00352806
2004,63,1,87.38,115.411999,35.641241,627.92,0.00348534
2004,63,2,174.76,115.411999,35.640453,747.53,-0.00017782
2004,63,3,262.13,115.411999,35.639666,672.77,-0.00419175
2004,63,4,349.51,115.411460,35.639177,777.43,-0.00458523
2004,64,0,0.00,115.697664,35.796562,612.97,0.00000000
2004,64,1,29.90,115.697664,35.796831,568.12,0.00000000
2004,64,2,59.80,115.697664,35.797101,523.27,0.00000000
2004,65,0,0.00,115.697664,35.796562,941.88,0.01119359
2004,65,1,50.75,115.698018,35.796377,1046.54,0.01015410
2004,65,2,101.50,115.698472,35.796562,807.33,0.00911462
2004,66,0,0.00,115.694699,35.797639,837.23,0.00000000
2004,66,1,84.19,115.694012,35.798058,762.48,-0.00195774
2004,66,2,168.39,115.693324,35.798476,627.92,-0.00471741
2004,66,3,252.58,115.693082,35.799164,538.22,-0.00266408
2004,66,4,336.78,115.693082,35.799923,538.22,0.00104962
2004,66,5,420.97,115.692813,35.800604,328.91,0.00190805
2004,67,0,0.00,115.694699,35.797639,807.33,0.00000000
2004,67,1,94.93,115.695362,35.798303,792.38,0.00098658
2004,67,2,189.86,115.696026,35.798966,657.82,0.00354290
2004,67,3,284.78,115.696316,35.799737,523.27,0.00406380
2004,67,4,379.71,115.696047,35.800515,284.06,0.00176631
2004,67,5,474.64,115.695777,35.801292,328.91,0.00189237
2004,67,6,569.57,115.695416,35.802043,553.17,0.00303142
2004,67,7,664.49,115.694653,35.802536,642.87,0.00139789
2004,67,8,759.42,115.693891,35.803029,687.72,-0.00000000
2004,68,0,0.00,115.411460,35.639177,568.12,-0.00368653
2004,68,1,87.80,115.411595,35.638503,657.82,-0.00351534
2004,68,2,175.60,115.411191,35.637829,657.82,-0.00334415
2004,69,0,0.00,115.411460,35.639177,941.88,0.00000000
2004,69,1,88.74,115.410841,35.639796,926.93,0.00203020
2004,69,2,177.48,115.410221,35.640416,1181.09,0.00418333
2004,69,3,266.22,115.409304,35.640524,807.33,0.00430626
2004,7,0,0.00,115.652389,35.754520,254.16,-0.00182608
2004,7,1,98.54,115.653164,35.755059,149.51,-0.00197266
2004,7,2,197.08,115.654097,35.755329,179.41,-0.00094078
2004,7,3,295.62,115.655049,35.755564,209.31,0.00023825
2004,7,4,394.16,115.655962,35.755868,209.31,-0.00090651
2004,7,5,492.70,115.656894,35.756137,179.41,-0.00102592
2004,7,6,591.23,115.657984,35.756137,209.31,0.00014693
2004,7,7,689.77,115.658916,35.756407,179.41,-0.00000000
2004,7,8,788.31,115.659979,35.756452,194.36,-0.00029144
2004,7,9,886.85,115.660938,35.756676,209.31,-0.00041354
2004,7,10,985.39,115.662028,35.756676,209.31,0.00014451
2004,7,11,1083.93,115.663037,35.756814,239.21,0.00069460
2004,7,12,1182.47,115.664050,35.756946,209.31,-0.00000000
2004,7,13,1281.01,115.665009,35.757170,224.26,-0.00013229
2004,7,14,1379.55,115.666072,35.757215,269.11,0.00000000
2004,7,15,1478.09,115.667005,35.757485,269.11,-0.00097116
2004,7,16,1576.63,115.668094,35.757485,269.11,-0.00011940
2004,7,17,1675.17,115.669184,35.757485,299.01,0.00082239
2004,7,18,1773.70,115.670138,35.757717,313.96,-0.00059564
2004,7,19,1872.24,115.671206,35.757754,358.81,0.00000000
2004,7,20,1970.78,115.672295,35.757754,358.81,0.00071504
2004,7,21,2069.32,115.673228,35.758024,358.81,-0.00082239
2004,7,22,2167.86,115.674318,35.758024,388.71,0.00000000
2004,7,23,2266.40,115.675407,35.758024,388.71,0.00082239
2004,7,24,2364.94,115.676340,35.758293,418.61,-0.00000000
2004,7,25,2463.48,115.677429,35.758293,388.71,-0.00000000
2004,7,26,2562.02,115.678362,35.758563,388.71,0.00000000
2004,7,27,2660.56,115.679451,35.758563,418.61,0.00000000
2004,7,28,2759.10,115.680384,35.758832,418.61,-0.00082239
2004,7,29,2857.63,115.681473,35.758832,418.61,-0.00000000
2004,7,30,2956.17,115.682563,35.758832,418.61,0.00166257
2004,7,31,3054.71,115.683496,35.759102,418.61,0.00000000
2004,7,32,3153.25,115.684439,35.759352,418.61,-0.00110902
2004,7,33,3251.79,115.685518,35.759371,418.61,-0.00000000
2004,7,34,3350.33,115.686511,35.759537,343.86,0.00061006
2004,7,35,3448.87,115.687540,35.759641,328.91,0.00000000
2004,7,36,3547.41,115.688472,35.759910,328.91,-0.00034123
2004,7,37,3645.95,115.689562,35.759910,299.01,0.00090651
2004,7,38,3744.49,115.690494,35.760180,284.06,0.00000000
2004,7,39,3843.03,115.691427,35.760449,269.11,-0.00090651
2004,7,40,3941.57,115.692516,35.760449,269.11,0.00022495
2004,7,41,4040.10,115.693449,35.760719,239.21,0.00048722
2004,7,42,4138.64,115.694498,35.760788,224.26,0.00063472
2004,7,43,4237.18,115.695385,35.761135,254.16,0.00037246
2004,7,44,4335.72,115.696371,35.761313,239.21,0.00059377
2004,7,45,4434.26,115.697258,35.761661,284.06,0.00000000
2004,7,46,4532.80,115.698145,35.762009,343.86,0.00059307
2004,7,47,4631.34,115.699131,35.762186,433.57,0.00281829
2004,7,48,4729.88,115.699820,35.762875,448.52,0.00326289
2004,70,0,0.00,115.411460,35.639177,1001.69,-0.00305246
2004,70,1,76.77,115.410769,35.638907,1390.40,-0.00290272
2004,70,2,153.55,115.409922,35.638907,1794.06,-0.00137649
2004,70,3,230.32,115.409074,35.638907,1196.04,0.00000000
2004,70,4,307.10,115.408226,35.638907,343.86,0.00000000
2004,71,0,0.00,115.692813,35.800604,1794.06,0.00354014
2004,71,1,68.00,115.692060,35.800604,1166.14,0.00373013
2004,71,2,136.01,115.691465,35.800334,971.78,0.00392012
2004,72,0,0.00,115.692813,35.800604,328.91,-0.00083180
2004,72,1,83.79,115.692813,35.801359,269.11,-0.00099321
2004,72,2,167.58,115.692939,35.802078,493.37,-0.00366328
2004,72,3,251.38,115.693107,35.802784,657.82,-0.00619380
2004,72,4,335.17,115.693891,35.803029,583.07,-0.00621567
2004,74,0,0.00,115.693891,35.803029,448.52,0.00000000
2004,74,1,97.15,115.693891,35.803905,403.66,0.00000000
2004,74,2,194.30,115.693891,35.804781,373.76,-0.00000000
2004,74,3,291.45,115.693891,35.805656,299.01,0.00000000
2004,74,4,388.60,115.693891,35.806532,239.21,-0.00067143
2004,74,5,485.75,115.693891,35.807407,269.11,-0.00067143
2004,74,6,582.90,115.694160,35.808205,239.21,0.00067143
2004,74,7,680.05,115.694160,35.809080,224.26,-0.00000000
2004,74,8,777.20,115.694160,35.809956,179.41,-0.00117036
2004,74,9,874.35,115.694430,35.810753,209.31,-0.00071098
2004,74,10,971.50,115.694620,35.811574,239.21,-0.00042540
2004,74,11,1068.65,115.694969,35.812348,194.36,0.00028002
2004,74,12,1165.80,115.695238,35.813146,209.31,0.00051597
2004,74,13,1262.95,115.695403,35.813974,224.26,-0.00056229
2004,74,14,1360.10,115.695664,35.814774,254.16,-0.00025692
2004,74,15,1457.25,115.696047,35.815538,239.21,0.00099325
2004,74,16,1554.40,115.696186,35.816374,239.21,0.00101785
2004,74,17,1651.55,115.696316,35.817211,224.26,0.00000000
2004,74,18,1748.70,115.696316,35.818087,254.16,-0.00106355
2004,74,19,1845.85,115.696586,35.818884,313.96,-0.00002200
2004,74,20,1943.00,115.696855,35.819682,328.91,0.00071098
2004,74,21,2040.15,115.696864,35.820555,328.91,-0.00064328
2004,74,22,2137.30,115.697125,35.821355,343.86,-0.00133056
2004,75,0,0.00,115.411191,35.637829,1794.06,0.00000000
2004,75,1,76.78,115.410343,35.637829,1794.06,0.00000000
2004,75,2,153.55,115.409496,35.637829,1495.05,0.00137645
2004,75,3,230.33,115.408648,35.637829,777.43,0.00290264
2004,75,4,307.10,115.407957,35.637560,702.67,0.00305237
2004,76,0,0.00,115.411191,35.637829,598.02,-0.00159564
2004,76,1,91.97,115.411460,35.637079,553.17,-0.00209042
2004,76,2,183.94,115.411460,35.636250,523.27,-0.00150492
2004,76,3,275.90,115.411265,35.635478,612.97,-0.00012840
2004,76,4,367.87,115.411191,35.634670,598.02,-0.00160917
2004,76,5,459.84,115.411024,35.633890,612.97,-0.00305360
2004,76,6,551.81,115.410382,35.633248,657.82,-0.00272100
2004,77,0,0.00,115.409304,35.640524,732.58,0.00000000
2004,77,1,29.90,115.409304,35.640794,732.58,0.00000000
2004,77,2,59.80,115.409304,35.641063,627.92,0.00000000
2004,78,0,0.00,115.409304,35.640524,747.53,-0.00396352
2004,78,1,50.80,115.408950,35.640169,867.13,-0.00417838
2004,78,2,101.61,115.408496,35.639985,1001.69,-0.00439324
2004,79,0,0.00,115.697125,35.821355,1210.99,0.00207792
2004,79,1,92.34,115.696260,35.821625,1794.06,0.00197916
2004,79,2,184.68,115.695238,35.821625,687.72,0.00188040
2004,8,0,0.00,115.469402,35.669899,538.22,0.00291526
2004,8,1,87.39,115.468494,35.669800,403.66,0.00295667
2004,8,2,174.78,115.467785,35.669360,388.71,0.00299808
2004,80,0,0.00,115.697125,35.821355,388.71,0.00330117
2004,80,1,90.38,115.697664,35.822013,313.96,0.00247512
2004,80,2,180.77,115.697664,35.822828,328.91,0.00082454
2004,80,3,271.15,115.697933,35.823565,269.11,0.00077759
2004,80,4,361.54,115.697933,35.824379,269.11,0.00077759
2004,80,5,451.92,115.697933,35.825194,328.91,0.00077759
2004,80,6,542.30,115.697933,35.826008,343.86,0.00160213
2004,80,7,632.69,115.697664,35.826745,388.71,0.00164907
2004,81,0,0.00,115.410382,35.633248,598.02,-0.00540019
2004,81,1,49.20,115.410382,35.632804,568.12,-0.00551214
2004,81,2,98.40,115.410113,35.632439,612.97,-0.00562409
2004,82,0,0.00,115.410382,35.633248,867.13,-0.00000000
2004,82,1,89.16,115.409760,35.633870,792.38,-0.00000000
2004,82,2,178.32,115.409137,35.634493,926.93,-0.00018591
2004,82,3,267.48,115.408515,35.635115,822.28,-0.00126470
2004,82,4,356.64,115.407957,35.635757,642.87,-0.00200167
2004,82,5,445.80,115.407687,35.636482,598.02,-0.00184576
2004,83,0,0.00,115.697664,35.826745,1794.06,0.00000000
2004,83,1,12.18,115.697529,35.826745,1794.06,0.00000000
2004,83,2,24.35,115.697394,35.826745,1794.06,0.00000000
2004,84,0,0.00,115.697664,35.826745,343.86,0.00169995
2004,84,1,89.05,115.697933,35.827469,358.81,0.00165137
2004,84,2,178.11,115.697933,35.828272,358.81,0.00042223
2004,84,3,267.16,115.697933,35.829075,343.86,-0.00165137
2004,84,4,356.21,115.698063,35.829840,358.81,-0.00085765
2004,84,5,445.26,115.698472,35.830524,358.81,0.00165137
2004,84,6,534.32,115.698472,35.831326,373.76,0.00247362
2004,85,0,0.00,115.410113,35.632439,1674.46,0.00206814
2004,85,1,92.53,115.409248,35.632709,1794.06,0.00197013
2004,85,2,185.06,115.408226,35.632709,882.08,0.00187213
2004,86,0,0.00,115.410113,35.632439,553.17,-0.00890681
2004,86,1,34.25,115.410083,35.632139,463.47,-0.00879063
2004,86,2,68.50,115.409843,35.631900,657.82,-0.00867445
2004,87,0,0.00,115.698472,35.831326,762.48,-0.00208935
2004,87,1,72.39,115.697867,35.831662,583.07,-0.00199894
2004,87,2,144.77,115.697361,35.832168,508.32,-0.00095426
2004,87,3,217.16,115.696855,35.832674,553.17,0.00000000
2004,88,0,0.00,115.698472,35.831326,343.86,0.00137488
2004,88,1,98.73,115.698742,35.832138,343.86,0.00133689
2004,88,2,197.47,115.698742,35.833028,299.01,0.00019184
2004,88,3,296.20,115.698742,35.833918,328.91,-0.00064945
2004,88,4,394.94,115.698933,35.834752,373.76,-0.00089267
2004,88,5,493.67,115.699011,35.835619,358.81,-0.00068744
2004,88,6,592.40,115.699478,35.836374,373.76,0.00051884
2004,88,7,691.14,115.699550,35.837243,358.81,0.00054629
2004,88,8,789.87,115.699820,35.838055,358.81,0.00018199
2004,88,9,888.61,115.699876,35.838928,373.76,-0.00040061
2004,88,10,987.34,115.700089,35.839757,358.81,-0.00085393
2004,88,11,1086.07,115.700359,35.840568,358.81,-0.00084787
2004,88,12,1184.81,115.700692,35.841362,343.86,-0.00039155
2004,88,13,1283.54,115.701167,35.842114,388.71,0.00000000
2004,88,14,1382.28,115.701445,35.842923,358.81,-0.00106610
2004,88,15,1481.01,115.701976,35.843660,284.06,-0.00130654
2004,88,16,1579.74,115.702616,35.844364,269.11,-0.00000000
2004,88,17,1678.48,115.703306,35.845054,209.31,0.00038459
2004,88,18,1777.21,115.703787,35.845804,239.21,-0.00049961
2004,88,19,1875.95,115.704477,35.846494,224.26,-0.00100516
2004,88,20,1974.68,115.705167,35.847185,239.21,-0.00078892
2004,88,21,2073.41,115.705957,35.847704,239.21,-0.00111828
2004,88,22,2172.15,115.706699,35.848304,269.11,-0.00198312
2004,88,23,2270.88,115.707635,35.848574,313.96,-0.00229642
2004,89,0,0.00,115.409843,35.631900,1794.06,0.00000000
2004,89,1,12.21,115.409709,35.631900,1794.06,0.00000000
2004,89,2,24.41,115.409574,35.631900,1794.06,0.00000000
2004,9,0,0.00,115.469402,35.669899,1450.20,-0.00192189
2004,9,1,83.98,115.469671,35.669221,1031.59,-0.00265811
2004,9,2,167.95,115.469671,35.668464,717.63,-0.00775077
2004,9,3,251.93,115.469434,35.667776,403.66,-0.01293383
2004,9,4,335.91,115.468749,35.668127,1330.60,-0.00847939
2004,9,5,419.88,115.468162,35.668713,1794.06,-0.00233328
2004,9,6,503.86,115.467785,35.669360,1794.06,-0.00146824
2004,90,0,0.00,115.409843,35.631900,583.07,-0.00152396
2004,90,1,94.05,115.410113,35.631131,523.27,-0.00148093
2004,90,2,188.11,115.410113,35.630283,508.32,-0.00071895
2004,90,3,282.16,115.410113,35.629436,508.32,-0.00071895
2004,90,4,376.21,115.410113,35.628588,493.37,-0.00148093
2004,90,5,470.26,115.409843,35.627819,493.37,-0.00076198
2004,90,6,564.32,115.409574,35.627049,463.47,0.00000000
2004,91,0,0.00,115.707635,35.848574,284.06,-0.00364417
2004,91,1,92.07,115.708069,35.849278,373.76,-0.00441714
2004,91,2,184.14,115.708912,35.849581,373.76,-0.00123793
2004,91,3,276.20,115.709853,35.849714,373.76,0.00135713
2004,91,4,368.27,115.710497,35.850358,343.86,-0.00160584
2004,91,5,460.34,115.711438,35.850491,299.01,-0.00305776
2004,91,6,552.41,115.712318,35.850730,269.11,-0.00385354
2004,91,7,644.48,115.713179,35.850460,224.26,-0.00321061
2004,91,8,736.55,115.713965,35.850060,209.31,-0.00108898
2004,91,9,828.61,115.714707,35.849586,149.51,-0.00028000
2004,91,10,920.68,115.715450,35.849113,224.26,0.00000000
2004,92,0,0.00,115.707635,35.848574,1435.25,-0.00000000
2004,92,1,67.64,115.708108,35.848101,1480.10,0.00230130
2004,92,2,135.29,115.708580,35.847628,493.37,0.00480288
2004,92,3,202.93,115.709252,35.847496,433.57,0.00500315
2004,93,0,0.00,115.409574,35.627049,463.47,0.00123784
2004,93,1,95.23,115.409327,35.626263,463.47,0.00057455
2004,93,2,190.46,115.409304,35.625411,463.47,0.00000000
2004,93,3,285.69,115.409041,35.624630,433.57,0.00002899
2004,93,4,380.93,115.409035,35.623773,388.71,0.00000000
2004,93,5,476.16,115.408765,35.622993,433.57,0.00001538
2004,93,6,571.39,115.408765,35.622135,388.71,0.00000000
2004,93,7,666.62,115.408496,35.621355,358.81,0.00070105
2004,93,8,761.85,115.408496,35.620497,373.76,-0.00000000
2004,93,9,857.08,115.408496,35.619638,358.81,-0.00070105
2004,93,10,952.31,115.408226,35.618858,358.81,0.00000000
2004,93,11,1047.54,115.408226,35.618000,358.81,0.00000000
2004,93,12,1142.78,115.407957,35.617220,328.91,-0.00000000
2004,93,13,1238.01,115.407957,35.616362,328.91,-0.00000000
2004,93,14,1333.24,115.407687,35.615582,313.96,0.00000000
2004,93,15,1428.47,115.407687,35.614724,313.96,0.00000000
2004,93,16,1523.70,115.407418,35.613944,313.96,0.00070105
2004,93,17,1618.93,115.407418,35.613086,328.91,0.00070105
2004,93,18,1714.16,115.407418,35.612227,269.11,0.00000000
2004,94,0,0.00,115.409574,35.627049,926.93,-0.00148032
2004,94,1,85.34,115.408879,35.627475,792.38,-0.00142223
2004,94,2,170.68,115.408283,35.628071,672.77,-0.00068207
2004,94,3,256.02,115.407687,35.628666,747.53,-0.00000000
2004,95,0,0.00,115.715450,35.849113,209.31,-0.00105559
2004,95,1,96.10,115.716122,35.848441,209.31,-0.00000000
2004,95,2,192.19,115.716585,35.847709,299.01,0.00106205
2004,95,3,288.29,115.717355,35.847208,358.81,0.00004382
2004,95,4,384.39,115.718027,35.846536,358.81,-0.00000000
2004,95,5,480.48,115.718707,35.845879,448.52,0.00048815
2004,95,6,576.58,115.719470,35.845363,433.57,-0.00053426
2004,95,7,672.67,115.720032,35.844801,508.32,-0.00106395
2004,96,0,0.00,115.715450,35.849113,1046.54,0.00000000
2004,96,1,68.46,115.715720,35.849652,717.63,0.00000000
2004,96,2,136.92,115.715989,35.850191,358.81,0.00000000
2004,97,0,0.00,115.407418,35.612227,299.01,0.00285056
2004,97,1,97.74,115.406879,35.611503,269.11,0.00212970
2004,97,2,195.48,115.406879,35.610622,269.11,0.00059655
2004,97,3,293.21,115.406609,35.609820,239.21,-0.00009581
2004,97,4,390.95,115.406567,35.608951,254.16,-0.00048499
2004,97,5,488.69,115.406303,35.608147,269.11,-0.00050945
2004,97,6,586.43,115.406070,35.607334,269.11,-0.00011156
2004,97,7,684.16,115.405801,35.606532,299.01,0.00060526
2004,97,8,781.90,115.405531,35.605729,254.16,0.00070442
2004,97,9,879.64,115.405531,35.604848,299.01,-0.00070442
2004,97,10,977.38,115.405262,35.604046,299.01,-0.00000000
2004,97,11,1075.11,115.404992,35.603243,313.96,0.00092510
2004,97,12,1172.85,115.404992,35.602363,269.11,0.00000000
2004,97,13,1270.59,115.404810,35.601535,254.16,0.00017365
2004,97,14,1368.33,115.404723,35.600679,299.01,-0.00000000
2004,97,15,1466.06,115.404698,35.599806,269.11,-0.00052634
2004,97,16,1563.80,115.404454,35.598996,269.11,-0.00000000
2004,97,17,1661.54,115.404377,35.598137,284.06,-0.00000000
2004,97,18,1759.28,115.404184,35.597313,284.06,0.00000000
2004,97,19,1857.01,115.404056,35.596469,269.11,0.00045339
2004,97,20,1954.75,115.403915,35.595629,284.06,0.00060203
2004,97,21,2052.49,115.403915,35.594748,299.01,-0.00032138
2004,97,22,2150.23,115.403888,35.593875,313.96,-0.00123609
2004,97,23,2247.97,115.403645,35.593065,328.91,-0.00070442
2004,97,24,2345.70,115.403376,35.592262,343.86,0.00045775
2004,97,25,2443.44,115.403106,35.591460,358.81,0.00070442
2004,97,26,2541.18,115.403037,35.590599,373.76,-0.00034648
2004,97,27,2638.92,115.402837,35.589777,388.71,-0.00070442
2004,97,28,2736.65,115.402567,35.588974,388.71,0.00052278
2004,97,29,2834.39,115.402298,35.588172,388.71,0.00070442
2004,97,30,2932.13,115.402298,35.587291,418.61,-0.00070442
2004,97,31,3029.87,115.402028,35.586488,388.71,-0.00040787
2004,97,32,3127.60,115.401759,35.585686,388.71,0.00070442
2004,97,33,3225.34,115.401601,35.584851,418.61,0.00080220
2004,97,34,3323.08,115.401489,35.584003,373.76,0.00066515
2004,97,35,3420.82,115.401489,35.583122,418.61,0.00054162
2004,98,0,0.00,115.407418,35.612227,1166.14,0.00277744
2004,98,1,80.34,115.408148,35.611958,1794.06,0.00264165
2004,98,2,160.69,115.409035,35.611958,822.28,0.00250587
2004,99,0,0.00,115.720032,35.844801,493.37,0.00762903
2004,99,1,73.53,115.720128,35.844166,463.47,0.00787248
2004,99,2,147.06,115.720840,35.843993,642.87,0.00811592
