year,link_id,sample_idx,s_m,lon,lat,B_m,C_1m
2020,0,0,0.00,115.701976,35.764222,44.85,0.00000000
2020,0,1,60.93,115.701302,35.764222,1450.20,0.00000000
2020,0,2,121.85,115.700628,35.764222,1510.00,0.00000000
2020,1,0,0.00,115.700628,35.764222,209.31,-0.00152121
2020,1,1,94.04,115.700359,35.764992,179.41,-0.00084389
2020,1,2,188.08,115.700359,35.765839,254.16,0.00000000
2020,1,3,282.12,115.700119,35.766617,269.11,0.00016711
2020,1,4,376.16,115.700089,35.767456,299.01,-0.00054915
2020,1,5,470.21,115.699820,35.768226,328.91,-0.00151938
2020,1,6,564.25,115.700028,35.769012,388.71,0.00039521
2020,1,7,658.29,115.700089,35.769842,373.76,0.00219616
2020,1,8,752.33,115.699820,35.770612,388.71,0.00015394
2020,1,9,846.37,115.699550,35.771381,418.61,-0.00076060
2020,1,10,940.41,115.699550,35.772229,388.71,-0.00000000
2020,1,11,1034.45,115.699281,35.772998,388.71,-0.00071778
2020,1,12,1128.49,115.699281,35.773846,448.52,-0.00071778
2020,1,13,1222.54,115.699281,35.774693,478.42,0.00063450
2020,1,14,1316.58,115.699281,35.775541,448.52,0.00071778
2020,1,15,1410.62,115.699041,35.776319,478.42,-0.00047805
2020,1,16,1504.66,115.699011,35.777158,493.37,-0.00112265
2020,10,0,0.00,115.562377,35.737273,433.57,-0.00225914
2020,10,1,88.72,115.561554,35.737003,358.81,-0.00369934
2020,10,2,177.44,115.560573,35.737003,104.65,-0.00581515
2020,10,3,266.16,115.559824,35.737401,358.81,-0.00472550
2020,10,4,354.88,115.559413,35.738081,523.27,-0.00296021
2020,100,0,0.00,115.413347,35.649687,986.73,-0.00000000
2020,100,1,98.19,115.414032,35.649001,1061.49,0.00051196
2020,100,2,196.39,115.414718,35.648316,986.73,0.00106332
2020,100,3,294.58,115.415503,35.647801,747.53,0.00110272
2020,102,0,0.00,115.417389,35.650765,747.53,-0.00000000
2020,102,1,19.30,115.417524,35.650630,732.58,-0.00000000
2020,102,2,38.60,115.417659,35.650495,687.72,-0.00000000
2020,103,0,0.00,115.849928,35.853155,358.81,0.00455681
2020,103,1,97.06,115.851003,35.853155,313.96,0.00369249
2020,103,2,194.12,115.851682,35.853832,373.76,0.00120624
2020,103,3,291.18,115.852522,35.854233,373.76,0.00014986
2020,103,4,388.24,115.853238,35.854848,388.71,0.00000000
2020,103,5,485.30,115.854016,35.855356,403.66,-0.00035770
2020,103,6,582.36,115.854793,35.855865,358.81,0.00056411
2020,103,7,679.43,115.855571,35.856373,403.66,-0.00000000
2020,103,8,776.49,115.856250,35.857051,448.52,-0.00115895
2020,103,9,873.55,115.857127,35.857390,433.57,-0.00045369
2020,103,10,970.61,115.857904,35.857898,448.52,0.00059485
2020,103,11,1067.67,115.858758,35.858276,448.52,0.00066154
2020,103,12,1164.73,115.859460,35.858914,433.57,0.00000000
2020,103,13,1261.79,115.860278,35.859354,448.52,0.00002505
2020,103,14,1358.85,115.861016,35.859931,463.47,0.00056411
2020,103,15,1455.91,115.861793,35.860439,433.57,0.00033121
2020,103,16,1552.97,115.862472,35.861118,448.52,0.00000000
2020,103,17,1650.03,115.863249,35.861626,403.66,-0.00000000
2020,103,18,1747.09,115.863928,35.862304,433.57,-0.00000000
2020,103,19,1844.15,115.864706,35.862813,463.47,0.00052343
2020,103,20,1941.22,115.865384,35.863491,433.57,0.00052343
2020,103,21,2038.28,115.866062,35.864169,403.66,-0.00000000
2020,103,22,2135.34,115.866741,35.864848,388.71,-0.00052343
2020,103,23,2232.40,115.867419,35.865526,433.57,-0.00079339
2020,103,24,2329.46,115.868197,35.866034,373.76,-0.00000000
2020,103,25,2426.52,115.868924,35.866630,358.81,0.00053021
2020,103,26,2523.58,115.869653,35.867221,343.86,-0.00000000
2020,103,27,2620.64,115.870332,35.867900,388.71,-0.00035931
2020,103,28,2717.70,115.871109,35.868408,358.81,0.00000000
2020,103,29,2814.76,115.871806,35.869056,358.81,-0.00025720
2020,103,30,2911.82,115.872566,35.869595,358.81,-0.00071252
2020,104,0,0.00,115.849928,35.853155,1794.06,-0.00866812
2020,104,1,34.23,115.849689,35.853395,1136.24,-0.00878329
2020,104,2,68.46,115.849659,35.853694,553.17,-0.00889847
2020,105,0,0.00,115.418737,35.650226,254.16,-0.00000000
2020,105,1,43.70,115.418332,35.650091,269.11,-0.00000000
2020,105,2,87.41,115.417928,35.649956,448.52,-0.00000000
2020,106,0,0.00,115.418737,35.650226,612.97,-0.00217280
2020,106,1,79.10,115.419006,35.649591,598.02,-0.00210924
2020,106,2,158.20,115.419006,35.648878,568.12,-0.00204569
2020,107,0,0.00,115.410113,35.632439,1794.06,0.00000000
2020,107,1,81.37,115.411011,35.632439,1794.06,0.00000000
2020,107,2,162.74,115.411910,35.632439,1674.46,0.00000000
2020,107,3,244.11,115.412808,35.632439,882.08,0.00000000
2020,108,0,0.00,115.410113,35.632439,508.32,0.00238583
2020,108,1,75.57,115.409843,35.631837,478.42,0.00343899
2020,108,2,151.14,115.409843,35.631156,508.32,0.00343899
2020,108,3,226.71,115.410113,35.630553,523.27,0.00238583
2020,109,0,0.00,115.872566,35.869595,478.42,0.00097366
2020,109,1,87.73,115.872835,35.870307,388.71,-0.00064421
2020,109,2,175.47,115.872956,35.871063,239.21,-0.00267875
2020,109,3,263.20,115.873569,35.871676,44.85,-0.00154771
2020,109,4,350.94,115.874183,35.872289,358.81,0.00000000
2020,11,0,0.00,115.697125,35.782009,926.93,0.00000000
2020,11,1,38.57,115.697394,35.782278,986.73,0.00000000
2020,11,2,77.14,115.697664,35.782548,956.83,0.00000000
2020,110,0,0.00,115.872566,35.869595,508.32,0.00000000
2020,110,1,73.02,115.873374,35.869595,448.52,0.00000000
2020,110,2,146.03,115.874183,35.869595,239.21,0.00000000
2020,111,0,0.00,115.412808,35.632439,508.32,-0.00183933
2020,111,1,85.82,115.413077,35.631744,478.42,-0.00267943
2020,111,2,171.64,115.413077,35.630971,478.42,-0.00741764
2020,111,3,257.45,115.412802,35.630289,911.98,-0.00932649
2020,111,4,343.27,115.412008,35.630553,1360.50,-0.00260071
2020,111,5,429.09,115.411060,35.630553,1704.36,0.00106791
2020,111,6,514.91,115.410113,35.630553,1794.06,0.00000000
2020,112,0,0.00,115.412808,35.632439,612.97,0.00276777
2020,112,1,94.16,115.413465,35.633097,553.17,0.00249576
2020,112,2,188.32,115.413616,35.633901,508.32,0.00153438
2020,112,3,282.48,115.413886,35.634672,508.32,0.00113973
2020,112,4,376.64,115.413886,35.635520,508.32,0.00071722
2020,112,5,470.81,115.413886,35.636212,508.32,0.00000000
2020,114,0,0.00,115.410113,35.630553,478.42,0.00378239
2020,114,1,83.45,115.409843,35.629879,478.42,0.00378239
2020,114,2,166.90,115.410113,35.629205,493.37,0.00378239
2020,115,0,0.00,115.874183,35.872289,941.88,-0.00000000
2020,115,1,38.55,115.873913,35.872559,941.88,-0.00000000
2020,115,2,77.11,115.873644,35.872828,911.98,-0.00000000
2020,116,0,0.00,115.874183,35.872289,328.91,-0.00875912
2020,116,1,62.89,115.874722,35.872559,388.71,-0.00875912
2020,116,2,125.78,115.875261,35.872289,911.98,-0.00875912
2020,117,0,0.00,115.413886,35.636212,343.86,0.00000000
2020,117,1,12.20,115.414021,35.636212,194.36,0.00000000
2020,117,2,24.41,115.414155,35.636212,194.36,0.00000000
2020,118,0,0.00,115.413886,35.636212,642.87,0.00000000
2020,118,1,19.30,115.413751,35.636347,642.87,0.00000000
2020,118,2,38.60,115.413616,35.636482,642.87,0.00000000
2020,119,0,0.00,115.410113,35.629205,1794.06,0.00000000
2020,119,1,96.07,115.411173,35.629205,1554.85,0.00199800
2020,119,2,192.14,115.412234,35.629205,1001.69,0.00445128
2020,119,3,288.21,115.412808,35.629744,598.02,0.00490656
2020,12,0,0.00,115.697125,35.782009,508.32,0.00000000
2020,12,1,93.72,115.696586,35.782697,538.22,-0.00078985
2020,12,2,187.43,115.696047,35.783386,523.27,-0.00230713
2020,12,3,281.15,115.695787,35.784155,508.32,-0.00152987
2020,12,4,374.86,115.695777,35.784997,508.32,0.00076587
2020,12,5,468.58,115.695522,35.785767,493.37,0.00082010
2020,12,6,562.29,115.695238,35.786530,493.37,-0.00076587
2020,12,7,656.01,115.694969,35.787296,448.52,-0.00080751
2020,12,8,749.72,115.694969,35.788141,448.52,-0.00000000
2020,12,9,843.44,115.694699,35.788907,418.61,-0.00072271
2020,12,10,937.15,115.694699,35.789752,478.42,-0.00072271
2020,12,11,1030.87,115.694699,35.790596,448.52,0.00000000
2020,12,12,1124.58,115.694699,35.791441,448.52,0.00000000
2020,120,0,0.00,115.410113,35.629205,568.12,0.00203883
2020,120,1,95.50,115.409574,35.628501,508.32,0.00148969
2020,120,2,191.01,115.409406,35.627690,493.37,0.00093487
2020,120,3,286.51,115.409035,35.626937,508.32,0.00143535
2020,120,4,382.01,115.409035,35.626076,493.37,0.00097076
2020,120,5,477.52,115.409035,35.625215,508.32,-0.00000000
2020,120,6,573.02,115.409035,35.624354,463.47,0.00000000
2020,121,0,0.00,115.875261,35.872289,328.91,-0.00000000
2020,121,1,92.57,115.875908,35.872937,388.71,-0.00000000
2020,121,2,185.15,115.876555,35.873584,373.76,0.00000000
2020,121,3,277.72,115.877202,35.874231,403.66,-0.00057648
2020,121,4,370.30,115.877849,35.874878,463.47,-0.00000000
2020,121,5,462.87,115.878595,35.875355,508.32,0.00174521
2020,121,6,555.45,115.879033,35.876062,508.32,0.00233746
2020,122,0,0.00,115.875261,35.872289,926.93,-0.00560973
2020,122,1,49.18,115.875530,35.871924,403.66,-0.00549834
2020,122,2,98.36,115.875530,35.871481,254.16,-0.00538694
2020,123,0,0.00,115.409035,35.624354,508.32,0.00218431
2020,123,1,95.53,115.408496,35.623792,493.37,0.00277799
2020,123,2,191.06,115.408228,35.623009,463.47,0.00168102
2020,123,3,286.60,115.408226,35.622148,478.42,-0.00016035
2020,123,4,382.13,115.407957,35.621366,478.42,0.00000481
2020,123,5,477.66,115.407897,35.620522,478.42,-0.00041231
2020,123,6,573.19,115.407687,35.619722,478.42,-0.00073635
2020,123,7,668.73,115.407418,35.618939,508.32,-0.00016536
2020,123,8,764.26,115.407149,35.618157,508.32,0.00010978
2020,123,9,859.79,115.406879,35.617374,508.32,0.00073802
2020,123,10,955.32,115.406650,35.616580,493.37,0.00111842
2020,123,11,1050.86,115.406609,35.615731,478.42,0.00098370
2020,124,0,0.00,115.409035,35.624354,807.33,0.00144189
2020,124,1,92.16,115.409678,35.623711,986.73,0.00323271
2020,124,2,184.32,115.410443,35.623276,1584.76,0.00408647
2020,124,3,276.47,115.411460,35.623276,702.67,0.00314942
2020,125,0,0.00,115.879033,35.876062,568.12,0.00000000
2020,125,1,92.13,115.879896,35.876332,553.17,0.00108966
2020,125,2,184.27,115.880759,35.876601,343.86,0.00248746
2020,125,3,276.40,115.881462,35.877144,358.81,0.00115684
2020,125,4,368.54,115.882106,35.877788,388.71,0.00097109
2020,125,5,460.67,115.882850,35.878262,328.91,0.00300891
2020,125,6,552.81,115.883076,35.879027,448.52,0.00359371
2020,126,0,0.00,115.879033,35.876062,792.38,-0.00269333
2020,126,1,98.36,115.878764,35.876871,642.87,-0.00269333
2020,126,2,196.72,115.879033,35.877679,568.12,-0.00269333
2020,127,0,0.00,115.406609,35.615731,971.78,0.00133812
2020,127,1,95.57,115.407376,35.615234,1300.70,0.00248825
2020,127,2,191.15,115.408250,35.614922,1794.06,0.00284145
2020,127,3,286.72,115.409304,35.614922,792.38,0.00204452
2020,128,0,0.00,115.406609,35.615731,493.37,0.00015789
2020,128,1,96.34,115.406340,35.614941,478.42,0.00000000
2020,128,2,192.68,115.406099,35.614143,463.47,0.00057036
2020,128,3,289.01,115.405801,35.613361,478.42,0.00075554
2020,128,4,385.35,115.405801,35.612493,448.52,0.00007620
2020,128,5,481.69,115.405543,35.611700,433.57,0.00062686
2020,128,6,578.03,115.405531,35.610835,478.42,-0.00000000
2020,128,7,674.37,115.405531,35.609966,433.57,-0.00065690
2020,128,8,770.70,115.405262,35.609177,448.52,0.00000000
2020,128,9,867.04,115.405262,35.608308,433.57,-0.00072550
2020,128,10,963.38,115.404992,35.607518,433.57,-0.00000000
2020,128,11,1059.72,115.404723,35.606729,433.57,0.00072550
2020,128,12,1156.05,115.404723,35.605860,448.52,0.00000000
2020,128,13,1252.39,115.404454,35.605070,418.61,0.00068485
2020,128,14,1348.73,115.404454,35.604202,418.61,0.00068485
2020,128,15,1445.07,115.404454,35.603334,448.52,0.00000000
2020,129,0,0.00,115.883076,35.879027,568.12,0.00000000
2020,129,1,36.50,115.883480,35.879027,657.82,0.00000000
2020,129,2,73.01,115.883884,35.879027,687.72,0.00000000
2020,13,0,0.00,115.700089,35.783087,493.37,0.00890112
2020,13,1,34.24,115.700059,35.783387,508.32,0.00878563
2020,13,2,68.47,115.699820,35.783626,538.22,0.00867014
2020,130,0,0.00,115.883076,35.879027,642.87,0.00486058
2020,130,1,97.12,115.883007,35.879766,807.33,0.00505679
2020,130,2,194.23,115.882267,35.880105,807.33,0.00525300
2020,131,0,0.00,115.404454,35.603334,478.42,0.00000802
2020,131,1,98.52,115.404183,35.602525,418.61,0.00053946
2020,131,2,197.04,115.403915,35.601715,433.57,0.00069302
2020,131,3,295.56,115.403851,35.600845,433.57,-0.00037095
2020,131,4,394.08,115.403645,35.600018,448.52,-0.00000000
2020,131,5,492.59,115.403376,35.599208,433.57,0.00118302
2020,131,6,591.11,115.403376,35.598320,448.52,0.00000000
2020,131,7,689.63,115.403376,35.597432,478.42,-0.00075868
2020,131,8,788.15,115.403106,35.596623,478.42,-0.00064408
2020,131,9,886.67,115.403065,35.595747,523.27,-0.00048105
2020,131,10,985.19,115.402586,35.594998,493.37,0.00125474
2020,131,11,1083.71,115.402567,35.594116,508.32,0.00058524
2020,131,12,1182.23,115.402567,35.593228,508.32,-0.00061065
2020,131,13,1280.75,115.402298,35.592418,478.42,0.00060885
2020,131,14,1379.26,115.402298,35.591530,508.32,0.00000000
2020,131,15,1477.78,115.402278,35.590648,478.42,-0.00055998
2020,131,16,1576.30,115.402028,35.589833,478.42,-0.00000000
2020,131,17,1674.82,115.402028,35.588945,478.42,-0.00004887
2020,131,18,1773.34,115.401759,35.588136,478.42,0.00015928
2020,131,19,1871.86,115.401759,35.587248,508.32,-0.00069302
2020,131,20,1970.38,115.401553,35.586420,508.32,-0.00032076
2020,131,21,2068.90,115.401220,35.585629,508.32,0.00069302
2020,131,22,2167.42,115.401220,35.584741,508.32,0.00081597
2020,131,23,2265.93,115.400950,35.583931,493.37,0.00200201
2020,131,24,2364.45,115.401220,35.583122,493.37,0.00269503
2020,132,0,0.00,115.404454,35.603334,717.63,0.00509874
2020,132,1,82.72,115.405053,35.602795,1450.20,0.00503625
2020,132,2,165.43,115.405966,35.602795,1285.75,0.00248688
2020,132,3,248.15,115.406879,35.602795,672.77,0.00000000
2020,133,0,0.00,115.883884,35.879027,388.71,-0.00204399
2020,133,1,70.00,115.884374,35.879516,373.76,-0.00214272
2020,133,2,140.00,115.884962,35.879835,463.47,-0.00224145
2020,134,0,0.00,115.883884,35.879027,1285.75,0.00137136
2020,134,1,94.72,115.884337,35.878304,1390.40,0.00568704
2020,134,2,189.45,115.885021,35.877679,732.58,0.01202484
2020,134,3,284.17,115.885501,35.878284,224.26,0.00985936
2020,134,4,378.90,115.885501,35.879138,717.63,0.00434383
2020,134,5,473.62,115.884962,35.879835,1360.50,0.00301589
2020,135,0,0.00,115.401220,35.583122,1794.06,0.00000000
2020,135,1,73.28,115.402028,35.583122,1794.06,0.00000000
2020,135,2,146.56,115.402837,35.583122,1495.05,0.00000000
2020,135,3,219.83,115.403645,35.583122,822.28,0.00000000
2020,136,0,0.00,115.401220,35.583122,493.37,0.00278161
2020,136,1,99.00,115.400681,35.582387,478.42,0.00255423
2020,136,2,198.01,115.400681,35.581494,448.52,0.00068632
2020,136,3,297.01,115.400607,35.580623,478.42,-0.00029659
2020,136,4,396.01,115.400411,35.579788,493.37,-0.00000000
2020,136,5,495.02,115.400411,35.578896,448.52,-0.00071626
2020,136,6,594.02,115.400142,35.578082,448.52,-0.00001651
2020,136,7,693.02,115.399930,35.577251,448.52,0.00038981
2020,136,8,792.02,115.399865,35.576378,508.32,-0.00065264
2020,136,9,891.03,115.399603,35.575562,478.42,0.00014592
2020,136,10,990.03,115.399333,35.574748,433.57,0.00045863
2020,136,11,1089.03,115.399333,35.573856,448.52,-0.00091492
2020,136,12,1188.04,115.398980,35.573067,448.52,-0.00025936
2020,136,13,1287.04,115.398706,35.572254,418.61,0.00074192
2020,136,14,1386.04,115.398525,35.571415,388.71,0.00046989
2020,136,15,1485.05,115.398368,35.570568,373.76,-0.00010998
2020,136,16,1584.05,115.398255,35.569708,388.71,-0.00068632
2020,136,17,1683.05,115.397986,35.568895,358.81,-0.00040334
2020,136,18,1782.05,115.397716,35.568081,313.96,0.00068632
2020,136,19,1881.06,115.397447,35.567267,284.06,0.00068632
2020,136,20,1980.06,115.397447,35.566375,269.11,-0.00068632
2020,136,21,2079.06,115.397177,35.565561,239.21,-0.00079542
2020,136,22,2178.07,115.396908,35.564747,239.21,-0.00066317
2020,136,23,2277.07,115.396596,35.563946,269.11,-0.00048273
2020,136,24,2376.07,115.396114,35.563194,239.21,0.00009870
2020,136,25,2475.08,115.395830,35.562384,194.36,-0.00010934
2020,136,26,2574.08,115.395358,35.561629,209.31,0.00000000
2020,136,27,2673.08,115.395021,35.560835,239.21,-0.00168136
2020,136,28,2772.08,115.394602,35.560065,179.41,-0.00298209
2020,136,29,2871.09,115.393736,35.559676,328.91,-0.00282012
2020,136,30,2970.09,115.392957,35.559137,418.61,-0.00396802
2020,136,31,3069.09,115.391935,35.559258,388.71,-0.00361814
2020,136,32,3168.10,115.390947,35.559438,373.76,-0.00193959
2020,136,33,3267.10,115.390150,35.559945,388.71,-0.00009083
2020,136,34,3366.10,115.389268,35.560308,418.61,0.00000000
2020,136,35,3465.11,115.388379,35.560658,403.66,-0.00054256
2020,136,36,3564.11,115.387589,35.561179,433.57,0.00000000
2020,136,37,3663.11,115.386700,35.561529,448.52,0.00000000
2020,136,38,3762.11,115.385910,35.562049,403.66,0.00003411
2020,136,39,3861.12,115.385021,35.562399,448.52,0.00031083
2020,136,40,3960.12,115.384226,35.562910,448.52,0.00051926
2020,136,41,4059.12,115.383290,35.563179,478.42,-0.00061703
2020,136,42,4158.13,115.382454,35.563620,478.42,-0.00055337
2020,136,43,4257.13,115.381664,35.564140,478.42,0.00089416
2020,136,44,4356.13,115.380775,35.564490,493.37,0.00008680
2020,136,45,4455.14,115.379886,35.564840,493.37,-0.00058797
2020,136,46,4554.14,115.379081,35.565335,448.52,0.00012577
2020,136,47,4653.14,115.378207,35.565710,463.47,-0.00000000
2020,136,48,4752.15,115.377366,35.566144,448.52,0.00000000
2020,136,49,4851.15,115.376528,35.566581,448.52,0.00000000
2020,136,50,4950.15,115.375651,35.566952,448.52,-0.00000000
2020,136,51,5049.15,115.374849,35.567451,403.66,0.00100745
2020,136,52,5148.16,115.373936,35.567761,388.71,0.00023418
2020,136,53,5247.16,115.373001,35.568030,403.66,-0.00083853
2020,136,54,5346.16,115.372182,35.568501,403.66,-0.00044675
2020,136,55,5445.17,115.371293,35.568851,373.76,-0.00074056
2020,136,56,5544.17,115.370503,35.569372,328.91,0.00019252
2020,136,57,5643.17,115.369713,35.569892,328.91,0.00070054
2020,136,58,5742.18,115.368791,35.570186,299.01,0.00002005
2020,136,59,5841.18,115.368012,35.570725,269.11,0.00032866
2020,136,60,5940.18,115.367077,35.570995,299.01,-0.00061113
2020,136,61,6039.18,115.366256,35.571463,254.16,-0.00045756
2020,136,62,6138.19,115.365466,35.571983,209.31,0.00214936
2020,136,63,6237.19,115.364577,35.572333,239.21,0.00280477
2020,136,64,6336.19,115.363490,35.572342,269.11,0.00210793
2020,137,0,0.00,115.884962,35.879835,448.52,-0.00207377
2020,137,1,94.76,115.885232,35.880611,448.52,-0.00208762
2020,137,2,189.51,115.885869,35.881281,508.32,-0.00020226
2020,137,3,284.27,115.886531,35.881943,463.47,0.00163875
2020,137,4,379.03,115.886849,35.882706,478.42,0.00040657
2020,137,5,473.79,115.887229,35.883450,478.42,0.00000000
2020,137,6,568.54,115.887682,35.884172,478.42,0.00097421
2020,137,7,663.30,115.887927,35.884956,433.57,0.00118100
2020,138,0,0.00,115.363490,35.572342,254.16,0.00392761
2020,138,1,95.53,115.362749,35.572881,269.11,0.00380730
2020,138,2,191.06,115.361696,35.572881,328.91,0.00326291
2020,138,3,286.60,115.360642,35.572881,358.81,0.00198891
2020,138,4,382.13,115.359833,35.572458,328.91,0.00085450
2020,138,5,477.66,115.358870,35.572303,343.86,0.00152082
2020,138,6,573.19,115.358106,35.571803,328.91,0.00060710
2020,138,7,668.73,115.357338,35.571310,299.01,-0.00061611
2020,138,8,764.26,115.356473,35.570984,299.01,0.00062872
2020,138,9,859.79,115.355708,35.570488,328.91,0.00061611
2020,138,10,955.32,115.354942,35.569992,284.06,0.00000000
2020,138,11,1050.86,115.354176,35.569496,299.01,0.00058437
2020,138,12,1146.39,115.353410,35.568999,299.01,0.00112618
2020,138,13,1241.92,115.352744,35.568333,284.06,0.00054182
2020,138,14,1337.45,115.352077,35.567666,269.11,0.00020359
2020,138,15,1432.99,115.351410,35.566999,224.26,0.00053532
2020,138,16,1528.52,115.350824,35.566309,269.11,0.00045623
2020,138,17,1624.05,115.350285,35.565605,284.06,0.00024899
2020,139,0,0.00,115.363490,35.572342,1285.75,0.00867615
2020,139,1,34.26,115.363251,35.572103,1330.60,0.00879260
2020,139,2,68.51,115.363221,35.571803,657.82,0.00890906
2020,14,0,0.00,115.700089,35.783087,657.82,-0.00270681
2020,14,1,82.57,115.699413,35.782680,956.83,-0.00328978
2020,14,2,165.13,115.698577,35.782548,1270.79,-0.00249703
2020,14,3,247.70,115.697664,35.782548,1450.20,-0.00112130
2020,140,0,0.00,115.887927,35.884956,1016.64,0.00000000
2020,140,1,24.33,115.888196,35.884956,926.93,0.00000000
2020,140,2,48.67,115.888466,35.884956,837.23,0.00000000
2020,141,0,0.00,115.887927,35.884956,493.37,-0.00004021
2020,141,1,97.81,115.887657,35.885759,388.71,-0.00000000
2020,141,2,195.62,115.887395,35.886565,269.11,0.00055459
2020,141,3,293.43,115.887118,35.887366,224.26,0.00210042
2020,141,4,391.24,115.886655,35.888114,254.16,0.00211041
2020,141,5,489.05,115.885872,35.888628,224.26,0.00054447
2020,141,6,586.86,115.885188,35.889311,343.86,0.00055494
2020,141,7,684.67,115.884405,35.889825,373.76,0.00000000
2020,141,8,782.48,115.883622,35.890339,418.61,-0.00055494
2020,141,9,880.30,115.882938,35.891023,493.37,0.00055494
2020,141,10,978.11,115.882155,35.891536,523.27,0.00000000
2020,141,11,1075.92,115.881372,35.892050,583.07,-0.00055494
2020,141,12,1173.73,115.880688,35.892734,583.07,0.00055494
2020,141,13,1271.54,115.879905,35.893247,627.92,0.00055494
2020,141,14,1369.35,115.879121,35.893761,598.02,0.00000000
2020,141,15,1467.16,115.878338,35.894275,627.92,0.00000000
2020,141,16,1564.97,115.877555,35.894788,642.87,0.00027309
2020,141,17,1662.78,115.876772,35.895302,627.92,0.00018631
2020,141,18,1760.59,115.875942,35.895736,627.92,-0.00053938
2020,141,19,1858.40,115.875173,35.896275,642.87,-0.00036943
2020,141,20,1956.21,115.874422,35.896843,657.82,-0.00028865
2020,141,21,2054.02,115.873639,35.897357,627.92,-0.00081579
2020,141,22,2151.83,115.872955,35.898041,657.82,0.00055494
2020,141,23,2249.64,115.872257,35.898700,687.72,0.00149882
2020,141,24,2347.45,115.871389,35.899068,687.72,0.00016214
2020,141,25,2445.26,115.870606,35.899582,702.67,0.00008527
2020,141,26,2543.07,115.869795,35.900047,687.72,0.00025604
2020,141,27,2640.89,115.868940,35.900439,687.72,-0.00058518
2020,141,28,2738.70,115.868157,35.900953,657.82,-0.00041818
2020,141,29,2836.51,115.867374,35.901466,642.87,0.00006991
2020,141,30,2934.32,115.866591,35.901980,642.87,0.00000000
2020,141,31,3032.13,115.865795,35.902473,598.02,-0.00013937
2020,141,32,3129.94,115.865024,35.903007,598.02,-0.00018400
2020,141,33,3227.75,115.864241,35.903521,583.07,-0.00019771
2020,141,34,3325.56,115.863490,35.904090,583.07,-0.00019481
2020,141,35,3423.37,115.862722,35.904629,568.12,-0.00107777
2020,141,36,3521.18,115.861991,35.905232,538.22,-0.00173546
2020,141,37,3618.99,115.861516,35.905976,448.52,-0.00153869
2020,142,0,0.00,115.350285,35.565605,343.86,0.00271430
2020,142,1,87.31,115.349577,35.565166,224.26,0.00267813
2020,142,2,174.62,115.349176,35.564496,224.26,0.00201769
2020,142,3,261.92,115.348775,35.563826,239.21,0.00069671
2020,142,4,349.23,115.348583,35.563095,299.01,-0.00069671
2020,142,5,436.54,115.348183,35.562424,388.71,-0.00000000
2020,142,6,523.85,115.347782,35.561754,403.66,0.00139177
2020,142,7,611.15,115.347590,35.561023,463.47,0.00139013
2020,143,0,0.00,115.350285,35.565605,807.33,-0.00342872
2020,143,1,88.76,115.350824,35.564962,493.37,-0.00357919
2020,143,2,177.52,115.350824,35.564162,254.16,-0.00247834
2020,143,3,266.28,115.350757,35.563381,313.96,-0.00103898
2020,143,4,355.04,115.350555,35.562640,284.06,-0.00085094
2020,144,0,0.00,115.861516,35.905976,1136.24,0.01007015
2020,144,1,46.39,115.861940,35.906131,1181.09,0.00981961
2020,144,2,92.78,115.862055,35.906515,358.81,0.00956906
2020,145,0,0.00,115.861516,35.905976,478.42,-0.00272657
2020,145,1,99.77,115.860977,35.906720,373.76,-0.00267047
2020,145,2,199.54,115.860977,35.907619,313.96,-0.00130718
2020,145,3,299.31,115.860977,35.908518,224.26,-0.00063512
2020,145,4,399.09,115.860977,35.909417,209.31,-0.00130718
2020,145,5,498.86,115.861247,35.910239,179.41,-0.00067206
2020,145,6,598.63,115.861516,35.911060,254.16,0.00000000
2020,145,7,698.40,115.861786,35.911881,254.16,-0.00053583
2020,145,8,798.17,115.862055,35.912702,328.91,-0.00056116
2020,145,9,897.94,115.862535,35.913463,328.91,0.00038520
2020,145,10,997.71,115.862814,35.914281,373.76,-0.00055139
2020,145,11,1097.48,115.863133,35.915088,373.76,-0.00138045
2020,145,12,1197.26,115.863791,35.915797,418.61,-0.00100250
2020,145,13,1297.03,115.864280,35.916555,433.57,-0.00058398
2020,145,14,1396.80,115.865077,35.917083,403.66,0.00048882
2020,145,15,1496.57,115.865565,35.917841,358.81,-0.00049460
2020,145,16,1596.34,115.866263,35.918538,403.66,-0.00198354
2020,145,17,1696.11,115.867060,35.919066,343.86,-0.00053226
2020,145,18,1795.88,115.867940,35.919451,328.91,0.00054175
2020,145,19,1895.65,115.868654,35.920121,299.01,-0.00035287
2020,145,20,1995.43,115.869521,35.920529,224.26,-0.00089357
2020,145,21,2095.20,115.870311,35.921068,164.46,-0.00138486
2020,145,22,2194.97,115.871259,35.921338,179.41,-0.00180151
2020,145,23,2294.74,115.872207,35.921607,224.26,-0.00088344
2020,145,24,2394.51,115.873312,35.921607,239.21,-0.00000000
2020,145,25,2494.28,115.874260,35.921876,239.21,0.00000000
2020,145,26,2594.05,115.875365,35.921876,239.21,0.00000000
2020,145,27,2693.82,115.876313,35.922146,239.21,-0.00025075
2020,145,28,2793.60,115.877418,35.922146,299.01,-0.00000000
2020,145,29,2893.37,115.878414,35.922335,313.96,0.00004918
2020,145,30,2993.14,115.879472,35.922415,358.81,0.00000000
2020,145,31,3092.91,115.880505,35.922539,388.71,-0.00085778
2020,145,32,3192.68,115.881525,35.922685,388.71,-0.00160343
2020,145,33,3292.45,115.882496,35.922456,373.76,0.00014374
2020,145,34,3392.22,115.883578,35.922415,358.81,0.00080172
2020,145,35,3491.99,115.884684,35.922415,358.81,-0.00157127
2020,145,36,3591.77,115.885789,35.922415,299.01,-0.00349679
2020,145,37,3691.54,115.886579,35.921876,403.66,-0.00362327
2020,146,0,0.00,115.861516,35.905976,1151.19,-0.00397058
2020,146,1,50.71,115.861162,35.905622,1151.19,-0.00418667
2020,146,2,101.42,115.860708,35.905437,956.83,-0.00440276
2020,147,0,0.00,115.347590,35.561023,388.71,0.00121083
2020,147,1,93.99,115.347044,35.560477,448.52,0.00173560
2020,147,2,187.99,115.346597,35.559760,463.47,0.00173202
2020,147,3,281.98,115.346358,35.558983,523.27,0.00009181
2020,147,4,375.98,115.346119,35.558205,508.32,-0.00000000
2020,147,5,469.97,115.345704,35.557479,508.32,0.00109648
2020,147,6,563.97,115.345642,35.556650,523.27,0.00000000
2020,147,7,657.96,115.345434,35.555863,508.32,-0.00076374
2020,147,8,751.95,115.345165,35.555094,538.22,-0.00035458
2020,148,0,0.00,115.347590,35.561023,792.38,0.00000000
2020,148,1,80.64,115.348153,35.560460,837.23,0.00160017
2020,148,2,161.29,115.348716,35.559898,1106.34,0.00336660
2020,148,3,241.93,115.349477,35.559676,627.92,0.00353287
2020,149,0,0.00,115.886579,35.921876,403.66,-0.00190358
2020,149,1,96.28,115.887331,35.922415,224.26,-0.00348293
2020,149,2,192.56,115.888240,35.922685,299.01,-0.00366354
2020,149,3,288.84,115.889195,35.922494,373.76,0.00035813
2020,149,4,385.12,115.890216,35.922415,388.71,0.00221443
2020,149,5,481.39,115.891125,35.922685,388.71,0.00095104
2020,149,6,577.67,115.892110,35.922826,418.61,-0.00004224
2020,149,7,673.95,115.892982,35.923159,448.52,-0.00049214
2020,149,8,770.23,115.894011,35.923224,418.61,-0.00044667
2020,149,9,866.51,115.894920,35.923493,388.71,-0.00006027
2020,149,10,962.79,115.895987,35.923493,388.71,0.00095207
2020,149,11,1059.07,115.896868,35.923811,343.86,0.00063279
2020,149,12,1155.35,115.897805,35.924032,299.01,0.00024986
2020,149,13,1251.62,115.898711,35.924307,284.06,0.00062065
2020,149,14,1347.90,115.899584,35.924640,224.26,0.00083653
2020,149,15,1444.18,115.900456,35.924973,209.31,0.00122617
2020,149,16,1540.46,115.901228,35.925476,149.51,0.00167141
2020,149,17,1636.74,115.902001,35.925979,134.55,0.00163081
2020,149,18,1733.02,115.902480,35.926708,149.51,0.00060219
2020,149,19,1829.30,115.903138,35.927386,149.51,0.00055273
2020,149,20,1925.58,115.903602,35.928119,179.41,0.00096111
2020,149,21,2021.86,115.904066,35.928853,239.21,0.00056898
2020,149,22,2118.13,115.904366,35.929634,239.21,0.00024535
2020,149,23,2214.41,115.904785,35.930381,239.21,-0.00056898
2020,149,24,2310.69,115.905040,35.931175,269.11,-0.00176989
2020,149,25,2406.97,115.905713,35.931848,239.21,-0.00215634
2020,150,0,0.00,115.886579,35.921876,598.02,-0.00000000
2020,150,1,57.82,115.886984,35.921472,702.67,-0.00000000
2020,150,2,115.64,115.887388,35.921068,583.07,-0.00000000
2020,151,0,0.00,115.345165,35.555094,897.03,0.00118829
2020,151,1,98.50,115.344279,35.554748,822.28,0.00172007
2020,151,2,197.01,115.343493,35.554231,627.92,0.00163497
2020,151,3,295.51,115.342805,35.553544,583.07,0.00095011
2020,151,4,394.01,115.342118,35.552856,463.47,-0.00000000
2020,151,5,492.52,115.341626,35.552130,463.47,-0.00135309
2020,151,6,591.02,115.340853,35.551591,598.02,-0.00182405
2020,152,0,0.00,115.345165,35.555094,553.17,-0.00372780
2020,152,1,84.09,115.345434,35.554415,523.27,-0.00276793
2020,152,2,168.18,115.345165,35.553736,508.32,-0.00000000
2020,152,3,252.28,115.345165,35.552978,478.42,0.00090403
2020,152,4,336.37,115.345165,35.552220,403.66,-0.00090403
2020,152,5,420.46,115.345165,35.551462,388.71,-0.00186390
2020,152,6,504.55,115.344895,35.550782,403.66,-0.00191974
2020,153,0,0.00,115.905713,35.931848,284.06,-0.00326264
2020,153,1,99.96,115.905224,35.932607,194.36,-0.00408392
2020,153,2,199.91,115.905406,35.933427,164.46,-0.00068788
2020,153,3,299.87,115.905896,35.934186,,0.00418261
2020,153,4,399.83,115.905371,35.934885,149.51,0.00126124
2020,153,5,499.78,115.904905,35.935651,149.51,-0.00109661
2020,153,6,599.74,115.904810,35.936525,209.31,0.00105796
2020,153,7,699.69,115.904320,35.937284,224.26,0.00044989
2020,153,8,799.65,115.903830,35.938043,269.11,-0.00158124
2020,153,9,899.61,115.903557,35.938865,299.01,-0.00101271
2020,153,10,999.56,115.903478,35.939743,358.81,0.00158124
2020,153,11,1099.52,115.903197,35.940563,388.71,0.00103380
2020,153,12,1199.48,115.902498,35.941262,403.66,-0.00106847
2020,153,13,1299.43,115.902426,35.942142,463.47,-0.00003913
2020,153,14,1399.39,115.901941,35.942902,448.52,0.00055206
2020,153,15,1499.34,115.901671,35.943725,448.52,0.00007823
2020,153,16,1599.30,115.901166,35.944480,478.42,-0.00051307
2020,153,17,1699.26,115.900885,35.945300,508.32,-0.00057011
2020,153,18,1799.21,115.900593,35.946117,523.27,-0.00008538
2020,153,19,1899.17,115.900324,35.946939,508.32,-0.00011379
2020,154,0,0.00,115.905713,35.931848,598.02,0.00000000
2020,154,1,24.32,115.905983,35.931848,568.12,0.00000000
2020,154,2,48.64,115.906252,35.931848,388.71,0.00000000
2020,155,0,0.00,115.344895,35.550782,1794.06,0.00000000
2020,155,1,97.74,115.343817,35.550782,1644.56,0.00000000
2020,155,2,195.49,115.342739,35.550782,463.47,0.00000000
2020,156,0,0.00,115.344895,35.550782,403.66,-0.00141071
2020,156,1,97.71,115.345165,35.549980,418.61,-0.00137135
2020,156,2,195.42,115.345165,35.549100,388.71,-0.00066599
2020,156,3,293.13,115.345165,35.548219,358.81,0.00000000
2020,156,4,390.83,115.345165,35.547338,328.91,0.00015783
2020,156,5,488.54,115.345165,35.546458,358.81,0.00137135
2020,156,6,586.25,115.345230,35.545596,343.86,0.00229888
2020,156,7,683.96,115.345704,35.544854,284.06,0.00217073
2020,157,0,0.00,115.900324,35.946939,792.38,-0.00276476
2020,157,1,90.01,115.899396,35.947059,553.17,-0.00184533
2020,157,2,180.03,115.898667,35.947518,433.57,-0.00071234
2020,157,3,270.04,115.897803,35.947748,299.01,-0.00049678
2020,157,4,360.06,115.897110,35.948267,164.46,0.00071234
2020,157,5,450.07,115.896281,35.948556,,0.00191946
2020,158,0,0.00,115.900324,35.946939,762.48,-0.00000000
2020,158,1,38.54,115.900593,35.947209,687.72,-0.00000000
2020,158,2,77.08,115.900863,35.947478,583.07,-0.00000000
2020,159,0,0.00,115.345704,35.544854,911.98,0.00000000
2020,159,1,43.75,115.346108,35.544988,882.08,0.00000000
2020,159,2,87.49,115.346512,35.545123,777.43,0.00000000
2020,16,0,0.00,115.559413,35.738081,358.81,-0.00010507
2020,16,1,86.33,115.558459,35.738081,358.81,-0.00108018
2020,16,2,172.66,115.557512,35.738095,388.71,-0.00215960
2020,16,3,258.99,115.556707,35.738351,418.61,-0.00119586
2020,16,4,345.33,115.555909,35.738620,418.61,-0.00012781
2020,160,0,0.00,115.345704,35.544854,373.76,0.00106207
2020,160,1,98.63,115.345434,35.544043,328.91,0.00069201
2020,160,2,197.25,115.345370,35.543173,239.21,0.00031977
2020,160,3,295.88,115.345165,35.542344,224.26,0.00110880
2020,160,4,394.51,115.345165,35.541455,209.31,0.00114825
2020,160,5,493.14,115.345354,35.540621,224.26,-0.00088272
2020,160,6,591.76,115.345434,35.539756,269.11,-0.00196112
2020,160,7,690.39,115.345181,35.538941,269.11,-0.00095987
2020,160,8,789.02,115.344910,35.538131,284.06,-0.00078279
2020,160,9,887.65,115.344626,35.537325,328.91,-0.00066507
2020,160,10,986.27,115.344087,35.536593,358.81,0.00074486
2020,160,11,1084.90,115.343817,35.535782,403.66,0.00070685
2020,160,12,1183.53,115.343548,35.534972,448.52,0.00000000
2020,160,13,1282.15,115.343278,35.534162,433.57,-0.00000000
2020,160,14,1380.78,115.343009,35.533351,448.52,0.00069201
2020,160,15,1479.41,115.342739,35.532541,478.42,0.00069201
2020,160,16,1578.04,115.342739,35.531652,553.17,-0.00069201
2020,160,17,1676.66,115.342470,35.530842,523.27,-0.00069201
2020,160,18,1775.29,115.342200,35.530031,493.37,0.00000000
2020,161,0,0.00,115.342200,35.530031,1674.46,0.00000000
2020,161,1,94.35,115.341160,35.530031,1524.95,0.00089928
2020,161,2,188.69,115.340120,35.530031,1121.29,0.00189190
2020,161,3,283.04,115.339236,35.529762,717.63,0.00198525
2020,162,0,0.00,115.342200,35.530031,463.47,-0.00157555
2020,162,1,92.61,115.342470,35.529275,448.52,-0.00153076
2020,162,2,185.22,115.342470,35.528441,478.42,-0.00148597
2020,162,3,277.82,115.342470,35.527606,508.32,-0.00074299
2020,162,4,370.43,115.342200,35.526850,478.42,0.00074299
2020,162,5,463.04,115.342200,35.526015,448.52,0.00074299
2020,162,6,555.65,115.342200,35.525180,373.76,0.00000000
2020,163,0,0.00,115.342200,35.525180,687.72,0.00152814
2020,163,1,84.09,115.341515,35.524764,523.27,-0.00080488
2020,163,2,168.17,115.340928,35.524178,792.38,-0.00394616
2020,163,3,252.26,115.340044,35.524102,89.70,-0.00475442
2020,164,0,0.00,115.342200,35.525180,433.57,-0.00141634
2020,164,1,81.29,115.342381,35.524552,403.66,-0.00108286
2020,164,2,162.58,115.342378,35.523924,403.66,-0.00039150
2020,164,3,243.87,115.342470,35.523218,299.01,-0.00033551
2020,164,4,325.16,115.342470,35.522486,269.11,-0.00063740
2020,165,0,0.00,115.342470,35.522486,717.63,0.00208583
2020,165,1,72.52,115.341865,35.522150,553.17,0.00199585
2020,165,2,145.03,115.341359,35.521644,418.61,0.00095294
2020,165,3,217.55,115.340853,35.521138,299.01,-0.00000000
2020,166,0,0.00,115.342470,35.522486,269.11,0.00000000
2020,166,1,98.42,115.342739,35.521677,343.86,0.00000000
2020,166,2,196.84,115.343009,35.520869,209.31,0.00000000
2020,166,3,295.27,115.343278,35.520060,343.86,0.00000000
2020,167,0,0.00,115.343278,35.520060,1794.06,0.00347125
2020,167,1,55.98,115.343867,35.520110,1076.44,0.00357494
2020,167,2,111.96,115.344356,35.520330,897.03,0.00367863
2020,168,0,0.00,115.343278,35.520060,284.06,0.00563085
2020,168,1,49.21,115.343009,35.519695,299.01,0.00551864
2020,168,2,98.42,115.343009,35.519252,299.01,0.00540643
2020,169,0,0.00,115.343009,35.519252,1569.81,0.00000000
2020,169,1,87.51,115.342200,35.518982,1031.59,0.00000000
2020,169,2,175.02,115.341392,35.518713,732.58,0.00000000
2020,170,0,0.00,115.343009,35.519252,343.86,-0.00141090
2020,170,1,97.73,115.343278,35.518449,313.96,-0.00070545
2020,170,2,195.46,115.343278,35.517569,239.21,-0.00066605
2020,170,3,293.19,115.343548,35.516766,254.16,-0.00109986
2020,170,4,390.92,115.343278,35.515964,343.86,0.00201413
2020,170,5,488.65,115.343376,35.515112,358.81,0.00342911
2020,170,6,586.38,115.344058,35.514430,373.76,0.00044319
2020,170,7,684.11,115.344531,35.513687,388.71,-0.00053797
2020,170,8,781.84,115.345004,35.512944,403.66,0.00005881
2020,170,9,879.57,115.345477,35.512201,433.57,0.00000000
2020,170,10,977.30,115.345973,35.511465,403.66,-0.00011781
2020,170,11,1075.03,115.346424,35.510716,403.66,-0.00013159
2020,170,12,1172.76,115.346897,35.509973,388.71,0.00005900
2020,170,13,1270.49,115.347321,35.509216,418.61,0.00026225
2020,170,14,1368.22,115.347844,35.508488,403.66,-0.00032359
2020,170,15,1465.95,115.348317,35.507745,373.76,0.00036117
2020,170,16,1563.67,115.348668,35.506966,388.71,0.00090463
2020,170,17,1661.40,115.349363,35.506430,418.61,-0.00049183
2020,170,18,1759.13,115.349746,35.505661,373.76,-0.00034689
2020,170,19,1856.86,115.350309,35.504944,418.61,0.00000000
2020,170,20,1954.59,115.350782,35.504202,373.76,0.00021376
2020,170,21,2052.32,115.351256,35.503459,418.61,0.00000000
2020,170,22,2150.05,115.351902,35.502766,373.76,-0.00090690
2020,170,23,2247.78,115.352202,35.501973,373.76,0.00026240
2020,170,24,2345.51,115.352676,35.501230,388.71,0.00018653
2020,170,25,2443.24,115.353250,35.500517,299.01,-0.00164054
2020,170,26,2540.97,115.353519,35.499715,284.06,-0.00000659
2020,170,27,2638.70,115.353678,35.498880,343.86,0.00191611
2020,170,28,2736.43,115.354360,35.498198,343.86,0.00077089
2020,170,29,2834.16,115.354833,35.497456,313.96,0.00051143
2020,170,30,2931.89,115.355405,35.496884,343.86,0.00111515
2020,171,0,0.00,115.355405,35.496884,373.76,0.00204924
2020,171,1,79.11,115.355405,35.496170,254.16,0.00211309
2020,171,2,158.23,115.355675,35.495536,239.21,0.00217695
2020,172,0,0.00,115.355405,35.496884,1136.24,-0.00276965
2020,172,1,80.44,115.356136,35.497153,538.22,-0.00263448
2020,172,2,160.89,115.357022,35.497153,74.75,-0.00249930
2020,173,0,0.00,115.355675,35.495536,867.13,0.00351597
2020,173,1,68.22,115.356427,35.495536,568.12,0.00370387
2020,173,2,136.44,115.357022,35.495806,807.33,0.00389177
2020,174,0,0.00,115.355675,35.495536,328.91,0.00170850
2020,174,1,89.05,115.355405,35.494812,149.51,0.00044381
2020,174,2,178.10,115.355405,35.494010,284.06,-0.00282141
2020,174,3,267.14,115.355020,35.493380,328.91,-0.00323642
2020,174,4,356.19,115.354343,35.492856,358.81,-0.00184806
2020,174,5,445.24,115.353682,35.492302,418.61,-0.00223467
2020,174,6,534.29,115.352857,35.492033,508.32,-0.00006341
2020,174,7,623.34,115.352032,35.491763,583.07,0.00223467
2020,174,8,712.38,115.351363,35.491224,672.77,0.00217204
2020,175,0,0.00,115.351363,35.491224,508.32,0.00000000
2020,175,1,99.93,115.350262,35.491224,538.22,0.00000000
2020,175,2,199.87,115.349160,35.491224,508.32,0.00000000
2020,175,3,299.80,115.348059,35.491224,478.42,0.00000000
2020,175,4,399.74,115.346958,35.491224,478.42,0.00000000
2020,175,5,499.67,115.345857,35.491224,478.42,0.00000000
2020,175,6,599.61,115.344755,35.491224,478.42,0.00000000
2020,175,7,699.54,115.343654,35.491224,478.42,-0.00000000
2020,175,8,799.48,115.342553,35.491224,508.32,0.00000000
2020,175,9,899.41,115.341451,35.491224,538.22,0.00000000
2020,175,10,999.35,115.340350,35.491224,508.32,0.00000000
2020,175,11,1099.28,115.339249,35.491224,508.32,0.00079875
2020,175,12,1199.22,115.338147,35.491224,508.32,0.00079875
2020,175,13,1299.15,115.337202,35.490955,478.42,-0.00079875
2020,175,14,1399.09,115.336101,35.490955,478.42,0.00012148
2020,175,15,1499.02,115.335000,35.490955,478.42,0.00167841
2020,175,16,1598.96,115.334077,35.490647,463.47,-0.00024127
2020,175,17,1698.89,115.333110,35.490416,418.61,-0.00087966
2020,175,18,1798.83,115.332008,35.490416,388.71,0.00011979
2020,175,19,1898.76,115.331063,35.490146,358.81,0.00000000
2020,175,20,1998.70,115.329962,35.490146,328.91,0.00000000
2020,175,21,2098.63,115.329017,35.489877,328.91,-0.00079875
2020,175,22,2198.57,115.327915,35.489877,269.11,-0.00000000
2020,175,23,2298.50,115.326814,35.489877,328.91,0.00079875
2020,175,24,2398.44,115.325869,35.489607,358.81,-0.00000000
2020,175,25,2498.37,115.324768,35.489607,388.71,0.00070833
2020,175,26,2598.31,115.323823,35.489338,403.66,0.00043042
2020,175,27,2698.24,115.322848,35.489119,448.52,0.00017936
2020,175,28,2798.18,115.321854,35.488934,448.52,0.00090731
2020,175,29,2898.11,115.320959,35.488578,523.27,0.00015650
2020,175,30,2998.04,115.320042,35.488260,538.22,-0.00045807
2020,175,31,3097.98,115.319097,35.487990,538.22,-0.00016453
2020,175,32,3197.91,115.318152,35.487721,538.22,0.00072272
2020,175,33,3297.85,115.317207,35.487451,523.27,0.00043672
2020,175,34,3397.78,115.316385,35.486969,508.32,-0.00053246
2020,175,35,3497.72,115.315391,35.486783,508.32,0.00014966
2020,175,36,3597.65,115.314528,35.486373,478.42,0.00072360
2020,175,37,3697.59,115.313601,35.486071,523.27,0.00057702
2020,175,38,3797.52,115.312794,35.485565,493.37,-0.00000000
2020,175,39,3897.46,115.311910,35.485189,478.42,-0.00000000
2020,175,40,3997.39,115.311060,35.484756,478.42,0.00000000
2020,175,41,4097.33,115.310219,35.484306,463.47,0.00000000
2020,175,42,4197.26,115.309325,35.483948,478.42,-0.00000000
2020,175,43,4297.20,115.308528,35.483423,478.42,-0.00111418
2020,175,44,4397.13,115.307591,35.483139,433.57,-0.00008333
2020,175,45,4497.07,115.306646,35.482870,463.47,0.00107318
2020,175,46,4597.00,115.305843,35.482355,478.42,0.00033286
2020,175,47,4696.94,115.304948,35.481999,448.52,0.00060179
2020,175,48,4796.87,115.304152,35.481473,493.37,0.00056079
2020,175,49,4896.81,115.303356,35.480946,508.32,-0.00003985
2020,175,50,4996.74,115.302560,35.480420,493.37,-0.00000000
2020,175,51,5096.68,115.301757,35.479905,538.22,0.00011908
2020,175,52,5196.61,115.300968,35.479366,568.12,0.00015847
2020,176,0,0.00,115.351363,35.491224,971.78,0.00000000
2020,176,1,96.57,115.352037,35.490550,807.33,0.00000000
2020,176,2,193.13,115.352711,35.489877,642.87,0.00000000
2020,177,0,0.00,115.300968,35.479366,1480.10,-0.00143134
2020,177,1,97.07,115.301237,35.478570,1106.34,-0.00215124
2020,177,2,194.14,115.301237,35.477695,822.28,-0.00375789
2020,177,3,291.21,115.300935,35.476909,508.32,-0.00386188
2020,177,4,388.28,115.300159,35.476402,463.47,-0.00307912
2020,178,0,0.00,115.300968,35.479366,568.12,-0.00000000
2020,178,1,98.86,115.300034,35.479097,568.12,-0.00000000
2020,178,2,197.72,115.299101,35.478827,493.37,0.00093388
2020,178,3,296.58,115.298168,35.478558,463.47,0.00093388
2020,178,4,395.44,115.297391,35.478019,433.57,-0.00022642
2020,178,5,494.30,115.296458,35.477749,418.61,-0.00000000
2020,178,6,593.16,115.295643,35.477276,403.66,0.00042936
2020,178,7,692.02,115.294748,35.476941,343.86,0.00000000
2020,178,8,790.88,115.293967,35.476408,328.91,-0.00111487
2020,178,9,889.74,115.293038,35.476132,328.91,-0.00000000
2020,178,10,988.60,115.292105,35.475863,284.06,0.00104921
2020,178,11,1087.46,115.291327,35.475324,299.01,0.00006873
2020,178,12,1186.32,115.290417,35.475015,269.11,0.00063937
2020,178,13,1285.18,115.289629,35.474496,239.21,0.00070792
2020,178,14,1384.04,115.288840,35.473976,239.21,-0.00000000
2020,179,0,0.00,115.288840,35.473976,269.11,-0.00181792
2020,179,1,98.46,115.288153,35.473290,179.41,-0.00055604
2020,179,2,196.92,115.287295,35.472899,269.11,0.00076555
2020,179,3,295.37,115.286791,35.472196,313.96,0.00004621
2020,179,4,393.83,115.286005,35.471680,328.91,0.00014342
2020,179,5,492.29,115.285318,35.470993,328.91,0.00000000
2020,179,6,590.75,115.284631,35.470306,358.81,-0.00045720
2020,179,7,689.21,115.283845,35.469790,388.71,0.00101376
2020,179,8,787.67,115.283181,35.469097,418.61,0.00197803
2020,179,9,886.12,115.282680,35.468355,433.57,0.00062395
2020,179,10,984.58,115.282411,35.467547,418.61,-0.00152083
2020,179,11,1083.04,115.281833,35.466970,553.17,-0.00225576
2020,18,0,0.00,115.697664,35.782548,792.38,-0.00297977
2020,18,1,89.15,115.698078,35.783231,852.18,-0.00471823
2020,18,2,178.29,115.698834,35.783626,1794.06,-0.00474893
2020,18,3,267.44,115.699820,35.783626,687.72,-0.00304118
2020,180,0,0.00,115.288840,35.473976,1794.06,-0.00000000
2020,180,1,57.94,115.288436,35.474381,1779.11,-0.00000000
2020,180,2,115.89,115.288032,35.474785,299.01,-0.00000000
2020,181,0,0.00,115.281833,35.466970,538.22,-0.00102928
2020,181,1,99.88,115.281345,35.466212,627.92,-0.00037839
2020,181,2,199.76,115.280649,35.465515,642.87,0.00121445
2020,181,3,299.64,115.280217,35.464741,568.12,0.00129951
2020,181,4,399.52,115.279947,35.463920,568.12,-0.00027389
2020,181,5,499.40,115.279601,35.463120,612.97,-0.00029994
2020,181,6,599.27,115.279139,35.462355,612.97,0.00057365
2020,181,7,699.15,115.278869,35.461534,568.12,-0.00071017
2020,181,8,799.03,115.278554,35.460726,627.92,-0.00099957
2020,181,9,898.91,115.277857,35.460029,598.02,0.00061919
2020,181,10,998.79,115.277578,35.459210,568.12,0.00000000
2020,181,11,1098.67,115.277089,35.458453,568.12,-0.00037647
2020,181,12,1198.55,115.276601,35.457695,538.22,0.00053020
2020,181,13,1298.43,115.276174,35.456920,538.22,0.00022066
2020,181,14,1398.31,115.275834,35.456119,553.17,-0.00104483
2020,181,15,1498.19,115.275345,35.455361,538.22,-0.00057790
2020,181,16,1598.07,115.274649,35.454664,523.27,0.00104483
2020,181,17,1697.95,115.274288,35.453870,538.22,0.00094264
2020,181,18,1797.82,115.273881,35.453088,523.27,-0.00044075
2020,181,19,1897.70,115.273601,35.452270,508.32,-0.00062420
2020,181,20,1997.58,115.272940,35.451563,538.22,0.00088434
2020,181,21,2097.46,115.272671,35.450741,568.12,-0.00022911
2020,181,22,2197.34,115.272345,35.449936,612.97,-0.00148842
2020,181,23,2297.22,115.271649,35.449239,642.87,-0.00040046
2020,181,24,2397.10,115.271161,35.448481,627.92,-0.00000000
2020,181,25,2496.98,115.270464,35.447785,627.92,0.00051464
2020,181,26,2596.86,115.269976,35.447027,627.92,0.00102928
2020,182,0,0.00,115.281833,35.466970,1255.84,0.00000000
2020,182,1,87.23,115.281225,35.467578,1465.15,-0.00064440
2020,182,2,174.46,115.280616,35.468187,1240.89,-0.00132450
2020,182,3,261.69,115.280217,35.468856,852.18,-0.00136021
2020,183,0,0.00,115.269976,35.447027,1599.71,0.00000000
2020,183,1,99.70,115.270671,35.446332,1390.40,0.00000000
2020,183,2,199.39,115.271367,35.445636,1285.75,-0.00154032
2020,183,3,299.09,115.272062,35.444941,956.83,-0.00311415
2020,183,4,398.78,115.272132,35.444063,807.33,-0.00314765
2020,184,0,0.00,115.269976,35.447027,687.72,0.00110169
2020,184,1,98.30,115.269191,35.446512,598.02,0.00106240
2020,184,2,196.61,115.268505,35.445826,627.92,0.00051155
2020,184,3,294.91,115.267820,35.445141,627.92,0.00000000
2020,185,0,0.00,115.267820,35.445141,642.87,0.00233266
2020,185,1,93.97,115.267065,35.444656,612.97,0.00239294
2020,185,2,187.94,115.266619,35.443939,642.87,0.00173825
2020,185,3,281.91,115.266203,35.443214,687.72,0.00093508
2020,185,4,375.88,115.265933,35.442446,762.48,0.00084687
2020,186,0,0.00,115.267820,35.445141,1794.06,0.00000000
2020,186,1,83.39,115.268401,35.444559,1659.51,0.00000000
2020,186,2,166.78,115.268983,35.443977,1554.85,0.00071608
2020,186,3,250.16,115.269565,35.443396,897.03,0.00149406
2020,186,4,333.55,115.270245,35.442985,508.32,0.00155595
2020,187,0,0.00,115.265933,35.442446,762.48,0.00068837
2020,187,1,94.01,115.265054,35.442176,702.67,0.00116821
2020,187,2,188.03,115.264226,35.441817,687.72,0.00189642
2020,187,3,282.04,115.263472,35.441332,717.63,0.00163276
2020,187,4,376.05,115.262816,35.440676,747.53,0.00056037
2020,187,5,470.07,115.262160,35.440020,732.58,0.00000000
2020,188,0,0.00,115.265933,35.442446,1255.84,0.00214377
2020,188,1,97.73,115.266203,35.441644,1285.75,0.00663417
2020,188,2,195.45,115.266786,35.441098,762.48,0.00923105
2020,188,3,293.18,115.267550,35.441637,538.22,0.00733755
2020,189,0,0.00,115.262160,35.440020,777.43,-0.00205337
2020,189,1,84.17,115.261389,35.439751,672.77,0.00076404
2020,189,2,168.35,115.260492,35.439699,642.87,0.00531076
2020,189,3,252.52,115.260004,35.439083,762.48,0.00430576
2020,189,4,336.69,115.259735,35.438403,777.43,0.00157146
2020,19,0,0.00,115.694699,35.791441,1794.06,-0.00199883
2020,19,1,94.06,115.695583,35.791711,1794.06,-0.00190445
2020,19,2,188.13,115.696623,35.791711,911.98,-0.00090503
2020,19,3,282.19,115.697664,35.791711,418.61,0.00000000
2020,190,0,0.00,115.262160,35.440020,1794.06,-0.00117531
2020,190,1,91.29,115.262797,35.439383,1240.89,-0.00247633
2020,190,2,182.58,115.263225,35.438686,1181.09,-0.00389993
2020,190,3,273.87,115.263238,35.437867,882.08,-0.00396705
2020,190,4,365.16,115.262969,35.437123,732.58,-0.00552049
2020,190,5,456.45,115.262357,35.436517,642.87,-0.00591650
2020,190,6,547.74,115.261352,35.436517,956.83,-0.00470361
2020,191,0,0.00,115.259735,35.438403,807.33,0.00090524
2020,191,1,96.50,115.258828,35.438134,568.12,0.00224287
2020,191,2,193.00,115.257993,35.437740,523.27,0.00232763
2020,191,3,289.50,115.257500,35.437056,538.22,0.00126545
2020,191,4,386.01,115.256757,35.436503,538.22,0.00221852
2020,191,5,482.51,115.256501,35.435708,583.07,0.00298090
2020,192,0,0.00,115.259735,35.438403,1794.06,0.00000000
2020,192,1,87.24,115.260343,35.437795,1794.06,-0.00064438
2020,192,2,174.48,115.260952,35.437186,1121.29,-0.00132449
2020,192,3,261.72,115.261352,35.436517,986.73,-0.00136022
2020,193,0,0.00,115.261352,35.436517,702.67,0.00000000
2020,193,1,88.46,115.260943,35.435839,687.72,-0.00066092
2020,193,2,176.92,115.260535,35.435161,538.22,-0.00128736
2020,193,3,265.39,115.259918,35.434544,538.22,-0.00267270
2020,193,4,353.85,115.259301,35.433927,538.22,-0.00421324
2020,193,5,442.31,115.258387,35.433822,702.67,-0.00433397
2020,195,0,0.00,115.256501,35.435708,598.02,0.00323639
2020,195,1,84.23,115.255716,35.435462,523.27,0.00278703
2020,195,2,168.46,115.255128,35.434875,508.32,0.00076179
2020,195,3,252.69,115.254498,35.434361,538.22,-0.00009608
2020,195,4,336.92,115.253855,35.433870,508.32,0.00070156
2020,195,5,421.15,115.253267,35.433283,553.17,0.00078120
2020,196,0,0.00,115.256501,35.435708,1794.06,0.00000000
2020,196,1,90.15,115.257130,35.435079,1794.06,0.00000000
2020,196,2,180.31,115.257759,35.434451,1794.06,-0.00000000
2020,196,3,270.46,115.258387,35.433822,747.53,-0.00000000
2020,197,0,0.00,115.258387,35.433822,642.87,-0.00259357
2020,197,1,90.52,115.258173,35.433069,553.17,-0.00297977
2020,197,2,181.05,115.257542,35.432437,523.27,-0.00202585
2020,197,3,271.57,115.256835,35.431935,523.27,-0.00237135
2020,197,4,362.10,115.256150,35.431396,583.07,-0.00408994
2020,197,5,452.62,115.255154,35.431396,897.03,-0.00412290
2020,199,0,0.00,115.253267,35.433283,1794.06,0.00000000
2020,199,1,90.15,115.253896,35.432654,1794.06,0.00000000
2020,199,2,180.31,115.254525,35.432025,1330.60,0.00000000
2020,199,3,270.46,115.255154,35.431396,463.47,0.00000000
2020,2,0,0.00,115.700628,35.764222,209.31,-0.00000000
2020,2,1,68.48,115.700359,35.763683,209.31,-0.00000000
2020,2,2,136.95,115.700089,35.763144,224.26,-0.00000000
2020,20,0,0.00,115.694699,35.791441,657.82,-0.00442548
2020,20,1,75.55,115.694171,35.791969,553.17,-0.00448051
2020,20,2,151.10,115.694160,35.792647,627.92,-0.00231186
2020,20,3,226.65,115.694160,35.793328,598.02,-0.00008819
2020,200,0,0.00,115.253267,35.433283,553.17,-0.00000000
2020,200,1,57.96,115.252863,35.432879,538.22,-0.00000000
2020,200,2,115.91,115.252459,35.432474,508.32,-0.00000000
2020,201,0,0.00,115.255154,35.431396,538.22,-0.00673655
2020,201,1,85.14,115.254768,35.430742,508.32,-0.00777215
2020,201,2,170.29,115.254076,35.430857,867.13,-0.00880775
2020,202,0,0.00,115.252459,35.432474,627.92,-0.00040255
2020,202,1,73.08,115.251810,35.432205,553.17,0.00222882
2020,202,2,146.15,115.251143,35.431967,598.02,0.00494566
2020,202,3,219.23,115.250842,35.431396,702.67,0.00503113
2020,203,0,0.00,115.252459,35.432474,1794.06,-0.00000000
2020,203,1,77.28,115.252998,35.431935,1794.06,-0.00000000
2020,203,2,154.55,115.253537,35.431396,1450.20,0.00000000
2020,203,3,231.83,115.254076,35.430857,388.71,0.00000000
2020,205,0,0.00,115.254076,35.430857,493.37,0.00094840
2020,205,1,82.52,115.253537,35.430271,612.97,-0.00252827
2020,205,2,165.04,115.253133,35.429645,523.27,-0.00752736
2020,205,3,247.56,115.252459,35.429779,867.13,-0.00904979
2020,206,0,0.00,115.250842,35.431396,538.22,0.00424009
2020,206,1,87.77,115.250032,35.431126,508.32,0.00414004
2020,206,2,175.53,115.249628,35.430452,553.17,0.00202000
2020,206,3,263.30,115.249225,35.429779,657.82,0.00000000
2020,207,0,0.00,115.250842,35.431396,1794.06,0.00000000
2020,207,1,77.28,115.251381,35.430857,1794.06,0.00000000
2020,207,2,154.55,115.251920,35.430318,1629.61,-0.00000000
2020,207,3,231.83,115.252459,35.429779,343.86,-0.00000000
2020,208,0,0.00,115.252459,35.429779,777.43,-0.00616823
2020,208,1,96.45,115.252412,35.428924,538.22,-0.00627287
2020,208,2,192.89,115.251478,35.428701,687.72,-0.00301904
2020,208,3,289.34,115.250572,35.428432,583.07,0.00033943
2020,210,0,0.00,115.249225,35.429779,583.07,-0.00092346
2020,210,1,96.74,115.248352,35.429446,642.87,0.00000000
2020,210,2,193.47,115.247406,35.429240,508.32,0.00153022
2020,210,3,290.21,115.246608,35.428779,508.32,0.00121764
2020,210,4,386.94,115.245834,35.428275,523.27,-0.00045152
2020,210,5,483.68,115.245061,35.427771,508.32,-0.00000000
2020,210,6,580.41,115.244188,35.427438,523.27,0.00117047
2020,210,7,677.15,115.243514,35.426763,493.37,0.00056981
2020,210,8,773.89,115.242740,35.426259,478.42,0.00047372
2020,210,9,870.62,115.242066,35.425585,448.52,-0.00056981
2020,210,10,967.36,115.241380,35.424928,448.52,-0.00157817
2020,210,11,1064.09,115.240519,35.424577,433.57,-0.00004242
2020,210,12,1160.83,115.239745,35.424073,448.52,0.00053464
2020,210,13,1257.56,115.238964,35.423581,448.52,0.00008468
2020,210,14,1354.30,115.238198,35.423065,418.61,-0.00000000
2020,210,15,1451.04,115.237425,35.422561,433.57,-0.00053988
2020,210,16,1547.77,115.236651,35.422057,403.66,-0.00037334
2020,210,17,1644.51,115.235795,35.421695,388.71,-0.00020656
2020,210,18,1741.24,115.235042,35.421156,358.81,-0.00130602
2020,210,19,1837.98,115.234133,35.420886,358.81,-0.00195036
2020,211,0,0.00,115.249225,35.429779,1794.06,0.00000000
2020,211,1,96.60,115.249898,35.429106,1794.06,0.00000000
2020,211,2,193.19,115.250572,35.428432,343.86,0.00000000
2020,212,0,0.00,115.250572,35.428432,822.28,-0.00516875
2020,212,1,76.70,115.250454,35.427775,583.07,-0.00352109
2020,212,2,153.39,115.249821,35.427411,598.02,0.00078735
2020,212,3,230.09,115.249494,35.426815,583.07,0.00344812
2020,214,0,0.00,115.234133,35.420886,1794.06,-0.00000000
2020,214,1,80.63,115.233571,35.421448,1794.06,0.00159338
2020,214,2,161.26,115.233008,35.422011,822.28,0.00467630
2020,214,3,241.90,115.232249,35.422234,403.66,0.00513703
2020,214,4,322.53,115.231389,35.422185,284.06,0.00292714
2020,214,5,403.16,115.230630,35.421964,269.11,0.00174605
2020,215,0,0.00,115.234133,35.420886,463.47,-0.00188789
2020,215,1,99.86,115.233436,35.420190,299.01,-0.00216850
2020,215,2,199.73,115.232558,35.419808,284.06,-0.00016994
2020,215,3,299.59,115.231648,35.419479,254.16,0.00186946
2020,215,4,399.46,115.230952,35.418783,269.11,0.00033695
2020,215,5,499.32,115.230195,35.418191,269.11,-0.00151384
2020,215,6,599.19,115.229407,35.417652,269.11,-0.00108065
2020,215,7,699.05,115.228467,35.417376,269.11,-0.00004301
2020,215,8,798.92,115.227672,35.416850,299.01,0.00004641
2020,215,9,898.78,115.226732,35.416574,269.11,0.00002151
2020,215,10,998.65,115.225945,35.416035,358.81,0.00043908
2020,215,11,1098.51,115.225001,35.415766,388.71,0.00089043
2020,215,12,1198.38,115.224293,35.415089,373.76,-0.00093112
2020,215,13,1298.24,115.223426,35.414688,343.86,-0.00180538
2020,215,14,1398.11,115.222482,35.414418,299.01,-0.00088090
2020,215,15,1497.97,115.221539,35.414149,269.11,-0.00000000
2020,215,16,1597.84,115.220519,35.414010,358.81,0.00087781
2020,215,17,1697.70,115.219651,35.413610,358.81,-0.00088083
2020,215,18,1797.57,115.218708,35.413340,358.81,-0.00212371
2020,215,19,1897.43,115.217608,35.413340,328.91,-0.00079986
2020,215,20,1997.30,115.216509,35.413340,388.71,-0.00079986
2020,215,21,2097.16,115.215409,35.413340,418.61,-0.00079986
2020,215,22,2197.03,115.214466,35.413610,448.52,0.00079986
2020,215,23,2296.89,115.213366,35.413610,418.61,0.00079986
2020,215,24,2396.75,115.212267,35.413610,388.71,0.00000000
2020,215,25,2496.62,115.211167,35.413610,388.71,0.00000000
2020,215,26,2596.48,115.210067,35.413610,388.71,0.00000000
2020,215,27,2696.35,115.208968,35.413610,448.52,0.00000000
2020,215,28,2796.21,115.207868,35.413610,448.52,-0.00079986
2020,215,29,2896.08,115.206769,35.413610,478.42,-0.00079986
2020,215,30,2995.94,115.205825,35.413879,448.52,0.00070411
2020,215,31,3095.81,115.204726,35.413879,478.42,-0.00000000
2020,215,32,3195.67,115.203646,35.413913,403.66,-0.00147037
2020,215,33,3295.54,115.202683,35.414149,433.57,-0.00088083
2020,215,34,3395.40,115.201739,35.414418,418.61,0.00076625
2020,215,35,3495.27,115.200795,35.414688,418.61,0.00168069
2020,215,36,3595.13,115.199696,35.414688,418.61,-0.00000000
2020,215,37,3695.00,115.198596,35.414688,418.61,-0.00160413
2020,215,38,3794.86,115.197653,35.414957,448.52,-0.00088083
2020,215,39,3894.73,115.196696,35.415204,463.47,-0.00015338
2020,215,40,3994.59,115.195766,35.415496,448.52,0.00088083
2020,215,41,4094.46,115.194822,35.415766,448.52,0.00175751
2020,215,42,4194.32,115.193722,35.415766,358.81,-0.00000000
2020,215,43,4294.19,115.192623,35.415766,448.52,-0.00079986
2020,215,44,4394.05,115.191679,35.416035,448.52,0.00000000
2020,215,45,4493.92,115.190580,35.416035,478.42,0.00000000
2020,215,46,4593.78,115.189636,35.416305,418.61,0.00079986
2020,215,47,4693.65,115.188537,35.416305,328.91,-0.00000000
2020,215,48,4793.51,115.187437,35.416305,388.71,-0.00079986
2020,215,49,4893.37,115.186493,35.416574,358.81,0.00033868
2020,215,50,4993.24,115.185394,35.416574,388.71,0.00000000
2020,215,51,5093.10,115.184387,35.416733,343.86,-0.00069119
2020,215,52,5192.97,115.183351,35.416844,328.91,-0.00000000
2020,215,53,5292.83,115.182407,35.417113,358.81,0.00035251
2020,215,54,5392.70,115.181308,35.417113,328.91,0.00000000
2020,215,55,5492.56,115.180364,35.417383,328.91,0.00079986
2020,215,56,5592.43,115.179265,35.417383,269.11,0.00079986
2020,215,57,5692.29,115.178165,35.417383,269.11,-0.00000000
2020,215,58,5792.16,115.177065,35.417383,269.11,0.00000000
2020,215,59,5892.02,115.175966,35.417383,239.21,-0.00079986
2020,215,60,5991.89,115.174866,35.417383,299.01,-0.00079986
2020,215,61,6091.75,115.173923,35.417652,299.01,-0.00000000
2020,215,62,6191.62,115.172823,35.417652,343.86,-0.00088083
2020,215,63,6291.48,115.171880,35.417922,358.81,-0.00176167
2020,216,0,0.00,115.171880,35.417922,1794.06,0.00126549
2020,216,1,69.06,115.171880,35.418544,1225.94,0.00535647
2020,216,2,138.13,115.171750,35.419129,448.52,0.00895026
2020,216,3,207.19,115.171071,35.419269,313.96,0.00845308
2020,217,0,0.00,115.171880,35.417922,358.81,-0.00337950
2020,217,1,97.47,115.171101,35.417413,358.81,-0.00421293
2020,217,2,194.94,115.170045,35.417383,358.81,-0.00260858
2020,217,3,292.41,115.169128,35.417652,358.81,0.00075545
2020,217,4,389.88,115.168055,35.417652,358.81,-0.00000000
2020,217,5,487.35,115.166981,35.417652,358.81,-0.00084085
2020,217,6,584.82,115.166064,35.417922,358.81,0.00084085
2020,217,7,682.29,115.164991,35.417922,358.81,0.00000000
2020,217,8,779.76,115.163918,35.417922,358.81,-0.00137913
2020,217,9,877.23,115.163001,35.418191,388.71,-0.00000000
2020,217,10,974.70,115.162019,35.418350,343.86,0.00104619
2020,217,11,1072.17,115.161010,35.418461,358.81,0.00084085
2020,217,12,1169.64,115.159937,35.418461,358.81,-0.00050791
2020,217,13,1267.11,115.158864,35.418461,358.81,-0.00176773
2020,217,14,1364.58,115.157946,35.418730,388.71,-0.00000000
2020,217,15,1462.05,115.157029,35.419000,388.71,0.00092688
2020,217,16,1559.52,115.155956,35.419000,388.71,0.00000000
2020,217,17,1656.98,115.155039,35.419269,388.71,-0.00000000
2020,217,18,1754.45,115.153965,35.419269,448.52,-0.00092688
2020,217,19,1851.92,115.153048,35.419539,418.61,0.00000000
2020,217,20,1949.39,115.152131,35.419808,418.61,0.00111288
2020,217,21,2046.86,115.151058,35.419808,448.52,-0.00000000
2020,217,22,2144.33,115.150108,35.420021,403.66,-0.00037595
2020,217,23,2241.80,115.149067,35.420078,448.52,-0.00060070
2020,217,24,2339.27,115.148150,35.420347,478.42,0.00018994
2020,217,25,2436.74,115.147179,35.420524,433.57,0.00038045
2020,217,26,2534.21,115.146160,35.420617,448.52,-0.00000000
2020,217,27,2631.68,115.145227,35.420859,448.52,0.00098188
2020,217,28,2729.15,115.144169,35.420886,478.42,0.00000000
2020,217,29,2826.62,115.143096,35.420886,448.52,-0.00168850
2020,217,30,2924.09,115.142179,35.421156,448.52,-0.00000000
2020,217,31,3021.56,115.141261,35.421425,478.42,0.00260858
2020,217,32,3119.03,115.140188,35.421425,508.32,0.00260858
2020,217,33,3216.50,115.139271,35.421156,523.27,0.00185376
2020,218,0,0.00,115.139271,35.421156,1794.06,0.00000000
2020,218,1,79.73,115.139271,35.420437,1794.06,0.00000000
2020,218,2,159.47,115.139271,35.419718,1794.06,0.00000000
2020,218,3,239.20,115.139271,35.419000,583.07,0.00000000
2020,219,0,0.00,115.139271,35.421156,523.27,0.00185773
2020,219,1,97.37,115.138355,35.421425,508.32,0.00159065
2020,219,2,194.74,115.137283,35.421425,508.32,0.00000000
2020,219,3,292.11,115.136246,35.421486,523.27,-0.00046270
2020,219,4,389.48,115.135294,35.421695,598.02,0.00084262
2020,219,5,486.85,115.134222,35.421695,568.12,0.00148615
2020,219,6,584.22,115.133150,35.421695,568.12,0.00084262
2020,219,7,681.59,115.132234,35.421425,568.12,0.00000000
2020,219,8,778.96,115.131162,35.421425,568.12,0.00026857
2020,219,9,876.33,115.130245,35.421156,568.12,-0.00000000
2020,219,10,973.70,115.129220,35.421076,553.17,-0.00052936
2020,219,11,1071.07,115.128257,35.420886,538.22,0.00000000
2020,219,12,1168.44,115.127185,35.420886,538.22,0.00118965
2020,219,13,1265.81,115.126269,35.420617,538.22,-0.00000000
2020,219,14,1363.19,115.125353,35.420347,508.32,-0.00146245
2020,219,15,1460.56,115.124280,35.420347,508.32,0.00000112
2020,219,16,1557.93,115.123268,35.420244,463.47,0.00134114
2020,219,17,1655.30,115.122292,35.420077,478.42,0.00092656
2020,219,18,1752.67,115.121416,35.419740,463.47,-0.00000000
2020,219,19,1850.04,115.120460,35.419539,418.61,0.00000119
2020,219,20,1947.41,115.119563,35.419235,433.57,0.00000000
2020,219,21,2044.78,115.118627,35.419000,388.71,0.00000000
2020,219,22,2142.15,115.117711,35.418730,328.91,0.00024262
2020,22,0,0.00,115.699820,35.783626,747.53,0.00314077
2020,22,1,91.30,115.700089,35.784370,553.17,0.00241575
2020,22,2,182.59,115.699820,35.785115,508.32,0.00000000
2020,22,3,273.89,115.699820,35.785782,508.32,-0.00169074
2020,220,0,0.00,115.117711,35.418730,358.81,0.00092515
2020,220,1,96.34,115.116651,35.418730,448.52,0.00086123
2020,220,2,192.69,115.115676,35.418581,418.61,0.00056989
2020,220,3,289.03,115.114685,35.418461,418.61,0.00000000
2020,220,4,385.37,115.113739,35.418262,403.66,0.00007040
2020,220,5,481.71,115.112719,35.418191,418.61,0.00094977
2020,220,6,578.06,115.111815,35.417922,388.71,0.00070813
2020,220,7,674.40,115.110910,35.417652,388.71,-0.00000000
2020,220,8,770.74,115.110005,35.417383,388.71,0.00000000
2020,220,9,867.08,115.109100,35.417113,388.71,0.00000000
2020,220,10,963.43,115.108195,35.416844,388.71,-0.00000000
2020,220,11,1059.77,115.107290,35.416574,358.81,-0.00000000
2020,220,12,1156.11,115.106386,35.416305,343.86,-0.00000000
2020,220,13,1252.45,115.105481,35.416035,358.81,0.00006058
2020,220,14,1348.80,115.104576,35.415766,358.81,0.00098310
2020,220,15,1445.14,115.103681,35.415479,328.91,0.00100667
2020,220,16,1541.48,115.102922,35.414957,299.01,-0.00000000
2020,220,17,1637.82,115.102041,35.414648,313.96,-0.00062215
2020,220,18,1734.17,115.101269,35.414149,313.96,-0.00098310
2020,220,19,1830.51,115.100302,35.413987,299.01,-0.00000000
2020,220,20,1926.85,115.099459,35.413610,269.11,0.00098310
2020,220,21,2023.19,115.098563,35.413326,269.11,0.00048532
2020,220,22,2119.54,115.097805,35.412801,239.21,-0.00000000
2020,220,23,2215.88,115.096901,35.412532,299.01,0.00100157
2020,220,24,2312.22,115.096152,35.411993,269.11,0.00189778
2020,221,0,0.00,115.117711,35.418730,1794.06,0.00000000
2020,221,1,68.54,115.117981,35.418191,1644.56,0.00000000
2020,221,2,137.08,115.118250,35.417652,882.08,0.00000000
2020,222,0,0.00,115.096152,35.411993,299.01,-0.00004197
2020,222,1,99.40,115.095213,35.411723,209.31,0.00025988
2020,222,2,198.79,115.094271,35.411460,179.41,0.00116833
2020,222,3,298.19,115.093381,35.411108,164.46,0.00199333
2020,222,4,397.58,115.092589,35.410586,224.26,0.00164028
2020,222,5,496.98,115.091895,35.409892,313.96,0.00050029
2020,222,6,596.38,115.091319,35.409298,403.66,0.00042951
2020,222,7,695.77,115.090619,35.408616,448.52,0.00110206
2020,222,8,795.17,115.090134,35.407862,463.47,0.00119288
2020,222,9,894.56,115.089684,35.407097,478.42,0.00035941
2020,222,10,993.96,115.089414,35.406280,523.27,-0.00022944
2020,222,11,1093.36,115.088889,35.405538,538.22,0.00062856
2020,222,12,1192.75,115.088606,35.404725,553.17,0.00069724
2020,222,13,1292.15,115.088336,35.403908,612.97,0.00006859
2020,223,0,0.00,115.096152,35.411993,1794.06,-0.00224995
2020,223,1,79.03,115.096703,35.411442,1046.54,-0.00559863
2020,223,2,158.06,115.096960,35.410804,433.57,-0.00789303
2020,223,3,237.10,115.096440,35.410376,254.16,-0.00319083
2020,223,4,316.13,115.095882,35.409837,194.36,0.00045708
2020,224,0,0.00,115.088336,35.403908,1659.51,-0.00170408
2020,224,1,79.87,115.088992,35.403522,1315.65,-0.00163452
2020,224,2,159.73,115.089549,35.402965,1136.24,-0.00000000
2020,224,3,239.60,115.090106,35.402408,1061.49,0.00163452
2020,224,4,319.46,115.090762,35.402021,822.28,0.00170408
2020,225,0,0.00,115.088336,35.403908,553.17,0.00105483
2020,225,1,96.30,115.087665,35.403236,598.02,0.00103030
2020,225,2,192.60,115.087202,35.402504,612.97,0.00055509
2020,225,3,288.90,115.086719,35.401777,657.82,-0.00035439
2020,225,4,385.20,115.086276,35.401039,642.87,-0.00055509
2020,225,5,481.50,115.085641,35.400356,627.92,0.00087507
2020,225,6,577.80,115.085141,35.399635,612.97,0.00077061
2020,225,7,674.10,115.084886,35.398841,657.82,-0.00102357
2020,225,8,770.40,115.084294,35.398146,642.87,-0.00042865
2020,225,9,866.70,115.083752,35.397437,598.02,0.00088499
2020,225,10,963.00,115.083289,35.396704,598.02,0.00021313
2020,225,11,1059.30,115.082946,35.395936,627.92,-0.00009068
2020,225,12,1155.60,115.082363,35.395239,598.02,0.00057157
2020,225,13,1251.90,115.082108,35.394446,568.12,0.00090700
2020,225,14,1348.20,115.081645,35.393713,568.12,0.00167937
2020,225,15,1444.50,115.081599,35.392859,612.97,0.00220944
2020,226,0,0.00,115.081599,35.392859,553.17,0.00001181
2020,226,1,92.90,115.081060,35.392321,553.17,0.00117387
2020,226,2,185.79,115.080413,35.391673,568.12,0.00064404
2020,226,3,278.69,115.080182,35.390903,553.17,-0.00054632
2020,226,4,371.58,115.079443,35.390424,568.12,0.00111478
2020,226,5,464.48,115.079205,35.389656,598.02,0.00054360
2020,226,6,557.38,115.078766,35.388947,568.12,0.00002157
2020,226,7,650.27,115.078326,35.388239,553.17,0.00123202
2020,226,8,743.17,115.078096,35.387469,568.12,0.00123374
2020,227,0,0.00,115.081599,35.392859,1405.35,0.00000000
2020,227,1,98.33,115.082285,35.392173,1315.65,0.00051144
2020,227,2,196.67,115.082970,35.391487,1106.34,0.00106215
2020,227,3,295.00,115.083755,35.390972,837.23,0.00110142
2020,228,0,0.00,115.078096,35.387469,553.17,0.00108912
2020,228,1,98.88,115.077516,35.386889,538.22,0.00102579
2020,228,2,197.75,115.077035,35.386139,478.42,0.00048123
2020,228,3,296.63,115.076554,35.385388,493.37,0.00020186
2020,228,4,395.50,115.076073,35.384638,478.42,0.00000000
2020,228,5,494.38,115.075670,35.383864,418.61,-0.00040147
2020,228,6,593.25,115.075111,35.383137,418.61,0.00054165
2020,228,7,692.13,115.074630,35.382386,373.76,0.00074126
2020,228,8,791.00,115.074357,35.381575,343.86,-0.00092436
2020,228,9,889.88,115.073877,35.380824,358.81,-0.00054165
2020,228,10,988.75,115.073245,35.380118,328.91,0.00023535
2020,228,11,1087.63,115.072915,35.379323,269.11,-0.00052581
2020,228,12,1186.50,115.072225,35.378634,254.16,-0.00047396
2020,228,13,1285.38,115.071744,35.377883,299.01,-0.00212408
2020,228,14,1384.25,115.071035,35.377228,343.86,-0.00316198
2020,228,15,1483.13,115.070069,35.377017,373.76,-0.00000000
2020,228,16,1582.00,115.069170,35.376689,508.32,0.00183960
2020,228,17,1680.88,115.068394,35.376150,762.48,0.00141238
2020,229,0,0.00,115.078096,35.387469,1196.04,-0.00000000
2020,229,1,98.34,115.078781,35.386783,1151.19,0.00051143
2020,229,2,196.67,115.079467,35.386097,1181.09,0.00106213
2020,229,3,295.01,115.080252,35.385582,747.53,0.00110139
2020,23,0,0.00,115.555909,35.738620,837.23,0.00000000
2020,23,1,38.58,115.555640,35.738351,882.08,0.00000000
2020,23,2,77.16,115.555370,35.738081,478.42,0.00000000
2020,230,0,0.00,115.068394,35.376150,538.22,0.00000000
2020,230,1,24.49,115.068124,35.376150,568.12,0.00000000
2020,230,2,48.98,115.067855,35.376150,568.12,0.00000000
2020,231,0,0.00,115.068394,35.376150,1330.60,-0.00000000
2020,231,1,90.18,115.069023,35.375521,1121.29,-0.00000000
2020,231,2,180.36,115.069651,35.374892,657.82,-0.00000000
2020,231,3,270.54,115.070280,35.374263,104.65,-0.00000000
2020,232,0,0.00,115.067855,35.376150,1270.79,-0.00000000
2020,232,1,99.79,115.067367,35.376907,1539.90,0.00000000
2020,232,2,199.59,115.066880,35.377664,971.78,0.00131998
2020,232,3,299.38,115.066393,35.378421,508.32,0.00322961
2020,232,4,399.18,115.065540,35.378845,403.66,0.00243556
2020,232,5,498.97,115.064597,35.379114,403.66,0.00101306
2020,232,6,598.76,115.063655,35.379384,418.61,0.00262536
2020,232,7,698.56,115.062819,35.379469,448.52,0.00345578
2020,232,8,798.35,115.061926,35.379114,478.42,0.00263511
2020,233,0,0.00,115.067855,35.376150,672.77,-0.00400063
2020,233,1,94.56,115.067126,35.375611,687.72,-0.00388291
2020,233,2,189.12,115.066085,35.375611,598.02,-0.00188260
2020,233,3,283.68,115.065045,35.375611,388.71,-0.00008028
2020,233,4,378.24,115.064004,35.375611,418.61,-0.00089498
2020,233,5,472.80,115.062978,35.375637,418.61,-0.00072465
2020,233,6,567.36,115.062079,35.375880,418.61,-0.00098762
2020,233,7,661.92,115.061038,35.375880,642.87,-0.00307798
2020,233,8,756.48,115.060309,35.376419,538.22,-0.00400063
2020,234,0,0.00,115.061926,35.379114,538.22,0.00000000
2020,234,1,87.87,115.061656,35.378401,493.37,-0.00064856
2020,234,2,175.74,115.061387,35.377688,1031.59,-0.00175168
2020,234,3,263.61,115.060922,35.377032,882.08,-0.00154828
2020,234,4,351.49,115.060309,35.376419,657.82,-0.00089033
2020,235,0,0.00,115.061926,35.379114,239.21,-0.00000000
2020,235,1,38.65,115.061656,35.379384,104.65,-0.00000000
2020,235,2,77.30,115.061387,35.379653,89.70,-0.00000000
2020,236,0,0.00,115.060309,35.376419,448.52,0.00000000
2020,236,1,61.22,115.059635,35.376419,448.52,0.00000000
2020,236,2,122.44,115.058961,35.376419,418.61,0.00000000
2020,237,0,0.00,115.061387,35.379653,463.47,0.00441135
2020,237,1,87.62,115.060578,35.379923,493.37,0.00441135
2020,237,2,175.24,115.059770,35.379653,538.22,0.00441135
2020,238,0,0.00,115.061387,35.379653,493.37,-0.00397662
2020,238,1,82.54,115.060811,35.379078,612.97,-0.00895443
2020,238,2,165.08,115.060137,35.379017,119.60,-0.01021254
2020,238,3,247.63,115.059770,35.379653,224.26,-0.00649284
2020,239,0,0.00,115.059770,35.379653,433.57,0.00000000
2020,239,1,36.73,115.059366,35.379653,433.57,0.00000000
2020,239,2,73.46,115.058961,35.379653,433.57,0.00000000
2020,24,0,0.00,115.555909,35.738620,433.57,0.00294823
2020,24,1,88.44,115.555501,35.739299,299.01,0.00473115
2020,24,2,176.88,115.554756,35.739698,239.21,0.00482407
2020,24,3,265.32,115.553778,35.739698,508.32,0.00373171
2020,24,4,353.76,115.552800,35.739698,568.12,0.00442916
2020,24,5,442.21,115.552137,35.739159,777.43,0.00452895
2020,25,0,0.00,115.697664,35.791711,598.02,0.00405850
2020,25,1,86.67,115.697476,35.792437,463.47,0.00412325
2020,25,2,173.34,115.696771,35.792873,747.53,0.00395600
2020,25,3,260.00,115.696066,35.793308,1061.49,0.00366951
2020,25,4,346.67,115.695119,35.793328,1390.40,0.00188025
2020,25,5,433.34,115.694160,35.793328,1569.81,0.00014547
2020,26,0,0.00,115.697664,35.791711,463.47,0.00175695
2020,26,1,88.24,115.697933,35.790993,448.52,0.00067109
2020,26,2,176.49,115.698472,35.790354,463.47,-0.00087847
2020,26,3,264.73,115.698678,35.789619,448.52,-0.00113032
2020,26,4,352.98,115.699011,35.788920,448.52,-0.00086654
2020,26,5,441.22,115.699075,35.788143,448.52,0.00067936
2020,26,6,529.47,115.699281,35.787407,508.32,0.00009259
2020,26,7,617.71,115.699681,35.786728,478.42,-0.00279166
2020,26,8,705.96,115.699550,35.786051,493.37,-0.00359516
2020,28,0,0.00,115.694160,35.793328,538.22,0.00107631
2020,28,1,99.35,115.693884,35.794143,538.22,0.00107238
2020,28,2,198.71,115.693399,35.794898,523.27,0.00000000
2020,28,3,298.06,115.692913,35.795652,508.32,-0.00153651
2020,28,4,397.41,115.692637,35.796468,508.32,-0.00101948
2020,28,5,496.76,115.692543,35.797336,478.42,-0.00025008
2020,28,6,596.12,115.692274,35.798153,403.66,-0.00023289
2020,28,7,695.47,115.692274,35.799049,343.86,-0.00000000
2020,28,8,794.82,115.692004,35.799866,313.96,-0.00064159
2020,28,9,894.18,115.692004,35.800762,224.26,-0.00128318
2020,28,10,993.53,115.692004,35.801657,179.41,-0.00130635
2020,28,11,1092.88,115.692274,35.802474,179.41,-0.00015321
2020,28,12,1192.24,115.692538,35.803293,179.41,-0.00002861
2020,28,13,1291.59,115.692605,35.804169,194.36,-0.00109916
2020,28,14,1390.94,115.693082,35.804926,179.41,-0.00158980
2020,28,15,1490.29,115.693367,35.805739,418.61,-0.00258310
2020,28,16,1589.65,115.694160,35.806263,418.61,-0.00310460
2020,29,0,0.00,115.699820,35.785782,523.27,0.00000000
2020,29,1,19.29,115.699685,35.785916,553.17,0.00000000
2020,29,2,38.57,115.699550,35.786051,553.17,0.00000000
2020,3,0,0.00,115.699011,35.777158,1270.79,0.00170790
2020,3,1,79.69,115.699667,35.777544,1001.69,0.00163792
2020,3,2,159.37,115.700224,35.778101,897.03,-0.00000000
2020,3,3,239.06,115.700781,35.778658,986.73,-0.00163792
2020,3,4,318.74,115.701437,35.779044,822.28,-0.00170790
2020,30,0,0.00,115.699820,35.785782,627.92,0.00000000
2020,30,1,36.55,115.700224,35.785782,478.42,0.00000000
2020,30,2,73.09,115.700628,35.785782,807.33,0.00000000
2020,31,0,0.00,115.699550,35.786051,687.72,0.00369360
2020,31,1,55.83,115.699061,35.786271,747.53,0.00358943
2020,31,2,111.66,115.698472,35.786321,777.43,0.00348527
2020,33,0,0.00,115.555370,35.738081,478.42,-0.00314506
2020,33,1,83.63,115.554786,35.737497,433.57,-0.00633628
2020,33,2,167.26,115.553992,35.737273,194.36,-0.00911513
2020,33,3,250.89,115.553320,35.737706,583.07,-0.00570793
2020,33,4,334.52,115.552945,35.738351,388.71,-0.00271311
2020,34,0,0.00,115.555370,35.738081,403.66,0.00296483
2020,34,1,77.87,115.554667,35.738351,478.42,0.00281926
2020,34,2,155.74,115.553806,35.738351,508.32,0.00133685
2020,34,3,233.61,115.552945,35.738351,538.22,0.00000000
2020,35,0,0.00,115.552137,35.739159,598.02,-0.00000000
2020,35,1,57.87,115.552541,35.738755,612.97,-0.00000000
2020,35,2,115.74,115.552945,35.738351,598.02,-0.00000000
2020,36,0,0.00,115.552137,35.739159,508.32,0.00010983
2020,36,1,98.39,115.551206,35.739429,478.42,0.00090930
2020,36,2,196.79,115.550266,35.739682,478.42,0.00080295
2020,36,3,295.18,115.549187,35.739698,478.42,0.00000000
2020,36,4,393.57,115.548257,35.739968,478.42,0.00087632
2020,36,5,491.97,115.547169,35.739968,478.42,0.00082489
2020,36,6,590.36,115.546081,35.739968,448.52,-0.00082489
2020,36,7,688.75,115.544994,35.739968,478.42,-0.00082489
2020,36,8,787.15,115.544063,35.740237,478.42,0.00082489
2020,36,9,885.54,115.542975,35.740237,448.52,0.00082489
2020,36,10,983.93,115.541887,35.740237,418.61,-0.00082489
2020,36,11,1082.33,115.540800,35.740237,433.57,-0.00082489
2020,36,12,1180.72,115.539869,35.740507,418.61,0.00082489
2020,36,13,1279.11,115.538781,35.740507,418.61,0.00000000
2020,36,14,1377.51,115.537694,35.740507,388.71,-0.00082489
2020,36,15,1475.90,115.536763,35.740776,388.71,0.00082489
2020,36,16,1574.29,115.535675,35.740776,358.81,0.00082489
2020,36,17,1672.68,115.534588,35.740776,388.71,0.00000000
2020,36,18,1771.08,115.533500,35.740776,358.81,0.00082489
2020,36,19,1869.47,115.532412,35.740776,328.91,0.00082489
2020,36,20,1967.86,115.531481,35.740507,328.91,-0.00082489
2020,36,21,2066.26,115.530394,35.740507,299.01,-0.00044550
2020,36,22,2164.65,115.529306,35.740507,328.91,0.00082489
2020,36,23,2263.04,115.528293,35.740379,358.81,0.00004068
2020,36,24,2361.44,115.527288,35.740237,418.61,-0.00068752
2020,36,25,2459.83,115.526200,35.740237,448.52,0.00081719
2020,36,26,2558.22,115.525140,35.740190,448.52,0.00213743
2020,36,27,2656.62,115.524254,35.739843,418.61,0.00100397
2020,36,28,2755.01,115.523368,35.739496,373.76,-0.00000000
2020,36,29,2853.40,115.522477,35.739159,358.81,0.00043648
2020,36,30,2951.80,115.521597,35.738803,328.91,0.00009912
2020,36,31,3050.19,115.520773,35.738351,313.96,-0.00094353
2020,36,32,3148.58,115.519842,35.738081,269.11,-0.00019825
2020,36,33,3246.98,115.518911,35.737812,239.21,0.00130434
2020,36,34,3345.37,115.518054,35.737416,254.16,0.00099595
2020,36,35,3443.76,115.517267,35.736899,209.31,0.00091225
2020,36,36,3542.16,115.516433,35.736464,209.31,0.00228639
2020,36,37,3640.55,115.515903,35.735804,179.41,0.00213386
2020,36,38,3738.94,115.515485,35.735039,269.11,0.00101719
2020,36,39,3837.34,115.515155,35.734248,403.66,-0.00000000
2020,36,40,3935.73,115.514886,35.733439,478.42,-0.00093580
2020,36,41,4034.12,115.514407,35.732691,627.92,-0.00109049
2020,37,0,0.00,115.694160,35.806263,328.91,-0.00134203
2020,37,1,97.17,115.694160,35.807139,299.01,-0.00138155
2020,37,2,194.35,115.694430,35.807937,328.91,-0.00071053
2020,37,3,291.52,115.694699,35.808735,284.06,0.00050442
2020,37,4,388.70,115.694969,35.809532,328.91,0.00000000
2020,37,5,485.87,115.695048,35.810385,343.86,-0.00101618
2020,37,6,583.05,115.695508,35.811128,358.81,0.00056977
2020,37,7,680.22,115.695777,35.811925,299.01,0.00122229
2020,37,8,777.40,115.695831,35.812786,328.91,-0.00042448
2020,37,9,874.57,115.696047,35.813599,358.81,-0.00071053
2020,37,10,971.75,115.696316,35.814397,328.91,-0.00014529
2020,37,11,1068.92,115.696586,35.815194,328.91,0.00052066
2020,37,12,1166.10,115.696855,35.815992,358.81,0.00071053
2020,37,13,1263.27,115.696928,35.816847,328.91,-0.00032522
2020,37,14,1360.44,115.697125,35.817666,358.81,0.00000000
2020,37,15,1457.62,115.697394,35.818463,343.86,0.00051509
2020,37,16,1554.79,115.697394,35.819339,373.76,-0.00071053
2020,37,17,1651.97,115.697664,35.820137,328.91,-0.00037661
2020,37,18,1749.14,115.697933,35.820935,418.61,0.00000000
2020,37,19,1846.32,115.698077,35.821769,388.71,-0.00067107
2020,37,20,1943.49,115.698472,35.822530,358.81,0.00000000
2020,37,21,2040.67,115.698742,35.823328,388.71,0.00020221
2020,37,22,2137.84,115.699011,35.824126,388.71,-0.00011250
2020,37,23,2235.02,115.699331,35.824909,358.81,0.00026934
2020,37,24,2332.19,115.699592,35.825709,313.96,0.00022463
2020,37,25,2429.37,115.699820,35.826519,299.01,0.00124714
2020,37,26,2526.54,115.700089,35.827316,269.11,0.00194043
2020,37,27,2623.71,115.699820,35.828114,284.06,-0.00000000
2020,37,28,2720.89,115.699820,35.828990,254.16,-0.00024475
2020,37,29,2818.06,115.699820,35.829866,239.21,0.00067101
2020,37,30,2915.24,115.699646,35.830691,209.31,-0.00019293
2020,37,31,3012.41,115.699550,35.831539,179.41,-0.00000000
2020,37,32,3109.59,115.699550,35.832415,299.01,0.00114822
2020,37,33,3206.76,115.699281,35.833213,358.81,0.00142107
2020,38,0,0.00,115.694160,35.806263,538.22,-0.00107572
2020,38,1,95.22,115.694826,35.805598,388.71,0.00000000
2020,38,2,190.44,115.695282,35.804872,343.86,0.00166977
2020,38,3,285.66,115.696047,35.804377,418.61,0.00226382
2020,39,0,0.00,115.514407,35.732691,1255.84,-0.00251282
2020,39,1,80.24,115.513520,35.732691,777.43,-0.00264925
2020,39,2,160.48,115.512790,35.732961,583.07,-0.00278567
2020,4,0,0.00,115.699011,35.777158,538.22,-0.00209923
2020,4,1,95.49,115.698553,35.777886,508.32,-0.00227954
2020,4,2,190.97,115.698472,35.778723,493.37,-0.00143284
2020,4,3,286.46,115.698472,35.779583,553.17,-0.00040582
2020,40,0,0.00,115.514407,35.732691,523.27,0.00163184
2020,40,1,98.78,115.514407,35.731801,508.32,0.00151701
2020,40,2,197.56,115.514743,35.731008,478.42,0.00053611
2020,40,3,296.34,115.515015,35.730197,493.37,0.00037976
2020,40,4,395.12,115.515287,35.729386,478.42,0.00119820
2020,40,5,493.90,115.515769,35.728635,538.22,-0.00000000
2020,40,6,592.68,115.516294,35.727897,523.27,-0.00032869
2020,40,7,691.46,115.516522,35.727073,493.37,0.00156576
2020,40,8,790.24,115.517102,35.726493,523.27,0.00248197
2020,41,0,0.00,115.699281,35.833213,1794.06,0.00000000
2020,41,1,12.17,115.699146,35.833213,1794.06,0.00000000
2020,41,2,24.35,115.699011,35.833213,1794.06,0.00000000
2020,42,0,0.00,115.699281,35.833213,328.91,0.00198820
2020,42,1,94.90,115.699550,35.833990,358.81,0.00144973
2020,42,2,189.80,115.699441,35.834721,343.86,0.00017757
2020,42,3,284.71,115.699550,35.835545,358.81,0.00000000
2020,42,4,379.61,115.699550,35.836400,373.76,-0.00042589
2020,42,5,474.51,115.699550,35.837255,373.76,-0.00073674
2020,42,6,569.41,115.699820,35.838032,373.76,-0.00000000
2020,42,7,664.31,115.699832,35.838884,373.76,-0.00000000
2020,42,8,759.21,115.700089,35.839665,358.81,0.00000000
2020,42,9,854.12,115.700113,35.840513,373.76,-0.00057709
2020,42,10,949.02,115.700359,35.841298,388.71,-0.00121973
2020,43,0,0.00,115.512790,35.732961,583.07,0.00000000
2020,43,1,57.87,115.512386,35.733365,1046.54,0.00000000
2020,43,2,115.74,115.511982,35.733769,956.83,0.00000000
2020,44,0,0.00,115.512790,35.732961,1076.44,-0.00278567
2020,44,1,80.24,115.512060,35.732691,777.43,-0.00264925
2020,44,2,160.48,115.511173,35.732691,89.70,-0.00251282
2020,45,0,0.00,115.517102,35.726493,508.32,-0.00060857
2020,45,1,85.52,115.517282,35.725774,538.22,-0.00000000
2020,45,2,171.05,115.517372,35.725030,508.32,0.00092487
2020,45,3,256.57,115.517641,35.724337,478.42,0.00124117
2020,46,0,0.00,115.517102,35.726493,1794.06,-0.00188137
2020,46,1,96.81,115.518015,35.726762,1599.71,-0.00327058
2020,46,2,193.63,115.519085,35.726762,807.33,-0.00932472
2020,46,3,290.44,115.519670,35.726366,493.37,-0.01016835
2020,46,4,387.25,115.518994,35.725689,926.93,-0.00317352
2020,46,5,484.07,115.518317,35.725013,971.78,-0.00000000
2020,46,6,580.88,115.517641,35.724337,926.93,-0.00000000
2020,47,0,0.00,115.700359,35.841298,433.57,0.00210324
2020,47,1,68.46,115.700837,35.841776,373.76,0.00329802
2020,47,2,136.92,115.701107,35.842315,358.81,0.00334022
2020,47,3,205.39,115.701167,35.842915,358.81,0.00218763
2020,48,0,0.00,115.700359,35.841298,553.17,-0.00000000
2020,48,1,74.23,115.699840,35.841816,1091.39,-0.00089182
2020,48,2,148.47,115.699321,35.842335,1016.64,-0.00183645
2020,48,3,222.70,115.699011,35.842915,642.87,-0.00188924
2020,5,0,0.00,115.700089,35.763144,239.21,0.00000000
2020,5,1,99.49,115.700089,35.762248,343.86,-0.00153303
2020,5,2,198.98,115.700089,35.761351,478.42,-0.00487607
2020,5,3,298.47,115.699466,35.760635,478.42,-0.00494925
2020,5,4,397.96,115.698474,35.760449,433.57,-0.00132346
2020,5,5,497.46,115.697532,35.760180,448.52,-0.00060562
2020,5,6,596.95,115.696589,35.759910,418.61,-0.00169463
2020,5,7,696.44,115.695489,35.759910,478.42,-0.00031302
2020,5,8,795.93,115.694389,35.759910,448.52,-0.00198985
2020,5,9,895.42,115.693511,35.759751,478.42,-0.00316763
2020,5,10,994.91,115.692816,35.760446,358.81,0.00293061
2020,5,11,1094.40,115.692021,35.760466,448.52,0.00353489
2020,5,12,1193.89,115.691088,35.760180,149.51,0.00075387
2020,5,13,1293.38,115.689988,35.760180,418.61,0.00175691
2020,5,14,1392.87,115.689203,35.759641,493.37,-0.00000000
2020,5,15,1492.37,115.688260,35.759371,523.27,-0.00181114
2020,5,16,1591.86,115.687317,35.759102,508.32,-0.00169463
2020,5,17,1691.35,115.686217,35.759102,508.32,-0.00000000
2020,5,18,1790.84,115.685117,35.759102,478.42,0.00080626
2020,5,19,1890.33,115.684174,35.758832,478.42,-0.00080626
2020,5,20,1989.82,115.683074,35.758832,478.42,-0.00080626
2020,5,21,2089.31,115.681974,35.758832,448.52,0.00080626
2020,5,22,2188.80,115.680874,35.758832,478.42,0.00169463
2020,5,23,2288.29,115.679932,35.758563,448.52,-0.00000000
2020,5,24,2387.79,115.678989,35.758293,478.42,-0.00095476
2020,5,25,2487.28,115.677889,35.758293,418.61,0.00000000
2020,5,26,2586.77,115.676934,35.758045,418.61,-0.00068056
2020,5,27,2686.26,115.675846,35.758024,448.52,-0.00000000
2020,5,28,2785.75,115.674746,35.758024,418.61,0.00074695
2020,5,29,2885.24,115.673803,35.757754,418.61,-0.00080626
2020,5,30,2984.73,115.672703,35.757754,418.61,0.00000000
2020,5,31,3084.22,115.671603,35.757754,388.71,0.00080626
2020,5,32,3183.71,115.670660,35.757485,358.81,-0.00011818
2020,5,33,3283.20,115.669561,35.757485,358.81,0.00000000
2020,5,34,3382.70,115.668596,35.757253,343.86,-0.00010519
2020,5,35,3482.19,115.667518,35.757215,328.91,-0.00000000
2020,5,36,3581.68,115.666511,35.757055,284.06,-0.00026850
2020,5,37,3681.17,115.665475,35.756946,299.01,-0.00080626
2020,5,38,3780.66,115.664375,35.756946,269.11,0.00049187
2020,5,39,3880.15,115.663275,35.756946,239.21,0.00090574
2020,5,40,3979.64,115.662332,35.756676,239.21,-0.00000000
2020,5,41,4079.13,115.661251,35.756645,224.26,-0.00019782
2020,5,42,4178.62,115.660290,35.756407,209.31,0.00000000
2020,5,43,4278.11,115.659190,35.756407,209.31,0.00028554
2020,5,44,4377.61,115.658247,35.756137,209.31,-0.00000000
2020,5,45,4477.10,115.657181,35.756079,194.36,0.00069971
2020,5,46,4576.59,115.656204,35.755868,209.31,0.00088837
2020,5,47,4676.08,115.655295,35.755540,209.31,0.00058281
2020,5,48,4775.57,115.654318,35.755329,194.36,0.00092278
2020,5,49,4875.06,115.653508,35.754831,224.26,-0.00043983
2020,5,50,4974.55,115.652589,35.754520,269.11,-0.00077655
2020,5,51,5074.04,115.651646,35.754251,299.01,0.00078126
2020,5,52,5173.53,115.650729,35.753938,313.96,0.00062966
2020,5,53,5273.03,115.649918,35.753442,343.86,-0.00024303
2020,5,54,5372.52,115.648975,35.753173,328.91,0.00019447
2020,5,55,5472.01,115.648148,35.752705,373.76,0.00048315
2020,5,56,5571.50,115.647254,35.752350,388.71,-0.00009525
2020,5,57,5670.99,115.646460,35.751826,388.71,-0.00116177
2020,5,58,5770.48,115.645517,35.751556,418.61,0.00057146
2020,5,59,5869.97,115.644574,35.751286,433.57,0.00172446
2020,5,60,5969.46,115.643879,35.750592,448.52,-0.00028369
2020,5,61,6068.95,115.642986,35.750238,493.37,0.00000246
2020,5,62,6168.44,115.642191,35.749713,508.32,0.00079647
2020,5,63,6267.94,115.641397,35.749188,493.37,0.00053606
2020,5,64,6367.43,115.640645,35.748591,463.47,-0.00046790
2020,5,65,6466.92,115.639908,35.747969,463.47,-0.00071691
2020,5,66,6566.41,115.639015,35.747614,463.47,0.00023659
2020,5,67,6665.90,115.638287,35.746975,448.52,0.00035860
2020,5,68,6765.39,115.637426,35.746565,448.52,0.00049808
2020,5,69,6864.88,115.636731,35.745870,448.52,-0.00017775
2020,5,70,6964.37,115.635930,35.745358,478.42,-0.00045777
2020,5,71,7063.86,115.635143,35.744820,418.61,0.00053606
2020,5,72,7163.36,115.634349,35.744296,448.52,0.00049576
2020,5,73,7262.85,115.633654,35.743601,448.52,-0.00110121
2020,5,74,7362.34,115.632859,35.743076,478.42,-0.00110121
2020,5,75,7461.83,115.631966,35.742722,433.57,0.00056515
2020,5,76,7561.32,115.631172,35.742197,478.42,0.00056515
2020,5,77,7660.81,115.630377,35.741672,448.52,0.00000000
2020,5,78,7760.30,115.629583,35.741147,478.42,-0.00000000
2020,5,79,7859.79,115.628789,35.740623,448.52,-0.00000000
2020,5,80,7959.28,115.627995,35.740098,478.42,0.00053606
2020,5,81,8058.77,115.627201,35.739573,493.37,0.00053606
2020,5,82,8158.27,115.626506,35.738878,448.52,-0.00110121
2020,5,83,8257.76,115.625711,35.738354,448.52,-0.00053606
2020,5,84,8357.25,115.624818,35.737999,433.57,0.00056515
2020,5,85,8456.74,115.624123,35.737304,448.52,-0.00056515
2020,5,86,8556.23,115.623230,35.736950,433.57,-0.00000000
2020,5,87,8655.72,115.622435,35.736425,448.52,0.00056515
2020,5,88,8755.21,115.621641,35.735900,418.61,0.00000000
2020,5,89,8854.70,115.620847,35.735376,418.61,0.00000000
2020,5,90,8954.19,115.620053,35.734851,418.61,-0.00000000
2020,5,91,9053.69,115.619259,35.734326,418.61,-0.00000000
2020,5,92,9153.18,115.618464,35.733801,403.66,-0.00000000
2020,5,93,9252.67,115.617670,35.733277,418.61,-0.00056515
2020,5,94,9352.16,115.616876,35.732752,403.66,0.00000000
2020,5,95,9451.65,115.615983,35.732398,448.52,0.00057943
2020,5,96,9551.14,115.615288,35.731703,388.71,-0.00000000
2020,5,97,9650.63,115.614397,35.731344,418.61,0.00007795
2020,5,98,9750.12,115.613699,35.730653,418.61,0.00000000
2020,5,99,9849.61,115.612825,35.730266,418.61,0.00034281
2020,5,100,9949.10,115.612111,35.729604,388.71,-0.00031072
2020,5,101,10048.60,115.611317,35.729079,388.71,-0.00069830
2020,5,102,10148.09,115.610467,35.728649,388.71,0.00006206
2020,5,103,10247.58,115.609681,35.728110,388.71,-0.00054201
2020,5,104,10347.07,115.608835,35.727675,373.76,-0.00089803
2020,5,105,10446.56,115.607953,35.727301,373.76,0.00074203
2020,5,106,10546.05,115.607048,35.726966,373.76,0.00102619
2020,5,107,10645.54,115.606353,35.726271,343.86,-0.00050191
2020,5,108,10745.03,115.605438,35.725954,313.96,-0.00032020
2020,5,109,10844.52,115.604665,35.725392,358.81,-0.00031754
2020,5,110,10944.01,115.603772,35.725038,284.06,-0.00070600
2020,5,111,11043.51,115.602923,35.724606,254.16,0.00005580
2020,5,112,11143.00,115.601985,35.724329,269.11,0.00031429
2020,5,113,11242.49,115.601191,35.723804,224.26,-0.00176943
2020,5,114,11341.98,115.600252,35.723528,149.51,-0.00178401
2020,5,115,11441.47,115.599152,35.723528,179.41,-0.00082634
2020,5,116,11540.96,115.598209,35.723259,239.21,-0.00161252
2020,5,117,11640.45,115.597266,35.723528,269.11,-0.00080626
2020,5,118,11739.94,115.596166,35.723528,299.01,-0.00088837
2020,5,119,11839.43,115.595223,35.723798,373.76,-0.00095664
2020,5,120,11938.93,115.594280,35.724067,388.71,0.00000000
2020,5,121,12038.42,115.593349,35.724357,388.71,0.00006973
2020,5,122,12137.91,115.592395,35.724606,418.61,-0.00092278
2020,5,123,12237.40,115.591463,35.724896,478.42,-0.00116435
2020,5,124,12336.89,115.590666,35.725415,493.37,-0.00000000
2020,5,125,12436.38,115.589775,35.725775,508.32,0.00000000
2020,5,126,12535.87,115.588937,35.726223,508.32,0.00000000
2020,5,127,12635.36,115.588088,35.726654,508.32,-0.00000000
2020,5,128,12734.85,115.587208,35.727032,508.32,-0.00072835
2020,5,129,12834.34,115.586400,35.727533,493.37,0.00000000
2020,5,130,12933.84,115.585606,35.728058,478.42,0.00055077
2020,5,131,13033.33,115.584713,35.728412,493.37,-0.00055156
2020,5,132,13132.82,115.583908,35.728918,478.42,0.00017758
2020,5,133,13232.31,115.583122,35.729457,463.47,0.00111871
2020,5,134,13331.80,115.582179,35.729727,448.52,0.00000000
2020,5,135,13431.29,115.581337,35.730170,463.47,0.00001438
2020,5,136,13530.78,115.580450,35.730535,418.61,0.00000000
2020,5,137,13630.27,115.579551,35.730879,448.52,-0.00058154
2020,5,138,13729.76,115.578721,35.731344,433.57,-0.00000000
2020,5,139,13829.26,115.577863,35.731758,478.42,-0.00000000
2020,5,140,13928.75,115.576993,35.732152,448.52,0.00000000
2020,5,141,14028.24,115.576175,35.732638,418.61,0.00097959
2020,5,142,14127.73,115.575264,35.732961,433.57,0.00023453
2020,5,143,14227.22,115.574321,35.733230,418.61,-0.00073948
2020,5,144,14326.71,115.573495,35.733701,418.61,0.00045464
2020,5,145,14426.20,115.572592,35.734039,448.52,0.00028502
2020,5,146,14525.69,115.571649,35.734308,418.61,0.00023360
2020,5,147,14625.18,115.570815,35.734764,463.47,0.00120798
2020,5,148,14724.67,115.569763,35.734847,418.61,-0.00092278
2020,5,149,14824.17,115.568830,35.735132,433.57,-0.00143981
2020,5,150,14923.66,115.568035,35.735656,463.47,0.00091986
2020,5,151,15023.15,115.567092,35.735925,448.52,0.00086958
2020,5,152,15122.64,115.566149,35.736196,418.61,0.00000438
2020,5,153,15222.13,115.565206,35.736464,403.66,0.00000000
2020,5,154,15321.62,115.564263,35.736734,388.71,-0.00000000
2020,5,155,15421.11,115.563320,35.737003,388.71,0.00000000
2020,5,156,15520.60,115.562377,35.737273,343.86,-0.00000292
2020,50,0,0.00,115.517641,35.724337,478.42,-0.00078005
2020,50,1,98.53,115.518121,35.723588,463.47,-0.00023424
2020,50,2,197.05,115.518450,35.722796,508.32,-0.00000000
2020,50,3,295.58,115.518989,35.722064,463.47,-0.00086228
2020,50,4,394.10,115.519258,35.721255,448.52,-0.00046220
2020,50,5,492.63,115.519528,35.720445,478.42,0.00070650
2020,50,6,591.15,115.519891,35.719662,433.57,0.00030834
2020,50,7,689.68,115.520336,35.718904,418.61,-0.00070650
2020,50,8,788.20,115.520640,35.718104,388.71,-0.00064277
2020,50,9,886.73,115.520875,35.717284,388.71,0.00009793
2020,50,10,985.25,115.521145,35.716475,388.71,0.00009014
2020,50,11,1083.78,115.521452,35.715676,358.81,-0.00019557
2020,50,12,1182.30,115.521684,35.714855,358.81,-0.00069173
2020,50,13,1280.83,115.521953,35.714045,299.01,-0.00124745
2020,50,14,1379.35,115.521953,35.713157,299.01,-0.00011300
2020,50,15,1477.88,115.521953,35.712269,269.11,0.00134509
2020,50,16,1576.40,115.522177,35.711447,269.11,0.00080974
2020,50,17,1674.93,115.522492,35.710650,284.06,-0.00064586
2020,50,18,1773.45,115.522718,35.709828,269.11,-0.00058750
2020,50,19,1871.98,115.522780,35.708958,313.96,-0.00009156
2020,50,20,1970.50,115.523031,35.708142,284.06,-0.00141597
2020,50,21,2069.03,115.523031,35.707255,284.06,-0.00126104
2020,50,22,2167.55,115.522762,35.706445,254.16,0.00065337
2020,50,23,2266.08,115.522762,35.705557,224.26,-0.00000000
2020,50,24,2364.61,115.522762,35.704669,224.26,-0.00134008
2020,50,25,2463.13,115.522492,35.703859,209.31,-0.00069173
2020,50,26,2561.66,115.522225,35.703049,209.31,-0.00001003
2020,50,27,2660.18,115.521953,35.702240,224.26,-0.00000000
2020,50,28,2758.71,115.521684,35.701430,284.06,0.00001003
2020,51,0,0.00,115.701167,35.842915,1181.09,-0.00134404
2020,51,1,89.29,115.700444,35.843368,1001.69,-0.00129275
2020,51,2,178.59,115.699820,35.843993,284.06,-0.00124147
2020,52,0,0.00,115.701167,35.842915,358.81,0.00110512
2020,52,1,93.95,115.701824,35.843571,299.01,0.00055256
2020,52,2,187.90,115.702271,35.844288,284.06,-0.00111205
2020,52,3,281.85,115.702928,35.844945,194.36,-0.00055256
2020,52,4,375.80,115.703684,35.845431,239.21,0.00169379
2020,52,5,469.75,115.704131,35.846149,254.16,0.00226859
2020,53,0,0.00,115.521684,35.701430,1300.70,0.00000000
2020,53,1,73.17,115.522492,35.701430,1210.99,0.00000000
2020,53,2,146.34,115.523301,35.701430,777.43,0.00000000
2020,54,0,0.00,115.521684,35.701430,284.06,-0.00287312
2020,54,1,96.84,115.521414,35.700635,388.71,-0.00263951
2020,54,2,193.68,115.520675,35.700082,448.52,-0.00083387
2020,54,3,290.52,115.519973,35.699450,448.52,-0.00002619
2020,54,4,387.36,115.519297,35.698774,478.42,-0.00154116
2020,54,5,484.20,115.518521,35.698268,433.57,-0.00056746
2020,54,6,581.04,115.517650,35.697926,448.52,0.00080271
2020,54,7,677.88,115.516970,35.697256,448.52,-0.00059831
2020,54,8,774.72,115.516138,35.696849,448.52,-0.00094132
2020,54,9,871.56,115.515320,35.696414,463.47,0.00025403
2020,54,10,968.40,115.514468,35.696040,418.61,0.00058413
2020,54,11,1065.24,115.513712,35.695501,388.71,-0.00037276
2020,54,12,1162.08,115.512895,35.695067,343.86,-0.00046540
2020,54,13,1258.92,115.512043,35.694693,373.76,-0.00000000
2020,54,14,1355.76,115.511245,35.694225,343.86,-0.00083520
2020,54,15,1452.60,115.510373,35.693884,299.01,-0.00051513
2020,54,16,1549.44,115.509460,35.693615,269.11,0.00164043
2020,54,17,1646.28,115.508621,35.693218,224.26,0.00232612
2020,54,18,1743.12,115.507945,35.692542,239.21,0.00088704
2020,54,19,1839.96,115.507268,35.691865,328.91,-0.00000000
2020,54,20,1936.80,115.506592,35.691189,388.71,-0.00000000
2020,55,0,0.00,115.704131,35.846149,269.11,0.00002241
2020,55,1,99.67,115.705077,35.846418,269.11,0.00088814
2020,55,2,199.34,115.706021,35.846691,239.21,0.00089728
2020,55,3,299.00,115.706817,35.847217,269.11,-0.00085669
2020,55,4,398.67,115.707758,35.847496,269.11,-0.00090848
2020,55,5,498.34,115.708703,35.847765,209.31,-0.00003144
2020,55,6,598.01,115.709649,35.848035,209.31,-0.00000000
2020,55,7,697.68,115.710595,35.848304,239.21,-0.00088523
2020,55,8,797.34,115.711541,35.848574,239.21,-0.00168860
2020,55,9,897.01,115.712644,35.848574,269.11,-0.00080338
2020,55,10,996.68,115.713747,35.848574,269.11,0.00000000
2020,55,11,1096.35,115.714850,35.848574,269.11,-0.00080338
2020,55,12,1196.02,115.715954,35.848574,239.21,-0.00220347
2020,55,13,1295.68,115.716900,35.848304,179.41,-0.00169674
2020,55,14,1395.35,115.717757,35.847884,194.36,-0.00065605
2020,55,15,1495.02,115.718652,35.847528,209.31,-0.00092210
2020,55,16,1594.69,115.719448,35.847001,239.21,0.00000000
2020,55,17,1694.36,115.720244,35.846475,269.11,-0.00000000
2020,55,18,1794.03,115.721139,35.846119,299.01,-0.00109642
2020,55,19,1893.69,115.721836,35.845422,299.01,-0.00034065
2020,55,20,1993.36,115.722632,35.844896,343.86,-0.00049594
2020,55,21,2093.03,115.723365,35.844262,343.86,-0.00035386
2020,55,22,2192.70,115.723915,35.843612,373.76,0.00049594
2020,55,23,2292.37,115.724711,35.843086,403.66,-0.00033515
2020,55,24,2392.03,115.725408,35.842389,418.61,-0.00049594
2020,55,25,2491.70,115.726104,35.841693,448.52,0.00049594
2020,55,26,2591.37,115.726801,35.840996,493.37,0.00049594
2020,55,27,2691.04,115.727597,35.840470,523.27,-0.00049594
2020,55,28,2790.71,115.728293,35.839773,523.27,-0.00049594
2020,55,29,2890.37,115.728990,35.839077,553.17,-0.00049016
2020,55,30,2990.04,115.729686,35.838380,538.22,-0.00049016
2020,55,31,3089.71,115.730174,35.837623,523.27,0.00049016
2020,55,32,3189.38,115.730871,35.836927,538.22,-0.00000000
2020,55,33,3289.05,115.731567,35.836230,538.22,-0.00049016
2020,55,34,3388.71,115.732055,35.835473,538.22,0.00049016
2020,55,35,3488.38,115.732751,35.834776,538.22,0.00026152
2020,55,36,3588.05,115.733448,35.834080,538.22,-0.00049016
2020,55,37,3687.72,115.734045,35.833355,538.22,-0.00002567
2020,55,38,3787.39,115.734632,35.832626,583.07,0.00049016
2020,55,39,3887.05,115.735329,35.831930,568.12,-0.00023585
2020,55,40,3986.72,115.736025,35.831233,598.02,-0.00000000
2020,55,41,4086.39,115.736513,35.830476,657.82,-0.00004315
2020,55,42,4186.06,115.737309,35.829950,598.02,-0.00153588
2020,55,43,4285.73,115.737587,35.829132,612.97,-0.00000000
2020,55,44,4385.40,115.738075,35.828375,598.02,0.00104599
2020,55,45,4485.06,115.738662,35.827788,598.02,0.00044572
2020,55,46,4584.73,115.739166,35.827036,583.07,0.00134835
2020,55,47,4684.40,115.739928,35.826475,642.87,0.00193112
2020,55,48,4784.07,115.740717,35.825936,538.22,0.00203448
2020,55,49,4883.74,115.741662,35.825667,448.52,0.00180498
2020,55,50,4983.40,115.742631,35.825436,403.66,0.00225685
2020,55,51,5083.07,115.743712,35.825397,328.91,0.00160675
2020,55,52,5182.74,115.744657,35.825667,269.11,0.00009502
2020,55,53,5282.41,115.745761,35.825667,239.21,0.00088523
2020,55,54,5382.08,115.746708,35.825933,269.11,0.00090687
2020,55,55,5481.74,115.747652,35.826206,269.11,-0.00000000
2020,55,56,5581.41,115.748598,35.826475,269.11,-0.00002241
2020,56,0,0.00,115.704131,35.846149,1046.54,-0.00347668
2020,56,1,53.51,115.703758,35.846523,732.58,-0.00358305
2020,56,2,107.02,115.703592,35.846957,822.28,-0.00368943
2020,57,0,0.00,115.506592,35.691189,403.66,0.00000000
2020,57,1,44.85,115.506592,35.690785,538.22,0.00000000
2020,57,2,89.70,115.506592,35.690381,598.02,0.00000000
2020,58,0,0.00,115.506592,35.691189,612.97,0.00390992
2020,58,1,68.08,115.505997,35.691459,328.91,0.00372068
2020,58,2,136.16,115.505244,35.691459,239.21,0.00353144
2020,59,0,0.00,115.748598,35.826475,239.21,0.00383417
2020,59,1,94.37,115.749556,35.826624,104.65,0.00370110
2020,59,2,188.75,115.750215,35.827284,299.01,0.00356803
2020,6,0,0.00,115.700089,35.763144,926.93,-0.00000000
2020,6,1,43.66,115.699685,35.763279,1061.49,-0.00000000
2020,6,2,87.32,115.699281,35.763414,627.92,-0.00000000
2020,60,0,0.00,115.748598,35.826475,463.47,-0.00444974
2020,60,1,68.47,115.748659,35.827075,224.26,-0.00439209
2020,60,2,136.93,115.749137,35.827553,313.96,-0.00433444
2020,61,0,0.00,115.506322,35.690111,328.91,0.00000000
2020,61,1,19.29,115.506457,35.690246,403.66,0.00000000
2020,61,2,38.59,115.506592,35.690381,463.47,0.00000000
2020,62,0,0.00,115.506592,35.690381,762.48,-0.00384286
2020,62,1,83.44,115.507131,35.689785,1001.69,-0.00381153
2020,62,2,166.88,115.507131,35.689033,687.72,-0.00378021
2020,63,0,0.00,115.506322,35.690111,448.52,-0.00735682
2020,63,1,97.23,115.505562,35.689572,254.16,-0.00802082
2020,63,2,194.46,115.504975,35.690111,911.98,-0.00868482
2020,64,0,0.00,115.506322,35.690111,717.63,0.00606384
2020,64,1,75.18,115.505649,35.690381,418.61,0.00606384
2020,64,2,150.36,115.504975,35.690111,149.51,0.00606384
2020,65,0,0.00,115.505244,35.691459,403.66,-0.00000000
2020,65,1,68.49,115.504975,35.690920,328.91,-0.00000000
2020,65,2,136.98,115.504705,35.690381,343.86,-0.00000000
2020,66,0,0.00,115.505244,35.691459,269.11,0.00618213
2020,66,1,79.73,115.504589,35.691611,134.55,0.00651768
2020,66,2,159.45,115.503933,35.691225,134.55,0.00421024
2020,66,3,239.18,115.503376,35.690668,448.52,0.00078362
2020,66,4,318.91,115.502819,35.690111,463.47,-0.00000000
2020,67,0,0.00,115.750215,35.827284,299.01,0.00232594
2020,67,1,99.35,115.751157,35.827553,299.01,0.00200052
2020,67,2,198.70,115.751902,35.828162,224.26,0.00110388
2020,67,3,298.05,115.752695,35.828686,254.16,0.00026634
2020,67,4,397.39,115.753390,35.829380,239.21,0.00005021
2020,67,5,496.74,115.754183,35.829905,284.06,0.00082070
2020,67,6,596.09,115.754751,35.830518,284.06,0.00104283
2020,67,7,695.44,115.755335,35.831220,269.11,0.00042157
2020,67,8,794.79,115.755874,35.831959,269.11,0.00083190
2020,67,9,894.14,115.756413,35.832699,254.16,0.00075325
2020,67,10,993.48,115.756683,35.833516,224.26,0.00000000
2020,67,11,1092.83,115.757194,35.834263,224.26,-0.00014105
2020,67,12,1192.18,115.757491,35.835073,239.21,-0.00000000
2020,67,13,1291.53,115.758030,35.835812,269.11,0.00144288
2020,67,14,1390.88,115.758300,35.836629,284.06,0.00201379
2020,67,15,1490.23,115.758300,35.837525,328.91,0.00128275
2020,68,0,0.00,115.750215,35.827284,762.48,0.00583087
2020,68,1,55.81,115.749755,35.827553,239.21,0.00558394
2020,68,2,111.62,115.749137,35.827553,164.46,0.00533701
2020,7,0,0.00,115.698472,35.779583,777.43,-0.00502345
2020,7,1,85.96,115.697678,35.779853,672.77,-0.00592418
2020,7,2,171.93,115.697394,35.780537,583.07,-0.00346645
2020,7,3,257.89,115.697394,35.781312,627.92,0.00086046
2020,7,4,343.86,115.697125,35.782009,627.92,0.00182890
2020,70,0,0.00,115.749137,35.827553,941.88,0.00000000
2020,70,1,19.28,115.749002,35.827688,568.12,0.00000000
2020,70,2,38.56,115.748868,35.827823,553.17,0.00000000
2020,71,0,0.00,115.504975,35.690111,911.98,0.00000000
2020,71,1,19.29,115.504840,35.690246,897.03,0.00000000
2020,71,2,38.59,115.504705,35.690381,1794.06,0.00000000
2020,74,0,0.00,115.504705,35.690381,194.36,-0.00151166
2020,74,1,71.11,115.504110,35.690054,358.81,-0.00453564
2020,74,2,142.23,115.503448,35.689842,388.71,-0.00680200
2020,74,3,213.34,115.502819,35.690111,762.48,-0.00604436
2020,75,0,0.00,115.502819,35.690111,418.61,0.00183012
2020,75,1,99.90,115.501872,35.689842,448.52,0.00145971
2020,75,2,199.79,115.501083,35.689303,478.42,0.00050574
2020,75,3,299.69,115.500231,35.688870,538.22,0.00068024
2020,75,4,399.59,115.499434,35.688343,478.42,0.00030936
2020,75,5,499.48,115.498713,35.687686,523.27,-0.00083652
2020,75,6,599.38,115.497841,35.687289,568.12,0.00000000
2020,75,7,699.27,115.497044,35.686762,523.27,0.00042672
2020,75,8,799.17,115.496247,35.686234,538.22,-0.00000000
2020,75,9,899.07,115.495451,35.685707,538.22,0.00053180
2020,75,10,998.96,115.494654,35.685180,523.27,-0.00000000
2020,75,11,1098.86,115.493956,35.684483,568.12,-0.00109241
2020,75,12,1198.76,115.493061,35.684126,583.07,0.00000000
2020,75,13,1298.65,115.492264,35.683599,598.02,0.00049235
2020,75,14,1398.55,115.491467,35.683071,598.02,-0.00003012
2020,75,15,1498.45,115.490658,35.682565,598.02,0.00013608
2020,75,16,1598.34,115.489869,35.682026,568.12,0.00006015
2020,75,17,1698.24,115.489077,35.681490,627.92,-0.00062842
2020,75,18,1798.14,115.488281,35.680963,627.92,-0.00059064
2020,75,19,1898.03,115.487385,35.680606,598.02,0.00056061
2020,75,20,1997.93,115.486588,35.680079,598.02,0.00043887
2020,75,21,2097.82,115.485791,35.679551,583.07,-0.00008341
2020,75,22,2197.72,115.484973,35.679062,583.07,0.00019739
2020,75,23,2297.62,115.484183,35.678523,568.12,-0.00039081
2020,75,24,2397.51,115.483393,35.677984,538.22,-0.00003063
2020,75,25,2497.41,115.482506,35.677613,568.12,0.00100602
2020,75,26,2597.31,115.481808,35.676916,553.17,-0.00060563
2020,75,27,2697.20,115.481011,35.676388,538.22,-0.00109241
2020,75,28,2797.10,115.480116,35.676032,523.27,0.00000000
2020,75,29,2897.00,115.479319,35.675504,523.27,0.00056061
2020,75,30,2996.89,115.478423,35.675148,478.42,0.00109241
2020,75,31,3096.79,115.477726,35.674450,508.32,0.00053180
2020,75,32,3196.68,115.476929,35.673923,463.47,-0.00051604
2020,75,33,3296.58,115.476231,35.673225,448.52,-0.00017781
2020,75,34,3396.48,115.475338,35.672864,478.42,0.00045584
2020,75,35,3496.37,115.474792,35.672126,478.42,-0.00079731
2020,75,36,3596.27,115.473951,35.671753,463.47,-0.00047161
2020,75,37,3696.17,115.473154,35.671226,478.42,0.00044333
2020,75,38,3796.06,115.472358,35.670699,448.52,0.00000000
2020,75,39,3895.96,115.471561,35.670172,478.42,-0.00056061
2020,75,40,3995.86,115.470764,35.669645,448.52,-0.00056061
2020,75,41,4095.75,115.469868,35.669288,403.66,0.00000000
2020,75,42,4195.65,115.469072,35.668761,448.52,-0.00045978
2020,75,43,4295.55,115.468176,35.668404,448.52,-0.00000000
2020,75,44,4395.44,115.467300,35.668013,478.42,0.00090912
2020,75,45,4495.34,115.466483,35.667520,478.42,0.00000000
2020,75,46,4595.23,115.465687,35.666993,523.27,-0.00050801
2020,75,47,4695.13,115.464791,35.666636,493.37,-0.00000000
2020,75,48,4795.03,115.463984,35.666126,508.32,0.00011716
2020,75,49,4894.92,115.463099,35.665752,493.37,0.00029643
2020,75,50,4994.82,115.462302,35.665225,493.37,0.00050212
2020,75,51,5094.72,115.461458,35.664779,478.42,0.00033983
2020,75,52,5194.61,115.460709,35.664170,433.57,-0.00056061
2020,75,53,5294.51,115.459878,35.663701,433.57,-0.00089075
2020,75,54,5394.41,115.459016,35.663286,388.71,0.00016391
2020,75,55,5494.30,115.458142,35.662892,343.86,0.00123340
2020,75,56,5594.20,115.457352,35.662353,343.86,0.00077873
2020,75,57,5694.09,115.456626,35.661705,313.96,-0.00041830
2020,75,58,5793.99,115.455829,35.661178,299.01,-0.00062278
2020,75,59,5893.89,115.455033,35.660650,269.11,-0.00000000
2020,75,60,5993.78,115.454193,35.660197,239.21,-0.00007341
2020,75,61,6093.68,115.453439,35.659596,194.36,-0.00171592
2020,75,62,6193.58,115.452543,35.659239,239.21,-0.00191243
2020,75,63,6293.47,115.451549,35.659053,284.06,-0.00023680
2020,75,64,6393.37,115.450563,35.658850,328.91,0.00049643
2020,75,65,6493.27,115.449617,35.658580,358.81,-0.00009618
2020,75,66,6593.16,115.448670,35.658311,373.76,-0.00088068
2020,75,67,6693.06,115.447668,35.658137,403.66,-0.00025731
2020,75,68,6792.95,115.446620,35.658041,493.37,0.00000000
2020,75,69,6892.85,115.445674,35.657772,508.32,-0.00030464
2020,75,70,6992.75,115.444570,35.657772,508.32,-0.00000000
2020,75,71,7092.64,115.443624,35.657502,538.22,-0.00079950
2020,75,72,7192.54,115.442520,35.657502,538.22,-0.00079950
2020,75,73,7292.44,115.441417,35.657502,538.22,0.00000000
2020,75,74,7392.33,115.440314,35.657502,538.22,-0.00000000
2020,75,75,7492.23,115.439210,35.657502,568.12,0.00000000
2020,75,76,7592.13,115.438107,35.657502,598.02,0.00079950
2020,75,77,7692.02,115.437004,35.657502,568.12,0.00079950
2020,75,78,7791.92,115.436057,35.657233,568.12,-0.00079950
2020,75,79,7891.82,115.434954,35.657233,538.22,-0.00079950
2020,75,80,7991.71,115.433851,35.657233,508.32,0.00079950
2020,75,81,8091.61,115.432747,35.657233,508.32,0.00079950
2020,75,82,8191.50,115.431801,35.656963,478.42,-0.00079950
2020,75,83,8291.40,115.430697,35.656963,478.42,0.00000000
2020,75,84,8391.30,115.429594,35.656963,448.52,0.00079950
2020,75,85,8491.19,115.428647,35.656694,388.71,-0.00000000
2020,75,86,8591.09,115.427544,35.656694,343.86,-0.00000000
2020,75,87,8690.99,115.426597,35.656424,299.01,0.00000000
2020,75,88,8790.88,115.425494,35.656424,269.11,0.00028908
2020,75,89,8890.78,115.424548,35.656155,239.21,-0.00000000
2020,75,90,8990.68,115.423497,35.656064,224.26,0.00004111
2020,75,91,9090.57,115.422498,35.655885,209.31,0.00088068
2020,75,92,9190.47,115.421507,35.655691,269.11,0.00172005
2020,75,93,9290.36,115.420605,35.655346,299.01,0.00180581
2020,75,94,9390.26,115.419815,35.654807,299.01,0.00127251
2020,77,0,0.00,115.758300,35.837525,343.86,0.00157974
2020,77,1,79.47,115.758839,35.837943,343.86,0.00192871
2020,77,2,158.93,115.759301,35.838526,358.81,0.00159769
2020,77,3,238.40,115.759647,35.839142,373.76,0.00091768
2020,78,0,0.00,115.758300,35.837525,612.97,0.00000000
2020,78,1,19.28,115.758165,35.837659,612.97,0.00000000
2020,78,2,38.56,115.758030,35.837794,612.97,0.00000000
2020,79,0,0.00,115.419815,35.654807,583.07,-0.00204558
2020,79,1,79.10,115.419815,35.654094,493.37,-0.00210913
2020,79,2,158.20,115.419545,35.653460,284.06,-0.00217267
2020,8,0,0.00,115.698472,35.779583,897.03,0.00000000
2020,8,1,95.08,115.699136,35.780248,941.88,0.00000000
2020,8,2,190.17,115.699801,35.780912,956.83,0.00133992
2020,8,3,285.25,115.700465,35.781576,747.53,0.00464791
2020,8,4,380.34,115.700628,35.782386,508.32,0.00519966
2020,8,5,475.42,115.700089,35.783087,642.87,0.00378335
2020,80,0,0.00,115.419815,35.654807,388.71,0.00454890
2020,80,1,75.87,115.419186,35.654987,313.96,0.00624503
2020,80,2,151.73,115.418458,35.654798,358.81,0.00578603
2020,80,3,227.60,115.417928,35.654268,179.41,0.00363088
2020,81,0,0.00,115.759647,35.839142,373.76,-0.00209021
2020,81,1,99.09,115.759713,35.840016,358.81,-0.00158578
2020,81,2,198.19,115.760197,35.840769,388.71,-0.00000000
2020,81,3,297.28,115.760471,35.841582,388.71,-0.00000000
2020,81,4,396.37,115.760746,35.842396,403.66,-0.00061790
2020,81,5,495.46,115.761229,35.843149,403.66,0.00047683
2020,81,6,594.56,115.761534,35.843954,388.71,0.00069475
2020,81,7,693.65,115.761803,35.844769,388.71,0.00065811
2020,81,8,792.74,115.762053,35.845590,403.66,-0.00010118
2020,81,9,891.83,115.762119,35.846464,388.71,-0.00113494
2020,81,10,990.93,115.762612,35.847214,418.61,0.00005063
2020,81,11,1090.02,115.762877,35.848031,388.71,0.00055581
2020,81,12,1189.11,115.763151,35.848844,418.61,0.00050407
2020,81,13,1288.20,115.763420,35.849660,418.61,0.00050241
2020,81,14,1387.30,115.763492,35.850532,403.66,-0.00107104
2020,81,15,1486.39,115.763766,35.851346,418.61,-0.00099014
2020,81,16,1585.48,115.764250,35.852099,388.71,0.00000000
2020,81,17,1684.57,115.764498,35.852920,403.66,-0.00019806
2020,81,18,1783.67,115.765008,35.853665,388.71,-0.00000000
2020,81,19,1882.76,115.765307,35.854472,403.66,0.00069695
2020,81,20,1981.85,115.765766,35.855232,358.81,0.00054067
2020,81,21,2080.94,115.765846,35.856102,328.91,-0.00183042
2020,81,22,2180.04,115.766316,35.856859,343.86,-0.00280776
2020,81,23,2279.13,115.767057,35.857467,343.86,-0.00122479
2020,81,24,2378.22,115.767840,35.858006,269.11,-0.00112545
2020,81,25,2477.31,115.768622,35.858545,239.21,-0.00183487
2020,81,26,2576.41,115.769562,35.858815,224.26,-0.00093056
2020,81,27,2675.50,115.770501,35.859084,209.31,0.00000000
2020,81,28,2774.59,115.771441,35.859354,224.26,-0.00015343
2020,81,29,2873.68,115.772381,35.859623,209.31,-0.00089609
2020,81,30,2972.78,115.773347,35.859848,224.26,-0.00142718
2020,81,31,3071.87,115.774417,35.859893,269.11,-0.00081302
2020,81,32,3170.96,115.775514,35.859893,328.91,-0.00012850
2020,81,33,3270.05,115.776612,35.859893,358.81,0.00000000
2020,81,34,3369.15,115.777709,35.859893,418.61,0.00000000
2020,81,35,3468.24,115.778806,35.859893,418.61,0.00000000
2020,81,36,3567.33,115.779903,35.859893,418.61,0.00000000
2020,81,37,3666.42,115.781000,35.859893,418.61,0.00000000
2020,81,38,3765.52,115.782097,35.859893,448.52,0.00000000
2020,81,39,3864.61,115.783194,35.859893,448.52,0.00000000
2020,81,40,3963.70,115.784291,35.859893,448.52,0.00000000
2020,81,41,4062.80,115.785388,35.859893,448.52,0.00000000
2020,81,42,4161.89,115.786485,35.859893,448.52,0.00000000
2020,81,43,4260.98,115.787582,35.859893,418.61,0.00000000
2020,81,44,4360.07,115.788679,35.859893,448.52,-0.00081302
2020,81,45,4459.17,115.789776,35.859893,448.52,-0.00081302
2020,81,46,4558.26,115.790716,35.859623,448.52,0.00081302
2020,81,47,4657.35,115.791813,35.859623,448.52,0.00081302
2020,81,48,4756.44,115.792910,35.859623,448.52,-0.00081302
2020,81,49,4855.54,115.794007,35.859623,448.52,-0.00081302
2020,81,50,4954.63,115.794946,35.859354,448.52,0.00081302
2020,81,51,5053.72,115.796043,35.859354,448.52,0.00071864
2020,81,52,5152.81,115.797141,35.859354,418.61,-0.00081302
2020,81,53,5251.91,115.798218,35.859321,403.66,-0.00061351
2020,81,54,5351.00,115.799177,35.859084,448.52,0.00000000
2020,81,55,5450.09,115.800274,35.859084,388.71,-0.00010513
2020,81,56,5549.18,115.801214,35.858815,418.61,0.00010990
2020,81,57,5648.28,115.802311,35.858815,418.61,0.00000000
2020,81,58,5747.37,115.803271,35.858580,403.66,0.00012711
2020,81,59,5846.46,115.804348,35.858545,418.61,0.00000000
2020,81,60,5945.55,115.805352,35.858386,403.66,0.00000000
2020,81,61,6044.65,115.806384,35.858276,388.71,-0.00000000
2020,81,62,6143.74,115.807432,35.858191,373.76,-0.00084642
2020,81,63,6242.83,115.808421,35.858006,418.61,-0.00087030
2020,81,64,6341.92,115.809361,35.857737,403.66,0.00003560
2020,81,65,6441.02,115.810305,35.857475,418.61,-0.00001038
2020,81,66,6540.11,115.811295,35.857293,418.61,0.00026586
2020,81,67,6639.20,115.812187,35.856940,418.61,0.00162527
2020,81,68,6738.29,115.813277,35.856928,448.52,0.00210510
2020,82,0,0.00,115.759647,35.839142,642.87,0.00000000
2020,82,1,72.38,115.760153,35.838636,583.07,0.00095429
2020,82,2,144.77,115.760659,35.838130,852.18,0.00199900
2020,82,3,217.15,115.761264,35.837794,732.58,0.00208942
2020,83,0,0.00,115.419545,35.653460,448.52,0.00000000
2020,83,1,36.61,115.419141,35.653460,328.91,0.00000000
2020,83,2,73.21,115.418737,35.653460,224.26,0.00000000
2020,84,0,0.00,115.419545,35.653460,612.97,-0.00917639
2020,84,1,57.89,115.419680,35.653056,328.91,-0.00820598
2020,84,2,115.79,115.419276,35.652651,239.21,-0.00723557
2020,85,0,0.00,115.417928,35.654268,209.31,0.00146055
2020,85,1,88.97,115.417109,35.653988,239.21,0.00295821
2020,85,2,177.95,115.416388,35.653537,269.11,0.00395868
2020,85,3,266.92,115.416042,35.652836,313.96,0.00197927
2020,85,4,355.90,115.415772,35.652112,388.71,0.00049706
2020,86,0,0.00,115.417928,35.654268,1345.55,-0.00000000
2020,86,1,57.89,115.418332,35.653864,1450.20,-0.00000000
2020,86,2,115.79,115.418737,35.653460,747.53,-0.00000000
2020,87,0,0.00,115.813277,35.856928,493.37,0.00283610
2020,87,1,94.69,115.813837,35.856389,388.71,0.00290693
2020,87,2,189.39,115.814728,35.856120,358.81,0.00192407
2020,87,3,284.08,115.815649,35.855903,343.86,0.00004928
2020,87,4,378.77,115.816609,35.855752,358.81,-0.00038592
2020,87,5,473.47,115.817470,35.855430,358.81,0.00031258
2020,87,6,568.16,115.818430,35.855279,388.71,0.00000000
2020,87,7,662.86,115.819340,35.855042,388.71,0.00042593
2020,87,8,757.55,115.820250,35.854806,373.76,0.00062059
2020,87,9,852.24,115.821279,35.854772,448.52,-0.00098567
2020,87,10,946.94,115.822170,35.854503,403.66,-0.00173552
2020,88,0,0.00,115.813277,35.856928,1076.44,0.00049363
2020,88,1,82.34,115.813852,35.857504,1240.89,-0.00000000
2020,88,2,164.69,115.814355,35.858101,941.88,-0.00082602
2020,88,3,247.03,115.814894,35.858545,777.43,-0.00115842
2020,89,0,0.00,115.418737,35.653460,598.02,0.00784593
2020,89,1,61.40,115.418748,35.652910,732.58,0.00825769
2020,89,2,122.80,115.419276,35.652651,553.17,0.00866945
2020,9,0,0.00,115.562377,35.737273,463.47,0.00296021
2020,9,1,88.72,115.561966,35.737953,403.66,0.00472554
2020,9,2,177.44,115.561217,35.738351,89.70,0.00581525
2020,9,3,266.15,115.560237,35.738351,209.31,0.00369941
2020,9,4,354.87,115.559413,35.738081,418.61,0.00225918
2020,91,0,0.00,115.419276,35.652651,313.96,0.00000000
2020,91,1,98.40,115.419006,35.651843,343.86,0.00000000
2020,91,2,196.80,115.418737,35.651034,493.37,0.00000000
2020,93,0,0.00,115.415772,35.652112,418.61,0.00254178
2020,93,1,94.70,115.414913,35.651792,403.66,0.00296168
2020,93,2,189.39,115.414252,35.651131,433.57,0.00226411
2020,93,3,284.09,115.413799,35.650409,448.52,0.00057332
2020,93,4,378.79,115.413347,35.649687,508.32,0.00000000
2020,94,0,0.00,115.415772,35.652112,1659.51,-0.00000000
2020,94,1,72.46,115.416278,35.651606,986.73,0.00095349
2020,94,2,144.92,115.416784,35.651100,956.83,0.00199714
2020,94,3,217.39,115.417389,35.650765,568.12,0.00208730
2020,95,0,0.00,115.822170,35.854503,1450.20,0.00000000
2020,95,1,72.66,115.822170,35.855158,1480.10,-0.00121311
2020,95,2,145.31,115.822170,35.855812,1599.71,-0.00250117
2020,95,3,217.97,115.822440,35.856389,762.48,-0.00257612
2020,96,0,0.00,115.822170,35.854503,418.61,0.00108822
2020,96,1,98.36,115.823056,35.854156,433.57,0.00059569
2020,96,2,196.71,115.824033,35.853964,448.52,-0.00000000
2020,96,3,295.07,115.824928,35.853632,478.42,0.00016581
2020,96,4,393.43,115.825896,35.853425,478.42,-0.00043976
2020,96,5,491.79,115.826827,35.853155,508.32,-0.00116193
2020,96,6,590.14,115.827686,35.852760,553.17,-0.00010435
2020,96,7,688.50,115.828533,35.852347,538.22,0.00063311
2020,96,8,786.86,115.829458,35.852066,538.22,-0.00036052
2020,96,9,885.22,115.830344,35.851719,553.17,-0.00032096
2020,96,10,983.57,115.831170,35.851269,523.27,0.00090463
2020,96,11,1081.93,115.832102,35.850999,508.32,0.00063238
2020,96,12,1180.29,115.833033,35.850730,538.22,-0.00013144
2020,96,13,1278.65,115.833965,35.850460,508.32,-0.00040367
2020,96,14,1377.00,115.834874,35.850153,508.32,0.00018302
2020,96,15,1475.36,115.835760,35.849806,493.37,0.00045524
2020,96,16,1573.72,115.836746,35.849629,493.37,0.00079736
2020,96,17,1672.08,115.837632,35.849282,508.32,0.00108884
2020,96,18,1770.43,115.838465,35.849382,463.47,0.00006126
2020,96,19,1868.79,115.839396,35.849113,388.71,0.00142094
2020,96,20,1967.15,115.840485,35.849113,388.71,0.00165116
2020,96,21,2065.50,115.841416,35.849382,328.91,-0.00082558
2020,96,22,2163.86,115.842505,35.849382,328.91,-0.00000000
2020,96,23,2262.22,115.843594,35.849382,284.06,0.00197917
2020,96,24,2360.58,115.844526,35.849652,239.21,0.00202171
2020,96,25,2458.93,115.845416,35.849991,239.21,0.00138658
2020,96,26,2557.29,115.846203,35.850508,239.21,0.00059091
2020,96,27,2655.65,115.847005,35.850999,239.21,-0.00039999
2020,96,28,2754.01,115.847779,35.851538,269.11,0.00003049
2020,96,29,2852.36,115.848663,35.851890,284.06,0.00154586
2020,96,30,2950.72,115.849350,35.852578,299.01,0.00104291
2020,96,31,3049.08,115.849928,35.853155,313.96,-0.00000000
2020,97,0,0.00,115.418737,35.651034,224.26,0.00352824
2020,97,1,68.11,115.417985,35.651034,254.16,0.00371719
2020,97,2,136.22,115.417389,35.650765,463.47,0.00390615
2020,98,0,0.00,115.418737,35.651034,777.43,0.00000000
2020,98,1,44.85,115.418737,35.650630,568.12,0.00000000
2020,98,2,89.70,115.418737,35.650226,553.17,0.00000000
2020,99,0,0.00,115.413347,35.649687,478.42,0.00134668
2020,99,1,96.10,115.412676,35.649016,538.22,0.00165769
2020,99,2,192.19,115.412269,35.648268,538.22,0.00072831
2020,99,3,288.29,115.411960,35.647492,523.27,0.00059464
2020,99,4,384.39,115.411460,35.646771,493.37,0.00147232
2020,99,5,480.48,115.411460,35.645905,508.32,0.00052758
2020,99,6,576.58,115.411191,35.645117,508.32,0.00000000
2020,99,7,672.68,115.411155,35.644262,508.32,-0.00053747
2020,99,8,768.78,115.410921,35.643464,508.32,0.00000000
2020,99,9,864.87,115.410652,35.642676,493.37,0.00131961
2020,99,10,960.97,115.410652,35.641810,523.27,0.00068806
2020,99,11,1057.07,115.410652,35.640944,508.32,-0.00068806
2020,99,12,1153.16,115.410652,35.640078,478.42,-0.00068806
2020,99,13,1249.26,115.410382,35.639290,508.32,0.00015511
2020,99,14,1345.36,115.410382,35.638424,508.32,-0.00000000
2020,99,15,1441.45,115.410172,35.637619,508.32,0.00038668
2020,99,16,1537.55,115.410113,35.636770,493.37,0.00068806
2020,99,17,1633.65,115.410113,35.635904,508.32,0.00014627
2020,99,18,1729.74,115.410113,35.635038,508.32,0.00000000
2020,99,19,1825.84,115.410113,35.634172,508.32,0.00000000
2020,99,20,1921.94,115.410113,35.633305,508.32,0.00000000
2020,99,21,2018.04,115.410113,35.632439,478.42,0.00000000
