year,link_id,sample_idx,s_m,lon,lat,B_m,C_1m
2008,0,0,0.00,115.151937,35.424659,598.02,0.00257807
2008,0,1,64.17,115.151698,35.424150,1061.49,0.00252068
2008,0,2,128.34,115.151668,35.423581,1794.06,0.00246329
2008,1,0,0.00,115.151668,35.423581,358.81,0.00000000
2008,1,1,48.95,115.151129,35.423581,358.81,0.00000000
2008,1,2,97.90,115.150590,35.423581,448.52,0.00000000
2008,10,0,0.00,115.221467,35.416844,1285.75,0.00000000
2008,10,1,75.10,115.220943,35.416320,1390.40,0.00000000
2008,10,2,150.19,115.220419,35.415796,1345.55,0.00087415
2008,10,3,225.29,115.219895,35.415272,1330.60,0.00180024
2008,10,4,300.39,115.219580,35.414688,358.81,0.00185219
2008,100,0,0.00,115.070819,35.377767,373.76,0.00563931
2008,100,1,49.22,115.070550,35.377402,373.76,0.00552677
2008,100,2,98.45,115.070550,35.376958,373.76,0.00541424
2008,101,0,0.00,115.070819,35.377767,642.87,-0.00000000
2008,101,1,57.97,115.070415,35.378171,702.67,-0.00000000
2008,101,2,115.94,115.070011,35.378575,657.82,-0.00000000
2008,102,0,0.00,115.075940,35.382887,478.42,0.00000000
2008,102,1,14.95,115.075940,35.382753,373.76,0.00000000
2008,102,2,29.90,115.075940,35.382618,373.76,0.00000000
2008,103,0,0.00,115.075940,35.382887,448.52,-0.01342596
2008,103,1,50.89,115.076344,35.383157,732.58,-0.01342596
2008,103,2,101.78,115.076748,35.382887,553.17,-0.01342596
2008,104,0,0.00,115.352441,35.493919,1360.50,0.00000000
2008,104,1,83.48,115.352172,35.494593,792.38,0.00000000
2008,104,2,166.95,115.351902,35.495267,269.11,0.00000000
2008,105,0,0.00,115.352441,35.493919,269.11,0.00124377
2008,105,1,94.62,115.353398,35.494067,299.01,0.00190985
2008,105,2,189.24,115.354256,35.494386,313.96,0.00251350
2008,105,3,283.85,115.355015,35.494876,328.91,0.00177840
2008,105,4,378.47,115.355675,35.495536,299.01,0.00110574
2008,106,0,0.00,115.070550,35.376958,807.33,0.00123870
2008,106,1,89.54,115.071174,35.376334,1136.24,0.00128963
2008,106,2,179.08,115.071897,35.375880,119.60,0.00134056
2008,107,0,0.00,115.070550,35.376958,299.01,0.00110451
2008,107,1,91.40,115.069912,35.376321,313.96,0.00247768
2008,107,2,182.79,115.069472,35.375626,254.16,0.00320187
2008,107,3,274.19,115.069472,35.374802,598.02,0.00255289
2008,108,0,0.00,115.355675,35.495536,687.72,0.00884354
2008,108,1,43.77,115.356157,35.495536,1061.49,0.00903207
2008,108,2,87.53,115.356483,35.495806,523.27,0.00922060
2008,109,0,0.00,115.355675,35.495536,777.43,0.00000000
2008,109,1,83.48,115.355405,35.496210,269.11,0.00000000
2008,109,2,166.95,115.355136,35.496884,224.26,0.00000000
2008,11,0,0.00,115.131994,35.420886,403.66,-0.00205729
2008,11,1,92.75,115.131129,35.420617,388.71,-0.00196013
2008,11,2,185.49,115.130108,35.420617,388.71,-0.00186296
2008,110,0,0.00,115.069472,35.374802,343.86,0.00000000
2008,110,1,75.38,115.068798,35.374533,209.31,0.00000000
2008,110,2,150.76,115.068124,35.374263,284.06,0.00000000
2008,111,0,0.00,115.069472,35.374802,971.78,0.00123869
2008,111,1,89.54,115.070096,35.374178,284.06,0.00128962
2008,111,2,179.08,115.070819,35.373725,,0.00134055
2008,112,0,0.00,115.355136,35.496884,418.61,-0.00000000
2008,112,1,19.31,115.355271,35.497018,478.42,-0.00000000
2008,112,2,38.63,115.355405,35.497153,388.71,-0.00000000
2008,113,0,0.00,115.355136,35.496884,747.53,0.00000000
2008,113,1,61.13,115.354462,35.496884,1016.64,0.00000000
2008,113,2,122.26,115.353789,35.496884,852.18,0.00000000
2008,114,0,0.00,115.355405,35.497153,687.72,0.00000000
2008,114,1,73.36,115.356214,35.497153,478.42,0.00000000
2008,114,2,146.71,115.357022,35.497153,104.65,0.00000000
2008,115,0,0.00,115.355405,35.497153,254.16,0.00086622
2008,115,1,94.28,115.355136,35.497924,224.26,0.00152991
2008,115,2,188.55,115.354716,35.498651,239.21,0.00172594
2008,115,3,282.83,115.354058,35.499309,209.31,0.00125827
2008,116,0,0.00,115.068124,35.374263,388.71,-0.00138036
2008,116,1,86.64,115.067729,35.373598,269.11,-0.00272458
2008,116,2,173.29,115.067124,35.372994,239.21,-0.00501522
2008,116,3,259.93,115.066323,35.372732,254.16,-0.00448315
2008,116,4,346.57,115.065521,35.372824,254.16,-0.00145827
2008,116,5,433.22,115.064621,35.372916,418.61,0.00008812
2008,117,0,0.00,115.068124,35.374263,1046.54,0.00352665
2008,117,1,93.75,115.067471,35.374917,702.67,0.00512778
2008,117,2,187.50,115.066528,35.375072,269.11,0.00386539
2008,117,3,281.25,115.065653,35.374802,254.16,-0.00041008
2008,117,4,374.99,115.064621,35.374802,418.61,-0.00182204
2008,118,0,0.00,115.354058,35.499309,254.16,0.00000000
2008,118,1,91.36,115.353838,35.500068,239.21,0.00127241
2008,118,2,182.72,115.353618,35.500827,284.06,0.00127241
2008,118,3,274.08,115.352980,35.501465,313.96,-0.00097202
2008,118,4,365.44,115.352760,35.502224,299.01,-0.00082126
2008,118,5,456.80,115.352441,35.502954,343.86,0.00121474
2008,118,6,548.16,115.352172,35.503699,403.66,0.00090254
2008,118,7,639.52,115.351583,35.504209,433.57,-0.00151513
2008,118,8,730.88,115.351363,35.504968,418.61,-0.00270737
2008,119,0,0.00,115.354058,35.499309,627.92,0.00173992
2008,119,1,71.43,115.353560,35.498811,448.52,0.00199273
2008,119,2,142.87,115.353250,35.498257,373.76,0.00132573
2008,119,3,214.30,115.352980,35.497692,269.11,0.00040594
2008,12,0,0.00,115.222814,35.415766,627.92,0.00176781
2008,12,1,95.14,115.223862,35.415766,598.02,0.00185913
2008,12,2,190.27,115.224753,35.416035,568.12,0.00097523
2008,12,3,285.41,115.225645,35.416305,463.47,-0.00055226
2008,12,4,380.54,115.226536,35.416574,358.81,0.00000000
2008,12,5,475.68,115.227515,35.416693,299.01,0.00030961
2008,12,6,570.81,115.228319,35.417113,269.11,-0.00059874
2008,12,7,665.95,115.229336,35.417167,194.36,0.00127459
2008,12,8,761.08,115.230197,35.417489,149.51,0.00284289
2008,12,9,856.22,115.230959,35.417982,194.36,0.00229979
2008,12,10,951.35,115.231623,35.418645,194.36,0.00160920
2008,12,11,1046.49,115.232078,35.419370,239.21,-0.00178790
2008,12,12,1141.62,115.232542,35.420078,284.06,-0.00224450
2008,12,13,1236.76,115.233492,35.420246,358.81,0.00235698
2008,12,14,1331.89,115.233947,35.420970,328.91,0.00229195
2008,12,15,1427.03,115.234402,35.421695,343.86,0.00000000
2008,120,0,0.00,115.064621,35.372916,941.88,0.00205207
2008,120,1,79.12,115.064621,35.373629,672.77,0.00211616
2008,120,2,158.25,115.064351,35.374263,837.23,0.00218026
2008,121,0,0.00,115.064621,35.372916,388.71,-0.00322426
2008,121,1,74.75,115.063954,35.372647,209.31,-0.00452128
2008,121,2,149.49,115.063132,35.372647,209.31,-0.00452128
2008,121,3,224.24,115.062465,35.372916,343.86,-0.00322426
2008,122,0,0.00,115.064621,35.374802,299.01,-0.00891638
2008,122,1,34.27,115.064590,35.374502,269.11,-0.00879903
2008,122,2,68.55,115.064351,35.374263,448.52,-0.00868168
2008,123,0,0.00,115.064621,35.374802,358.81,0.00734174
2008,123,1,77.82,115.064076,35.375341,209.31,0.01043013
2008,123,2,155.65,115.063338,35.375137,463.47,0.00933564
2008,123,3,233.47,115.063004,35.374533,717.63,0.00515278
2008,124,0,0.00,115.351363,35.504968,717.63,0.00000000
2008,124,1,98.27,115.352049,35.505654,837.23,-0.00051167
2008,124,2,196.54,115.352734,35.506340,941.88,-0.00106267
2008,124,3,294.82,115.353519,35.506855,239.21,-0.00110199
2008,125,0,0.00,115.351363,35.504968,403.66,0.00000000
2008,125,1,93.44,115.350711,35.505620,388.71,-0.00056018
2008,125,2,186.89,115.350059,35.506272,418.61,-0.00203728
2008,125,3,280.33,115.349616,35.506985,343.86,-0.00119720
2008,125,4,373.77,115.349477,35.507787,328.91,0.00142894
2008,125,5,467.21,115.348938,35.508472,328.91,0.00229807
2008,126,0,0.00,115.064351,35.374263,388.71,-0.00350648
2008,126,1,68.30,115.063600,35.374263,194.36,-0.00369356
2008,126,2,136.60,115.063004,35.374533,358.81,-0.00388064
2008,128,0,0.00,115.062465,35.372916,941.88,0.00000000
2008,128,1,59.80,115.062465,35.373455,747.53,0.00000000
2008,128,2,119.60,115.062465,35.373994,343.86,0.00000000
2008,129,0,0.00,115.062465,35.372916,403.66,-0.00227045
2008,129,1,86.96,115.061661,35.372651,209.31,-0.00222878
2008,129,2,173.92,115.060707,35.372647,179.41,-0.00387292
2008,129,3,260.88,115.059757,35.372659,239.21,-0.00810339
2008,129,4,347.84,115.059231,35.373289,179.41,-0.00796734
2008,129,5,434.80,115.059500,35.373994,612.97,-0.00528665
2008,13,0,0.00,115.222814,35.415766,1240.89,0.00094831
2008,13,1,82.53,115.222275,35.415179,1240.89,-0.00038107
2008,13,2,165.05,115.221872,35.414554,1121.29,-0.00224838
2008,13,3,247.58,115.221197,35.414149,1061.49,-0.00278631
2008,131,0,0.00,115.063004,35.374533,612.97,0.00000000
2008,131,1,38.65,115.062734,35.374263,373.76,0.00000000
2008,131,2,77.30,115.062465,35.373994,403.66,0.00000000
2008,132,0,0.00,115.348938,35.508472,328.91,0.00000000
2008,132,1,93.44,115.348399,35.509157,299.01,-0.00142896
2008,132,2,186.88,115.347860,35.509842,269.11,-0.00155591
2008,132,3,280.32,115.347816,35.510671,254.16,0.00053404
2008,132,4,373.76,115.347321,35.511369,269.11,0.00078757
2008,132,5,467.20,115.347051,35.512132,269.11,0.00012658
2008,132,6,560.64,115.346512,35.512817,239.21,-0.00030440
2008,132,7,654.08,115.346243,35.513581,224.26,-0.00000000
2008,132,8,747.52,115.345808,35.514296,254.16,-0.00017811
2008,132,9,840.96,115.345434,35.515029,209.31,-0.00078757
2008,132,10,934.40,115.345165,35.515793,239.21,-0.00030506
2008,132,11,1027.85,115.344895,35.516557,299.01,0.00000000
2008,133,0,0.00,115.348938,35.508472,807.33,-0.00117694
2008,133,1,91.77,115.349578,35.509112,1001.69,0.00059202
2008,133,2,183.53,115.350317,35.509582,538.22,0.00365887
2008,133,3,275.30,115.350555,35.510340,328.91,0.00314253
2008,133,4,367.07,115.350555,35.511167,284.06,0.00132829
2008,134,0,0.00,115.062465,35.373994,358.81,0.00203836
2008,134,1,70.22,115.061975,35.374484,224.26,0.00213624
2008,134,2,140.43,115.061387,35.374802,239.21,0.00223412
2008,136,0,0.00,115.059500,35.373994,448.52,0.00301585
2008,136,1,71.30,115.060195,35.374150,194.36,0.00226095
2008,136,2,142.60,115.060758,35.374533,239.21,-0.00000000
2008,136,3,213.90,115.061387,35.374802,478.42,-0.00150606
2008,138,0,0.00,115.059500,35.373994,299.01,-0.00335027
2008,138,1,87.87,115.059096,35.374668,194.36,-0.00352288
2008,138,2,175.74,115.059231,35.375341,209.31,-0.00369548
2008,139,0,0.00,115.345165,35.516826,493.37,0.00000000
2008,139,1,19.31,115.345030,35.516691,463.47,0.00000000
2008,139,2,38.62,115.344895,35.516557,418.61,0.00000000
2008,14,0,0.00,115.219580,35.414688,538.22,-0.01066234
2008,14,1,31.56,115.219360,35.414468,777.43,-0.01105554
2008,14,2,63.12,115.219041,35.414418,553.17,-0.01144874
2008,140,0,0.00,115.344895,35.516557,926.93,0.00000000
2008,140,1,12.22,115.344760,35.516557,926.93,0.00000000
2008,140,2,24.45,115.344626,35.516557,867.13,0.00000000
2008,141,0,0.00,115.345165,35.516826,598.02,0.00000000
2008,141,1,36.67,115.345569,35.516826,837.23,0.00000000
2008,141,2,73.34,115.345973,35.516826,687.72,0.00000000
2008,142,0,0.00,115.345165,35.516826,269.11,-0.00219166
2008,142,1,98.42,115.344687,35.517574,254.16,-0.00215704
2008,142,2,196.85,115.344626,35.518443,328.91,-0.00212242
2008,143,0,0.00,115.350555,35.511167,508.32,0.01146130
2008,143,1,31.54,115.350874,35.511216,224.26,0.01106670
2008,143,2,63.07,115.351094,35.511436,463.47,0.01067211
2008,144,0,0.00,115.350555,35.511167,299.01,-0.00084286
2008,144,1,95.93,115.350016,35.511874,284.06,-0.00121418
2008,144,2,191.86,115.349633,35.512627,239.21,-0.00062370
2008,144,3,287.80,115.349381,35.513418,269.11,0.00021732
2008,144,4,383.73,115.348938,35.514154,239.21,-0.00043412
2008,144,5,479.66,115.348668,35.514940,239.21,-0.00096479
2008,145,0,0.00,115.061387,35.374802,343.86,-0.00563944
2008,145,1,49.22,115.061117,35.375167,194.36,-0.00552690
2008,145,2,98.45,115.061117,35.375611,239.21,-0.00541435
2008,146,0,0.00,115.059231,35.375341,224.26,0.00186102
2008,146,1,92.79,115.060252,35.375341,194.36,0.00195801
2008,146,2,185.58,115.061117,35.375611,403.66,0.00205500
2008,147,0,0.00,115.059231,35.375341,,-0.00000000
2008,147,1,19.32,115.059096,35.375476,,-0.00000000
2008,147,2,38.65,115.058961,35.375611,,-0.00000000
2008,148,0,0.00,115.345973,35.516826,328.91,0.00000000
2008,148,1,29.90,115.345973,35.517096,313.96,0.00000000
2008,148,2,59.80,115.345973,35.517365,239.21,0.00000000
2008,149,0,0.00,115.345973,35.516826,373.76,-0.00010700
2008,149,1,75.94,115.346654,35.516557,418.61,-0.00155472
2008,149,2,151.88,115.347330,35.516278,254.16,-0.00280780
2008,149,3,227.83,115.347860,35.515748,239.21,-0.00261317
2008,15,0,0.00,115.219580,35.414688,478.42,-0.00000000
2008,15,1,87.59,115.220389,35.414418,478.42,-0.00000000
2008,15,2,175.19,115.221197,35.414149,687.72,-0.00000000
2008,150,0,0.00,115.344626,35.518443,209.31,-0.00210510
2008,150,1,68.52,115.344148,35.518921,328.91,-0.00330189
2008,150,2,137.04,115.343878,35.519460,313.96,-0.00334462
2008,150,3,205.57,115.343817,35.520060,358.81,-0.00219056
2008,151,0,0.00,115.344626,35.518443,1136.24,-0.00000000
2008,151,1,82.38,115.345299,35.518847,1016.64,-0.00000000
2008,151,2,164.75,115.345973,35.519252,418.61,-0.00000000
2008,153,0,0.00,115.061117,35.375611,433.57,-0.00388078
2008,153,1,68.30,115.061713,35.375880,373.76,-0.00369369
2008,153,2,136.60,115.062465,35.375880,224.26,-0.00350660
2008,154,0,0.00,115.343817,35.520060,642.87,-0.00000000
2008,154,1,19.31,115.343952,35.520195,672.77,-0.00000000
2008,154,2,38.62,115.344087,35.520330,792.38,-0.00000000
2008,155,0,0.00,115.343817,35.520060,657.82,0.00000000
2008,155,1,36.67,115.343413,35.520060,627.92,0.00000000
2008,155,2,73.33,115.343009,35.520060,508.32,0.00000000
2008,156,0,0.00,115.344087,35.520330,299.01,-0.00314221
2008,156,1,64.16,115.344087,35.520908,418.61,-0.00323619
2008,156,2,128.32,115.344356,35.521408,388.71,-0.00333017
2008,157,0,0.00,115.344087,35.520330,926.93,0.00347127
2008,157,1,55.98,115.344675,35.520379,358.81,0.00357496
2008,157,2,111.96,115.345165,35.520599,254.16,0.00367864
2008,158,0,0.00,115.343009,35.520060,343.86,0.00100479
2008,158,1,96.64,115.342739,35.520853,299.01,0.00145820
2008,158,2,193.28,115.342286,35.521591,254.16,0.00000000
2008,158,3,289.92,115.341661,35.522280,209.31,-0.00145820
2008,158,4,386.57,115.341563,35.523123,269.11,0.00056678
2008,158,5,483.21,115.341122,35.523865,313.96,0.00000000
2008,158,6,579.85,115.340632,35.524593,343.86,-0.00223330
2008,158,7,676.49,115.340583,35.525450,328.91,-0.00232824
2008,159,0,0.00,115.343009,35.520060,1794.06,-0.00277119
2008,159,1,80.42,115.342278,35.519791,1091.39,-0.00263589
2008,159,2,160.85,115.341392,35.519791,732.58,-0.00250059
2008,16,0,0.00,115.130108,35.420617,418.61,-0.00268626
2008,16,1,97.34,115.129521,35.420078,343.86,-0.00348707
2008,16,2,194.68,115.128606,35.419808,328.91,-0.00214394
2008,16,3,292.03,115.127534,35.419808,388.71,-0.00000000
2008,16,4,389.37,115.126618,35.419539,358.81,-0.00084313
2008,16,5,486.71,115.125546,35.419539,328.91,0.00000000
2008,16,6,584.05,115.124474,35.419539,358.81,0.00177256
2008,16,7,681.39,115.123558,35.419269,358.81,0.00039145
2008,16,8,778.73,115.122643,35.419000,388.71,-0.00092944
2008,16,9,876.08,115.121638,35.418884,358.81,0.00013079
2008,16,10,973.42,115.120655,35.418730,328.91,-0.00000000
2008,16,11,1070.76,115.119739,35.418461,358.81,-0.00052224
2008,16,12,1168.10,115.118667,35.418461,328.91,0.00108079
2008,16,13,1265.44,115.117751,35.418191,358.81,0.00092944
2008,16,14,1362.78,115.116860,35.417879,403.66,-0.00030185
2008,16,15,1460.13,115.115920,35.417652,358.81,-0.00092944
2008,16,16,1557.47,115.115004,35.417383,358.81,-0.00162207
2008,16,17,1654.81,115.113932,35.417383,328.91,-0.00084313
2008,16,18,1752.15,115.112860,35.417383,358.81,0.00000000
2008,160,0,0.00,115.344356,35.521408,777.43,0.00000000
2008,160,1,12.22,115.344491,35.521408,777.43,0.00000000
2008,160,2,24.44,115.344626,35.521408,867.13,0.00000000
2008,161,0,0.00,115.344356,35.521408,358.81,-0.00867757
2008,161,1,34.26,115.344117,35.521647,179.41,-0.00879425
2008,161,2,68.52,115.344087,35.521947,284.06,-0.00891093
2008,162,0,0.00,115.340583,35.525450,358.81,-0.00111413
2008,162,1,97.76,115.340011,35.526022,358.81,-0.00160202
2008,162,2,195.53,115.339537,35.526766,373.76,-0.00077327
2008,162,3,293.29,115.339272,35.527569,358.81,0.00028387
2008,162,4,391.05,115.338697,35.528283,299.01,-0.00080438
2008,162,5,488.81,115.338427,35.529085,299.01,-0.00081656
2008,162,6,586.58,115.338158,35.529888,299.01,0.00071948
2008,162,7,684.34,115.337888,35.530690,299.01,0.00022338
2008,162,8,782.10,115.337349,35.531414,313.96,-0.00122022
2008,162,9,879.87,115.337266,35.532271,358.81,0.00027253
2008,162,10,977.63,115.337001,35.533075,343.86,0.00100891
2008,162,11,1075.39,115.336541,35.533822,358.81,-0.00049591
2008,162,12,1173.15,115.336271,35.534625,328.91,-0.00050817
2008,162,13,1270.92,115.336002,35.535427,328.91,0.00000000
2008,162,14,1368.68,115.335732,35.536230,343.86,0.00000000
2008,163,0,0.00,115.340583,35.525450,672.77,-0.00461307
2008,163,1,87.51,115.341235,35.525989,1285.75,-0.00451879
2008,163,2,175.01,115.342200,35.525989,732.58,-0.00442450
2008,164,0,0.00,115.335732,35.536230,388.71,-0.00153622
2008,164,1,93.44,115.335193,35.536915,373.76,-0.00203301
2008,164,2,186.87,115.334924,35.537678,328.91,-0.00076175
2008,164,3,280.31,115.334820,35.538490,358.81,0.00096050
2008,164,4,373.74,115.334376,35.539203,358.81,-0.00005110
2008,164,5,467.18,115.334115,35.539969,373.76,-0.00125624
2008,164,6,560.62,115.333846,35.540733,313.96,-0.00147730
2008,164,7,654.05,115.333846,35.541575,269.11,-0.00145901
2008,164,8,747.49,115.333846,35.542417,284.06,-0.00072950
2008,164,9,840.93,115.334115,35.543181,239.21,0.00070686
2008,164,10,934.36,115.334115,35.544023,209.31,-0.00000000
2008,164,11,1027.80,115.334124,35.544862,194.36,-0.00068247
2008,164,12,1121.23,115.334385,35.545628,179.41,0.00072950
2008,164,13,1214.67,115.334385,35.546471,179.41,0.00141023
2008,165,0,0.00,115.335732,35.536230,687.72,0.00000000
2008,165,1,72.51,115.336238,35.536736,612.97,-0.00095300
2008,165,2,145.02,115.336744,35.537242,717.63,-0.00199600
2008,165,3,217.53,115.337349,35.537577,672.77,-0.00208600
2008,166,0,0.00,115.334385,35.546471,194.36,0.00099486
2008,166,1,98.77,115.334965,35.547050,194.36,0.00102649
2008,166,2,197.54,115.335463,35.547795,239.21,0.00057457
2008,166,3,296.32,115.335926,35.548550,239.21,-0.00052613
2008,166,4,395.09,115.336407,35.549301,254.16,-0.00067555
2008,166,5,493.86,115.337096,35.549990,284.06,0.00000000
2008,166,6,592.63,115.337619,35.550728,269.11,-0.00029739
2008,166,7,691.40,115.338266,35.551429,299.01,-0.00000000
2008,166,8,790.17,115.338955,35.552119,299.01,0.00040129
2008,166,9,888.95,115.339436,35.552869,313.96,-0.00100658
2008,166,10,987.72,115.340125,35.553558,358.81,-0.00050036
2008,166,11,1086.49,115.340913,35.554077,358.81,0.00050622
2008,166,12,1185.26,115.341394,35.554827,373.76,-0.00018961
2008,166,13,1284.03,115.342182,35.555346,388.71,0.00050036
2008,166,14,1382.80,115.342739,35.556074,343.86,-0.00000576
2008,166,15,1481.58,115.343352,35.556786,373.76,-0.00050036
2008,166,16,1580.35,115.344087,35.557320,358.81,0.00013579
2008,166,17,1679.12,115.344621,35.558054,388.71,-0.00000000
2008,166,18,1777.89,115.345395,35.558598,373.76,0.00049128
2008,166,19,1876.66,115.345890,35.559323,388.71,0.00000000
2008,166,20,1975.43,115.346580,35.560013,433.57,-0.00093793
2008,166,21,2074.21,115.347269,35.560702,433.57,-0.00105121
2008,166,22,2172.98,115.348057,35.561221,433.57,0.00000000
2008,166,23,2271.75,115.348846,35.561740,418.61,0.00155157
2008,166,24,2370.52,115.349535,35.562429,478.42,0.00153272
2008,166,25,2469.29,115.350016,35.563179,478.42,0.00105227
2008,167,0,0.00,115.334385,35.546471,911.98,0.00922995
2008,167,1,43.75,115.334059,35.546740,538.22,0.00904136
2008,167,2,87.49,115.333576,35.546740,852.18,0.00885277
2008,168,0,0.00,115.350016,35.563179,493.37,0.00184499
2008,168,1,99.48,115.350956,35.563449,448.52,0.00198946
2008,168,2,198.96,115.351741,35.563988,418.61,0.00203921
2008,168,3,298.44,115.352494,35.564580,493.37,0.00177924
2008,168,4,397.92,115.352980,35.565335,538.22,0.00161399
2008,169,0,0.00,115.350016,35.563179,1794.06,-0.00000000
2008,169,1,77.23,115.349477,35.563718,1510.00,-0.00000000
2008,169,2,154.45,115.348938,35.564257,463.47,-0.00000000
2008,17,0,0.00,115.130108,35.420617,777.43,-0.00000000
2008,17,1,67.84,115.129635,35.421090,777.43,0.00229436
2008,17,2,135.67,115.129162,35.421563,508.32,0.00478627
2008,17,3,203.51,115.128491,35.421695,343.86,0.00498381
2008,170,0,0.00,115.352980,35.565335,433.57,0.00026592
2008,170,1,89.74,115.353814,35.565605,508.32,0.00091716
2008,170,2,179.48,115.354629,35.565906,508.32,0.00195089
2008,170,3,269.21,115.355354,35.566362,478.42,0.00130265
2008,170,4,358.95,115.356001,35.566952,493.37,-0.00095214
2008,170,5,448.69,115.356706,35.567444,463.47,-0.00136876
2008,170,6,538.43,115.357511,35.567761,478.42,-0.00113171
2008,170,7,628.17,115.358255,35.568185,508.32,-0.00210931
2008,170,8,717.91,115.359178,35.568300,523.27,-0.00251652
2008,171,0,0.00,115.352980,35.565335,1794.06,-0.00400519
2008,171,1,92.18,115.352337,35.565978,1151.19,-0.00436971
2008,171,2,184.35,115.352441,35.566683,598.02,-0.00473424
2008,172,0,0.00,115.359178,35.568300,508.32,-0.00114280
2008,172,1,97.17,115.359747,35.568868,448.52,-0.00168164
2008,172,2,194.35,115.360524,35.569376,433.57,-0.00123384
2008,172,3,291.52,115.361400,35.569713,463.47,0.00000000
2008,172,4,388.70,115.362198,35.570186,448.52,-0.00097302
2008,172,5,485.87,115.363054,35.570558,418.61,-0.00061085
2008,172,6,583.04,115.364029,35.570725,418.61,-0.00000000
2008,172,7,680.22,115.364806,35.571232,388.71,-0.00217145
2008,172,8,777.39,115.365860,35.571264,388.71,-0.00262555
2008,172,9,874.57,115.366932,35.571264,299.01,-0.00187296
2008,172,10,971.74,115.367847,35.570995,239.21,-0.00090966
2008,172,11,1068.91,115.368763,35.570725,179.41,-0.00000000
2008,172,12,1166.09,115.369682,35.570462,179.41,-0.00101373
2008,172,13,1263.26,115.370594,35.570186,209.31,-0.00096685
2008,172,14,1360.44,115.371353,35.569647,239.21,0.00099030
2008,172,15,1457.61,115.372268,35.569378,299.01,0.00074316
2008,172,16,1554.78,115.373184,35.569108,343.86,-0.00107818
2008,172,17,1651.96,115.374063,35.568776,373.76,-0.00146740
2008,172,18,1749.13,115.374840,35.568268,358.81,-0.00061290
2008,172,19,1846.31,115.375618,35.567761,448.52,0.00000000
2008,173,0,0.00,115.359178,35.568300,1719.31,0.00000000
2008,173,1,96.53,115.359852,35.567626,1734.26,0.00000000
2008,173,2,193.06,115.360526,35.566952,956.83,0.00000000
2008,174,0,0.00,115.375618,35.567761,418.61,-0.00077172
2008,174,1,80.54,115.376350,35.567491,388.71,-0.00139355
2008,174,2,161.08,115.377039,35.567148,463.47,-0.00063346
2008,174,3,241.61,115.377657,35.566683,448.52,0.00139355
2008,174,4,322.15,115.378389,35.566413,508.32,0.00101932
2008,174,5,402.69,115.379121,35.566144,433.57,-0.00000000
2008,175,0,0.00,115.375618,35.567761,1480.10,0.00000000
2008,175,1,85.37,115.376213,35.568356,1240.89,-0.00068190
2008,175,2,170.73,115.376809,35.568952,971.78,-0.00142184
2008,175,3,256.10,115.377504,35.569378,837.23,-0.00147989
2008,176,0,0.00,115.379121,35.566144,1674.46,0.00185653
2008,176,1,72.87,115.379630,35.566652,1719.31,0.00191214
2008,176,2,145.74,115.379930,35.567222,1136.24,0.00196775
2008,177,0,0.00,115.379121,35.566144,508.32,0.00212669
2008,177,1,97.08,115.379590,35.565405,463.47,0.00215277
2008,177,2,194.16,115.380366,35.564898,523.27,0.00108943
2008,177,3,291.24,115.381143,35.564391,508.32,0.00120781
2008,177,4,388.31,115.381919,35.563884,508.32,0.00241387
2008,177,5,485.39,115.382894,35.563718,553.17,0.00241211
2008,178,0,0.00,115.379930,35.567222,478.42,-0.00000000
2008,178,1,43.74,115.380334,35.567087,568.12,-0.00000000
2008,178,2,87.47,115.380738,35.566952,538.22,-0.00000000
2008,18,0,0.00,115.234402,35.421695,403.66,0.00308477
2008,18,1,80.78,115.234941,35.422123,388.71,0.00292318
2008,18,2,161.55,115.235211,35.422773,373.76,0.00276159
2008,180,0,0.00,115.382894,35.563718,523.27,0.00122418
2008,180,1,98.50,115.383472,35.563140,478.42,0.00163506
2008,180,2,197.00,115.384268,35.562640,448.52,0.00215408
2008,180,3,295.49,115.385144,35.562277,433.57,0.00176819
2008,180,4,393.99,115.386128,35.562101,508.32,0.00127414
2008,181,0,0.00,115.382894,35.563718,1794.06,0.00000000
2008,181,1,96.53,115.383568,35.564392,1794.06,0.00000000
2008,181,2,193.06,115.384241,35.565066,867.13,0.00000000
2008,182,0,0.00,115.386128,35.562101,463.47,0.00368291
2008,182,1,91.71,115.386559,35.561400,433.57,0.00358259
2008,182,2,183.42,115.387397,35.561101,433.57,0.00186035
2008,182,3,275.12,115.388207,35.560754,418.61,-0.00029588
2008,182,4,366.83,115.389062,35.560484,388.71,0.00031480
2008,182,5,458.54,115.389812,35.560034,403.66,0.00166603
2008,182,6,550.25,115.390772,35.559945,418.61,0.00314724
2008,182,7,641.95,115.391587,35.559745,538.22,0.00467402
2008,182,8,733.66,115.392326,35.560215,523.27,0.00492583
2008,183,0,0.00,115.386128,35.562101,1794.06,0.00000000
2008,183,1,77.23,115.386667,35.562640,1794.06,0.00000000
2008,183,2,154.45,115.387206,35.563179,1196.04,0.00000000
2008,184,0,0.00,115.392596,35.560484,508.32,-0.00000000
2008,184,1,19.31,115.392461,35.560350,642.87,-0.00000000
2008,184,2,38.61,115.392326,35.560215,777.43,-0.00000000
2008,185,0,0.00,115.392326,35.560215,568.12,0.00890951
2008,185,1,34.26,115.392357,35.559915,822.28,0.00879300
2008,185,2,68.51,115.392596,35.559676,911.98,0.00867649
2008,186,0,0.00,115.392596,35.560484,463.47,0.00111584
2008,186,1,97.67,115.392331,35.561288,1106.34,0.00272773
2008,186,2,195.35,115.391858,35.562030,403.66,0.00387299
2008,186,3,293.02,115.390979,35.562371,388.71,0.00340636
2008,187,0,0.00,115.392596,35.560484,657.82,0.00248647
2008,187,1,97.30,115.393374,35.560454,568.12,0.00313674
2008,187,2,194.61,115.394273,35.560754,388.71,0.00423277
2008,187,3,291.91,115.395021,35.561303,328.91,0.00379767
2008,187,4,389.21,115.395291,35.562101,269.11,0.00291680
2008,188,0,0.00,115.395291,35.562101,463.47,0.00113556
2008,188,1,92.80,115.395938,35.562749,299.01,0.00116591
2008,188,2,185.61,115.396377,35.563457,239.21,0.00162571
2008,188,3,278.41,115.396816,35.564166,224.26,0.00123245
2008,188,4,371.21,115.396908,35.564976,209.31,-0.00082362
2008,188,5,464.02,115.397277,35.565705,284.06,-0.00123245
2008,188,6,556.82,115.397716,35.566413,313.96,-0.00040790
2008,189,0,0.00,115.395291,35.562101,1001.69,0.00117324
2008,189,1,88.60,115.394672,35.562720,612.97,0.00202107
2008,189,2,177.20,115.393962,35.563179,568.12,0.00223885
2008,189,3,265.80,115.393141,35.563449,568.12,0.00077058
2008,189,4,354.40,115.392322,35.563722,373.76,-0.00150903
2008,189,5,443.00,115.391506,35.563999,433.57,-0.00215964
2008,189,6,531.60,115.390888,35.564618,433.57,-0.00000000
2008,189,7,620.20,115.390170,35.565066,403.66,0.00136887
2008,19,0,0.00,115.234402,35.421695,1315.65,-0.00000000
2008,19,1,74.37,115.233884,35.422213,1196.04,-0.00089166
2008,19,2,148.73,115.233365,35.422732,941.88,-0.00183650
2008,19,3,223.10,115.233055,35.423312,792.38,-0.00188968
2008,190,0,0.00,115.397716,35.566413,299.01,-0.00006376
2008,190,1,90.53,115.397716,35.567229,299.01,-0.00077777
2008,190,2,181.05,115.397728,35.568042,343.86,-0.00187790
2008,190,3,271.58,115.397986,35.568782,358.81,-0.00082495
2008,190,4,362.10,115.398365,35.569488,358.81,0.00064777
2008,190,5,452.63,115.398525,35.570257,388.71,0.00000000
2008,190,6,543.16,115.398794,35.570995,388.71,-0.00068142
2008,191,0,0.00,115.397716,35.566413,523.27,0.00461675
2008,191,1,87.47,115.398368,35.565874,1734.26,0.00452244
2008,191,2,174.95,115.399333,35.565874,852.18,0.00442814
2008,192,0,0.00,115.398794,35.570995,986.73,-0.00043759
2008,192,1,79.33,115.398141,35.571378,941.88,0.00182609
2008,192,2,158.65,115.397513,35.571803,1240.89,0.00414608
2008,192,3,237.98,115.396638,35.571803,792.38,0.00420240
2008,193,0,0.00,115.398794,35.570995,388.71,0.00066475
2008,193,1,90.69,115.399064,35.571733,358.81,0.00000000
2008,193,2,181.38,115.399225,35.572504,373.76,0.00016464
2008,193,3,272.07,115.399603,35.573211,388.71,0.00082183
2008,193,4,362.76,115.399603,35.574029,403.66,-0.00049702
2008,193,5,453.45,115.399872,35.574767,448.52,-0.00164366
2008,194,0,0.00,115.399872,35.574767,911.98,-0.00023982
2008,194,1,80.64,115.399210,35.575160,882.08,-0.00083405
2008,194,2,161.27,115.398562,35.575576,762.48,-0.00127390
2008,194,3,241.91,115.397986,35.576115,762.48,-0.00111952
2008,195,0,0.00,115.399872,35.574767,448.52,0.00171036
2008,195,1,88.95,115.400142,35.575491,478.42,0.00085518
2008,195,2,177.90,115.400142,35.576292,388.71,0.00000000
2008,195,3,266.84,115.400411,35.577016,418.61,0.00161210
2008,195,4,355.79,115.400411,35.577817,478.42,0.00246729
2008,195,5,444.74,115.400142,35.578540,478.42,0.00171036
2008,196,0,0.00,115.397986,35.576115,747.53,-0.00867603
2008,196,1,34.26,115.397747,35.576354,433.57,-0.00879246
2008,196,2,68.51,115.397716,35.576654,373.76,-0.00890890
2008,197,0,0.00,115.397986,35.576115,493.37,-0.01067865
2008,197,1,31.52,115.397766,35.575895,642.87,-0.01107418
2008,197,2,63.04,115.397447,35.575845,717.63,-0.01146971
2008,198,0,0.00,115.400142,35.578540,926.93,-0.00173812
2008,198,1,80.37,115.399383,35.578320,1240.89,-0.00168245
2008,198,2,160.75,115.398525,35.578271,1181.09,-0.00162678
2008,199,0,0.00,115.400142,35.578540,463.47,0.00000000
2008,199,1,99.66,115.400411,35.579360,448.52,0.00046150
2008,199,2,199.32,115.400681,35.580180,478.42,0.00067682
2008,199,3,298.98,115.400768,35.581053,433.57,0.00002178
2008,199,4,398.64,115.400950,35.581898,418.61,-0.00000000
2008,199,5,498.30,115.401115,35.582748,463.47,0.00050890
2008,199,6,597.97,115.401220,35.583616,388.71,-0.00067682
2008,199,7,697.63,115.401254,35.584504,433.57,-0.00157277
2008,199,8,797.29,115.401759,35.585255,478.42,0.00000000
2008,199,9,896.95,115.402020,35.586078,418.61,0.00123640
2008,199,10,996.61,115.402298,35.586895,463.47,0.00067682
2008,199,11,1096.27,115.402298,35.587793,388.71,0.00002102
2008,199,12,1195.93,115.402567,35.588613,388.71,0.00012699
2008,199,13,1295.59,115.402567,35.589511,388.71,0.00000000
2008,199,14,1395.25,115.402784,35.590346,373.76,0.00039266
2008,199,15,1494.91,115.402837,35.591229,373.76,-0.00000000
2008,199,16,1594.57,115.402837,35.592127,388.71,-0.00093147
2008,199,17,1694.23,115.403106,35.592947,388.71,0.00000000
2008,199,18,1793.90,115.403271,35.593797,373.76,0.00080943
2008,199,19,1893.56,115.403376,35.594665,373.76,0.00039760
2008,199,20,1993.22,115.403376,35.595563,373.76,-0.00039760
2008,199,21,2092.88,115.403480,35.596431,373.76,-0.00059114
2008,199,22,2192.54,115.403645,35.597281,388.71,-0.00067682
2008,199,23,2292.20,115.403828,35.598127,373.76,-0.00002178
2008,199,24,2391.86,115.404184,35.598921,358.81,0.00067682
2008,199,25,2491.52,115.404184,35.599819,373.76,-0.00046150
2008,199,26,2591.18,115.404454,35.600639,358.81,-0.00135364
2008,2,0,0.00,115.151668,35.423581,358.81,0.00000000
2008,2,1,99.76,115.152454,35.423581,299.01,0.00003403
2008,2,2,199.52,115.153553,35.423581,299.01,0.00080156
2008,2,3,299.29,115.154644,35.423593,358.81,0.00072931
2008,2,4,399.05,115.155594,35.423851,358.81,-0.00000000
2008,2,5,498.81,115.156692,35.423851,358.81,0.00092097
2008,2,6,598.57,115.157635,35.424120,328.91,0.00000000
2008,2,7,698.34,115.158577,35.424389,358.81,-0.00088275
2008,2,8,798.10,115.159676,35.424389,328.91,-0.00000000
2008,2,9,897.86,115.160619,35.424659,328.91,-0.00062437
2008,2,10,997.62,115.161717,35.424659,358.81,0.00000000
2008,2,11,1097.39,115.162779,35.424722,343.86,0.00129711
2008,2,12,1197.15,115.163758,35.424928,328.91,-0.00000000
2008,2,13,1296.91,115.164701,35.425198,328.91,-0.00147431
2008,2,14,1396.67,115.165799,35.425198,299.01,-0.00080156
2008,2,15,1496.44,115.166898,35.425198,269.11,0.00000000
2008,2,16,1596.20,115.167996,35.425198,269.11,0.00089020
2008,2,17,1695.96,115.169095,35.425198,328.91,0.00168431
2008,2,18,1795.72,115.170021,35.425495,299.01,0.00069976
2008,2,19,1895.48,115.170980,35.425737,299.01,-0.00088275
2008,2,20,1995.25,115.171923,35.426006,299.01,-0.00158996
2008,2,21,2095.01,115.173021,35.426006,269.11,-0.00080156
2008,2,22,2194.77,115.174120,35.426006,269.11,0.00000000
2008,2,23,2294.53,115.175218,35.426006,299.01,0.00000000
2008,2,24,2394.30,115.176317,35.426006,299.01,0.00000000
2008,2,25,2494.06,115.177415,35.426006,299.01,0.00000000
2008,2,26,2593.82,115.178514,35.426006,299.01,0.00037848
2008,2,27,2693.58,115.179612,35.426006,358.81,0.00080156
2008,2,28,2793.35,115.180635,35.426138,418.61,-0.00078769
2008,2,29,2893.11,115.181653,35.426276,418.61,-0.00160311
2008,2,30,2992.87,115.182596,35.426006,418.61,0.00040921
2008,2,31,3092.63,115.183695,35.426006,388.71,-0.00000000
2008,2,32,3192.39,115.184793,35.426006,418.61,-0.00080156
2008,2,33,3292.16,115.185736,35.425737,418.61,0.00052494
2008,2,34,3391.92,115.186834,35.425737,388.71,0.00000000
2008,2,35,3491.68,115.187877,35.425640,403.66,-0.00022586
2008,2,36,3591.44,115.188875,35.425467,388.71,-0.00000000
2008,2,37,3691.21,115.189974,35.425467,358.81,-0.00029908
2008,2,38,3790.97,115.190916,35.425198,358.81,0.00080156
2008,2,39,3890.73,115.192015,35.425198,328.91,0.00000000
2008,2,40,3990.49,115.193113,35.425198,358.81,-0.00156147
2008,2,41,4090.26,115.194056,35.424928,328.91,-0.00000000
2008,2,42,4190.02,115.195020,35.424695,343.86,0.00098573
2008,2,43,4289.78,115.196097,35.424659,358.81,-0.00023738
2008,2,44,4389.54,115.197103,35.424499,358.81,-0.00057612
2008,2,45,4489.31,115.198095,35.424315,343.86,-0.00039569
2008,2,46,4589.07,115.199081,35.424120,328.91,-0.00053245
2008,2,47,4688.83,115.200023,35.423851,313.96,-0.00024967
2008,2,48,4788.59,115.200966,35.423581,328.91,0.00088275
2008,2,49,4888.35,115.201908,35.423312,328.91,0.00088275
2008,2,50,4988.12,115.203007,35.423312,343.86,-0.00088275
2008,2,51,5087.88,115.203950,35.423042,299.01,-0.00176550
2008,200,0,0.00,115.397716,35.576654,642.87,0.00000000
2008,200,1,24.43,115.397447,35.576654,463.47,0.00000000
2008,200,2,48.86,115.397177,35.576654,373.76,0.00000000
2008,201,0,0.00,115.397716,35.576654,478.42,-0.00000000
2008,201,1,68.51,115.397986,35.577193,418.61,-0.00000000
2008,201,2,137.02,115.398255,35.577732,463.47,-0.00000000
2008,201,3,205.53,115.398525,35.578271,463.47,0.00000000
2008,203,0,0.00,115.398525,35.578271,553.17,-0.00000000
2008,203,1,19.31,115.398390,35.578406,612.97,-0.00000000
2008,203,2,38.61,115.398255,35.578540,553.17,-0.00000000
2008,204,0,0.00,115.404454,35.600639,1794.06,0.00000000
2008,204,1,97.68,115.405531,35.600639,1524.95,0.00000000
2008,204,2,195.36,115.406609,35.600639,732.58,0.00000000
2008,205,0,0.00,115.404454,35.600639,358.81,0.00120912
2008,205,1,94.68,115.404697,35.601421,373.76,0.00124803
2008,205,2,189.35,115.404723,35.602267,373.76,-0.00000000
2008,205,3,284.03,115.404723,35.603120,358.81,-0.00064347
2008,205,4,378.71,115.404992,35.603895,358.81,0.00000000
2008,205,5,473.38,115.404992,35.604749,313.96,-0.00016673
2008,205,6,568.06,115.405262,35.605523,358.81,0.00000000
2008,205,7,662.73,115.405323,35.606359,328.91,0.00014304
2008,205,8,757.41,115.405531,35.607152,328.91,-0.00011889
2008,205,9,852.09,115.405601,35.607985,358.81,-0.00117393
2008,205,10,946.76,115.405844,35.608767,373.76,-0.00051019
2008,205,11,1041.44,115.406297,35.609489,343.86,0.00107874
2008,205,12,1136.12,115.406340,35.610330,358.81,0.00062908
2008,205,13,1230.79,115.406609,35.611104,328.91,0.00082845
2008,205,14,1325.47,115.406609,35.611958,373.76,0.00141913
2008,206,0,0.00,115.406609,35.611958,1300.70,-0.00439224
2008,206,1,50.81,115.406156,35.612142,762.48,-0.00417751
2008,206,2,101.62,115.405801,35.612497,553.17,-0.00396278
2008,207,0,0.00,115.406609,35.611958,418.61,0.00008918
2008,207,1,99.65,115.406888,35.612775,343.86,0.00052786
2008,207,2,199.31,115.407148,35.613597,299.01,0.00043973
2008,207,3,298.96,115.407235,35.614470,358.81,-0.00052786
2008,207,4,398.62,115.407514,35.615287,358.81,-0.00019660
2008,207,5,498.27,115.407792,35.616105,328.91,0.00052786
2008,207,6,597.93,115.407957,35.616955,328.91,0.00043351
2008,207,7,697.58,115.408140,35.617800,343.86,0.00063162
2008,207,8,797.24,115.408226,35.618673,373.76,0.00063921
2008,207,9,896.89,115.408226,35.619571,343.86,0.00020097
2008,207,10,996.55,115.408226,35.620312,418.61,0.00000000
2008,208,0,0.00,115.408226,35.620312,1794.06,0.00000000
2008,208,1,97.66,115.407148,35.620312,1794.06,0.00000000
2008,208,2,195.32,115.406070,35.620312,523.27,0.00000000
2008,209,0,0.00,115.408226,35.620312,403.66,0.00000000
2008,209,1,88.75,115.408496,35.621034,388.71,0.00085847
2008,209,2,177.51,115.408765,35.621755,418.61,0.00085847
2008,209,3,266.26,115.408765,35.622555,418.61,-0.00085847
2008,209,4,355.01,115.409035,35.623276,388.71,-0.00171693
2008,21,0,0.00,115.221197,35.414149,672.77,0.00000000
2008,21,1,57.96,115.220793,35.413744,328.91,0.00000000
2008,21,2,115.92,115.220389,35.413340,164.46,0.00000000
2008,210,0,0.00,115.409035,35.623276,1794.06,0.00000000
2008,210,1,73.24,115.409843,35.623276,1674.46,0.00000000
2008,210,2,146.48,115.410652,35.623276,1285.75,0.00000000
2008,210,3,219.72,115.411460,35.623276,792.38,0.00000000
2008,211,0,0.00,115.409035,35.623276,418.61,0.00000000
2008,211,1,82.23,115.409035,35.624018,388.71,0.00000000
2008,211,2,164.46,115.409035,35.624759,448.52,0.00000000
2008,211,3,246.68,115.409035,35.625500,433.57,0.00000000
2008,211,4,328.91,115.409035,35.626241,523.27,0.00000000
2008,212,0,0.00,115.409035,35.626241,1794.06,0.00000000
2008,212,1,86.11,115.408084,35.626241,1794.06,-0.00108593
2008,212,2,172.21,115.407134,35.626241,971.78,-0.00228806
2008,212,3,258.32,115.406340,35.626510,807.33,-0.00240425
2008,213,0,0.00,115.409035,35.626241,433.57,0.00270025
2008,213,1,98.40,115.409304,35.627049,448.52,0.00270025
2008,213,2,196.81,115.409035,35.627858,598.02,0.00270025
2008,214,0,0.00,115.409035,35.627858,1794.06,0.00000000
2008,214,1,85.44,115.408092,35.627858,1794.06,0.00000000
2008,214,2,170.89,115.407148,35.627858,1465.15,0.00000000
2008,215,0,0.00,115.409035,35.627858,493.37,0.00175661
2008,215,1,87.38,115.409436,35.628529,523.27,0.00218149
2008,215,2,174.76,115.409574,35.629276,493.37,-0.00017785
2008,215,3,262.14,115.409574,35.630064,523.27,-0.00377390
2008,215,4,349.52,115.410113,35.630553,702.67,-0.00458573
2008,216,0,0.00,115.410113,35.630553,493.37,0.00000000
2008,216,1,91.44,115.410113,35.631377,523.27,0.00000000
2008,216,2,182.89,115.410113,35.632201,568.12,-0.00000000
2008,216,3,274.33,115.410113,35.633025,538.22,-0.00076132
2008,216,4,365.77,115.410113,35.633850,553.17,-0.00156862
2008,216,5,457.21,115.410382,35.634595,568.12,-0.00161460
2008,217,0,0.00,115.410113,35.630553,941.88,0.00367568
2008,217,1,98.97,115.410892,35.630014,1674.46,0.00355086
2008,217,2,197.94,115.411985,35.630014,1315.65,0.00171302
2008,217,3,296.91,115.413077,35.630014,672.77,0.00000000
2008,218,0,0.00,115.410382,35.634595,1031.59,-0.00134248
2008,218,1,89.40,115.411106,35.634141,897.03,-0.00129135
2008,218,2,178.81,115.411730,35.633517,762.48,0.00000000
2008,218,3,268.21,115.412354,35.632893,882.08,0.00129135
2008,218,4,357.62,115.413077,35.632439,941.88,0.00134248
2008,219,0,0.00,115.410382,35.634595,598.02,-0.00540007
2008,219,1,49.20,115.410382,35.635039,538.22,-0.00551201
2008,219,2,98.40,115.410652,35.635404,642.87,-0.00562396
2008,22,0,0.00,115.112860,35.417383,882.08,-0.00434023
2008,22,1,68.54,115.112382,35.417861,1420.30,-0.00330308
2008,22,2,137.08,115.112321,35.418461,717.63,-0.00000000
2008,22,3,205.62,115.112052,35.419000,612.97,0.00226592
2008,220,0,0.00,115.413077,35.632439,777.43,-0.00924575
2008,220,1,43.71,115.413403,35.632709,837.23,-0.00905706
2008,220,2,87.42,115.413886,35.632709,433.57,-0.00886837
2008,221,0,0.00,115.413077,35.632439,822.28,-0.00000000
2008,221,1,38.60,115.413347,35.632170,732.58,-0.00000000
2008,221,2,77.20,115.413616,35.631900,732.58,-0.00000000
2008,222,0,0.00,115.410652,35.635404,627.92,-0.00313827
2008,222,1,64.15,115.410652,35.635982,627.92,-0.00323194
2008,222,2,128.30,115.410921,35.636482,657.82,-0.00332562
2008,223,0,0.00,115.410652,35.635404,1794.06,0.00000000
2008,223,1,77.96,115.411513,35.635404,1794.06,-0.00133353
2008,223,2,155.92,115.412373,35.635404,1794.06,-0.00281202
2008,223,3,233.88,115.413077,35.635134,1076.44,-0.00295699
2008,224,0,0.00,115.413616,35.631900,612.97,0.00000000
2008,224,1,12.21,115.413751,35.631900,612.97,0.00000000
2008,224,2,24.41,115.413886,35.631900,343.86,0.00000000
2008,225,0,0.00,115.413616,35.631900,717.63,0.00000000
2008,225,1,19.30,115.413482,35.631766,627.92,0.00000000
2008,225,2,38.60,115.413347,35.631631,612.97,0.00000000
2008,226,0,0.00,115.410921,35.636482,777.43,0.00000000
2008,226,1,19.30,115.410787,35.636616,777.43,0.00000000
2008,226,2,38.60,115.410652,35.636751,777.43,0.00000000
2008,227,0,0.00,115.410921,35.636482,1794.06,0.00000000
2008,227,1,92.53,115.411943,35.636482,1794.06,0.00000000
2008,227,2,185.06,115.412965,35.636482,1375.45,0.00197032
2008,227,3,277.59,115.413986,35.636482,837.23,0.00405465
2008,227,4,370.11,115.414694,35.637021,837.23,0.00416865
2008,228,0,0.00,115.410652,35.636751,687.72,0.00000000
2008,228,1,38.60,115.410921,35.637021,732.58,0.00000000
2008,228,2,77.20,115.411191,35.637290,777.43,0.00000000
2008,229,0,0.00,115.410652,35.636751,777.43,-0.00000000
2008,229,1,83.88,115.410066,35.637337,762.48,-0.00000000
2008,229,2,167.77,115.409481,35.637923,807.33,0.00147376
2008,229,3,251.65,115.408895,35.638508,1136.24,-0.00000000
2008,229,4,335.54,115.408111,35.638753,897.03,-0.00392355
2008,229,5,419.42,115.408064,35.639339,642.87,-0.00143270
2008,229,6,503.31,115.407687,35.639985,687.72,0.00203419
2008,23,0,0.00,115.112860,35.417383,463.47,-0.00335600
2008,23,1,77.93,115.112314,35.416844,388.71,-0.00430091
2008,23,2,155.87,115.111576,35.416637,358.81,-0.00366417
2008,23,3,233.80,115.110754,35.416574,358.81,-0.00133420
2008,23,4,311.73,115.109896,35.416574,328.91,-0.00058586
2008,230,0,0.00,115.413077,35.635134,777.43,0.00396338
2008,230,1,50.80,115.413432,35.634780,1001.69,0.00417821
2008,230,2,101.61,115.413886,35.634595,807.33,0.00439305
2008,231,0,0.00,115.413077,35.635134,792.38,-0.00580567
2008,231,1,55.91,115.413538,35.635404,956.83,-0.00556018
2008,231,2,111.83,115.414155,35.635404,343.86,-0.00531469
2008,232,0,0.00,115.414694,35.637021,717.63,0.00260378
2008,232,1,82.88,115.413936,35.637290,807.33,0.00247698
2008,232,2,165.76,115.413021,35.637290,1465.15,0.00117510
2008,232,3,248.63,115.412106,35.637290,1794.06,0.00000000
2008,232,4,331.51,115.411191,35.637290,1794.06,0.00000000
2008,233,0,0.00,115.414694,35.637021,717.63,-0.00000000
2008,233,1,83.45,115.414964,35.637694,627.92,-0.00000000
2008,233,2,166.90,115.415233,35.638368,523.27,-0.00000000
2008,235,0,0.00,115.411191,35.637290,598.02,-0.00000000
2008,235,1,79.10,115.411326,35.637964,627.92,0.00052261
2008,235,2,158.20,115.411460,35.638638,568.12,0.00000000
2008,235,3,237.30,115.411460,35.639351,568.12,-0.00160915
2008,235,4,316.41,115.411730,35.639985,493.37,-0.00217309
2008,236,0,0.00,115.415233,35.638368,702.67,0.00000000
2008,236,1,24.41,115.414964,35.638368,493.37,0.00000000
2008,236,2,48.82,115.414694,35.638368,523.27,0.00000000
2008,237,0,0.00,115.415233,35.638368,493.37,0.00000000
2008,237,1,78.47,115.415572,35.638977,598.02,0.00086368
2008,237,2,156.93,115.415911,35.639585,553.17,0.00171565
2008,237,3,235.40,115.416042,35.640255,508.32,0.00170393
2008,238,0,0.00,115.411730,35.639985,1794.06,0.00000000
2008,238,1,94.23,115.412770,35.639985,1794.06,0.00090168
2008,238,2,188.46,115.413811,35.639985,1001.69,0.00189715
2008,238,3,282.68,115.414694,35.640255,792.38,0.00199093
2008,239,0,0.00,115.411730,35.639985,956.83,-0.00867422
2008,239,1,34.25,115.411491,35.640224,642.87,-0.00879037
2008,239,2,68.50,115.411460,35.640524,538.22,-0.00890651
2008,24,0,0.00,115.235211,35.422773,1345.55,-0.00000000
2008,24,1,75.99,115.234681,35.423303,1166.14,0.00280553
2008,24,2,151.99,115.234151,35.423833,1181.09,0.00564757
2008,24,3,227.98,115.233324,35.423851,553.17,0.00568409
2008,240,0,0.00,115.416042,35.640255,508.32,-0.00531527
2008,240,1,55.91,115.415424,35.640255,373.76,-0.00556079
2008,240,2,111.82,115.414964,35.640524,1001.69,-0.00580631
2008,241,0,0.00,115.416042,35.640255,493.37,0.00562362
2008,241,1,49.20,115.416311,35.640620,493.37,0.00551169
2008,241,2,98.40,115.416311,35.641063,538.22,0.00539976
2008,242,0,0.00,115.414694,35.640255,627.92,0.00000000
2008,242,1,19.30,115.414829,35.640389,568.12,0.00000000
2008,242,2,38.60,115.414964,35.640524,523.27,0.00000000
2008,243,0,0.00,115.414964,35.640524,568.12,-0.00890649
2008,243,1,34.25,115.414994,35.640824,493.37,-0.00879035
2008,243,2,68.50,115.415233,35.641063,553.17,-0.00867421
2008,244,0,0.00,115.414694,35.640255,1031.59,0.00367659
2008,244,1,98.96,115.413915,35.640794,986.73,0.00355174
2008,244,2,197.91,115.412822,35.640794,1794.06,0.00171345
2008,244,3,296.87,115.411730,35.640794,1794.06,0.00000000
2008,246,0,0.00,115.411460,35.640524,598.02,0.00000000
2008,246,1,19.30,115.411595,35.640659,538.22,0.00000000
2008,246,2,38.60,115.411730,35.640794,553.17,0.00000000
2008,247,0,0.00,115.411730,35.640794,478.42,0.00051516
2008,247,1,84.40,115.411902,35.641504,553.17,0.00083752
2008,247,2,168.80,115.411999,35.642237,583.07,0.00089620
2008,247,3,253.21,115.411999,35.642997,627.92,0.00031626
2008,247,4,337.61,115.411999,35.643758,612.97,0.00000000
2008,249,0,0.00,115.411460,35.640524,956.83,0.00000000
2008,249,1,57.90,115.411056,35.640928,1061.49,0.00000000
2008,249,2,115.80,115.410652,35.641333,1151.19,0.00000000
2008,25,0,0.00,115.235211,35.422773,418.61,0.00000000
2008,25,1,98.04,115.235895,35.423456,388.71,0.00039954
2008,25,2,196.07,115.236578,35.424140,463.47,0.00050852
2008,25,3,294.11,115.237097,35.424872,418.61,0.00021914
2008,25,4,392.15,115.237737,35.425569,448.52,-0.00054454
2008,25,5,490.18,115.238213,35.426313,463.47,-0.00105946
2008,25,6,588.22,115.239002,35.426815,493.37,0.00062511
2008,25,7,686.25,115.239523,35.427414,448.52,0.00083336
2008,25,8,784.29,115.240045,35.428145,523.27,0.00008060
2008,25,9,882.33,115.240728,35.428829,478.42,0.00065084
2008,25,10,980.36,115.241140,35.429592,463.47,0.00004405
2008,25,11,1078.40,115.241679,35.430318,493.37,-0.00065938
2008,250,0,0.00,115.416311,35.641063,598.02,0.00000000
2008,250,1,48.82,115.415772,35.641063,687.72,0.00000000
2008,250,2,97.63,115.415233,35.641063,1001.69,0.00000000
2008,251,0,0.00,115.416311,35.641063,478.42,-0.00000000
2008,251,1,90.68,115.416581,35.641802,583.07,0.00049662
2008,251,2,181.36,115.416850,35.642541,553.17,0.00082118
2008,251,3,272.04,115.416958,35.643327,583.07,-0.00016451
2008,251,4,362.72,115.417120,35.644097,627.92,-0.00082118
2008,251,5,453.40,115.417389,35.644836,642.87,-0.00066421
2008,252,0,0.00,115.415233,35.641063,553.17,0.00182035
2008,252,1,75.57,115.415233,35.641744,553.17,0.00231569
2008,252,2,151.13,115.415013,35.642361,642.87,0.00184565
2008,252,3,226.70,115.414694,35.642950,687.72,0.00088027
2008,254,0,0.00,115.411999,35.643758,1031.59,0.00000000
2008,254,1,72.47,115.411493,35.644264,971.78,0.00095346
2008,254,2,144.93,115.410987,35.644770,1091.39,0.00199707
2008,254,3,217.40,115.410382,35.645106,1016.64,0.00208722
2008,255,0,0.00,115.411999,35.643758,627.92,-0.00204137
2008,255,1,70.10,115.412489,35.644248,687.72,-0.00213970
2008,255,2,140.20,115.413077,35.644567,897.03,-0.00223803
2008,256,0,0.00,115.410652,35.641333,1151.19,0.00571767
2008,256,1,74.55,115.410131,35.641853,1420.30,0.00585091
2008,256,2,149.10,115.409319,35.641872,1061.49,0.00308496
2008,256,3,223.64,115.408496,35.641872,717.63,0.00018578
2008,257,0,0.00,115.410652,35.641333,911.98,-0.00371270
2008,257,1,69.82,115.410038,35.641063,1151.19,-0.00353205
2008,257,2,139.64,115.409267,35.641063,1151.19,-0.00167569
2008,257,3,209.46,115.408496,35.641063,807.33,0.00000000
2008,258,0,0.00,115.417389,35.644836,911.98,0.00000000
2008,258,1,12.20,115.417524,35.644836,388.71,0.00000000
2008,258,2,24.41,115.417659,35.644836,388.71,0.00000000
2008,259,0,0.00,115.417389,35.644836,762.48,0.00149783
2008,259,1,83.18,115.417017,35.645478,911.98,0.00145772
2008,259,2,166.35,115.416437,35.646058,1016.64,0.00070880
2008,259,3,249.53,115.415856,35.646639,1061.49,-0.00000000
2008,259,4,332.70,115.415275,35.647220,956.83,0.00000000
2008,259,5,415.88,115.414694,35.647801,971.78,0.00000000
2008,26,0,0.00,115.109896,35.416574,1495.05,0.00000000
2008,26,1,74.75,115.109896,35.417248,1435.25,0.00000000
2008,26,2,149.50,115.109896,35.417922,822.28,0.00000000
2008,260,0,0.00,115.414694,35.642950,1031.59,0.00000000
2008,260,1,61.02,115.415368,35.642950,1121.29,0.00000000
2008,260,2,122.04,115.416042,35.642950,807.33,0.00000000
2008,261,0,0.00,115.414694,35.642950,956.83,0.00000000
2008,261,1,77.20,115.414155,35.643489,1151.19,0.00000000
2008,261,2,154.39,115.413616,35.644028,986.73,-0.00000000
2008,261,3,231.59,115.413077,35.644567,1076.44,-0.00000000
2008,262,0,0.00,115.410382,35.645106,941.88,-0.00384445
2008,262,1,83.45,115.409843,35.645701,672.77,-0.00381313
2008,262,2,166.90,115.409843,35.646453,762.48,-0.00378181
2008,263,0,0.00,115.410382,35.645106,837.23,-0.00401737
2008,263,1,71.14,115.409754,35.644836,1001.69,-0.00339807
2008,263,2,142.28,115.408993,35.644878,598.02,-0.00065917
2008,263,3,213.42,115.408496,35.644836,598.02,0.00146042
2008,264,0,0.00,115.413077,35.644567,642.87,0.00000000
2008,264,1,59.80,115.413077,35.645106,657.82,0.00000000
2008,264,2,119.60,115.413077,35.645645,717.63,0.00000000
2008,266,0,0.00,115.408496,35.641872,583.07,0.00561567
2008,266,1,53.55,115.408331,35.641437,478.42,0.00603840
2008,266,2,107.10,115.408496,35.641063,732.58,0.00646112
2008,267,0,0.00,115.408496,35.641872,807.33,0.00000000
2008,267,1,38.60,115.408226,35.642141,777.43,0.00000000
2008,267,2,77.20,115.407957,35.642411,747.53,0.00000000
2008,268,0,0.00,115.408496,35.641063,702.67,-0.00000000
2008,268,1,38.60,115.408226,35.640794,598.02,-0.00000000
2008,268,2,77.20,115.407957,35.640524,717.63,-0.00000000
2008,27,0,0.00,115.109896,35.416574,358.81,-0.00336371
2008,27,1,99.83,115.108953,35.416305,388.71,-0.00336371
2008,27,2,199.66,115.108009,35.416574,433.57,-0.00336371
2008,270,0,0.00,115.414694,35.647801,702.67,0.00000000
2008,270,1,69.77,115.414694,35.648429,553.17,0.00000000
2008,270,2,139.54,115.414694,35.649058,627.92,0.00000000
2008,270,3,209.31,115.414694,35.649687,598.02,0.00000000
2008,271,0,0.00,115.414694,35.647801,971.78,-0.00000000
2008,271,1,43.70,115.414290,35.647666,1016.64,-0.00000000
2008,271,2,87.41,115.413886,35.647531,1001.69,-0.00000000
2008,272,0,0.00,115.409843,35.646453,1061.49,0.00000000
2008,272,1,36.61,115.409439,35.646453,538.22,0.00000000
2008,272,2,73.22,115.409035,35.646453,418.61,0.00000000
2008,273,0,0.00,115.409843,35.646453,598.02,-0.00420746
2008,273,1,98.05,115.410627,35.646967,1031.59,-0.00618710
2008,273,2,196.11,115.411609,35.646843,1240.89,-0.00535449
2008,273,3,294.16,115.412294,35.646159,1091.39,-0.00071809
2008,273,4,392.21,115.413077,35.645645,1270.79,0.00110606
2008,275,0,0.00,115.413077,35.645645,732.58,0.00222239
2008,275,1,78.47,115.413625,35.646192,672.77,0.00335794
2008,275,2,156.93,115.413886,35.646824,702.67,0.00325103
2008,275,3,235.40,115.413886,35.647531,702.67,0.00200856
2008,276,0,0.00,115.414694,35.649687,1644.56,-0.00112345
2008,276,1,97.32,115.413916,35.650196,1435.25,0.00062613
2008,276,2,194.65,115.413236,35.650876,852.18,0.00356915
2008,276,3,291.97,115.412254,35.651034,1091.39,0.00612826
2008,276,4,389.30,115.411183,35.651027,732.58,0.00719215
2008,276,5,486.62,115.410921,35.650226,553.17,0.00689037
2008,277,0,0.00,115.414694,35.649687,627.92,0.00113030
2008,277,1,96.72,115.415161,35.650423,598.02,0.00056515
2008,277,2,193.44,115.415419,35.651220,538.22,-0.00111404
2008,277,3,290.16,115.415885,35.651956,523.27,-0.00111404
2008,277,4,386.88,115.416561,35.652631,448.52,-0.00052172
2008,277,5,483.60,115.417027,35.653367,373.76,-0.00104973
2008,277,6,580.32,115.417802,35.653872,299.01,-0.00044966
2008,277,7,677.04,115.418477,35.654548,224.26,-0.00056911
2008,277,8,773.75,115.419237,35.655077,239.21,-0.00135888
2008,277,9,870.47,115.420026,35.655557,209.31,-0.00147645
2008,277,10,967.19,115.420903,35.655885,194.36,-0.00169651
2008,277,11,1063.91,115.421814,35.656155,179.41,-0.00115365
2008,277,12,1160.63,115.422845,35.656220,164.46,-0.00043902
2008,277,13,1257.35,115.423794,35.656424,179.41,-0.00085450
2008,277,14,1354.07,115.424862,35.656424,269.11,0.00021685
2008,277,15,1450.79,115.425930,35.656424,299.01,0.00085450
2008,277,16,1547.51,115.426841,35.656694,358.81,-0.00085450
2008,277,17,1644.23,115.427909,35.656694,358.81,-0.00085450
2008,277,18,1740.95,115.428978,35.656694,418.61,0.00000000
2008,279,0,0.00,115.413886,35.647531,986.73,-0.00000000
2008,279,1,98.19,115.413200,35.648217,971.78,0.00051196
2008,279,2,196.39,115.412515,35.648902,1300.70,0.00106332
2008,279,3,294.58,115.411730,35.649417,971.78,0.00110272
2008,28,0,0.00,115.241679,35.430318,478.42,-0.00000000
2008,28,1,77.28,115.242218,35.430857,478.42,-0.00000000
2008,28,2,154.55,115.242757,35.431396,508.32,-0.00000000
2008,280,0,0.00,115.410921,35.650226,807.33,0.00240556
2008,280,1,67.73,115.410349,35.649923,702.67,0.00120278
2008,280,2,135.47,115.409876,35.649451,672.77,-0.00120278
2008,280,3,203.20,115.409304,35.649148,762.48,-0.00240556
2008,281,0,0.00,115.410921,35.650226,777.43,-0.00000000
2008,281,1,57.90,115.411326,35.649822,926.93,-0.00000000
2008,281,2,115.79,115.411730,35.649417,1061.49,-0.00000000
2008,282,0,0.00,115.428978,35.656694,1255.84,-0.00268811
2008,282,1,88.82,115.429180,35.657435,867.13,-0.00447207
2008,282,2,177.63,115.429800,35.658056,478.42,-0.00894504
2008,282,3,266.45,115.430520,35.658116,388.71,-0.01007240
2008,282,4,355.26,115.431133,35.657494,1031.59,-0.00616207
2008,282,5,444.08,115.431133,35.656694,1794.06,-0.00381339
2008,283,0,0.00,115.428978,35.656694,418.61,0.00324516
2008,283,1,74.54,115.429644,35.656424,358.81,0.00454935
2008,283,2,149.07,115.430467,35.656424,358.81,0.00454935
2008,283,3,223.61,115.431133,35.656694,388.71,0.00324516
2008,284,0,0.00,115.411730,35.649417,642.87,-0.00534302
2008,284,1,63.00,115.411290,35.648978,822.28,-0.00554132
2008,284,2,126.01,115.410652,35.648878,807.33,-0.00573962
2008,286,0,0.00,115.431133,35.656694,418.61,0.00191599
2008,286,1,95.97,115.432037,35.656424,418.61,0.00193842
2008,286,2,191.94,115.433096,35.656424,448.52,0.00173661
2008,286,3,287.91,115.434135,35.656461,403.66,0.00063118
2008,286,4,383.88,115.435059,35.656694,448.52,-0.00008625
2008,286,5,479.85,115.436119,35.656694,448.52,0.00012500
2008,286,6,575.82,115.437037,35.656938,418.61,-0.00070509
2008,286,7,671.79,115.438082,35.656963,418.61,-0.00086831
2008,286,8,767.76,115.439142,35.656963,388.71,0.00079135
2008,286,9,863.73,115.440202,35.656963,388.71,0.00182630
2008,286,10,959.70,115.441105,35.657233,388.71,0.00191599
2008,287,0,0.00,115.441105,35.657233,1794.06,0.00000000
2008,287,1,82.63,115.441105,35.657978,1166.14,-0.00093552
2008,287,2,165.27,115.441105,35.658722,179.41,-0.00192886
2008,287,3,247.90,115.441374,35.659389,269.11,-0.00198669
2008,288,0,0.00,115.441105,35.657233,523.27,0.00424578
2008,288,1,91.62,115.441803,35.656694,358.81,0.00413432
2008,288,2,183.23,115.442815,35.656694,358.81,0.00201143
2008,288,3,274.85,115.443827,35.656694,328.91,0.00000000
2008,288,4,366.46,115.444838,35.656694,299.01,0.00000000
2008,288,5,458.08,115.445850,35.656694,328.91,0.00095551
2008,288,6,549.69,115.446862,35.656694,269.11,0.00095551
2008,288,7,641.31,115.447717,35.656963,209.31,-0.00000000
2008,288,8,732.92,115.448728,35.656963,179.41,0.00149276
2008,288,9,824.54,115.449583,35.657233,179.41,0.00354048
2008,288,10,916.15,115.450376,35.657610,149.51,0.00358488
2008,288,11,1007.77,115.450807,35.658311,313.96,0.00307431
2008,289,0,0.00,115.441374,35.659389,343.86,0.00000000
2008,289,1,95.06,115.442424,35.659389,343.86,0.00000000
2008,289,2,190.12,115.443474,35.659389,313.96,-0.00088555
2008,289,3,285.17,115.444524,35.659389,284.06,-0.00186292
2008,289,4,380.23,115.445417,35.659119,299.01,-0.00195474
2008,29,0,0.00,115.241679,35.430318,1599.71,-0.00000000
2008,29,1,79.85,115.242236,35.429761,1794.06,0.00023865
2008,29,2,159.71,115.242793,35.429204,1719.31,0.00163476
2008,29,3,239.56,115.243381,35.428701,1569.81,0.00262743
2008,29,4,319.41,115.244104,35.428432,777.43,0.00246265
2008,290,0,0.00,115.441374,35.659389,493.37,0.00390696
2008,290,1,68.10,115.440779,35.659658,373.76,0.00371794
2008,290,2,136.21,115.440027,35.659658,373.76,0.00352892
2008,291,0,0.00,115.450807,35.658311,239.21,0.00212717
2008,291,1,95.86,115.451709,35.658580,239.21,0.00188022
2008,291,2,191.73,115.452443,35.659138,179.41,0.00082264
2008,291,3,287.59,115.453211,35.659637,179.41,0.00037442
2008,291,4,383.46,115.453944,35.660197,269.11,0.00006548
2008,291,5,479.32,115.454649,35.660806,269.11,-0.00057977
2008,291,6,575.19,115.455435,35.661275,328.91,-0.00017364
2008,291,7,671.05,115.456186,35.661804,373.76,0.00057977
2008,291,8,766.92,115.456955,35.662303,388.71,0.00034399
2008,291,9,862.78,115.457624,35.662972,403.66,-0.00057977
2008,291,10,958.64,115.458416,35.663431,448.52,-0.00017035
2008,291,11,1054.51,115.459161,35.663970,433.57,0.00055365
2008,292,0,0.00,115.450807,35.658311,1270.79,0.00201318
2008,292,1,93.17,115.450091,35.658850,299.01,0.00307744
2008,292,2,186.34,115.449219,35.659119,194.36,0.00299379
2008,292,3,279.51,115.448190,35.659119,194.36,0.00014526
2008,292,4,372.68,115.447161,35.659119,254.16,0.00000000
2008,292,5,465.85,115.446265,35.659348,313.96,0.00249262
2008,292,6,559.02,115.445417,35.659119,299.01,0.00342989
2008,294,0,0.00,115.445417,35.659119,493.37,0.00000000
2008,294,1,19.30,115.445551,35.658985,493.37,0.00000000
2008,294,2,38.60,115.445686,35.658850,448.52,0.00000000
2008,295,0,0.00,115.459161,35.663970,598.02,-0.00273389
2008,295,1,83.62,115.460084,35.663970,747.53,-0.00140776
2008,295,2,167.23,115.460824,35.663654,478.42,0.00240770
2008,295,3,250.85,115.461461,35.663701,313.96,0.00552677
2008,295,4,334.47,115.462289,35.663865,299.01,0.00570106
2008,295,5,418.08,115.462664,35.664509,299.01,0.00524562
2008,296,0,0.00,115.459161,35.663970,583.07,-0.00028328
2008,296,1,86.42,115.459430,35.664671,313.96,-0.00127059
2008,296,2,172.83,115.459741,35.665359,299.01,-0.00272307
2008,296,3,259.25,115.460345,35.665963,269.11,-0.00231484
2008,296,4,345.67,115.461047,35.666396,269.11,-0.00144146
2008,297,0,0.00,115.462664,35.664509,343.86,0.00328204
2008,297,1,81.57,115.463531,35.664568,254.16,0.00250941
2008,297,2,163.15,115.464200,35.664967,299.01,0.00172504
2008,297,3,244.72,115.464968,35.665196,299.01,0.00501857
2008,297,4,326.30,115.465537,35.665765,328.91,0.00714624
2008,297,5,407.87,115.465359,35.666396,538.22,0.00596864
2008,298,0,0.00,115.462664,35.664509,941.88,-0.00128897
2008,298,1,87.15,115.462056,35.665118,762.48,-0.00064449
2008,298,2,174.31,115.461656,35.665787,1524.95,0.00064449
2008,298,3,261.46,115.461047,35.666396,1794.06,0.00128897
2008,299,0,0.00,115.461047,35.666396,299.01,-0.00159771
2008,299,1,94.49,115.461707,35.667055,224.26,-0.00223915
2008,299,2,188.98,115.462508,35.667474,299.01,-0.00200505
2008,299,3,283.47,115.463394,35.667743,299.01,-0.00056475
2008,299,4,377.96,115.464281,35.668013,328.91,-0.00000000
2008,3,0,0.00,115.150590,35.423581,1794.06,-0.00040984
2008,3,1,95.53,115.150590,35.424442,1495.05,0.00000000
2008,3,2,191.05,115.150671,35.425279,612.97,0.00068238
2008,3,3,286.58,115.150590,35.426006,,0.00095492
2008,30,0,0.00,115.108009,35.416574,508.32,-0.00000000
2008,30,1,19.32,115.108144,35.416709,523.27,-0.00000000
2008,30,2,38.64,115.108279,35.416844,463.47,-0.00000000
2008,301,0,0.00,115.465359,35.666396,777.43,-0.00719781
2008,301,1,87.10,115.464454,35.666493,687.72,-0.00773754
2008,301,2,174.20,115.464281,35.667228,986.73,-0.00466859
2008,301,3,261.30,115.464281,35.668013,867.13,-0.00105991
2008,302,0,0.00,115.465359,35.666396,313.96,0.00115134
2008,302,1,92.14,115.466003,35.667039,553.17,0.00118218
2008,302,2,184.28,115.466437,35.667743,583.07,0.00121302
2008,304,0,0.00,115.464281,35.668013,553.17,-0.00000000
2008,304,1,75.19,115.464955,35.668282,553.17,-0.00000000
2008,304,2,150.39,115.465629,35.668552,553.17,-0.00000000
2008,305,0,0.00,115.466437,35.667743,553.17,-0.00003808
2008,305,1,99.19,115.467376,35.668013,553.17,0.00246007
2008,305,2,198.39,115.468318,35.668277,254.16,0.00487565
2008,305,3,297.58,115.468593,35.669091,313.96,0.00479308
2008,306,0,0.00,115.466437,35.667743,508.32,0.00000000
2008,306,1,57.89,115.466033,35.668147,463.47,0.00000000
2008,306,2,115.78,115.465629,35.668552,1794.06,0.00000000
2008,308,0,0.00,115.465629,35.668552,583.07,0.00000000
2008,308,1,87.66,115.466032,35.669224,598.02,-0.00202114
2008,308,2,175.32,115.466435,35.669897,239.21,-0.00414369
2008,308,3,262.97,115.467246,35.670169,284.06,-0.00424510
2008,309,0,0.00,115.468593,35.669091,254.16,0.00286808
2008,309,1,85.82,115.469391,35.669349,239.21,0.00102562
2008,309,2,171.65,115.469781,35.669789,239.21,-0.00252571
2008,309,3,257.47,115.470480,35.669899,583.07,-0.00423458
2008,31,0,0.00,115.108009,35.416574,388.71,0.00098554
2008,31,1,97.52,115.107092,35.416305,388.71,0.00013100
2008,31,2,195.04,115.106254,35.415897,403.66,-0.00060663
2008,31,3,292.56,115.105278,35.415729,373.76,-0.00024486
2008,31,4,390.08,115.104400,35.415390,358.81,0.00069546
2008,31,5,487.60,115.103423,35.415222,373.76,0.00105680
2008,31,6,585.12,115.102659,35.414688,299.01,-0.00058160
2008,31,7,682.64,115.101741,35.414418,313.96,-0.00094294
2008,31,8,780.16,115.100823,35.414149,299.01,0.00028882
2008,31,9,877.68,115.099906,35.413879,269.11,0.00000000
2008,31,10,975.20,115.099035,35.413528,269.11,-0.00057449
2008,31,11,1072.73,115.098070,35.413340,209.31,0.00042067
2008,31,12,1170.25,115.097152,35.413071,179.41,0.00124521
2008,31,13,1267.77,115.096303,35.412683,194.36,0.00067900
2008,31,14,1365.29,115.095473,35.412262,194.36,0.00044996
2008,31,15,1462.81,115.094646,35.411835,209.31,0.00115089
2008,31,16,1560.33,115.093867,35.411325,239.21,0.00136116
2008,31,17,1657.85,115.093187,35.410645,239.21,0.00104020
2008,310,0,0.00,115.468593,35.669091,822.28,-0.00134274
2008,310,1,89.39,115.467870,35.669544,732.58,-0.00129159
2008,310,2,178.77,115.467246,35.670169,1794.06,-0.00124044
2008,311,0,0.00,115.467246,35.670169,553.17,-0.00156398
2008,311,1,98.41,115.467724,35.670916,239.21,-0.00266983
2008,311,2,196.83,115.468462,35.671516,239.21,-0.00392995
2008,311,3,295.24,115.469396,35.671780,598.02,-0.00283376
2008,311,4,393.66,115.470480,35.671786,687.72,-0.00158329
2008,313,0,0.00,115.470480,35.669899,269.11,-0.00369104
2008,313,1,53.54,115.470645,35.670334,478.42,-0.00358426
2008,313,2,107.09,115.471019,35.670708,299.01,-0.00347747
2008,314,0,0.00,115.470480,35.669899,1510.00,0.00487520
2008,314,1,93.45,115.471132,35.669246,642.87,0.00735801
2008,314,2,186.90,115.471917,35.669360,284.06,0.00628150
2008,314,3,280.36,115.472636,35.669899,523.27,0.00272218
2008,315,0,0.00,115.470480,35.671786,553.17,0.00000000
2008,315,1,19.30,115.470614,35.671920,418.61,0.00000000
2008,315,2,38.59,115.470749,35.672055,388.71,0.00000000
2008,316,0,0.00,115.470749,35.672055,657.82,0.00187385
2008,316,1,92.49,115.471771,35.672055,224.26,0.00197201
2008,316,2,184.99,115.472636,35.672325,239.21,0.00207017
2008,317,0,0.00,115.470480,35.671786,867.13,-0.00000000
2008,317,1,68.49,115.470749,35.671247,986.73,-0.00000000
2008,317,2,136.99,115.471019,35.670708,583.07,-0.00000000
2008,318,0,0.00,115.470749,35.672055,657.82,-0.00331153
2008,318,1,85.82,115.470749,35.672672,209.31,-0.00573444
2008,318,2,171.64,115.471200,35.673314,194.36,-0.00679697
2008,318,3,257.47,115.472097,35.673402,313.96,-0.00543659
2008,32,0,0.00,115.242757,35.431396,1734.26,0.00000000
2008,32,1,90.15,115.242128,35.432025,1405.35,-0.00000000
2008,32,2,180.31,115.241499,35.432654,1166.14,-0.00000000
2008,32,3,270.46,115.240870,35.433283,777.43,-0.00000000
2008,320,0,0.00,115.471019,35.670708,373.76,0.00000000
2008,320,1,48.80,115.471558,35.670708,269.11,0.00000000
2008,320,2,97.60,115.472097,35.670708,313.96,0.00000000
2008,321,0,0.00,115.472636,35.669899,269.11,0.00502964
2008,321,1,92.89,115.473483,35.670207,388.71,0.00490620
2008,321,2,185.79,115.473714,35.670977,687.72,0.00478275
2008,322,0,0.00,115.472636,35.669899,941.88,-0.00347747
2008,322,1,53.54,115.472262,35.670273,837.23,-0.00358426
2008,322,2,107.09,115.472097,35.670708,627.92,-0.00369104
2008,323,0,0.00,115.472636,35.672325,418.61,0.00000000
2008,323,1,29.90,115.472636,35.672594,343.86,0.00000000
2008,323,2,59.80,115.472636,35.672864,358.81,0.00000000
2008,324,0,0.00,115.472636,35.672325,418.61,0.00000000
2008,324,1,59.80,115.472636,35.671786,672.77,0.00000000
2008,324,2,119.60,115.472636,35.671247,642.87,0.00000000
2008,325,0,0.00,115.472636,35.672325,358.81,0.00000000
2008,325,1,48.80,115.473175,35.672325,284.06,0.00000000
2008,325,2,97.59,115.473714,35.672325,388.71,0.00000000
2008,326,0,0.00,115.472097,35.673402,388.71,-0.00098068
2008,326,1,98.69,115.472636,35.674135,284.06,-0.00222846
2008,326,2,197.37,115.473319,35.674750,553.17,-0.00300616
2008,326,3,296.06,115.474253,35.675019,239.21,-0.00253609
2008,327,0,0.00,115.472097,35.673402,1794.06,0.00000000
2008,327,1,38.59,115.472366,35.673133,1794.06,0.00000000
2008,327,2,77.18,115.472636,35.672864,299.01,0.00000000
2008,329,0,0.00,115.472097,35.670708,553.17,-0.00000000
2008,329,1,38.59,115.472366,35.670977,269.11,-0.00000000
2008,329,2,77.19,115.472636,35.671247,284.06,-0.00000000
2008,33,0,0.00,115.242757,35.431396,508.32,0.00208480
2008,33,1,72.55,115.243362,35.431732,523.27,0.00199495
2008,33,2,145.11,115.243868,35.432238,717.63,0.00095255
2008,33,3,217.66,115.244374,35.432744,508.32,0.00000000
2008,330,0,0.00,115.473714,35.670977,388.71,-0.00531882
2008,330,1,55.90,115.473096,35.670977,433.57,-0.00556457
2008,330,2,111.79,115.472636,35.671247,941.88,-0.00581033
2008,331,0,0.00,115.473714,35.670977,179.41,-0.00000000
2008,331,1,38.59,115.473983,35.671247,299.01,-0.00000000
2008,331,2,77.19,115.474253,35.671516,299.01,-0.00000000
2008,332,0,0.00,115.472636,35.672864,284.06,-0.00867623
2008,332,1,89.38,115.473309,35.673402,254.16,-0.00867623
2008,332,2,178.77,115.473983,35.672864,1031.59,-0.00867623
2008,336,0,0.00,115.473714,35.672325,1046.54,0.00369102
2008,336,1,53.54,115.473879,35.671890,553.17,0.00358424
2008,336,2,107.09,115.474253,35.671516,553.17,0.00347747
2008,337,0,0.00,115.473714,35.672325,403.66,0.00867330
2008,337,1,34.25,115.473953,35.672564,224.26,0.00878930
2008,337,2,68.49,115.473983,35.672864,269.11,0.00890530
2008,338,0,0.00,115.474522,35.674750,1794.06,-0.00000000
2008,338,1,19.30,115.474387,35.674885,1794.06,-0.00000000
2008,338,2,38.59,115.474253,35.675019,1794.06,-0.00000000
2008,339,0,0.00,115.474522,35.674750,627.92,-0.00223847
2008,339,1,70.09,115.475111,35.674431,732.58,-0.00214009
2008,339,2,140.17,115.475600,35.673941,882.08,-0.00204170
2008,34,0,0.00,115.093187,35.410645,239.21,0.00000000
2008,34,1,92.00,115.092546,35.410004,328.91,0.00057856
2008,34,2,184.01,115.091904,35.409362,343.86,0.00116915
2008,34,3,276.01,115.091471,35.408659,373.76,0.00027824
2008,34,4,368.02,115.091031,35.407959,403.66,0.00003830
2008,34,5,460.02,115.090492,35.407287,358.81,0.00004704
2008,34,6,552.03,115.090171,35.406552,388.71,-0.00062889
2008,34,7,644.03,115.089530,35.405910,403.66,0.00028445
2008,34,8,736.03,115.089097,35.405207,373.76,0.00060973
2008,34,9,828.04,115.088664,35.404505,373.76,0.00000000
2008,34,10,920.04,115.088230,35.403802,388.71,0.00000000
2008,34,11,1012.05,115.087797,35.403099,388.71,0.00000000
2008,340,0,0.00,115.474522,35.674750,448.52,0.00204512
2008,340,1,79.10,115.474522,35.674037,523.27,0.00210863
2008,340,2,158.20,115.474792,35.673402,852.18,0.00217213
2008,341,0,0.00,115.474253,35.675019,284.06,-0.00314721
2008,341,1,80.11,115.474603,35.675640,269.11,-0.00345653
2008,341,2,160.23,115.475262,35.676029,194.36,-0.00251037
2008,341,3,240.34,115.475950,35.676367,209.31,-0.00099153
2008,341,4,320.45,115.476678,35.676636,538.22,-0.00072815
2008,342,0,0.00,115.474253,35.671516,313.96,0.00749878
2008,342,1,97.24,115.475130,35.671315,224.26,0.00702236
2008,342,2,194.48,115.475600,35.672055,284.06,0.00654593
2008,344,0,0.00,115.473983,35.672864,328.91,0.01148237
2008,344,1,31.50,115.474302,35.672913,194.36,0.01108542
2008,344,2,62.99,115.474522,35.673133,269.11,0.01068847
2008,345,0,0.00,115.475600,35.673941,254.16,-0.00443795
2008,345,1,87.39,115.476409,35.674211,284.06,-0.00443795
2008,345,2,174.78,115.477217,35.673941,732.58,-0.00443795
2008,346,0,0.00,115.475600,35.673941,358.81,-0.00396441
2008,346,1,50.79,115.475245,35.673587,239.21,-0.00417942
2008,346,2,101.58,115.474792,35.673402,553.17,-0.00439444
2008,347,0,0.00,115.474792,35.673402,388.71,-0.00000000
2008,347,1,19.30,115.474657,35.673268,224.26,-0.00000000
2008,347,2,38.59,115.474522,35.673133,269.11,-0.00000000
2008,35,0,0.00,115.093187,35.410645,1435.25,0.00570986
2008,35,1,75.36,115.093713,35.410120,1300.70,0.00573805
2008,35,2,150.72,115.094535,35.410106,254.16,0.00576624
2008,350,0,0.00,115.474522,35.673133,642.87,0.00000000
2008,350,1,77.18,115.475061,35.672594,657.82,0.00000000
2008,350,2,154.37,115.475600,35.672055,941.88,0.00000000
2008,351,0,0.00,115.476678,35.676636,508.32,-0.00196526
2008,351,1,94.48,115.477408,35.677175,538.22,-0.00200540
2008,351,2,188.97,115.478295,35.677445,523.27,-0.00204555
2008,352,0,0.00,115.476678,35.676636,1375.45,0.00040415
2008,352,1,71.39,115.476948,35.676071,911.98,0.00132405
2008,352,2,142.78,115.477258,35.675518,478.42,0.00199216
2008,352,3,214.17,115.477756,35.675019,1151.19,0.00174037
2008,353,0,0.00,115.475600,35.672055,553.17,0.00031168
2008,353,1,77.14,115.476295,35.672325,388.71,0.00287100
2008,353,2,154.29,115.476975,35.672621,239.21,0.00618782
2008,353,3,231.43,115.477217,35.673246,254.16,0.00443576
2008,353,4,308.58,115.477217,35.673941,373.76,0.00192621
2008,356,0,0.00,115.477217,35.673941,269.11,0.00433662
2008,356,1,68.49,115.477695,35.674420,299.01,0.00439462
2008,356,2,136.99,115.477756,35.675019,373.76,0.00445261
2008,357,0,0.00,115.478295,35.677445,553.17,-0.00135240
2008,357,1,85.68,115.478893,35.678043,224.26,-0.00218303
2008,357,2,171.37,115.479591,35.678471,239.21,-0.00317347
2008,357,3,257.05,115.480387,35.678729,269.11,-0.00161411
2008,357,4,342.74,115.481297,35.678792,328.91,-0.00132294
2008,357,5,428.42,115.482087,35.679062,598.02,-0.00368713
2008,357,6,514.11,115.482876,35.678792,822.28,-0.00462330
2008,358,0,0.00,115.478295,35.677445,1764.16,-0.00433659
2008,358,1,68.49,115.478773,35.676967,882.08,-0.00330001
2008,358,2,136.99,115.478834,35.676367,598.02,-0.00000000
2008,358,3,205.48,115.479104,35.675828,747.53,0.00226343
2008,359,0,0.00,115.477756,35.675019,358.81,0.00643795
2008,359,1,97.99,115.478837,35.675022,239.21,0.00665263
2008,359,2,195.99,115.479104,35.675828,328.91,0.00686731
2008,36,0,0.00,115.244374,35.432744,508.32,-0.00103023
2008,36,1,99.84,115.244862,35.433501,583.07,-0.00100511
2008,36,2,199.68,115.245558,35.434198,568.12,-0.00098563
2008,36,3,299.53,115.246254,35.434894,553.17,-0.00049564
2008,36,4,399.37,115.247050,35.435420,553.17,0.00042195
2008,36,5,499.21,115.247746,35.436116,538.22,-0.00000000
2008,36,6,599.05,115.248458,35.436786,553.17,-0.00034296
2008,36,7,698.89,115.249238,35.437338,538.22,-0.00053326
2008,36,8,798.73,115.249934,35.438035,523.27,-0.00061225
2008,36,9,898.58,115.250828,35.438390,538.22,0.00053326
2008,36,10,998.42,115.251525,35.439086,523.27,0.00053326
2008,36,11,1098.26,115.252320,35.439612,508.32,0.00000000
2008,36,12,1198.10,115.253016,35.440308,538.22,0.00000000
2008,36,13,1297.94,115.253811,35.440834,523.27,-0.00046536
2008,36,14,1397.79,115.254508,35.441530,523.27,-0.00053326
2008,36,15,1497.63,115.255390,35.441907,538.22,0.00115189
2008,36,16,1597.47,115.256098,35.442582,478.42,-0.00009441
2008,36,17,1697.31,115.256635,35.443254,478.42,-0.00294109
2008,36,18,1797.15,115.257579,35.443524,523.27,-0.00325378
2008,360,0,0.00,115.482876,35.678792,418.61,-0.00390876
2008,360,1,68.09,115.483472,35.679062,448.52,-0.00371961
2008,360,2,136.18,115.484224,35.679062,358.81,-0.00353046
2008,361,0,0.00,115.482876,35.678792,358.81,0.00107935
2008,361,1,93.42,115.482337,35.678107,523.27,0.00142487
2008,361,2,186.84,115.481989,35.677366,343.86,-0.00049268
2008,361,3,280.26,115.481755,35.676592,254.16,-0.00397056
2008,361,4,373.69,115.481011,35.676097,239.21,-0.00448277
2008,361,5,467.11,115.480135,35.675828,254.16,-0.00280792
2008,361,6,560.53,115.479104,35.675828,627.92,-0.00183566
2008,364,0,0.00,115.484224,35.679062,463.47,-0.00306689
2008,364,1,82.28,115.484799,35.679636,433.57,-0.00322833
2008,364,2,164.57,115.485571,35.679870,418.61,-0.00338977
2008,365,0,0.00,115.484224,35.679062,1240.89,-0.00930449
2008,365,1,53.54,115.484493,35.678658,627.92,-0.00930449
2008,365,2,107.08,115.484224,35.678253,388.71,-0.00930449
2008,366,0,0.00,115.485571,35.679870,448.52,-0.00349900
2008,366,1,93.95,115.486019,35.680587,403.66,-0.00359243
2008,366,2,187.90,115.486873,35.680902,388.71,-0.00184293
2008,366,3,281.85,115.487727,35.681218,403.66,0.00000000
2008,367,0,0.00,115.485571,35.679870,1794.06,0.00144156
2008,367,1,92.12,115.486215,35.679227,1225.94,0.00323470
2008,367,2,184.23,115.486979,35.678792,508.32,0.00409070
2008,367,3,276.35,115.487997,35.678792,463.47,0.00315357
2008,368,0,0.00,115.487727,35.681218,463.47,-0.00059249
2008,368,1,95.49,115.488469,35.681757,418.61,-0.00096466
2008,368,2,190.99,115.489259,35.682211,373.76,-0.00035714
2008,368,3,286.48,115.490108,35.682565,328.91,0.00056781
2008,368,4,381.97,115.490849,35.683104,358.81,0.00065338
2008,368,5,477.46,115.491656,35.683530,299.01,-0.00114826
2008,368,6,572.96,115.492332,35.684182,328.91,-0.00381146
2008,368,7,668.45,115.493387,35.684182,418.61,-0.00453271
2008,369,0,0.00,115.487727,35.681218,1569.81,0.00003055
2008,369,1,96.85,115.488404,35.680542,1794.06,0.00230694
2008,369,2,193.69,115.489083,35.679870,642.87,0.00456122
2008,369,3,290.54,115.490153,35.679870,433.57,0.00453912
2008,37,0,0.00,115.244374,35.432744,1794.06,-0.00000000
2008,37,1,88.84,115.244993,35.432124,1794.06,-0.00000000
2008,37,2,177.68,115.245613,35.431505,1390.40,-0.00000000
2008,37,3,266.53,115.246233,35.430885,941.88,-0.00123225
2008,37,4,355.37,115.246852,35.430265,568.12,-0.00377487
2008,37,5,444.21,115.247069,35.429528,627.92,-0.00642840
2008,37,6,533.05,115.246880,35.428782,508.32,-0.00803798
2008,37,7,621.89,115.246260,35.428701,687.72,-0.00830442
2008,370,0,0.00,115.493387,35.684182,433.57,-0.00470255
2008,370,1,82.92,115.493548,35.684883,254.16,-0.00534267
2008,370,2,165.84,115.494244,35.685260,328.91,-0.00352518
2008,370,3,248.76,115.495004,35.685530,358.81,-0.00106756
2008,371,0,0.00,115.493387,35.684182,1794.06,-0.00000000
2008,371,1,38.59,115.493656,35.683913,1794.06,-0.00000000
2008,371,2,77.18,115.493926,35.683643,747.53,-0.00000000
2008,372,0,0.00,115.495004,35.685530,642.87,-0.00132923
2008,372,1,91.83,115.495004,35.684702,508.32,-0.00377409
2008,372,2,183.65,115.494765,35.683944,239.21,-0.00563704
2008,372,3,275.48,115.493926,35.683643,239.21,-0.00505513
2008,373,0,0.00,115.495004,35.685530,373.76,-0.00203732
2008,373,1,92.53,115.495712,35.686069,343.86,-0.00101866
2008,373,2,185.06,115.496578,35.686338,373.76,0.00000000
2008,373,3,277.59,115.497286,35.686877,358.81,0.00000000
2008,373,4,370.12,115.498152,35.687147,358.81,-0.00000000
2008,373,5,462.65,115.498860,35.687686,358.81,-0.00057132
2008,373,6,555.18,115.499726,35.687955,358.81,-0.00000000
2008,373,7,647.71,115.500518,35.688350,373.76,0.00112303
2008,373,8,740.24,115.501300,35.688764,373.76,-0.00106599
2008,373,9,832.77,115.502009,35.689301,358.81,-0.00358329
2008,373,10,925.30,115.503030,35.689303,388.71,-0.00217866
2008,373,11,1017.83,115.504053,35.689303,328.91,-0.00000481
2008,373,12,1110.36,115.505038,35.689240,373.76,0.00076749
2008,373,13,1202.89,115.505783,35.689303,358.81,0.00111848
2008,374,0,0.00,115.493926,35.683643,867.13,0.00956571
2008,374,1,46.44,115.494041,35.683258,792.38,0.00981279
2008,374,2,92.89,115.494465,35.683104,568.12,0.01005988
2008,375,0,0.00,115.505783,35.689303,583.07,-0.00488984
2008,375,1,65.74,115.506342,35.689014,1046.54,-0.00480289
2008,375,2,131.47,115.506592,35.688494,328.91,-0.00471595
2008,376,0,0.00,115.505783,35.689303,792.38,-0.00438511
2008,376,1,83.60,115.505783,35.689900,343.86,-0.00565409
2008,376,2,167.20,115.506291,35.690381,343.86,-0.00476924
2008,376,3,250.80,115.507058,35.690650,299.01,-0.00258647
2008,376,4,334.39,115.507824,35.690920,358.81,-0.00243309
2008,376,5,417.99,115.508748,35.690920,538.22,-0.00230865
2008,377,0,0.00,115.506592,35.688494,508.32,0.00000000
2008,377,1,24.39,115.506861,35.688494,373.76,0.00000000
2008,377,2,48.79,115.507131,35.688494,373.76,0.00000000
2008,378,0,0.00,115.506592,35.688494,403.66,0.00000000
2008,378,1,19.29,115.506457,35.688359,508.32,0.00000000
2008,378,2,38.59,115.506322,35.688225,373.76,0.00000000
2008,379,0,0.00,115.508748,35.690920,1599.71,-0.00243806
2008,379,1,86.59,115.509017,35.690218,1151.19,-0.00468642
2008,379,2,173.18,115.508913,35.689468,493.37,-0.00586411
2008,379,3,259.77,115.508209,35.689033,313.96,-0.00479346
2008,38,0,0.00,115.244374,35.432744,1794.06,0.00000000
2008,38,1,85.97,115.243774,35.433343,1599.71,0.00000000
2008,38,2,171.94,115.243174,35.433943,1330.60,0.00217157
2008,38,3,257.91,115.242575,35.434543,1121.29,0.00445550
2008,38,4,343.87,115.241679,35.434630,777.43,0.00456786
2008,380,0,0.00,115.508748,35.690920,478.42,-0.00328722
2008,380,1,98.29,115.509226,35.691667,463.47,-0.00359299
2008,380,2,196.58,115.510119,35.691998,448.52,-0.00157695
2008,380,3,294.86,115.511048,35.692267,418.61,0.00179509
2008,380,4,393.15,115.511880,35.692704,418.61,0.00112406
2008,380,5,491.44,115.512566,35.693390,418.61,-0.00087854
2008,380,6,589.73,115.513451,35.693736,433.57,-0.00000000
2008,380,7,688.02,115.514236,35.694252,448.52,0.00040280
2008,380,8,786.30,115.515022,35.694768,433.57,-0.00009998
2008,380,9,884.59,115.515838,35.695232,478.42,0.00035141
2008,380,10,982.88,115.516611,35.695771,463.47,0.00019903
2008,380,11,1081.17,115.517379,35.696317,478.42,-0.00017425
2008,380,12,1179.46,115.518164,35.696833,418.61,0.00045103
2008,380,13,1277.74,115.518950,35.697349,388.71,0.00143108
2008,380,14,1376.03,115.519636,35.698035,343.86,-0.00004631
2008,380,15,1474.32,115.520141,35.698735,358.81,-0.00127173
2008,380,16,1572.61,115.520999,35.699128,269.11,0.00159458
2008,380,17,1670.90,115.521684,35.699815,179.41,0.00438244
2008,380,18,1769.18,115.521953,35.700622,149.51,0.00379550
2008,380,19,1867.47,115.521684,35.701430,224.26,0.00270413
2008,381,0,0.00,115.521684,35.701430,1016.64,0.00000000
2008,381,1,36.58,115.521279,35.701430,687.72,0.00000000
2008,381,2,73.17,115.520875,35.701430,403.66,0.00000000
2008,382,0,0.00,115.521684,35.701430,269.11,0.00109197
2008,382,1,98.34,115.522162,35.702177,224.26,0.00163384
2008,382,2,196.68,115.522431,35.702986,209.31,0.00108702
2008,382,3,295.02,115.522492,35.703854,224.26,0.00000501
2008,382,4,393.37,115.522762,35.704662,239.21,0.00015534
2008,382,5,491.71,115.522821,35.705531,224.26,0.00029712
2008,382,6,590.05,115.523031,35.706357,269.11,0.00065588
2008,382,7,688.39,115.523031,35.707243,224.26,0.00050826
2008,382,8,786.73,115.523031,35.708129,254.16,0.00000000
2008,382,9,885.07,115.523031,35.709016,224.26,0.00065588
2008,382,10,983.41,115.523031,35.709902,239.21,0.00135030
2008,382,11,1081.75,115.522762,35.710710,239.21,-0.00000000
2008,382,12,1180.10,115.522492,35.711518,179.41,-0.00069442
2008,382,13,1278.44,115.522492,35.712404,239.21,0.00000000
2008,382,14,1376.78,115.522223,35.713212,239.21,-0.00065588
2008,382,15,1475.12,115.522223,35.714099,239.21,-0.00000000
2008,382,16,1573.46,115.522223,35.714985,269.11,0.00151215
2008,382,17,1671.80,115.521953,35.715793,328.91,0.00140359
2008,382,18,1770.14,115.521622,35.716583,343.86,-0.00032292
2008,382,19,1868.48,115.521145,35.717331,313.96,-0.00070917
2008,382,20,1966.83,115.521145,35.718217,343.86,0.00156723
2008,382,21,2065.17,115.520606,35.718947,403.66,0.00281232
2008,383,0,0.00,115.520606,35.718947,433.57,0.00193425
2008,383,1,81.27,115.520606,35.719679,284.06,0.00096713
2008,383,2,162.53,115.520336,35.720334,388.71,0.00102697
2008,383,3,243.80,115.520336,35.721066,343.86,0.00304373
2008,383,4,325.06,115.519797,35.721642,373.76,0.00403351
2008,384,0,0.00,115.520606,35.718947,1704.36,-0.00193685
2008,384,1,95.48,115.519707,35.718678,1270.79,-0.00369191
2008,384,2,190.96,115.518652,35.718678,478.42,-0.00469025
2008,384,3,286.44,115.517911,35.719217,388.71,-0.00393354
2008,385,0,0.00,115.519797,35.721642,358.81,-0.00000000
2008,385,1,68.48,115.519528,35.722181,269.11,-0.00000000
2008,385,2,136.97,115.519258,35.722720,299.01,-0.00000000
2008,386,0,0.00,115.519797,35.721642,1749.21,-0.00278490
2008,386,1,80.25,115.519067,35.721373,1599.71,-0.00264853
2008,386,2,160.50,115.518180,35.721373,672.77,-0.00251217
2008,387,0,0.00,115.519258,35.722720,1016.64,0.00000000
2008,387,1,71.59,115.518467,35.722720,777.43,-0.00379224
2008,387,2,143.19,115.517676,35.722720,328.91,-0.00796057
2008,387,3,214.78,115.517372,35.723259,284.06,-0.00833665
2008,388,0,0.00,115.519258,35.722720,358.81,0.00207828
2008,388,1,78.45,115.519258,35.723427,299.01,0.00324865
2008,388,2,156.90,115.518989,35.724056,299.01,0.00325456
2008,388,3,235.35,115.518450,35.724606,373.76,0.00209011
2008,389,0,0.00,115.518180,35.721373,403.66,0.01069341
2008,389,1,31.48,115.517960,35.721592,328.91,0.01109106
2008,389,2,62.97,115.517641,35.721642,463.47,0.01148872
2008,39,0,0.00,115.087797,35.403099,418.61,0.00000000
2008,39,1,85.16,115.087105,35.402676,418.61,0.00104117
2008,39,2,170.31,115.086412,35.402253,269.11,0.00282297
2008,39,3,255.47,115.085911,35.401632,269.11,0.00259759
2008,39,4,340.62,115.085641,35.400943,299.01,0.00163159
2008,390,0,0.00,115.518180,35.721373,717.63,-0.00926209
2008,390,1,43.68,115.517854,35.721103,672.77,-0.00907330
2008,390,2,87.35,115.517372,35.721103,627.92,-0.00888451
2008,391,0,0.00,115.517372,35.723259,299.01,-0.00006437
2008,391,1,97.42,115.516691,35.723939,299.01,-0.00107205
2008,391,2,194.84,115.516024,35.724624,254.16,-0.00210254
2008,391,3,292.26,115.515755,35.725424,284.06,-0.00106268
2008,391,4,389.68,115.515485,35.726223,388.71,-0.00000000
2008,392,0,0.00,115.517372,35.723259,463.47,0.00000000
2008,392,1,92.12,115.517911,35.723933,448.52,0.00000000
2008,392,2,184.23,115.518450,35.724606,508.32,0.00000000
2008,393,0,0.00,115.518450,35.724606,284.06,0.00205966
2008,393,1,99.97,115.518378,35.725487,254.16,0.00260224
2008,393,2,199.93,115.517889,35.726246,254.16,0.00308420
2008,393,3,299.90,115.517190,35.726944,418.61,0.00264730
2008,393,4,399.86,115.516294,35.727301,478.42,0.00227102
2008,395,0,0.00,115.515485,35.726223,598.02,0.00451241
2008,395,1,65.72,115.514946,35.725929,523.27,0.00438741
2008,395,2,131.45,115.514677,35.725415,388.71,0.00426241
2008,396,0,0.00,115.515485,35.726223,538.22,-0.00196734
2008,396,1,72.82,115.515785,35.726793,612.97,-0.00191188
2008,396,2,145.65,115.516294,35.727301,867.13,-0.00185643
2008,397,0,0.00,115.516294,35.727301,373.76,0.00207947
2008,397,1,99.44,115.516226,35.728178,418.61,0.00312199
2008,397,2,198.88,115.515740,35.728933,448.52,0.00311765
2008,397,3,298.32,115.514946,35.729457,478.42,0.00207081
2008,399,0,0.00,115.514677,35.725415,388.71,-0.00137627
2008,399,1,87.77,115.514273,35.726089,388.71,-0.00044306
2008,399,2,175.55,115.514077,35.726823,373.76,-0.00074222
2008,399,3,263.32,115.513599,35.727475,373.76,-0.00449769
2008,399,4,351.10,115.513720,35.728231,657.82,-0.00505827
2008,399,5,438.87,115.514333,35.728844,822.28,-0.00154788
2008,399,6,526.65,115.514946,35.729457,702.67,-0.00000000
2008,4,0,0.00,115.150590,35.423581,388.71,-0.00000000
2008,4,1,98.93,115.149656,35.423312,388.71,-0.00089848
2008,4,2,197.85,115.148723,35.423042,418.61,-0.00171404
2008,4,3,296.78,115.147634,35.423042,388.71,0.00000000
2008,4,4,395.70,115.146544,35.423042,418.61,0.00081556
2008,4,5,494.63,115.145611,35.422773,448.52,-0.00001148
2008,4,6,593.56,115.144522,35.422773,448.52,-0.00000000
2008,4,7,692.48,115.143586,35.422507,418.61,-0.00079391
2008,4,8,791.41,115.142499,35.422503,418.61,0.00000000
2008,4,9,890.34,115.141410,35.422503,418.61,0.00112133
2008,4,10,989.26,115.140476,35.422234,448.52,-0.00000000
2008,4,11,1088.19,115.139443,35.422137,403.66,-0.00003552
2008,4,12,1187.11,115.138454,35.421964,448.52,0.00087387
2008,4,13,1286.04,115.137471,35.421781,403.66,-0.00000000
2008,4,14,1384.97,115.136583,35.421432,418.61,-0.00164863
2008,4,15,1483.89,115.135498,35.421425,388.71,-0.00211036
2008,40,0,0.00,115.087797,35.403099,1210.99,-0.00285502
2008,40,1,99.46,115.088491,35.402406,732.58,-0.00382709
2008,40,2,198.92,115.088606,35.401543,433.57,-0.00433812
2008,40,3,298.37,115.088336,35.400725,284.06,-0.00297925
2008,40,4,397.83,115.087682,35.400020,269.11,-0.00113254
2008,40,5,497.29,115.086989,35.399326,433.57,-0.00018366
2008,400,0,0.00,115.514677,35.725415,732.58,0.01773032
2008,400,1,38.58,115.514407,35.725145,284.06,0.01773032
2008,400,2,77.17,115.514677,35.724876,358.81,0.01773032
2008,401,0,0.00,115.514946,35.729457,388.71,-0.00008573
2008,401,1,97.24,115.514677,35.730256,328.91,-0.00071043
2008,401,2,194.48,115.514423,35.731058,328.91,0.00000000
2008,401,3,291.71,115.514407,35.731930,328.91,0.00016977
2008,401,4,388.95,115.513900,35.732659,328.91,-0.00264858
2008,401,5,486.19,115.514098,35.733460,328.91,-0.00232931
2008,401,6,583.43,115.514407,35.734246,284.06,-0.00102139
2008,401,7,680.66,115.514677,35.735044,209.31,-0.00189331
2008,401,8,777.90,115.515300,35.735740,194.36,-0.00235255
2008,401,9,875.14,115.515979,35.736419,164.46,-0.00242210
2008,401,10,972.38,115.516871,35.736734,164.46,-0.00064960
2008,401,11,1069.62,115.517735,35.737097,224.26,0.00013615
2008,401,12,1166.85,115.518550,35.737542,254.16,-0.00096608
2008,401,13,1264.09,115.519468,35.737812,269.11,0.00033425
2008,401,14,1361.33,115.520386,35.738081,299.01,0.00096608
2008,401,15,1458.57,115.521147,35.738620,328.91,-0.00046595
2008,401,16,1555.81,115.522065,35.738890,313.96,-0.00082897
2008,401,17,1653.04,115.522901,35.739299,373.76,-0.00003452
2008,401,18,1750.28,115.523878,35.739467,388.71,0.00069169
2008,401,19,1847.52,115.524661,35.739968,418.61,-0.00139773
2008,401,20,1944.76,115.525579,35.740237,418.61,-0.00260612
2008,401,21,2041.99,115.526654,35.740237,418.61,-0.00009087
2008,401,22,2139.23,115.527729,35.740237,388.71,0.00084520
2008,401,23,2236.47,115.528663,35.740479,313.96,-0.00067308
2008,401,24,2333.71,115.529722,35.740507,358.81,-0.00042872
2008,401,25,2430.95,115.530797,35.740507,328.91,0.00076395
2008,401,26,2528.18,115.531792,35.740644,328.91,-0.00001410
2008,401,27,2625.42,115.532790,35.740776,358.81,-0.00075056
2008,401,28,2722.66,115.533865,35.740776,358.81,0.00044283
2008,401,29,2819.90,115.534921,35.740808,373.76,-0.00020339
2008,401,30,2917.14,115.535857,35.741046,358.81,-0.00262252
2008,401,31,3014.37,115.536775,35.740776,358.81,-0.00333713
2008,402,0,0.00,115.514677,35.724876,254.16,0.00170322
2008,402,1,78.45,115.514807,35.724207,269.11,0.00171493
2008,402,2,156.90,115.515146,35.723598,254.16,0.00086332
2008,402,3,235.35,115.515485,35.722989,343.86,-0.00000000
2008,403,0,0.00,115.514677,35.724876,657.82,0.00000000
2008,403,1,24.38,115.514946,35.724876,807.33,0.00000000
2008,403,2,48.77,115.515216,35.724876,807.33,0.00000000
2008,404,0,0.00,115.536775,35.740776,1794.06,0.00192348
2008,404,1,77.12,115.536775,35.740081,1794.06,0.00443291
2008,404,2,154.24,115.537017,35.739456,478.42,0.00906298
2008,404,3,231.36,115.537697,35.739159,284.06,0.00862752
2008,404,4,308.48,115.538392,35.739429,448.52,0.00607143
2008,405,0,0.00,115.536775,35.740776,343.86,-0.00444406
2008,405,1,87.34,115.537584,35.741046,328.91,-0.00444406
2008,405,2,174.67,115.538392,35.740776,299.01,-0.00444406
2008,406,0,0.00,115.538392,35.739429,822.28,0.00000000
2008,406,1,74.75,115.538392,35.740102,1794.06,0.00000000
2008,406,2,149.51,115.538392,35.740776,1794.06,0.00000000
2008,407,0,0.00,115.538392,35.739429,388.71,0.00943597
2008,407,1,77.53,115.539092,35.739159,299.01,0.00906576
2008,407,2,155.07,115.539470,35.739691,762.48,0.00386514
2008,407,3,232.60,115.540007,35.740235,702.67,-0.00050235
2008,407,4,310.14,115.540548,35.740776,702.67,-0.00003942
2008,409,0,0.00,115.538392,35.740776,448.52,-0.00325145
2008,409,1,74.48,115.539059,35.741046,358.81,-0.00455780
2008,409,2,148.95,115.539882,35.741046,388.71,-0.00455780
2008,409,3,223.43,115.540548,35.740776,418.61,-0.00325145
2008,41,0,0.00,115.257579,35.443524,508.32,-0.00076946
2008,41,1,89.70,115.257788,35.444271,448.52,-0.00214151
2008,41,2,179.40,115.258118,35.444983,373.76,-0.00312661
2008,41,3,269.10,115.258757,35.445410,418.61,-0.00081041
2008,41,4,358.80,115.259445,35.445929,373.76,0.00032290
2008,41,5,448.50,115.260071,35.446554,388.71,-0.00023653
2008,41,6,538.20,115.260795,35.447009,373.76,0.00000000
2008,41,7,627.90,115.261421,35.447635,343.86,-0.00137105
2008,41,8,717.60,115.262146,35.448090,328.91,-0.00209017
2008,41,9,807.30,115.262969,35.448375,373.76,-0.00143824
2008,410,0,0.00,115.540548,35.740776,433.57,-0.00000000
2008,410,1,62.96,115.541087,35.740507,403.66,-0.00000000
2008,410,2,125.92,115.541626,35.740237,448.52,-0.00000000
2008,411,0,0.00,115.541626,35.740237,971.78,0.00000000
2008,411,1,53.53,115.541357,35.739833,926.93,0.00000000
2008,411,2,107.06,115.541087,35.739429,986.73,0.00000000
2008,412,0,0.00,115.541626,35.740237,448.52,-0.00238024
2008,412,1,86.53,115.542426,35.740507,418.61,-0.00334022
2008,412,2,173.06,115.543382,35.740507,418.61,-0.00215010
2008,412,3,259.59,115.544182,35.740237,448.52,0.00000000
2008,412,4,346.12,115.545139,35.740237,418.61,-0.00119012
2008,412,5,432.65,115.545938,35.739968,433.57,-0.00238024
2008,413,0,0.00,115.541087,35.739429,418.61,0.00000000
2008,413,1,12.19,115.540953,35.739429,418.61,0.00000000
2008,413,2,24.38,115.540818,35.739429,418.61,0.00000000
2008,414,0,0.00,115.541087,35.739429,583.07,0.00000000
2008,414,1,38.58,115.541357,35.739159,642.87,0.00000000
2008,414,2,77.16,115.541626,35.738890,553.17,0.00000000
2008,415,0,0.00,115.545938,35.739968,1794.06,0.00000000
2008,415,1,89.70,115.545938,35.739159,1734.26,0.00000000
2008,415,2,179.41,115.545938,35.738351,388.71,0.00000000
2008,416,0,0.00,115.545938,35.739968,493.37,-0.00873812
2008,416,1,62.96,115.546477,35.740237,418.61,-0.00873812
2008,416,2,125.92,115.547016,35.739968,478.42,-0.00873812
2008,417,0,0.00,115.547016,35.739968,1794.06,0.00000000
2008,417,1,87.44,115.547016,35.739180,1794.06,0.00293543
2008,417,2,174.88,115.547016,35.738392,612.97,0.00774112
2008,417,3,262.32,115.547776,35.738081,373.76,0.00604683
2008,417,4,349.76,115.548742,35.738081,373.76,0.00018901
2008,417,5,437.19,115.549709,35.738081,343.86,0.00000000
2008,417,6,524.63,115.550518,35.737812,343.86,0.00326868
2008,417,7,612.07,115.551328,35.738081,403.66,0.00443311
2008,418,0,0.00,115.547016,35.739968,433.57,-0.00212235
2008,418,1,91.41,115.547870,35.740237,388.71,-0.00202126
2008,418,2,182.81,115.548880,35.740237,388.71,-0.00192016
2008,418,3,274.22,115.549891,35.740237,358.81,-0.00202126
2008,418,4,365.63,115.550744,35.739968,358.81,-0.00106117
2008,418,5,457.03,115.551598,35.739698,328.91,0.00000000
2008,419,0,0.00,115.551328,35.738081,732.58,0.00152183
2008,419,1,94.04,115.551598,35.738851,1794.06,0.00147896
2008,419,2,188.09,115.551598,35.739698,1674.46,0.00143608
2008,42,0,0.00,115.257579,35.443524,1794.06,0.00174630
2008,42,1,67.83,115.258052,35.443050,1794.06,0.00229471
2008,42,2,135.65,115.258605,35.442715,1300.70,0.00190307
2008,42,3,203.48,115.259196,35.442446,702.67,0.00096301
2008,420,0,0.00,115.551328,35.738081,358.81,0.00444378
2008,420,1,87.34,115.552137,35.737812,343.86,0.00444378
2008,420,2,174.68,115.552945,35.738081,538.22,0.00444378
2008,421,0,0.00,115.551598,35.739698,388.71,-0.00251322
2008,421,1,80.24,115.552485,35.739698,358.81,-0.00264969
2008,421,2,160.47,115.553215,35.739429,448.52,-0.00278615
2008,422,0,0.00,115.552945,35.738081,732.58,-0.00000000
2008,422,1,79.09,115.553080,35.738755,1794.06,-0.00000000
2008,422,2,158.19,115.553215,35.739429,1794.06,-0.00000000
2008,423,0,0.00,115.552945,35.738081,463.47,0.00197874
2008,423,1,94.12,115.553672,35.737542,343.86,0.00301813
2008,423,2,188.25,115.554555,35.737273,313.96,0.00518016
2008,423,3,282.37,115.555595,35.737273,403.66,0.00607897
2008,423,4,376.49,115.556269,35.737902,941.88,0.00359432
2008,423,5,470.61,115.556718,35.738620,1719.31,0.00133352
2008,425,0,0.00,115.553215,35.739429,478.42,0.00000000
2008,425,1,89.88,115.554208,35.739429,358.81,-0.00131789
2008,425,2,179.76,115.555202,35.739429,358.81,-0.00322206
2008,425,3,269.64,115.555991,35.739078,343.86,-0.00233907
2008,425,4,359.52,115.556718,35.738620,358.81,-0.00086980
2008,426,0,0.00,115.556718,35.738620,418.61,-0.00004842
2008,426,1,98.12,115.557803,35.738620,299.01,-0.00082965
2008,426,2,196.24,115.558882,35.738612,328.91,-0.00169081
2008,426,3,294.35,115.559815,35.738351,299.01,-0.00054635
2008,426,4,392.47,115.560742,35.738081,328.91,0.00066048
2008,426,5,490.59,115.561732,35.737918,328.91,-0.00029949
2008,426,6,588.71,115.562715,35.737744,343.86,-0.00062096
2008,426,7,686.83,115.563599,35.737399,328.91,-0.00051216
2008,426,8,784.95,115.564582,35.737224,343.86,-0.00059877
2008,426,9,883.06,115.565381,35.736734,358.81,-0.00017321
2008,426,10,981.18,115.566349,35.736535,418.61,-0.00059837
2008,426,11,1079.30,115.567134,35.736020,403.66,0.00028497
2008,426,12,1177.42,115.568018,35.735675,418.61,0.00106151
2008,426,13,1275.54,115.568934,35.735386,388.71,0.00020379
2008,426,14,1373.66,115.569862,35.735117,328.91,-0.00088200
2008,426,15,1471.77,115.570768,35.734811,328.91,-0.00069286
2008,426,16,1569.89,115.571560,35.734308,328.91,0.00094882
2008,426,17,1668.01,115.572488,35.734039,328.91,-0.00001912
2008,426,18,1766.13,115.573415,35.733769,328.91,-0.00110347
2008,426,19,1864.25,115.574204,35.733261,313.96,0.00030983
2008,426,20,1962.36,115.575088,35.732917,313.96,0.00031011
2008,426,21,2060.48,115.575972,35.732572,299.01,-0.00093817
2008,426,22,2158.60,115.576812,35.732152,313.96,-0.00015546
2008,426,23,2256.72,115.577583,35.731613,299.01,0.00009185
2008,426,24,2354.84,115.578510,35.731344,299.01,-0.00175830
2008,426,25,2452.96,115.579209,35.730682,284.06,-0.00139835
2008,426,26,2551.07,115.579894,35.729996,328.91,-0.00013502
2008,427,0,0.00,115.579625,35.729727,1794.06,0.00000000
2008,427,1,19.29,115.579760,35.729862,1794.06,0.00000000
2008,427,2,38.58,115.579894,35.729996,1794.06,0.00000000
2008,428,0,0.00,115.579625,35.729727,448.52,0.00000000
2008,428,1,24.38,115.579355,35.729727,448.52,0.00000000
2008,428,2,48.76,115.579086,35.729727,418.61,0.00000000
2008,429,0,0.00,115.579625,35.729727,493.37,0.00000000
2008,429,1,70.82,115.579625,35.729089,568.12,0.00297983
2008,429,2,141.65,115.579625,35.728450,343.86,0.00643759
2008,429,3,212.47,115.580164,35.728110,269.11,0.00691550
2008,43,0,0.00,115.085641,35.400943,478.42,0.00155451
2008,43,1,83.44,115.084961,35.400532,418.61,0.00219840
2008,43,2,166.87,115.084379,35.399950,284.06,0.00142115
2008,43,3,250.31,115.084006,35.399308,269.11,-0.00070569
2008,43,4,333.75,115.083424,35.398726,284.06,0.00074575
2008,43,5,417.18,115.082842,35.398144,254.16,0.00297608
2008,43,6,500.62,115.082677,35.397440,313.96,0.00304929
2008,430,0,0.00,115.579894,35.729996,313.96,0.00174347
2008,430,1,76.53,115.580583,35.729727,299.01,0.00032615
2008,430,2,153.07,115.581360,35.729608,299.01,-0.00374278
2008,430,3,229.60,115.581994,35.729244,313.96,-0.00492425
2008,430,4,306.14,115.582320,35.728649,343.86,-0.00345410
2008,431,0,0.00,115.582320,35.728649,1794.06,-0.00356469
2008,431,1,94.45,115.581660,35.727989,897.03,-0.00369727
2008,431,2,188.89,115.580703,35.727840,403.66,-0.00382986
2008,432,0,0.00,115.582320,35.728649,328.91,0.00113317
2008,432,1,99.38,115.583113,35.728125,373.76,0.00056658
2008,432,2,198.75,115.584006,35.727772,343.86,-0.00160334
2008,432,3,298.13,115.584799,35.727248,388.71,-0.00261564
2008,432,4,397.50,115.585284,35.726493,403.66,-0.00202460
2008,433,0,0.00,115.585284,35.726493,448.52,-0.00267855
2008,433,1,82.63,115.586198,35.726493,358.81,-0.00333981
2008,433,2,165.26,115.586935,35.726190,313.96,-0.00402626
2008,433,3,247.89,115.587611,35.725783,373.76,-0.00350212
2008,433,4,330.53,115.587979,35.725145,373.76,-0.00295279
2008,434,0,0.00,115.585284,35.726493,1539.90,0.00347722
2008,434,1,53.53,115.584910,35.726119,1225.94,0.00358388
2008,434,2,107.07,115.584745,35.725684,882.08,0.00369053
2008,435,0,0.00,115.587979,35.725145,388.71,-0.00117922
2008,435,1,99.16,115.588970,35.724964,373.76,-0.00174421
2008,435,2,198.33,115.589858,35.724606,343.86,0.00000000
2008,435,3,297.49,115.590653,35.724089,328.91,0.00174421
2008,435,4,396.66,115.591736,35.724067,269.11,0.00000000
2008,435,5,495.82,115.592633,35.723726,224.26,-0.00034364
2008,435,6,594.99,115.593614,35.723528,239.21,0.00089450
2008,435,7,694.15,115.594554,35.723259,269.11,0.00146027
2008,435,8,793.32,115.595650,35.723259,239.21,0.00081173
2008,435,9,892.48,115.596746,35.723259,209.31,0.00000000
2008,435,10,991.65,115.597842,35.723259,209.31,0.00089347
2008,435,11,1090.81,115.598938,35.723259,209.31,0.00170623
2008,435,12,1189.98,115.599863,35.723554,209.31,0.00072569
2008,435,13,1289.14,115.600817,35.723798,209.31,0.00000000
2008,435,14,1388.31,115.601756,35.724067,239.21,0.00072669
2008,435,15,1487.47,115.602695,35.724337,254.16,0.00092886
2008,435,16,1586.63,115.603526,35.724792,299.01,0.00051498
2008,435,17,1685.80,115.604416,35.725145,299.01,0.00000000
2008,435,18,1784.96,115.605209,35.725667,328.91,-0.00016426
2008,435,19,1884.13,115.606138,35.725954,328.91,0.00044459
2008,435,20,1983.29,115.606920,35.726493,313.96,-0.00006148
2008,435,21,2082.46,115.607783,35.726893,358.81,-0.00021885
2008,435,22,2181.62,115.608641,35.727301,328.91,0.00090274
2008,435,23,2280.79,115.609466,35.727768,373.76,0.00056910
2008,435,24,2379.95,115.610206,35.728379,373.76,-0.00040386
2008,435,25,2479.12,115.611050,35.728812,433.57,-0.00043325
2008,435,26,2578.28,115.611842,35.729335,373.76,-0.00008128
2008,435,27,2677.45,115.612709,35.729727,388.71,0.00030162
2008,435,28,2776.61,115.613492,35.730266,373.76,0.00048514
2008,435,29,2875.77,115.614317,35.730732,373.76,0.00013163
2008,435,30,2974.94,115.615056,35.731344,358.81,-0.00040528
2008,435,31,3074.10,115.615900,35.731776,358.81,0.00000000
2008,435,32,3173.27,115.616692,35.732299,418.61,0.00029738
2008,435,33,3272.43,115.617484,35.732821,373.76,-0.00000000
2008,435,34,3371.60,115.618276,35.733344,418.61,-0.00000000
2008,435,35,3470.76,115.619068,35.733866,448.52,-0.00020910
2008,435,36,3569.93,115.619860,35.734388,403.66,0.00000000
2008,435,37,3669.09,115.620689,35.734847,418.61,0.00041410
2008,435,38,3768.26,115.621443,35.735433,433.57,-0.00000000
2008,435,39,3867.42,115.622235,35.735955,418.61,-0.00019520
2008,435,40,3966.59,115.623027,35.736478,418.61,0.00053980
2008,435,41,4065.75,115.623817,35.737003,448.52,0.00009810
2008,435,42,4164.92,115.624512,35.737693,448.52,-0.00053980
2008,435,43,4264.08,115.625382,35.738081,448.52,0.00032011
2008,435,44,4363.24,115.626096,35.738738,448.52,-0.00027872
2008,435,45,4462.41,115.626887,35.739260,478.42,-0.00042800
2008,435,46,4561.57,115.627728,35.739698,448.52,0.00055019
2008,435,47,4660.74,115.628471,35.740305,463.47,-0.00000000
2008,435,48,4759.90,115.629263,35.740827,478.42,-0.00027148
2008,435,49,4859.07,115.630055,35.741350,478.42,0.00000000
2008,435,50,4958.23,115.630847,35.741872,448.52,0.00004998
2008,435,51,5057.40,115.631639,35.742394,448.52,-0.00000000
2008,435,52,5156.56,115.632422,35.742932,418.61,-0.00010019
2008,435,53,5255.73,115.633222,35.743439,448.52,0.00053980
2008,435,54,5354.89,115.634014,35.743962,403.66,0.00059002
2008,435,55,5454.06,115.634707,35.744654,418.61,-0.00053980
2008,435,56,5553.22,115.635499,35.745177,403.66,-0.00053980
2008,435,57,5652.38,115.636291,35.745699,418.61,-0.00012730
2008,435,58,5751.55,115.637083,35.746221,433.57,-0.00007256
2008,435,59,5850.71,115.637897,35.746705,433.57,-0.00031038
2008,435,60,5949.88,115.638679,35.747244,448.52,-0.00042132
2008,435,61,6049.04,115.639558,35.747618,433.57,0.00043768
2008,435,62,6148.21,115.640349,35.748141,463.47,0.00049389
2008,435,63,6247.37,115.641141,35.748663,418.61,0.00000000
2008,435,64,6346.54,115.641933,35.749185,448.52,0.00000000
2008,435,65,6445.70,115.642725,35.749708,418.61,-0.00000000
2008,435,66,6544.87,115.643517,35.750230,403.66,-0.00000000
2008,435,67,6644.03,115.644309,35.750753,418.61,-0.00174117
2008,435,68,6743.20,115.645101,35.751275,418.61,-0.00336470
2008,435,69,6842.36,115.646190,35.751286,478.42,-0.00324707
2008,436,0,0.00,115.587979,35.725145,1285.75,-0.00000000
2008,436,1,57.87,115.587575,35.724741,1270.79,-0.00000000
2008,436,2,115.75,115.587171,35.724337,867.13,-0.00000000
2008,437,0,0.00,115.646190,35.751286,478.42,-0.00234250
2008,437,1,77.65,115.646524,35.751890,418.61,-0.00340465
2008,437,2,155.31,115.647106,35.752364,388.71,-0.00337980
2008,437,3,232.96,115.647807,35.752634,373.76,-0.00229281
2008,438,0,0.00,115.646190,35.751286,1674.46,-0.00347711
2008,438,1,53.53,115.646564,35.750912,1136.24,-0.00358371
2008,438,2,107.06,115.646729,35.750478,882.08,-0.00369030
2008,439,0,0.00,115.647807,35.752634,418.61,-0.00287577
2008,439,1,79.20,115.648360,35.753187,254.16,-0.00438111
2008,439,2,158.40,115.649087,35.753442,284.06,-0.00416112
2008,439,3,237.60,115.649963,35.753442,388.71,-0.00243578
2008,44,0,0.00,115.085641,35.400943,1285.75,0.00000000
2008,44,1,74.37,115.086160,35.400425,897.03,-0.00089165
2008,44,2,148.75,115.086679,35.399906,732.58,-0.00183650
2008,44,3,223.12,115.086989,35.399326,463.47,-0.00188970
2008,440,0,0.00,115.647807,35.752634,1435.25,0.00065449
2008,440,1,82.80,115.648386,35.752055,1539.90,0.00528215
2008,440,2,165.61,115.649010,35.751556,284.06,0.01090141
2008,440,3,248.41,115.649642,35.752043,299.01,0.00844065
2008,440,4,331.22,115.649963,35.752696,568.12,0.00361160
2008,440,5,414.02,115.649963,35.753442,687.72,0.00223492
2008,442,0,0.00,115.649963,35.753442,299.01,-0.00159488
2008,442,1,99.22,115.650755,35.753965,313.96,-0.00285553
2008,442,2,198.44,115.651686,35.754251,299.01,-0.00039792
2008,442,3,297.67,115.652539,35.754132,164.46,0.00334968
2008,442,4,396.89,115.653079,35.754790,269.11,0.00037134
2008,442,5,496.11,115.653915,35.755238,194.36,-0.00223305
2008,442,6,595.33,115.654806,35.755591,179.41,-0.00087481
2008,442,7,694.56,115.655797,35.755773,209.31,-0.00057151
2008,442,8,793.78,115.656682,35.756137,179.41,-0.00091991
2008,442,9,893.00,115.657779,35.756138,209.31,-0.00030949
2008,442,10,992.22,115.658719,35.756407,209.31,-0.00049878
2008,442,11,1091.45,115.659816,35.756407,209.31,0.00000117
2008,442,12,1190.67,115.660851,35.756515,194.36,0.00016291
2008,442,13,1289.89,115.661853,35.756676,209.31,-0.00068314
2008,442,14,1389.11,115.662951,35.756676,209.31,0.00075208
2008,442,15,1488.33,115.664022,35.756721,254.16,0.00142422
2008,442,16,1587.56,115.664913,35.757074,269.11,-0.00081342
2008,442,17,1686.78,115.665928,35.757215,269.11,-0.00155186
2008,442,18,1786.00,115.667025,35.757215,269.11,0.00032696
2008,442,19,1885.22,115.668122,35.757215,299.01,0.00081077
2008,442,20,1984.45,115.669075,35.757463,313.96,0.00014107
2008,442,21,2083.67,115.670159,35.757485,358.81,-0.00000000
2008,442,22,2182.89,115.671099,35.757754,358.81,-0.00007082
2008,442,23,2282.11,115.672196,35.757754,388.71,0.00000000
2008,442,24,2381.34,115.673137,35.758024,388.71,-0.00081077
2008,442,25,2480.56,115.674234,35.758024,388.71,-0.00081077
2008,442,26,2579.78,115.675331,35.758024,388.71,0.00000000
2008,442,27,2679.00,115.676428,35.758024,418.61,0.00081077
2008,442,28,2778.22,115.677525,35.758024,418.61,0.00170423
2008,442,29,2877.45,115.678465,35.758293,418.61,0.00089345
2008,442,30,2976.67,115.679405,35.758563,448.52,-0.00089345
2008,442,31,3075.89,115.680345,35.758832,418.61,-0.00170423
2008,442,32,3175.11,115.681442,35.758832,448.52,-0.00000000
2008,442,33,3274.34,115.682540,35.758832,448.52,0.00162086
2008,442,34,3373.56,115.683480,35.759102,418.61,0.00000000
2008,442,35,3472.78,115.684434,35.759347,418.61,-0.00073185
2008,442,36,3572.00,115.685517,35.759371,403.66,-0.00000000
2008,442,37,3671.23,115.686457,35.759641,388.71,-0.00088901
2008,442,38,3770.45,115.687554,35.759641,358.81,0.00000000
2008,442,39,3869.67,115.688651,35.759641,388.71,0.00081077
2008,442,40,3968.89,115.689591,35.759910,358.81,-0.00000000
2008,442,41,4068.11,115.690688,35.759910,328.91,0.00037408
2008,442,42,4167.34,115.691628,35.760180,328.91,0.00000000
2008,442,43,4266.56,115.692658,35.760295,328.91,-0.00073272
2008,442,44,4365.78,115.693666,35.760449,299.01,0.00040091
2008,442,45,4465.00,115.694763,35.760449,299.01,0.00137591
2008,442,46,4564.23,115.695631,35.760842,328.91,0.00007611
2008,442,47,4663.45,115.696622,35.761024,328.91,-0.00024698
2008,442,48,4762.67,115.697583,35.761258,358.81,0.00134427
2008,442,49,4861.89,115.698523,35.761527,448.52,0.00195289
2008,442,50,4961.12,115.699306,35.762066,463.47,0.00090188
2008,442,51,5060.34,115.700089,35.762605,478.42,0.00000000
2008,443,0,0.00,115.700359,35.762336,672.77,0.00000000
2008,443,1,19.29,115.700224,35.762470,702.67,0.00000000
2008,443,2,38.58,115.700089,35.762605,792.38,0.00000000
2008,444,0,0.00,115.700089,35.762605,478.42,-0.00211946
2008,444,1,98.38,115.700150,35.763474,313.96,-0.00215398
2008,444,2,196.76,115.700628,35.764222,239.21,-0.00218851
2008,445,0,0.00,115.700359,35.762336,448.52,0.00000000
2008,445,1,75.13,115.701032,35.762605,508.32,0.00000000
2008,445,2,150.26,115.701706,35.762875,508.32,0.00000000
2008,446,0,0.00,115.700359,35.762336,672.77,0.00124099
2008,446,1,89.34,115.700983,35.761712,433.57,0.00129221
2008,446,2,178.67,115.701706,35.761258,89.70,0.00134343
2008,447,0,0.00,115.700628,35.764222,1360.50,0.00000000
2008,447,1,60.93,115.701302,35.764222,1270.79,0.00000000
2008,447,2,121.85,115.701976,35.764222,104.65,0.00000000
2008,448,0,0.00,115.700628,35.764222,403.66,-0.00377746
2008,448,1,83.43,115.700359,35.764896,209.31,-0.00377746
2008,448,2,166.86,115.700628,35.765570,299.01,-0.00377746
2008,449,0,0.00,115.700628,35.765570,1510.00,0.00000000
2008,449,1,60.93,115.701302,35.765570,1480.10,0.00000000
2008,449,2,121.85,115.701976,35.765570,209.31,0.00000000
2008,450,0,0.00,115.700628,35.765570,388.71,0.00000000
2008,450,1,38.57,115.700359,35.765839,269.11,0.00000000
2008,450,2,77.15,115.700089,35.766109,269.11,0.00000000
2008,451,0,0.00,115.700089,35.766109,1599.71,0.00000000
2008,451,1,48.74,115.699550,35.766109,1599.71,0.00000000
2008,451,2,97.48,115.699011,35.766109,717.63,0.00000000
2008,452,0,0.00,115.700089,35.766109,254.16,0.00565096
2008,452,1,68.48,115.700359,35.766648,179.41,0.00565096
2008,452,2,136.95,115.700089,35.767187,194.36,0.00565096
2008,453,0,0.00,115.700089,35.767187,1719.31,0.00000000
2008,453,1,48.74,115.699550,35.767187,1719.31,0.00000000
2008,453,2,97.48,115.699011,35.767187,837.23,0.00000000
2008,454,0,0.00,115.700089,35.767187,194.36,0.00172693
2008,454,1,88.41,115.700359,35.767905,254.16,0.00167743
2008,454,2,176.82,115.700359,35.768702,269.11,0.00081397
2008,454,3,265.23,115.700359,35.769343,358.81,0.00000000
2008,455,0,0.00,115.700359,35.769343,1794.06,0.00000000
2008,455,1,85.29,115.701302,35.769343,1794.06,0.00000000
2008,455,2,170.58,115.702245,35.769343,104.65,0.00000000
2008,456,0,0.00,115.700359,35.769343,373.76,-0.00929839
2008,456,1,53.52,115.700089,35.769747,299.01,-0.00929839
2008,456,2,107.05,115.700359,35.770151,448.52,-0.00929839
2008,457,0,0.00,115.700359,35.770151,1794.06,0.00000000
2008,457,1,85.29,115.701302,35.770151,1794.06,0.00000000
2008,457,2,170.58,115.702245,35.770151,104.65,0.00000000
2008,458,0,0.00,115.700359,35.770151,328.91,-0.00145156
2008,458,1,96.21,115.700089,35.770940,343.86,-0.00072578
2008,458,2,192.42,115.700089,35.771807,373.76,-0.00068523
2008,458,3,288.63,115.699820,35.772596,388.71,-0.00209624
2008,458,4,384.84,115.700089,35.773385,463.47,-0.00282202
2008,459,0,0.00,115.700089,35.773385,1794.06,0.00000000
2008,459,1,73.10,115.700898,35.773385,1749.21,0.00000000
2008,459,2,146.21,115.701706,35.773385,986.73,0.00000000
2008,459,3,219.31,115.702515,35.773385,,0.00000000
2008,46,0,0.00,115.086989,35.399326,448.52,0.00043932
2008,46,1,93.28,115.086547,35.398615,284.06,0.00060996
2008,46,2,186.56,115.086180,35.397881,284.06,0.00016837
2008,46,3,279.84,115.085871,35.397131,254.16,-0.00027473
2008,46,4,373.12,115.085429,35.396420,269.11,0.00045436
2008,46,5,466.40,115.085102,35.395674,239.21,-0.00006293
2008,46,6,559.68,115.084833,35.394912,224.26,-0.00106973
2008,46,7,652.96,115.084312,35.394224,269.11,-0.00010519
2008,46,8,746.24,115.083870,35.393513,254.16,0.00083730
2008,46,9,839.53,115.083485,35.392784,299.01,0.00027378
2008,46,10,932.81,115.083194,35.392029,254.16,-0.00110217
2008,46,11,1026.09,115.082752,35.391317,269.11,-0.00044089
2008,46,12,1119.37,115.082138,35.390656,284.06,0.00150347
2008,46,13,1212.65,115.081868,35.389894,269.11,0.00202253
2008,460,0,0.00,115.700089,35.773385,433.57,-0.00152113
2008,460,1,94.04,115.699820,35.774154,448.52,-0.00076056
2008,460,2,188.08,115.699820,35.775002,523.27,0.00000000
2008,460,3,282.12,115.699550,35.775771,493.37,-0.00071774
2008,460,4,376.16,115.699550,35.776619,523.27,-0.00143548
2008,461,0,0.00,115.699550,35.776619,732.58,-0.00487830
2008,461,1,79.87,115.698893,35.777007,553.17,-0.00486677
2008,461,2,159.75,115.698742,35.777683,553.17,-0.00246996
2008,461,3,239.62,115.698612,35.778365,568.12,0.00000000
2008,461,4,319.49,115.698472,35.779044,538.22,0.00008469
2008,462,0,0.00,115.699550,35.776619,1405.35,-0.00011555
2008,462,1,74.45,115.700216,35.776888,1285.75,-0.00162707
2008,462,2,148.90,115.700888,35.777148,1166.14,-0.00294155
2008,462,3,223.35,115.701706,35.777158,867.13,-0.00274451
2008,463,0,0.00,115.698472,35.779044,1450.20,0.00175441
2008,463,1,78.67,115.699121,35.779424,1121.29,0.00106842
2008,463,2,157.35,115.699671,35.779973,1151.19,-0.00273218
2008,463,3,236.02,115.700297,35.780392,657.82,-0.00502408
2008,463,4,314.69,115.701167,35.780392,777.43,-0.00420137
2008,464,0,0.00,115.698472,35.779044,523.27,0.00000000
2008,464,1,98.38,115.698203,35.779853,612.97,0.00000000
2008,464,2,196.75,115.697933,35.780661,538.22,0.00000000
2008,465,0,0.00,115.697933,35.780661,747.53,-0.00432961
2008,465,1,85.31,115.697238,35.781087,627.92,-0.00416800
2008,465,2,170.61,115.697060,35.781804,598.02,-0.00260655
2008,465,3,255.92,115.696855,35.782514,612.97,-0.00126122
2008,465,4,341.23,115.696855,35.783283,493.37,-0.00065786
2008,465,5,426.54,115.696855,35.783895,642.87,0.00000000
2008,466,0,0.00,115.697933,35.780661,986.73,-0.00000000
2008,466,1,89.93,115.698561,35.781290,926.93,-0.00000000
2008,466,2,179.85,115.699190,35.781918,1046.54,0.00189591
2008,466,3,269.78,115.699818,35.782546,747.53,0.00379291
2008,466,4,359.71,115.699820,35.783356,493.37,0.00379400
2008,467,0,0.00,115.696855,35.783895,1794.06,0.00000000
2008,467,1,73.09,115.697664,35.783895,1390.40,0.00000000
2008,467,2,146.19,115.698472,35.783895,1330.60,0.00000000
2008,467,3,219.28,115.699281,35.783895,777.43,0.00000000
2008,468,0,0.00,115.696855,35.783895,598.02,-0.00152094
2008,468,1,94.04,115.696586,35.784665,553.17,-0.00147813
2008,468,2,188.08,115.696586,35.785512,702.67,-0.00143532
2008,469,0,0.00,115.699820,35.783356,926.93,0.00000000
2008,469,1,57.86,115.700224,35.783761,777.43,0.00000000
2008,469,2,115.71,115.700628,35.784165,642.87,0.00000000
2008,47,0,0.00,115.262969,35.448375,343.86,-0.00208602
2008,47,1,98.05,115.263444,35.449119,358.81,-0.00173365
2008,47,2,196.09,115.264227,35.449633,313.96,-0.00060846
2008,47,3,294.14,115.264943,35.450261,313.96,-0.00076879
2008,47,4,392.18,115.265711,35.450800,328.91,-0.00036042
2008,47,5,490.23,115.266575,35.451172,299.01,0.00145943
2008,47,6,588.27,115.267259,35.451856,313.96,0.00045458
2008,47,7,686.32,115.267943,35.452540,328.91,-0.00225219
2008,47,8,784.36,115.268726,35.453053,299.01,-0.00292238
2008,47,9,882.41,115.269706,35.453225,358.81,-0.00236898
2008,470,0,0.00,115.699820,35.783356,493.37,-0.00000000
2008,470,1,38.57,115.699550,35.783626,478.42,-0.00000000
2008,470,2,77.14,115.699281,35.783895,612.97,-0.00000000
2008,471,0,0.00,115.699281,35.783895,777.43,-0.00121293
2008,471,1,92.09,115.699715,35.784599,583.07,-0.00118215
2008,471,2,184.19,115.700359,35.785243,897.03,-0.00115137
2008,473,0,0.00,115.696586,35.785512,837.23,-0.00000000
2008,473,1,50.75,115.696181,35.785782,657.82,-0.00000000
2008,473,2,101.51,115.695777,35.786051,627.92,-0.00000000
2008,474,0,0.00,115.696586,35.785512,926.93,0.00000000
2008,474,1,77.14,115.697125,35.786051,612.97,0.00000000
2008,474,2,154.28,115.697664,35.786590,747.53,0.00000000
2008,474,3,231.43,115.698203,35.787129,852.18,0.00000000
2008,475,0,0.00,115.700359,35.785243,583.07,0.00215816
2008,475,1,95.73,115.699788,35.785782,792.38,0.00036823
2008,475,2,191.45,115.698932,35.786130,732.58,-0.00231943
2008,475,3,287.18,115.698472,35.786860,702.67,-0.00321716
2008,476,0,0.00,115.700359,35.785243,612.97,-0.00000000
2008,476,1,19.29,115.700493,35.785108,627.92,-0.00000000
2008,476,2,38.57,115.700628,35.784973,612.97,-0.00000000
2008,477,0,0.00,115.695777,35.786051,1794.06,-0.00446591
2008,477,1,88.31,115.694800,35.786051,897.03,-0.00413463
2008,477,2,176.62,115.694146,35.786604,777.43,-0.00215440
2008,477,3,264.93,115.693430,35.787051,897.03,-0.00088793
2008,477,4,353.25,115.692813,35.787668,418.61,-0.00127040
2008,478,0,0.00,115.695777,35.786051,642.87,-0.00135850
2008,478,1,99.35,115.695508,35.786868,657.82,-0.00132101
2008,478,2,198.70,115.695508,35.787764,657.82,-0.00064176
2008,478,3,298.04,115.695508,35.788659,299.01,-0.00000000
2008,478,4,397.39,115.695508,35.789555,642.87,0.00000000
2008,479,0,0.00,115.698203,35.787129,732.58,0.00000000
2008,479,1,19.29,115.698337,35.786994,732.58,0.00000000
2008,479,2,38.57,115.698472,35.786860,732.58,0.00000000
2008,48,0,0.00,115.262969,35.448375,1794.06,-0.00009595
2008,48,1,78.19,115.263514,35.447829,1569.81,-0.00224657
2008,48,2,156.39,115.264047,35.447280,926.93,-0.00538732
2008,48,3,234.58,115.264047,35.446575,463.47,-0.00430433
2008,48,4,312.77,115.263777,35.445949,403.66,-0.00223119
2008,480,0,0.00,115.698203,35.787129,642.87,0.00000000
2008,480,1,14.95,115.698203,35.787264,478.42,0.00000000
2008,480,2,29.90,115.698203,35.787399,478.42,0.00000000
2008,481,0,0.00,115.698472,35.786860,762.48,0.00481174
2008,481,1,85.31,115.699167,35.787286,687.72,0.00507031
2008,481,2,170.61,115.699281,35.788022,373.76,0.00389841
2008,481,3,255.92,115.699281,35.788790,299.01,0.00310178
2008,481,4,341.22,115.699011,35.789481,448.52,0.00277037
2008,481,5,426.53,115.698472,35.790094,762.48,0.00180512
2008,482,0,0.00,115.695508,35.789555,418.61,0.00000000
2008,482,1,57.86,115.695103,35.789959,358.81,0.00000000
2008,482,2,115.71,115.694699,35.790363,358.81,0.00000000
2008,483,0,0.00,115.695508,35.789555,1255.84,0.00000000
2008,483,1,50.75,115.695912,35.789824,612.97,0.00000000
2008,483,2,101.50,115.696316,35.790094,568.12,0.00000000
2008,484,0,0.00,115.698472,35.790094,568.12,-0.00143521
2008,484,1,94.04,115.698472,35.790941,448.52,-0.00147801
2008,484,2,188.08,115.698742,35.791711,553.17,-0.00152082
2008,485,0,0.00,115.698472,35.790094,732.58,-0.00325510
2008,485,1,74.44,115.697806,35.789824,717.63,-0.00456270
2008,485,2,148.88,115.696982,35.789824,1031.59,-0.00456270
2008,485,3,223.32,115.696316,35.790094,807.33,-0.00325510
2008,486,0,0.00,115.694699,35.790363,478.42,0.00000000
2008,486,1,59.80,115.694699,35.790902,403.66,0.00000000
2008,486,2,119.61,115.694699,35.791441,373.76,0.00000000
2008,487,0,0.00,115.694699,35.790363,1210.99,0.00101813
2008,487,1,75.79,115.694070,35.790004,1076.44,0.00000000
2008,487,2,151.58,115.693494,35.789555,926.93,-0.00156197
2008,487,3,227.37,115.692813,35.789285,702.67,-0.00210582
2008,488,0,0.00,115.696316,35.790094,777.43,0.00209910
2008,488,1,95.48,115.696774,35.790821,717.63,0.00227933
2008,488,2,190.97,115.696855,35.791659,702.67,0.00143262
2008,488,3,286.45,115.696855,35.792519,657.82,0.00040567
2008,49,0,0.00,115.082677,35.397440,313.96,0.00482759
2008,49,1,94.83,115.081818,35.397120,254.16,0.00471294
2008,49,2,189.66,115.081574,35.396337,224.26,0.00229914
2008,49,3,284.50,115.081330,35.395554,254.16,-0.00000000
2008,490,0,0.00,115.698742,35.791711,418.61,0.00174705
2008,490,1,67.67,115.698269,35.792183,403.66,0.00230040
2008,490,2,135.34,115.697716,35.792519,1001.69,0.00191329
2008,490,3,203.00,115.697125,35.792789,433.57,0.00097284
2008,491,0,0.00,115.698742,35.791711,463.47,-0.01070056
2008,491,1,31.47,115.698961,35.791930,762.48,-0.01109925
2008,491,2,62.93,115.699281,35.791980,179.41,-0.01149793
2008,492,0,0.00,115.694699,35.791441,747.53,0.00433494
2008,492,1,68.47,115.695178,35.791920,433.57,0.00439267
2008,492,2,136.94,115.695238,35.792519,717.63,0.00445040
2008,493,0,0.00,115.694699,35.791441,732.58,0.00364219
2008,493,1,99.48,115.693913,35.791980,941.88,0.00351639
2008,493,2,198.95,115.692813,35.791980,478.42,0.00339058
2008,494,0,0.00,115.696855,35.792519,418.61,0.00000000
2008,494,1,19.28,115.696990,35.792654,418.61,0.00000000
2008,494,2,38.57,115.697125,35.792789,448.52,0.00000000
2008,496,0,0.00,115.697125,35.792789,672.77,0.00000000
2008,496,1,81.26,115.697125,35.793521,299.01,0.00085959
2008,496,2,162.51,115.697125,35.794253,627.92,0.00302477
2008,496,3,243.77,115.696884,35.794916,493.37,0.00334723
2008,496,4,325.02,115.696316,35.795484,493.37,0.00236409
2008,497,0,0.00,115.696855,35.792519,1539.90,0.00000000
2008,497,1,87.29,115.696204,35.792519,897.03,0.00000000
2008,497,2,174.59,115.695238,35.792519,1001.69,0.00000000
2008,499,0,0.00,115.695238,35.792519,672.77,-0.00429915
2008,499,1,78.44,115.694699,35.793070,418.61,-0.00325245
2008,499,2,156.88,115.694699,35.793777,299.01,-0.00000000
2008,499,3,235.32,115.694430,35.794406,478.42,0.00220576
2008,5,0,0.00,115.203950,35.423042,1330.60,-0.00205092
2008,5,1,79.12,115.203950,35.423755,1524.95,-0.00211491
2008,5,2,158.24,115.204219,35.424389,583.07,-0.00217891
2008,50,0,0.00,115.082677,35.397440,463.47,-0.00000000
2008,50,1,68.54,115.082946,35.396901,448.52,-0.00000000
2008,50,2,137.09,115.083216,35.396362,358.81,-0.00000000
2008,500,0,0.00,115.692813,35.791980,358.81,-0.00429917
2008,500,1,78.44,115.692274,35.792531,269.11,-0.00532948
2008,500,2,156.88,115.692274,35.793238,478.42,-0.00428278
2008,500,3,235.32,115.692543,35.793867,493.37,-0.00220577
2008,501,0,0.00,115.692813,35.791980,672.77,0.00433495
2008,501,1,68.47,115.692334,35.791502,747.53,0.00439268
2008,501,2,136.94,115.692274,35.790902,583.07,0.00445041
2008,502,0,0.00,115.696316,35.795484,493.37,0.00000000
2008,502,1,99.29,115.696316,35.796378,313.96,0.00099335
2008,502,2,198.59,115.696316,35.797273,328.91,0.00246671
2008,502,3,297.88,115.695906,35.798049,194.36,0.00530539
2008,502,4,397.18,115.695371,35.798717,224.26,0.00714479
2008,502,5,496.47,115.694430,35.798448,792.38,0.00662553
2008,503,0,0.00,115.696316,35.795484,897.03,0.00000000
2008,503,1,36.54,115.695912,35.795484,1420.30,0.00000000
2008,503,2,73.08,115.695508,35.795484,687.72,0.00000000
2008,504,0,0.00,115.694430,35.794406,1240.89,-0.00889793
2008,504,1,43.65,115.693947,35.794406,343.86,-0.00908680
2008,504,2,87.29,115.693621,35.794675,388.71,-0.00927568
2008,505,0,0.00,115.694430,35.794406,433.57,0.00000000
2008,505,1,77.14,115.694969,35.794945,508.32,0.00000000
2008,505,2,154.28,115.695508,35.795484,956.83,0.00000000
2008,506,0,0.00,115.692543,35.793867,433.57,-0.00505646
2008,506,1,87.76,115.692004,35.794501,313.96,-0.00515101
2008,506,2,175.51,115.692274,35.795214,493.37,-0.00524557
2008,507,0,0.00,115.692543,35.793867,762.48,0.00224021
2008,507,1,70.04,115.693132,35.794186,448.52,0.00214162
2008,507,2,140.07,115.693621,35.794675,403.66,0.00204304
2008,508,0,0.00,115.694430,35.798448,583.07,-0.00083334
2008,508,1,72.66,115.694340,35.797819,328.91,0.00000000
2008,508,2,145.32,115.694160,35.797216,239.21,0.00121396
2008,508,3,217.98,115.694160,35.796562,612.97,0.00159458
2008,509,0,0.00,115.694430,35.798448,358.81,0.00000000
2008,509,1,89.32,115.693756,35.798987,568.12,0.00000000
2008,509,2,178.63,115.693082,35.799526,568.12,0.00000000
2008,51,0,0.00,115.081868,35.389894,403.66,0.01144554
2008,51,1,31.57,115.081550,35.389845,299.01,0.01105270
2008,51,2,63.13,115.081330,35.389625,493.37,0.01065986
2008,510,0,0.00,115.695508,35.795484,388.71,0.00325958
2008,510,1,97.17,115.695038,35.796223,269.11,0.00334891
2008,510,2,194.33,115.694160,35.796562,239.21,0.00343823
2008,513,0,0.00,115.693621,35.794675,358.81,0.00000000
2008,513,1,38.57,115.693352,35.794945,403.66,0.00000000
2008,513,2,77.14,115.693082,35.795214,254.16,0.00000000
2008,514,0,0.00,115.692274,35.795214,941.88,0.00000000
2008,514,1,36.54,115.692678,35.795214,837.23,0.00000000
2008,514,2,73.08,115.693082,35.795214,1091.39,0.00000000
2008,515,0,0.00,115.692274,35.795214,448.52,-0.00377633
2008,515,1,83.42,115.692004,35.795888,642.87,-0.00377633
2008,515,2,166.84,115.692274,35.796562,747.53,-0.00377633
2008,517,0,0.00,115.694160,35.796562,627.92,0.00000000
2008,517,1,38.57,115.693891,35.796292,956.83,0.00000000
2008,517,2,77.14,115.693621,35.796023,1031.59,0.00000000
2008,518,0,0.00,115.693082,35.799526,493.37,0.00000000
2008,518,1,99.02,115.693082,35.800418,388.71,0.00000000
2008,518,2,198.04,115.693082,35.801311,373.76,-0.00064594
2008,518,3,297.07,115.693082,35.802203,358.81,-0.00132965
2008,518,4,396.09,115.693352,35.803018,343.86,0.00064594
2008,518,5,495.11,115.693621,35.803832,194.36,0.00265930
2008,518,6,594.13,115.693352,35.804646,313.96,0.00265930
2008,519,0,0.00,115.693082,35.799526,463.47,0.00265429
2008,519,1,96.99,115.692324,35.798987,403.66,0.00413047
2008,519,2,193.97,115.692004,35.798232,328.91,0.00374721
2008,519,3,290.96,115.692223,35.797421,299.01,0.00051850
2008,519,4,387.95,115.692274,35.796562,612.97,-0.00085077
2008,52,0,0.00,115.081868,35.389894,627.92,0.00000000
2008,52,1,19.32,115.082003,35.389759,568.12,0.00000000
2008,52,2,38.65,115.082138,35.389625,433.57,0.00000000
2008,521,0,0.00,115.693082,35.795214,433.57,0.00347691
2008,521,1,53.52,115.693456,35.795588,403.66,0.00358340
2008,521,2,107.04,115.693621,35.796023,747.53,0.00368990
2008,523,0,0.00,115.692274,35.796562,807.33,0.00000000
2008,523,1,75.11,115.692947,35.796292,373.76,0.00000000
2008,523,2,150.22,115.693621,35.796023,583.07,0.00000000
2008,526,0,0.00,115.693352,35.804646,418.61,0.00356730
2008,526,1,94.39,115.692692,35.805306,777.43,0.00370027
2008,526,2,188.78,115.691735,35.805455,44.85,0.00383323
2008,527,0,0.00,115.693352,35.804646,299.01,0.00140910
2008,527,1,97.58,115.693621,35.805448,269.11,0.00136997
2008,527,2,195.16,115.693621,35.806327,239.21,-0.00025550
2008,527,3,292.74,115.693621,35.807207,254.16,-0.00208917
2008,527,4,390.32,115.693990,35.807979,269.11,-0.00018704
2008,527,5,487.90,115.694430,35.808731,254.16,0.00142375
2008,527,6,585.48,115.694430,35.809611,269.11,-0.00026201
2008,527,7,683.06,115.694699,35.810412,269.11,-0.00034155
2008,527,8,780.64,115.694969,35.811213,254.16,0.00070455
2008,527,9,878.23,115.695101,35.812055,224.26,-0.00001444
2008,527,10,975.81,115.695238,35.812894,209.31,-0.00070455
2008,527,11,1073.39,115.695508,35.813696,239.21,-0.00008654
2008,527,12,1170.97,115.695777,35.814497,239.21,0.00070455
2008,527,13,1268.55,115.695948,35.815327,224.26,0.00018704
2008,527,14,1366.13,115.696047,35.816178,254.16,-0.00070455
2008,527,15,1463.71,115.696316,35.816979,239.21,0.00025550
2008,527,16,1561.29,115.696586,35.817781,269.11,0.00136997
2008,527,17,1658.87,115.696586,35.818660,299.01,0.00133084
2008,528,0,0.00,115.696586,35.818660,1166.14,0.00279159
2008,528,1,80.17,115.695856,35.818930,1794.06,0.00265470
2008,528,2,160.34,115.694969,35.818930,657.82,0.00251781
2008,529,0,0.00,115.696586,35.818660,328.91,0.00151152
2008,529,1,94.07,115.697125,35.819352,299.01,0.00228894
2008,529,2,188.14,115.697394,35.820121,284.06,0.00153318
2008,529,3,282.21,115.697394,35.820969,328.91,-0.00075956
2008,529,4,376.28,115.697664,35.821739,299.01,-0.00024804
2008,529,5,470.34,115.697933,35.822509,299.01,0.00075956
2008,529,6,564.41,115.698022,35.823331,284.06,0.00024681
2008,529,7,658.48,115.698203,35.824126,299.01,-0.00000000
2008,529,8,752.55,115.698292,35.824948,284.06,0.00000000
2008,529,9,846.62,115.698472,35.825744,299.01,0.00000000
2008,529,10,940.69,115.698562,35.826566,284.06,0.00024691
2008,529,11,1034.76,115.698742,35.827361,269.11,-0.00075956
2008,529,12,1128.83,115.698742,35.828209,269.11,-0.00253462
2008,529,13,1222.89,115.699281,35.828901,269.11,-0.00305876
2008,53,0,0.00,115.269706,35.453225,373.76,-0.00457978
2008,53,1,74.88,115.269811,35.453870,328.91,-0.00556057
2008,53,2,149.75,115.270385,35.454303,313.96,-0.00425650
2008,53,3,224.63,115.271054,35.454573,358.81,-0.00197163
2008,530,0,0.00,115.699281,35.828901,254.16,0.00000000
2008,530,1,69.77,115.699281,35.829530,254.16,0.00000000
2008,530,2,139.54,115.699281,35.830159,209.31,-0.00000000
2008,530,3,209.31,115.699281,35.830787,254.16,0.00000000
2008,531,0,0.00,115.699281,35.828901,687.72,0.00392276
2008,531,1,67.98,115.699876,35.828631,1121.29,0.00373258
2008,531,2,135.97,115.700628,35.828631,478.42,0.00354239
2008,532,0,0.00,115.699281,35.830787,328.91,0.00000000
2008,532,1,19.28,115.699415,35.830922,388.71,0.00000000
2008,532,2,38.56,115.699550,35.831057,358.81,0.00000000
2008,533,0,0.00,115.699281,35.830787,1794.06,0.00000000
2008,533,1,73.05,115.698472,35.830787,1061.49,0.00000000
2008,533,2,146.10,115.697664,35.830787,777.43,0.00000000
2008,534,0,0.00,115.699550,35.831057,1794.06,0.00000000
2008,534,1,60.88,115.700224,35.831057,1181.09,0.00000000
2008,534,2,121.75,115.700898,35.831057,657.82,0.00000000
2008,535,0,0.00,115.699550,35.831057,209.31,0.00000000
2008,535,1,83.42,115.699281,35.831731,194.36,0.00000000
2008,535,2,166.83,115.699011,35.832404,194.36,0.00000000
2008,536,0,0.00,115.699011,35.832404,1659.51,-0.00028299
2008,536,1,75.09,115.698188,35.832390,762.48,-0.00036329
2008,536,2,150.17,115.697664,35.832404,478.42,-0.00044359
2008,537,0,0.00,115.699011,35.832404,164.46,0.00000000
2008,537,1,78.43,115.699281,35.833033,254.16,0.00214057
2008,537,2,156.86,115.699550,35.833662,254.16,0.00428115
2008,537,3,235.29,115.699281,35.834291,299.01,0.00428115
2008,538,0,0.00,115.699281,35.834291,1510.00,0.00000000
2008,538,1,60.87,115.698607,35.834291,1450.20,0.00000000
2008,538,2,121.75,115.697933,35.834291,388.71,0.00000000
2008,539,0,0.00,115.699281,35.834291,313.96,0.00403239
2008,539,1,81.21,115.699820,35.834867,313.96,0.00400984
2008,539,2,162.42,115.699820,35.835598,328.91,0.00199364
2008,539,3,243.63,115.699820,35.836330,299.01,0.00000000
2008,539,4,324.84,115.699820,35.837062,328.91,0.00000000
2008,539,5,406.05,115.699820,35.837794,328.91,0.00000000
2008,54,0,0.00,115.269706,35.453225,1794.06,0.00000000
2008,54,1,77.27,115.270245,35.452686,1255.84,0.00000000
2008,54,2,154.54,115.270784,35.452147,164.46,0.00000000
2008,540,0,0.00,115.699820,35.837794,657.82,0.00000000
2008,540,1,93.63,115.699066,35.838278,807.33,-0.00216771
2008,540,2,187.25,115.698312,35.838763,478.42,-0.00494149
2008,540,3,280.88,115.698203,35.839575,284.06,-0.00492476
2008,540,4,374.51,115.698357,35.840374,239.21,-0.00352933
2008,540,5,468.13,115.699011,35.841028,373.76,-0.00275671
2008,541,0,0.00,115.699820,35.837794,418.61,0.00263790
2008,541,1,88.72,115.700440,35.838414,388.71,0.00329324
2008,541,2,177.45,115.700628,35.839159,269.11,0.00253212
2008,541,3,266.17,115.700628,35.839959,254.16,0.00055783
2008,541,4,354.90,115.700628,35.840759,373.76,0.00000000
2008,542,0,0.00,115.699011,35.841028,284.06,-0.00473913
2008,542,1,86.22,115.699196,35.841752,373.76,-0.00646949
2008,542,2,172.44,115.699943,35.842106,732.58,-0.00555185
2008,542,3,258.66,115.700898,35.842106,1240.89,-0.00290385
2008,543,0,0.00,115.699011,35.841028,448.52,0.00279310
2008,543,1,80.15,115.699741,35.840759,1046.54,0.00265609
2008,543,2,160.30,115.700628,35.840759,1300.70,0.00251909
2008,545,0,0.00,115.700628,35.840759,269.11,0.00156395
2008,545,1,87.74,115.700898,35.841471,388.71,0.00170188
2008,545,2,175.49,115.700898,35.842106,373.76,0.00183980
2008,546,0,0.00,115.700898,35.842106,343.86,0.00000000
2008,546,1,94.17,115.701437,35.842799,358.81,0.00016603
2008,546,2,188.34,115.701976,35.843491,343.86,-0.00026401
2008,546,3,282.51,115.702454,35.844202,343.86,-0.00060379
2008,546,4,376.68,115.703054,35.844735,209.31,0.00032293
2008,546,5,470.86,115.703592,35.845428,239.21,0.00017459
2008,546,6,565.03,115.704110,35.846127,239.21,-0.00068869
2008,546,7,659.20,115.704768,35.846785,209.31,0.00018332
2008,546,8,753.37,115.705426,35.847443,224.26,0.00054992
2008,546,9,847.54,115.705875,35.848162,149.51,-0.00170778
2008,546,10,941.71,115.706534,35.848820,149.51,-0.00234164
2008,546,11,1035.88,115.707390,35.849138,209.31,-0.00128420
2008,546,12,1130.05,115.708148,35.849626,239.21,-0.00192474
2008,546,13,1224.22,115.709104,35.849774,269.11,-0.00127440
2008,546,14,1318.40,115.710060,35.849921,328.91,0.00000000
2008,547,0,0.00,115.710060,35.849921,837.23,0.00000000
2008,547,1,89.71,115.710060,35.849113,1031.59,0.00000000
2008,547,2,179.41,115.710060,35.848304,299.01,0.00000000
2008,548,0,0.00,115.710060,35.849921,328.91,-0.00875556
2008,548,1,62.90,115.710599,35.850191,358.81,-0.00875556
2008,548,2,125.81,115.711138,35.849921,433.57,-0.00875556
2008,549,0,0.00,115.711138,35.849921,837.23,0.00000000
2008,549,1,72.66,115.711138,35.849267,986.73,-0.00121320
2008,549,2,145.31,115.711138,35.848612,448.52,-0.00250137
2008,549,3,217.97,115.710869,35.848035,358.81,-0.00257634
2008,55,0,0.00,115.081330,35.395554,313.96,0.00455031
2008,55,1,93.87,115.080521,35.395228,269.11,0.00365637
2008,55,2,187.75,115.080240,35.394464,269.11,0.00114050
2008,55,3,281.62,115.079713,35.393772,269.11,0.00000000
2008,55,4,375.50,115.079347,35.393033,254.16,0.00051755
2008,55,5,469.37,115.078904,35.392316,269.11,0.00154925
2008,55,6,563.25,115.078635,35.391549,284.06,0.00199642
2008,55,7,657.12,115.078635,35.390703,358.81,0.00144800
2008,550,0,0.00,115.711138,35.849921,403.66,-0.00464303
2008,550,1,87.25,115.711789,35.850460,373.76,-0.00454856
2008,550,2,174.50,115.712755,35.850460,358.81,-0.00445410
2008,551,0,0.00,115.712755,35.850460,717.63,-0.00204100
2008,551,1,79.08,115.712755,35.851173,403.66,-0.00210416
2008,551,2,158.17,115.713025,35.851808,,-0.00216732
2008,552,0,0.00,115.712755,35.850460,403.66,0.00448569
2008,552,1,87.97,115.713414,35.849921,269.11,0.00337472
2008,552,2,175.95,115.714382,35.849911,239.21,-0.00147743
2008,552,3,263.92,115.715196,35.849637,179.41,-0.00394256
2008,552,4,351.89,115.715811,35.849022,149.51,-0.00069335
2008,552,5,439.86,115.716426,35.848407,194.36,-0.00069534
2008,552,6,527.84,115.717140,35.847962,239.21,-0.00330461
2008,552,7,615.81,115.717337,35.847226,343.86,-0.00393872
2008,553,0,0.00,115.717337,35.847226,1345.55,-0.00392448
2008,553,1,67.97,115.716742,35.846957,657.82,-0.00373417
2008,553,2,135.94,115.715989,35.846957,313.96,-0.00354386
2008,554,0,0.00,115.717337,35.847226,299.01,-0.00262227
2008,554,1,77.61,115.717978,35.846854,343.86,-0.00172932
2008,554,2,155.22,115.718415,35.846281,343.86,0.00052122
2008,554,3,232.83,115.718954,35.845879,418.61,0.00187880
2008,555,0,0.00,115.718954,35.845879,373.76,0.00224211
2008,555,1,91.28,115.719174,35.845120,373.76,0.00127039
2008,555,2,182.57,115.719762,35.844468,373.76,-0.00082096
2008,555,3,273.85,115.720032,35.843723,478.42,-0.00194059
2008,556,0,0.00,115.718954,35.845879,1300.70,-0.00000000
2008,556,1,93.35,115.719606,35.846531,1106.34,-0.00296147
2008,556,2,186.70,115.720259,35.847184,822.28,-0.00644818
2008,556,3,280.05,115.721110,35.846957,523.27,-0.00697340
2008,557,0,0.00,115.720032,35.843723,493.37,0.00119580
2008,557,1,89.26,115.720862,35.843454,373.76,-0.00149137
2008,557,2,178.51,115.721776,35.843326,373.76,-0.00603333
2008,557,3,267.77,115.722188,35.842641,642.87,-0.00518389
2008,557,4,357.02,115.722188,35.841837,687.72,-0.00247967
2008,558,0,0.00,115.720032,35.843723,1181.09,0.00283362
2008,558,1,98.06,115.719346,35.843038,822.28,0.00422179
2008,558,2,196.13,115.719223,35.842190,687.72,0.00576746
2008,558,3,294.19,115.719635,35.841425,343.86,0.00636337
2008,558,4,392.26,115.720489,35.841028,538.22,0.00700565
2008,558,5,490.32,115.721502,35.841151,1794.06,0.00543281
2008,558,6,588.39,115.722188,35.841837,1196.04,0.00365612
2008,559,0,0.00,115.722188,35.841837,598.02,0.00000000
2008,559,1,71.02,115.722883,35.841681,627.92,-0.00227387
2008,559,2,142.05,115.723578,35.841524,687.72,-0.00435331
2008,559,3,213.07,115.724074,35.841028,553.17,-0.00415887
2008,56,0,0.00,115.081330,35.395554,747.53,0.00123881
2008,56,1,89.53,115.081954,35.394929,852.18,0.00128976
2008,56,2,179.06,115.082677,35.394476,553.17,0.00134070
2008,560,0,0.00,115.724074,35.841028,1166.14,0.00000000
2008,560,1,57.84,115.724478,35.841432,1076.44,0.00000000
2008,560,2,115.68,115.724883,35.841837,1091.39,0.00000000
2008,561,0,0.00,115.724074,35.841028,687.72,0.00000000
2008,561,1,53.51,115.724344,35.840624,523.27,0.00000000
2008,561,2,107.02,115.724613,35.840220,478.42,0.00000000
2008,562,0,0.00,115.724883,35.841837,926.93,-0.00000000
2008,562,1,87.74,115.725287,35.842510,1091.39,-0.00000000
2008,562,2,175.49,115.725691,35.843184,717.63,-0.00000000
2008,563,0,0.00,115.724883,35.841837,777.43,0.00207896
2008,563,1,92.32,115.725747,35.841567,837.23,0.00198012
2008,563,2,184.64,115.726769,35.841567,358.81,0.00188128
2008,564,0,0.00,115.724613,35.840220,926.93,0.00000000
2008,564,1,73.04,115.725422,35.840220,1076.44,0.00000000
2008,564,2,146.09,115.726230,35.840220,373.76,0.00000000
2008,565,0,0.00,115.724613,35.840220,493.37,0.00000000
2008,565,1,59.80,115.724613,35.839681,493.37,0.00000000
2008,565,2,119.61,115.724613,35.839142,882.08,0.00000000
2008,566,0,0.00,115.725691,35.843184,1031.59,-0.00500445
2008,566,1,78.10,115.726556,35.843184,717.63,-0.00674738
2008,566,2,156.21,115.727039,35.842732,583.07,-0.00539494
2008,566,3,234.31,115.727308,35.842106,717.63,-0.00229959
2008,567,0,0.00,115.725691,35.843184,672.77,-0.00433420
2008,567,1,68.46,115.725213,35.843663,598.02,-0.00329800
2008,567,2,136.92,115.725152,35.844262,508.32,0.00000000
2008,567,3,205.39,115.724883,35.844801,463.47,0.00226180
2008,568,0,0.00,115.726769,35.841567,538.22,0.00471718
2008,568,1,65.69,115.727019,35.841048,493.37,0.00480494
2008,568,2,131.37,115.727578,35.840759,418.61,0.00489271
2008,569,0,0.00,115.726769,35.841567,867.13,0.00000000
2008,569,1,38.56,115.727039,35.841837,343.86,0.00000000
2008,569,2,77.12,115.727308,35.842106,313.96,0.00000000
2008,57,0,0.00,115.081330,35.389625,538.22,-0.00369354
2008,57,1,53.60,115.081164,35.389190,388.71,-0.00358612
2008,57,2,107.19,115.080791,35.388816,418.61,-0.00347869
2008,570,0,0.00,115.724613,35.839142,777.43,0.00116090
2008,570,1,91.70,115.723972,35.838501,568.12,0.00249917
2008,570,2,183.40,115.723540,35.837799,328.91,0.00629304
2008,570,3,275.10,115.723544,35.836977,433.57,0.00887071
2008,570,4,366.80,115.724407,35.836716,926.93,0.00541743
2008,570,5,458.50,115.725422,35.836716,1076.44,0.00184208
2008,571,0,0.00,115.724613,35.839142,373.76,-0.00178364
2008,571,1,74.24,115.725132,35.838623,388.71,-0.00089182
2008,571,2,148.47,115.725442,35.838044,433.57,0.00089182
2008,571,3,222.71,115.725961,35.837525,358.81,0.00178364
2008,573,0,0.00,115.727308,35.842106,538.22,-0.00286613
2008,573,1,84.97,115.728001,35.841682,493.37,-0.00282629
2008,573,2,169.93,115.728386,35.841028,403.66,-0.00278645
2008,574,0,0.00,115.727578,35.840759,418.61,0.00000000
2008,574,1,24.35,115.727847,35.840759,388.71,0.00000000
2008,574,2,48.69,115.728117,35.840759,388.71,0.00000000
2008,575,0,0.00,115.727578,35.840759,807.33,-0.01070551
2008,575,1,31.45,115.727358,35.840539,373.76,-0.01110492
2008,575,2,62.91,115.727039,35.840489,418.61,-0.01150433
2008,576,0,0.00,115.725422,35.836716,1076.44,0.00347672
2008,576,1,53.51,115.725796,35.837090,732.58,0.00358312
2008,576,2,107.02,115.725961,35.837525,373.76,0.00368951
2008,577,0,0.00,115.725422,35.836716,313.96,0.00069980
2008,577,1,84.97,115.725961,35.836107,284.06,0.00075954
2008,577,2,169.94,115.726500,35.835638,328.91,0.00081928
2008,578,0,0.00,115.725961,35.837525,418.61,-0.00233315
2008,578,1,77.49,115.726293,35.838127,747.53,-0.00341703
2008,578,2,154.98,115.726873,35.838603,971.78,-0.00189369
2008,578,3,232.47,115.727575,35.838870,672.77,0.00173496
2008,578,4,309.96,115.728117,35.839411,717.63,0.00275637
2008,58,0,0.00,115.081330,35.389625,254.16,0.00602850
2008,58,1,75.37,115.080656,35.389894,523.27,0.00602850
2008,58,2,150.74,115.079982,35.389625,657.82,0.00602850
2008,580,0,0.00,115.725961,35.837525,358.81,-0.00336851
2008,580,1,88.52,115.726679,35.837434,553.17,-0.00706368
2008,580,2,177.04,115.727297,35.836997,254.16,-0.00883997
2008,580,3,265.56,115.726909,35.836317,553.17,-0.00352006
2008,580,4,354.08,115.726500,35.835638,612.97,-0.00011904
2008,581,0,0.00,115.728386,35.841028,328.91,-0.00000000
2008,581,1,19.28,115.728251,35.840893,358.81,-0.00000000
2008,581,2,38.56,115.728117,35.840759,493.37,-0.00000000
2008,582,0,0.00,115.728386,35.841028,254.16,-0.00440043
2008,582,1,50.73,115.728840,35.840844,463.47,-0.00418464
2008,582,2,101.47,115.729194,35.840489,508.32,-0.00396885
2008,583,0,0.00,115.728117,35.840759,583.07,0.00000000
2008,583,1,83.41,115.728117,35.840007,523.27,0.00000000
2008,583,2,166.83,115.728117,35.839411,508.32,0.00000000
2008,585,0,0.00,115.726500,35.835638,299.01,-0.00000000
2008,585,1,67.65,115.726972,35.835165,299.01,0.00230109
2008,585,2,135.30,115.727445,35.834693,328.91,0.00480237
2008,585,3,202.95,115.728117,35.834560,478.42,0.00500256
2008,587,0,0.00,115.728117,35.839411,448.52,0.00928399
2008,587,1,43.63,115.728442,35.839142,358.81,0.00909507
2008,587,2,87.26,115.728925,35.839142,508.32,0.00890614
2008,588,0,0.00,115.729194,35.840489,657.82,0.00216762
2008,588,1,79.08,115.728925,35.839854,568.12,0.00210444
2008,588,2,158.17,115.728925,35.839142,882.08,0.00204126
2008,589,0,0.00,115.729194,35.840489,358.81,-0.00515800
2008,589,1,87.58,115.730005,35.840217,612.97,-0.00766896
2008,589,2,175.16,115.730272,35.839505,553.17,-0.00761906
2008,589,3,262.74,115.729733,35.838872,583.07,-0.00505820
2008,59,0,0.00,115.271054,35.454573,313.96,-0.00227724
2008,59,1,88.45,115.271462,35.455251,373.76,-0.00128743
2008,59,2,176.90,115.272132,35.455711,299.01,-0.00066613
2008,59,3,265.36,115.272586,35.456375,313.96,-0.00132201
2008,59,4,353.81,115.273356,35.456729,328.91,-0.00006082
2008,59,5,442.26,115.274018,35.457268,403.66,0.00148776
2008,590,0,0.00,115.728117,35.834560,373.76,0.00112113
2008,590,1,88.11,115.728117,35.833766,343.86,0.00314674
2008,590,2,176.23,115.728303,35.833026,328.91,0.00464637
2008,590,3,264.34,115.729018,35.832580,343.86,0.00206019
2008,590,4,352.46,115.729733,35.832135,343.86,-0.00000000
2008,591,0,0.00,115.728117,35.834560,1554.85,-0.00364558
2008,591,1,99.43,115.728902,35.835099,971.78,-0.00351964
2008,591,2,198.87,115.730003,35.835099,523.27,-0.00339370
2008,593,0,0.00,115.728925,35.839142,328.91,0.00928394
2008,593,1,43.63,115.729251,35.838872,373.76,0.00909502
2008,593,2,87.26,115.729733,35.838872,358.81,0.00890609
2008,595,0,0.00,115.729733,35.838872,269.11,0.00000000
2008,595,1,77.12,115.730272,35.838333,284.06,0.00000000
2008,595,2,154.24,115.730811,35.837794,313.96,0.00000000
2008,596,0,0.00,115.729733,35.832135,343.86,0.00106707
2008,596,1,97.99,115.730209,35.831389,313.96,0.00155443
2008,596,2,195.98,115.730894,35.830705,299.01,-0.00004552
2008,596,3,293.96,115.731678,35.830190,313.96,-0.00155443
2008,596,4,391.95,115.731945,35.829384,254.16,0.00078192
2008,596,5,489.94,115.732630,35.828700,224.26,0.00172367
2008,596,6,587.93,115.733360,35.828092,224.26,0.00006930
2008,596,7,685.92,115.734130,35.827553,209.31,-0.00084740
2008,596,8,783.90,115.734674,35.826925,209.31,0.00021520
2008,596,9,881.89,115.735359,35.826240,284.06,0.00187126
2008,596,10,979.88,115.736143,35.825726,254.16,0.00205856
2008,596,11,1077.87,115.737036,35.825397,239.21,0.00198929
2008,596,12,1175.86,115.737963,35.825128,239.21,0.00278780
2008,596,13,1273.84,115.739047,35.825128,313.96,0.00258135
2008,596,14,1371.83,115.739974,35.825397,358.81,0.00183475
2008,597,0,0.00,115.729733,35.832135,956.83,-0.00124141
2008,597,1,89.30,115.730358,35.832759,1240.89,-0.00129268
2008,597,2,178.60,115.731081,35.833213,313.96,-0.00134396
2008,598,0,0.00,115.730811,35.837794,299.01,0.00160624
2008,598,1,74.73,115.731081,35.837199,343.86,0.00655452
2008,598,2,149.46,115.731489,35.836716,388.71,0.01041512
2008,598,3,224.19,115.732159,35.836986,523.27,0.00932745
2008,599,0,0.00,115.730811,35.837794,433.57,-0.01051499
2008,599,1,69.50,115.731396,35.838018,403.66,-0.01055974
2008,599,2,139.00,115.731882,35.837532,328.91,-0.00638393
2008,599,3,208.50,115.732159,35.836986,343.86,-0.00216335
2008,6,0,0.00,115.203950,35.423042,343.86,0.00191547
2008,6,1,95.83,115.204693,35.422503,343.86,0.00167999
2008,6,2,191.67,115.205592,35.422234,328.91,0.00099353
2008,6,3,287.50,115.206449,35.421890,433.57,0.00053999
2008,6,4,383.34,115.207391,35.421695,418.61,0.00034657
2008,6,5,479.17,115.208290,35.421425,418.61,0.00048032
2008,6,6,575.00,115.209244,35.421251,418.61,-0.00069741
2008,6,7,670.84,115.210209,35.421095,403.66,-0.00151817
2008,6,8,766.67,115.210988,35.420617,388.71,0.00048236
2008,6,9,862.51,115.211887,35.420347,358.81,0.00076914
2008,6,10,958.34,115.212807,35.420114,403.66,-0.00055540
2008,6,11,1054.17,115.213685,35.419808,403.66,-0.00000000
2008,6,12,1150.01,115.214539,35.419460,433.57,0.00071194
2008,6,13,1245.84,115.215484,35.419269,418.61,-0.00000000
2008,6,14,1341.68,115.216383,35.419000,418.61,-0.00079817
2008,6,15,1437.51,115.217282,35.418730,418.61,-0.00134584
2008,6,16,1533.35,115.218102,35.418322,418.61,-0.00095813
2008,6,17,1629.18,115.218869,35.417825,508.32,0.00070940
2008,6,18,1725.01,115.219668,35.417383,478.42,0.00146824
2008,6,19,1820.85,115.220567,35.417113,448.52,0.00063644
2008,6,20,1916.68,115.221467,35.416844,463.47,0.00000000
2008,60,0,0.00,115.271054,35.454573,1794.06,0.00000000
2008,60,1,77.27,115.271593,35.454034,1794.06,0.00000000
2008,60,2,154.53,115.272132,35.453495,523.27,0.00000000
2008,600,0,0.00,115.739974,35.825397,1255.84,-0.00377522
2008,600,1,83.42,115.739974,35.826149,568.12,-0.00380656
2008,600,2,166.83,115.740513,35.826745,388.71,-0.00383790
2008,601,0,0.00,115.739974,35.825397,373.76,0.01351960
2008,601,1,50.74,115.740379,35.825128,239.21,0.01351960
2008,601,2,101.48,115.740783,35.825397,343.86,0.01351960
2008,603,0,0.00,115.732159,35.836986,358.81,0.00133067
2008,603,1,90.47,115.732791,35.836353,343.86,0.00066451
2008,603,2,180.94,115.733532,35.835908,313.96,-0.00079807
2008,603,3,271.41,115.734045,35.835369,343.86,-0.00159449
2008,604,0,0.00,115.740513,35.826745,328.91,-0.00866888
2008,604,1,34.23,115.740274,35.826984,209.31,-0.00878418
2008,604,2,68.47,115.740244,35.827284,164.46,-0.00889947
2008,605,0,0.00,115.740513,35.826745,254.16,-0.00216800
2008,605,1,79.09,115.740783,35.826110,478.42,-0.00210479
2008,605,2,158.17,115.740783,35.825397,1255.84,-0.00204158
2008,607,0,0.00,115.740783,35.825397,254.16,0.00238512
2008,607,1,86.45,115.741582,35.825128,239.21,0.00226967
2008,607,2,172.91,115.742539,35.825128,239.21,0.00147905
2008,607,3,259.36,115.743496,35.825128,239.21,0.00226967
2008,607,4,345.81,115.744391,35.825233,209.31,0.00334739
2008,607,5,432.27,115.745095,35.825667,284.06,0.00295933
2008,608,0,0.00,115.734045,35.835369,553.17,-0.00174713
2008,608,1,67.65,115.733573,35.834896,583.07,-0.00603447
2008,608,2,135.30,115.733020,35.834560,254.16,-0.00945608
2008,608,3,202.95,115.732428,35.834830,343.86,-0.00859036
2008,609,0,0.00,115.734045,35.835369,373.76,-0.00174077
2008,609,1,71.35,115.734544,35.834870,299.01,-0.00199165
2008,609,2,142.70,115.734854,35.834317,313.96,-0.00132253
2008,609,3,214.05,115.735123,35.833752,343.86,-0.00040254
2008,61,0,0.00,115.270784,35.452147,373.76,0.01145363
2008,61,1,31.55,115.271103,35.452197,269.11,0.01105989
2008,61,2,63.10,115.271323,35.452417,284.06,0.01066615
2008,610,0,0.00,115.740244,35.827284,971.78,0.00966059
2008,610,1,85.74,115.741042,35.827543,388.71,0.01282188
2008,610,2,171.47,115.740673,35.828202,269.11,0.01239435
2008,610,3,257.21,115.739974,35.828092,328.91,0.00880554
2008,611,0,0.00,115.740244,35.827284,224.26,-0.00561240
2008,611,1,49.18,115.739974,35.827649,209.31,-0.00550090
2008,611,2,98.37,115.739974,35.828092,299.01,-0.00538940
2008,612,0,0.00,115.745095,35.825667,269.11,0.00323539
2008,612,1,93.97,115.746135,35.825667,254.16,0.00294322
2008,612,2,187.93,115.746905,35.826129,269.11,0.00058483
2008,612,3,281.90,115.747743,35.826475,269.11,-0.00103448
2008,612,4,375.86,115.748625,35.826745,299.01,0.00013146
2008,612,5,469.83,115.749508,35.827014,269.11,0.00060549
2008,612,6,563.79,115.750326,35.827395,328.91,0.00120357
2008,612,7,657.76,115.751181,35.827711,299.01,0.00085052
2008,612,8,751.72,115.751841,35.828362,224.26,-0.00059434
2008,612,9,845.69,115.752724,35.828631,269.11,0.00057105
2008,612,10,939.65,115.753449,35.829170,239.21,0.00198516
2008,613,0,0.00,115.745095,35.825667,657.82,-0.00347677
2008,613,1,53.51,115.744721,35.826041,1390.40,-0.00358319
2008,613,2,107.03,115.744556,35.826475,822.28,-0.00368962
2008,614,0,0.00,115.735123,35.833752,358.81,0.00000000
2008,614,1,85.22,115.734180,35.833752,254.16,0.00000000
2008,614,2,170.45,115.733237,35.833752,284.06,0.00000000
2008,615,0,0.00,115.735123,35.833752,313.96,0.00000000
2008,615,1,53.51,115.735393,35.833348,284.06,0.00000000
2008,615,2,107.03,115.735662,35.832943,313.96,0.00000000
2008,617,0,0.00,115.739974,35.828092,224.26,0.00583098
2008,617,1,55.81,115.739514,35.828362,269.11,0.00558404
2008,617,2,111.62,115.738896,35.828362,358.81,0.00533710
2008,618,0,0.00,115.753449,35.829170,702.67,-0.00465676
2008,618,1,97.55,115.753180,35.829972,284.06,-0.00938716
2008,618,2,195.11,115.753762,35.830518,284.06,-0.01074852
2008,618,3,292.66,115.754527,35.829979,1016.64,-0.00737947
2008,619,0,0.00,115.753449,35.829170,239.21,0.00391850
2008,619,1,77.86,115.754153,35.829440,224.26,0.00396732
2008,619,2,155.73,115.754527,35.829979,179.41,0.00401615
2008,62,0,0.00,115.270784,35.452147,433.57,0.00000000
2008,62,1,53.58,115.270515,35.451743,328.91,0.00000000
2008,62,2,107.17,115.270245,35.451339,299.01,0.00000000
2008,620,0,0.00,115.735662,35.832943,224.26,-0.00310965
2008,620,1,99.92,115.736460,35.832415,299.01,-0.00308432
2008,620,2,199.84,115.736740,35.831596,373.76,-0.00305899
2008,621,0,0.00,115.735662,35.832943,717.63,0.00000000
2008,621,1,75.09,115.734989,35.832674,358.81,0.00000000
2008,621,2,150.17,115.734315,35.832404,403.66,0.00000000
2008,622,0,0.00,115.738896,35.828362,313.96,0.00000000
2008,622,1,59.80,115.738896,35.828901,269.11,0.00000000
2008,622,2,119.61,115.738896,35.829440,299.01,0.00000000
2008,623,0,0.00,115.738896,35.828362,837.23,-0.00463537
2008,623,1,75.09,115.738272,35.828177,433.57,-0.00433769
2008,623,2,150.18,115.737549,35.828362,179.41,-0.00404001
2008,625,0,0.00,115.754527,35.829979,209.31,-0.00000000
2008,625,1,95.22,115.755192,35.830644,239.21,0.00027873
2008,625,2,190.44,115.755858,35.831310,224.26,0.00134750
2008,625,3,285.66,115.756413,35.832007,179.41,0.00186993
2008,625,4,380.88,115.756683,35.832787,149.51,0.00009240
2008,625,5,476.10,115.756952,35.833567,209.31,-0.00006146
2008,625,6,571.32,115.757475,35.834274,209.31,0.00140490
2008,625,7,666.55,115.757513,35.835121,224.26,0.00018406
2008,625,8,761.77,115.757761,35.835908,254.16,-0.00114706
2008,626,0,0.00,115.736740,35.831596,867.13,-0.00373071
2008,626,1,69.67,115.736127,35.831326,343.86,-0.00354874
2008,626,2,139.34,115.735355,35.831326,343.86,-0.00168338
2008,626,3,209.01,115.734584,35.831326,313.96,0.00000000
2008,627,0,0.00,115.736740,35.831596,254.16,-0.00294529
2008,627,1,72.88,115.737390,35.831326,239.21,-0.00224245
2008,627,2,145.76,115.737818,35.830877,179.41,-0.00000000
2008,627,3,218.64,115.738357,35.830518,179.41,0.00153961
2008,628,0,0.00,115.738627,35.829709,164.46,0.00000000
2008,628,1,19.28,115.738762,35.829575,179.41,0.00000000
2008,628,2,38.56,115.738896,35.829440,209.31,0.00000000
2008,629,0,0.00,115.738896,35.829440,911.98,-0.00203233
2008,629,1,75.09,115.739520,35.829794,254.16,-0.00203631
2008,629,2,150.18,115.740244,35.829979,239.21,-0.00204029
2008,63,0,0.00,115.078635,35.390703,403.66,0.00289994
2008,63,1,86.67,115.077931,35.390269,358.81,0.00413665
2008,63,2,173.35,115.077557,35.389597,388.71,0.00388776
2008,63,3,260.02,115.077557,35.388816,403.66,0.00240217
2008,630,0,0.00,115.738627,35.829709,299.01,0.00538927
2008,630,1,49.18,115.738627,35.830153,209.31,0.00550076
2008,630,2,98.37,115.738357,35.830518,149.51,0.00561225
2008,631,0,0.00,115.738627,35.829709,911.98,-0.00583114
2008,631,1,55.81,115.738166,35.829440,448.52,-0.00558419
2008,631,2,111.62,115.737549,35.829440,313.96,-0.00533724
2008,632,0,0.00,115.757761,35.835908,373.76,0.00334289
2008,632,1,96.51,115.758535,35.836412,254.16,0.00386977
2008,632,2,193.03,115.758791,35.837208,254.16,0.00273509
2008,632,3,289.54,115.758839,35.838064,373.76,0.00107352
2008,633,0,0.00,115.757761,35.835908,523.27,-0.00163068
2008,633,1,97.06,115.757083,35.836586,523.27,-0.00391525
2008,633,2,194.12,115.756753,35.837325,254.16,-0.00516434
2008,633,3,291.17,115.757222,35.838064,343.86,-0.00412887
2008,634,0,0.00,115.738357,35.830518,403.66,-0.00368957
2008,634,1,53.51,115.738522,35.830952,403.66,-0.00358316
2008,634,2,107.03,115.738896,35.831326,448.52,-0.00347675
2008,635,0,0.00,115.758839,35.838064,328.91,0.00000000
2008,635,1,19.28,115.758974,35.838198,328.91,0.00000000
2008,635,2,38.56,115.759108,35.838333,448.52,0.00000000
2008,636,0,0.00,115.758839,35.838064,747.53,0.00000000
2008,636,1,73.04,115.758030,35.838064,777.43,0.00000000
2008,636,2,146.09,115.757222,35.838064,672.77,0.00000000
2008,637,0,0.00,115.759108,35.838333,448.52,-0.00000000
2008,637,1,38.56,115.759378,35.838603,418.61,-0.00000000
2008,637,2,77.12,115.759647,35.838872,388.71,-0.00000000
2008,638,0,0.00,115.759108,35.838333,493.37,0.00183841
2008,638,1,98.53,115.758420,35.839022,852.18,0.00512931
2008,638,2,197.06,115.757557,35.839411,583.07,0.01054297
2008,638,3,295.59,115.756952,35.838874,299.01,0.00868789
2008,638,4,394.12,115.757222,35.838064,358.81,0.00471004
2008,64,0,0.00,115.078635,35.390703,1794.06,-0.00389324
2008,64,1,78.08,115.079338,35.390433,1001.69,-0.00394491
2008,64,2,156.16,115.079713,35.389894,687.72,-0.00399658
2008,641,0,0.00,115.759917,35.838603,642.87,0.00000000
2008,641,1,19.28,115.759782,35.838737,478.42,0.00000000
2008,641,2,38.56,115.759647,35.838872,508.32,0.00000000
2008,642,0,0.00,115.759647,35.838872,284.06,0.00000000
2008,642,1,29.90,115.759647,35.839142,299.01,0.00000000
2008,642,2,59.80,115.759647,35.839411,448.52,0.00000000
2008,643,0,0.00,115.759917,35.838603,343.86,0.00527819
2008,643,1,90.03,115.760337,35.837913,792.38,0.00529945
2008,643,2,180.07,115.761264,35.837794,717.63,0.00532071
2008,644,0,0.00,115.759917,35.838603,1210.99,0.00000000
2008,644,1,73.04,115.760725,35.838603,1061.49,0.00000000
2008,644,2,146.09,115.761534,35.838603,807.33,0.00000000
2008,645,0,0.00,115.759647,35.839411,762.48,-0.00144594
2008,645,1,86.24,115.758945,35.839844,642.87,-0.00138950
2008,645,2,172.48,115.758343,35.840446,583.07,-0.00132406
2008,645,3,258.72,115.757740,35.841049,523.27,-0.00308444
2008,645,4,344.96,115.757346,35.841712,433.57,-0.00432763
2008,645,5,431.20,115.757491,35.842376,508.32,-0.00380143
2008,646,0,0.00,115.759647,35.839411,299.01,-0.00000000
2008,646,1,81.25,115.759917,35.840065,343.86,-0.00000000
2008,646,2,162.50,115.760186,35.840720,269.11,0.00102557
2008,646,3,243.75,115.760456,35.841374,358.81,0.00199150
2008,646,4,325.00,115.760456,35.842106,508.32,0.00193187
2008,647,0,0.00,115.757491,35.842376,299.01,-0.00181230
2008,647,1,94.01,115.758532,35.842376,299.01,-0.00090615
2008,647,2,188.02,115.759415,35.842106,1300.70,0.00090615
2008,647,3,282.03,115.760456,35.842106,986.73,0.00181230
2008,65,0,0.00,115.080791,35.388816,373.76,0.00051148
2008,65,1,94.31,115.080341,35.388098,388.71,0.00077213
2008,65,2,188.62,115.079982,35.387353,373.76,0.00068230
2008,65,3,282.93,115.079713,35.386581,343.86,-0.00094402
2008,65,4,377.24,115.079411,35.385820,373.76,-0.00206787
2008,65,5,471.55,115.078753,35.385162,388.71,-0.00095793
2008,65,6,565.86,115.078096,35.384504,269.11,-0.00000000
2008,650,0,0.00,115.760456,35.842106,343.86,0.00000000
2008,650,1,53.51,115.760725,35.842510,328.91,0.00000000
2008,650,2,107.02,115.760995,35.842915,358.81,0.00000000
2008,651,0,0.00,115.760995,35.842915,299.01,0.00000000
2008,651,1,59.80,115.760995,35.843454,343.86,0.00000000
2008,651,2,119.61,115.760995,35.843993,373.76,0.00000000
2008,652,0,0.00,115.760995,35.842915,1136.24,0.00373179
2008,652,1,69.66,115.761609,35.842645,1674.46,0.00354974
2008,652,2,139.33,115.762380,35.842645,1061.49,0.00168384
2008,652,3,208.99,115.763151,35.842645,807.33,0.00000000
2008,653,0,0.00,115.760995,35.843993,478.42,0.00000000
2008,653,1,77.12,115.760456,35.844532,493.37,0.00000000
2008,653,2,154.24,115.759917,35.845071,553.17,0.00000000
2008,654,0,0.00,115.760995,35.843993,583.07,0.00274479
2008,654,1,93.05,115.761645,35.844643,433.57,0.00248704
2008,654,2,186.11,115.761803,35.845436,433.57,0.00229935
2008,654,3,279.16,115.762073,35.846196,313.96,0.00269380
2008,654,4,372.21,115.761803,35.846957,209.31,0.00301818
2008,655,0,0.00,115.759917,35.845071,1151.19,-0.00251934
2008,655,1,80.15,115.759030,35.845071,328.91,-0.00265637
2008,655,2,160.29,115.758300,35.845340,313.96,-0.00279340
2008,656,0,0.00,115.759917,35.845071,433.57,0.00000000
2008,656,1,59.80,115.759917,35.845610,538.22,0.00000000
2008,656,2,119.61,115.759917,35.846149,313.96,0.00000000
2008,657,0,0.00,115.761803,35.846957,179.41,0.00000000
2008,657,1,44.85,115.761803,35.847361,358.81,0.00000000
2008,657,2,89.71,115.761803,35.847765,328.91,0.00000000
2008,658,0,0.00,115.761803,35.846957,1106.34,0.00378889
2008,658,1,71.02,115.761017,35.846957,852.18,0.00516887
2008,658,2,142.04,115.760413,35.846645,448.52,0.00435357
2008,658,3,213.06,115.759917,35.846149,313.96,0.00215828
2008,659,0,0.00,115.758300,35.845340,493.37,0.00000000
2008,659,1,38.56,115.758030,35.845610,493.37,0.00000000
2008,659,2,77.12,115.757761,35.845879,493.37,0.00000000
2008,66,0,0.00,115.080791,35.388816,343.86,-0.00451395
2008,66,1,65.84,115.080252,35.389110,807.33,-0.00439112
2008,66,2,131.68,115.079982,35.389625,403.66,-0.00426829
2008,660,0,0.00,115.758300,35.845340,612.97,-0.00535298
2008,660,1,62.91,115.757860,35.844900,463.47,-0.00555271
2008,660,2,125.81,115.757222,35.844801,418.61,-0.00575245
2008,661,0,0.00,115.759917,35.846149,867.13,0.00583336
2008,661,1,55.80,115.759457,35.846418,463.47,0.00558629
2008,661,2,111.60,115.758839,35.846418,269.11,0.00533921
2008,663,0,0.00,115.761803,35.847765,478.42,0.00306264
2008,663,1,95.34,115.762569,35.848262,373.76,0.00315692
2008,663,2,190.68,115.762881,35.849031,179.41,0.00248362
2008,663,3,286.02,115.763151,35.849812,254.16,0.00321920
2008,663,4,381.36,115.763151,35.850671,284.06,0.00362314
2008,663,5,476.69,115.762530,35.851351,448.52,0.00081896
2008,663,6,572.03,115.762073,35.852077,478.42,-0.00088601
2008,664,0,0.00,115.761803,35.847765,508.32,-0.00185635
2008,664,1,72.79,115.761295,35.848274,403.66,-0.00191168
2008,664,2,145.58,115.760995,35.848843,388.71,-0.00196701
2008,665,0,0.00,115.762073,35.852077,418.61,0.00000000
2008,665,1,88.92,115.762342,35.852801,388.71,0.00085228
2008,665,2,177.84,115.762612,35.853524,403.66,0.00085228
2008,665,3,266.76,115.762612,35.854326,328.91,0.00000000
2008,665,4,355.68,115.762881,35.855049,328.91,0.00080357
2008,665,5,444.60,115.762881,35.855850,358.81,0.00160715
2008,666,0,0.00,115.762073,35.852077,508.32,-0.00000000
2008,666,1,89.97,115.761444,35.852706,583.07,-0.00000000
2008,666,2,179.94,115.760815,35.853335,568.12,0.00000000
2008,666,3,269.91,115.760186,35.853964,837.23,0.00000000
2008,667,0,0.00,115.762073,35.852077,448.52,0.00280551
2008,667,1,98.36,115.761534,35.851347,418.61,0.00209544
2008,667,2,196.73,115.761534,35.850460,403.66,-0.00000000
2008,667,3,295.09,115.761264,35.849652,164.46,-0.00069268
2008,667,4,393.45,115.760995,35.848843,388.71,0.00000000
2008,668,0,0.00,115.760995,35.848843,209.31,0.00761802
2008,668,1,80.02,115.760424,35.849382,807.33,0.00879415
2008,668,2,160.04,115.759695,35.849113,313.96,0.00607470
2008,668,3,240.06,115.759108,35.848728,493.37,0.00137167
2008,668,4,320.08,115.758569,35.848304,448.52,0.00056420
2008,67,0,0.00,115.079982,35.389625,777.43,0.00000000
2008,67,1,19.32,115.079847,35.389759,747.53,0.00000000
2008,67,2,38.65,115.079713,35.389894,867.13,0.00000000
2008,670,0,0.00,115.762881,35.855850,822.28,0.00000000
2008,670,1,80.49,115.762319,35.856413,508.32,0.00160316
2008,670,2,160.98,115.761756,35.856975,119.60,0.00337383
2008,670,3,241.47,115.760995,35.857198,,0.00354135
2008,671,0,0.00,115.762881,35.855850,418.61,-0.00099621
2008,671,1,99.45,115.763576,35.856545,299.01,-0.00145751
2008,671,2,198.90,115.764371,35.857070,224.26,-0.00183168
2008,671,3,298.35,115.765240,35.857467,239.21,-0.00130842
2008,671,4,397.79,115.766184,35.857737,194.36,-0.00043615
2008,671,5,497.24,115.767127,35.858006,179.41,-0.00013918
2008,671,6,596.69,115.768071,35.858276,209.31,-0.00088937
2008,671,7,696.14,115.769039,35.858504,224.26,-0.00144080
2008,671,8,795.59,115.770116,35.858545,269.11,0.00000000
2008,671,9,895.04,115.771217,35.858545,299.01,0.00154106
2008,671,10,994.49,115.772160,35.858815,284.06,0.00056478
2008,671,11,1093.93,115.773111,35.859073,388.71,-0.00081406
2008,671,12,1193.38,115.774104,35.859257,373.76,-0.00109503
2008,671,13,1292.83,115.775149,35.859354,388.71,-0.00050376
2008,671,14,1392.28,115.776250,35.859354,418.61,0.00053024
2008,671,15,1491.73,115.777282,35.859471,418.61,0.00010334
2008,671,16,1591.18,115.778294,35.859623,448.52,0.00000000
2008,671,17,1690.63,115.779395,35.859623,418.61,0.00036402
2008,671,18,1790.07,115.780339,35.859893,418.61,-0.00080704
2008,671,19,1889.52,115.781440,35.859893,478.42,-0.00080704
2008,671,20,1988.97,115.782541,35.859893,478.42,0.00000000
2008,671,21,2088.42,115.783642,35.859893,478.42,0.00000000
2008,671,22,2187.87,115.784743,35.859893,448.52,0.00000000
2008,671,23,2287.32,115.785844,35.859893,448.52,0.00000000
2008,671,24,2386.76,115.786945,35.859893,418.61,0.00000000
2008,671,25,2486.21,115.788046,35.859893,418.61,0.00000000
2008,671,26,2585.66,115.789147,35.859893,418.61,0.00000000
2008,671,27,2685.11,115.790248,35.859893,418.61,-0.00080704
2008,671,28,2784.56,115.791349,35.859893,418.61,-0.00080704
2008,671,29,2884.01,115.792293,35.859623,418.61,0.00080704
2008,671,30,2983.46,115.793394,35.859623,448.52,0.00000000
2008,671,31,3082.90,115.794495,35.859623,418.61,-0.00080704
2008,671,32,3182.35,115.795439,35.859354,418.61,0.00080704
2008,671,33,3281.80,115.796540,35.859354,388.71,0.00077599
2008,671,34,3381.25,115.797641,35.859354,418.61,-0.00080704
2008,671,35,3480.70,115.798735,35.859343,418.61,-0.00074106
2008,671,36,3580.15,115.799685,35.859084,418.61,0.00080704
2008,671,37,3679.60,115.800786,35.859084,388.71,-0.00003493
2008,671,38,3779.04,115.801887,35.859084,388.71,-0.00154680
2008,671,39,3878.49,115.802831,35.858815,388.71,-0.00000000
2008,671,40,3977.94,115.803800,35.858589,343.86,0.00142150
2008,671,41,4077.39,115.804876,35.858545,358.81,0.00000000
2008,671,42,4176.84,115.805977,35.858545,358.81,-0.00068175
2008,671,43,4276.29,115.806920,35.858276,358.81,-0.00000000
2008,671,44,4375.74,115.808021,35.858276,328.91,-0.00088937
2008,671,45,4475.18,115.808965,35.858006,313.96,-0.00177874
2008,672,0,0.00,115.808965,35.858006,1674.46,0.00000000
2008,672,1,74.76,115.808965,35.857333,1554.85,0.00000000
2008,672,2,149.51,115.808965,35.856659,777.43,0.00000000
2008,673,0,0.00,115.808965,35.858006,358.81,-0.00195372
2008,673,1,87.24,115.809674,35.858106,284.06,-0.00245612
2008,673,2,174.48,115.810582,35.858006,269.11,-0.00222740
2008,673,3,261.72,115.811390,35.857737,328.91,-0.00149627
2008,674,0,0.00,115.811390,35.857737,388.71,-0.01150657
2008,674,1,31.45,115.811710,35.857687,328.91,-0.01110691
2008,674,2,62.90,115.811929,35.857467,403.66,-0.01070725
2008,675,0,0.00,115.811390,35.857737,926.93,0.00442437
2008,675,1,75.54,115.810862,35.857209,1420.30,0.00447879
2008,675,2,151.08,115.810851,35.856531,732.58,0.00231022
2008,675,3,226.63,115.810851,35.855850,687.72,0.00008723
2008,676,0,0.00,115.811929,35.857467,1629.61,0.00000000
2008,676,1,74.76,115.811929,35.856794,1046.54,0.00000000
2008,676,2,149.51,115.811929,35.856120,897.03,0.00000000
2008,677,0,0.00,115.811929,35.857467,299.01,-0.00339535
2008,677,1,99.41,115.812873,35.857737,328.91,-0.00339535
2008,677,2,198.83,115.813816,35.857467,313.96,-0.00339535
2008,678,0,0.00,115.811929,35.856120,403.66,0.00354135
2008,678,1,80.49,115.812691,35.856342,388.71,0.00337383
2008,678,2,160.98,115.813253,35.856905,852.18,0.00160316
2008,678,3,241.47,115.813816,35.857467,598.02,0.00000000
2008,679,0,0.00,115.811929,35.856120,777.43,0.01375520
2008,679,1,62.90,115.811830,35.855680,418.61,0.01243094
2008,679,2,125.80,115.812468,35.855581,313.96,0.01110669
2008,681,0,0.00,115.813816,35.857467,328.91,0.00197140
2008,681,1,94.35,115.814546,35.856928,358.81,0.00201192
2008,681,2,188.70,115.815433,35.856659,388.71,0.00205245
2008,682,0,0.00,115.815433,35.856659,792.38,0.00218751
2008,682,1,68.46,115.815493,35.856059,762.48,0.00334003
2008,682,2,136.92,115.815763,35.855520,568.12,0.00329785
2008,682,3,205.38,115.816241,35.855042,358.81,0.00210316
2008,683,0,0.00,115.815433,35.856659,463.47,-0.00226434
2008,683,1,88.63,115.816257,35.856928,299.01,-0.00370899
2008,683,2,177.27,115.817238,35.856928,269.11,-0.00582776
2008,683,3,265.90,115.817987,35.856530,313.96,-0.00473088
2008,683,4,354.53,115.818397,35.855850,598.02,-0.00295988
2008,684,0,0.00,115.816241,35.855042,538.22,0.00780761
2008,684,1,82.84,115.816670,35.854503,328.91,0.01021526
2008,684,2,165.67,115.817488,35.854672,448.52,0.00893391
2008,684,3,248.51,115.817858,35.855311,777.43,0.00524491
2008,685,0,0.00,115.816241,35.855042,448.52,-0.00279410
2008,685,1,80.14,115.816971,35.855311,284.06,-0.00265701
2008,685,2,160.27,115.817858,35.855311,418.61,-0.00251993
2008,686,0,0.00,115.818397,35.855850,418.61,-0.00317177
2008,686,1,92.11,115.819417,35.855850,418.61,-0.00211443
2008,686,2,184.22,115.820182,35.855413,403.66,-0.00067562
2008,686,3,276.34,115.821123,35.855280,388.71,-0.00082728
2008,686,4,368.45,115.821867,35.854806,403.66,-0.00000000
2008,686,5,460.56,115.822709,35.854503,388.71,0.00136039
2008,687,0,0.00,115.818397,35.855850,1001.69,-0.00000000
2008,687,1,38.56,115.818128,35.855581,1076.44,-0.00000000
2008,687,2,77.12,115.817858,35.855311,971.78,-0.00000000
2008,690,0,0.00,115.822709,35.854503,1270.79,0.00000000
2008,690,1,84.69,115.822709,35.853740,1091.39,0.00266598
2008,690,2,169.38,115.822709,35.852976,598.02,0.00833973
2008,690,3,254.07,115.823378,35.852616,343.86,0.00999925
2008,690,4,338.76,115.824220,35.852780,672.77,0.00617393
2008,690,5,423.45,115.824812,35.853372,1210.99,0.00184843
2008,690,6,508.14,115.825404,35.853964,1210.99,0.00000000
2008,691,0,0.00,115.822709,35.854503,448.52,-0.00052293
2008,691,1,90.62,115.823712,35.854503,358.81,-0.00205823
2008,691,2,181.24,115.824671,35.854427,358.81,-0.00338170
2008,691,3,271.86,115.825404,35.853964,403.66,-0.00316987
2008,693,0,0.00,115.825404,35.853964,373.76,0.00000000
2008,693,1,99.26,115.826345,35.853694,358.81,0.00000000
2008,693,2,198.51,115.827287,35.853425,388.71,-0.00056960
2008,693,3,297.77,115.828228,35.853155,418.61,-0.00085887
2008,693,4,397.02,115.829073,35.852720,463.47,0.00112591
2008,693,5,496.28,115.829965,35.852367,388.71,0.00079057
2008,693,6,595.53,115.831053,35.852347,388.71,-0.00169456
2008,693,7,694.79,115.831837,35.851808,388.71,-0.00085919
2008,693,8,794.04,115.832742,35.851477,373.76,-0.00059086
2008,693,9,893.30,115.833562,35.850999,328.91,-0.00039055
2008,693,10,992.55,115.834328,35.850430,388.71,0.00000000
2008,693,11,1091.81,115.835221,35.850076,373.76,-0.00144950
2008,693,12,1191.06,115.835914,35.849382,418.61,-0.00207687
2008,694,0,0.00,115.835914,35.849382,448.52,0.00000000
2008,694,1,87.25,115.836723,35.849113,373.76,0.00000000
2008,694,2,174.50,115.837531,35.848843,373.76,0.00000000
2008,695,0,0.00,115.835914,35.849382,1240.89,0.00433413
2008,695,1,68.46,115.835436,35.848904,986.73,0.00329794
2008,695,2,136.92,115.835375,35.848304,538.22,0.00000000
2008,695,3,205.38,115.835106,35.847765,44.85,-0.00226175
2008,696,0,0.00,115.837531,35.848843,1151.19,-0.00538825
2008,696,1,49.18,115.837531,35.848400,762.48,-0.00549970
2008,696,2,98.36,115.837262,35.848035,1031.59,-0.00561115
2008,697,0,0.00,115.837531,35.848843,373.76,0.00177114
2008,697,1,99.65,115.838477,35.848574,328.91,0.00168924
2008,697,2,199.30,115.839580,35.848574,269.11,0.00080367
2008,697,3,298.95,115.840683,35.848574,239.21,0.00000000
2008,697,4,398.60,115.841787,35.848574,179.41,0.00080367
2008,697,5,498.25,115.842890,35.848574,179.41,0.00221321
2008,697,6,597.91,115.843836,35.848843,149.51,0.00228068
2008,697,7,697.56,115.844692,35.849267,149.51,0.00120997
2008,697,8,797.21,115.845488,35.849793,209.31,0.00082303
2008,697,9,896.86,115.846283,35.850319,239.21,0.00052274
2008,697,10,996.51,115.846989,35.850999,254.16,-0.00099219
2008,697,11,1096.16,115.847778,35.851538,269.11,-0.00107327
2008,697,12,1195.81,115.848671,35.851898,299.01,0.00050797
2008,697,13,1295.46,115.849467,35.852425,269.11,0.00055052
2008,697,14,1395.11,115.850263,35.852951,299.01,0.00053385
2008,697,15,1494.76,115.851058,35.853477,328.91,0.00053385
2008,697,16,1594.41,115.851755,35.854174,328.91,-0.00026328
2008,697,17,1694.07,115.852551,35.854700,313.96,-0.00053385
2008,697,18,1793.72,115.853297,35.855311,328.91,-0.00018911
2008,697,19,1893.37,115.854142,35.855753,358.81,0.00053385
2008,697,20,1993.02,115.854874,35.856389,328.91,0.00011057
2008,697,21,2092.67,115.855635,35.856976,358.81,-0.00060534
2008,697,22,2192.32,115.856431,35.857502,343.86,-0.00075489
2008,697,23,2291.97,115.857239,35.858006,299.01,-0.00099523
2008,697,24,2391.62,115.858122,35.858385,358.81,0.00028975
2008,697,25,2491.27,115.859017,35.858741,343.86,0.00050386
2008,697,26,2590.92,115.859762,35.859354,358.81,-0.00146082
2008,697,27,2690.57,115.860708,35.859623,358.81,-0.00234215
2008,698,0,0.00,115.860708,35.859623,343.86,-0.00503797
2008,698,1,72.87,115.861008,35.860193,328.91,-0.00495968
2008,698,2,145.73,115.861675,35.860432,313.96,-0.00224346
2008,698,3,218.60,115.862325,35.860701,358.81,0.00039447
2008,699,0,0.00,115.860708,35.859623,1794.06,0.00124156
2008,699,1,89.29,115.861332,35.858999,1270.79,0.00129286
2008,699,2,178.57,115.862055,35.858545,792.38,0.00134415
2008,7,0,0.00,115.135498,35.421425,926.93,0.00180506
2008,7,1,98.26,115.134813,35.422110,702.67,0.00361741
2008,7,2,196.52,115.133958,35.422503,284.06,0.00629080
2008,7,3,294.77,115.132948,35.422379,328.91,0.00642656
2008,7,4,393.03,115.132264,35.421693,598.02,0.00394448
2008,7,5,491.29,115.131994,35.420886,837.23,0.00218769
2008,70,0,0.00,115.079713,35.389894,508.32,-0.00111482
2008,70,1,78.08,115.079443,35.389269,373.76,-0.00378107
2008,70,2,156.16,115.079041,35.388683,433.57,-0.00802556
2008,70,3,234.24,115.078260,35.388547,1076.44,-0.00690576
2008,70,4,312.32,115.077557,35.388816,1794.06,-0.00420773
2008,700,0,0.00,115.862325,35.860701,358.81,-0.00203311
2008,700,1,75.07,115.862949,35.861056,328.91,-0.00203711
2008,700,2,150.14,115.863672,35.861240,358.81,-0.00204112
2008,701,0,0.00,115.862325,35.860701,1794.06,-0.00281025
2008,701,1,99.39,115.862864,35.859961,971.78,-0.00488146
2008,701,2,198.79,115.862849,35.859070,358.81,-0.00576037
2008,701,3,298.18,115.862055,35.858545,299.01,-0.00456807
2008,703,0,0.00,115.862055,35.858545,119.60,0.01070732
2008,703,1,31.45,115.862275,35.858325,837.23,0.01110699
2008,703,2,62.90,115.862594,35.858276,493.37,0.01150666
2008,704,0,0.00,115.862055,35.858545,328.91,0.00866798
2008,704,1,34.23,115.861816,35.858306,388.71,0.00878313
2008,704,2,68.46,115.861786,35.858006,523.27,0.00889829
2008,705,0,0.00,115.863672,35.861240,388.71,-0.00287790
2008,705,1,92.31,115.863899,35.862006,284.06,-0.00400736
2008,705,2,184.61,115.864582,35.862588,239.21,-0.00380596
2008,705,3,276.92,115.865447,35.862857,269.11,-0.00123755
2008,705,4,369.22,115.866311,35.863127,358.81,-0.00000000
2008,705,5,461.53,115.867176,35.863396,313.96,-0.00000000
2008,706,0,0.00,115.863672,35.861240,1794.06,0.00261774
2008,706,1,75.75,115.864202,35.860711,1106.34,0.00580149
2008,706,2,151.50,115.864877,35.860432,478.42,0.00753525
2008,706,3,227.25,115.865559,35.860701,254.16,0.00608526
2008,707,0,0.00,115.867176,35.863396,373.76,-0.00148571
2008,707,1,82.83,115.867445,35.864065,388.71,-0.00422216
2008,707,2,165.66,115.867916,35.864675,284.06,-0.00624710
2008,707,3,248.49,115.868793,35.864744,418.61,-0.00553560
2008,708,0,0.00,115.867176,35.863396,1151.19,0.00564130
2008,708,1,96.35,115.867928,35.862857,403.66,0.00826445
2008,708,2,192.71,115.868821,35.863155,269.11,0.00915153
2008,708,3,289.06,115.869062,35.863953,493.37,0.00503802
2008,708,4,385.41,115.868793,35.864744,1001.69,0.00266057
2008,71,0,0.00,115.274018,35.457268,1794.06,-0.00000000
2008,71,1,96.58,115.274692,35.456594,1794.06,-0.00000000
2008,71,2,193.17,115.275366,35.455920,373.76,-0.00000000
2008,710,0,0.00,115.868793,35.864744,358.81,-0.00069880
2008,710,1,83.19,115.869374,35.865325,299.01,-0.00149714
2008,710,2,166.37,115.870005,35.865822,313.96,-0.00155564
2008,710,3,249.56,115.870736,35.866148,328.91,-0.00165616
2008,710,4,332.74,115.871417,35.866559,343.86,-0.00283527
2008,710,5,415.93,115.872296,35.866630,388.71,-0.00317404
2008,711,0,0.00,115.872296,35.866630,642.87,0.00143396
2008,711,1,94.03,115.872296,35.865783,792.38,0.00147665
2008,711,2,188.07,115.872566,35.865013,717.63,0.00151935
2008,712,0,0.00,115.872296,35.866630,403.66,-0.00396955
2008,712,1,50.73,115.872651,35.866985,403.66,-0.00418546
2008,712,2,101.45,115.873105,35.867169,388.71,-0.00440137
2008,713,0,0.00,115.873374,35.866900,1794.06,-0.00000000
2008,713,1,19.28,115.873239,35.867034,1794.06,-0.00000000
2008,713,2,38.56,115.873105,35.867169,1794.06,-0.00000000
2008,714,0,0.00,115.873374,35.866900,493.37,0.00000000
2008,714,1,74.76,115.873374,35.866226,642.87,0.00000000
2008,714,2,149.51,115.873374,35.865552,568.12,0.00000000
2008,715,0,0.00,115.873374,35.866900,717.63,0.00321455
2008,715,1,91.97,115.874235,35.866630,598.02,0.00507101
2008,715,2,183.95,115.875157,35.866796,328.91,0.00521384
2008,715,3,275.92,115.875800,35.867439,418.61,0.00350021
2008,716,0,0.00,115.873105,35.867169,463.47,-0.00140508
2008,716,1,85.71,115.873495,35.867829,313.96,-0.00354686
2008,716,2,171.43,115.874094,35.868428,358.81,-0.00513790
2008,716,3,257.14,115.874991,35.868517,538.22,-0.00458717
2008,717,0,0.00,115.875800,35.867439,538.22,0.00778728
2008,717,1,70.74,115.876583,35.867439,328.91,0.00814293
2008,717,2,141.48,115.876878,35.867978,358.81,0.00849857
2008,718,0,0.00,115.875800,35.867439,299.01,-0.00185634
2008,718,1,72.78,115.875291,35.867947,1465.15,-0.00191165
2008,718,2,145.57,115.874991,35.868517,1255.84,-0.00196696
2008,719,0,0.00,115.874991,35.868517,388.71,-0.00368922
2008,719,1,53.51,115.875156,35.868951,373.76,-0.00358290
2008,719,2,107.01,115.875530,35.869325,328.91,-0.00347657
2008,72,0,0.00,115.274018,35.457268,358.81,-0.00526425
2008,72,1,90.28,115.274439,35.457959,433.57,-0.00528250
2008,72,2,180.56,115.275366,35.458076,538.22,-0.00530074
2008,721,0,0.00,115.876878,35.867978,403.66,0.00651895
2008,721,1,97.54,115.877686,35.868340,433.57,0.00756170
2008,721,2,195.07,115.877559,35.869182,1106.34,0.00571504
2008,721,3,292.61,115.876878,35.869864,1794.06,0.00282564
2008,722,0,0.00,115.876878,35.867978,209.31,-0.00000000
2008,722,1,96.39,115.876204,35.868651,1794.06,-0.00000000
2008,722,2,192.78,115.875530,35.869325,1794.06,-0.00000000
2008,723,0,0.00,115.875530,35.869325,358.81,-0.00649724
2008,723,1,82.91,115.875960,35.869864,358.81,-0.00600340
2008,723,2,165.81,115.876878,35.869864,478.42,-0.00550957
2008,726,0,0.00,115.876878,35.869864,478.42,-0.00223137
2008,726,1,94.70,115.877330,35.870586,388.71,-0.00166603
2008,726,2,189.40,115.878092,35.871078,388.71,-0.00000000
2008,726,3,284.11,115.878754,35.871740,403.66,-0.00000000
2008,726,4,378.81,115.879416,35.872402,418.61,-0.00114425
2008,726,5,473.51,115.880177,35.872894,433.57,0.00000000
2008,726,6,568.21,115.880938,35.873386,448.52,0.00059391
2008,726,7,662.91,115.881600,35.874048,463.47,-0.00059391
2008,726,8,757.62,115.882362,35.874540,463.47,-0.00059391
2008,726,9,852.32,115.883123,35.875032,448.52,0.00000000
2008,726,10,947.02,115.883884,35.875523,448.52,0.00000000
2008,727,0,0.00,115.883884,35.875523,388.71,-0.00000000
2008,727,1,82.79,115.884154,35.876192,418.61,-0.00122658
2008,727,2,165.57,115.884423,35.876860,373.76,-0.00369482
2008,727,3,248.36,115.885012,35.877410,388.71,-0.00386109
2008,727,4,331.15,115.885771,35.877679,568.12,-0.00278572
2008,728,0,0.00,115.883884,35.875523,1794.06,0.00155110
2008,728,1,93.61,115.884539,35.874869,1794.06,0.00454137
2008,728,2,187.22,115.885328,35.874445,837.23,0.00775611
2008,728,3,280.83,115.886146,35.874820,358.81,0.00662351
2008,728,4,374.44,115.886800,35.875474,388.71,0.00563693
2008,728,5,468.05,115.886849,35.876304,702.67,0.00499930
2008,728,6,561.66,115.886425,35.877025,1435.25,0.00261168
2008,728,7,655.27,115.885771,35.877679,1629.61,0.00123217
2008,729,0,0.00,115.885771,35.877679,448.52,-0.00241340
2008,729,1,91.14,115.886199,35.878377,478.42,-0.00244556
2008,729,2,182.27,115.886935,35.878844,523.27,-0.00000000
2008,729,3,273.41,115.887672,35.879311,553.17,0.00182130
2008,729,4,364.54,115.888100,35.880008,523.27,-0.00002966
2008,729,5,455.68,115.888738,35.880644,598.02,0.00144622
2008,729,6,546.82,115.889274,35.881170,523.27,0.00377745
2008,729,7,637.95,115.889274,35.881991,523.27,0.00343826
2008,73,0,0.00,115.272132,35.453495,538.22,0.00000000
2008,73,1,36.70,115.272536,35.453495,523.27,0.00000000
2008,73,2,73.40,115.272940,35.453495,553.17,0.00000000
2008,730,0,0.00,115.889274,35.881991,1031.59,-0.00000000
2008,730,1,83.19,115.888693,35.882573,807.33,-0.00000000
2008,730,2,166.38,115.888111,35.883154,627.92,0.00071729
2008,730,3,249.57,115.887530,35.883736,403.66,0.00149684
2008,730,4,332.76,115.886849,35.884147,239.21,0.00155911
2008,731,0,0.00,115.889274,35.881991,508.32,0.00155063
2008,731,1,94.91,115.889544,35.882769,418.61,0.00289694
2008,731,2,189.82,115.889531,35.883621,418.61,0.00208717
2008,731,3,284.73,115.889005,35.884324,343.86,-0.00033669
2008,731,4,379.64,115.889005,35.885179,239.21,0.00038648
2008,731,5,474.54,115.888586,35.885913,239.21,0.00189539
2008,731,6,569.45,115.888341,35.886698,209.31,0.00234588
2008,731,7,664.36,115.887578,35.887191,194.36,0.00168746
2008,731,8,759.27,115.886915,35.887854,254.16,0.00059113
2008,731,9,854.18,115.886059,35.888190,239.21,-0.00050791
2008,731,10,949.09,115.885389,35.888841,299.01,0.00007629
2008,731,11,1044.00,115.884626,35.889335,358.81,0.00055079
2008,731,12,1138.91,115.883851,35.889807,418.61,0.00057749
2008,731,13,1233.82,115.883100,35.890321,418.61,0.00126335
2008,731,14,1328.72,115.882221,35.890615,448.52,-0.00013964
2008,731,15,1423.63,115.881376,35.890968,403.66,-0.00063995
2008,731,16,1518.54,115.880613,35.891461,433.57,0.00028004
2008,731,17,1613.45,115.879751,35.891784,433.57,-0.00062340
2008,731,18,1708.36,115.878961,35.892232,418.61,-0.00111617
2008,731,19,1803.27,115.878225,35.892771,358.81,-0.00064397
2008,732,0,0.00,115.878225,35.892771,1375.45,0.00082860
2008,732,1,76.56,115.878494,35.893383,1210.99,-0.00398737
2008,732,2,153.13,115.878668,35.894023,882.08,-0.01054661
2008,732,3,229.69,115.879303,35.893849,358.81,-0.01228988
2008,733,0,0.00,115.878225,35.892771,388.71,0.00000000
2008,733,1,96.65,115.877312,35.893041,373.76,-0.00133142
2008,733,2,193.31,115.876399,35.893310,388.71,-0.00214062
2008,733,3,289.96,115.875701,35.893948,358.81,-0.00036428
2008,733,4,386.61,115.874926,35.894453,403.66,-0.00012403
2008,733,5,483.27,115.874151,35.894959,373.76,-0.00056895
2008,733,6,579.92,115.873475,35.895635,358.81,0.00056895
2008,733,7,676.57,115.872700,35.896140,358.81,0.00116894
2008,733,8,773.23,115.871925,35.896646,343.86,-0.00000000
2008,733,9,869.88,115.871050,35.896981,284.06,-0.00116391
2008,733,10,966.53,115.870375,35.897657,284.06,0.00059999
2008,733,11,1063.19,115.869599,35.898161,269.11,0.00128137
2008,733,12,1159.84,115.868725,35.898498,299.01,0.00000000
2008,733,13,1256.49,115.867930,35.898969,269.11,-0.00023985
2008,733,14,1353.15,115.867076,35.899339,269.11,-0.00048423
2008,733,15,1449.80,115.866300,35.899845,284.06,-0.00047759
2008,733,16,1546.45,115.865506,35.900317,239.21,-0.00034354
2008,733,17,1643.11,115.864750,35.900856,239.21,-0.00045557
2008,734,0,0.00,115.864750,35.900856,1569.81,0.00260867
2008,734,1,87.73,115.865364,35.901469,852.18,0.00267852
2008,734,2,175.45,115.865559,35.902203,1016.64,0.00274837
2008,735,0,0.00,115.864750,35.900856,373.76,-0.00310992
2008,735,1,99.89,115.863953,35.901384,224.26,-0.00308440
2008,735,2,199.78,115.863672,35.902203,463.47,-0.00305887
2008,736,0,0.00,115.865559,35.902203,224.26,0.00581974
2008,736,1,75.73,115.865029,35.902733,373.76,0.00881405
2008,736,2,151.45,115.864202,35.902733,837.23,0.00881405
2008,736,3,227.18,115.863672,35.902203,1405.35,0.00581974
2008,737,0,0.00,115.865559,35.902203,478.42,0.00000000
2008,737,1,94.82,115.866294,35.902203,343.86,-0.00146461
2008,737,2,189.63,115.867344,35.902203,328.91,-0.00267684
2008,737,3,284.45,115.868144,35.901774,269.11,-0.00017092
2008,737,4,379.27,115.869005,35.901452,299.01,0.00058994
2008,737,5,474.09,115.869967,35.901299,299.01,-0.00128040
2008,737,6,568.90,115.870758,35.900856,254.16,-0.00037589
2008,737,7,663.72,115.871591,35.900484,284.06,0.00041352
2008,737,8,758.54,115.872452,35.900161,284.06,0.00016159
2008,737,9,853.36,115.873279,35.899778,299.01,0.00045506
2008,737,10,948.17,115.874172,35.899508,358.81,-0.00058860
2008,737,11,1042.99,115.875037,35.899193,358.81,-0.00149319
2008,737,12,1137.81,115.875800,35.898700,358.81,-0.00130151
2008,738,0,0.00,115.863672,35.902203,328.91,-0.00000000
2008,738,1,92.39,115.862927,35.902679,358.81,-0.00062535
2008,738,2,184.78,115.862182,35.903155,328.91,-0.00120404
2008,738,3,277.17,115.861536,35.903801,328.91,-0.00110903
2008,738,4,369.56,115.860890,35.904447,343.86,-0.00298803
2008,738,5,461.95,115.860438,35.905149,284.06,-0.00390848
2008,738,6,554.35,115.860652,35.905920,254.16,-0.00085825
2008,738,7,646.74,115.860708,35.906736,224.26,0.00074277
2008,738,8,739.13,115.860708,35.907569,209.31,0.00015024
2008,738,9,831.52,115.860708,35.908402,224.26,0.00000000
2008,739,0,0.00,115.860708,35.908402,1196.04,0.00000000
2008,739,1,48.65,115.860169,35.908402,777.43,0.00000000
2008,739,2,97.31,115.859630,35.908402,523.27,0.00000000
2008,74,0,0.00,115.272132,35.453495,717.63,0.00956219
2008,74,1,46.50,115.272247,35.453110,134.55,0.00980572
2008,74,2,93.00,115.272671,35.452956,612.97,0.01004926
2008,740,0,0.00,115.860708,35.908402,164.46,-0.00000000
2008,740,1,75.54,115.860977,35.909005,209.31,0.00118909
2008,740,2,151.07,115.861247,35.909607,239.21,0.00230887
2008,740,3,226.61,115.861247,35.910288,299.01,0.00223957
2008,741,0,0.00,115.861247,35.910288,1360.50,0.00000000
2008,741,1,36.49,115.860843,35.910288,1270.79,0.00000000
2008,741,2,72.98,115.860438,35.910288,1061.49,0.00000000
2008,742,0,0.00,115.861247,35.910288,313.96,0.00028135
2008,742,1,91.04,115.861674,35.910985,284.06,0.00063773
2008,742,2,182.09,115.862055,35.911696,269.11,0.00099457
2008,742,3,273.13,115.862320,35.912440,299.01,0.00000000
2008,742,4,364.17,115.862539,35.913197,343.86,-0.00116345
2008,742,5,455.22,115.862966,35.913894,328.91,0.00063850
2008,742,6,546.26,115.863403,35.914588,358.81,0.00256981
2008,742,7,637.30,115.863403,35.915409,448.52,0.00253077
2008,743,0,0.00,115.863403,35.915409,403.66,0.00217999
2008,743,1,96.93,115.864180,35.915916,403.66,0.00170327
2008,743,2,193.87,115.864649,35.916654,388.71,0.00051827
2008,743,3,290.80,115.865289,35.917343,403.66,-0.00050558
2008,743,4,387.74,115.865795,35.918070,358.81,-0.00104285
2008,743,5,484.67,115.866534,35.918643,358.81,-0.00084258
2008,743,6,581.61,115.867250,35.919256,313.96,-0.00056541
2008,743,7,678.54,115.868027,35.919763,299.01,-0.00035511
2008,743,8,775.47,115.868804,35.920271,239.21,-0.00059625
2008,743,9,872.41,115.869581,35.920779,194.36,-0.00162963
2008,743,10,969.34,115.870458,35.921116,149.51,-0.00030572
2008,743,11,1066.28,115.871403,35.921338,149.51,-0.00007106
2008,743,12,1163.21,115.872162,35.921876,134.55,-0.00180169
2008,743,13,1260.15,115.873236,35.921876,149.51,-0.00178939
2008,743,14,1357.08,115.874163,35.922127,194.36,-0.00158167
2008,743,15,1454.02,115.875068,35.921876,269.11,0.00000000
2008,743,16,1550.95,115.876142,35.921876,269.11,0.00164603
2008,743,17,1647.88,115.877216,35.921876,299.01,0.00085078
2008,743,18,1744.82,115.878133,35.922146,328.91,-0.00085078
2008,743,19,1841.75,115.879207,35.922146,328.91,-0.00085078
2008,743,20,1938.69,115.880281,35.922146,358.81,0.00000000
2008,743,21,2035.62,115.881355,35.922146,388.71,0.00085078
2008,743,22,2132.56,115.882429,35.922146,358.81,0.00178939
2008,743,23,2229.49,115.883345,35.922415,448.52,0.00187721
2008,744,0,0.00,115.863403,35.915409,1016.64,-0.00000000
2008,744,1,77.09,115.862864,35.915948,1061.49,-0.00000000
2008,744,2,154.19,115.862325,35.916487,941.88,-0.00000000
2008,745,0,0.00,115.883345,35.922415,433.57,0.00205980
2008,745,1,92.74,115.884215,35.922146,418.61,0.00196192
2008,745,2,185.48,115.885243,35.922146,358.81,0.00093202
2008,745,3,278.21,115.886270,35.922146,299.01,0.00000000
2008,745,4,370.95,115.887298,35.922146,299.01,0.00000000
2008,745,5,463.69,115.888326,35.922146,299.01,0.00000000
2008,745,6,556.43,115.889353,35.922146,328.91,0.00000000
2008,745,7,649.17,115.890381,35.922146,328.91,0.00000000
2008,745,8,741.90,115.891408,35.922146,299.01,0.00093202
2008,745,9,834.64,115.892436,35.922146,269.11,0.00093202
2008,745,10,927.38,115.893306,35.922415,269.11,0.00000000
2008,745,11,1020.12,115.894333,35.922415,269.11,0.00102990
2008,745,12,1112.86,115.895203,35.922685,209.31,0.00205980
2008,746,0,0.00,115.883345,35.922415,1794.06,0.00370205
2008,746,1,78.42,115.883345,35.923122,1046.54,0.00324246
2008,746,2,156.83,115.882876,35.923693,792.38,0.00086246
2008,746,3,235.25,115.882537,35.924302,672.77,-0.00105794
2008,747,0,0.00,115.895203,35.922685,1270.79,0.00000000
2008,747,1,44.85,115.895203,35.923089,1285.75,0.00000000
2008,747,2,89.71,115.895203,35.923493,373.76,0.00000000
2008,748,0,0.00,115.895203,35.922685,269.11,0.00194943
2008,748,1,98.36,115.895978,35.922685,209.31,0.00161424
2008,748,2,196.71,115.896910,35.922954,179.41,0.00091148
2008,748,3,295.07,115.897863,35.923189,209.31,0.00126423
2008,748,4,393.42,115.898750,35.923537,209.31,0.00156923
2008,748,5,491.78,115.899537,35.924054,179.41,0.00057825
2008,748,6,590.14,115.900324,35.924571,134.55,0.00000260
2008,748,7,688.49,115.901111,35.925090,179.41,0.00160560
2008,748,8,786.85,115.901898,35.925607,164.46,0.00263298
2008,748,9,885.20,115.902168,35.926416,179.41,-0.00017000
2008,748,10,983.56,115.902646,35.927164,224.26,-0.00102868
2008,748,11,1081.92,115.903288,35.927724,239.21,0.00081822
2008,748,12,1180.27,115.903703,35.928490,254.16,0.00102868
2008,748,13,1278.63,115.904182,35.929238,254.16,0.00044607
2008,748,14,1376.98,115.904451,35.930047,269.11,-0.00054466
2008,748,15,1475.34,115.904905,35.930802,299.01,-0.00170539
2008,748,16,1573.70,115.905409,35.931543,269.11,0.00171388
2008,748,17,1672.05,115.906196,35.932061,239.21,0.00618612
2008,748,18,1770.41,115.905621,35.932748,299.01,0.00183147
2008,748,19,1868.76,115.905174,35.933506,164.46,-0.00228774
2008,748,20,1967.12,115.905174,35.934392,134.55,-0.00006406
2008,748,21,2065.47,115.905022,35.935234,194.36,0.00098161
2008,748,22,2163.83,115.904752,35.936043,209.31,0.00085190
2008,748,23,2262.19,115.904483,35.936851,284.06,0.00101038
2008,748,24,2360.54,115.904004,35.937600,284.06,-0.00054832
2008,748,25,2458.90,115.903557,35.938357,299.01,-0.00101066
2008,748,26,2557.25,115.903465,35.939217,358.81,0.00054832
2008,748,27,2655.61,115.903018,35.939974,403.66,0.00117577
2008,748,28,2753.97,115.902717,35.940773,493.37,0.00077129
2008,748,29,2852.32,115.902029,35.941461,463.47,-0.00062717
2008,748,30,2950.68,115.901671,35.942244,478.42,-0.00100386
2008,748,31,3049.03,115.901281,35.943018,493.37,-0.00000000
2008,748,32,3147.39,115.901011,35.943826,508.32,0.00023257
2008,748,33,3245.75,115.900533,35.944574,478.42,-0.00054832
2008,748,34,3344.10,115.900263,35.945383,523.27,0.00000000
2008,748,35,3442.46,115.899994,35.946191,523.27,0.00109298
2008,748,36,3540.81,115.899515,35.946939,538.22,0.00108932
2008,749,0,0.00,115.899515,35.946939,642.87,-0.00000000
2008,749,1,80.29,115.898783,35.947209,568.12,-0.00000000
2008,749,2,160.58,115.898051,35.947478,448.52,-0.00077635
2008,749,3,240.87,115.897318,35.947748,269.11,-0.00140356
2008,749,4,321.16,115.896673,35.948165,179.41,-0.00049683
2008,749,5,401.45,115.896012,35.948556,,0.00026075
2008,75,0,0.00,115.077557,35.388816,418.61,0.00391924
2008,75,1,89.59,115.076833,35.388362,358.81,0.00320525
2008,75,2,179.18,115.076625,35.387615,373.76,0.00058338
2008,75,3,268.77,115.076209,35.386930,328.91,-0.00132450
2008,750,0,0.00,115.899515,35.946939,777.43,0.00000000
2008,750,1,77.08,115.900054,35.947478,612.97,0.00000000
2008,750,2,154.16,115.900593,35.948017,418.61,0.00000000
2008,77,0,0.00,115.078096,35.384504,403.66,0.00891600
2008,77,1,34.27,115.078065,35.384804,508.32,0.00879870
2008,77,2,68.55,115.077826,35.385043,657.82,0.00868139
2008,78,0,0.00,115.078096,35.384504,403.66,0.00000000
2008,78,1,49.22,115.077961,35.384100,328.91,0.00000000
2008,78,2,98.45,115.077826,35.383696,358.81,0.00000000
2008,79,0,0.00,115.078096,35.384504,553.17,0.01065930
2008,79,1,31.57,115.078316,35.384284,104.65,0.01105207
2008,79,2,63.13,115.078635,35.384235,179.41,0.01144483
2008,8,0,0.00,115.135498,35.421425,627.92,-0.00523110
2008,8,1,97.64,115.135025,35.420683,328.91,-0.00538615
2008,8,2,195.29,115.133989,35.420617,299.01,-0.00380533
2008,8,3,292.93,115.132914,35.420617,328.91,-0.00195818
2008,8,4,390.57,115.131994,35.420886,463.47,-0.00184688
2008,80,0,0.00,115.275366,35.455920,583.07,0.00000000
2008,80,1,24.46,115.275635,35.455920,583.07,0.00000000
2008,80,2,48.93,115.275905,35.455920,612.97,0.00000000
2008,81,0,0.00,115.275366,35.455920,328.91,0.00094853
2008,81,1,82.51,115.274827,35.455334,343.86,-0.00038100
2008,81,2,165.02,115.274423,35.454708,299.01,-0.00224865
2008,81,3,247.53,115.273749,35.454303,313.96,-0.00278677
2008,82,0,0.00,115.275366,35.458076,463.47,-0.00302405
2008,82,1,99.55,115.275647,35.458885,418.61,-0.00252308
2008,82,2,199.10,115.276436,35.459416,448.52,-0.00103478
2008,82,3,298.65,115.277131,35.460111,463.47,-0.00056011
2008,82,4,398.20,115.277924,35.460635,478.42,-0.00087459
2008,82,5,497.75,115.278718,35.461159,448.52,-0.00114701
2008,82,6,597.30,115.279571,35.461580,478.42,-0.00045694
2008,82,7,696.86,115.280502,35.461865,523.27,0.00168340
2008,82,8,796.41,115.281295,35.462389,523.27,0.00232274
2008,82,9,895.96,115.281990,35.463084,523.27,0.00049846
2008,82,10,995.51,115.282476,35.463839,553.17,-0.00049275
2008,82,11,1095.06,115.283269,35.464363,553.17,0.00049275
2008,82,12,1194.61,115.283755,35.465118,538.22,-0.00049846
2008,82,13,1294.16,115.284450,35.465813,568.12,-0.00049275
2008,82,14,1393.71,115.285243,35.466337,538.22,0.00096787
2008,82,15,1493.26,115.285729,35.467092,568.12,-0.00049846
2008,82,16,1592.81,115.286428,35.467778,598.02,0.00009202
2008,82,17,1692.36,115.287217,35.468311,538.22,0.00103478
2008,82,18,1791.91,115.287494,35.469127,538.22,-0.00105989
2008,82,19,1891.46,115.288287,35.469651,553.17,-0.00029280
2008,82,20,1991.01,115.288982,35.470345,538.22,0.00049846
2008,82,21,2090.57,115.289519,35.471012,583.07,0.00001867
2008,82,22,2190.12,115.290261,35.471624,553.17,-0.00054308
2008,82,23,2289.67,115.290747,35.472380,553.17,-0.00080526
2008,82,24,2389.22,115.291639,35.472733,553.17,0.00103583
2008,82,25,2488.77,115.292125,35.473489,553.17,0.00054308
2008,82,26,2588.32,115.292820,35.474183,538.22,-0.00000000
2008,82,27,2687.87,115.293514,35.474878,493.37,-0.00000000
2008,82,28,2787.42,115.294000,35.475633,493.37,-0.00099121
2008,82,29,2886.97,115.294794,35.476157,508.32,-0.00049846
2008,82,30,2986.52,115.295488,35.476851,493.37,-0.00015611
2008,82,31,3086.07,115.296281,35.477375,478.42,-0.00000000
2008,82,32,3185.62,115.297005,35.478019,463.47,0.00030882
2008,82,33,3285.17,115.297769,35.478594,463.47,0.00000000
2008,82,34,3384.72,115.298464,35.479288,493.37,-0.00034404
2008,82,35,3484.28,115.299257,35.479812,463.47,-0.00000000
2008,82,36,3583.83,115.299988,35.480444,448.52,-0.00014581
2008,82,37,3683.38,115.300745,35.481030,433.57,0.00000000
2008,82,38,3782.93,115.301538,35.481554,433.57,-0.00019925
2008,82,39,3882.48,115.302233,35.482249,418.61,-0.00053639
2008,82,40,3982.03,115.303125,35.482602,418.61,0.00009200
2008,82,41,4081.58,115.303820,35.483297,358.81,-0.00000000
2008,82,42,4181.13,115.304695,35.483678,328.91,0.00000543
2008,82,43,4280.68,115.305406,35.484344,358.81,-0.00056538
2008,82,44,4380.23,115.306265,35.484756,343.86,-0.00086199
2008,82,45,4479.78,115.307092,35.485221,373.76,-0.00000000
2008,82,46,4579.33,115.307984,35.485575,328.91,-0.00006737
2008,82,47,4678.88,115.308778,35.486099,328.91,-0.00058163
2008,82,48,4778.43,115.309715,35.486373,358.81,-0.00004631
2008,82,49,4877.99,115.310562,35.486805,328.91,-0.00020659
2008,82,50,4977.54,115.311454,35.487158,313.96,-0.00076127
2008,82,51,5077.09,115.312382,35.487451,254.16,-0.00036555
2008,82,52,5176.64,115.313322,35.487721,239.21,-0.00074514
2008,82,53,5276.19,115.314263,35.487990,239.21,-0.00088678
2008,82,54,5375.74,115.315320,35.488059,194.36,0.00043243
2008,82,55,5475.29,115.316301,35.488260,209.31,0.00081623
2008,82,56,5574.84,115.317242,35.488529,239.21,-0.00065372
2008,82,57,5674.39,115.318194,35.488778,224.26,-0.00075007
2008,82,58,5773.94,115.319279,35.488799,269.11,-0.00000000
2008,82,59,5873.49,115.320220,35.489068,239.21,-0.00006616
2008,82,60,5973.04,115.321317,35.489068,269.11,0.00088678
2008,82,61,6072.59,115.322258,35.489338,269.11,0.00177357
2008,83,0,0.00,115.275366,35.458076,1794.06,0.00000000
2008,83,1,96.58,115.276039,35.457403,1794.06,0.00000000
2008,83,2,193.16,115.276713,35.456729,343.86,0.00000000
2008,84,0,0.00,115.076209,35.386930,328.91,0.00334525
2008,84,1,96.64,115.075436,35.386427,328.91,0.00387436
2008,84,2,193.28,115.075180,35.385631,299.01,0.00273934
2008,84,3,289.92,115.075131,35.384774,568.12,0.00107521
2008,85,0,0.00,115.076209,35.386930,732.58,-0.00128871
2008,85,1,87.26,115.076818,35.386321,717.63,-0.00064436
2008,85,2,174.52,115.077218,35.385652,627.92,0.00064436
2008,85,3,261.78,115.077826,35.385043,657.82,0.00128871
2008,87,0,0.00,115.077826,35.385043,642.87,-0.00238934
2008,87,1,86.34,115.077032,35.384774,508.32,-0.00227429
2008,87,2,172.68,115.076081,35.384774,717.63,-0.00107962
2008,87,3,259.02,115.075131,35.384774,717.63,0.00000000
2008,88,0,0.00,115.322258,35.489338,1435.25,-0.00204938
2008,88,1,79.11,115.322258,35.490051,1046.54,-0.00211325
2008,88,2,158.23,115.322527,35.490685,747.53,-0.00217712
2008,89,0,0.00,115.322258,35.489338,328.91,0.00220836
2008,89,1,96.54,115.323165,35.489068,269.11,0.00266120
2008,89,2,193.08,115.324198,35.489122,254.16,0.00137713
2008,89,3,289.62,115.325137,35.489338,299.01,-0.00171535
2008,89,4,386.16,115.326201,35.489338,388.71,-0.00248131
2008,89,5,482.70,115.327109,35.489068,418.61,-0.00189171
2008,9,0,0.00,115.221467,35.416844,478.42,-0.00342978
2008,9,1,97.39,115.222343,35.416506,523.27,-0.00334208
2008,9,2,194.77,115.222814,35.415766,762.48,-0.00325439
2008,91,0,0.00,115.075131,35.384774,328.91,0.00868140
2008,91,1,34.27,115.074892,35.384535,328.91,0.00879871
2008,91,2,68.55,115.074862,35.384235,328.91,0.00891601
2008,92,0,0.00,115.327109,35.489068,388.71,0.00167465
2008,92,1,97.67,115.328185,35.489068,388.71,0.00083733
2008,92,2,195.34,115.329105,35.489338,388.71,-0.00083733
2008,92,3,293.01,115.330182,35.489338,358.81,-0.00000000
2008,92,4,390.69,115.331258,35.489338,388.71,0.00083733
2008,92,5,488.36,115.332178,35.489607,358.81,-0.00000000
2008,92,6,586.03,115.333255,35.489607,358.81,-0.00000000
2008,92,7,683.70,115.334175,35.489877,328.91,-0.00020594
2008,92,8,781.37,115.335251,35.489877,328.91,0.00000000
2008,92,9,879.04,115.336208,35.490083,284.06,-0.00044408
2008,92,10,976.71,115.337248,35.490146,299.01,-0.00000000
2008,92,11,1074.39,115.338324,35.490146,328.91,0.00066438
2008,92,12,1172.06,115.339244,35.490416,343.86,0.00083923
2008,92,13,1269.73,115.340318,35.490420,328.91,0.00141067
2008,92,14,1367.40,115.341098,35.490931,239.21,-0.00060698
2008,92,15,1465.07,115.342077,35.491100,269.11,-0.00100946
2008,92,16,1562.74,115.343055,35.491270,254.16,0.00052937
2008,92,17,1660.41,115.344001,35.491494,269.11,0.00050743
2008,92,18,1758.09,115.344922,35.491763,239.21,0.00011769
2008,92,19,1855.76,115.345842,35.492033,239.21,0.00000000
2008,92,20,1953.43,115.346769,35.492290,239.21,0.00008745
2008,92,21,2051.10,115.347682,35.492572,179.41,-0.00049249
2008,92,22,2148.77,115.348602,35.492841,179.41,-0.00087363
2008,92,23,2246.44,115.349605,35.492969,239.21,0.00099452
2008,92,24,2344.11,115.350583,35.493139,209.31,0.00252506
2008,92,25,2441.79,115.351363,35.493650,299.01,0.00238632
2008,93,0,0.00,115.327109,35.489068,553.17,0.00119176
2008,93,1,90.65,115.326476,35.488436,568.12,-0.00066354
2008,93,2,181.30,115.326052,35.487742,463.47,-0.00324402
2008,93,3,271.95,115.325222,35.487451,239.21,-0.00396920
2008,94,0,0.00,115.075131,35.383965,747.53,0.00000000
2008,94,1,19.32,115.074996,35.384100,717.63,0.00000000
2008,94,2,38.65,115.074862,35.384235,702.67,0.00000000
2008,95,0,0.00,115.074862,35.384235,598.02,0.00527332
2008,95,1,91.18,115.073930,35.384111,373.76,0.00582089
2008,95,2,182.35,115.073514,35.383411,433.57,0.00314776
2008,95,3,273.53,115.073284,35.382657,328.91,-0.00061705
2008,95,4,364.71,115.072856,35.381960,358.81,0.00072973
2008,95,5,455.88,115.072436,35.381261,373.76,0.00185951
2008,95,6,547.06,115.072436,35.380439,358.81,-0.00142400
2008,95,7,638.24,115.072200,35.379687,403.66,-0.00208252
2008,95,8,729.41,115.071628,35.379174,403.66,0.00023204
2008,95,9,820.59,115.071358,35.378431,358.81,-0.00046362
2008,95,10,911.76,115.070819,35.377767,358.81,-0.00160998
2008,96,0,0.00,115.075131,35.383965,523.27,0.00196821
2008,96,1,72.92,115.075431,35.383396,583.07,0.00191241
2008,96,2,145.84,115.075940,35.382887,702.67,0.00185662
2008,97,0,0.00,115.075131,35.383965,717.63,0.00000000
2008,97,1,48.97,115.075670,35.383965,777.43,0.00000000
2008,97,2,97.94,115.076209,35.383965,732.58,0.00000000
2008,98,0,0.00,115.351363,35.493650,269.11,0.00529840
2008,98,1,55.99,115.351980,35.493650,269.11,0.00554283
2008,98,2,111.99,115.352441,35.493919,284.06,0.00578726
2008,99,0,0.00,115.351363,35.493650,971.78,-0.00185656
2008,99,1,72.89,115.350855,35.494158,1151.19,-0.00191225
2008,99,2,145.78,115.350555,35.494728,403.66,-0.00196793
