year,link_id,sample_idx,s_m,lon,lat,B_m,C_1m
2007,0,0,0.00,115.880111,35.894658,493.37,0.00000000
2007,0,1,24.33,115.879842,35.894658,523.27,0.00000000
2007,0,2,48.66,115.879572,35.894658,493.37,0.00000000
2007,1,0,0.00,115.879303,35.894927,418.61,0.00000000
2007,1,1,19.28,115.879438,35.894792,433.57,0.00000000
2007,1,2,38.55,115.879572,35.894658,463.47,0.00000000
2007,10,0,0.00,115.879572,35.895736,403.66,0.00608835
2007,10,1,75.05,115.878899,35.896005,463.47,0.00608835
2007,10,2,150.09,115.878225,35.895736,717.63,0.00608835
2007,100,0,0.00,115.758839,35.846418,792.38,-0.00000000
2007,100,1,75.08,115.758165,35.846149,642.87,-0.00000000
2007,100,2,150.16,115.757491,35.845879,657.82,-0.00000000
2007,101,0,0.00,115.760725,35.842915,523.27,-0.00000000
2007,101,1,93.57,115.761170,35.842200,523.27,-0.00074301
2007,101,2,187.15,115.761615,35.841486,388.71,-0.00396696
2007,101,3,280.72,115.761803,35.840697,358.81,-0.00834428
2007,101,4,374.29,115.761180,35.840220,852.18,-0.00693423
2007,101,5,467.87,115.760144,35.840220,1210.99,-0.00181391
2007,101,6,561.44,115.759108,35.840220,1405.35,0.00000000
2007,102,0,0.00,115.759108,35.841028,328.91,0.00000000
2007,102,1,44.85,115.759108,35.840624,328.91,0.00000000
2007,102,2,89.71,115.759108,35.840220,448.52,0.00000000
2007,103,0,0.00,115.759108,35.841028,672.77,0.00013698
2007,103,1,98.09,115.758423,35.841714,553.17,0.00051235
2007,103,2,196.18,115.757724,35.842376,702.67,0.00083908
2007,103,3,294.27,115.756952,35.842915,762.48,0.00079045
2007,105,0,0.00,115.759108,35.840220,328.91,-0.00104731
2007,105,1,97.40,115.758839,35.839420,388.71,-0.00000000
2007,105,2,194.81,115.758374,35.838677,358.81,0.00103954
2007,105,3,292.21,115.758300,35.837820,328.91,0.00000000
2007,105,4,389.61,115.758030,35.837020,313.96,0.00013922
2007,105,5,487.02,115.757761,35.836221,254.16,0.00067241
2007,105,6,584.42,115.757741,35.835349,254.16,-0.00117876
2007,105,7,681.82,115.757478,35.834547,224.26,-0.00063656
2007,105,8,779.23,115.757006,35.833806,209.31,0.00163770
2007,105,9,876.63,115.756952,35.832943,254.16,0.00215639
2007,106,0,0.00,115.756952,35.832943,239.21,-0.00000000
2007,106,1,96.41,115.756279,35.832270,254.16,-0.00000000
2007,106,2,192.81,115.755605,35.831596,239.21,-0.00000000
2007,107,0,0.00,115.756952,35.832943,448.52,0.00204347
2007,107,1,70.02,115.757442,35.832454,911.98,0.00214211
2007,107,2,140.04,115.758030,35.832135,59.80,0.00224076
2007,108,0,0.00,115.755605,35.831596,343.86,-0.00342489
2007,108,1,72.88,115.755635,35.831086,164.46,-0.00724264
2007,108,2,145.76,115.755334,35.830518,179.41,-0.00938926
2007,108,3,218.64,115.754527,35.830518,194.36,-0.00771814
2007,109,0,0.00,115.755605,35.831596,852.18,0.00592287
2007,109,1,94.37,115.754718,35.831865,239.21,0.00579462
2007,109,2,188.74,115.753988,35.831326,179.41,0.00566637
2007,11,0,0.00,115.880381,35.892232,1794.06,0.00010268
2007,11,1,78.09,115.880927,35.892778,1270.79,0.00224433
2007,11,2,156.18,115.881459,35.893328,986.73,0.00536853
2007,11,3,234.27,115.881459,35.894032,672.77,0.00428685
2007,11,4,312.36,115.881189,35.894658,523.27,0.00222260
2007,110,0,0.00,115.754527,35.830518,179.41,-0.00369673
2007,110,1,67.11,115.754527,35.829913,224.26,-0.00802026
2007,110,2,134.21,115.754192,35.829440,179.41,-0.00985531
2007,110,3,201.32,115.753449,35.829440,299.01,-0.00736682
2007,111,0,0.00,115.754527,35.830518,822.28,-0.00347675
2007,111,1,53.51,115.754153,35.830892,284.06,-0.00358316
2007,111,2,107.03,115.753988,35.831326,179.41,-0.00368957
2007,113,0,0.00,115.753988,35.831326,373.76,0.00204033
2007,113,1,75.09,115.753265,35.831142,179.41,0.00203634
2007,113,2,150.18,115.752641,35.830787,224.26,0.00203236
2007,114,0,0.00,115.753449,35.829440,284.06,-0.00315948
2007,114,1,98.62,115.752969,35.828690,269.11,-0.00265501
2007,114,2,197.25,115.752081,35.828341,224.26,-0.00049994
2007,114,3,295.87,115.751292,35.827822,299.01,-0.00000000
2007,114,4,394.50,115.750504,35.827303,299.01,-0.00165355
2007,114,5,493.12,115.749616,35.826954,284.06,-0.00135185
2007,114,6,591.75,115.748647,35.826745,239.21,-0.00006667
2007,114,7,690.37,115.747713,35.826475,269.11,0.00020695
2007,114,8,789.00,115.746778,35.826206,269.11,-0.00000000
2007,114,9,887.62,115.745844,35.825936,269.11,0.00008941
2007,114,10,986.25,115.744910,35.825667,269.11,0.00000000
2007,114,11,1084.87,115.743991,35.825372,239.21,-0.00017850
2007,114,12,1183.50,115.743042,35.825128,209.31,-0.00090498
2007,114,13,1282.12,115.742107,35.824858,209.31,-0.00163686
2007,114,14,1380.75,115.741016,35.824858,269.11,-0.00082096
2007,114,15,1479.37,115.739925,35.824858,209.31,-0.00121352
2007,114,16,1577.99,115.738833,35.824858,209.31,-0.00357715
2007,114,17,1676.62,115.737969,35.825247,254.16,-0.00328507
2007,114,18,1775.24,115.737279,35.825936,299.01,-0.00184287
2007,115,0,0.00,115.753449,35.829440,1300.70,-0.00561227
2007,115,1,49.18,115.753180,35.829805,388.71,-0.00550077
2007,115,2,98.37,115.753180,35.830248,224.26,-0.00538928
2007,116,0,0.00,115.737279,35.825936,328.91,0.00009846
2007,116,1,98.43,115.736347,35.826206,209.31,-0.00140769
2007,116,2,196.85,115.735407,35.826461,179.41,-0.00231491
2007,116,3,295.28,115.734719,35.827149,179.41,-0.00085799
2007,116,4,393.70,115.733932,35.827667,194.36,-0.00050884
2007,116,5,492.13,115.733244,35.828355,224.26,0.00000000
2007,116,6,590.56,115.732556,35.829042,239.21,0.00050884
2007,116,7,688.98,115.731769,35.829560,194.36,-0.00154032
2007,116,8,787.41,115.731081,35.830248,239.21,-0.00263284
2007,116,9,885.84,115.730811,35.831057,284.06,-0.00218503
2007,117,0,0.00,115.737279,35.825936,1016.64,0.00159760
2007,117,1,91.79,115.737549,35.826686,523.27,0.00269188
2007,117,2,183.57,115.737549,35.827513,209.31,0.00256392
2007,117,3,275.36,115.737148,35.828224,209.31,0.00076583
2007,117,4,367.15,115.736924,35.828986,194.36,0.00072275
2007,117,5,458.93,115.736492,35.829688,209.31,0.00052191
2007,117,6,550.72,115.736059,35.830390,254.16,-0.00062776
2007,117,7,642.50,115.735662,35.831103,254.16,-0.00041470
2007,117,8,734.29,115.735403,35.831855,284.06,0.00062776
2007,117,9,826.08,115.734971,35.832557,269.11,-0.00010720
2007,117,10,917.86,115.734538,35.833259,313.96,-0.00125669
2007,117,11,1009.65,115.734315,35.834021,358.81,-0.00125785
2007,118,0,0.00,115.730811,35.831057,328.91,-0.00361813
2007,118,1,96.23,115.729904,35.831326,284.06,-0.00356298
2007,118,2,192.45,115.729464,35.831977,284.06,-0.00183351
2007,118,3,288.68,115.728914,35.832685,358.81,0.00024227
2007,118,4,384.91,115.728450,35.833418,343.86,0.00138110
2007,118,5,481.13,115.727778,35.834090,373.76,0.00052640
2007,118,6,577.36,115.727006,35.834593,328.91,-0.00161304
2007,118,7,673.59,115.726543,35.835326,284.06,-0.00108021
2007,118,8,769.81,115.726079,35.836059,313.96,-0.00000000
2007,118,9,866.04,115.725616,35.836792,328.91,-0.00000000
2007,118,10,962.27,115.725152,35.837525,313.96,-0.00000000
2007,119,0,0.00,115.730811,35.831057,941.88,-0.00339343
2007,119,1,99.44,115.731755,35.831326,343.86,-0.00339343
2007,119,2,198.88,115.732698,35.831057,269.11,-0.00339343
2007,12,0,0.00,115.880381,35.892232,478.42,0.00133179
2007,12,1,94.03,115.880829,35.891514,463.47,0.00292850
2007,12,2,188.07,115.881503,35.890885,403.66,0.00328020
2007,12,3,282.10,115.882442,35.890710,403.66,-0.00000000
2007,12,4,376.13,115.883271,35.890346,403.66,-0.00202477
2007,12,5,470.17,115.884055,35.889906,358.81,-0.00123838
2007,12,6,564.20,115.884724,35.889268,358.81,0.00000000
2007,12,7,658.23,115.885469,35.888761,299.01,0.00060273
2007,12,8,752.26,115.886177,35.888190,239.21,-0.00033813
2007,12,9,846.30,115.886983,35.887786,254.16,-0.00080748
2007,12,10,940.33,115.887456,35.887112,209.31,-0.00166826
2007,12,11,1034.36,115.888196,35.886725,254.16,-0.00250940
2007,12,12,1128.40,115.888196,35.885878,284.06,-0.00162299
2007,12,13,1222.43,115.888735,35.885186,284.06,-0.00295238
2007,12,14,1316.46,115.888466,35.884417,478.42,-0.00453673
2007,120,0,0.00,115.725152,35.837525,313.96,0.00015943
2007,120,1,94.17,115.724613,35.838217,328.91,-0.00075410
2007,120,2,188.34,115.724045,35.838901,373.76,-0.00177274
2007,120,3,282.51,115.723805,35.839681,388.71,-0.00187784
2007,121,0,0.00,115.725152,35.837525,1136.24,-0.00000000
2007,121,1,85.24,115.725748,35.838120,1091.39,-0.00268201
2007,121,2,170.48,115.726343,35.838716,523.27,-0.00636593
2007,121,3,255.72,115.727039,35.838603,463.47,-0.00736785
2007,122,0,0.00,115.723805,35.839681,373.76,-0.00114154
2007,122,1,96.52,115.723031,35.840185,373.76,-0.00162329
2007,122,2,193.05,115.722356,35.840860,328.91,-0.00105252
2007,122,3,289.57,115.721890,35.841595,328.91,0.00000000
2007,122,4,386.09,115.721216,35.842269,313.96,-0.00050423
2007,122,5,482.61,115.720750,35.843005,328.91,-0.00004772
2007,122,6,579.14,115.720275,35.843723,358.81,0.00040460
2007,122,7,675.66,115.719720,35.844305,358.81,0.00004772
2007,122,8,772.18,115.719254,35.845040,358.81,0.00009963
2007,122,9,868.71,115.718579,35.845714,328.91,-0.00000000
2007,122,10,965.23,115.718114,35.846449,358.81,0.00052307
2007,122,11,1061.75,115.717439,35.847124,328.91,0.00010309
2007,122,12,1158.27,115.716765,35.847799,284.06,0.00000000
2007,122,13,1254.80,115.716259,35.848522,209.31,0.00031307
2007,122,14,1351.32,115.715525,35.849038,224.26,-0.00000000
2007,122,15,1447.84,115.715059,35.849773,179.41,0.00235980
2007,122,16,1544.36,115.714285,35.850278,119.60,0.00310396
2007,122,17,1640.89,115.713324,35.850460,149.51,0.00148611
2007,122,18,1737.41,115.712413,35.850730,239.21,0.00235148
2007,122,19,1833.93,115.711344,35.850730,269.11,0.00205662
2007,122,20,1930.46,115.710433,35.850460,239.21,0.00094688
2007,122,21,2026.98,115.709422,35.850361,239.21,0.00169673
2007,122,22,2123.50,115.708611,35.849921,209.31,0.00132113
2007,122,23,2220.02,115.707775,35.849523,224.26,0.00060188
2007,122,24,2316.55,115.707001,35.849018,224.26,0.00094154
2007,122,25,2413.07,115.706227,35.848514,164.46,0.00097562
2007,122,26,2509.59,115.705553,35.847839,179.41,0.00232064
2007,122,27,2606.12,115.704940,35.847288,194.36,0.00366430
2007,122,28,2702.64,115.704940,35.846418,269.11,0.00349701
2007,123,0,0.00,115.723805,35.839681,1091.39,-0.00204355
2007,123,1,70.01,115.724294,35.840170,1166.14,-0.00214221
2007,123,2,140.03,115.724883,35.840489,523.27,-0.00224088
2007,124,0,0.00,115.704940,35.846418,194.36,0.00244636
2007,124,1,96.41,115.704067,35.846085,239.21,0.00317679
2007,124,2,192.83,115.703394,35.845411,239.21,0.00203597
2007,124,3,289.24,115.703054,35.844640,224.26,-0.00041589
2007,124,4,385.66,115.702434,35.843993,313.96,-0.00019969
2007,124,5,482.07,115.701976,35.843356,388.71,0.00096910
2007,124,6,578.49,115.701437,35.842643,373.76,0.00140690
2007,124,7,674.90,115.701167,35.841852,328.91,0.00073636
2007,124,8,771.32,115.700898,35.841061,299.01,0.00070189
2007,124,9,867.73,115.700628,35.840270,284.06,0.00072187
2007,124,10,964.15,115.700620,35.839404,284.06,-0.00068113
2007,124,11,1060.56,115.700359,35.838610,328.91,-0.00063143
2007,124,12,1156.98,115.700089,35.837820,313.96,-0.00002076
2007,124,13,1253.39,115.699853,35.837019,313.96,0.00054406
2007,124,14,1349.81,115.699550,35.836238,328.91,0.00140349
2007,124,15,1446.22,115.699550,35.835369,299.01,0.00153798
2007,125,0,0.00,115.704940,35.846418,807.33,0.00000000
2007,125,1,19.28,115.705075,35.846283,642.87,0.00000000
2007,125,2,38.56,115.705209,35.846149,672.77,0.00000000
2007,126,0,0.00,115.699550,35.835369,568.12,0.00232812
2007,126,1,98.75,115.698661,35.835019,418.61,0.00314785
2007,126,2,197.50,115.697971,35.834329,328.91,0.00307442
2007,126,3,296.24,115.697664,35.833528,239.21,0.00356921
2007,126,4,394.99,115.697394,35.832716,269.11,0.00481964
2007,126,5,493.74,115.698051,35.832016,493.37,0.00241733
2007,126,6,592.49,115.698742,35.831326,448.52,0.00015253
2007,127,0,0.00,115.699550,35.835369,299.01,-0.00066888
2007,127,1,98.37,115.699611,35.834621,328.91,-0.00114190
2007,127,2,196.73,115.699550,35.833752,328.91,-0.00065446
2007,127,3,295.10,115.699281,35.832943,224.26,-0.00053982
2007,127,4,393.46,115.699281,35.832057,313.96,-0.00209582
2007,127,5,491.83,115.698742,35.831326,373.76,-0.00280603
2007,129,0,0.00,115.698742,35.831326,448.52,0.00000000
2007,129,1,38.56,115.699011,35.831057,448.52,0.00000000
2007,129,2,77.13,115.699281,35.830787,343.86,0.00000000
2007,13,0,0.00,115.877147,35.893580,583.07,0.00024806
2007,13,1,85.31,115.876360,35.893849,403.66,-0.00237189
2007,13,2,170.62,115.875557,35.894092,403.66,-0.00510268
2007,13,3,255.92,115.875261,35.894775,612.97,-0.00269970
2007,13,4,341.23,115.874991,35.895466,657.82,-0.00018588
2007,130,0,0.00,115.698742,35.831326,388.71,-0.00047115
2007,130,1,81.05,115.698175,35.830760,373.76,-0.00010378
2007,130,2,162.09,115.697577,35.830248,358.81,0.00216140
2007,130,3,243.14,115.697125,35.829745,194.36,0.00334903
2007,130,4,324.19,115.697004,35.829049,179.41,0.00121645
2007,130,5,405.24,115.696855,35.828362,179.41,-0.00020596
2007,131,0,0.00,115.699281,35.830787,313.96,0.00112626
2007,131,1,93.17,115.699047,35.830015,299.01,0.00119897
2007,131,2,186.34,115.699011,35.829186,194.36,0.00073093
2007,131,3,279.51,115.699011,35.828346,179.41,-0.00063584
2007,131,4,372.68,115.699011,35.827507,239.21,-0.00150556
2007,131,5,465.85,115.698742,35.826745,269.11,-0.00154926
2007,132,0,0.00,115.699281,35.830787,448.52,-0.00279242
2007,132,1,80.16,115.700010,35.831057,1016.64,-0.00265547
2007,132,2,160.31,115.700898,35.831057,657.82,-0.00251852
2007,133,0,0.00,115.698742,35.826745,194.36,-0.00269475
2007,133,1,98.37,115.698742,35.825858,254.16,-0.00275050
2007,133,2,196.73,115.698203,35.825128,299.01,-0.00280625
2007,134,0,0.00,115.698742,35.826745,583.07,0.00392260
2007,134,1,67.98,115.698146,35.827014,1629.61,0.00373243
2007,134,2,135.97,115.697394,35.827014,837.23,0.00354225
2007,135,0,0.00,115.698203,35.825128,343.86,0.00000000
2007,135,1,96.75,115.698203,35.824256,254.16,-0.00036484
2007,135,2,193.50,115.698203,35.823384,239.21,-0.00103634
2007,135,3,290.25,115.698055,35.822555,284.06,-0.00063265
2007,135,4,387.00,115.697797,35.821758,269.11,0.00000876
2007,135,5,483.76,115.697664,35.820924,269.11,0.00032046
2007,135,6,580.51,115.697394,35.820130,254.16,-0.00004962
2007,135,7,677.26,115.697394,35.819258,269.11,-0.00144849
2007,135,8,774.01,115.696973,35.818508,299.01,-0.00025569
2007,135,9,870.76,115.696586,35.817749,239.21,0.00113868
2007,135,10,967.51,115.696457,35.816914,239.21,0.00000000
2007,135,11,1064.26,115.696198,35.816117,239.21,-0.00081900
2007,135,12,1161.01,115.695940,35.815320,239.21,0.00000000
2007,135,13,1257.76,115.695508,35.814573,224.26,0.00112881
2007,135,14,1354.52,115.695424,35.813725,224.26,0.00087185
2007,135,15,1451.27,115.695238,35.812907,209.31,0.00067703
2007,135,16,1548.02,115.695238,35.812035,269.11,-0.00008868
2007,135,17,1644.77,115.695238,35.811163,284.06,-0.00067703
2007,135,18,1741.52,115.695018,35.810355,299.01,0.00030830
2007,135,19,1838.27,115.694969,35.809497,328.91,0.00087120
2007,136,0,0.00,115.698203,35.825128,1674.46,0.00000000
2007,136,1,97.41,115.697125,35.825128,1061.49,0.00000000
2007,136,2,194.82,115.696047,35.825128,269.11,0.00000000
2007,137,0,0.00,115.694969,35.809497,403.66,0.00093103
2007,137,1,85.30,115.694339,35.808958,418.61,0.00186492
2007,137,2,170.60,115.693891,35.808413,358.81,0.00218761
2007,137,3,255.90,115.693621,35.807723,209.31,0.00171692
2007,137,4,341.20,115.693352,35.807032,179.41,0.00180382
2007,137,5,426.51,115.693352,35.806263,164.46,0.00175020
2007,138,0,0.00,115.694969,35.809497,448.52,-0.00102442
2007,138,1,89.85,115.695597,35.808869,433.57,-0.00246041
2007,138,2,179.70,115.696047,35.808190,358.81,-0.00250459
2007,138,3,269.54,115.696047,35.807380,239.21,0.00027849
2007,138,4,359.39,115.696316,35.806649,134.55,-0.00078725
2007,138,5,449.24,115.696586,35.805917,119.60,-0.00324425
2007,138,6,539.09,115.696316,35.805185,119.60,-0.00324425
2007,139,0,0.00,115.693352,35.806263,164.46,0.00474713
2007,139,1,89.51,115.692627,35.805808,119.60,0.00405402
2007,139,2,179.02,115.692543,35.805026,59.80,0.00273157
2007,139,3,268.53,115.692274,35.804297,119.60,0.00268584
2007,139,4,358.04,115.692543,35.803568,149.51,0.00326945
2007,140,0,0.00,115.693352,35.806263,269.11,0.00000000
2007,140,1,38.57,115.693621,35.805994,269.11,0.00000000
2007,140,2,77.13,115.693891,35.805724,194.36,0.00000000
2007,141,0,0.00,115.696316,35.805185,837.23,0.01149967
2007,141,1,31.46,115.695997,35.805136,269.11,0.01110078
2007,141,2,62.93,115.695777,35.804916,164.46,0.01070190
2007,142,0,0.00,115.696316,35.805185,74.75,-0.00152057
2007,142,1,94.04,115.696586,35.804416,74.75,-0.00140002
2007,142,2,188.08,115.696586,35.803568,179.41,0.00000000
2007,142,3,282.12,115.696616,35.802730,194.36,0.00122684
2007,142,4,376.15,115.696855,35.801951,254.16,0.00117421
2007,143,0,0.00,115.692543,35.803568,1300.70,0.00000000
2007,143,1,36.54,115.692947,35.803568,807.33,0.00000000
2007,143,2,73.08,115.693352,35.803568,807.33,0.00000000
2007,144,0,0.00,115.692543,35.803568,89.70,0.00295176
2007,144,1,96.01,115.692081,35.802837,179.41,0.00297393
2007,144,2,192.02,115.692180,35.802045,194.36,0.00071567
2007,144,3,288.03,115.692274,35.801207,239.21,-0.00118716
2007,144,4,384.03,115.692070,35.800401,254.16,0.00080973
2007,144,5,480.04,115.692004,35.799554,254.16,0.00139034
2007,144,6,576.05,115.692274,35.798767,269.11,0.00016127
2007,144,7,672.06,115.692279,35.797903,269.11,0.00069893
2007,144,8,768.07,115.692543,35.797115,299.01,0.00000000
2007,144,9,864.08,115.692813,35.796328,269.11,-0.00071348
2007,144,10,960.09,115.692813,35.795462,269.11,0.00072861
2007,144,11,1056.09,115.693082,35.794675,299.01,0.00145722
2007,145,0,0.00,115.693082,35.794675,1794.06,-0.00187922
2007,145,1,92.37,115.694104,35.794675,882.08,-0.00197787
2007,145,2,184.74,115.694969,35.794406,538.22,-0.00207652
2007,146,0,0.00,115.693082,35.794675,269.11,0.00000000
2007,146,1,92.06,115.693082,35.793845,239.21,0.00000000
2007,146,2,184.13,115.693082,35.793016,239.21,0.00074928
2007,146,3,276.19,115.693082,35.792186,254.16,0.00257481
2007,146,4,368.26,115.693352,35.791434,373.76,0.00299813
2007,146,5,460.32,115.693891,35.790902,433.57,0.00234518
2007,147,0,0.00,115.693891,35.790902,299.01,0.00000000
2007,147,1,98.37,115.693891,35.790016,328.91,0.00065477
2007,147,2,196.75,115.693891,35.789129,284.06,0.00065477
2007,147,3,295.12,115.694160,35.788320,299.01,0.00000000
2007,147,4,393.50,115.694160,35.787434,284.06,0.00117054
2007,147,5,491.87,115.694430,35.786625,358.81,0.00069318
2007,147,6,590.25,115.694881,35.785870,313.96,-0.00094796
2007,147,7,688.62,115.694969,35.785008,328.91,-0.00007107
2007,147,8,787.00,115.695238,35.784200,299.01,0.00039952
2007,147,9,885.37,115.695480,35.783383,313.96,0.00061997
2007,147,10,983.75,115.695750,35.782575,358.81,0.00154339
2007,147,11,1082.12,115.696228,35.781827,388.71,0.00054522
2007,147,12,1180.50,115.696855,35.781122,418.61,-0.00076440
2007,147,13,1278.87,115.697185,35.780331,403.66,-0.00054522
2007,147,14,1377.25,115.697664,35.779583,403.66,-0.00070791
2007,147,15,1475.62,115.697933,35.778775,403.66,-0.00109779
2007,148,0,0.00,115.693891,35.790902,418.61,-0.00374249
2007,148,1,80.53,115.694453,35.791465,657.82,-0.00715619
2007,148,2,161.05,115.695115,35.791564,852.18,-0.00754304
2007,148,3,241.58,115.695777,35.791172,418.61,-0.00451619
2007,149,0,0.00,115.697933,35.778775,343.86,0.00000000
2007,149,1,91.95,115.697933,35.777946,373.76,0.00012668
2007,149,2,183.89,115.697933,35.777117,373.76,0.00154794
2007,149,3,275.84,115.697980,35.776302,343.86,0.00209062
2007,149,4,367.79,115.698472,35.775616,388.71,0.00081005
2007,149,5,459.74,115.698742,35.774866,358.81,0.00092928
2007,149,6,551.68,115.699281,35.774193,418.61,0.00157718
2007,150,0,0.00,115.697933,35.778775,1360.50,0.00000000
2007,150,1,73.10,115.698742,35.778775,1270.79,0.00000000
2007,150,2,146.20,115.699550,35.778775,867.13,0.00000000
2007,151,0,0.00,115.699281,35.774193,373.76,0.00135875
2007,151,1,91.72,115.699295,35.773371,358.81,0.00063862
2007,151,2,183.43,115.699550,35.772618,358.81,0.00000000
2007,151,3,275.15,115.699550,35.771792,343.86,0.00004076
2007,151,4,366.87,115.699820,35.771043,358.81,-0.00027970
2007,151,5,458.59,115.699820,35.770217,299.01,-0.00000000
2007,151,6,550.30,115.699992,35.769440,284.06,-0.00020944
2007,151,7,642.02,115.700089,35.768642,299.01,-0.00033179
2007,151,8,733.74,115.700089,35.767815,239.21,0.00080360
2007,151,9,825.45,115.700243,35.767033,284.06,0.00148295
2007,151,10,917.17,115.700466,35.766271,209.31,0.00146578
2007,151,11,1008.89,115.700898,35.765570,209.31,0.00125818
2007,152,0,0.00,115.699281,35.774193,867.13,0.00100977
2007,152,1,91.87,115.700022,35.774665,762.48,-0.00216442
2007,152,2,183.74,115.700684,35.775271,478.42,-0.00719473
2007,152,3,275.61,115.701543,35.775002,553.17,-0.00555692
2007,152,4,367.48,115.702245,35.774463,448.52,-0.00206300
2007,153,0,0.00,115.700898,35.765570,1480.10,0.00889264
2007,153,1,43.66,115.701380,35.765570,941.88,0.00908148
2007,153,2,87.32,115.701706,35.765839,463.47,0.00927033
2007,154,0,0.00,115.700898,35.765570,284.06,0.00377746
2007,154,1,83.43,115.700628,35.764896,149.51,0.00377746
2007,154,2,166.86,115.700898,35.764222,164.46,0.00377746
2007,155,0,0.00,115.702245,35.774463,373.76,0.00000000
2007,155,1,44.85,115.702245,35.774059,373.76,0.00000000
2007,155,2,89.71,115.702245,35.773654,358.81,0.00000000
2007,156,0,0.00,115.702245,35.774463,837.23,-0.01069880
2007,156,1,31.47,115.702465,35.774683,358.81,-0.01109724
2007,156,2,62.94,115.702784,35.774732,,-0.01149567
2007,157,0,0.00,115.700898,35.764222,1330.60,0.00000000
2007,157,1,48.74,115.701437,35.764222,1270.79,0.00000000
2007,157,2,97.48,115.701976,35.764222,74.75,0.00000000
2007,158,0,0.00,115.700898,35.764222,179.41,0.00269648
2007,158,1,98.38,115.700628,35.763414,149.51,0.00269648
2007,158,2,196.76,115.700898,35.762605,1001.69,0.00269648
2007,159,0,0.00,115.700898,35.762605,1151.19,0.00889210
2007,159,1,43.66,115.701380,35.762605,882.08,0.00908094
2007,159,2,87.32,115.701706,35.762875,299.01,0.00926978
2007,16,0,0.00,115.878225,35.895736,568.12,0.00184902
2007,16,1,97.88,115.877456,35.896275,358.81,0.00406927
2007,16,2,195.75,115.876529,35.896544,747.53,0.00633990
2007,16,3,293.63,115.875675,35.896150,1405.35,0.00409816
2007,16,4,391.50,115.874991,35.895466,1794.06,0.00180605
2007,160,0,0.00,115.700898,35.762605,239.21,0.00867074
2007,160,1,34.24,115.700658,35.762366,284.06,0.00878633
2007,160,2,68.48,115.700628,35.762066,493.37,0.00890192
2007,161,0,0.00,115.700628,35.762066,313.96,0.00000000
2007,161,1,97.66,115.699747,35.761724,343.86,-0.00076706
2007,161,2,195.33,115.698867,35.761383,358.81,-0.00101692
2007,161,3,292.99,115.697859,35.761258,328.91,-0.00067006
2007,161,4,390.66,115.696937,35.760988,299.01,-0.00042020
2007,161,5,488.32,115.695857,35.760988,299.01,0.00092364
2007,161,6,585.99,115.694934,35.760719,299.01,-0.00000000
2007,161,7,683.65,115.694011,35.760449,299.01,-0.00147262
2007,161,8,781.32,115.692931,35.760449,299.01,0.00000000
2007,161,9,878.98,115.691907,35.760352,313.96,0.00023638
2007,161,10,976.64,115.690928,35.760180,328.91,-0.00000000
2007,161,11,1074.31,115.689848,35.760180,328.91,0.00114560
2007,161,12,1171.97,115.688925,35.759910,328.91,0.00000000
2007,161,13,1269.64,115.687988,35.759666,313.96,-0.00074788
2007,161,14,1367.30,115.686923,35.759641,358.81,-0.00000000
2007,161,15,1464.97,115.686000,35.759371,388.71,-0.00008511
2007,161,16,1562.63,115.684920,35.759371,388.71,0.00041176
2007,161,17,1660.29,115.683997,35.759102,403.66,-0.00000000
2007,161,18,1757.96,115.682988,35.758979,418.61,0.00008417
2007,161,19,1855.62,115.681994,35.758832,418.61,0.00000000
2007,161,20,1953.29,115.681071,35.758563,418.61,-0.00049593
2007,161,21,2050.95,115.679991,35.758563,418.61,0.00092364
2007,161,22,2148.62,115.679068,35.758293,418.61,0.00184728
2007,162,0,0.00,115.700628,35.762066,553.17,0.00204267
2007,162,1,70.05,115.701117,35.761577,358.81,0.00214120
2007,162,2,140.10,115.701706,35.761258,89.70,0.00223973
2007,163,0,0.00,115.679068,35.758293,433.57,-0.00000833
2007,163,1,92.49,115.678125,35.758158,418.61,-0.00048990
2007,163,2,184.97,115.677180,35.758024,418.61,-0.00093711
2007,163,3,277.46,115.676158,35.758024,388.71,-0.00045138
2007,163,4,369.95,115.675135,35.758024,388.71,0.00000000
2007,163,5,462.44,115.674112,35.758024,388.71,0.00093711
2007,163,6,554.92,115.673090,35.758024,388.71,0.00105855
2007,163,7,647.41,115.672224,35.757754,388.71,0.00000000
2007,163,8,739.90,115.671220,35.757722,343.86,-0.00024139
2007,163,9,832.38,115.670336,35.757485,358.81,-0.00093711
2007,163,10,924.87,115.669313,35.757485,328.91,0.00011995
2007,163,11,1017.36,115.668290,35.757485,328.91,0.00093711
2007,163,12,1109.84,115.667425,35.757215,328.91,-0.00093711
2007,163,13,1202.33,115.666402,35.757215,299.01,-0.00187422
2007,164,0,0.00,115.679068,35.758293,1794.06,0.00000000
2007,164,1,74.75,115.679068,35.757620,1510.00,0.00000000
2007,164,2,149.51,115.679068,35.756946,882.08,0.00000000
2007,165,0,0.00,115.666402,35.757215,328.91,0.00194659
2007,165,1,87.32,115.665693,35.757315,284.06,0.00244899
2007,165,2,174.64,115.664785,35.757215,209.31,0.00222278
2007,165,3,261.97,115.663977,35.756946,194.36,0.00149416
2007,166,0,0.00,115.666402,35.757215,403.66,-0.00000000
2007,166,1,94.65,115.665741,35.756554,358.81,-0.00307246
2007,166,2,189.29,115.665080,35.755893,209.31,-0.00924983
2007,166,3,283.94,115.664220,35.756163,478.42,-0.00859915
2007,166,4,378.59,115.663977,35.756946,1794.06,-0.00484356
2007,167,0,0.00,115.663977,35.756946,269.11,0.00105386
2007,167,1,97.73,115.662896,35.756946,209.31,0.00083647
2007,167,2,195.46,115.661917,35.756772,194.36,0.00055715
2007,167,3,293.19,115.660892,35.756676,209.31,-0.00000000
2007,167,4,390.92,115.659956,35.756428,194.36,-0.00017631
2007,167,5,488.65,115.658888,35.756407,179.41,0.00000000
2007,167,6,586.38,115.657964,35.756137,179.41,-0.00007129
2007,167,7,684.11,115.656884,35.756137,179.41,0.00102647
2007,167,8,781.84,115.655960,35.755868,209.31,0.00128441
2007,167,9,879.57,115.655054,35.755569,209.31,0.00074793
2007,167,10,977.30,115.654173,35.755227,224.26,0.00015372
2007,167,11,1075.03,115.653347,35.754790,209.31,-0.00067259
2007,167,12,1172.76,115.652410,35.754542,269.11,0.00051796
2007,167,13,1270.49,115.651529,35.754200,313.96,0.00059713
2007,167,14,1368.22,115.650733,35.753712,313.96,-0.00043169
2007,167,15,1465.95,115.649810,35.753442,328.91,0.00017982
2007,167,16,1563.68,115.648985,35.753003,358.81,0.00051692
2007,167,17,1661.41,115.648120,35.752634,388.71,-0.00000000
2007,167,18,1759.14,115.647322,35.752149,403.66,-0.00060319
2007,167,19,1856.87,115.646430,35.751825,373.76,0.00022908
2007,167,20,1954.60,115.645559,35.751464,403.66,0.00226290
2007,167,21,2052.33,115.644778,35.750952,463.47,0.00264041
2007,167,22,2150.06,115.644304,35.750208,448.52,0.00209443
2007,168,0,0.00,115.644034,35.749939,418.61,-0.00000000
2007,168,1,19.29,115.644169,35.750074,358.81,-0.00000000
2007,168,2,38.58,115.644304,35.750208,418.61,-0.00000000
2007,169,0,0.00,115.644034,35.749939,687.72,-0.00082390
2007,169,1,83.68,115.644034,35.749185,672.77,-0.00314969
2007,169,2,167.36,115.643909,35.748467,463.47,-0.00515475
2007,169,3,251.04,115.643226,35.748052,433.57,-0.00483401
2007,17,0,0.00,115.888466,35.884417,1225.94,0.00000000
2007,17,1,73.00,115.887657,35.884417,1375.45,0.00000000
2007,17,2,146.00,115.886849,35.884417,807.33,0.00000000
2007,170,0,0.00,115.644304,35.750208,1794.06,0.00000000
2007,170,1,57.87,115.644708,35.749804,1794.06,0.00000000
2007,170,2,115.73,115.645112,35.749400,867.13,0.00000000
2007,171,0,0.00,115.644034,35.749939,568.12,0.00162066
2007,171,1,93.90,115.643279,35.749992,418.61,0.00390197
2007,171,2,187.81,115.642325,35.749847,358.81,0.00550783
2007,171,3,281.71,115.641878,35.749130,448.52,0.00483238
2007,172,0,0.00,115.643226,35.748052,657.82,0.00204253
2007,172,1,70.05,115.642736,35.748542,1031.59,0.00214104
2007,172,2,140.11,115.642148,35.748861,956.83,0.00223954
2007,173,0,0.00,115.643226,35.748052,463.47,-0.00426202
2007,173,1,65.72,115.642956,35.747538,343.86,-0.00438717
2007,173,2,131.43,115.642417,35.747244,343.86,-0.00451231
2007,174,0,0.00,115.641878,35.749130,1794.06,-0.00000000
2007,174,1,19.29,115.642013,35.748996,1794.06,-0.00000000
2007,174,2,38.58,115.642148,35.748861,1794.06,-0.00000000
2007,175,0,0.00,115.641878,35.749130,418.61,0.00331765
2007,175,1,81.05,115.641014,35.749075,373.76,0.00498765
2007,175,2,162.09,115.640349,35.748679,358.81,0.00486462
2007,175,3,243.14,115.639992,35.748052,373.76,0.00307158
2007,177,0,0.00,115.642148,35.748861,747.53,0.00143593
2007,177,1,94.04,115.642148,35.748013,867.13,0.00147879
2007,177,2,188.09,115.642417,35.747244,837.23,0.00152165
2007,179,0,0.00,115.642417,35.747244,373.76,0.00000000
2007,179,1,62.95,115.641878,35.746975,313.96,0.00000000
2007,179,2,125.91,115.641339,35.746705,403.66,0.00000000
2007,18,0,0.00,115.888466,35.884417,328.91,0.00000000
2007,18,1,53.50,115.888735,35.884013,538.22,0.00000000
2007,18,2,107.01,115.889005,35.883608,568.12,0.00000000
2007,180,0,0.00,115.639992,35.748052,358.81,0.00068188
2007,180,1,93.64,115.639113,35.747783,358.81,0.00116763
2007,180,2,187.29,115.638287,35.747425,358.81,0.00308139
2007,180,3,280.93,115.637533,35.746941,373.76,0.00399663
2007,180,4,374.57,115.637297,35.746166,463.47,0.00348384
2007,181,0,0.00,115.639992,35.748052,1794.06,-0.00000000
2007,181,1,96.45,115.640666,35.747379,1794.06,-0.00000000
2007,181,2,192.89,115.641339,35.746705,717.63,-0.00000000
2007,182,0,0.00,115.641339,35.746705,448.52,-0.00211725
2007,182,1,87.23,115.640862,35.746166,358.81,-0.00114972
2007,182,2,174.46,115.640131,35.745766,343.86,-0.00151492
2007,182,3,261.68,115.639522,35.745157,358.81,-0.00596228
2007,182,4,348.91,115.638597,35.745088,598.02,-0.00739864
2007,182,5,436.14,115.637906,35.745557,1794.06,-0.00339433
2007,182,6,523.37,115.637297,35.746166,1794.06,-0.00106831
2007,184,0,0.00,115.637297,35.746166,418.61,0.00360558
2007,184,1,97.48,115.636318,35.745996,388.71,0.00295232
2007,184,2,194.95,115.635637,35.745315,418.61,0.00114953
2007,184,3,292.43,115.634857,35.744804,403.66,-0.00000000
2007,184,4,389.90,115.634176,35.744124,403.66,-0.00055955
2007,184,5,487.38,115.633396,35.743613,448.52,-0.00055955
2007,184,6,584.85,115.632616,35.743102,448.52,-0.00014522
2007,184,7,682.33,115.631836,35.742592,433.57,-0.00000000
2007,184,8,779.80,115.631031,35.742124,418.61,0.00028852
2007,184,9,877.28,115.630276,35.741570,448.52,0.00014291
2007,184,10,974.76,115.629496,35.741060,418.61,0.00009386
2007,184,11,1072.23,115.628740,35.740507,433.57,-0.00088326
2007,184,12,1169.71,115.627977,35.739968,448.52,-0.00193890
2007,184,13,1267.18,115.627056,35.739698,463.47,-0.00192279
2007,185,0,0.00,115.627056,35.739698,448.52,-0.00368619
2007,185,1,91.02,115.626838,35.738941,448.52,-0.00511224
2007,185,2,182.04,115.626103,35.738476,373.76,-0.00462500
2007,185,3,273.06,115.625170,35.738351,538.22,-0.00271171
2007,186,0,0.00,115.627056,35.739698,1794.06,0.00363746
2007,186,1,97.44,115.626375,35.740379,1166.14,0.00643212
2007,186,2,194.87,115.625373,35.740507,493.37,0.00888910
2007,186,3,292.31,115.624826,35.739894,523.27,0.00710020
2007,186,4,389.74,115.624698,35.739092,911.98,0.00435974
2007,186,5,487.18,115.625170,35.738351,1734.26,0.00307050
2007,187,0,0.00,115.625170,35.738351,448.52,-0.00207118
2007,187,1,98.28,115.624692,35.737604,448.52,-0.00209649
2007,187,2,196.55,115.623906,35.737087,463.47,-0.00106090
2007,187,3,294.83,115.623121,35.736571,448.52,-0.00000000
2007,187,4,393.10,115.622335,35.736055,448.52,0.00055010
2007,187,5,491.38,115.621549,35.735539,403.66,0.00000000
2007,187,6,589.66,115.620863,35.734853,448.52,-0.00113009
2007,187,7,687.93,115.619978,35.734507,403.66,-0.00000000
2007,187,8,786.21,115.619192,35.733991,403.66,0.00057999
2007,187,9,884.48,115.618407,35.733474,403.66,0.00006736
2007,187,10,982.76,115.617621,35.732958,418.61,0.00000000
2007,187,11,1081.04,115.616847,35.732422,373.76,0.00008359
2007,187,12,1179.31,115.616050,35.731926,343.86,-0.00000000
2007,187,13,1277.59,115.615303,35.731344,358.81,0.00019029
2007,187,14,1375.86,115.614479,35.730894,343.86,0.00000000
2007,187,15,1474.14,115.613792,35.730207,388.71,-0.00092122
2007,187,16,1572.42,115.612907,35.729861,388.71,0.00000000
2007,187,17,1670.69,115.612122,35.729345,373.76,0.00035648
2007,187,18,1768.97,115.611336,35.728829,433.57,-0.00057999
2007,187,19,1867.24,115.610512,35.728379,388.71,-0.00012731
2007,187,20,1965.52,115.609666,35.727967,388.71,0.00000000
2007,187,21,2063.80,115.608880,35.727451,343.86,-0.00022917
2007,187,22,2162.07,115.607995,35.727105,358.81,0.00006804
2007,187,23,2260.35,115.607209,35.726589,328.91,-0.00000000
2007,187,24,2358.62,115.606336,35.726223,343.86,-0.00013631
2007,187,25,2456.90,115.605539,35.725727,299.01,-0.00003826
2007,187,26,2555.18,115.604654,35.725381,299.01,0.00064825
2007,187,27,2653.45,115.603862,35.724876,299.01,-0.00014809
2007,187,28,2751.73,115.603083,35.724349,269.11,-0.00167087
2007,187,29,2850.00,115.602160,35.724067,239.21,-0.00094575
2007,187,30,2948.28,115.601231,35.723798,179.41,0.00090454
2007,187,31,3046.56,115.600302,35.723528,119.60,0.00000000
2007,187,32,3144.83,115.599529,35.722989,164.46,-0.00258410
2007,187,33,3243.11,115.598443,35.722989,119.60,-0.00173847
2007,187,34,3341.38,115.597377,35.722955,164.46,-0.00118515
2007,187,35,3439.66,115.596585,35.722989,179.41,-0.00082691
2007,187,36,3537.93,115.595655,35.723259,239.21,0.00025813
2007,187,37,3636.21,115.594569,35.723259,269.11,-0.00058450
2007,187,38,3734.49,115.593640,35.723528,239.21,-0.00084793
2007,187,39,3832.76,115.592655,35.723703,239.21,0.00027192
2007,187,40,3931.04,115.591771,35.724049,269.11,0.00057906
2007,187,41,4029.31,115.590695,35.724067,328.91,-0.00168572
2007,187,42,4127.59,115.589802,35.724400,373.76,-0.00235476
2007,187,43,4225.87,115.589017,35.724916,358.81,-0.00062533
2007,187,44,4324.14,115.588231,35.725433,328.91,0.00177334
2007,187,45,4422.42,115.587446,35.725949,358.81,0.00342042
2007,187,46,4520.69,115.586362,35.725954,448.52,0.00329415
2007,188,0,0.00,115.586362,35.725954,403.66,0.00147146
2007,188,1,96.60,115.585896,35.726689,313.96,0.00169336
2007,188,2,193.21,115.585185,35.727301,343.86,0.00122186
2007,188,3,289.81,115.584431,35.727840,299.01,0.00159478
2007,188,4,386.41,115.583674,35.728373,284.06,0.00143326
2007,188,5,483.01,115.582701,35.728537,328.91,-0.00080682
2007,188,6,579.62,115.581927,35.729041,299.01,-0.00121902
2007,188,7,676.22,115.581102,35.729457,328.91,-0.00054506
2007,188,8,772.82,115.580379,35.730050,284.06,0.00000000
2007,188,9,869.42,115.579594,35.730535,299.01,0.00016849
2007,188,10,966.03,115.578832,35.731059,269.11,0.00060127
2007,188,11,1062.63,115.578058,35.731564,269.11,0.00128609
2007,188,12,1159.23,115.577184,35.731898,269.11,-0.00000000
2007,188,13,1255.83,115.576311,35.732232,254.16,-0.00118172
2007,188,14,1352.44,115.575537,35.732737,269.11,0.00000000
2007,188,15,1449.04,115.574757,35.733230,269.11,0.00067265
2007,188,16,1545.64,115.573890,35.733575,254.16,0.00038226
2007,188,17,1642.25,115.573092,35.734039,284.06,0.00097878
2007,188,18,1738.85,115.572181,35.734308,239.21,0.00070519
2007,188,19,1835.45,115.571271,35.734578,299.01,-0.00000000
2007,189,0,0.00,115.586362,35.725954,1420.30,-0.00652555
2007,189,1,87.35,115.585711,35.725415,448.52,-0.00559145
2007,189,2,174.69,115.584902,35.725684,388.71,-0.00127429
2007,189,3,262.04,115.583937,35.725684,373.76,0.00210878
2007,19,0,0.00,115.874991,35.895466,523.27,-0.00000000
2007,19,1,99.89,115.874193,35.895994,523.27,0.00000000
2007,19,2,199.77,115.873395,35.896523,478.42,0.00055984
2007,19,3,299.66,115.872598,35.897051,463.47,0.00055984
2007,19,4,399.55,115.871701,35.897409,433.57,-0.00055984
2007,19,5,499.44,115.870903,35.897937,403.66,-0.00109083
2007,19,6,599.32,115.870105,35.898466,418.61,0.00000000
2007,19,7,699.21,115.869407,35.899164,448.52,0.00166712
2007,19,8,799.10,115.868509,35.899522,448.52,0.00055984
2007,19,9,898.99,115.867612,35.899880,433.57,-0.00113614
2007,19,10,998.87,115.866814,35.900409,448.52,-0.00055984
2007,19,11,1098.76,115.866017,35.900937,403.66,-0.00013381
2007,19,12,1198.65,115.865219,35.901465,388.71,-0.00129701
2007,19,13,1298.53,115.864481,35.902011,388.71,0.00078564
2007,19,14,1398.42,115.864141,35.902672,358.81,0.00301315
2007,19,15,1498.31,115.863244,35.902632,388.71,-0.00065184
2007,19,16,1598.20,115.862446,35.903160,358.81,-0.00224713
2007,19,17,1698.08,115.861648,35.903689,358.81,-0.00145924
2007,19,18,1797.97,115.860950,35.904387,358.81,-0.00326197
2007,19,19,1897.86,115.860438,35.905139,328.91,-0.00361722
2007,19,20,1997.75,115.860696,35.905965,254.16,-0.00097885
2007,19,21,2097.63,115.860708,35.906862,224.26,0.00000000
2007,19,22,2197.52,115.860839,35.907724,209.31,-0.00000000
2007,19,23,2297.41,115.860977,35.908584,179.41,0.00000000
2007,19,24,2397.29,115.860981,35.909484,224.26,-0.00156142
2007,19,25,2497.18,115.861247,35.910307,254.16,-0.00129378
2007,19,26,2597.07,115.861751,35.911062,269.11,0.00053187
2007,19,27,2696.96,115.862031,35.911881,284.06,0.00056148
2007,19,28,2796.84,115.862311,35.912700,299.01,-0.00000000
2007,19,29,2896.73,115.862594,35.913518,343.86,-0.00051700
2007,19,30,2996.62,115.862872,35.914338,343.86,-0.00128672
2007,19,31,3096.51,115.863361,35.915097,403.66,-0.00104774
2007,19,32,3196.39,115.863942,35.915830,388.71,-0.00056301
2007,19,33,3296.28,115.864549,35.916554,418.61,0.00000000
2007,19,34,3396.17,115.865247,35.917253,418.61,0.00009072
2007,19,35,3496.05,115.865736,35.918012,403.66,-0.00098113
2007,19,36,3595.94,115.866474,35.918643,358.81,-0.00125661
2007,19,37,3695.83,115.867232,35.919238,313.96,-0.00053098
2007,19,38,3795.72,115.868057,35.919721,284.06,-0.00000000
2007,19,39,3895.60,115.868828,35.920295,239.21,-0.00094246
2007,19,40,3995.49,115.869640,35.920799,179.41,-0.00089170
2007,19,41,4095.38,115.870589,35.921068,149.51,0.00011942
2007,19,42,4195.26,115.871381,35.921607,119.60,-0.00179720
2007,19,43,4295.15,115.872330,35.921876,149.51,-0.00179720
2007,19,44,4395.04,115.873436,35.921876,179.41,0.00000000
2007,19,45,4494.93,115.874385,35.922146,179.41,-0.00079980
2007,19,46,4594.81,115.875492,35.922146,239.21,-0.00079980
2007,19,47,4694.70,115.876599,35.922146,299.01,0.00000000
2007,19,48,4794.59,115.877705,35.922146,328.91,0.00064088
2007,19,49,4894.48,115.878812,35.922146,358.81,0.00079980
2007,19,50,4994.36,115.879791,35.922364,343.86,-0.00049695
2007,19,51,5094.25,115.880868,35.922415,448.52,-0.00130288
2007,19,52,5194.14,115.881974,35.922415,418.61,-0.00094373
2007,19,53,5294.02,115.882980,35.922242,403.66,0.00022880
2007,19,54,5393.91,115.884030,35.922146,418.61,0.00079980
2007,19,55,5493.80,115.885137,35.922146,388.71,0.00027428
2007,19,56,5593.69,115.886243,35.922146,328.91,0.00000000
2007,19,57,5693.57,115.887350,35.922146,299.01,0.00000000
2007,19,58,5793.46,115.888457,35.922146,269.11,0.00079980
2007,19,59,5893.35,115.889563,35.922146,358.81,0.00079980
2007,19,60,5993.24,115.890512,35.922415,358.81,0.00000000
2007,19,61,6093.12,115.891619,35.922415,358.81,0.00000000
2007,19,62,6193.01,115.892568,35.922685,388.71,-0.00000000
2007,19,63,6292.90,115.893675,35.922685,328.91,-0.00000000
2007,19,64,6392.78,115.894624,35.922954,358.81,0.00000000
2007,19,65,6492.67,115.895730,35.922954,269.11,0.00088128
2007,19,66,6592.56,115.896680,35.923224,239.21,0.00088128
2007,19,67,6692.45,115.897629,35.923493,209.31,-0.00000000
2007,190,0,0.00,115.571271,35.734578,284.06,0.00137596
2007,190,1,89.11,115.570600,35.735117,239.21,0.00177045
2007,190,2,178.23,115.569827,35.735482,254.16,0.00195182
2007,190,3,267.34,115.569006,35.735764,299.01,0.00092139
2007,190,4,356.46,115.568115,35.735925,299.01,-0.00030066
2007,190,5,445.57,115.567287,35.736195,358.81,-0.00045829
2007,190,6,534.69,115.566445,35.736439,403.66,0.00192128
2007,190,7,623.80,115.565631,35.736734,418.61,0.00426163
2007,190,8,712.91,115.564803,35.736464,403.66,0.00446951
2007,191,0,0.00,115.571271,35.734578,1794.06,-0.00500346
2007,191,1,82.40,115.570904,35.733942,702.67,-0.00438448
2007,191,2,164.79,115.570328,35.733905,478.42,-0.00051177
2007,191,3,247.19,115.569654,35.733500,538.22,0.00274197
2007,192,0,0.00,115.564803,35.736464,867.13,0.00143614
2007,192,1,94.04,115.564803,35.735617,762.48,0.00147901
2007,192,2,188.09,115.565072,35.734847,538.22,0.00152189
2007,193,0,0.00,115.564803,35.736464,433.57,0.00064145
2007,193,1,95.02,115.564066,35.737003,418.61,0.00175360
2007,193,2,190.03,115.563277,35.737451,343.86,0.00189851
2007,193,3,285.05,115.562316,35.737604,343.86,0.00046085
2007,193,4,380.06,115.561453,35.737927,299.01,0.00019259
2007,193,5,475.08,115.560493,35.738081,328.91,-0.00022953
2007,193,6,570.10,115.559600,35.738351,358.81,0.00055155
2007,193,7,665.11,115.558706,35.738620,313.96,0.00164217
2007,193,8,760.13,115.557656,35.738620,269.11,-0.00044439
2007,193,9,855.14,115.556647,35.738691,358.81,-0.00137801
2007,193,10,950.16,115.555785,35.739014,343.86,-0.00007292
2007,193,11,1045.17,115.554819,35.739159,358.81,-0.00026416
2007,193,12,1140.19,115.553925,35.739429,358.81,-0.00046113
2007,193,13,1235.21,115.553032,35.739698,358.81,0.00097844
2007,193,14,1330.22,115.552139,35.739968,358.81,0.00097844
2007,193,15,1425.24,115.551088,35.739968,358.81,-0.00000000
2007,193,16,1520.25,115.550195,35.740237,358.81,0.00088642
2007,193,17,1615.27,115.549144,35.740237,388.71,0.00088642
2007,193,18,1710.29,115.548094,35.740237,388.71,0.00000000
2007,194,0,0.00,115.548094,35.740237,508.32,0.00527443
2007,194,1,90.48,115.547671,35.740930,284.06,0.00572154
2007,194,2,180.95,115.546738,35.741046,284.06,0.00348990
2007,194,3,271.43,115.545738,35.741046,209.31,0.00247032
2007,194,4,361.90,115.544738,35.741046,403.66,0.00423754
2007,194,5,452.38,115.544052,35.740507,493.37,0.00434559
2007,195,0,0.00,115.548094,35.740237,598.02,-0.00184275
2007,195,1,98.70,115.547405,35.739548,493.37,-0.00328171
2007,195,2,197.40,115.546540,35.739159,224.26,-0.00570784
2007,195,3,296.09,115.545449,35.739159,284.06,-0.00561319
2007,195,4,394.79,115.544741,35.739817,538.22,-0.00235586
2007,195,5,493.49,115.544052,35.740507,553.17,-0.00018036
2007,196,0,0.00,115.544052,35.740507,388.71,0.00000000
2007,196,1,24.38,115.543782,35.740507,388.71,0.00000000
2007,196,2,48.76,115.543513,35.740507,388.71,0.00000000
2007,197,0,0.00,115.543513,35.740507,553.17,0.00764257
2007,197,1,75.52,115.543165,35.741046,299.01,0.00719719
2007,197,2,151.04,115.542331,35.741046,358.81,0.00480023
2007,197,3,226.56,115.541496,35.741046,269.11,0.00300387
2007,197,4,302.08,115.540818,35.740776,313.96,0.00315908
2007,198,0,0.00,115.543513,35.740507,612.97,-0.00124059
2007,198,1,92.56,115.543075,35.739799,642.87,-0.00438692
2007,198,2,185.12,115.542425,35.739159,269.11,-0.00829716
2007,198,3,277.68,115.541559,35.739429,299.01,-0.00778309
2007,198,4,370.24,115.540838,35.739948,702.67,-0.00542274
2007,198,5,462.80,115.540818,35.740776,1794.06,-0.00434037
2007,2,0,0.00,115.879572,35.894658,627.92,-0.00188919
2007,2,1,74.22,115.879263,35.894078,1569.81,-0.00183643
2007,2,2,148.44,115.878744,35.893559,1794.06,-0.00089184
2007,2,3,222.66,115.878225,35.893041,1794.06,0.00000000
2007,20,0,0.00,115.889005,35.883608,1196.04,-0.00534643
2007,20,1,94.64,115.889865,35.883826,1091.39,-0.00513617
2007,20,2,189.28,115.890626,35.883334,1031.59,-0.00400247
2007,20,3,283.93,115.891387,35.882843,971.78,-0.00495655
2007,20,4,378.57,115.891700,35.882080,433.57,-0.00685920
2007,20,5,473.21,115.891316,35.881338,627.92,-0.00562645
2007,20,6,567.85,115.890517,35.880913,1076.44,-0.00465448
2007,20,7,662.49,115.889626,35.880644,1016.64,-0.00435081
2007,20,8,757.14,115.888735,35.880913,1076.44,-0.00376122
2007,200,0,0.00,115.540818,35.740776,343.86,0.00338691
2007,200,1,99.52,115.539875,35.741046,328.91,0.00338691
2007,200,2,199.05,115.538931,35.740776,299.01,0.00338691
2007,201,0,0.00,115.538931,35.740776,1794.06,0.00000000
2007,201,1,70.82,115.538931,35.740138,1794.06,0.00297949
2007,201,2,141.64,115.538931,35.739500,702.67,0.00643693
2007,201,3,212.47,115.539470,35.739159,328.91,0.00691487
2007,202,0,0.00,115.538931,35.740776,328.91,0.00185056
2007,202,1,97.58,115.538010,35.741046,299.01,0.00251582
2007,202,2,195.16,115.536931,35.741046,328.91,0.00167822
2007,202,3,292.74,115.535994,35.740803,313.96,-0.00067304
2007,202,4,390.32,115.534930,35.740776,328.91,-0.00083911
2007,202,5,487.90,115.533852,35.740776,328.91,0.00076072
2007,202,6,585.48,115.532773,35.740776,358.81,0.00083911
2007,202,7,683.06,115.531851,35.740507,358.81,-0.00083911
2007,202,8,780.64,115.530773,35.740507,328.91,0.00000000
2007,202,9,878.22,115.529694,35.740507,328.91,0.00083911
2007,202,10,975.80,115.528772,35.740237,328.91,-0.00083911
2007,202,11,1073.38,115.527693,35.740237,388.71,-0.00047805
2007,202,12,1170.96,115.526615,35.740237,418.61,0.00149099
2007,202,13,1268.54,115.525606,35.740117,418.61,0.00191260
2007,202,14,1366.12,115.524726,35.739776,373.76,0.00054972
2007,202,15,1463.70,115.523846,35.739435,373.76,0.00000000
2007,202,16,1561.28,115.522928,35.739159,388.71,0.00046589
2007,202,17,1658.86,115.522086,35.738753,328.91,0.00000000
2007,202,18,1756.44,115.521206,35.738412,343.86,-0.00052544
2007,202,19,1854.02,115.520326,35.738071,284.06,0.00041298
2007,202,20,1951.60,115.519398,35.737812,269.11,0.00074256
2007,202,21,2049.18,115.518633,35.737273,269.11,-0.00092225
2007,202,22,2146.76,115.517711,35.737003,224.26,-0.00095933
2007,202,23,2244.34,115.516790,35.736734,164.46,-0.00000000
2007,202,24,2341.92,115.515868,35.736464,149.51,0.00000000
2007,202,25,2439.50,115.514946,35.736195,224.26,0.00000000
2007,203,0,0.00,115.514946,35.736195,254.16,-0.00211981
2007,203,1,98.38,115.514886,35.735326,164.46,-0.00160897
2007,203,2,196.77,115.514407,35.734578,269.11,0.00083450
2007,203,3,295.15,115.514138,35.733769,358.81,0.00189771
2007,203,4,393.54,115.514198,35.732900,313.96,0.00017872
2007,203,5,491.92,115.514138,35.732152,343.86,-0.00067086
2007,204,0,0.00,115.514946,35.736195,777.43,0.01069491
2007,204,1,31.48,115.514726,35.736415,328.91,0.01109279
2007,204,2,62.96,115.514407,35.736464,642.87,0.01149066
2007,205,0,0.00,115.514138,35.732152,1136.24,0.00353468
2007,205,1,68.05,115.513386,35.732152,1210.99,0.00372419
2007,205,2,136.10,115.512790,35.731883,971.78,0.00391371
2007,206,0,0.00,115.514138,35.732152,343.86,-0.00000000
2007,206,1,88.60,115.514407,35.731432,313.96,-0.00065756
2007,206,2,177.20,115.514677,35.730712,328.91,-0.00086014
2007,206,3,265.80,115.514741,35.729932,388.71,0.00156688
2007,206,4,354.41,115.514946,35.729193,388.71,0.00173240
2007,206,5,443.01,115.515561,35.728573,418.61,-0.00200460
2007,206,6,531.61,115.515755,35.727830,448.52,-0.00254322
2007,206,7,620.21,115.515755,35.727032,448.52,-0.00115135
2007,207,0,0.00,115.515755,35.727032,553.17,-0.00343580
2007,207,1,99.51,115.516648,35.726678,463.47,-0.00382559
2007,207,2,199.03,115.517102,35.725913,403.66,-0.00245964
2007,207,3,298.54,115.517372,35.725094,388.71,0.00020531
2007,207,4,398.05,115.517689,35.724289,388.71,0.00044735
2007,207,5,497.57,115.518175,35.723533,388.71,-0.00063949
2007,207,6,597.08,115.518450,35.722716,358.81,0.00012276
2007,207,7,696.59,115.518730,35.721901,388.71,0.00062487
2007,207,8,796.11,115.519258,35.721157,358.81,-0.00069256
2007,207,9,895.62,115.519528,35.720339,328.91,-0.00017602
2007,207,10,995.14,115.519797,35.719520,328.91,0.00069256
2007,207,11,1094.65,115.520257,35.718757,358.81,-0.00028601
2007,207,12,1194.16,115.520606,35.717961,343.86,-0.00029895
2007,207,13,1293.68,115.520875,35.717143,313.96,0.00021078
2007,207,14,1393.19,115.521298,35.716368,284.06,-0.00035340
2007,207,15,1492.70,115.521575,35.715552,313.96,-0.00037362
2007,207,16,1592.22,115.521853,35.714736,284.06,-0.00046839
2007,207,17,1691.73,115.522130,35.713919,269.11,-0.00048806
2007,207,18,1791.24,115.522223,35.713049,269.11,0.00040654
2007,207,19,1890.76,115.522492,35.712231,239.21,-0.00008140
2007,207,20,1990.27,115.522753,35.711410,179.41,-0.00063528
2007,207,21,2089.78,115.522822,35.710533,209.31,-0.00029507
2007,207,22,2189.30,115.523031,35.709697,239.21,-0.00066108
2007,207,23,2288.81,115.523031,35.708800,254.16,-0.00049368
2007,207,24,2388.33,115.523031,35.707903,254.16,0.00000000
2007,207,25,2487.84,115.523031,35.707006,254.16,0.00000000
2007,207,26,2587.35,115.523031,35.706109,224.26,-0.00064028
2007,207,27,2686.87,115.523031,35.705212,209.31,-0.00064028
2007,207,28,2786.38,115.522762,35.704394,179.41,-0.00000000
2007,207,29,2885.89,115.522762,35.703497,179.41,-0.00143236
2007,207,30,2985.41,115.522492,35.702678,239.21,-0.00198095
2007,207,31,3084.92,115.521929,35.701945,254.16,-0.00035542
2007,207,32,3184.43,115.521443,35.701189,239.21,0.00019317
2007,207,33,3283.95,115.520957,35.700433,299.01,-0.00070328
2007,207,34,3383.46,115.520470,35.699678,373.76,-0.00047394
2007,207,35,3482.97,115.519797,35.699118,373.76,-0.00008526
2007,207,36,3582.49,115.519399,35.698337,373.76,-0.00156961
2007,207,37,3682.00,115.518605,35.697812,448.52,-0.00071906
2007,207,38,3781.51,115.517810,35.697287,403.66,0.00053594
2007,207,39,3881.03,115.517115,35.696592,433.57,-0.00000000
2007,207,40,3980.54,115.516321,35.696067,388.71,-0.00035597
2007,207,41,4080.06,115.515626,35.695372,418.61,-0.00053594
2007,207,42,4179.57,115.514765,35.694962,418.61,0.00069476
2007,207,43,4279.08,115.514038,35.694323,373.76,0.00061973
2007,207,44,4378.60,115.513343,35.693628,373.76,-0.00073946
2007,207,45,4478.11,115.512565,35.693076,358.81,-0.00052748
2007,207,46,4577.62,115.511779,35.692537,388.71,-0.00027233
2007,207,47,4677.14,115.510993,35.691998,388.71,-0.00089701
2007,207,48,4776.65,115.510166,35.691529,403.66,-0.00042795
2007,207,49,4876.16,115.509264,35.691189,388.71,0.00089701
2007,207,50,4975.68,115.508478,35.690650,358.81,0.00131451
2007,208,0,0.00,115.515755,35.727032,822.28,0.00030990
2007,208,1,80.30,115.515194,35.726471,792.38,0.00323757
2007,208,2,160.60,115.514677,35.725897,448.52,0.00410457
2007,208,3,240.90,115.514946,35.725252,418.61,-0.00102127
2007,208,4,321.20,115.514677,35.724606,478.42,-0.00408644
2007,209,0,0.00,115.508478,35.690650,328.91,0.00000000
2007,209,1,84.54,115.507690,35.690400,299.01,0.00028218
2007,209,2,169.07,115.506901,35.690151,284.06,0.00037645
2007,209,3,253.61,115.506147,35.689842,343.86,-0.00134354
2007,209,4,338.15,115.505370,35.689572,299.01,-0.00256583
2007,209,5,422.68,115.504436,35.689572,209.31,-0.00225603
2007,21,0,0.00,115.889005,35.883608,493.37,0.00000000
2007,21,1,76.92,115.889005,35.882915,523.27,-0.00107950
2007,21,2,153.84,115.889005,35.882222,403.66,-0.00107950
2007,21,3,230.75,115.888735,35.881607,553.17,0.00107950
2007,21,4,307.67,115.888735,35.880913,612.97,0.00215900
2007,210,0,0.00,115.508478,35.690650,1435.25,0.00000000
2007,210,1,98.39,115.508748,35.689842,1255.84,0.00000000
2007,210,2,196.78,115.509017,35.689033,448.52,0.00000000
2007,211,0,0.00,115.504436,35.689572,867.13,0.00000000
2007,211,1,29.90,115.504436,35.689842,956.83,0.00000000
2007,211,2,59.80,115.504436,35.690111,627.92,0.00000000
2007,212,0,0.00,115.504436,35.689572,239.21,-0.00000000
2007,212,1,96.88,115.503523,35.689303,328.91,0.00010322
2007,212,2,193.76,115.502609,35.689033,328.91,0.00097304
2007,212,3,290.64,115.501712,35.688735,373.76,0.00158793
2007,212,4,387.53,115.500939,35.688225,328.91,-0.00000000
2007,212,5,484.41,115.500161,35.687723,299.01,-0.00155872
2007,212,6,581.29,115.499269,35.687416,269.11,-0.00038703
2007,212,7,678.17,115.498355,35.687147,328.91,0.00130042
2007,212,8,775.05,115.497536,35.686715,313.96,0.00076876
2007,212,9,871.93,115.496761,35.686209,328.91,-0.00092734
2007,212,10,968.81,115.495929,35.685799,299.01,0.00008093
2007,212,11,1065.69,115.495015,35.685530,284.06,0.00172911
2007,212,12,1162.58,115.494334,35.684860,254.16,-0.00034236
2007,212,13,1259.46,115.493559,35.684354,299.01,-0.00114129
2007,212,14,1356.34,115.492684,35.684018,299.01,0.00000000
2007,212,15,1453.22,115.491908,35.683512,269.11,0.00059781
2007,212,16,1550.10,115.491033,35.683176,313.96,0.00105866
2007,212,17,1646.98,115.490357,35.682500,313.96,-0.00000000
2007,212,18,1743.86,115.489562,35.682026,328.91,-0.00023838
2007,212,19,1840.75,115.488805,35.681487,328.91,0.00044492
2007,213,0,0.00,115.488805,35.681487,598.02,-0.00219148
2007,213,1,81.86,115.488805,35.680750,493.37,-0.00479838
2007,213,2,163.72,115.488497,35.680101,209.31,-0.00634698
2007,213,3,245.58,115.487727,35.679870,373.76,-0.00528867
2007,214,0,0.00,115.488805,35.681487,418.61,0.00039427
2007,214,1,75.85,115.488276,35.681497,433.57,0.00317330
2007,214,2,151.70,115.487449,35.681478,209.31,0.00578802
2007,214,3,227.55,115.486919,35.680948,239.21,0.00562371
2007,215,0,0.00,115.487727,35.679870,433.57,-0.00335152
2007,215,1,77.69,115.487394,35.679267,239.21,-0.00340360
2007,215,2,155.37,115.486752,35.678895,209.31,-0.00172785
2007,215,3,233.06,115.486110,35.678523,209.31,0.00000000
2007,216,0,0.00,115.487727,35.679870,448.52,0.00196746
2007,216,1,72.84,115.487428,35.680440,1091.39,0.00191196
2007,216,2,145.67,115.486919,35.680948,1689.41,0.00185646
2007,217,0,0.00,115.486919,35.680948,269.11,0.00181389
2007,217,1,94.25,115.485963,35.680801,239.21,0.00137411
2007,217,2,188.51,115.485150,35.680409,209.31,0.00073282
2007,217,3,282.76,115.484266,35.680140,209.31,0.00108536
2007,217,4,377.02,115.483493,35.679678,239.21,0.00091623
2007,217,5,471.27,115.482736,35.679191,209.31,0.00125367
2007,217,6,565.52,115.481978,35.678703,328.91,0.00228556
2007,217,7,659.78,115.481529,35.677984,508.32,0.00225683
2007,219,0,0.00,115.486110,35.678523,299.01,-0.00471587
2007,219,1,65.74,115.485860,35.678003,224.26,-0.00480275
2007,219,2,131.48,115.485302,35.677714,194.36,-0.00488963
2007,22,0,0.00,115.897629,35.923493,239.21,0.00123788
2007,22,1,98.51,115.898616,35.923672,209.31,0.00117241
2007,22,2,197.02,115.899497,35.924032,149.51,0.00168416
2007,22,3,295.53,115.900391,35.924370,119.60,0.00171583
2007,22,4,394.04,115.901080,35.925058,164.46,0.00163892
2007,22,5,492.55,115.901868,35.925577,164.46,0.00207926
2007,22,6,591.06,115.902139,35.926387,164.46,0.00000300
2007,22,7,689.57,115.902618,35.927136,239.21,-0.00107016
2007,22,8,788.08,115.903288,35.927830,239.21,0.00043009
2007,22,9,886.58,115.903787,35.928574,269.11,0.00081404
2007,22,10,985.09,115.904267,35.929323,284.06,0.00088567
2007,22,11,1083.60,115.904635,35.930104,269.11,-0.00097962
2007,22,12,1182.11,115.904905,35.930914,299.01,-0.00236783
2007,22,13,1280.62,115.905685,35.931309,254.16,0.00325875
2007,22,14,1379.13,115.906252,35.932018,224.26,0.00670682
2007,22,15,1477.64,115.905641,35.932729,269.11,0.00102366
2007,22,16,1576.15,115.905174,35.933482,164.46,-0.00208677
2007,22,17,1674.66,115.905174,35.934370,179.41,-0.00015239
2007,22,18,1773.17,115.904905,35.935180,179.41,0.00035167
2007,22,19,1871.68,115.904767,35.936028,209.31,0.00089344
2007,22,20,1970.19,115.904497,35.936837,284.06,0.00138160
2007,22,21,2068.70,115.904017,35.937587,313.96,-0.00005572
2007,22,22,2167.21,115.903557,35.938342,328.91,-0.00104355
2007,22,23,2265.72,115.903288,35.939152,358.81,-0.00043541
2007,22,24,2364.23,115.903018,35.939962,388.71,0.00115292
2007,22,25,2462.73,115.902725,35.940765,508.32,0.00127627
2007,22,26,2561.24,115.902037,35.941453,523.27,-0.00060042
2007,22,27,2659.75,115.901671,35.942236,478.42,-0.00133763
2007,22,28,2758.26,115.901286,35.943012,478.42,0.00000000
2007,22,29,2856.77,115.901132,35.943855,508.32,0.00085579
2007,22,30,2955.28,115.900536,35.944571,463.47,-0.00000000
2007,22,31,3053.79,115.900265,35.945381,523.27,-0.00030330
2007,22,32,3152.30,115.899786,35.946130,508.32,-0.00054662
2007,22,33,3250.81,115.899515,35.946939,508.32,-0.00109324
2007,220,0,0.00,115.486110,35.678523,224.26,0.00531968
2007,220,1,55.89,115.485493,35.678523,209.31,0.00556549
2007,220,2,111.78,115.485032,35.678253,194.36,0.00581130
2007,221,0,0.00,115.481529,35.677984,807.33,-0.00000000
2007,221,1,49.20,115.481664,35.677580,941.88,-0.00000000
2007,221,2,98.39,115.481798,35.677175,822.28,-0.00000000
2007,222,0,0.00,115.481529,35.677984,358.81,0.00207612
2007,222,1,96.05,115.480468,35.677984,343.86,0.00182300
2007,222,2,192.11,115.479593,35.677665,328.91,0.00122951
2007,222,3,288.16,115.478659,35.677445,269.11,0.00194458
2007,222,4,384.22,115.477855,35.677005,313.96,-0.00000000
2007,222,5,480.27,115.477165,35.676367,313.96,-0.00194458
2007,222,6,576.33,115.476117,35.676344,269.11,0.00142341
2007,222,7,672.38,115.475356,35.675828,224.26,0.00239459
2007,222,8,768.44,115.474609,35.675289,209.31,0.00128846
2007,222,9,864.49,115.473983,35.674651,224.26,0.00106921
2007,222,10,960.54,115.473444,35.673941,343.86,0.00061473
2007,223,0,0.00,115.481798,35.677175,598.02,-0.00313687
2007,223,1,64.15,115.481798,35.676597,463.47,-0.00323044
2007,223,2,128.30,115.481529,35.676097,373.76,-0.00332401
2007,224,0,0.00,115.481798,35.677175,284.06,0.00896841
2007,224,1,97.24,115.480990,35.676817,463.47,0.00833940
2007,224,2,194.47,115.481529,35.676097,433.57,0.00771039
2007,225,0,0.00,115.481798,35.677175,388.71,0.00369576
2007,225,1,82.65,115.482574,35.676939,463.47,0.00321522
2007,225,2,165.31,115.483349,35.677109,328.91,0.00087421
2007,225,3,247.96,115.484224,35.677175,284.06,-0.00098625
2007,226,0,0.00,115.473714,35.673672,1719.31,0.00000000
2007,226,1,19.30,115.473579,35.673807,1794.06,0.00000000
2007,226,2,38.59,115.473444,35.673941,1794.06,0.00000000
2007,227,0,0.00,115.473444,35.673941,328.91,0.00605356
2007,227,1,72.96,115.472638,35.673941,209.31,0.00937298
2007,227,2,145.92,115.472128,35.673434,448.52,0.00999095
2007,227,3,218.87,115.472366,35.672864,598.02,0.00728951
2007,228,0,0.00,115.473714,35.673672,388.71,0.00000000
2007,228,1,36.60,115.474118,35.673672,388.71,0.00000000
2007,228,2,73.19,115.474522,35.673672,284.06,0.00000000
2007,229,0,0.00,115.473714,35.673672,388.71,-0.00370940
2007,229,1,67.16,115.473714,35.673067,463.47,-0.00802312
2007,229,2,134.33,115.473377,35.672594,209.31,-0.00983905
2007,229,3,201.49,115.472636,35.672594,254.16,-0.00734128
2007,23,0,0.00,115.897629,35.923493,1031.59,0.00312834
2007,23,1,64.13,115.897629,35.924071,1330.60,0.00322125
2007,23,2,128.25,115.897359,35.924571,777.43,0.00331416
2007,231,0,0.00,115.481529,35.676097,343.86,-0.00105397
2007,231,1,96.81,115.480853,35.675421,313.96,-0.00052698
2007,231,2,193.61,115.480078,35.674916,284.06,0.00000000
2007,231,3,290.42,115.479402,35.674240,328.91,-0.00056798
2007,231,4,387.22,115.478627,35.673734,284.06,-0.00056798
2007,231,5,484.03,115.477852,35.673229,224.26,-0.00059885
2007,231,6,580.83,115.477077,35.672723,194.36,0.00051937
2007,231,7,677.64,115.476202,35.672388,209.31,0.00220876
2007,231,8,774.44,115.475735,35.671651,209.31,-0.00051937
2007,231,9,871.25,115.475058,35.670977,179.41,-0.00160306
2007,231,10,968.05,115.474185,35.670640,373.76,-0.00000343
2007,231,11,1064.86,115.473509,35.669964,343.86,-0.00122100
2007,231,12,1161.66,115.472634,35.669630,418.61,-0.00204571
2007,231,13,1258.47,115.471760,35.669293,448.52,-0.00457573
2007,231,14,1355.27,115.470886,35.669223,612.97,-0.00601230
2007,231,15,1452.08,115.470210,35.669899,642.87,-0.00454311
2007,232,0,0.00,115.472636,35.672594,598.02,-0.00000000
2007,232,1,19.30,115.472501,35.672729,837.23,-0.00000000
2007,232,2,38.59,115.472366,35.672864,1569.81,-0.00000000
2007,234,0,0.00,115.472636,35.672594,463.47,0.00762700
2007,234,1,73.60,115.472732,35.671959,807.33,0.00786782
2007,234,2,147.19,115.473444,35.671786,538.22,0.00810863
2007,235,0,0.00,115.472366,35.672864,194.36,0.00254903
2007,235,1,80.63,115.471632,35.672594,358.81,0.00315862
2007,235,2,161.26,115.471042,35.672078,343.86,0.00159954
2007,235,3,241.89,115.470652,35.671516,418.61,-0.00000000
2007,235,4,322.52,115.470025,35.671062,418.61,0.00155309
2007,235,5,403.15,115.469671,35.670438,463.47,0.00253705
2007,236,0,0.00,115.470210,35.669899,642.87,0.00000000
2007,236,1,38.59,115.469941,35.670169,807.33,0.00000000
2007,236,2,77.19,115.469671,35.670438,598.02,0.00000000
2007,237,0,0.00,115.470210,35.669899,523.27,0.00144329
2007,237,1,83.98,115.469941,35.669221,702.67,0.00033613
2007,237,2,167.95,115.469873,35.668483,642.87,-0.00324136
2007,237,3,251.93,115.469495,35.667836,388.71,-0.00966854
2007,237,4,335.91,115.468809,35.667527,717.63,-0.01167329
2007,237,5,419.88,115.468324,35.668143,358.81,-0.00564050
2007,237,6,503.86,115.468054,35.668821,762.48,-0.00155982
2007,238,0,0.00,115.469671,35.670438,568.12,0.01148202
2007,238,1,31.50,115.469352,35.670388,478.42,0.01108512
2007,238,2,62.99,115.469132,35.670169,508.32,0.01068821
2007,239,0,0.00,115.468054,35.668821,388.71,-0.00368696
2007,239,1,55.90,115.467565,35.668601,269.11,-0.00358301
2007,239,2,111.79,115.466976,35.668552,313.96,-0.00347905
2007,240,0,0.00,115.468054,35.668821,583.07,-0.00121302
2007,240,1,92.14,115.468489,35.669525,538.22,-0.00118218
2007,240,2,184.27,115.469132,35.670169,508.32,-0.00115134
2007,241,0,0.00,115.469132,35.670169,717.63,0.00543506
2007,241,1,79.26,115.468414,35.670438,538.22,0.00543506
2007,241,2,158.52,115.467695,35.670169,388.71,0.00271753
2007,241,3,237.78,115.466976,35.669899,239.21,0.00000000
2007,243,0,0.00,115.466976,35.668552,373.76,0.00000000
2007,243,1,74.75,115.466976,35.669225,852.18,0.00000000
2007,243,2,149.51,115.466976,35.669899,717.63,0.00000000
2007,244,0,0.00,115.466976,35.668552,209.31,-0.00729699
2007,244,1,80.59,115.466400,35.668013,224.26,-0.00931095
2007,244,2,161.18,115.465653,35.668258,882.08,-0.00714404
2007,244,3,241.77,115.465090,35.668821,1794.06,-0.00296317
2007,246,0,0.00,115.466976,35.669899,328.91,0.00427744
2007,246,1,81.09,115.466081,35.669899,209.31,0.00571747
2007,246,2,162.19,115.465447,35.669448,224.26,0.00486146
2007,246,3,243.28,115.465090,35.668821,254.16,0.00256542
2007,247,0,0.00,115.465090,35.668821,343.86,0.00488945
2007,247,1,65.74,115.464532,35.668532,313.96,0.00480262
2007,247,2,131.49,115.464281,35.668013,313.96,0.00471579
2007,248,0,0.00,115.464281,35.668013,358.81,0.00314783
2007,248,1,86.15,115.463382,35.667922,284.06,0.00303821
2007,248,2,172.30,115.462692,35.667474,284.06,0.00211810
2007,248,3,258.45,115.461981,35.667060,269.11,0.00139422
2007,248,4,344.60,115.461379,35.666458,254.16,0.00074042
2007,248,5,430.75,115.460778,35.665857,328.91,0.00000000
2007,249,0,0.00,115.464281,35.668013,1794.06,-0.00347749
2007,249,1,53.54,115.464655,35.667639,1076.44,-0.00358427
2007,249,2,107.09,115.464820,35.667204,702.67,-0.00369106
2007,25,0,0.00,115.888735,35.880913,598.02,0.00191004
2007,25,1,87.63,115.888196,35.880421,583.07,0.00037137
2007,25,2,175.26,115.887829,35.879737,568.12,-0.00070095
2007,25,3,262.89,115.887117,35.879295,553.17,0.00119019
2007,25,4,350.52,115.886713,35.878622,508.32,0.00130749
2007,25,5,438.15,115.886310,35.877949,508.32,0.00000000
2007,250,0,0.00,115.460778,35.665857,1794.06,-0.00084998
2007,250,1,87.15,115.461386,35.665248,1076.44,-0.00064449
2007,250,2,174.31,115.461856,35.664599,762.48,-0.00000000
2007,250,3,261.46,115.462395,35.663970,284.06,0.00043899
2007,251,0,0.00,115.460778,35.665857,523.27,-0.00000000
2007,251,1,92.52,115.460033,35.665381,284.06,0.00132225
2007,251,2,185.03,115.459288,35.664905,299.01,0.00299368
2007,251,3,277.55,115.458891,35.664187,343.86,0.00204862
2007,251,4,370.07,115.458622,35.663431,358.81,0.00075438
2007,252,0,0.00,115.462395,35.663970,478.42,-0.00324574
2007,252,1,74.53,115.463061,35.664240,284.06,-0.00162287
2007,252,2,149.06,115.463884,35.664240,343.86,0.00162287
2007,252,3,223.60,115.464551,35.664509,313.96,0.00324574
2007,253,0,0.00,115.462395,35.663970,523.27,-0.00342061
2007,253,1,89.95,115.461767,35.663342,299.01,-0.00427691
2007,253,2,179.90,115.460878,35.663162,343.86,-0.00321653
2007,253,3,269.85,115.459885,35.663162,403.66,-0.00064993
2007,253,4,359.80,115.458891,35.663162,598.02,0.00000000
2007,254,0,0.00,115.458891,35.663162,1315.65,0.00000000
2007,254,1,19.30,115.458757,35.663296,1390.40,0.00000000
2007,254,2,38.59,115.458622,35.663431,1764.16,0.00000000
2007,255,0,0.00,115.458622,35.663431,463.47,0.00082257
2007,255,1,95.29,115.457726,35.663162,343.86,0.00185978
2007,255,2,190.58,115.456895,35.662782,299.01,0.00184157
2007,255,3,285.88,115.456229,35.662117,299.01,0.00039308
2007,255,4,381.17,115.455465,35.661622,284.06,0.00000000
2007,255,5,476.46,115.454799,35.660956,239.21,0.00000000
2007,255,6,571.75,115.454035,35.660461,254.16,0.00000000
2007,255,7,667.04,115.453370,35.659796,179.41,0.00000000
2007,255,8,762.33,115.452605,35.659301,224.26,-0.00058709
2007,255,9,857.63,115.451940,35.658635,209.31,-0.00184157
2007,255,10,952.92,115.451076,35.658311,209.31,-0.00250895
2007,256,0,0.00,115.458891,35.663162,418.61,-0.00143736
2007,256,1,94.05,115.458891,35.662314,508.32,-0.00148034
2007,256,2,188.10,115.458622,35.661545,328.91,-0.00152332
2007,257,0,0.00,115.451076,35.658311,1240.89,0.00417089
2007,257,1,92.51,115.450368,35.658850,179.41,0.00312020
2007,257,2,185.01,115.449346,35.658850,164.46,0.00076834
2007,257,3,277.52,115.448481,35.659119,224.26,-0.00000000
2007,257,4,370.02,115.447501,35.659191,224.26,0.00052576
2007,257,5,462.53,115.446595,35.659389,254.16,0.00023119
2007,257,6,555.03,115.445573,35.659389,254.16,-0.00025935
2007,257,7,647.54,115.444672,35.659595,299.01,0.00049611
2007,257,8,740.04,115.443687,35.659658,313.96,0.00093665
2007,257,9,832.55,115.442665,35.659658,313.96,0.00020935
2007,257,10,925.06,115.441644,35.659658,313.96,0.00000000
2007,258,0,0.00,115.451076,35.658311,373.76,-0.00322311
2007,258,1,96.05,115.450614,35.657579,134.55,-0.00359374
2007,258,2,192.10,115.449755,35.657233,119.60,-0.00322112
2007,258,3,288.16,115.448851,35.656963,179.41,-0.00123893
2007,258,4,384.21,115.447790,35.656963,209.31,0.00000000
2007,258,5,480.26,115.446886,35.656694,239.21,-0.00000000
2007,258,6,576.31,115.445826,35.656694,269.11,-0.00000000
2007,258,7,672.37,115.444921,35.656424,299.01,-0.00173354
2007,258,8,768.42,115.443861,35.656424,299.01,-0.00173354
2007,258,9,864.47,115.442957,35.656694,328.91,0.00086677
2007,258,10,960.52,115.441896,35.656694,328.91,0.00086677
2007,258,11,1056.58,115.440835,35.656694,388.71,0.00000000
2007,259,0,0.00,115.440835,35.656694,926.93,-0.00000000
2007,259,1,68.50,115.440566,35.657233,1016.64,-0.00000000
2007,259,2,136.99,115.440296,35.657772,1001.69,-0.00000000
2007,26,0,0.00,115.899515,35.946939,642.87,-0.00000000
2007,26,1,80.29,115.898783,35.947209,568.12,-0.00102622
2007,26,2,160.58,115.898051,35.947478,388.71,-0.00077635
2007,26,3,240.87,115.897433,35.947944,239.21,0.00063700
2007,26,4,321.16,115.896673,35.948165,179.41,-0.00049683
2007,26,5,401.45,115.896012,35.948556,,-0.00176792
2007,260,0,0.00,115.440835,35.656694,358.81,-0.00206936
2007,260,1,92.51,115.439970,35.656424,358.81,-0.00197126
2007,260,2,185.02,115.438949,35.656424,269.11,0.00000000
2007,260,3,277.53,115.437927,35.656424,269.11,0.00093658
2007,260,4,370.03,115.437062,35.656155,269.11,-0.00187316
2007,260,5,462.54,115.436041,35.656155,478.42,-0.00290784
2007,260,6,555.05,115.435176,35.656424,463.47,-0.00206936
2007,261,0,0.00,115.440296,35.657772,523.27,0.00185647
2007,261,1,72.84,115.440805,35.658280,672.77,0.00191199
2007,261,2,145.69,115.441105,35.658850,523.27,0.00196752
2007,262,0,0.00,115.440296,35.657772,553.17,0.00440706
2007,262,1,89.77,115.439618,35.658311,299.01,0.00483541
2007,262,2,179.53,115.438627,35.658311,254.16,0.00309503
2007,262,3,269.30,115.437722,35.658162,269.11,0.00170404
2007,262,4,359.07,115.436801,35.658041,269.11,0.00330550
2007,262,5,448.83,115.436072,35.657590,418.61,0.00269927
2007,262,6,538.60,115.435445,35.656963,508.32,0.00126930
2007,263,0,0.00,115.435176,35.656424,418.61,-0.00887271
2007,263,1,43.70,115.434693,35.656424,373.76,-0.00906143
2007,263,2,87.40,115.434367,35.656694,598.02,-0.00925014
2007,264,0,0.00,115.435176,35.656424,1794.06,-0.00890589
2007,264,1,34.25,115.435206,35.656724,926.93,-0.00878982
2007,264,2,68.50,115.435445,35.656963,508.32,-0.00867376
2007,265,0,0.00,115.441105,35.658850,313.96,0.01148053
2007,265,1,31.50,115.441424,35.658899,328.91,0.01108379
2007,265,2,63.00,115.441644,35.659119,448.52,0.01068705
2007,266,0,0.00,115.441105,35.658850,672.77,0.00925062
2007,266,1,43.70,115.440779,35.659119,433.57,0.00906190
2007,266,2,87.40,115.440296,35.659119,373.76,0.00887318
2007,267,0,0.00,115.435445,35.656963,897.03,-0.00217258
2007,267,1,79.10,115.435176,35.657598,1450.20,-0.00210904
2007,267,2,158.20,115.435176,35.658311,493.37,-0.00204550
2007,269,0,0.00,115.434367,35.656694,1794.06,0.00081856
2007,269,1,83.60,115.434367,35.657447,1091.39,0.00499271
2007,269,2,167.20,115.434244,35.658165,463.47,0.01271128
2007,269,3,250.80,115.433561,35.658043,538.22,0.01190560
2007,269,4,334.39,115.433020,35.657447,1136.24,0.00566916
2007,269,5,417.99,115.433020,35.656694,1794.06,0.00378283
2007,27,0,0.00,115.899515,35.946939,777.43,0.00185629
2007,27,1,72.76,115.900024,35.947448,642.87,0.00191152
2007,27,2,145.52,115.900324,35.948017,478.42,0.00196675
2007,270,0,0.00,115.434367,35.656694,478.42,-0.00605985
2007,270,1,75.20,115.433694,35.656424,418.61,-0.00605985
2007,270,2,150.40,115.433020,35.656694,388.71,-0.00605985
2007,271,0,0.00,115.433020,35.656694,403.66,-0.00179976
2007,271,1,98.87,115.432085,35.656424,388.71,-0.00171647
2007,271,2,197.75,115.430993,35.656424,418.61,-0.00081659
2007,271,3,296.62,115.429901,35.656424,418.61,0.00000000
2007,271,4,395.50,115.428809,35.656424,418.61,0.00000000
2007,271,5,494.37,115.427717,35.656424,388.71,0.00000000
2007,271,6,593.25,115.426625,35.656424,388.71,0.00000000
2007,271,7,692.12,115.425533,35.656424,269.11,0.00000000
2007,271,8,791.00,115.424442,35.656424,209.31,0.00000000
2007,271,9,889.87,115.423350,35.656424,179.41,0.00000000
2007,271,10,988.75,115.422258,35.656424,119.60,0.00106933
2007,271,11,1087.62,115.421166,35.656424,119.60,0.00342588
2007,271,12,1186.49,115.420276,35.656077,164.46,0.00236433
2007,271,13,1285.37,115.419586,35.655387,179.41,0.00000779
2007,271,14,1384.24,115.418697,35.655037,209.31,0.00154710
2007,271,15,1483.12,115.418007,35.654347,194.36,0.00104820
2007,271,16,1581.99,115.417525,35.653596,328.91,-0.00035312
2007,271,17,1680.87,115.416735,35.653076,328.91,0.00102344
2007,271,18,1779.74,115.416311,35.652308,418.61,0.00058669
2007,271,19,1878.62,115.415772,35.651573,478.42,-0.00058192
2007,272,0,0.00,115.415772,35.651573,403.66,0.00220890
2007,272,1,78.46,115.415503,35.650945,553.17,-0.00000000
2007,272,2,156.93,115.415503,35.650237,598.02,-0.00325676
2007,272,3,235.39,115.414964,35.649687,672.77,-0.00430462
2007,273,0,0.00,115.415772,35.651573,911.98,0.00510397
2007,273,1,82.68,115.416372,35.651034,1524.95,0.00504158
2007,273,2,165.35,115.417285,35.651034,1225.94,0.00248959
2007,273,3,248.03,115.418198,35.651034,403.66,0.00000000
2007,274,0,0.00,115.415772,35.651573,852.18,0.00063694
2007,274,1,82.68,115.415195,35.652151,1091.39,0.00306031
2007,274,2,165.36,115.414573,35.652651,1091.39,0.00674471
2007,274,3,248.04,115.413660,35.652651,897.03,0.00833303
2007,274,4,330.72,115.412968,35.652272,433.57,0.00667993
2007,274,5,413.40,115.412808,35.651573,553.17,0.00469954
2007,275,0,0.00,115.414964,35.649687,553.17,0.00000000
2007,275,1,59.80,115.414964,35.649148,568.12,0.00000000
2007,275,2,119.60,115.414964,35.648609,523.27,0.00000000
2007,276,0,0.00,115.414964,35.649687,1674.46,-0.00439359
2007,276,1,50.80,115.414510,35.649871,1390.40,-0.00417868
2007,276,2,101.60,115.414155,35.650226,837.23,-0.00396378
2007,277,0,0.00,115.412808,35.651573,911.98,0.00111592
2007,277,1,98.96,115.411872,35.651304,627.92,0.00302898
2007,277,2,197.92,115.411030,35.650873,523.27,0.00274873
2007,277,3,296.89,115.410756,35.650061,612.97,-0.00131093
2007,277,4,395.85,115.409966,35.649540,538.22,0.00035967
2007,277,5,494.81,115.409176,35.649020,493.37,0.00350120
2007,277,6,593.77,115.409035,35.648169,538.22,0.00122253
2007,277,7,692.73,115.408765,35.647355,493.37,-0.00016345
2007,277,8,791.69,115.408496,35.646542,448.52,0.00068610
2007,277,9,890.66,115.408291,35.645709,508.32,0.00086232
2007,277,10,989.62,115.408226,35.644836,418.61,0.00068623
2007,278,0,0.00,115.412808,35.651573,164.46,-0.00227435
2007,278,1,69.56,115.413393,35.651258,792.38,-0.00319361
2007,278,2,139.13,115.413878,35.650772,657.82,-0.00313789
2007,278,3,208.69,115.414155,35.650226,672.77,-0.00216292
2007,279,0,0.00,115.414964,35.648609,777.43,-0.00000000
2007,279,1,77.95,115.414425,35.648205,553.17,-0.00000000
2007,279,2,155.91,115.413886,35.647801,627.92,-0.00000000
2007,28,0,0.00,115.886310,35.877949,583.07,0.00000000
2007,28,1,78.09,115.885565,35.877743,448.52,0.00358945
2007,28,2,156.17,115.884821,35.877538,403.66,0.00697296
2007,28,3,234.26,115.884693,35.876871,538.22,0.00676702
2007,280,0,0.00,115.414964,35.648609,777.43,0.00000000
2007,280,1,96.28,115.415636,35.647937,762.48,0.00000000
2007,280,2,192.56,115.416308,35.647265,926.93,-0.00139498
2007,280,3,288.84,115.416981,35.646592,672.77,-0.00320745
2007,280,4,385.12,115.417120,35.645765,568.12,-0.00284557
2007,280,5,481.40,115.417120,35.644897,493.37,-0.00103310
2007,280,6,577.68,115.416850,35.644108,433.57,0.00000000
2007,280,7,673.96,115.416850,35.643240,418.61,0.00000000
2007,280,8,770.24,115.416581,35.642451,448.52,0.00000000
2007,280,9,866.51,115.416581,35.641583,493.37,-0.00072603
2007,280,10,962.79,115.416311,35.640794,493.37,-0.00145207
2007,282,0,0.00,115.414155,35.650226,1270.79,0.00117034
2007,282,1,99.71,115.413054,35.650226,1181.09,0.00449707
2007,282,2,199.43,115.412069,35.650026,583.07,0.00696623
2007,282,3,299.14,115.411999,35.649148,568.12,0.00610866
2007,283,0,0.00,115.413886,35.647801,523.27,-0.00161889
2007,283,1,98.40,115.413886,35.646914,553.17,-0.00134986
2007,283,2,196.80,115.413556,35.646123,493.37,-0.00108977
2007,283,3,295.20,115.413347,35.645297,418.61,-0.00140582
2007,283,4,393.60,115.412808,35.644567,523.27,-0.00171294
2007,284,0,0.00,115.413886,35.647801,777.43,0.00000000
2007,284,1,80.60,115.413323,35.648363,777.43,0.00160106
2007,284,2,161.20,115.412760,35.648926,1106.34,0.00336876
2007,284,3,241.80,115.411999,35.649148,149.51,0.00353540
2007,285,0,0.00,115.416311,35.640794,478.42,0.00082803
2007,285,1,88.43,115.416111,35.640055,553.17,-0.00067750
2007,285,2,176.87,115.416042,35.639278,553.17,-0.00258919
2007,285,3,265.30,115.415503,35.638638,553.17,-0.00299535
2007,286,0,0.00,115.416311,35.640794,388.71,0.00000000
2007,286,1,24.41,115.416042,35.640794,388.71,0.00000000
2007,286,2,48.82,115.415772,35.640794,448.52,0.00000000
2007,288,0,0.00,115.411999,35.649148,598.02,-0.00000000
2007,288,1,50.80,115.411595,35.648878,642.87,-0.00000000
2007,288,2,101.60,115.411191,35.648609,568.12,-0.00000000
2007,289,0,0.00,115.412808,35.644567,433.57,0.00000000
2007,289,1,82.23,115.412808,35.643825,418.61,0.00000000
2007,289,2,164.46,115.412808,35.643084,493.37,0.00000000
2007,289,3,246.68,115.412808,35.642343,493.37,0.00000000
2007,289,4,328.91,115.412808,35.641602,493.37,0.00000000
2007,29,0,0.00,115.886310,35.877949,1569.81,-0.00271366
2007,29,1,91.65,115.886950,35.877308,1285.75,-0.00344835
2007,29,2,183.31,115.887118,35.876531,612.97,-0.00496581
2007,29,3,274.96,115.887050,35.875724,343.86,-0.00522951
2007,29,4,366.62,115.886310,35.875254,493.37,-0.00471044
2007,290,0,0.00,115.412808,35.644567,926.93,0.00173883
2007,290,1,96.87,115.412131,35.645243,986.73,0.00409794
2007,290,2,193.74,115.411295,35.645645,1121.29,0.00549585
2007,290,3,290.62,115.410382,35.645375,777.43,0.00453464
2007,291,0,0.00,115.415503,35.638638,583.07,-0.00275075
2007,291,1,87.80,115.415307,35.637903,657.82,-0.00268043
2007,291,2,175.60,115.414694,35.637290,717.63,-0.00261012
2007,292,0,0.00,115.415503,35.638638,284.06,0.00000000
2007,292,1,86.09,115.414552,35.638638,852.18,0.00108626
2007,292,2,172.19,115.413602,35.638638,1121.29,0.00228877
2007,292,3,258.28,115.412808,35.638368,837.23,0.00240502
2007,293,0,0.00,115.412808,35.641602,657.82,0.00286413
2007,293,1,85.05,115.412115,35.641179,612.97,0.00282478
2007,293,2,170.10,115.411730,35.640524,538.22,0.00278543
2007,294,0,0.00,115.412808,35.641602,1794.06,0.00295744
2007,294,1,77.95,115.413512,35.641333,1794.06,0.00281244
2007,294,2,155.91,115.414373,35.641333,1151.19,0.00133372
2007,294,3,233.86,115.415233,35.641333,687.72,0.00000000
2007,295,0,0.00,115.414694,35.637290,657.82,-0.00569719
2007,295,1,75.87,115.413867,35.637309,1076.44,-0.00565937
2007,295,2,151.75,115.413338,35.637838,852.18,-0.00281078
2007,295,3,227.62,115.412808,35.638368,941.88,0.00000000
2007,296,0,0.00,115.414694,35.637290,702.67,-0.00212099
2007,296,1,98.40,115.414634,35.636421,568.12,-0.00215557
2007,296,2,196.80,115.414155,35.635673,732.58,-0.00219014
2007,297,0,0.00,115.412808,35.638368,1210.99,0.00580609
2007,297,1,55.91,115.412347,35.638638,1794.06,0.00556058
2007,297,2,111.83,115.411730,35.638638,1794.06,0.00531507
2007,299,0,0.00,115.411730,35.640524,1599.71,-0.00113900
2007,299,1,75.21,115.411106,35.640879,1240.89,0.00152515
2007,299,2,150.42,115.410539,35.641333,1689.41,0.00317595
2007,299,3,225.63,115.409709,35.641333,1151.19,-0.00051134
2007,299,4,300.84,115.409035,35.641602,523.27,-0.00318528
2007,3,0,0.00,115.879303,35.894927,523.27,0.00000000
2007,3,1,36.50,115.878899,35.894927,463.47,0.00000000
2007,3,2,72.99,115.878494,35.894927,493.37,0.00000000
2007,30,0,0.00,115.884693,35.876871,403.66,0.00134428
2007,30,1,89.28,115.883969,35.876417,343.86,0.00129297
2007,30,2,178.55,115.883345,35.875793,358.81,0.00124166
2007,300,0,0.00,115.411730,35.640524,568.12,0.00000000
2007,300,1,69.77,115.411730,35.639895,702.67,0.00000000
2007,300,2,139.54,115.411730,35.639267,627.92,0.00000000
2007,300,3,209.31,115.411730,35.638638,657.82,0.00000000
2007,301,0,0.00,115.414155,35.635673,523.27,0.00000000
2007,301,1,81.37,115.413257,35.635673,1046.54,0.00000000
2007,301,2,162.73,115.412359,35.635673,1794.06,0.00000000
2007,301,3,244.10,115.411460,35.635673,1794.06,0.00000000
2007,302,0,0.00,115.414155,35.635673,911.98,-0.00258090
2007,302,1,80.33,115.414694,35.635106,657.82,-0.00522428
2007,302,2,160.65,115.414859,35.634491,598.02,-0.00551276
2007,302,3,240.98,115.414425,35.633893,568.12,-0.00092742
2007,302,4,321.30,115.414155,35.633248,538.22,0.00130301
2007,304,0,0.00,115.411730,35.638638,642.87,-0.00000000
2007,304,1,38.60,115.411460,35.638368,657.82,-0.00000000
2007,304,2,77.20,115.411191,35.638099,807.33,-0.00000000
2007,305,0,0.00,115.411460,35.635673,1001.69,-0.00000000
2007,305,1,19.30,115.411326,35.635808,867.13,-0.00000000
2007,305,2,38.60,115.411191,35.635943,837.23,-0.00000000
2007,306,0,0.00,115.411460,35.635673,807.33,0.00326092
2007,306,1,97.39,115.411932,35.634933,911.98,0.00453577
2007,306,2,194.77,115.412811,35.634595,1794.06,0.00397505
2007,306,3,292.16,115.413886,35.634595,672.77,0.00213949
2007,307,0,0.00,115.411191,35.635943,672.77,0.00000000
2007,307,1,79.74,115.411191,35.636661,612.97,0.00000000
2007,307,2,159.47,115.411191,35.637380,717.63,0.00000000
2007,307,3,239.21,115.411191,35.638099,627.92,0.00000000
2007,308,0,0.00,115.411191,35.635943,672.77,0.00000000
2007,308,1,50.80,115.410787,35.635673,717.63,0.00000000
2007,308,2,101.61,115.410382,35.635404,807.33,0.00000000
2007,31,0,0.00,115.884693,35.876871,1749.21,-0.00000000
2007,31,1,77.11,115.885232,35.876332,1659.51,-0.00000000
2007,31,2,154.22,115.885771,35.875793,941.88,0.00000000
2007,31,3,231.32,115.886310,35.875254,313.96,0.00000000
2007,310,0,0.00,115.411191,35.638099,867.13,0.00000000
2007,310,1,91.96,115.410549,35.638741,882.08,0.00013152
2007,310,2,183.91,115.409907,35.639383,762.48,0.00256855
2007,310,3,275.87,115.409242,35.639985,1031.59,0.00468697
2007,310,4,367.83,115.408226,35.639985,702.67,0.00449990
2007,311,0,0.00,115.410382,35.635404,598.02,0.00217322
2007,311,1,79.10,115.410113,35.634769,553.17,0.00210963
2007,311,2,158.20,115.410113,35.634056,523.27,0.00000000
2007,311,3,237.31,115.410113,35.633343,538.22,-0.00210963
2007,311,4,316.41,115.409843,35.632709,523.27,-0.00217322
2007,312,0,0.00,115.410382,35.635404,837.23,-0.00000000
2007,312,1,87.53,115.409771,35.636015,777.43,-0.00000000
2007,312,2,175.06,115.409160,35.636626,867.13,0.00000000
2007,312,3,262.58,115.408549,35.637237,867.13,-0.00112687
2007,312,4,350.11,115.407938,35.637848,732.58,-0.00354897
2007,312,5,437.64,115.407687,35.638564,478.42,-0.00449938
2007,312,6,525.17,115.407824,35.639313,717.63,-0.00295945
2007,312,7,612.69,115.408226,35.639985,777.43,-0.00176434
2007,313,0,0.00,115.408226,35.639985,702.67,0.00000000
2007,313,1,80.80,115.408226,35.640713,508.32,0.00224646
2007,313,2,161.61,115.408226,35.641442,568.12,0.00493154
2007,313,3,242.41,115.407687,35.641872,523.27,0.00537015
2007,315,0,0.00,115.409843,35.632709,627.92,-0.00540022
2007,315,1,49.20,115.409843,35.632265,538.22,-0.00551217
2007,315,2,98.40,115.409574,35.631900,627.92,-0.00562412
2007,316,0,0.00,115.409843,35.632709,1794.06,0.00000000
2007,316,1,95.51,115.408789,35.632709,1764.16,0.00000000
2007,316,2,191.01,115.407735,35.632709,1734.26,0.00308547
2007,316,3,286.52,115.406680,35.632709,822.28,0.01173204
2007,316,4,382.03,115.406484,35.632026,822.28,0.01296622
2007,316,5,477.54,115.407465,35.631900,1599.71,0.00471481
2007,316,6,573.04,115.408520,35.631900,1584.76,0.00039516
2007,316,7,668.55,115.409574,35.631900,1794.06,0.00000000
2007,318,0,0.00,115.409574,35.631900,598.02,-0.00313842
2007,318,1,64.15,115.409574,35.631322,523.27,-0.00323211
2007,318,2,128.30,115.409304,35.630822,553.17,-0.00332580
2007,319,0,0.00,115.409304,35.630822,1794.06,0.00000000
2007,319,1,81.37,115.408406,35.630822,1704.36,0.00000000
2007,319,2,162.74,115.407508,35.630822,1495.05,-0.00000000
2007,319,3,244.11,115.406609,35.630822,254.16,0.00000000
2007,320,0,0.00,115.409304,35.630822,553.17,-0.00565770
2007,320,1,68.50,115.409574,35.630283,553.17,-0.00565770
2007,320,2,137.00,115.409304,35.629744,508.32,-0.00565770
2007,321,0,0.00,115.409304,35.629744,1794.06,0.00000000
2007,321,1,86.10,115.408354,35.629744,1794.06,-0.00108603
2007,321,2,172.20,115.407403,35.629744,1091.39,-0.00228826
2007,321,3,258.31,115.406609,35.630014,807.33,-0.00240447
2007,322,0,0.00,115.409304,35.629744,568.12,-0.00270021
2007,322,1,98.40,115.409574,35.628936,478.42,-0.00270021
2007,322,2,196.81,115.409304,35.628127,493.37,-0.00135011
2007,322,3,295.21,115.409035,35.627319,463.47,0.00000000
2007,323,0,0.00,115.409035,35.627319,493.37,0.00000000
2007,323,1,94.75,115.409035,35.626465,493.37,-0.00027123
2007,323,2,189.50,115.409035,35.625611,448.52,-0.00070835
2007,323,3,284.24,115.408929,35.624788,403.66,-0.00015306
2007,323,4,378.99,115.408765,35.623982,403.66,0.00070835
2007,323,5,473.74,115.408765,35.623128,478.42,0.00042429
2007,323,6,568.49,115.408765,35.622274,388.71,-0.00070835
2007,323,7,663.24,115.408765,35.621420,358.81,-0.00070835
2007,323,8,757.98,115.408496,35.620644,388.71,-0.00000000
2007,323,9,852.73,115.408496,35.619790,388.71,-0.00000000
2007,323,10,947.48,115.408226,35.619015,358.81,0.00062804
2007,323,11,1042.23,115.408226,35.618161,373.76,0.00000000
2007,323,12,1136.97,115.408195,35.617316,358.81,-0.00065446
2007,323,13,1231.72,115.407957,35.616531,358.81,0.00000000
2007,323,14,1326.47,115.407916,35.615689,358.81,-0.00117209
2007,323,15,1421.22,115.407687,35.614902,388.71,-0.00075064
2007,323,16,1515.97,115.407219,35.614184,358.81,0.00172705
2007,323,17,1610.71,115.407148,35.613351,343.86,0.00145899
2007,323,18,1705.46,115.407148,35.612497,328.91,0.00035962
2007,324,0,0.00,115.409035,35.627319,1794.06,-0.00314972
2007,324,1,92.16,115.408018,35.627319,1285.75,-0.00408678
2007,324,2,184.31,115.407253,35.627754,867.13,-0.00323286
2007,324,3,276.47,115.406609,35.628397,702.67,-0.00144187
2007,325,0,0.00,115.407148,35.612497,343.86,0.00000000
2007,325,1,98.51,115.406879,35.611687,328.91,0.00000000
2007,325,2,197.01,115.406609,35.610878,328.91,-0.00000718
2007,325,3,295.52,115.406340,35.610069,343.86,-0.00000000
2007,325,4,394.02,115.406068,35.609260,328.91,0.00001435
2007,325,5,492.53,115.405801,35.608450,328.91,0.00069313
2007,325,6,591.04,115.405531,35.607640,328.91,0.00068595
2007,325,7,689.54,115.405531,35.606753,328.91,-0.00000000
2007,325,8,788.05,115.405262,35.605943,328.91,0.00000000
2007,325,9,886.55,115.405262,35.605055,328.91,0.00000000
2007,325,10,985.06,115.404992,35.604246,299.01,0.00000000
2007,325,11,1083.56,115.404992,35.603358,358.81,-0.00064735
2007,325,12,1182.07,115.404723,35.602549,299.01,-0.00000000
2007,325,13,1280.58,115.404471,35.601734,328.91,0.00100944
2007,325,14,1379.08,115.404454,35.600852,343.86,0.00000000
2007,325,15,1477.59,115.404348,35.599995,328.91,-0.00051925
2007,325,16,1576.09,115.404184,35.599155,328.91,0.00000000
2007,325,17,1674.60,115.404016,35.598315,299.01,0.00051925
2007,325,18,1773.11,115.403915,35.597457,328.91,-0.00005448
2007,325,19,1871.61,115.403894,35.596576,343.86,-0.00100048
2007,325,20,1970.12,115.403623,35.595766,358.81,0.00010870
2007,325,21,2068.62,115.403376,35.594951,358.81,0.00063840
2007,325,22,2167.13,115.403376,35.594063,388.71,-0.00005423
2007,325,23,2265.63,115.403106,35.593254,388.71,0.00000000
2007,325,24,2364.14,115.403106,35.592366,418.61,0.00000000
2007,325,25,2462.65,115.402837,35.591556,388.71,0.00000000
2007,325,26,2561.15,115.402837,35.590669,388.71,-0.00069313
2007,325,27,2659.66,115.402567,35.589859,388.71,-0.00138626
2007,326,0,0.00,115.407148,35.612497,747.53,0.00362817
2007,326,1,99.65,115.407935,35.611958,1524.95,0.00350291
2007,326,2,199.29,115.409035,35.611958,822.28,0.00337765
2007,327,0,0.00,115.402567,35.589859,1794.06,0.00315134
2007,327,1,92.30,115.401549,35.589859,986.73,0.00484985
2007,327,2,184.61,115.400783,35.589423,448.52,0.00732954
2007,327,3,276.91,115.400411,35.588699,358.81,0.00697301
2007,327,4,369.21,115.400910,35.588013,553.17,0.00389500
2007,327,5,461.52,115.401554,35.587369,583.07,0.00160531
2007,327,6,553.82,115.402298,35.586895,867.13,0.00125594
2007,328,0,0.00,115.402567,35.589859,373.76,-0.00250138
2007,328,1,88.76,115.402837,35.589138,328.91,-0.00247769
2007,328,2,177.52,115.402702,35.588377,373.76,-0.00165235
2007,328,3,266.27,115.402567,35.587616,403.66,-0.00085880
2007,328,4,355.03,115.402298,35.586895,388.71,-0.00086689
2007,329,0,0.00,115.402298,35.586895,448.52,-0.00196770
2007,329,1,72.86,115.401998,35.586325,448.52,-0.00191211
2007,329,2,145.73,115.401489,35.585817,523.27,-0.00185651
2007,33,0,0.00,115.886310,35.875254,343.86,-0.00124165
2007,33,1,89.28,115.885686,35.874630,328.91,-0.00129296
2007,33,2,178.55,115.884962,35.874176,478.42,-0.00134427
2007,330,0,0.00,115.401489,35.585817,358.81,-0.00204718
2007,330,1,79.11,115.401489,35.585104,463.47,-0.00211086
2007,330,2,158.21,115.401220,35.584469,448.52,-0.00217454
2007,331,0,0.00,115.401489,35.585817,911.98,0.00579924
2007,331,1,55.94,115.401028,35.586086,1285.75,0.00555412
2007,331,2,111.88,115.400411,35.586086,897.03,0.00530900
2007,332,0,0.00,115.401220,35.584469,463.47,0.00154989
2007,332,1,83.51,115.400538,35.584057,508.32,0.00077495
2007,332,2,167.01,115.399955,35.583474,538.22,0.00034652
2007,332,3,250.52,115.399273,35.583062,508.32,0.00402381
2007,332,4,334.02,115.398794,35.582448,313.96,0.00635802
2007,332,5,417.53,115.399064,35.581774,478.42,0.00536145
2007,333,0,0.00,115.401220,35.584469,493.37,-0.00217460
2007,333,1,79.11,115.401489,35.583835,448.52,-0.00211091
2007,333,2,158.21,115.401489,35.583122,418.61,-0.00204723
2007,333,3,237.32,115.401489,35.582409,299.01,-0.00211091
2007,333,4,316.42,115.401220,35.581774,313.96,-0.00217460
2007,334,0,0.00,115.399064,35.581774,762.48,0.00000000
2007,334,1,97.71,115.400142,35.581774,1315.65,0.00000000
2007,334,2,195.41,115.401220,35.581774,1794.06,0.00000000
2007,335,0,0.00,115.399064,35.581774,523.27,0.00509472
2007,335,1,86.34,115.398525,35.581153,343.86,0.00640068
2007,335,2,172.69,115.398774,35.580447,373.76,0.00498986
2007,335,3,259.03,115.399376,35.579845,642.87,0.00180271
2007,335,4,345.37,115.399979,35.579242,583.07,0.00138860
2007,335,5,431.72,115.400681,35.578810,747.53,0.00144487
2007,336,0,0.00,115.401220,35.581774,403.66,0.00000000
2007,336,1,86.58,115.401220,35.580994,328.91,-0.00044438
2007,336,2,173.16,115.401220,35.580214,433.57,-0.00175531
2007,336,3,259.74,115.401076,35.579475,403.66,-0.00216775
2007,336,4,346.33,115.400681,35.578810,418.61,-0.00171363
2007,337,0,0.00,115.400681,35.578810,388.71,0.00011020
2007,337,1,80.13,115.400539,35.578129,358.81,0.00059091
2007,337,2,160.26,115.400411,35.577444,373.76,0.00099717
2007,337,3,240.39,115.400411,35.576722,373.76,-0.00182806
2007,337,4,320.52,115.400411,35.576000,388.71,-0.00502188
2007,337,5,400.66,115.399872,35.575576,448.52,-0.00546492
2007,338,0,0.00,115.399872,35.575576,478.42,0.00000000
2007,338,1,91.58,115.399872,35.574751,373.76,-0.00069698
2007,338,2,183.16,115.399872,35.573925,358.81,-0.00156518
2007,338,3,274.74,115.399624,35.573172,343.86,-0.00057968
2007,338,4,366.32,115.399333,35.572431,358.81,-0.00000000
2007,338,5,457.90,115.399181,35.571650,358.81,0.00017154
2007,338,6,549.47,115.398794,35.570938,313.96,0.00080555
2007,338,7,641.05,115.398794,35.570112,299.01,-0.00150708
2007,338,8,732.63,115.398525,35.569365,313.96,-0.00304224
2007,338,9,824.21,115.397986,35.568839,313.96,-0.00237932
2007,339,0,0.00,115.399872,35.575576,1121.29,0.00370657
2007,339,1,69.87,115.399258,35.575845,1794.06,0.00352636
2007,339,2,139.74,115.398487,35.575845,1076.44,0.00167308
2007,339,3,209.61,115.397716,35.575845,612.97,0.00000000
2007,34,0,0.00,115.883345,35.875793,493.37,-0.00000000
2007,34,1,93.61,115.882592,35.875309,343.86,0.00060852
2007,34,2,187.22,115.881838,35.874824,328.91,0.00077570
2007,34,3,280.83,115.881184,35.874170,358.81,0.00092835
2007,34,4,374.44,115.880459,35.873637,358.81,0.00228621
2007,34,5,468.05,115.880111,35.872934,403.66,0.00248405
2007,34,6,561.66,115.879842,35.872169,403.66,0.00175905
2007,34,7,655.27,115.879842,35.871481,583.07,0.00160009
2007,340,0,0.00,115.397986,35.568839,313.96,0.00000000
2007,340,1,19.31,115.397851,35.568704,343.86,0.00000000
2007,340,2,38.61,115.397716,35.568569,358.81,0.00000000
2007,341,0,0.00,115.397716,35.568569,1166.14,0.00000000
2007,341,1,61.08,115.397042,35.568569,867.13,0.00000000
2007,341,2,122.15,115.396369,35.568569,433.57,0.00000000
2007,342,0,0.00,115.397986,35.568839,463.47,0.00000000
2007,342,1,38.61,115.397716,35.569108,583.07,0.00000000
2007,342,2,77.22,115.397447,35.569378,553.17,0.00000000
2007,343,0,0.00,115.397716,35.568569,403.66,-0.00185320
2007,343,1,85.54,115.397986,35.567877,284.06,-0.00267238
2007,343,2,171.09,115.397986,35.567106,313.96,-0.00267238
2007,343,3,256.63,115.397716,35.566413,269.11,-0.00185320
2007,344,0,0.00,115.397716,35.566413,269.11,0.00111639
2007,344,1,98.04,115.397447,35.565608,269.11,0.00002052
2007,344,2,196.09,115.397391,35.564741,164.46,-0.00164841
2007,344,3,294.13,115.396915,35.563995,239.21,-0.00056059
2007,344,4,392.17,115.396440,35.563250,194.36,-0.00104206
2007,344,5,490.22,115.396173,35.562444,194.36,-0.00384288
2007,344,6,588.26,115.395291,35.562101,299.01,-0.00450136
2007,345,0,0.00,115.397716,35.566413,777.43,0.00347367
2007,345,1,55.95,115.397128,35.566364,433.57,0.00357744
2007,345,2,111.91,115.396638,35.566144,403.66,0.00368121
2007,346,0,0.00,115.397716,35.566413,463.47,0.00461675
2007,346,1,87.47,115.398368,35.565874,1674.46,0.00452244
2007,346,2,174.95,115.399333,35.565874,852.18,0.00442814
2007,347,0,0.00,115.395291,35.562101,627.92,0.00000000
2007,347,1,59.80,115.395291,35.561562,1046.54,0.00000000
2007,347,2,119.60,115.395291,35.561023,1016.64,0.00000000
2007,348,0,0.00,115.395291,35.562101,1061.49,0.00210815
2007,348,1,98.64,115.394602,35.562790,523.27,0.00234751
2007,348,2,197.28,115.393716,35.563137,538.22,0.00156483
2007,348,3,295.92,115.392809,35.563449,538.22,-0.00024978
2007,348,4,394.56,115.391877,35.563718,523.27,-0.00079232
2007,348,5,493.20,115.391057,35.564179,508.32,0.00012488
2007,348,6,591.84,115.390170,35.564527,523.27,0.00079205
2007,349,0,0.00,115.395291,35.561023,254.16,-0.00184163
2007,349,1,78.81,115.394642,35.560644,284.06,-0.00092081
2007,349,2,157.62,115.393894,35.560435,418.61,0.00092081
2007,349,3,236.42,115.393245,35.560055,627.92,0.00092081
2007,349,4,315.23,115.392596,35.559676,792.38,0.00000000
2007,35,0,0.00,115.883345,35.875793,1794.06,0.00000000
2007,35,1,77.11,115.883884,35.875254,1794.06,0.00000000
2007,35,2,154.22,115.884423,35.874715,1031.59,-0.00000000
2007,35,3,231.33,115.884962,35.874176,239.21,-0.00000000
2007,350,0,0.00,115.395291,35.561023,807.33,0.00204043
2007,350,1,70.14,115.395780,35.560534,627.92,0.00213862
2007,350,2,140.27,115.396369,35.560215,313.96,0.00223682
2007,351,0,0.00,115.390170,35.564527,612.97,-0.00389811
2007,351,1,68.17,115.389575,35.564257,687.72,-0.00370975
2007,351,2,136.34,115.388823,35.564257,657.82,-0.00352138
2007,352,0,0.00,115.390170,35.564527,702.67,0.00246575
2007,352,1,82.35,115.389575,35.565066,612.97,0.00256884
2007,352,2,164.70,115.388823,35.565335,568.12,0.00267193
2007,353,0,0.00,115.392596,35.559676,941.88,0.00000000
2007,353,1,29.90,115.392596,35.559406,867.13,0.00000000
2007,353,2,59.80,115.392596,35.559137,777.43,0.00000000
2007,354,0,0.00,115.392596,35.559676,538.22,0.00000000
2007,354,1,92.31,115.391734,35.559945,523.27,-0.00040262
2007,354,2,184.62,115.390872,35.560215,538.22,-0.00107053
2007,354,3,276.93,115.390069,35.560585,553.17,0.00013445
2007,354,4,369.25,115.389305,35.561023,508.32,0.00065907
2007,354,5,461.56,115.388385,35.561192,508.32,-0.00254942
2007,354,6,553.87,115.387641,35.561666,553.17,-0.00358482
2007,354,7,646.18,115.387206,35.562371,583.07,-0.00235737
2007,355,0,0.00,115.388823,35.564257,299.01,-0.00136020
2007,355,1,87.19,115.388423,35.563588,1076.44,-0.00132454
2007,355,2,174.39,115.387814,35.562979,1734.26,-0.00064444
2007,355,3,261.58,115.387206,35.562371,1764.16,0.00000000
2007,356,0,0.00,115.388823,35.564257,672.77,-0.00867636
2007,356,1,34.26,115.388584,35.564496,732.58,-0.00879285
2007,356,2,68.51,115.388553,35.564796,732.58,-0.00890934
2007,357,0,0.00,115.388823,35.565335,687.72,-0.00890932
2007,357,1,34.26,115.388792,35.565035,299.01,-0.00879283
2007,357,2,68.51,115.388553,35.564796,358.81,-0.00867635
2007,358,0,0.00,115.388823,35.565335,538.22,0.00198981
2007,358,1,75.91,115.388194,35.565694,523.27,0.00000000
2007,358,2,151.83,115.387466,35.565883,538.22,-0.00280902
2007,358,3,227.74,115.386936,35.566413,747.53,-0.00362822
2007,359,0,0.00,115.387206,35.562371,598.02,-0.00211962
2007,359,1,97.13,115.386134,35.562371,583.07,-0.00274865
2007,359,2,194.26,115.385256,35.562703,523.27,-0.00241135
2007,359,3,291.39,115.384461,35.563179,553.17,-0.00093591
2007,359,4,388.52,115.383702,35.563718,493.37,-0.00042682
2007,360,0,0.00,115.388553,35.564796,657.82,-0.01146827
2007,360,1,31.52,115.388234,35.564846,553.17,-0.01107290
2007,360,2,63.04,115.388014,35.565066,583.07,-0.01067753
2007,361,0,0.00,115.386936,35.566413,627.92,-0.00000000
2007,361,1,63.04,115.386397,35.566144,657.82,-0.00000000
2007,361,2,126.09,115.385858,35.565874,762.48,-0.00000000
2007,362,0,0.00,115.386936,35.566413,478.42,-0.00000000
2007,362,1,63.04,115.386397,35.566683,583.07,-0.00000000
2007,362,2,126.09,115.385858,35.566952,508.32,-0.00000000
2007,363,0,0.00,115.383702,35.563718,672.77,-0.00810405
2007,363,1,73.64,115.382991,35.563891,687.72,-0.00786489
2007,363,2,147.28,115.382894,35.564527,747.53,-0.00762572
2007,364,0,0.00,115.383702,35.563718,1794.06,-0.00000000
2007,364,1,77.23,115.384241,35.564257,1794.06,-0.00000000
2007,364,2,154.45,115.384780,35.564796,1524.95,0.00000000
2007,364,3,231.68,115.385319,35.565335,822.28,-0.00000000
2007,364,4,308.90,115.385858,35.565874,388.71,-0.00000000
2007,365,0,0.00,115.385858,35.565874,687.72,0.00533883
2007,365,1,63.04,115.385418,35.566314,508.32,0.00553653
2007,365,2,126.09,115.384780,35.566413,687.72,0.00573422
2007,367,0,0.00,115.382894,35.564527,598.02,-0.00002120
2007,367,1,87.65,115.382084,35.564796,568.12,-0.00172539
2007,367,2,175.29,115.381275,35.565068,478.42,-0.00414768
2007,367,3,262.94,115.380738,35.565702,508.32,-0.00331818
2007,367,4,350.59,115.380468,35.566413,568.12,-0.00177058
2007,368,0,0.00,115.382894,35.564527,1794.06,0.00000000
2007,368,1,90.10,115.383523,35.565155,1749.21,-0.00000000
2007,368,2,180.19,115.384152,35.565784,1360.50,-0.00000000
2007,368,3,270.29,115.384780,35.566413,343.86,-0.00000000
2007,369,0,0.00,115.384780,35.566413,956.83,0.00000000
2007,369,1,29.90,115.384780,35.566683,732.58,0.00000000
2007,369,2,59.80,115.384780,35.566952,702.67,0.00000000
2007,37,0,0.00,115.884962,35.874176,463.47,0.00000000
2007,37,1,38.55,115.884693,35.873906,343.86,0.00000000
2007,37,2,77.11,115.884423,35.873637,373.76,0.00000000
2007,371,0,0.00,115.380468,35.566413,627.92,-0.01146848
2007,371,1,31.52,115.380150,35.566463,508.32,-0.01107309
2007,371,2,63.04,115.379930,35.566683,598.02,-0.01067769
2007,372,0,0.00,115.380468,35.566413,1569.81,0.00000000
2007,372,1,38.61,115.380738,35.566683,1524.95,0.00000000
2007,372,2,77.22,115.381007,35.566952,1390.40,0.00000000
2007,373,0,0.00,115.379930,35.566683,807.33,0.00000000
2007,373,1,93.88,115.379930,35.567529,911.98,0.00085181
2007,373,2,187.77,115.379930,35.568375,672.77,0.00523700
2007,373,3,281.65,115.379618,35.569108,388.71,0.00751374
2007,373,4,375.54,115.378582,35.569108,598.02,0.00625711
2007,374,0,0.00,115.379930,35.566683,687.72,0.00000000
2007,374,1,97.72,115.378852,35.566683,598.02,0.00000000
2007,374,2,195.45,115.377774,35.566683,478.42,0.00000000
2007,375,0,0.00,115.381007,35.566952,792.38,0.00000000
2007,375,1,89.70,115.381007,35.567761,911.98,0.00000000
2007,375,2,179.40,115.381007,35.568569,672.77,0.00000000
2007,376,0,0.00,115.381007,35.566952,1091.39,0.00223691
2007,376,1,70.13,115.381596,35.567271,1061.49,0.00213871
2007,376,2,140.27,115.382085,35.567761,388.71,0.00204051
2007,377,0,0.00,115.378582,35.569108,777.43,0.00000000
2007,377,1,74.32,115.378063,35.568589,1151.19,0.00089172
2007,377,2,148.64,115.377545,35.568071,1420.30,0.00183649
2007,377,3,222.96,115.377235,35.567491,1794.06,0.00188954
2007,378,0,0.00,115.378582,35.569108,478.42,0.00730842
2007,378,1,79.79,115.378015,35.569647,418.61,0.00939997
2007,378,2,159.57,115.377270,35.569413,897.03,0.00728971
2007,378,3,239.36,115.376713,35.568856,1151.19,0.00154395
2007,378,4,319.14,115.376157,35.568300,1285.75,0.00000000
2007,379,0,0.00,115.377774,35.566683,747.53,0.00369196
2007,379,1,53.56,115.377608,35.567117,538.22,0.00358495
2007,379,2,107.13,115.377235,35.567491,418.61,0.00347793
2007,38,0,0.00,115.879572,35.871212,388.71,-0.00000000
2007,38,1,19.28,115.879707,35.871346,403.66,-0.00000000
2007,38,2,38.55,115.879842,35.871481,388.71,-0.00000000
2007,380,0,0.00,115.377774,35.566683,1569.81,0.00000000
2007,380,1,91.19,115.377137,35.566046,1794.06,-0.00224884
2007,380,2,182.39,115.376501,35.565410,627.92,-0.00848639
2007,380,3,273.58,115.375567,35.565386,478.42,-0.00994861
2007,380,4,364.77,115.375348,35.566144,702.67,-0.00742211
2007,381,0,0.00,115.381007,35.568569,598.02,-0.00537445
2007,381,1,77.99,115.381750,35.568366,508.32,-0.00526858
2007,381,2,155.99,115.382085,35.567761,657.82,-0.00516271
2007,382,0,0.00,115.381007,35.568569,627.92,-0.00000000
2007,382,1,38.61,115.380738,35.568839,463.47,-0.00000000
2007,382,2,77.22,115.380468,35.569108,508.32,-0.00000000
2007,383,0,0.00,115.382085,35.567761,971.78,-0.00000000
2007,383,1,43.74,115.382490,35.567895,732.58,-0.00000000
2007,383,2,87.47,115.382894,35.568030,717.63,-0.00000000
2007,385,0,0.00,115.377235,35.567491,508.32,0.00000000
2007,385,1,36.65,115.376830,35.567491,478.42,0.00000000
2007,385,2,73.29,115.376426,35.567491,478.42,0.00000000
2007,387,0,0.00,115.376157,35.568300,433.57,-0.00112590
2007,387,1,99.76,115.375163,35.568484,403.66,-0.00172533
2007,387,2,199.51,115.374269,35.568839,388.71,-0.00091736
2007,387,3,299.27,115.373474,35.569365,313.96,0.00112100
2007,387,4,399.03,115.372537,35.569647,239.21,0.00008326
2007,387,5,498.79,115.371593,35.569917,179.41,-0.00087597
2007,387,6,598.54,115.370791,35.570431,134.55,0.00139705
2007,387,7,698.30,115.369861,35.570725,179.41,0.00180045
2007,387,8,798.06,115.368805,35.570801,164.46,-0.00011069
2007,387,9,897.82,115.367817,35.570995,269.11,0.00024928
2007,387,10,997.57,115.366917,35.571188,313.96,0.00099004
2007,387,11,1097.33,115.366023,35.571157,373.76,0.00159476
2007,387,12,1197.09,115.364985,35.571264,418.61,0.00277486
2007,387,13,1296.84,115.364136,35.570831,418.61,0.00100351
2007,387,14,1396.60,115.363241,35.570476,403.66,0.00013955
2007,387,15,1496.36,115.362309,35.570186,448.52,0.00101918
2007,387,16,1596.12,115.361522,35.569647,448.52,-0.00006970
2007,387,17,1695.87,115.360658,35.569240,433.57,-0.00021778
2007,387,18,1795.63,115.359790,35.568839,448.52,0.00065809
2007,387,19,1895.39,115.358968,35.568359,553.17,-0.00000000
2007,387,20,1995.15,115.358173,35.567833,523.27,-0.00041307
2007,387,21,2094.90,115.357279,35.567478,493.37,0.00056260
2007,387,22,2194.66,115.356483,35.566952,478.42,0.00112520
2007,388,0,0.00,115.376157,35.568300,448.52,-0.00562797
2007,388,1,49.21,115.376426,35.567935,493.37,-0.00551587
2007,388,2,98.41,115.376426,35.567491,926.93,-0.00540377
2007,389,0,0.00,115.375348,35.566144,448.52,0.00000000
2007,389,1,36.65,115.374944,35.566144,433.57,0.00000000
2007,389,2,73.29,115.374540,35.566144,403.66,0.00000000
2007,39,0,0.00,115.879842,35.871481,882.08,0.00602505
2007,39,1,87.23,115.880650,35.871212,538.22,0.00445605
2007,39,2,174.46,115.881360,35.871651,433.57,-0.00001824
2007,39,3,261.69,115.882267,35.871751,448.52,-0.00292352
2007,390,0,0.00,115.375348,35.566144,792.38,0.00000000
2007,390,1,92.18,115.375887,35.566817,1794.06,0.00000000
2007,390,2,184.35,115.376426,35.567491,1794.06,0.00000000
2007,393,0,0.00,115.356483,35.566952,1794.06,0.00000000
2007,393,1,98.24,115.355798,35.567638,1674.46,0.00194527
2007,393,2,196.48,115.355112,35.568323,1001.69,0.00469733
2007,393,3,294.72,115.354328,35.568300,553.17,0.00550412
2007,394,0,0.00,115.356483,35.566952,508.32,-0.00319591
2007,394,1,95.25,115.356027,35.566227,433.57,-0.00285862
2007,394,2,190.50,115.355181,35.565874,448.52,-0.00129601
2007,394,3,285.75,115.354401,35.565409,448.52,0.00000000
2007,394,4,381.00,115.353549,35.565066,493.37,0.00096853
2007,394,5,476.25,115.352774,35.564590,493.37,0.00061997
2007,394,6,571.50,115.352074,35.563988,478.42,-0.00197467
2007,394,7,666.75,115.351247,35.563602,493.37,-0.00250535
2007,394,8,762.00,115.350285,35.563449,568.12,-0.00168780
2007,395,0,0.00,115.350285,35.563449,598.02,0.00000000
2007,395,1,92.95,115.350054,35.562678,433.57,-0.00224541
2007,395,2,185.89,115.349822,35.561908,328.91,-0.00490454
2007,395,3,278.84,115.348998,35.561562,343.86,-0.00295844
2007,395,4,371.78,115.348129,35.561293,478.42,-0.00059863
2007,396,0,0.00,115.350285,35.563449,1794.06,0.00269128
2007,396,1,92.43,115.349578,35.563988,1210.99,0.00631774
2007,396,2,184.87,115.348797,35.564116,433.57,0.00808001
2007,396,3,277.30,115.348152,35.563471,463.47,0.00463789
2007,396,4,369.73,115.347715,35.562765,553.17,0.00435421
2007,396,5,462.16,115.347590,35.561969,986.73,0.00472675
2007,396,6,554.60,115.348129,35.561293,1480.10,0.00380504
2007,397,0,0.00,115.348129,35.561293,418.61,-0.00113518
2007,397,1,97.48,115.347559,35.560722,433.57,-0.00051996
2007,397,2,194.97,115.346779,35.560212,448.52,0.00108145
2007,397,3,292.45,115.346099,35.559532,373.76,0.00051996
2007,397,4,389.94,115.345627,35.558791,373.76,-0.00103382
2007,397,5,487.42,115.344848,35.558281,418.61,0.00051385
2007,397,6,584.91,115.344167,35.557601,343.86,0.00051996
2007,397,7,682.39,115.343696,35.556859,358.81,-0.00051385
2007,397,8,779.88,115.342917,35.556350,358.81,0.00001348
2007,397,9,877.36,115.342445,35.555608,388.71,-0.00018323
2007,397,10,974.85,115.341668,35.555094,403.66,0.00028407
2007,397,11,1072.33,115.341122,35.554378,388.71,-0.00016338
2007,397,12,1169.82,115.340473,35.553747,358.81,-0.00059943
2007,397,13,1267.30,115.339734,35.553167,343.86,0.00086046
2007,397,14,1364.78,115.339054,35.552487,313.96,0.00081574
2007,397,15,1462.27,115.338582,35.551746,313.96,0.00000000
2007,397,16,1559.75,115.337902,35.551065,269.11,-0.00000000
2007,397,17,1657.24,115.337430,35.550324,313.96,-0.00001704
2007,397,18,1754.72,115.336750,35.549644,269.11,0.00034629
2007,397,19,1852.21,115.336271,35.548905,284.06,0.00057534
2007,397,20,1949.69,115.335732,35.548183,209.31,-0.00015706
2007,397,21,2047.18,115.335335,35.547420,209.31,-0.00107216
2007,397,22,2144.66,115.334654,35.546740,179.41,-0.00140618
2007,398,0,0.00,115.334654,35.546740,209.31,0.00000000
2007,398,1,81.39,115.334385,35.546085,164.46,0.00090552
2007,398,2,162.78,115.334115,35.545430,164.46,0.00199279
2007,398,3,244.17,115.334115,35.544854,209.31,0.00217455
2007,399,0,0.00,115.334654,35.546740,1196.04,0.00579416
2007,399,1,55.96,115.334194,35.547010,463.47,0.00554933
2007,399,2,111.93,115.333576,35.547010,822.28,0.00530451
2007,4,0,0.00,115.879303,35.894927,627.92,-0.00538564
2007,4,1,49.18,115.879303,35.895370,897.03,-0.00549698
2007,4,2,98.36,115.879572,35.895736,867.13,-0.00560832
2007,40,0,0.00,115.879572,35.871212,373.76,-0.00000000
2007,40,1,88.61,115.878749,35.870942,388.71,-0.00060286
2007,40,2,177.22,115.877925,35.870673,388.71,0.00016672
2007,40,3,265.84,115.877019,35.870544,373.76,0.00214166
2007,40,4,354.45,115.876300,35.870095,343.86,0.00137207
2007,40,5,443.06,115.875581,35.869646,313.96,0.00131321
2007,40,6,531.67,115.874862,35.869196,328.91,0.00259137
2007,40,7,620.28,115.874452,35.868517,313.96,0.00255632
2007,400,0,0.00,115.334115,35.544854,1166.14,0.00000000
2007,400,1,48.87,115.334654,35.544854,1285.75,0.00000000
2007,400,2,97.75,115.335193,35.544854,762.48,0.00000000
2007,401,0,0.00,115.334115,35.544854,134.55,0.00143319
2007,401,1,96.97,115.333846,35.544058,179.41,0.00139308
2007,401,2,193.93,115.333846,35.543184,224.26,0.00102649
2007,401,3,290.90,115.333846,35.542310,284.06,0.00067648
2007,401,4,387.86,115.333988,35.541478,299.01,0.00043230
2007,401,5,484.83,115.334115,35.540641,358.81,0.00071659
2007,401,6,581.79,115.334298,35.539820,373.76,0.00084662
2007,401,7,678.76,115.334654,35.539050,358.81,0.00000000
2007,401,8,775.73,115.334924,35.538255,343.86,-0.00001600
2007,401,9,872.69,115.335193,35.537459,343.86,0.00073125
2007,401,10,969.66,115.335544,35.536688,358.81,0.00029150
2007,401,11,1066.62,115.336002,35.535947,358.81,-0.00073125
2007,401,12,1163.59,115.336271,35.535152,328.91,-0.00102268
2007,402,0,0.00,115.336271,35.535152,328.91,0.00000000
2007,402,1,97.46,115.336534,35.534350,313.96,-0.00055078
2007,402,2,194.92,115.336797,35.533548,284.06,0.00000000
2007,402,3,292.38,115.336851,35.532686,328.91,0.00111127
2007,402,4,389.85,115.337323,35.531945,299.01,0.00010747
2007,402,5,487.31,115.337585,35.531143,284.06,-0.00000000
2007,402,6,584.77,115.337888,35.530353,299.01,-0.00007168
2007,402,7,682.23,115.338320,35.529600,299.01,-0.00095407
2007,402,8,779.69,115.338427,35.528753,313.96,0.00093993
2007,402,9,877.15,115.338697,35.527953,299.01,0.00135150
2007,402,10,974.62,115.339317,35.527256,343.86,-0.00115565
2007,402,11,1072.08,115.339580,35.526454,299.01,-0.00039743
2007,402,12,1169.54,115.339775,35.525632,284.06,0.00165019
2007,402,13,1267.00,115.340314,35.524911,254.16,0.00181951
2007,403,0,0.00,115.336271,35.535152,1255.84,0.00000000
2007,403,1,85.54,115.337215,35.535152,1196.04,0.00000000
2007,403,2,171.08,115.338158,35.535152,732.58,0.00000000
2007,404,0,0.00,115.340314,35.524911,717.63,-0.00250088
2007,404,1,80.42,115.341200,35.524911,463.47,-0.00263620
2007,404,2,160.84,115.341931,35.524641,224.26,-0.00277153
2007,405,0,0.00,115.340314,35.524911,299.01,0.00000000
2007,405,1,84.28,115.340485,35.524201,209.31,0.00105889
2007,405,2,168.56,115.340655,35.523491,224.26,0.00149302
2007,405,3,252.84,115.341122,35.522868,209.31,0.00231616
2007,405,4,337.12,115.341414,35.522193,224.26,0.00449664
2007,405,5,421.39,115.342200,35.521947,269.11,0.00522922
2007,406,0,0.00,115.342200,35.521947,747.53,-0.00070087
2007,406,1,85.10,115.342739,35.522556,732.58,-0.00076064
2007,406,2,170.21,115.343278,35.523025,523.27,-0.00082041
2007,407,0,0.00,115.342200,35.521947,269.11,-0.00315781
2007,407,1,78.49,115.342739,35.521396,284.06,-0.00326065
2007,407,2,156.98,115.342878,35.520729,269.11,-0.00171665
2007,407,3,235.46,115.343009,35.520060,373.76,-0.00006981
2007,408,0,0.00,115.343009,35.520060,328.91,-0.00284995
2007,408,1,84.62,115.343698,35.519640,358.81,-0.00228612
2007,408,2,169.25,115.344087,35.518991,373.76,-0.00127443
2007,408,3,253.87,115.344626,35.518385,328.91,-0.00041328
2007,408,4,338.49,115.344895,35.517701,328.91,0.00091862
2007,408,5,423.12,115.345434,35.517096,269.11,0.00183724
2007,409,0,0.00,115.343009,35.520060,1794.06,-0.00277119
2007,409,1,80.42,115.342278,35.519791,1091.39,-0.00263589
2007,409,2,160.85,115.341392,35.519791,583.07,-0.00250059
2007,41,0,0.00,115.879572,35.871212,747.53,-0.00509761
2007,41,1,88.55,115.879702,35.870532,388.71,-0.00463500
2007,41,2,177.09,115.879083,35.869913,328.91,-0.00155228
2007,41,3,265.64,115.878494,35.869285,343.86,0.00043968
2007,41,4,354.18,115.878054,35.868615,373.76,-0.00125443
2007,41,5,442.73,115.877435,35.867996,343.86,-0.00330176
2007,41,6,531.28,115.876717,35.867547,343.86,-0.00356526
2007,41,7,619.82,115.875800,35.867439,328.91,-0.00284738
2007,410,0,0.00,115.345434,35.517096,388.71,0.00540659
2007,410,1,49.21,115.345434,35.516652,269.11,0.00551881
2007,410,2,98.42,115.345704,35.516287,239.21,0.00563103
2007,411,0,0.00,115.345434,35.517096,911.98,-0.00731406
2007,411,1,79.38,115.345997,35.517635,657.82,-0.00877325
2007,411,2,158.76,115.346740,35.517407,448.52,-0.00915515
2007,411,3,238.14,115.347321,35.517003,269.11,-0.00656515
2007,411,4,317.53,115.347321,35.516287,388.71,-0.00505245
2007,412,0,0.00,115.345704,35.516287,373.76,0.00000000
2007,412,1,80.82,115.345704,35.515559,388.71,0.00224951
2007,412,2,161.65,115.345704,35.514830,403.66,0.00493799
2007,412,3,242.47,115.346243,35.514401,448.52,0.00537694
2007,413,0,0.00,115.345704,35.516287,867.13,0.00000000
2007,413,1,73.34,115.346512,35.516287,926.93,0.00000000
2007,413,2,146.68,115.347321,35.516287,672.77,0.00000000
2007,414,0,0.00,115.347590,35.516018,269.11,-0.00000000
2007,414,1,19.31,115.347455,35.516152,239.21,-0.00000000
2007,414,2,38.62,115.347321,35.516287,239.21,-0.00000000
2007,416,0,0.00,115.347590,35.516018,433.57,-0.00471839
2007,416,1,91.35,115.348326,35.515551,269.11,-0.00400965
2007,416,2,182.70,115.348399,35.514748,284.06,-0.00105373
2007,416,3,274.06,115.348668,35.514004,254.16,0.00059673
2007,416,4,365.41,115.348938,35.513259,269.11,-0.00000000
2007,416,5,456.76,115.349207,35.512514,239.21,-0.00000000
2007,417,0,0.00,115.347590,35.516018,807.33,0.00185655
2007,417,1,72.88,115.347082,35.515509,373.76,0.00191222
2007,417,2,145.77,115.346782,35.514940,388.71,0.00196788
2007,418,0,0.00,115.346243,35.514401,224.26,0.00227910
2007,418,1,94.58,115.346277,35.513558,269.11,0.00196366
2007,418,2,189.17,115.346728,35.512837,209.31,0.00059476
2007,418,3,283.75,115.347051,35.512079,209.31,-0.00045907
2007,418,4,378.33,115.347422,35.511335,239.21,-0.00059476
2007,418,5,472.92,115.347665,35.510553,254.16,0.00034342
2007,418,6,567.50,115.347907,35.509771,269.11,0.00118707
2007,418,7,662.08,115.348399,35.509062,269.11,0.00036645
2007,418,8,756.67,115.348810,35.508330,269.11,0.00009336
2007,418,9,851.25,115.349261,35.507609,284.06,0.00011217
2007,418,10,945.83,115.349746,35.506898,299.01,0.00039190
2007,418,11,1040.42,115.350164,35.506167,328.91,0.00112200
2007,418,12,1135.00,115.350824,35.505507,373.76,0.00127350
2007,419,0,0.00,115.346243,35.514401,463.47,0.00000000
2007,419,1,38.62,115.346512,35.514670,493.37,0.00000000
2007,419,2,77.24,115.346782,35.514940,478.42,0.00000000
2007,42,0,0.00,115.874452,35.868517,328.91,0.00114507
2007,42,1,99.11,115.873512,35.868247,313.96,0.00143887
2007,42,2,198.22,115.872669,35.867812,284.06,0.00169501
2007,42,3,297.33,115.871877,35.867289,299.01,0.00077509
2007,42,4,396.44,115.871184,35.866596,284.06,-0.00053994
2007,42,5,495.55,115.870382,35.866091,328.91,-0.00042958
2007,42,6,594.66,115.869600,35.865551,299.01,-0.00000000
2007,42,7,693.77,115.868808,35.865029,299.01,-0.00005677
2007,42,8,792.88,115.868016,35.864506,328.91,0.00000000
2007,42,9,891.99,115.867224,35.863983,269.11,0.00026119
2007,42,10,991.11,115.866432,35.863461,343.86,0.00000000
2007,42,11,1090.22,115.865687,35.862857,299.01,-0.00015453
2007,42,12,1189.33,115.864848,35.862416,328.91,0.00032420
2007,42,13,1288.44,115.864122,35.861779,284.06,-0.00061674
2007,42,14,1387.55,115.863403,35.861330,343.86,-0.00074279
2007,42,15,1486.66,115.862581,35.860957,358.81,-0.00005921
2007,42,16,1585.77,115.861789,35.860435,388.71,-0.00015070
2007,42,17,1684.88,115.860897,35.860082,343.86,0.00056930
2007,42,18,1783.99,115.860105,35.859560,373.76,0.00046824
2007,42,19,1883.10,115.859313,35.859037,343.86,-0.00004708
2007,42,20,1982.21,115.858503,35.858545,343.86,-0.00036369
2007,42,21,2081.32,115.857721,35.858006,388.71,-0.00047332
2007,42,22,2180.43,115.856838,35.857639,343.86,0.00100469
2007,42,23,2279.54,115.856045,35.857117,358.81,0.00106034
2007,42,24,2378.65,115.855353,35.856424,358.81,-0.00032132
2007,42,25,2477.76,115.854561,35.855902,358.81,-0.00053994
2007,42,26,2576.87,115.853808,35.855311,328.91,-0.00044192
2007,42,27,2675.98,115.852976,35.854856,343.86,-0.00000000
2007,42,28,2775.10,115.852184,35.854334,299.01,0.00022330
2007,42,29,2874.21,115.851392,35.853811,299.01,-0.00039901
2007,42,30,2973.32,115.850600,35.853289,299.01,-0.00000000
2007,42,31,3072.43,115.849738,35.852886,284.06,0.00078335
2007,42,32,3171.54,115.849016,35.852243,313.96,-0.00115507
2007,42,33,3270.65,115.848224,35.851721,284.06,-0.00269884
2007,42,34,3369.76,115.847233,35.851538,269.11,-0.00231887
2007,420,0,0.00,115.346782,35.514940,433.57,0.00922410
2007,420,1,43.76,115.347108,35.514670,538.22,0.00903555
2007,420,2,87.52,115.347590,35.514670,702.67,0.00884700
2007,422,0,0.00,115.350824,35.505507,343.86,0.00178182
2007,422,1,76.67,115.350942,35.504851,299.01,0.00352065
2007,422,2,153.35,115.351268,35.504255,299.01,0.00440746
2007,422,3,230.02,115.351902,35.503890,358.81,0.00355544
2007,423,0,0.00,115.350824,35.505507,777.43,-0.00059919
2007,423,1,82.38,115.351399,35.506082,702.67,-0.00354068
2007,423,2,164.77,115.352015,35.506585,777.43,-0.00507375
2007,423,3,247.15,115.352845,35.506451,642.87,-0.00037679
2007,423,4,329.54,115.353519,35.506585,149.51,0.00291173
2007,424,0,0.00,115.351902,35.503890,358.81,0.00956296
2007,424,1,46.49,115.352018,35.503505,328.91,0.00980727
2007,424,2,92.97,115.352441,35.503351,403.66,0.01005158
2007,425,0,0.00,115.351902,35.503890,747.53,-0.00123946
2007,425,1,89.47,115.352526,35.504515,911.98,-0.00129049
2007,425,2,178.95,115.353250,35.504968,717.63,-0.00134152
2007,426,0,0.00,115.353519,35.506585,493.37,0.00445574
2007,426,1,68.52,115.353458,35.507185,328.91,0.00439736
2007,426,2,137.05,115.352980,35.507663,328.91,0.00433899
2007,427,0,0.00,115.353519,35.506585,299.01,0.00000000
2007,427,1,38.62,115.353789,35.506316,328.91,0.00000000
2007,427,2,77.25,115.354058,35.506046,299.01,0.00000000
2007,428,0,0.00,115.352441,35.503351,373.76,0.00352417
2007,428,1,86.47,115.352441,35.502572,299.01,0.00323453
2007,428,2,172.93,115.352980,35.501950,299.01,0.00091818
2007,428,3,259.40,115.353416,35.501298,299.01,-0.00203849
2007,428,4,345.86,115.353789,35.500627,254.16,-0.00268027
2007,428,5,432.33,115.353789,35.499848,239.21,-0.00239208
2007,429,0,0.00,115.352441,35.503351,747.53,0.00000000
2007,429,1,74.34,115.352960,35.503870,672.77,0.00318095
2007,429,2,148.68,115.353478,35.504389,433.57,0.00671133
2007,429,3,223.02,115.353250,35.504968,433.57,0.00706075
2007,43,0,0.00,115.874452,35.868517,1794.06,0.00124161
2007,43,1,89.28,115.875076,35.867893,1061.49,0.00129292
2007,43,2,178.56,115.875800,35.867439,717.63,0.00134422
2007,430,0,0.00,115.353250,35.504968,642.87,0.00867803
2007,430,1,34.26,115.353489,35.505207,448.52,0.00879479
2007,430,2,68.52,115.353519,35.505507,358.81,0.00891155
2007,432,0,0.00,115.353789,35.499848,269.11,-0.00121257
2007,432,1,82.11,115.354328,35.499407,239.21,-0.00180625
2007,432,2,164.23,115.354825,35.498812,239.21,-0.00307029
2007,432,3,246.34,115.355136,35.498163,149.51,-0.00297401
2007,432,4,328.45,115.355136,35.497423,239.21,-0.00220738
2007,433,0,0.00,115.353789,35.499848,583.07,0.00000000
2007,433,1,96.56,115.353115,35.499174,448.52,0.00000000
2007,433,2,193.13,115.352441,35.498501,299.01,0.00000000
2007,434,0,0.00,115.355405,35.497153,538.22,-0.00000000
2007,434,1,19.31,115.355271,35.497288,508.32,-0.00000000
2007,434,2,38.63,115.355136,35.497423,433.57,-0.00000000
2007,435,0,0.00,115.355136,35.497423,807.33,0.00000000
2007,435,1,61.13,115.354462,35.497423,538.22,0.00000000
2007,435,2,122.26,115.353789,35.497423,702.67,0.00000000
2007,436,0,0.00,115.355405,35.497153,224.26,0.00000000
2007,436,1,89.70,115.355405,35.496345,209.31,0.00000000
2007,436,2,179.40,115.355405,35.495536,373.76,0.00000000
2007,437,0,0.00,115.355405,35.497153,657.82,0.00000000
2007,437,1,73.36,115.356214,35.497153,448.52,0.00000000
2007,437,2,146.71,115.357022,35.497153,104.65,0.00000000
2007,438,0,0.00,115.355405,35.495536,657.82,0.00351598
2007,438,1,68.22,115.356157,35.495536,1001.69,0.00370388
2007,438,2,136.44,115.356753,35.495806,971.78,0.00389177
2007,439,0,0.00,115.355405,35.495536,299.01,-0.00171313
2007,439,1,96.54,115.354732,35.494862,284.06,-0.00229135
2007,439,2,193.09,115.353902,35.494458,269.11,-0.00192499
2007,439,3,289.63,115.352995,35.494189,239.21,-0.00143599
2007,439,4,386.17,115.352087,35.493919,269.11,-0.00169517
2007,439,5,482.71,115.351023,35.493919,239.21,-0.00085761
2007,439,6,579.26,115.349980,35.493883,254.16,-0.00040316
2007,439,7,675.80,115.349207,35.493919,299.01,-0.00058987
2007,44,0,0.00,115.875800,35.867439,388.71,-0.00368924
2007,44,1,53.51,115.875635,35.867004,358.81,-0.00358291
2007,44,2,107.01,115.875261,35.866630,313.96,-0.00347658
2007,440,0,0.00,115.349207,35.493919,1629.61,-0.00238957
2007,440,1,75.58,115.348938,35.494522,508.32,-0.00344404
2007,440,2,151.17,115.348938,35.495203,493.37,-0.00344404
2007,440,3,226.75,115.349207,35.495806,418.61,-0.00238957
2007,441,0,0.00,115.349207,35.493919,313.96,-0.00533516
2007,441,1,63.08,115.348767,35.493479,299.01,-0.00553233
2007,441,2,126.16,115.348129,35.493380,299.01,-0.00572950
2007,442,0,0.00,115.349207,35.495806,313.96,0.00000000
2007,442,1,29.90,115.349207,35.496075,313.96,0.00000000
2007,442,2,59.80,115.349207,35.496345,194.36,0.00000000
2007,443,0,0.00,115.349207,35.495806,538.22,0.00922060
2007,443,1,43.77,115.349533,35.495536,299.01,0.00903207
2007,443,2,87.53,115.350016,35.495536,254.16,0.00884354
2007,444,0,0.00,115.348129,35.493380,702.67,-0.00185656
2007,444,1,72.89,115.347621,35.493889,1016.64,-0.00191225
2007,444,2,145.78,115.347321,35.494458,179.41,-0.00196793
2007,445,0,0.00,115.348129,35.493380,284.06,-0.00155471
2007,445,1,97.66,115.347365,35.492841,239.21,-0.00092675
2007,445,2,195.32,115.346470,35.492529,224.26,-0.00125549
2007,445,3,292.98,115.345681,35.492033,239.21,-0.00188029
2007,445,4,390.64,115.344605,35.492033,239.21,-0.00049837
2007,445,5,488.30,115.343685,35.491763,239.21,0.00051728
2007,445,6,585.95,115.342657,35.491681,224.26,0.00131139
2007,445,7,683.61,115.341778,35.491340,254.16,-0.00012700
2007,445,8,781.27,115.340925,35.490955,239.21,-0.00158721
2007,445,9,878.93,115.339849,35.490955,269.11,0.00026637
2007,445,10,976.59,115.338929,35.490685,269.11,0.00000000
2007,445,11,1074.25,115.337964,35.490492,284.06,-0.00126854
2007,445,12,1171.91,115.336932,35.490416,299.01,-0.00000000
2007,445,13,1269.57,115.335856,35.490416,358.81,0.00153514
2007,445,14,1367.23,115.334936,35.490146,328.91,0.00000000
2007,445,15,1464.89,115.334016,35.489877,328.91,-0.00092324
2007,445,16,1562.55,115.332940,35.489877,328.91,-0.00000000
2007,445,17,1660.20,115.332020,35.489607,328.91,-0.00000000
2007,445,18,1757.86,115.330943,35.489607,328.91,-0.00000000
2007,445,19,1855.52,115.330023,35.489338,388.71,0.00000000
2007,445,20,1953.18,115.328947,35.489338,358.81,0.00033476
2007,445,21,2050.84,115.328027,35.489068,388.71,-0.00000000
2007,445,22,2148.50,115.327009,35.488968,343.86,-0.00010304
2007,445,23,2246.16,115.326031,35.488799,388.71,0.00046344
2007,446,0,0.00,115.326031,35.488799,388.71,0.00336885
2007,446,1,99.76,115.325087,35.489068,328.91,0.00248601
2007,446,2,199.53,115.324144,35.488799,299.01,0.00168443
2007,446,3,299.29,115.323045,35.488799,269.11,0.00269216
2007,446,4,399.05,115.322258,35.488260,418.61,0.00361863
2007,447,0,0.00,115.326031,35.488799,508.32,0.00000000
2007,447,1,93.56,115.325378,35.488146,493.37,-0.00117664
2007,447,2,187.12,115.324725,35.487493,403.66,-0.00248088
2007,447,3,280.67,115.323875,35.487182,284.06,-0.00260848
2007,448,0,0.00,115.322258,35.488260,1794.06,0.00378756
2007,448,1,83.48,115.322258,35.487507,986.73,0.00381886
2007,448,2,166.96,115.322797,35.486912,642.87,0.00385017
2007,449,0,0.00,115.322258,35.488260,418.61,0.01344810
2007,449,1,50.85,115.321853,35.488529,269.11,0.01344810
2007,449,2,101.71,115.321449,35.488260,493.37,0.01344810
2007,450,0,0.00,115.321449,35.488260,1794.06,0.00204944
2007,450,1,79.11,115.321449,35.487547,1046.54,0.00211331
2007,450,2,158.23,115.321719,35.486912,657.82,0.00217718
2007,451,0,0.00,115.321449,35.488260,403.66,0.01344810
2007,451,1,50.85,115.321045,35.488529,209.31,0.01344810
2007,451,2,101.71,115.320641,35.488260,418.61,0.01344810
2007,452,0,0.00,115.320641,35.488260,1794.06,0.00000000
2007,452,1,29.90,115.320641,35.487990,1794.06,0.00000000
2007,452,2,59.80,115.320641,35.487721,1794.06,0.00000000
2007,453,0,0.00,115.320641,35.488260,328.91,-0.00000000
2007,453,1,63.08,115.320102,35.488529,299.01,-0.00000000
2007,453,2,126.16,115.319563,35.488799,403.66,-0.00000000
2007,454,0,0.00,115.319563,35.488799,328.91,0.00193570
2007,454,1,93.85,115.318528,35.488799,328.91,0.00191254
2007,454,2,187.70,115.317660,35.488513,299.01,-0.00011730
2007,454,3,281.56,115.316772,35.488260,269.11,-0.00100352
2007,454,4,375.41,115.315738,35.488260,179.41,0.00005847
2007,454,5,469.26,115.314860,35.487990,179.41,-0.00000000
2007,454,6,563.11,115.313826,35.487990,209.31,0.00087622
2007,454,7,656.97,115.312948,35.487721,179.41,0.00100352
2007,454,8,750.82,115.312050,35.487485,239.21,0.00025511
2007,454,9,844.67,115.311191,35.487182,269.11,0.00103583
2007,454,10,938.52,115.310313,35.486912,269.11,0.00190140
2007,454,11,1032.38,115.309591,35.486373,313.96,0.00198675
2007,455,0,0.00,115.319563,35.488799,598.02,-0.00196795
2007,455,1,72.89,115.319863,35.489368,553.17,-0.00191226
2007,455,2,145.78,115.320371,35.489877,493.37,-0.00185657
2007,456,0,0.00,115.309591,35.486373,612.97,-0.00622704
2007,456,1,92.98,115.309569,35.485542,239.21,-0.00951185
2007,456,2,185.97,115.308687,35.485295,388.71,-0.00922636
2007,456,3,278.95,115.307974,35.485834,717.63,-0.00565607
2007,457,0,0.00,115.309591,35.486373,313.96,0.00603152
2007,457,1,73.05,115.308943,35.486643,328.91,0.00866332
2007,457,2,146.10,115.308275,35.486405,224.26,0.00816356
2007,457,3,219.15,115.307974,35.485834,269.11,0.00503200
2007,459,0,0.00,115.307974,35.485834,224.26,0.00000000
2007,459,1,38.63,115.307705,35.485565,269.11,0.00000000
2007,459,2,77.26,115.307435,35.485295,328.91,0.00000000
2007,46,0,0.00,115.847233,35.851538,313.96,-0.00220261
2007,46,1,95.31,115.846776,35.850812,224.26,-0.00165249
2007,46,2,190.63,115.846010,35.850316,209.31,-0.00112927
2007,46,3,285.94,115.845343,35.849652,209.31,-0.00124568
2007,46,4,381.26,115.844479,35.849324,194.36,-0.00189048
2007,46,5,476.57,115.843705,35.848843,179.41,-0.00235885
2007,46,6,571.89,115.842650,35.848843,179.41,-0.00075504
2007,46,7,667.20,115.841686,35.848686,194.36,-0.00014611
2007,46,8,762.51,115.840697,35.848574,239.21,-0.00088079
2007,46,9,857.83,115.839642,35.848574,269.11,-0.00035375
2007,46,10,953.14,115.838586,35.848574,328.91,0.00000000
2007,46,11,1048.46,115.837531,35.848574,388.71,0.00000000
2007,460,0,0.00,115.307435,35.485295,403.66,-0.00178444
2007,460,1,75.03,115.307435,35.484619,448.52,-0.00230207
2007,460,2,150.06,115.307223,35.484005,403.66,-0.00577212
2007,460,3,225.09,115.306908,35.483420,254.16,-0.00805026
2007,460,4,300.12,115.306088,35.483409,284.06,-0.00737598
2007,461,0,0.00,115.307435,35.485295,418.61,0.00321630
2007,461,1,99.77,115.306344,35.485282,269.11,0.00333022
2007,461,2,199.53,115.305549,35.484756,254.16,0.00344413
2007,462,0,0.00,115.306088,35.483409,358.81,-0.00547114
2007,462,1,79.39,115.305526,35.482870,224.26,-0.00672720
2007,462,2,158.78,115.304651,35.482870,508.32,-0.00541490
2007,462,3,238.17,115.303932,35.483139,642.87,-0.00284653
2007,463,0,0.00,115.306088,35.483409,762.48,-0.00000000
2007,463,1,83.48,115.305818,35.484083,911.98,-0.00000000
2007,463,2,166.96,115.305549,35.484756,777.43,-0.00000000
2007,464,0,0.00,115.305549,35.484756,239.21,0.00297658
2007,464,1,87.74,115.304739,35.484485,239.21,0.00414086
2007,464,2,175.48,115.304127,35.483873,254.16,0.00403177
2007,464,3,263.22,115.303932,35.483139,463.47,0.00275839
2007,466,0,0.00,115.303932,35.483139,328.91,0.00127718
2007,466,1,94.73,115.303073,35.482820,313.96,0.00045032
2007,466,2,189.46,115.302313,35.482331,328.91,0.00001034
2007,466,3,284.18,115.301425,35.482061,313.96,0.00116579
2007,466,4,378.91,115.300695,35.481520,358.81,0.00095757
2007,466,5,473.64,115.299962,35.480983,358.81,-0.00000000
2007,466,6,568.37,115.299231,35.480444,358.81,-0.00006571
2007,466,7,663.09,115.298499,35.479905,328.91,0.00034126
2007,466,8,757.82,115.297755,35.479388,358.81,0.00032564
2007,466,9,852.55,115.297094,35.478727,328.91,0.00046069
2007,466,10,947.28,115.296335,35.478237,343.86,0.00167041
2007,466,11,1042.00,115.295882,35.477515,284.06,0.00054498
2007,466,12,1136.73,115.295430,35.476793,313.96,-0.00111879
2007,466,13,1231.46,115.294769,35.476132,269.11,-0.00108996
2007,467,0,0.00,115.294769,35.476132,373.76,0.00000000
2007,467,1,14.95,115.294769,35.475998,358.81,0.00000000
2007,467,2,29.90,115.294769,35.475863,358.81,0.00000000
2007,468,0,0.00,115.294769,35.476132,1794.06,-0.00000000
2007,468,1,89.49,115.294095,35.476671,1480.10,-0.00000000
2007,468,2,178.98,115.293422,35.477210,732.58,-0.00000000
2007,469,0,0.00,115.294769,35.475863,358.81,0.00000000
2007,469,1,93.42,115.294117,35.475211,328.91,-0.00011541
2007,469,2,186.84,115.293466,35.474559,343.86,-0.00129704
2007,469,3,280.26,115.292883,35.474029,358.81,-0.00219421
2007,469,4,373.68,115.292074,35.473707,299.01,-0.00202517
2007,47,0,0.00,115.847233,35.851538,1569.81,-0.00347665
2007,47,1,53.51,115.846859,35.851912,1031.59,-0.00358302
2007,47,2,107.02,115.846694,35.852347,897.03,-0.00368938
2007,470,0,0.00,115.294769,35.475863,1794.06,0.00215969
2007,470,1,71.24,115.295266,35.475366,1794.06,0.00433522
2007,470,2,142.48,115.295871,35.475054,687.72,0.00513267
2007,470,3,213.72,115.296656,35.475054,553.17,0.00375460
2007,471,0,0.00,115.293422,35.477210,747.53,-0.00000000
2007,471,1,19.31,115.293287,35.477345,732.58,-0.00000000
2007,471,2,38.63,115.293152,35.477480,717.63,-0.00000000
2007,472,0,0.00,115.293422,35.477210,373.76,0.00000000
2007,472,1,38.63,115.293152,35.476941,358.81,0.00000000
2007,472,2,77.26,115.292883,35.476671,299.01,0.00000000
2007,473,0,0.00,115.292074,35.473707,313.96,-0.00246237
2007,473,1,82.40,115.291479,35.473168,403.66,-0.00256508
2007,473,2,164.81,115.290727,35.472899,508.32,-0.00266779
2007,474,0,0.00,115.292074,35.473707,1794.06,-0.00105032
2007,474,1,93.11,115.291425,35.474357,1255.84,0.00380216
2007,474,2,186.22,115.290976,35.475054,837.23,0.01212736
2007,474,3,279.32,115.290457,35.474498,433.57,0.01012205
2007,474,4,372.43,115.290457,35.473659,657.82,0.00310171
2007,474,5,465.54,115.290727,35.472899,672.77,0.00155942
2007,476,0,0.00,115.290727,35.472899,418.61,-0.00395907
2007,476,1,50.86,115.290372,35.472544,448.52,-0.00417316
2007,476,2,101.72,115.289918,35.472360,478.42,-0.00438726
2007,477,0,0.00,115.289918,35.472360,433.57,-0.00467413
2007,477,1,80.76,115.289772,35.471674,448.52,-0.00477135
2007,477,2,161.52,115.289110,35.471282,433.57,-0.00486857
2007,478,0,0.00,115.289918,35.472360,1599.71,0.00000000
2007,478,1,38.63,115.289649,35.472629,1031.59,0.00000000
2007,478,2,77.26,115.289379,35.472899,867.13,0.00000000
2007,479,0,0.00,115.289110,35.471282,493.37,-0.00259453
2007,479,1,93.09,115.289110,35.470443,418.61,-0.00308414
2007,479,2,186.17,115.288645,35.469739,463.47,-0.00182097
2007,479,3,279.26,115.288032,35.469079,433.57,-0.00028689
2007,479,4,372.35,115.287555,35.468379,463.47,-0.00113642
2007,479,5,465.43,115.286878,35.467778,538.22,-0.00014646
2007,479,6,558.52,115.286158,35.467251,523.27,0.00113642
2007,479,7,651.61,115.285717,35.466541,523.27,-0.00016545
2007,479,8,744.69,115.285067,35.465892,612.97,-0.00112942
2007,48,0,0.00,115.837531,35.848574,403.66,0.00203281
2007,48,1,75.08,115.836907,35.848929,343.86,0.00203680
2007,48,2,150.15,115.836184,35.849113,418.61,0.00204080
2007,480,0,0.00,115.289110,35.471282,1689.41,0.00218805
2007,480,1,67.81,115.288637,35.471755,1644.56,0.00229519
2007,480,2,135.63,115.288065,35.472057,1300.70,0.00120116
2007,480,3,203.44,115.287493,35.472360,418.61,0.00000000
2007,481,0,0.00,115.285067,35.465892,448.52,-0.00226894
2007,481,1,94.09,115.284620,35.465174,493.37,-0.00358671
2007,481,2,188.18,115.283864,35.464689,508.32,-0.00372993
2007,481,3,282.27,115.282911,35.464544,777.43,-0.00255537
2007,482,0,0.00,115.285067,35.465892,1734.26,-0.00000000
2007,482,1,85.95,115.284468,35.466491,1495.05,0.00071921
2007,482,2,171.90,115.283868,35.467091,1495.05,0.00444753
2007,482,3,257.85,115.283163,35.467509,612.97,0.00672588
2007,482,4,343.80,115.282372,35.467239,508.32,0.00599510
2007,483,0,0.00,115.282911,35.464544,553.17,-0.00000000
2007,483,1,87.75,115.282508,35.463871,583.07,-0.00202016
2007,483,2,175.50,115.282104,35.463198,508.32,-0.00414055
2007,483,3,263.25,115.281294,35.462927,508.32,-0.00424078
2007,484,0,0.00,115.282911,35.464544,1794.06,0.00000000
2007,484,1,57.95,115.282507,35.464948,1240.89,0.00000000
2007,484,2,115.89,115.282103,35.465353,1151.19,0.00000000
2007,485,0,0.00,115.282372,35.467239,538.22,0.00574112
2007,485,1,75.47,115.281648,35.467054,508.32,0.00806863
2007,485,2,150.94,115.281330,35.466467,717.63,0.00894846
2007,485,3,226.41,115.281576,35.465879,1016.64,0.00487368
2007,485,4,301.88,115.282103,35.465353,1151.19,0.00224657
2007,486,0,0.00,115.282372,35.467239,717.63,0.00000000
2007,486,1,72.68,115.282372,35.466584,538.22,-0.00121884
2007,486,2,145.35,115.282372,35.465929,657.82,-0.00251353
2007,486,3,218.03,115.282103,35.465353,583.07,-0.00258939
2007,487,0,0.00,115.281294,35.462927,448.52,0.00031610
2007,487,1,88.53,115.280755,35.462287,388.71,-0.00017771
2007,487,2,177.05,115.280268,35.461631,343.86,-0.00194509
2007,487,3,265.58,115.279635,35.461041,328.91,-0.00149748
2007,487,4,354.10,115.278835,35.460737,343.86,0.00131969
2007,487,5,442.63,115.278218,35.460120,328.91,0.00120784
2007,487,6,531.15,115.277600,35.459502,343.86,0.00000000
2007,487,7,619.68,115.276983,35.458885,358.81,0.00000000
2007,488,0,0.00,115.281294,35.462927,1794.06,0.00000000
2007,488,1,38.63,115.281025,35.463197,1794.06,0.00000000
2007,488,2,77.26,115.280755,35.463466,1375.45,0.00000000
2007,489,0,0.00,115.276983,35.458885,343.86,-0.00175236
2007,489,1,73.06,115.276374,35.458546,343.86,0.00090719
2007,489,2,146.13,115.275685,35.458346,373.76,0.00444521
2007,489,3,219.19,115.275366,35.457807,328.91,0.00532368
2007,49,0,0.00,115.837531,35.848574,1151.19,0.00119328
2007,49,1,90.46,115.836899,35.847942,1061.49,-0.00263039
2007,49,2,180.93,115.836476,35.847249,598.02,-0.00743694
2007,49,3,271.39,115.835645,35.847496,433.57,-0.00841981
2007,490,0,0.00,115.276983,35.458885,1794.06,0.00000000
2007,490,1,96.58,115.277656,35.458211,1794.06,0.00000000
2007,490,2,193.16,115.278330,35.457537,343.86,0.00000000
2007,491,0,0.00,115.275366,35.457807,358.81,0.00286229
2007,491,1,85.13,115.274673,35.457384,358.81,0.00282339
2007,491,2,170.26,115.274288,35.456729,284.06,0.00278448
2007,492,0,0.00,115.275366,35.457807,1794.06,-0.00257481
2007,492,1,86.70,115.275970,35.457202,1106.34,-0.00483404
2007,492,2,173.41,115.276174,35.456480,403.66,-0.00983811
2007,492,3,260.11,115.275730,35.455920,358.81,-0.01164303
2007,492,4,346.82,115.274892,35.456124,1076.44,-0.00699105
2007,492,5,433.52,115.274288,35.456729,1794.06,-0.00327899
2007,493,0,0.00,115.274288,35.456729,373.76,0.00000000
2007,493,1,92.49,115.273544,35.456254,313.96,0.00000000
2007,493,2,184.98,115.272800,35.455780,299.01,0.00062590
2007,493,3,277.47,115.272056,35.455305,313.96,0.00062590
2007,493,4,369.96,115.271410,35.454660,269.11,0.00000000
2007,493,5,462.45,115.270666,35.454186,358.81,-0.00000000
2007,493,6,554.94,115.270021,35.453540,328.91,0.00000000
2007,493,7,647.43,115.269277,35.453066,328.91,0.00057934
2007,493,8,739.92,115.268632,35.452421,358.81,0.00115154
2007,493,9,832.41,115.267987,35.451776,388.71,0.00117511
2007,493,10,924.90,115.267550,35.451069,418.61,0.00120582
2007,494,0,0.00,115.267550,35.451069,448.52,0.00260304
2007,494,1,81.98,115.266647,35.451069,358.81,0.00487251
2007,494,2,163.97,115.265912,35.450779,433.57,0.00639211
2007,494,3,245.95,115.265549,35.450146,493.37,0.00360645
2007,494,4,327.93,115.265394,35.449452,418.61,0.00157067
2007,495,0,0.00,115.267550,35.451069,1794.06,-0.00443334
2007,495,1,76.01,115.268080,35.450539,971.78,-0.00536714
2007,495,2,152.02,115.268089,35.449857,553.17,-0.00458896
2007,495,3,228.03,115.267872,35.449235,358.81,-0.00189941
2007,495,4,304.04,115.267550,35.448644,388.71,-0.00092185
2007,496,0,0.00,115.265394,35.449452,433.57,0.00352736
2007,496,1,80.73,115.264634,35.449231,403.66,0.00336356
2007,496,2,161.46,115.264070,35.448668,403.66,0.00198660
2007,496,3,242.19,115.263508,35.448104,448.52,0.00083455
2007,496,4,322.91,115.263103,35.447566,478.42,0.00045263
2007,496,5,403.64,115.262699,35.447027,538.22,0.00000960
2007,497,0,0.00,115.265394,35.449452,1794.06,0.00118849
2007,497,1,88.86,115.266014,35.448833,1450.20,0.00414164
2007,497,2,177.72,115.266728,35.448375,463.47,0.00652836
2007,497,3,266.57,115.267550,35.448644,343.86,0.00596194
2007,498,0,0.00,115.267550,35.448644,433.57,0.00000000
2007,498,1,19.32,115.267685,35.448509,373.76,0.00000000
2007,498,2,38.63,115.267820,35.448375,403.66,0.00000000
2007,5,0,0.00,115.878225,35.893041,448.52,0.00608634
2007,5,1,84.33,115.878670,35.892502,418.61,0.00466983
2007,5,2,168.66,115.879593,35.892481,433.57,0.00056249
2007,5,3,252.99,115.880381,35.892232,463.47,-0.00212833
2007,50,0,0.00,115.836184,35.849113,343.86,0.00550861
2007,50,1,79.13,115.835623,35.849652,358.81,0.00418839
2007,50,2,158.27,115.834747,35.849652,508.32,-0.00000000
2007,50,3,237.40,115.834028,35.849921,418.61,-0.00286816
2007,500,0,0.00,115.262699,35.447027,598.02,0.00192903
2007,500,1,91.19,115.261695,35.447027,433.57,0.00204630
2007,500,2,182.38,115.260847,35.446758,358.81,0.00256342
2007,500,3,273.57,115.260000,35.446484,373.76,0.00401574
2007,500,4,364.77,115.259364,35.445848,373.76,0.00381187
2007,500,5,455.96,115.259145,35.445090,418.61,0.00127776
2007,500,6,547.15,115.258926,35.444332,448.52,-0.00000000
2007,501,0,0.00,115.262699,35.447027,926.93,-0.00170882
2007,501,1,89.07,115.262969,35.446303,837.23,-0.00331926
2007,501,2,178.14,115.262969,35.445500,568.12,-0.00382258
2007,501,3,267.21,115.262430,35.444855,358.81,-0.00222960
2007,501,4,356.28,115.262005,35.444176,328.91,-0.00318217
2007,501,5,445.35,115.261284,35.443726,358.81,-0.00486986
2007,501,6,534.42,115.260420,35.443524,493.37,-0.00589820
2007,501,7,623.49,115.259548,35.443711,1584.76,-0.00502657
2007,501,8,712.56,115.258926,35.444332,1794.06,-0.00337589
2007,502,0,0.00,115.258926,35.444332,508.32,0.00395098
2007,502,1,76.30,115.258197,35.444141,478.42,0.00291301
2007,502,2,152.61,115.257664,35.443609,463.47,0.00093752
2007,502,3,228.91,115.257033,35.443247,478.42,0.00085890
2007,502,4,305.22,115.256501,35.442715,463.47,0.00171781
2007,503,0,0.00,115.256501,35.442715,493.37,0.00051487
2007,503,1,96.36,115.255730,35.442214,493.37,0.00057446
2007,503,2,192.71,115.255003,35.441637,508.32,0.00006877
2007,503,3,289.07,115.254287,35.441040,493.37,-0.00057446
2007,503,4,385.43,115.253516,35.440539,508.32,0.00024825
2007,503,5,481.78,115.252745,35.440037,508.32,0.00057446
2007,503,6,578.14,115.252073,35.439365,493.37,-0.00057446
2007,503,7,674.49,115.251302,35.438864,508.32,-0.00057446
2007,503,8,770.85,115.250531,35.438362,493.37,0.00057446
2007,503,9,867.21,115.249760,35.437861,508.32,0.00110737
2007,503,10,963.56,115.249088,35.437189,508.32,0.00053291
2007,503,11,1059.92,115.248416,35.436517,553.17,-0.00000000
2007,504,0,0.00,115.256501,35.442715,1794.06,-0.00000000
2007,504,1,85.43,115.257097,35.442119,1315.65,0.00068154
2007,504,2,170.86,115.257693,35.441523,1255.84,0.00142102
2007,504,3,256.28,115.258387,35.441098,313.96,0.00147896
2007,505,0,0.00,115.248416,35.436517,523.27,0.00215254
2007,505,1,73.07,115.247709,35.436348,448.52,0.00411875
2007,505,2,146.15,115.247100,35.436009,523.27,0.00494580
2007,505,3,219.22,115.246799,35.435439,538.22,0.00380664
2007,506,0,0.00,115.248416,35.436517,1794.06,-0.00120129
2007,506,1,90.31,115.249046,35.435887,1794.06,-0.00246734
2007,506,2,180.63,115.249467,35.435196,941.88,-0.00515652
2007,506,3,270.94,115.249494,35.434390,508.32,-0.00904300
2007,506,4,361.25,115.248847,35.433822,553.17,-0.01063884
2007,506,5,451.56,115.248059,35.434179,1794.06,-0.00588255
2007,506,6,541.88,115.247429,35.434809,1794.06,-0.00099689
2007,506,7,632.19,115.246799,35.435439,1794.06,-0.00000000
2007,508,0,0.00,115.246799,35.435439,463.47,-0.00120151
2007,508,1,90.87,115.246165,35.434805,538.22,-0.00060076
2007,508,2,181.73,115.245433,35.434342,523.27,0.00119398
2007,508,3,272.60,115.244799,35.433708,538.22,0.00181938
2007,508,4,363.47,115.244374,35.433013,568.12,0.00125080
2007,509,0,0.00,115.244374,35.433013,598.02,0.00261252
2007,509,1,81.71,115.243630,35.432744,538.22,0.00343322
2007,509,2,163.42,115.243036,35.432215,523.27,0.00181898
2007,509,3,245.13,115.242675,35.431584,538.22,-0.00384810
2007,509,4,326.85,115.242040,35.431127,598.02,-0.00567531
2007,509,5,408.56,115.241140,35.431127,897.03,-0.00427037
2007,51,0,0.00,115.836184,35.849113,1270.79,0.00280558
2007,51,1,98.36,115.835645,35.848382,1001.69,0.00274985
2007,51,2,196.73,115.835645,35.847496,418.61,0.00269413
2007,510,0,0.00,115.244374,35.433013,1794.06,-0.00000000
2007,510,1,89.31,115.244997,35.432390,1794.06,-0.00000000
2007,510,2,178.63,115.245620,35.431767,1270.79,-0.00000000
2007,510,3,267.94,115.246243,35.431144,747.53,-0.00127097
2007,510,4,357.25,115.246866,35.430522,657.82,-0.00324182
2007,510,5,446.57,115.247069,35.429776,657.82,-0.00256887
2007,510,6,535.88,115.247069,35.428971,583.07,-0.00119603
2007,511,0,0.00,115.241140,35.431127,657.82,-0.00161440
2007,511,1,88.97,115.241140,35.430325,538.22,-0.00256608
2007,511,2,177.94,115.240870,35.429602,478.42,-0.00346752
2007,511,3,266.92,115.240321,35.428960,508.32,-0.00108507
2007,511,4,355.89,115.239601,35.428511,508.32,0.00169244
2007,511,5,444.86,115.239253,35.427810,508.32,-0.00003371
2007,511,6,533.83,115.238777,35.427148,523.27,-0.00127237
2007,511,7,622.81,115.238175,35.426663,478.42,-0.00121635
2007,511,8,711.78,115.237646,35.426016,493.37,-0.00275308
2007,511,9,800.75,115.236828,35.425737,538.22,-0.00341303
2007,512,0,0.00,115.241140,35.431127,1659.51,0.00000000
2007,512,1,38.64,115.240870,35.431396,1405.35,0.00000000
2007,512,2,77.28,115.240601,35.431666,1255.84,0.00000000
2007,513,0,0.00,115.236828,35.425737,583.07,-0.00448986
2007,513,1,70.17,115.236756,35.425126,523.27,-0.00750946
2007,513,2,140.33,115.236253,35.424659,478.42,-0.00826069
2007,513,3,210.50,115.235480,35.424659,657.82,-0.00599230
2007,514,0,0.00,115.236828,35.425737,1375.45,0.00136956
2007,514,1,91.26,115.236191,35.426374,1375.45,0.00437651
2007,514,2,182.53,115.235442,35.426815,762.48,0.00910838
2007,514,3,273.79,115.234672,35.426481,508.32,0.00749778
2007,514,4,365.05,115.234402,35.425737,478.42,0.00416226
2007,515,0,0.00,115.240601,35.431666,1794.06,0.00476687
2007,515,1,82.43,115.239927,35.432070,956.83,0.00529102
2007,515,2,164.86,115.239253,35.431935,657.82,0.00581517
2007,516,0,0.00,115.240601,35.431666,672.77,0.00205072
2007,516,1,79.12,115.240601,35.432379,792.38,0.00211469
2007,516,2,158.24,115.240331,35.433013,926.93,0.00217867
2007,517,0,0.00,115.235480,35.424659,627.92,-0.00219854
2007,517,1,96.55,115.235433,35.423803,463.47,-0.00311680
2007,517,2,193.11,115.234968,35.423068,478.42,-0.00392215
2007,517,3,289.66,115.234232,35.422503,493.37,-0.00297817
2007,517,4,386.22,115.233324,35.422234,538.22,-0.00214709
2007,518,0,0.00,115.235480,35.424659,1569.81,0.00000000
2007,518,1,77.28,115.234941,35.425198,1031.59,0.00000000
2007,518,2,154.56,115.234402,35.425737,867.13,0.00000000
2007,519,0,0.00,115.234402,35.425737,403.66,-0.00042727
2007,519,1,98.37,115.233716,35.425051,493.37,0.00165645
2007,519,2,196.73,115.233055,35.424499,403.66,0.00261983
2007,519,3,295.10,115.233055,35.423613,508.32,0.00263632
2007,519,4,393.46,115.232638,35.422920,523.27,0.00456718
2007,519,5,491.83,115.233324,35.422234,1569.81,0.00536120
2007,522,0,0.00,115.233324,35.422234,508.32,-0.00109370
2007,522,1,96.99,115.232857,35.421496,478.42,-0.00159244
2007,522,2,193.98,115.232180,35.420820,433.57,-0.00161226
2007,522,3,290.98,115.231405,35.420314,448.52,-0.00056667
2007,522,4,387.97,115.230630,35.419808,418.61,0.00000000
2007,523,0,0.00,115.230630,35.419808,1345.55,0.00203887
2007,523,1,70.20,115.230140,35.420298,1345.55,0.00213682
2007,523,2,140.39,115.229552,35.420617,433.57,0.00223478
2007,524,0,0.00,115.230630,35.419808,448.52,-0.00217846
2007,524,1,97.94,115.230360,35.419004,388.71,-0.00212658
2007,524,2,195.88,115.229680,35.418320,358.81,-0.00104565
2007,524,3,293.81,115.228997,35.417637,328.91,-0.00052388
2007,524,4,391.75,115.228314,35.416954,269.11,-0.00051558
2007,524,5,489.69,115.227533,35.416442,224.26,0.00051558
2007,524,6,587.63,115.226849,35.415759,149.51,0.00000000
2007,524,7,685.57,115.226166,35.415075,179.41,-0.00234979
2007,524,8,783.50,115.225385,35.414563,179.41,-0.00268329
2007,524,9,881.44,115.224390,35.414418,209.31,-0.00133480
2007,524,10,979.38,115.223468,35.414149,269.11,-0.00131831
2007,524,11,1077.32,115.222389,35.414149,239.21,0.00000000
2007,524,12,1175.26,115.221311,35.414149,358.81,0.00175019
2007,524,13,1273.19,115.220389,35.413879,478.42,0.00183520
2007,525,0,0.00,115.220389,35.413879,672.77,0.00000000
2007,525,1,89.00,115.220389,35.413077,523.27,-0.00307890
2007,525,2,178.00,115.220389,35.412275,194.36,-0.00656105
2007,525,3,267.00,115.219580,35.411993,702.67,-0.00696429
2007,526,0,0.00,115.220389,35.413879,508.32,0.01066230
2007,526,1,31.56,115.220169,35.414099,448.52,0.01105549
2007,526,2,63.12,115.219850,35.414149,418.61,0.01144868
2007,527,0,0.00,115.219580,35.411993,284.06,0.00314591
2007,527,1,64.17,115.219580,35.412571,388.71,0.00324017
2007,527,2,128.34,115.219311,35.413071,1016.64,0.00333444
2007,528,0,0.00,115.219580,35.411993,209.31,-0.00000000
2007,528,1,19.32,115.219445,35.411858,89.70,-0.00000000
2007,528,2,38.64,115.219311,35.411723,29.90,-0.00000000
2007,529,0,0.00,115.219850,35.414149,448.52,0.00125787
2007,529,1,90.63,115.219426,35.414842,299.01,0.00317167
2007,529,2,181.25,115.218794,35.415474,269.11,0.00332934
2007,529,3,271.88,115.217866,35.415594,254.16,-0.00068873
2007,529,4,362.50,115.217123,35.416035,284.06,-0.00155367
2007,529,5,453.13,115.216404,35.416516,299.01,0.00000000
2007,529,6,543.76,115.215673,35.416978,239.21,-0.00000488
2007,529,7,634.38,115.214942,35.417439,239.21,0.00068873
2007,529,8,725.01,115.214224,35.417922,224.26,0.00165079
2007,529,9,815.63,115.213382,35.418191,299.01,0.00175769
2007,53,0,0.00,115.835645,35.847496,508.32,-0.00445384
2007,53,1,87.25,115.834679,35.847496,358.81,-0.00454831
2007,53,2,174.50,115.834028,35.848035,463.47,-0.00464278
2007,530,0,0.00,115.219850,35.414149,747.53,-0.00000000
2007,530,1,68.54,115.219580,35.413610,358.81,-0.00000000
2007,530,2,137.08,115.219311,35.413071,299.01,-0.00000000
2007,531,0,0.00,115.219311,35.413071,448.52,0.00882866
2007,531,1,43.80,115.218829,35.413071,687.72,0.00901709
2007,531,2,87.60,115.218502,35.412801,224.26,0.00920552
2007,533,0,0.00,115.213382,35.418191,313.96,0.00042699
2007,533,1,85.87,115.212684,35.418619,224.26,0.00077081
2007,533,2,171.75,115.211959,35.419000,239.21,0.00000000
2007,533,3,257.62,115.211190,35.419305,194.36,0.00078500
2007,533,4,343.49,115.210536,35.419808,179.41,0.00244065
2007,533,5,429.36,115.209597,35.419820,269.11,0.00000000
2007,533,6,515.24,115.208800,35.420078,269.11,-0.00219668
2007,534,0,0.00,115.213382,35.418191,1794.06,-0.00068404
2007,534,1,85.06,115.212843,35.417582,1181.09,-0.00365926
2007,534,2,170.12,115.212306,35.417113,328.91,-0.00755255
2007,534,3,255.18,115.211416,35.417193,224.26,-0.00565634
2007,534,4,340.24,115.210745,35.417652,224.26,0.00099335
2007,534,5,425.30,115.210031,35.418038,194.36,0.00495894
2007,534,6,510.36,115.209339,35.417922,313.96,0.00508914
2007,535,0,0.00,115.208800,35.420078,642.87,-0.00205101
2007,535,1,79.12,115.208800,35.419364,911.98,-0.00211502
2007,535,2,158.24,115.208531,35.418730,598.02,-0.00217902
2007,536,0,0.00,115.208800,35.420078,358.81,0.00920684
2007,536,1,43.80,115.208474,35.420347,328.91,0.00901841
2007,536,2,87.59,115.207992,35.420347,328.91,0.00882997
2007,537,0,0.00,115.207992,35.420347,373.76,0.00533149
2007,537,1,63.11,115.207552,35.420787,373.76,0.00552813
2007,537,2,126.23,115.206914,35.420886,388.71,0.00572477
2007,538,0,0.00,115.207992,35.420347,1704.36,-0.00100219
2007,538,1,76.84,115.207722,35.419733,1121.29,-0.00434015
2007,538,2,153.69,115.207337,35.419153,538.22,-0.01198782
2007,538,3,230.53,115.206702,35.419211,313.96,-0.01111040
2007,538,4,307.38,115.206375,35.419808,523.27,-0.00592326
2007,539,0,0.00,115.206914,35.420886,1794.06,0.00000000
2007,539,1,68.54,115.206644,35.420347,1794.06,0.00000000
2007,539,2,137.08,115.206375,35.419808,971.78,0.00000000
2007,54,0,0.00,115.834028,35.849921,418.61,-0.00000000
2007,54,1,19.28,115.833893,35.850056,403.66,-0.00000000
2007,54,2,38.56,115.833758,35.850191,433.57,-0.00000000
2007,540,0,0.00,115.206914,35.420886,343.86,0.00507919
2007,540,1,82.87,115.206313,35.421425,299.01,0.00501633
2007,540,2,165.74,115.205401,35.421425,328.91,0.00247673
2007,540,3,248.60,115.204489,35.421425,328.91,0.00000000
2007,541,0,0.00,115.206375,35.419808,598.02,-0.00388479
2007,541,1,68.27,115.205779,35.419539,373.76,-0.00369740
2007,541,2,136.54,115.205028,35.419539,343.86,-0.00351002
2007,542,0,0.00,115.204489,35.421425,986.73,0.00000000
2007,542,1,74.75,115.204489,35.420751,867.13,0.00000000
2007,542,2,149.50,115.204489,35.420078,657.82,0.00000000
2007,543,0,0.00,115.204489,35.421425,358.81,-0.00000000
2007,543,1,99.83,115.203545,35.421695,373.76,-0.00000000
2007,543,2,199.65,115.202602,35.421964,403.66,-0.00000000
2007,544,0,0.00,115.202602,35.421964,478.42,0.00518159
2007,544,1,79.28,115.202258,35.422578,343.86,0.00599011
2007,544,2,158.57,115.201497,35.422773,373.76,0.00331272
2007,544,3,237.85,115.200658,35.422830,358.81,-0.00089061
2007,544,4,317.14,115.199907,35.423042,388.71,-0.00160802
2007,545,0,0.00,115.202602,35.421964,1016.64,-0.00160337
2007,545,1,94.76,115.201941,35.421303,867.13,-0.00339563
2007,545,2,189.52,115.201139,35.420886,403.66,-0.00753665
2007,545,3,284.29,115.200125,35.420937,373.76,-0.00824390
2007,545,4,379.05,115.199907,35.421728,702.67,-0.00315590
2007,545,5,473.81,115.199638,35.422503,702.67,0.00029058
2007,546,0,0.00,115.199907,35.423042,1614.66,-0.00891460
2007,546,1,34.27,115.199877,35.422742,1794.06,-0.00879747
2007,546,2,68.54,115.199638,35.422503,1106.34,-0.00868034
2007,547,0,0.00,115.199907,35.423042,433.57,0.00524558
2007,547,1,84.67,115.199525,35.423694,299.01,0.00599727
2007,547,2,169.35,115.198684,35.423851,418.61,0.00401031
2007,547,3,254.02,115.197751,35.423851,418.61,0.00127166
2007,548,0,0.00,115.199638,35.422503,627.92,-0.00278445
2007,548,1,84.15,115.198952,35.422087,568.12,-0.00576958
2007,548,2,168.30,115.198096,35.421964,269.11,-0.00726977
2007,548,3,252.46,115.197482,35.422503,478.42,-0.00578483
2007,549,0,0.00,115.197751,35.423851,1689.41,0.00000000
2007,549,1,79.12,115.197616,35.423177,1794.06,0.00000000
2007,549,2,158.24,115.197482,35.422503,807.33,0.00000000
2007,55,0,0.00,115.834028,35.849921,837.23,0.00000000
2007,55,1,69.77,115.834028,35.849293,1315.65,0.00000000
2007,55,2,139.54,115.834028,35.848664,1001.69,0.00000000
2007,55,3,209.31,115.834028,35.848035,792.38,0.00000000
2007,550,0,0.00,115.197751,35.423851,418.61,0.00084056
2007,550,1,95.75,115.196886,35.424177,418.61,0.00245320
2007,550,2,191.49,115.195955,35.424389,478.42,0.00366919
2007,550,3,287.24,115.195056,35.424120,493.37,0.00327255
2007,552,0,0.00,115.197482,35.422503,538.22,-0.00769012
2007,552,1,87.33,115.196676,35.422234,299.01,-0.00770296
2007,552,2,174.66,115.196066,35.422841,553.17,-0.00408523
2007,552,3,261.99,115.195595,35.423490,583.07,-0.00001202
2007,552,4,349.32,115.195056,35.424120,553.17,0.00043061
2007,554,0,0.00,115.195056,35.424120,448.52,0.00090260
2007,554,1,96.48,115.194186,35.424452,403.66,0.00067462
2007,554,2,192.96,115.193243,35.424659,418.61,0.00033456
2007,554,3,289.44,115.192337,35.424928,388.71,0.00072359
2007,554,4,385.93,115.191377,35.425105,373.76,0.00118635
2007,554,5,482.41,115.190368,35.425198,388.71,-0.00000000
2007,554,6,578.89,115.189306,35.425198,358.81,-0.00095233
2007,554,7,675.37,115.188399,35.425467,418.61,0.00000000
2007,554,8,771.85,115.187400,35.425577,388.71,0.00074162
2007,554,9,868.33,115.186430,35.425737,418.61,-0.00000000
2007,554,10,964.82,115.185368,35.425737,448.52,-0.00131021
2007,554,11,1061.30,115.184461,35.426006,448.52,-0.00094692
2007,554,12,1157.78,115.183555,35.426276,448.52,0.00094692
2007,554,13,1254.26,115.182649,35.426545,448.52,0.00180560
2007,554,14,1350.74,115.181586,35.426545,418.61,0.00085868
2007,554,15,1447.22,115.180524,35.426545,388.71,0.00000000
2007,554,16,1543.71,115.179461,35.426545,388.71,0.00000000
2007,554,17,1640.19,115.178399,35.426545,358.81,0.00000000
2007,554,18,1736.67,115.177336,35.426545,358.81,0.00000000
2007,554,19,1833.15,115.176274,35.426545,388.71,-0.00085868
2007,554,20,1929.63,115.175212,35.426545,358.81,-0.00180560
2007,554,21,2026.11,115.174305,35.426815,328.91,-0.00189383
2007,555,0,0.00,115.174305,35.426815,1794.06,0.00000000
2007,555,1,29.90,115.174305,35.427084,1689.41,0.00000000
2007,555,2,59.80,115.174305,35.427354,882.08,0.00000000
2007,556,0,0.00,115.174305,35.426815,358.81,-0.00179954
2007,556,1,98.86,115.173373,35.426545,358.81,-0.00144886
2007,556,2,197.72,115.172284,35.426545,328.91,-0.00000000
2007,556,3,296.58,115.171249,35.426453,284.06,0.00027976
2007,556,4,395.43,115.170263,35.426276,299.01,0.00000000
2007,556,5,494.29,115.169178,35.426269,299.01,0.00024778
2007,556,6,593.15,115.168242,35.426006,328.91,0.00000000
2007,556,7,692.01,115.167153,35.426006,299.01,0.00002155
2007,556,8,790.87,115.166220,35.425737,299.01,-0.00026933
2007,556,9,889.73,115.165132,35.425737,299.01,-0.00000000
2007,556,10,988.59,115.164150,35.425553,284.06,-0.00029973
2007,556,11,1087.45,115.163110,35.425467,328.91,0.00000000
2007,556,12,1186.30,115.162022,35.425467,299.01,0.00056906
2007,556,13,1285.16,115.161089,35.425198,328.91,-0.00000000
2007,556,14,1384.02,115.160001,35.425198,299.01,0.00032234
2007,556,15,1482.88,115.159068,35.424928,299.01,0.00002160
2007,556,16,1581.74,115.158037,35.424830,284.06,0.00116876
2007,556,17,1680.60,115.157051,35.424652,343.86,0.00085506
2007,556,18,1779.46,115.156270,35.424120,313.96,-0.00230781
2007,556,19,1878.32,115.155182,35.424120,269.11,-0.00169337
2007,556,20,1977.17,115.154093,35.424120,299.01,0.00000000
2007,557,0,0.00,115.154093,35.424120,1734.26,0.00000000
2007,557,1,74.75,115.154093,35.424794,1031.59,0.00000000
2007,557,2,149.50,115.154093,35.425467,777.43,0.00000000
2007,558,0,0.00,115.154093,35.424120,373.76,-0.01066330
2007,558,1,31.56,115.153873,35.423900,328.91,-0.01105663
2007,558,2,63.11,115.153554,35.423851,299.01,-0.01144996
2007,559,0,0.00,115.153554,35.423851,1480.10,0.00000000
2007,559,1,68.54,115.153285,35.424389,1480.10,0.00000000
2007,559,2,137.08,115.153015,35.424928,822.28,0.00000000
2007,56,0,0.00,115.833758,35.850191,478.42,0.00346213
2007,56,1,99.42,115.832964,35.850716,433.57,0.00334776
2007,56,2,198.84,115.831872,35.850730,538.22,0.00323339
2007,560,0,0.00,115.153554,35.423851,299.01,-0.00000000
2007,560,1,87.59,115.152746,35.423581,284.06,-0.00220764
2007,560,2,175.18,115.151937,35.423312,269.11,-0.00441528
2007,560,3,262.76,115.151129,35.423581,358.81,-0.00441528
2007,561,0,0.00,115.151129,35.423581,1629.61,0.00000000
2007,561,1,29.90,115.151129,35.423851,1794.06,0.00000000
2007,561,2,59.80,115.151129,35.424120,1794.06,0.00000000
2007,562,0,0.00,115.151129,35.423581,313.96,-0.00322797
2007,562,1,74.71,115.150462,35.423312,299.01,-0.00452626
2007,562,2,149.42,115.149639,35.423312,299.01,-0.00452626
2007,562,3,224.12,115.148973,35.423581,373.76,-0.00322797
2007,563,0,0.00,115.151129,35.424120,538.22,-0.00000000
2007,563,1,57.96,115.150724,35.424524,672.77,-0.00000000
2007,563,2,115.92,115.150320,35.424928,553.17,-0.00000000
2007,564,0,0.00,115.151129,35.424120,687.72,0.00526138
2007,564,1,87.86,115.151398,35.424833,732.58,0.00516554
2007,564,2,175.72,115.150859,35.425467,762.48,0.00506969
2007,565,0,0.00,115.148973,35.423581,822.28,0.00000000
2007,565,1,49.22,115.149107,35.423985,882.08,0.00000000
2007,565,2,98.44,115.149242,35.424389,598.02,0.00000000
2007,566,0,0.00,115.148973,35.423581,328.91,-0.00187492
2007,566,1,96.94,115.148061,35.423312,358.81,-0.00093746
2007,566,2,193.89,115.146994,35.423312,358.81,0.00000000
2007,566,3,290.83,115.146082,35.423042,388.71,0.00000000
2007,566,4,387.78,115.145015,35.423042,358.81,0.00000000
2007,566,5,484.72,115.144103,35.422773,388.71,-0.00032901
2007,566,6,581.66,115.143036,35.422773,388.71,-0.00000000
2007,566,7,678.61,115.142066,35.422603,373.76,-0.00003750
2007,566,8,775.55,115.141057,35.422503,418.61,0.00000000
2007,566,9,872.50,115.140022,35.422446,373.76,0.00110082
2007,566,10,969.44,115.139078,35.422234,388.71,0.00062219
2007,566,11,1066.38,115.138166,35.421964,388.71,0.00011938
2007,566,12,1163.33,115.137204,35.421783,388.71,-0.00032119
2007,566,13,1260.27,115.136330,35.421448,388.71,-0.00077503
2007,566,14,1357.22,115.135276,35.421425,388.71,0.00038611
2007,566,15,1454.16,115.134364,35.421156,388.71,-0.00007866
2007,566,16,1551.10,115.133412,35.420956,358.81,-0.00044920
2007,566,17,1648.05,115.132385,35.420886,388.71,0.00000000
2007,566,18,1744.99,115.131474,35.420617,388.71,-0.00023790
2007,566,19,1841.94,115.130407,35.420617,388.71,0.00093746
2007,566,20,1938.88,115.129495,35.420347,388.71,-0.00000000
2007,566,21,2035.82,115.128584,35.420078,388.71,-0.00093746
2007,566,22,2132.77,115.127516,35.420078,358.81,0.00093746
2007,566,23,2229.71,115.126605,35.419808,373.76,0.00187492
2007,567,0,0.00,115.150320,35.424928,284.06,0.00000000
2007,567,1,12.24,115.150185,35.424928,284.06,0.00000000
2007,567,2,24.47,115.150051,35.424928,284.06,0.00000000
2007,568,0,0.00,115.150320,35.424928,403.66,-0.00000000
2007,568,1,38.64,115.150590,35.425198,373.76,-0.00000000
2007,568,2,77.28,115.150859,35.425467,508.32,-0.00000000
2007,569,0,0.00,115.150859,35.425467,478.42,0.00000000
2007,569,1,59.80,115.150859,35.426006,358.81,0.00000000
2007,569,2,119.60,115.150859,35.426545,74.75,0.00000000
2007,57,0,0.00,115.833758,35.850191,1435.25,0.00174081
2007,57,1,71.35,115.833260,35.849692,1435.25,0.00199160
2007,57,2,142.69,115.832950,35.849139,1450.20,0.00132239
2007,57,3,214.04,115.832680,35.848574,209.31,0.00040239
2007,571,0,0.00,115.126605,35.419808,777.43,0.00078124
2007,571,1,84.24,115.126017,35.420396,687.72,0.00371980
2007,571,2,168.47,115.125373,35.420886,388.71,0.00830759
2007,571,3,252.71,115.124546,35.420714,269.11,0.00678432
2007,571,4,336.95,115.123958,35.420126,493.37,0.00180592
2007,571,5,421.18,115.123371,35.419539,448.52,0.00000000
2007,572,0,0.00,115.126605,35.419808,448.52,-0.00460333
2007,572,1,87.59,115.125952,35.419269,373.76,-0.00414156
2007,572,2,175.18,115.124988,35.419269,269.11,-0.00220745
2007,572,3,262.77,115.124080,35.419170,373.76,-0.00132908
2007,572,4,350.36,115.123371,35.419269,388.71,-0.00192304
2007,573,0,0.00,115.123371,35.419539,1091.39,0.00000000
2007,573,1,14.95,115.123371,35.419404,1196.04,0.00000000
2007,573,2,29.90,115.123371,35.419269,1196.04,0.00000000
2007,574,0,0.00,115.123371,35.419539,568.12,0.00342295
2007,574,1,90.39,115.122740,35.420169,478.42,0.00425985
2007,574,2,180.78,115.121848,35.420347,254.16,0.00416533
2007,574,3,271.17,115.120853,35.420347,224.26,0.00310761
2007,574,4,361.56,115.120013,35.420078,254.16,0.00157178
2007,574,5,451.95,115.119231,35.419710,224.26,0.00175368
2007,574,6,542.33,115.118403,35.419421,224.26,0.00357256
2007,574,7,632.72,115.117981,35.418730,358.81,0.00379999
2007,575,0,0.00,115.123371,35.419269,418.61,-0.00183792
2007,575,1,98.11,115.122602,35.418730,269.11,-0.00186700
2007,575,2,196.22,115.121678,35.418461,254.16,-0.00094804
2007,575,3,294.33,115.120754,35.418191,239.21,-0.00083096
2007,575,4,392.45,115.119829,35.417922,239.21,-0.00174377
2007,575,5,490.56,115.118764,35.417896,194.36,-0.00111483
2007,575,6,588.67,115.117981,35.417922,239.21,-0.00040403
2007,576,0,0.00,115.117981,35.418730,777.43,0.00000000
2007,576,1,44.85,115.117981,35.418326,1210.99,0.00000000
2007,576,2,89.70,115.117981,35.417922,1181.09,0.00000000
2007,577,0,0.00,115.117981,35.418730,882.08,0.00395765
2007,577,1,50.88,115.117626,35.419085,418.61,0.00417150
2007,577,2,101.76,115.117172,35.419269,313.96,0.00438535
2007,578,0,0.00,115.117981,35.417922,209.31,-0.00000000
2007,578,1,82.87,115.117224,35.417652,269.11,-0.00130146
2007,578,2,165.74,115.116468,35.417383,269.11,-0.00247652
2007,578,3,248.61,115.115555,35.417383,269.11,-0.00235013
2007,579,0,0.00,115.115555,35.417383,1210.99,0.00205105
2007,579,1,79.12,115.115555,35.418096,911.98,0.00211505
2007,579,2,158.24,115.115286,35.418730,657.82,0.00217906
2007,580,0,0.00,115.115555,35.417383,269.11,-0.00134712
2007,580,1,88.52,115.114737,35.417113,269.11,-0.00113420
2007,580,2,177.03,115.113827,35.417001,254.16,0.00019492
2007,580,3,265.55,115.112943,35.416844,299.01,0.00024150
2007,580,4,354.06,115.112125,35.416574,269.11,-0.00065556
2007,580,5,442.58,115.111184,35.416515,284.06,-0.00047762
2007,580,6,531.10,115.110332,35.416305,284.06,-0.00102559
2007,580,7,619.61,115.109357,35.416305,269.11,-0.00157895
2007,581,0,0.00,115.109357,35.416305,687.72,-0.00385271
2007,581,1,83.49,115.108818,35.416900,1300.70,-0.00382141
2007,581,2,166.98,115.108818,35.417652,747.53,-0.00379012
2007,582,0,0.00,115.109357,35.416305,328.91,0.00000000
2007,582,1,99.17,115.108421,35.416035,299.01,-0.00033608
2007,582,2,198.34,115.107485,35.415766,269.11,-0.00006310
2007,582,3,297.52,115.106492,35.415595,269.11,-0.00023610
2007,582,4,396.69,115.105603,35.415245,299.01,-0.00077154
2007,582,5,495.86,115.104521,35.415227,299.01,0.00057217
2007,582,6,595.03,115.103585,35.414957,299.01,0.00083464
2007,582,7,694.20,115.102649,35.414688,269.11,-0.00000000
2007,582,8,793.38,115.101714,35.414418,313.96,0.00000000
2007,582,9,892.55,115.100778,35.414149,299.01,0.00045827
2007,582,10,991.72,115.099842,35.413879,254.16,-0.00000000
2007,582,11,1090.89,115.098983,35.413476,254.16,-0.00090802
2007,582,12,1190.06,115.097970,35.413340,209.31,0.00070502
2007,582,13,1289.24,115.097034,35.413071,179.41,0.00137756
2007,582,14,1388.41,115.096216,35.412596,194.36,-0.00014939
2007,582,15,1487.58,115.095318,35.412262,164.46,0.00026850
2007,582,16,1586.75,115.094438,35.411896,164.46,0.00115654
2007,582,17,1685.93,115.093648,35.411375,224.26,0.00155936
2007,582,18,1785.10,115.092857,35.410854,194.36,0.00206276
2007,582,19,1884.27,115.092374,35.410102,269.11,0.00155743
2007,582,20,1983.44,115.091891,35.409349,313.96,-0.00000000
2007,582,21,2082.61,115.091616,35.408535,373.76,-0.00093544
2007,582,22,2181.79,115.090925,35.407844,328.91,0.00000000
2007,582,23,2280.96,115.090492,35.407076,358.81,0.00080357
2007,582,24,2380.13,115.089958,35.406338,388.71,0.00108029
2007,582,25,2479.30,115.089684,35.405525,373.76,0.00134795
2007,583,0,0.00,115.089684,35.405525,493.37,0.00250941
2007,583,1,98.75,115.088753,35.405255,313.96,0.00299413
2007,583,2,197.50,115.088067,35.404643,269.11,0.00292730
2007,583,3,296.25,115.087530,35.403910,269.11,0.00188317
2007,583,4,395.00,115.087258,35.403099,299.01,0.00139060
2007,584,0,0.00,115.089684,35.405525,553.17,-0.00173066
2007,584,1,88.55,115.089953,35.404806,478.42,-0.00249613
2007,584,2,177.09,115.089953,35.404007,313.96,-0.00247470
2007,584,3,265.64,115.089684,35.403288,269.11,-0.00327547
2007,584,4,354.19,115.089421,35.402567,284.06,-0.00499561
2007,584,5,442.73,115.088606,35.402291,313.96,-0.00512810
2007,585,0,0.00,115.087258,35.403099,1794.06,0.00000000
2007,585,1,82.45,115.087932,35.402695,1764.16,0.00000000
2007,585,2,164.89,115.088606,35.402291,448.52,0.00000000
2007,586,0,0.00,115.087258,35.403099,299.01,0.00109755
2007,586,1,94.43,115.086600,35.402441,299.01,0.00096279
2007,586,2,188.87,115.086150,35.401721,284.06,-0.00054877
2007,586,3,283.30,115.085641,35.401019,284.06,-0.00079907
2007,586,4,377.74,115.084942,35.400514,269.11,0.00054877
2007,586,5,472.17,115.084492,35.399794,284.06,0.00096296
2007,586,6,566.61,115.083834,35.399136,299.01,0.00005149
2007,586,7,661.04,115.083592,35.398355,299.01,-0.00106360
2007,586,8,755.48,115.082835,35.397867,299.01,0.00110590
2007,586,9,849.91,115.082407,35.397141,299.01,0.00159356
2007,586,10,944.35,115.082138,35.396369,299.01,-0.00056438
2007,586,11,1038.78,115.081693,35.395648,313.96,-0.00053751
2007,586,12,1133.22,115.081243,35.394928,328.91,-0.00059301
2007,586,13,1227.65,115.080791,35.394210,328.91,0.00001510
2007,586,14,1322.09,115.080135,35.393550,343.86,0.00117275
2007,586,15,1416.52,115.079893,35.392770,343.86,-0.00000755
2007,586,16,1510.95,115.079443,35.392050,343.86,-0.00118969
2007,587,0,0.00,115.088606,35.402291,328.91,-0.00152912
2007,587,1,91.39,115.088606,35.401467,299.01,-0.00194912
2007,587,2,182.78,115.088336,35.400722,269.11,-0.00229365
2007,587,3,274.17,115.087945,35.400013,269.11,-0.00089448
2007,587,4,365.57,115.087308,35.399376,284.06,0.00050937
2007,587,5,456.96,115.086989,35.398645,284.06,-0.00035760
2007,587,6,548.35,115.086450,35.397979,299.01,-0.00130474
2007,588,0,0.00,115.079443,35.392050,897.03,0.00108412
2007,588,1,87.61,115.080054,35.391439,1046.54,0.00315861
2007,588,2,175.23,115.080748,35.390972,837.23,0.00450657
2007,588,3,262.84,115.081713,35.390972,732.58,0.00189002
2007,588,4,350.45,115.082677,35.390972,612.97,0.00000000
2007,589,0,0.00,115.079443,35.392050,328.91,0.00434061
2007,589,1,68.55,115.078965,35.391572,373.76,0.00330339
2007,589,2,137.09,115.078904,35.390972,358.81,-0.00000000
2007,589,3,205.64,115.078635,35.390433,328.91,-0.00226618
2007,59,0,0.00,115.834028,35.848035,538.22,-0.00579895
2007,59,1,75.08,115.833205,35.848049,403.66,-0.00576862
2007,59,2,150.15,115.832680,35.848574,418.61,-0.00573830
2007,590,0,0.00,115.086450,35.397979,328.91,-0.00891552
2007,590,1,34.27,115.086419,35.397679,284.06,-0.00879828
2007,590,2,68.54,115.086180,35.397440,299.01,-0.00868104
2007,591,0,0.00,115.086450,35.397979,583.07,0.01066070
2007,591,1,31.56,115.086230,35.398199,598.02,0.01105366
2007,591,2,63.13,115.085911,35.398249,747.53,0.01144663
2007,592,0,0.00,115.078635,35.390433,269.11,0.00172101
2007,592,1,87.87,115.078096,35.389799,388.71,0.00175152
2007,592,2,175.74,115.077826,35.389086,373.76,0.00178203
2007,593,0,0.00,115.078635,35.390433,1644.56,0.00147857
2007,593,1,87.61,115.079344,35.389993,1779.11,0.00223670
2007,593,2,175.23,115.080153,35.389723,792.38,0.00365043
2007,593,3,262.84,115.081060,35.389625,523.27,0.00366900
2007,593,4,350.46,115.081868,35.389894,478.42,0.00303196
2007,594,0,0.00,115.086180,35.397440,343.86,-0.00275288
2007,594,1,87.87,115.085985,35.396705,343.86,-0.00268214
2007,594,2,175.73,115.085372,35.396093,299.01,-0.00261139
2007,595,0,0.00,115.086180,35.397440,553.17,0.00000000
2007,595,1,24.48,115.085911,35.397440,493.37,0.00000000
2007,595,2,48.96,115.085641,35.397440,553.17,0.00000000
2007,596,0,0.00,115.077826,35.389086,448.52,0.00342927
2007,596,1,97.75,115.076947,35.388746,403.66,0.00387156
2007,596,2,195.50,115.076479,35.388001,269.11,0.00268908
2007,596,3,293.25,115.076209,35.387199,269.11,0.00106431
2007,597,0,0.00,115.077826,35.389086,792.38,-0.00399851
2007,597,1,87.87,115.078439,35.388473,343.86,-0.00414170
2007,597,2,175.74,115.078365,35.387817,418.61,-0.00361292
2007,597,3,263.61,115.078365,35.387025,284.06,-0.00322203
2007,597,4,351.48,115.077826,35.386391,328.91,-0.00350309
2007,598,0,0.00,115.076209,35.387199,867.13,-0.00000000
2007,598,1,19.32,115.076344,35.387064,732.58,-0.00000000
2007,598,2,38.65,115.076479,35.386930,1046.54,-0.00000000
2007,599,0,0.00,115.076209,35.387199,1794.06,-0.00223431
2007,599,1,70.21,115.075621,35.387518,1210.99,-0.00213640
2007,599,2,140.42,115.075131,35.388008,822.28,-0.00203850
2007,6,0,0.00,115.878225,35.893041,687.72,-0.00779089
2007,6,1,70.72,115.877442,35.893041,373.76,-0.00814626
2007,6,2,141.45,115.877147,35.893580,508.32,-0.00850163
2007,60,0,0.00,115.831872,35.850730,986.73,0.00000000
2007,60,1,72.66,115.831872,35.850075,986.73,-0.00121319
2007,60,2,145.31,115.831872,35.849420,1121.29,-0.00250135
2007,60,3,217.97,115.831602,35.848843,343.86,-0.00257631
2007,600,0,0.00,115.076479,35.386930,657.82,-0.00576450
2007,600,1,75.37,115.077300,35.386916,1794.06,-0.00573642
2007,600,2,150.75,115.077826,35.386391,777.43,-0.00570835
2007,601,0,0.00,115.076479,35.386930,433.57,0.00515830
2007,601,1,78.08,115.076815,35.386324,1001.69,0.00526270
2007,601,2,156.16,115.077557,35.386121,583.07,0.00536710
2007,602,0,0.00,115.076209,35.387199,313.96,-0.00000000
2007,602,1,93.96,115.075670,35.386510,269.11,0.00076191
2007,602,2,187.91,115.075131,35.385821,254.16,0.00105028
2007,602,3,281.87,115.074862,35.385053,269.11,-0.00076191
2007,602,4,375.83,115.074422,35.384335,299.01,-0.00111590
2007,602,5,469.78,115.073784,35.383675,299.01,0.00107180
2007,602,6,563.74,115.073321,35.382963,343.86,0.00118517
2007,602,7,657.70,115.073082,35.382186,343.86,-0.00055337
2007,602,8,751.65,115.072636,35.381470,373.76,-0.00015529
2007,602,9,845.61,115.072189,35.380754,373.76,0.00095954
2007,602,10,939.57,115.071897,35.379992,343.86,0.00057810
2007,602,11,1033.52,115.071628,35.379224,328.91,-0.00071607
2007,602,12,1127.48,115.071358,35.378456,358.81,-0.00154236
2007,602,13,1221.44,115.070819,35.377767,358.81,-0.00152382
2007,603,0,0.00,115.077557,35.386121,299.01,0.00000000
2007,603,1,19.32,115.077691,35.386256,313.96,0.00000000
2007,603,2,38.65,115.077826,35.386391,388.71,0.00000000
2007,606,0,0.00,115.077557,35.386121,463.47,-0.00566971
2007,606,1,68.55,115.077826,35.385582,313.96,-0.00566971
2007,606,2,137.09,115.077557,35.385043,239.21,-0.00566971
2007,607,0,0.00,115.070819,35.377767,358.81,0.00000000
2007,607,1,96.95,115.070352,35.377030,343.86,0.00014813
2007,607,2,193.90,115.069884,35.376293,284.06,0.00113105
2007,607,3,290.85,115.069472,35.375540,269.11,-0.00139009
2007,607,4,387.80,115.069366,35.374697,269.11,-0.00571484
2007,607,5,484.75,115.068394,35.374533,299.01,-0.00668364
2007,608,0,0.00,115.070819,35.377767,612.97,-0.00000000
2007,608,1,57.97,115.070415,35.378171,702.67,-0.00000000
2007,608,2,115.94,115.070011,35.378575,627.92,-0.00000000
2007,609,0,0.00,115.068394,35.374533,373.76,-0.00618962
2007,609,1,88.32,115.068394,35.373737,164.46,-0.00665919
2007,609,2,176.64,115.067593,35.373455,179.41,-0.00362832
2007,609,3,264.95,115.066777,35.373186,239.21,-0.00012788
2007,61,0,0.00,115.831872,35.850730,538.22,0.00000000
2007,61,1,38.56,115.831602,35.850999,508.32,0.00000000
2007,61,2,77.12,115.831333,35.851269,478.42,0.00000000
2007,610,0,0.00,115.068394,35.374533,1255.84,0.00441090
2007,610,1,87.63,115.067585,35.374802,254.16,0.00441090
2007,610,2,175.25,115.066777,35.374533,224.26,0.00441090
2007,611,0,0.00,115.066777,35.373186,941.88,0.00000000
2007,611,1,74.75,115.066777,35.373859,1061.49,0.00000000
2007,611,2,149.50,115.066777,35.374533,373.76,0.00000000
2007,612,0,0.00,115.066777,35.373186,254.16,-0.00521258
2007,612,1,92.35,115.066133,35.372751,299.01,-0.00529369
2007,612,2,184.70,115.065212,35.372916,239.21,-0.00309954
2007,612,3,277.04,115.064351,35.373186,403.66,-0.00082428
2007,614,0,0.00,115.066777,35.374533,657.82,0.00562256
2007,614,1,94.71,115.066046,35.375072,254.16,0.00574771
2007,614,2,189.41,115.065160,35.374802,299.01,0.00587286
2007,615,0,0.00,115.064351,35.373186,299.01,0.00000000
2007,615,1,78.19,115.063491,35.373186,269.11,-0.00132515
2007,615,2,156.38,115.062630,35.373186,299.01,-0.00279377
2007,615,3,234.56,115.061926,35.373455,343.86,-0.00293723
2007,616,0,0.00,115.064351,35.373186,777.43,-0.00000000
2007,616,1,68.55,115.064621,35.373725,687.72,-0.00000000
2007,616,2,137.10,115.064890,35.374263,313.96,-0.00000000
2007,616,3,205.64,115.065160,35.374802,224.26,0.00000000
2007,618,0,0.00,115.065160,35.374802,433.57,0.00315120
2007,618,1,91.07,115.064426,35.375267,313.96,0.00335609
2007,618,2,182.14,115.063467,35.375341,254.16,0.00203573
2007,618,3,273.21,115.062465,35.375341,388.71,0.00051047
2007,619,0,0.00,115.061926,35.373455,328.91,-0.01144344
2007,619,1,31.57,115.061607,35.373504,388.71,-0.01105083
2007,619,2,63.14,115.061387,35.373725,463.47,-0.01065822
2007,62,0,0.00,115.832680,35.848574,493.37,-0.00533948
2007,62,1,55.80,115.832063,35.848574,418.61,-0.00558657
2007,62,2,111.59,115.831602,35.848843,463.47,-0.00583366
2007,620,0,0.00,115.061926,35.373455,807.33,0.00087960
2007,620,1,75.60,115.062245,35.374043,747.53,0.00184879
2007,620,2,151.20,115.062465,35.374660,313.96,0.00232245
2007,620,3,226.80,115.062465,35.375341,284.06,0.00182692
2007,622,0,0.00,115.062465,35.375341,448.52,0.00492394
2007,622,1,94.71,115.061706,35.375831,388.71,0.00512479
2007,622,2,189.41,115.060848,35.375611,358.81,0.00532565
2007,623,0,0.00,115.061387,35.373725,1061.49,0.00182691
2007,623,1,75.60,115.061387,35.374406,553.17,0.00232244
2007,623,2,151.20,115.061167,35.375023,149.51,0.00184879
2007,623,3,226.80,115.060848,35.375611,194.36,0.00087960
2007,624,0,0.00,115.061387,35.373725,343.86,-0.00577175
2007,624,1,56.06,115.060926,35.373455,299.01,-0.00552821
2007,624,2,112.12,115.060309,35.373455,299.01,-0.00528467
2007,626,0,0.00,115.060848,35.375611,343.86,-0.00186103
2007,626,1,92.79,115.059827,35.375611,328.91,-0.00195802
2007,626,2,185.58,115.058961,35.375880,,-0.00205501
2007,627,0,0.00,115.060309,35.373455,388.71,-0.00570746
2007,627,1,75.38,115.059783,35.372929,284.06,-0.00573547
2007,627,2,150.77,115.058961,35.372916,269.11,-0.00576349
2007,628,0,0.00,115.060309,35.373455,523.27,-0.00000000
2007,628,1,96.62,115.059635,35.374129,179.41,-0.00000000
2007,628,2,193.24,115.058961,35.374802,89.70,-0.00000000
2007,63,0,0.00,115.831602,35.848843,493.37,-0.00499454
2007,63,1,83.66,115.831063,35.849300,642.87,-0.00366583
2007,63,2,167.32,115.831063,35.850054,702.67,-0.00020266
2007,63,3,250.97,115.830794,35.850730,687.72,0.00193180
2007,65,0,0.00,115.831333,35.851269,478.42,0.00370566
2007,65,1,75.07,115.830808,35.851794,448.52,0.00438675
2007,65,2,150.15,115.830085,35.851978,568.12,0.00203688
2007,65,3,225.22,115.829312,35.852077,538.22,-0.00151747
2007,65,4,300.30,115.828638,35.852347,538.22,-0.00204088
2007,66,0,0.00,115.831333,35.851269,1599.71,0.00000000
2007,66,1,38.56,115.831063,35.850999,1480.10,0.00000000
2007,66,2,77.12,115.830794,35.850730,1345.55,0.00000000
2007,67,0,0.00,115.830794,35.850730,882.08,0.00134828
2007,67,1,89.16,115.830071,35.850277,1046.54,-0.00208761
2007,67,2,178.32,115.829448,35.849654,538.22,-0.01010220
2007,67,3,267.47,115.828638,35.849936,523.27,-0.01040183
2007,67,4,356.63,115.828638,35.850740,986.73,-0.00306137
2007,67,5,445.79,115.828638,35.851543,1031.59,0.00000000
2007,67,6,534.95,115.828638,35.852347,1106.34,0.00000000
2007,7,0,0.00,115.878494,35.894927,523.27,0.00000000
2007,7,1,49.18,115.878360,35.895331,657.82,0.00000000
2007,7,2,98.36,115.878225,35.895736,463.47,0.00000000
2007,70,0,0.00,115.828638,35.852347,568.12,0.00138341
2007,70,1,95.97,115.827868,35.852848,523.27,0.00246576
2007,70,2,191.94,115.826985,35.853155,478.42,0.00169515
2007,70,3,287.91,115.825930,35.853168,478.42,-0.00172723
2007,70,4,383.88,115.825061,35.853499,448.52,-0.00142420
2007,70,5,479.85,115.824270,35.853964,448.52,0.00094525
2007,70,6,575.82,115.823365,35.854233,433.57,0.00054425
2007,70,7,671.79,115.822460,35.854503,433.57,-0.00040168
2007,70,8,767.76,115.821583,35.854821,403.66,0.00035264
2007,70,9,863.72,115.820713,35.855151,418.61,0.00118367
2007,70,10,959.69,115.819745,35.855311,418.61,0.00121244
2007,71,0,0.00,115.819745,35.855311,732.58,0.00237633
2007,71,1,92.31,115.819475,35.856065,343.86,0.00393172
2007,71,2,184.62,115.818835,35.856659,239.21,0.00505126
2007,71,3,276.93,115.817929,35.856857,224.26,0.00482152
2007,71,4,369.24,115.816986,35.856864,523.27,0.00433577
2007,71,5,461.55,115.816241,35.856389,702.67,0.00364390
2007,72,0,0.00,115.819745,35.855311,1031.59,-0.00446364
2007,72,1,89.17,115.819072,35.854772,553.17,-0.00553303
2007,72,2,178.35,115.818085,35.854772,448.52,-0.00627591
2007,72,3,267.52,115.817279,35.855082,269.11,-0.00441775
2007,72,4,356.69,115.816780,35.855742,568.12,-0.00132114
2007,72,5,445.87,115.816241,35.856389,523.27,0.00024382
2007,74,0,0.00,115.816241,35.856389,418.61,-0.00000000
2007,74,1,81.56,115.815496,35.856659,418.61,0.00134691
2007,74,2,163.11,115.814750,35.856928,418.61,0.00134691
2007,74,3,244.67,115.813847,35.856928,388.71,0.00000000
2007,74,4,326.23,115.813102,35.857198,418.61,0.00121503
2007,74,5,407.78,115.812199,35.857198,418.61,0.00243006
2007,75,0,0.00,115.812199,35.857198,433.57,0.00525872
2007,75,1,84.36,115.811818,35.857848,299.01,0.00602733
2007,75,2,168.71,115.810977,35.858006,388.71,0.00404495
2007,75,3,253.07,115.810043,35.858006,418.61,0.00129396
2007,76,0,0.00,115.812199,35.857198,941.88,-0.00172239
2007,76,1,76.09,115.811667,35.856666,687.72,-0.00285822
2007,76,2,152.19,115.811036,35.856304,523.27,-0.00715365
2007,76,3,228.28,115.810305,35.856127,269.11,-0.00880548
2007,76,4,304.37,115.809773,35.856659,493.37,-0.00729772
2007,77,0,0.00,115.810043,35.858006,1794.06,0.00000000
2007,77,1,79.08,115.809908,35.857333,1794.06,0.00000000
2007,77,2,158.17,115.809773,35.856659,926.93,0.00000000
2007,78,0,0.00,115.810043,35.858006,403.66,0.00149628
2007,78,1,87.24,115.809234,35.858276,358.81,0.00222741
2007,78,2,174.48,115.808327,35.858375,373.76,0.00245614
2007,78,3,261.72,115.807617,35.858276,418.61,0.00195374
2007,8,0,0.00,115.878494,35.894927,867.13,0.00000000
2007,8,1,96.38,115.877821,35.894253,1794.06,0.00000000
2007,8,2,192.75,115.877147,35.893580,1794.06,0.00000000
2007,80,0,0.00,115.809773,35.856659,448.52,-0.00551210
2007,80,1,84.96,115.809080,35.856543,269.11,-0.00640971
2007,80,2,169.92,115.808387,35.856967,508.32,-0.00504692
2007,80,3,254.88,115.808002,35.857621,642.87,-0.00139326
2007,80,4,339.83,115.807617,35.858276,672.77,0.00000000
2007,82,0,0.00,115.807617,35.858276,388.71,-0.00165199
2007,82,1,98.33,115.806529,35.858276,388.71,-0.00082600
2007,82,2,196.67,115.805597,35.858545,358.81,-0.00000000
2007,82,3,295.00,115.804509,35.858545,388.71,-0.00001682
2007,82,4,393.33,115.803577,35.858815,388.71,0.00000000
2007,82,5,491.67,115.802492,35.858820,388.71,0.00003361
2007,82,6,590.00,115.801558,35.859084,388.71,0.00082600
2007,82,7,688.34,115.800469,35.859084,418.61,-0.00001679
2007,82,8,786.67,115.799380,35.859084,418.61,-0.00082600
2007,82,9,885.00,115.798449,35.859354,448.52,0.00082600
2007,82,10,983.34,115.797360,35.859354,418.61,0.00075712
2007,82,11,1081.67,115.796272,35.859354,448.52,-0.00082600
2007,82,12,1180.00,115.795197,35.859378,418.61,-0.00068003
2007,82,13,1278.34,115.794252,35.859623,418.61,0.00082600
2007,82,14,1376.67,115.793163,35.859623,418.61,-0.00007709
2007,82,15,1475.00,115.792074,35.859623,418.61,-0.00082600
2007,82,16,1573.34,115.791143,35.859893,418.61,0.00082600
2007,82,17,1671.67,115.790054,35.859893,418.61,0.00082600
2007,82,18,1770.00,115.788966,35.859893,418.61,0.00000000
2007,82,19,1868.34,115.787877,35.859893,418.61,0.00000000
2007,82,20,1966.67,115.786788,35.859893,418.61,0.00000000
2007,82,21,2065.01,115.785700,35.859893,448.52,0.00000000
2007,82,22,2163.34,115.784611,35.859893,478.42,0.00082600
2007,82,23,2261.67,115.783522,35.859893,478.42,0.00082600
2007,82,24,2360.01,115.782591,35.859623,448.52,-0.00082600
2007,82,25,2458.34,115.781502,35.859623,478.42,-0.00000000
2007,82,26,2556.67,115.780414,35.859623,478.42,0.00082600
2007,82,27,2655.01,115.779482,35.859354,508.32,0.00000000
2007,82,28,2753.34,115.778394,35.859354,478.42,0.00000000
2007,82,29,2851.67,115.777462,35.859084,478.42,-0.00082600
2007,82,30,2950.01,115.776374,35.859084,448.52,-0.00000000
2007,82,31,3048.34,115.775285,35.859084,448.52,0.00108898
2007,82,32,3146.68,115.774354,35.858815,418.61,0.00000000
2007,82,33,3245.01,115.773312,35.858735,373.76,0.00037145
2007,82,34,3343.34,115.772334,35.858545,388.71,-0.00000000
2007,82,35,3441.68,115.771402,35.858276,358.81,-0.00146043
2007,82,36,3540.01,115.770314,35.858276,358.81,-0.00004625
2007,82,37,3638.34,115.769225,35.858276,299.01,0.00082600
2007,82,38,3736.68,115.768285,35.858021,239.21,0.00009275
2007,82,39,3835.01,115.767205,35.858006,209.31,0.00025248
2007,82,40,3933.34,115.766274,35.857737,179.41,0.00046720
2007,82,41,4031.68,115.765230,35.857660,164.46,0.00179703
2007,82,42,4130.01,115.764344,35.857313,164.46,0.00174093
2007,82,43,4228.34,115.763557,35.856796,239.21,0.00078575
2007,82,44,4326.68,115.762706,35.856389,299.01,0.00326370
2007,82,45,4425.01,115.762073,35.855736,313.96,0.00382118
2007,82,46,4523.35,115.762073,35.854850,299.01,0.00098759
2007,82,47,4621.68,115.761863,35.854024,373.76,-0.00030202
2007,82,48,4720.01,115.761803,35.853155,433.57,-0.00069151
2007,82,49,4818.35,115.761534,35.852347,448.52,-0.00108005
2007,83,0,0.00,115.761534,35.852347,538.22,-0.00381470
2007,83,1,88.40,115.762073,35.851706,463.47,-0.00421038
2007,83,2,176.79,115.762003,35.850930,448.52,-0.00208677
2007,83,3,265.19,115.761803,35.850191,343.86,-0.00000000
2007,83,4,353.58,115.761803,35.849394,373.76,-0.00195372
2007,83,5,441.98,115.761534,35.848676,358.81,-0.00258369
2007,83,6,530.37,115.760995,35.848035,358.81,-0.00169246
2007,84,0,0.00,115.761534,35.852347,523.27,-0.00018146
2007,84,1,87.64,115.760878,35.851808,612.97,-0.00048169
2007,84,2,175.28,115.760209,35.851292,583.07,0.00069159
2007,84,3,262.92,115.759498,35.850850,418.61,0.00372079
2007,84,4,350.57,115.759108,35.850172,358.81,0.00385152
2007,84,5,438.21,115.759108,35.849382,373.76,0.00242657
2007,85,0,0.00,115.760995,35.848035,747.53,-0.00000000
2007,85,1,19.28,115.760860,35.848170,792.38,-0.00000000
2007,85,2,38.56,115.760725,35.848304,553.17,-0.00000000
2007,86,0,0.00,115.760995,35.848035,403.66,0.00000000
2007,86,1,79.74,115.760995,35.847316,328.91,0.00000000
2007,86,2,159.48,115.760995,35.846598,418.61,0.00000000
2007,86,3,239.22,115.760995,35.845879,493.37,0.00000000
2007,87,0,0.00,115.760725,35.848304,553.17,0.00460264
2007,87,1,67.64,115.760253,35.848777,792.38,0.00230132
2007,87,2,135.28,115.759581,35.848910,627.92,-0.00230132
2007,87,3,202.93,115.759108,35.849382,448.52,-0.00460264
2007,88,0,0.00,115.760725,35.848304,657.82,-0.00425282
2007,88,1,77.86,115.760021,35.848035,1091.39,-0.00696247
2007,88,2,155.71,115.759240,35.848173,672.77,-0.01021611
2007,88,3,233.57,115.758839,35.848759,388.71,-0.00811890
2007,88,4,311.42,115.759108,35.849382,373.76,-0.00547770
2007,9,0,0.00,115.879572,35.895736,463.47,-0.01151157
2007,9,1,31.44,115.879892,35.895686,403.66,-0.01111134
2007,9,2,62.88,115.880111,35.895466,403.66,-0.01071112
2007,91,0,0.00,115.760995,35.845879,493.37,0.00000000
2007,91,1,62.91,115.760456,35.845610,598.02,0.00000000
2007,91,2,125.81,115.759917,35.845340,657.82,0.00000000
2007,92,0,0.00,115.760995,35.845879,583.07,0.00000000
2007,92,1,72.38,115.761501,35.845373,553.17,0.00095432
2007,92,2,144.76,115.762007,35.844867,702.67,0.00199907
2007,92,3,217.15,115.762612,35.844532,792.38,0.00208950
2007,93,0,0.00,115.759917,35.845340,403.66,0.00000000
2007,93,1,69.77,115.759917,35.844711,493.37,0.00000000
2007,93,2,139.54,115.759917,35.844082,358.81,0.00000000
2007,93,3,209.31,115.759917,35.843454,433.57,0.00000000
2007,94,0,0.00,115.759917,35.845340,642.87,0.00000000
2007,94,1,77.12,115.759378,35.845879,702.67,0.00000000
2007,94,2,154.24,115.758839,35.846418,672.77,0.00000000
2007,95,0,0.00,115.762612,35.844532,478.42,-0.00364540
2007,95,1,75.69,115.762612,35.843849,388.71,-0.00488912
2007,95,2,151.39,115.762181,35.843292,583.07,-0.00651665
2007,95,3,227.08,115.761563,35.842915,702.67,-0.00548695
2007,95,4,302.77,115.760725,35.842915,1390.40,-0.00407343
2007,96,0,0.00,115.762612,35.844532,463.47,-0.01070593
2007,96,1,31.45,115.762832,35.844751,583.07,-0.01110540
2007,96,2,62.91,115.763151,35.844801,687.72,-0.01150487
2007,97,0,0.00,115.759917,35.843454,1510.00,-0.00440052
2007,97,1,50.73,115.760371,35.843269,822.28,-0.00418472
2007,97,2,101.47,115.760725,35.842915,553.17,-0.00396892
2007,98,0,0.00,115.759917,35.843454,493.37,0.00280576
2007,98,1,98.36,115.759378,35.842723,373.76,0.00209562
2007,98,2,196.73,115.759378,35.841837,448.52,-0.00000000
2007,98,3,295.09,115.759108,35.841028,328.91,-0.00138549
2007,99,0,0.00,115.758839,35.846418,672.77,-0.00347668
2007,99,1,53.51,115.758465,35.846792,478.42,-0.00358305
2007,99,2,107.02,115.758300,35.847226,418.61,-0.00368943
