year,link_id,sample_idx,s_m,lon,lat,B_m,C_1m
2017,0,0,0.00,115.887118,35.877949,,-0.00110388
2017,0,1,98.07,115.886333,35.878464,,-0.00106436
2017,0,2,196.14,115.885648,35.879150,986.73,-0.00051242
2017,0,3,294.21,115.884962,35.879835,1225.94,-0.00000000
2017,1,0,0.00,115.884962,35.879835,373.76,-0.00341528
2017,1,1,95.21,115.885001,35.880682,343.86,-0.00285585
2017,1,2,190.41,115.885666,35.881348,313.96,-0.00058236
2017,1,3,285.62,115.886123,35.882074,313.96,0.00056584
2017,1,4,380.83,115.886579,35.882800,313.96,0.00000000
2017,10,0,0.00,115.875530,35.872289,388.71,0.00580076
2017,10,1,75.06,115.874707,35.872275,299.01,0.00577031
2017,10,2,150.12,115.874183,35.871751,134.55,0.00573987
2017,100,0,0.00,115.741861,35.828092,448.52,0.00211878
2017,100,1,96.09,115.741591,35.828880,313.96,0.00263806
2017,100,2,192.18,115.740936,35.829557,328.91,0.00161770
2017,100,3,288.27,115.740165,35.830058,313.96,0.00003903
2017,100,4,384.37,115.739493,35.830729,284.06,0.00057621
2017,100,5,480.46,115.738722,35.831231,299.01,0.00057621
2017,100,6,576.55,115.737951,35.831732,299.01,-0.00057621
2017,100,7,672.64,115.737181,35.832234,313.96,-0.00057621
2017,100,8,768.73,115.736509,35.832905,328.91,0.00057621
2017,100,9,864.82,115.735738,35.833406,373.76,0.00057621
2017,100,10,960.91,115.734967,35.833908,373.76,-0.00057621
2017,100,11,1057.01,115.734196,35.834409,388.71,-0.00111058
2017,100,12,1153.10,115.733525,35.835081,358.81,-0.00106228
2017,100,13,1249.19,115.732853,35.835752,358.81,0.00000000
2017,100,14,1345.28,115.732391,35.836484,373.76,0.00163849
2017,100,15,1441.37,115.731620,35.836986,418.61,0.00222116
2017,101,0,0.00,115.741861,35.828092,1480.10,0.00000000
2017,101,1,57.84,115.741456,35.827688,1255.84,0.00000000
2017,101,2,115.69,115.741052,35.827284,209.31,0.00000000
2017,102,0,0.00,115.741322,35.825128,867.13,0.00000000
2017,102,1,82.63,115.741322,35.825873,523.27,0.00093359
2017,102,2,165.25,115.741322,35.826617,702.67,0.00192470
2017,102,3,247.88,115.741052,35.827284,762.48,0.00198222
2017,103,0,0.00,115.741322,35.825128,209.31,-0.00583053
2017,103,1,55.81,115.740861,35.824858,463.47,-0.00558362
2017,103,2,111.62,115.740244,35.824858,433.57,-0.00533671
2017,104,0,0.00,115.731620,35.836986,358.81,0.00307066
2017,104,1,82.19,115.731046,35.837560,343.86,0.00323276
2017,104,2,164.38,115.730272,35.837794,403.66,0.00339486
2017,105,0,0.00,115.731620,35.836986,1794.06,0.00125935
2017,105,1,94.17,115.730962,35.836328,1151.19,0.00172470
2017,105,2,188.34,115.730542,35.835600,837.23,0.00152593
2017,105,3,282.51,115.730272,35.834830,747.53,0.00086180
2017,106,0,0.00,115.741052,35.827284,403.66,0.00279610
2017,106,1,83.89,115.740438,35.827284,598.02,0.00241633
2017,106,2,167.77,115.739667,35.827014,583.07,0.00101828
2017,106,3,251.66,115.738896,35.826745,702.67,0.00000000
2017,107,0,0.00,115.740244,35.824858,358.81,0.00000000
2017,107,1,96.41,115.739570,35.825532,478.42,0.00000000
2017,107,2,192.82,115.738896,35.826206,313.96,0.00000000
2017,108,0,0.00,115.740244,35.824858,926.93,-0.00464062
2017,108,1,87.27,115.739593,35.824319,598.02,-0.00560261
2017,108,2,174.54,115.738627,35.824319,373.76,-0.00445171
2017,108,3,261.81,115.737818,35.824589,343.86,-0.00233882
2017,109,0,0.00,115.730272,35.837794,403.66,0.00268565
2017,109,1,88.78,115.730070,35.838536,388.71,0.00296351
2017,109,2,177.56,115.729450,35.839156,358.81,0.00190174
2017,109,3,266.33,115.728773,35.839681,343.86,-0.00008013
2017,109,4,355.11,115.728109,35.840227,343.86,-0.00000000
2017,109,5,443.89,115.727489,35.840847,373.76,0.00104144
2017,109,6,532.67,115.726769,35.841298,448.52,0.00136050
2017,11,0,0.00,115.887657,35.886573,837.23,0.00000000
2017,11,1,24.33,115.887927,35.886573,777.43,0.00000000
2017,11,2,48.67,115.888196,35.886573,598.02,0.00000000
2017,110,0,0.00,115.730272,35.837794,1779.11,0.00000000
2017,110,1,77.12,115.729733,35.837255,1315.65,-0.00000000
2017,110,2,154.25,115.729194,35.836716,807.33,-0.00000000
2017,110,3,231.37,115.728655,35.836177,403.66,-0.00000000
2017,111,0,0.00,115.730272,35.834830,373.76,0.00222830
2017,111,1,97.47,115.730536,35.834028,373.76,0.00165353
2017,111,2,194.94,115.731217,35.833346,388.71,0.00053938
2017,111,3,292.41,115.731689,35.832605,388.71,0.00051288
2017,111,4,389.88,115.732370,35.831924,373.76,0.00051288
2017,111,5,487.35,115.733051,35.831242,373.76,0.00000000
2017,111,6,584.82,115.733733,35.830561,313.96,0.00166807
2017,111,7,682.28,115.734414,35.829880,343.86,0.00347049
2017,111,8,779.75,115.735393,35.829709,373.76,0.00360483
2017,112,0,0.00,115.730272,35.834830,448.52,-0.00541945
2017,112,1,77.62,115.729531,35.835032,373.76,-0.00444948
2017,112,2,155.23,115.729198,35.835635,373.76,-0.00092515
2017,112,3,232.85,115.728655,35.836177,463.47,0.00162922
2017,113,0,0.00,115.738896,35.826745,403.66,-0.00339452
2017,113,1,82.20,115.738123,35.826979,328.91,-0.00323246
2017,113,2,164.39,115.737549,35.827553,358.81,-0.00307041
2017,114,0,0.00,115.738896,35.826745,807.33,0.00000000
2017,114,1,29.90,115.738896,35.826475,568.12,0.00000000
2017,114,2,59.80,115.738896,35.826206,538.22,0.00000000
2017,116,0,0.00,115.738896,35.826206,717.63,0.00193363
2017,116,1,71.35,115.738398,35.825707,418.61,0.00199168
2017,116,2,142.71,115.738108,35.825148,194.36,0.00102486
2017,116,3,214.06,115.737818,35.824589,284.06,-0.00000000
2017,118,0,0.00,115.737818,35.824589,343.86,-0.00188054
2017,118,1,92.34,115.736796,35.824589,299.01,-0.00197931
2017,118,2,184.68,115.735932,35.824858,313.96,-0.00207808
2017,119,0,0.00,115.726769,35.841298,373.76,0.00201716
2017,119,1,99.51,115.726283,35.842054,358.81,0.00178589
2017,119,2,199.01,115.725488,35.842579,343.86,0.00049756
2017,119,3,298.52,115.724740,35.843184,343.86,-0.00054876
2017,119,4,398.03,115.723998,35.843800,343.86,0.00000000
2017,119,5,497.54,115.723302,35.844495,299.01,0.00080451
2017,119,6,597.04,115.722507,35.845020,328.91,0.00028715
2017,119,7,696.55,115.721713,35.845546,284.06,-0.00053550
2017,119,8,796.06,115.720963,35.846149,269.11,0.00015991
2017,119,9,895.56,115.720222,35.846766,239.21,0.00053550
2017,119,10,995.07,115.719389,35.847226,209.31,0.00089757
2017,119,11,1094.58,115.718633,35.847817,164.46,0.00190606
2017,119,12,1194.08,115.717658,35.848035,179.41,-0.00013266
2017,119,13,1293.59,115.716714,35.848304,194.36,-0.00109693
2017,119,14,1393.10,115.715950,35.848882,164.46,0.00118726
2017,119,15,1492.61,115.714983,35.849113,119.60,0.00196309
2017,119,16,1592.11,115.714039,35.849382,119.60,0.00236853
2017,119,17,1691.62,115.712970,35.849328,134.55,0.00216267
2017,119,18,1791.13,115.711994,35.849113,149.51,0.00088825
2017,119,19,1890.63,115.711050,35.848843,149.51,0.00038048
2017,119,20,1990.14,115.710105,35.848574,179.41,0.00048848
2017,119,21,2089.65,115.709195,35.848247,179.41,0.00039139
2017,119,22,2189.15,115.708301,35.847892,194.36,0.00009777
2017,119,23,2288.66,115.707406,35.847537,224.26,0.00047625
2017,119,24,2388.17,115.706512,35.847182,224.26,0.00018388
2017,119,25,2487.68,115.705699,35.846688,209.31,-0.00037010
2017,119,26,2587.18,115.704755,35.846418,194.36,0.00153899
2017,119,27,2686.69,115.703929,35.845946,224.26,0.00256431
2017,119,28,2786.20,115.703323,35.845225,179.41,0.00073421
2017,119,29,2885.70,115.702747,35.844495,239.21,0.00034547
2017,119,30,2985.21,115.702052,35.843799,284.06,0.00095327
2017,119,31,3084.72,115.701706,35.843003,358.81,0.00058949
2017,119,32,3184.22,115.701167,35.842262,358.81,0.00088632
2017,119,33,3283.73,115.700898,35.841443,388.71,0.00069126
2017,119,34,3383.24,115.700628,35.840624,388.71,0.00000000
2017,119,35,3482.75,115.700359,35.839806,358.81,0.00020595
2017,119,36,3582.25,115.700089,35.838987,358.81,0.00067647
2017,119,37,3681.76,115.699901,35.838145,358.81,0.00027025
2017,119,38,3781.27,115.699820,35.837271,388.71,0.00000000
2017,119,39,3880.77,115.699550,35.836453,373.76,0.00083946
2017,119,40,3980.28,115.699550,35.835556,373.76,0.00063919
2017,119,41,4079.79,115.699550,35.834659,358.81,-0.00063919
2017,119,42,4179.29,115.699550,35.833762,328.91,-0.00131566
2017,119,43,4278.80,115.699281,35.832943,313.96,-0.00135293
2017,12,0,0.00,115.887657,35.886573,284.06,-0.00116757
2017,12,1,95.09,115.887202,35.887298,209.31,0.00092178
2017,12,2,190.18,115.886955,35.888084,209.31,0.00282449
2017,12,3,285.27,115.886121,35.888459,209.31,0.00034337
2017,12,4,380.36,115.885427,35.889073,299.01,-0.00058877
2017,12,5,475.45,115.884762,35.889738,373.76,0.00097555
2017,12,6,570.54,115.883998,35.890232,418.61,0.00058877
2017,12,7,665.63,115.883234,35.890727,523.27,-0.00058877
2017,12,8,760.72,115.882470,35.891221,538.22,-0.00098112
2017,12,9,855.81,115.881805,35.891886,538.22,0.00058877
2017,12,10,950.90,115.881111,35.892502,598.02,0.00080653
2017,12,11,1045.98,115.880277,35.892875,612.97,0.00005599
2017,12,12,1141.07,115.879612,35.893540,598.02,0.00268476
2017,12,13,1236.16,115.878739,35.893849,717.63,0.00347749
2017,12,14,1331.25,115.877686,35.893849,807.33,0.00204663
2017,120,0,0.00,115.726769,35.841298,1794.06,-0.00000000
2017,120,1,74.24,115.726250,35.840779,1375.45,0.00089182
2017,120,2,148.47,115.725731,35.840260,941.88,0.00183645
2017,120,3,222.71,115.725422,35.839681,792.38,0.00188925
2017,122,0,0.00,115.728655,35.836177,463.47,0.00053492
2017,122,1,84.72,115.728032,35.836716,373.76,0.00004475
2017,122,2,169.44,115.727372,35.837191,373.76,-0.00082523
2017,122,3,254.16,115.726780,35.837783,343.86,-0.00115022
2017,122,4,338.88,115.726230,35.838388,373.76,-0.00111975
2017,122,5,423.61,115.725805,35.839028,373.76,-0.00071979
2017,122,6,508.33,115.725422,35.839681,433.57,-0.00029548
2017,123,0,0.00,115.735393,35.829709,388.71,0.00467246
2017,123,1,80.64,115.735247,35.830394,328.91,0.00477144
2017,123,2,161.28,115.734584,35.830787,313.96,0.00487041
2017,124,0,0.00,115.735393,35.829709,313.96,0.00204343
2017,124,1,70.02,115.735882,35.829220,313.96,0.00214207
2017,124,2,140.04,115.736471,35.828901,313.96,0.00224072
2017,125,0,0.00,115.737549,35.827553,328.91,-0.00552504
2017,125,1,71.84,115.736848,35.827715,299.01,-0.00724545
2017,125,2,143.69,115.736471,35.828253,388.71,-0.00624734
2017,125,3,215.53,115.736471,35.828901,538.22,-0.00352882
2017,126,0,0.00,115.737549,35.827553,568.12,0.00408513
2017,126,1,88.08,115.737818,35.828269,523.27,0.00764072
2017,126,2,176.16,115.737446,35.828901,284.06,0.00856337
2017,126,3,264.24,115.736471,35.828901,463.47,0.00593042
2017,127,0,0.00,115.699281,35.832943,538.22,0.00065158
2017,127,1,77.86,115.698637,35.832569,493.37,-0.00235927
2017,127,2,155.73,115.698029,35.832135,687.72,-0.00964906
2017,127,3,233.59,115.697251,35.832278,508.32,-0.01072377
2017,127,4,311.45,115.697125,35.832943,299.01,-0.00751955
2017,128,0,0.00,115.699281,35.832943,433.57,-0.00156616
2017,128,1,84.07,115.699659,35.832295,343.86,-0.00211312
2017,128,2,168.14,115.699820,35.831584,254.16,-0.00185767
2017,128,3,252.21,115.699820,35.830826,209.31,-0.00052763
2017,128,4,336.28,115.699820,35.830069,239.21,-0.00090116
2017,128,5,420.34,115.699820,35.829311,284.06,-0.00185767
2017,128,6,504.41,115.699550,35.828631,299.01,-0.00191302
2017,13,0,0.00,115.873105,35.869056,941.88,0.00234159
2017,13,1,77.60,115.873438,35.868453,1046.54,0.00340630
2017,13,2,155.20,115.874020,35.867978,284.06,0.00338485
2017,13,3,232.80,115.874722,35.867708,448.52,0.00229869
2017,130,0,0.00,115.725422,35.839681,657.82,0.00000000
2017,130,1,24.35,115.725152,35.839681,493.37,0.00000000
2017,130,2,48.70,115.724883,35.839681,493.37,0.00000000
2017,131,0,0.00,115.699550,35.828631,373.76,-0.00889942
2017,131,1,34.23,115.699520,35.828332,299.01,-0.00878413
2017,131,2,68.47,115.699281,35.828092,328.91,-0.00866884
2017,132,0,0.00,115.699550,35.828631,583.07,-0.00101879
2017,132,1,75.77,115.698921,35.828991,493.37,0.00000000
2017,132,2,151.54,115.698345,35.829440,493.37,0.00156303
2017,132,3,227.30,115.697664,35.829709,687.72,0.00210727
2017,133,0,0.00,115.699281,35.828092,328.91,0.00000000
2017,133,1,96.92,115.699281,35.827219,269.11,-0.00067450
2017,133,2,193.85,115.699281,35.826345,328.91,-0.00138875
2017,133,3,290.77,115.699011,35.825550,299.01,-0.00090498
2017,133,4,387.70,115.698742,35.824754,358.81,-0.00072882
2017,133,5,484.62,115.698401,35.823979,373.76,-0.00088181
2017,133,6,581.54,115.697933,35.823241,358.81,-0.00068741
2017,134,0,0.00,115.699281,35.828092,1794.06,-0.00442963
2017,134,1,86.12,115.698328,35.828092,897.03,-0.00486049
2017,134,2,172.24,115.697680,35.828615,343.86,-0.00683591
2017,134,3,258.35,115.697271,35.829047,284.06,-0.00687206
2017,134,4,344.47,115.697664,35.829709,388.71,-0.00536364
2017,135,0,0.00,115.697664,35.829709,239.21,0.00143455
2017,135,1,94.04,115.697664,35.830557,209.31,0.00147730
2017,135,2,188.07,115.697394,35.831326,299.01,0.00152004
2017,137,0,0.00,115.697933,35.823241,1510.00,0.00188047
2017,137,1,92.34,115.696911,35.823241,1106.34,0.00197924
2017,137,2,184.68,115.696047,35.822972,777.43,0.00207801
2017,138,0,0.00,115.697933,35.823241,418.61,0.00000000
2017,138,1,72.66,115.697933,35.822587,373.76,-0.00121360
2017,138,2,145.32,115.697933,35.821932,328.91,-0.00250222
2017,138,3,217.98,115.697664,35.821355,328.91,-0.00257725
2017,139,0,0.00,115.697664,35.821355,1510.00,0.00354180
2017,139,1,67.99,115.696911,35.821355,926.93,0.00373193
2017,139,2,135.98,115.696316,35.821086,538.22,0.00392207
2017,14,0,0.00,115.873105,35.869056,852.18,-0.00347902
2017,14,1,68.46,115.872835,35.869595,568.12,-0.00564583
2017,14,2,136.91,115.872896,35.870194,373.76,-0.00607323
2017,14,3,205.37,115.873374,35.870673,358.81,-0.00433382
2017,140,0,0.00,115.697664,35.821355,373.76,-0.00161132
2017,140,1,96.64,115.697933,35.820562,284.06,-0.00207610
2017,140,2,193.27,115.697897,35.819702,284.06,-0.00189083
2017,140,3,289.91,115.697664,35.818898,284.06,0.00000000
2017,140,4,386.55,115.697394,35.818105,284.06,0.00062039
2017,140,5,483.18,115.697394,35.817235,313.96,-0.00025492
2017,140,6,579.82,115.697125,35.816442,284.06,-0.00078446
2017,140,7,676.46,115.697028,35.815599,328.91,-0.00093366
2017,140,8,773.09,115.696561,35.814863,358.81,0.00013132
2017,140,9,869.73,115.696316,35.814063,328.91,0.00046985
2017,140,10,966.37,115.696047,35.813270,284.06,-0.00006560
2017,140,11,1063.00,115.695777,35.812477,284.06,0.00000000
2017,140,12,1159.64,115.695508,35.811684,284.06,0.00013106
2017,140,13,1256.28,115.695238,35.810892,299.01,0.00071874
2017,140,14,1352.91,115.695017,35.810085,299.01,0.00102834
2017,140,15,1449.55,115.694969,35.809228,328.91,0.00088132
2017,141,0,0.00,115.694969,35.809228,328.91,0.00405154
2017,141,1,92.65,115.694430,35.808690,313.96,0.00369660
2017,141,2,185.30,115.694430,35.807855,269.11,0.00093135
2017,141,3,277.96,115.694430,35.807020,373.76,-0.00152328
2017,141,4,370.61,115.694160,35.806263,448.52,-0.00156759
2017,142,0,0.00,115.694969,35.809228,478.42,0.00124126
2017,142,1,89.31,115.695593,35.808604,568.12,0.00129252
2017,142,2,178.62,115.696316,35.808150,702.67,0.00134378
2017,143,0,0.00,115.694160,35.806263,463.47,0.00222286
2017,143,1,78.44,115.693612,35.805715,463.47,0.00335557
2017,143,2,156.87,115.693352,35.805084,433.57,0.00324612
2017,143,3,235.31,115.693352,35.804377,224.26,0.00200397
2017,144,0,0.00,115.694160,35.806263,1749.21,-0.00125659
2017,144,1,84.57,115.694939,35.805994,1046.54,-0.00368326
2017,144,2,169.14,115.695640,35.805592,612.97,-0.00583853
2017,144,3,253.71,115.695777,35.804870,478.42,-0.00322776
2017,144,4,338.29,115.695777,35.804107,418.61,-0.00088840
2017,145,0,0.00,115.693352,35.804377,433.57,0.00267840
2017,145,1,87.80,115.692639,35.803934,209.31,0.00321570
2017,145,2,175.60,115.692234,35.803260,179.41,0.00232198
2017,145,3,263.40,115.692004,35.802535,134.55,0.00119133
2017,145,4,351.19,115.691735,35.801822,149.51,0.00157105
2017,145,5,438.99,115.691735,35.801030,149.51,0.00165038
2017,145,6,526.79,115.691735,35.800239,239.21,0.00170062
2017,145,7,614.59,115.692004,35.799526,254.16,0.00175085
2017,146,0,0.00,115.693352,35.804377,642.87,0.00000000
2017,146,1,57.85,115.693756,35.803973,373.76,0.00000000
2017,146,2,115.70,115.694160,35.803568,403.66,0.00000000
2017,147,0,0.00,115.695777,35.804107,672.77,0.00000000
2017,147,1,62.93,115.695238,35.803838,343.86,0.00000000
2017,147,2,125.85,115.694699,35.803568,433.57,0.00000000
2017,148,0,0.00,115.695777,35.804107,313.96,-0.00000000
2017,148,1,53.52,115.696047,35.803703,239.21,-0.00000000
2017,148,2,107.04,115.696316,35.803299,179.41,-0.00000000
2017,149,0,0.00,115.692004,35.799526,1510.00,0.00000000
2017,149,1,12.18,115.692139,35.799526,1659.51,0.00000000
2017,149,2,24.36,115.692274,35.799526,1659.51,0.00000000
2017,15,0,0.00,115.873105,35.869056,657.82,-0.00114174
2017,15,1,99.06,115.872213,35.868703,433.57,0.00159792
2017,15,2,198.11,115.871226,35.868517,403.66,0.00484472
2017,15,3,297.17,115.870949,35.867708,672.77,0.00535186
2017,150,0,0.00,115.692004,35.799526,239.21,0.00000000
2017,150,1,83.42,115.691735,35.798852,299.01,0.00000000
2017,150,2,166.84,115.691465,35.798178,284.06,0.00000000
2017,151,0,0.00,115.694160,35.803568,941.88,0.00000000
2017,151,1,24.36,115.694430,35.803568,777.43,0.00000000
2017,151,2,48.72,115.694699,35.803568,777.43,0.00000000
2017,152,0,0.00,115.694160,35.803568,448.52,0.00216863
2017,152,1,79.09,115.693891,35.802934,179.41,0.00210538
2017,152,2,158.18,115.693891,35.802221,134.55,0.00204212
2017,153,0,0.00,115.694699,35.803568,493.37,0.00352230
2017,153,1,86.31,115.694699,35.802790,164.46,0.00322638
2017,153,2,172.62,115.695238,35.802169,209.31,0.00167258
2017,153,3,258.93,115.695673,35.801517,313.96,-0.00019892
2017,153,4,345.24,115.696276,35.800914,299.01,-0.00153471
2017,153,5,431.55,115.696586,35.800226,269.11,-0.00126632
2017,153,6,517.86,115.696855,35.799526,254.16,-0.00027572
2017,155,0,0.00,115.691465,35.798178,1345.55,0.00000000
2017,155,1,73.08,115.690657,35.798178,657.82,0.00000000
2017,155,2,146.16,115.689848,35.798178,,0.00000000
2017,156,0,0.00,115.691465,35.798178,269.11,-0.00092106
2017,156,1,75.95,115.691735,35.797572,328.91,-0.00114228
2017,156,2,151.89,115.691900,35.796935,313.96,0.00092070
2017,156,3,227.84,115.692013,35.796284,328.91,0.00335592
2017,156,4,303.79,115.692543,35.795753,373.76,0.00350693
2017,157,0,0.00,115.692543,35.795753,568.12,-0.00147454
2017,157,1,88.52,115.693360,35.795475,508.32,-0.00296143
2017,157,2,177.05,115.694078,35.795027,403.66,-0.00331989
2017,157,3,265.57,115.694430,35.794331,284.06,-0.00091034
2017,157,4,354.10,115.694897,35.793668,284.06,-0.00067591
2017,157,5,442.62,115.695307,35.792989,269.11,-0.00153646
2017,157,6,531.15,115.695508,35.792250,388.71,-0.00135030
2017,158,0,0.00,115.692543,35.795753,388.71,0.00159280
2017,158,1,91.94,115.692274,35.795002,343.86,0.00229891
2017,158,2,183.89,115.692274,35.794174,269.11,0.00194324
2017,158,3,275.83,115.692543,35.793423,284.06,0.00079640
2017,158,4,367.78,115.692694,35.792638,269.11,0.00071401
2017,158,5,459.72,115.693082,35.791922,269.11,0.00000000
2017,158,6,551.67,115.693352,35.791172,254.16,-0.00071669
2017,159,0,0.00,115.695508,35.792250,717.63,0.00118607
2017,159,1,83.91,115.694737,35.791980,747.53,0.00128993
2017,159,2,167.82,115.694037,35.791588,702.67,0.00080714
2017,159,3,251.73,115.693352,35.791172,1270.79,0.00022049
2017,16,0,0.00,115.874183,35.871751,179.41,-0.00196695
2017,16,1,72.78,115.873883,35.871181,194.36,-0.00191165
2017,16,2,145.57,115.873374,35.870673,358.81,-0.00185634
2017,160,0,0.00,115.695508,35.792250,388.71,0.00000000
2017,160,1,89.83,115.695777,35.791518,269.11,0.00000000
2017,160,2,179.66,115.696047,35.790787,269.11,-0.00083542
2017,160,3,269.49,115.696316,35.790055,313.96,-0.00232340
2017,160,4,359.32,115.696316,35.789246,328.91,-0.00344471
2017,160,5,449.15,115.696076,35.788506,553.17,-0.00186135
2017,160,6,538.98,115.695448,35.787878,747.53,0.00140772
2017,160,7,628.81,115.695238,35.787129,627.92,0.00262468
2017,161,0,0.00,115.693352,35.791172,269.11,0.00162762
2017,161,1,88.41,115.693352,35.790375,269.11,0.00167709
2017,161,2,176.81,115.693621,35.789656,328.91,0.00083379
2017,161,3,265.22,115.693891,35.788938,299.01,-0.00025521
2017,161,4,353.63,115.694151,35.788216,403.66,0.00093398
2017,161,5,442.03,115.694351,35.787477,448.52,0.00244482
2017,161,6,530.44,115.694969,35.786860,508.32,0.00257025
2017,162,0,0.00,115.694969,35.786860,538.22,0.00000000
2017,162,1,19.29,115.695103,35.786994,553.17,0.00000000
2017,162,2,38.57,115.695238,35.787129,612.97,0.00000000
2017,163,0,0.00,115.695238,35.787129,1270.79,-0.00035150
2017,163,1,88.80,115.696220,35.787129,1240.89,-0.00126199
2017,163,2,177.60,115.697174,35.787080,1001.69,-0.00412729
2017,163,3,266.40,115.697993,35.786800,642.87,-0.00500658
2017,163,4,355.19,115.698404,35.786119,403.66,-0.00263728
2017,163,5,443.99,115.698816,35.785438,388.71,0.00000000
2017,163,6,532.79,115.699018,35.784696,388.71,0.00257343
2017,163,7,621.59,115.699639,35.784076,418.61,0.00258187
2017,163,8,710.39,115.700359,35.783626,448.52,0.00136036
2017,164,0,0.00,115.694969,35.786860,523.27,0.00089233
2017,164,1,96.52,115.695016,35.786004,583.07,0.00103792
2017,164,2,193.04,115.695238,35.785198,388.71,0.00018230
2017,164,3,289.55,115.695508,35.784406,433.57,-0.00059176
2017,164,4,386.07,115.695577,35.783557,373.76,0.00046812
2017,164,5,482.59,115.695777,35.782745,373.76,0.00080345
2017,164,6,579.11,115.696090,35.781966,373.76,0.00000000
2017,164,7,675.63,115.696346,35.781170,343.86,0.00057054
2017,164,8,772.15,115.696603,35.780375,373.76,0.00075893
2017,164,9,868.66,115.697125,35.779656,388.71,-0.00065301
2017,164,10,965.18,115.697394,35.778864,358.81,-0.00094619
2017,164,11,1061.70,115.697664,35.778072,328.91,-0.00029275
2017,164,12,1158.22,115.697838,35.777253,373.76,0.00051745
2017,164,13,1254.74,115.698094,35.776458,373.76,0.00058787
2017,164,14,1351.26,115.698472,35.775697,388.71,-0.00025965
2017,164,15,1447.77,115.698742,35.774906,418.61,-0.00029513
2017,164,16,1544.29,115.699011,35.774114,388.71,-0.00072097
2017,164,17,1640.81,115.699281,35.773322,373.76,-0.00140170
2017,164,18,1737.33,115.699281,35.772452,388.71,0.00072097
2017,164,19,1833.85,115.699281,35.771582,388.71,0.00140170
2017,164,20,1930.37,115.699820,35.770869,358.81,-0.00140170
2017,164,21,2026.88,115.699820,35.769999,373.76,-0.00086712
2017,164,22,2123.40,115.699820,35.769129,299.01,0.00068074
2017,164,23,2219.92,115.700033,35.768321,313.96,-0.00039682
2017,164,24,2316.44,115.700089,35.767467,299.01,-0.00000000
2017,164,25,2412.96,115.700089,35.766597,269.11,0.00073675
2017,164,26,2509.48,115.700359,35.765806,239.21,0.00072097
2017,164,27,2605.99,115.700432,35.764957,194.36,0.00159358
2017,164,28,2702.51,115.700898,35.764222,328.91,0.00213277
2017,165,0,0.00,115.700898,35.764222,1480.10,0.00000000
2017,165,1,48.74,115.701437,35.764222,1450.20,0.00000000
2017,165,2,97.48,115.701976,35.764222,44.85,0.00000000
2017,166,0,0.00,115.700898,35.764222,224.26,0.00377751
2017,166,1,83.43,115.700628,35.763548,134.55,0.00377751
2017,166,2,166.86,115.700898,35.762875,553.17,0.00377751
2017,167,0,0.00,115.700898,35.762875,179.41,-0.00000000
2017,167,1,96.96,115.700638,35.762076,269.11,-0.00146690
2017,167,2,193.93,115.700378,35.761277,373.76,-0.00393404
2017,167,3,290.89,115.699632,35.760719,403.66,-0.00444722
2017,167,4,387.86,115.698717,35.760449,388.71,-0.00198008
2017,167,5,484.82,115.697644,35.760449,388.71,0.00000000
2017,167,6,581.79,115.696729,35.760180,418.61,-0.00063318
2017,167,7,678.75,115.695657,35.760180,448.52,-0.00000000
2017,167,8,775.71,115.694627,35.760108,448.52,0.00131393
2017,167,9,872.68,115.693670,35.759910,478.42,0.00000000
2017,167,10,969.64,115.692755,35.759641,448.52,-0.00153087
2017,167,11,1066.61,115.691683,35.759641,448.52,-0.00085013
2017,167,12,1163.57,115.690610,35.759641,478.42,0.00085013
2017,167,13,1260.54,115.689538,35.759641,448.52,0.00175243
2017,167,14,1357.50,115.688623,35.759371,493.37,0.00000000
2017,167,15,1454.46,115.687702,35.759112,538.22,-0.00172319
2017,167,16,1551.43,115.686636,35.759102,538.22,-0.00000000
2017,167,17,1648.39,115.685564,35.759102,478.42,0.00082089
2017,167,18,1745.36,115.684648,35.758832,478.42,-0.00085013
2017,167,19,1842.32,115.683576,35.758832,478.42,-0.00085013
2017,167,20,1939.29,115.682504,35.758832,448.52,0.00000000
2017,167,21,2036.25,115.681432,35.758832,478.42,0.00085013
2017,167,22,2133.21,115.680360,35.758832,478.42,0.00178782
2017,167,23,2230.18,115.679445,35.758563,448.52,0.00093769
2017,167,24,2327.14,115.678530,35.758293,448.52,-0.00000000
2017,168,0,0.00,115.700898,35.762875,1330.60,0.00000000
2017,168,1,48.74,115.701437,35.762875,1300.70,0.00000000
2017,168,2,97.48,115.701976,35.762875,44.85,0.00000000
2017,169,0,0.00,115.678530,35.758293,717.63,0.00486754
2017,169,1,84.95,115.677904,35.758832,508.32,0.00478722
2017,169,2,169.91,115.676965,35.758832,418.61,0.00235345
2017,169,3,254.86,115.676026,35.758832,269.11,0.00111668
2017,169,4,339.82,115.675086,35.758832,269.11,0.00361296
2017,169,5,424.77,115.674304,35.758563,328.91,0.00367054
2017,169,6,509.72,115.673679,35.758024,508.32,0.00234851
2017,17,0,0.00,115.874183,35.871751,538.22,0.00938382
2017,17,1,79.45,115.873528,35.871904,209.31,0.01101524
2017,17,2,158.91,115.873105,35.871311,224.26,0.00904401
2017,17,3,238.36,115.873374,35.870673,448.52,0.00544135
2017,170,0,0.00,115.678530,35.758293,598.02,0.00000000
2017,170,1,87.24,115.677920,35.757684,553.17,-0.00081717
2017,170,2,174.47,115.677311,35.757074,523.27,-0.00347734
2017,170,3,261.71,115.676578,35.756676,269.11,-0.00451923
2017,170,4,348.94,115.675614,35.756676,284.06,-0.00504110
2017,170,5,436.18,115.674689,35.756744,568.12,-0.00547328
2017,170,6,523.41,115.674288,35.757414,822.28,-0.00164843
2017,170,7,610.65,115.673679,35.758024,553.17,0.00128559
2017,171,0,0.00,115.673679,35.758024,418.61,0.01149348
2017,171,1,31.47,115.673359,35.757974,448.52,0.01109529
2017,171,2,62.95,115.673140,35.757754,508.32,0.01069710
2017,172,0,0.00,115.673140,35.757754,1794.06,0.00000000
2017,172,1,59.80,115.673140,35.757215,1076.44,0.00000000
2017,172,2,119.61,115.673140,35.756676,762.48,0.00000000
2017,173,0,0.00,115.673140,35.757754,328.91,0.00353672
2017,173,1,68.03,115.672387,35.757754,388.71,0.00372641
2017,173,2,136.07,115.671792,35.757485,388.71,0.00391611
2017,174,0,0.00,115.671792,35.757485,1270.79,0.00000000
2017,174,1,44.85,115.671792,35.757081,1794.06,0.00000000
2017,174,2,89.70,115.671792,35.756676,882.08,0.00000000
2017,175,0,0.00,115.671792,35.757485,299.01,-0.00088341
2017,175,1,99.16,115.671000,35.757501,343.86,-0.00063680
2017,175,2,198.31,115.670010,35.757650,343.86,0.00026915
2017,175,3,297.47,115.668974,35.757754,328.91,0.00157817
2017,175,4,396.63,115.667878,35.757754,239.21,0.00200861
2017,175,5,495.78,115.666939,35.757485,239.21,0.00000000
2017,175,6,594.94,115.665999,35.757215,239.21,-0.00089469
2017,175,7,694.10,115.664903,35.757215,239.21,-0.00000000
2017,175,8,793.25,115.663964,35.756946,239.21,-0.00081188
2017,175,9,892.41,115.662868,35.756946,209.31,0.00000000
2017,175,10,991.56,115.661771,35.756946,209.31,0.00081188
2017,175,11,1090.72,115.660832,35.756676,209.31,-0.00000000
2017,175,12,1189.88,115.659736,35.756676,209.31,0.00072526
2017,175,13,1289.03,115.658796,35.756407,194.36,0.00000000
2017,175,14,1388.19,115.657828,35.756187,194.36,-0.00041987
2017,175,15,1487.35,115.656761,35.756137,209.31,0.00182375
2017,175,16,1586.50,115.655847,35.755823,209.31,0.00136519
2017,175,17,1685.66,115.655039,35.755329,239.21,-0.00085062
2017,175,18,1784.82,115.654100,35.755059,239.21,-0.00077589
2017,175,19,1883.97,115.653174,35.754767,269.11,0.00049109
2017,175,20,1983.13,115.652221,35.754520,269.11,0.00092906
2017,175,21,2082.29,115.651392,35.754063,299.01,0.00000000
2017,175,22,2181.44,115.650500,35.753712,328.91,-0.00000000
2017,175,23,2280.60,115.649610,35.753358,328.91,0.00007004
2017,175,24,2379.75,115.648778,35.752903,358.81,-0.00012682
2017,175,25,2478.91,115.647839,35.752634,388.71,0.00044641
2017,175,26,2578.07,115.647035,35.752132,373.76,-0.00023271
2017,175,27,2677.22,115.646144,35.751780,388.71,-0.00031463
2017,175,28,2776.38,115.645253,35.751427,418.61,0.00083910
2017,175,29,2875.54,115.644396,35.751017,448.52,0.00076031
2017,175,30,2974.69,115.643614,35.750478,478.42,0.00006782
2017,175,31,3073.85,115.642778,35.750031,493.37,0.00059148
2017,175,32,3173.01,115.641986,35.749508,478.42,0.00024776
2017,175,33,3272.16,115.641267,35.748861,478.42,-0.00029116
2017,175,34,3371.32,115.640403,35.748463,478.42,0.00000000
2017,175,35,3470.48,115.639703,35.747783,448.52,-0.00006743
2017,175,36,3569.63,115.638819,35.747418,448.52,-0.00000000
2017,175,37,3668.79,115.638126,35.746726,448.52,-0.00004034
2017,175,38,3767.94,115.637235,35.746374,448.52,0.00000000
2017,175,39,3867.10,115.636542,35.745681,448.52,0.00000000
2017,175,40,3966.26,115.635651,35.745329,433.57,0.00053983
2017,175,41,4065.41,115.634958,35.744636,418.61,0.00038495
2017,175,42,4164.57,115.634167,35.744114,448.52,-0.00053983
2017,175,43,4263.73,115.633445,35.743471,463.47,-0.00078461
2017,175,44,4362.88,115.632583,35.743069,418.61,-0.00000000
2017,175,45,4462.04,115.631791,35.742547,448.52,0.00093949
2017,175,46,4561.20,115.630999,35.742024,493.37,-0.00000000
2017,175,47,4660.35,115.630306,35.741331,478.42,-0.00053983
2017,175,48,4759.51,115.629415,35.740979,478.42,0.00000000
2017,175,49,4858.67,115.628722,35.740287,478.42,-0.00056914
2017,175,50,4957.82,115.627831,35.739934,493.37,-0.00000000
2017,175,51,5056.98,115.627039,35.739412,493.37,0.00056914
2017,175,52,5156.13,115.626248,35.738890,448.52,0.00000000
2017,176,0,0.00,115.626248,35.738890,508.32,-0.00147039
2017,176,1,84.73,115.626073,35.738177,373.76,-0.00364217
2017,176,2,169.47,115.625690,35.737524,313.96,-0.00517968
2017,176,3,254.20,115.624900,35.737273,328.91,-0.00454541
2017,177,0,0.00,115.626248,35.738890,1794.06,0.00000000
2017,177,1,50.77,115.625843,35.739159,1719.31,0.00000000
2017,177,2,101.54,115.625439,35.739429,762.48,0.00000000
2017,178,0,0.00,115.624900,35.737273,1794.06,-0.00208579
2017,178,1,85.01,115.624361,35.737882,1659.51,-0.00476894
2017,178,2,170.02,115.624130,35.738582,388.71,-0.00792276
2017,178,3,255.03,115.624656,35.739159,373.76,-0.00579279
2017,178,4,340.04,115.625439,35.739429,493.37,-0.00319213
2017,179,0,0.00,115.624900,35.737273,373.76,-0.00237736
2017,179,1,93.02,115.624250,35.736623,358.81,-0.00118868
2017,179,2,186.04,115.623402,35.736314,373.76,-0.00011800
2017,179,3,279.06,115.622752,35.735664,373.76,-0.00262172
2017,179,4,372.08,115.621886,35.735386,418.61,-0.00345996
2017,179,5,465.10,115.620858,35.735386,478.42,-0.00191249
2017,18,0,0.00,115.877686,35.893849,867.13,0.00342448
2017,18,1,95.06,115.877649,35.894695,702.67,0.00394921
2017,18,2,190.12,115.876984,35.895360,627.92,0.00282609
2017,18,3,285.18,115.876220,35.895854,612.97,-0.00000000
2017,18,4,380.24,115.875456,35.896348,612.97,-0.00113512
2017,18,5,475.30,115.874792,35.897013,553.17,0.00000000
2017,18,6,570.36,115.874127,35.897678,523.27,0.00101623
2017,18,7,665.42,115.873363,35.898172,553.17,0.00031420
2017,18,8,760.48,115.872619,35.898700,598.02,-0.00019435
2017,18,9,855.54,115.871881,35.899239,583.07,0.00093479
2017,18,10,950.60,115.871143,35.899778,553.17,0.00139334
2017,18,11,1045.66,115.870247,35.900047,568.12,-0.00097311
2017,18,12,1140.72,115.869444,35.900474,598.02,-0.00108010
2017,18,13,1235.78,115.868771,35.901125,568.12,0.00088469
2017,18,14,1330.84,115.867916,35.901463,568.12,-0.00000000
2017,18,15,1425.90,115.867152,35.901958,553.17,-0.00057145
2017,18,16,1520.96,115.866388,35.902452,553.17,0.00000000
2017,18,17,1616.02,115.865624,35.902947,523.27,0.00041814
2017,18,18,1711.08,115.864860,35.903441,523.27,0.00125912
2017,18,19,1806.14,115.864029,35.903820,508.32,0.00125292
2017,18,20,1901.20,115.863133,35.904090,508.32,0.00082388
2017,180,0,0.00,115.625439,35.739429,911.98,0.00566569
2017,180,1,93.84,115.624716,35.739968,538.22,0.00665783
2017,180,2,187.68,115.623830,35.739706,299.01,0.00508661
2017,180,3,281.53,115.623076,35.739221,299.01,0.00144860
2017,180,4,375.37,115.622388,35.738620,313.96,-0.00021868
2017,180,5,469.21,115.621665,35.738081,388.71,0.00016986
2017,180,6,563.05,115.620911,35.737595,388.71,0.00297492
2017,180,7,656.89,115.620319,35.736921,538.22,0.00552360
2017,180,8,750.74,115.620319,35.736076,1091.39,0.00466252
2017,180,9,844.58,115.620858,35.735386,1794.06,0.00307664
2017,181,0,0.00,115.620858,35.735386,448.52,-0.00108305
2017,181,1,84.37,115.620413,35.734847,463.47,-0.00149687
2017,181,2,168.75,115.619789,35.734317,418.61,-0.00155057
2017,181,3,253.12,115.619100,35.733898,418.61,-0.00129796
2017,181,4,337.49,115.618399,35.733500,418.61,-0.00131738
2017,181,5,421.87,115.617624,35.733230,448.52,-0.00122929
2017,182,0,0.00,115.617624,35.733230,1794.06,-0.00185643
2017,182,1,72.82,115.617115,35.733739,1644.56,-0.00191187
2017,182,2,145.64,115.616815,35.734308,882.08,-0.00196732
2017,183,0,0.00,115.617624,35.733230,433.57,-0.00173665
2017,183,1,75.82,115.617094,35.732701,448.52,-0.00281311
2017,183,2,151.64,115.616465,35.732341,418.61,-0.00294634
2017,183,3,227.47,115.615737,35.732152,418.61,-0.00200311
2017,184,0,0.00,115.615737,35.732152,403.66,-0.00197638
2017,184,1,72.93,115.615437,35.731582,328.91,-0.00495545
2017,184,2,145.86,115.614926,35.731074,373.76,-0.00699753
2017,184,3,218.79,115.614120,35.731074,448.52,-0.00606054
2017,185,0,0.00,115.615737,35.732152,1794.06,0.00247197
2017,185,1,82.25,115.615142,35.732691,1121.29,0.00257576
2017,185,2,164.50,115.614390,35.732961,672.77,0.00267955
2017,186,0,0.00,115.614120,35.731074,388.71,-0.00206189
2017,186,1,98.49,115.613641,35.730326,373.76,-0.00265274
2017,186,2,196.99,115.612854,35.729808,358.81,-0.00163339
2017,186,3,295.48,115.611970,35.729457,343.86,0.00070611
2017,186,4,393.97,115.611181,35.728943,343.86,0.00057731
2017,186,5,492.47,115.610420,35.728379,373.76,-0.00091368
2017,186,6,590.96,115.609606,35.727908,373.76,-0.00057731
2017,186,7,689.45,115.608714,35.727571,343.86,0.00023220
2017,186,8,787.95,115.607933,35.727043,328.91,0.00057731
2017,186,9,886.44,115.607046,35.726695,328.91,0.00054109
2017,186,10,984.93,115.606358,35.726007,299.01,-0.00058777
2017,186,11,1083.43,115.605472,35.725660,269.11,-0.00000000
2017,186,12,1181.92,115.604683,35.725145,239.21,-0.00018552
2017,186,13,1280.41,115.603898,35.724625,239.21,-0.00165130
2017,186,14,1378.91,115.602977,35.724337,209.31,-0.00094156
2017,186,15,1477.40,115.602045,35.724067,209.31,-0.00080219
2017,186,16,1575.89,115.601113,35.723798,179.41,-0.00090733
2017,186,17,1674.39,115.600055,35.723746,134.55,0.00056017
2017,186,18,1772.88,115.599093,35.723528,149.51,-0.00000000
2017,186,19,1871.38,115.598161,35.723259,179.41,-0.00221926
2017,186,20,1969.87,115.597073,35.723259,239.21,-0.00164631
2017,186,21,2068.36,115.596113,35.723480,254.16,-0.00043352
2017,186,22,2166.86,115.595053,35.723528,328.91,-0.00130426
2017,186,23,2265.35,115.594142,35.723834,343.86,-0.00117352
2017,186,24,2363.84,115.593255,35.724181,358.81,-0.00014687
2017,186,25,2462.34,115.592369,35.724529,373.76,0.00000000
2017,186,26,2560.83,115.591483,35.724876,403.66,0.00000000
2017,187,0,0.00,115.614120,35.731074,1794.06,-0.00115135
2017,187,1,92.11,115.613477,35.731718,1734.26,-0.00118216
2017,187,2,184.23,115.613042,35.732422,732.58,-0.00121297
2017,188,0,0.00,115.591483,35.724876,418.61,0.00204227
2017,188,1,70.07,115.590993,35.725365,343.86,0.00214074
2017,188,2,140.13,115.590405,35.725684,433.57,0.00223921
2017,189,0,0.00,115.591483,35.724876,1345.55,-0.00118788
2017,189,1,88.69,115.590863,35.724256,1151.19,-0.00415492
2017,189,2,177.38,115.590150,35.723798,598.02,-0.00655727
2017,189,3,266.06,115.589327,35.724067,433.57,-0.00599258
2017,19,0,0.00,115.877686,35.893849,1794.06,0.00073803
2017,19,1,84.19,115.877147,35.893246,1420.30,0.00273057
2017,19,2,168.37,115.876718,35.892612,941.88,0.00453883
2017,19,3,252.56,115.876878,35.891963,657.82,0.00435456
2017,190,0,0.00,115.590405,35.725684,1480.10,0.00000000
2017,190,1,71.38,115.589906,35.725186,1390.40,0.00199200
2017,190,2,142.76,115.589408,35.724687,732.58,0.00404972
2017,190,3,214.13,115.589327,35.724067,822.28,0.00411542
2017,191,0,0.00,115.590405,35.725684,328.91,0.00000000
2017,191,1,96.56,115.589651,35.726223,328.91,0.00094632
2017,191,2,193.11,115.588898,35.726762,358.81,0.00192605
2017,191,3,289.67,115.587988,35.727032,373.76,0.00053136
2017,191,4,386.22,115.587077,35.727301,388.71,-0.00097973
2017,191,5,482.78,115.586239,35.727694,463.47,-0.00063780
2017,191,6,579.33,115.585414,35.728110,448.52,-0.00042238
2017,191,7,675.89,115.584593,35.728532,493.37,-0.00031090
2017,191,8,772.45,115.583819,35.729036,493.37,0.00085136
2017,191,9,869.00,115.582997,35.729457,448.52,0.00062616
2017,191,10,965.56,115.582086,35.729727,418.61,-0.00105840
2017,191,11,1062.11,115.581300,35.730208,433.57,-0.00031526
2017,191,12,1158.67,115.580526,35.730712,403.66,0.00127356
2017,191,13,1255.23,115.579653,35.731046,448.52,0.00061836
2017,191,14,1351.78,115.578759,35.731344,418.61,-0.00064413
2017,191,15,1448.34,115.577907,35.731714,403.66,-0.00014646
2017,191,16,1544.89,115.577095,35.732152,418.61,0.00027220
2017,191,17,1641.45,115.576185,35.732422,403.66,-0.00036547
2017,191,18,1738.00,115.575388,35.732886,403.66,-0.00037863
2017,191,19,1834.56,115.574521,35.733230,403.66,0.00000000
2017,191,20,1931.12,115.573742,35.733724,403.66,0.00061836
2017,191,21,2027.67,115.572858,35.734039,388.71,0.00044320
2017,191,22,2124.23,115.571996,35.734391,373.76,0.00061766
2017,191,23,2220.78,115.571123,35.734725,358.81,0.00068639
2017,191,24,2317.34,115.570151,35.734889,358.81,-0.00000000
2017,191,25,2413.90,115.569278,35.735223,388.71,0.00059990
2017,191,26,2510.45,115.568306,35.735386,418.61,0.00119980
2017,193,0,0.00,115.589327,35.724067,538.22,-0.00428908
2017,193,1,81.25,115.588429,35.724067,358.81,-0.00395248
2017,193,2,162.51,115.587795,35.724521,358.81,-0.00087496
2017,193,3,243.76,115.587103,35.724876,388.71,0.00137120
2017,193,4,325.01,115.586362,35.725145,388.71,0.00087645
2017,194,0,0.00,115.568306,35.735386,463.47,0.00345425
2017,194,1,76.53,115.567981,35.735981,358.81,0.00492449
2017,194,2,153.06,115.567347,35.736346,328.91,0.00661480
2017,194,3,229.59,115.566570,35.736464,358.81,0.00551878
2017,194,4,306.12,115.565881,35.736195,403.66,0.00420267
2017,195,0,0.00,115.568306,35.735386,1360.50,-0.00305392
2017,195,1,82.01,115.567733,35.734813,732.58,-0.00537362
2017,195,2,164.01,115.566964,35.734578,448.52,-0.00864966
2017,195,3,246.02,115.566191,35.734807,373.76,-0.00851182
2017,195,4,328.02,115.565881,35.735456,747.53,-0.00480756
2017,195,5,410.03,115.565881,35.736195,777.43,-0.00219749
2017,196,0,0.00,115.565611,35.736464,478.42,0.00000000
2017,196,1,19.29,115.565746,35.736329,493.37,0.00000000
2017,196,2,38.58,115.565881,35.736195,463.47,0.00000000
2017,198,0,0.00,115.565611,35.736464,568.12,0.00343147
2017,198,1,94.81,115.565158,35.737187,313.96,0.00459616
2017,198,2,189.63,115.564297,35.737509,269.11,0.00486474
2017,198,3,284.44,115.563268,35.737542,299.01,0.00306777
2017,198,4,379.25,115.562377,35.737273,418.61,0.00216692
2017,199,0,0.00,115.565611,35.736464,1076.44,-0.00089317
2017,199,1,85.26,115.565016,35.735869,687.72,-0.00415333
2017,199,2,170.52,115.564354,35.735386,448.52,-0.00668933
2017,199,3,255.78,115.563569,35.735656,269.11,-0.00525777
2017,199,4,341.04,115.562733,35.735839,313.96,-0.00610581
2017,199,5,426.31,115.562377,35.736504,717.63,-0.00500099
2017,199,6,511.57,115.562377,35.737273,1136.24,-0.00234074
2017,2,0,0.00,115.884962,35.879835,433.57,-0.00000000
2017,2,1,62.89,115.884423,35.879566,373.76,-0.00000000
2017,2,2,125.78,115.883884,35.879296,328.91,-0.00000000
2017,20,0,0.00,115.874722,35.867708,747.53,-0.00158933
2017,20,1,81.31,115.874571,35.867019,687.72,-0.00238002
2017,20,2,162.62,115.874212,35.866390,433.57,-0.00232628
2017,20,3,243.93,115.873644,35.865822,418.61,-0.00148184
2017,201,0,0.00,115.562377,35.737273,388.71,0.00345759
2017,201,1,90.89,115.561742,35.737908,269.11,0.00332290
2017,201,2,181.78,115.560839,35.738081,209.31,0.00314972
2017,201,3,272.66,115.559977,35.738326,343.86,0.00345746
2017,201,4,363.55,115.559143,35.738081,388.71,0.00380370
2017,202,0,0.00,115.559143,35.738081,583.07,0.00369043
2017,202,1,53.53,115.559308,35.737647,553.17,0.00358380
2017,202,2,107.06,115.559682,35.737273,403.66,0.00347717
2017,203,0,0.00,115.559143,35.738081,328.91,0.00000000
2017,203,1,48.76,115.558604,35.738081,358.81,0.00000000
2017,203,2,97.51,115.558065,35.738081,358.81,0.00000000
2017,204,0,0.00,115.558065,35.738081,358.81,0.00288748
2017,204,1,93.81,115.557516,35.738620,299.01,0.00376636
2017,204,2,187.61,115.556636,35.738890,328.91,0.00323275
2017,204,3,281.42,115.555599,35.738890,478.42,0.00091013
2017,204,4,375.23,115.554562,35.738890,478.42,0.00000000
2017,205,0,0.00,115.558065,35.738081,792.38,0.00000000
2017,205,1,90.52,115.557433,35.737449,882.08,-0.00210586
2017,205,2,181.04,115.556801,35.736817,418.61,-0.00655066
2017,205,3,271.56,115.555848,35.736734,299.01,-0.00783199
2017,205,4,362.08,115.555139,35.737234,538.22,-0.00447101
2017,205,5,452.60,115.554716,35.737927,612.97,-0.00108382
2017,205,6,543.12,115.554292,35.738620,523.27,0.00000000
2017,206,0,0.00,115.554562,35.738890,882.08,-0.00000000
2017,206,1,19.29,115.554427,35.738755,777.43,-0.00000000
2017,206,2,38.58,115.554292,35.738620,792.38,-0.00000000
2017,207,0,0.00,115.554292,35.738620,478.42,0.00000000
2017,207,1,12.19,115.554158,35.738620,478.42,0.00000000
2017,207,2,24.38,115.554023,35.738620,478.42,0.00000000
2017,208,0,0.00,115.554562,35.738890,478.42,0.00185482
2017,208,1,97.67,115.553796,35.739429,358.81,0.00188496
2017,208,2,195.34,115.552874,35.739698,358.81,0.00188103
2017,208,3,293.01,115.551951,35.739968,358.81,0.00092348
2017,208,4,390.68,115.550871,35.739968,358.81,0.00000000
2017,208,5,488.35,115.549948,35.740237,358.81,-0.00000000
2017,208,6,586.02,115.548869,35.740237,388.71,-0.00000000
2017,208,7,683.69,115.547946,35.740507,388.71,0.00083751
2017,208,8,781.36,115.546866,35.740507,388.71,0.00083751
2017,208,9,879.04,115.545786,35.740507,388.71,0.00000000
2017,208,10,976.71,115.544707,35.740507,358.81,0.00083751
2017,208,11,1074.38,115.543627,35.740507,358.81,0.00176098
2017,208,12,1172.05,115.542704,35.740237,448.52,0.00184696
2017,209,0,0.00,115.542704,35.740237,1091.39,0.00032494
2017,209,1,86.88,115.542974,35.739532,1001.69,0.00059582
2017,209,2,173.76,115.543291,35.738842,897.03,0.00403602
2017,209,3,260.64,115.543689,35.738174,403.66,0.00743067
2017,209,4,347.52,115.544495,35.738255,343.86,0.00384751
2017,209,5,434.40,115.545399,35.738351,343.86,0.00003904
2017,21,0,0.00,115.874722,35.867708,583.07,-0.00173000
2017,21,1,81.15,115.875388,35.868105,642.87,-0.00195852
2017,21,2,162.30,115.876154,35.868332,239.21,-0.00087665
2017,21,3,243.45,115.876945,35.868517,328.91,0.00065446
2017,21,4,324.59,115.877686,35.868786,313.96,0.00087517
2017,210,0,0.00,115.542704,35.740237,418.61,0.00181579
2017,210,1,98.47,115.541773,35.740507,388.71,0.00090790
2017,210,2,196.93,115.540684,35.740507,388.71,0.00000000
2017,210,3,295.40,115.539753,35.740776,388.71,0.00082364
2017,210,4,393.86,115.538664,35.740776,358.81,0.00082364
2017,210,5,492.33,115.537576,35.740776,358.81,-0.00005303
2017,210,6,590.79,115.536487,35.740776,358.81,-0.00082364
2017,210,7,689.26,115.535409,35.740795,358.81,-0.00071113
2017,210,8,787.72,115.534467,35.741046,358.81,0.00164728
2017,210,9,886.19,115.533379,35.741046,299.01,0.00158780
2017,210,10,984.66,115.532447,35.740776,299.01,-0.00024118
2017,210,11,1083.12,115.531359,35.740776,269.11,0.00000000
2017,210,12,1181.59,115.530383,35.740582,284.06,-0.00036179
2017,210,13,1280.05,115.529339,35.740507,269.11,-0.00082364
2017,210,14,1378.52,115.528250,35.740507,299.01,-0.00104431
2017,210,15,1476.98,115.527162,35.740507,328.91,0.00000000
2017,210,16,1575.45,115.526230,35.740776,358.81,0.00199817
2017,210,17,1673.91,115.525299,35.740507,358.81,0.00173154
2017,210,18,1772.38,115.524272,35.740400,358.81,0.00110035
2017,210,19,1870.85,115.523436,35.739968,299.01,-0.00000000
2017,210,20,1969.31,115.522500,35.739706,299.01,0.00000000
2017,210,21,2067.78,115.521573,35.739429,209.31,0.00094214
2017,210,22,2166.24,115.520727,35.739011,194.36,0.00081822
2017,210,23,2264.71,115.519867,35.738620,209.31,0.00004334
2017,210,24,2363.17,115.519092,35.738081,164.46,-0.00045081
2017,210,25,2461.64,115.518168,35.737799,179.41,0.00083005
2017,210,26,2560.10,115.517381,35.737282,134.55,0.00135207
2017,210,27,2658.57,115.516611,35.736734,134.55,0.00190551
2017,210,28,2757.04,115.515906,35.736076,209.31,0.00223932
2017,210,29,2855.50,115.515636,35.735267,269.11,0.00078262
2017,210,30,2953.97,115.515216,35.734502,373.76,0.00023924
2017,210,31,3052.43,115.514946,35.733693,418.61,0.00102167
2017,210,32,3150.90,115.514617,35.732901,433.57,0.00183512
2017,210,33,3249.36,115.514677,35.732152,448.52,0.00210234
2017,211,0,0.00,115.514677,35.732152,448.52,0.00000000
2017,211,1,97.30,115.514677,35.731275,343.86,0.00000000
2017,211,2,194.60,115.514677,35.730398,373.76,0.00067007
2017,211,3,291.90,115.514677,35.729521,373.76,0.00210391
2017,211,4,389.20,115.514946,35.728723,388.71,0.00143383
2017,211,5,486.50,115.515485,35.728002,388.71,-0.00072424
2017,211,6,583.80,115.515755,35.727204,418.61,0.00000000
2017,211,7,681.10,115.516024,35.726405,418.61,0.00143504
2017,211,8,778.40,115.516563,35.725684,463.47,0.00142161
2017,212,0,0.00,115.514677,35.732152,1345.55,-0.00198490
2017,212,1,94.28,115.515719,35.732152,1375.45,-0.00346402
2017,212,2,188.55,115.516589,35.731857,553.17,-0.00441211
2017,212,3,282.83,115.517247,35.731199,358.81,-0.00236635
2017,212,4,377.10,115.517641,35.730463,358.81,0.00007035
2017,212,5,471.38,115.518147,35.729760,388.71,-0.00016245
2017,212,6,565.65,115.518719,35.729077,388.71,-0.00144294
2017,212,7,659.93,115.518989,35.728305,388.71,-0.00086636
2017,212,8,754.20,115.519287,35.727542,388.71,-0.00024557
2017,212,9,848.48,115.519528,35.726762,418.61,-0.00032708
2017,213,0,0.00,115.516563,35.725684,403.66,0.00079926
2017,213,1,74.77,115.516833,35.725089,493.37,0.00340908
2017,213,2,149.54,115.517190,35.724519,583.07,0.00573605
2017,213,3,224.32,115.517911,35.724337,553.17,0.00545319
2017,214,0,0.00,115.516563,35.725684,837.23,-0.00019419
2017,214,1,78.71,115.517113,35.726234,822.28,-0.00293471
2017,214,2,157.41,115.517675,35.726762,1794.06,-0.00684370
2017,214,3,236.12,115.518545,35.726762,702.67,-0.00545596
2017,214,4,314.82,115.519258,35.726493,732.58,-0.00289976
2017,215,0,0.00,115.519528,35.726762,612.97,0.00000000
2017,215,1,19.29,115.519393,35.726628,672.77,0.00000000
2017,215,2,38.58,115.519258,35.726493,702.67,0.00000000
2017,216,0,0.00,115.519528,35.726762,612.97,-0.00372324
2017,216,1,91.70,115.520267,35.726292,463.47,-0.00304719
2017,216,2,183.40,115.520490,35.725530,478.42,-0.00118556
2017,216,3,275.10,115.520922,35.724829,418.61,-0.00063071
2017,216,4,366.80,115.521145,35.724067,418.61,-0.00126142
2017,217,0,0.00,115.519258,35.726493,478.42,-0.00119645
2017,217,1,94.21,115.519018,35.725714,598.02,-0.00177329
2017,217,2,188.41,115.518569,35.724995,702.67,-0.00172511
2017,217,3,282.62,115.517911,35.724337,792.38,-0.00110010
2017,219,0,0.00,115.517911,35.724337,463.47,-0.00101674
2017,219,1,91.30,115.518131,35.723578,418.61,-0.00036246
2017,219,2,182.60,115.518180,35.722769,418.61,0.00102734
2017,219,3,273.91,115.518450,35.722025,358.81,0.00257270
2017,219,4,365.21,115.518791,35.721301,493.37,0.00319179
2017,219,5,456.51,115.519528,35.720834,538.22,0.00300106
2017,220,0,0.00,115.519528,35.720834,373.76,0.00000000
2017,220,1,86.58,115.519715,35.720108,388.71,0.00203467
2017,220,2,173.16,115.519902,35.719381,373.76,0.00413431
2017,220,3,259.74,115.520606,35.718947,433.57,0.00419928
2017,221,0,0.00,115.519528,35.720834,762.48,0.00000000
2017,221,1,89.95,115.520156,35.721462,822.28,0.00000000
2017,221,2,179.89,115.520784,35.722090,822.28,0.00189608
2017,221,3,269.84,115.521412,35.722718,568.12,0.00379335
2017,221,4,359.79,115.521414,35.723528,418.61,0.00379454
2017,222,0,0.00,115.520606,35.718947,373.76,0.00138397
2017,222,1,95.78,115.520606,35.718084,343.86,0.00144181
2017,222,2,191.56,115.520875,35.717299,299.01,0.00073305
2017,222,3,287.35,115.521151,35.716516,284.06,0.00046179
2017,222,4,383.13,115.521414,35.715729,269.11,-0.00000000
2017,222,5,478.91,115.521862,35.714996,239.21,-0.00096757
2017,222,6,574.69,115.521953,35.714159,269.11,-0.00073305
2017,222,7,670.48,115.522223,35.713374,269.11,-0.00024405
2017,222,8,766.26,115.522223,35.712511,269.11,-0.00000000
2017,222,9,862.04,115.522492,35.711726,239.21,-0.00069198
2017,222,10,957.82,115.522492,35.710862,254.16,-0.00138397
2017,223,0,0.00,115.520606,35.718947,672.77,-0.00000000
2017,223,1,96.46,115.521279,35.719621,777.43,-0.00000000
2017,223,2,192.92,115.521953,35.720295,822.28,-0.00000000
2017,224,0,0.00,115.522492,35.710862,418.61,0.00366917
2017,224,1,85.53,115.521953,35.710248,284.06,0.00363119
2017,224,2,171.05,115.521953,35.709477,179.41,0.00179660
2017,224,3,256.58,115.521953,35.708706,149.51,0.00000000
2017,225,0,0.00,115.522492,35.710862,299.01,-0.00464418
2017,225,1,95.45,115.523258,35.710366,254.16,-0.00389945
2017,225,2,190.90,115.523301,35.709518,164.46,-0.00169218
2017,225,3,286.35,115.523570,35.708736,149.51,-0.00149944
2017,225,4,381.80,115.523570,35.707876,149.51,-0.00139400
2017,225,5,477.25,115.523304,35.707093,209.31,0.00067890
2017,225,6,572.69,115.523301,35.706234,179.41,-0.00015139
2017,225,7,668.14,115.523301,35.705373,209.31,-0.00152620
2017,225,8,763.59,115.522975,35.704608,224.26,-0.00105593
2017,225,9,859.04,115.522726,35.703820,224.26,0.00019871
2017,225,10,954.49,115.522268,35.703092,209.31,0.00034194
2017,225,11,1049.94,115.522223,35.702245,209.31,-0.00085203
2017,225,12,1145.39,115.521684,35.701542,299.01,-0.00009971
2017,225,13,1240.84,115.521414,35.700760,313.96,-0.00000000
2017,225,14,1336.29,115.521063,35.700001,448.52,-0.00082256
2017,225,15,1431.74,115.520606,35.699274,448.52,-0.00059285
2017,226,0,0.00,115.520606,35.699274,463.47,0.00096325
2017,226,1,96.93,115.519692,35.699004,403.66,0.00097207
2017,226,2,193.86,115.518855,35.698601,343.86,0.00121070
2017,226,3,290.79,115.518020,35.698196,328.91,0.00093977
2017,226,4,387.73,115.517303,35.697588,313.96,-0.00001398
2017,226,5,484.66,115.516506,35.697118,328.91,-0.00068695
2017,226,6,581.59,115.515748,35.696579,299.01,0.00054624
2017,226,7,678.52,115.514875,35.696239,313.96,0.00262469
2017,226,8,775.45,115.514407,35.695501,313.96,0.00324998
2017,227,0,0.00,115.520606,35.699274,747.53,-0.00141515
2017,227,1,97.46,115.520875,35.698474,732.58,-0.00162219
2017,227,2,194.92,115.520875,35.697596,493.37,-0.00269643
2017,227,3,292.37,115.520773,35.696747,373.76,-0.00326412
2017,227,4,389.83,115.520093,35.696066,328.91,-0.00148230
2017,227,5,487.29,115.519412,35.695385,343.86,-0.00107966
2017,227,6,584.75,115.518731,35.694705,328.91,-0.00167004
2017,227,7,682.20,115.517853,35.694365,343.86,-0.00000258
2017,227,8,779.66,115.517073,35.693855,328.91,-0.00121357
2017,227,9,877.12,115.516293,35.693345,388.71,-0.00346605
2017,227,10,974.58,115.515216,35.693345,657.82,-0.00332935
2017,228,0,0.00,115.514407,35.695501,926.93,-0.00090095
2017,228,1,88.42,115.514677,35.694782,732.58,0.00000000
2017,228,2,176.85,115.514807,35.694023,762.48,0.00135543
2017,228,3,265.27,115.515216,35.693345,343.86,0.00180991
2017,229,0,0.00,115.514407,35.695501,508.32,-0.00000000
2017,229,1,81.08,115.513668,35.695232,299.01,0.00180052
2017,229,2,162.16,115.512929,35.694962,239.21,0.00367892
2017,229,3,243.23,115.512521,35.694423,239.21,0.00375679
2017,231,0,0.00,115.515216,35.693345,269.11,0.00000000
2017,231,1,62.98,115.514677,35.693076,254.16,0.00000000
2017,231,2,125.96,115.514138,35.692806,239.21,0.00000000
2017,232,0,0.00,115.512521,35.694423,239.21,0.00000000
2017,232,1,87.98,115.511706,35.694154,239.21,-0.00068218
2017,232,2,175.95,115.510891,35.693884,239.21,0.00082048
2017,232,3,263.93,115.509984,35.693772,194.36,0.00219758
2017,232,4,351.90,115.509369,35.693158,209.31,0.00132310
2017,232,5,439.88,115.508557,35.692884,194.36,0.00238982
2017,232,6,527.86,115.508151,35.692209,254.16,0.00133864
2017,232,7,615.83,115.507670,35.691556,313.96,-0.00060263
2017,232,8,703.81,115.507131,35.690920,538.22,-0.00035926
2017,233,0,0.00,115.512521,35.694423,1240.89,0.00000000
2017,233,1,77.18,115.513060,35.693884,1001.69,0.00000000
2017,233,2,154.35,115.513599,35.693345,747.53,-0.00000000
2017,233,3,231.53,115.514138,35.692806,956.83,0.00000000
2017,234,0,0.00,115.514138,35.692806,448.52,0.00083482
2017,234,1,98.80,115.513360,35.692267,239.21,-0.00019075
2017,234,2,197.59,115.512659,35.691597,209.31,-0.00178338
2017,234,3,296.39,115.511770,35.691247,194.36,-0.00145256
2017,234,4,395.19,115.510870,35.690920,239.21,-0.00219767
2017,234,5,493.98,115.509935,35.690650,269.11,-0.00192034
2017,234,6,592.78,115.509000,35.690920,598.02,-0.00000000
2017,234,7,691.58,115.508066,35.690650,568.12,-0.00171937
2017,234,8,790.37,115.507131,35.690920,777.43,-0.00343875
2017,236,0,0.00,115.507131,35.690920,598.02,-0.00325814
2017,236,1,97.23,115.506661,35.690180,508.32,-0.00334700
2017,236,2,194.46,115.505783,35.689842,254.16,-0.00343587
2017,238,0,0.00,115.507131,35.690920,1076.44,0.00393128
2017,238,1,95.51,115.506389,35.691459,837.23,0.00468757
2017,238,2,191.01,115.505334,35.691459,254.16,0.00368978
2017,238,3,286.52,115.504436,35.691189,418.61,0.00193570
2017,239,0,0.00,115.505783,35.689842,792.38,-0.00226221
2017,239,1,76.56,115.505458,35.689246,672.77,-0.00492276
2017,239,2,153.11,115.504893,35.688764,523.27,-0.00500060
2017,239,3,229.67,115.504047,35.688764,598.02,0.00032647
2017,239,4,306.23,115.503358,35.688494,642.87,0.00307083
2017,24,0,0.00,115.870949,35.867708,478.42,0.00450210
2017,24,1,98.08,115.869866,35.867703,373.76,0.00398328
2017,24,2,196.16,115.869180,35.867018,328.91,0.00173223
2017,24,3,294.24,115.868395,35.866502,328.91,-0.00000000
2017,24,4,392.33,115.867710,35.865817,358.81,0.00000000
2017,24,5,490.41,115.866925,35.865301,358.81,0.00000000
2017,24,6,588.49,115.866239,35.864616,328.91,-0.00000000
2017,24,7,686.57,115.865454,35.864100,328.91,0.00000000
2017,24,8,784.65,115.864769,35.863415,358.81,-0.00000000
2017,24,9,882.73,115.863984,35.862899,358.81,-0.00000000
2017,24,10,980.81,115.863298,35.862214,328.91,0.00000000
2017,24,11,1078.89,115.862513,35.861698,328.91,0.00020265
2017,24,12,1176.98,115.861828,35.861013,343.86,-0.00000000
2017,24,13,1275.06,115.861081,35.860432,403.66,-0.00041122
2017,24,14,1373.14,115.860357,35.859812,388.71,0.00000000
2017,24,15,1471.22,115.859573,35.859296,418.61,0.00020857
2017,24,16,1569.30,115.858887,35.858611,418.61,-0.00055187
2017,24,17,1667.38,115.858102,35.858095,448.52,-0.00055187
2017,24,18,1765.46,115.857317,35.857580,448.52,0.00057597
2017,24,19,1863.54,115.856532,35.857065,448.52,0.00106424
2017,24,20,1961.63,115.855857,35.856376,358.81,0.00046218
2017,24,21,2059.71,115.855271,35.855803,388.71,-0.00106424
2017,24,22,2157.79,115.854585,35.855118,373.76,-0.00221851
2017,24,23,2255.87,115.853701,35.854772,373.76,-0.00236071
2017,240,0,0.00,115.505783,35.689842,1315.65,-0.00000000
2017,240,1,19.29,115.505649,35.689976,1794.06,-0.00000000
2017,240,2,38.59,115.505514,35.690111,867.13,-0.00000000
2017,241,0,0.00,115.504436,35.691189,867.13,-0.00000000
2017,241,1,19.29,115.504301,35.691324,882.08,-0.00000000
2017,241,2,38.59,115.504167,35.691459,867.13,-0.00000000
2017,242,0,0.00,115.504436,35.691189,418.61,-0.00000000
2017,242,1,77.18,115.503897,35.690650,403.66,-0.00000000
2017,242,2,154.36,115.503358,35.690111,687.72,-0.00000000
2017,243,0,0.00,115.503358,35.688494,672.77,0.00000000
2017,243,1,89.70,115.503358,35.689303,852.18,0.00000000
2017,243,2,179.41,115.503358,35.690111,508.32,0.00000000
2017,244,0,0.00,115.503358,35.688494,478.42,-0.00000000
2017,244,1,97.45,115.502578,35.687984,478.42,0.00028893
2017,244,2,194.90,115.501799,35.687474,493.37,-0.00000000
2017,244,3,292.34,115.501069,35.686877,463.47,-0.00058577
2017,244,4,389.79,115.500239,35.686454,418.61,-0.00033155
2017,244,5,487.24,115.499460,35.685943,418.61,0.00006527
2017,244,6,584.69,115.498624,35.685530,403.66,0.00052514
2017,244,7,682.14,115.497861,35.684991,418.61,-0.00012163
2017,244,8,779.58,115.497098,35.684452,418.61,-0.00093096
2017,244,9,877.03,115.496242,35.684073,418.61,0.00017751
2017,244,10,974.48,115.495416,35.683643,388.71,0.00042809
2017,244,11,1071.93,115.494653,35.683104,418.61,-0.00056167
2017,244,12,1169.38,115.493804,35.682713,508.32,-0.00086263
2017,244,13,1266.82,115.492970,35.682296,508.32,-0.00012808
2017,244,14,1364.27,115.492051,35.682026,538.22,0.00043454
2017,244,15,1461.72,115.491267,35.681523,538.22,-0.00033210
2017,244,16,1559.17,115.490368,35.681218,538.22,-0.00033744
2017,244,17,1656.62,115.489509,35.680844,538.22,0.00103739
2017,244,18,1754.06,115.488630,35.680504,553.17,0.00163492
2017,244,19,1851.51,115.487923,35.679870,538.22,-0.00026545
2017,244,20,1948.96,115.487170,35.679313,523.27,-0.00115067
2017,244,21,2046.41,115.486291,35.678973,493.37,0.00042559
2017,244,22,2143.86,115.485512,35.678463,508.32,-0.00035894
2017,244,23,2241.30,115.484732,35.677953,493.37,-0.00180776
2017,244,24,2338.75,115.483795,35.677714,478.42,-0.00167743
2017,244,25,2436.20,115.482875,35.677445,508.32,-0.00166057
2017,244,26,2533.65,115.481798,35.677445,657.82,-0.00168282
2017,246,0,0.00,115.503358,35.690111,1031.59,-0.00241663
2017,246,1,92.30,115.502614,35.690585,717.63,-0.00002247
2017,246,2,184.60,115.502178,35.691291,478.42,0.00517942
2017,246,3,276.90,115.501256,35.691459,583.07,0.00559698
2017,246,4,369.20,115.500394,35.691189,508.32,0.00320682
2017,247,0,0.00,115.481798,35.677445,732.58,-0.00312885
2017,247,1,95.57,115.481529,35.676662,538.22,-0.00286401
2017,247,2,191.13,115.480782,35.676159,493.37,-0.00215277
2017,247,3,286.70,115.480076,35.675558,448.52,-0.00107962
2017,247,4,382.26,115.479177,35.675289,448.52,0.00027844
2017,247,5,477.83,115.478435,35.674750,388.71,0.00095535
2017,247,6,573.40,115.477617,35.674342,448.52,0.00089466
2017,247,7,668.96,115.476950,35.673674,388.71,0.00029897
2017,247,8,764.53,115.476209,35.673133,433.57,0.00025951
2017,247,9,860.10,115.475516,35.672510,373.76,-0.00058351
2017,247,10,955.66,115.474849,35.671843,388.71,-0.00223517
2017,247,11,1051.23,115.473983,35.671516,403.66,-0.00249389
2017,248,0,0.00,115.481798,35.677445,1794.06,-0.00094377
2017,248,1,88.58,115.481180,35.678064,1510.00,-0.00097531
2017,248,2,177.17,115.480720,35.678728,672.77,0.00031351
2017,248,3,265.75,115.480307,35.679331,209.31,0.00156404
2017,248,4,354.34,115.479642,35.679870,,0.00149421
2017,249,0,0.00,115.500394,35.691189,1046.54,-0.00890461
2017,249,1,34.25,115.500363,35.690889,523.27,-0.00878870
2017,249,2,68.49,115.500124,35.690650,508.32,-0.00867278
2017,25,0,0.00,115.870949,35.867708,1330.60,-0.00280503
2017,25,1,98.36,115.871488,35.866978,1255.84,-0.00340357
2017,25,2,196.72,115.871488,35.866091,448.52,-0.00269362
2017,25,3,295.08,115.871218,35.865283,418.61,-0.00138512
2017,250,0,0.00,115.500394,35.691189,478.42,0.00606394
2017,250,1,75.18,115.499720,35.691459,553.17,0.00606394
2017,250,2,150.36,115.499046,35.691189,493.37,0.00303197
2017,250,3,225.54,115.498372,35.690920,463.47,-0.00000000
2017,250,4,300.71,115.497699,35.690650,463.47,-0.00000000
2017,251,0,0.00,115.473983,35.671516,1794.06,0.00000000
2017,251,1,96.48,115.473309,35.672190,1794.06,0.00000000
2017,251,2,192.96,115.472636,35.672864,553.17,0.00000000
2017,252,0,0.00,115.473983,35.671516,418.61,-0.00000000
2017,252,1,96.85,115.473227,35.670977,373.76,-0.00094100
2017,252,2,193.71,115.472471,35.670438,373.76,-0.00191455
2017,252,3,290.56,115.471558,35.670169,358.81,-0.00194709
2017,253,0,0.00,115.471558,35.670169,1360.50,0.00205039
2017,253,1,71.39,115.471268,35.670728,1524.95,0.00102520
2017,253,2,142.78,115.470769,35.671226,1016.64,-0.00102520
2017,253,3,214.17,115.470480,35.671786,687.72,-0.00205039
2017,254,0,0.00,115.471558,35.670169,388.71,-0.00225221
2017,254,1,95.50,115.470891,35.669502,358.81,-0.00174223
2017,254,2,191.01,115.470026,35.669176,358.81,-0.00000000
2017,254,3,286.51,115.469260,35.668679,358.81,0.00061613
2017,254,4,382.01,115.468494,35.668183,358.81,-0.00103768
2017,254,5,477.52,115.467728,35.667686,373.76,-0.00187965
2017,254,6,573.02,115.466796,35.667474,388.71,-0.00063177
2017,254,7,668.52,115.465898,35.667204,388.71,0.00042039
2017,255,0,0.00,115.470480,35.671786,433.57,0.00000000
2017,255,1,12.20,115.470345,35.671786,463.47,0.00000000
2017,255,2,24.40,115.470210,35.671786,463.47,0.00000000
2017,256,0,0.00,115.470480,35.671786,433.57,0.00000000
2017,256,1,19.30,115.470614,35.671920,358.81,0.00000000
2017,256,2,38.59,115.470749,35.672055,388.71,0.00000000
2017,257,0,0.00,115.465898,35.667204,328.91,-0.00150222
2017,257,1,99.83,115.465359,35.666461,388.71,-0.00223225
2017,257,2,199.65,115.464614,35.665920,358.81,-0.00158904
2017,257,3,299.48,115.463719,35.665563,328.91,-0.00010790
2017,257,4,399.31,115.462922,35.665037,373.76,-0.00000000
2017,257,5,499.13,115.462027,35.664680,343.86,0.00056146
2017,257,6,598.96,115.461231,35.664154,299.01,0.00036241
2017,257,7,698.79,115.460435,35.663627,313.96,-0.00056146
2017,257,8,798.61,115.459603,35.663162,299.01,0.00039434
2017,257,9,898.44,115.458743,35.662744,299.01,0.00109406
2017,257,10,998.27,115.458046,35.662047,224.26,-0.00019529
2017,257,11,1098.09,115.457250,35.661520,209.31,-0.00053260
2017,257,12,1197.92,115.456454,35.660994,179.41,-0.00056146
2017,257,13,1297.74,115.455658,35.660467,179.41,-0.00113924
2017,257,14,1397.57,115.454763,35.660111,179.41,-0.00054534
2017,257,15,1497.40,115.453867,35.659755,179.41,0.00057778
2017,257,16,1597.22,115.452978,35.659389,179.41,-0.00006489
2017,257,17,1697.05,115.452176,35.658872,209.31,-0.00198071
2017,257,18,1796.88,115.451182,35.658686,269.11,-0.00110187
2017,257,19,1896.70,115.450140,35.658580,328.91,-0.00003010
2017,257,20,1996.53,115.449195,35.658311,373.76,0.00054444
2017,257,21,2096.36,115.448099,35.658298,418.61,0.00257226
2017,257,22,2196.18,115.447303,35.657772,523.27,0.00345823
2017,258,0,0.00,115.465898,35.667204,1794.06,0.00396425
2017,258,1,50.79,115.465544,35.667559,1136.24,0.00417923
2017,258,2,101.59,115.465090,35.667743,583.07,0.00439422
2017,259,0,0.00,115.447303,35.657772,1360.50,-0.00240102
2017,259,1,86.80,115.447303,35.656989,1121.29,-0.00322785
2017,259,2,173.60,115.446926,35.656317,852.18,-0.00486799
2017,259,3,260.40,115.446320,35.655711,433.57,-0.00508331
2017,259,4,347.20,115.445417,35.655616,403.66,-0.00448531
2017,26,0,0.00,115.863133,35.904090,523.27,0.00294554
2017,26,1,83.84,115.862547,35.904676,433.57,0.00310260
2017,26,2,167.67,115.861762,35.904922,403.66,0.00162983
2017,26,3,251.51,115.860977,35.905168,418.61,-0.00000000
2017,260,0,0.00,115.447303,35.657772,418.61,0.00324527
2017,260,1,74.54,115.446637,35.658041,403.66,0.00454950
2017,260,2,149.07,115.445814,35.658041,388.71,0.00454950
2017,260,3,223.61,115.445147,35.657772,418.61,0.00324527
2017,261,0,0.00,115.445417,35.655616,568.12,-0.00198673
2017,261,1,82.63,115.445147,35.656282,508.32,-0.00192890
2017,261,2,165.27,115.445147,35.657027,1420.30,-0.00093553
2017,261,3,247.90,115.445147,35.657772,1554.85,0.00000000
2017,262,0,0.00,115.445417,35.655616,418.61,-0.00605972
2017,262,1,75.20,115.444743,35.655346,403.66,-0.00605972
2017,262,2,150.40,115.444069,35.655616,448.52,-0.00605972
2017,264,0,0.00,115.445147,35.657772,493.37,0.00329488
2017,264,1,94.21,115.444390,35.658259,403.66,0.00338199
2017,264,2,188.42,115.443380,35.658311,388.71,0.00189802
2017,264,3,282.63,115.442339,35.658311,358.81,0.00016346
2017,264,4,376.83,115.441299,35.658311,358.81,0.00000000
2017,264,5,471.04,115.440259,35.658311,358.81,0.00000000
2017,264,6,565.25,115.439218,35.658311,388.71,0.00090208
2017,264,7,659.46,115.438178,35.658311,388.71,0.00090208
2017,264,8,753.67,115.437294,35.658041,388.71,-0.00090208
2017,264,9,847.88,115.436254,35.658041,388.71,-0.00090208
2017,264,10,942.09,115.435213,35.658041,358.81,0.00090208
2017,264,11,1036.29,115.434173,35.658041,418.61,0.00189802
2017,264,12,1130.50,115.433289,35.657772,358.81,0.00199188
2017,265,0,0.00,115.444069,35.655616,209.31,0.00000000
2017,265,1,14.95,115.444069,35.655751,209.31,0.00000000
2017,265,2,29.90,115.444069,35.655885,209.31,0.00000000
2017,266,0,0.00,115.444069,35.655616,403.66,-0.00240607
2017,266,1,86.08,115.443275,35.655346,373.76,-0.00228973
2017,266,2,172.15,115.442325,35.655346,343.86,-0.00108670
2017,266,3,258.23,115.441374,35.655346,343.86,0.00000000
2017,267,0,0.00,115.433289,35.657772,418.61,0.00066024
2017,267,1,92.51,115.432268,35.657772,388.71,0.00093661
2017,267,2,185.01,115.431304,35.657673,343.86,0.00125293
2017,267,3,277.52,115.430381,35.657502,358.81,0.00103471
2017,267,4,370.03,115.429517,35.657233,328.91,0.00077654
2017,268,0,0.00,115.433289,35.657772,1614.66,0.00000000
2017,268,1,85.53,115.433289,35.657001,1794.06,0.00179768
2017,268,2,171.07,115.433289,35.656230,971.78,0.00363334
2017,268,3,256.60,115.433828,35.655616,702.67,0.00367132
2017,269,0,0.00,115.429517,35.657233,1420.30,0.00000000
2017,269,1,59.80,115.429517,35.656694,1704.36,0.00000000
2017,269,2,119.60,115.429517,35.656155,433.57,0.00000000
2017,27,0,0.00,115.863133,35.904090,1345.55,0.00000000
2017,27,1,79.62,115.862577,35.903533,1285.75,-0.00000000
2017,27,2,159.25,115.862020,35.902977,1181.09,-0.00163905
2017,27,3,238.87,115.861463,35.902420,194.36,-0.00344847
2017,27,4,318.50,115.860708,35.902203,239.21,-0.00361884
2017,270,0,0.00,115.429517,35.657233,358.81,0.00337860
2017,270,1,99.64,115.428573,35.657502,269.11,0.00249309
2017,270,2,199.27,115.427629,35.657233,299.01,0.00080380
2017,270,3,298.91,115.426529,35.657233,239.21,0.00000000
2017,270,4,398.54,115.425586,35.656963,179.41,0.00000000
2017,270,5,498.18,115.424485,35.656963,119.60,0.00088550
2017,270,6,597.82,115.423542,35.656694,119.60,0.00088550
2017,270,7,697.45,115.422598,35.656424,119.60,0.00000000
2017,270,8,797.09,115.421655,35.656155,179.41,0.00068374
2017,270,9,896.72,115.420711,35.655885,179.41,0.00154567
2017,270,10,996.36,115.419884,35.655416,239.21,0.00157763
2017,270,11,1096.00,115.419089,35.654890,254.16,0.00121264
2017,270,12,1195.63,115.418393,35.654195,269.11,0.00049694
2017,270,13,1295.27,115.417698,35.653499,358.81,0.00049120
2017,270,14,1394.90,115.417002,35.652803,418.61,0.00100752
2017,270,15,1494.54,115.416515,35.652047,508.32,-0.00049120
2017,270,16,1594.17,115.416028,35.651290,568.12,-0.00203922
2017,270,17,1693.81,115.415233,35.650765,717.63,-0.00206340
2017,271,0,0.00,115.415233,35.650765,687.72,-0.00009363
2017,271,1,90.92,115.415233,35.649945,732.58,-0.00129274
2017,271,2,181.85,115.415216,35.649131,687.72,-0.00312614
2017,271,3,272.77,115.414790,35.648435,777.43,-0.00247169
2017,271,4,363.70,115.414155,35.647801,807.33,-0.00118293
2017,272,0,0.00,115.415233,35.650765,1240.89,0.00000000
2017,272,1,82.30,115.414659,35.651340,1569.81,0.00073449
2017,272,2,164.60,115.414084,35.651914,1345.55,0.00322756
2017,272,3,246.90,115.413410,35.652318,1046.54,0.00410978
2017,272,4,329.20,115.412538,35.652382,807.33,0.00323343
2017,273,0,0.00,115.414155,35.647801,941.88,0.00114353
2017,273,1,94.83,115.414609,35.647078,1061.49,0.00111490
2017,273,2,189.65,115.415271,35.646416,971.78,0.00054314
2017,273,3,284.48,115.415933,35.645754,986.73,-0.00035316
2017,273,4,379.30,115.416595,35.645091,911.98,-0.00261602
2017,273,5,474.13,115.417120,35.644389,777.43,-0.00396354
2017,273,6,568.95,115.416947,35.643585,687.72,-0.00124073
2017,273,7,663.78,115.416850,35.642759,672.77,0.00000000
2017,273,8,758.60,115.416850,35.641904,553.17,-0.00158836
2017,273,9,853.43,115.416581,35.641128,702.67,-0.00276432
2017,273,10,948.26,115.416177,35.640390,747.53,-0.00305888
2017,273,11,1043.08,115.415416,35.639899,1001.69,-0.00326117
2017,273,12,1137.91,115.414632,35.639446,1091.39,-0.00338832
2017,273,13,1232.73,115.413585,35.639446,1689.41,-0.00155012
2017,273,14,1327.56,115.412538,35.639446,1794.06,0.00000000
2017,274,0,0.00,115.414155,35.647801,941.88,0.00113583
2017,274,1,95.13,115.413700,35.648525,1031.59,0.00110745
2017,274,2,190.27,115.413036,35.649190,1240.89,0.00053953
2017,274,3,285.40,115.412371,35.649854,1300.70,-0.00110745
2017,274,4,380.54,115.411707,35.650518,1016.64,-0.00227923
2017,274,5,475.67,115.411460,35.651304,672.77,-0.00234356
2017,275,0,0.00,115.414155,35.647801,837.23,-0.00246880
2017,275,1,82.30,115.413560,35.647262,897.03,-0.00257223
2017,275,2,164.60,115.412808,35.646992,1076.44,-0.00267567
2017,276,0,0.00,115.412538,35.639446,627.92,0.00000000
2017,276,1,19.30,115.412404,35.639311,627.92,0.00000000
2017,276,2,38.60,115.412269,35.639177,627.92,0.00000000
2017,277,0,0.00,115.412538,35.639446,777.43,0.00000000
2017,277,1,84.40,115.412538,35.640207,792.38,0.00000000
2017,277,2,168.80,115.412538,35.640968,523.27,-0.00089621
2017,277,3,253.21,115.412538,35.641728,523.27,-0.00184765
2017,277,4,337.61,115.412808,35.642411,702.67,-0.00190286
2017,278,0,0.00,115.412269,35.639177,687.72,-0.00431365
2017,278,1,90.82,115.411579,35.638638,1330.60,-0.00420485
2017,278,2,181.65,115.410577,35.638638,1794.06,-0.00204802
2017,278,3,272.47,115.409574,35.638638,1106.34,0.00000000
2017,279,0,0.00,115.412269,35.639177,956.83,-0.00260366
2017,279,1,87.59,115.412880,35.638565,882.08,-0.00414231
2017,279,2,175.18,115.413077,35.637833,687.72,-0.00343742
2017,279,3,262.77,115.412808,35.637122,702.67,-0.00006879
2017,279,4,350.36,115.412808,35.636333,642.87,-0.00008127
2017,279,5,437.95,115.412707,35.635572,627.92,-0.00263180
2017,279,6,525.54,115.412513,35.634839,687.72,-0.00364252
2017,279,7,613.13,115.411845,35.634326,822.28,-0.00152030
2017,279,8,700.71,115.411191,35.633787,762.48,0.00019966
2017,28,0,0.00,115.853701,35.854772,358.81,-0.00471729
2017,28,1,65.68,115.853451,35.854253,313.96,-0.00480512
2017,28,2,131.36,115.852892,35.853964,388.71,-0.00489295
2017,280,0,0.00,115.412808,35.646992,1001.69,-0.00000000
2017,280,1,77.19,115.412269,35.647531,1181.09,-0.00000000
2017,280,2,154.39,115.411730,35.648070,1181.09,-0.00000000
2017,280,3,231.58,115.411191,35.648609,867.13,0.00000000
2017,281,0,0.00,115.412808,35.646992,822.28,-0.00000000
2017,281,1,68.50,115.412538,35.646453,777.43,-0.00000000
2017,281,2,137.00,115.412269,35.645914,777.43,-0.00000000
2017,282,0,0.00,115.412808,35.642411,1794.06,0.00000000
2017,282,1,97.63,115.413886,35.642411,1794.06,0.00000000
2017,282,2,195.26,115.414964,35.642411,1539.90,0.00000000
2017,282,3,292.89,115.416042,35.642411,747.53,0.00000000
2017,283,0,0.00,115.412808,35.642411,598.02,-0.00205851
2017,283,1,81.22,115.412538,35.643064,583.07,-0.00199843
2017,283,2,162.44,115.412538,35.643796,717.63,-0.00096918
2017,283,3,243.66,115.412538,35.644528,807.33,0.00096918
2017,283,4,324.89,115.412538,35.645260,837.23,0.00199843
2017,283,5,406.11,115.412269,35.645914,777.43,0.00205851
2017,284,0,0.00,115.409574,35.638638,687.72,0.00157323
2017,284,1,92.60,115.409304,35.637881,672.77,0.00152860
2017,284,2,185.20,115.409304,35.637047,672.77,0.00074199
2017,284,3,277.81,115.409304,35.636212,299.01,0.00000000
2017,285,0,0.00,115.409574,35.638638,956.83,-0.00000000
2017,285,1,90.72,115.408940,35.639271,1046.54,-0.00163674
2017,285,2,181.44,115.408307,35.639905,822.28,-0.00354815
2017,285,3,272.17,115.408226,35.640699,523.27,-0.00213631
2017,285,4,362.89,115.408226,35.641516,538.22,-0.00128659
2017,285,5,453.61,115.408226,35.642334,523.27,-0.00359248
2017,285,6,544.33,115.408592,35.643045,717.63,-0.00331317
2017,285,7,635.05,115.409324,35.643508,926.93,0.00041361
2017,285,8,725.78,115.409958,35.644142,747.53,0.00182228
2017,285,9,816.50,115.410382,35.644836,553.17,0.00125260
2017,286,0,0.00,115.411191,35.633787,553.17,-0.00060627
2017,286,1,99.97,115.411119,35.632907,478.42,-0.00012989
2017,286,2,199.93,115.410921,35.632063,418.61,0.00010585
2017,286,3,299.90,115.410921,35.631162,478.42,-0.00076254
2017,286,4,399.86,115.410696,35.630327,508.32,-0.00136599
2017,286,5,499.83,115.410415,35.629508,508.32,-0.00067085
2017,286,6,599.79,115.409926,35.628749,508.32,0.00105724
2017,286,7,699.76,115.409646,35.627930,508.32,0.00108423
2017,286,8,799.72,115.409574,35.627049,478.42,0.00020290
2017,286,9,899.69,115.409304,35.626227,478.42,0.00045321
2017,286,10,999.66,115.409304,35.625326,478.42,-0.00067222
2017,286,11,1099.62,115.409150,35.624470,478.42,-0.00056149
2017,286,12,1199.59,115.408765,35.623681,493.37,0.00067222
2017,286,13,1299.55,115.408765,35.622780,478.42,0.00016211
2017,286,14,1399.52,115.408496,35.621957,448.52,-0.00067222
2017,286,15,1499.48,115.408446,35.621071,523.27,-0.00166647
2017,286,16,1599.45,115.407957,35.620312,508.32,-0.00223268
2017,287,0,0.00,115.411191,35.633787,717.63,0.00572435
2017,287,1,75.22,115.410666,35.634312,1644.56,0.00575362
2017,287,2,150.43,115.409843,35.634326,1794.06,0.00578290
2017,288,0,0.00,115.412269,35.645914,1001.69,0.00189512
2017,288,1,75.87,115.411640,35.645555,882.08,0.00000000
2017,288,2,151.74,115.411110,35.645025,1136.24,-0.00294387
2017,288,3,227.61,115.410382,35.644836,1330.60,-0.00399262
2017,289,0,0.00,115.409304,35.636212,867.13,0.00125270
2017,289,1,92.40,115.408560,35.635738,747.53,0.00238159
2017,289,2,184.81,115.407915,35.635092,672.77,0.00299754
2017,289,3,277.21,115.407687,35.634326,508.32,0.00248460
2017,29,0,0.00,115.853701,35.854772,1794.06,-0.00000000
2017,29,1,77.12,115.853162,35.855311,1465.15,-0.00000000
2017,29,2,154.23,115.852623,35.855850,911.98,-0.00000000
2017,290,0,0.00,115.409304,35.636212,777.43,-0.00238573
2017,290,1,75.57,115.409574,35.635610,687.72,-0.00119286
2017,290,2,151.14,115.409574,35.634928,657.82,0.00119286
2017,290,3,226.70,115.409843,35.634326,642.87,0.00238573
2017,292,0,0.00,115.410382,35.644836,1151.19,0.01068564
2017,292,1,31.50,115.410162,35.645056,1300.70,0.01108218
2017,292,2,63.00,115.409843,35.645106,612.97,0.01147872
2017,293,0,0.00,115.407957,35.620312,523.27,-0.00008915
2017,293,1,90.86,115.407957,35.619493,523.27,-0.00129101
2017,293,2,181.73,115.407941,35.618679,523.27,-0.00186448
2017,293,3,272.59,115.407515,35.617984,523.27,0.00002474
2017,293,4,363.45,115.407298,35.617228,568.12,0.00068657
2017,293,5,454.32,115.407081,35.616472,523.27,-0.00116421
2017,293,6,545.18,115.406879,35.615712,583.07,-0.00264015
2017,293,7,636.04,115.406340,35.615192,657.82,-0.00286432
2017,294,0,0.00,115.407957,35.620312,867.13,0.00000000
2017,294,1,77.20,115.407418,35.620851,837.23,0.00000000
2017,294,2,154.41,115.406879,35.621390,717.63,0.00000000
2017,294,3,231.61,115.406340,35.621929,747.53,0.00000000
2017,296,0,0.00,115.409843,35.634326,1091.39,-0.00324350
2017,296,1,74.55,115.409177,35.634056,1569.81,-0.00454712
2017,296,2,149.11,115.408354,35.634056,941.88,-0.00454712
2017,296,3,223.66,115.407687,35.634326,971.78,-0.00324350
2017,297,0,0.00,115.407687,35.634326,538.22,0.00217323
2017,297,1,79.10,115.407418,35.633691,478.42,0.00210964
2017,297,2,158.20,115.407418,35.632978,508.32,0.00204606
2017,299,0,0.00,115.406340,35.615192,553.17,-0.00134597
2017,299,1,97.17,115.406340,35.614316,508.32,-0.00067299
2017,299,2,194.34,115.406070,35.613519,553.17,-0.00000000
2017,299,3,291.50,115.406070,35.612643,478.42,-0.00000000
2017,299,4,388.67,115.405801,35.611845,508.32,0.00067299
2017,299,5,485.84,115.405801,35.610970,508.32,0.00000000
2017,299,6,583.01,115.405801,35.610094,448.52,-0.00138578
2017,299,7,680.18,115.405531,35.609297,493.37,-0.00071280
2017,299,8,777.35,115.405262,35.608499,493.37,0.00013985
2017,299,9,874.51,115.404992,35.607702,463.47,0.00071280
2017,299,10,971.68,115.404775,35.606889,448.52,0.00099167
2017,299,11,1068.85,115.404723,35.606029,448.52,0.00083745
2017,3,0,0.00,115.886579,35.882800,299.01,0.00331579
2017,3,1,64.13,115.886849,35.883300,299.01,0.00322277
2017,3,2,128.26,115.886849,35.883878,328.91,0.00312975
2017,30,0,0.00,115.860977,35.905168,523.27,-0.00120314
2017,30,1,97.06,115.860708,35.905965,433.57,-0.00131220
2017,30,2,194.12,115.860665,35.906827,269.11,-0.00089212
2017,30,3,291.18,115.860681,35.907566,209.31,-0.00013620
2017,30,4,388.24,115.860708,35.908433,179.41,-0.00127261
2017,30,5,485.30,115.860708,35.909308,179.41,-0.00147281
2017,30,6,582.36,115.861247,35.910027,239.21,0.00000000
2017,30,7,679.42,115.861304,35.910885,269.11,-0.00041600
2017,30,8,776.48,115.861786,35.911620,254.16,0.00008026
2017,30,9,873.54,115.862055,35.912417,284.06,-0.00034523
2017,30,10,970.60,115.862295,35.913223,358.81,-0.00221522
2017,30,11,1067.66,115.862864,35.913792,328.91,-0.00243766
2017,300,0,0.00,115.406340,35.615192,807.33,-0.00000000
2017,300,1,77.21,115.405801,35.615731,807.33,-0.00000000
2017,300,2,154.41,115.405262,35.616270,807.33,0.00000000
2017,300,3,231.62,115.404723,35.616809,837.23,0.00000000
2017,301,0,0.00,115.404723,35.606029,568.12,0.00222714
2017,301,1,96.04,115.403954,35.605529,418.61,0.00315189
2017,301,2,192.09,115.403492,35.604798,343.86,0.00256465
2017,301,3,288.13,115.403376,35.603966,284.06,0.00083773
2017,301,4,384.17,115.403106,35.603179,254.16,0.00100059
2017,301,5,480.21,115.403106,35.602313,269.11,0.00068919
2017,301,6,576.26,115.403106,35.601447,269.11,0.00000000
2017,302,0,0.00,115.404723,35.606029,717.63,-0.00102111
2017,302,1,97.78,115.405406,35.605346,568.12,-0.00179809
2017,302,2,195.55,115.405879,35.604603,508.32,-0.00183058
2017,302,3,293.33,115.406070,35.603777,284.06,-0.00187543
2017,302,4,391.10,115.406340,35.602975,254.16,-0.00324778
2017,302,5,488.88,115.406005,35.602191,254.16,-0.00228302
2017,302,6,586.66,115.405531,35.601447,254.16,-0.00073528
2017,303,0,0.00,115.403106,35.601447,1554.85,-0.00250526
2017,303,1,80.35,115.403993,35.601447,1794.06,-0.00264099
2017,303,2,160.71,115.404723,35.601178,837.23,-0.00277672
2017,304,0,0.00,115.403106,35.601447,269.11,0.00930966
2017,304,1,53.56,115.402837,35.601043,239.21,0.00930966
2017,304,2,107.11,115.403106,35.600639,313.96,0.00930966
2017,305,0,0.00,115.405531,35.601447,553.17,-0.00000000
2017,305,1,43.72,115.405127,35.601313,538.22,-0.00000000
2017,305,2,87.45,115.404723,35.601178,568.12,-0.00000000
2017,306,0,0.00,115.405531,35.601447,299.01,-0.00189002
2017,306,1,84.71,115.405801,35.600762,328.91,-0.00272533
2017,306,2,169.41,115.405801,35.599999,299.01,-0.00272533
2017,306,3,254.12,115.405531,35.599314,299.01,-0.00094501
2017,306,4,338.83,115.405262,35.598629,284.06,-0.00000000
2017,306,5,423.53,115.404992,35.597944,478.42,-0.00000000
2017,308,0,0.00,115.404723,35.601178,343.86,-0.00498460
2017,308,1,95.30,115.404158,35.600639,583.07,-0.00452527
2017,308,2,190.61,115.403106,35.600639,1465.15,-0.00406594
2017,31,0,0.00,115.860977,35.905168,1091.39,-0.00000000
2017,31,1,87.06,115.860369,35.904559,1016.64,0.00064459
2017,31,2,174.13,115.859760,35.903950,941.88,0.00132465
2017,31,3,261.19,115.859360,35.903281,687.72,0.00136012
2017,310,0,0.00,115.403106,35.600639,299.01,0.00000000
2017,310,1,98.41,115.402837,35.599830,299.01,0.00000000
2017,310,2,196.82,115.402567,35.599022,478.42,0.00000000
2017,311,0,0.00,115.404992,35.597944,493.37,0.00000000
2017,311,1,91.88,115.404992,35.597116,299.01,-0.00012329
2017,311,2,183.76,115.404992,35.596288,313.96,-0.00075435
2017,311,3,275.64,115.404947,35.595473,313.96,-0.00115711
2017,311,4,367.52,115.404723,35.594710,284.06,-0.00105210
2017,312,0,0.00,115.404992,35.597944,1106.34,-0.00314753
2017,312,1,92.18,115.403975,35.597944,568.12,-0.00408455
2017,312,2,184.35,115.403210,35.598379,583.07,-0.00323180
2017,312,3,276.53,115.402567,35.599022,478.42,-0.00144204
2017,313,0,0.00,115.402567,35.599022,1794.06,-0.01147273
2017,313,1,31.51,115.402248,35.599071,807.33,-0.01107686
2017,313,2,63.03,115.402028,35.599291,388.71,-0.01068099
2017,315,0,0.00,115.402567,35.599022,478.42,-0.00000000
2017,315,1,95.51,115.402298,35.598240,463.47,-0.00041361
2017,315,2,191.01,115.402028,35.597457,328.91,0.00000000
2017,315,3,286.52,115.401611,35.596718,284.06,0.00154160
2017,315,4,382.03,115.401489,35.595893,299.01,0.00143586
2017,315,5,477.53,115.401489,35.595032,269.11,-0.00038930
2017,315,6,573.04,115.401489,35.594171,284.06,-0.00069717
2017,315,7,668.55,115.401220,35.593389,343.86,0.00139434
2017,315,8,764.05,115.401220,35.592528,343.86,0.00213303
2017,315,9,859.56,115.401489,35.591746,538.22,0.00147739
2017,316,0,0.00,115.404723,35.594710,284.06,-0.00209967
2017,316,1,80.47,115.404992,35.594063,284.06,-0.00262723
2017,316,2,160.94,115.404992,35.593338,313.96,-0.00293720
2017,316,3,241.41,115.404829,35.592660,343.86,-0.00290830
2017,316,4,321.87,115.404476,35.592038,568.12,-0.00230693
2017,316,5,402.34,115.403915,35.591476,612.97,-0.00151688
2017,317,0,0.00,115.404723,35.594710,358.81,-0.01068053
2017,317,1,31.51,115.404503,35.594490,448.52,-0.01107633
2017,317,2,63.03,115.404184,35.594441,657.82,-0.01147213
2017,318,0,0.00,115.401489,35.591746,792.38,0.00295366
2017,318,1,78.00,115.402193,35.591476,1225.94,0.00280895
2017,318,2,156.00,115.403054,35.591476,463.47,0.00133212
2017,318,3,233.99,115.403915,35.591476,388.71,0.00000000
2017,319,0,0.00,115.401489,35.591746,523.27,0.00221174
2017,319,1,99.17,115.401006,35.590993,508.32,0.00230652
2017,319,2,198.33,115.400950,35.590115,313.96,0.00132967
2017,319,3,297.50,115.400950,35.589221,239.21,0.00012902
2017,319,4,396.66,115.400950,35.588327,269.11,-0.00000000
2017,319,5,495.83,115.400950,35.587434,299.01,0.00000000
2017,32,0,0.00,115.852892,35.853964,1794.06,-0.00115139
2017,32,1,92.07,115.852249,35.854607,1091.39,-0.00118213
2017,32,2,184.13,115.851815,35.855311,822.28,-0.00121288
2017,321,0,0.00,115.403915,35.591476,702.67,-0.00525715
2017,321,1,78.48,115.404454,35.590926,523.27,-0.00533928
2017,321,2,156.95,115.404314,35.590259,493.37,-0.00267544
2017,321,3,235.43,115.404184,35.589590,299.01,0.00007054
2017,322,0,0.00,115.400950,35.587434,1794.06,0.00000000
2017,322,1,73.27,115.401759,35.587434,1584.76,0.00000000
2017,322,2,146.55,115.402567,35.587434,642.87,0.00000000
2017,323,0,0.00,115.400950,35.587434,269.11,0.00270137
2017,323,1,98.41,115.400681,35.586625,269.11,0.00270137
2017,323,2,196.82,115.400950,35.585817,373.76,0.00270137
2017,324,0,0.00,115.404184,35.589590,388.71,0.00433784
2017,324,1,68.51,115.403706,35.589111,269.11,0.00608338
2017,324,2,137.02,115.403645,35.588512,284.06,0.00565974
2017,324,3,205.53,115.403915,35.587973,358.81,0.00349056
2017,325,0,0.00,115.404184,35.589590,388.71,-0.00523483
2017,325,1,79.55,115.404723,35.589030,284.06,-0.00769743
2017,325,2,159.11,115.404569,35.588358,299.01,-0.00752049
2017,325,3,238.66,115.403915,35.587973,403.66,-0.00488096
2017,326,0,0.00,115.400950,35.585817,1794.06,0.00352309
2017,326,1,68.15,115.401702,35.585817,1016.64,0.00371160
2017,326,2,136.31,115.402298,35.586086,598.02,0.00390011
2017,327,0,0.00,115.400950,35.585817,343.86,0.00217454
2017,327,1,79.11,115.400681,35.585182,358.81,0.00211086
2017,327,2,158.21,115.400681,35.584469,373.76,0.00204718
2017,328,0,0.00,115.403645,35.587703,328.91,0.00000000
2017,328,1,19.30,115.403780,35.587838,328.91,0.00000000
2017,328,2,38.61,115.403915,35.587973,328.91,0.00000000
2017,33,0,0.00,115.852892,35.853964,328.91,-0.00016346
2017,33,1,99.65,115.852104,35.853425,299.01,-0.00012284
2017,33,2,199.29,115.851301,35.852911,254.16,-0.00072733
2017,33,3,298.94,115.850505,35.852385,209.31,-0.00052180
2017,33,4,398.59,115.849582,35.852077,164.46,0.00032748
2017,33,5,498.23,115.848814,35.851503,209.31,-0.00037317
2017,33,6,597.88,115.847919,35.851146,179.41,0.00008112
2017,33,7,697.53,115.847059,35.850730,164.46,0.00073944
2017,33,8,797.17,115.846271,35.850191,179.41,-0.00107330
2017,33,9,896.82,115.845432,35.849738,209.31,-0.00214840
2017,33,10,996.47,115.844438,35.849552,224.26,-0.00067862
2017,33,11,1096.11,115.843433,35.849382,239.21,-0.00027440
2017,33,12,1195.76,115.842488,35.849113,269.11,-0.00135254
2017,33,13,1295.41,115.841385,35.849113,328.91,-0.00080374
2017,33,14,1395.05,115.840282,35.849113,358.81,0.00000000
2017,33,15,1494.70,115.839178,35.849113,418.61,-0.00080374
2017,33,16,1594.35,115.838075,35.849113,478.42,-0.00168939
2017,33,17,1693.99,115.837130,35.849382,538.22,-0.00088565
2017,33,18,1793.64,115.836184,35.849652,523.27,-0.00001074
2017,33,19,1893.29,115.835238,35.849921,538.22,-0.00088777
2017,33,20,1992.93,115.834294,35.850194,538.22,-0.00058079
2017,33,21,2092.58,115.833498,35.850720,508.32,0.00174332
2017,33,22,2192.23,115.832504,35.850906,463.47,0.00117885
2017,33,23,2291.87,115.831455,35.850999,448.52,-0.00085555
2017,33,24,2391.52,115.830509,35.851269,433.57,-0.00063031
2017,33,25,2491.17,115.829564,35.851538,418.61,-0.00092018
2017,33,26,2590.81,115.828625,35.851821,433.57,-0.00169080
2017,33,27,2690.46,115.827830,35.852347,478.42,-0.00162723
2017,330,0,0.00,115.403645,35.587703,328.91,0.00000000
2017,330,1,19.30,115.403510,35.587568,328.91,0.00000000
2017,330,2,38.61,115.403376,35.587434,328.91,0.00000000
2017,331,0,0.00,115.403645,35.587703,343.86,-0.00152479
2017,331,1,94.06,115.403915,35.586934,284.06,-0.00148170
2017,331,2,188.11,115.403915,35.586086,328.91,-0.00143862
2017,332,0,0.00,115.400681,35.584469,418.61,0.00361421
2017,332,1,97.99,115.400142,35.583885,373.76,0.00329436
2017,332,2,195.97,115.400142,35.583002,343.86,0.00148726
2017,332,3,293.96,115.400142,35.582118,328.91,0.00000000
2017,332,4,391.94,115.400142,35.581235,358.81,0.00000000
2017,333,0,0.00,115.400681,35.584469,478.42,0.00000000
2017,333,1,57.91,115.401085,35.584065,463.47,0.00000000
2017,333,2,115.83,115.401489,35.583661,523.27,0.00000000
2017,334,0,0.00,115.403915,35.586086,403.66,0.00000000
2017,334,1,24.42,115.403645,35.586086,448.52,0.00000000
2017,334,2,48.85,115.403376,35.586086,373.76,0.00000000
2017,335,0,0.00,115.403915,35.586086,373.76,-0.00409047
2017,335,1,80.34,115.404184,35.585441,358.81,-0.00506453
2017,335,2,160.68,115.403915,35.584795,373.76,-0.00410858
2017,335,3,241.02,115.403397,35.584222,373.76,-0.00124357
2017,335,4,321.36,115.402837,35.583661,418.61,-0.00030856
2017,336,0,0.00,115.400142,35.581235,1794.06,0.00000000
2017,336,1,85.49,115.401085,35.581235,1794.06,0.00000000
2017,336,2,170.98,115.402028,35.581235,732.58,0.00000000
2017,337,0,0.00,115.400142,35.581235,313.96,0.00149632
2017,337,1,94.93,115.399872,35.580458,328.91,0.00078110
2017,337,2,189.86,115.399872,35.579603,328.91,0.00000000
2017,337,3,284.78,115.399615,35.578822,328.91,0.00134902
2017,337,4,379.71,115.399603,35.577970,358.81,0.00216016
2017,337,5,474.64,115.399872,35.577193,433.57,0.00155641
2017,338,0,0.00,115.401489,35.583661,523.27,0.00204068
2017,338,1,70.13,115.401979,35.583171,852.18,0.00213891
2017,338,2,140.25,115.402567,35.582852,777.43,0.00223714
2017,339,0,0.00,115.401489,35.583661,568.12,-0.00605126
2017,339,1,75.25,115.402163,35.583930,523.27,-0.00605126
2017,339,2,150.50,115.402837,35.583661,687.72,-0.00605126
2017,34,0,0.00,115.862864,35.913792,403.66,-0.00376534
2017,34,1,82.75,115.862864,35.914537,403.66,-0.00386154
2017,34,2,165.50,115.863394,35.915130,448.52,-0.00152887
2017,34,3,248.26,115.863942,35.915717,433.57,-0.00037492
2017,34,4,331.01,115.864342,35.916348,433.57,-0.00222757
2017,34,5,413.76,115.865020,35.916756,463.47,-0.00280530
2017,340,0,0.00,115.402837,35.583661,523.27,-0.00000000
2017,340,1,19.30,115.402971,35.583526,523.27,-0.00000000
2017,340,2,38.61,115.403106,35.583391,463.47,-0.00000000
2017,342,0,0.00,115.403106,35.583391,418.61,0.00000000
2017,342,1,38.61,115.402837,35.583122,418.61,0.00000000
2017,342,2,77.22,115.402567,35.582852,523.27,0.00000000
2017,343,0,0.00,115.403106,35.583391,463.47,0.01067938
2017,343,1,31.52,115.403326,35.583171,598.02,0.01107502
2017,343,2,63.04,115.403645,35.583122,388.71,0.01147066
2017,344,0,0.00,115.399872,35.577193,1794.06,0.00000000
2017,344,1,81.43,115.400770,35.577193,1674.46,0.00000000
2017,344,2,162.85,115.401669,35.577193,463.47,0.00000000
2017,344,3,244.28,115.402567,35.577193,209.31,0.00000000
2017,345,0,0.00,115.399872,35.577193,448.52,0.00356057
2017,345,1,86.99,115.399333,35.576566,418.61,0.00277374
2017,345,2,173.99,115.399333,35.575782,388.71,0.00089509
2017,345,3,260.98,115.399094,35.575067,433.57,0.00021802
2017,345,4,347.97,115.399064,35.574292,448.52,-0.00089509
2017,345,5,434.97,115.398923,35.573549,478.42,-0.00207949
2017,345,6,521.96,115.398525,35.572881,478.42,-0.00173604
2017,347,0,0.00,115.402567,35.582852,433.57,-0.00356036
2017,347,1,86.99,115.403106,35.582225,343.86,-0.00361008
2017,347,2,173.99,115.403106,35.581441,328.91,-0.00173838
2017,347,3,260.98,115.403076,35.580666,328.91,0.00019201
2017,347,4,347.97,115.403106,35.580030,328.91,-0.00084334
2017,347,5,434.96,115.403106,35.579246,328.91,-0.00183887
2017,347,6,521.96,115.402837,35.578540,343.86,-0.00179007
2017,348,0,0.00,115.402567,35.577193,448.52,0.00867600
2017,348,1,34.26,115.402806,35.577432,388.71,0.00879243
2017,348,2,68.51,115.402837,35.577732,373.76,0.00890886
2017,349,0,0.00,115.402567,35.577193,523.27,-0.00067399
2017,349,1,98.41,115.402628,35.576445,418.61,-0.00062696
2017,349,2,196.82,115.402567,35.575576,373.76,-0.00057994
2017,35,0,0.00,115.862864,35.913792,822.28,-0.00000000
2017,35,1,67.61,115.863337,35.913319,702.67,0.00230237
2017,35,2,135.23,115.863809,35.912846,1644.56,0.00480543
2017,35,3,202.84,115.864481,35.912714,807.33,0.00500613
2017,350,0,0.00,115.398525,35.572881,1345.55,0.00347401
2017,350,1,55.95,115.397936,35.572832,956.83,0.00357779
2017,350,2,111.90,115.397447,35.572612,687.72,0.00368157
2017,351,0,0.00,115.398525,35.572881,463.47,-0.00155454
2017,351,1,93.19,115.398794,35.572120,463.47,-0.00151047
2017,351,2,186.37,115.398794,35.571280,373.76,-0.00139804
2017,351,3,279.56,115.398794,35.570440,328.91,-0.00073320
2017,351,4,372.75,115.398549,35.569671,313.96,0.00053685
2017,351,5,465.93,115.398525,35.568839,299.01,0.00121042
2017,352,0,0.00,115.398525,35.568839,1345.55,0.00000000
2017,352,1,61.08,115.397851,35.568839,1554.85,0.00000000
2017,352,2,122.15,115.397177,35.568839,822.28,0.00000000
2017,353,0,0.00,115.398525,35.568839,299.01,-0.00163675
2017,353,1,92.84,115.398525,35.568159,239.21,-0.00073886
2017,353,2,185.68,115.398255,35.567401,194.36,0.00007952
2017,353,3,278.51,115.398255,35.566564,134.55,-0.00082504
2017,353,4,371.35,115.397986,35.565806,149.51,-0.00193979
2017,353,5,464.19,115.397702,35.565052,179.41,-0.00291927
2017,353,6,557.03,115.397054,35.564404,269.11,-0.00220586
2017,353,7,649.87,115.396271,35.563988,328.91,0.00005078
2017,353,8,742.71,115.395560,35.563449,523.27,0.00090424
2017,354,0,0.00,115.397177,35.568839,523.27,-0.00000000
2017,354,1,19.31,115.397042,35.568973,448.52,-0.00000000
2017,354,2,38.61,115.396908,35.569108,478.42,-0.00000000
2017,355,0,0.00,115.397177,35.568839,343.86,0.00867625
2017,355,1,34.26,115.396938,35.568599,254.16,0.00879272
2017,355,2,68.51,115.396908,35.568300,224.26,0.00890919
2017,356,0,0.00,115.395560,35.563449,1106.34,0.00060972
2017,356,1,85.54,115.395381,35.562730,777.43,-0.00000000
2017,356,2,171.09,115.395291,35.561985,254.16,-0.00092666
2017,356,3,256.63,115.395021,35.561293,568.12,-0.00124359
2017,357,0,0.00,115.395560,35.563449,583.07,0.00304644
2017,357,1,76.84,115.394869,35.563718,508.32,0.00289715
2017,357,2,153.68,115.394021,35.563718,328.91,0.00137393
2017,357,3,230.52,115.393174,35.563718,328.91,0.00000000
2017,357,4,307.36,115.392326,35.563718,508.32,0.00000000
2017,358,0,0.00,115.395021,35.561293,837.23,-0.00018173
2017,358,1,90.90,115.394090,35.561416,508.32,-0.00066624
2017,358,2,181.79,115.393172,35.561562,299.01,-0.00107330
2017,358,3,272.69,115.392326,35.561832,358.81,-0.00099585
2017,359,0,0.00,115.395021,35.561293,343.86,-0.00286182
2017,359,1,95.69,115.395291,35.560509,343.86,-0.00412610
2017,359,2,191.38,115.395021,35.559725,448.52,-0.00418933
2017,359,3,287.07,115.394339,35.559137,239.21,-0.00367534
2017,359,4,382.76,115.393596,35.558598,433.57,-0.00408139
2017,359,5,478.46,115.392541,35.558598,373.76,-0.00359724
2017,359,6,574.15,115.391497,35.558619,328.91,-0.00344240
2017,359,7,669.84,115.390730,35.559116,448.52,-0.00174536
2017,359,8,765.53,115.389963,35.559613,508.32,0.00061400
2017,359,9,861.22,115.389197,35.560110,328.91,0.00226730
2017,359,10,956.91,115.388331,35.560437,388.71,0.00125921
2017,359,11,1052.60,115.387303,35.560484,358.81,-0.00204986
2017,359,12,1148.29,115.386500,35.560920,403.66,0.00016688
2017,359,13,1243.98,115.385733,35.561418,478.42,0.00218777
2017,359,14,1339.68,115.384918,35.561293,418.61,-0.00232938
2017,359,15,1435.37,115.384101,35.561703,523.27,-0.00352760
2017,359,16,1531.06,115.383433,35.562371,433.57,-0.00166624
2017,36,0,0.00,115.827830,35.852347,717.63,-0.00096613
2017,36,1,99.60,115.827560,35.853167,777.43,0.00012303
2017,36,2,199.20,115.827482,35.854042,418.61,0.00468903
2017,36,3,298.80,115.826980,35.854772,284.06,0.00445276
2017,36,4,398.41,115.826100,35.854615,239.21,-0.00208882
2017,36,5,498.01,115.825404,35.855311,269.11,-0.00491729
2017,360,0,0.00,115.392326,35.563718,911.98,0.00000000
2017,360,1,69.77,115.392326,35.563089,747.53,0.00000000
2017,360,2,139.54,115.392326,35.562461,328.91,-0.00000000
2017,360,3,209.30,115.392326,35.561832,612.97,0.00000000
2017,361,0,0.00,115.392326,35.563718,358.81,0.00923311
2017,361,1,43.74,115.392000,35.563988,343.86,0.00904450
2017,361,2,87.48,115.391518,35.563988,388.71,0.00885590
2017,363,0,0.00,115.392326,35.561832,508.32,-0.00530622
2017,363,1,55.96,115.391709,35.561832,328.91,-0.00555116
2017,363,2,111.91,115.391248,35.562101,373.76,-0.00579610
2017,364,0,0.00,115.383433,35.562371,403.66,0.00000000
2017,364,1,36.65,115.383029,35.562371,433.57,0.00000000
2017,364,2,73.30,115.382624,35.562371,403.66,0.00000000
2017,365,0,0.00,115.383433,35.562371,254.16,0.00000000
2017,365,1,29.90,115.383433,35.562640,194.36,0.00000000
2017,365,2,59.80,115.383433,35.562910,313.96,0.00000000
2017,366,0,0.00,115.391518,35.563988,1240.89,0.00000000
2017,366,1,72.67,115.391518,35.563333,852.18,-0.00121742
2017,366,2,145.34,115.391518,35.562678,313.96,-0.00251047
2017,366,3,218.02,115.391248,35.562101,687.72,-0.00258610
2017,367,0,0.00,115.391518,35.563988,448.52,0.00000000
2017,367,1,38.61,115.391248,35.564257,403.66,0.00000000
2017,367,2,77.23,115.390979,35.564527,418.61,0.00000000
2017,369,0,0.00,115.391248,35.562101,403.66,-0.00577753
2017,369,1,75.26,115.390426,35.562115,343.86,-0.00574861
2017,369,2,150.52,115.389901,35.562640,553.17,-0.00571968
2017,37,0,0.00,115.827830,35.852347,792.38,-0.00464369
2017,37,1,85.51,115.827040,35.852077,598.02,-0.00447551
2017,37,2,171.03,115.826251,35.852347,523.27,-0.00110169
2017,37,3,256.54,115.825440,35.852580,284.06,-0.00060692
2017,37,4,342.06,115.824515,35.852616,299.01,-0.00454240
2017,37,5,427.57,115.824057,35.853155,299.01,-0.00576701
2017,370,0,0.00,115.390979,35.564527,478.42,0.00000000
2017,370,1,77.82,115.390277,35.564796,388.71,0.00112166
2017,370,2,155.64,115.389575,35.565066,388.71,0.00148366
2017,370,3,233.47,115.388755,35.565133,373.76,-0.00036949
2017,370,4,311.29,115.388014,35.565335,493.37,-0.00146298
2017,371,0,0.00,115.390979,35.564527,1360.50,0.00040177
2017,371,1,81.38,115.390411,35.563959,1210.99,0.00232825
2017,371,2,162.77,115.389901,35.563374,657.82,0.00400802
2017,371,3,244.15,115.389901,35.562640,523.27,0.00376131
2017,373,0,0.00,115.389901,35.562640,508.32,-0.00117382
2017,373,1,83.72,115.389290,35.562640,373.76,-0.00321548
2017,373,2,167.44,115.388435,35.562758,403.66,-0.00540284
2017,373,3,251.16,115.387851,35.563343,433.57,-0.00351377
2017,373,4,334.88,115.387475,35.563988,657.82,-0.00147898
2017,374,0,0.00,115.388014,35.565335,1465.15,0.00384739
2017,374,1,83.46,115.387475,35.564740,1794.06,0.00381607
2017,374,2,166.93,115.387475,35.563988,1166.14,0.00378476
2017,375,0,0.00,115.388014,35.565335,523.27,0.00202294
2017,375,1,84.91,115.387391,35.565874,388.71,0.00243421
2017,375,2,169.82,115.386631,35.566179,403.66,0.00159074
2017,375,3,254.74,115.385830,35.566413,358.81,0.00000000
2017,375,4,339.65,115.385050,35.566683,478.42,-0.00033599
2017,376,0,0.00,115.387475,35.563988,598.02,-0.00179406
2017,376,1,91.41,115.386540,35.563861,553.17,-0.00137203
2017,376,2,182.81,115.385772,35.563988,403.66,-0.00222630
2017,376,3,274.22,115.384763,35.563988,388.71,-0.00445546
2017,376,4,365.62,115.384241,35.564527,418.61,-0.00540833
2017,377,0,0.00,115.385050,35.566683,463.47,-0.00112803
2017,377,1,95.83,115.384183,35.567010,403.66,0.00000000
2017,377,2,191.65,115.383405,35.567491,388.71,0.00112689
2017,377,3,287.48,115.382450,35.567666,388.71,0.00008151
2017,377,4,383.30,115.381583,35.567994,388.71,-0.00026610
2017,377,5,479.13,115.380703,35.568300,403.66,0.00034863
2017,377,6,574.96,115.379803,35.568569,388.71,0.00013336
2017,377,7,670.78,115.378902,35.568839,358.81,0.00000000
2017,377,8,766.61,115.378001,35.569108,358.81,0.00000000
2017,377,9,862.43,115.377101,35.569378,299.01,-0.00000000
2017,377,10,958.26,115.376200,35.569647,299.01,0.00096084
2017,377,11,1054.08,115.375299,35.569917,269.11,0.00118909
2017,377,12,1149.91,115.374242,35.569917,239.21,0.00087093
2017,377,13,1245.74,115.373386,35.570110,194.36,0.00088234
2017,377,14,1341.56,115.372441,35.569917,179.41,-0.00090118
2017,377,15,1437.39,115.371454,35.570038,209.31,-0.00163190
2017,377,16,1533.21,115.370488,35.570195,179.41,-0.00012545
2017,377,17,1629.04,115.369583,35.570456,209.31,0.00052130
2017,377,18,1724.87,115.368557,35.570509,224.26,-0.00060816
2017,377,19,1820.69,115.367625,35.570725,328.91,-0.00096084
2017,377,20,1916.52,115.366724,35.570995,388.71,-0.00039396
2017,378,0,0.00,115.385050,35.566683,1300.70,0.00040179
2017,378,1,81.38,115.384482,35.566115,1315.65,0.00232824
2017,378,2,162.77,115.383972,35.565530,1136.24,0.00400795
2017,378,3,244.15,115.383972,35.564796,777.43,0.00376123
2017,379,0,0.00,115.383972,35.564796,553.17,0.00000000
2017,379,1,19.31,115.384107,35.564661,433.57,0.00000000
2017,379,2,38.61,115.384241,35.564527,418.61,0.00000000
2017,38,0,0.00,115.865020,35.916756,418.61,0.00000000
2017,38,1,99.65,115.865507,35.917513,433.57,-0.00100506
2017,38,2,199.29,115.865995,35.918270,388.71,-0.00203458
2017,38,3,298.94,115.866791,35.918797,373.76,-0.00102953
2017,38,4,398.58,115.867587,35.919324,299.01,0.00000000
2017,38,5,498.23,115.868383,35.919850,299.01,-0.00034451
2017,38,6,597.87,115.869179,35.920377,224.26,-0.00056268
2017,38,7,697.52,115.870037,35.920799,209.31,-0.00047145
2017,38,8,797.16,115.870871,35.921260,194.36,-0.00091004
2017,38,9,896.81,115.871772,35.921607,164.46,-0.00092041
2017,38,10,996.45,115.872719,35.921876,149.51,-0.00114943
2017,38,11,1096.10,115.873665,35.922146,179.41,-0.00088580
2017,38,12,1195.74,115.874769,35.922146,179.41,-0.00000000
2017,38,13,1295.39,115.875716,35.922415,179.41,-0.00080381
2017,38,14,1395.04,115.876820,35.922415,209.31,-0.00080381
2017,38,15,1494.68,115.877924,35.922415,269.11,0.00000000
2017,38,16,1594.33,115.879028,35.922415,269.11,0.00080381
2017,38,17,1693.97,115.880132,35.922415,299.01,0.00080381
2017,38,18,1793.62,115.881079,35.922685,328.91,-0.00160761
2017,38,19,1893.26,115.882183,35.922685,358.81,-0.00160761
2017,38,20,1992.91,115.883129,35.922415,358.81,0.00080381
2017,38,21,2092.55,115.884233,35.922415,328.91,0.00080381
2017,38,22,2192.20,115.885337,35.922415,328.91,-0.00080381
2017,38,23,2291.84,115.886441,35.922415,269.11,-0.00168960
2017,38,24,2391.49,115.887388,35.922146,299.01,-0.00177159
2017,380,0,0.00,115.384241,35.564527,433.57,0.00000000
2017,380,1,24.43,115.384511,35.564527,433.57,0.00000000
2017,380,2,48.86,115.384780,35.564527,403.66,0.00000000
2017,382,0,0.00,115.383972,35.564796,538.22,-0.00296985
2017,382,1,94.57,115.383213,35.564747,388.71,-0.00267880
2017,382,2,189.13,115.382355,35.565066,373.76,-0.00238775
2017,383,0,0.00,115.366724,35.570995,717.63,0.00229724
2017,383,1,84.12,115.366724,35.571753,403.66,0.00371187
2017,383,2,168.25,115.366385,35.572412,792.38,0.00612105
2017,383,3,252.37,115.365729,35.572881,463.47,0.00676360
2017,383,4,336.50,115.364801,35.572881,313.96,0.00446761
2017,383,5,420.62,115.364029,35.572612,328.91,0.00252361
2017,384,0,0.00,115.366724,35.570995,358.81,0.00137689
2017,384,1,86.01,115.365932,35.570725,328.91,0.00064171
2017,384,2,172.02,115.365227,35.570305,328.91,-0.00078201
2017,384,3,258.02,115.364428,35.570046,269.11,0.00004673
2017,384,4,344.03,115.363630,35.569787,269.11,0.00154962
2017,384,5,430.04,115.362931,35.569357,299.01,-0.00078201
2017,384,6,516.05,115.362232,35.568927,254.16,-0.00304880
2017,384,7,602.05,115.361334,35.568839,299.01,-0.00299835
2017,385,0,0.00,115.364029,35.572612,343.86,0.00000000
2017,385,1,63.04,115.363490,35.572342,313.96,0.00000000
2017,385,2,126.08,115.362951,35.572073,254.16,0.00000000
2017,386,0,0.00,115.364029,35.572612,523.27,0.00510486
2017,386,1,92.99,115.363380,35.573040,418.61,0.00524505
2017,386,2,185.97,115.362447,35.572881,299.01,0.00393938
2017,386,3,278.96,115.361587,35.572595,284.06,0.00135394
2017,386,4,371.94,115.360839,35.572117,299.01,0.00034112
2017,386,5,464.93,115.359996,35.571803,269.11,0.00060994
2017,386,6,557.91,115.359283,35.571264,328.91,0.00014735
2017,386,7,650.90,115.358496,35.570852,239.21,-0.00006193
2017,386,8,743.88,115.357748,35.570373,284.06,-0.00040274
2017,386,9,836.87,115.356988,35.569917,299.01,-0.00048400
2017,386,10,929.85,115.356153,35.569587,313.96,0.00065203
2017,386,11,1022.84,115.355405,35.569108,299.01,0.00113314
2017,387,0,0.00,115.361334,35.568839,343.86,-0.00422217
2017,387,1,85.88,115.360944,35.568178,254.16,-0.00354054
2017,387,2,171.76,115.360146,35.567920,254.16,-0.00065945
2017,387,3,257.64,115.359448,35.567491,343.86,0.00154000
2017,388,0,0.00,115.361334,35.568839,1569.81,0.00070071
2017,388,1,85.08,115.360795,35.569448,1136.24,0.00076048
2017,388,2,170.17,115.360256,35.569917,687.72,0.00082025
2017,389,0,0.00,115.355405,35.569108,463.47,-0.00445459
2017,389,1,68.51,115.355345,35.568508,343.86,-0.00439636
2017,389,2,137.03,115.354867,35.568030,299.01,-0.00433813
2017,39,0,0.00,115.865020,35.916756,1375.45,0.00124190
2017,39,1,89.26,115.865644,35.916132,1569.81,0.00129324
2017,39,2,178.51,115.866367,35.915678,867.13,0.00134458
2017,390,0,0.00,115.355405,35.569108,299.01,-0.00159422
2017,390,1,84.47,115.354717,35.568689,299.01,-0.00079711
2017,390,2,168.94,115.353929,35.568441,328.91,0.00079711
2017,390,3,253.40,115.353241,35.568022,299.01,0.00225056
2017,390,4,337.87,115.352552,35.567602,313.96,0.00286684
2017,390,5,422.34,115.352172,35.566952,388.71,0.00282678
2017,391,0,0.00,115.359448,35.567491,1764.16,-0.00115131
2017,391,1,92.17,115.358805,35.568134,1764.16,-0.00118220
2017,391,2,184.35,115.358370,35.568839,538.22,-0.00121309
2017,392,0,0.00,115.359448,35.567491,328.91,-0.00142463
2017,392,1,98.67,115.358672,35.566952,299.01,-0.00078408
2017,392,2,197.35,115.357774,35.566625,313.96,0.00057569
2017,392,3,296.02,115.356986,35.566107,299.01,0.00007177
2017,392,4,394.69,115.356198,35.565589,299.01,0.00000000
2017,392,5,493.36,115.355312,35.565241,284.06,0.00057569
2017,392,6,592.04,115.354623,35.564553,328.91,-0.00057569
2017,392,7,690.71,115.353736,35.564205,328.91,-0.00003444
2017,392,8,789.38,115.352949,35.563687,343.86,0.00057569
2017,392,9,888.05,115.352155,35.563179,328.91,-0.00050546
2017,392,10,986.73,115.351373,35.562651,299.01,-0.00000000
2017,392,11,1085.40,115.350487,35.562303,284.06,0.00053990
2017,392,12,1184.07,115.349798,35.561614,299.01,-0.00057569
2017,392,13,1282.74,115.348912,35.561267,299.01,-0.00000000
2017,392,14,1381.42,115.348124,35.560749,328.91,-0.00021593
2017,392,15,1480.09,115.347336,35.560230,358.81,-0.00057569
2017,392,16,1578.76,115.346413,35.559945,343.86,0.00042965
2017,392,17,1677.44,115.345662,35.559365,388.71,0.00057569
2017,392,18,1776.11,115.344775,35.559017,358.81,0.00141532
2017,392,19,1874.78,115.344087,35.558328,299.01,0.00210668
2017,393,0,0.00,115.344087,35.558328,299.01,-0.00034494
2017,393,1,99.38,115.343393,35.557635,254.16,-0.00054478
2017,393,2,198.75,115.342739,35.557071,269.11,-0.00127081
2017,393,3,298.13,115.342017,35.556528,254.16,-0.00049325
2017,393,4,397.50,115.341127,35.556172,209.31,0.00133080
2017,393,5,496.88,115.340432,35.555482,179.41,0.00124383
2017,393,6,596.26,115.339717,35.554825,134.55,0.00075768
2017,393,7,695.63,115.339236,35.554181,149.51,0.00053589
2017,393,8,795.01,115.338670,35.553450,179.41,0.00085186
2017,393,9,894.39,115.338158,35.552704,164.46,0.00138096
2017,393,10,993.76,115.337888,35.551886,209.31,0.00062558
2017,393,11,1093.14,115.337619,35.551069,299.01,0.00000000
2017,393,12,1192.51,115.337349,35.550252,328.91,0.00000000
2017,393,13,1291.89,115.337080,35.549435,358.81,0.00000000
2017,394,0,0.00,115.344087,35.558328,1599.71,-0.00103462
2017,394,1,97.16,115.344765,35.557650,1629.61,-0.00240586
2017,394,2,194.32,115.345234,35.556911,433.57,-0.00340343
2017,394,3,291.49,115.345165,35.556172,328.91,-0.00302976
2017,395,0,0.00,115.337080,35.549435,1136.24,0.00070833
2017,395,1,94.13,115.336198,35.549165,583.07,0.00180934
2017,395,2,188.25,115.335370,35.548803,971.78,0.00358188
2017,395,3,282.38,115.334713,35.548146,463.47,0.00332492
2017,395,4,376.51,115.334474,35.547368,388.71,0.00077068
2017,395,5,470.63,115.334234,35.546589,254.16,-0.00060024
2017,395,6,564.76,115.333846,35.545854,269.11,0.00025593
2017,395,7,658.89,115.333546,35.545093,239.21,0.00060024
2017,395,8,753.01,115.333307,35.544315,239.21,0.00034320
2017,396,0,0.00,115.337080,35.549435,388.71,-0.00217553
2017,396,1,79.11,115.337349,35.548801,403.66,-0.00211178
2017,396,2,158.22,115.337349,35.548088,328.91,-0.00204803
2017,397,0,0.00,115.333307,35.544315,119.60,0.00885236
2017,397,1,43.75,115.333789,35.544315,119.60,0.00904094
2017,397,2,87.49,115.334115,35.544584,149.51,0.00922953
2017,398,0,0.00,115.333307,35.544315,463.47,0.00109195
2017,398,1,98.42,115.332829,35.543567,299.01,0.00163642
2017,398,2,196.84,115.332559,35.542758,284.06,0.00241563
2017,398,3,295.25,115.332498,35.541889,254.16,0.00216183
2017,398,4,393.67,115.332768,35.541081,239.21,0.00167329
2017,399,0,0.00,115.337349,35.548088,882.08,0.00141871
2017,399,1,87.11,115.336642,35.547650,837.23,0.00269117
2017,399,2,174.22,115.336035,35.547042,448.52,0.00387328
2017,399,3,261.32,115.335844,35.546313,313.96,0.00311181
2017,399,4,348.43,115.335811,35.545583,179.41,0.00192139
2017,399,5,435.54,115.336002,35.544854,179.41,0.00140208
2017,4,0,0.00,115.886579,35.882800,792.38,0.00356992
2017,4,1,94.33,115.887239,35.882140,941.88,0.00370326
2017,4,2,188.66,115.888196,35.881991,463.47,0.00383660
2017,40,0,0.00,115.825404,35.855311,269.11,-0.00097330
2017,40,1,96.88,115.824489,35.855581,209.31,-0.00097352
2017,40,2,193.77,115.823652,35.855985,239.21,-0.00000000
2017,40,3,290.65,115.822816,35.856389,209.31,0.00097352
2017,40,4,387.53,115.821901,35.856659,269.11,0.00097330
2017,400,0,0.00,115.337349,35.548088,328.91,-0.00433842
2017,400,1,68.52,115.337828,35.547609,328.91,-0.00439670
2017,400,2,137.03,115.337888,35.547010,358.81,-0.00445499
2017,401,0,0.00,115.337888,35.547010,433.57,-0.00343277
2017,401,1,98.10,115.338771,35.546666,224.26,-0.00386208
2017,401,2,196.20,115.339236,35.545917,179.41,-0.00264642
2017,401,3,294.31,115.339505,35.545112,149.51,0.00004676
2017,401,4,392.41,115.339781,35.544308,209.31,-0.00003490
2017,401,5,490.51,115.340257,35.543563,164.46,-0.00245362
2017,401,6,588.61,115.340314,35.542695,269.11,-0.00270291
2017,401,7,686.71,115.340044,35.541889,373.76,-0.00166335
2017,402,0,0.00,115.337888,35.547010,717.63,0.00271121
2017,402,1,88.91,115.337268,35.546389,433.57,0.00410808
2017,402,2,177.82,115.337095,35.545647,179.41,0.00411241
2017,402,3,266.73,115.337349,35.544920,194.36,0.00055239
2017,402,4,355.64,115.337619,35.544197,209.31,-0.00161466
2017,402,5,444.55,115.337619,35.543396,224.26,0.00138210
2017,402,6,533.46,115.337619,35.542594,164.46,0.00702670
2017,402,7,622.37,115.338240,35.542159,358.81,0.00562809
2017,402,8,711.28,115.339220,35.542159,642.87,-0.00033343
2017,402,9,800.19,115.340044,35.541889,508.32,-0.00224805
2017,404,0,0.00,115.340044,35.541889,299.01,-0.00931362
2017,404,1,53.57,115.340314,35.541485,299.01,-0.00931362
2017,404,2,107.13,115.340044,35.541081,373.76,-0.00931362
2017,405,0,0.00,115.340044,35.541081,717.63,0.00906578
2017,405,1,82.22,115.339471,35.541046,343.86,0.00828166
2017,405,2,164.44,115.339236,35.540373,224.26,0.00538904
2017,405,3,246.66,115.339236,35.539632,224.26,0.00378458
2017,405,4,328.89,115.339471,35.538959,313.96,0.00334681
2017,405,5,411.11,115.340044,35.538386,433.57,0.00240501
2017,406,0,0.00,115.340044,35.541081,373.76,-0.00305307
2017,406,1,94.87,115.340805,35.540589,254.16,-0.00391713
2017,406,2,189.75,115.341122,35.539826,239.21,-0.00322739
2017,406,3,284.62,115.341122,35.538971,328.91,-0.00083680
2017,406,4,379.50,115.341122,35.538116,373.76,0.00000000
2017,407,0,0.00,115.340314,35.538116,418.61,0.00000000
2017,407,1,19.31,115.340179,35.538251,433.57,0.00000000
2017,407,2,38.62,115.340044,35.538386,433.57,0.00000000
2017,408,0,0.00,115.340314,35.538116,448.52,0.00000000
2017,408,1,95.51,115.340044,35.537334,433.57,0.00073921
2017,408,2,191.03,115.339775,35.536552,224.26,0.00143683
2017,408,3,286.54,115.339775,35.535691,418.61,0.00139523
2017,409,0,0.00,115.340314,35.538116,1196.04,0.00000000
2017,409,1,36.66,115.340718,35.538116,897.03,0.00000000
2017,409,2,73.32,115.341122,35.538116,1136.24,0.00000000
2017,41,0,0.00,115.825404,35.855311,1255.84,0.00150803
2017,41,1,94.17,115.824865,35.854619,792.38,0.00075401
2017,41,2,188.33,115.824596,35.853848,807.33,-0.00075401
2017,41,3,282.50,115.824057,35.853155,1285.75,-0.00150803
2017,410,0,0.00,115.340044,35.538386,523.27,-0.00396081
2017,410,1,50.84,115.339690,35.538031,403.66,-0.00417520
2017,410,2,101.68,115.339236,35.537847,538.22,-0.00438959
2017,412,0,0.00,115.341122,35.538116,538.22,-0.00291985
2017,412,1,87.40,115.341831,35.537677,463.47,-0.00411490
2017,412,2,174.80,115.342200,35.536997,209.31,-0.00381472
2017,412,3,262.20,115.342200,35.536209,224.26,-0.00115975
2017,412,4,349.60,115.342200,35.535421,418.61,0.00000000
2017,413,0,0.00,115.339775,35.535691,583.07,0.00147431
2017,413,1,68.52,115.339297,35.535213,284.06,0.00330170
2017,413,2,137.04,115.338966,35.534691,194.36,0.00426334
2017,413,3,205.56,115.338966,35.534074,299.01,0.00339759
2017,414,0,0.00,115.339775,35.535691,269.11,-0.00000000
2017,414,1,57.93,115.340179,35.535287,657.82,-0.00000000
2017,414,2,115.85,115.340583,35.534882,388.71,-0.00000000
2017,415,0,0.00,115.342200,35.535421,358.81,-0.00461390
2017,415,1,87.50,115.341548,35.534882,762.48,-0.00451962
2017,415,2,175.00,115.340583,35.534882,732.58,-0.00442533
2017,416,0,0.00,115.342200,35.535421,358.81,-0.00290484
2017,416,1,96.83,115.342739,35.534706,568.12,-0.00284953
2017,416,2,193.67,115.342739,35.533833,284.06,-0.00120750
2017,416,3,290.50,115.342739,35.532960,194.36,0.00067843
2017,416,4,387.34,115.342817,35.532110,209.31,0.00028882
2017,416,5,484.17,115.343009,35.531293,209.31,-0.00109021
2017,416,6,581.01,115.343009,35.530420,239.21,-0.00156643
2017,416,7,677.84,115.342843,35.529596,254.16,-0.00053932
2017,416,8,774.68,115.342584,35.528799,313.96,-0.00062090
2017,416,9,871.51,115.342470,35.527959,328.91,-0.00189842
2017,416,10,968.35,115.341931,35.527244,702.67,-0.00114063
2017,416,11,1065.18,115.341392,35.526528,538.22,-0.00000000
2017,417,0,0.00,115.338966,35.534074,448.52,0.00242088
2017,417,1,79.35,115.339841,35.534074,343.86,0.00584218
2017,417,2,158.71,115.340569,35.534329,254.16,0.00854977
2017,417,3,238.06,115.340583,35.534882,299.01,0.00783606
2017,418,0,0.00,115.338966,35.534074,239.21,-0.00050378
2017,418,1,89.08,115.338697,35.533350,254.16,0.00000000
2017,418,2,178.15,115.338349,35.532648,224.26,0.00134504
2017,418,3,267.23,115.338158,35.531901,194.36,0.00165734
2017,418,4,356.31,115.338158,35.531098,194.36,0.00056419
2017,418,5,445.39,115.338158,35.530295,224.26,0.00000000
2017,418,6,534.46,115.338158,35.529492,269.11,0.00000000
2017,42,0,0.00,115.824057,35.853155,299.01,-0.00123414
2017,42,1,83.69,115.823130,35.853155,269.11,-0.00242812
2017,42,2,167.38,115.822291,35.853304,239.21,-0.00239541
2017,42,3,251.07,115.821592,35.853694,179.41,0.00000000
2017,42,4,334.77,115.820823,35.853964,224.26,0.00116872
2017,421,0,0.00,115.341392,35.526528,553.17,0.00149449
2017,421,1,93.00,115.340743,35.527177,642.87,0.00119105
2017,421,2,185.99,115.339966,35.527606,777.43,-0.00091748
2017,421,3,278.99,115.339247,35.528134,358.81,-0.00175661
2017,421,4,371.99,115.338807,35.528843,284.06,0.00017023
2017,421,5,464.98,115.338158,35.529492,299.01,0.00113111
2017,422,0,0.00,115.341392,35.526528,418.61,-0.00027437
2017,422,1,94.93,115.341661,35.525751,418.61,-0.00020554
2017,422,2,189.87,115.341882,35.524960,388.71,-0.00047865
2017,422,3,284.80,115.342127,35.524176,358.81,-0.00106360
2017,422,4,379.73,115.342200,35.523341,313.96,-0.00083926
2017,422,5,474.67,115.342200,35.522486,239.21,-0.00037190
2017,423,0,0.00,115.338158,35.529492,717.63,-0.00000000
2017,423,1,57.93,115.337754,35.529088,612.97,-0.00000000
2017,423,2,115.86,115.337349,35.528684,583.07,-0.00000000
2017,424,0,0.00,115.342200,35.522486,493.37,0.00000000
2017,424,1,96.55,115.341527,35.521812,463.47,0.00000000
2017,424,2,193.10,115.340853,35.521138,299.01,0.00000000
2017,425,0,0.00,115.342200,35.522486,299.01,-0.00343034
2017,425,1,88.77,115.342739,35.521843,284.06,-0.00338464
2017,425,2,177.53,115.342739,35.521043,284.06,-0.00085946
2017,425,3,266.30,115.342739,35.520243,269.11,0.00166948
2017,425,4,355.07,115.343009,35.519521,313.96,0.00171893
2017,426,0,0.00,115.337349,35.528684,104.65,0.00000000
2017,426,1,36.66,115.336945,35.528684,89.70,0.00000000
2017,426,2,73.33,115.336541,35.528684,149.51,0.00000000
2017,427,0,0.00,115.337349,35.528684,328.91,0.00000000
2017,427,1,44.85,115.337349,35.528280,478.42,0.00000000
2017,427,2,89.70,115.337349,35.527875,478.42,0.00000000
2017,428,0,0.00,115.343009,35.519521,1524.95,-0.00323704
2017,428,1,94.95,115.344056,35.519521,583.07,-0.00459582
2017,428,2,189.91,115.344828,35.519049,224.26,-0.00304389
2017,428,3,284.86,115.345282,35.518325,328.91,0.00048220
2017,428,4,379.82,115.346044,35.517833,328.91,-0.00012272
2017,428,5,474.77,115.346706,35.517171,269.11,-0.00172931
2017,428,6,569.73,115.347321,35.516494,284.06,-0.00203161
2017,428,7,664.68,115.347590,35.515717,299.01,-0.00097381
2017,428,8,759.64,115.347860,35.514940,313.96,0.00000000
2017,429,0,0.00,115.343009,35.519521,328.91,-0.00085138
2017,429,1,88.77,115.343211,35.518780,313.96,-0.00103950
2017,429,2,177.53,115.343278,35.518000,239.21,0.00085949
2017,429,3,266.30,115.343278,35.517199,299.01,0.00318852
2017,429,4,355.07,115.343817,35.516557,299.01,0.00343045
2017,430,0,0.00,115.336541,35.528684,508.32,0.00531171
2017,430,1,85.65,115.336271,35.527991,493.37,0.00411386
2017,430,2,171.30,115.336780,35.527367,343.86,0.00104184
2017,430,3,256.95,115.336960,35.526647,508.32,0.00030839
2017,430,4,342.60,115.337349,35.525989,538.22,0.00144911
2017,431,0,0.00,115.336541,35.528684,299.01,-0.00210504
2017,431,1,68.52,115.336063,35.529162,239.21,-0.00330177
2017,431,2,137.04,115.335793,35.529701,239.21,-0.00334448
2017,431,3,205.56,115.335732,35.530301,224.26,-0.00219047
2017,432,0,0.00,115.343817,35.516557,418.61,-0.00000000
2017,432,1,19.31,115.343682,35.516422,493.37,-0.00000000
2017,432,2,38.62,115.343548,35.516287,493.37,-0.00000000
2017,433,0,0.00,115.343817,35.516557,1794.06,-0.00330876
2017,433,1,96.90,115.344729,35.516826,897.03,-0.00583219
2017,433,2,193.80,115.345664,35.516596,269.11,-0.00745943
2017,433,3,290.70,115.345973,35.515813,299.01,-0.00406276
2017,433,4,387.60,115.345973,35.514940,299.01,-0.00156228
2017,434,0,0.00,115.343548,35.516287,1360.50,-0.00000000
2017,434,1,43.76,115.343143,35.516152,1345.55,-0.00000000
2017,434,2,87.51,115.342739,35.516018,1046.54,-0.00000000
2017,435,0,0.00,115.343548,35.516287,328.91,-0.00219343
2017,435,1,94.27,115.344087,35.515595,254.16,-0.00075591
2017,435,2,188.54,115.344237,35.514789,284.06,0.00172588
2017,435,3,282.81,115.344895,35.514131,299.01,0.00277013
2017,437,0,0.00,115.345973,35.514940,747.53,0.00223615
2017,437,1,70.16,115.345385,35.514621,837.23,0.00213803
2017,437,2,140.31,115.344895,35.514131,777.43,0.00203992
2017,438,0,0.00,115.344895,35.514131,299.01,0.00101672
2017,438,1,96.86,115.345165,35.513337,328.91,0.00104340
2017,438,2,193.72,115.345621,35.512597,313.96,0.00111229
2017,438,3,290.58,115.346088,35.511860,328.91,0.00010565
2017,438,4,387.44,115.346764,35.511184,373.76,-0.00167984
2017,438,5,484.30,115.347051,35.510395,328.91,-0.00071865
2017,438,6,581.16,115.347281,35.509589,328.91,0.00113184
2017,438,7,678.02,115.347748,35.508853,373.76,0.00064225
2017,438,8,774.88,115.348216,35.508116,343.86,0.00054800
2017,438,9,871.73,115.348683,35.507379,358.81,0.00054800
2017,438,10,968.59,115.349359,35.506703,358.81,-0.00000000
2017,438,11,1065.45,115.349826,35.505967,388.71,0.00052082
2017,438,12,1162.31,115.350502,35.505291,418.61,-0.00000000
2017,438,13,1259.17,115.351177,35.504615,403.66,-0.00106882
2017,438,14,1356.03,115.351645,35.503878,373.76,0.00000000
2017,438,15,1452.89,115.352112,35.503142,358.81,0.00054800
2017,438,16,1549.75,115.352788,35.502466,284.06,0.00000000
2017,438,17,1646.61,115.353255,35.501729,254.16,-0.00054800
2017,438,18,1743.47,115.353931,35.501053,239.21,-0.00200297
2017,438,19,1840.33,115.354189,35.500256,179.41,-0.00113184
2017,438,20,1937.19,115.354328,35.499423,194.36,0.00111557
2017,438,21,2034.05,115.354706,35.498661,224.26,0.00049527
2017,438,22,2130.91,115.355136,35.497913,194.36,-0.00145186
2017,438,23,2227.77,115.355405,35.497119,209.31,-0.00251135
2017,438,24,2324.63,115.355405,35.496246,284.06,-0.00135667
2017,438,25,2421.48,115.355136,35.495451,284.06,0.00026785
2017,438,26,2518.34,115.355136,35.494578,254.16,-0.00071860
2017,438,27,2615.20,115.354971,35.493754,254.16,-0.00149481
2017,438,28,2712.06,115.354597,35.492990,269.11,0.00000000
2017,438,29,2808.92,115.354245,35.492219,284.06,0.00000000
2017,438,30,2905.78,115.354058,35.491401,209.31,-0.00145229
2017,438,31,3002.64,115.353519,35.490685,224.26,-0.00188787
2017,439,0,0.00,115.353519,35.490685,807.33,-0.00000000
2017,439,1,50.85,115.353115,35.490955,612.97,-0.00000000
2017,439,2,101.71,115.352711,35.491224,717.63,-0.00000000
2017,44,0,0.00,115.887388,35.922146,1794.06,0.00000000
2017,44,1,44.85,115.887388,35.921742,1659.51,0.00000000
2017,44,2,89.71,115.887388,35.921338,926.93,0.00000000
2017,440,0,0.00,115.353519,35.490685,299.01,-0.00116805
2017,440,1,99.81,115.353250,35.489864,149.51,-0.00377937
2017,440,2,199.61,115.352752,35.489110,164.46,-0.00585388
2017,440,3,299.42,115.351676,35.489068,179.41,-0.00277576
2017,440,4,399.23,115.350577,35.489068,209.31,-0.00011721
2017,440,5,499.03,115.349477,35.489068,269.11,0.00000000
2017,441,0,0.00,115.352711,35.491224,897.03,0.00294610
2017,441,1,78.09,115.352006,35.491494,194.36,0.00280197
2017,441,2,156.17,115.351146,35.491494,224.26,0.00132891
2017,441,3,234.26,115.350285,35.491494,224.26,0.00000000
2017,442,0,0.00,115.352711,35.491224,313.96,-0.00000000
2017,442,1,99.76,115.351767,35.490955,149.51,-0.00000000
2017,442,2,199.52,115.350824,35.490685,209.31,-0.00000000
2017,443,0,0.00,115.349477,35.489068,1285.75,0.00434385
2017,443,1,92.95,115.349454,35.489899,747.53,0.00541074
2017,443,2,185.89,115.348729,35.490416,299.01,0.00523090
2017,443,3,278.84,115.347861,35.490685,254.16,0.00291947
2017,443,4,371.78,115.346836,35.490685,284.06,0.00092739
2017,443,5,464.73,115.345812,35.490685,284.06,0.00000000
2017,443,6,557.68,115.344788,35.490685,313.96,0.00000000
2017,443,7,650.62,115.343764,35.490685,284.06,0.00000000
2017,443,8,743.57,115.342739,35.490685,388.71,0.00000000
2017,444,0,0.00,115.349477,35.489068,239.21,-0.00193786
2017,444,1,95.44,115.348581,35.488799,239.21,-0.00178011
2017,444,2,190.87,115.347529,35.488799,239.21,-0.00080052
2017,444,3,286.31,115.346490,35.488777,284.06,-0.00014474
2017,444,4,381.74,115.345726,35.488777,284.06,-0.00014474
2017,444,5,477.18,115.344687,35.488799,328.91,-0.00080052
2017,444,6,572.62,115.343635,35.488799,299.01,-0.00178011
2017,444,7,668.05,115.342739,35.489068,328.91,-0.00193786
2017,445,0,0.00,115.342739,35.490685,568.12,0.00000000
2017,445,1,89.70,115.342739,35.489877,1285.75,0.00000000
2017,445,2,179.40,115.342739,35.489068,1794.06,0.00000000
2017,446,0,0.00,115.342739,35.490685,343.86,0.00106388
2017,446,1,86.76,115.341939,35.490955,299.01,0.00225208
2017,446,2,173.51,115.341232,35.491064,284.06,0.00213776
2017,446,3,260.27,115.340340,35.490955,254.16,0.00000000
2017,446,4,347.02,115.339383,35.490955,254.16,-0.00041762
2017,446,5,433.78,115.338427,35.490955,254.16,0.00000000
2017,448,0,0.00,115.342739,35.489068,328.91,-0.00185747
2017,448,1,97.38,115.341822,35.488799,343.86,-0.00177117
2017,448,2,194.77,115.340749,35.488799,239.21,-0.00155584
2017,448,3,292.15,115.339676,35.488799,269.11,-0.00084244
2017,448,4,389.53,115.338736,35.489029,254.16,-0.00025995
2017,448,5,486.92,115.337686,35.489068,269.11,-0.00000000
2017,448,6,584.30,115.336769,35.489338,299.01,0.00097335
2017,448,7,681.68,115.335695,35.489338,209.31,0.00000000
2017,448,8,779.07,115.334622,35.489338,269.11,-0.00084244
2017,448,9,876.45,115.333705,35.489607,239.21,0.00059428
2017,448,10,973.83,115.332632,35.489607,239.21,0.00000000
2017,448,11,1071.22,115.331607,35.489690,254.16,-0.00032382
2017,448,12,1168.60,115.330642,35.489877,239.21,-0.00000000
2017,448,13,1265.98,115.329569,35.489877,269.11,-0.00027046
2017,448,14,1363.36,115.328652,35.490146,239.21,0.00084244
2017,448,15,1460.75,115.327578,35.490146,209.31,0.00084244
2017,448,16,1558.13,115.326505,35.490146,209.31,0.00000000
2017,448,17,1655.51,115.325432,35.490146,209.31,0.00000000
2017,448,18,1752.90,115.324359,35.490146,209.31,0.00000000
2017,448,19,1850.28,115.323286,35.490146,239.21,0.00084244
2017,448,20,1947.66,115.322212,35.490146,239.21,0.00177117
2017,448,21,2045.05,115.321295,35.489877,209.31,-0.00000000
2017,448,22,2142.43,115.320378,35.489607,209.31,-0.00092874
2017,448,23,2239.81,115.319305,35.489607,209.31,0.00092874
2017,448,24,2337.20,115.318388,35.489338,209.31,0.00092874
2017,448,25,2434.58,115.317471,35.489068,209.31,0.00000000
2017,448,26,2531.96,115.316554,35.488799,224.26,-0.00001889
2017,448,27,2629.35,115.315637,35.488529,239.21,-0.00000000
2017,448,28,2726.73,115.314717,35.488265,269.11,0.00003780
2017,448,29,2824.11,115.313803,35.487990,269.11,0.00010726
2017,448,30,2921.50,115.312886,35.487721,284.06,0.00094356
2017,448,31,3018.88,115.311987,35.487421,284.06,0.00158383
2017,448,32,3116.26,115.311208,35.486912,328.91,0.00145726
2017,449,0,0.00,115.311208,35.486912,1390.40,0.00188257
2017,449,1,99.70,115.310513,35.487608,1046.54,0.00485433
2017,449,2,199.39,115.309636,35.487990,284.06,0.00624794
2017,449,3,299.09,115.308825,35.487493,224.26,0.00184983
2017,449,4,398.79,115.307932,35.487139,254.16,-0.00028976
2017,449,5,498.48,115.307038,35.486785,269.11,0.00057986
2017,449,6,598.18,115.306178,35.486373,209.31,0.00014520
2017,449,7,697.87,115.305351,35.485906,239.21,0.00000000
2017,449,8,797.57,115.304450,35.485565,224.26,0.00028495
2017,449,9,897.27,115.303663,35.485026,224.26,-0.00023769
2017,449,10,996.96,115.302770,35.484672,224.26,0.00051802
2017,449,11,1096.66,115.301935,35.484217,209.31,0.00089169
2017,449,12,1196.36,115.301181,35.483622,209.31,-0.00009117
2017,449,13,1296.05,115.300362,35.483139,194.36,-0.00000000
2017,449,14,1395.75,115.299576,35.482600,209.31,0.00018154
2017,449,15,1495.45,115.298789,35.482061,209.31,-0.00000000
2017,449,16,1595.14,115.298003,35.481522,269.11,-0.00000000
2017,45,0,0.00,115.887388,35.922146,269.11,-0.00191052
2017,45,1,96.13,115.888295,35.922415,299.01,-0.00182086
2017,45,2,192.25,115.889360,35.922415,299.01,-0.00020625
2017,45,3,288.38,115.890426,35.922415,388.71,0.00182086
2017,45,4,384.50,115.891369,35.922624,418.61,0.00041727
2017,45,5,480.63,115.892241,35.922954,418.61,-0.00095526
2017,45,6,576.75,115.893306,35.922954,448.52,0.00074424
2017,45,7,672.88,115.894213,35.923224,418.61,0.00038148
2017,45,8,769.01,115.895121,35.923493,388.71,-0.00095526
2017,45,9,865.13,115.896122,35.923603,358.81,0.00017630
2017,45,10,961.26,115.897093,35.923763,299.01,0.00095526
2017,45,11,1057.38,115.898001,35.924032,284.06,0.00039749
2017,45,12,1153.51,115.898908,35.924302,239.21,0.00030157
2017,45,13,1249.63,115.899816,35.924571,179.41,0.00098909
2017,45,14,1345.76,115.900675,35.924923,164.46,0.00138730
2017,45,15,1441.88,115.901473,35.925380,89.70,0.00142185
2017,45,16,1538.01,115.902218,35.925927,119.60,0.00112144
2017,45,17,1634.14,115.902890,35.926599,104.65,0.00144037
2017,45,18,1730.26,115.903557,35.927273,119.60,0.00162614
2017,45,19,1826.39,115.903827,35.928061,179.41,0.00062788
2017,45,20,1922.51,115.904280,35.928797,194.36,0.00058776
2017,45,21,2018.64,115.904533,35.929590,209.31,0.00018012
2017,45,22,2114.76,115.904787,35.930383,209.31,-0.00114463
2017,45,23,2210.89,115.905174,35.931137,254.16,-0.00118508
2017,45,24,2307.02,115.905713,35.931848,209.31,-0.00081069
2017,450,0,0.00,115.311208,35.486912,373.76,-0.00186472
2017,450,1,99.35,115.310515,35.486219,269.11,-0.00103911
2017,450,2,198.71,115.309644,35.485834,239.21,0.00000000
2017,450,3,298.06,115.308931,35.485174,209.31,0.00049372
2017,450,4,397.41,115.308079,35.484756,269.11,0.00072722
2017,450,5,496.77,115.307556,35.484068,209.31,0.00004490
2017,450,6,596.12,115.306764,35.483546,239.21,-0.00029535
2017,450,7,695.47,115.306071,35.482853,194.36,0.00000000
2017,450,8,794.83,115.305279,35.482330,239.21,0.00038841
2017,450,9,894.18,115.304586,35.481637,179.41,-0.00000000
2017,450,10,993.53,115.303870,35.480983,224.26,-0.00079943
2017,450,11,1092.89,115.303101,35.480421,179.41,0.00000000
2017,450,12,1192.24,115.302309,35.479899,224.26,-0.00004173
2017,450,13,1291.59,115.301615,35.479206,224.26,-0.00053863
2017,450,14,1390.95,115.300740,35.478827,239.21,0.00037141
2017,450,15,1490.30,115.300031,35.478161,209.31,0.00000000
2017,450,16,1589.65,115.299239,35.477638,209.31,-0.00045727
2017,450,17,1689.01,115.298448,35.477116,239.21,-0.00000000
2017,450,18,1788.36,115.297656,35.476593,224.26,-0.00000000
2017,450,19,1887.71,115.296864,35.476071,224.26,0.00000000
2017,450,20,1987.07,115.296072,35.475548,269.11,0.00000000
2017,450,21,2086.42,115.295280,35.475026,269.11,-0.00000000
2017,450,22,2185.77,115.294488,35.474503,269.11,-0.00083366
2017,450,23,2285.13,115.293696,35.473981,299.01,-0.00077722
2017,450,24,2384.48,115.292760,35.473707,299.01,0.00004159
2017,450,25,2483.83,115.291977,35.473168,299.01,-0.00016302
2017,450,26,2583.19,115.291039,35.472899,299.01,0.00000000
2017,450,27,2682.54,115.290231,35.472403,299.01,0.00029565
2017,450,28,2781.89,115.289318,35.472090,299.01,0.00089883
2017,450,29,2881.25,115.288535,35.471551,269.11,0.00071794
2017,450,30,2980.60,115.287753,35.471012,269.11,-0.00065373
2017,450,31,3079.95,115.286964,35.470483,299.01,-0.00083001
2017,450,32,3179.31,115.286073,35.470132,284.06,-0.00002078
2017,450,33,3278.66,115.285249,35.469665,299.01,0.00037607
2017,450,34,3378.01,115.284391,35.469257,269.11,0.00022148
2017,450,35,3477.37,115.283599,35.468735,269.11,0.00008941
2017,450,36,3576.72,115.282746,35.468317,239.21,-0.00044541
2017,450,37,3676.07,115.281963,35.467778,299.01,-0.00050089
2017,450,38,3775.43,115.281025,35.467509,313.96,0.00079167
2017,450,39,3874.78,115.280242,35.466970,328.91,0.00016873
2017,450,40,3974.13,115.279441,35.466464,299.01,-0.00056775
2017,450,41,4073.49,115.278550,35.466112,269.11,0.00056954
2017,450,42,4172.84,115.277758,35.465589,269.11,0.00056775
2017,450,43,4272.19,115.276957,35.465083,239.21,0.00016055
2017,450,44,4371.55,115.276174,35.464544,179.41,0.00021351
2017,451,0,0.00,115.276174,35.464544,403.66,0.00000000
2017,451,1,74.75,115.276174,35.463870,328.91,0.00000000
2017,451,2,149.50,115.276174,35.463197,239.21,0.00000000
2017,452,0,0.00,115.276174,35.464544,209.31,0.00190233
2017,452,1,97.96,115.275251,35.464275,149.51,0.00198508
2017,452,2,195.91,115.274484,35.463736,164.46,0.00251114
2017,452,3,293.87,115.273749,35.463171,164.46,0.00232652
2017,452,4,391.82,115.273463,35.462372,254.16,0.00148404
2017,452,5,489.78,115.272988,35.461627,284.06,0.00117139
2017,452,6,587.74,115.272940,35.460758,313.96,-0.00004401
2017,452,7,685.69,115.272671,35.459954,328.91,-0.00058065
2017,452,8,783.65,115.272401,35.459150,328.91,0.00000000
2017,452,9,881.61,115.272132,35.458346,358.81,0.00000000
2017,453,0,0.00,115.272132,35.458346,373.76,0.00000000
2017,453,1,89.70,115.272132,35.457537,328.91,0.00000000
2017,453,2,179.40,115.272132,35.456729,343.86,0.00000000
2017,453,3,269.10,115.272132,35.455920,343.86,0.00000000
2017,453,4,358.80,115.272132,35.455112,299.01,0.00000000
2017,453,5,448.50,115.272132,35.454303,239.21,0.00000000
2017,454,0,0.00,115.272132,35.458346,1255.84,0.00179577
2017,454,1,94.41,115.271092,35.458346,1121.29,0.00231101
2017,454,2,188.83,115.270208,35.458076,971.78,0.00387728
2017,454,3,283.24,115.269437,35.457714,403.66,0.00389228
2017,454,4,377.66,115.269124,35.456955,388.71,0.00066351
2017,454,5,472.07,115.268674,35.456235,328.91,-0.00038960
2017,454,6,566.49,115.268089,35.455555,343.86,0.00140703
2017,454,7,660.90,115.267774,35.454796,284.06,0.00116381
2017,454,8,755.32,115.267550,35.454010,358.81,-0.00098086
2017,454,9,849.73,115.267281,35.453238,373.76,-0.00222979
2017,454,10,944.15,115.266742,35.452686,343.86,-0.00223431
2017,455,0,0.00,115.272132,35.454303,358.81,-0.00385141
2017,455,1,83.48,115.272671,35.453708,254.16,-0.00290138
2017,455,2,166.97,115.272671,35.452956,194.36,-0.00000000
2017,455,3,250.45,115.272940,35.452282,254.16,0.00097567
2017,455,4,333.94,115.273210,35.451608,254.16,-0.00000000
2017,456,0,0.00,115.272132,35.454303,388.71,0.00173980
2017,456,1,71.44,115.271633,35.453805,448.52,0.00199287
2017,456,2,142.89,115.271323,35.453252,433.57,0.00132616
2017,456,3,214.33,115.271054,35.452686,299.01,0.00040639
2017,457,0,0.00,115.273210,35.451608,1794.06,0.00594195
2017,457,1,89.08,115.272228,35.451608,598.02,0.00789531
2017,457,2,178.16,115.271862,35.450963,328.91,0.00962615
2017,457,3,267.24,115.271940,35.450183,328.91,0.00678734
2017,457,4,356.32,115.272810,35.449991,657.82,0.00067198
2017,457,5,445.40,115.273479,35.449452,598.02,-0.00282710
2017,458,0,0.00,115.273210,35.451608,254.16,0.00000000
2017,458,1,75.59,115.273479,35.451006,328.91,-0.00119539
2017,458,2,151.18,115.273749,35.450403,328.91,-0.00232053
2017,458,3,226.77,115.273749,35.449722,343.86,-0.00225028
2017,459,0,0.00,115.273479,35.449452,448.52,0.00000000
2017,459,1,19.32,115.273614,35.449587,448.52,0.00000000
2017,459,2,38.63,115.273749,35.449722,448.52,0.00000000
2017,46,0,0.00,115.821901,35.856659,254.16,0.00341198
2017,46,1,85.72,115.821440,35.857198,254.16,0.00694780
2017,46,2,171.44,115.820648,35.857467,269.11,0.00861759
2017,46,3,257.16,115.820014,35.856928,463.47,0.00675157
2017,460,0,0.00,115.273479,35.449452,403.66,-0.00128140
2017,460,1,99.65,115.273479,35.448554,388.71,-0.00154089
2017,460,2,199.30,115.273210,35.447735,388.71,-0.00137164
2017,460,3,298.96,115.272854,35.446941,358.81,-0.00089115
2017,460,4,398.61,115.272401,35.446175,388.71,-0.00101881
2017,460,5,498.26,115.271881,35.445429,433.57,-0.00150651
2017,460,6,597.91,115.271186,35.444733,478.42,-0.00090740
2017,460,7,697.56,115.270392,35.444209,538.22,0.00049754
2017,460,8,797.22,115.269697,35.443514,598.02,0.00049754
2017,460,9,896.87,115.269001,35.442819,612.97,0.00049186
2017,460,10,996.52,115.268306,35.442124,672.77,0.00100897
2017,460,11,1096.17,115.267820,35.441368,762.48,0.00103422
2017,462,0,0.00,115.273749,35.449722,1016.64,0.00000000
2017,462,1,24.47,115.274018,35.449722,897.03,0.00000000
2017,462,2,48.93,115.274288,35.449722,837.23,0.00000000
2017,463,0,0.00,115.267820,35.441368,777.43,0.00017984
2017,463,1,74.70,115.266997,35.441368,807.33,0.00307133
2017,463,2,149.39,115.266185,35.441350,627.92,0.00583392
2017,463,3,224.09,115.265664,35.440829,672.77,0.00570502
2017,464,0,0.00,115.267820,35.441368,1659.51,-0.00102335
2017,464,1,89.97,115.268447,35.440740,1420.30,-0.00246392
2017,464,2,179.94,115.268898,35.440061,1106.34,-0.00382268
2017,464,3,269.91,115.268898,35.439250,1031.59,-0.00382329
2017,464,4,359.88,115.268717,35.438492,807.33,-0.00328859
2017,464,5,449.85,115.268089,35.437864,717.63,-0.00267147
2017,465,0,0.00,115.265664,35.440829,1689.41,0.00156460
2017,465,1,81.51,115.266024,35.440199,1704.36,0.00152216
2017,465,2,163.01,115.266592,35.439631,1749.21,0.00010777
2017,465,3,244.52,115.267161,35.439062,1420.30,-0.00073986
2017,465,4,326.02,115.267550,35.438441,269.11,0.00042800
2017,465,5,407.53,115.268089,35.437864,358.81,0.00107155
2017,466,0,0.00,115.265664,35.440829,747.53,0.00351167
2017,466,1,68.26,115.264912,35.440829,642.87,0.00369920
2017,466,2,136.51,115.264316,35.440559,523.27,0.00388673
2017,467,0,0.00,115.268089,35.437864,672.77,-0.00309199
2017,467,1,92.27,115.267654,35.437160,657.82,-0.00239239
2017,467,2,184.54,115.266854,35.436786,642.87,-0.00047474
2017,467,3,276.81,115.266169,35.436214,687.72,-0.00066321
2017,467,4,369.08,115.265427,35.435741,612.97,-0.00171410
2017,467,5,461.35,115.264586,35.435439,777.43,-0.00135847
2017,468,0,0.00,115.264316,35.440559,1764.16,0.00068317
2017,468,1,81.41,115.263957,35.441188,1734.26,0.00000000
2017,468,2,162.83,115.263508,35.441791,1495.05,-0.00103352
2017,468,3,244.24,115.263238,35.442446,882.08,-0.00138387
2017,469,0,0.00,115.264316,35.440559,523.27,0.00128970
2017,469,1,94.66,115.263458,35.440240,657.82,0.00127346
2017,469,2,189.32,115.262699,35.439751,627.92,0.00125721
2017,47,0,0.00,115.821901,35.856659,373.76,-0.00309832
2017,47,1,76.24,115.821214,35.856389,254.16,-0.00625279
2017,47,2,152.49,115.820370,35.856389,269.11,-0.00846511
2017,47,3,228.73,115.820014,35.856928,313.96,-0.00752296
2017,470,0,0.00,115.264586,35.435439,269.11,0.00149775
2017,470,1,83.25,115.264214,35.436080,269.11,0.00145751
2017,470,2,166.51,115.263633,35.436661,747.53,0.00070864
2017,470,3,249.76,115.263052,35.437242,1794.06,-0.00000000
2017,470,4,333.01,115.262472,35.437823,1794.06,-0.00000000
2017,470,5,416.27,115.261891,35.438403,1794.06,-0.00000000
2017,471,0,0.00,115.264586,35.435439,493.37,-0.00501826
2017,471,1,97.21,115.264855,35.434641,553.17,-0.00489527
2017,471,2,194.42,115.264186,35.433961,598.02,-0.00240677
2017,471,3,291.62,115.263508,35.433283,583.07,-0.00004126
2017,472,0,0.00,115.264586,35.435439,777.43,0.00010562
2017,472,1,75.99,115.263905,35.435169,612.97,0.00155257
2017,472,2,151.97,115.263229,35.434891,598.02,0.00280581
2017,472,3,227.96,115.262699,35.434361,583.07,0.00261209
2017,473,0,0.00,115.262699,35.439751,1794.06,0.00000000
2017,473,1,85.31,115.262104,35.440346,1794.06,0.00000000
2017,473,2,170.62,115.261509,35.440941,1794.06,0.00091100
2017,473,3,255.94,115.260914,35.441536,807.33,0.00075634
2017,473,4,341.25,115.260189,35.441907,194.36,-0.00139184
2017,473,5,426.56,115.259735,35.442446,,-0.00247435
2017,474,0,0.00,115.262699,35.439751,657.82,0.00000000
2017,474,1,87.85,115.262295,35.439077,687.72,0.00000000
2017,474,2,175.71,115.261891,35.438403,642.87,0.00000000
2017,475,0,0.00,115.261891,35.438403,822.28,-0.00136989
2017,475,1,88.35,115.261074,35.438134,568.12,0.00007016
2017,475,2,176.70,115.260164,35.438024,612.97,0.00251707
2017,475,3,265.05,115.259449,35.437579,553.17,0.00213345
2017,475,4,353.40,115.258779,35.437056,598.02,0.00043420
2017,475,5,441.75,115.258118,35.436517,598.02,0.00012545
2017,477,0,0.00,115.263508,35.433283,538.22,-0.00000000
2017,477,1,19.32,115.263373,35.433418,612.97,-0.00000000
2017,477,2,38.64,115.263238,35.433552,882.08,-0.00000000
2017,478,0,0.00,115.263508,35.433283,433.57,-0.00216137
2017,478,1,81.16,115.263508,35.432551,433.57,-0.00245986
2017,478,2,162.32,115.263210,35.431907,463.47,-0.00301979
2017,478,3,243.48,115.262852,35.431280,478.42,-0.00252269
2017,478,4,324.64,115.262203,35.430857,493.37,-0.00035722
2017,478,5,405.80,115.261621,35.430318,478.42,0.00104971
2017,479,0,0.00,115.263238,35.433552,882.08,-0.00347850
2017,479,1,53.59,115.262865,35.433926,209.31,-0.00358583
2017,479,2,107.17,115.262699,35.434361,493.37,-0.00369315
2017,48,0,0.00,115.820823,35.853964,882.08,-0.00245660
2017,48,1,64.13,115.820853,35.854533,1091.39,-0.00251352
2017,48,2,128.26,115.821092,35.855042,433.57,-0.00257045
2017,480,0,0.00,115.263238,35.433552,583.07,0.00242592
2017,480,1,79.42,115.262520,35.433283,583.07,0.00000000
2017,480,2,158.85,115.261933,35.432786,598.02,-0.00353908
2017,480,3,238.27,115.261082,35.432744,657.82,-0.00465225
2017,481,0,0.00,115.262699,35.434361,732.58,0.00000000
2017,481,1,48.94,115.262160,35.434361,732.58,0.00000000
2017,481,2,97.88,115.261621,35.434361,762.48,0.00000000
2017,483,0,0.00,115.258118,35.436517,1794.06,-0.00096291
2017,483,1,92.42,115.257374,35.436991,1794.06,0.00028507
2017,483,2,184.85,115.256706,35.437595,1345.55,0.00323902
2017,483,3,277.27,115.255844,35.437864,672.77,0.00583350
2017,483,4,369.69,115.254848,35.437828,553.17,0.00629461
2017,483,5,462.12,115.254203,35.437183,553.17,0.00556855
2017,483,6,554.54,115.253806,35.436466,956.83,0.00567453
2017,483,7,646.96,115.254073,35.435711,1285.75,0.00352830
2017,483,8,739.38,115.254717,35.435066,1794.06,-0.00011519
2017,483,9,831.81,115.255154,35.434361,1794.06,-0.00120780
2017,484,0,0.00,115.258118,35.436517,523.27,-0.00135751
2017,484,1,87.33,115.257717,35.435847,538.22,-0.00238390
2017,484,2,174.65,115.257108,35.435238,508.32,-0.00200092
2017,484,3,261.98,115.256342,35.434900,553.17,0.00053109
2017,484,4,349.30,115.255692,35.434361,598.02,0.00165373
2017,485,0,0.00,115.258118,35.436517,1794.06,-0.00000000
2017,485,1,93.05,115.258767,35.435868,1794.06,0.00000000
2017,485,2,186.10,115.259416,35.435219,1794.06,0.00057230
2017,485,3,279.15,115.260065,35.434570,1076.44,0.00119038
2017,485,4,372.20,115.260813,35.434091,642.87,0.00123617
2017,486,0,0.00,115.261621,35.430318,328.91,-0.00369318
2017,486,1,53.59,115.261456,35.429884,388.71,-0.00358585
2017,486,2,107.18,115.261082,35.429510,403.66,-0.00347852
2017,487,0,0.00,115.261621,35.430318,164.46,0.00669382
2017,487,1,75.99,115.260993,35.430498,463.47,0.00622029
2017,487,2,151.98,115.260364,35.430139,553.17,0.00287338
2017,487,3,227.97,115.259735,35.429779,583.07,0.00000000
2017,488,0,0.00,115.261082,35.432744,627.92,-0.00369316
2017,488,1,53.59,115.260917,35.432309,598.02,-0.00358584
2017,488,2,107.18,115.260543,35.431935,627.92,-0.00347851
2017,489,0,0.00,115.261082,35.432744,508.32,0.00939408
2017,489,1,77.80,115.260382,35.433013,642.87,0.01370394
2017,489,2,155.60,115.260004,35.432479,508.32,0.01260226
2017,489,3,233.39,115.260543,35.431935,1061.49,0.00719072
2017,49,0,0.00,115.820823,35.853964,224.26,-0.00070958
2017,49,1,93.84,115.819941,35.854233,179.41,-0.00237244
2017,49,2,187.67,115.819114,35.854595,254.16,-0.00359705
2017,49,3,281.51,115.818667,35.855311,343.86,-0.00315881
2017,490,0,0.00,115.255154,35.434361,568.12,0.00000000
2017,490,1,24.47,115.255423,35.434361,598.02,0.00000000
2017,490,2,48.94,115.255692,35.434361,598.02,0.00000000
2017,491,0,0.00,115.255154,35.434361,612.97,0.00117056
2017,491,1,99.26,115.254264,35.434010,523.27,0.00115432
2017,491,2,198.52,115.253472,35.433488,508.32,0.00056904
2017,491,3,297.78,115.252681,35.432967,478.42,-0.00000000
2017,491,4,397.04,115.251890,35.432445,478.42,-0.00000000
2017,491,5,496.29,115.251099,35.431923,478.42,0.00007385
2017,491,6,595.55,115.250308,35.431402,478.42,0.00053987
2017,491,7,694.81,115.249530,35.430857,448.52,0.00003871
2017,491,8,794.07,115.248825,35.430188,448.52,-0.00031904
2017,491,9,893.33,115.247968,35.429779,418.61,0.00075035
2017,491,10,992.59,115.247338,35.429117,433.57,0.00110811
2017,491,11,1091.85,115.246660,35.428562,433.57,-0.00002973
2017,491,12,1191.11,115.246176,35.427809,418.61,-0.00132894
2017,491,13,1290.37,115.245346,35.427354,418.61,0.00039457
2017,491,14,1389.62,115.244594,35.426765,373.76,0.00259590
2017,491,15,1488.88,115.244104,35.426014,403.66,0.00193882
2017,491,16,1588.14,115.243835,35.425198,493.37,0.00114132
2017,493,0,0.00,115.255692,35.434361,1794.06,0.00000000
2017,493,1,90.98,115.256327,35.433726,1794.06,0.00000000
2017,493,2,181.97,115.256962,35.433092,1405.35,-0.00059171
2017,493,3,272.95,115.257596,35.432457,104.65,-0.00059171
2017,493,4,363.93,115.258022,35.431761,284.06,0.00059171
2017,493,5,454.91,115.258657,35.431127,254.16,0.00118341
2017,495,0,0.00,115.260543,35.431935,627.92,-0.00564816
2017,495,1,71.27,115.260046,35.431438,523.27,-0.00433307
2017,495,2,142.53,115.259286,35.431396,642.87,-0.00000000
2017,495,3,213.80,115.258657,35.431127,583.07,0.00301797
2017,496,0,0.00,115.243835,35.425198,538.22,0.00000000
2017,496,1,96.60,115.242865,35.425036,418.61,0.00183625
2017,496,2,193.21,115.241894,35.424875,403.66,0.00250058
2017,496,3,289.81,115.241221,35.424201,373.76,0.00000000
2017,496,4,386.41,115.240360,35.423851,358.81,-0.00072905
2017,496,5,483.01,115.239577,35.423365,373.76,0.00009663
2017,496,6,579.62,115.238705,35.423033,343.86,0.00006473
2017,496,7,676.22,115.237948,35.422503,343.86,-0.00019368
2017,496,8,772.82,115.237061,35.422198,403.66,0.00060241
2017,496,9,869.42,115.236289,35.421695,418.61,0.00139891
2017,497,0,0.00,115.243835,35.425198,1794.06,-0.00056516
2017,497,1,97.85,115.244517,35.424515,822.28,0.00056360
2017,497,2,195.71,115.245037,35.423851,179.41,0.00117428
2017,497,3,293.56,115.245871,35.423431,59.80,0.00083500
2017,497,4,391.42,115.246568,35.422773,89.70,0.00361829
2017,497,5,489.27,115.247489,35.422503,493.37,0.00582917
2017,497,6,587.12,115.248413,35.422769,403.66,0.00346005
2017,497,7,684.98,115.249176,35.423312,403.66,0.00004881
2017,497,8,782.83,115.249975,35.423793,463.47,-0.00058635
2017,497,9,880.68,115.250855,35.424134,448.52,0.00082858
2017,497,10,978.54,115.251637,35.424646,433.57,0.00107816
2017,497,11,1076.39,115.252395,35.425198,403.66,-0.00062983
2017,497,12,1174.25,115.252998,35.425728,448.52,-0.00215157
2017,497,13,1272.10,115.253908,35.426006,433.57,-0.00046430
2017,497,14,1369.95,115.254830,35.426276,403.66,0.00091749
2017,497,15,1467.81,115.255631,35.426754,433.57,0.00037266
2017,497,16,1565.66,115.256517,35.427084,418.61,-0.00000000
2017,497,17,1663.51,115.257293,35.427606,418.61,-0.00060264
2017,497,18,1761.37,115.258204,35.427893,388.71,-0.00000000
2017,497,19,1859.22,115.259053,35.428289,403.66,0.00000000
2017,497,20,1957.08,115.259891,35.428701,672.77,-0.00095305
2017,497,21,2054.93,115.260813,35.428971,358.81,-0.00101266
2017,499,0,0.00,115.258657,35.431127,568.12,-0.00322306
2017,499,1,85.52,115.258060,35.430530,568.12,-0.00376380
2017,499,2,171.04,115.257241,35.430318,538.22,-0.00124211
2017,499,3,256.56,115.256373,35.430191,553.17,0.00156850
2017,499,4,342.08,115.255670,35.429779,523.27,0.00000000
2017,499,5,427.61,115.254884,35.429510,538.22,-0.00131666
2017,5,0,0.00,115.883884,35.879296,493.37,-0.00341494
2017,5,1,94.98,115.883429,35.878572,269.11,-0.00224624
2017,5,2,189.96,115.882567,35.878248,269.11,0.00059851
2017,5,3,284.94,115.881903,35.877584,299.01,0.00059024
2017,5,4,379.92,115.881239,35.876920,284.06,-0.00054703
2017,5,5,474.91,115.880476,35.876427,313.96,0.00004990
2017,5,6,569.89,115.879812,35.875763,299.01,-0.00037727
2017,5,7,664.87,115.879057,35.875254,284.06,-0.00010014
2017,5,8,759.85,115.878320,35.874715,269.11,0.00073637
2017,5,9,854.83,115.877621,35.874111,254.16,0.00045661
2017,5,10,949.81,115.876957,35.873447,269.11,-0.00035910
2017,5,11,1044.79,115.876267,35.872828,269.11,-0.00067826
2017,5,12,1139.77,115.875530,35.872289,284.06,-0.00054376
2017,50,0,0.00,115.905713,35.931848,717.63,0.00000000
2017,50,1,24.32,115.905983,35.931848,568.12,0.00000000
2017,50,2,48.64,115.906252,35.931848,358.81,0.00000000
2017,500,0,0.00,115.236289,35.421695,1794.06,0.00347488
2017,500,1,91.94,115.235648,35.422336,657.82,0.00454217
2017,500,2,183.87,115.234732,35.422503,313.96,0.00402324
2017,500,3,275.81,115.233772,35.422412,269.11,0.00117655
2017,500,4,367.75,115.232863,35.422234,224.26,0.00041906
2017,500,5,459.68,115.231897,35.422154,149.51,0.00185089
2017,500,6,551.62,115.231058,35.421854,149.51,0.00019256
2017,500,7,643.56,115.230294,35.421425,239.21,-0.00275737
2017,500,8,735.50,115.229282,35.421425,284.06,-0.00312011
2017,501,0,0.00,115.236289,35.421695,448.52,-0.00137432
2017,501,1,96.80,115.235750,35.420980,313.96,-0.00206428
2017,501,2,193.60,115.235048,35.420454,284.06,-0.00142209
2017,501,3,290.40,115.234200,35.420078,224.26,-0.00042607
2017,501,4,387.20,115.233447,35.419539,149.51,-0.00055316
2017,501,5,483.99,115.232537,35.419269,119.60,0.00066072
2017,501,6,580.79,115.231755,35.418778,164.46,0.00034308
2017,501,7,677.59,115.230981,35.418273,239.21,-0.00036675
2017,501,8,774.39,115.230119,35.417922,224.26,-0.00012980
2017,501,9,871.19,115.229365,35.417383,269.11,-0.00037712
2017,501,10,967.99,115.228462,35.417102,269.11,-0.00008247
2017,501,11,1064.79,115.227688,35.416597,299.01,-0.00080762
2017,501,12,1161.59,115.226792,35.416305,269.11,-0.00093262
2017,501,13,1258.38,115.225882,35.416035,299.01,-0.00102352
2017,501,14,1355.18,115.224972,35.415766,328.91,-0.00094040
2017,501,15,1451.98,115.223906,35.415766,328.91,0.00094040
2017,501,16,1548.78,115.222996,35.415496,358.81,0.00000000
2017,501,17,1645.58,115.222087,35.415227,388.71,-0.00179330
2017,501,18,1742.38,115.221021,35.415227,299.01,-0.00056040
2017,501,19,1839.18,115.219955,35.415227,358.81,0.00085289
2017,501,20,1935.98,115.218945,35.415130,343.86,0.00024348
2017,501,21,2032.77,115.217979,35.414957,388.71,-0.00085289
2017,501,22,2129.57,115.216914,35.414957,328.91,-0.00053597
2017,501,23,2226.37,115.215848,35.414957,328.91,0.00000000
2017,501,24,2323.17,115.214782,35.414957,299.01,0.00000000
2017,501,25,2419.97,115.213716,35.414957,299.01,0.00000000
2017,501,26,2516.77,115.212650,35.414957,299.01,0.00000000
2017,501,27,2613.57,115.211585,35.414957,388.71,-0.00085289
2017,501,28,2710.37,115.210519,35.414957,448.52,-0.00179330
2017,501,29,2807.16,115.209609,35.415227,583.07,-0.00188080
2017,502,0,0.00,115.254884,35.429510,493.37,-0.00113892
2017,502,1,97.38,115.254315,35.428940,478.42,-0.00108350
2017,502,2,194.76,115.253537,35.428432,433.57,-0.00102808
2017,503,0,0.00,115.254884,35.429510,657.82,0.00376738
2017,503,1,84.15,115.254198,35.429633,642.87,0.00426711
2017,503,2,168.30,115.253414,35.429387,493.37,0.00318750
2017,503,3,252.44,115.252728,35.428971,463.47,0.00160817
2017,504,0,0.00,115.209609,35.415227,672.77,0.00577715
2017,504,1,56.04,115.209148,35.415496,642.87,0.00553330
2017,504,2,112.07,115.208531,35.415496,598.02,0.00528945
2017,505,0,0.00,115.209609,35.415227,687.72,0.00238654
2017,505,1,81.83,115.209038,35.414656,1210.99,0.00230568
2017,505,2,163.66,115.208800,35.413988,1181.09,-0.00031049
2017,505,3,245.49,115.208522,35.413332,687.72,-0.00628383
2017,505,4,327.31,115.207928,35.412801,403.66,-0.00883160
2017,505,5,409.14,115.207183,35.413071,448.52,-0.00794134
2017,506,0,0.00,115.208531,35.415496,792.38,0.00759947
2017,506,1,75.75,115.208182,35.416035,388.71,0.00715239
2017,506,2,151.50,115.207348,35.416035,418.61,0.00476770
2017,506,3,227.25,115.206514,35.416035,358.81,0.00298350
2017,506,4,302.99,115.205836,35.415766,448.52,0.00313693
2017,507,0,0.00,115.208531,35.415496,777.43,0.00000000
2017,507,1,78.20,115.207986,35.414951,837.23,0.00112844
2017,507,2,156.40,115.207440,35.414405,1166.14,0.00338770
2017,507,3,234.60,115.207183,35.413776,433.57,0.00325767
2017,507,4,312.80,115.207183,35.413071,911.98,0.00199682
2017,509,0,0.00,115.207183,35.413071,598.02,0.00000000
2017,509,1,73.43,115.206375,35.413071,343.86,0.00000000
2017,509,2,146.86,115.205567,35.413071,343.86,0.00000000
2017,51,0,0.00,115.905713,35.931848,269.11,-0.00361230
2017,51,1,86.10,115.905174,35.932468,179.41,-0.00353424
2017,51,2,172.20,115.905174,35.933244,179.41,0.00000000
2017,51,3,258.30,115.905162,35.934016,149.51,0.00168495
2017,51,4,344.41,115.904635,35.934640,164.46,-0.00176654
2017,51,5,430.51,115.904635,35.935416,119.60,-0.00172341
2017,51,6,516.61,115.904635,35.936192,224.26,0.00000000
2017,51,7,602.71,115.904635,35.936968,224.26,0.00000000
2017,510,0,0.00,115.205836,35.415766,1794.06,-0.00009379
2017,510,1,75.59,115.205836,35.415084,1794.06,-0.00232143
2017,510,2,151.19,115.205824,35.414406,837.23,-0.00449048
2017,510,3,226.78,115.205297,35.413879,612.97,-0.00443189
2017,511,0,0.00,115.205836,35.415766,463.47,0.00920606
2017,511,1,43.80,115.205510,35.416035,598.02,0.00901763
2017,511,2,87.59,115.205028,35.416035,328.91,0.00882920
2017,512,0,0.00,115.205567,35.413071,911.98,0.00541226
2017,512,1,49.22,115.205567,35.413514,777.43,0.00552471
2017,512,2,98.44,115.205297,35.413879,568.12,0.00563717
2017,513,0,0.00,115.205567,35.413071,717.63,-0.00603120
2017,513,1,75.36,115.204893,35.412801,343.86,-0.00603120
2017,513,2,150.71,115.204219,35.413071,373.76,-0.00603120
2017,514,0,0.00,115.205297,35.413879,313.96,-0.01144867
2017,514,1,31.56,115.204978,35.413929,403.66,-0.01105548
2017,514,2,63.12,115.204758,35.414149,508.32,-0.01066229
2017,516,0,0.00,115.205028,35.416035,373.76,0.00369371
2017,516,1,98.68,115.204253,35.416574,313.96,0.00356994
2017,516,2,197.35,115.203167,35.416574,299.01,0.00172309
2017,516,3,296.03,115.202080,35.416574,299.01,-0.00000000
2017,516,4,394.70,115.200994,35.416574,448.52,0.00000000
2017,516,5,493.38,115.199907,35.416574,717.63,0.00000000
2017,517,0,0.00,115.205028,35.416035,882.08,-0.00000000
2017,517,1,38.64,115.204758,35.415766,956.83,-0.00000000
2017,517,2,77.28,115.204489,35.415496,837.23,-0.00000000
2017,518,0,0.00,115.204219,35.413071,911.98,0.00000000
2017,518,1,29.90,115.204219,35.413340,642.87,0.00000000
2017,518,2,59.80,115.204219,35.413610,627.92,0.00000000
2017,519,0,0.00,115.204219,35.413071,418.61,-0.00424645
2017,519,1,79.44,115.203500,35.412801,313.96,-0.00540740
2017,519,2,158.87,115.202716,35.412957,343.86,-0.00449683
2017,519,3,238.31,115.202063,35.413340,358.81,-0.00242530
2017,520,0,0.00,115.204758,35.414149,687.72,0.00205112
2017,520,1,79.12,115.204758,35.414862,971.78,0.00211513
2017,520,2,158.24,115.204489,35.415496,717.63,0.00217914
2017,521,0,0.00,115.204758,35.414149,598.02,0.00000000
2017,521,1,38.64,115.204489,35.413879,598.02,0.00000000
2017,521,2,77.28,115.204219,35.413610,598.02,0.00000000
2017,522,0,0.00,115.199907,35.416574,762.48,-0.00000000
2017,522,1,19.32,115.199772,35.416709,747.53,-0.00000000
2017,522,2,38.64,115.199638,35.416844,792.38,-0.00000000
2017,523,0,0.00,115.199907,35.416574,1031.59,0.00140978
2017,523,1,85.75,115.200297,35.415915,926.93,0.00137242
2017,523,2,171.49,115.200895,35.415317,747.53,0.00058191
2017,523,3,257.24,115.201493,35.414719,433.57,-0.00209612
2017,523,4,342.98,115.202063,35.414113,717.63,-0.00391457
2017,523,5,428.73,115.202063,35.413340,627.92,-0.00380813
2017,524,0,0.00,115.199638,35.416844,1794.06,0.00197648
2017,524,1,82.98,115.199907,35.417513,1794.06,0.00191873
2017,524,2,165.97,115.199907,35.418261,1076.44,0.00035684
2017,524,3,248.95,115.199907,35.419009,284.06,-0.00191873
2017,524,4,331.94,115.200076,35.419707,194.36,-0.00209207
2017,524,5,414.92,115.200446,35.420347,194.36,-0.00149398
2017,525,0,0.00,115.199638,35.416844,568.12,0.00223473
2017,525,1,70.20,115.199049,35.416525,627.92,0.00213678
2017,525,2,140.40,115.198560,35.416035,687.72,0.00203882
2017,526,0,0.00,115.204489,35.415496,837.23,0.00217068
2017,526,1,95.73,115.203950,35.414933,971.78,0.00203737
2017,526,2,191.46,115.203680,35.414149,747.53,0.00190406
2017,528,0,0.00,115.204219,35.413610,493.37,-0.00000000
2017,528,1,38.64,115.203950,35.413879,672.77,-0.00000000
2017,528,2,77.28,115.203680,35.414149,553.17,-0.00000000
2017,53,0,0.00,115.820014,35.856928,224.26,0.01120793
2017,53,1,50.73,115.819660,35.857113,254.16,0.01016666
2017,53,2,101.46,115.819206,35.856928,328.91,0.00912538
2017,531,0,0.00,115.202063,35.413340,313.96,-0.00332402
2017,531,1,98.26,115.200981,35.413340,418.61,-0.00450992
2017,531,2,196.53,115.200199,35.413857,448.52,-0.00387881
2017,531,3,294.79,115.199722,35.414604,956.83,-0.00049848
2017,531,4,393.05,115.199245,35.415350,911.98,0.00103862
2017,531,5,491.31,115.198560,35.416035,777.43,0.00101239
2017,532,0,0.00,115.198560,35.416035,598.02,0.00000000
2017,532,1,85.67,115.197616,35.416035,538.22,0.00000000
2017,532,2,171.34,115.196673,35.416035,538.22,0.00000000
2017,532,3,257.00,115.195730,35.416035,538.22,0.00000000
2017,532,4,342.67,115.194787,35.416035,448.52,0.00000000
2017,534,0,0.00,115.203680,35.414149,343.86,0.00000000
2017,534,1,24.48,115.203411,35.414149,313.96,0.00000000
2017,534,2,48.95,115.203141,35.414149,313.96,0.00000000
2017,535,0,0.00,115.194787,35.416035,956.83,0.00844514
2017,535,1,70.98,115.194490,35.416574,538.22,0.00808478
2017,535,2,141.97,115.193709,35.416574,418.61,0.00772442
2017,536,0,0.00,115.194787,35.416035,1166.14,0.00133725
2017,536,1,85.68,115.194189,35.415438,1255.84,0.00209958
2017,536,2,171.35,115.193800,35.414779,777.43,0.00215285
2017,536,3,257.03,115.193620,35.414060,239.21,0.00072190
2017,536,4,342.70,115.193439,35.413340,,0.00000000
2017,537,0,0.00,115.193709,35.416574,1121.29,-0.00000000
2017,537,1,82.44,115.193134,35.415999,1076.44,-0.00170451
2017,537,2,164.88,115.192559,35.415424,837.23,-0.00571103
2017,537,3,247.31,115.191766,35.415227,433.57,-0.00616559
2017,537,4,329.75,115.191014,35.415496,612.97,-0.00431814
2017,538,0,0.00,115.193709,35.416574,493.37,0.00365999
2017,538,1,92.31,115.193004,35.417113,388.71,0.00209167
2017,538,2,184.63,115.192026,35.417179,583.07,-0.00134124
2017,538,3,276.94,115.191283,35.417652,598.02,-0.00320584
2017,539,0,0.00,115.191014,35.415496,777.43,0.00035778
2017,539,1,82.65,115.191173,35.416195,1794.06,0.00074338
2017,539,2,165.29,115.191283,35.416907,1794.06,0.00093827
2017,539,3,247.94,115.191283,35.417652,1794.06,0.00074755
2017,54,0,0.00,115.818667,35.855311,926.93,0.00216718
2017,54,1,79.08,115.818936,35.855946,732.58,0.00210404
2017,54,2,158.17,115.818936,35.856659,627.92,0.00204089
2017,540,0,0.00,115.191014,35.415496,657.82,-0.00577713
2017,540,1,56.04,115.190553,35.415227,448.52,-0.00553328
2017,540,2,112.07,115.189936,35.415227,403.66,-0.00528943
2017,542,0,0.00,115.191283,35.417652,448.52,-0.00000000
2017,542,1,75.35,115.190610,35.417922,523.27,-0.00000000
2017,542,2,150.71,115.189936,35.418191,642.87,-0.00000000
2017,543,0,0.00,115.191283,35.417652,1076.44,0.00000000
2017,543,1,91.72,115.191923,35.418292,1181.09,0.00085456
2017,543,2,183.45,115.192563,35.418932,1166.14,0.00353377
2017,543,3,275.17,115.192900,35.419660,164.46,0.00444818
2017,543,4,366.90,115.192631,35.420408,627.92,0.00176897
2017,543,5,458.62,115.192361,35.421156,313.96,0.00000000
2017,544,0,0.00,115.189936,35.415227,1001.69,0.00188968
2017,544,1,74.37,115.189626,35.415806,612.97,0.00183650
2017,544,2,148.74,115.189107,35.416325,732.58,0.00089166
2017,544,3,223.10,115.188588,35.416844,807.33,0.00000000
2017,545,0,0.00,115.189936,35.415227,612.97,-0.00414724
2017,545,1,75.88,115.189256,35.414957,493.37,-0.00803823
2017,545,2,151.76,115.188482,35.415063,598.02,-0.00941703
2017,545,3,227.65,115.188319,35.415699,1061.49,-0.00298116
2017,545,4,303.53,115.188049,35.416305,941.88,0.00094253
2017,546,0,0.00,115.189936,35.418191,1345.55,0.00257817
2017,546,1,64.17,115.190175,35.418700,1794.06,0.00252077
2017,546,2,128.34,115.190205,35.419269,1196.04,0.00246337
2017,547,0,0.00,115.189936,35.418191,523.27,-0.00388464
2017,547,1,68.27,115.189340,35.417922,448.52,-0.00369726
2017,547,2,136.54,115.188588,35.417922,478.42,-0.00350989
2017,548,0,0.00,115.192361,35.421156,433.57,0.00000000
2017,548,1,97.38,115.191445,35.421425,553.17,0.00057065
2017,548,2,194.76,115.190529,35.421695,478.42,0.00177121
2017,548,3,292.13,115.189731,35.421759,553.17,0.00054556
2017,548,4,389.51,115.188696,35.421695,523.27,-0.00084249
2017,548,5,486.89,115.187780,35.421964,343.86,0.00149747
2017,548,6,584.27,115.186708,35.421964,523.27,0.00097020
2017,548,7,681.65,115.185791,35.421695,463.47,-0.00168497
2017,548,8,779.02,115.184853,35.421926,478.42,-0.00109610
2017,548,9,876.40,115.183803,35.421964,493.37,-0.00092872
2017,548,10,973.78,115.182887,35.422234,553.17,-0.00018207
2017,548,11,1071.16,115.181970,35.422503,538.22,0.00092872
2017,548,12,1168.53,115.180951,35.422595,508.32,-0.00029840
2017,548,13,1265.91,115.179982,35.422773,478.42,-0.00017980
2017,548,14,1363.29,115.179065,35.423042,493.37,0.00019377
2017,548,15,1460.67,115.178024,35.423096,508.32,-0.00184512
2017,548,16,1558.05,115.177148,35.423434,583.07,-0.00104258
2017,548,17,1655.42,115.176370,35.423942,553.17,0.00060869
2017,548,18,1752.80,115.175400,35.424120,508.32,-0.00112519
2017,548,19,1850.18,115.174616,35.424618,388.71,-0.00060869
2017,548,20,1947.56,115.173838,35.425126,358.81,0.00177245
2017,548,21,2044.94,115.172961,35.425464,373.76,0.00385118
2017,548,22,2142.31,115.171986,35.425631,373.76,0.00454420
2017,548,23,2239.69,115.171287,35.425198,403.66,0.00078743
2017,548,24,2337.07,115.170430,35.424826,433.57,-0.00183479
2017,548,25,2434.45,115.169454,35.424659,448.52,-0.00142436
2017,549,0,0.00,115.192361,35.421156,433.57,0.00721523
2017,549,1,93.01,115.192631,35.421915,239.21,0.00755268
2017,549,2,186.03,115.191822,35.422234,612.97,0.00789014
2017,55,0,0.00,115.818667,35.855311,822.28,-0.00556927
2017,55,1,78.63,115.818111,35.854772,313.96,-0.00685906
2017,55,2,157.25,115.817241,35.854772,239.21,-0.00698717
2017,55,3,235.88,115.816527,35.855042,239.21,-0.00423801
2017,55,4,314.51,115.815972,35.855581,269.11,-0.00265055
2017,550,0,0.00,115.188588,35.416844,747.53,0.00000000
2017,550,1,38.64,115.188319,35.416574,971.78,0.00000000
2017,550,2,77.28,115.188049,35.416305,1076.44,0.00000000
2017,551,0,0.00,115.188588,35.416844,672.77,-0.00566816
2017,551,1,68.54,115.188319,35.417383,1794.06,-0.00566816
2017,551,2,137.08,115.188588,35.417922,1719.31,-0.00566816
2017,552,0,0.00,115.188049,35.416305,627.92,-0.00308127
2017,552,1,89.45,115.187327,35.415852,538.22,-0.00458282
2017,552,2,178.90,115.186392,35.415766,343.86,-0.00648376
2017,552,3,268.35,115.185624,35.416085,627.92,-0.00451260
2017,552,4,357.79,115.185170,35.416759,882.08,-0.00057540
2017,552,5,447.24,115.184546,35.417383,598.02,0.00099125
2017,554,0,0.00,115.190205,35.419269,448.52,0.00000000
2017,554,1,24.48,115.190475,35.419269,448.52,0.00000000
2017,554,2,48.95,115.190744,35.419269,598.02,0.00000000
2017,555,0,0.00,115.190205,35.419269,792.38,-0.00868043
2017,555,1,34.27,115.189966,35.419508,1061.49,-0.00879757
2017,555,2,68.54,115.189936,35.419808,702.67,-0.00891472
2017,557,0,0.00,115.188588,35.417922,553.17,0.00179921
2017,557,1,98.87,115.187656,35.418191,508.32,0.00171618
2017,557,2,197.73,115.186567,35.418191,328.91,0.00163314
2017,557,3,296.60,115.185479,35.418191,478.42,0.00171618
2017,557,4,395.47,115.184546,35.417922,568.12,0.00179921
2017,558,0,0.00,115.184546,35.417383,1794.06,0.00000000
2017,558,1,29.90,115.184546,35.417652,1794.06,0.00000000
2017,558,2,59.80,115.184546,35.417922,1794.06,0.00000000
2017,559,0,0.00,115.184546,35.417383,747.53,0.00000000
2017,559,1,83.40,115.183964,35.416801,971.78,-0.00053062
2017,559,2,166.80,115.183383,35.416219,837.23,-0.00579875
2017,559,3,250.20,115.182727,35.415766,433.57,-0.00972919
2017,559,4,333.60,115.182120,35.416305,642.87,-0.00892213
2017,56,0,0.00,115.904635,35.936968,1031.59,0.00000000
2017,56,1,62.86,115.905174,35.937238,1001.69,0.00000000
2017,56,2,125.72,115.905713,35.937507,822.28,0.00000000
2017,560,0,0.00,115.184546,35.417922,448.52,-0.00145234
2017,560,1,69.99,115.183775,35.417922,508.32,-0.00166679
2017,560,2,139.98,115.183076,35.418044,508.32,-0.00110038
2017,560,3,209.97,115.182390,35.418191,523.27,-0.00031953
2017,561,0,0.00,115.182120,35.416305,926.93,0.00259105
2017,561,1,72.68,115.182390,35.416881,1225.94,0.00251508
2017,561,2,145.36,115.182390,35.417536,1794.06,0.00121956
2017,561,3,218.04,115.182390,35.418191,1794.06,0.00000000
2017,562,0,0.00,115.182120,35.416305,598.02,-0.00591492
2017,562,1,92.19,115.181261,35.416035,433.57,-0.00812935
2017,562,2,184.38,115.180538,35.416539,971.78,-0.00745369
2017,562,3,276.56,115.180504,35.417360,1794.06,-0.00237507
2017,562,4,368.75,115.180504,35.418191,1794.06,-0.00018654
2017,563,0,0.00,115.182390,35.418191,642.87,-0.00000000
2017,563,1,19.32,115.182255,35.418326,642.87,-0.00000000
2017,563,2,38.64,115.182120,35.418461,612.97,-0.00000000
2017,565,0,0.00,115.182120,35.418461,1629.61,-0.00076321
2017,565,1,80.78,115.182475,35.419085,1196.04,0.00081641
2017,565,2,161.56,115.182929,35.419680,1390.40,-0.00073203
2017,565,3,242.33,115.182976,35.420395,852.18,-0.00572504
2017,565,4,323.11,115.183737,35.420617,553.17,-0.00758999
2017,566,0,0.00,115.182120,35.418461,538.22,0.00249482
2017,566,1,80.51,115.181234,35.418461,568.12,0.00262959
2017,566,2,161.02,115.180504,35.418191,553.17,0.00276435
2017,568,0,0.00,115.180504,35.418191,598.02,0.00451711
2017,568,1,88.51,115.179841,35.418730,508.32,0.00441845
2017,568,2,177.03,115.178866,35.418730,478.42,0.00131941
2017,568,3,265.54,115.177892,35.418730,508.32,-0.00102564
2017,568,4,354.06,115.177046,35.418953,463.47,0.00067478
2017,568,5,442.57,115.176098,35.419000,508.32,0.00000000
2017,568,6,531.08,115.175124,35.419000,508.32,-0.00199419
2017,568,7,619.60,115.174305,35.419269,508.32,-0.00226851
2017,569,0,0.00,115.174305,35.419269,1794.06,0.00000000
2017,569,1,83.05,115.174305,35.420018,1779.11,0.00000000
2017,569,2,166.11,115.174305,35.420766,971.78,-0.00212467
2017,569,3,249.16,115.174305,35.421515,732.58,-0.00467411
2017,569,4,332.21,115.174844,35.421964,747.53,-0.00509889
2017,57,0,0.00,115.904635,35.936968,164.46,0.00169701
2017,57,1,86.28,115.904366,35.937668,224.26,-0.00000000
2017,57,2,172.55,115.903847,35.938296,269.11,-0.00077985
2017,57,3,258.83,115.903827,35.939067,284.06,0.00069926
2017,57,4,345.10,115.903288,35.939689,358.81,0.00084768
2017,57,5,431.38,115.903083,35.940407,373.76,0.00149839
2017,57,6,517.65,115.902480,35.941011,448.52,0.00256262
2017,570,0,0.00,115.174305,35.419269,523.27,-0.00187971
2017,570,1,96.83,115.173395,35.419000,478.42,-0.00248069
2017,570,2,193.65,115.172329,35.419000,478.42,-0.00170481
2017,570,3,290.48,115.171390,35.419220,463.47,0.00054035
2017,570,4,387.30,115.170353,35.419269,448.52,-0.00000000
2017,570,5,484.13,115.169286,35.419269,418.61,-0.00164417
2017,570,6,580.96,115.168376,35.419539,433.57,-0.00187971
2017,571,0,0.00,115.168376,35.419539,1794.06,0.00263589
2017,571,1,94.82,115.168376,35.420393,1166.14,0.00431717
2017,571,2,189.65,115.167888,35.421105,433.57,0.00471302
2017,571,3,284.47,115.167029,35.421425,343.86,0.00342759
2017,572,0,0.00,115.168376,35.419539,448.52,-0.00183419
2017,572,1,97.96,115.167454,35.419269,388.71,-0.00174923
2017,572,2,195.93,115.166375,35.419269,328.91,-0.00083214
2017,572,3,293.89,115.165296,35.419269,328.91,0.00000000
2017,572,4,391.86,115.164218,35.419269,299.01,-0.00083214
2017,572,5,489.82,115.163139,35.419269,299.01,-0.00083214
2017,572,6,587.78,115.162216,35.419539,269.11,0.00083214
2017,572,7,685.75,115.161138,35.419539,209.31,0.00127567
2017,572,8,783.71,115.160059,35.419539,239.21,0.00083214
2017,572,9,881.68,115.159066,35.419391,299.01,-0.00008040
2017,572,10,979.64,115.158057,35.419269,358.81,-0.00166428
2017,572,11,1077.60,115.156979,35.419269,388.71,-0.00036313
2017,572,12,1175.57,115.156056,35.419539,358.81,0.00166428
2017,572,13,1273.53,115.155133,35.419269,388.71,0.00000000
2017,572,14,1371.50,115.154055,35.419269,358.81,-0.00083214
2017,572,15,1469.46,115.152976,35.419269,328.91,0.00000000
2017,572,16,1567.42,115.151897,35.419269,328.91,0.00000000
2017,572,17,1665.39,115.150819,35.419269,328.91,-0.00000000
2017,572,18,1763.35,115.149740,35.419269,328.91,-0.00083214
2017,572,19,1861.32,115.148661,35.419269,328.91,-0.00174923
2017,572,20,1959.28,115.147739,35.419539,358.81,0.00000000
2017,572,21,2057.24,115.146816,35.419808,328.91,0.00174923
2017,572,22,2155.21,115.145737,35.419808,328.91,0.00083214
2017,572,23,2253.17,115.144659,35.419808,328.91,-0.00083214
2017,572,24,2351.14,115.143580,35.419808,358.81,-0.00166437
2017,572,25,2449.10,115.142657,35.420078,388.71,0.00000000
2017,572,26,2547.06,115.141721,35.420323,388.71,0.00159380
2017,572,27,2645.03,115.140656,35.420347,388.71,0.00083214
2017,572,28,2742.99,115.139577,35.420347,388.71,-0.00076156
2017,572,29,2840.96,115.138499,35.420347,418.61,-0.00016286
2017,572,30,2938.92,115.137576,35.420617,448.52,0.00166428
2017,572,31,3036.88,115.136625,35.420396,463.47,0.00115649
2017,572,32,3134.85,115.135575,35.420347,478.42,0.00000000
2017,572,33,3232.81,115.134652,35.420078,448.52,-0.00099362
2017,572,34,3330.78,115.133573,35.420078,418.61,-0.00083214
2017,572,35,3428.74,115.132494,35.420078,448.52,-0.00083214
2017,572,36,3526.70,115.131416,35.420078,478.42,-0.00083214
2017,572,37,3624.67,115.130493,35.420347,508.32,0.00083214
2017,572,38,3722.63,115.129414,35.420347,508.32,0.00000000
2017,572,39,3820.60,115.128336,35.420347,568.12,-0.00174923
2017,572,40,3918.56,115.127413,35.420617,657.82,-0.00183419
2017,573,0,0.00,115.127413,35.420617,1794.06,-0.00162168
2017,573,1,88.78,115.127413,35.421417,1420.30,-0.00167128
2017,573,2,177.56,115.127683,35.422138,1181.09,-0.00086044
2017,573,3,266.34,115.127952,35.422860,1016.64,0.00000000
2017,573,4,355.12,115.128222,35.423581,328.91,0.00000000
2017,574,0,0.00,115.127413,35.420617,627.92,-0.00000000
2017,574,1,99.83,115.126470,35.420347,598.02,-0.00028551
2017,574,2,199.66,115.125527,35.420078,583.07,0.00000000
2017,574,3,299.48,115.124534,35.419893,553.17,0.00086522
2017,574,4,399.31,115.123640,35.419539,553.17,0.00115941
2017,575,0,0.00,115.123640,35.419539,1794.06,0.00000000
2017,575,1,86.07,115.123640,35.418763,1794.06,-0.00184974
2017,575,2,172.14,115.123640,35.417987,1046.54,-0.00741257
2017,575,3,258.20,115.123084,35.417383,448.52,-0.00956493
2017,575,4,344.27,115.122293,35.417652,702.67,-0.00800420
2017,576,0,0.00,115.123640,35.419539,657.82,0.00603199
2017,576,1,75.35,115.122966,35.419808,478.42,0.00603199
2017,576,2,150.71,115.122293,35.419539,538.22,0.00603199
2017,577,0,0.00,115.122293,35.417652,388.71,0.00000000
2017,577,1,69.77,115.122293,35.418281,1794.06,0.00000000
2017,577,2,139.53,115.122293,35.418910,1794.06,0.00000000
2017,577,3,209.30,115.122293,35.419539,1794.06,0.00000000
2017,578,0,0.00,115.122293,35.417652,508.32,-0.00276428
2017,578,1,80.51,115.121562,35.417383,373.76,-0.00241478
2017,578,2,161.02,115.120676,35.417383,373.76,0.00000000
2017,578,3,241.53,115.119818,35.417333,343.86,0.00189937
2017,578,4,322.04,115.119059,35.417113,328.91,0.00173347
2017,58,0,0.00,115.819206,35.856928,388.71,0.00000000
2017,58,1,19.28,115.819071,35.856794,463.47,0.00000000
2017,58,2,38.56,115.818936,35.856659,493.37,0.00000000
2017,580,0,0.00,115.122293,35.419539,493.37,0.00229427
2017,580,1,99.19,115.121357,35.419808,448.52,0.00251585
2017,580,2,198.37,115.120316,35.419718,373.76,0.00108745
2017,580,3,297.56,115.119328,35.419539,358.81,0.00000000
2017,580,4,396.75,115.118236,35.419539,328.91,0.00028126
2017,580,5,495.93,115.117300,35.419269,328.91,-0.00000000
2017,580,6,595.12,115.116208,35.419269,358.81,0.00005727
2017,580,7,694.31,115.115272,35.419000,328.91,0.00089353
2017,580,8,793.49,115.114190,35.418982,328.91,0.00254886
2017,580,9,892.68,115.113399,35.418461,373.76,0.00342519
2017,581,0,0.00,115.113399,35.418461,1435.25,0.00000000
2017,581,1,72.68,115.113399,35.417806,1210.99,-0.00121955
2017,581,2,145.36,115.113399,35.417150,732.58,-0.00251507
2017,581,3,218.04,115.113130,35.416574,478.42,-0.00259104
2017,582,0,0.00,115.113399,35.418461,478.42,0.00291196
2017,582,1,74.71,115.112577,35.418461,388.71,0.00306978
2017,582,2,149.42,115.111910,35.418191,328.91,0.00161380
2017,582,3,224.14,115.111243,35.417922,358.81,-0.00000000
2017,583,0,0.00,115.113130,35.416574,358.81,0.00000000
2017,583,1,19.32,115.112995,35.416439,388.71,0.00000000
2017,583,2,38.64,115.112860,35.416305,553.17,0.00000000
2017,584,0,0.00,115.112860,35.416305,553.17,-0.00309576
2017,584,1,92.35,115.112329,35.415766,343.86,-0.00578502
2017,584,2,184.71,115.111484,35.415525,388.71,-0.00930303
2017,584,3,277.06,115.110741,35.415998,657.82,-0.00744655
2017,584,4,369.41,115.110704,35.416820,747.53,-0.00247984
2017,584,5,461.77,115.110704,35.417652,1061.49,-0.00019836
2017,585,0,0.00,115.113130,35.416574,568.12,0.00213495
2017,585,1,89.95,115.113808,35.416035,448.52,0.00547285
2017,585,2,179.91,115.114643,35.415766,343.86,0.00588077
2017,585,3,269.86,115.115321,35.416305,358.81,-0.00019882
2017,585,4,359.82,115.116232,35.416442,313.96,-0.00114737
2017,585,5,449.77,115.117146,35.416574,343.86,0.00109660
2017,585,6,539.73,115.117981,35.416844,343.86,0.00113949
2017,586,0,0.00,115.112860,35.416305,777.43,0.00000000
2017,586,1,77.28,115.112321,35.416844,732.58,0.00000000
2017,586,2,154.56,115.111782,35.417383,792.38,0.00000000
2017,586,3,231.84,115.111243,35.417922,732.58,0.00000000
2017,587,0,0.00,115.111243,35.417922,358.81,0.01144917
2017,587,1,31.56,115.110925,35.417872,373.76,0.01105593
2017,587,2,63.12,115.110704,35.417652,553.17,0.01066268
2017,589,0,0.00,115.110704,35.417652,239.21,0.00197430
2017,589,1,90.17,115.109712,35.417652,328.91,0.00098715
2017,589,2,180.34,115.108875,35.417383,328.91,0.00109110
2017,589,3,270.51,115.107882,35.417383,269.11,0.00327485
2017,589,4,360.68,115.107201,35.416844,299.01,0.00436750
2017,59,0,0.00,115.819206,35.856928,343.86,0.00315883
2017,59,1,93.83,115.818759,35.857645,299.01,0.00551398
2017,59,2,187.67,115.817931,35.858006,224.26,0.00620135
2017,59,3,281.50,115.817050,35.857737,269.11,0.00453356
2017,590,0,0.00,115.107201,35.416844,269.11,0.00291186
2017,590,1,74.71,115.106378,35.416844,269.11,0.00306967
2017,590,2,149.43,115.105712,35.416574,254.16,0.00161374
2017,590,3,224.14,115.105045,35.416305,254.16,0.00000000
2017,591,0,0.00,115.107201,35.416844,792.38,-0.00000000
2017,591,1,77.28,115.107740,35.416305,777.43,-0.00000000
2017,591,2,154.56,115.108279,35.415766,747.53,-0.00000000
2017,592,0,0.00,115.105045,35.416305,254.16,0.00202948
2017,592,1,75.36,115.104322,35.416121,254.16,0.00202576
2017,592,2,150.71,115.103698,35.415766,224.26,0.00202205
2017,593,0,0.00,115.105045,35.416305,1794.06,-0.00000000
2017,593,1,68.54,115.105315,35.415766,1794.06,-0.00000000
2017,593,2,137.08,115.105584,35.415227,508.32,-0.00000000
2017,594,0,0.00,115.103698,35.415766,1794.06,0.00196813
2017,594,1,72.91,115.103998,35.415196,1255.84,0.00191237
2017,594,2,145.82,115.104506,35.414688,822.28,0.00185660
2017,595,0,0.00,115.103698,35.415766,269.11,0.00000000
2017,595,1,96.61,115.102790,35.415496,239.21,0.00068475
2017,595,2,193.22,115.101882,35.415227,224.26,0.00091267
2017,595,3,289.83,115.101083,35.414769,209.31,-0.00022868
2017,595,4,386.44,115.100212,35.414436,209.31,0.00012987
2017,595,5,483.05,115.099341,35.414104,194.36,0.00122100
2017,595,6,579.66,115.098563,35.413610,179.41,0.00006432
2017,595,7,676.27,115.097796,35.413098,209.31,-0.00060235
2017,595,8,772.88,115.096924,35.412765,269.11,0.00057022
2017,595,9,869.49,115.096152,35.412262,254.16,0.00120471
2017,596,0,0.00,115.096152,35.412262,418.61,0.00203191
2017,596,1,88.92,115.095173,35.412262,164.46,0.00213934
2017,596,2,177.84,115.094350,35.411993,179.41,0.00112338
2017,596,3,266.77,115.093527,35.411723,164.46,0.00134484
2017,596,4,355.69,115.092704,35.411454,164.46,0.00271172
2017,596,5,444.61,115.092063,35.410869,149.51,0.00211086
2017,596,6,533.53,115.091443,35.410248,209.31,0.00139801
2017,596,7,622.45,115.091031,35.409567,254.16,0.00130807
2017,597,0,0.00,115.096152,35.412262,418.61,-0.00147285
2017,597,1,93.08,115.096152,35.411423,224.26,-0.00231204
2017,597,2,186.17,115.095882,35.410663,134.55,-0.00234512
2017,597,3,279.25,115.095343,35.409982,104.65,-0.00077481
2017,597,4,372.34,115.094806,35.409300,164.46,0.00055678
2017,597,5,465.42,115.094265,35.408619,239.21,0.00024989
2017,597,6,558.51,115.093925,35.407879,269.11,-0.00059524
2017,597,7,651.59,115.093276,35.407230,149.51,-0.00028304
2017,597,8,744.68,115.092835,35.406520,149.51,-0.00175473
2017,597,9,837.76,115.092186,35.405871,149.51,-0.00307325
2017,597,10,930.85,115.091339,35.405563,358.81,-0.00131852
2017,597,11,1023.93,115.090492,35.405255,418.61,0.00000000
2017,598,0,0.00,115.091031,35.409567,328.91,0.00374471
2017,598,1,95.62,115.090068,35.409413,194.36,0.00307167
2017,598,2,191.25,115.089401,35.408746,164.46,0.00144853
2017,598,3,286.87,115.088636,35.408249,209.31,0.00112298
2017,598,4,382.50,115.088067,35.407554,328.91,0.00169004
2017,598,5,478.12,115.087528,35.406850,328.91,0.00230841
2017,598,6,573.75,115.087258,35.406066,373.76,0.00218929
2017,598,7,669.37,115.087258,35.405205,627.92,0.00213314
2017,598,8,765.00,115.087258,35.404343,822.28,0.00292660
2017,598,9,860.62,115.087797,35.403638,911.98,0.00298123
2017,599,0,0.00,115.091031,35.409567,343.86,-0.00336679
2017,599,1,88.48,115.091301,35.408849,194.36,-0.00336679
2017,599,2,176.95,115.091031,35.408130,164.46,-0.00168340
2017,599,3,265.43,115.090762,35.407411,119.60,0.00000000
2017,599,4,353.90,115.090492,35.406693,164.46,0.00168340
2017,599,5,442.38,115.090223,35.405974,373.76,0.00336679
2017,599,6,530.85,115.090492,35.405255,822.28,0.00336679
2017,6,0,0.00,115.883884,35.879296,1390.40,0.00356984
2017,6,1,94.33,115.883225,35.879956,1794.06,0.00370317
2017,6,2,188.67,115.882267,35.880105,523.27,0.00383650
2017,600,0,0.00,115.090492,35.405255,328.91,-0.00270406
2017,600,1,86.38,115.090098,35.404592,403.66,-0.00274117
2017,600,2,172.76,115.089397,35.404160,598.02,-0.00292650
2017,600,3,259.14,115.088696,35.403729,702.67,-0.00302580
2017,600,4,345.51,115.087797,35.403638,956.83,-0.00297689
2017,602,0,0.00,115.087797,35.403638,598.02,0.00000000
2017,602,1,19.32,115.087663,35.403504,568.12,0.00000000
2017,602,2,38.64,115.087528,35.403369,583.07,0.00000000
2017,604,0,0.00,115.087528,35.403369,1181.09,-0.00058649
2017,604,1,87.60,115.086621,35.403468,1375.45,0.00239843
2017,604,2,175.21,115.085755,35.403638,822.28,0.00555542
2017,604,3,262.81,115.085102,35.403099,598.02,0.00572749
2017,605,0,0.00,115.087528,35.403369,672.77,0.00000000
2017,605,1,97.54,115.087528,35.402647,583.07,-0.00066964
2017,605,2,195.08,115.087528,35.401768,463.47,-0.00137900
2017,605,3,292.62,115.087258,35.400968,403.66,-0.00062518
2017,605,4,390.16,115.086989,35.400168,358.81,-0.00091366
2017,605,5,487.70,115.086751,35.399358,493.37,-0.00222210
2017,605,6,585.24,115.086180,35.398788,343.86,-0.00244852
2017,606,0,0.00,115.085102,35.403099,598.02,-0.00079649
2017,606,1,71.46,115.084833,35.402534,493.37,-0.00866457
2017,606,2,142.92,115.084523,35.402062,478.42,-0.01417936
2017,606,3,214.37,115.084024,35.402560,463.47,-0.01182607
2017,607,0,0.00,115.085102,35.403099,583.07,0.00772257
2017,607,1,70.99,115.084321,35.403099,463.47,0.00808306
2017,607,2,141.98,115.084024,35.402560,433.57,0.00844356
2017,608,0,0.00,115.086180,35.398788,388.71,-0.00114094
2017,608,1,96.66,115.085923,35.397991,313.96,-0.00113774
2017,608,2,193.32,115.085458,35.397256,328.91,-0.00111814
2017,608,3,289.97,115.084992,35.396521,328.91,-0.00080012
2017,608,4,386.63,115.084318,35.395847,388.71,0.00081718
2017,608,5,483.29,115.083755,35.395141,328.91,0.00163514
2017,608,6,579.95,115.083485,35.394348,328.91,0.00003215
2017,608,7,676.61,115.083130,35.393581,313.96,-0.00026775
2017,608,8,773.26,115.082665,35.392846,358.81,0.00083928
2017,608,9,869.92,115.082407,35.392050,403.66,0.00114094
2017,609,0,0.00,115.086180,35.398788,897.03,0.00000000
2017,609,1,38.64,115.085911,35.399057,941.88,0.00000000
2017,609,2,77.29,115.085641,35.399326,807.33,0.00000000
2017,61,0,0.00,115.818936,35.856659,254.16,0.00279421
2017,61,1,80.13,115.818206,35.856928,224.26,0.00265711
2017,61,2,160.27,115.817319,35.856928,254.16,0.00252002
2017,610,0,0.00,115.084024,35.402560,403.66,0.00248559
2017,610,1,66.74,115.083460,35.402266,373.76,0.00466602
2017,610,2,133.47,115.082995,35.401800,358.81,0.00576684
2017,610,3,200.21,115.082946,35.401213,403.66,0.00468722
2017,611,0,0.00,115.082407,35.392050,388.71,0.00438438
2017,611,1,50.89,115.081954,35.391866,388.71,0.00417066
2017,611,2,101.77,115.081599,35.391511,388.71,0.00395693
2017,612,0,0.00,115.082407,35.392050,911.98,0.00123879
2017,612,1,89.53,115.083032,35.391426,1106.34,0.00128973
2017,612,2,179.07,115.083755,35.390972,747.53,0.00134067
2017,613,0,0.00,115.085641,35.399326,1196.04,-0.00249374
2017,613,1,80.53,115.084755,35.399326,777.43,-0.00262841
2017,613,2,161.05,115.084024,35.399596,612.97,-0.00276307
2017,614,0,0.00,115.085641,35.399326,538.22,0.00380594
2017,614,1,73.09,115.085340,35.399897,837.23,0.00494462
2017,614,2,146.18,115.084732,35.400236,508.32,0.00411756
2017,614,3,219.27,115.084024,35.400404,313.96,0.00215182
2017,615,0,0.00,115.082946,35.401213,59.80,-0.00536769
2017,615,1,78.07,115.083688,35.401010,717.63,-0.00526317
2017,615,2,156.15,115.084024,35.400404,583.07,-0.00515865
2017,616,0,0.00,115.082946,35.401213,373.76,0.00000000
2017,616,1,97.71,115.082265,35.400532,328.91,0.00051208
2017,616,2,195.42,115.081584,35.399850,328.91,0.00145609
2017,616,3,293.13,115.081111,35.399108,358.81,0.00220075
2017,616,4,390.84,115.080791,35.398321,343.86,0.00205476
2017,616,5,488.55,115.080791,35.397440,403.66,0.00159605
2017,617,0,0.00,115.081599,35.391511,448.52,-0.00013608
2017,617,1,84.87,115.081330,35.390825,284.06,-0.00263748
2017,617,2,169.74,115.081041,35.390145,463.47,-0.00517587
2017,617,3,254.60,115.080252,35.389894,568.12,-0.00521288
2017,618,0,0.00,115.081599,35.391511,897.03,0.00331989
2017,618,1,87.74,115.080987,35.392123,1704.36,0.00567298
2017,618,2,175.48,115.080135,35.392320,687.72,0.00873782
2017,618,3,263.22,115.079368,35.391975,284.06,0.00709977
2017,618,4,350.96,115.079174,35.391242,433.57,0.00474997
2017,619,0,0.00,115.084024,35.399596,373.76,0.00000000
2017,619,1,44.85,115.084024,35.400000,403.66,0.00000000
2017,619,2,89.70,115.084024,35.400404,403.66,0.00000000
2017,62,0,0.00,115.815972,35.855581,1121.29,0.00000000
2017,62,1,19.28,115.816106,35.855716,1166.14,0.00000000
2017,62,2,38.56,115.816241,35.855850,1210.99,0.00000000
2017,620,0,0.00,115.084024,35.399596,433.57,0.00000000
2017,620,1,38.64,115.083755,35.399326,313.96,0.00000000
2017,620,2,77.29,115.083485,35.399057,313.96,0.00000000
2017,622,0,0.00,115.080521,35.397171,343.86,0.00000000
2017,622,1,19.32,115.080656,35.397305,358.81,0.00000000
2017,622,2,38.64,115.080791,35.397440,373.76,0.00000000
2017,623,0,0.00,115.080791,35.397440,104.65,0.00000000
2017,623,1,68.29,115.081464,35.397305,209.31,0.00000000
2017,623,2,136.57,115.082138,35.397171,508.32,0.00000000
2017,624,0,0.00,115.080521,35.397171,403.66,0.00000000
2017,624,1,44.85,115.080521,35.396766,418.61,0.00000000
2017,624,2,89.70,115.080521,35.396362,373.76,0.00000000
2017,625,0,0.00,115.080521,35.397171,463.47,0.00882581
2017,625,1,43.80,115.080039,35.397171,448.52,0.00901421
2017,625,2,87.61,115.079713,35.396901,328.91,0.00920262
2017,626,0,0.00,115.080252,35.389894,358.81,-0.00147074
2017,626,1,84.87,115.080077,35.389180,463.47,-0.00364157
2017,626,2,169.74,115.079693,35.388528,463.47,-0.00517586
2017,626,3,254.61,115.078904,35.388277,538.22,-0.00453931
2017,627,0,0.00,115.080252,35.389894,1091.39,-0.00115125
2017,627,1,92.24,115.079608,35.390537,657.82,-0.00118223
2017,627,2,184.48,115.079174,35.391242,508.32,-0.00121321
2017,628,0,0.00,115.079174,35.391242,553.17,0.00423592
2017,628,1,87.82,115.078364,35.390971,358.81,0.00503054
2017,628,2,175.63,115.077960,35.390297,343.86,0.00570347
2017,628,3,263.45,115.077826,35.389545,538.22,0.00516814
2017,628,4,351.27,115.078292,35.388890,762.48,0.00282080
2017,628,5,439.09,115.078904,35.388277,1091.39,0.00088708
2017,63,0,0.00,115.815972,35.855581,254.16,-0.00137608
2017,63,1,85.72,115.815180,35.855850,269.11,-0.00282220
2017,63,2,171.44,115.814475,35.856269,328.91,-0.00354661
2017,63,3,257.16,115.814085,35.856928,702.67,-0.00282489
2017,630,0,0.00,115.078904,35.388277,388.71,-0.00208136
2017,630,1,99.56,115.078835,35.387400,403.66,-0.00312429
2017,630,2,199.11,115.078350,35.386645,358.81,-0.00311899
2017,630,3,298.67,115.077557,35.386121,418.61,-0.00207076
2017,631,0,0.00,115.077557,35.386121,418.61,-0.00132437
2017,631,1,89.59,115.077349,35.385375,299.01,-0.00257937
2017,631,2,179.18,115.076933,35.384689,418.61,-0.00320525
2017,631,3,268.77,115.076209,35.384235,403.66,-0.00257613
2017,632,0,0.00,115.077557,35.386121,1659.51,0.00531376
2017,632,1,97.61,115.076794,35.386660,971.78,0.00707441
2017,632,2,195.23,115.075875,35.386391,433.57,0.00806140
2017,632,3,292.84,115.075401,35.385758,343.86,0.00671903
2017,632,4,390.45,115.075528,35.384915,732.58,0.00448953
2017,632,5,488.07,115.076209,35.384235,1001.69,0.00282875
2017,633,0,0.00,115.076209,35.384235,403.66,-0.00316218
2017,633,1,98.24,115.075940,35.383428,388.71,-0.00165229
2017,633,2,196.48,115.075157,35.382914,373.76,0.00103623
2017,633,3,294.71,115.074862,35.382115,328.91,0.00063065
2017,633,4,392.95,115.074413,35.381360,328.91,-0.00108172
2017,633,5,491.19,115.073936,35.380614,328.91,-0.00060494
2017,633,6,589.43,115.073251,35.379929,299.01,0.00053286
2017,633,7,687.67,115.072775,35.379183,254.16,0.00108172
2017,633,8,785.90,115.072298,35.378437,224.26,0.00054886
2017,633,9,884.14,115.072030,35.377630,179.41,-0.00158831
2017,633,10,982.38,115.071554,35.376884,149.51,-0.00273534
2017,633,11,1080.62,115.070770,35.376370,194.36,-0.00106438
2017,633,12,1178.86,115.069972,35.375880,239.21,0.00024599
2017,633,13,1277.09,115.069202,35.375341,583.07,0.00032669
2017,634,0,0.00,115.069202,35.375341,358.81,0.00000000
2017,634,1,36.73,115.068798,35.375341,388.71,0.00000000
2017,634,2,73.47,115.068394,35.375341,418.61,0.00000000
2017,635,0,0.00,115.069202,35.375341,882.08,-0.00000000
2017,635,1,96.62,115.069876,35.374668,612.97,-0.00000000
2017,635,2,193.24,115.070550,35.373994,,-0.00000000
2017,636,0,0.00,115.068394,35.375341,807.33,-0.00193834
2017,636,1,77.25,115.068394,35.374645,762.48,-0.00325663
2017,636,2,154.51,115.068150,35.374020,1016.64,-0.00618472
2017,636,3,231.76,115.067612,35.373481,523.27,-0.00666022
2017,636,4,309.01,115.066777,35.373455,403.66,-0.00552592
2017,637,0,0.00,115.068394,35.375341,463.47,-0.00000000
2017,637,1,95.79,115.067495,35.375611,328.91,-0.00000000
2017,637,2,191.58,115.066597,35.375880,388.71,0.00000000
2017,637,3,287.37,115.065699,35.376150,418.61,0.00000000
2017,639,0,0.00,115.066777,35.373455,568.12,-0.00269429
2017,639,1,81.51,115.066036,35.373186,463.47,-0.00447631
2017,639,2,163.01,115.065139,35.373186,388.71,-0.00514082
2017,639,3,244.52,115.064479,35.373596,388.71,-0.00194589
2017,639,4,326.02,115.063812,35.373994,463.47,0.00013151
2017,64,0,0.00,115.816241,35.855850,1210.99,-0.00000000
2017,64,1,77.12,115.816780,35.856389,792.38,-0.00000000
2017,64,2,154.23,115.817319,35.856928,538.22,-0.00000000
2017,640,0,0.00,115.065699,35.376150,553.17,0.00261756
2017,640,1,93.43,115.064949,35.376631,373.76,0.00242285
2017,640,2,186.86,115.064001,35.376770,373.76,0.00065872
2017,640,3,280.28,115.063082,35.376958,418.61,0.00021269
2017,640,4,373.71,115.062204,35.377219,448.52,0.00247561
2017,640,5,467.14,115.061181,35.377228,478.42,0.00284784
2017,640,6,560.57,115.060309,35.376958,478.42,0.00208053
2017,641,0,0.00,115.065699,35.376150,911.98,-0.00000000
2017,641,1,75.11,115.065175,35.375626,1076.44,0.00087412
2017,641,2,150.22,115.064651,35.375102,807.33,0.00087412
2017,641,3,225.33,115.064336,35.374518,433.57,-0.00087412
2017,641,4,300.44,115.063812,35.373994,358.81,-0.00174823
2017,642,0,0.00,115.063812,35.373994,508.32,-0.00000000
2017,642,1,19.32,115.063678,35.374129,598.02,-0.00000000
2017,642,2,38.65,115.063543,35.374263,418.61,-0.00000000
2017,644,0,0.00,115.063543,35.374263,373.76,0.00362358
2017,644,1,93.62,115.062890,35.374689,358.81,0.00098368
2017,644,2,187.25,115.062040,35.374689,388.71,-0.00294822
2017,644,3,280.87,115.061387,35.375341,702.67,-0.00424022
2017,645,0,0.00,115.063543,35.374263,373.76,-0.00532913
2017,645,1,63.14,115.063103,35.373823,463.47,-0.00552543
2017,645,2,126.28,115.062465,35.373725,403.66,-0.00572174
2017,646,0,0.00,115.060309,35.376958,553.17,0.00205165
2017,646,1,71.46,115.060599,35.376399,612.97,0.00102582
2017,646,2,142.93,115.061097,35.375901,717.63,-0.00102582
2017,646,3,214.39,115.061387,35.375341,837.23,-0.00205165
2017,647,0,0.00,115.060309,35.376958,538.22,0.00000000
2017,647,1,61.22,115.059635,35.376958,508.32,0.00000000
2017,647,2,122.44,115.058961,35.376958,478.42,0.00000000
2017,649,0,0.00,115.061387,35.375341,269.11,-0.00000000
2017,649,1,68.55,115.061117,35.374802,224.26,-0.00000000
2017,649,2,137.10,115.060848,35.374263,149.51,-0.00000000
2017,65,0,0.00,115.816241,35.855850,403.66,-0.00269390
2017,65,1,98.36,115.815972,35.856659,897.03,-0.00269390
2017,65,2,196.72,115.816241,35.857467,1794.06,-0.00269390
2017,66,0,0.00,115.902480,35.941011,448.52,0.00161291
2017,66,1,88.71,115.902480,35.941810,343.86,0.00080645
2017,66,2,177.42,115.902210,35.942532,373.76,0.00085528
2017,66,3,266.13,115.902210,35.943331,448.52,0.00256251
2017,66,4,354.84,115.901671,35.943975,478.42,0.00341446
2017,67,0,0.00,115.902480,35.941011,1240.89,-0.00021170
2017,67,1,99.97,115.901372,35.941011,1151.19,-0.00275833
2017,67,2,199.93,115.900286,35.941048,493.37,-0.00715674
2017,67,3,299.90,115.899785,35.941805,358.81,-0.00639984
2017,67,4,399.87,115.900054,35.942628,568.12,-0.00379117
2017,68,0,0.00,115.817050,35.857737,926.93,0.00538775
2017,68,1,49.18,115.817050,35.857294,508.32,0.00549918
2017,68,2,98.36,115.817319,35.856928,343.86,0.00561061
2017,69,0,0.00,115.817050,35.857737,254.16,0.00890954
2017,69,1,43.62,115.816567,35.857737,299.01,0.00909848
2017,69,2,87.24,115.816241,35.857467,523.27,0.00928743
2017,7,0,0.00,115.886849,35.883878,568.12,-0.00000000
2017,7,1,77.10,115.886310,35.884417,523.27,-0.00000000
2017,7,2,154.21,115.885771,35.884956,433.57,-0.00000000
2017,72,0,0.00,115.814085,35.856928,448.52,0.00066576
2017,72,1,99.73,115.813090,35.857115,433.57,0.00006796
2017,72,2,199.46,115.812034,35.857198,433.57,-0.00088415
2017,72,3,299.18,115.811088,35.857467,418.61,-0.00061924
2017,72,4,398.91,115.810141,35.857737,418.61,0.00075139
2017,72,5,498.64,115.809194,35.858006,418.61,0.00088415
2017,72,6,598.37,115.808115,35.858048,373.76,0.00026351
2017,72,7,698.09,115.807143,35.858276,418.61,0.00000000
2017,72,8,797.82,115.806039,35.858276,388.71,-0.00094693
2017,72,9,897.55,115.805093,35.858545,388.71,-0.00000000
2017,72,10,997.28,115.804134,35.858795,418.61,0.00156211
2017,72,11,1097.00,115.803042,35.858815,418.61,0.00071992
2017,72,12,1196.73,115.801938,35.858815,418.61,-0.00074593
2017,72,13,1296.46,115.800851,35.858844,373.76,-0.00062794
2017,72,14,1396.19,115.799887,35.859084,418.61,-0.00000000
2017,72,15,1495.91,115.798783,35.859084,448.52,-0.00009198
2017,72,16,1595.64,115.797836,35.859354,418.61,0.00080240
2017,72,17,1695.37,115.796732,35.859354,418.61,0.00051699
2017,72,18,1795.10,115.795628,35.859354,448.52,-0.00080240
2017,72,19,1894.82,115.794582,35.859453,403.66,-0.00020869
2017,72,20,1994.55,115.793577,35.859623,448.52,-0.00000000
2017,72,21,2094.28,115.792473,35.859623,448.52,-0.00030830
2017,72,22,2194.01,115.791526,35.859893,448.52,0.00080240
2017,72,23,2293.73,115.790422,35.859893,448.52,0.00080240
2017,72,24,2393.46,115.789318,35.859893,388.71,-0.00000000
2017,72,25,2493.19,115.788214,35.859893,418.61,0.00000000
2017,73,0,0.00,115.814085,35.856928,986.73,-0.00239836
2017,73,1,83.87,115.814699,35.857467,508.32,-0.00490833
2017,73,2,167.73,115.815470,35.857737,508.32,-0.00612679
2017,73,3,251.60,115.816241,35.857467,284.06,-0.00483529
2017,76,0,0.00,115.901671,35.943975,493.37,-0.00107891
2017,76,1,98.35,115.901402,35.944784,373.76,-0.00000000
2017,76,2,196.69,115.901341,35.945652,433.57,0.00108782
2017,76,3,295.04,115.900863,35.946401,448.52,0.00000000
2017,76,4,393.38,115.900593,35.947209,493.37,-0.00109672
2017,77,0,0.00,115.901671,35.943975,1196.04,0.00209062
2017,77,1,72.34,115.901066,35.943639,911.98,0.00200005
2017,77,2,144.68,115.900560,35.943133,612.97,0.00095474
2017,77,3,217.02,115.900054,35.942628,762.48,0.00000000
2017,78,0,0.00,115.900054,35.942628,478.42,0.00062478
2017,78,1,90.02,115.899372,35.943167,553.17,-0.00034500
2017,78,2,180.03,115.898707,35.943578,448.52,-0.00186206
2017,78,3,270.05,115.898176,35.944236,403.66,-0.00154283
2017,78,4,360.07,115.897756,35.944926,448.52,-0.00033816
2017,78,5,450.08,115.897335,35.945616,448.52,-0.00065241
2017,78,6,540.10,115.896915,35.946306,478.42,-0.00064564
2017,78,7,630.11,115.896704,35.947056,463.47,-0.00065259
2017,78,8,720.13,115.896281,35.947745,508.32,-0.00190960
2017,78,9,810.15,115.896281,35.948556,493.37,-0.00250049
2017,8,0,0.00,115.886849,35.883878,328.91,0.00196419
2017,8,1,81.24,115.887388,35.884454,299.01,0.00303836
2017,8,2,162.49,115.887657,35.885108,284.06,0.00302176
2017,8,3,243.73,115.887657,35.885841,299.01,0.00096550
2017,8,4,324.97,115.887657,35.886573,284.06,0.00000000
2017,80,0,0.00,115.788214,35.859893,1539.90,0.00216710
2017,80,1,79.08,115.787944,35.859258,1794.06,0.00210395
2017,80,2,158.17,115.787944,35.858545,882.08,0.00204081
2017,81,0,0.00,115.788214,35.859893,388.71,0.00110912
2017,81,1,99.67,115.787268,35.860162,403.66,0.00088524
2017,81,2,199.34,115.786224,35.860265,373.76,0.00064913
2017,81,3,299.01,115.785218,35.860432,388.71,0.00080337
2017,81,4,398.68,115.784115,35.860432,358.81,0.00048491
2017,81,5,498.35,115.783011,35.860432,358.81,-0.00000000
2017,81,6,598.02,115.781908,35.860432,358.81,0.00000000
2017,81,7,697.69,115.780804,35.860432,328.91,0.00033453
2017,81,8,797.36,115.779701,35.860432,299.01,0.00080337
2017,81,9,897.03,115.778665,35.860315,284.06,-0.00069951
2017,81,10,996.69,115.777651,35.860162,299.01,-0.00080337
2017,81,11,1096.36,115.776705,35.860432,269.11,0.00116834
2017,81,12,1196.03,115.775759,35.860162,269.11,-0.00000000
2017,81,13,1295.70,115.774656,35.860162,209.31,-0.00004541
2017,81,14,1395.37,115.773552,35.860162,209.31,0.00136079
2017,81,15,1495.04,115.772598,35.859907,179.41,0.00009106
2017,81,16,1594.71,115.771603,35.859721,134.55,-0.00022674
2017,81,17,1694.38,115.770556,35.859623,119.60,0.00115315
2017,81,18,1794.05,115.769613,35.859348,119.60,0.00145637
2017,81,19,1893.72,115.768718,35.858992,119.60,0.00085823
2017,81,20,1993.39,115.767876,35.858545,149.51,0.00091298
2017,81,21,2093.06,115.767027,35.858109,209.31,0.00119307
2017,81,22,2192.73,115.766298,35.857467,269.11,0.00177450
2017,81,23,2292.40,115.765576,35.856874,269.11,0.00182672
2017,81,24,2392.07,115.765307,35.856054,284.06,-0.00007600
2017,81,25,2491.74,115.764768,35.855311,403.66,-0.00135657
2017,82,0,0.00,115.900593,35.947209,538.22,-0.00033383
2017,82,1,84.65,115.899802,35.947461,478.42,-0.00080594
2017,82,2,169.30,115.899032,35.947748,358.81,-0.00126911
2017,82,3,253.94,115.898320,35.948135,254.16,-0.00079181
2017,82,4,338.59,115.897629,35.948556,134.55,-0.00032345
2017,83,0,0.00,115.900593,35.947209,657.82,0.00000000
2017,83,1,19.27,115.900728,35.947344,627.92,0.00000000
2017,83,2,38.54,115.900863,35.947478,583.07,0.00000000
2017,84,0,0.00,115.764768,35.855311,299.01,0.00034202
2017,84,1,94.08,115.764498,35.854541,284.06,0.00075908
2017,84,2,188.16,115.764289,35.853754,284.06,0.00042218
2017,84,3,282.24,115.764229,35.852924,284.06,-0.00050469
2017,84,4,376.31,115.763959,35.852154,284.06,-0.00025396
2017,84,5,470.39,115.763779,35.851358,313.96,-0.00051036
2017,84,6,564.47,115.763539,35.850580,343.86,-0.00068125
2017,84,7,658.55,115.763151,35.849844,313.96,0.00025597
2017,84,8,752.63,115.762881,35.849074,299.01,0.00034202
2017,84,9,846.71,115.762612,35.848304,433.57,0.00000000
2017,85,0,0.00,115.764768,35.855311,867.13,0.00062967
2017,85,1,87.41,115.764057,35.855752,583.07,0.00288955
2017,85,2,174.82,115.763305,35.856120,657.82,0.00733445
2017,85,3,262.23,115.762438,35.855946,373.76,0.00722765
2017,85,4,349.64,115.762036,35.855275,313.96,-0.00034144
2017,85,5,437.04,115.761634,35.854603,403.66,-0.00561922
2017,85,6,524.45,115.760725,35.854503,388.71,-0.00561973
2017,86,0,0.00,115.762612,35.848304,299.01,-0.00174055
2017,86,1,85.51,115.762612,35.847534,284.06,-0.00179380
2017,86,2,171.02,115.762342,35.846841,508.32,-0.00092353
2017,86,3,256.53,115.762073,35.846149,478.42,0.00000000
2017,87,0,0.00,115.762612,35.848304,672.77,0.00508661
2017,87,1,82.87,115.762009,35.848843,1210.99,0.00505215
2017,87,2,165.74,115.761092,35.848843,747.53,0.00620105
2017,87,3,248.61,115.760179,35.848836,403.66,0.00756222
2017,87,4,331.49,115.759917,35.848165,299.01,0.00384204
2017,87,5,414.36,115.759647,35.847496,448.52,-0.00005596
2017,88,0,0.00,115.762073,35.846149,299.01,-0.00138831
2017,88,1,95.56,115.762073,35.845287,328.91,-0.00142943
2017,88,2,191.11,115.761803,35.844504,313.96,-0.00073528
2017,88,3,286.67,115.761534,35.843721,343.86,-0.00000000
2017,88,4,382.23,115.761264,35.842938,328.91,0.00000000
2017,88,5,477.78,115.760995,35.842155,358.81,-0.00036752
2017,88,6,573.34,115.760725,35.841371,328.91,-0.00089326
2017,88,7,668.89,115.760324,35.840627,358.81,-0.00068309
2017,88,8,764.45,115.759865,35.839898,373.76,0.00042092
2017,88,9,860.01,115.759406,35.839170,343.86,0.00097235
2017,88,10,955.56,115.759156,35.838381,299.01,-0.00057826
2017,88,11,1051.12,115.758839,35.837612,313.96,-0.00078689
2017,88,12,1146.68,115.758239,35.836924,299.01,0.00057826
2017,88,13,1242.23,115.757989,35.836135,299.01,0.00023140
2017,88,14,1337.79,115.757530,35.835407,299.01,-0.00167395
2017,88,15,1433.35,115.757222,35.834635,284.06,-0.00363455
2017,88,16,1528.90,115.756413,35.834291,343.86,-0.00424399
2017,89,0,0.00,115.762073,35.846149,508.32,0.00362740
2017,89,1,96.73,115.761397,35.846825,1031.59,0.00231042
2017,89,2,193.45,115.760403,35.846957,732.58,-0.00094380
2017,89,3,290.18,115.759647,35.847496,717.63,-0.00288102
2017,9,0,0.00,115.875530,35.872289,373.76,-0.00144695
2017,9,1,93.61,115.875530,35.871446,209.31,-0.00292188
2017,9,2,187.23,115.875261,35.870680,104.65,-0.00347380
2017,9,3,280.84,115.874548,35.870134,328.91,-0.00150258
2017,9,4,374.46,115.873858,35.869540,627.92,-0.00062356
2017,9,5,468.07,115.873105,35.869056,583.07,-0.00079274
2017,90,0,0.00,115.759378,35.847496,418.61,0.00000000
2017,90,1,12.17,115.759513,35.847496,508.32,0.00000000
2017,90,2,24.35,115.759647,35.847496,508.32,0.00000000
2017,92,0,0.00,115.759378,35.847496,553.17,-0.01070620
2017,92,1,31.45,115.759158,35.847276,493.37,-0.01110570
2017,92,2,62.90,115.758839,35.847226,538.22,-0.01150521
2017,93,0,0.00,115.759378,35.847496,523.27,0.01070624
2017,93,1,31.45,115.759158,35.847716,403.66,0.01110575
2017,93,2,62.90,115.758839,35.847765,,0.01150526
2017,94,0,0.00,115.756413,35.834291,299.01,-0.00146544
2017,94,1,93.06,115.756413,35.833452,328.91,-0.00229962
2017,94,2,186.11,115.756144,35.832691,299.01,-0.00233778
2017,94,3,279.17,115.755605,35.832009,313.96,-0.00077088
2017,94,4,372.22,115.755066,35.831326,299.01,0.00000000
2017,95,0,0.00,115.756413,35.834291,702.67,-0.00000000
2017,95,1,38.56,115.756144,35.834560,702.67,-0.00000000
2017,95,2,77.12,115.755874,35.834830,642.87,-0.00000000
2017,96,0,0.00,115.755066,35.831326,568.12,0.00000000
2017,96,1,57.84,115.754662,35.831731,732.58,0.00000000
2017,96,2,115.69,115.754257,35.832135,642.87,0.00000000
2017,97,0,0.00,115.755066,35.831326,269.11,-0.00207137
2017,97,1,94.68,115.754796,35.830551,269.11,-0.00208712
2017,97,2,189.36,115.754161,35.829882,284.06,-0.00111667
2017,97,3,284.04,115.753499,35.829220,224.26,-0.00061603
2017,97,4,378.72,115.752837,35.828559,194.36,-0.00055079
2017,97,5,473.40,115.752076,35.828067,164.46,0.00054752
2017,97,6,568.07,115.751415,35.827406,239.21,-0.00122121
2017,97,7,662.75,115.750752,35.826745,224.26,-0.00378984
2017,97,8,757.43,115.749793,35.826593,164.46,-0.00253944
2017,97,9,852.11,115.748814,35.826475,239.21,-0.00000000
2017,97,10,946.79,115.747766,35.826475,299.01,0.00007265
2017,97,11,1041.47,115.746876,35.826206,358.81,-0.00089299
2017,97,12,1136.15,115.746054,35.826357,403.66,0.00056150
2017,97,13,1230.83,115.745095,35.826206,538.22,0.00201760
2017,98,0,0.00,115.745095,35.826206,911.98,0.00425287
2017,98,1,84.62,115.744921,35.826918,388.71,0.00404644
2017,98,2,169.23,115.744231,35.827339,358.81,0.00380124
2017,98,3,253.85,115.743576,35.827823,343.86,0.00295319
2017,98,4,338.46,115.742651,35.827841,358.81,0.00000000
2017,98,5,423.08,115.741861,35.828092,478.42,-0.00214392
2017,99,0,0.00,115.745095,35.826206,1151.19,0.00125138
2017,99,1,88.38,115.744477,35.825588,657.82,-0.00171706
2017,99,2,176.76,115.744068,35.824910,732.58,-0.00545933
2017,99,3,265.13,115.743121,35.824858,433.57,-0.00433233
2017,99,4,353.51,115.742143,35.824858,343.86,-0.00235467
2017,99,5,441.89,115.741322,35.825128,373.76,-0.00227785
