year,link_id,sample_idx,s_m,lon,lat,B_m,C_1m
2006,0,0,0.00,115.518180,35.719486,493.37,0.00178356
2006,0,1,74.27,115.518699,35.720005,612.97,0.00089178
2006,0,2,148.55,115.519009,35.720584,702.67,-0.00089178
2006,0,3,222.82,115.519528,35.721103,897.03,-0.00178356
2006,1,0,0.00,115.519528,35.721103,418.61,-0.00273087
2006,1,1,92.41,115.520173,35.720458,358.81,-0.00248338
2006,1,2,184.81,115.520336,35.719672,299.01,-0.00080276
2006,1,3,277.22,115.520606,35.718918,299.01,-0.00047393
2006,1,4,369.62,115.520875,35.718163,299.01,-0.00153349
2006,1,5,462.03,115.520875,35.717330,373.76,-0.00148876
2006,10,0,0.00,115.565072,35.736734,1435.25,0.00057355
2006,10,1,85.79,115.564533,35.736117,897.03,-0.00212595
2006,10,2,171.57,115.564083,35.735475,538.22,-0.00513277
2006,10,3,257.36,115.563186,35.735386,343.86,-0.00544010
2006,100,0,0.00,115.693082,35.800873,373.76,0.00297211
2006,100,1,91.62,115.693069,35.801695,343.86,0.00144556
2006,100,2,183.25,115.692543,35.802369,343.86,-0.00155855
2006,100,3,274.87,115.692543,35.803195,299.01,-0.00227457
2006,100,4,366.50,115.692543,35.804020,179.41,-0.00155855
2006,100,5,458.12,115.692813,35.804768,179.41,-0.00080202
2006,100,6,549.74,115.693082,35.805516,149.51,-0.00000000
2006,100,7,641.37,115.693352,35.806263,134.55,-0.00000000
2006,101,0,0.00,115.693082,35.800873,538.22,-0.00000000
2006,101,1,93.24,115.693833,35.800392,583.07,-0.00061391
2006,101,2,186.48,115.694584,35.799911,538.22,-0.00118233
2006,101,3,279.72,115.695235,35.799259,328.91,-0.00056841
2006,101,4,372.96,115.695777,35.798717,358.81,-0.00000000
2006,102,0,0.00,115.457813,35.662892,433.57,0.00120760
2006,102,1,97.70,115.456933,35.662551,328.91,0.00174831
2006,102,2,195.41,115.456152,35.662039,328.91,0.00147913
2006,102,3,293.11,115.455469,35.661357,299.01,-0.00055713
2006,102,4,390.82,115.454751,35.660736,269.11,-0.00068555
2006,102,5,488.52,115.453907,35.660333,209.31,0.00055713
2006,102,6,586.23,115.453225,35.659651,194.36,0.00035094
2006,102,7,683.93,115.452443,35.659139,194.36,-0.00123305
2006,102,8,781.64,115.451761,35.658457,269.11,-0.00357835
2006,102,9,879.34,115.450767,35.658311,269.11,-0.00162149
2006,102,10,977.05,115.449688,35.658311,164.46,0.00131937
2006,102,11,1074.75,115.448822,35.657944,373.76,-0.00064260
2006,102,12,1172.46,115.447843,35.657772,388.71,-0.00175950
2006,102,13,1270.16,115.446764,35.657772,418.61,-0.00104267
2006,103,0,0.00,115.457813,35.662892,1794.06,0.00362065
2006,103,1,96.86,115.458490,35.662216,1061.49,0.00600864
2006,103,2,193.72,115.459483,35.662084,373.76,0.00647084
2006,103,3,290.58,115.460239,35.662623,358.81,0.00454504
2006,104,0,0.00,115.460239,35.662623,403.66,0.00000000
2006,104,1,43.70,115.460643,35.662757,373.76,0.00000000
2006,104,2,87.40,115.461047,35.662892,373.76,0.00000000
2006,106,0,0.00,115.697933,35.792250,642.87,0.00000000
2006,106,1,29.90,115.697933,35.792519,642.87,0.00000000
2006,106,2,59.80,115.697933,35.792789,642.87,0.00000000
2006,107,0,0.00,115.697933,35.792250,777.43,0.00089580
2006,107,1,85.26,115.698529,35.791654,418.61,0.00068253
2006,107,2,170.52,115.699191,35.791172,478.42,-0.00000000
2006,107,3,255.78,115.699820,35.790633,478.42,-0.00046925
2006,108,0,0.00,115.695777,35.795214,777.43,0.00000000
2006,108,1,38.57,115.696047,35.794945,418.61,0.00000000
2006,108,2,77.14,115.696316,35.794675,418.61,0.00000000
2006,109,0,0.00,115.695777,35.795214,403.66,0.00000000
2006,109,1,53.52,115.696047,35.795618,373.76,0.00000000
2006,109,2,107.04,115.696316,35.796023,373.76,0.00000000
2006,11,0,0.00,115.502280,35.686877,717.63,0.00000000
2006,11,1,84.23,115.502280,35.686118,822.28,-0.00261968
2006,11,2,168.46,115.502280,35.685359,478.42,-0.01000298
2006,11,3,252.69,115.501627,35.684991,373.76,-0.01157048
2006,11,4,336.92,115.500982,35.685481,1076.44,-0.00458378
2006,11,5,421.15,115.500394,35.686069,1151.19,-0.00079319
2006,110,0,0.00,115.693352,35.806263,179.41,-0.00134760
2006,110,1,96.98,115.693352,35.807137,164.46,-0.00147219
2006,110,2,193.97,115.693621,35.807933,209.31,-0.00239928
2006,110,3,290.95,115.693922,35.808720,239.21,-0.00314162
2006,110,4,387.94,115.694699,35.809228,493.37,-0.00308147
2006,111,0,0.00,115.693352,35.806263,299.01,0.00463889
2006,111,1,87.28,115.694003,35.805724,702.67,0.00454445
2006,111,2,174.57,115.694969,35.805724,687.72,0.00445001
2006,112,0,0.00,115.446764,35.657772,598.02,-0.00173889
2006,112,1,96.86,115.446088,35.657095,328.91,-0.00409854
2006,112,2,193.73,115.445252,35.656694,478.42,-0.00549694
2006,112,3,290.59,115.444339,35.656963,269.11,-0.00453570
2006,113,0,0.00,115.446764,35.657772,702.67,-0.00000000
2006,113,1,72.46,115.446258,35.658278,732.58,0.00095352
2006,113,2,144.92,115.445752,35.658784,403.66,0.00199721
2006,113,3,217.38,115.445147,35.659119,612.97,0.00208738
2006,114,0,0.00,115.697933,35.792789,747.53,-0.00347692
2006,114,1,53.52,115.697559,35.793163,717.63,-0.00358342
2006,114,2,107.04,115.697394,35.793597,328.91,-0.00368992
2006,115,0,0.00,115.697933,35.792789,523.27,0.00280264
2006,115,1,89.88,115.698561,35.793417,418.61,0.00407378
2006,115,2,179.76,115.698712,35.794166,358.81,0.00365176
2006,115,3,269.64,115.698472,35.794906,358.81,0.00219776
2006,115,4,359.52,115.698292,35.795664,388.71,0.00255323
2006,115,5,449.40,115.697664,35.796292,777.43,0.00266951
2006,116,0,0.00,115.696316,35.796023,284.06,0.00533334
2006,116,1,55.83,115.696934,35.796023,388.71,0.00558004
2006,116,2,111.65,115.697394,35.796292,508.32,0.00582673
2006,117,0,0.00,115.696316,35.796023,328.91,-0.00564947
2006,117,1,68.47,115.696047,35.796562,328.91,-0.00564947
2006,117,2,136.94,115.696316,35.797101,328.91,-0.00564947
2006,118,0,0.00,115.694699,35.809228,328.91,-0.00044270
2006,118,1,79.09,115.694699,35.809941,239.21,-0.00102097
2006,118,2,158.17,115.694760,35.810636,224.26,-0.00163767
2006,118,3,237.26,115.694969,35.811288,239.21,-0.00108421
2006,118,4,316.35,115.695238,35.811923,194.36,-0.00049233
2006,119,0,0.00,115.694699,35.809228,463.47,-0.00066935
2006,119,1,97.47,115.695463,35.808689,493.37,-0.00274303
2006,119,2,194.95,115.696047,35.808144,239.21,-0.00406174
2006,119,3,292.42,115.696047,35.807266,164.46,-0.00165339
2006,119,4,389.89,115.696047,35.806387,179.41,0.00137316
2006,119,5,487.37,115.696047,35.805509,179.41,0.00137316
2006,119,6,584.84,115.696586,35.804786,134.55,-0.00137316
2006,119,7,682.31,115.696586,35.803908,134.55,-0.00137316
2006,119,8,779.79,115.696586,35.803029,299.01,0.00000000
2006,12,0,0.00,115.502280,35.686877,448.52,0.00218508
2006,12,1,76.35,115.501437,35.686877,358.81,0.00497600
2006,12,2,152.70,115.500718,35.686663,388.71,0.00644891
2006,12,3,229.05,115.500394,35.686069,493.37,0.00513090
2006,120,0,0.00,115.444339,35.656963,1510.00,-0.00114193
2006,120,1,88.43,115.444339,35.657760,986.73,-0.00255576
2006,120,2,176.86,115.444530,35.658502,508.32,-0.00329929
2006,120,3,265.29,115.445147,35.659119,598.02,-0.00262899
2006,121,0,0.00,115.444339,35.656963,299.01,-0.00207693
2006,121,1,92.35,115.443476,35.656694,269.11,-0.00242139
2006,121,2,184.69,115.442456,35.656694,299.01,-0.00217843
2006,121,3,277.04,115.441512,35.656825,328.91,0.00102599
2006,121,4,369.39,115.440868,35.656996,284.06,0.00229868
2006,121,5,461.74,115.440023,35.656694,299.01,-0.00152299
2006,121,6,554.08,115.439003,35.656694,328.91,-0.00303863
2006,121,7,646.43,115.438140,35.656963,373.76,-0.00207693
2006,123,0,0.00,115.445147,35.659119,313.96,0.00240632
2006,123,1,86.07,115.444353,35.659389,254.16,0.00161990
2006,123,2,172.15,115.443403,35.659389,284.06,0.00000000
2006,123,3,258.22,115.442551,35.659559,313.96,0.00028798
2006,123,4,344.29,115.441658,35.659658,313.96,0.00108681
2006,123,5,430.36,115.440708,35.659658,284.06,0.00038209
2006,123,6,516.44,115.439757,35.659658,284.06,0.00000000
2006,124,0,0.00,115.697394,35.796292,493.37,0.00000000
2006,124,1,12.18,115.697529,35.796292,493.37,0.00000000
2006,124,2,24.36,115.697664,35.796292,493.37,0.00000000
2006,125,0,0.00,115.697664,35.796292,418.61,0.00429901
2006,125,1,78.44,115.698203,35.796843,313.96,0.00532927
2006,125,2,156.88,115.698203,35.797550,328.91,0.00428261
2006,125,3,235.31,115.697933,35.798178,328.91,0.00220568
2006,127,0,0.00,115.697394,35.796292,777.43,0.00204307
2006,127,1,70.03,115.696905,35.796781,433.57,0.00214166
2006,127,2,140.07,115.696316,35.797101,508.32,0.00224025
2006,129,0,0.00,115.696316,35.797101,358.81,0.00000000
2006,129,1,57.85,115.695912,35.797505,358.81,0.00000000
2006,129,2,115.71,115.695508,35.797909,358.81,0.00000000
2006,13,0,0.00,115.568576,35.735386,373.76,-0.00000000
2006,13,1,98.52,115.569508,35.735117,358.81,-0.00081797
2006,13,2,197.04,115.570440,35.734847,358.81,-0.00108930
2006,13,3,295.56,115.571235,35.734344,373.76,-0.00024565
2006,13,4,394.08,115.572122,35.733996,328.91,-0.00004902
2006,13,5,492.61,115.572922,35.733500,343.86,-0.00014913
2006,13,6,591.13,115.573796,35.733131,328.91,0.00000000
2006,13,7,689.65,115.574583,35.732613,343.86,0.00054586
2006,13,8,788.17,115.575470,35.732265,328.91,-0.00000000
2006,13,9,886.69,115.576336,35.731883,358.81,-0.00035089
2006,13,10,985.21,115.577144,35.731400,328.91,0.00000333
2006,13,11,1083.73,115.578030,35.731052,328.91,-0.00069749
2006,13,12,1182.25,115.578818,35.730535,328.91,0.00019395
2006,13,13,1280.77,115.579605,35.730017,328.91,0.00070418
2006,13,14,1379.30,115.580525,35.729727,328.91,-0.00039599
2006,13,15,1477.82,115.581300,35.729188,328.91,-0.00025367
2006,13,16,1576.34,115.582165,35.728804,373.76,-0.00013536
2006,13,17,1674.86,115.582953,35.728286,358.81,0.00012645
2006,13,18,1773.38,115.583782,35.727840,373.76,0.00008537
2006,13,19,1871.90,115.584627,35.727420,358.81,-0.00021252
2006,13,20,1970.42,115.585414,35.726902,358.81,-0.00003569
2006,13,21,2068.94,115.586264,35.726493,388.71,-0.00015742
2006,13,22,2167.46,115.587039,35.725954,328.91,0.00048166
2006,13,23,2265.98,115.587875,35.725519,343.86,0.00020752
2006,13,24,2364.51,115.588746,35.725145,343.86,-0.00068732
2006,13,25,2463.03,115.589521,35.724606,358.81,0.00092132
2006,13,26,2561.55,115.590336,35.724136,343.86,0.00231139
2006,13,27,2660.07,115.591322,35.723959,299.01,0.00075309
2006,13,28,2758.59,115.592318,35.723798,239.21,-0.00068303
2006,13,29,2857.11,115.593250,35.723528,209.31,0.00053313
2006,13,30,2955.63,115.594182,35.723259,239.21,0.00172948
2006,13,31,3054.15,115.595270,35.723259,239.21,-0.00000000
2006,13,32,3152.67,115.596359,35.723259,179.41,-0.00082268
2006,13,33,3251.20,115.597291,35.722989,179.41,0.00164536
2006,13,34,3349.72,115.598380,35.722989,179.41,0.00255216
2006,13,35,3448.24,115.599312,35.723259,209.31,0.00090680
2006,13,36,3546.76,115.600244,35.723528,164.46,0.00025376
2006,13,37,3645.28,115.601176,35.723798,209.31,0.00094104
2006,13,38,3743.80,115.602066,35.724140,224.26,0.00088456
2006,13,39,3842.32,115.602883,35.724606,239.21,-0.00000000
2006,13,40,3940.84,115.603740,35.725006,269.11,-0.00059339
2006,13,41,4039.36,115.604591,35.725415,269.11,-0.00094104
2006,13,42,4137.89,115.605513,35.725701,328.91,0.00107224
2006,13,43,4236.41,115.606455,35.725954,284.06,0.00195481
2006,13,44,4334.93,115.606978,35.726627,299.01,-0.00107224
2006,13,45,4433.45,115.607865,35.726975,343.86,-0.00081483
2006,13,46,4531.97,115.608751,35.727322,328.91,0.00124167
2006,13,47,4630.49,115.609538,35.727840,328.91,-0.00000333
2006,13,48,4729.01,115.610313,35.728379,343.86,-0.00131736
2006,13,49,4827.53,115.611212,35.728705,373.76,0.00000166
2006,13,50,4926.05,115.612099,35.729053,418.61,0.00066908
2006,13,51,5024.57,115.612886,35.729571,418.61,-0.00059339
2006,13,52,5123.10,115.613773,35.729918,418.61,-0.00059339
2006,13,53,5221.62,115.614659,35.730266,388.71,-0.00000000
2006,130,0,0.00,115.695238,35.811923,1196.04,0.00000000
2006,130,1,60.89,115.695912,35.811923,1719.31,0.00000000
2006,130,2,121.78,115.696586,35.811923,717.63,0.00000000
2006,131,0,0.00,115.695238,35.811923,269.11,-0.00137044
2006,131,1,96.18,115.695238,35.812790,209.31,-0.00068522
2006,131,2,192.36,115.695508,35.813578,239.21,-0.00015859
2006,131,3,288.54,115.695508,35.814445,254.16,-0.00072573
2006,131,4,384.72,115.695837,35.815217,224.26,-0.00040361
2006,131,5,480.90,115.696047,35.816023,239.21,0.00000000
2006,131,6,577.08,115.696316,35.816811,239.21,0.00056220
2006,131,7,673.26,115.696586,35.817600,269.11,0.00115147
2006,131,8,769.44,115.696586,35.818467,299.01,-0.00000000
2006,131,9,865.62,115.696690,35.819304,328.91,-0.00086683
2006,131,10,961.80,115.696855,35.820123,313.96,-0.00031720
2006,131,11,1057.98,115.697125,35.820911,328.91,0.00044109
2006,131,12,1154.16,115.697244,35.821744,358.81,-0.00008426
2006,131,13,1250.34,115.697394,35.822567,328.91,0.00000000
2006,131,14,1346.52,115.697664,35.823356,358.81,0.00040146
2006,131,15,1442.70,115.697664,35.824222,358.81,-0.00000000
2006,131,16,1538.88,115.697933,35.825011,358.81,0.00068522
2006,131,17,1635.06,115.697933,35.825878,358.81,0.00068522
2006,131,18,1731.23,115.697933,35.826745,358.81,0.00000000
2006,132,0,0.00,115.696586,35.803029,194.36,-0.00927723
2006,132,1,43.64,115.696260,35.802760,299.01,-0.00908834
2006,132,2,87.29,115.695777,35.802760,687.72,-0.00889946
2006,133,0,0.00,115.696586,35.803029,388.71,-0.00143039
2006,133,1,96.93,115.697125,35.802312,373.76,-0.00144423
2006,133,2,193.86,115.697394,35.801517,358.81,-0.00144350
2006,133,3,290.78,115.697664,35.800721,388.71,-0.00084447
2006,133,4,387.71,115.697664,35.799848,388.71,0.00000000
2006,133,5,484.64,115.697883,35.799037,299.01,-0.00029796
2006,133,6,581.57,115.697933,35.798178,299.01,-0.00085594
2006,134,0,0.00,115.438140,35.656963,1794.06,0.00000000
2006,134,1,74.75,115.438140,35.657637,1794.06,0.00000000
2006,134,2,149.51,115.438140,35.658311,343.86,0.00000000
2006,135,0,0.00,115.438140,35.656963,358.81,-0.00333909
2006,135,1,95.54,115.437374,35.656467,373.76,-0.00426327
2006,135,2,191.07,115.436344,35.656424,358.81,-0.00368708
2006,135,3,286.61,115.435445,35.656694,388.71,-0.00218670
2006,136,0,0.00,115.697933,35.798178,254.16,-0.01149877
2006,136,1,31.46,115.697614,35.798228,508.32,-0.01109999
2006,136,2,62.93,115.697394,35.798448,373.76,-0.01070121
2006,138,0,0.00,115.697933,35.826745,1794.06,0.00000000
2006,138,1,85.23,115.696990,35.826745,1360.50,0.00000000
2006,138,2,170.46,115.696047,35.826745,837.23,0.00000000
2006,139,0,0.00,115.697933,35.826745,313.96,0.00151156
2006,139,1,94.29,115.698203,35.827517,299.01,0.00137810
2006,139,2,188.58,115.698203,35.828366,328.91,0.00000000
2006,139,3,282.87,115.698238,35.829206,313.96,-0.00121612
2006,139,4,377.16,115.698472,35.829988,299.01,0.00000000
2006,139,5,471.45,115.698720,35.830766,299.01,0.00125265
2006,139,6,565.74,115.698742,35.831610,299.01,0.00052100
2006,139,7,660.04,115.698742,35.832459,269.11,-0.00065884
2006,139,8,754.33,115.698816,35.833288,284.06,-0.00053076
2006,139,9,848.62,115.699011,35.834081,299.01,0.00000000
2006,139,10,942.91,115.699089,35.834908,328.91,-0.00052353
2006,139,11,1037.20,115.699281,35.835703,328.91,0.00000000
2006,139,12,1131.49,115.699550,35.836474,299.01,0.00102645
2006,139,13,1225.78,115.699550,35.837324,328.91,-0.00134302
2006,139,14,1320.07,115.699636,35.838149,373.76,-0.00177514
2006,139,15,1414.36,115.700294,35.838808,373.76,0.00189178
2006,139,16,1508.65,115.700359,35.839639,373.76,0.00199529
2006,139,17,1602.94,115.700359,35.840489,373.76,0.00032911
2006,14,0,0.00,115.568576,35.735386,1524.95,0.00000000
2006,14,1,67.69,115.568103,35.734913,1210.99,-0.00229946
2006,14,2,135.39,115.567630,35.734441,672.77,-0.00479846
2006,14,3,203.08,115.566959,35.734308,343.86,-0.00499800
2006,140,0,0.00,115.435445,35.656694,926.93,-0.00000000
2006,140,1,68.50,115.435176,35.657233,941.88,-0.00000000
2006,140,2,136.99,115.434906,35.657772,867.13,-0.00000000
2006,141,0,0.00,115.435445,35.656694,299.01,-0.00189941
2006,141,1,96.37,115.434538,35.656424,358.81,-0.00167398
2006,141,2,192.74,115.433474,35.656424,328.91,-0.00086093
2006,141,3,289.10,115.432436,35.656379,343.86,-0.00029265
2006,141,4,385.47,115.431659,35.656424,358.81,0.00000000
2006,141,5,481.84,115.430594,35.656424,358.81,0.00031200
2006,142,0,0.00,115.700359,35.840489,1495.05,0.00207892
2006,142,1,92.32,115.699494,35.840759,1300.70,0.00198008
2006,142,2,184.64,115.698472,35.840759,777.43,0.00188124
2006,143,0,0.00,115.700359,35.840489,358.81,0.00234949
2006,143,1,92.91,115.700898,35.841170,358.81,0.00156563
2006,143,2,185.82,115.701030,35.841969,358.81,-0.00061230
2006,143,3,278.73,115.701437,35.842689,328.91,-0.00110197
2006,143,4,371.65,115.701911,35.843389,343.86,-0.00102604
2006,143,5,464.56,115.702351,35.844099,328.91,-0.00044261
2006,143,6,557.47,115.703054,35.844592,209.31,0.00150107
2006,143,7,650.38,115.703332,35.845349,194.36,-0.00011766
2006,143,8,743.29,115.703772,35.846058,194.36,-0.00220775
2006,143,9,836.20,115.704433,35.846688,194.36,-0.00226517
2006,143,10,929.11,115.705170,35.847187,224.26,-0.00193872
2006,143,11,1022.02,115.706018,35.847496,269.11,-0.00149443
2006,144,0,0.00,115.430594,35.656424,1794.06,0.00000000
2006,144,1,70.83,115.430594,35.657063,1614.66,0.00298204
2006,144,2,141.67,115.430594,35.657701,642.87,0.00644183
2006,144,3,212.50,115.430055,35.658041,403.66,0.00691958
2006,145,0,0.00,115.430594,35.656424,358.81,-0.00605981
2006,145,1,75.20,115.429921,35.656155,328.91,-0.00605981
2006,145,2,150.40,115.429247,35.656424,358.81,-0.00605981
2006,146,0,0.00,115.706018,35.847496,254.16,-0.00123612
2006,146,1,91.22,115.706447,35.848194,209.31,-0.00179878
2006,146,2,182.45,115.707084,35.848832,254.16,-0.00227664
2006,146,3,273.67,115.707821,35.849299,284.06,-0.00190022
2006,146,4,364.90,115.708625,35.849652,254.16,-0.00114423
2006,146,5,456.12,115.709477,35.849921,284.06,-0.00033994
2006,146,6,547.35,115.710330,35.850191,299.01,-0.00000000
2006,147,0,0.00,115.706018,35.847496,1495.05,0.00204363
2006,147,1,70.01,115.706507,35.847007,1001.69,0.00214230
2006,147,2,140.02,115.707096,35.846688,523.27,0.00224098
2006,148,0,0.00,115.429247,35.656424,1749.21,-0.00143745
2006,148,1,94.05,115.429247,35.657272,1196.04,-0.00148043
2006,148,2,188.10,115.429517,35.658041,807.33,-0.00152342
2006,149,0,0.00,115.429247,35.656424,358.81,-0.00230362
2006,149,1,98.84,115.428312,35.656155,328.91,-0.00204221
2006,149,2,197.69,115.427272,35.656243,343.86,-0.00028066
2006,149,3,296.53,115.426384,35.656256,313.96,0.00061942
2006,149,4,395.38,115.425351,35.656155,299.01,-0.00061610
2006,149,5,494.22,115.424259,35.656155,239.21,-0.00029478
2006,149,6,593.06,115.423421,35.656258,194.36,0.00088922
2006,149,7,691.91,115.422390,35.656155,179.41,0.00081711
2006,149,8,790.75,115.421347,35.656070,164.46,0.00087108
2006,149,9,889.60,115.420363,35.655885,149.51,0.00143294
2006,149,10,988.44,115.419429,35.655616,149.51,0.00274759
2006,149,11,1087.28,115.418583,35.655193,149.51,0.00223320
2006,149,12,1186.13,115.418102,35.654442,179.41,-0.00074251
2006,149,13,1284.97,115.417312,35.653922,269.11,-0.00000000
2006,149,14,1383.82,115.416523,35.653402,313.96,0.00207296
2006,149,15,1482.66,115.416042,35.652651,373.76,0.00204818
2006,150,0,0.00,115.710599,35.849921,1181.09,-0.00000000
2006,150,1,19.28,115.710465,35.850056,1196.04,-0.00000000
2006,150,2,38.56,115.710330,35.850191,1151.19,-0.00000000
2006,151,0,0.00,115.710599,35.849921,433.57,-0.00286620
2006,151,1,84.96,115.711293,35.849498,418.61,-0.00282635
2006,151,2,169.92,115.711677,35.848843,418.61,-0.00278649
2006,152,0,0.00,115.710599,35.849921,837.23,0.00253884
2006,152,1,91.28,115.710599,35.849099,702.67,0.00705354
2006,152,2,182.56,115.711039,35.848403,299.01,0.01118441
2006,152,3,273.84,115.711677,35.848843,373.76,0.01080057
2006,153,0,0.00,115.710330,35.850191,328.91,0.00000000
2006,153,1,38.56,115.710599,35.850460,343.86,0.00000000
2006,153,2,77.12,115.710869,35.850730,403.66,0.00000000
2006,154,0,0.00,115.416042,35.652651,1121.29,0.00287336
2006,154,1,75.20,115.415211,35.652651,1001.69,0.00008446
2006,154,2,150.41,115.414538,35.652382,747.53,0.00036175
2006,154,3,225.61,115.413872,35.652638,717.63,0.00580799
2006,154,4,300.81,115.413347,35.652112,328.91,0.00818805
2006,155,0,0.00,115.416042,35.652651,373.76,0.00000000
2006,155,1,87.84,115.416042,35.651860,508.32,0.00000000
2006,155,2,175.68,115.416042,35.651068,373.76,-0.00113450
2006,155,3,263.52,115.416042,35.650276,388.71,-0.00376981
2006,155,4,351.36,115.415676,35.649591,478.42,-0.00410126
2006,155,5,439.21,115.414964,35.649148,418.61,-0.00293191
2006,156,0,0.00,115.711677,35.848843,358.81,0.00000000
2006,156,1,36.52,115.712082,35.848843,224.26,0.00000000
2006,156,2,73.03,115.712486,35.848843,254.16,0.00000000
2006,157,0,0.00,115.710869,35.850730,328.91,-0.00159623
2006,157,1,99.99,115.711976,35.850730,358.81,-0.00167744
2006,157,2,199.97,115.712925,35.850460,209.31,-0.00126865
2006,157,3,299.96,115.713875,35.850191,149.51,-0.00230919
2006,157,4,399.95,115.714757,35.849806,119.60,-0.00237113
2006,157,5,499.93,115.715247,35.849047,164.46,0.00004142
2006,157,6,599.92,115.716045,35.848518,254.16,-0.00000000
2006,157,7,699.91,115.716744,35.847820,313.96,-0.00049269
2006,157,8,799.90,115.717442,35.847121,358.81,-0.00000000
2006,157,9,899.88,115.718141,35.846422,358.81,-0.00000000
2006,157,10,999.87,115.718840,35.845723,388.71,-0.00048697
2006,157,11,1099.86,115.719539,35.845024,403.66,-0.00048697
2006,157,12,1199.84,115.720029,35.844265,388.71,-0.00000000
2006,157,13,1299.83,115.720728,35.843566,418.61,-0.00000000
2006,157,14,1399.82,115.721217,35.842807,418.61,0.00000000
2006,157,15,1499.80,115.721916,35.842108,418.61,-0.00051173
2006,157,16,1599.79,115.722406,35.841349,343.86,-0.00051173
2006,157,17,1699.78,115.722896,35.840589,403.66,0.00099870
2006,157,18,1799.76,115.723386,35.839830,358.81,0.00149139
2006,157,19,1899.75,115.724184,35.839301,373.76,0.00000000
2006,157,20,1999.74,115.724883,35.838603,538.22,-0.00098539
2006,158,0,0.00,115.710869,35.850730,762.48,-0.00331706
2006,158,1,64.13,115.710599,35.851230,448.52,-0.00322396
2006,158,2,128.27,115.710599,35.851808,,-0.00313086
2006,159,0,0.00,115.413347,35.652112,627.92,0.00000000
2006,159,1,77.95,115.412604,35.651909,732.58,0.00242341
2006,159,2,155.90,115.411862,35.651705,583.07,0.00527128
2006,159,3,233.86,115.411460,35.651120,463.47,0.00340100
2006,159,4,311.81,115.411191,35.650495,448.52,0.00110628
2006,16,0,0.00,115.500394,35.686069,388.71,0.00226453
2006,16,1,71.12,115.499699,35.685913,388.71,0.00226954
2006,16,2,142.23,115.499103,35.685587,343.86,0.00113728
2006,16,3,213.35,115.498507,35.685260,313.96,-0.00000000
2006,160,0,0.00,115.413347,35.652112,687.72,-0.00152353
2006,160,1,94.05,115.413616,35.651343,254.16,-0.00148054
2006,160,2,188.10,115.413616,35.650495,612.97,-0.00143755
2006,161,0,0.00,115.414964,35.649148,642.87,0.00000000
2006,161,1,79.90,115.414964,35.648428,672.77,-0.00159622
2006,161,2,159.80,115.414964,35.647708,642.87,-0.00456189
2006,161,3,239.70,115.414543,35.647110,837.23,-0.00431782
2006,161,4,319.60,115.413886,35.646723,852.18,-0.00270428
2006,162,0,0.00,115.414964,35.649148,747.53,0.00000000
2006,162,1,96.49,115.414290,35.649822,822.28,0.00000000
2006,162,2,192.98,115.413616,35.650495,747.53,0.00000000
2006,163,0,0.00,115.724883,35.838603,388.71,0.00093320
2006,163,1,95.36,115.725152,35.837821,388.71,0.00123747
2006,163,2,190.72,115.725589,35.837088,343.86,0.00168108
2006,163,3,286.08,115.726096,35.836447,388.71,0.00173974
2006,163,4,381.44,115.726812,35.835865,388.71,0.00112827
2006,163,5,476.80,115.727578,35.835369,418.61,0.00059748
2006,164,0,0.00,115.724883,35.838603,1240.89,-0.00000000
2006,164,1,85.74,115.725482,35.839202,1091.39,-0.00071844
2006,164,2,171.48,115.726081,35.839801,956.83,-0.00217763
2006,164,3,257.23,115.726786,35.840220,89.70,-0.00214751
2006,164,4,342.97,115.727578,35.840489,74.75,-0.00137665
2006,165,0,0.00,115.411191,35.650495,448.52,-0.01147942
2006,165,1,31.50,115.411510,35.650446,269.11,-0.01108280
2006,165,2,63.00,115.411730,35.650226,717.63,-0.01068619
2006,166,0,0.00,115.411191,35.650495,448.52,0.00000000
2006,166,1,53.55,115.410921,35.650091,538.22,0.00000000
2006,166,2,107.09,115.410652,35.649687,732.58,0.00000000
2006,167,0,0.00,115.413616,35.650495,1121.29,0.00187291
2006,167,1,92.51,115.412595,35.650495,837.23,0.00197098
2006,167,2,185.03,115.411730,35.650226,852.18,0.00206905
2006,169,0,0.00,115.413886,35.646723,553.17,0.00000000
2006,169,1,87.20,115.413886,35.645937,568.12,0.00000000
2006,169,2,174.40,115.413886,35.645151,717.63,-0.00083851
2006,169,3,261.60,115.413886,35.644365,598.02,-0.00172832
2006,169,4,348.81,115.413616,35.643657,598.02,-0.00088981
2006,169,5,436.01,115.413347,35.642950,568.12,0.00000000
2006,17,0,0.00,115.614659,35.730266,388.71,-0.00103784
2006,17,1,99.36,115.615144,35.731021,358.81,-0.00151207
2006,17,2,198.71,115.615839,35.731715,328.91,-0.00153075
2006,17,3,298.07,115.616632,35.732238,403.66,-0.00053759
2006,17,4,397.43,115.617425,35.732762,388.71,-0.00013191
2006,17,5,496.79,115.618218,35.733286,403.66,-0.00056677
2006,17,6,596.14,115.619035,35.733769,403.66,0.00023056
2006,17,7,695.50,115.619904,35.734163,448.52,0.00110436
2006,17,8,794.86,115.620604,35.734847,448.52,-0.00000000
2006,17,9,894.22,115.621391,35.735381,403.66,-0.00053759
2006,17,10,993.57,115.622172,35.735925,418.61,-0.00000000
2006,17,11,1092.93,115.622978,35.736428,418.61,0.00000000
2006,17,12,1192.29,115.623741,35.737003,463.47,0.00000000
2006,17,13,1291.64,115.624564,35.737476,433.57,0.00053759
2006,17,14,1391.00,115.625310,35.738081,448.52,0.00018570
2006,17,15,1490.36,115.626052,35.738694,433.57,-0.00053759
2006,17,16,1589.72,115.626845,35.739217,418.61,-0.00028435
2006,17,17,1689.07,115.627638,35.739741,418.61,-0.00000000
2006,17,18,1788.43,115.628431,35.740265,478.42,0.00000879
2006,17,19,1887.79,115.629225,35.740789,418.61,0.00005819
2006,17,20,1987.15,115.630016,35.741315,418.61,-0.00001759
2006,17,21,2086.50,115.630801,35.741854,418.61,-0.00011672
2006,17,22,2185.86,115.631604,35.742360,478.42,0.00000880
2006,17,23,2285.22,115.632398,35.742884,418.61,0.00005852
2006,17,24,2384.57,115.633191,35.743407,418.61,0.00030139
2006,17,25,2483.93,115.633984,35.743931,418.61,0.00053759
2006,17,26,2583.29,115.634722,35.744549,418.61,-0.00020274
2006,17,27,2682.65,115.635471,35.745149,403.66,-0.00053759
2006,17,28,2782.00,115.636291,35.745627,448.52,0.00004895
2006,17,29,2881.36,115.637058,35.746196,418.61,0.00000000
2006,17,30,2980.72,115.637851,35.746720,418.61,-0.00014760
2006,17,31,3080.08,115.638644,35.747244,448.52,-0.00000000
2006,170,0,0.00,115.413886,35.646723,867.13,0.00000000
2006,170,1,90.06,115.413257,35.647351,777.43,0.00000000
2006,170,2,180.12,115.412628,35.647980,762.48,-0.00000000
2006,170,3,270.18,115.411999,35.648609,433.57,-0.00000000
2006,171,0,0.00,115.727578,35.835369,463.47,0.00506401
2006,171,1,76.72,115.727578,35.834677,373.76,0.00494490
2006,171,2,153.43,115.728122,35.834285,403.66,0.00192209
2006,171,3,230.15,115.728658,35.833749,403.66,-0.00049080
2006,171,4,306.86,115.729194,35.833213,313.96,0.00000000
2006,172,0,0.00,115.727578,35.835369,1151.19,-0.00000000
2006,172,1,96.40,115.728251,35.836042,1225.94,-0.00000000
2006,172,2,192.81,115.728925,35.836716,687.72,-0.00000000
2006,174,0,0.00,115.411730,35.650226,478.42,-0.00152357
2006,174,1,94.05,115.411999,35.649457,642.87,-0.00148057
2006,174,2,188.10,115.411999,35.648609,642.87,-0.00143758
2006,175,0,0.00,115.410652,35.649687,971.78,0.00245660
2006,175,1,86.80,115.409848,35.649422,822.28,0.00390002
2006,175,2,173.60,115.409304,35.648939,717.63,0.00386323
2006,175,3,260.41,115.409035,35.648235,627.92,0.00119152
2006,175,4,347.21,115.408765,35.647531,598.02,0.00000000
2006,176,0,0.00,115.410652,35.649687,478.42,-0.00000000
2006,176,1,68.50,115.410921,35.649148,463.47,-0.00000000
2006,176,2,137.00,115.411191,35.648609,717.63,-0.00000000
2006,177,0,0.00,115.413347,35.642950,598.02,-0.00177958
2006,177,1,84.70,115.413347,35.642186,598.02,-0.00103878
2006,177,2,169.40,115.413077,35.641501,598.02,-0.00094457
2006,177,3,254.10,115.413034,35.640750,627.92,-0.00159795
2006,177,4,338.80,115.412538,35.640131,732.58,-0.00000000
2006,177,5,423.50,115.412269,35.639446,612.97,0.00160474
2006,178,0,0.00,115.413347,35.642950,897.03,0.00000000
2006,178,1,93.88,115.412691,35.643605,1031.59,0.00025751
2006,178,2,187.77,115.412036,35.644261,837.23,0.00116691
2006,178,3,281.65,115.411334,35.644836,1001.69,0.00255058
2006,178,4,375.53,115.410527,35.645231,358.81,0.00257604
2006,178,5,469.42,115.409574,35.645375,508.32,0.00186973
2006,18,0,0.00,115.614659,35.730266,1794.06,-0.00000000
2006,18,1,96.45,115.615333,35.729592,1360.50,-0.00000000
2006,18,2,192.91,115.616007,35.728918,,-0.00000000
2006,180,0,0.00,115.411999,35.648609,1061.49,0.00000000
2006,180,1,36.61,115.411595,35.648609,1001.69,0.00000000
2006,180,2,73.22,115.411191,35.648609,1210.99,0.00000000
2006,181,0,0.00,115.729194,35.833213,448.52,0.00376475
2006,181,1,74.73,115.729299,35.832569,313.96,0.00556502
2006,181,2,149.46,115.729821,35.832047,313.96,0.00573847
2006,181,3,224.19,115.730542,35.831865,358.81,0.00411165
2006,182,0,0.00,115.729194,35.833213,1270.79,-0.00204348
2006,182,1,70.02,115.729684,35.833702,1495.05,-0.00214213
2006,182,2,140.04,115.730272,35.834021,762.48,-0.00224078
2006,184,0,0.00,115.411191,35.648609,822.28,-0.00104594
2006,184,1,81.10,115.410609,35.648070,852.18,0.00131839
2006,184,2,162.20,115.409959,35.647647,657.82,0.00456975
2006,184,3,243.30,115.409843,35.646950,568.12,0.00113162
2006,184,4,324.40,115.409843,35.646219,598.02,-0.00362310
2006,184,5,405.50,115.409304,35.645645,911.98,-0.00405265
2006,185,0,0.00,115.412269,35.639446,583.07,0.00058224
2006,185,1,85.20,115.412091,35.638730,732.58,0.00087801
2006,185,2,170.41,115.411999,35.637989,598.02,-0.00112556
2006,185,3,255.61,115.411999,35.637221,598.02,-0.00412610
2006,185,4,340.82,115.411460,35.636751,747.53,-0.00482731
2006,186,0,0.00,115.412269,35.639446,1465.15,-0.00129209
2006,186,1,91.05,115.411534,35.639911,1270.79,-0.00124348
2006,186,2,182.10,115.410898,35.640547,986.73,0.00122431
2006,186,3,273.14,115.410263,35.641183,1031.59,0.00532138
2006,186,4,364.19,115.409345,35.641333,792.38,0.00508245
2006,186,5,455.24,115.408496,35.641063,777.43,0.00316562
2006,187,0,0.00,115.409574,35.645375,717.63,-0.00000000
2006,187,1,19.30,115.409439,35.645510,702.67,-0.00000000
2006,187,2,38.60,115.409304,35.645645,687.72,-0.00000000
2006,188,0,0.00,115.409574,35.645375,792.38,-0.00471560
2006,188,1,65.75,115.409324,35.644855,672.77,-0.00480230
2006,188,2,131.50,115.408765,35.644567,687.72,-0.00488900
2006,189,0,0.00,115.409304,35.645645,328.91,0.00000000
2006,189,1,24.41,115.409035,35.645645,269.11,0.00000000
2006,189,2,48.81,115.408765,35.645645,448.52,0.00000000
2006,19,0,0.00,115.498507,35.685260,538.22,-0.00555134
2006,19,1,99.98,115.498227,35.684441,299.01,-0.00657852
2006,19,2,199.97,115.497429,35.684452,194.36,-0.00760571
2006,191,0,0.00,115.730542,35.831865,388.71,0.00123505
2006,191,1,91.27,115.730971,35.831167,358.81,0.00120358
2006,191,2,182.54,115.731609,35.830529,328.91,0.00058606
2006,191,3,273.81,115.732247,35.829891,269.11,0.00000000
2006,191,4,365.08,115.732884,35.829253,299.01,0.00059362
2006,191,5,456.35,115.733522,35.828616,224.26,0.00059362
2006,191,6,547.63,115.734259,35.828148,224.26,-0.00010124
2006,191,7,638.90,115.734897,35.827510,224.26,0.00131879
2006,191,8,730.17,115.735618,35.827014,194.36,0.00234097
2006,191,9,821.44,115.736471,35.826745,209.31,0.00184190
2006,192,0,0.00,115.730542,35.831865,1270.79,0.00243222
2006,192,1,82.80,115.731121,35.832444,837.23,0.00604801
2006,192,2,165.61,115.731350,35.833124,358.81,0.00758596
2006,192,3,248.41,115.730701,35.833482,373.76,0.00154601
2006,192,4,331.22,115.730272,35.834021,313.96,-0.00241610
2006,194,0,0.00,115.730272,35.834021,867.13,0.00000000
2006,194,1,19.28,115.730407,35.834156,882.08,0.00000000
2006,194,2,38.56,115.730542,35.834291,867.13,0.00000000
2006,195,0,0.00,115.411460,35.636751,672.77,-0.00061634
2006,195,1,99.08,115.411460,35.635858,672.77,-0.00221099
2006,195,2,198.15,115.411329,35.635003,747.53,-0.00203595
2006,195,3,297.23,115.410652,35.634449,717.63,0.00087951
2006,195,4,396.31,115.410473,35.633608,642.87,0.00146959
2006,195,5,495.38,115.410113,35.632820,657.82,0.00122767
2006,195,6,594.46,115.410113,35.631927,612.97,0.00010455
2006,195,7,693.54,115.410068,35.631047,598.02,-0.00111245
2006,195,8,792.61,115.409794,35.630234,538.22,0.00024512
2006,195,9,891.69,115.409574,35.629405,523.27,0.00077739
2006,195,10,990.77,115.409574,35.628512,523.27,-0.00012191
2006,195,11,1089.84,115.409389,35.627673,478.42,-0.00041958
2006,195,12,1188.92,115.409304,35.626805,493.37,-0.00000000
2006,195,13,1288.00,115.409035,35.625990,448.52,0.00085845
2006,195,14,1387.07,115.409035,35.625097,433.57,-0.00000000
2006,195,15,1486.15,115.409035,35.624204,388.71,-0.00064676
2006,195,16,1585.23,115.408765,35.623390,373.76,0.00000000
2006,195,17,1684.30,115.408765,35.622497,373.76,0.00000000
2006,195,18,1783.38,115.408496,35.621682,343.86,0.00064676
2006,195,19,1882.46,115.408496,35.620789,373.76,-0.00000000
2006,195,20,1981.53,115.408496,35.619896,358.81,-0.00064676
2006,195,21,2080.61,115.408226,35.619082,328.91,0.00000000
2006,195,22,2179.69,115.408226,35.618189,358.81,-0.00064402
2006,195,23,2278.76,115.407957,35.617374,328.91,0.00000000
2006,195,24,2377.84,115.407703,35.616555,313.96,0.00060482
2006,195,25,2476.92,115.407687,35.615667,328.91,0.00000000
2006,195,26,2575.99,115.407418,35.614852,313.96,0.00024634
2006,195,27,2675.07,115.407418,35.613959,328.91,-0.00000000
2006,195,28,2774.15,115.407233,35.613120,313.96,-0.00041805
2006,195,29,2873.22,115.407148,35.612251,328.91,-0.00066045
2006,195,30,2972.30,115.406879,35.611437,284.06,0.00021091
2006,195,31,3071.38,115.406619,35.610620,284.06,-0.00004856
2006,195,32,3170.45,115.406609,35.609729,299.01,-0.00207244
2006,195,33,3269.53,115.406070,35.608993,328.91,-0.00272686
2006,196,0,0.00,115.411460,35.636751,1016.64,0.00000000
2006,196,1,77.20,115.410921,35.637290,1061.49,-0.00000000
2006,196,2,154.40,115.410382,35.637829,1091.39,-0.00000000
2006,196,3,231.59,115.409843,35.638368,1046.54,-0.00000000
2006,196,4,308.79,115.409304,35.638907,1001.69,-0.00000000
2006,197,0,0.00,115.408496,35.641063,777.43,0.00000000
2006,197,1,74.75,115.408496,35.640389,627.92,0.00000000
2006,197,2,149.51,115.408496,35.639716,598.02,0.00000000
2006,198,0,0.00,115.408496,35.641063,702.67,0.00439327
2006,198,1,50.80,115.408042,35.640879,702.67,0.00417840
2006,198,2,101.61,115.407687,35.640524,747.53,0.00396354
2006,199,0,0.00,115.408765,35.644567,642.87,0.00867411
2006,199,1,34.25,115.408526,35.644327,553.17,0.00879023
2006,199,2,68.50,115.408496,35.644028,568.12,0.00890636
2006,2,0,0.00,115.519528,35.721103,448.52,0.00109321
2006,2,1,98.34,115.519050,35.721851,463.47,-0.00009393
2006,2,2,196.67,115.518450,35.722421,478.42,-0.00093130
2006,2,3,295.01,115.518203,35.723236,463.47,0.00046455
2006,2,4,393.34,115.517641,35.723959,478.42,0.00016608
2006,2,5,491.68,115.517102,35.724689,478.42,-0.00129880
2006,2,6,590.01,115.516769,35.725478,448.52,-0.00033285
2006,2,7,688.35,115.516500,35.726286,433.57,0.00037763
2006,2,8,786.68,115.516024,35.727035,433.57,-0.00053867
2006,2,9,885.02,115.515755,35.727843,418.61,0.00016585
2006,2,10,983.35,115.515484,35.728650,388.71,0.00054417
2006,2,11,1081.69,115.514946,35.729380,373.76,-0.00140342
2006,2,12,1180.03,115.514737,35.730206,299.01,-0.00109031
2006,2,13,1278.36,115.514677,35.731075,299.01,0.00069434
2006,2,14,1376.70,115.514407,35.731883,328.91,0.00108499
2006,20,0,0.00,115.498507,35.685260,717.63,0.00925549
2006,20,1,43.69,115.498181,35.685530,373.76,0.00906674
2006,20,2,87.38,115.497699,35.685530,239.21,0.00887799
2006,200,0,0.00,115.408765,35.644567,822.28,-0.00565697
2006,200,1,68.50,115.408496,35.645106,717.63,-0.00565697
2006,200,2,137.00,115.408765,35.645645,807.33,-0.00565697
2006,201,0,0.00,115.408765,35.645645,612.97,-0.00332521
2006,201,1,64.15,115.408496,35.646144,568.12,-0.00323156
2006,201,2,128.30,115.408496,35.646723,553.17,-0.00313791
2006,203,0,0.00,115.736471,35.826745,418.61,-0.00506730
2006,203,1,76.31,115.736471,35.827433,822.28,-0.00553060
2006,203,2,152.62,115.737010,35.827823,583.07,-0.00599390
2006,204,0,0.00,115.736471,35.826745,299.01,0.01070409
2006,204,1,31.46,115.736691,35.826525,299.01,0.01110328
2006,204,2,62.92,115.737010,35.826475,388.71,0.01150248
2006,205,0,0.00,115.406070,35.608993,299.01,-0.00084825
2006,205,1,97.04,115.406019,35.608134,284.06,-0.00053279
2006,205,2,194.09,115.405801,35.607322,284.06,0.00000000
2006,205,3,291.13,115.405708,35.606475,284.06,0.00000000
2006,205,4,388.18,115.405531,35.605652,299.01,-0.00000000
2006,205,5,485.22,115.405397,35.604816,254.16,-0.00024514
2006,205,6,582.27,115.405262,35.603981,284.06,0.00000000
2006,205,7,679.31,115.404992,35.603184,313.96,0.00048587
2006,205,8,776.36,115.404992,35.602310,284.06,-0.00000000
2006,205,9,873.40,115.404774,35.601499,313.96,0.00029206
2006,205,10,970.45,115.404723,35.600639,358.81,0.00084825
2006,206,0,0.00,115.406070,35.608993,463.47,-0.00000000
2006,206,1,38.60,115.405801,35.609263,463.47,-0.00000000
2006,206,2,77.21,115.405531,35.609532,523.27,-0.00000000
2006,207,0,0.00,115.409304,35.638907,1001.69,-0.00000000
2006,207,1,57.90,115.408900,35.639311,822.28,-0.00000000
2006,207,2,115.80,115.408496,35.639716,777.43,-0.00000000
2006,208,0,0.00,115.409304,35.638907,971.78,-0.00580610
2006,208,1,55.91,115.408844,35.638638,1061.49,-0.00556059
2006,208,2,111.83,115.408226,35.638638,792.38,-0.00531508
2006,209,0,0.00,115.408496,35.639716,822.28,0.00261011
2006,209,1,87.80,115.407883,35.639103,627.92,0.00268042
2006,209,2,175.60,115.407687,35.638368,583.07,0.00275074
2006,21,0,0.00,115.638644,35.747244,433.57,-0.00173933
2006,21,1,96.80,115.639321,35.747920,328.91,-0.00230835
2006,21,2,193.60,115.640157,35.748322,358.81,-0.00191712
2006,21,3,290.39,115.641070,35.748591,463.47,-0.00095688
2006,211,0,0.00,115.408496,35.644028,553.17,-0.00739394
2006,211,1,80.70,115.409035,35.643599,598.02,-0.00696895
2006,211,2,161.41,115.408765,35.642950,612.97,-0.00654396
2006,212,0,0.00,115.408496,35.644028,627.92,0.00281173
2006,212,1,98.40,115.407957,35.643297,612.97,0.00275577
2006,212,2,196.80,115.407957,35.642411,598.02,0.00269981
2006,213,0,0.00,115.737010,35.827823,224.26,0.00248430
2006,213,1,92.32,115.736783,35.828589,209.31,-0.00007655
2006,213,2,184.65,115.736137,35.829234,313.96,-0.00533823
2006,213,3,276.97,115.736471,35.829709,538.22,-0.00803906
2006,214,0,0.00,115.737010,35.827823,224.26,-0.00377518
2006,214,1,83.42,115.737279,35.827149,403.66,-0.00377518
2006,214,2,166.83,115.737010,35.826475,1061.49,-0.00377518
2006,216,0,0.00,115.737010,35.826475,269.11,0.00103260
2006,216,1,97.73,115.737693,35.825792,269.11,0.00165901
2006,216,2,195.45,115.738475,35.825280,254.16,0.00267530
2006,216,3,293.18,115.739357,35.824937,194.36,0.00264761
2006,216,4,390.91,115.740392,35.824858,209.31,0.00134828
2006,216,5,488.64,115.741474,35.824858,209.31,0.00106983
2006,216,6,586.36,115.742555,35.824858,209.31,0.00175909
2006,216,7,684.09,115.743479,35.825128,209.31,0.00092252
2006,216,8,781.82,115.744404,35.825397,269.11,0.00000000
2006,216,9,879.54,115.745328,35.825667,239.21,0.00000000
2006,216,10,977.27,115.746252,35.825936,254.16,0.00000000
2006,216,11,1075.00,115.747176,35.826206,269.11,0.00095670
2006,216,12,1172.72,115.748101,35.826475,239.21,0.00188345
2006,216,13,1270.45,115.748868,35.827014,179.41,0.00185351
2006,217,0,0.00,115.404723,35.600639,1794.06,0.00000000
2006,217,1,85.47,115.405666,35.600639,1495.05,0.00000000
2006,217,2,170.94,115.406609,35.600639,702.67,0.00000000
2006,218,0,0.00,115.404723,35.600639,313.96,-0.00000000
2006,218,1,82.97,115.404454,35.599970,328.91,0.00098610
2006,218,2,165.93,115.404184,35.599300,284.06,0.00191476
2006,218,3,248.90,115.404184,35.598553,299.01,-0.00000000
2006,218,4,331.86,115.404184,35.597805,358.81,-0.00191476
2006,218,5,414.83,115.403915,35.597136,328.91,-0.00197220
2006,219,0,0.00,115.748868,35.827014,358.81,-0.01150253
2006,219,1,31.46,115.749187,35.826965,657.82,-0.01110333
2006,219,2,62.91,115.749407,35.826745,1285.75,-0.01070412
2006,22,0,0.00,115.638644,35.747244,1794.06,0.00137711
2006,22,1,91.16,115.639281,35.746607,1794.06,0.00371405
2006,22,2,182.32,115.640032,35.746166,463.47,0.00790108
2006,22,3,273.48,115.640952,35.746317,343.86,0.00864908
2006,22,4,364.64,115.641339,35.747026,493.37,0.00565513
2006,22,5,455.80,115.641339,35.747848,897.03,0.00269272
2006,22,6,546.96,115.641070,35.748591,1225.94,0.00162218
2006,220,0,0.00,115.748868,35.827014,1390.40,-0.00866887
2006,220,1,34.23,115.748628,35.827254,1554.85,-0.00878417
2006,220,2,68.47,115.748598,35.827553,448.52,-0.00889946
2006,221,0,0.00,115.403915,35.597136,702.67,-0.00134221
2006,221,1,89.42,115.403191,35.597589,508.32,-0.00129111
2006,221,2,178.85,115.402567,35.598214,508.32,-0.00124001
2006,222,0,0.00,115.403915,35.597136,328.91,0.00137559
2006,222,1,98.88,115.403645,35.596323,313.96,0.00102654
2006,222,2,197.76,115.403645,35.595432,358.81,-0.00000000
2006,222,3,296.64,115.403514,35.594579,358.81,-0.00050792
2006,222,4,395.53,115.403376,35.593728,358.81,0.00000000
2006,222,5,494.41,115.403177,35.592894,373.76,-0.00000834
2006,222,6,593.29,115.403106,35.592024,358.81,-0.00068779
2006,222,7,692.17,115.402837,35.591211,388.71,-0.00051027
2006,222,8,791.05,115.402567,35.590398,373.76,0.00000000
2006,223,0,0.00,115.749407,35.826745,209.31,-0.00216774
2006,223,1,89.22,115.750079,35.827284,299.01,-0.00043555
2006,223,2,178.44,115.750910,35.827553,328.91,0.00142015
2006,223,3,267.67,115.751366,35.828165,284.06,-0.00024193
2006,223,4,356.89,115.752089,35.828619,299.01,-0.00101375
2006,223,5,446.11,115.752812,35.829072,313.96,0.00000000
2006,223,6,535.33,115.753535,35.829525,284.06,-0.00000000
2006,223,7,624.55,115.754257,35.829979,313.96,-0.00000000
2006,224,0,0.00,115.749407,35.826745,1285.75,-0.00866890
2006,224,1,34.23,115.749646,35.826506,1151.19,-0.00878419
2006,224,2,68.47,115.749676,35.826206,882.08,-0.00889949
2006,225,0,0.00,115.402567,35.590398,1794.06,0.00000000
2006,225,1,36.64,115.402163,35.590398,1554.85,0.00000000
2006,225,2,73.27,115.401759,35.590398,882.08,0.00000000
2006,226,0,0.00,115.402567,35.590398,254.16,0.00000000
2006,226,1,87.21,115.402567,35.589612,373.76,-0.00083908
2006,226,2,174.41,115.402567,35.588826,358.81,-0.00083908
2006,226,3,261.62,115.402298,35.588119,388.71,0.00000000
2006,226,4,348.82,115.402298,35.587333,418.61,-0.00089047
2006,226,5,436.03,115.402028,35.586625,448.52,-0.00178093
2006,227,0,0.00,115.754257,35.829979,299.01,0.00000000
2006,227,1,96.41,115.754931,35.830653,254.16,0.00000000
2006,227,2,192.81,115.755605,35.831326,239.21,0.00000000
2006,227,3,289.22,115.756279,35.832000,254.16,0.00000000
2006,227,4,385.62,115.756952,35.832674,209.31,0.00000000
2006,228,0,0.00,115.754257,35.829979,1315.65,-0.00000000
2006,228,1,77.13,115.754796,35.829440,792.38,-0.00000000
2006,228,2,154.25,115.755335,35.828901,104.65,-0.00000000
2006,229,0,0.00,115.402028,35.586625,403.66,-0.00102041
2006,229,1,95.14,115.401990,35.585779,403.66,-0.00114835
2006,229,2,190.29,115.401759,35.584989,388.71,-0.00065923
2006,229,3,285.43,115.401489,35.584210,448.52,0.00063815
2006,229,4,380.57,115.401250,35.583422,433.57,0.00116944
2006,229,5,475.72,115.401220,35.582573,418.61,0.00000000
2006,229,6,570.86,115.401174,35.581729,373.76,-0.00055123
2006,229,7,666.00,115.400950,35.580937,418.61,0.00000000
2006,229,8,761.15,115.400889,35.580097,463.47,-0.00053365
2006,229,9,856.29,115.400681,35.579300,418.61,-0.00014399
2006,229,10,951.43,115.400411,35.578521,433.57,0.00049281
2006,229,11,1046.58,115.400358,35.577679,433.57,-0.00045204
2006,229,12,1141.72,115.400111,35.576893,418.61,-0.00057801
2006,229,13,1236.86,115.399872,35.576105,448.52,-0.00111108
2006,229,14,1332.01,115.399603,35.575326,418.61,-0.00214416
2006,229,15,1427.15,115.399064,35.574767,448.52,-0.00219385
2006,23,0,0.00,115.497429,35.684452,149.51,-0.00795105
2006,23,1,82.28,115.496677,35.684182,388.71,-0.00760308
2006,23,2,164.56,115.496082,35.684721,1330.60,-0.00725512
2006,230,0,0.00,115.402028,35.586625,642.87,0.00509704
2006,230,1,82.73,115.401428,35.587164,1450.20,0.00503451
2006,230,2,165.46,115.400515,35.587164,1076.44,0.00248599
2006,230,3,248.19,115.399603,35.587164,672.77,0.00000000
2006,231,0,0.00,115.756952,35.832674,239.21,-0.00214943
2006,231,1,97.58,115.757007,35.833537,149.51,-0.00107472
2006,231,2,195.15,115.757480,35.834280,179.41,0.00064691
2006,231,3,292.73,115.757535,35.835143,239.21,0.00008746
2006,231,4,390.31,115.757761,35.835957,299.01,-0.00067616
2006,231,5,487.89,115.758030,35.836759,313.96,-0.00011670
2006,231,6,585.46,115.758300,35.837560,328.91,0.00070431
2006,231,7,683.04,115.758569,35.838362,373.76,0.00070431
2006,231,8,780.62,115.758569,35.839241,403.66,-0.00070431
2006,231,9,878.19,115.758839,35.840042,463.47,-0.00142314
2006,231,10,975.77,115.759108,35.840844,463.47,0.00000000
2006,231,11,1073.35,115.759647,35.841567,448.52,0.00142303
2006,231,12,1170.93,115.759647,35.842446,418.61,0.00070431
2006,231,13,1268.50,115.759917,35.843248,388.71,0.00066533
2006,231,14,1366.08,115.759917,35.844127,418.61,0.00066521
2006,231,15,1463.66,115.759917,35.845007,388.71,0.00066521
2006,231,16,1561.24,115.759917,35.845886,418.61,0.00136953
2006,231,17,1658.81,115.759647,35.846688,508.32,0.00140863
2006,232,0,0.00,115.756952,35.832674,1300.70,0.00000000
2006,232,1,62.91,115.757491,35.832404,478.42,0.00000000
2006,232,2,125.82,115.758030,35.832135,29.90,0.00000000
2006,233,0,0.00,115.399064,35.574767,403.66,-0.00890897
2006,233,1,34.26,115.399033,35.574468,403.66,-0.00879253
2006,233,2,68.51,115.398794,35.574228,418.61,-0.00867608
2006,234,0,0.00,115.399064,35.574767,612.97,0.00000000
2006,234,1,57.92,115.398659,35.575172,672.77,0.00000000
2006,234,2,115.83,115.398255,35.575576,642.87,0.00000000
2006,235,0,0.00,115.759647,35.846688,1794.06,0.00000000
2006,235,1,97.38,115.758569,35.846688,1360.50,0.00000000
2006,235,2,194.76,115.757491,35.846688,478.42,0.00000000
2006,236,0,0.00,115.759647,35.846688,478.42,0.00866831
2006,236,1,34.23,115.759887,35.846927,418.61,0.00878351
2006,236,2,68.46,115.759917,35.847226,448.52,0.00889872
2006,237,0,0.00,115.398794,35.574228,1734.26,0.00018377
2006,237,1,74.60,115.397971,35.574228,1390.40,0.00308035
2006,237,2,149.20,115.397159,35.574210,672.77,0.00584516
2006,237,3,223.79,115.396638,35.573689,403.66,0.00571340
2006,238,0,0.00,115.398794,35.574228,463.47,-0.00152505
2006,238,1,94.06,115.399064,35.573459,433.57,-0.00148195
2006,238,2,188.11,115.399064,35.572612,403.66,-0.00143884
2006,239,0,0.00,115.757491,35.846688,523.27,-0.00674977
2006,239,1,84.96,115.757107,35.846033,657.82,-0.00780218
2006,239,2,169.93,115.756413,35.846149,74.75,-0.00885459
2006,24,0,0.00,115.497429,35.684452,254.16,0.00332367
2006,24,1,64.15,115.497699,35.684952,538.22,0.00323013
2006,24,2,128.29,115.497699,35.685530,822.28,0.00313658
2006,240,0,0.00,115.757491,35.846688,672.77,-0.00000000
2006,240,1,57.84,115.757087,35.847092,642.87,-0.00000000
2006,240,2,115.68,115.756683,35.847496,612.97,-0.00000000
2006,241,0,0.00,115.759917,35.847226,612.97,-0.00000000
2006,241,1,80.50,115.759354,35.847789,672.77,0.00160307
2006,241,2,160.99,115.758792,35.848352,897.03,0.00337362
2006,241,3,241.49,115.758030,35.848574,971.78,0.00354110
2006,242,0,0.00,115.759917,35.847226,418.61,-0.00000000
2006,242,1,99.67,115.760186,35.848047,463.47,-0.00000000
2006,242,2,199.34,115.760456,35.848867,418.61,0.00067408
2006,242,3,299.01,115.760725,35.849687,373.76,0.00092247
2006,242,4,398.68,115.760725,35.850586,373.76,0.00000000
2006,242,5,498.35,115.760892,35.851436,373.76,0.00015114
2006,242,6,598.02,115.760995,35.852304,343.86,0.00039178
2006,242,7,697.69,115.760995,35.853202,328.91,-0.00039952
2006,242,8,797.36,115.761101,35.854070,313.96,-0.00111240
2006,242,9,897.03,115.761264,35.854921,328.91,-0.00173831
2006,242,10,996.70,115.761658,35.855705,313.96,-0.00261015
2006,242,11,1096.37,115.762188,35.856389,269.11,-0.00297396
2006,242,12,1196.04,115.763041,35.856819,194.36,-0.00185042
2006,242,13,1295.71,115.763937,35.857175,179.41,-0.00076499
2006,242,14,1395.37,115.764869,35.857467,149.51,-0.00125850
2006,242,15,1495.04,115.765815,35.857737,179.41,-0.00176578
2006,242,16,1594.71,115.766919,35.857737,269.11,-0.00000000
2006,242,17,1694.38,115.768022,35.857737,328.91,0.00064140
2006,242,18,1794.05,115.768968,35.858006,358.81,-0.00080336
2006,242,19,1893.72,115.769805,35.857923,373.76,0.00042726
2006,242,20,1993.39,115.770860,35.858006,433.57,0.00091800
2006,242,21,2093.06,115.771806,35.858276,418.61,0.00061993
2006,242,22,2192.73,115.772889,35.858312,463.47,0.00156729
2006,242,23,2292.40,115.773698,35.858815,478.42,-0.00088523
2006,242,24,2392.07,115.774645,35.859084,448.52,-0.00248529
2006,242,25,2491.74,115.775748,35.859084,478.42,0.00000000
2006,242,26,2591.41,115.776851,35.859084,448.52,0.00080336
2006,242,27,2691.08,115.777797,35.859354,448.52,-0.00002503
2006,242,28,2790.75,115.778901,35.859354,478.42,-0.00000000
2006,242,29,2890.42,115.779852,35.859615,478.42,-0.00075610
2006,242,30,2990.09,115.780950,35.859623,478.42,0.00000000
2006,242,31,3089.76,115.782054,35.859623,448.52,0.00078113
2006,242,32,3189.43,115.783000,35.859893,448.52,-0.00080336
2006,242,33,3289.10,115.784103,35.859893,448.52,-0.00080336
2006,242,34,3388.77,115.785207,35.859893,418.61,0.00000000
2006,242,35,3488.44,115.786310,35.859893,388.71,0.00000000
2006,242,36,3588.11,115.787413,35.859893,388.71,0.00000000
2006,242,37,3687.78,115.788517,35.859893,388.71,-0.00015103
2006,242,38,3787.45,115.789620,35.859893,418.61,-0.00080336
2006,242,39,3887.12,115.790693,35.859839,403.66,-0.00048573
2006,242,40,3986.79,115.791670,35.859623,418.61,0.00080336
2006,242,41,4086.45,115.792773,35.859623,418.61,0.00063675
2006,242,42,4186.12,115.793877,35.859623,418.61,-0.00080336
2006,242,43,4285.79,115.794980,35.859623,418.61,-0.00080336
2006,242,44,4385.46,115.795926,35.859354,418.61,0.00080336
2006,242,45,4485.13,115.797030,35.859354,388.71,0.00080336
2006,242,46,4584.80,115.798133,35.859354,448.52,0.00000000
2006,242,47,4684.47,115.799236,35.859354,418.61,-0.00080336
2006,242,48,4784.14,115.800340,35.859354,388.71,-0.00113125
2006,242,49,4883.81,115.801286,35.859084,388.71,0.00000000
2006,242,50,4983.48,115.802330,35.858982,343.86,-0.00021483
2006,242,51,5083.15,115.803335,35.858815,388.71,-0.00000000
2006,242,52,5182.82,115.804281,35.858545,388.71,0.00054272
2006,242,53,5282.49,115.805385,35.858545,358.81,0.00000000
2006,242,54,5382.16,115.806331,35.858276,388.71,-0.00000000
2006,242,55,5481.83,115.807434,35.858276,358.81,-0.00050973
2006,242,56,5581.50,115.808380,35.858006,388.71,0.00000000
2006,242,57,5681.17,115.809392,35.857849,388.71,0.00014934
2006,242,58,5780.84,115.810430,35.857737,388.71,-0.00088523
2006,242,59,5880.51,115.811376,35.857467,388.71,0.00005974
2006,242,60,5980.18,115.812322,35.857198,388.71,0.00085212
2006,242,61,6079.85,115.813371,35.857104,373.76,-0.00026982
2006,242,62,6179.52,115.814365,35.856918,388.71,-0.00081671
2006,242,63,6279.19,115.815317,35.856659,388.71,-0.00008170
2006,242,64,6378.86,115.816263,35.856389,388.71,0.00047344
2006,242,65,6478.53,115.817250,35.856189,373.76,-0.00046845
2006,242,66,6578.20,115.818245,35.856003,403.66,-0.00102902
2006,242,67,6677.86,115.819102,35.855581,418.61,0.00023540
2006,242,68,6777.53,115.820048,35.855311,418.61,0.00043640
2006,242,69,6877.20,115.820994,35.855042,418.61,-0.00037990
2006,242,70,6976.87,115.821925,35.854748,448.52,-0.00075180
2006,242,71,7076.54,115.822821,35.854391,463.47,-0.00015870
2006,242,72,7176.21,115.823674,35.853964,418.61,0.00083557
2006,242,73,7275.88,115.824621,35.853694,448.52,0.00047310
2006,242,74,7375.55,115.825567,35.853425,418.61,-0.00036149
2006,242,75,7475.22,115.826501,35.853136,448.52,-0.00078843
2006,242,76,7574.89,115.827397,35.852780,463.47,-0.00081014
2006,242,77,7674.56,115.828247,35.852347,478.42,-0.00005863
2006,242,78,7774.23,115.829088,35.851897,463.47,0.00086895
2006,242,79,7873.90,115.829983,35.851541,478.42,0.00031998
2006,242,80,7973.57,115.830928,35.851269,448.52,-0.00061709
2006,242,81,8073.24,115.831774,35.850828,448.52,-0.00000000
2006,242,82,8172.91,115.832663,35.850460,418.61,-0.00021455
2006,242,83,8272.58,115.833565,35.850115,403.66,-0.00057906
2006,242,84,8372.25,115.834361,35.849589,403.66,0.00043051
2006,242,85,8471.92,115.835256,35.849232,403.66,0.00057906
2006,242,86,8571.59,115.836132,35.848843,358.81,0.00144646
2006,242,87,8671.26,115.837047,35.848520,343.86,0.00245514
2006,242,88,8770.93,115.837867,35.848574,328.91,0.00094595
2006,242,89,8870.60,115.838970,35.848574,239.21,-0.00017398
2006,242,90,8970.27,115.840074,35.848574,239.21,0.00030442
2006,242,91,9069.94,115.841177,35.848574,209.31,0.00143117
2006,242,92,9169.61,115.842219,35.848680,209.31,0.00197674
2006,242,93,9269.28,115.843114,35.849036,254.16,0.00084999
2006,242,94,9368.94,115.844009,35.849393,284.06,0.00114168
2006,242,95,9468.61,115.844905,35.849749,269.11,0.00114168
2006,242,96,9568.28,115.845601,35.850446,254.16,-0.00114168
2006,242,97,9667.95,115.846497,35.850802,254.16,-0.00056263
2006,242,98,9767.62,115.847392,35.851158,269.11,0.00114168
2006,242,99,9867.29,115.848188,35.851685,299.01,0.00016321
2006,242,100,9966.96,115.848984,35.852211,269.11,-0.00000000
2006,242,101,10066.63,115.849851,35.852616,284.06,0.00078397
2006,242,102,10166.30,115.850576,35.853264,313.96,0.00000000
2006,242,103,10265.97,115.851372,35.853791,328.91,-0.00038456
2006,242,104,10365.64,115.852168,35.854317,299.01,-0.00000000
2006,242,105,10465.31,115.852964,35.854844,328.91,0.00000000
2006,242,106,10564.98,115.853760,35.855370,328.91,0.00053363
2006,242,107,10664.65,115.854556,35.855897,358.81,0.00000000
2006,242,108,10764.32,115.855253,35.856593,284.06,-0.00109626
2006,242,109,10863.99,115.856148,35.856950,388.71,0.00001150
2006,242,110,10963.66,115.856944,35.857476,328.91,0.00056263
2006,242,111,11063.33,115.857738,35.858006,373.76,-0.00174576
2006,242,112,11163.00,115.858536,35.858529,358.81,-0.00333238
2006,242,113,11262.67,115.859630,35.858545,478.42,-0.00319624
2006,243,0,0.00,115.399064,35.572612,956.83,-0.00043761
2006,243,1,79.33,115.399716,35.572228,702.67,0.00182610
2006,243,2,158.65,115.400344,35.571803,1465.15,0.00414613
2006,243,3,237.98,115.401220,35.571803,792.38,0.00420245
2006,244,0,0.00,115.399064,35.572612,388.71,0.00000000
2006,244,1,83.46,115.398794,35.571938,388.71,0.00000000
2006,244,2,166.92,115.398525,35.571264,358.81,0.00000000
2006,245,0,0.00,115.859630,35.858545,478.42,-0.00347714
2006,245,1,77.85,115.859756,35.859210,388.71,-0.00422635
2006,245,2,155.70,115.860300,35.859755,328.91,-0.00527802
2006,245,3,233.55,115.860944,35.860129,358.81,-0.00456292
2006,245,4,311.40,115.861786,35.860162,388.71,-0.00354534
2006,246,0,0.00,115.859630,35.858545,1390.40,0.00246620
2006,246,1,77.61,115.859963,35.857942,1794.06,0.00614345
2006,246,2,155.21,115.860506,35.857535,538.22,0.00824485
2006,246,3,232.82,115.861247,35.857737,358.81,0.00666900
2006,247,0,0.00,115.398525,35.571264,1614.66,0.00000000
2006,247,1,97.72,115.397447,35.571264,1375.45,0.00000000
2006,247,2,195.44,115.396369,35.571264,403.66,0.00000000
2006,248,0,0.00,115.398525,35.571264,373.76,0.00000000
2006,248,1,98.41,115.398525,35.570534,373.76,-0.00065613
2006,248,2,196.83,115.398525,35.569647,388.71,-0.00135092
2006,248,3,295.24,115.398255,35.568839,269.11,-0.00069479
2006,248,4,393.65,115.397986,35.568030,373.76,-0.00000000
2006,249,0,0.00,115.861786,35.860162,403.66,-0.00118609
2006,249,1,91.30,115.862424,35.860800,358.81,-0.00123431
2006,249,2,182.61,115.863162,35.861268,328.91,-0.00064127
2006,249,3,273.91,115.863899,35.861736,299.01,-0.00033411
2006,249,4,365.21,115.864637,35.862205,343.86,-0.00113691
2006,249,5,456.52,115.865424,35.862588,343.86,-0.00017075
2006,249,6,547.82,115.866277,35.862857,388.71,-0.00046294
2006,249,7,639.13,115.866973,35.863396,373.76,-0.00312136
2006,249,8,730.43,115.867984,35.863396,478.42,-0.00405274
2006,250,0,0.00,115.861786,35.860162,986.73,0.00000000
2006,250,1,98.36,115.862055,35.859354,867.13,0.00000000
2006,250,2,196.72,115.862325,35.858545,807.33,0.00000000
2006,251,0,0.00,115.397986,35.568030,373.76,0.00000000
2006,251,1,69.77,115.397986,35.567401,343.86,0.00000000
2006,251,2,139.54,115.397986,35.566772,269.11,0.00000000
2006,251,3,209.30,115.397986,35.566144,269.11,0.00000000
2006,252,0,0.00,115.397986,35.568030,1375.45,0.00000000
2006,252,1,61.08,115.397312,35.568030,1405.35,0.00000000
2006,252,2,122.15,115.396638,35.568030,612.97,0.00000000
2006,253,0,0.00,115.867984,35.863396,493.37,-0.00433904
2006,253,1,92.80,115.868006,35.864226,388.71,-0.00541406
2006,253,2,185.60,115.868731,35.864744,299.01,-0.00422070
2006,253,3,278.40,115.869601,35.865013,358.81,-0.00195230
2006,254,0,0.00,115.867984,35.863396,1435.25,0.00566940
2006,254,1,94.35,115.868714,35.862857,627.92,0.00579787
2006,254,2,188.69,115.869601,35.863127,313.96,0.00592634
2006,255,0,0.00,115.862325,35.858545,403.66,0.00000000
2006,255,1,12.17,115.862460,35.858545,403.66,0.00000000
2006,255,2,24.34,115.862594,35.858545,403.66,0.00000000
2006,256,0,0.00,115.862325,35.858545,403.66,0.00000000
2006,256,1,38.56,115.862055,35.858276,328.91,0.00000000
2006,256,2,77.11,115.861786,35.858006,358.81,0.00000000
2006,257,0,0.00,115.397986,35.566144,1375.45,0.00389826
2006,257,1,68.17,115.398581,35.565874,1031.59,0.00370989
2006,257,2,136.34,115.399333,35.565874,852.18,0.00352151
2006,258,0,0.00,115.397986,35.566144,239.21,0.00000000
2006,258,1,77.23,115.397447,35.565605,269.11,0.00000000
2006,258,2,154.45,115.396908,35.565066,328.91,0.00000000
2006,259,0,0.00,115.869601,35.865013,358.81,-0.00415344
2006,259,1,76.24,115.869957,35.865552,358.81,-0.00567263
2006,259,2,152.48,115.870644,35.865822,388.71,-0.00499283
2006,259,3,228.71,115.871488,35.865822,508.32,-0.00279384
2006,26,0,0.00,115.497699,35.685530,239.21,0.00554920
2006,26,1,72.45,115.497193,35.685563,179.41,0.00571562
2006,26,2,144.90,115.496588,35.685227,149.51,0.00389466
2006,26,3,217.34,115.496082,35.684721,299.01,0.00190727
2006,260,0,0.00,115.869601,35.865013,1794.06,-0.00000000
2006,260,1,38.56,115.869871,35.864744,1794.06,-0.00000000
2006,260,2,77.11,115.870140,35.864474,1794.06,-0.00000000
2006,261,0,0.00,115.869601,35.863127,463.47,0.01070779
2006,261,1,31.45,115.869821,35.862907,702.67,0.01110753
2006,261,2,62.90,115.870140,35.862857,583.07,0.01150726
2006,262,0,0.00,115.869601,35.863127,433.57,-0.00000000
2006,262,1,83.41,115.869871,35.863800,418.61,-0.00000000
2006,262,2,166.82,115.870140,35.864474,388.71,-0.00000000
2006,263,0,0.00,115.396908,35.565066,254.16,-0.00087122
2006,263,1,94.35,115.396638,35.564294,239.21,-0.00268721
2006,263,2,188.70,115.396217,35.563566,254.16,-0.00055630
2006,263,3,283.05,115.395360,35.563249,269.11,0.00372212
2006,263,4,377.40,115.395560,35.562497,478.42,0.00083723
2006,263,5,471.75,115.395208,35.561749,493.37,-0.00260218
2006,263,6,566.11,115.394967,35.560969,284.06,-0.00398435
2006,263,7,660.46,115.394208,35.560484,328.91,-0.00236714
2006,263,8,754.81,115.393324,35.560215,538.22,0.00118921
2006,263,9,849.16,115.392596,35.559676,642.87,0.00196919
2006,264,0,0.00,115.396908,35.565066,598.02,0.00000000
2006,264,1,57.92,115.396503,35.565470,493.37,0.00000000
2006,264,2,115.84,115.396099,35.565874,523.27,0.00000000
2006,265,0,0.00,115.871488,35.865822,1794.06,-0.00000000
2006,265,1,19.28,115.871622,35.865687,1794.06,-0.00000000
2006,265,2,38.56,115.871757,35.865552,1794.06,-0.00000000
2006,266,0,0.00,115.871488,35.865822,388.71,-0.00305893
2006,266,1,99.91,115.871768,35.866641,418.61,-0.00308436
2006,266,2,199.81,115.872566,35.867169,418.61,-0.00310979
2006,267,0,0.00,115.871757,35.865552,523.27,-0.00088637
2006,267,1,84.55,115.871757,35.864790,612.97,-0.00448652
2006,267,2,169.10,115.871620,35.864068,343.86,-0.01077003
2006,267,3,253.65,115.870761,35.863935,642.87,-0.00963522
2006,267,4,338.20,115.870140,35.864474,1524.95,-0.00581706
2006,268,0,0.00,115.871757,35.865552,1181.09,0.00587653
2006,268,1,90.45,115.872489,35.865090,612.97,0.00816317
2006,268,2,180.91,115.873220,35.865398,328.91,0.00684144
2006,268,3,271.36,115.873644,35.866091,448.52,0.00323306
2006,27,0,0.00,115.641070,35.748591,418.61,-0.00022331
2006,27,1,99.07,115.641851,35.749130,448.52,-0.00016794
2006,27,2,198.14,115.642652,35.749635,418.61,-0.00000000
2006,27,3,297.22,115.643444,35.750157,418.61,0.00005628
2006,27,4,396.29,115.644235,35.750679,418.61,-0.00055759
2006,27,5,495.36,115.645026,35.751201,403.66,-0.00057014
2006,27,6,594.43,115.645915,35.751556,388.71,-0.00002510
2006,27,7,693.51,115.646708,35.752074,418.61,-0.00058656
2006,27,8,792.58,115.647599,35.752426,343.86,-0.00042133
2006,27,9,891.65,115.648489,35.752777,388.71,0.00058656
2006,27,10,990.72,115.649354,35.753173,313.96,0.00028293
2006,27,11,1089.79,115.650171,35.753651,343.86,-0.00001251
2006,27,12,1188.87,115.651062,35.754002,299.01,-0.00014329
2006,27,13,1287.94,115.651855,35.754520,269.11,-0.00114065
2006,27,14,1387.01,115.652794,35.754790,239.21,-0.00058489
2006,27,15,1486.08,115.653732,35.755059,209.31,0.00055810
2006,27,16,1585.16,115.654624,35.755408,209.31,0.00038167
2006,27,17,1684.23,115.655515,35.755760,179.41,-0.00110357
2006,27,18,1783.30,115.656390,35.756137,179.41,-0.00155201
2006,27,19,1882.37,115.657486,35.756137,179.41,-0.00035082
2006,27,20,1981.44,115.658424,35.756407,179.41,-0.00055467
2006,27,21,2080.52,115.659519,35.756407,209.31,-0.00000000
2006,27,22,2179.59,115.660563,35.756496,224.26,0.00027390
2006,27,23,2278.66,115.661553,35.756676,209.31,-0.00074713
2006,27,24,2377.73,115.662649,35.756676,209.31,0.00028077
2006,27,25,2476.81,115.663731,35.756700,224.26,0.00156385
2006,27,26,2575.88,115.664683,35.756946,239.21,-0.00000000
2006,27,27,2674.95,115.665621,35.757215,239.21,-0.00163001
2006,27,28,2774.02,115.666716,35.757215,269.11,-0.00015511
2006,27,29,2873.09,115.667812,35.757215,299.01,0.00081330
2006,27,30,2972.17,115.668779,35.757436,284.06,-0.00051791
2006,27,31,3071.24,115.669846,35.757485,328.91,-0.00081330
2006,27,32,3170.31,115.670941,35.757485,358.81,0.00067303
2006,27,33,3269.38,115.672036,35.757485,373.76,0.00081330
2006,27,34,3368.46,115.672975,35.757754,388.71,-0.00081330
2006,27,35,3467.53,115.674070,35.757754,328.91,-0.00000000
2006,27,36,3566.60,115.675166,35.757754,328.91,0.00170959
2006,27,37,3665.67,115.676104,35.758024,373.76,0.00179259
2006,271,0,0.00,115.392596,35.559676,941.88,0.00314090
2006,271,1,64.16,115.392596,35.559098,642.87,0.00323478
2006,271,2,128.32,115.392865,35.558598,493.37,0.00332866
2006,272,0,0.00,115.392596,35.559676,1181.09,0.00282728
2006,272,1,99.40,115.391803,35.560199,508.32,0.00240715
2006,272,2,198.79,115.391029,35.560215,538.22,-0.00061740
2006,272,3,298.19,115.390089,35.560484,508.32,-0.00161091
2006,272,4,397.58,115.389305,35.561023,553.17,0.00023096
2006,272,5,496.98,115.388365,35.561293,568.12,-0.00089843
2006,272,6,596.37,115.387543,35.561764,583.07,-0.00046026
2006,272,7,695.77,115.386798,35.562371,553.17,0.00182247
2006,272,8,795.17,115.385858,35.562640,627.92,0.00230670
2006,273,0,0.00,115.872566,35.867169,343.86,-0.00235816
2006,273,1,92.18,115.873001,35.867874,358.81,-0.00252787
2006,273,2,184.36,115.873745,35.868348,313.96,-0.00322680
2006,273,3,276.54,115.874509,35.868786,358.81,-0.00346582
2006,273,4,368.71,115.875530,35.868786,478.42,-0.00317562
2006,274,0,0.00,115.872566,35.867169,1794.06,0.00000000
2006,274,1,77.11,115.873105,35.866630,1794.06,0.00000000
2006,274,2,154.22,115.873644,35.866091,508.32,0.00000000
2006,275,0,0.00,115.873644,35.866091,523.27,0.00292330
2006,275,1,87.24,115.874551,35.866190,343.86,0.00296466
2006,275,2,174.47,115.875261,35.866630,313.96,0.00300602
2006,277,0,0.00,115.385858,35.562910,956.83,0.00000000
2006,277,1,14.95,115.385858,35.562775,672.77,0.00000000
2006,277,2,29.90,115.385858,35.562640,672.77,0.00000000
2006,278,0,0.00,115.385858,35.562640,1046.54,-0.00323819
2006,278,1,74.61,115.385192,35.562371,897.03,-0.00161910
2006,278,2,149.21,115.384369,35.562371,777.43,0.00161910
2006,278,3,223.82,115.383702,35.562101,792.38,0.00323819
2006,279,0,0.00,115.385858,35.562910,583.07,0.00106272
2006,279,1,87.26,115.385249,35.563519,403.66,0.00135857
2006,279,2,174.53,115.384559,35.563988,284.06,-0.00040843
2006,279,3,261.79,115.383833,35.564396,553.17,-0.00268091
2006,279,4,349.05,115.383433,35.565066,538.22,-0.00289053
2006,280,0,0.00,115.385858,35.562910,1794.06,0.00115102
2006,280,1,92.19,115.386502,35.563553,1390.40,0.00207288
2006,280,2,184.37,115.386937,35.564257,1181.09,0.00485469
2006,280,3,276.56,115.387040,35.564962,687.72,0.00669803
2006,280,4,368.75,115.386397,35.565605,284.06,0.00641786
2006,280,5,460.94,115.385536,35.565874,538.22,0.00459126
2006,280,6,553.12,115.384615,35.565709,867.13,0.00145067
2006,280,7,645.31,115.383972,35.565605,583.07,-0.00012690
2006,281,0,0.00,115.875530,35.868786,627.92,0.00110195
2006,281,1,87.81,115.875530,35.867995,717.63,0.00556566
2006,281,2,175.61,115.875712,35.867256,852.18,0.01484033
2006,281,3,263.42,115.876339,35.867551,433.57,0.01314816
2006,281,4,351.22,115.876339,35.868342,717.63,0.00419695
2006,281,5,439.03,115.876069,35.869056,926.93,0.00174887
2006,282,0,0.00,115.875530,35.868786,388.71,-0.01070840
2006,282,1,31.45,115.875750,35.869006,403.66,-0.01110823
2006,282,2,62.89,115.876069,35.869056,478.42,-0.01150806
2006,283,0,0.00,115.383702,35.562101,433.57,-0.00043897
2006,283,1,87.19,115.383163,35.562730,627.92,-0.00000000
2006,283,2,174.39,115.382694,35.563379,568.12,0.00064444
2006,283,3,261.58,115.382085,35.563988,403.66,0.00084991
2006,284,0,0.00,115.383702,35.562101,358.81,-0.00602723
2006,284,1,98.75,115.382770,35.561832,284.06,-0.00644260
2006,284,2,197.51,115.382085,35.562446,583.07,-0.00392078
2006,284,3,296.26,115.381546,35.563179,598.02,-0.00098359
2006,285,0,0.00,115.383433,35.565066,403.66,-0.00218923
2006,285,1,75.05,115.382909,35.565589,717.63,-0.00311463
2006,285,2,150.09,115.382655,35.566174,598.02,-0.00068510
2006,285,3,225.14,115.382609,35.566698,478.42,0.00311463
2006,285,4,300.19,115.382085,35.567222,553.17,0.00355942
2006,286,0,0.00,115.383433,35.565066,1046.54,-0.00246574
2006,286,1,82.35,115.382837,35.564527,1510.00,-0.00256883
2006,286,2,164.70,115.382085,35.564257,807.33,-0.00267192
2006,287,0,0.00,115.383433,35.565066,1061.49,0.00000000
2006,287,1,38.61,115.383702,35.565335,1031.59,0.00000000
2006,287,2,77.23,115.383972,35.565605,1614.66,0.00000000
2006,288,0,0.00,115.383972,35.565605,583.07,-0.00113413
2006,288,1,97.86,115.383702,35.566408,598.02,0.00105810
2006,288,2,195.71,115.383649,35.567275,388.71,0.00743824
2006,288,3,293.57,115.382852,35.567761,493.37,0.00923186
2006,288,4,391.43,115.382085,35.567222,612.97,0.00683758
2006,29,0,0.00,115.496082,35.684721,269.11,-0.00000000
2006,29,1,81.56,115.495413,35.684322,269.11,-0.00000000
2006,29,2,163.13,115.494744,35.683923,239.21,-0.00126059
2006,29,3,244.69,115.494075,35.683524,239.21,-0.00017991
2006,29,4,326.25,115.493262,35.683374,239.21,0.00358640
2006,29,5,407.81,115.492848,35.682835,224.26,0.00501145
2006,290,0,0.00,115.876069,35.869056,418.61,-0.00135889
2006,290,1,87.12,115.876469,35.869725,403.66,-0.00197619
2006,290,2,174.23,115.877078,35.870334,403.66,-0.00200438
2006,290,3,261.35,115.877786,35.870773,388.71,-0.00070763
2006,290,4,348.46,115.878494,35.871212,388.71,-0.00000000
2006,291,0,0.00,115.382085,35.563988,986.73,0.00000000
2006,291,1,14.95,115.382085,35.564122,986.73,0.00000000
2006,291,2,29.90,115.382085,35.564257,971.78,0.00000000
2006,292,0,0.00,115.382085,35.563988,1794.06,0.00347795
2006,292,1,53.56,115.381712,35.563614,1091.39,0.00358497
2006,292,2,107.13,115.381546,35.563179,672.77,0.00369200
2006,293,0,0.00,115.382085,35.564257,463.47,0.00000000
2006,293,1,99.69,115.381142,35.564527,463.47,0.00000000
2006,293,2,199.38,115.380199,35.564796,687.72,0.00000000
2006,296,0,0.00,115.381546,35.563179,1465.15,-0.00256730
2006,296,1,87.26,115.380897,35.562640,1046.54,-0.00653946
2006,296,2,174.53,115.380130,35.562439,358.81,-0.00897816
2006,296,3,261.79,115.379521,35.563048,508.32,-0.00440130
2006,296,4,349.06,115.379121,35.563718,732.58,-0.00135792
2006,297,0,0.00,115.382085,35.567222,1240.89,-0.00434298
2006,297,1,94.02,115.381539,35.566675,792.38,-0.00366451
2006,297,2,188.05,115.380810,35.566683,837.23,-0.00063314
2006,297,3,282.07,115.379930,35.566413,971.78,0.00171975
2006,298,0,0.00,115.878494,35.871212,448.52,-0.00433894
2006,298,1,92.79,115.878516,35.872042,343.86,-0.00541416
2006,298,2,185.59,115.879241,35.872559,343.86,-0.00422105
2006,298,3,278.38,115.880111,35.872828,403.66,-0.00195272
2006,299,0,0.00,115.878494,35.871212,1794.06,0.00344989
2006,299,1,90.45,115.879127,35.870579,1315.65,0.00584367
2006,299,2,180.90,115.880025,35.870403,508.32,0.00795162
2006,299,3,271.35,115.880789,35.870811,328.91,0.00789226
2006,299,4,361.80,115.881189,35.871510,553.17,0.00715903
2006,299,5,452.25,115.880744,35.872196,1629.61,0.00363033
2006,299,6,542.71,115.880111,35.872828,1794.06,0.00106134
2006,3,0,0.00,115.520875,35.717330,1196.04,0.00000000
2006,3,1,97.54,115.519797,35.717330,1136.24,0.00000000
2006,3,2,195.08,115.518719,35.717330,687.72,0.00000000
2006,30,0,0.00,115.676104,35.758024,1794.06,-0.00230826
2006,30,1,84.48,115.676104,35.758785,1210.99,-0.00391914
2006,30,2,168.95,115.676449,35.759447,448.52,-0.00768214
2006,30,3,253.43,115.677138,35.759866,313.96,-0.00966395
2006,30,4,337.91,115.677828,35.759534,583.07,-0.00639659
2006,30,5,422.38,115.678418,35.758944,926.93,-0.00237436
2006,30,6,506.86,115.678799,35.758293,1300.70,-0.00144920
2006,300,0,0.00,115.380199,35.564796,1405.35,0.00286336
2006,300,1,85.09,115.379506,35.564373,1794.06,0.00282420
2006,300,2,170.17,115.379121,35.563718,508.32,0.00278504
2006,301,0,0.00,115.380199,35.564796,911.98,0.00143897
2006,301,1,94.06,115.380199,35.565644,687.72,0.00148209
2006,301,2,188.12,115.379930,35.566413,732.58,0.00152520
2006,302,0,0.00,115.379121,35.563718,717.63,-0.00149080
2006,302,1,87.14,115.378160,35.563718,523.27,-0.00420247
2006,302,2,174.27,115.377311,35.563911,553.17,-0.00717847
2006,302,3,261.41,115.376965,35.564596,687.72,-0.00481092
2006,302,4,348.55,115.376965,35.565381,792.38,-0.00108953
2006,302,5,435.68,115.376965,35.566167,687.72,0.00000000
2006,302,6,522.82,115.376965,35.566952,1061.49,0.00000000
2006,305,0,0.00,115.379930,35.566413,672.77,0.00121008
2006,305,1,99.03,115.378994,35.566683,538.22,0.00089668
2006,305,2,198.07,115.377953,35.566772,553.17,0.00000000
2006,305,3,297.10,115.376965,35.566952,538.22,-0.00058328
2006,306,0,0.00,115.880111,35.872828,373.76,-0.00106200
2006,306,1,94.26,115.880667,35.873367,448.52,-0.00104078
2006,306,2,188.52,115.881419,35.873866,448.52,-0.00054701
2006,306,3,282.78,115.882177,35.874355,463.47,0.00056252
2006,306,4,377.04,115.882935,35.874844,448.52,0.00059975
2006,306,5,471.30,115.883594,35.875503,478.42,-0.00000000
2006,306,6,565.56,115.884353,35.875992,493.37,0.00110435
2006,306,7,659.82,115.885012,35.876651,478.42,0.00110435
2006,306,8,754.08,115.885461,35.877370,463.47,-0.00054874
2006,306,9,848.34,115.886120,35.878029,508.32,-0.00162977
2006,306,10,942.60,115.886779,35.878688,538.22,-0.00014832
2006,306,11,1036.86,115.887625,35.879027,568.12,0.00100368
2006,306,12,1131.12,115.887927,35.879772,538.22,-0.00207586
2006,306,13,1225.38,115.888735,35.880105,702.67,-0.00429368
2006,308,0,0.00,115.376965,35.566952,598.02,-0.00000000
2006,308,1,50.83,115.376561,35.567222,493.37,-0.00000000
2006,308,2,101.66,115.376157,35.567491,553.17,-0.00000000
2006,309,0,0.00,115.888735,35.880105,642.87,-0.00155972
2006,309,1,96.97,115.888735,35.880979,553.17,-0.00211391
2006,309,2,193.93,115.889046,35.881763,553.17,-0.00044778
2006,309,3,290.90,115.889544,35.882493,508.32,0.00350026
2006,309,4,387.86,115.889522,35.883360,538.22,0.00256172
2006,309,5,484.83,115.889005,35.884085,433.57,-0.00018258
2006,309,6,581.79,115.889003,35.884958,313.96,0.00004660
2006,309,7,678.76,115.888534,35.885696,269.11,0.00101788
2006,309,8,775.72,115.888466,35.886550,209.31,0.00319044
2006,309,9,872.69,115.887734,35.887112,179.41,0.00255785
2006,309,10,969.65,115.886929,35.887571,254.16,0.00004071
2006,309,11,1066.62,115.886151,35.888079,299.01,-0.00016769
2006,309,12,1163.58,115.885374,35.888586,299.01,-0.00000000
2006,309,13,1260.55,115.884597,35.889094,343.86,-0.00056517
2006,309,14,1357.51,115.883820,35.889602,388.71,0.00000705
2006,309,15,1454.48,115.883142,35.890280,448.52,0.00177369
2006,309,16,1551.45,115.882264,35.890615,448.52,-0.00053125
2006,309,17,1648.41,115.881389,35.890955,448.52,-0.00336104
2006,309,18,1745.38,115.880920,35.891693,478.42,-0.00325664
2006,31,0,0.00,115.676104,35.758024,328.91,0.00219252
2006,31,1,95.45,115.677002,35.757754,328.91,0.00369495
2006,31,2,190.89,115.678033,35.757797,358.81,0.00427061
2006,31,3,286.34,115.678799,35.758293,478.42,0.00334383
2006,310,0,0.00,115.888735,35.880105,1285.75,-0.00000000
2006,310,1,96.38,115.889409,35.879431,1196.04,-0.00000000
2006,310,2,192.77,115.890083,35.878757,867.13,-0.00000000
2006,311,0,0.00,115.376157,35.567491,568.12,0.00923381
2006,311,1,43.74,115.375831,35.567761,538.22,0.00904519
2006,311,2,87.47,115.375348,35.567761,627.92,0.00885658
2006,312,0,0.00,115.376157,35.567491,1405.35,0.00174010
2006,312,1,71.42,115.375658,35.566993,1794.06,0.00199251
2006,312,2,142.83,115.375348,35.566439,1166.14,0.00132509
2006,312,3,214.25,115.375079,35.565874,882.08,0.00040525
2006,313,0,0.00,115.880920,35.891693,538.22,0.00000000
2006,313,1,88.24,115.880104,35.891970,508.32,-0.00074171
2006,313,2,176.48,115.879289,35.892246,433.57,-0.00215662
2006,313,3,264.72,115.878572,35.892693,493.37,-0.00205064
2006,313,4,352.96,115.877955,35.893310,508.32,-0.00127148
2006,314,0,0.00,115.880920,35.891693,1794.06,0.00000000
2006,314,1,80.47,115.881482,35.892256,1659.51,-0.00160352
2006,314,2,160.95,115.882045,35.892818,1076.44,-0.00337471
2006,314,3,241.42,115.882806,35.893041,642.87,-0.00354238
2006,315,0,0.00,115.375348,35.567761,642.87,0.00380919
2006,315,1,73.01,115.375047,35.568331,553.17,0.00495012
2006,315,2,146.02,115.374439,35.568670,478.42,0.00412313
2006,315,3,219.03,115.373731,35.568839,418.61,0.00215521
2006,316,0,0.00,115.375348,35.567761,1524.95,-0.00000000
2006,316,1,96.53,115.374674,35.567087,1794.06,-0.00000000
2006,316,2,193.06,115.374001,35.566413,403.66,-0.00000000
2006,317,0,0.00,115.877955,35.893310,717.63,-0.00771276
2006,317,1,69.97,115.877181,35.893310,448.52,-0.00831028
2006,317,2,139.93,115.876878,35.893835,538.22,-0.00466948
2006,317,3,209.90,115.876608,35.894388,493.37,-0.00043116
2006,318,0,0.00,115.877955,35.893310,1794.06,0.00000000
2006,318,1,81.35,115.878524,35.893879,1794.06,0.00129666
2006,318,2,162.70,115.879093,35.894447,1270.79,0.00537262
2006,318,3,244.06,115.879303,35.895120,583.07,0.00879443
2006,318,4,325.41,115.878794,35.895706,448.52,0.00808555
2006,318,5,406.76,115.878225,35.895736,523.27,0.00673415
2006,319,0,0.00,115.373731,35.568839,463.47,0.00429717
2006,319,1,99.35,115.373246,35.569593,284.06,0.00448940
2006,319,2,198.70,115.372256,35.569775,239.21,0.00205341
2006,319,3,298.04,115.371243,35.569917,209.31,-0.00142256
2006,319,4,397.39,115.370303,35.570186,209.31,-0.00042930
2006,319,5,496.74,115.369483,35.570661,164.46,0.00139154
2006,319,6,596.09,115.368424,35.570725,239.21,0.00089075
2006,319,7,695.43,115.367485,35.570995,269.11,0.00020507
2006,319,8,794.78,115.366389,35.570995,358.81,0.00080855
2006,319,9,894.13,115.365449,35.571264,388.71,0.00250784
2006,319,10,993.48,115.364510,35.570995,388.71,0.00180877
2006,319,11,1092.82,115.363571,35.570725,388.71,0.00039380
2006,319,12,1192.17,115.362650,35.570423,448.52,0.00161038
2006,319,13,1291.52,115.361758,35.570071,448.52,0.00105366
2006,319,14,1390.87,115.361065,35.569378,463.47,-0.00079443
2006,319,15,1490.22,115.360126,35.569108,448.52,0.00037671
2006,319,16,1589.56,115.359343,35.568569,478.42,-0.00000047
2006,319,17,1688.91,115.358560,35.568030,478.42,-0.00050140
2006,319,18,1788.26,115.357620,35.567761,493.37,0.00067336
2006,319,19,1887.61,115.356905,35.567104,508.32,-0.00017041
2006,319,20,1986.95,115.356014,35.566752,523.27,0.00012155
2006,319,21,2086.30,115.355221,35.566229,463.47,0.00056750
2006,319,22,2185.65,115.354429,35.565706,508.32,0.00000000
2006,319,23,2285.00,115.353637,35.565183,448.52,-0.00000000
2006,319,24,2384.34,115.352844,35.564661,523.27,-0.00000000
2006,319,25,2483.69,115.352052,35.564138,448.52,0.00000000
2006,319,26,2583.04,115.351260,35.563615,478.42,0.00053835
2006,319,27,2682.39,115.350467,35.563092,433.57,0.00053835
2006,319,28,2781.74,115.349774,35.562398,433.57,0.00000000
2006,319,29,2881.08,115.348982,35.561876,433.57,-0.00029383
2006,319,30,2980.43,115.348288,35.561182,433.57,-0.00053835
2006,319,31,3079.78,115.347441,35.560754,418.61,0.00005781
2006,319,32,3179.13,115.346703,35.560136,433.57,0.00103857
2006,319,33,3278.47,115.345911,35.559614,433.57,0.00073623
2006,319,34,3377.82,115.345426,35.558859,403.66,0.00000000
2006,319,35,3477.17,115.344634,35.558337,373.76,0.00049445
2006,319,36,3576.52,115.344149,35.557582,343.86,-0.00000000
2006,319,37,3675.86,115.343456,35.556889,358.81,-0.00049445
2006,319,38,3775.21,115.342762,35.556196,328.91,-0.00000000
2006,319,39,3874.56,115.342069,35.555502,313.96,-0.00050021
2006,319,40,3973.91,115.341376,35.554809,358.81,-0.00103857
2006,319,41,4073.26,115.340583,35.554286,373.76,-0.00107671
2006,32,0,0.00,115.492848,35.682835,239.21,0.00162508
2006,32,1,95.63,115.491883,35.682678,254.16,0.00123945
2006,32,2,191.27,115.491048,35.682296,239.21,0.00085450
2006,32,3,286.90,115.490150,35.682024,269.11,0.00124506
2006,32,4,382.54,115.489383,35.681526,269.11,0.00081747
2006,32,5,478.17,115.488616,35.681029,269.11,-0.00061431
2006,32,6,573.81,115.487849,35.680531,343.86,-0.00061431
2006,32,7,669.44,115.486983,35.680204,373.76,0.00017664
2006,32,8,765.08,115.486216,35.679707,358.81,0.00000000
2006,32,9,860.71,115.485378,35.679331,358.81,-0.00023584
2006,32,10,956.34,115.484583,35.678882,373.76,0.00000000
2006,32,11,1051.98,115.483736,35.678523,358.81,-0.00000000
2006,32,12,1147.61,115.482950,35.678058,403.66,0.00000000
2006,32,13,1243.25,115.482093,35.677714,403.66,0.00000000
2006,32,14,1338.88,115.481317,35.677233,403.66,-0.00063075
2006,32,15,1434.52,115.480451,35.676906,418.61,-0.00114310
2006,320,0,0.00,115.373731,35.568839,1345.55,-0.00204052
2006,320,1,70.13,115.373242,35.568349,1001.69,-0.00213872
2006,320,2,140.27,115.372653,35.568030,418.61,-0.00223693
2006,321,0,0.00,115.876608,35.894388,1794.06,-0.00000000
2006,321,1,19.28,115.876743,35.894523,1794.06,-0.00000000
2006,321,2,38.55,115.876878,35.894658,1794.06,-0.00000000
2006,322,0,0.00,115.876608,35.894388,598.02,-0.00000000
2006,322,1,86.80,115.875804,35.894658,478.42,-0.00118583
2006,322,2,173.61,115.875000,35.894927,418.61,-0.00384457
2006,322,3,260.41,115.874452,35.895405,448.52,-0.00387280
2006,322,4,347.21,115.874183,35.896109,448.52,-0.00121406
2006,322,5,434.01,115.873913,35.896814,583.07,-0.00000000
2006,323,0,0.00,115.876878,35.894658,1734.26,0.00134442
2006,323,1,89.27,115.877601,35.895111,1091.39,0.00129310
2006,323,2,178.53,115.878225,35.895736,687.72,0.00124177
2006,324,0,0.00,115.876878,35.894658,493.37,-0.00198036
2006,324,1,82.62,115.876608,35.895324,583.07,-0.00192297
2006,324,2,165.24,115.876608,35.896069,777.43,-0.00093279
2006,324,3,247.87,115.876608,35.896814,598.02,0.00000000
2006,325,0,0.00,115.878225,35.895736,568.12,-0.00866689
2006,325,1,34.23,115.877986,35.895975,612.97,-0.00878187
2006,325,2,68.45,115.877955,35.896275,568.12,-0.00889685
2006,327,0,0.00,115.340583,35.554286,373.76,-0.00208384
2006,327,1,96.40,115.340328,35.553491,254.16,-0.00222107
2006,327,2,192.80,115.339765,35.552928,313.96,-0.00171115
2006,327,3,289.20,115.339092,35.552256,328.91,-0.00000000
2006,327,4,385.59,115.338320,35.551753,299.01,0.00105769
2006,327,5,481.99,115.337856,35.551020,313.96,0.00000000
2006,327,6,578.39,115.337184,35.550347,284.06,0.00055317
2006,327,7,674.79,115.336511,35.549674,239.21,0.00148683
2006,327,8,771.19,115.336255,35.548880,254.16,-0.00000000
2006,327,9,867.59,115.335732,35.548164,209.31,-0.00080745
2006,327,10,963.99,115.335327,35.547413,209.31,-0.00107886
2006,327,11,1060.38,115.334654,35.546740,179.41,-0.00135875
2006,328,0,0.00,115.340583,35.554286,1076.44,0.00206412
2006,328,1,92.61,115.339718,35.554555,717.63,0.00196643
2006,328,2,185.22,115.338697,35.554555,463.47,0.00186874
2006,329,0,0.00,115.873913,35.896814,598.02,-0.00135023
2006,329,1,92.44,115.873068,35.897120,553.17,-0.00067512
2006,329,2,184.89,115.872322,35.897596,493.37,-0.00020580
2006,329,3,277.33,115.871477,35.897902,493.37,-0.00065874
2006,329,4,369.77,115.870762,35.898430,478.42,0.00010267
2006,329,5,462.22,115.869986,35.898854,448.52,0.00065874
2006,329,6,554.66,115.869187,35.899239,403.66,0.00041460
2006,329,7,647.10,115.868395,35.899636,418.61,-0.00000000
2006,329,8,739.55,115.867550,35.899943,418.61,-0.00217289
2006,329,9,831.99,115.866804,35.900419,433.57,-0.00303329
2006,329,10,924.43,115.866367,35.901125,448.52,-0.00234375
2006,33,0,0.00,115.492848,35.682835,1794.06,-0.00000000
2006,33,1,57.89,115.493252,35.682431,1121.29,-0.00000000
2006,33,2,115.77,115.493656,35.682026,837.23,-0.00000000
2006,330,0,0.00,115.873913,35.896814,1794.06,-0.00535564
2006,330,1,62.88,115.874353,35.897253,1270.79,-0.00555576
2006,330,2,125.76,115.874991,35.897352,867.13,-0.00575588
2006,331,0,0.00,115.876608,35.896814,687.72,-0.01071126
2006,331,1,31.44,115.876828,35.897033,852.18,-0.01111150
2006,331,2,62.88,115.877147,35.897083,852.18,-0.01151174
2006,332,0,0.00,115.876608,35.896814,642.87,0.00147240
2006,332,1,67.62,115.876135,35.896880,523.27,-0.00221231
2006,332,2,135.24,115.875464,35.896880,583.07,-0.00603904
2006,332,3,202.86,115.874991,35.897352,583.07,-0.00618107
2006,333,0,0.00,115.877955,35.896275,553.17,0.00000000
2006,333,1,57.83,115.877551,35.896679,418.61,0.00000000
2006,333,2,115.65,115.877147,35.897083,418.61,0.00000000
2006,334,0,0.00,115.877955,35.896275,762.48,0.00000000
2006,334,1,38.55,115.878225,35.896544,149.51,0.00000000
2006,334,2,77.10,115.878494,35.896814,224.26,0.00000000
2006,335,0,0.00,115.334654,35.546740,179.41,0.00000000
2006,335,1,84.09,115.334654,35.545982,194.36,-0.00029747
2006,335,2,168.19,115.334654,35.545224,149.51,-0.00090412
2006,335,3,252.28,115.334563,35.544493,254.16,-0.00123806
2006,335,4,336.37,115.334385,35.543787,269.11,0.00090412
2006,335,5,420.46,115.334115,35.543107,269.11,0.00339962
2006,335,6,504.56,115.334385,35.542428,299.01,0.00372817
2006,336,0,0.00,115.334654,35.546740,1061.49,0.00579416
2006,336,1,55.96,115.334194,35.547010,269.11,0.00554933
2006,336,2,111.93,115.333576,35.547010,702.67,0.00530451
2006,337,0,0.00,115.866367,35.901125,433.57,-0.00235504
2006,337,1,98.28,115.865382,35.901302,388.71,-0.00190145
2006,337,2,196.57,115.864595,35.901819,373.76,-0.00117500
2006,337,3,294.85,115.863731,35.902203,328.91,-0.00088375
2006,337,4,393.14,115.863022,35.902853,328.91,-0.00054931
2006,337,5,491.42,115.862236,35.903370,313.96,-0.00011663
2006,337,6,589.70,115.861549,35.904058,328.91,-0.00091214
2006,337,7,687.99,115.860762,35.904575,358.81,-0.00319246
2006,337,8,786.27,115.860438,35.905367,254.16,-0.00307225
2006,337,9,884.56,115.860438,35.906253,224.26,-0.00161075
2006,337,10,982.84,115.860438,35.907138,209.31,-0.00134817
2006,337,11,1081.13,115.860773,35.907928,209.31,0.00001345
2006,337,12,1179.41,115.860977,35.908754,209.31,0.00069325
2006,337,13,1277.69,115.861102,35.909604,239.21,-0.00092422
2006,337,14,1375.98,115.861247,35.910448,254.16,-0.00140119
2006,337,15,1474.26,115.861786,35.911178,269.11,0.00038142
2006,337,16,1572.55,115.862055,35.911986,284.06,0.00070794
2006,337,17,1670.83,115.862325,35.912793,284.06,-0.00070920
2006,337,18,1769.11,115.862594,35.913601,328.91,-0.00070794
2006,337,19,1867.40,115.863134,35.914331,343.86,0.00071171
2006,337,20,1965.68,115.863403,35.915139,373.76,0.00142091
2006,338,0,0.00,115.866367,35.901125,1719.31,0.00347642
2006,338,1,53.50,115.866741,35.901499,1689.41,0.00358267
2006,338,2,107.00,115.866906,35.901934,702.67,0.00368892
2006,339,0,0.00,115.874991,35.897352,1061.49,-0.00368896
2006,339,1,53.50,115.875156,35.897787,1270.79,-0.00358270
2006,339,2,107.00,115.875530,35.898161,433.57,-0.00347644
2006,34,0,0.00,115.678799,35.758293,388.71,-0.00032861
2006,34,1,96.26,115.679706,35.758563,418.61,-0.00095211
2006,34,2,192.52,115.680640,35.758787,403.66,-0.00063269
2006,34,3,288.79,115.681678,35.758832,418.61,-0.00000000
2006,34,4,385.05,115.682585,35.759102,388.71,-0.00015511
2006,34,5,481.31,115.683650,35.759102,388.71,0.00000000
2006,34,6,577.57,115.684557,35.759371,388.71,-0.00000000
2006,34,7,673.83,115.685622,35.759371,388.71,-0.00000000
2006,34,8,770.09,115.686529,35.759641,358.81,0.00000000
2006,34,9,866.36,115.687593,35.759641,328.91,0.00095211
2006,34,10,962.62,115.688501,35.759910,328.91,-0.00000000
2006,34,11,1058.88,115.689408,35.760180,328.91,-0.00113315
2006,34,12,1155.14,115.690473,35.760180,328.91,0.00000000
2006,34,13,1251.40,115.691411,35.760395,313.96,-0.00020482
2006,34,14,1347.66,115.692444,35.760449,299.01,-0.00000000
2006,34,15,1443.93,115.693451,35.760548,284.06,0.00098002
2006,34,16,1540.19,115.694416,35.760719,269.11,0.00075688
2006,34,17,1636.45,115.695323,35.760988,299.01,-0.00059416
2006,34,18,1732.71,115.696262,35.761204,284.06,-0.00057218
2006,34,19,1828.97,115.697295,35.761258,328.91,0.00095211
2006,34,20,1925.24,115.698203,35.761527,358.81,0.00153480
2006,341,0,0.00,115.877147,35.897083,403.66,0.00000000
2006,341,1,19.28,115.877282,35.897218,104.65,0.00000000
2006,341,2,38.55,115.877417,35.897352,119.60,0.00000000
2006,342,0,0.00,115.877417,35.897352,777.43,-0.00779146
2006,342,1,70.72,115.878200,35.897352,583.07,-0.00814679
2006,342,2,141.44,115.878494,35.896814,433.57,-0.00850211
2006,344,0,0.00,115.877417,35.897352,388.71,0.00455040
2006,344,1,80.47,115.876854,35.897915,418.61,0.00412159
2006,344,2,160.94,115.876264,35.897891,478.42,0.00060668
2006,344,3,241.41,115.875530,35.898161,598.02,-0.00247943
2006,347,0,0.00,115.334385,35.542428,1405.35,0.00000000
2006,347,1,85.53,115.335328,35.542428,1704.36,0.00000000
2006,347,2,171.07,115.336271,35.542428,822.28,0.00000000
2006,348,0,0.00,115.334385,35.542428,299.01,0.00165021
2006,348,1,97.68,115.334115,35.541626,328.91,0.00274471
2006,348,2,195.37,115.334166,35.540761,343.86,0.00250521
2006,348,3,293.05,115.334654,35.540023,388.71,-0.00000000
2006,348,4,390.73,115.334924,35.539221,343.86,-0.00058561
2006,348,5,488.41,115.335193,35.538419,328.91,0.00046175
2006,348,6,586.10,115.335463,35.537617,358.81,0.00000000
2006,348,7,683.78,115.335905,35.536866,358.81,-0.00048914
2006,348,8,781.46,115.336002,35.536013,358.81,-0.00000000
2006,348,9,879.14,115.336434,35.535259,343.86,0.00000000
2006,348,10,976.83,115.336541,35.534410,373.76,0.00072062
2006,348,11,1074.51,115.336962,35.533652,358.81,0.00034113
2006,348,12,1172.19,115.337349,35.532885,328.91,-0.00072062
2006,348,13,1269.88,115.337619,35.532083,328.91,0.00040688
2006,348,14,1367.56,115.337888,35.531281,358.81,0.00072062
2006,348,15,1465.24,115.338427,35.530558,328.91,-0.00072178
2006,348,16,1562.92,115.338697,35.529756,328.91,-0.00017744
2006,348,17,1660.61,115.338966,35.528954,358.81,0.00072293
2006,348,18,1758.29,115.339439,35.528211,358.81,-0.00036590
2006,348,19,1855.97,115.339775,35.527429,343.86,-0.00038281
2006,348,20,1953.66,115.340044,35.526627,373.76,0.00125083
2006,348,21,2051.34,115.340441,35.525862,418.61,0.00179628
2006,348,22,2149.02,115.341122,35.525180,403.66,0.00141426
2006,349,0,0.00,115.863403,35.915139,986.73,0.00000000
2006,349,1,96.37,115.862729,35.915813,1046.54,0.00000000
2006,349,2,192.73,115.862055,35.916487,911.98,0.00000000
2006,35,0,0.00,115.480451,35.676906,508.32,0.00482046
2006,35,1,89.89,115.480181,35.676174,538.22,0.00120362
2006,35,2,179.77,115.480691,35.675529,373.76,-0.00642434
2006,35,3,269.66,115.480063,35.674901,254.16,-0.00877863
2006,35,4,359.55,115.479159,35.674750,313.96,-0.00519254
2006,35,5,449.44,115.478323,35.675019,762.48,-0.00163164
2006,35,6,539.32,115.477487,35.675289,553.17,-0.00000000
2006,350,0,0.00,115.863403,35.915139,358.81,-0.00038391
2006,350,1,97.43,115.863942,35.915861,403.66,-0.00054428
2006,350,2,194.87,115.864556,35.916562,403.66,0.00000000
2006,350,3,292.30,115.865237,35.917243,433.57,0.00028464
2006,350,4,389.74,115.865710,35.917985,358.81,-0.00103199
2006,350,5,487.17,115.866405,35.918643,358.81,-0.00144413
2006,350,6,584.61,115.867171,35.919177,328.91,-0.00055934
2006,350,7,682.04,115.867952,35.919688,299.01,-0.00007951
2006,350,8,779.48,115.868733,35.920200,254.16,-0.00053292
2006,350,9,876.91,115.869513,35.920711,194.36,-0.00058984
2006,350,10,974.34,115.870384,35.921068,149.51,-0.00072114
2006,350,11,1071.78,115.871174,35.921563,134.55,-0.00189985
2006,350,12,1169.21,115.872154,35.921734,179.41,-0.00089965
2006,350,13,1266.65,115.873150,35.921876,149.51,-0.00044411
2006,350,14,1364.08,115.874072,35.922146,179.41,-0.00132442
2006,350,15,1461.52,115.875092,35.922045,224.26,-0.00020908
2006,350,16,1558.95,115.875916,35.922146,239.21,0.00000000
2006,350,17,1656.38,115.876996,35.922146,299.01,-0.00010727
2006,350,18,1753.82,115.878075,35.922146,358.81,0.00084181
2006,350,19,1851.25,115.879110,35.922222,403.66,0.00036452
2006,350,20,1948.69,115.880077,35.922415,418.61,-0.00084181
2006,350,21,2046.12,115.881156,35.922415,448.52,-0.00143432
2006,350,22,2143.56,115.882236,35.922415,448.52,0.00000000
2006,350,23,2240.99,115.883158,35.922146,448.52,0.00084181
2006,350,24,2338.43,115.884080,35.922415,418.61,-0.00084181
2006,350,25,2435.86,115.885002,35.922146,388.71,0.00000000
2006,350,26,2533.29,115.886081,35.922146,328.91,0.00084181
2006,350,27,2630.73,115.887161,35.922146,328.91,0.00177034
2006,350,28,2728.16,115.888240,35.922146,328.91,0.00366508
2006,350,29,2825.60,115.889005,35.922685,418.61,0.00378949
2006,353,0,0.00,115.341122,35.525180,373.76,0.00891081
2006,353,1,34.26,115.341153,35.524881,388.71,0.00879415
2006,353,2,68.52,115.341392,35.524641,403.66,0.00867748
2006,354,0,0.00,115.341122,35.525180,1794.06,-0.00294866
2006,354,1,78.06,115.341827,35.525450,1360.50,-0.00280433
2006,354,2,156.11,115.342687,35.525450,642.87,-0.00133000
2006,354,3,234.17,115.343548,35.525450,642.87,0.00000000
2006,355,0,0.00,115.889005,35.922685,358.81,0.00329694
2006,355,1,94.84,115.889898,35.922415,418.61,0.00276257
2006,355,2,189.68,115.890828,35.922622,403.66,0.00133760
2006,355,3,284.52,115.891842,35.922685,418.61,-0.00000000
2006,355,4,379.36,115.892735,35.922954,388.71,-0.00145980
2006,355,5,474.19,115.893786,35.922954,388.71,-0.00088996
2006,355,6,569.03,115.894773,35.922845,343.86,0.00089539
2006,355,7,663.87,115.895573,35.922954,299.01,0.00187261
2006,355,8,758.71,115.896597,35.923000,239.21,0.00299188
2006,355,9,853.55,115.897359,35.923493,179.41,0.00333662
2006,356,0,0.00,115.889005,35.922685,642.87,-0.00866611
2006,356,1,34.22,115.888765,35.922924,1166.14,-0.00878096
2006,356,2,68.45,115.888735,35.923224,882.08,-0.00889582
2006,357,0,0.00,115.341392,35.524641,343.86,-0.00118340
2006,357,1,86.04,115.341661,35.523945,313.96,-0.00088214
2006,357,2,172.08,115.341758,35.523197,254.16,0.00279493
2006,357,3,258.11,115.341941,35.522475,224.26,0.00603363
2006,357,4,344.15,115.342739,35.522216,328.91,0.00589654
2006,358,0,0.00,115.341392,35.524641,837.23,0.00000000
2006,358,1,73.33,115.342200,35.524641,926.93,0.00000000
2006,358,2,146.66,115.343009,35.524641,583.07,0.00000000
2006,359,0,0.00,115.897359,35.923493,269.11,0.00218306
2006,359,1,97.67,115.898441,35.923493,179.41,0.00289580
2006,359,2,195.34,115.899322,35.923839,164.46,0.00293790
2006,359,3,293.01,115.900104,35.924352,104.65,0.00165013
2006,359,4,390.68,115.900787,35.925035,134.55,0.00102683
2006,359,5,488.35,115.901470,35.925718,194.36,0.00051033
2006,359,6,586.02,115.901944,35.926461,209.31,0.00020762
2006,359,7,683.69,115.902627,35.927144,239.21,0.00053661
2006,359,8,781.36,115.903018,35.927911,269.11,-0.00000805
2006,359,9,879.03,115.903574,35.928631,328.91,0.00000000
2006,359,10,976.70,115.904096,35.929360,299.01,0.00070381
2006,359,11,1074.37,115.904522,35.930117,284.06,-0.00089345
2006,359,12,1172.04,115.904905,35.930887,328.91,-0.00182918
2006,359,13,1269.71,115.905642,35.931309,284.06,0.00388084
2006,359,14,1367.39,115.906153,35.931947,254.16,0.00580680
2006,359,15,1465.06,115.905471,35.932630,239.21,0.00019211
2006,359,16,1562.73,115.905415,35.933494,149.51,-0.00110250
2006,359,17,1660.40,115.905174,35.934305,89.70,0.00012509
2006,359,18,1758.07,115.905094,35.935162,179.41,0.00107562
2006,359,19,1855.74,115.904830,35.935965,254.16,0.00103981
2006,359,20,1953.41,115.904366,35.936712,299.01,0.00021261
2006,359,21,2051.08,115.904091,35.937513,313.96,0.00000000
2006,359,22,2148.75,115.903557,35.938239,343.86,-0.00071660
2006,359,23,2246.42,115.903353,35.939060,388.71,0.00000000
2006,359,24,2344.09,115.903018,35.939843,448.52,0.00090147
2006,359,25,2441.76,115.902614,35.940607,478.42,0.00055251
2006,359,26,2539.43,115.902140,35.941350,448.52,-0.00037060
2006,359,27,2637.10,115.901666,35.942093,448.52,-0.00110847
2006,359,28,2734.77,115.901402,35.942897,493.37,-0.00111194
2006,36,0,0.00,115.480451,35.676906,478.42,0.00213801
2006,36,1,99.41,115.479658,35.676921,299.01,0.00297351
2006,36,2,198.82,115.478725,35.676636,254.16,0.00371275
2006,36,3,298.22,115.477972,35.676044,433.57,0.00261488
2006,36,4,397.63,115.477487,35.675289,508.32,0.00161326
2006,360,0,0.00,115.897359,35.923493,1031.59,0.00000000
2006,360,1,44.85,115.897359,35.923898,1031.59,0.00000000
2006,360,2,89.71,115.897359,35.924302,463.47,0.00000000
2006,361,0,0.00,115.342739,35.522216,313.96,0.00215628
2006,361,1,98.12,115.342798,35.521349,328.91,0.00234366
2006,361,2,196.24,115.343278,35.520604,358.81,0.00161455
2006,361,3,294.37,115.343817,35.519877,358.81,0.00019025
2006,361,4,392.49,115.344435,35.519173,403.66,-0.00052302
2006,361,5,490.61,115.344911,35.518428,403.66,-0.00078266
2006,361,6,588.73,115.345387,35.517682,373.76,-0.00054948
2006,361,7,686.86,115.345704,35.516890,388.71,-0.00026234
2006,361,8,784.98,115.346130,35.516130,373.76,-0.00000000
2006,361,9,883.10,115.346398,35.515324,403.66,0.00060485
2006,361,10,981.22,115.346874,35.514578,403.66,-0.00007162
2006,361,11,1079.34,115.347321,35.513824,403.66,-0.00039646
2006,361,12,1177.47,115.347590,35.513018,418.61,0.00118250
2006,361,13,1275.59,115.348093,35.512281,433.57,0.00151313
2006,361,14,1373.71,115.348668,35.511706,388.71,0.00095873
2006,362,0,0.00,115.342739,35.522216,956.83,0.00237494
2006,362,1,96.55,115.343413,35.522890,523.27,0.00270975
2006,362,2,193.10,115.343548,35.523564,328.91,0.00304456
2006,363,0,0.00,115.901402,35.942897,478.42,-0.00225959
2006,363,1,94.09,115.900744,35.943555,493.37,-0.00249282
2006,363,2,188.19,115.900504,35.944334,478.42,-0.00127892
2006,363,3,282.28,115.900324,35.945130,508.32,0.00033805
2006,363,4,376.37,115.900054,35.945900,523.27,0.00025395
2006,363,5,470.47,115.899785,35.946670,538.22,0.00000000
2006,364,0,0.00,115.901402,35.942897,986.73,0.00000000
2006,364,1,93.29,115.902054,35.943549,1031.59,-0.00117972
2006,364,2,186.59,115.902706,35.944202,837.23,-0.00248830
2006,364,3,279.88,115.903557,35.944514,299.01,-0.00261717
2006,365,0,0.00,115.348668,35.511706,403.66,0.00029095
2006,365,1,93.70,115.348668,35.510861,448.52,0.00249146
2006,365,2,187.40,115.348724,35.510033,418.61,0.00468482
2006,365,3,281.10,115.349477,35.509550,433.57,0.00467766
2006,366,0,0.00,115.348668,35.511706,1794.06,-0.00000000
2006,366,1,75.29,115.349342,35.511975,1225.94,-0.00000000
2006,366,2,150.59,115.350016,35.512245,867.13,-0.00000000
2006,367,0,0.00,115.899785,35.946670,702.67,0.00000000
2006,367,1,88.00,115.898970,35.946945,598.02,-0.00110173
2006,367,2,175.99,115.898156,35.947221,448.52,-0.00074566
2006,367,3,263.99,115.897489,35.947748,284.06,-0.00002488
2006,367,4,351.99,115.896627,35.947941,209.31,-0.00206170
2006,367,5,439.99,115.896012,35.948556,,-0.00336149
2006,368,0,0.00,115.899785,35.946670,762.48,0.00000000
2006,368,1,38.54,115.900054,35.946939,672.77,0.00000000
2006,368,2,77.08,115.900324,35.947209,583.07,0.00000000
2006,369,0,0.00,115.349477,35.509550,343.86,0.00029099
2006,369,1,93.70,115.349477,35.508705,343.86,0.00249152
2006,369,2,187.40,115.349532,35.507877,328.91,0.00468486
2006,369,3,281.10,115.350285,35.507394,403.66,0.00467767
2006,37,0,0.00,115.698203,35.761527,388.71,0.00129425
2006,37,1,94.42,115.699061,35.761846,313.96,0.00127780
2006,37,2,188.84,115.699820,35.762336,418.61,0.00126136
2006,370,0,0.00,115.349477,35.509550,1794.06,-0.00333768
2006,370,1,98.21,115.350403,35.509819,1046.54,-0.00584538
2006,370,2,196.41,115.351342,35.509571,343.86,-0.00909102
2006,370,3,294.62,115.351633,35.508771,358.81,-0.00732804
2006,370,4,392.82,115.350970,35.508079,642.87,-0.00246784
2006,370,5,491.03,115.350285,35.507394,642.87,-0.00010854
2006,371,0,0.00,115.900324,35.947209,568.12,-0.00538273
2006,371,1,49.17,115.900324,35.947652,642.87,-0.00549395
2006,371,2,98.35,115.900593,35.948017,403.66,-0.00560516
2006,372,0,0.00,115.900324,35.947209,1076.44,0.00000000
2006,372,1,24.31,115.900593,35.947209,1121.29,0.00000000
2006,372,2,48.63,115.900863,35.947209,1121.29,0.00000000
2006,373,0,0.00,115.350285,35.507394,313.96,0.00339871
2006,373,1,68.52,115.350285,35.506776,328.91,0.00426438
2006,373,2,137.05,115.350615,35.506255,343.86,0.00330204
2006,373,3,205.57,115.351094,35.505777,388.71,0.00147403
2006,374,0,0.00,115.351094,35.505777,313.96,0.00325086
2006,374,1,97.96,115.351151,35.504911,313.96,0.00236047
2006,374,2,195.92,115.351835,35.504227,343.86,-0.00035889
2006,374,3,293.88,115.352172,35.503443,299.01,-0.00092318
2006,374,4,391.84,115.352441,35.502638,299.01,0.00124205
2006,374,5,489.80,115.352842,35.501872,328.91,0.00127497
2006,374,6,587.75,115.353519,35.501187,284.06,-0.00142096
2006,374,7,685.71,115.354000,35.500445,254.16,-0.00271226
2006,374,8,783.67,115.354058,35.499578,254.16,-0.00217527
2006,375,0,0.00,115.351094,35.505777,1794.06,-0.00000000
2006,375,1,75.30,115.351767,35.506046,1614.66,-0.00000000
2006,375,2,150.60,115.352441,35.506316,747.53,-0.00000000
2006,376,0,0.00,115.354058,35.499578,239.21,0.00000000
2006,376,1,74.34,115.354577,35.499060,343.86,-0.00318100
2006,376,2,148.68,115.355095,35.498541,179.41,-0.00671149
2006,376,3,223.03,115.354867,35.497962,224.26,-0.00706097
2006,377,0,0.00,115.354058,35.499578,553.17,0.00109608
2006,377,1,94.46,115.353399,35.498919,373.76,0.00126753
2006,377,2,188.92,115.352949,35.498199,224.26,0.00490950
2006,377,3,283.38,115.352593,35.497540,194.36,0.00777392
2006,377,4,377.84,115.353409,35.497153,269.11,0.00259334
2006,377,5,472.30,115.354207,35.496734,418.61,-0.00178456
2006,377,6,566.76,115.354867,35.496075,777.43,-0.00158798
2006,378,0,0.00,115.354867,35.497962,224.26,0.00224920
2006,378,1,75.58,115.354867,35.497280,313.96,0.00000000
2006,378,2,151.17,115.355136,35.496678,299.01,-0.00344396
2006,378,3,226.75,115.354867,35.496075,358.81,-0.00463871
2006,379,0,0.00,115.354867,35.497962,867.13,0.00000000
2006,379,1,48.90,115.354328,35.497962,956.83,0.00000000
2006,379,2,97.81,115.353789,35.497962,672.77,0.00000000
2006,38,0,0.00,115.698203,35.761527,702.67,0.00000000
2006,38,1,77.15,115.698742,35.760988,538.22,0.00000000
2006,38,2,154.30,115.699281,35.760449,343.86,0.00000000
2006,381,0,0.00,115.354867,35.496075,358.81,-0.00512735
2006,381,1,76.47,115.354542,35.495481,343.86,-0.00643595
2006,381,2,152.94,115.353823,35.495267,418.61,-0.00495818
2006,381,3,229.41,115.352980,35.495267,433.57,-0.00217180
2006,382,0,0.00,115.352980,35.495267,373.76,-0.00600823
2006,382,1,83.01,115.352818,35.494566,224.26,-0.00779350
2006,382,2,166.02,115.352041,35.494328,194.36,-0.00672359
2006,382,3,249.04,115.351363,35.494458,313.96,-0.00386841
2006,383,0,0.00,115.352980,35.495267,1255.84,0.00503215
2006,383,1,73.04,115.352679,35.495837,388.71,0.00816434
2006,383,2,146.09,115.352012,35.496075,388.71,0.00866458
2006,383,3,219.13,115.351363,35.495806,254.16,0.00603264
2006,384,0,0.00,115.351363,35.494458,1031.59,0.00000000
2006,384,1,74.75,115.351363,35.495132,822.28,0.00000000
2006,384,2,149.50,115.351363,35.495806,373.76,0.00000000
2006,385,0,0.00,115.351363,35.494458,239.21,0.00000000
2006,385,1,87.53,115.350398,35.494458,299.01,0.00000000
2006,385,2,175.06,115.349746,35.494458,418.61,0.00000000
2006,386,0,0.00,115.351363,35.495806,373.76,0.00784777
2006,386,1,61.44,115.351352,35.496356,792.38,0.00825816
2006,386,2,122.88,115.350824,35.496614,448.52,0.00866856
2006,388,0,0.00,115.351363,35.495806,269.11,0.00129048
2006,388,1,94.62,115.350505,35.495487,328.91,0.00127420
2006,388,2,189.23,115.349746,35.494997,373.76,0.00125792
2006,389,0,0.00,115.349746,35.494458,1031.59,0.00000000
2006,389,1,29.90,115.349746,35.494728,822.28,0.00000000
2006,389,2,59.80,115.349746,35.494997,822.28,0.00000000
2006,39,0,0.00,115.477487,35.675289,448.52,0.00223848
2006,39,1,70.09,115.476898,35.674970,463.47,0.00214009
2006,39,2,140.17,115.476409,35.674480,418.61,0.00204171
2006,390,0,0.00,115.349746,35.494458,373.76,-0.00153190
2006,390,1,98.51,115.348960,35.493941,299.01,-0.00254071
2006,390,2,197.02,115.348043,35.493650,299.01,-0.00184713
2006,390,3,295.53,115.346958,35.493650,269.11,0.00083420
2006,390,4,394.04,115.346028,35.493380,299.01,0.00131874
2006,390,5,492.55,115.345099,35.493111,284.06,0.00008406
2006,390,6,591.07,115.344238,35.492723,299.01,-0.00081762
2006,390,7,689.58,115.343254,35.492547,299.01,-0.00014444
2006,390,8,788.09,115.342311,35.492302,299.01,0.00040545
2006,390,9,886.60,115.341385,35.492026,328.91,0.00003692
2006,390,10,985.11,115.340452,35.491763,328.91,0.00000000
2006,390,11,1083.62,115.339522,35.491494,328.91,0.00002346
2006,390,12,1182.13,115.338593,35.491224,343.86,0.00000000
2006,390,13,1280.64,115.337663,35.490955,328.91,-0.00015734
2006,390,14,1379.15,115.336734,35.490685,328.91,-0.00047755
2006,390,15,1477.66,115.335778,35.490461,328.91,-0.00060072
2006,390,16,1576.17,115.334794,35.490286,358.81,0.00003279
2006,390,17,1674.68,115.333789,35.490146,358.81,0.00075806
2006,390,18,1773.20,115.332860,35.489877,328.91,-0.00046181
2006,390,19,1871.71,115.331930,35.489607,358.81,-0.00090657
2006,390,20,1970.22,115.330845,35.489607,358.81,0.00000000
2006,390,21,2068.73,115.329915,35.489338,358.81,0.00000000
2006,390,22,2167.24,115.328830,35.489338,358.81,0.00000000
2006,390,23,2265.75,115.327900,35.489068,358.81,-0.00082270
2006,390,24,2364.26,115.326815,35.489068,328.91,-0.00000000
2006,390,25,2462.77,115.325729,35.489068,299.01,0.00082270
2006,390,26,2561.28,115.324799,35.488799,328.91,0.00059327
2006,390,27,2659.79,115.323714,35.488799,313.96,0.00090657
2006,390,28,2758.30,115.322888,35.488351,343.86,-0.00114925
2006,390,29,2856.82,115.321855,35.488260,299.01,-0.00090657
2006,390,30,2955.33,115.320769,35.488260,328.91,0.00055598
2006,390,31,3053.84,115.319840,35.487990,328.91,-0.00082270
2006,390,32,3152.35,115.318754,35.487990,299.01,-0.00164540
2006,392,0,0.00,115.349746,35.494997,1076.44,-0.00378727
2006,392,1,83.48,115.349477,35.495671,343.86,-0.00378727
2006,392,2,166.95,115.349746,35.496345,313.96,-0.00378727
2006,393,0,0.00,115.318754,35.487990,328.91,0.00069924
2006,393,1,95.69,115.317988,35.488032,313.96,0.00136849
2006,393,2,191.38,115.316958,35.487990,209.31,0.00183704
2006,393,3,287.06,115.316059,35.487721,209.31,0.00163634
2006,394,0,0.00,115.318754,35.487990,448.52,0.00296020
2006,394,1,79.59,115.318215,35.487430,568.12,0.00067737
2006,394,2,159.18,115.318061,35.486758,313.96,-0.00324289
2006,394,3,238.77,115.317407,35.486373,269.11,-0.00488032
2006,395,0,0.00,115.316059,35.487721,1465.15,0.00000000
2006,395,1,59.80,115.316059,35.487182,1495.05,0.00000000
2006,395,2,119.60,115.316059,35.486643,598.02,0.00000000
2006,396,0,0.00,115.316059,35.487721,209.31,0.00280952
2006,396,1,81.42,115.315318,35.487990,209.31,0.00448701
2006,396,2,162.85,115.314429,35.487977,179.41,0.00503104
2006,396,3,244.27,115.313762,35.487579,224.26,0.00194879
2006,396,4,325.69,115.313095,35.487182,239.21,0.00000000
2006,397,0,0.00,115.316059,35.486643,269.11,0.00000000
2006,397,1,48.91,115.315520,35.486643,194.36,0.00000000
2006,397,2,97.82,115.314981,35.486643,194.36,0.00000000
2006,398,0,0.00,115.316059,35.486643,433.57,0.01066960
2006,398,1,31.54,115.316279,35.486423,299.01,0.01106384
2006,398,2,63.08,115.316598,35.486373,254.16,0.01145808
2006,399,0,0.00,115.313095,35.487182,313.96,-0.00217538
2006,399,1,75.46,115.312777,35.486594,313.96,-0.00594003
2006,399,2,150.92,115.312230,35.486104,149.51,-0.01165487
2006,399,3,226.39,115.311526,35.486325,538.22,-0.00935361
2006,399,4,301.85,115.311208,35.486912,1450.20,-0.00510217
2006,4,0,0.00,115.520875,35.717330,328.91,0.00083606
2006,4,1,93.77,115.521145,35.716563,328.91,0.00077979
2006,4,2,187.54,115.521559,35.715838,328.91,-0.00060377
2006,4,3,281.31,115.521953,35.715108,284.06,-0.00154557
2006,4,4,375.08,115.522033,35.714286,254.16,-0.00004409
2006,4,5,468.86,115.522223,35.713496,269.11,-0.00000000
2006,4,6,562.63,115.522492,35.712729,209.31,-0.00053594
2006,4,7,656.40,115.522492,35.711884,179.41,0.00070599
2006,4,8,750.17,115.522762,35.711117,149.51,0.00000000
2006,4,9,843.94,115.523010,35.710344,209.31,-0.00064832
2006,4,10,937.71,115.523031,35.709505,224.26,-0.00000000
2006,4,11,1031.48,115.523301,35.708738,209.31,-0.00078023
2006,4,12,1125.25,115.523301,35.707893,209.31,-0.00144513
2006,4,13,1219.02,115.523301,35.707048,209.31,-0.00148834
2006,4,14,1312.79,115.523031,35.706281,239.21,-0.00153155
2006,40,0,0.00,115.699820,35.762336,627.92,0.00000000
2006,40,1,69.77,115.699820,35.762965,403.66,0.00000000
2006,40,2,139.54,115.699820,35.763593,269.11,0.00000000
2006,40,3,209.31,115.699820,35.764222,179.41,0.00000000
2006,400,0,0.00,115.313095,35.487182,313.96,0.00577522
2006,400,1,71.23,115.312499,35.487394,224.26,0.00589492
2006,400,2,142.47,115.311837,35.487182,149.51,0.00338788
2006,400,3,213.70,115.311208,35.486912,209.31,0.00076113
2006,401,0,0.00,115.311208,35.486912,209.31,0.00000000
2006,401,1,98.57,115.310278,35.486643,269.11,0.00000000
2006,401,2,197.15,115.309348,35.486373,269.11,0.00047843
2006,401,3,295.72,115.308418,35.486104,269.11,0.00093932
2006,401,4,394.30,115.307568,35.485697,269.11,0.00005811
2006,401,5,492.87,115.306714,35.485295,269.11,0.00000000
2006,401,6,591.45,115.305797,35.485004,269.11,0.00117064
2006,401,7,690.02,115.305010,35.484487,299.01,0.00153570
2006,402,0,0.00,115.305010,35.484487,299.01,0.00233953
2006,402,1,93.83,115.304257,35.484003,269.11,0.00116976
2006,402,2,187.65,115.303811,35.483287,284.06,-0.00121157
2006,402,3,281.48,115.303057,35.482803,313.96,-0.00180997
2006,402,4,375.30,115.302297,35.482331,299.01,-0.00055501
2006,402,5,469.13,115.301451,35.482006,313.96,-0.00000000
2006,402,6,562.95,115.300698,35.481522,328.91,0.00059682
2006,402,7,656.78,115.299846,35.481209,299.01,0.00124746
2006,402,8,750.60,115.299191,35.480554,313.96,0.00060725
2006,402,9,844.43,115.298438,35.480070,299.01,0.00000000
2006,402,10,938.25,115.297783,35.479416,328.91,-0.00060725
2006,402,11,1032.08,115.297030,35.478932,299.01,0.00000000
2006,402,12,1125.90,115.296276,35.478448,313.96,0.00000000
2006,402,13,1219.73,115.295622,35.477793,373.76,-0.00190388
2006,402,14,1313.55,115.294769,35.477480,343.86,-0.00259325
2006,403,0,0.00,115.305010,35.484487,1480.10,-0.00000000
2006,403,1,77.26,115.305549,35.483948,1569.81,-0.00000000
2006,403,2,154.51,115.306088,35.483409,777.43,-0.00000000
2006,404,0,0.00,115.294769,35.477480,1091.39,-0.00000000
2006,404,1,19.31,115.294634,35.477615,1016.64,-0.00000000
2006,404,2,38.63,115.294500,35.477749,1001.69,-0.00000000
2006,405,0,0.00,115.294769,35.477480,433.57,-0.00000000
2006,405,1,92.32,115.294542,35.476714,299.01,-0.00124641
2006,405,2,184.64,115.294315,35.475948,254.16,-0.00242572
2006,405,3,276.96,115.293671,35.475304,224.26,-0.00117930
2006,405,4,369.28,115.293027,35.474660,284.06,0.00000000
2006,405,5,461.60,115.292383,35.474016,224.26,-0.00058142
2006,405,6,553.92,115.291739,35.473372,239.21,-0.00120963
2006,405,7,646.24,115.290996,35.472899,284.06,-0.00125643
2006,406,0,0.00,115.294500,35.477749,508.32,0.00000000
2006,406,1,73.37,115.293691,35.477749,508.32,0.00000000
2006,406,2,146.75,115.292883,35.477749,403.66,0.00000000
2006,407,0,0.00,115.294500,35.477749,627.92,-0.00000000
2006,407,1,49.21,115.294365,35.478154,627.92,-0.00000000
2006,407,2,98.43,115.294230,35.478558,717.63,-0.00000000
2006,408,0,0.00,115.290996,35.472899,299.01,-0.00216952
2006,408,1,98.94,115.290723,35.472086,299.01,-0.00160942
2006,408,2,197.89,115.290033,35.471396,299.01,0.00054045
2006,408,3,296.83,115.289551,35.470645,284.06,0.00004442
2006,408,4,395.77,115.289278,35.469833,284.06,-0.00150253
2006,408,5,494.71,115.288489,35.469313,328.91,0.00048024
2006,408,6,593.66,115.288032,35.468555,313.96,0.00037775
2006,408,7,692.60,115.287526,35.467811,343.86,-0.00102361
2006,408,8,791.54,115.286836,35.467121,388.71,-0.00043927
2006,408,9,890.48,115.286145,35.466431,299.01,0.00000000
2006,409,0,0.00,115.290996,35.472899,1091.39,0.00000000
2006,409,1,77.26,115.290457,35.473438,1031.59,-0.00192457
2006,409,2,154.52,115.289918,35.473976,538.22,-0.00443720
2006,409,3,231.78,115.289918,35.474515,299.01,-0.00502526
2006,41,0,0.00,115.699820,35.762336,598.02,0.00076368
2006,41,1,71.07,115.700448,35.762066,448.52,0.00000000
2006,41,2,142.14,115.701110,35.761853,254.16,-0.00113831
2006,41,3,213.21,115.701706,35.761527,59.80,-0.00151294
2006,410,0,0.00,115.286145,35.466431,388.71,-0.00124378
2006,410,1,79.60,115.285876,35.465792,299.01,-0.00252064
2006,410,2,159.19,115.285452,35.465198,343.86,-0.00324280
2006,410,3,238.79,115.284798,35.464814,388.71,-0.00268810
2006,411,0,0.00,115.286145,35.466431,1300.70,0.00480885
2006,411,1,89.49,115.285521,35.467055,1315.65,0.00574544
2006,411,2,178.99,115.284798,35.466970,433.57,0.00668203
2006,412,0,0.00,115.284798,35.464814,1480.10,-0.00063994
2006,412,1,84.32,115.284210,35.465402,1181.09,-0.00141972
2006,412,2,168.64,115.283720,35.466019,657.82,-0.00189010
2006,412,3,252.96,115.283450,35.466700,418.61,-0.00158070
2006,413,0,0.00,115.284798,35.464814,388.71,-0.00083281
2006,413,1,93.57,115.284145,35.464161,358.81,0.00000000
2006,413,2,187.15,115.283450,35.463662,358.81,0.00081938
2006,413,3,280.72,115.282949,35.462965,373.76,-0.00000000
2006,413,4,374.29,115.282297,35.462312,403.66,-0.00031461
2006,413,5,467.86,115.281644,35.461660,358.81,0.00114737
2006,413,6,561.44,115.281025,35.460997,388.71,0.00207564
2006,413,7,655.01,115.280755,35.460232,433.57,0.00203326
2006,414,0,0.00,115.280755,35.460232,448.52,0.00114243
2006,414,1,99.55,115.279815,35.459963,418.61,0.00198561
2006,414,2,199.09,115.278971,35.459526,388.71,0.00267521
2006,414,3,298.64,115.278277,35.458832,373.76,0.00177900
2006,414,4,398.18,115.277791,35.458076,403.66,0.00103637
2006,415,0,0.00,115.280755,35.460232,1659.51,0.00000000
2006,415,1,38.63,115.281025,35.459963,1510.00,0.00000000
2006,415,2,77.26,115.281294,35.459693,867.13,0.00000000
2006,416,0,0.00,115.277791,35.458076,478.42,0.00486474
2006,416,1,83.03,115.276915,35.458009,373.76,0.00623161
2006,416,2,166.06,115.276336,35.457430,373.76,0.00533776
2006,416,3,249.09,115.276174,35.456729,448.52,0.00307705
2006,417,0,0.00,115.277791,35.458076,1794.06,-0.00347840
2006,417,1,53.58,115.278165,35.457703,1345.55,-0.00358567
2006,417,2,107.17,115.278330,35.457268,702.67,-0.00369294
2006,418,0,0.00,115.276174,35.456729,343.86,0.00255505
2006,418,1,73.06,115.275467,35.456560,403.66,0.00411942
2006,418,2,146.13,115.274877,35.456190,403.66,0.00444509
2006,418,3,219.19,115.274557,35.455651,388.71,0.00320639
2006,419,0,0.00,115.276174,35.456729,1794.06,0.00000000
2006,419,1,38.63,115.276444,35.456459,1435.25,0.00000000
2006,419,2,77.27,115.276713,35.456190,867.13,0.00000000
2006,42,0,0.00,115.476409,35.674480,358.81,-0.00035888
2006,42,1,96.24,115.475439,35.674320,538.22,0.00125569
2006,42,2,192.48,115.474439,35.674211,269.11,0.00447988
2006,42,3,288.72,115.473714,35.673653,284.06,0.00445040
2006,42,4,384.96,115.473444,35.672864,553.17,0.00281128
2006,420,0,0.00,115.274557,35.455651,403.66,0.00203713
2006,420,1,94.65,115.273671,35.455381,299.01,0.00199744
2006,420,2,189.29,115.272940,35.454842,299.01,0.00195775
2006,421,0,0.00,115.274557,35.455651,672.77,-0.00183405
2006,421,1,86.05,115.274827,35.454954,642.87,-0.00410638
2006,421,2,172.09,115.274827,35.454178,328.91,-0.01034255
2006,421,3,258.14,115.274212,35.453764,463.47,-0.01146930
2006,421,4,344.19,115.273540,35.454242,1794.06,-0.00479173
2006,421,5,430.23,115.272940,35.454842,1794.06,-0.00095125
2006,422,0,0.00,115.272940,35.454842,313.96,0.00123943
2006,422,1,96.52,115.272069,35.454510,299.01,0.00179550
2006,422,2,193.04,115.271297,35.454008,284.06,0.00117579
2006,422,3,289.56,115.270624,35.453335,299.01,-0.00057238
2006,422,4,386.08,115.269852,35.452832,299.01,0.00053103
2006,422,5,482.59,115.269080,35.452329,269.11,0.00274903
2006,422,6,579.11,115.268615,35.451595,299.01,0.00221740
2006,422,7,675.63,115.268359,35.450800,388.71,0.00114357
2006,423,0,0.00,115.268359,35.450800,388.71,0.00536969
2006,423,1,78.05,115.267617,35.450597,373.76,0.00526477
2006,423,2,156.10,115.267281,35.449991,403.66,0.00515985
2006,424,0,0.00,115.268359,35.450800,1794.06,0.00203920
2006,424,1,70.18,115.268848,35.450310,1794.06,0.00213721
2006,424,2,140.37,115.269437,35.449991,657.82,0.00223522
2006,425,0,0.00,115.267281,35.449991,433.57,0.00131687
2006,425,1,94.45,115.266424,35.449674,403.66,0.00187824
2006,425,2,188.90,115.265668,35.449183,403.66,0.00121016
2006,425,3,283.35,115.265008,35.448527,478.42,-0.00000000
2006,425,4,377.80,115.264250,35.448039,463.47,-0.00058937
2006,425,5,472.25,115.263591,35.447380,433.57,-0.00123051
2006,425,6,566.70,115.262735,35.447063,433.57,-0.00048752
2006,425,7,661.15,115.261977,35.446574,448.52,0.00000000
2006,425,8,755.59,115.261143,35.446219,448.52,0.00084913
2006,425,9,850.04,115.260363,35.445769,463.47,0.00063150
2006,425,10,944.49,115.259687,35.445141,463.47,-0.00087799
2006,425,11,1038.94,115.258848,35.444792,403.66,0.00175390
2006,425,12,1133.39,115.258090,35.444304,433.57,0.00398749
2006,425,13,1227.84,115.257848,35.443524,508.32,0.00343441
2006,426,0,0.00,115.267281,35.449991,1794.06,0.00000000
2006,426,1,72.55,115.267787,35.449485,1166.14,0.00095263
2006,426,2,145.09,115.268293,35.448979,598.02,0.00199513
2006,426,3,217.64,115.268898,35.448644,299.01,0.00208500
2006,427,0,0.00,115.257848,35.443524,538.22,0.00572624
2006,427,1,63.10,115.257211,35.443425,373.76,0.00552943
2006,427,2,126.21,115.256770,35.442985,388.71,0.00533263
2006,428,0,0.00,115.257848,35.443524,1794.06,-0.00146770
2006,428,1,99.02,115.258539,35.442833,1629.61,-0.00470783
2006,428,2,198.04,115.258926,35.442054,508.32,-0.01165989
2006,428,3,297.06,115.258171,35.441637,642.87,-0.01105902
2006,428,4,396.08,115.257461,35.442294,1794.06,-0.00346986
2006,428,5,495.09,115.256770,35.442985,1794.06,-0.00019348
2006,429,0,0.00,115.256770,35.442985,448.52,-0.00022333
2006,429,1,99.27,115.255989,35.442446,448.52,0.00037514
2006,429,2,198.55,115.255188,35.441941,448.52,0.00053967
2006,429,3,297.82,115.254496,35.441249,418.61,-0.00048681
2006,429,4,397.10,115.253704,35.440727,448.52,0.00000000
2006,429,5,496.37,115.252913,35.440205,463.47,0.00068707
2006,429,6,595.65,115.252221,35.439513,463.47,-0.00053967
2006,429,7,694.92,115.251458,35.438942,463.47,-0.00084704
2006,429,8,794.20,115.250638,35.438469,463.47,-0.00000000
2006,429,9,893.47,115.249847,35.437947,463.47,0.00069965
2006,429,10,992.75,115.249056,35.437426,463.47,0.00104111
2006,429,11,1092.02,115.248363,35.436733,523.27,0.00000000
2006,429,12,1191.29,115.247671,35.436041,493.37,-0.00050144
2006,429,13,1290.57,115.246879,35.435519,523.27,0.00050144
2006,429,14,1389.84,115.246187,35.434827,493.37,-0.00045184
2006,429,15,1489.12,115.245495,35.434134,508.32,-0.00054649
2006,429,16,1588.39,115.244643,35.433772,478.42,0.00085706
2006,429,17,1687.67,115.244121,35.433030,493.37,0.00004504
2006,429,18,1786.94,115.243329,35.432508,508.32,0.00009622
2006,429,19,1886.22,115.242637,35.431815,433.57,0.00050144
2006,429,20,1985.49,115.241944,35.431123,418.61,-0.00000000
2006,429,21,2084.77,115.241252,35.430431,448.52,-0.00000000
2006,429,22,2184.04,115.240560,35.429738,418.61,0.00000000
2006,429,23,2283.31,115.239867,35.429046,463.47,-0.00000000
2006,429,24,2382.59,115.239175,35.428353,463.47,-0.00000000
2006,429,25,2481.86,115.238482,35.427661,463.47,0.00000000
2006,429,26,2581.14,115.237790,35.426968,448.52,-0.00000000
2006,429,27,2680.41,115.237097,35.426276,418.61,-0.00000000
2006,43,0,0.00,115.476409,35.674480,822.28,-0.00381428
2006,43,1,96.06,115.476678,35.673693,642.87,-0.00440822
2006,43,2,192.12,115.476232,35.672957,478.42,-0.00360788
2006,43,3,288.19,115.475562,35.672286,269.11,-0.00168402
2006,43,4,384.25,115.474792,35.671786,448.52,-0.00115444
2006,430,0,0.00,115.237097,35.426276,687.72,-0.00135667
2006,430,1,85.67,115.236154,35.426276,897.03,0.00027133
2006,430,2,171.34,115.235310,35.426447,508.32,0.00594442
2006,430,3,257.00,115.234613,35.426217,328.91,0.00822034
2006,430,4,342.67,115.234402,35.425507,478.42,0.00569950
2006,430,5,428.34,115.234402,35.424735,777.43,0.00430987
2006,430,6,514.01,115.234941,35.424120,1465.15,0.00367192
2006,431,0,0.00,115.237097,35.426276,403.66,-0.00234926
2006,431,1,93.01,115.237074,35.425444,328.91,-0.00404894
2006,431,2,186.03,115.236634,35.424735,313.96,-0.00490243
2006,431,3,279.04,115.235810,35.424389,343.86,-0.00232437
2006,431,4,372.05,115.234941,35.424120,508.32,-0.00059250
2006,433,0,0.00,115.234941,35.424120,433.57,-0.00188968
2006,433,1,74.37,115.234631,35.423540,418.61,-0.00183650
2006,433,2,148.73,115.234113,35.423022,403.66,-0.00089166
2006,433,3,223.10,115.233594,35.422503,388.71,0.00000000
2006,434,0,0.00,115.233594,35.422503,1599.71,0.00000000
2006,434,1,80.72,115.233031,35.423066,1375.45,0.00159879
2006,434,2,161.43,115.232468,35.423629,1779.11,0.00336328
2006,434,3,242.15,115.231707,35.423851,837.23,0.00352898
2006,435,0,0.00,115.233594,35.422503,388.71,-0.00000000
2006,435,1,96.27,115.232923,35.421832,433.57,-0.00000000
2006,435,2,192.54,115.232251,35.421160,403.66,-0.00000000
2006,435,3,288.81,115.231689,35.420598,433.57,0.00052766
2006,435,4,385.08,115.231018,35.419927,418.61,-0.00000000
2006,435,5,481.35,115.230555,35.419195,388.71,-0.00052766
2006,435,6,577.62,115.229785,35.418694,373.76,0.00000000
2006,435,7,673.89,115.229322,35.417962,328.91,-0.00053397
2006,435,8,770.16,115.228552,35.417461,313.96,-0.00000000
2006,435,9,866.43,115.227880,35.416789,284.06,0.00053397
2006,435,10,962.70,115.227209,35.416118,209.31,-0.00057116
2006,435,11,1058.97,115.226537,35.415447,194.36,-0.00296139
2006,435,12,1155.24,115.225761,35.414957,209.31,-0.00402435
2006,435,13,1251.51,115.224701,35.414957,239.21,-0.00326824
2006,436,0,0.00,115.224701,35.414957,239.21,-0.00415681
2006,436,1,92.63,115.223993,35.414418,239.21,-0.00310965
2006,436,2,185.27,115.222973,35.414418,269.11,-0.00103125
2006,436,3,277.90,115.222109,35.414149,299.01,-0.00093381
2006,436,4,370.53,115.221089,35.414149,358.81,-0.00021434
2006,436,5,463.16,115.220069,35.414149,418.61,-0.00000000
2006,436,6,555.80,115.219244,35.413946,463.47,-0.00141026
2006,436,7,648.43,115.218341,35.414149,448.52,-0.00067895
2006,436,8,741.06,115.217321,35.414149,448.52,-0.00047977
2006,436,9,833.70,115.216417,35.414348,493.37,-0.00156339
2006,436,10,926.33,115.215474,35.414482,523.27,-0.00240355
2006,436,11,1018.96,115.214729,35.414957,568.12,-0.00266354
2006,437,0,0.00,115.224701,35.414957,1390.40,-0.00868055
2006,437,1,34.27,115.224462,35.415196,1599.71,-0.00879771
2006,437,2,68.54,115.224431,35.415496,702.67,-0.00891488
2006,438,0,0.00,115.214729,35.414957,538.22,0.00920591
2006,438,1,43.80,115.214403,35.415227,568.12,0.00901748
2006,438,2,87.59,115.213921,35.415227,657.82,0.00882905
2006,439,0,0.00,115.214729,35.414957,1480.10,0.00173970
2006,439,1,71.45,115.214231,35.414459,1480.10,0.00199299
2006,439,2,142.91,115.213921,35.413905,1450.20,0.00132653
2006,439,3,214.36,115.213651,35.413340,508.32,0.00040679
2006,44,0,0.00,115.699820,35.764222,1300.70,0.00000000
2006,44,1,24.37,115.699550,35.764222,1390.40,0.00000000
2006,44,2,48.74,115.699281,35.764222,867.13,0.00000000
2006,440,0,0.00,115.213921,35.415227,1046.54,0.00274083
2006,440,1,98.89,115.213921,35.416118,762.48,0.00476862
2006,440,2,197.78,115.213372,35.416844,388.71,0.00575556
2006,440,3,296.67,115.212390,35.417027,373.76,0.00374684
2006,440,4,395.56,115.211350,35.417113,747.53,0.00253152
2006,440,5,494.45,115.210417,35.416844,523.27,0.00228407
2006,441,0,0.00,115.213921,35.415227,777.43,0.00097515
2006,441,1,97.39,115.213005,35.414957,941.88,-0.00077542
2006,441,2,194.78,115.212167,35.414551,523.27,-0.00522943
2006,441,3,292.16,115.211328,35.414688,388.71,-0.00778166
2006,441,4,389.55,115.210763,35.415302,792.38,-0.00416278
2006,441,5,486.94,115.210888,35.416103,867.13,0.00118583
2006,441,6,584.33,115.210417,35.416844,672.77,0.00306678
2006,443,0,0.00,115.210417,35.416844,568.12,0.00000000
2006,443,1,93.66,115.209698,35.417383,583.07,0.00099660
2006,443,2,187.32,115.208979,35.417922,538.22,0.00148581
2006,443,3,280.99,115.208103,35.418191,508.32,-0.00000000
2006,443,4,374.65,115.207310,35.418603,508.32,-0.00043520
2006,443,5,468.31,115.206509,35.419000,478.42,0.00103978
2006,443,6,561.97,115.205708,35.419397,508.32,0.00194745
2006,443,7,655.64,115.204758,35.419539,313.96,0.00192338
2006,444,0,0.00,115.204758,35.419539,553.17,-0.00868042
2006,444,1,34.27,115.204519,35.419778,612.97,-0.00879756
2006,444,2,68.54,115.204489,35.420078,642.87,-0.00891471
2006,445,0,0.00,115.204758,35.419539,1794.06,0.00868044
2006,445,1,34.27,115.204519,35.419300,1196.04,0.00879758
2006,445,2,68.54,115.204489,35.419000,852.18,0.00891473
2006,446,0,0.00,115.204489,35.420078,358.81,0.00000000
2006,446,1,48.95,115.203950,35.420078,538.22,0.00000000
2006,446,2,97.90,115.203411,35.420078,568.12,0.00000000
2006,447,0,0.00,115.204489,35.420078,1629.61,0.00000000
2006,447,1,87.25,115.205097,35.420686,1614.66,0.00064437
2006,447,2,174.49,115.205706,35.421295,1435.25,0.00132448
2006,447,3,261.74,115.206105,35.421964,134.55,0.00136022
2006,448,0,0.00,115.203411,35.420078,523.27,0.00136075
2006,448,1,91.66,115.203141,35.420825,508.32,0.00268331
2006,448,2,183.32,115.202692,35.421425,343.86,0.00431393
2006,448,3,274.97,115.201921,35.421837,328.91,0.00342217
2006,448,4,366.63,115.200985,35.421964,373.76,0.00222234
2006,449,0,0.00,115.203411,35.420078,1794.06,-0.00750986
2006,449,1,80.63,115.202835,35.419539,433.57,-0.00565413
2006,449,2,161.27,115.202103,35.419808,598.02,-0.00092796
2006,449,3,241.90,115.201328,35.419612,373.76,-0.00198957
2006,449,4,322.53,115.200568,35.419686,358.81,-0.00448583
2006,449,5,403.17,115.199907,35.420078,373.76,-0.00305005
2006,45,0,0.00,115.699820,35.764222,164.46,0.00000000
2006,45,1,83.43,115.700089,35.764896,239.21,0.00000000
2006,45,2,166.86,115.700359,35.765570,269.11,0.00000000
2006,450,0,0.00,115.206105,35.421964,627.92,0.00000000
2006,450,1,36.71,115.206510,35.421964,627.92,0.00000000
2006,450,2,73.42,115.206914,35.421964,612.97,0.00000000
2006,451,0,0.00,115.206105,35.421964,568.12,-0.00000000
2006,451,1,19.32,115.205971,35.422099,493.37,-0.00000000
2006,451,2,38.64,115.205836,35.422234,508.32,-0.00000000
2006,452,0,0.00,115.200985,35.421964,433.57,0.00829503
2006,452,1,71.80,115.200680,35.422503,328.91,0.00791544
2006,452,2,143.59,115.199889,35.422503,538.22,0.00376792
2006,452,3,215.39,115.199099,35.422503,388.71,0.00000000
2006,453,0,0.00,115.200985,35.421964,1599.71,0.00196804
2006,453,1,81.42,115.200446,35.421388,1794.06,0.00201771
2006,453,2,162.84,115.200177,35.420733,777.43,0.00103369
2006,453,3,244.26,115.199907,35.420078,1569.81,-0.00000000
2006,454,0,0.00,115.199907,35.420078,358.81,0.00000000
2006,454,1,63.12,115.199368,35.420347,358.81,0.00000000
2006,454,2,126.23,115.198829,35.420617,373.76,0.00000000
2006,456,0,0.00,115.199099,35.422503,1210.99,0.00000000
2006,456,1,72.68,115.199099,35.421848,1106.34,-0.00121949
2006,456,2,145.36,115.199099,35.421193,897.03,-0.00251495
2006,456,3,218.04,115.198829,35.420617,1166.14,-0.00259091
2006,457,0,0.00,115.199099,35.422503,538.22,0.00546506
2006,457,1,79.43,115.198536,35.423042,508.32,0.00671948
2006,457,2,158.86,115.197661,35.423042,627.92,0.00540847
2006,457,3,238.29,115.196943,35.422773,717.63,0.00284303
2006,458,0,0.00,115.198829,35.420617,358.81,-0.00272313
2006,458,1,97.91,115.198021,35.420979,508.32,-0.00153275
2006,458,2,195.82,115.197474,35.421687,433.57,-0.00215338
2006,458,3,293.74,115.196943,35.421890,777.43,-0.00392949
2006,458,4,391.65,115.196943,35.422773,1345.55,-0.00389459
2006,46,0,0.00,115.473444,35.672864,538.22,0.00574117
2006,46,1,62.99,115.472806,35.672764,373.76,0.00554270
2006,46,2,125.98,115.472366,35.672325,373.76,0.00534422
2006,460,0,0.00,115.196943,35.422773,523.27,0.00113923
2006,460,1,99.21,115.196152,35.423294,538.22,0.00165265
2006,460,2,198.42,115.195262,35.423644,463.47,0.00135877
2006,460,3,297.64,115.194289,35.423851,478.42,0.00006051
2006,460,4,396.85,115.193353,35.424120,448.52,0.00067782
2006,460,5,496.06,115.192416,35.424389,478.42,0.00089305
2006,460,6,595.27,115.191324,35.424389,418.61,-0.00089305
2006,460,7,694.49,115.190387,35.424659,448.52,-0.00047567
2006,460,8,793.70,115.189451,35.424928,478.42,0.00071220
2006,460,9,892.91,115.188443,35.425074,478.42,0.00007372
2006,460,10,992.12,115.187454,35.425254,478.42,-0.00052110
2006,460,11,1091.34,115.186485,35.425467,418.61,0.00021887
2006,460,12,1190.55,115.185549,35.425737,478.42,0.00025234
2006,460,13,1289.76,115.184489,35.425794,448.52,-0.00144139
2006,460,14,1388.97,115.183599,35.426144,523.27,0.00002172
2006,460,15,1488.19,115.182739,35.426545,478.42,0.00243520
2006,460,16,1587.40,115.181647,35.426545,418.61,0.00123863
2006,460,17,1686.61,115.180554,35.426545,388.71,0.00000000
2006,460,18,1785.82,115.179462,35.426545,388.71,0.00000000
2006,460,19,1885.04,115.178369,35.426545,388.71,-0.00081073
2006,460,20,1984.25,115.177277,35.426545,418.61,-0.00081073
2006,460,21,2083.46,115.176340,35.426815,418.61,0.00081073
2006,460,22,2182.67,115.175248,35.426815,388.71,0.00081073
2006,460,23,2281.89,115.174155,35.426815,388.71,0.00000000
2006,460,24,2381.10,115.173063,35.426815,388.71,0.00081073
2006,460,25,2480.31,115.171970,35.426815,388.71,0.00081073
2006,460,26,2579.52,115.171034,35.426545,388.71,-0.00081073
2006,460,27,2678.74,115.169941,35.426545,358.81,-0.00081073
2006,460,28,2777.95,115.168849,35.426545,328.91,-0.00069012
2006,460,29,2877.16,115.167756,35.426545,358.81,-0.00081073
2006,460,30,2976.37,115.166797,35.426777,373.76,0.00058153
2006,460,31,3075.58,115.165727,35.426815,358.81,0.00162146
2006,460,32,3174.80,115.164635,35.426815,388.71,0.00091932
2006,460,33,3274.01,115.163698,35.426545,388.71,-0.00081073
2006,460,34,3373.22,115.162606,35.426545,328.91,-0.00055434
2006,460,35,3472.43,115.161513,35.426545,358.81,0.00081073
2006,460,36,3571.65,115.160472,35.426457,373.76,0.00027603
2006,460,37,3670.86,115.159484,35.426276,388.71,-0.00025421
2006,460,38,3770.07,115.158392,35.426276,388.71,-0.00053242
2006,460,39,3869.28,115.157408,35.426088,373.76,-0.00183255
2006,460,40,3968.50,115.156518,35.426276,418.61,-0.00255206
2006,461,0,0.00,115.156518,35.426276,1360.50,0.00000000
2006,461,1,44.85,115.156518,35.426680,1076.44,0.00000000
2006,461,2,89.70,115.156518,35.427084,882.08,0.00000000
2006,462,0,0.00,115.156518,35.426276,508.32,-0.00570405
2006,462,1,74.71,115.155997,35.425755,388.71,-0.00583262
2006,462,2,149.41,115.155185,35.425737,418.61,-0.00307029
2006,462,3,224.12,115.154363,35.425737,299.01,-0.00017939
2006,463,0,0.00,115.154363,35.425737,493.37,0.00000000
2006,463,1,19.32,115.154228,35.425602,448.52,0.00000000
2006,463,2,38.64,115.154093,35.425467,448.52,0.00000000
2006,464,0,0.00,115.154363,35.425737,1614.66,0.00000000
2006,464,1,44.85,115.154363,35.426141,1240.89,0.00000000
2006,464,2,89.70,115.154363,35.426545,882.08,0.00000000
2006,465,0,0.00,115.154093,35.425467,388.71,-0.00194921
2006,465,1,74.71,115.153473,35.425117,373.76,-0.00304819
2006,465,2,149.41,115.152760,35.424928,418.61,-0.00307024
2006,465,3,224.12,115.151937,35.424928,388.71,-0.00199330
2006,466,0,0.00,115.154093,35.425467,837.23,0.00000000
2006,466,1,77.28,115.153554,35.426006,792.38,0.00000000
2006,466,2,154.56,115.153015,35.426545,1001.69,0.00000000
2006,466,3,231.83,115.152476,35.427084,717.63,0.00000000
2006,467,0,0.00,115.151937,35.424928,1136.24,-0.00035512
2006,467,1,88.12,115.151398,35.425565,1285.75,0.00116877
2006,467,2,176.24,115.150916,35.426219,702.67,0.00682301
2006,467,3,264.36,115.150135,35.426545,373.76,0.01118391
2006,467,4,352.48,115.149512,35.425978,672.77,0.00774208
2006,467,5,440.60,115.149512,35.425184,1390.40,0.00203485
2006,467,6,528.72,115.149512,35.424389,1704.36,0.00000000
2006,468,0,0.00,115.151937,35.424928,418.61,-0.00366043
2006,468,1,92.31,115.151233,35.424389,388.71,-0.00407141
2006,468,2,184.62,115.150254,35.424324,373.76,-0.00282584
2006,468,3,276.93,115.149512,35.424389,478.42,-0.00116928
2006,469,0,0.00,115.149512,35.424389,418.61,-0.00000000
2006,469,1,97.93,115.148589,35.424120,433.57,-0.00043358
2006,469,2,195.86,115.147667,35.423851,448.52,-0.00091774
2006,469,3,293.79,115.146672,35.423706,418.61,-0.00024443
2006,469,4,391.73,115.145666,35.423581,448.52,-0.00000000
2006,469,5,489.66,115.144713,35.423364,403.66,-0.00006576
2006,469,6,587.59,115.143666,35.423312,418.61,0.00091774
2006,469,7,685.52,115.142743,35.423042,388.71,0.00013192
2006,469,8,783.45,115.141821,35.422773,388.71,-0.00091774
2006,469,9,881.38,115.140796,35.422681,403.66,0.00029165
2006,469,10,979.31,115.139820,35.422503,388.71,0.00021777
2006,469,11,1077.25,115.138898,35.422234,388.71,-0.00013581
2006,469,12,1175.18,115.137858,35.422168,343.86,0.00047049
2006,469,13,1273.11,115.136977,35.421826,388.71,-0.00002164
2006,469,14,1371.04,115.135975,35.421695,358.81,0.00022948
2006,469,15,1468.97,115.135052,35.421425,358.81,0.00017932
2006,469,16,1566.90,115.134130,35.421156,388.71,-0.00091774
2006,469,17,1664.83,115.133158,35.420972,343.86,-0.00033489
2006,469,18,1762.77,115.132129,35.420886,358.81,0.00052911
2006,469,19,1860.70,115.131207,35.420617,358.81,-0.00028453
2006,469,20,1958.63,115.130220,35.420459,343.86,-0.00015592
2006,469,21,2056.56,115.129206,35.420347,358.81,-0.00000000
2006,469,22,2154.49,115.128284,35.420078,373.76,-0.00037319
2006,469,23,2252.42,115.127206,35.420078,358.81,0.00000000
2006,469,24,2350.36,115.126283,35.419808,358.81,-0.00021187
2006,469,25,2448.29,115.125205,35.419808,358.81,0.00091774
2006,469,26,2546.22,115.124245,35.419604,343.86,0.00045160
2006,469,27,2644.15,115.123360,35.419269,358.81,-0.00091774
2006,469,28,2742.08,115.122286,35.419262,358.81,0.00065426
2006,469,29,2840.01,115.121360,35.419000,328.91,0.00091774
2006,469,30,2937.94,115.120437,35.418730,299.01,-0.00072002
2006,469,31,3035.88,115.119515,35.418461,299.01,-0.00091774
2006,469,32,3133.81,115.118467,35.418408,284.06,0.00065122
2006,469,33,3231.74,115.117514,35.418191,328.91,0.00091774
2006,469,34,3329.67,115.116607,35.417895,343.86,-0.00091059
2006,469,35,3427.60,115.115670,35.417652,313.96,-0.00091774
2006,469,36,3525.53,115.114591,35.417652,328.91,0.00100313
2006,469,37,3623.46,115.113669,35.417383,328.91,0.00183547
2006,47,0,0.00,115.473444,35.672864,1510.00,0.00124046
2006,47,1,89.38,115.474068,35.672239,732.58,0.00129161
2006,47,2,178.77,115.474792,35.671786,956.83,0.00134276
2006,470,0,0.00,115.113669,35.417383,1285.75,0.00169123
2006,470,1,73.79,115.113669,35.418048,1539.90,0.00411684
2006,470,2,147.57,115.113474,35.418656,897.03,0.00572936
2006,470,3,221.36,115.112860,35.419000,493.37,0.00491627
2006,471,0,0.00,115.113669,35.417383,328.91,-0.00099194
2006,471,1,91.03,115.112823,35.417113,328.91,-0.00106964
2006,471,2,182.06,115.111905,35.416966,328.91,-0.00066471
2006,471,3,273.09,115.110974,35.416844,388.71,-0.00018206
2006,472,0,0.00,115.110974,35.416844,1794.06,-0.00217907
2006,472,1,79.12,115.110704,35.417478,1465.15,-0.00211507
2006,472,2,158.24,115.110704,35.418191,897.03,-0.00205106
2006,473,0,0.00,115.110974,35.416844,299.01,-0.00099192
2006,473,1,91.03,115.110128,35.416574,328.91,-0.00106963
2006,473,2,182.06,115.109210,35.416427,328.91,-0.00066470
2006,473,3,273.09,115.108279,35.416305,328.91,-0.00018207
2006,474,0,0.00,115.110704,35.418191,702.67,0.00920650
2006,474,1,43.80,115.110378,35.418461,403.66,0.00901807
2006,474,2,87.59,115.109896,35.418461,343.86,0.00882963
2006,475,0,0.00,115.110704,35.418191,493.37,-0.00395764
2006,475,1,50.88,115.111059,35.418546,358.81,-0.00417149
2006,475,2,101.76,115.111513,35.418730,313.96,-0.00438533
2006,476,0,0.00,115.108279,35.416305,1300.70,-0.00083186
2006,476,1,83.75,115.108279,35.417060,1121.29,-0.00315942
2006,476,2,167.50,115.108405,35.417778,553.17,-0.00516024
2006,476,3,251.26,115.109087,35.418191,328.91,-0.00483351
2006,477,0,0.00,115.108279,35.416305,328.91,0.00000000
2006,477,1,98.08,115.107355,35.416035,328.91,0.00000000
2006,477,2,196.16,115.106431,35.415766,328.91,0.00000000
2006,477,3,294.25,115.105507,35.415496,299.01,0.00000000
2006,477,4,392.33,115.104583,35.415227,269.11,-0.00025499
2006,477,5,490.41,115.103659,35.414957,299.01,-0.00000092
2006,477,6,588.49,115.102693,35.414761,269.11,0.00051256
2006,477,7,686.57,115.101811,35.414418,313.96,0.00000184
2006,477,8,784.66,115.100888,35.414149,269.11,-0.00025757
2006,477,9,882.74,115.099964,35.413879,269.11,-0.00000092
2006,477,10,980.82,115.099040,35.413610,254.16,-0.00000000
2006,477,11,1078.90,115.098116,35.413340,209.31,0.00034100
2006,477,12,1176.98,115.097192,35.413071,179.41,0.00119755
2006,477,13,1275.07,115.096324,35.412704,194.36,0.00077340
2006,477,14,1373.15,115.095541,35.412191,194.36,0.00050039
2006,477,15,1471.23,115.094660,35.411848,179.41,0.00165118
2006,477,16,1569.31,115.093976,35.411164,239.21,0.00055359
2006,477,17,1667.39,115.093292,35.410480,313.96,0.00000000
2006,477,18,1765.48,115.092509,35.409967,358.81,0.00155660
2006,477,19,1863.56,115.092033,35.409222,313.96,0.00091013
2006,477,20,1961.64,115.091558,35.408477,328.91,-0.00029589
2006,477,21,2059.72,115.091031,35.407747,328.91,-0.00019556
2006,477,22,2157.80,115.090492,35.407020,358.81,-0.00044729
2006,477,23,2255.89,115.089953,35.406294,388.71,-0.00023759
2006,477,24,2353.97,115.089348,35.405728,403.66,0.00129366
2006,477,25,2452.05,115.088875,35.404983,358.81,0.00165691
2006,477,26,2550.13,115.088606,35.404177,373.76,0.00108172
2006,478,0,0.00,115.088606,35.404177,478.42,0.00330706
2006,478,1,74.90,115.087937,35.403908,403.66,0.00425424
2006,478,2,149.79,115.087528,35.403426,373.76,0.00341274
2006,478,3,224.69,115.087258,35.402830,269.11,0.00162406
2006,479,0,0.00,115.088606,35.404177,1121.29,-0.00256812
2006,479,1,86.51,115.089209,35.403574,642.87,-0.00454472
2006,479,2,173.02,115.089414,35.402854,403.66,-0.00658315
2006,479,3,259.53,115.089038,35.402185,269.11,-0.00477060
2006,479,4,346.04,115.088336,35.401752,403.66,-0.00289623
2006,48,0,0.00,115.474792,35.671786,687.72,-0.00763013
2006,48,1,73.46,115.474696,35.671151,478.42,-0.00891182
2006,48,2,146.93,115.473986,35.670977,403.66,-0.00604494
2006,48,3,220.39,115.473175,35.670977,598.02,-0.00189637
2006,480,0,0.00,115.087258,35.402830,373.76,0.00240943
2006,480,1,91.39,115.086621,35.402193,343.86,0.00247745
2006,480,2,182.78,115.086401,35.401433,284.06,0.00127274
2006,480,3,274.17,115.086180,35.400674,269.11,0.00000000
2006,481,0,0.00,115.087258,35.402830,1166.14,-0.00000000
2006,481,1,77.29,115.087797,35.402291,1091.39,-0.00000000
2006,481,2,154.57,115.088336,35.401752,777.43,-0.00000000
2006,482,0,0.00,115.088336,35.401752,433.57,-0.00458048
2006,482,1,74.90,115.088231,35.401108,254.16,-0.00555994
2006,482,2,149.79,115.087657,35.400674,448.52,-0.00425412
2006,482,3,224.69,115.086989,35.400404,284.06,-0.00196884
2006,484,0,0.00,115.086180,35.400674,418.61,-0.00236582
2006,484,1,82.97,115.085579,35.400135,433.57,-0.00084328
2006,484,2,165.94,115.084826,35.399858,328.91,0.00375195
2006,484,3,248.91,115.084294,35.399266,433.57,0.00530508
2006,484,4,331.88,115.084294,35.398518,358.81,0.00378551
2006,485,0,0.00,115.086180,35.400674,1181.09,0.00920324
2006,485,1,43.80,115.086507,35.400404,1285.75,0.00901482
2006,485,2,87.61,115.086989,35.400404,493.37,0.00882641
2006,486,0,0.00,115.086989,35.400404,269.11,0.00195240
2006,486,1,83.49,115.086719,35.399731,493.37,0.00112875
2006,486,2,166.99,115.086719,35.398978,478.42,-0.00196085
2006,486,3,250.48,115.086493,35.398292,328.91,-0.00334202
2006,486,4,333.97,115.085911,35.397710,358.81,-0.00245724
2006,488,0,0.00,115.084294,35.398518,433.57,0.00128911
2006,488,1,94.69,115.083436,35.398199,373.76,0.00127289
2006,488,2,189.38,115.082677,35.397710,493.37,0.00125667
2006,489,0,0.00,115.084294,35.398518,1465.15,0.00195582
2006,489,1,94.69,115.085024,35.397979,1210.99,0.00199539
2006,489,2,189.38,115.085911,35.397710,463.47,0.00203497
2006,491,0,0.00,115.085911,35.397710,508.32,-0.00546181
2006,491,1,79.62,115.086180,35.397071,403.66,-0.00669885
2006,491,2,159.24,115.085756,35.396477,343.86,-0.00531148
2006,491,3,238.86,115.085102,35.396093,328.91,-0.00268706
2006,492,0,0.00,115.082677,35.397710,403.66,0.00000000
2006,492,1,74.75,115.082677,35.397036,373.76,0.00000000
2006,492,2,149.50,115.082677,35.396362,358.81,0.00000000
2006,493,0,0.00,115.082677,35.397710,867.13,-0.00185661
2006,493,1,72.92,115.082168,35.398218,642.87,-0.00191239
2006,493,2,145.83,115.081868,35.398788,538.22,-0.00196817
2006,495,0,0.00,115.085102,35.396093,269.11,0.00000000
2006,495,1,38.64,115.084833,35.395823,328.91,0.00000000
2006,495,2,77.29,115.084563,35.395554,433.57,0.00000000
2006,496,0,0.00,115.082677,35.396362,433.57,0.00866797
2006,496,1,61.46,115.082150,35.396104,388.71,0.00825845
2006,496,2,122.93,115.082138,35.395554,523.27,0.00784893
2006,497,0,0.00,115.082677,35.396362,837.23,0.00413956
2006,497,1,71.29,115.083174,35.395865,1495.05,0.00433132
2006,497,2,142.58,115.083869,35.395709,762.48,0.00226154
2006,497,3,213.86,115.084563,35.395554,717.63,-0.00000000
2006,498,0,0.00,115.084563,35.395554,523.27,0.00000000
2006,498,1,29.90,115.084563,35.395284,493.37,0.00000000
2006,498,2,59.80,115.084563,35.395015,418.61,0.00000000
2006,5,0,0.00,115.514407,35.731883,328.91,-0.00136423
2006,5,1,99.18,115.514138,35.732698,313.96,-0.00216364
2006,5,2,198.36,115.514138,35.733592,328.91,-0.00218485
2006,5,3,297.54,115.514485,35.734386,299.01,-0.00159484
2006,5,4,396.72,115.514760,35.735200,179.41,-0.00240912
2006,5,5,495.90,115.515452,35.735892,164.46,-0.00274025
2006,5,6,595.08,115.516244,35.736415,164.46,-0.00169382
2006,5,7,694.26,115.517155,35.736734,209.31,-0.00011244
2006,5,8,793.44,115.518027,35.737119,224.26,-0.00000000
2006,5,9,892.62,115.518877,35.737542,299.01,-0.00060262
2006,5,10,991.79,115.519809,35.737824,269.11,0.00031706
2006,5,11,1090.97,115.520701,35.738176,284.06,0.00027563
2006,5,12,1190.15,115.521538,35.738620,328.91,0.00004168
2006,5,13,1289.33,115.522478,35.738890,328.91,0.00032699
2006,5,14,1388.51,115.523260,35.739429,358.81,-0.00103262
2006,5,15,1487.69,115.524199,35.739698,358.81,-0.00092859
2006,5,16,1586.87,115.525157,35.739937,403.66,-0.00069243
2006,5,17,1686.05,115.526078,35.740237,418.61,-0.00148860
2006,5,18,1785.23,115.527175,35.740237,418.61,-0.00009777
2006,5,19,1884.41,115.528227,35.740313,343.86,0.00035720
2006,5,20,1983.59,115.529210,35.740507,328.91,-0.00000000
2006,5,21,2082.77,115.530307,35.740507,328.91,0.00023718
2006,5,22,2181.95,115.531246,35.740776,343.86,-0.00081148
2006,5,23,2281.13,115.532343,35.740776,328.91,-0.00081148
2006,5,24,2380.31,115.533439,35.740776,328.91,0.00000000
2006,5,25,2479.49,115.534535,35.740776,358.81,0.00000000
2006,5,26,2578.67,115.535632,35.740776,328.91,0.00000000
2006,5,27,2677.85,115.536728,35.740776,328.91,0.00000000
2006,5,28,2777.03,115.537825,35.740776,328.91,0.00000000
2006,5,29,2876.20,115.538921,35.740776,328.91,-0.00081148
2006,5,30,2975.38,115.540017,35.740776,358.81,-0.00081148
2006,5,31,3074.56,115.540957,35.740507,328.91,0.00081148
2006,5,32,3173.74,115.542053,35.740507,328.91,0.00081148
2006,5,33,3272.92,115.543150,35.740507,328.91,0.00000000
2006,5,34,3372.10,115.544246,35.740507,358.81,0.00000000
2006,5,35,3471.28,115.545342,35.740507,358.81,-0.00046263
2006,5,36,3570.46,115.546439,35.740507,388.71,-0.00081148
2006,5,37,3669.64,115.547443,35.740349,343.86,0.00013797
2006,5,38,3768.82,115.548474,35.740237,388.71,0.00000000
2006,5,39,3868.00,115.549571,35.740237,388.71,-0.00106423
2006,5,40,3967.18,115.550510,35.739968,388.71,-0.00000000
2006,5,41,4066.36,115.551504,35.739792,343.86,0.00081594
2006,5,42,4165.54,115.552546,35.739698,358.81,-0.00000000
2006,5,43,4264.72,115.553584,35.739598,343.86,-0.00079345
2006,5,44,4363.90,115.554582,35.739429,299.01,-0.00092065
2006,5,45,4463.08,115.555521,35.739159,328.91,-0.00033931
2006,5,46,4562.26,115.556456,35.738882,328.91,0.00094524
2006,5,47,4661.44,115.557400,35.738620,313.96,0.00089423
2006,5,48,4760.61,115.558496,35.738620,299.01,-0.00091882
2006,5,49,4859.79,115.559436,35.738351,328.91,-0.00089423
2006,5,50,4958.97,115.560375,35.738081,328.91,0.00026450
2006,5,51,5058.15,115.561315,35.737812,328.91,0.00000000
2006,5,52,5157.33,115.562299,35.737620,343.86,0.00032402
2006,5,53,5256.51,115.563193,35.737273,388.71,-0.00000000
2006,5,54,5355.69,115.564280,35.737256,299.01,-0.00231257
2006,5,55,5454.87,115.565072,35.736734,418.61,-0.00344811
2006,50,0,0.00,115.700359,35.765570,1450.20,0.00000000
2006,50,1,73.11,115.701167,35.765570,1420.30,0.00000000
2006,50,2,146.22,115.701976,35.765570,59.80,0.00000000
2006,500,0,0.00,115.082138,35.395554,448.52,0.00308519
2006,500,1,80.79,115.081599,35.395125,328.91,0.00292364
2006,500,2,161.57,115.081330,35.394476,373.76,0.00276209
2006,501,0,0.00,115.082138,35.395554,941.88,-0.00000000
2006,501,1,72.57,115.082644,35.395048,867.13,0.00095239
2006,501,2,145.14,115.083150,35.394541,1106.34,0.00199458
2006,501,3,217.71,115.083755,35.394206,642.87,0.00208438
2006,502,0,0.00,115.081330,35.394476,403.66,0.00210581
2006,502,1,68.54,115.080851,35.393998,403.66,0.00330337
2006,502,2,137.09,115.080582,35.393459,418.61,0.00334630
2006,502,3,205.63,115.080521,35.392859,403.66,0.00219168
2006,503,0,0.00,115.081330,35.394476,807.33,0.00000000
2006,503,1,93.61,115.081982,35.393823,897.03,0.00294874
2006,503,2,187.22,115.082635,35.393170,747.53,0.00641297
2006,503,3,280.84,115.083485,35.393398,448.52,0.00692846
2006,504,0,0.00,115.080521,35.392859,373.76,0.00009512
2006,504,1,78.21,115.079976,35.392313,418.61,0.00224684
2006,504,2,156.41,115.079443,35.391764,403.66,0.00328866
2006,504,3,234.62,115.079443,35.391059,403.66,-0.00002674
2006,504,4,312.83,115.079174,35.390433,403.66,-0.00223225
2006,505,0,0.00,115.080521,35.392859,1181.09,0.00215999
2006,505,1,71.29,115.081018,35.392361,1166.14,0.00433115
2006,505,2,142.58,115.081623,35.392050,1270.79,0.00512467
2006,505,3,213.87,115.082407,35.392050,762.48,0.00374704
2006,506,0,0.00,115.079174,35.390433,568.12,0.00431930
2006,506,1,80.79,115.078440,35.390164,433.57,0.00472141
2006,506,2,161.58,115.078096,35.389576,448.52,0.00292374
2006,506,3,242.36,115.077826,35.388927,343.86,0.00036198
2006,506,4,323.15,115.077557,35.388277,343.86,-0.00000000
2006,507,0,0.00,115.079174,35.390433,867.13,-0.00125791
2006,507,1,94.31,115.079831,35.389776,702.67,-0.00172633
2006,507,2,188.62,115.080252,35.389048,612.97,-0.00153118
2006,507,3,282.93,115.080521,35.388277,478.42,-0.00086763
2006,508,0,0.00,115.077557,35.388277,1794.06,-0.00240079
2006,508,1,67.85,115.078128,35.387975,1420.30,-0.00120039
2006,508,2,135.70,115.078602,35.387502,1016.64,0.00120039
2006,508,3,203.55,115.079174,35.387199,508.32,0.00240079
2006,509,0,0.00,115.077557,35.388277,403.66,0.00563869
2006,509,1,49.22,115.077287,35.387912,418.61,0.00552617
2006,509,2,98.45,115.077287,35.387469,448.52,0.00541366
2006,51,0,0.00,115.700359,35.765570,269.11,0.00149050
2006,51,1,90.50,115.700353,35.766384,269.11,0.00026430
2006,51,2,181.01,115.700089,35.767123,269.11,-0.00077609
2006,51,3,271.51,115.700254,35.767891,269.11,0.00019155
2006,51,4,362.01,115.700089,35.768598,299.01,-0.00077609
2006,51,5,452.52,115.700089,35.769414,299.01,-0.00208577
2006,51,6,543.02,115.700359,35.770151,313.96,-0.00164596
2006,510,0,0.00,115.079174,35.387199,433.57,-0.00846214
2006,510,1,75.50,115.079064,35.386551,343.86,-0.01191089
2006,510,2,151.00,115.078439,35.386586,837.23,-0.01024196
2006,510,3,226.50,115.077814,35.386942,1121.29,-0.00344027
2006,510,4,302.00,115.077287,35.387469,1061.49,-0.00175625
2006,511,0,0.00,115.079174,35.387199,433.57,-0.01065961
2006,511,1,31.57,115.079394,35.387419,463.47,-0.01105242
2006,511,2,63.13,115.079713,35.387469,583.07,-0.01144523
2006,512,0,0.00,115.077287,35.387469,448.52,0.00486058
2006,512,1,92.05,115.076479,35.387159,358.81,0.00352582
2006,512,2,184.10,115.076223,35.386404,313.96,0.00057808
2006,512,3,276.15,115.075581,35.385763,343.86,0.00134659
2006,512,4,368.20,115.075148,35.385060,373.76,0.00306074
2006,512,5,460.25,115.075131,35.384235,418.61,0.00239339
2006,513,0,0.00,115.075131,35.384235,418.61,0.00210459
2006,513,1,98.78,115.074344,35.383717,388.71,0.00208007
2006,513,2,197.56,115.073863,35.382967,388.71,0.00083048
2006,513,3,296.34,115.073383,35.382217,418.61,-0.00048213
2006,513,4,395.13,115.072861,35.381540,388.71,0.00007159
2006,513,5,493.91,115.072324,35.380888,403.66,0.00117263
2006,513,6,592.69,115.071897,35.380123,373.76,0.00122712
2006,513,7,691.47,115.071628,35.379311,373.76,-0.00029533
2006,513,8,790.25,115.071358,35.378500,358.81,-0.00140054
2006,513,9,889.03,115.070819,35.377767,373.76,-0.00138859
2006,514,0,0.00,115.075131,35.384235,941.88,0.00123875
2006,514,1,89.54,115.075755,35.383610,971.78,0.00128968
2006,514,2,179.07,115.076479,35.383157,822.28,0.00134062
2006,515,0,0.00,115.070819,35.377767,313.96,-0.00079463
2006,515,1,93.16,115.070550,35.377006,328.91,-0.00090166
2006,515,2,186.32,115.070145,35.376285,269.11,0.00000000
2006,515,3,279.48,115.069704,35.375574,239.21,0.00111787
2006,515,4,372.64,115.069472,35.374802,239.21,0.00122706
2006,516,0,0.00,115.070819,35.377767,1734.26,-0.00223417
2006,516,1,70.22,115.070231,35.378086,1061.49,-0.00213628
2006,516,2,140.43,115.069741,35.378575,792.38,-0.00203840
2006,517,0,0.00,115.069472,35.374802,343.86,0.00240054
2006,517,1,67.86,115.068900,35.374500,239.21,0.00120027
2006,517,2,135.71,115.068427,35.374027,254.16,-0.00120027
2006,517,3,203.57,115.067855,35.373725,299.01,-0.00240054
2006,518,0,0.00,115.069472,35.374802,926.93,0.00000000
2006,518,1,77.30,115.070011,35.374263,568.12,0.00000000
2006,518,2,154.59,115.070550,35.373725,59.80,0.00000000
2006,519,0,0.00,115.067855,35.373725,418.61,-0.00231323
2006,519,1,94.37,115.067197,35.373066,224.26,-0.00410898
2006,519,2,188.75,115.066341,35.372750,254.16,-0.00443422
2006,519,3,283.12,115.065518,35.372916,269.11,-0.00376732
2006,519,4,377.49,115.064531,35.373005,284.06,-0.00491039
2006,519,5,471.87,115.064082,35.373725,598.02,-0.00524983
2006,52,0,0.00,115.472366,35.672325,732.58,0.00000000
2006,52,1,44.85,115.472366,35.671920,792.38,0.00000000
2006,52,2,89.70,115.472366,35.671516,792.38,0.00000000
2006,520,0,0.00,115.067855,35.373725,926.93,0.00136436
2006,520,1,91.22,115.067219,35.374361,747.53,0.00321121
2006,520,2,182.45,115.066470,35.374802,269.11,0.00619456
2006,520,3,273.67,115.065466,35.374802,269.11,0.00580305
2006,520,4,364.90,115.064774,35.374263,343.86,0.00213752
2006,520,5,456.12,115.064082,35.373725,523.27,0.00000000
2006,521,0,0.00,115.064082,35.373725,358.81,-0.00528470
2006,521,1,56.06,115.063465,35.373725,388.71,-0.00552824
2006,521,2,112.12,115.063004,35.373994,478.42,-0.00577178
2006,522,0,0.00,115.063004,35.374263,523.27,0.00000000
2006,522,1,14.95,115.063004,35.374129,598.02,0.00000000
2006,522,2,29.90,115.063004,35.373994,598.02,0.00000000
2006,523,0,0.00,115.063004,35.373994,493.37,-0.00546008
2006,523,1,79.46,115.062441,35.373455,358.81,-0.00671317
2006,523,2,158.93,115.061567,35.373455,328.91,-0.00540320
2006,523,3,238.39,115.060848,35.373725,373.76,-0.00284016
2006,524,0,0.00,115.063004,35.374263,598.02,0.01065831
2006,524,1,31.57,115.062784,35.374484,478.42,0.01105093
2006,524,2,63.14,115.062465,35.374533,254.16,0.01144356
2006,525,0,0.00,115.063004,35.374263,627.92,0.00568238
2006,525,1,99.99,115.063263,35.375083,388.71,0.00748011
2006,525,2,199.99,115.062468,35.375611,358.81,0.00795497
2006,525,3,299.98,115.061367,35.375611,328.91,0.00511677
2006,525,4,399.97,115.060578,35.375072,568.12,0.00360145
2006,526,0,0.00,115.060848,35.373725,1061.49,0.00205205
2006,526,1,79.12,115.060848,35.374438,358.81,0.00211614
2006,526,2,158.25,115.060578,35.375072,269.11,0.00218023
2006,527,0,0.00,115.060848,35.373725,343.86,-0.00868064
2006,527,1,63.14,115.060309,35.373455,299.01,-0.00868064
2006,527,2,126.28,115.059770,35.373725,448.52,-0.00868064
2006,528,0,0.00,115.060578,35.375072,179.41,0.00000000
2006,528,1,19.32,115.060444,35.375207,104.65,0.00000000
2006,528,2,38.65,115.060309,35.375341,149.51,0.00000000
2006,53,0,0.00,115.472366,35.672325,508.32,0.00144461
2006,53,1,86.59,115.471464,35.672231,328.91,0.00148126
2006,53,2,173.19,115.470661,35.671967,269.11,0.00366584
2006,53,3,259.78,115.469858,35.671703,269.11,0.00566220
2006,53,4,346.37,115.469671,35.670977,299.01,0.00551062
2006,530,0,0.00,115.060309,35.375341,149.51,0.00202105
2006,530,1,75.38,115.059685,35.375696,89.70,0.00202474
2006,530,2,150.76,115.058961,35.375880,,0.00202843
2006,531,0,0.00,115.060309,35.375341,747.53,0.00281974
2006,531,1,98.45,115.059770,35.374612,941.88,0.00276347
2006,531,2,196.90,115.059770,35.373725,971.78,0.00270720
2006,533,0,0.00,115.059770,35.373725,388.71,-0.00919833
2006,533,1,43.81,115.059444,35.373455,343.86,-0.00900995
2006,533,2,87.63,115.058961,35.373455,328.91,-0.00882158
2006,54,0,0.00,115.473175,35.670977,493.37,0.00396435
2006,54,1,50.79,115.472820,35.671332,971.78,0.00417935
2006,54,2,101.58,115.472366,35.671516,627.92,0.00439435
2006,55,0,0.00,115.473175,35.670977,493.37,0.00019602
2006,55,1,95.79,115.472636,35.670270,299.01,-0.00168372
2006,55,2,191.58,115.472189,35.669630,254.16,-0.00355781
2006,55,3,287.37,115.471288,35.669360,239.21,-0.00355214
2006,56,0,0.00,115.700359,35.770151,1749.21,0.00000000
2006,56,1,85.29,115.701302,35.770151,1480.10,0.00000000
2006,56,2,170.58,115.702245,35.770151,164.46,0.00000000
2006,57,0,0.00,115.700359,35.770151,328.91,-0.00152119
2006,57,1,94.04,115.700089,35.770920,328.91,-0.00147836
2006,57,2,188.08,115.700089,35.771768,313.96,0.00000000
2006,57,3,282.12,115.700089,35.772616,343.86,0.00147836
2006,57,4,376.16,115.699820,35.773385,463.47,0.00152119
2006,59,0,0.00,115.472366,35.671516,508.32,0.00000000
2006,59,1,19.30,115.472231,35.671381,254.16,0.00000000
2006,59,2,38.59,115.472097,35.671247,269.11,0.00000000
2006,6,0,0.00,115.514407,35.731883,1255.84,0.00000000
2006,6,1,85.33,115.513464,35.731883,777.43,0.00000000
2006,6,2,170.66,115.512521,35.731883,164.46,0.00000000
2006,60,0,0.00,115.469671,35.670977,299.01,0.00363327
2006,60,1,85.82,115.468973,35.671087,313.96,0.00553012
2006,60,2,171.65,115.468175,35.670829,254.16,0.00582567
2006,60,3,257.47,115.467785,35.670169,313.96,0.00422437
2006,61,0,0.00,115.469671,35.670977,822.28,-0.00286442
2006,61,1,85.04,115.470364,35.670554,837.23,-0.00282500
2006,61,2,170.08,115.470749,35.669899,358.81,-0.00278558
2006,62,0,0.00,115.471288,35.669360,538.22,-0.00000000
2006,62,1,38.59,115.471019,35.669630,523.27,-0.00000000
2006,62,2,77.19,115.470749,35.669899,343.86,-0.00000000
2006,63,0,0.00,115.471288,35.669360,269.11,0.00000000
2006,63,1,38.59,115.471019,35.669091,269.11,0.00000000
2006,63,2,77.19,115.470749,35.668821,269.11,0.00000000
2006,64,0,0.00,115.699820,35.773385,388.71,-0.00242059
2006,64,1,92.40,115.699281,35.774061,433.57,-0.00213141
2006,64,2,184.79,115.699155,35.774858,403.66,-0.00000000
2006,64,3,277.19,115.698928,35.775625,403.66,0.00110169
2006,64,4,369.58,115.698491,35.776331,403.66,-0.00062114
2006,64,5,461.98,115.698203,35.777080,403.66,-0.00097979
2006,64,6,554.37,115.698035,35.777864,388.71,-0.00024523
2006,64,7,646.77,115.697808,35.778631,433.57,0.00079922
2006,64,8,739.17,115.697664,35.779422,403.66,0.00049282
2006,64,9,831.56,115.697143,35.780104,388.71,-0.00180596
2006,64,10,923.96,115.697125,35.780931,418.61,-0.00286481
2006,65,0,0.00,115.699820,35.773385,583.07,0.00000000
2006,65,1,57.86,115.700224,35.773789,642.87,0.00000000
2006,65,2,115.72,115.700628,35.774193,672.77,0.00000000
2006,66,0,0.00,115.467785,35.670169,702.67,-0.00378095
2006,66,1,83.44,115.468054,35.669495,463.47,-0.00378095
2006,66,2,166.89,115.467785,35.668821,284.06,-0.00378095
2006,67,0,0.00,115.467785,35.670169,388.71,0.00887519
2006,67,1,43.70,115.467302,35.670169,269.11,0.00906392
2006,67,2,87.39,115.466976,35.669899,284.06,0.00925265
2006,68,0,0.00,115.470749,35.669899,284.06,-0.00000000
2006,68,1,62.99,115.470210,35.669630,239.21,-0.00000000
2006,68,2,125.99,115.469671,35.669360,254.16,-0.00000000
2006,69,0,0.00,115.470749,35.668821,328.91,-0.00282824
2006,69,1,84.41,115.470369,35.668171,284.06,-0.00286856
2006,69,2,168.82,115.469680,35.667752,209.31,-0.00155026
2006,69,3,253.23,115.468991,35.667333,269.11,-0.00079776
2006,69,4,337.64,115.468291,35.666935,299.01,-0.00131537
2006,69,5,422.06,115.467515,35.666665,239.21,-0.00122685
2006,7,0,0.00,115.523031,35.706281,1450.20,0.00000000
2006,7,1,24.39,115.522762,35.706281,1510.00,0.00000000
2006,7,2,48.78,115.522492,35.706281,1599.71,0.00000000
2006,70,0,0.00,115.470749,35.668821,284.06,0.00000000
2006,70,1,36.60,115.470345,35.668821,343.86,0.00000000
2006,70,2,73.20,115.469941,35.668821,313.96,0.00000000
2006,71,0,0.00,115.697125,35.780931,1196.04,0.00167041
2006,71,1,80.53,115.697787,35.781323,867.13,0.00083521
2006,71,2,161.06,115.698349,35.781886,867.13,-0.00083521
2006,71,3,241.59,115.699011,35.782278,822.28,-0.00167041
2006,72,0,0.00,115.697125,35.780931,418.61,-0.00088061
2006,72,1,75.55,115.696806,35.781519,373.76,-0.00184398
2006,72,2,151.10,115.696586,35.782136,448.52,-0.00231213
2006,72,3,226.65,115.696586,35.782817,433.57,-0.00181689
2006,73,0,0.00,115.700628,35.774193,583.07,0.00402985
2006,73,1,71.06,115.701257,35.773924,1031.59,0.00681295
2006,73,2,142.13,115.702018,35.773966,598.02,0.00763258
2006,73,3,213.19,115.702515,35.774463,732.58,0.00566909
2006,74,0,0.00,115.700628,35.774193,687.72,-0.00279357
2006,74,1,80.53,115.701205,35.774732,1016.64,-0.00683683
2006,74,2,161.07,115.701952,35.774978,822.28,-0.00914277
2006,74,3,241.60,115.702515,35.774463,523.27,-0.00740544
2006,75,0,0.00,115.467785,35.668821,343.86,-0.01261577
2006,75,1,73.73,115.467171,35.668627,657.82,-0.01232220
2006,75,2,147.46,115.466976,35.669235,493.37,-0.00685587
2006,75,3,221.19,115.466976,35.669899,448.52,-0.00168311
2006,76,0,0.00,115.467785,35.668821,538.22,0.00000000
2006,76,1,19.30,115.467919,35.668686,508.32,0.00000000
2006,76,2,38.59,115.468054,35.668552,269.11,0.00000000
2006,78,0,0.00,115.466976,35.669899,239.21,0.00099426
2006,78,1,82.29,115.466224,35.669630,239.21,0.00116500
2006,78,2,164.58,115.465530,35.669261,239.21,0.00163994
2006,78,3,246.87,115.464856,35.668857,284.06,0.00170665
2006,78,4,329.16,115.464281,35.668282,269.11,0.00146917
2006,79,0,0.00,115.696586,35.782817,493.37,-0.00302628
2006,79,1,92.79,115.695838,35.783295,478.42,-0.00396732
2006,79,2,185.58,115.695508,35.784036,403.66,-0.00262795
2006,79,3,278.37,115.695508,35.784872,403.66,0.00015031
2006,79,4,371.15,115.695238,35.785630,388.71,0.00078167
2006,79,5,463.94,115.695125,35.786434,388.71,0.00022829
2006,79,6,556.73,115.694699,35.787147,388.71,-0.00078167
2006,79,7,649.52,115.694664,35.787973,403.66,0.00000000
2006,79,8,742.31,115.694430,35.788741,388.71,0.00000000
2006,79,9,835.10,115.694203,35.789512,328.91,-0.00117592
2006,79,10,927.88,115.694160,35.790335,373.76,-0.00073748
2006,79,11,1020.67,115.694160,35.791172,687.72,-0.00022786
2006,8,0,0.00,115.523031,35.706281,239.21,-0.00266286
2006,8,1,99.03,115.523301,35.705467,179.41,-0.00266286
2006,8,2,198.06,115.523031,35.704652,164.46,-0.00133143
2006,8,3,297.09,115.522762,35.703838,179.41,-0.00060003
2006,8,4,396.12,115.522492,35.703024,209.31,-0.00069948
2006,8,5,495.15,115.521991,35.702277,224.26,-0.00050356
2006,8,6,594.18,115.521684,35.701474,269.11,-0.00031752
2006,8,7,693.21,115.521026,35.700772,284.06,0.00000000
2006,8,8,792.24,115.520752,35.699959,313.96,-0.00110640
2006,8,9,891.27,115.520060,35.699268,388.71,-0.00196936
2006,8,10,990.30,115.519369,35.698576,373.76,-0.00054824
2006,8,11,1089.33,115.518496,35.698196,388.71,0.00117176
2006,8,12,1188.36,115.517996,35.697473,343.86,0.00004522
2006,8,13,1287.39,115.517265,35.696849,373.76,-0.00052157
2006,8,14,1386.42,115.516514,35.696260,343.86,-0.00000000
2006,8,15,1485.45,115.515822,35.695568,358.81,-0.00020367
2006,8,16,1584.48,115.515031,35.695047,358.81,-0.00015486
2006,8,17,1683.51,115.514340,35.694355,343.86,-0.00054149
2006,8,18,1782.54,115.513520,35.693884,328.91,0.00030639
2006,8,19,1881.57,115.512758,35.693313,328.91,0.00104450
2006,8,20,1980.60,115.512067,35.692621,358.81,-0.00030733
2006,8,21,2079.63,115.511375,35.691930,343.86,-0.00104450
2006,8,22,2178.66,115.510555,35.691459,328.91,-0.00078608
2006,8,23,2277.69,115.509793,35.690887,358.81,0.00000000
2006,8,24,2376.72,115.508904,35.690536,328.91,0.00014057
2006,8,25,2475.75,115.508212,35.689845,328.91,-0.00171028
2006,8,26,2574.78,115.507276,35.689572,299.01,-0.00004537
2006,8,27,2673.81,115.506339,35.689303,313.96,0.00221938
2006,8,28,2772.84,115.505641,35.688622,299.01,-0.00004953
2006,8,29,2871.87,115.504851,35.688100,328.91,-0.00166722
2006,8,30,2970.90,115.503998,35.687686,388.71,-0.00043459
2006,8,31,3069.93,115.503071,35.687398,388.71,0.00115812
2006,8,32,3168.96,115.502280,35.686877,418.61,0.00157864
2006,80,0,0.00,115.696586,35.782817,777.43,-0.00511836
2006,80,1,82.57,115.697185,35.783356,1689.41,-0.00505624
2006,80,2,165.13,115.698098,35.783356,1001.69,-0.00249706
2006,80,3,247.70,115.699011,35.783356,717.63,0.00000000
2006,81,0,0.00,115.702515,35.774463,44.85,0.00000000
2006,81,1,12.18,115.702649,35.774463,,0.00000000
2006,81,2,24.37,115.702784,35.774463,,0.00000000
2006,82,0,0.00,115.464281,35.668282,313.96,0.00000000
2006,82,1,89.10,115.463560,35.667830,284.06,-0.00000000
2006,82,2,178.21,115.462839,35.667378,284.06,0.00067587
2006,82,3,267.31,115.462117,35.666927,299.01,0.00067587
2006,82,4,356.41,115.461495,35.666304,269.11,-0.00034015
2006,82,5,445.51,115.460774,35.665853,328.91,-0.00000000
2006,82,6,534.62,115.460101,35.665318,328.91,0.00035535
2006,82,7,623.72,115.459430,35.664779,403.66,0.00003040
2006,83,0,0.00,115.464281,35.668282,1794.06,-0.00138064
2006,83,1,84.26,115.464870,35.667694,1076.44,-0.00141944
2006,83,2,168.51,115.465249,35.667045,747.53,-0.00072912
2006,83,3,252.77,115.465629,35.666396,553.17,0.00000000
2006,84,0,0.00,115.694160,35.791172,747.53,-0.00022049
2006,84,1,83.91,115.694846,35.791588,687.72,-0.00080714
2006,84,2,167.82,115.695545,35.791980,986.73,-0.00128993
2006,84,3,251.73,115.696316,35.792250,732.58,-0.00118607
2006,85,0,0.00,115.694160,35.791172,732.58,-0.00297357
2006,85,1,95.48,115.693621,35.791876,672.77,-0.00291939
2006,85,2,190.97,115.693621,35.792737,642.87,-0.00143260
2006,85,3,286.45,115.693621,35.793597,358.81,0.00000000
2006,86,0,0.00,115.459430,35.664779,299.01,-0.00000000
2006,86,1,38.59,115.459161,35.664509,373.76,-0.00000000
2006,86,2,77.19,115.458891,35.664240,328.91,-0.00000000
2006,87,0,0.00,115.459430,35.664779,1794.06,0.00041217
2006,87,1,80.59,115.459993,35.664216,1794.06,0.00160121
2006,87,2,161.18,115.460584,35.663701,837.23,0.00266773
2006,87,3,241.77,115.461317,35.663431,598.02,0.00254520
2006,88,0,0.00,115.465629,35.666396,313.96,0.00531829
2006,88,1,55.90,115.466246,35.666396,269.11,0.00556401
2006,88,2,111.80,115.466707,35.666665,239.21,0.00580973
2006,89,0,0.00,115.465629,35.666396,269.11,-0.00204161
2006,89,1,70.09,115.465139,35.665906,313.96,-0.00213998
2006,89,2,140.18,115.464551,35.665587,284.06,-0.00223835
2006,9,0,0.00,115.565072,35.736734,358.81,-0.00093320
2006,9,1,80.73,115.565965,35.736734,358.81,-0.00261630
2006,9,2,161.45,115.566795,35.736628,343.86,-0.00255601
2006,9,3,242.18,115.567435,35.736195,328.91,-0.00181708
2006,9,4,322.91,115.568221,35.736011,313.96,-0.00401825
2006,9,5,403.64,115.568576,35.735386,373.76,-0.00521495
2006,90,0,0.00,115.696316,35.792250,642.87,0.00000000
2006,90,1,59.80,115.696316,35.792789,642.87,0.00000000
2006,90,2,119.61,115.696316,35.793328,313.96,0.00000000
2006,91,0,0.00,115.696316,35.792250,717.63,0.00927523
2006,91,1,43.65,115.696642,35.791980,1106.34,0.00908635
2006,91,2,87.29,115.697125,35.791980,418.61,0.00889748
2006,92,0,0.00,115.693621,35.793597,1121.29,0.00439874
2006,92,1,50.75,115.694075,35.793781,986.73,0.00418317
2006,92,2,101.50,115.694430,35.794136,493.37,0.00396760
2006,93,0,0.00,115.693621,35.793597,358.81,-0.00022407
2006,93,1,95.48,115.693352,35.794380,403.66,-0.00073689
2006,93,2,190.97,115.693123,35.795174,313.96,-0.00111768
2006,93,3,286.45,115.693082,35.796023,299.01,0.00000000
2006,93,4,381.93,115.693042,35.796871,328.91,0.00111768
2006,93,5,477.42,115.692813,35.797666,299.01,-0.00000000
2006,93,6,572.90,115.692543,35.798448,313.96,-0.00132049
2006,93,7,668.38,115.692543,35.799309,373.76,-0.00212815
2006,93,8,763.87,115.692543,35.800169,388.71,-0.00291922
2006,93,9,859.35,115.693082,35.800873,448.52,-0.00297340
2006,94,0,0.00,115.458891,35.664240,403.66,0.00310897
2006,94,1,99.99,115.458094,35.663712,388.71,0.00308412
2006,94,2,199.99,115.457813,35.662892,343.86,0.00305927
2006,95,0,0.00,115.458891,35.664240,1794.06,0.00000000
2006,95,1,74.29,115.459410,35.663721,1599.71,-0.00089176
2006,95,2,148.58,115.459929,35.663202,941.88,-0.00183648
2006,95,3,222.87,115.460239,35.662623,792.38,-0.00188944
2006,96,0,0.00,115.697125,35.791980,642.87,0.00224234
2006,96,1,75.55,115.697125,35.791299,657.82,0.00231189
2006,96,2,151.10,115.697394,35.790696,358.81,0.00119072
2006,96,3,226.65,115.697664,35.790094,358.81,-0.00000000
2006,97,0,0.00,115.697125,35.791980,568.12,-0.00927525
2006,97,1,43.65,115.697450,35.792250,239.21,-0.00908638
2006,97,2,87.29,115.697933,35.792250,299.01,-0.00889751
2006,98,0,0.00,115.694430,35.794136,493.37,-0.00124118
2006,98,1,89.32,115.695054,35.794760,583.07,-0.00129243
2006,98,2,178.64,115.695777,35.795214,538.22,-0.00134368
2006,99,0,0.00,115.694430,35.794136,672.77,0.00444891
2006,99,1,87.29,115.695238,35.793867,1061.49,0.00444891
2006,99,2,174.59,115.696047,35.794136,598.02,0.00444891
