year,link_id,sample_idx,s_m,lon,lat,B_m,C_1m
2009,0,0,0.00,115.861786,35.906515,134.55,0.00274832
2009,0,1,87.72,115.861591,35.907249,284.06,0.00267848
2009,0,2,175.45,115.860977,35.907863,328.91,0.00260864
2009,1,0,0.00,115.860977,35.907863,224.26,-0.00130792
2009,1,1,98.35,115.860977,35.908749,209.31,-0.00096099
2009,1,2,196.70,115.861247,35.909558,239.21,-0.00069222
2009,1,3,295.06,115.861368,35.910409,239.21,-0.00077492
2009,1,4,393.41,115.861786,35.911175,239.21,0.00038520
2009,1,5,491.76,115.862055,35.911983,284.06,0.00023153
2009,1,6,590.11,115.862176,35.912835,313.96,-0.00147849
2009,1,7,688.46,115.862655,35.913583,343.86,-0.00039028
2009,1,8,786.82,115.863133,35.914331,388.71,0.00109329
2009,1,9,885.17,115.863403,35.915139,388.71,0.00109695
2009,10,0,0.00,115.905444,35.932117,209.31,0.00000000
2009,10,1,89.04,115.905444,35.932920,149.51,0.00080041
2009,10,2,178.09,115.905444,35.933722,119.60,0.00080041
2009,10,3,267.13,115.905174,35.934447,119.60,0.00020169
2009,10,4,356.18,115.905174,35.935249,194.36,0.00084883
2009,10,5,445.22,115.904840,35.935955,209.31,0.00023338
2009,10,6,534.26,115.904635,35.936699,239.21,-0.00082752
2009,100,0,0.00,115.739705,35.826206,612.97,-0.01051347
2009,100,1,94.37,115.739514,35.825667,687.72,-0.00872637
2009,100,2,188.75,115.738627,35.825936,343.86,-0.00693926
2009,101,0,0.00,115.738357,35.825667,179.41,0.00000000
2009,101,1,19.28,115.738492,35.825802,179.41,0.00000000
2009,101,2,38.56,115.738627,35.825936,194.36,0.00000000
2009,102,0,0.00,115.738627,35.825936,777.43,-0.00889950
2009,102,1,34.23,115.738657,35.826236,403.66,-0.00878420
2009,102,2,68.47,115.738896,35.826475,239.21,-0.00866891
2009,103,0,0.00,115.738357,35.825667,493.37,0.01351972
2009,103,1,50.74,115.737953,35.825936,493.37,0.01351972
2009,103,2,101.48,115.737549,35.825667,179.41,0.01351972
2009,105,0,0.00,115.737010,35.825128,358.81,-0.00867039
2009,105,1,61.36,115.736482,35.825387,463.47,-0.00825712
2009,105,2,122.72,115.736471,35.825936,583.07,-0.00784386
2009,106,0,0.00,115.737010,35.825128,1001.69,-0.00000000
2009,106,1,38.56,115.737279,35.825397,792.38,-0.00000000
2009,106,2,77.13,115.737549,35.825667,328.91,-0.00000000
2009,107,0,0.00,115.732428,35.835369,388.71,0.00000000
2009,107,1,99.43,115.731485,35.835638,239.21,0.00000000
2009,107,2,198.87,115.730542,35.835908,239.21,0.00000000
2009,108,0,0.00,115.732428,35.835369,553.17,0.00156246
2009,108,1,95.22,115.732698,35.836149,523.27,0.00328053
2009,108,2,190.44,115.732681,35.837002,284.06,0.00424710
2009,108,3,285.66,115.732016,35.837668,209.31,0.00174780
2009,108,4,380.88,115.731350,35.838333,239.21,-0.00000000
2009,109,0,0.00,115.738896,35.826475,687.72,0.00567234
2009,109,1,71.03,115.738400,35.826972,343.86,0.00435258
2009,109,2,142.06,115.737639,35.827014,388.71,0.00000000
2009,109,3,213.10,115.737010,35.827284,373.76,-0.00303283
2009,11,0,0.00,115.863672,35.901664,254.16,0.00330143
2009,11,1,98.59,115.864152,35.900915,239.21,0.00359813
2009,11,2,197.19,115.865053,35.900586,239.21,0.00152373
2009,11,3,295.78,115.865987,35.900317,313.96,-0.00194742
2009,11,4,394.37,115.866817,35.899867,313.96,-0.00099697
2009,11,5,492.97,115.867368,35.899239,284.06,0.00117362
2009,11,6,591.56,115.868284,35.898939,284.06,0.00047781
2009,11,7,690.15,115.869073,35.898420,299.01,0.00101572
2009,11,8,788.75,115.869961,35.898070,299.01,0.00176264
2009,11,9,887.34,115.870949,35.897891,388.71,0.00115572
2009,110,0,0.00,115.737549,35.825667,448.52,0.00841882
2009,110,1,70.02,115.737059,35.826156,388.71,0.00940649
2009,110,2,140.04,115.736471,35.825936,343.86,0.01039415
2009,112,0,0.00,115.736471,35.825936,388.71,-0.00131176
2009,112,1,93.78,115.735617,35.826251,358.81,-0.00152066
2009,112,2,187.57,115.734862,35.826737,343.86,-0.00105619
2009,112,3,281.35,115.734144,35.827284,343.86,-0.00016492
2009,112,4,375.13,115.733420,35.827823,358.81,-0.00037456
2009,112,5,468.92,115.732697,35.828363,313.96,-0.00125615
2009,112,6,562.70,115.732042,35.829018,358.81,0.00023860
2009,112,7,656.48,115.731581,35.829709,299.01,0.00038628
2009,112,8,750.27,115.730741,35.830049,313.96,-0.00127420
2009,112,9,844.05,115.730504,35.830825,313.96,0.00065378
2009,112,10,937.83,115.729758,35.831326,343.86,0.00070867
2009,112,11,1031.62,115.729094,35.831966,358.81,-0.00111620
2009,112,12,1125.40,115.728438,35.832621,358.81,-0.00118824
2009,112,13,1219.18,115.727992,35.833337,388.71,-0.00118478
2009,112,14,1312.97,115.727545,35.834053,373.76,-0.00120376
2009,112,15,1406.75,115.727308,35.834830,463.47,-0.00120585
2009,114,0,0.00,115.730542,35.835908,343.86,0.00151398
2009,114,1,83.41,115.730377,35.836612,254.16,0.00151912
2009,114,2,166.83,115.730003,35.837255,343.86,0.00152426
2009,115,0,0.00,115.730542,35.835908,687.72,-0.00583195
2009,115,1,55.80,115.730082,35.835638,523.27,-0.00558496
2009,115,2,111.61,115.729464,35.835638,254.16,-0.00533796
2009,116,0,0.00,115.731350,35.838333,239.21,0.00019121
2009,116,1,78.64,115.730801,35.838883,299.01,0.00147607
2009,116,2,157.27,115.730239,35.839411,299.01,0.00423684
2009,116,3,235.91,115.729526,35.839681,358.81,0.00416654
2009,116,4,314.54,115.728655,35.839681,538.22,0.00262033
2009,117,0,0.00,115.731350,35.838333,687.72,-0.00124143
2009,117,1,89.30,115.730726,35.837709,732.58,-0.00129271
2009,117,2,178.59,115.730003,35.837255,1016.64,-0.00134399
2009,118,0,0.00,115.727308,35.834830,284.06,-0.00032010
2009,118,1,89.43,115.726769,35.835338,239.21,-0.00148886
2009,118,2,178.87,115.726168,35.835970,313.96,-0.00257799
2009,118,3,268.30,115.725961,35.836716,358.81,-0.00249834
2009,119,0,0.00,115.727308,35.834830,612.97,-0.00124142
2009,119,1,89.30,115.727932,35.835454,926.93,-0.00129270
2009,119,2,178.60,115.728655,35.835908,463.47,-0.00134398
2009,12,0,0.00,115.863672,35.901664,1435.25,0.00000000
2009,12,1,77.10,115.864211,35.902203,822.28,0.00000000
2009,12,2,154.20,115.864750,35.902742,568.12,0.00000000
2009,121,0,0.00,115.730003,35.837255,612.97,-0.00817985
2009,121,1,77.61,115.729301,35.836986,343.86,-0.01117440
2009,121,2,155.23,115.728719,35.837461,313.96,-0.01061250
2009,121,3,232.84,115.728925,35.838064,433.57,-0.00705606
2009,122,0,0.00,115.730003,35.837255,224.26,0.00204352
2009,122,1,70.02,115.729514,35.837745,239.21,0.00214218
2009,122,2,140.03,115.728925,35.838064,284.06,0.00224084
2009,123,0,0.00,115.728655,35.839681,299.01,0.00000000
2009,123,1,19.28,115.728521,35.839815,313.96,0.00000000
2009,123,2,38.56,115.728386,35.839950,328.91,0.00000000
2009,124,0,0.00,115.728655,35.839681,882.08,0.00143441
2009,124,1,94.04,115.728655,35.838833,343.86,0.00147714
2009,124,2,188.07,115.728925,35.838064,328.91,0.00151988
2009,125,0,0.00,115.728386,35.839950,807.33,0.00154645
2009,125,1,96.62,115.728386,35.840821,702.67,0.00310885
2009,125,2,193.24,115.728080,35.841603,508.32,0.00470620
2009,125,3,289.87,115.727304,35.842106,777.43,0.00550305
2009,125,4,386.49,115.726392,35.842376,598.02,0.00637471
2009,125,5,483.11,115.725558,35.841973,1405.35,0.00410903
2009,125,6,579.73,115.724883,35.841298,1390.40,0.00173357
2009,126,0,0.00,115.728386,35.839950,343.86,0.00187846
2009,126,1,96.90,115.727471,35.840220,463.47,0.00048984
2009,126,2,193.79,115.726398,35.840220,448.52,-0.00285331
2009,126,3,290.69,115.725560,35.840620,642.87,-0.00327848
2009,126,4,387.58,115.724883,35.841298,642.87,-0.00174914
2009,127,0,0.00,115.725961,35.836716,343.86,-0.00224083
2009,127,1,70.02,115.725372,35.837035,313.96,-0.00214217
2009,127,2,140.03,115.724883,35.837525,328.91,-0.00204352
2009,128,0,0.00,115.725961,35.836716,672.77,0.00000000
2009,128,1,74.24,115.726479,35.837235,732.58,0.00089182
2009,128,2,148.47,115.726998,35.837754,732.58,0.00183645
2009,128,3,222.71,115.727308,35.838333,388.71,0.00188925
2009,129,0,0.00,115.724613,35.841298,1016.64,0.00000000
2009,129,1,12.17,115.724748,35.841298,1106.34,0.00000000
2009,129,2,24.35,115.724883,35.841298,1106.34,0.00000000
2009,13,0,0.00,115.864750,35.902742,284.06,-0.00103351
2009,13,1,97.21,115.865827,35.902742,284.06,-0.00177896
2009,13,2,194.41,115.866805,35.902574,299.01,-0.00176379
2009,13,3,291.62,115.867665,35.902203,284.06,-0.00038981
2009,13,4,388.82,115.868562,35.901895,343.86,-0.00032663
2009,13,5,486.03,115.869440,35.901556,299.01,-0.00018723
2009,13,6,583.23,115.870266,35.901125,313.96,-0.00013898
2009,13,7,680.44,115.871185,35.900856,328.91,-0.00045942
2009,13,8,777.65,115.871947,35.900317,299.01,0.00003607
2009,13,9,874.85,115.872855,35.900028,403.66,0.00013867
2009,13,10,972.06,115.873633,35.899519,269.11,0.00089512
2009,13,11,1069.26,115.874547,35.899239,433.57,0.00018105
2009,13,12,1166.47,115.875466,35.898969,358.81,-0.00093119
2009,13,13,1263.67,115.876269,35.898500,448.52,0.00021514
2009,13,14,1360.88,115.877147,35.898161,493.37,0.00093123
2009,131,0,0.00,115.724613,35.841298,508.32,-0.00000000
2009,131,1,38.56,115.724344,35.841567,583.07,-0.00000000
2009,131,2,77.12,115.724074,35.841837,553.17,-0.00000000
2009,132,0,0.00,115.724613,35.841298,1046.54,0.00331227
2009,132,1,88.92,115.724344,35.840574,762.48,0.00268255
2009,132,2,177.84,115.724613,35.839851,747.53,0.00080370
2009,132,3,266.76,115.724685,35.839070,747.53,-0.00044194
2009,132,4,355.68,115.724883,35.838326,284.06,-0.00080370
2009,132,5,444.61,115.724883,35.837525,328.91,-0.00116896
2009,134,0,0.00,115.724883,35.837525,1794.06,-0.00217835
2009,134,1,75.76,115.724254,35.837165,1390.40,-0.00626534
2009,134,2,151.53,115.723526,35.836995,747.53,-0.00880556
2009,134,3,227.29,115.722996,35.837525,642.87,-0.00725879
2009,135,0,0.00,115.724074,35.841837,702.67,0.00000000
2009,135,1,29.90,115.724074,35.842106,747.53,0.00000000
2009,135,2,59.80,115.724074,35.842376,553.17,0.00000000
2009,136,0,0.00,115.724074,35.841837,1435.25,-0.00000000
2009,136,1,98.94,115.723383,35.841145,971.78,-0.00000000
2009,136,2,197.87,115.722691,35.840454,822.28,-0.00260103
2009,136,3,296.81,115.722000,35.839762,822.28,-0.00576670
2009,136,4,395.74,115.721110,35.839950,657.82,-0.00633133
2009,137,0,0.00,115.724074,35.842376,747.53,-0.00487995
2009,137,1,82.84,115.723197,35.842444,493.37,-0.00624628
2009,137,2,165.68,115.722618,35.843023,583.07,-0.00534608
2009,137,3,248.53,115.722457,35.843723,553.17,-0.00307954
2009,138,0,0.00,115.724074,35.842376,1524.95,0.00091789
2009,138,1,88.12,115.724690,35.842991,1196.04,0.00244105
2009,138,2,176.23,115.725152,35.843652,837.23,0.00516977
2009,138,3,264.35,115.725152,35.844446,538.22,0.00805941
2009,138,4,352.46,115.724597,35.845071,598.02,0.01018584
2009,138,5,440.58,115.723689,35.844955,1136.24,0.00732611
2009,138,6,528.69,115.723073,35.844339,1240.89,0.00201202
2009,138,7,616.81,115.722457,35.843723,1719.31,-0.00000000
2009,139,0,0.00,115.722457,35.843723,523.27,0.00000000
2009,139,1,50.73,115.722053,35.843993,538.22,0.00000000
2009,139,2,101.47,115.721649,35.844262,523.27,0.00000000
2009,140,0,0.00,115.721649,35.844262,1659.51,-0.00105433
2009,140,1,96.73,115.720973,35.843586,1435.25,-0.00231034
2009,140,2,193.46,115.720197,35.843080,1375.45,-0.00299631
2009,140,3,290.19,115.719223,35.842915,553.17,-0.00242627
2009,141,0,0.00,115.721649,35.844262,463.47,0.00204360
2009,141,1,70.01,115.721159,35.844751,433.57,0.00214227
2009,141,2,140.03,115.720571,35.845071,433.57,0.00224094
2009,142,0,0.00,115.720571,35.845071,463.47,0.00225002
2009,142,1,77.49,115.720201,35.845610,418.61,0.00251713
2009,142,2,154.98,115.719597,35.846044,388.71,0.00082979
2009,142,3,232.46,115.718956,35.846415,299.01,-0.00139212
2009,142,4,309.95,115.718415,35.846957,328.91,-0.00165957
2009,143,0,0.00,115.720571,35.845071,1539.90,-0.00000000
2009,143,1,85.24,115.719975,35.844475,1240.89,-0.00068268
2009,143,2,170.47,115.719379,35.843879,1061.49,-0.00142363
2009,143,3,255.71,115.718684,35.843454,418.61,-0.00148191
2009,144,0,0.00,115.718415,35.846957,328.91,-0.00111994
2009,144,1,97.41,115.717635,35.847468,269.11,-0.00055997
2009,144,2,194.81,115.716954,35.848148,239.21,0.00000000
2009,144,3,292.22,115.716174,35.848659,194.36,0.00070225
2009,144,4,389.62,115.715493,35.849340,149.51,0.00287057
2009,144,5,487.03,115.714613,35.849624,134.55,0.00310461
2009,144,6,584.44,115.713833,35.849652,269.11,0.00187258
2009,145,0,0.00,115.718415,35.846957,1764.16,0.00000000
2009,145,1,74.23,115.717896,35.846438,1166.14,0.00089182
2009,145,2,148.47,115.717377,35.845919,941.88,0.00183644
2009,145,3,222.70,115.717067,35.845340,792.38,0.00188924
2009,146,0,0.00,115.713833,35.849652,269.11,0.00178778
2009,146,1,80.35,115.713073,35.849431,328.91,0.00177687
2009,146,2,160.71,115.712412,35.849039,284.06,0.00063607
2009,146,3,241.06,115.711751,35.848648,313.96,-0.00088298
2009,146,4,321.42,115.711062,35.848304,299.01,-0.00102442
2009,146,5,401.77,115.710330,35.848035,284.06,-0.00077669
2009,147,0,0.00,115.713833,35.849652,313.96,0.00303050
2009,147,1,90.34,115.713411,35.850344,224.26,0.00469576
2009,147,2,180.67,115.712636,35.850730,269.11,0.00514581
2009,147,3,271.01,115.711636,35.850730,269.11,0.00351699
2009,147,4,361.35,115.710722,35.850583,269.11,0.00206211
2009,147,5,451.68,115.709951,35.850191,313.96,0.00111808
2009,147,6,542.02,115.709108,35.849921,269.11,0.00060766
2009,147,7,632.36,115.708423,35.849382,299.01,-0.00088490
2009,147,8,722.69,115.707580,35.849113,284.06,0.00186257
2009,147,9,813.03,115.706770,35.848787,254.16,0.00513319
2009,147,10,903.37,115.706557,35.848035,269.11,0.00477144
2009,148,0,0.00,115.706557,35.848035,284.06,0.00000000
2009,148,1,97.07,115.705779,35.847527,254.16,0.00056406
2009,148,2,194.14,115.705001,35.847018,224.26,0.00108745
2009,148,3,291.21,115.704323,35.846340,224.26,0.00104051
2009,148,4,388.28,115.703645,35.845662,224.26,0.00051712
2009,148,5,485.35,115.703175,35.844923,209.31,-0.00013097
2009,148,6,582.42,115.702497,35.844244,313.96,0.00000000
2009,148,7,679.49,115.701976,35.843520,313.96,0.00081258
2009,148,8,776.56,115.701349,35.842827,343.86,0.00185305
2009,148,9,873.63,115.701088,35.842027,343.86,0.00042227
2009,148,10,970.70,115.700898,35.841208,328.91,-0.00167371
2009,148,11,1067.77,115.700359,35.840489,358.81,-0.00184908
2009,149,0,0.00,115.706557,35.848035,1405.35,0.00204363
2009,149,1,70.01,115.707046,35.847546,1554.85,0.00214231
2009,149,2,140.02,115.707635,35.847226,508.32,0.00224098
2009,15,0,0.00,115.904635,35.936699,209.31,-0.00087500
2009,15,1,95.42,115.904096,35.937403,269.11,-0.00148551
2009,15,2,190.84,115.903719,35.938154,299.01,-0.00116146
2009,15,3,286.26,115.903557,35.938967,343.86,0.00012903
2009,15,4,381.68,115.903221,35.939730,388.71,-0.00000000
2009,15,5,477.10,115.902972,35.940518,403.66,0.00091899
2009,15,6,572.52,115.902723,35.941306,478.42,0.00116146
2009,15,7,667.94,115.902056,35.941973,508.32,-0.00116146
2009,15,8,763.36,115.901807,35.942761,478.42,-0.00057937
2009,15,9,858.78,115.901558,35.943549,538.22,0.00129393
2009,15,10,954.21,115.901100,35.944277,553.17,0.00019204
2009,15,11,1049.63,115.900593,35.944991,553.17,-0.00118048
2009,15,12,1145.05,115.900324,35.945773,568.12,0.00116449
2009,15,13,1240.47,115.900054,35.946555,598.02,0.00367958
2009,15,14,1335.89,115.899296,35.946939,598.02,0.00218023
2009,15,15,1431.31,115.898511,35.947405,493.37,0.00147264
2009,15,16,1526.73,115.897644,35.947732,328.91,-0.00011737
2009,15,17,1622.15,115.896679,35.947889,224.26,-0.00300629
2009,15,18,1717.57,115.896012,35.948556,,-0.00348420
2009,150,0,0.00,115.700359,35.840489,358.81,-0.00143439
2009,150,1,94.04,115.700359,35.839642,373.76,-0.00147713
2009,150,2,188.07,115.700089,35.838872,328.91,-0.00151986
2009,151,0,0.00,115.700359,35.840489,1330.60,0.00331273
2009,151,1,96.37,115.699292,35.840489,747.53,0.00499521
2009,151,2,192.75,115.698515,35.839993,433.57,0.00832592
2009,151,3,289.12,115.698203,35.839215,313.96,0.01016543
2009,151,4,385.50,115.699022,35.838872,792.38,0.00631659
2009,151,5,481.87,115.700089,35.838872,1510.00,0.00227647
2009,153,0,0.00,115.700089,35.838872,418.61,-0.00318424
2009,153,1,90.65,115.700359,35.838133,299.01,-0.00236488
2009,153,2,181.31,115.700089,35.837394,284.06,-0.00032062
2009,153,3,271.96,115.700089,35.836577,239.21,-0.00081936
2009,153,4,362.61,115.699975,35.835793,328.91,-0.00222828
2009,153,5,453.27,115.699550,35.835099,313.96,-0.00191356
2009,154,0,0.00,115.699550,35.835099,448.52,-0.00000000
2009,154,1,85.92,115.698850,35.834669,418.61,0.00108541
2009,154,2,171.83,115.698151,35.834239,418.61,0.00285278
2009,154,3,257.75,115.697664,35.833605,224.26,0.00343012
2009,154,4,343.66,115.697394,35.832909,209.31,0.00252482
2009,154,5,429.58,115.697394,35.832135,373.76,0.00172415
2009,155,0,0.00,115.699550,35.835099,358.81,-0.00171272
2009,155,1,88.73,115.699820,35.834378,328.91,-0.00247112
2009,155,2,177.45,115.699820,35.833578,328.91,-0.00247112
2009,155,3,266.18,115.699550,35.832856,209.31,-0.00085636
2009,155,4,354.90,115.699281,35.832135,313.96,0.00000000
2009,156,0,0.00,115.697394,35.832135,687.72,0.00000000
2009,156,1,85.23,115.698337,35.832135,941.88,0.00000000
2009,156,2,170.45,115.699281,35.832135,1794.06,0.00000000
2009,157,0,0.00,115.697394,35.832135,209.31,0.00561215
2009,157,1,49.18,115.697125,35.831770,239.21,0.00550066
2009,157,2,98.37,115.697125,35.831326,269.11,0.00538918
2009,159,0,0.00,115.699281,35.832135,373.76,0.00538918
2009,159,1,49.18,115.699281,35.831692,179.41,0.00550066
2009,159,2,98.37,115.699550,35.831326,328.91,0.00561215
2009,16,0,0.00,115.904635,35.936699,583.07,-0.00204463
2009,16,1,69.97,115.905125,35.937188,986.73,-0.00214346
2009,16,2,139.95,115.905713,35.937507,822.28,-0.00224229
2009,160,0,0.00,115.697125,35.831326,433.57,-0.00396859
2009,160,1,50.74,115.696770,35.830972,448.52,-0.00418433
2009,160,2,101.48,115.696316,35.830787,598.02,-0.00440008
2009,161,0,0.00,115.697125,35.831326,254.16,0.00264426
2009,161,1,82.36,115.697491,35.830690,373.76,0.00221771
2009,161,2,164.71,115.698145,35.830248,523.27,0.00046894
2009,161,3,247.07,115.698742,35.829709,508.32,-0.00085329
2009,162,0,0.00,115.699550,35.831326,1794.06,0.00000000
2009,162,1,60.88,115.700224,35.831326,1360.50,0.00000000
2009,162,2,121.75,115.700898,35.831326,687.72,0.00000000
2009,163,0,0.00,115.699550,35.831326,239.21,0.00216787
2009,163,1,79.09,115.699281,35.830692,284.06,0.00210468
2009,163,2,158.17,115.699281,35.829979,343.86,0.00204148
2009,164,0,0.00,115.698742,35.829709,343.86,0.00000000
2009,164,1,82.23,115.698742,35.828968,299.01,0.00000000
2009,164,2,164.46,115.698742,35.828227,358.81,0.00000000
2009,164,3,246.69,115.698742,35.827486,358.81,0.00000000
2009,164,4,328.92,115.698742,35.826745,448.52,0.00000000
2009,165,0,0.00,115.698742,35.829709,777.43,0.01150291
2009,165,1,31.46,115.699061,35.829759,493.37,0.01110366
2009,165,2,62.91,115.699281,35.829979,418.61,0.01070441
2009,166,0,0.00,115.699281,35.829979,1794.06,0.00354250
2009,166,1,67.98,115.700033,35.829979,1001.69,0.00373269
2009,166,2,135.97,115.700628,35.830248,448.52,0.00392289
2009,168,0,0.00,115.698742,35.826745,1794.06,0.00000000
2009,168,1,85.23,115.699685,35.826745,1300.70,0.00000000
2009,168,2,170.46,115.700628,35.826745,299.01,0.00000000
2009,169,0,0.00,115.698742,35.826745,388.71,0.00000000
2009,169,1,38.56,115.698472,35.826475,388.71,0.00000000
2009,169,2,77.13,115.698203,35.826206,448.52,0.00000000
2009,17,0,0.00,115.870949,35.897891,448.52,0.00547279
2009,17,1,79.93,115.870949,35.897171,269.11,0.00657587
2009,17,2,159.87,115.871568,35.896814,269.11,0.00441810
2009,17,3,239.80,115.872296,35.896544,299.01,0.00115725
2009,170,0,0.00,115.698203,35.826206,403.66,0.00000000
2009,170,1,74.75,115.698203,35.825532,328.91,0.00000000
2009,170,2,149.51,115.698203,35.824858,343.86,0.00000000
2009,171,0,0.00,115.698203,35.826206,1016.64,0.00325784
2009,171,1,74.41,115.697536,35.826475,1569.81,0.00456638
2009,171,2,148.82,115.696713,35.826475,1001.69,0.00456638
2009,171,3,223.24,115.696047,35.826206,583.07,0.00325784
2009,172,0,0.00,115.698203,35.824858,1524.95,0.00000000
2009,172,1,97.41,115.699281,35.824858,1420.30,0.00000000
2009,172,2,194.82,115.700359,35.824858,627.92,0.00000000
2009,173,0,0.00,115.698203,35.824858,328.91,-0.00000000
2009,173,1,68.47,115.697933,35.824319,328.91,-0.00000000
2009,173,2,136.93,115.697664,35.823780,299.01,-0.00000000
2009,174,0,0.00,115.697664,35.823780,1704.36,0.00000000
2009,174,1,85.23,115.696720,35.823780,1300.70,0.00000000
2009,174,2,170.47,115.695777,35.823780,418.61,0.00000000
2009,175,0,0.00,115.697664,35.823780,373.76,-0.00061285
2009,175,1,99.00,115.697720,35.823028,343.86,-0.00109247
2009,175,2,198.01,115.697664,35.822152,358.81,-0.00064609
2009,175,3,297.01,115.697394,35.821338,328.91,0.00013995
2009,175,4,396.01,115.697394,35.820446,313.96,-0.00037138
2009,175,5,495.02,115.697125,35.819631,269.11,-0.00068387
2009,175,6,594.02,115.696977,35.818782,299.01,-0.00033536
2009,175,7,693.03,115.696586,35.818003,269.11,0.00068387
2009,175,8,792.03,115.696429,35.817156,254.16,0.00042349
2009,175,9,891.03,115.696316,35.816297,269.11,-0.00068387
2009,175,10,990.04,115.696047,35.815482,269.11,-0.00085228
2009,175,11,1089.04,115.695777,35.814668,239.21,0.00000000
2009,175,12,1188.04,115.695333,35.813904,239.21,0.00096222
2009,175,13,1287.05,115.695238,35.813040,209.31,0.00058643
2009,175,14,1386.05,115.694995,35.812218,224.26,-0.00053342
2009,175,15,1485.06,115.694930,35.811345,239.21,-0.00118371
2009,175,16,1584.06,115.694447,35.810592,254.16,0.00053342
2009,175,17,1683.06,115.694160,35.809783,209.31,0.00060681
2009,175,18,1782.07,115.694108,35.808906,209.31,-0.00107336
2009,175,19,1881.07,115.693625,35.808153,224.26,0.00066519
2009,175,20,1980.07,115.693352,35.807340,179.41,0.00189277
2009,175,21,2079.08,115.693352,35.806448,149.51,0.00000915
2009,175,22,2178.08,115.693352,35.805556,179.41,-0.00064609
2009,175,23,2277.09,115.693082,35.804742,284.06,0.00129218
2009,175,24,2376.09,115.693082,35.803849,254.16,0.00197605
2009,175,25,2475.09,115.693352,35.803035,388.71,0.00068387
2009,175,26,2574.10,115.693621,35.802221,418.61,-0.00000000
2009,176,0,0.00,115.693621,35.802221,1794.06,0.00000000
2009,176,1,12.18,115.693756,35.802221,1794.06,0.00000000
2009,176,2,24.36,115.693891,35.802221,1360.50,0.00000000
2009,177,0,0.00,115.693621,35.802221,493.37,0.00152061
2009,177,1,94.04,115.693352,35.801451,493.37,0.00147782
2009,177,2,188.08,115.693352,35.800604,538.22,0.00143504
2009,178,0,0.00,115.693352,35.800604,852.18,0.00104949
2009,178,1,90.28,115.692721,35.799973,837.23,0.00246468
2009,178,2,180.55,115.692274,35.799289,657.82,0.00380976
2009,178,3,270.83,115.692274,35.798476,627.92,0.00210143
2009,178,4,361.10,115.692465,35.797717,328.91,0.00090998
2009,178,5,451.38,115.692543,35.796926,627.92,0.00277885
2009,178,6,541.65,115.692937,35.796292,717.63,0.00298542
2009,178,7,631.93,115.693621,35.795753,792.38,0.00176987
2009,179,0,0.00,115.693352,35.800604,717.63,0.00033263
2009,179,1,84.82,115.694044,35.800181,837.23,0.00000000
2009,179,2,169.64,115.694757,35.799795,762.48,-0.00250410
2009,179,3,254.46,115.695428,35.799337,657.82,-0.00430765
2009,179,4,339.28,115.695602,35.798623,627.92,-0.00196987
2009,179,5,424.10,115.695777,35.797909,657.82,-0.00000000
2009,18,0,0.00,115.870949,35.897891,1225.94,-0.00567283
2009,18,1,94.32,115.871678,35.898430,627.92,-0.00580154
2009,18,2,188.64,115.872566,35.898161,299.01,-0.00593026
2009,180,0,0.00,115.693621,35.795753,388.71,0.00000000
2009,180,1,95.61,115.693621,35.794891,388.71,0.00000000
2009,180,2,191.22,115.693621,35.794030,358.81,0.00000000
2009,180,3,286.82,115.693621,35.793168,358.81,0.00000000
2009,180,4,382.43,115.693621,35.792306,358.81,0.00063526
2009,180,5,478.04,115.693621,35.791445,328.91,0.00069385
2009,180,6,573.65,115.693869,35.790655,328.91,-0.00058059
2009,180,7,669.26,115.693891,35.789799,358.81,0.00000000
2009,180,8,764.87,115.693891,35.788938,313.96,0.00137416
2009,180,9,860.47,115.694160,35.788154,343.86,0.00132315
2009,180,10,956.08,115.694430,35.787371,523.27,0.00279543
2009,180,11,1051.69,115.694911,35.786648,657.82,0.00392596
2009,180,12,1147.30,115.695777,35.786321,702.67,0.00343738
2009,181,0,0.00,115.693621,35.795753,568.12,-0.00151369
2009,181,1,81.06,115.694188,35.796319,702.67,-0.00075684
2009,181,2,162.12,115.694853,35.796716,687.72,0.00150281
2009,181,3,243.18,115.695420,35.797282,478.42,0.00229139
2009,181,4,324.25,115.695777,35.797909,792.38,0.00157716
2009,182,0,0.00,115.695777,35.797909,867.13,0.00318583
2009,182,1,91.10,115.696513,35.797443,1151.19,0.00076657
2009,182,2,182.20,115.697478,35.797370,553.17,-0.00517842
2009,182,3,273.29,115.697933,35.796778,672.77,-0.00652494
2009,182,4,364.39,115.697933,35.795957,523.27,-0.00298449
2009,182,5,455.49,115.697664,35.795214,463.47,-0.00162327
2009,184,0,0.00,115.695777,35.786321,463.47,0.00890102
2009,184,1,34.24,115.695807,35.786021,747.53,0.00878554
2009,184,2,68.47,115.696047,35.785782,762.48,0.00867006
2009,185,0,0.00,115.695777,35.786321,612.97,0.00000000
2009,185,1,85.26,115.696373,35.786916,1091.39,-0.00068252
2009,185,2,170.53,115.696969,35.787512,822.28,-0.00142326
2009,185,3,255.79,115.697664,35.787938,627.92,-0.00148149
2009,186,0,0.00,115.697664,35.795214,986.73,-0.00353972
2009,186,1,68.01,115.696911,35.795214,403.66,-0.00372967
2009,186,2,136.01,115.696316,35.795484,657.82,-0.00391963
2009,187,0,0.00,115.697664,35.795214,373.76,-0.00022409
2009,187,1,95.48,115.697933,35.794432,358.81,-0.00073692
2009,187,2,190.97,115.698162,35.793637,358.81,-0.00111771
2009,187,3,286.45,115.698203,35.792789,343.86,-0.00098567
2009,188,0,0.00,115.696047,35.785782,1240.89,0.00000000
2009,188,1,97.46,115.697125,35.785782,1091.39,0.00000000
2009,188,2,194.91,115.698203,35.785782,777.43,0.00000000
2009,188,3,292.37,115.699281,35.785782,1166.14,0.00000000
2009,189,0,0.00,115.696047,35.785782,807.33,0.00149524
2009,189,1,94.82,115.695777,35.785005,747.53,0.00215892
2009,189,2,189.65,115.695777,35.784151,418.61,0.00312537
2009,189,3,284.47,115.696047,35.783374,448.52,0.00281551
2009,189,4,379.29,115.696586,35.782817,792.38,0.00220288
2009,19,0,0.00,115.872296,35.896544,792.38,-0.00143343
2009,19,1,94.03,115.872296,35.897391,792.38,-0.00147608
2009,19,2,188.06,115.872566,35.898161,1136.24,-0.00151874
2009,190,0,0.00,115.697664,35.787938,732.58,0.00000000
2009,190,1,74.75,115.697664,35.788611,523.27,0.00000000
2009,190,2,149.51,115.697664,35.789285,358.81,0.00000000
2009,191,0,0.00,115.697664,35.787938,867.13,0.00278944
2009,191,1,80.19,115.698394,35.787668,747.53,0.00265272
2009,191,2,160.39,115.699281,35.787668,1166.14,0.00251600
2009,192,0,0.00,115.698203,35.792789,568.12,0.00442549
2009,192,1,75.55,115.697675,35.792261,373.76,0.00448052
2009,192,2,151.10,115.697664,35.791583,328.91,0.00231187
2009,192,3,226.65,115.697664,35.790902,328.91,0.00008820
2009,193,0,0.00,115.698203,35.792789,373.76,-0.00263400
2009,193,1,88.59,115.698822,35.792170,358.81,-0.00244697
2009,193,2,177.18,115.699011,35.791426,328.91,-0.00173123
2009,193,3,265.78,115.699281,35.790706,328.91,-0.00060126
2009,193,4,354.37,115.699281,35.789907,299.01,0.00000000
2009,193,5,442.96,115.699550,35.789187,328.91,-0.00162066
2009,193,6,531.55,115.699550,35.788389,373.76,-0.00248022
2009,193,7,620.14,115.699281,35.787668,822.28,-0.00171912
2009,194,0,0.00,115.699281,35.785782,822.28,0.00238156
2009,194,1,75.55,115.699550,35.786385,493.37,0.00343323
2009,194,2,151.10,115.699550,35.787065,732.58,0.00343323
2009,194,3,226.65,115.699281,35.787668,747.53,0.00238156
2009,195,0,0.00,115.699281,35.785782,702.67,-0.00115027
2009,195,1,78.44,115.699620,35.785173,463.47,-0.00299956
2009,195,2,156.88,115.699820,35.784524,732.58,-0.00428311
2009,195,3,235.32,115.699550,35.783895,822.28,-0.00371736
2009,196,0,0.00,115.696586,35.782817,687.72,0.00044307
2009,196,1,79.09,115.696586,35.782104,433.57,0.00102131
2009,196,2,158.18,115.696646,35.781409,702.67,0.00163800
2009,196,3,237.27,115.696855,35.780757,433.57,0.00108461
2009,196,4,316.36,115.697125,35.780122,373.76,0.00049276
2009,197,0,0.00,115.696586,35.782817,1794.06,-0.00403072
2009,197,1,71.06,115.697214,35.783087,1794.06,-0.00340706
2009,197,2,142.12,115.697976,35.783044,1091.39,-0.00065493
2009,197,3,213.17,115.698472,35.783087,747.53,0.00147355
2009,198,0,0.00,115.699550,35.783895,1061.49,0.00000000
2009,198,1,36.55,115.699146,35.783895,1091.39,0.00000000
2009,198,2,73.09,115.698742,35.783895,657.82,0.00000000
2009,199,0,0.00,115.699550,35.783895,493.37,-0.00208880
2009,199,1,72.41,115.700155,35.783560,448.52,-0.00199846
2009,199,2,144.82,115.700661,35.783054,433.57,-0.00095406
2009,199,3,217.22,115.701167,35.782548,433.57,0.00000000
2009,2,0,0.00,115.860977,35.907863,299.01,0.00456661
2009,2,1,99.44,115.860183,35.907338,164.46,0.00443637
2009,2,2,198.88,115.860169,35.906445,179.41,0.00218481
2009,2,3,298.32,115.860169,35.905549,179.41,0.00212598
2009,2,4,397.76,115.860169,35.904653,284.06,0.00392979
2009,2,5,497.20,115.860945,35.904123,299.01,0.00188234
2009,2,6,596.64,115.861530,35.903537,358.81,0.00053832
2009,2,7,696.08,115.862325,35.903012,328.91,0.00098308
2009,20,0,0.00,115.872296,35.896544,299.01,0.00203399
2009,20,1,75.05,115.872920,35.896189,343.86,0.00203802
2009,20,2,150.09,115.873644,35.896005,418.61,0.00204204
2009,200,0,0.00,115.697125,35.780122,1181.09,0.00113586
2009,200,1,96.77,115.697900,35.780628,1061.49,-0.00059885
2009,200,2,193.55,115.698576,35.781304,956.83,-0.00299445
2009,200,3,290.32,115.699550,35.781470,732.58,-0.00365533
2009,201,0,0.00,115.697125,35.780122,388.71,0.00000000
2009,201,1,80.66,115.697270,35.779438,612.97,0.00233635
2009,201,2,161.31,115.697416,35.778753,478.42,0.00477143
2009,201,3,241.97,115.698079,35.778360,538.22,0.00243508
2009,201,4,322.63,115.698742,35.777966,642.87,-0.00000000
2009,202,0,0.00,115.698472,35.783087,702.67,-0.00539185
2009,202,1,49.19,115.698472,35.783530,762.48,-0.00550345
2009,202,2,98.38,115.698742,35.783895,941.88,-0.00561505
2009,203,0,0.00,115.698472,35.783087,941.88,-0.00435012
2009,203,1,69.52,115.699057,35.782771,403.66,-0.00319491
2009,203,2,139.04,115.699334,35.782225,373.76,-0.00000000
2009,203,3,208.55,115.699820,35.781739,448.52,0.00203971
2009,204,0,0.00,115.698742,35.783895,792.38,-0.00867011
2009,204,1,34.24,115.698502,35.784134,687.72,-0.00878560
2009,204,2,68.47,115.698472,35.784434,433.57,-0.00890109
2009,206,0,0.00,115.701167,35.782548,538.22,0.00000000
2009,206,1,24.37,115.701437,35.782548,403.66,0.00000000
2009,206,2,48.73,115.701706,35.782548,284.06,0.00000000
2009,207,0,0.00,115.701167,35.782548,747.53,-0.00890117
2009,207,1,34.24,115.701137,35.782248,807.33,-0.00878567
2009,207,2,68.47,115.700898,35.782009,822.28,-0.00867017
2009,208,0,0.00,115.699820,35.781739,642.87,0.00000000
2009,208,1,19.29,115.699685,35.781605,642.87,0.00000000
2009,208,2,38.57,115.699550,35.781470,672.77,0.00000000
2009,209,0,0.00,115.699550,35.781470,448.52,0.00471670
2009,209,1,65.71,115.699800,35.780950,418.61,0.00480413
2009,209,2,131.41,115.700359,35.780661,598.02,0.00489157
2009,210,0,0.00,115.699820,35.781739,807.33,-0.00369335
2009,210,1,55.83,115.700309,35.781959,463.47,-0.00358920
2009,210,2,111.67,115.700898,35.782009,1121.29,-0.00348504
2009,212,0,0.00,115.698742,35.777966,598.02,0.00784444
2009,212,1,61.37,115.698753,35.777416,598.02,0.00825728
2009,212,2,122.74,115.699281,35.777158,687.72,0.00867013
2009,213,0,0.00,115.698742,35.777966,837.23,0.00000000
2009,213,1,83.24,115.699323,35.778548,897.03,0.00000000
2009,213,2,166.47,115.699905,35.779129,1001.69,-0.00071700
2009,213,3,249.71,115.700486,35.779711,717.63,-0.00149618
2009,213,4,332.94,115.701167,35.780122,568.12,-0.00155836
2009,215,0,0.00,115.700898,35.782009,463.47,-0.00115029
2009,215,1,78.44,115.701237,35.781400,373.76,-0.00299965
2009,215,2,156.88,115.701437,35.780751,448.52,-0.00428326
2009,215,3,235.32,115.701167,35.780122,478.42,-0.00371750
2009,216,0,0.00,115.699281,35.777158,493.37,0.00313343
2009,216,1,64.14,115.699281,35.776580,493.37,0.00322673
2009,216,2,128.28,115.699550,35.776080,493.37,0.00332004
2009,217,0,0.00,115.699281,35.777158,792.38,-0.00000000
2009,217,1,84.53,115.699871,35.777748,897.03,-0.00069472
2009,217,2,169.06,115.700462,35.778339,1046.54,0.00034393
2009,217,3,253.59,115.701152,35.778759,956.83,0.00468451
2009,217,4,338.12,115.701437,35.779439,568.12,0.00553883
2009,217,5,422.65,115.701167,35.780122,493.37,0.00378595
2009,22,0,0.00,115.872566,35.898161,403.66,-0.00580271
2009,22,1,75.04,115.873388,35.898147,313.96,-0.00577214
2009,22,2,150.09,115.873913,35.897622,403.66,-0.00574156
2009,220,0,0.00,115.699550,35.776080,1360.50,0.00000000
2009,220,1,73.10,115.700359,35.776080,1330.60,0.00000000
2009,220,2,146.20,115.701167,35.776080,1270.79,0.00000000
2009,220,3,219.30,115.701976,35.776080,254.16,0.00000000
2009,221,0,0.00,115.699550,35.776080,538.22,0.00269615
2009,221,1,98.38,115.699281,35.775271,433.57,0.00269615
2009,221,2,196.75,115.699550,35.774463,403.66,0.00269615
2009,222,0,0.00,115.699550,35.774463,1539.90,0.00000000
2009,222,1,89.25,115.700537,35.774463,1539.90,-0.00141211
2009,222,2,178.50,115.701524,35.774463,911.98,-0.00775322
2009,222,3,267.75,115.702245,35.774105,373.76,-0.01310346
2009,222,4,357.00,115.701761,35.773440,852.18,-0.00965054
2009,222,5,446.25,115.700807,35.773385,1659.51,-0.00308419
2009,222,6,535.51,115.699820,35.773385,1659.51,-0.00039199
2009,223,0,0.00,115.699550,35.774463,478.42,0.00313352
2009,223,1,64.14,115.699550,35.773885,388.71,0.00322683
2009,223,2,128.28,115.699820,35.773385,388.71,0.00332014
2009,225,0,0.00,115.699820,35.773385,448.52,0.00231821
2009,225,1,82.95,115.699550,35.772716,388.71,0.00283785
2009,225,2,165.90,115.699604,35.771984,358.81,0.00148743
2009,225,3,248.84,115.699820,35.771299,358.81,-0.00000000
2009,225,4,331.79,115.699820,35.770551,388.71,0.00117535
2009,225,5,414.74,115.700089,35.769882,343.86,0.00196808
2009,226,0,0.00,115.700089,35.769882,1794.06,0.00353770
2009,226,1,68.03,115.700841,35.769882,1210.99,0.00372748
2009,226,2,136.05,115.701437,35.770151,1016.64,0.00391725
2009,227,0,0.00,115.700089,35.769882,299.01,-0.00125003
2009,227,1,95.49,115.700338,35.769093,358.81,-0.00196739
2009,227,2,190.97,115.700359,35.768239,284.06,-0.00212885
2009,227,3,286.46,115.700089,35.767456,299.01,-0.00157294
2009,228,0,0.00,115.700089,35.767456,1749.21,0.00000000
2009,228,1,12.18,115.699954,35.767456,1749.21,0.00000000
2009,228,2,24.37,115.699820,35.767456,1300.70,0.00000000
2009,229,0,0.00,115.700089,35.767456,239.21,-0.00238212
2009,229,1,75.55,115.700359,35.766853,239.21,-0.00119106
2009,229,2,151.11,115.700359,35.766172,179.41,0.00119106
2009,229,3,226.66,115.700628,35.765570,224.26,0.00238212
2009,23,0,0.00,115.873644,35.896005,852.18,-0.00143344
2009,23,1,94.03,115.873644,35.896852,986.73,-0.00147609
2009,23,2,188.06,115.873913,35.897622,732.58,-0.00151875
2009,230,0,0.00,115.700628,35.765570,1539.90,0.00532980
2009,230,1,55.84,115.701246,35.765570,986.73,0.00557626
2009,230,2,111.69,115.701706,35.765839,568.12,0.00582273
2009,231,0,0.00,115.700628,35.765570,209.31,0.00561616
2009,231,1,49.19,115.700359,35.765204,179.41,0.00550451
2009,231,2,98.38,115.700359,35.764761,209.31,0.00539287
2009,232,0,0.00,115.700359,35.764761,269.11,0.00000000
2009,232,1,89.34,115.699685,35.764222,328.91,0.00000000
2009,232,2,178.67,115.699011,35.763683,299.01,0.00000000
2009,233,0,0.00,115.700359,35.764761,433.57,0.00000000
2009,233,1,38.58,115.700628,35.764492,523.27,0.00000000
2009,233,2,77.15,115.700898,35.764222,523.27,0.00000000
2009,234,0,0.00,115.699011,35.763683,598.02,0.00000000
2009,234,1,12.19,115.698876,35.763683,448.52,0.00000000
2009,234,2,24.37,115.698742,35.763683,448.52,0.00000000
2009,235,0,0.00,115.699011,35.763683,687.72,0.00247311
2009,235,1,82.23,115.699606,35.763144,433.57,0.00257703
2009,235,2,164.47,115.700359,35.762875,777.43,0.00268094
2009,236,0,0.00,115.700898,35.764222,1360.50,0.00000000
2009,236,1,48.74,115.701437,35.764222,1270.79,0.00000000
2009,236,2,97.48,115.701976,35.764222,74.75,0.00000000
2009,237,0,0.00,115.700898,35.764222,254.16,0.00000000
2009,237,1,83.43,115.700628,35.763548,149.51,0.00000000
2009,237,2,166.86,115.700359,35.762875,194.36,0.00000000
2009,238,0,0.00,115.700628,35.762605,732.58,0.00000000
2009,238,1,19.29,115.700493,35.762740,822.28,0.00000000
2009,238,2,38.58,115.700359,35.762875,867.13,0.00000000
2009,239,0,0.00,115.700628,35.762605,1210.99,0.00532945
2009,239,1,55.84,115.701246,35.762605,1076.44,0.00557589
2009,239,2,111.69,115.701706,35.762875,388.71,0.00582234
2009,24,0,0.00,115.873644,35.896005,433.57,0.00397031
2009,24,1,50.72,115.873998,35.895650,433.57,0.00418635
2009,24,2,101.43,115.874452,35.895466,493.37,0.00440240
2009,240,0,0.00,115.700628,35.762605,194.36,0.00000000
2009,240,1,74.75,115.700628,35.761931,837.23,0.00000000
2009,240,2,149.51,115.700628,35.761258,1016.64,0.00000000
2009,241,0,0.00,115.700628,35.761258,403.66,-0.00055143
2009,241,1,98.41,115.699643,35.761081,254.16,-0.00000000
2009,241,2,196.81,115.698609,35.760988,269.11,-0.00000000
2009,241,3,295.22,115.697673,35.760728,328.91,-0.00107465
2009,241,4,393.62,115.696590,35.760719,328.91,0.00000000
2009,241,5,492.03,115.695502,35.760719,328.91,0.00108747
2009,241,6,590.43,115.694571,35.760449,328.91,0.00000000
2009,241,7,688.84,115.693534,35.760362,343.86,0.00031810
2009,241,8,787.24,115.692551,35.760180,358.81,-0.00000000
2009,241,9,885.65,115.691620,35.759910,388.71,-0.00060664
2009,241,10,984.06,115.690532,35.759910,388.71,0.00000000
2009,241,11,1082.46,115.689601,35.759641,388.71,-0.00082469
2009,241,12,1180.87,115.688513,35.759641,388.71,-0.00029940
2009,241,13,1279.27,115.687425,35.759641,418.61,0.00082469
2009,241,14,1377.68,115.686439,35.759465,373.76,0.00057512
2009,241,15,1476.08,115.685406,35.759371,418.61,0.00000000
2009,241,16,1574.49,115.684469,35.759112,418.61,-0.00106357
2009,241,17,1672.89,115.683386,35.759102,418.61,-0.00000000
2009,241,18,1771.30,115.682300,35.759099,448.52,0.00168805
2009,241,19,1869.71,115.681367,35.758832,448.52,0.00000000
2009,241,20,1968.11,115.680436,35.758563,433.57,-0.00172488
2009,241,21,2066.52,115.679348,35.758563,478.42,-0.00082469
2009,241,22,2164.92,115.678260,35.758563,478.42,0.00000000
2009,242,0,0.00,115.700628,35.761258,1061.49,0.00000000
2009,242,1,48.74,115.701167,35.761258,1001.69,0.00000000
2009,242,2,97.49,115.701706,35.761258,239.21,0.00000000
2009,243,0,0.00,115.700628,35.761258,687.72,0.00527535
2009,243,1,90.08,115.701049,35.760568,254.16,0.00529599
2009,243,2,180.17,115.701976,35.760449,,0.00531663
2009,244,0,0.00,115.678260,35.758563,1794.06,0.00000000
2009,244,1,69.77,115.678260,35.759192,1674.46,0.00000000
2009,244,2,139.54,115.678260,35.759820,1151.19,-0.00000000
2009,244,3,209.31,115.678260,35.760449,822.28,0.00000000
2009,245,0,0.00,115.678260,35.758563,433.57,-0.00090039
2009,245,1,96.10,115.677390,35.758232,433.57,-0.00161204
2009,245,2,192.21,115.676449,35.758024,418.61,-0.00182129
2009,245,3,288.31,115.675386,35.758024,358.81,-0.00037125
2009,245,4,384.41,115.674324,35.758024,388.71,0.00086589
2009,245,5,480.52,115.673316,35.757930,373.76,0.00026480
2009,245,6,576.62,115.672355,35.757754,388.71,0.00000000
2009,245,7,672.72,115.671293,35.757754,358.81,0.00031290
2009,245,8,768.83,115.670387,35.757485,358.81,-0.00086589
2009,245,9,864.93,115.669325,35.757485,328.91,0.00000000
2009,245,10,961.03,115.668262,35.757485,328.91,0.00086589
2009,245,11,1057.14,115.667356,35.757215,299.01,-0.00068630
2009,245,12,1153.24,115.666294,35.757215,269.11,-0.00000000
2009,245,13,1249.34,115.665265,35.757156,284.06,0.00048813
2009,245,14,1345.45,115.664326,35.756946,269.11,0.00000000
2009,245,15,1441.55,115.663263,35.756946,239.21,0.00019817
2009,245,16,1537.65,115.662357,35.756676,269.11,-0.00000000
2009,245,17,1633.76,115.661295,35.756676,239.21,-0.00000000
2009,245,18,1729.86,115.660389,35.756407,239.21,-0.00086589
2009,245,19,1825.96,115.659327,35.756407,209.31,0.00000000
2009,245,20,1922.07,115.658264,35.756407,179.41,0.00086589
2009,245,21,2018.17,115.657358,35.756137,179.41,-0.00000000
2009,245,22,2114.27,115.656296,35.756137,179.41,0.00095540
2009,245,23,2210.38,115.655390,35.755868,149.51,0.00194442
2009,245,24,2306.48,115.654485,35.755598,134.55,0.00194327
2009,245,25,2402.58,115.653736,35.755059,149.51,0.00190848
2009,246,0,0.00,115.653736,35.755059,493.37,-0.00591691
2009,246,1,84.73,115.653736,35.754296,239.21,-0.01046017
2009,246,2,169.46,115.653011,35.753981,164.46,-0.01112294
2009,246,3,254.18,115.652389,35.754520,762.48,-0.00724245
2009,247,0,0.00,115.653736,35.755059,209.31,0.00579194
2009,247,1,75.14,115.652913,35.755045,149.51,0.00576207
2009,247,2,150.27,115.652389,35.754520,224.26,0.00573221
2009,248,0,0.00,115.652389,35.754520,239.21,0.00347508
2009,248,1,97.88,115.651308,35.754518,269.11,0.00360606
2009,248,2,195.76,115.650538,35.753981,284.06,0.00095348
2009,248,3,293.64,115.649770,35.753442,299.01,-0.00091504
2009,248,4,391.52,115.648845,35.753173,299.01,0.00092393
2009,248,5,489.41,115.648077,35.752634,299.01,0.00184787
2009,249,0,0.00,115.648077,35.752634,717.63,-0.00159398
2009,249,1,97.79,115.648077,35.751753,538.22,-0.00429358
2009,249,2,195.57,115.647755,35.750965,284.06,-0.00945443
2009,249,3,293.36,115.646873,35.750873,642.87,-0.00827298
2009,249,4,391.15,115.646190,35.751556,1629.61,-0.00463029
2009,25,0,0.00,115.873913,35.897622,388.71,-0.00791046
2009,25,1,76.29,115.874645,35.897429,358.81,-0.00793885
2009,25,2,152.59,115.874722,35.896763,642.87,-0.00538156
2009,25,3,228.88,115.874722,35.896076,822.28,-0.00256327
2009,25,4,305.17,115.874452,35.895466,1450.20,-0.00233068
2009,250,0,0.00,115.648077,35.752634,358.81,0.00289681
2009,250,1,86.28,115.647123,35.752634,269.11,0.00554382
2009,250,2,172.55,115.646375,35.752280,388.71,0.00646503
2009,250,3,258.83,115.646190,35.751556,433.57,0.00473923
2009,251,0,0.00,115.646190,35.751556,403.66,0.00119575
2009,251,1,99.96,115.645242,35.751286,418.61,0.00180385
2009,251,2,199.93,115.644397,35.750841,433.57,0.00113549
2009,251,3,299.89,115.643660,35.750208,418.61,-0.00040997
2009,251,4,399.86,115.642802,35.749785,418.61,-0.00000000
2009,251,5,499.82,115.642004,35.749257,448.52,0.00033948
2009,251,6,599.79,115.641207,35.748729,448.52,0.00000000
2009,251,7,699.75,115.640409,35.748201,448.52,-0.00032345
2009,251,8,799.72,115.639612,35.747673,418.61,-0.00028715
2009,251,9,899.68,115.638757,35.747244,478.42,0.00009296
2009,251,10,999.65,115.637966,35.746705,433.57,0.00002053
2009,251,11,1099.61,115.637120,35.746259,433.57,0.00023048
2009,251,12,1199.58,115.636323,35.745731,448.52,0.00026662
2009,251,13,1299.54,115.635525,35.745203,418.61,0.00053079
2009,251,14,1399.51,115.634728,35.744675,418.61,0.00053079
2009,251,15,1499.47,115.634030,35.743977,388.71,-0.00053079
2009,251,16,1599.44,115.633232,35.743449,448.52,-0.00053134
2009,251,17,1699.40,115.632435,35.742921,418.61,0.00000000
2009,251,18,1799.37,115.631637,35.742393,478.42,0.00000111
2009,251,19,1899.33,115.630840,35.741865,448.52,-0.00000000
2009,251,20,1999.30,115.630042,35.741337,478.42,-0.00000055
2009,251,21,2099.26,115.629245,35.740809,418.61,-0.00000000
2009,251,22,2199.23,115.628447,35.740281,478.42,0.00000000
2009,251,23,2299.19,115.627650,35.739753,418.61,0.00000000
2009,251,24,2399.16,115.626852,35.739225,478.42,0.00027829
2009,251,25,2499.12,115.626055,35.738697,433.57,0.00031253
2009,251,26,2599.09,115.625309,35.738081,418.61,-0.00020780
2009,251,27,2699.05,115.624518,35.737542,448.52,-0.00008601
2009,251,28,2799.02,115.623727,35.737003,463.47,0.00012143
2009,251,29,2898.98,115.622964,35.736415,433.57,-0.00022651
2009,251,30,2998.95,115.622167,35.735887,448.52,-0.00019192
2009,251,31,3098.91,115.621369,35.735359,418.61,0.00000000
2009,251,32,3198.88,115.620572,35.734831,448.52,0.00000000
2009,251,33,3298.84,115.619774,35.734303,418.61,0.00000000
2009,251,34,3398.81,115.618977,35.733775,418.61,-0.00000000
2009,251,35,3498.77,115.618179,35.733247,418.61,-0.00000000
2009,251,36,3598.74,115.617382,35.732719,388.71,-0.00000000
2009,251,37,3698.70,115.616585,35.732191,388.71,-0.00055957
2009,251,38,3798.67,115.615787,35.731663,373.76,-0.00055957
2009,251,39,3898.63,115.614890,35.731305,343.86,0.00109036
2009,251,40,3998.60,115.614093,35.730777,418.61,0.00055957
2009,251,41,4098.56,115.613395,35.730079,388.71,-0.00109036
2009,251,42,4198.53,115.612498,35.729721,388.71,0.00000000
2009,251,43,4298.49,115.611700,35.729194,418.61,0.00000000
2009,251,44,4398.46,115.610903,35.728666,388.71,-0.00055957
2009,251,45,4498.42,115.610006,35.728308,403.66,0.00000000
2009,251,46,4598.39,115.609209,35.727780,388.71,0.00043520
2009,251,47,4698.35,115.608312,35.727422,358.81,0.00055957
2009,251,48,4798.32,115.607592,35.726762,328.91,-0.00069502
2009,251,49,4898.28,115.606717,35.726366,358.81,-0.00055957
2009,251,50,4998.25,115.605852,35.725954,299.01,0.00007616
2009,251,51,5098.21,115.605023,35.725481,343.86,-0.00003863
2009,251,52,5198.18,115.604126,35.725123,299.01,0.00018365
2009,251,53,5298.14,115.603322,35.724606,269.11,-0.00107592
2009,251,54,5398.11,115.602432,35.724237,239.21,-0.00059832
2009,251,55,5498.07,115.601436,35.724050,179.41,0.00111455
2009,251,56,5598.04,115.600635,35.723528,119.60,-0.00057547
2009,251,57,5698.00,115.599742,35.723164,164.46,-0.00234507
2009,251,58,5797.97,115.598739,35.722989,179.41,-0.00167794
2009,251,59,5897.93,115.597634,35.722989,179.41,-0.00119515
2009,251,60,5997.90,115.596529,35.722989,179.41,-0.00079841
2009,251,61,6097.86,115.595560,35.723224,194.36,-0.00022127
2009,251,62,6197.83,115.594476,35.723259,239.21,-0.00087953
2009,251,63,6297.79,115.593528,35.723528,239.21,-0.00076818
2009,251,64,6397.76,115.592580,35.723798,209.31,0.00058285
2009,251,65,6497.72,115.591632,35.724067,299.01,-0.00000000
2009,251,66,6597.69,115.590581,35.724161,328.91,-0.00118073
2009,251,67,6697.65,115.589736,35.724606,358.81,0.00000000
2009,251,68,6797.62,115.588788,35.724876,358.81,0.00119575
2009,252,0,0.00,115.588788,35.724876,313.96,0.00044224
2009,252,1,70.04,115.588518,35.725429,343.86,0.00467002
2009,252,2,140.08,115.588214,35.725954,269.11,0.00829239
2009,252,3,210.12,115.587440,35.725954,358.81,0.00768698
2009,253,0,0.00,115.588788,35.724876,867.13,-0.00243489
2009,253,1,79.22,115.588135,35.724493,687.72,-0.00452078
2009,253,2,158.44,115.587351,35.724337,313.96,-0.00544094
2009,253,3,237.66,115.586632,35.724606,388.71,-0.00427520
2009,254,0,0.00,115.587440,35.725954,313.96,0.00648116
2009,254,1,83.01,115.587010,35.726493,299.01,0.00598769
2009,254,2,166.01,115.586093,35.726493,358.81,0.00549421
2009,255,0,0.00,115.587440,35.725954,1599.71,0.00171684
2009,255,1,87.78,115.586901,35.725319,1225.94,0.00174699
2009,255,2,175.55,115.586632,35.724606,732.58,0.00177714
2009,256,0,0.00,115.586632,35.724606,388.71,-0.00439627
2009,256,1,50.77,115.586178,35.724791,269.11,-0.00418102
2009,256,2,101.55,115.585823,35.725145,403.66,-0.00396577
2009,258,0,0.00,115.586093,35.726493,313.96,0.00484596
2009,258,1,68.20,115.585825,35.727030,299.01,0.00691420
2009,258,2,136.40,115.585230,35.727301,299.01,0.00626469
2009,258,3,204.59,115.584476,35.727301,388.71,0.00354694
2009,259,0,0.00,115.586093,35.726493,657.82,-0.00204392
2009,259,1,79.09,115.586093,35.725780,732.58,-0.00210732
2009,259,2,158.19,115.585823,35.725145,717.63,-0.00217073
2009,260,0,0.00,115.586093,35.726493,583.07,0.00469237
2009,260,1,92.87,115.585284,35.726174,1136.24,0.00451146
2009,260,2,185.73,115.585015,35.725415,717.63,0.00433055
2009,261,0,0.00,115.585823,35.725145,343.86,-0.00888525
2009,261,1,43.67,115.585341,35.725145,269.11,-0.00907404
2009,261,2,87.35,115.585015,35.725415,373.76,-0.00926284
2009,263,0,0.00,115.584476,35.727301,568.12,-0.00106681
2009,263,1,86.58,115.584476,35.726521,747.53,0.00218414
2009,263,2,173.16,115.584311,35.725849,328.91,0.00586338
2009,263,3,259.74,115.585015,35.725415,358.81,0.00629167
2009,264,0,0.00,115.584476,35.727301,373.76,0.00100601
2009,264,1,99.02,115.583784,35.727993,328.91,0.00161538
2009,264,2,198.03,115.582993,35.728514,328.91,0.00111237
2009,264,3,297.05,115.582103,35.728865,373.76,-0.00000000
2009,264,4,396.07,115.581312,35.729387,328.91,-0.00002251
2009,264,5,495.08,115.580422,35.729738,299.01,-0.00057088
2009,264,6,594.10,115.579635,35.730266,328.91,-0.00052674
2009,264,7,693.12,115.578841,35.730781,328.91,-0.00000000
2009,264,8,792.13,115.578050,35.731302,343.86,0.00054925
2009,264,9,891.15,115.577259,35.731823,328.91,0.00057088
2009,264,10,990.17,115.576369,35.732174,299.01,0.00000000
2009,264,11,1089.19,115.575578,35.732696,299.01,0.00023466
2009,264,12,1188.20,115.574688,35.733047,328.91,0.00051672
2009,264,13,1287.22,115.573857,35.733500,358.81,0.00011582
2009,264,14,1386.24,115.572920,35.733769,358.81,-0.00044708
2009,264,15,1485.25,115.572117,35.734270,313.96,0.00023681
2009,264,16,1584.27,115.571227,35.734621,313.96,0.00030016
2009,264,17,1683.29,115.570337,35.734972,328.91,0.00006510
2009,264,18,1782.30,115.569484,35.735386,358.81,0.00078120
2009,264,19,1881.32,115.568546,35.735656,358.81,-0.00013019
2009,264,20,1980.34,115.567608,35.735925,358.81,-0.00032125
2009,264,21,2079.35,115.566777,35.736377,373.76,0.00032686
2009,264,22,2178.37,115.565788,35.736557,373.76,-0.00024245
2009,264,23,2277.39,115.564953,35.737003,373.76,0.00030193
2009,264,24,2376.40,115.564007,35.737260,358.81,0.00051842
2009,264,25,2475.42,115.563078,35.737542,328.91,-0.00000000
2009,264,26,2574.44,115.562140,35.737812,299.01,0.00094259
2009,264,27,2673.45,115.561202,35.738081,284.06,0.00089731
2009,264,28,2772.47,115.560108,35.738081,328.91,-0.00089731
2009,264,29,2871.49,115.559170,35.738351,328.91,-0.00000000
2009,264,30,2970.50,115.558233,35.738620,328.91,0.00171154
2009,264,31,3069.52,115.557138,35.738620,358.81,0.00000000
2009,264,32,3168.54,115.556044,35.738620,418.61,-0.00083718
2009,264,33,3267.56,115.555106,35.738890,418.61,-0.00000000
2009,264,34,3366.57,115.554016,35.738897,418.61,-0.00084979
2009,264,35,3465.59,115.553074,35.739159,448.52,-0.00089731
2009,264,36,3564.61,115.552137,35.739429,448.52,-0.00004914
2009,265,0,0.00,115.552137,35.739429,508.32,0.00201657
2009,265,1,93.09,115.551421,35.739968,358.81,0.00308295
2009,265,2,186.19,115.550549,35.740237,358.81,0.00210873
2009,265,3,279.28,115.549520,35.740237,358.81,-0.00000000
2009,265,4,372.38,115.548642,35.740497,358.81,0.00178596
2009,265,5,465.47,115.547619,35.740507,478.42,0.00287031
2009,265,6,558.57,115.546747,35.740237,508.32,0.00210056
2009,266,0,0.00,115.552137,35.739429,897.03,-0.00000000
2009,266,1,91.97,115.551494,35.738786,882.08,-0.00215918
2009,266,2,183.94,115.550852,35.738144,568.12,-0.00461223
2009,266,3,275.91,115.549871,35.738081,373.76,-0.00384643
2009,266,4,367.88,115.548855,35.738081,373.76,-0.00392832
2009,266,5,459.85,115.548032,35.738413,403.66,-0.00363669
2009,266,6,551.82,115.547389,35.739056,657.82,-0.00110175
2009,266,7,643.79,115.546747,35.739698,598.02,-0.00000000
2009,267,0,0.00,115.546747,35.740237,1794.06,0.00000000
2009,267,1,29.90,115.546747,35.739968,1794.06,0.00000000
2009,267,2,59.80,115.546747,35.739698,1794.06,0.00000000
2009,268,0,0.00,115.546747,35.740237,478.42,0.00000000
2009,268,1,94.80,115.545699,35.740237,448.52,-0.00089062
2009,268,2,189.60,115.544651,35.740237,418.61,-0.00089062
2009,268,3,284.39,115.543760,35.740507,418.61,0.00089062
2009,268,4,379.19,115.542712,35.740507,388.71,0.00089062
2009,268,5,473.99,115.541664,35.740507,388.71,0.00000000
2009,268,6,568.79,115.540616,35.740507,388.71,-0.00089062
2009,268,7,663.59,115.539568,35.740507,388.71,-0.00089062
2009,268,8,758.39,115.538677,35.740776,388.71,0.00089062
2009,268,9,853.18,115.537629,35.740776,388.71,0.00089062
2009,268,10,947.98,115.536581,35.740776,388.71,0.00000000
2009,268,11,1042.78,115.535533,35.740776,388.71,0.00000000
2009,268,12,1137.58,115.534485,35.740776,388.71,0.00089062
2009,268,13,1232.38,115.533437,35.740776,358.81,0.00187378
2009,268,14,1327.17,115.532546,35.740507,358.81,0.00098316
2009,268,15,1421.97,115.531655,35.740237,328.91,0.00000000
2009,27,0,0.00,115.874452,35.895466,478.42,0.00489713
2009,27,1,79.10,115.875013,35.894927,478.42,0.00419208
2009,27,2,158.20,115.875856,35.894870,538.22,0.00092171
2009,27,3,237.31,115.876608,35.894658,553.17,-0.00164360
2009,270,0,0.00,115.546747,35.739698,612.97,0.00171667
2009,270,1,87.77,115.546208,35.739064,1136.24,0.00174680
2009,270,2,175.54,115.545938,35.738351,882.08,0.00177694
2009,271,0,0.00,115.531655,35.740237,1091.39,-0.00369041
2009,271,1,53.53,115.531490,35.739803,568.12,-0.00358378
2009,271,2,107.06,115.531116,35.739429,463.47,-0.00347716
2009,272,0,0.00,115.531655,35.740237,388.71,0.00271799
2009,272,1,97.87,115.530773,35.740433,343.86,0.00195530
2009,272,2,195.74,115.529805,35.740237,358.81,-0.00000000
2009,272,3,293.60,115.528723,35.740237,358.81,-0.00059631
2009,272,4,391.47,115.527641,35.740237,388.71,0.00047338
2009,272,5,489.34,115.526560,35.740237,448.52,0.00083403
2009,272,6,587.21,115.525569,35.740080,418.61,0.00167780
2009,272,7,685.08,115.524553,35.739968,433.57,0.00165379
2009,272,8,782.94,115.523785,35.739429,388.71,0.00024574
2009,272,9,880.81,115.522824,35.739221,388.71,0.00038774
2009,272,10,978.68,115.522041,35.738708,343.86,-0.00072460
2009,272,11,1076.55,115.521159,35.738365,299.01,-0.00107205
2009,272,12,1174.42,115.520178,35.738192,284.06,0.00047327
2009,272,13,1272.28,115.519317,35.737812,239.21,0.00090379
2009,272,14,1370.15,115.518392,35.737542,239.21,0.00025692
2009,272,15,1468.02,115.517625,35.737003,179.41,-0.00039575
2009,272,16,1565.89,115.516649,35.736820,104.65,0.00105808
2009,272,17,1663.76,115.515867,35.736307,134.55,0.00239521
2009,272,18,1761.62,115.515084,35.735793,179.41,0.00283639
2009,272,19,1859.49,115.514677,35.735029,224.26,0.00123943
2009,272,20,1957.36,115.514407,35.734225,313.96,-0.00105383
2009,272,21,2055.23,115.513868,35.733500,448.52,-0.00140606
2009,273,0,0.00,115.513868,35.733500,313.96,0.00232028
2009,273,1,96.65,115.513917,35.732643,343.86,0.00109438
2009,273,2,193.30,115.514407,35.731914,358.81,-0.00071944
2009,273,3,289.95,115.514432,35.731050,328.91,0.00000000
2009,273,4,386.59,115.514677,35.730250,388.71,0.00071944
2009,273,5,483.24,115.514946,35.729457,403.66,0.00013152
2009,274,0,0.00,115.513868,35.733500,388.71,0.00000000
2009,274,1,77.16,115.513329,35.734039,1001.69,0.00000000
2009,274,2,154.32,115.512790,35.734578,971.78,0.00000000
2009,275,0,0.00,115.514946,35.729457,762.48,0.00433585
2009,275,1,68.48,115.514468,35.728979,568.12,0.00329939
2009,275,2,136.97,115.514407,35.728379,508.32,-0.00000000
2009,275,3,205.45,115.514138,35.727840,403.66,-0.00226293
2009,276,0,0.00,115.514946,35.729457,493.37,0.00106867
2009,276,1,92.09,115.515689,35.728984,493.37,-0.00018814
2009,276,2,184.18,115.516511,35.728649,328.91,-0.00291242
2009,276,3,276.27,115.517102,35.728018,269.11,-0.00319567
2009,276,4,368.35,115.517372,35.727266,239.21,-0.00180034
2009,276,5,460.44,115.517641,35.726514,269.11,-0.00154415
2009,276,6,552.53,115.517641,35.725684,523.27,-0.00149907
2009,277,0,0.00,115.514138,35.727840,612.97,0.00886612
2009,277,1,85.01,115.513599,35.727372,299.01,0.00810619
2009,277,2,170.03,115.514138,35.726762,299.01,0.00734626
2009,278,0,0.00,115.514138,35.727840,433.57,-0.00565290
2009,278,1,68.48,115.514407,35.727301,299.01,-0.00565290
2009,278,2,136.97,115.514138,35.726762,403.66,-0.00565290
2009,279,0,0.00,115.517641,35.725684,448.52,-0.00490550
2009,279,1,76.61,115.518276,35.725320,373.76,-0.00440693
2009,279,2,153.22,115.518450,35.724680,373.76,-0.00154078
2009,279,3,229.83,115.518719,35.724067,343.86,0.00082681
2009,28,0,0.00,115.876608,35.894658,538.22,0.00228236
2009,28,1,98.86,115.876878,35.893845,493.37,0.00390033
2009,28,2,197.72,115.877489,35.893310,403.66,0.00375332
2009,28,3,296.58,115.878452,35.893083,403.66,0.00084665
2009,28,4,395.44,115.879364,35.892771,433.57,-0.00176713
2009,28,5,494.30,115.880302,35.892502,448.52,-0.00199253
2009,28,6,593.16,115.880813,35.891800,418.61,0.00061383
2009,28,7,692.02,115.881688,35.891424,388.71,0.00049905
2009,28,8,790.87,115.882493,35.890928,418.61,-0.00057224
2009,28,9,889.73,115.883284,35.890407,388.71,-0.00008454
2009,28,10,988.59,115.884074,35.889886,358.81,-0.00037285
2009,28,11,1087.45,115.884865,35.889365,313.96,0.00000000
2009,28,12,1186.31,115.885588,35.888729,269.11,0.00019541
2009,28,13,1285.17,115.886446,35.888323,209.31,-0.00054142
2009,28,14,1384.03,115.887137,35.887632,194.36,0.00017745
2009,28,15,1482.89,115.887927,35.887112,179.41,-0.00104897
2009,28,16,1581.75,115.888718,35.886590,149.51,-0.00312346
2009,28,17,1680.61,115.888991,35.885778,209.31,-0.00209488
2009,28,18,1779.47,115.889274,35.884969,254.16,-0.00004551
2009,28,19,1878.33,115.889328,35.884094,328.91,-0.00024984
2009,28,20,1977.19,115.889813,35.883343,388.71,-0.00266501
2009,28,21,2076.05,115.889544,35.882530,463.47,-0.00379774
2009,280,0,0.00,115.517641,35.725684,583.07,-0.00534689
2009,280,1,62.97,115.517201,35.725245,1016.64,-0.00554575
2009,280,2,125.93,115.516563,35.725145,657.82,-0.00574461
2009,282,0,0.00,115.514138,35.726762,284.06,0.00196734
2009,282,1,72.82,115.514438,35.726193,239.21,0.00191188
2009,282,2,145.65,115.514946,35.725684,269.11,0.00185643
2009,283,0,0.00,115.518719,35.724067,672.77,-0.00000000
2009,283,1,57.87,115.518315,35.723663,897.03,-0.00000000
2009,283,2,115.75,115.517911,35.723259,612.97,-0.00000000
2009,284,0,0.00,115.518719,35.724067,373.76,-0.00283878
2009,284,1,98.39,115.519406,35.723380,388.71,-0.00318776
2009,284,2,196.77,115.519528,35.722529,403.66,-0.00205720
2009,284,3,295.16,115.519528,35.721642,313.96,-0.00057766
2009,285,0,0.00,115.516563,35.725145,523.27,0.00262611
2009,285,1,94.71,115.516563,35.724292,358.81,0.00430963
2009,285,2,189.41,115.517051,35.723580,418.61,0.00471401
2009,285,3,284.12,115.517911,35.723259,508.32,0.00343489
2009,286,0,0.00,115.516563,35.725145,418.61,0.00300033
2009,286,1,87.35,115.515854,35.725585,299.01,0.00295893
2009,286,2,174.70,115.514946,35.725684,612.97,0.00291754
2009,288,0,0.00,115.514946,35.725684,672.77,0.00367690
2009,288,1,75.96,115.514677,35.725078,553.17,0.00434678
2009,288,2,151.92,115.514842,35.724441,373.76,0.00319924
2009,288,3,227.88,115.515164,35.723850,358.81,0.00069091
2009,288,4,303.84,115.515485,35.723259,358.81,0.00000000
2009,289,0,0.00,115.517911,35.723259,612.97,0.00513234
2009,289,1,84.24,115.517372,35.722656,373.76,0.00655580
2009,289,2,168.48,115.517592,35.721961,313.96,0.00523400
2009,289,3,252.72,115.518180,35.721373,328.91,0.00248874
2009,29,0,0.00,115.876608,35.894658,1360.50,-0.00247803
2009,29,1,82.16,115.877203,35.895197,1166.14,-0.00258251
2009,29,2,164.31,115.877955,35.895466,687.72,-0.00268699
2009,291,0,0.00,115.519528,35.721642,1285.75,-0.00391272
2009,291,1,68.06,115.518932,35.721373,1794.06,-0.00372327
2009,291,2,136.12,115.518180,35.721373,762.48,-0.00353383
2009,292,0,0.00,115.519528,35.721642,403.66,-0.00487805
2009,292,1,79.89,115.520185,35.721254,358.81,-0.00486762
2009,292,2,159.77,115.520336,35.720578,403.66,-0.00247134
2009,292,3,239.66,115.520465,35.719896,284.06,0.00000000
2009,292,4,319.54,115.520606,35.719217,388.71,0.00008549
2009,294,0,0.00,115.518180,35.721373,299.01,-0.00162384
2009,294,1,91.13,115.518450,35.720629,313.96,-0.00016732
2009,294,2,182.27,115.518450,35.719808,313.96,0.00412182
2009,294,3,273.40,115.518905,35.719217,448.52,0.00720786
2009,294,4,364.53,115.519755,35.718947,1106.34,0.00576446
2009,294,5,455.66,115.520606,35.719217,1659.51,0.00406766
2009,296,0,0.00,115.520606,35.719217,358.81,-0.00221919
2009,296,1,99.48,115.521092,35.718461,328.91,-0.00165665
2009,296,2,198.95,115.521145,35.717580,284.06,0.00061535
2009,296,3,298.43,115.521414,35.716762,358.81,0.00054706
2009,296,4,397.91,115.521923,35.716013,313.96,-0.00121895
2009,296,5,497.39,115.521953,35.715125,299.01,-0.00067826
2009,296,6,596.86,115.522223,35.714307,284.06,-0.00071544
2009,296,7,696.34,115.522223,35.713410,239.21,-0.00000000
2009,296,8,795.82,115.522223,35.712514,239.21,0.00064078
2009,296,9,895.30,115.522492,35.711695,239.21,0.00066822
2009,296,10,994.77,115.522492,35.710799,224.26,0.00067826
2009,296,11,1094.25,115.523027,35.710058,269.11,-0.00130003
2009,296,12,1193.73,115.523031,35.709162,254.16,-0.00131905
2009,296,13,1293.21,115.523031,35.708266,254.16,-0.00000898
2009,296,14,1392.68,115.523031,35.707369,239.21,-0.00064078
2009,296,15,1492.16,115.523031,35.706473,269.11,-0.00064078
2009,296,16,1591.64,115.522762,35.705654,254.16,-0.00000000
2009,296,17,1691.12,115.522762,35.704758,239.21,-0.00053144
2009,296,18,1790.59,115.522492,35.703939,239.21,-0.00002647
2009,296,19,1890.07,115.522280,35.703104,209.31,0.00038917
2009,296,20,1989.55,115.522212,35.702228,179.41,0.00005289
2009,296,21,2089.03,115.521953,35.701406,149.51,0.00014227
2009,296,22,2188.50,115.521953,35.700510,149.51,-0.00120808
2009,296,23,2287.98,115.521684,35.699691,179.41,-0.00250819
2009,296,24,2387.46,115.521253,35.699004,254.16,-0.00232659
2009,296,25,2486.94,115.520518,35.698378,313.96,-0.00035013
2009,296,26,2586.41,115.519725,35.697854,343.86,0.00016705
2009,296,27,2685.89,115.519227,35.697118,358.81,-0.00147388
2009,296,28,2785.37,115.518345,35.696744,418.61,-0.00049179
2009,296,29,2884.84,115.517552,35.696220,418.61,0.00049920
2009,296,30,2984.32,115.516758,35.695695,448.52,-0.00015023
2009,296,31,3083.80,115.515964,35.695171,433.57,-0.00056545
2009,296,32,3183.28,115.515143,35.694693,448.52,-0.00065329
2009,296,33,3282.75,115.514277,35.694292,478.42,-0.00116488
2009,296,34,3382.23,115.513415,35.693884,358.81,-0.00053033
2009,296,35,3481.71,115.512391,35.693755,403.66,0.00116488
2009,296,36,3581.19,115.511597,35.693230,358.81,0.00013656
2009,296,37,3680.66,115.510704,35.692876,343.86,0.00000000
2009,296,38,3780.14,115.509803,35.692537,299.01,0.00129136
2009,296,39,3879.62,115.509017,35.691998,358.81,0.00131903
2009,297,0,0.00,115.509017,35.691998,388.71,0.00267768
2009,297,1,82.28,115.508265,35.691728,328.91,0.00257406
2009,297,2,164.55,115.507670,35.691189,343.86,0.00247044
2009,298,0,0.00,115.509017,35.691998,1196.04,0.00000000
2009,298,1,74.28,115.509536,35.691479,1345.55,-0.00089177
2009,298,2,148.56,115.510055,35.690960,1151.19,-0.00183647
2009,298,3,222.85,115.510365,35.690381,313.96,-0.00188941
2009,299,0,0.00,115.507670,35.691189,807.33,0.00000000
2009,299,1,14.95,115.507670,35.691054,792.38,0.00000000
2009,299,2,29.90,115.507670,35.690920,792.38,0.00000000
2009,3,0,0.00,115.863403,35.915139,986.73,0.00000000
2009,3,1,96.37,115.862729,35.915813,1076.44,0.00000000
2009,3,2,192.73,115.862055,35.916487,911.98,0.00000000
2009,30,0,0.00,115.889544,35.882530,448.52,0.00889737
2009,30,1,34.23,115.889574,35.882231,538.22,0.00878233
2009,30,2,68.46,115.889813,35.881991,1151.19,0.00866729
2009,300,0,0.00,115.507670,35.691189,598.02,0.00331189
2009,300,1,80.48,115.507009,35.691336,403.66,0.00291871
2009,300,2,160.96,115.506205,35.691189,224.26,0.00497564
2009,300,3,241.45,115.505389,35.691064,254.16,0.00743534
2009,300,4,321.93,115.505244,35.690381,433.57,0.00744494
2009,301,0,0.00,115.507670,35.690920,313.96,0.00178354
2009,301,1,74.28,115.507151,35.690401,433.57,0.00089177
2009,301,2,148.56,115.506841,35.689821,269.11,-0.00089177
2009,301,3,222.85,115.506322,35.689303,418.61,-0.00178354
2009,302,0,0.00,115.507670,35.690920,1001.69,-0.00000000
2009,302,1,93.30,115.508322,35.690268,986.73,0.00244360
2009,302,2,186.60,115.508973,35.689616,612.97,0.00792544
2009,302,3,279.90,115.509922,35.689668,313.96,0.00820984
2009,302,4,373.21,115.510365,35.690381,478.42,0.00545600
2009,304,0,0.00,115.510365,35.690381,373.76,0.00000000
2009,304,1,24.39,115.510634,35.690381,403.66,0.00000000
2009,304,2,48.79,115.510904,35.690381,403.66,0.00000000
2009,305,0,0.00,115.505244,35.690381,328.91,0.00199185
2009,305,1,94.47,115.504201,35.690381,299.01,0.00346162
2009,305,2,188.95,115.503330,35.690083,388.71,0.00279887
2009,305,3,283.42,115.502670,35.689423,388.71,-0.00055162
2009,305,4,377.90,115.501854,35.689033,403.66,-0.00088480
2009,305,5,472.37,115.501053,35.688615,403.66,0.00000000
2009,305,6,566.85,115.500237,35.688225,448.52,-0.00026938
2009,305,7,661.32,115.499436,35.687806,388.71,-0.00000000
2009,305,8,755.80,115.498578,35.687487,403.66,0.00149726
2009,305,9,850.27,115.497819,35.686998,418.61,0.00178168
2009,305,10,944.75,115.497160,35.686338,478.42,0.00110760
2009,306,0,0.00,115.505244,35.690381,1794.06,0.00000000
2009,306,1,77.18,115.505783,35.689842,822.28,0.00000000
2009,306,2,154.36,115.506322,35.689303,956.83,0.00000000
2009,308,0,0.00,115.506322,35.689303,702.67,0.00000000
2009,308,1,53.54,115.506592,35.688898,179.41,0.00000000
2009,308,2,107.08,115.506861,35.688494,74.75,0.00000000
2009,309,0,0.00,115.497160,35.686338,568.12,-0.00157668
2009,309,1,81.72,115.497007,35.685646,568.12,-0.00360378
2009,309,2,163.45,115.496645,35.685015,463.47,-0.00891124
2009,309,3,245.17,115.495913,35.684721,403.66,-0.01006868
2009,309,4,326.90,115.495305,35.685229,1794.06,-0.00424183
2009,309,5,408.62,115.494734,35.685799,1794.06,-0.00053790
2009,31,0,0.00,115.889544,35.882530,1196.04,0.00000000
2009,31,1,84.02,115.888857,35.882948,1210.99,0.00000000
2009,31,2,168.04,115.888170,35.883365,508.32,0.00000000
2009,31,3,252.06,115.887484,35.883782,313.96,-0.00109167
2009,31,4,336.08,115.886797,35.884199,239.21,-0.00289131
2009,31,5,420.10,115.886310,35.884815,224.26,-0.00258123
2009,31,6,504.11,115.886040,35.885495,209.31,-0.00156319
2009,310,0,0.00,115.497160,35.686338,583.07,0.00397820
2009,310,1,92.11,115.496299,35.686608,418.61,0.00505378
2009,310,2,184.22,115.495438,35.686338,403.66,0.00409126
2009,310,3,276.33,115.494734,35.685799,269.11,0.00205316
2009,311,0,0.00,115.494734,35.685799,299.01,0.00278735
2009,311,1,90.55,115.493904,35.685508,269.11,0.00324733
2009,311,2,181.09,115.493271,35.684875,254.16,0.00248221
2009,311,3,271.64,115.492848,35.684182,343.86,0.00125710
2009,312,0,0.00,115.492848,35.684182,313.96,0.00538491
2009,312,1,77.68,115.492107,35.683980,313.96,0.00444567
2009,312,2,155.37,115.491770,35.683378,388.71,0.00096548
2009,312,3,233.05,115.491231,35.682835,508.32,-0.00157545
2009,313,0,0.00,115.492848,35.684182,1794.06,0.00132934
2009,313,1,90.55,115.493480,35.683550,1719.31,0.00539735
2009,313,2,181.10,115.494221,35.683104,343.86,0.00925742
2009,313,3,271.64,115.494734,35.683643,299.01,0.00904948
2009,314,0,0.00,115.491231,35.682835,478.42,-0.00113199
2009,314,1,99.44,115.490437,35.682311,478.42,-0.00114835
2009,314,2,198.88,115.489545,35.681957,493.37,0.00000000
2009,314,3,298.32,115.488652,35.681603,508.32,0.00058235
2009,314,4,397.76,115.487858,35.681079,478.42,-0.00058235
2009,314,5,497.20,115.486966,35.680726,478.42,-0.00007599
2009,314,6,596.64,115.486073,35.680372,478.42,0.00021897
2009,314,7,696.08,115.485266,35.679870,463.47,-0.00015954
2009,314,8,795.51,115.484325,35.679601,463.47,0.00072031
2009,314,9,894.95,115.483540,35.679062,508.32,-0.00000000
2009,314,10,994.39,115.482701,35.678617,508.32,-0.00027448
2009,314,11,1093.83,115.481813,35.678253,523.27,0.00089811
2009,314,12,1193.27,115.481029,35.677714,568.12,0.00040396
2009,314,13,1292.71,115.480244,35.677175,568.12,-0.00089811
2009,314,14,1392.15,115.479427,35.676691,538.22,-0.00048641
2009,314,15,1491.59,115.478517,35.676367,508.32,0.00089811
2009,314,16,1591.03,115.477741,35.675813,553.17,0.00056600
2009,314,17,1690.47,115.476948,35.675289,523.27,-0.00019317
2009,315,0,0.00,115.491231,35.682835,1794.06,0.00118798
2009,315,1,88.71,115.491850,35.682215,1524.95,0.00203086
2009,315,2,177.43,115.492564,35.681757,732.58,0.00225145
2009,315,3,266.14,115.493387,35.681487,538.22,0.00162914
2009,316,0,0.00,115.476948,35.675289,657.82,-0.00076260
2009,316,1,92.64,115.476678,35.674532,627.92,-0.00026187
2009,316,2,185.28,115.476280,35.673813,627.92,-0.00116224
2009,316,3,277.92,115.476051,35.673045,269.11,-0.00376151
2009,316,4,370.56,115.475305,35.672568,269.11,-0.00440643
2009,316,5,463.20,115.474460,35.672262,284.06,-0.00347982
2009,316,6,555.84,115.473714,35.672325,328.91,-0.00310646
2009,317,0,0.00,115.476948,35.675289,747.53,0.00146850
2009,317,1,97.43,115.476168,35.675318,642.87,0.00130671
2009,317,2,194.85,115.475190,35.675149,627.92,0.00116299
2009,317,3,292.28,115.474213,35.674980,269.11,0.00180500
2009,317,4,389.70,115.473334,35.674640,254.16,0.00292105
2009,317,5,487.13,115.472555,35.674130,299.01,0.00328274
2009,317,6,584.56,115.472097,35.673385,328.91,0.00210016
2009,317,7,681.98,115.471820,35.672587,717.63,0.00056012
2009,317,8,779.41,115.471558,35.671786,747.53,0.00007225
2009,318,0,0.00,115.473714,35.672325,882.08,0.00000000
2009,318,1,29.90,115.473714,35.672594,897.03,0.00000000
2009,318,2,59.80,115.473714,35.672864,478.42,0.00000000
2009,319,0,0.00,115.473714,35.672325,538.22,-0.00161225
2009,319,1,83.99,115.473028,35.671908,538.22,-0.00319964
2009,319,2,167.98,115.472243,35.671663,627.92,-0.00428811
2009,319,3,251.97,115.471558,35.671786,867.13,-0.00378920
2009,32,0,0.00,115.877955,35.895466,837.23,-0.00889686
2009,32,1,34.23,115.877986,35.895766,493.37,-0.00878188
2009,32,2,68.45,115.878225,35.896005,164.46,-0.00866690
2009,320,0,0.00,115.471558,35.671786,538.22,0.00000000
2009,320,1,79.26,115.470905,35.671402,508.32,-0.00182843
2009,320,2,158.52,115.470253,35.671019,553.17,-0.00355011
2009,320,3,237.77,115.469402,35.670977,657.82,-0.00344336
2009,321,0,0.00,115.469402,35.670977,598.02,-0.00154851
2009,321,1,98.11,115.468925,35.670231,538.22,-0.00174006
2009,321,2,196.23,115.468192,35.669630,538.22,-0.00116951
2009,321,3,294.34,115.467422,35.669091,568.12,-0.00074226
2009,321,4,392.45,115.466652,35.668552,538.22,-0.00004522
2009,321,5,490.56,115.465789,35.668172,568.12,0.00037756
2009,321,6,588.68,115.465104,35.667487,568.12,-0.00069802
2009,321,7,686.79,115.464220,35.667143,553.17,0.00000000
2009,321,8,784.90,115.463436,35.666628,523.27,0.00058225
2009,321,9,883.02,115.462652,35.666114,523.27,0.00000000
2009,321,10,981.13,115.461868,35.665599,493.37,-0.00000000
2009,321,11,1079.24,115.461083,35.665084,508.32,-0.00000000
2009,321,12,1177.35,115.460299,35.664570,493.37,0.00000000
2009,321,13,1275.47,115.459515,35.664055,508.32,0.00000000
2009,321,14,1373.58,115.458731,35.663540,448.52,0.00055227
2009,321,15,1471.69,115.457947,35.663025,433.57,0.00058782
2009,321,16,1569.80,115.457262,35.662340,358.81,-0.00055227
2009,321,17,1667.92,115.456484,35.661814,328.91,-0.00042684
2009,321,18,1766.03,115.455693,35.661311,343.86,-0.00000000
2009,321,19,1864.14,115.454944,35.660736,269.11,0.00020109
2009,321,20,1962.26,115.454125,35.660281,269.11,0.00106506
2009,321,21,2060.37,115.453440,35.659596,179.41,-0.00040659
2009,321,22,2158.48,115.452755,35.658911,164.46,-0.00255674
2009,321,23,2256.59,115.451864,35.658580,209.31,-0.00168903
2009,321,24,2354.71,115.450937,35.658311,239.21,-0.00113042
2009,321,25,2452.82,115.450006,35.658049,269.11,-0.00086420
2009,321,26,2550.93,115.448926,35.658041,373.76,0.00000000
2009,321,27,2649.05,115.448000,35.657772,388.71,-0.00062483
2009,321,28,2747.16,115.446916,35.657772,448.52,-0.00000000
2009,321,29,2845.27,115.445878,35.657694,493.37,0.00035016
2009,321,30,2943.38,115.444906,35.657502,508.32,-0.00082970
2009,321,31,3041.50,115.443822,35.657502,508.32,-0.00057939
2009,321,32,3139.61,115.442738,35.657502,508.32,0.00000000
2009,321,33,3237.72,115.441655,35.657502,508.32,0.00000000
2009,321,34,3335.84,115.440571,35.657502,508.32,0.00000000
2009,321,35,3433.95,115.439488,35.657502,508.32,0.00000000
2009,322,0,0.00,115.469402,35.670977,1315.65,0.00000000
2009,322,1,77.19,115.468863,35.671516,1794.06,0.00000000
2009,322,2,154.37,115.468324,35.672055,1794.06,0.00000000
2009,323,0,0.00,115.439488,35.657502,568.12,0.00278055
2009,323,1,80.31,115.438758,35.657772,538.22,0.00264452
2009,323,2,160.61,115.437871,35.657772,538.22,0.00250850
2009,323,3,240.92,115.436984,35.657772,508.32,0.00264452
2009,323,4,321.22,115.436254,35.657502,448.52,0.00278055
2009,324,0,0.00,115.439488,35.657502,732.58,-0.00000000
2009,324,1,90.09,115.438859,35.656873,747.53,0.00060254
2009,324,2,180.19,115.438230,35.656244,822.28,-0.00000000
2009,324,3,270.28,115.437809,35.655554,747.53,-0.00461995
2009,324,4,360.38,115.437081,35.655096,418.61,-0.00689176
2009,324,5,450.47,115.436254,35.655346,463.47,-0.00574868
2009,325,0,0.00,115.468324,35.672055,1046.54,-0.00488952
2009,325,1,65.74,115.467766,35.672344,762.48,-0.00480267
2009,325,2,131.48,115.467515,35.672864,672.77,-0.00471582
2009,326,0,0.00,115.468324,35.672055,882.08,0.00000000
2009,326,1,59.80,115.468324,35.672594,882.08,0.00000000
2009,326,2,119.60,115.468324,35.673133,852.18,0.00000000
2009,327,0,0.00,115.436254,35.657502,1794.06,0.00000000
2009,327,1,79.74,115.436254,35.656784,1794.06,0.00000000
2009,327,2,159.47,115.436254,35.656065,1794.06,0.00000000
2009,327,3,239.21,115.436254,35.655346,822.28,0.00000000
2009,328,0,0.00,115.436254,35.657502,448.52,0.00443646
2009,328,1,87.40,115.435445,35.657772,418.61,0.00443646
2009,328,2,174.80,115.434637,35.657502,448.52,0.00221823
2009,328,3,262.21,115.433828,35.657233,538.22,0.00000000
2009,33,0,0.00,115.877955,35.895466,418.61,0.00431100
2009,33,1,62.88,115.878395,35.895367,433.57,0.00365900
2009,33,2,125.76,115.879033,35.895466,523.27,0.00300701
2009,330,0,0.00,115.436254,35.655346,538.22,-0.00584018
2009,330,1,82.30,115.435580,35.655212,433.57,-0.00531152
2009,330,2,164.59,115.434906,35.655616,538.22,-0.00478285
2009,331,0,0.00,115.433828,35.657233,418.61,0.00584040
2009,331,1,82.30,115.433155,35.657368,448.52,0.00531170
2009,331,2,164.59,115.432481,35.656963,583.07,0.00478299
2009,332,0,0.00,115.433828,35.657233,1270.79,0.00185126
2009,332,1,85.53,115.433559,35.656540,1689.41,0.00092563
2009,332,2,171.07,115.433559,35.655769,1001.69,-0.00092563
2009,332,3,256.60,115.433289,35.655077,762.48,-0.00185126
2009,333,0,0.00,115.433828,35.657233,687.72,-0.00174033
2009,333,1,71.39,115.434327,35.656734,956.83,-0.00199223
2009,333,2,142.79,115.434637,35.656181,1016.64,-0.00132423
2009,333,3,214.18,115.434906,35.655616,882.08,-0.00040434
2009,335,0,0.00,115.434906,35.655616,448.52,0.00240566
2009,335,1,67.73,115.434334,35.655313,627.92,-0.00224789
2009,335,2,135.46,115.433861,35.654840,448.52,-0.00890844
2009,335,3,203.19,115.433289,35.655077,583.07,-0.01091544
2009,336,0,0.00,115.432481,35.656963,1794.06,0.00000000
2009,336,1,69.77,115.432481,35.656334,1794.06,0.00000000
2009,336,2,139.54,115.432481,35.655706,956.83,0.00000000
2009,336,3,209.31,115.432481,35.655077,433.57,0.00000000
2009,337,0,0.00,115.432481,35.656963,508.32,0.00261748
2009,337,1,82.67,115.431725,35.657233,433.57,0.00367112
2009,337,2,165.34,115.430812,35.657233,388.71,0.00367112
2009,337,3,248.01,115.430055,35.656963,388.71,0.00261748
2009,338,0,0.00,115.433289,35.655077,403.66,0.00000000
2009,338,1,36.61,115.432885,35.655077,403.66,0.00000000
2009,338,2,73.21,115.432481,35.655077,508.32,0.00000000
2009,34,0,0.00,115.889813,35.881991,747.53,-0.00242031
2009,34,1,85.86,115.890607,35.882261,822.28,-0.00230288
2009,34,2,171.71,115.891557,35.882261,627.92,-0.00109273
2009,34,3,257.57,115.892508,35.882261,59.80,0.00000000
2009,340,0,0.00,115.432481,35.655077,568.12,-0.00580821
2009,340,1,55.90,115.432020,35.654807,418.61,-0.00556258
2009,340,2,111.81,115.431403,35.654807,433.57,-0.00531695
2009,341,0,0.00,115.430055,35.656963,1614.66,0.00000000
2009,341,1,90.77,115.430055,35.656145,1794.06,0.00174987
2009,341,2,181.54,115.430055,35.655327,837.23,0.00386888
2009,341,3,272.31,115.430594,35.654807,762.48,0.00423802
2009,342,0,0.00,115.430055,35.656963,478.42,0.00000000
2009,342,1,97.49,115.429292,35.656963,388.71,0.00084064
2009,342,2,194.98,115.428216,35.656963,358.81,0.00155934
2009,342,3,292.47,115.427296,35.656694,343.86,-0.00000000
2009,342,4,389.96,115.426342,35.656483,313.96,-0.00138425
2009,342,5,487.45,115.425299,35.656424,299.01,-0.00084064
2009,342,6,584.94,115.424223,35.656424,239.21,0.00066555
2009,342,7,682.43,115.423146,35.656424,179.41,0.00176754
2009,342,8,779.92,115.422226,35.656155,179.41,0.00092690
2009,342,9,877.42,115.421306,35.655885,239.21,0.00017642
2009,342,10,974.91,115.420387,35.655616,209.31,0.00103527
2009,342,11,1072.40,115.419496,35.655297,224.26,0.00208202
2009,342,12,1169.89,115.418716,35.654786,224.26,0.00163959
2009,342,13,1267.38,115.418035,35.654106,269.11,0.00051951
2009,342,14,1364.87,115.417334,35.653460,388.71,0.00076957
2009,342,15,1462.36,115.416783,35.652854,403.66,0.00105336
2009,342,16,1559.85,115.416311,35.652112,448.52,0.00077377
2009,343,0,0.00,115.416311,35.652112,657.82,0.00220485
2009,343,1,95.80,115.415410,35.651843,448.52,0.00355699
2009,343,2,191.60,115.414694,35.651281,568.12,0.00383708
2009,343,3,287.40,115.414425,35.650495,508.32,0.00276505
2009,344,0,0.00,115.416311,35.652112,1794.06,-0.00133644
2009,344,1,85.62,115.416909,35.651515,1106.34,-0.00240771
2009,344,2,171.24,115.417298,35.650856,867.13,-0.00391840
2009,344,3,256.87,115.417389,35.650111,642.87,-0.00338374
2009,344,4,342.49,115.417120,35.649417,523.27,-0.00240967
2009,345,0,0.00,115.414425,35.650495,538.22,0.00153494
2009,345,1,86.80,115.413621,35.650230,478.42,0.00390003
2009,345,2,173.60,115.412915,35.649795,538.22,0.00486794
2009,345,3,260.41,115.412808,35.649043,553.17,0.00119150
2009,345,4,347.21,115.412538,35.648339,568.12,-0.00108775
2009,346,0,0.00,115.414425,35.650495,1270.79,0.00059729
2009,346,1,82.30,115.414999,35.649921,1330.60,0.00392432
2009,346,2,164.60,115.415616,35.649417,642.87,0.00508556
2009,346,3,246.90,115.416347,35.649651,583.07,-0.00069682
2009,346,4,329.20,115.417120,35.649417,911.98,-0.00431342
2009,348,0,0.00,115.417120,35.649417,747.53,-0.00565678
2009,348,1,68.50,115.417389,35.648878,642.87,-0.00565678
2009,348,2,137.00,115.417120,35.648339,523.27,-0.00565678
2009,349,0,0.00,115.412538,35.648339,642.87,0.00267570
2009,349,1,82.30,115.411786,35.648070,538.22,0.00257226
2009,349,2,164.60,115.411191,35.647531,508.32,0.00246883
2009,35,0,0.00,115.889813,35.881991,508.32,-0.00000000
2009,35,1,97.07,115.889344,35.881252,478.42,-0.00000000
2009,35,2,194.14,115.888874,35.880513,493.37,-0.00054370
2009,35,3,291.21,115.888405,35.879774,523.27,-0.00214779
2009,35,4,388.29,115.887726,35.879096,508.32,-0.00280992
2009,35,5,485.36,115.886849,35.878757,508.32,-0.00241166
2009,350,0,0.00,115.412538,35.648339,1016.64,0.00000000
2009,350,1,85.33,115.413134,35.647744,882.08,0.00068212
2009,350,2,170.66,115.413730,35.647148,911.98,0.00142235
2009,350,3,255.99,115.414425,35.646723,538.22,0.00148047
2009,351,0,0.00,115.417120,35.648339,418.61,0.00000000
2009,351,1,36.61,115.416716,35.648339,553.17,0.00000000
2009,351,2,73.22,115.416311,35.648339,583.07,0.00000000
2009,352,0,0.00,115.417120,35.648339,642.87,-0.00071655
2009,352,1,71.40,115.417409,35.647780,687.72,-0.00434223
2009,352,2,142.79,115.417618,35.647221,538.22,-0.00723758
2009,352,3,214.19,115.417120,35.646723,463.47,-0.00650725
2009,353,0,0.00,115.411191,35.647531,1375.45,-0.00110271
2009,353,1,98.20,115.410406,35.648046,1151.19,-0.00106332
2009,353,2,196.39,115.409721,35.648732,1016.64,-0.00051196
2009,353,3,294.59,115.409035,35.649417,777.43,-0.00000000
2009,354,0,0.00,115.411191,35.647531,508.32,0.00285633
2009,354,1,99.65,115.410495,35.646835,433.57,0.00251637
2009,354,2,199.30,115.410382,35.645970,583.07,0.00136774
2009,354,3,298.95,115.410113,35.645150,373.76,0.00091856
2009,354,4,398.60,115.410113,35.644252,373.76,0.00000000
2009,354,5,498.25,115.410113,35.643354,373.76,-0.00063903
2009,354,6,597.90,115.409843,35.642534,388.71,0.00063903
2009,354,7,697.56,115.409843,35.641636,687.72,0.00090057
2009,354,8,797.21,115.409843,35.640738,598.02,0.00200677
2009,354,9,896.86,115.409956,35.639872,642.87,0.00317340
2009,354,10,996.51,115.410652,35.639177,882.08,0.00285633
2009,355,0,0.00,115.411191,35.647531,1255.84,0.00000000
2009,355,1,81.28,115.411758,35.646963,867.13,0.00000000
2009,355,2,162.56,115.412326,35.646396,822.28,0.00075349
2009,355,3,243.84,115.412893,35.645828,926.93,0.00331112
2009,355,4,325.13,115.413560,35.645431,523.27,0.00420864
2009,355,5,406.41,115.414425,35.645375,807.33,0.00330202
2009,356,0,0.00,115.417120,35.646723,553.17,-0.00375995
2009,356,1,81.28,115.417389,35.646068,448.52,-0.00341514
2009,356,2,162.55,115.417150,35.645405,493.37,-0.00119729
2009,356,3,243.83,115.417000,35.644716,463.47,0.00033788
2009,356,4,325.10,115.416850,35.644028,373.76,0.00000000
2009,357,0,0.00,115.417120,35.646723,493.37,-0.00000000
2009,357,1,50.80,115.416716,35.646453,463.47,-0.00000000
2009,357,2,101.60,115.416311,35.646184,523.27,-0.00000000
2009,358,0,0.00,115.410652,35.639177,1794.06,0.00573899
2009,358,1,63.01,115.411290,35.639276,1076.44,0.00554076
2009,358,2,126.01,115.411730,35.639716,807.33,0.00534253
2009,359,0,0.00,115.410652,35.639177,657.82,-0.00137506
2009,359,1,96.14,115.410652,35.638310,642.87,-0.00068753
2009,359,2,192.27,115.410382,35.637522,642.87,0.00068753
2009,359,3,288.41,115.410382,35.636656,612.97,0.00068753
2009,359,4,384.55,115.410382,35.635789,612.97,0.00000000
2009,359,5,480.68,115.410382,35.634923,538.22,0.00000000
2009,359,6,576.82,115.410382,35.634056,598.02,0.00000000
2009,36,0,0.00,115.889813,35.881991,1151.19,-0.00000000
2009,36,1,75.06,115.890338,35.881467,1091.39,0.00278373
2009,36,2,150.11,115.890863,35.880942,792.38,0.00577095
2009,36,3,225.17,115.891677,35.880913,478.42,0.00312980
2009,36,4,300.22,115.892508,35.880913,44.85,0.00028515
2009,360,0,0.00,115.411730,35.639716,807.33,0.00000000
2009,360,1,77.20,115.412269,35.640255,837.23,0.00000000
2009,360,2,154.39,115.412808,35.640794,822.28,0.00000000
2009,360,3,231.59,115.413347,35.641333,882.08,0.00000000
2009,360,4,308.79,115.413886,35.641872,463.47,0.00000000
2009,361,0,0.00,115.411730,35.639716,1196.04,0.00367558
2009,361,1,95.68,115.412630,35.639446,1210.99,0.00368544
2009,361,2,191.36,115.413529,35.639716,568.12,0.00269259
2009,361,3,287.04,115.414427,35.639988,463.47,0.00104748
2009,361,4,382.72,115.415195,35.640485,373.76,0.00193843
2009,361,5,478.40,115.416061,35.640813,433.57,0.00398910
2009,361,6,574.08,115.416311,35.641602,388.71,0.00450639
2009,362,0,0.00,115.410382,35.634056,1794.06,0.00000000
2009,362,1,76.78,115.411230,35.634056,1794.06,0.00000000
2009,362,2,153.56,115.412078,35.634056,1794.06,0.00137632
2009,362,3,230.34,115.412925,35.634056,1136.24,0.00290236
2009,362,4,307.11,115.413616,35.634326,971.78,0.00305207
2009,363,0,0.00,115.410382,35.634056,568.12,0.00157335
2009,363,1,92.60,115.410113,35.633300,568.12,0.00152872
2009,363,2,185.21,115.410113,35.632465,568.12,-0.00000000
2009,363,3,277.81,115.410113,35.631631,538.22,-0.00074204
2009,363,4,370.41,115.409843,35.630875,553.17,0.00074204
2009,363,5,463.01,115.409843,35.630040,553.17,0.00074204
2009,363,6,555.62,115.409843,35.629205,523.27,0.00000000
2009,364,0,0.00,115.413886,35.641872,867.13,0.00000000
2009,364,1,61.02,115.414560,35.641872,448.52,0.00000000
2009,364,2,122.04,115.415233,35.641872,164.46,0.00000000
2009,365,0,0.00,115.413886,35.641872,687.72,-0.00539967
2009,365,1,49.20,115.413886,35.642315,403.66,-0.00551160
2009,365,2,98.40,115.414155,35.642680,403.66,-0.00562352
2009,366,0,0.00,115.416311,35.641602,149.51,0.00000000
2009,366,1,24.41,115.416042,35.641602,89.70,0.00000000
2009,366,2,48.82,115.415772,35.641602,119.60,0.00000000
2009,367,0,0.00,115.416311,35.641602,403.66,-0.00000000
2009,367,1,53.55,115.416581,35.642006,403.66,-0.00000000
2009,367,2,107.10,115.416850,35.642411,418.61,-0.00000000
2009,368,0,0.00,115.409843,35.629205,1151.19,0.00329207
2009,368,1,83.49,115.409062,35.628963,762.48,0.00313451
2009,368,2,166.97,115.408480,35.628381,583.07,0.00219202
2009,368,3,250.46,115.407897,35.627798,538.22,0.00144683
2009,368,4,333.95,115.407523,35.627154,358.81,0.00074329
2009,368,5,417.43,115.407148,35.626510,493.37,-0.00000000
2009,369,0,0.00,115.409843,35.629205,657.82,-0.00469802
2009,369,1,91.32,115.410382,35.628539,523.27,-0.00395951
2009,369,2,182.64,115.410113,35.627794,478.42,-0.00084704
2009,369,3,273.96,115.410113,35.626971,463.47,0.00000000
2009,369,4,365.28,115.410113,35.626148,523.27,-0.00149018
2009,369,5,456.60,115.409843,35.625404,508.32,-0.00305804
2009,369,6,547.92,115.409601,35.624651,538.22,-0.00486449
2009,369,7,639.24,115.408765,35.624354,852.18,-0.00506635
2009,37,0,0.00,115.878225,35.896005,493.37,0.00000000
2009,37,1,48.66,115.878764,35.896005,433.57,0.00000000
2009,37,2,97.32,115.879303,35.896005,493.37,0.00000000
2009,370,0,0.00,115.414155,35.642680,807.33,0.00000000
2009,370,1,19.30,115.414021,35.642815,672.77,0.00000000
2009,370,2,38.60,115.413886,35.642950,642.87,0.00000000
2009,371,0,0.00,115.414155,35.642680,986.73,0.00000000
2009,371,1,24.41,115.414425,35.642680,538.22,0.00000000
2009,371,2,48.82,115.414694,35.642680,284.06,0.00000000
2009,372,0,0.00,115.413886,35.642950,867.13,-0.00775583
2009,372,1,70.86,115.413103,35.642950,807.33,-0.00811385
2009,372,2,141.72,115.412808,35.643489,433.57,-0.00847187
2009,373,0,0.00,115.413886,35.642950,388.71,0.00332532
2009,373,1,64.15,115.414155,35.643449,388.71,0.00323166
2009,373,2,128.30,115.414155,35.644028,373.76,0.00313801
2009,374,0,0.00,115.407148,35.626510,1495.05,0.00000000
2009,374,1,36.62,115.406744,35.626510,553.17,0.00000000
2009,374,2,73.24,115.406340,35.626510,104.65,0.00000000
2009,375,0,0.00,115.407148,35.626510,388.71,0.00215299
2009,375,1,97.14,115.407418,35.625713,583.07,0.00211673
2009,375,2,194.27,115.408087,35.625033,672.77,0.00106149
2009,375,3,291.41,115.408765,35.624354,672.77,0.00004251
2009,376,0,0.00,115.408765,35.624354,448.52,0.00000000
2009,376,1,86.17,115.408765,35.623578,403.66,0.00000000
2009,376,2,172.34,115.408765,35.622801,448.52,-0.00034243
2009,376,3,258.51,115.408765,35.622025,388.71,-0.00085937
2009,376,4,344.68,115.408655,35.621280,403.66,-0.00015753
2009,376,5,430.85,115.408496,35.620550,373.76,0.00085937
2009,376,6,517.02,115.408496,35.619773,373.76,0.00099993
2009,378,0,0.00,115.414155,35.644028,941.88,0.00000000
2009,378,1,24.41,115.413886,35.644028,807.33,0.00000000
2009,378,2,48.81,115.413616,35.644028,777.43,0.00000000
2009,379,0,0.00,115.414155,35.644028,463.47,0.00867411
2009,379,1,34.25,115.414394,35.644267,388.71,0.00879023
2009,379,2,68.50,115.414425,35.644567,373.76,0.00890636
2009,38,0,0.00,115.878225,35.896005,583.07,0.00000000
2009,38,1,68.45,115.877955,35.896544,612.97,0.00000000
2009,38,2,136.90,115.877686,35.897083,508.32,0.00000000
2009,380,0,0.00,115.408496,35.619773,568.12,0.00108783
2009,380,1,98.84,115.407707,35.619253,463.47,0.00081052
2009,380,2,197.69,115.407017,35.618563,448.52,0.00211906
2009,380,3,296.53,115.406340,35.618011,373.76,0.00534902
2009,380,4,395.38,115.406340,35.617120,418.61,0.00523765
2009,380,5,494.22,115.406997,35.616421,553.17,0.00181713
2009,380,6,593.06,115.407687,35.615731,583.07,0.00015210
2009,381,0,0.00,115.408496,35.619773,373.76,-0.00067317
2009,381,1,98.40,115.408557,35.619025,373.76,-0.00048007
2009,381,2,196.81,115.408496,35.618156,373.76,-0.00028965
2009,381,3,295.21,115.408496,35.617269,373.76,-0.00191599
2009,381,4,393.62,115.408374,35.616418,388.71,-0.00318959
2009,381,5,492.02,115.407687,35.615731,418.61,-0.00283952
2009,382,0,0.00,115.407687,35.615731,373.76,-0.00129947
2009,382,1,98.87,115.407687,35.614840,388.71,-0.00152106
2009,382,2,197.74,115.407418,35.614027,358.81,-0.00068792
2009,382,3,296.62,115.407078,35.613235,388.71,0.00036577
2009,382,4,395.49,115.406879,35.612402,418.61,0.00000000
2009,382,5,494.36,115.406609,35.611589,343.86,-0.00018237
2009,382,6,593.23,115.406340,35.610776,358.81,0.00068792
2009,382,7,692.10,115.406070,35.609964,388.71,0.00068792
2009,382,8,790.97,115.406070,35.609072,328.91,-0.00068792
2009,382,9,889.85,115.405801,35.608260,358.81,-0.00002287
2009,382,10,988.72,115.405531,35.607447,358.81,-0.00000000
2009,382,11,1087.59,115.405522,35.606559,343.86,-0.00064128
2009,382,12,1186.46,115.404992,35.605822,343.86,0.00115076
2009,382,13,1285.33,115.404992,35.604931,343.86,0.00066415
2009,382,14,1384.21,115.404913,35.604063,328.91,-0.00063171
2009,382,15,1483.08,115.404723,35.603227,388.71,-0.00000000
2009,382,16,1581.95,115.404576,35.602379,373.76,-0.00053584
2009,382,17,1680.82,115.404454,35.601523,388.71,-0.00068792
2009,382,18,1779.69,115.404031,35.600755,388.71,0.00108030
2009,382,19,1878.56,115.403915,35.599898,373.76,0.00068792
2009,382,20,1977.44,115.403915,35.599007,388.71,-0.00037559
2009,382,21,2076.31,115.403645,35.598194,388.71,0.00064973
2009,382,22,2175.18,115.403645,35.597303,388.71,-0.00000000
2009,382,23,2274.05,115.403645,35.596412,388.71,-0.00064973
2009,382,24,2372.92,115.403376,35.595599,388.71,0.00000000
2009,382,25,2471.80,115.403376,35.594708,418.61,0.00000000
2009,382,26,2570.67,115.403106,35.593895,388.71,0.00064973
2009,382,27,2669.54,115.403106,35.593004,388.71,-0.00000000
2009,382,28,2768.41,115.403106,35.592113,388.71,-0.00064973
2009,382,29,2867.28,115.402837,35.591300,418.61,0.00001343
2009,382,30,2966.15,115.402837,35.590409,388.71,0.00000000
2009,382,31,3065.03,115.402572,35.589595,403.66,-0.00002688
2009,382,32,3163.90,115.402567,35.588706,433.57,-0.00031780
2009,382,33,3262.77,115.402298,35.587893,433.57,0.00001345
2009,382,34,3361.64,115.402172,35.587038,448.52,-0.00038691
2009,382,35,3460.51,115.402028,35.586189,478.42,-0.00139068
2009,382,36,3559.39,115.401626,35.585415,493.37,0.00035800
2009,382,37,3658.26,115.401220,35.584642,493.37,0.00139068
2009,382,38,3757.13,115.401220,35.583751,463.47,0.00034671
2009,382,39,3856.00,115.400950,35.582938,418.61,0.00050624
2009,382,40,3954.87,115.400950,35.582047,418.61,-0.00000000
2009,382,41,4053.74,115.400889,35.581174,433.57,-0.00067511
2009,382,42,4152.62,115.400681,35.580344,478.42,0.00000000
2009,382,43,4251.49,115.400552,35.579490,493.37,0.00048475
2009,382,44,4350.36,115.400411,35.578640,448.52,-0.00000000
2009,382,45,4449.23,115.400411,35.577749,478.42,-0.00098702
2009,382,46,4548.10,115.400142,35.576936,478.42,-0.00067953
2009,382,47,4646.98,115.399879,35.576121,508.32,-0.00003357
2009,382,48,4745.85,115.399606,35.575310,493.37,-0.00002518
2009,382,49,4844.72,115.399333,35.574498,493.37,-0.00000000
2009,383,0,0.00,115.399333,35.574498,1794.06,0.00885780
2009,383,1,43.73,115.398851,35.574498,822.28,0.00904642
2009,383,2,87.47,115.398525,35.574228,568.12,0.00923504
2009,384,0,0.00,115.399333,35.574498,418.61,0.00000000
2009,384,1,86.99,115.399333,35.573871,508.32,-0.00009154
2009,384,2,173.99,115.399333,35.573087,478.42,-0.00084341
2009,384,3,260.98,115.399303,35.572312,493.37,-0.00154464
2009,384,4,347.98,115.399064,35.571597,403.66,-0.00089512
2009,384,5,434.97,115.398794,35.570892,448.52,-0.00010235
2009,384,6,521.96,115.398525,35.570186,388.71,0.00000000
2009,385,0,0.00,115.398525,35.574228,1076.44,0.00579773
2009,385,1,55.95,115.398064,35.574498,1121.29,0.00555270
2009,385,2,111.90,115.397447,35.574498,882.08,0.00530767
2009,386,0,0.00,115.398525,35.574228,583.07,0.00000000
2009,386,1,85.99,115.397924,35.573628,553.17,-0.00063208
2009,386,2,171.97,115.397324,35.573028,553.17,0.00145756
2009,386,3,257.96,115.396638,35.572595,388.71,0.00656237
2009,386,4,343.94,115.396638,35.571820,448.52,0.00689295
2009,386,5,429.93,115.397225,35.571216,747.53,0.00270841
2009,386,6,515.91,115.397889,35.570725,762.48,0.00009197
2009,386,7,601.90,115.398525,35.570186,627.92,-0.00039243
2009,387,0,0.00,115.398525,35.570186,388.71,0.00155460
2009,387,1,93.19,115.398255,35.569425,358.81,0.00077730
2009,387,2,186.37,115.398255,35.568585,313.96,0.00000000
2009,387,3,279.56,115.397986,35.567823,284.06,0.00073323
2009,387,4,372.75,115.397986,35.566984,224.26,0.00073323
2009,387,5,465.93,115.397986,35.566144,179.41,0.00000000
2009,388,0,0.00,115.397986,35.566144,1495.05,0.00389826
2009,388,1,68.17,115.398581,35.565874,1240.89,0.00370989
2009,388,2,136.34,115.399333,35.565874,852.18,0.00352151
2009,389,0,0.00,115.397986,35.566144,209.31,0.00142968
2009,389,1,86.21,115.397593,35.565481,194.36,-0.00000000
2009,389,2,172.42,115.397408,35.564758,194.36,-0.00155684
2009,389,3,258.63,115.396807,35.564156,254.16,-0.00076081
2009,389,4,344.83,115.396369,35.563507,254.16,-0.00177309
2009,389,5,431.04,115.395802,35.562910,343.86,-0.00344977
2009,389,6,517.25,115.395012,35.562631,448.52,-0.00167615
2009,389,7,603.46,115.394213,35.562371,598.02,-0.00016131
2009,39,0,0.00,115.886849,35.878757,463.47,-0.00000000
2009,39,1,99.32,115.886264,35.878173,448.52,0.00049346
2009,39,2,198.65,115.885570,35.877478,433.57,0.00040175
2009,39,3,297.97,115.885085,35.876724,433.57,-0.00099277
2009,39,4,397.30,115.884371,35.876062,493.37,-0.00080095
2009,39,5,496.62,115.883597,35.875505,493.37,-0.00000000
2009,39,6,595.95,115.882902,35.874811,463.47,-0.00010011
2009,39,7,695.27,115.882109,35.874287,463.47,-0.00009111
2009,39,8,794.60,115.881414,35.873592,418.61,-0.00110412
2009,39,9,893.92,115.880603,35.873098,448.52,-0.00035027
2009,39,10,993.25,115.879728,35.872714,388.71,0.00160343
2009,39,11,1092.57,115.879033,35.872020,403.66,0.00188139
2009,390,0,0.00,115.394213,35.562371,1166.14,0.00000000
2009,390,1,89.70,115.394213,35.561562,493.37,0.00000000
2009,390,2,179.40,115.394213,35.560754,583.07,0.00000000
2009,391,0,0.00,115.394213,35.562371,1450.20,0.00196138
2009,391,1,94.57,115.393482,35.562910,538.22,0.00200129
2009,391,2,189.14,115.392596,35.563179,852.18,0.00204120
2009,392,0,0.00,115.394213,35.560754,687.72,-0.00342529
2009,392,1,84.06,115.393527,35.560631,433.57,-0.00188958
2009,392,2,168.12,115.392940,35.560829,463.47,0.00104567
2009,392,3,252.18,115.392057,35.560754,568.12,0.00244522
2009,393,0,0.00,115.394213,35.560754,612.97,-0.00269958
2009,393,1,98.47,115.394482,35.559945,672.77,-0.00427799
2009,393,2,196.94,115.394212,35.559136,403.66,-0.00530422
2009,393,3,295.42,115.393426,35.558619,717.63,-0.00432274
2009,393,4,393.89,115.392508,35.558328,568.12,-0.00558481
2009,393,5,492.36,115.391457,35.558389,1061.49,-0.00625288
2009,393,6,590.83,115.390979,35.559137,388.71,-0.00522959
2009,394,0,0.00,115.392596,35.563179,1360.50,0.00368103
2009,394,1,76.80,115.392596,35.563871,986.73,0.00497424
2009,394,2,153.60,115.392150,35.564434,717.63,0.00957348
2009,394,3,230.40,115.391515,35.564793,508.32,0.01101880
2009,394,4,307.20,115.390979,35.564257,882.08,0.00915810
2009,395,0,0.00,115.392596,35.563179,612.97,-0.00000000
2009,395,1,63.05,115.392057,35.562910,747.53,-0.00000000
2009,395,2,126.09,115.391518,35.562640,373.76,-0.00000000
2009,396,0,0.00,115.392057,35.560754,687.72,-0.00411726
2009,396,1,71.42,115.391976,35.560134,956.83,-0.00405117
2009,396,2,142.84,115.391477,35.559635,1240.89,-0.00199253
2009,396,3,214.26,115.390979,35.559137,1285.75,-0.00000000
2009,397,0,0.00,115.392057,35.560754,986.73,0.00000000
2009,397,1,75.58,115.391787,35.561356,508.32,-0.00119387
2009,397,2,151.15,115.391518,35.561959,1315.65,-0.00231772
2009,397,3,226.73,115.391518,35.562640,1420.30,-0.00224770
2009,398,0,0.00,115.390979,35.559137,493.37,-0.00105216
2009,398,1,98.21,115.390052,35.559406,373.76,-0.00138212
2009,398,2,196.43,115.389212,35.559826,358.81,-0.00240686
2009,398,3,294.64,115.388428,35.560341,433.57,-0.00242856
2009,398,4,392.86,115.388014,35.561105,1181.09,-0.00125426
2009,398,5,491.07,115.387475,35.561834,986.73,-0.00108907
2009,398,6,589.29,115.387206,35.562640,1121.29,-0.00142512
2009,4,0,0.00,115.863403,35.915139,358.81,-0.00000000
2009,4,1,98.56,115.863942,35.915872,418.61,-0.00057793
2009,4,2,197.13,115.864481,35.916604,418.61,-0.00042478
2009,4,3,295.69,115.865151,35.917157,433.57,0.00035080
2009,4,4,394.25,115.865632,35.917907,388.71,-0.00081040
2009,4,5,492.82,115.866321,35.918596,388.71,-0.00155405
2009,4,6,591.38,115.867109,35.919115,358.81,-0.00020038
2009,4,7,689.95,115.867898,35.919634,313.96,0.00000000
2009,4,8,788.51,115.868624,35.920260,269.11,-0.00070293
2009,4,9,887.07,115.869475,35.920672,209.31,-0.00034726
2009,4,10,985.64,115.870263,35.921191,134.55,-0.00085569
2009,4,11,1084.20,115.871112,35.921607,119.60,-0.00228206
2009,4,12,1182.76,115.872047,35.921876,149.51,-0.00223838
2009,4,13,1281.33,115.873139,35.921876,209.31,-0.00019114
2009,4,14,1379.89,115.874231,35.921876,224.26,0.00082207
2009,4,15,1478.46,115.875201,35.922086,224.26,-0.00045731
2009,4,16,1577.02,115.876258,35.922146,209.31,-0.00082207
2009,4,17,1675.58,115.877350,35.922146,299.01,-0.00017362
2009,4,18,1774.15,115.878442,35.922146,328.91,0.00000000
2009,4,19,1872.71,115.879534,35.922146,358.81,0.00000000
2009,4,20,1971.27,115.880626,35.922146,388.71,0.00051485
2009,4,21,2069.84,115.881718,35.922146,388.71,0.00082207
2009,4,22,2168.40,115.882709,35.922319,403.66,-0.00105911
2009,4,23,2266.96,115.883745,35.922415,418.61,-0.00164415
2009,4,24,2365.53,115.884679,35.922146,358.81,0.00054426
2009,4,25,2464.09,115.885772,35.922146,328.91,0.00082207
2009,4,26,2562.66,115.886864,35.922146,299.01,0.00000000
2009,4,27,2661.22,115.887956,35.922146,328.91,0.00061980
2009,4,28,2759.78,115.889048,35.922146,299.01,0.00048848
2009,4,29,2858.35,115.890019,35.922352,343.86,-0.00126245
2009,4,30,2956.91,115.891007,35.922300,373.76,-0.00011692
2009,4,31,3055.47,115.892009,35.922146,269.11,0.00146472
2009,4,32,3154.04,115.892943,35.922415,269.11,-0.00001085
2009,4,33,3252.60,115.894036,35.922415,239.21,0.00010352
2009,4,34,3351.16,115.895056,35.922538,239.21,0.00094831
2009,4,35,3449.73,115.896043,35.922717,194.36,0.00069271
2009,4,36,3548.29,115.896997,35.922954,179.41,0.00041939
2009,4,37,3646.86,115.897931,35.923224,179.41,0.00073810
2009,4,38,3745.42,115.898866,35.923493,149.51,0.00149001
2009,4,39,3843.98,115.899695,35.923943,134.55,0.00214802
2009,4,40,3942.55,115.900484,35.924462,104.65,0.00178703
2009,4,41,4041.11,115.900964,35.925211,149.51,-0.00000000
2009,4,42,4139.67,115.901653,35.925901,179.41,0.00000000
2009,4,43,4238.24,115.902342,35.926590,179.41,0.00013486
2009,4,44,4336.80,115.902822,35.927339,194.36,-0.00050103
2009,4,45,4435.37,115.903557,35.927874,209.31,0.00128531
2009,4,46,4533.93,115.904090,35.928608,209.31,0.00210841
2009,4,47,4632.49,115.904366,35.929417,239.21,0.00070377
2009,4,48,4731.06,115.904635,35.930227,239.21,0.00001553
2009,4,49,4829.62,115.904905,35.931037,239.21,-0.00000000
2009,4,50,4928.18,115.905174,35.931848,179.41,0.00000000
2009,40,0,0.00,115.886849,35.878757,1524.95,0.00000000
2009,40,1,74.22,115.886330,35.879276,1405.35,-0.00089184
2009,40,2,148.45,115.885811,35.879795,926.93,-0.00183644
2009,40,3,222.67,115.885501,35.880374,672.77,-0.00188920
2009,400,0,0.00,115.390979,35.564257,717.63,0.00000000
2009,400,1,68.51,115.390709,35.563718,1510.00,0.00000000
2009,400,2,137.03,115.390440,35.563179,1510.00,0.00000000
2009,401,0,0.00,115.390979,35.564257,852.18,0.00070072
2009,401,1,85.09,115.390440,35.564867,807.33,0.00076049
2009,401,2,170.17,115.389901,35.565335,687.72,0.00082026
2009,403,0,0.00,115.391518,35.562640,343.86,0.00000000
2009,403,1,63.05,115.390979,35.562910,313.96,0.00000000
2009,403,2,126.09,115.390440,35.563179,762.48,0.00000000
2009,404,0,0.00,115.387206,35.562640,1764.16,0.00000000
2009,404,1,57.92,115.387610,35.563044,1136.24,0.00000000
2009,404,2,115.84,115.388014,35.563449,1196.04,0.00000000
2009,405,0,0.00,115.387206,35.562640,657.82,0.00132420
2009,405,1,88.57,115.386385,35.562910,657.82,0.00000000
2009,405,2,177.14,115.385475,35.563024,627.92,-0.00072803
2009,405,3,265.71,115.384744,35.563449,612.97,-0.00149167
2009,405,4,354.28,115.383842,35.563578,627.92,-0.00405935
2009,405,5,442.85,115.383433,35.564257,777.43,-0.00526721
2009,406,0,0.00,115.390440,35.563179,403.66,0.00000000
2009,406,1,78.02,115.389579,35.563179,807.33,-0.00133121
2009,406,2,156.05,115.388719,35.563179,687.72,-0.00280697
2009,406,3,234.07,115.388014,35.563449,747.53,-0.00295152
2009,408,0,0.00,115.389901,35.565335,956.83,0.00473939
2009,408,1,86.39,115.389715,35.566060,702.67,0.00645576
2009,408,2,172.79,115.388967,35.566413,657.82,0.00552719
2009,408,3,259.18,115.388014,35.566413,702.67,0.00288225
2009,409,0,0.00,115.389901,35.565335,852.18,-0.00923334
2009,409,1,43.74,115.389575,35.565066,837.23,-0.00904473
2009,409,2,87.48,115.389092,35.565066,807.33,-0.00885612
2009,41,0,0.00,115.879033,35.872020,448.52,-0.00000000
2009,41,1,75.31,115.878408,35.871664,388.71,0.00096089
2009,41,2,150.63,115.877782,35.871307,313.96,0.00362294
2009,41,3,225.94,115.877255,35.870781,313.96,0.00451569
2009,41,4,301.26,115.877147,35.870134,433.57,0.00370728
2009,410,0,0.00,115.388014,35.563449,1704.36,-0.00205085
2009,410,1,71.42,115.388304,35.564008,1734.26,-0.00102543
2009,410,2,142.84,115.388803,35.564506,941.88,0.00102543
2009,410,3,214.25,115.389092,35.565066,583.07,0.00205085
2009,412,0,0.00,115.383433,35.564257,687.72,-0.00186975
2009,412,1,98.82,115.382499,35.564527,687.72,-0.00093488
2009,412,2,197.64,115.381722,35.565066,672.77,-0.00040693
2009,412,3,296.46,115.380788,35.565335,687.72,-0.00173690
2009,412,4,395.28,115.380080,35.565993,627.92,-0.00142148
2009,412,5,494.10,115.379391,35.566683,642.87,-0.00018302
2009,413,0,0.00,115.383433,35.564257,1794.06,-0.00000000
2009,413,1,92.86,115.384081,35.564905,1554.85,-0.00000000
2009,413,2,185.71,115.384729,35.565553,1360.50,-0.00056158
2009,413,3,278.57,115.385377,35.566201,1076.44,-0.00303917
2009,413,4,371.43,115.386122,35.566683,777.43,-0.00513703
2009,413,5,464.29,115.387146,35.566683,672.77,-0.00368579
2009,413,6,557.14,115.388014,35.566413,598.02,-0.00205272
2009,414,0,0.00,115.388014,35.566413,702.67,0.00121309
2009,414,1,92.18,115.388449,35.565709,702.67,0.00118220
2009,414,2,184.35,115.389092,35.565066,807.33,0.00115131
2009,418,0,0.00,115.379391,35.566683,687.72,0.00000000
2009,418,1,99.05,115.378454,35.566952,612.97,-0.00093062
2009,418,2,198.09,115.377518,35.567222,568.12,-0.00111460
2009,418,3,297.14,115.376738,35.567761,508.32,0.00000000
2009,418,4,396.19,115.375833,35.568084,493.37,-0.00003053
2009,418,5,495.23,115.375023,35.568569,448.52,-0.00000000
2009,418,6,594.28,115.374154,35.568955,448.52,0.00061621
2009,418,7,693.32,115.373307,35.569378,343.86,0.00093062
2009,418,8,792.37,115.372371,35.569647,284.06,0.00052892
2009,418,9,891.42,115.371434,35.569917,209.31,-0.00027590
2009,418,10,990.46,115.370498,35.570186,209.31,-0.00055550
2009,418,11,1089.51,115.369609,35.570536,194.36,0.00054869
2009,418,12,1188.56,115.368719,35.570886,179.41,0.00109856
2009,418,13,1287.60,115.367690,35.570995,239.21,0.00062366
2009,418,14,1386.65,115.366754,35.571264,328.91,0.00116702
2009,418,15,1485.70,115.365661,35.571264,388.71,0.00081362
2009,418,16,1584.74,115.364568,35.571264,448.52,0.00000000
2009,419,0,0.00,115.379391,35.566683,1794.06,-0.00125101
2009,419,1,90.81,115.379816,35.567377,1539.90,-0.00121890
2009,419,2,181.61,115.380449,35.568011,1196.04,-0.00119438
2009,419,3,272.42,115.381083,35.568645,986.73,-0.00125095
2009,419,4,363.23,115.381816,35.569108,717.63,-0.00129993
2009,42,0,0.00,115.879033,35.872020,1794.06,-0.00343372
2009,42,1,88.49,115.879572,35.871378,1001.69,-0.00420661
2009,42,2,176.99,115.879572,35.870581,478.42,-0.00508414
2009,42,3,265.48,115.879301,35.869862,313.96,-0.00652704
2009,42,4,353.98,115.878583,35.869413,478.42,-0.00858272
2009,42,5,442.47,115.877766,35.869515,1210.99,-0.00654520
2009,42,6,530.97,115.877147,35.870134,1794.06,-0.00379025
2009,420,0,0.00,115.364568,35.571264,1046.54,0.00151611
2009,420,1,83.46,115.364403,35.571968,956.83,0.00152123
2009,420,2,166.92,115.364029,35.572612,852.18,0.00152635
2009,421,0,0.00,115.364568,35.571264,448.52,-0.00136354
2009,421,1,95.97,115.363800,35.570765,433.57,-0.00123692
2009,421,2,191.93,115.362920,35.570456,418.61,0.00000000
2009,421,3,287.90,115.362064,35.570107,463.47,0.00026563
2009,421,4,383.87,115.361272,35.569647,448.52,-0.00041058
2009,421,5,479.84,115.360370,35.569378,418.61,0.00071653
2009,421,6,575.80,115.359560,35.568950,463.47,0.00109235
2009,421,7,671.77,115.358791,35.568451,493.37,-0.00035551
2009,421,8,767.74,115.358022,35.567952,478.42,-0.00061027
2009,421,9,863.71,115.357154,35.567623,508.32,0.00061027
2009,421,10,959.67,115.356386,35.567124,463.47,0.00054504
2009,421,11,1055.64,115.355617,35.566624,463.47,-0.00000000
2009,421,12,1151.61,115.354837,35.566144,478.42,0.00066056
2009,421,13,1247.58,115.354079,35.565626,448.52,0.00111566
2009,421,14,1343.54,115.353519,35.565066,463.47,0.00104067
2009,422,0,0.00,115.353519,35.565066,508.32,0.00530634
2009,422,1,90.21,115.352592,35.564948,433.57,0.00528725
2009,422,2,180.42,115.352172,35.564257,508.32,0.00526816
2009,423,0,0.00,115.353519,35.565066,1794.06,-0.00255152
2009,423,1,86.00,115.354119,35.564465,1629.61,-0.00381572
2009,423,2,171.99,115.354328,35.563751,687.72,-0.00761432
2009,423,3,257.99,115.354170,35.563022,418.61,-0.01225009
2009,423,4,343.99,115.353372,35.563057,1061.49,-0.00937561
2009,423,5,429.99,115.352772,35.563657,1794.06,-0.00219988
2009,423,6,515.98,115.352172,35.564257,1794.06,0.00000000
2009,424,0,0.00,115.352172,35.564257,448.52,0.00000000
2009,424,1,98.37,115.351386,35.563741,478.42,0.00000000
2009,424,2,196.75,115.350600,35.563225,478.42,0.00054959
2009,424,3,295.12,115.349815,35.562709,463.47,0.00054959
2009,424,4,393.50,115.349128,35.562022,448.52,-0.00000000
2009,424,5,491.87,115.348343,35.561506,463.47,0.00000000
2009,424,6,590.25,115.347656,35.560820,448.52,-0.00018490
2009,424,7,688.62,115.346871,35.560304,418.61,-0.00000000
2009,424,8,786.99,115.346150,35.559676,433.57,0.00036512
2009,424,9,885.37,115.345399,35.559101,403.66,0.00101483
2009,424,10,983.74,115.344712,35.558415,373.76,0.00083461
2009,424,11,1082.12,115.344234,35.557667,403.66,0.00053049
2009,424,12,1180.49,115.343547,35.556981,388.71,0.00162696
2009,424,13,1278.86,115.343278,35.556172,403.66,0.00219294
2009,425,0,0.00,115.343278,35.556172,418.61,0.00267454
2009,425,1,98.15,115.342470,35.555807,358.81,0.00174922
2009,425,2,196.30,115.341912,35.555094,403.66,0.00063634
2009,425,3,294.45,115.341135,35.554568,358.81,0.00018777
2009,425,4,392.60,115.340659,35.553822,343.86,-0.00003661
2009,425,5,490.75,115.339875,35.553308,358.81,0.00050683
2009,425,6,588.90,115.339399,35.552562,328.91,-0.00051281
2009,425,7,687.05,115.338714,35.551877,328.91,-0.00007147
2009,425,8,785.19,115.337930,35.551363,313.96,0.00155268
2009,425,9,883.34,115.337619,35.550569,299.01,0.00017977
2009,425,10,981.49,115.336977,35.549871,269.11,-0.00053304
2009,425,11,1079.64,115.336501,35.549125,284.06,-0.00010829
2009,425,12,1177.79,115.335816,35.548440,284.06,-0.00000000
2009,425,13,1275.94,115.335339,35.547695,209.31,-0.00050683
2009,425,14,1374.09,115.334654,35.547010,164.46,-0.00101366
2009,426,0,0.00,115.343278,35.556172,1689.41,0.00123976
2009,426,1,89.45,115.343902,35.555548,1794.06,0.00129083
2009,426,2,178.89,115.344626,35.555094,493.37,0.00134190
2009,427,0,0.00,115.334654,35.547010,254.16,-0.00129318
2009,427,1,99.15,115.334654,35.546116,179.41,-0.00133118
2009,427,2,198.29,115.334385,35.545301,179.41,-0.00000000
2009,427,3,297.44,115.334115,35.544486,239.21,0.00133118
2009,427,4,396.58,115.334115,35.543592,254.16,-0.00000000
2009,427,5,495.73,115.334115,35.542699,269.11,-0.00064659
2009,427,6,594.87,115.333846,35.541884,313.96,0.00129318
2009,427,7,694.02,115.333846,35.540990,328.91,0.00218581
2009,427,8,793.16,115.334115,35.540175,373.76,0.00138406
2009,427,9,892.31,115.334465,35.539383,388.71,0.00028300
2009,427,10,991.45,115.334924,35.538624,403.66,-0.00060975
2009,427,11,1090.60,115.335193,35.537808,388.71,0.00015376
2009,427,12,1189.75,115.335498,35.537004,403.66,0.00047825
2009,427,13,1288.89,115.335981,35.536251,403.66,-0.00115195
2009,427,14,1388.04,115.336255,35.535437,403.66,-0.00054176
2009,427,15,1487.18,115.336321,35.534563,388.71,0.00176934
2009,427,16,1586.33,115.336804,35.533810,448.52,0.00068849
2009,427,17,1685.47,115.337349,35.533075,418.61,-0.00139497
2009,427,18,1784.62,115.337619,35.532260,433.57,-0.00071470
2009,427,19,1883.76,115.337837,35.531430,388.71,0.00123859
2009,427,20,1982.91,115.338158,35.530630,388.71,0.00013450
2009,427,21,2082.05,115.338803,35.529925,209.31,-0.00201333
2009,427,22,2181.20,115.338697,35.529157,403.66,0.00056496
2009,427,23,2280.35,115.338966,35.528342,418.61,0.00229505
2009,427,24,2379.49,115.339505,35.527606,403.66,0.00137613
2009,428,0,0.00,115.334654,35.547010,1076.44,0.00000000
2009,428,1,48.87,115.334115,35.547010,926.93,0.00000000
2009,428,2,97.75,115.333576,35.547010,822.28,0.00000000
2009,429,0,0.00,115.339505,35.527606,388.71,0.00032215
2009,429,1,76.38,115.339621,35.526951,343.86,0.00000000
2009,429,2,152.76,115.339775,35.526308,433.57,0.00319750
2009,429,3,229.15,115.339852,35.525642,358.81,0.00730913
2009,429,4,305.53,115.340583,35.525450,463.47,0.00790110
2009,43,0,0.00,115.877147,35.870134,403.66,-0.00000000
2009,43,1,88.87,115.876426,35.869682,388.71,-0.00000000
2009,43,2,177.74,115.875706,35.869231,388.71,0.00000000
2009,43,3,266.61,115.874985,35.868780,388.71,0.00067863
2009,43,4,355.48,115.874265,35.868329,388.71,0.00130530
2009,43,5,444.35,115.873644,35.867708,403.66,0.00125334
2009,430,0,0.00,115.339505,35.527606,1076.44,-0.00050162
2009,430,1,90.78,115.340506,35.527606,897.03,-0.00398449
2009,430,2,181.56,115.341465,35.527533,373.76,-0.00916622
2009,430,3,272.34,115.341661,35.526772,403.66,-0.00790532
2009,430,4,363.12,115.341217,35.526083,612.97,-0.00300914
2009,430,5,453.90,115.340583,35.525450,642.87,-0.00107274
2009,432,0,0.00,115.340583,35.525450,373.76,-0.00024489
2009,432,1,95.29,115.340853,35.524670,343.86,-0.00000000
2009,432,2,190.57,115.341079,35.523877,284.06,-0.00050210
2009,432,3,285.86,115.341392,35.523109,224.26,0.00138801
2009,432,4,381.14,115.341392,35.522250,224.26,0.00446760
2009,432,5,476.43,115.342244,35.521947,269.11,-0.00052784
2009,432,6,571.71,115.342992,35.521425,239.21,-0.00453995
2009,432,7,667.00,115.343031,35.520577,284.06,-0.00098261
2009,432,8,762.28,115.343278,35.519791,358.81,0.00114890
2009,433,0,0.00,115.343278,35.519791,687.72,0.00000000
2009,433,1,85.56,115.342335,35.519791,538.22,0.00000000
2009,433,2,171.12,115.341392,35.519791,642.87,0.00000000
2009,434,0,0.00,115.343278,35.519791,358.81,-0.00202637
2009,434,1,99.42,115.343972,35.519097,313.96,-0.00182682
2009,434,2,198.84,115.344248,35.518281,343.86,-0.00053492
2009,434,3,298.26,115.344626,35.517495,299.01,0.00108455
2009,434,4,397.68,115.345010,35.516711,328.91,0.00154811
2009,434,5,497.10,115.345704,35.516018,328.91,0.00148454
2009,435,0,0.00,115.345704,35.516018,867.13,-0.00314141
2009,435,1,92.24,115.346721,35.516018,553.17,-0.00535415
2009,435,2,184.48,115.347486,35.515583,209.31,-0.00622773
2009,435,3,276.72,115.347590,35.514940,254.16,-0.00488857
2009,436,0,0.00,115.345704,35.516018,373.76,0.00000000
2009,436,1,88.22,115.345704,35.515380,373.76,0.00080478
2009,436,2,176.44,115.345704,35.514585,388.71,0.00411587
2009,436,3,264.66,115.345968,35.513867,284.06,0.00587984
2009,436,4,352.88,115.346782,35.513592,418.61,0.00513751
2009,437,0,0.00,115.347590,35.514940,1046.54,0.00000000
2009,437,1,24.45,115.347860,35.514940,986.73,0.00000000
2009,437,2,48.89,115.348129,35.514940,926.93,0.00000000
2009,438,0,0.00,115.347590,35.514940,299.01,-0.00178022
2009,438,1,87.83,115.347321,35.514227,478.42,-0.00174984
2009,438,2,175.67,115.346782,35.513592,478.42,-0.00171947
2009,439,0,0.00,115.346782,35.513592,358.81,-0.00162071
2009,439,1,91.35,115.347051,35.512847,284.06,-0.00081036
2009,439,2,182.71,115.347051,35.512024,299.01,0.00103109
2009,439,3,274.06,115.347321,35.511279,299.01,0.00272392
2009,439,4,365.41,115.347662,35.510556,343.86,0.00319223
2009,439,5,456.76,115.348399,35.510089,418.61,0.00299878
2009,44,0,0.00,115.873644,35.867708,642.87,0.00000000
2009,44,1,59.80,115.873644,35.867169,612.97,0.00000000
2009,44,2,119.61,115.873644,35.866630,493.37,0.00000000
2009,440,0,0.00,115.348399,35.510089,418.61,0.00270350
2009,440,1,98.42,115.348399,35.509202,403.66,0.00275962
2009,440,2,196.85,115.348938,35.508472,448.52,0.00281573
2009,441,0,0.00,115.348399,35.510089,687.72,-0.00061012
2009,441,1,82.49,115.348974,35.510664,777.43,0.00000000
2009,441,2,164.98,115.349592,35.511167,657.82,0.00099873
2009,441,3,247.46,115.350016,35.511706,478.42,0.00138734
2009,442,0,0.00,115.348938,35.508472,418.61,-0.00149706
2009,442,1,84.29,115.349317,35.507823,373.76,-0.00074853
2009,442,2,168.58,115.349488,35.507113,343.86,0.00216868
2009,442,3,252.88,115.349868,35.506464,358.81,0.00362904
2009,442,4,337.17,115.350555,35.506046,403.66,0.00292071
2009,443,0,0.00,115.348938,35.508472,777.43,-0.00000000
2009,443,1,80.36,115.349498,35.509033,702.67,0.00023185
2009,443,2,160.72,115.350059,35.509593,627.92,0.00239022
2009,443,3,241.08,115.350555,35.510173,388.71,0.00403279
2009,443,4,321.44,115.350555,35.510897,343.86,0.00374884
2009,444,0,0.00,115.350555,35.506046,403.66,0.00082976
2009,444,1,83.73,115.350555,35.505292,328.91,0.00315686
2009,444,2,167.47,115.350680,35.504574,388.71,0.00515880
2009,444,3,251.20,115.351363,35.504160,358.81,0.00483365
2009,445,0,0.00,115.350555,35.506046,1016.64,-0.00832797
2009,445,1,91.26,115.351248,35.506585,612.97,-0.00878237
2009,445,2,182.53,115.351942,35.506046,373.76,-0.00839693
2009,445,3,273.79,115.352441,35.505491,328.91,-0.00719293
2009,445,4,365.05,115.352000,35.504797,702.67,-0.00396425
2009,445,5,456.31,115.351363,35.504160,807.33,-0.00109974
2009,446,0,0.00,115.351363,35.504160,313.96,0.00143574
2009,446,1,97.89,115.351633,35.503356,328.91,0.00142284
2009,446,2,195.79,115.352172,35.502631,328.91,0.00073346
2009,446,3,293.68,115.352711,35.501906,328.91,-0.00013750
2009,446,4,391.57,115.353261,35.501184,328.91,-0.00076309
2009,446,5,489.46,115.353735,35.500440,284.06,-0.00185145
2009,446,6,587.36,115.354058,35.499652,239.21,-0.00205519
2009,446,7,685.25,115.354058,35.498770,254.16,-0.00160168
2009,447,0,0.00,115.354058,35.498770,538.22,-0.00551000
2009,447,1,71.95,115.354758,35.498609,284.06,-0.00724037
2009,447,2,143.90,115.355136,35.498071,284.06,-0.00625701
2009,447,3,215.85,115.355136,35.497423,194.36,-0.00354327
2009,448,0,0.00,115.354058,35.498770,598.02,0.00384979
2009,448,1,83.48,115.353519,35.498175,313.96,0.00381848
2009,448,2,166.95,115.353519,35.497423,194.36,0.00378718
2009,449,0,0.00,115.355405,35.497153,239.21,-0.00000000
2009,449,1,19.31,115.355271,35.497288,224.26,-0.00000000
2009,449,2,38.63,115.355136,35.497423,209.31,-0.00000000
2009,45,0,0.00,115.873644,35.867708,328.91,0.00160257
2009,45,1,81.15,115.872778,35.867651,433.57,0.00253164
2009,45,2,162.30,115.872012,35.867424,388.71,0.00259534
2009,45,3,243.45,115.871346,35.867027,239.21,0.00086499
2009,45,4,324.60,115.870679,35.866630,254.16,0.00000000
2009,450,0,0.00,115.355405,35.497153,373.76,0.00144013
2009,450,1,94.06,115.355405,35.496305,179.41,0.00148333
2009,450,2,188.13,115.355675,35.495536,313.96,0.00152654
2009,451,0,0.00,115.355405,35.497153,717.63,0.00000000
2009,451,1,73.36,115.356214,35.497153,478.42,0.00000000
2009,451,2,146.71,115.357022,35.497153,104.65,0.00000000
2009,452,0,0.00,115.355136,35.497423,1315.65,-0.00442192
2009,452,1,87.53,115.354328,35.497153,598.02,-0.00442192
2009,452,2,175.06,115.353519,35.497423,433.57,-0.00442192
2009,453,0,0.00,115.353519,35.497423,313.96,0.00000000
2009,453,1,63.08,115.352980,35.497153,328.91,0.00000000
2009,453,2,126.15,115.352441,35.496884,224.26,0.00000000
2009,455,0,0.00,115.355675,35.495536,299.01,-0.00369261
2009,455,1,53.58,115.355510,35.495101,313.96,-0.00358542
2009,455,2,107.15,115.355136,35.494728,328.91,-0.00347824
2009,456,0,0.00,115.355675,35.495536,717.63,0.00884354
2009,456,1,43.77,115.356157,35.495536,1061.49,0.00903207
2009,456,2,87.53,115.356483,35.495806,523.27,0.00922060
2009,457,0,0.00,115.355136,35.494728,1046.54,0.00261290
2009,457,1,75.95,115.354606,35.495258,882.08,0.00577413
2009,457,2,151.91,115.353930,35.495536,583.07,0.00748869
2009,457,3,227.86,115.353250,35.495267,239.21,0.00604201
2009,458,0,0.00,115.355136,35.494728,284.06,-0.00526558
2009,458,1,90.26,115.354715,35.494037,254.16,-0.00528411
2009,458,2,180.51,115.353789,35.493919,269.11,-0.00530264
2009,459,0,0.00,115.353250,35.495267,583.07,-0.00867830
2009,459,1,34.26,115.353010,35.495506,194.36,-0.00879510
2009,459,2,68.53,115.352980,35.495806,299.01,-0.00891191
2009,460,0,0.00,115.353250,35.495267,254.16,0.00473637
2009,460,1,92.20,115.353145,35.494562,448.52,0.00437115
2009,460,2,184.40,115.353789,35.493919,1061.49,0.00400592
2009,462,0,0.00,115.353789,35.493919,254.16,-0.00198719
2009,462,1,93.84,115.353067,35.493380,239.21,-0.00124520
2009,462,2,187.68,115.352189,35.493111,194.36,-0.00008292
2009,462,3,281.52,115.351429,35.492637,224.26,-0.00109892
2009,462,4,375.36,115.350576,35.492324,224.26,-0.00187888
2009,462,5,469.21,115.349625,35.492181,269.11,0.00065294
2009,462,6,563.05,115.348677,35.492033,284.06,0.00092571
2009,462,7,656.89,115.347920,35.491554,313.96,-0.00205842
2009,462,8,750.73,115.346921,35.491494,299.01,-0.00000000
2009,462,9,844.57,115.345887,35.491494,328.91,0.00374959
2009,462,10,938.41,115.345165,35.490955,403.66,0.00405938
2009,463,0,0.00,115.345165,35.490955,358.81,0.00000000
2009,463,1,98.93,115.344074,35.490955,358.81,0.00081558
2009,463,2,197.86,115.342984,35.490955,388.71,0.00171415
2009,463,3,296.78,115.342050,35.490685,388.71,0.00089857
2009,463,4,395.71,115.341116,35.490416,373.76,-0.00089857
2009,463,5,494.64,115.340182,35.490146,358.81,-0.00252974
2009,463,6,593.57,115.339092,35.490146,358.81,-0.00252974
2009,463,7,692.49,115.338158,35.490416,418.61,-0.00179715
2009,464,0,0.00,115.345165,35.490955,687.72,0.00000000
2009,464,1,77.25,115.345704,35.490416,747.53,0.00000000
2009,464,2,154.51,115.346243,35.489877,926.93,0.00000000
2009,465,0,0.00,115.338158,35.490416,1794.06,0.00000000
2009,465,1,29.90,115.338158,35.490685,1794.06,0.00000000
2009,465,2,59.80,115.338158,35.490955,1794.06,0.00000000
2009,466,0,0.00,115.338158,35.490416,448.52,-0.00442128
2009,466,1,87.53,115.337349,35.490146,388.71,-0.00442128
2009,466,2,175.07,115.336541,35.490416,403.66,-0.00442128
2009,467,0,0.00,115.338158,35.490955,598.02,0.00149995
2009,467,1,91.77,115.337518,35.491595,598.02,0.00708536
2009,467,2,183.54,115.336778,35.492001,373.76,0.01196698
2009,467,3,275.32,115.336541,35.491243,1240.89,0.00629599
2009,467,4,367.09,115.336541,35.490416,1794.06,0.00132880
2009,468,0,0.00,115.338158,35.490955,493.37,-0.00000000
2009,468,1,72.53,115.338664,35.491461,553.17,-0.00095281
2009,468,2,145.06,115.339170,35.491967,388.71,-0.00199555
2009,468,3,217.59,115.339775,35.492302,373.76,-0.00208548
2009,47,0,0.00,115.873644,35.866630,403.66,-0.00118373
2009,47,1,91.39,115.873005,35.865991,388.71,-0.00214373
2009,47,2,182.78,115.872267,35.865523,254.16,-0.00604362
2009,47,3,274.17,115.871395,35.865283,478.42,-0.00907336
2009,47,4,365.57,115.870949,35.865884,1016.64,-0.00524899
2009,47,5,456.96,115.870679,35.866630,1046.54,-0.00133477
2009,470,0,0.00,115.336541,35.490416,403.66,-0.00202145
2009,470,1,93.53,115.335666,35.490146,388.71,-0.00101072
2009,470,2,187.07,115.334636,35.490146,418.61,0.00000000
2009,470,3,280.60,115.333761,35.489877,388.71,-0.00037002
2009,470,4,374.13,115.332730,35.489877,418.61,-0.00000000
2009,470,5,467.66,115.331795,35.489712,373.76,-0.00018326
2009,470,6,561.20,115.330825,35.489607,418.61,-0.00000000
2009,470,7,654.73,115.329798,35.489601,418.61,0.00059646
2009,470,8,748.26,115.328919,35.489338,418.61,0.00000000
2009,470,9,841.80,115.327899,35.489320,388.71,-0.00010759
2009,470,10,935.33,115.327014,35.489068,388.71,-0.00091544
2009,470,11,1028.86,115.325983,35.489068,358.81,-0.00085103
2009,470,12,1122.39,115.324953,35.489068,388.71,0.00000000
2009,471,0,0.00,115.324953,35.489068,418.61,0.00181735
2009,471,1,98.40,115.324024,35.489338,358.81,0.00255784
2009,471,2,196.80,115.322940,35.489338,328.91,0.00164916
2009,471,3,295.20,115.322012,35.489068,299.01,-0.00082458
2009,471,4,393.61,115.320928,35.489068,239.21,-0.00032332
2009,471,5,492.01,115.319843,35.489068,269.11,0.00082458
2009,471,6,590.41,115.318856,35.488901,254.16,0.00003428
2009,471,7,688.81,115.317831,35.488799,209.31,0.00050712
2009,471,8,787.21,115.316791,35.488722,254.16,0.00093245
2009,471,9,885.61,115.315907,35.488377,239.21,-0.00012106
2009,471,10,984.01,115.314890,35.488260,239.21,0.00026527
2009,471,11,1082.42,115.313962,35.487990,269.11,0.00052262
2009,471,12,1180.82,115.313034,35.487721,239.21,0.00066582
2009,471,13,1279.22,115.312105,35.487451,299.01,0.00093078
2009,471,14,1377.62,115.311288,35.486991,343.86,-0.00013591
2009,471,15,1476.02,115.310403,35.486646,358.81,-0.00040087
2009,471,16,1574.42,115.309519,35.486301,343.86,0.00015976
2009,471,17,1672.82,115.308635,35.485956,358.81,0.00059562
2009,471,18,1771.23,115.307777,35.485565,343.86,0.00027777
2009,471,19,1869.63,115.306965,35.485094,373.76,0.00000000
2009,471,20,1968.03,115.306081,35.484749,328.91,0.00086625
2009,471,21,2066.43,115.305295,35.484233,328.91,0.00057931
2009,471,22,2164.83,115.304533,35.483678,328.91,0.00002332
2009,471,23,2263.23,115.303725,35.483201,343.86,0.00035313
2009,471,24,2361.63,115.302989,35.482600,418.61,0.00012719
2009,471,25,2460.04,115.302217,35.482061,418.61,0.00038761
2009,471,26,2558.44,115.301467,35.481483,448.52,0.00027019
2009,471,27,2656.84,115.300781,35.480797,433.57,-0.00074074
2009,471,28,2755.24,115.299995,35.480281,448.52,-0.00054956
2009,471,29,2853.64,115.299210,35.479765,448.52,0.00054956
2009,471,30,2952.04,115.298425,35.479249,493.37,0.00063510
2009,471,31,3050.44,115.297738,35.478562,448.52,0.00000000
2009,471,32,3148.85,115.296969,35.478019,463.47,0.00034508
2009,471,33,3247.25,115.296266,35.477360,478.42,0.00051038
2009,471,34,3345.65,115.295580,35.476674,478.42,-0.00043061
2009,471,35,3444.05,115.294893,35.475987,508.32,-0.00000000
2009,471,36,3542.45,115.294108,35.475471,553.17,0.00154540
2009,471,37,3640.85,115.293630,35.474724,553.17,0.00158148
2009,471,38,3739.25,115.293152,35.473976,612.97,0.00109665
2009,471,39,3837.66,115.292883,35.473168,657.82,0.00110037
2009,472,0,0.00,115.324953,35.489068,1061.49,-0.00212677
2009,472,1,99.92,115.324673,35.488249,687.72,-0.00304657
2009,472,2,199.83,115.323976,35.487552,463.47,-0.00431168
2009,472,3,299.75,115.323089,35.487182,313.96,-0.00344993
2009,472,4,399.67,115.321988,35.487182,313.96,-0.00224286
2009,473,0,0.00,115.292883,35.473168,717.63,0.00488575
2009,473,1,65.81,115.292325,35.472880,732.58,0.00479997
2009,473,2,131.62,115.292074,35.472360,852.18,0.00471419
2009,474,0,0.00,115.292883,35.473168,1794.06,0.00000000
2009,474,1,83.38,115.293464,35.472586,1375.45,0.00000000
2009,474,2,166.75,115.294046,35.472005,1121.29,0.00071616
2009,474,3,250.13,115.294628,35.471423,941.88,0.00149424
2009,474,4,333.50,115.295308,35.471012,74.75,0.00155615
2009,475,0,0.00,115.292074,35.472360,777.43,0.00249978
2009,475,1,95.51,115.291210,35.472035,732.58,0.00183495
2009,475,2,191.02,115.290544,35.471368,687.72,-0.00000000
2009,475,3,286.53,115.289779,35.470873,672.77,0.00000000
2009,475,4,382.04,115.289014,35.470377,642.87,0.00112754
2009,475,5,477.55,115.288347,35.469711,612.97,0.00107848
2009,475,6,573.06,115.287681,35.469044,598.02,0.00110023
2009,475,7,668.57,115.287223,35.468317,598.02,0.00112845
2009,476,0,0.00,115.292074,35.472360,1794.06,-0.00000000
2009,476,1,96.17,115.292745,35.471689,1390.40,-0.00000000
2009,476,2,192.34,115.293416,35.471018,1166.14,0.00180883
2009,476,3,288.51,115.294087,35.470347,448.52,0.00765632
2009,476,4,384.68,115.295054,35.470219,702.67,0.00962840
2009,476,5,480.85,115.295308,35.471012,822.28,0.00756184
2009,478,0,0.00,115.295308,35.471012,792.38,-0.00148822
2009,478,1,87.55,115.296117,35.471282,657.82,-0.00000000
2009,478,2,175.10,115.297024,35.471380,583.07,0.00149911
2009,478,3,262.65,115.297734,35.471821,538.22,0.00000000
2009,478,4,350.20,115.298542,35.472090,553.17,0.00000000
2009,478,5,437.75,115.299351,35.472360,523.27,0.00118718
2009,478,6,525.30,115.300060,35.472800,493.37,-0.00149911
2009,478,7,612.84,115.300811,35.473168,448.52,-0.00339701
2009,478,8,700.39,115.301776,35.473168,284.06,-0.00293144
2009,479,0,0.00,115.287223,35.468317,687.72,0.00180564
2009,479,1,91.21,115.286375,35.468048,538.22,0.00213891
2009,479,2,182.42,115.285654,35.467556,508.32,0.00067936
2009,479,3,273.62,115.284989,35.466970,478.42,-0.00036577
2009,479,4,364.83,115.284184,35.466625,478.42,0.00124047
2009,479,5,456.04,115.283548,35.465989,463.47,0.00104951
2009,479,6,547.25,115.282911,35.465353,448.52,0.00000000
2009,48,0,0.00,115.870679,35.866630,239.21,0.00133772
2009,48,1,92.88,115.869831,35.866321,224.26,0.00194002
2009,48,2,185.75,115.869083,35.865842,269.11,0.00116618
2009,48,3,278.63,115.868434,35.865193,224.26,-0.00061869
2009,48,4,371.50,115.867668,35.864744,239.21,-0.00040285
2009,48,5,464.38,115.866936,35.864235,254.16,-0.00045515
2009,48,6,557.26,115.866188,35.863756,269.11,0.00045254
2009,48,7,650.13,115.865370,35.863396,269.11,0.00124457
2009,48,8,743.01,115.864900,35.862737,284.06,-0.00056341
2009,48,9,835.88,115.864116,35.862318,239.21,-0.00034905
2009,48,10,928.76,115.863403,35.861779,284.06,0.00088072
2009,480,0,0.00,115.287223,35.468317,1794.06,-0.00020737
2009,480,1,99.82,115.287920,35.467621,1794.06,-0.00207637
2009,480,2,199.64,115.288571,35.466911,1031.59,-0.00481019
2009,480,3,299.45,115.288455,35.466045,657.82,-0.00430283
2009,480,4,399.27,115.287967,35.465288,508.32,-0.00195545
2009,480,5,499.09,115.287271,35.464592,463.47,-0.00049012
2009,480,6,598.91,115.286684,35.464005,463.47,0.00000000
2009,481,0,0.00,115.282911,35.465353,627.92,0.00000000
2009,481,1,81.46,115.282911,35.464618,598.02,-0.00166200
2009,481,2,162.93,115.282911,35.463884,433.57,-0.00612169
2009,481,3,244.39,115.282458,35.463282,299.01,-0.01024378
2009,481,4,325.85,115.281610,35.463197,1001.69,-0.00870259
2009,481,5,407.31,115.281025,35.463736,1794.06,-0.00583701
2009,482,0,0.00,115.282911,35.465353,478.42,0.00125563
2009,482,1,95.90,115.282045,35.465025,343.86,0.00293789
2009,482,2,191.81,115.281277,35.464527,284.06,0.00397558
2009,482,3,287.71,115.281025,35.463736,284.06,0.00333101
2009,484,0,0.00,115.281025,35.463736,328.91,0.00082143
2009,484,1,98.45,115.280141,35.463390,343.86,0.00117382
2009,484,2,196.90,115.279324,35.462927,254.16,0.00095512
2009,484,3,295.36,115.278569,35.462358,313.96,0.00050283
2009,484,4,393.81,115.277791,35.461840,254.16,0.00029184
2009,484,5,492.26,115.277207,35.461265,299.01,-0.00050283
2009,484,6,590.71,115.276421,35.460749,269.11,0.00112426
2009,484,7,689.17,115.275635,35.460232,269.11,0.00318884
2009,484,8,787.62,115.275366,35.459424,299.01,0.00316142
2009,485,0,0.00,115.275366,35.459424,313.96,0.00242254
2009,485,1,96.97,115.274491,35.459089,254.16,0.00247758
2009,485,2,193.94,115.273815,35.458412,284.06,0.00161249
2009,485,3,290.92,115.273210,35.457715,239.21,0.00051770
2009,485,4,387.89,115.272671,35.456998,224.26,0.00034306
2009,486,0,0.00,115.275366,35.459424,1659.51,0.00123919
2009,486,1,89.50,115.275990,35.458799,1794.06,0.00129018
2009,486,2,178.99,115.276713,35.458346,538.22,0.00134118
2009,487,0,0.00,115.272671,35.456998,1794.06,0.00203927
2009,487,1,70.18,115.273160,35.456509,1794.06,0.00213729
2009,487,2,140.36,115.273749,35.456190,807.33,0.00223531
2009,488,0,0.00,115.272671,35.456998,224.26,-0.00010097
2009,488,1,93.52,115.272132,35.456313,269.11,-0.00035902
2009,488,2,187.05,115.271574,35.455633,328.91,-0.00055942
2009,488,3,280.57,115.270922,35.454980,299.01,-0.00142869
2009,488,4,374.10,115.270270,35.454328,328.91,-0.00117779
2009,488,5,467.62,115.269420,35.454017,299.01,0.00061147
2009,488,6,561.15,115.268767,35.453364,269.11,0.00061147
2009,488,7,654.67,115.268016,35.452883,313.96,0.00046851
2009,488,8,748.19,115.267364,35.452230,313.96,0.00056632
2009,488,9,841.72,115.266693,35.451608,328.91,0.00145194
2009,488,10,935.24,115.266169,35.451035,313.96,0.00236347
2009,488,11,1028.77,115.265933,35.450261,433.57,0.00201867
2009,489,0,0.00,115.265933,35.450261,448.52,0.00218615
2009,489,1,76.69,115.265089,35.450261,448.52,0.00412081
2009,489,2,153.38,115.264369,35.450044,358.81,0.00551415
2009,489,3,230.08,115.263834,35.449509,358.81,0.00337302
2009,489,4,306.77,115.263508,35.448914,403.66,0.00177323
2009,49,0,0.00,115.863403,35.861779,373.76,0.00224119
2009,49,1,70.01,115.862814,35.861460,284.06,0.00214249
2009,49,2,140.01,115.862325,35.860971,299.01,0.00204379
2009,490,0,0.00,115.265933,35.450261,1659.51,0.00000000
2009,490,1,57.95,115.266338,35.449857,1016.64,0.00000000
2009,490,2,115.90,115.266742,35.449452,657.82,0.00000000
2009,491,0,0.00,115.263508,35.448914,373.76,0.00109553
2009,491,1,98.57,115.262721,35.448397,328.91,0.00054776
2009,491,2,197.14,115.262034,35.447709,448.52,0.00000000
2009,491,3,295.71,115.261248,35.447192,448.52,0.00000000
2009,491,4,394.28,115.260560,35.446505,508.32,-0.00054776
2009,491,5,492.85,115.259774,35.445988,493.37,0.00000000
2009,491,6,591.42,115.258987,35.445471,493.37,0.00105653
2009,491,7,689.99,115.258300,35.444783,493.37,0.00016966
2009,491,8,788.56,115.257612,35.444096,493.37,-0.00050877
2009,491,9,887.12,115.256858,35.443524,538.22,0.00058777
2009,491,10,985.69,115.256138,35.442891,523.27,-0.00004607
2009,491,11,1084.26,115.255640,35.442176,553.17,-0.00176860
2009,491,12,1182.83,115.254774,35.441797,553.17,0.00004607
2009,491,13,1281.40,115.253988,35.441280,568.12,0.00101117
2009,491,14,1379.97,115.253300,35.440592,568.12,0.00000000
2009,491,15,1478.54,115.252514,35.440075,538.22,0.00000000
2009,491,16,1577.11,115.251826,35.439388,583.07,0.00000000
2009,491,17,1675.68,115.251040,35.438871,583.07,0.00050877
2009,491,18,1774.25,115.250352,35.438184,538.22,0.00050877
2009,491,19,1872.82,115.249665,35.437496,583.07,-0.00050877
2009,491,20,1971.39,115.248977,35.436808,598.02,-0.00050877
2009,491,21,2069.96,115.248191,35.436292,612.97,-0.00000000
2009,491,22,2168.53,115.247503,35.435604,583.07,0.00050877
2009,491,23,2267.10,115.246717,35.435087,583.07,0.00050877
2009,491,24,2365.67,115.246238,35.434339,568.12,-0.00105653
2009,491,25,2464.24,115.245452,35.433822,612.97,-0.00211306
2009,492,0,0.00,115.263508,35.448914,1794.06,0.00123913
2009,492,1,89.50,115.264132,35.448289,1794.06,0.00129011
2009,492,2,179.01,115.264855,35.447836,493.37,0.00134110
2009,493,0,0.00,115.245452,35.433822,657.82,-0.00369315
2009,493,1,53.59,115.245286,35.433387,627.92,-0.00358583
2009,493,2,107.17,115.244913,35.433013,657.82,-0.00347851
2009,494,0,0.00,115.245452,35.433822,1719.31,0.00000000
2009,494,1,89.10,115.244830,35.434443,1300.70,0.00000000
2009,494,2,178.19,115.244209,35.435065,1330.60,0.00319211
2009,494,3,267.29,115.243587,35.435686,971.78,0.01103269
2009,494,4,356.39,115.242768,35.435450,553.17,0.01310681
2009,494,5,445.48,115.242950,35.434707,971.78,0.00659761
2009,494,6,534.58,115.243571,35.434086,1375.45,0.00195680
2009,494,7,623.67,115.244192,35.433464,1659.51,0.00130246
2009,494,8,712.77,115.244913,35.433013,1794.06,0.00135409
2009,496,0,0.00,115.244913,35.433013,717.63,0.00000000
2009,496,1,74.75,115.244913,35.432340,717.63,0.00000000
2009,496,2,149.50,115.244913,35.431666,732.58,0.00000000
2009,497,0,0.00,115.244913,35.431666,717.63,0.00052359
2009,497,1,92.30,115.244052,35.431396,732.58,0.00107028
2009,497,2,184.61,115.243230,35.431061,642.87,0.00134146
2009,497,3,276.91,115.242487,35.430588,523.27,0.00106596
2009,498,0,0.00,115.244913,35.431666,1794.06,-0.00000000
2009,498,1,57.96,115.245317,35.431262,1704.36,-0.00000000
2009,498,2,115.91,115.245721,35.430857,1225.94,-0.00000000
2009,499,0,0.00,115.242487,35.430588,792.38,-0.00156236
2009,499,1,84.32,115.242316,35.429878,627.92,-0.00233394
2009,499,2,168.63,115.241930,35.429240,583.07,-0.00208265
2009,499,3,252.95,115.241409,35.428765,598.02,-0.00026007
2009,499,4,337.26,115.240870,35.428162,598.02,0.00053965
2009,5,0,0.00,115.862325,35.903012,299.01,0.00164133
2009,5,1,79.93,115.862466,35.902332,254.16,0.00504608
2009,5,2,159.86,115.862815,35.901713,239.21,0.00752679
2009,5,3,239.79,115.863672,35.901664,299.01,0.00660275
2009,50,0,0.00,115.863403,35.861779,1794.06,-0.00174084
2009,50,1,71.34,115.863901,35.861281,1166.14,-0.00199156
2009,50,2,142.69,115.864211,35.860727,897.03,-0.00132228
2009,50,3,214.03,115.864481,35.860162,463.47,-0.00040227
2009,500,0,0.00,115.242487,35.430588,1629.61,-0.00000000
2009,500,1,96.59,115.241814,35.431262,1270.79,-0.00000000
2009,500,2,193.19,115.241140,35.431935,867.13,-0.00000000
2009,501,0,0.00,115.245721,35.430857,792.38,0.00000000
2009,501,1,95.53,115.245721,35.429996,867.13,0.00143859
2009,501,2,191.05,115.245721,35.429135,1106.34,0.00293173
2009,501,3,286.58,115.246260,35.428432,702.67,0.00298627
2009,502,0,0.00,115.245721,35.430857,1794.06,-0.00147981
2009,502,1,92.62,115.246466,35.430382,1046.54,-0.00333578
2009,502,2,185.24,115.247069,35.429723,1001.69,-0.00672110
2009,502,3,277.86,115.247005,35.428907,642.87,-0.00647388
2009,502,4,370.47,115.246260,35.428432,777.43,-0.00469731
2009,503,0,0.00,115.240870,35.428162,538.22,-0.00276149
2009,503,1,80.78,115.240601,35.427513,598.02,-0.00292309
2009,503,2,161.55,115.240062,35.427084,553.17,-0.00308469
2009,504,0,0.00,115.240870,35.428162,1764.16,0.00000000
2009,504,1,96.02,115.240201,35.428832,1390.40,0.00227442
2009,504,2,192.05,115.239531,35.429502,1196.04,0.00658566
2009,504,3,288.07,115.238478,35.429510,657.82,0.00678771
2009,504,4,384.09,115.237906,35.428971,642.87,0.00495296
2009,505,0,0.00,115.246260,35.428432,508.32,0.00000000
2009,505,1,19.32,115.246125,35.428297,583.07,0.00000000
2009,505,2,38.64,115.245991,35.428162,583.07,0.00000000
2009,506,0,0.00,115.240062,35.427084,657.82,-0.00151727
2009,506,1,83.49,115.239897,35.426380,627.92,-0.00152238
2009,506,2,166.98,115.239523,35.425737,642.87,-0.00152749
2009,507,0,0.00,115.240062,35.427084,1794.06,0.00000000
2009,507,1,98.31,115.239376,35.427770,1524.95,0.00051152
2009,507,2,196.63,115.238690,35.428456,1210.99,0.00106232
2009,507,3,294.94,115.237906,35.428971,1181.09,0.00110160
2009,508,0,0.00,115.237906,35.428971,642.87,0.00253807
2009,508,1,88.89,115.237367,35.428469,553.17,0.00420627
2009,508,2,177.78,115.237097,35.427747,762.48,0.00572947
2009,508,3,266.67,115.237413,35.427038,1031.59,0.00308814
2009,508,4,355.55,115.238033,35.426418,1330.60,-0.00035854
2009,508,5,444.44,115.238445,35.425737,1121.29,-0.00130889
2009,51,0,0.00,115.862325,35.860971,299.01,0.00000000
2009,51,1,50.73,115.861921,35.860701,373.76,0.00000000
2009,51,2,101.46,115.861516,35.860432,299.01,0.00000000
2009,510,0,0.00,115.239523,35.425737,1016.64,0.00000000
2009,510,1,48.95,115.238984,35.425737,986.73,0.00000000
2009,510,2,97.89,115.238445,35.425737,837.23,0.00000000
2009,511,0,0.00,115.239523,35.425737,1794.06,0.00000000
2009,511,1,88.01,115.240137,35.425123,1465.15,-0.00071510
2009,511,2,176.02,115.240750,35.424509,1151.19,-0.00349794
2009,511,3,264.03,115.241124,35.423835,717.63,-0.00684879
2009,511,4,352.04,115.240870,35.423115,478.42,-0.00954276
2009,511,5,440.04,115.240147,35.422773,941.88,-0.00942896
2009,511,6,528.05,115.239403,35.423162,1360.50,-0.00480744
2009,511,7,616.06,115.238789,35.423776,1554.85,-0.00085528
2009,511,8,704.07,115.238175,35.424389,1764.16,0.00000000
2009,513,0,0.00,115.238445,35.425737,583.07,0.00217887
2009,513,1,79.12,115.238175,35.425103,672.77,0.00211488
2009,513,2,158.24,115.238175,35.424389,702.67,0.00205088
2009,515,0,0.00,115.238175,35.424389,612.97,-0.00000000
2009,515,1,63.11,115.237636,35.424120,553.17,-0.00000000
2009,515,2,126.23,115.237097,35.423851,583.07,-0.00000000
2009,516,0,0.00,115.237097,35.423851,598.02,-0.00096155
2009,516,1,99.86,115.236609,35.423093,568.12,-0.00154478
2009,516,2,199.71,115.236019,35.422507,508.32,-0.00051585
2009,516,3,299.57,115.235228,35.421981,448.52,0.00053979
2009,516,4,399.42,115.234740,35.421223,463.47,-0.00073858
2009,516,5,499.28,115.233944,35.420698,388.71,-0.00049557
2009,516,6,599.13,115.233204,35.420078,313.96,0.00005850
2009,516,7,698.99,115.232453,35.419475,269.11,0.00049557
2009,516,8,798.84,115.231707,35.418935,209.31,0.00054930
2009,516,9,898.70,115.231170,35.418192,149.51,-0.00159070
2009,516,10,998.55,115.230374,35.417666,164.46,-0.00257867
2009,516,11,1098.41,115.229480,35.417311,209.31,-0.00139707
2009,516,12,1198.27,115.228496,35.417113,239.21,-0.00092944
2009,516,13,1298.12,115.227552,35.416844,299.01,-0.00064275
2009,516,14,1397.98,115.226453,35.416844,418.61,0.00088101
2009,516,15,1497.83,115.225509,35.416574,493.37,0.00176202
2009,517,0,0.00,115.237097,35.423851,1599.71,0.00000000
2009,517,1,90.16,115.236469,35.424479,1375.45,-0.00000000
2009,517,2,180.32,115.235840,35.425108,1136.24,-0.00000000
2009,517,3,270.47,115.235211,35.425737,777.43,-0.00000000
2009,518,0,0.00,115.225509,35.416574,852.18,-0.00247706
2009,518,1,92.64,115.225280,35.415806,1121.29,-0.00400105
2009,518,2,185.28,115.224634,35.415160,657.82,-0.00525532
2009,518,3,277.92,115.223731,35.414957,343.86,-0.00449355
2009,518,4,370.56,115.222711,35.414957,284.06,-0.00319184
2009,518,5,463.20,115.221905,35.415327,299.01,-0.00026411
2009,518,6,555.84,115.221062,35.415632,269.11,0.00157209
2009,518,7,648.48,115.220119,35.415766,284.06,0.00129021
2009,519,0,0.00,115.225509,35.416574,448.52,-0.00150888
2009,519,1,87.59,115.224701,35.416844,313.96,-0.00075444
2009,519,2,175.19,115.223991,35.417284,284.06,0.00075444
2009,519,3,262.78,115.223182,35.417553,284.06,0.00031751
2009,519,4,350.37,115.222374,35.417823,254.16,0.00074354
2009,519,5,437.96,115.221623,35.418191,239.21,0.00264431
2009,519,6,525.56,115.220658,35.418191,299.01,0.00292765
2009,52,0,0.00,115.862325,35.860971,1794.06,0.00000000
2009,52,1,77.11,115.862864,35.860432,1031.59,0.00000000
2009,52,2,154.23,115.863403,35.859893,119.60,0.00000000
2009,520,0,0.00,115.220119,35.415766,508.32,0.00314578
2009,520,1,64.17,115.220119,35.416344,732.58,0.00324003
2009,520,2,128.34,115.219850,35.416844,717.63,0.00333429
2009,521,0,0.00,115.220119,35.415766,373.76,-0.00980200
2009,521,1,72.56,115.219514,35.415562,388.71,-0.00878579
2009,521,2,145.12,115.219008,35.416068,313.96,-0.00388479
2009,521,3,217.68,115.218502,35.416574,538.22,-0.00000000
2009,522,0,0.00,115.220658,35.418191,269.11,0.00302448
2009,522,1,91.53,115.220136,35.418730,239.21,0.00395905
2009,522,2,183.05,115.219284,35.419000,269.11,0.00436132
2009,522,3,274.58,115.218276,35.419000,627.92,0.00297208
2009,522,4,366.10,115.217424,35.418730,717.63,0.00211513
2009,523,0,0.00,115.220658,35.418191,1599.71,0.00172067
2009,523,1,87.86,115.220119,35.417557,837.23,0.00175115
2009,523,2,175.72,115.219850,35.416844,493.37,0.00178162
2009,525,0,0.00,115.219850,35.416844,538.22,0.00350980
2009,525,1,68.27,115.219098,35.416844,538.22,0.00369716
2009,525,2,136.55,115.218502,35.416574,837.23,0.00388453
2009,526,0,0.00,115.218502,35.416574,612.97,0.00000000
2009,526,1,92.23,115.217963,35.417248,299.01,0.00000000
2009,526,2,184.46,115.217424,35.417922,598.02,0.00000000
2009,528,0,0.00,115.217424,35.418730,941.88,0.00000000
2009,528,1,44.85,115.217424,35.418326,956.83,0.00000000
2009,528,2,89.70,115.217424,35.417922,1121.29,0.00000000
2009,529,0,0.00,115.217424,35.418730,538.22,0.00260558
2009,529,1,79.43,115.216862,35.419269,388.71,0.00415376
2009,529,2,158.87,115.216143,35.419539,403.66,0.00413360
2009,529,3,238.30,115.215268,35.419539,418.61,0.00256526
2009,530,0,0.00,115.217424,35.417922,941.88,-0.00112488
2009,530,1,93.02,115.216677,35.417444,926.93,-0.00277523
2009,530,2,186.03,115.215844,35.417113,627.92,-0.00720629
2009,530,3,279.05,115.214885,35.417227,418.61,-0.00955456
2009,530,4,372.06,115.214729,35.418019,433.57,-0.00575911
2009,530,5,465.08,115.214999,35.418779,807.33,-0.00119806
2009,530,6,558.10,115.215268,35.419539,1240.89,0.00000000
2009,532,0,0.00,115.215268,35.419539,463.47,0.00203886
2009,532,1,70.20,115.214779,35.420028,433.57,0.00213682
2009,532,2,140.40,115.214190,35.420347,388.71,0.00223478
2009,533,0,0.00,115.214190,35.420347,433.57,0.00287218
2009,533,1,79.43,115.213636,35.420901,299.01,0.00436320
2009,533,2,158.86,115.212909,35.421156,299.01,0.00413373
2009,533,3,238.29,115.212034,35.421156,388.71,0.00241325
2009,534,0,0.00,115.214190,35.420347,1480.10,-0.00123896
2009,534,1,89.52,115.213566,35.419723,1285.75,-0.00494221
2009,534,2,179.04,115.212843,35.419269,418.61,-0.00864547
2009,534,3,268.55,115.212120,35.419723,299.01,-0.00494221
2009,534,4,358.07,115.211495,35.420347,299.01,-0.00123896
2009,535,0,0.00,115.212034,35.421156,538.22,0.00740453
2009,535,1,81.76,115.211881,35.421848,328.91,0.00800971
2009,535,2,163.53,115.211048,35.421964,388.71,0.00480767
2009,535,3,245.29,115.210148,35.421964,358.81,0.00100044
2009,536,0,0.00,115.212034,35.421156,1405.35,0.00347856
2009,536,1,53.59,115.211661,35.420782,1779.11,0.00358591
2009,536,2,107.18,115.211495,35.420347,882.08,0.00369326
2009,538,0,0.00,115.211495,35.420347,284.06,-0.00631218
2009,538,1,95.35,115.210446,35.420347,284.06,-0.00745312
2009,538,2,190.69,115.210148,35.421105,583.07,-0.00508121
2009,538,3,286.04,115.210148,35.421964,1061.49,-0.00156835
2009,54,0,0.00,115.864481,35.860162,284.06,-0.00583516
2009,54,1,55.79,115.864020,35.859893,284.06,-0.00558798
2009,54,2,111.58,115.863403,35.859893,373.76,-0.00534080
2009,540,0,0.00,115.210148,35.421964,328.91,0.00570384
2009,540,1,74.71,115.209627,35.422485,239.21,0.00583233
2009,540,2,149.42,115.208815,35.422503,299.01,0.00307006
2009,540,3,224.13,115.207992,35.422503,269.11,0.00017929
2009,541,0,0.00,115.207992,35.422503,1091.39,-0.00346356
2009,541,1,91.36,115.207992,35.421680,1794.06,-0.00382983
2009,541,2,182.71,115.207453,35.421156,807.33,-0.00419610
2009,542,0,0.00,115.207992,35.422503,328.91,0.01343427
2009,542,1,50.88,115.207588,35.422773,269.11,0.01343427
2009,542,2,101.75,115.207183,35.422503,478.42,0.01343427
2009,543,0,0.00,115.207453,35.421156,493.37,-0.00217896
2009,543,1,79.12,115.207183,35.421790,792.38,-0.00211496
2009,543,2,158.24,115.207183,35.422503,1091.39,-0.00205096
2009,544,0,0.00,115.207453,35.421156,448.52,-0.00808736
2009,544,1,78.59,115.206744,35.420886,313.96,-0.01010286
2009,544,2,157.18,115.206159,35.421371,583.07,-0.00851485
2009,544,3,235.78,115.206105,35.422064,1001.69,-0.00265481
2009,544,4,314.37,115.206105,35.422773,1181.09,-0.00039829
2009,546,0,0.00,115.207183,35.422503,358.81,0.00577809
2009,546,1,56.03,115.206722,35.422773,343.86,0.00553418
2009,546,2,112.06,115.206105,35.422773,328.91,0.00529028
2009,548,0,0.00,115.206105,35.422773,388.71,0.00000000
2009,548,1,96.18,115.205202,35.423042,328.91,0.00000000
2009,548,2,192.35,115.204299,35.423312,328.91,-0.00000000
2009,548,3,288.53,115.203396,35.423581,299.01,0.00075781
2009,548,4,384.70,115.202493,35.423851,328.91,0.00095324
2009,548,5,480.88,115.201467,35.423907,284.06,-0.00055147
2009,548,6,577.05,115.200531,35.424120,299.01,-0.00057516
2009,548,7,673.23,115.199628,35.424389,328.91,0.00074691
2009,548,8,769.41,115.198664,35.424554,328.91,0.00021266
2009,548,9,865.58,115.197666,35.424659,343.86,-0.00000000
2009,548,10,961.76,115.196763,35.424928,358.81,0.00095085
2009,548,11,1057.93,115.195704,35.424928,358.81,0.00000000
2009,548,12,1154.11,115.194697,35.425018,343.86,-0.00028829
2009,548,13,1250.28,115.193742,35.425198,358.81,-0.00000000
2009,548,14,1346.46,115.192683,35.425198,358.81,-0.00030006
2009,548,15,1442.63,115.191780,35.425467,358.81,0.00086432
2009,548,16,1538.81,115.190721,35.425467,328.91,0.00035868
2009,548,17,1634.99,115.189662,35.425467,358.81,-0.00086432
2009,548,18,1731.16,115.188696,35.425629,373.76,0.00104428
2009,548,19,1827.34,115.187700,35.425737,388.71,0.00086432
2009,548,20,1923.51,115.186796,35.425467,388.71,-0.00235620
2009,548,21,2019.69,115.185893,35.425737,418.61,-0.00363513
2009,549,0,0.00,115.185893,35.425737,926.93,0.00172798
2009,549,1,77.67,115.185560,35.426340,732.58,0.00200547
2009,549,2,155.34,115.185018,35.426881,598.02,0.00528103
2009,549,3,233.01,115.184437,35.427354,313.96,0.00820387
2009,549,4,310.68,115.183737,35.427084,478.42,0.00812861
2009,55,0,0.00,115.861516,35.860432,508.32,-0.00214706
2009,55,1,79.86,115.861516,35.859712,328.91,-0.00801100
2009,55,2,159.71,115.861230,35.859084,224.26,-0.01522411
2009,55,3,239.57,115.860579,35.859483,1480.10,-0.01061714
2009,55,4,319.43,115.860438,35.860162,687.72,-0.00466100
2009,550,0,0.00,115.185893,35.425737,448.52,-0.00322813
2009,550,1,74.71,115.185227,35.425467,418.61,-0.00452647
2009,550,2,149.41,115.184404,35.425467,418.61,-0.00452647
2009,550,3,224.12,115.183737,35.425737,388.71,-0.00322813
2009,551,0,0.00,115.183737,35.427084,717.63,0.00000000
2009,551,1,74.75,115.183737,35.426411,1794.06,0.00000000
2009,551,2,149.50,115.183737,35.425737,1794.06,0.00000000
2009,552,0,0.00,115.183737,35.427084,478.42,0.00292614
2009,552,1,84.55,115.182962,35.427354,313.96,0.00526013
2009,552,2,169.09,115.182064,35.427298,358.81,0.00614566
2009,552,3,253.64,115.181474,35.426708,672.77,0.00303542
2009,552,4,338.19,115.180885,35.426118,717.63,0.00141236
2009,552,5,422.74,115.180504,35.425467,882.08,0.00145107
2009,554,0,0.00,115.183737,35.425737,478.42,-0.00207782
2009,554,1,84.04,115.182968,35.425467,299.01,-0.00126387
2009,554,2,168.09,115.182071,35.425418,433.57,-0.00159532
2009,554,3,252.13,115.181273,35.425198,448.52,-0.00354672
2009,554,4,336.18,115.180504,35.425467,478.42,-0.00435272
2009,555,0,0.00,115.180504,35.425467,418.61,0.00000000
2009,555,1,99.38,115.179409,35.425467,388.71,0.00059568
2009,555,2,198.77,115.178315,35.425467,418.61,0.00080786
2009,555,3,298.15,115.177337,35.425266,403.66,-0.00003191
2009,555,4,397.53,115.176282,35.425198,418.61,-0.00000000
2009,555,5,496.92,115.175259,35.425074,418.61,-0.00013880
2009,555,6,596.30,115.174250,35.424928,418.61,-0.00080786
2009,555,7,695.68,115.173155,35.424928,358.81,0.00038288
2009,555,8,795.07,115.172061,35.424928,418.61,0.00080786
2009,555,9,894.45,115.171123,35.424659,388.71,0.00000000
2009,555,10,993.83,115.170028,35.424659,388.71,0.00079352
2009,555,11,1093.22,115.169090,35.424389,388.71,0.00000000
2009,555,12,1192.60,115.168135,35.424148,373.76,-0.00152109
2009,555,13,1291.98,115.167057,35.424120,388.71,-0.00080786
2009,555,14,1391.37,115.165963,35.424120,328.91,-0.00004362
2009,555,15,1490.75,115.164869,35.424120,358.81,0.00080786
2009,555,16,1590.13,115.163782,35.424107,388.71,0.00072999
2009,555,17,1689.52,115.162836,35.423851,388.71,-0.00047238
2009,555,18,1788.90,115.161742,35.423851,388.71,0.00004119
2009,555,19,1888.28,115.160714,35.423735,358.81,0.00011271
2009,555,20,1987.67,115.159709,35.423581,358.81,-0.00080786
2009,555,21,2087.05,115.158615,35.423581,328.91,-0.00044819
2009,555,22,2186.43,115.157520,35.423581,328.91,0.00000000
2009,555,23,2285.82,115.156426,35.423581,358.81,0.00022722
2009,555,24,2385.20,115.155332,35.423581,418.61,0.00080786
2009,555,25,2484.58,115.154283,35.423502,433.57,0.00033295
2009,555,26,2583.97,115.153299,35.423312,388.71,-0.00000000
2009,555,27,2683.35,115.152205,35.423312,388.71,0.00024769
2009,555,28,2782.73,115.151266,35.423042,418.61,-0.00080786
2009,555,29,2882.12,115.150172,35.423042,388.71,0.00000000
2009,555,30,2981.50,115.149078,35.423042,418.61,0.00169768
2009,555,31,3080.88,115.148139,35.422773,448.52,-0.00000000
2009,555,32,3180.27,115.147201,35.422503,448.52,-0.00169768
2009,555,33,3279.65,115.146107,35.422503,388.71,0.00000000
2009,555,34,3379.04,115.145012,35.422503,388.71,0.00080786
2009,555,35,3478.42,115.144074,35.422234,388.71,-0.00080786
2009,555,36,3577.80,115.142980,35.422234,388.71,-0.00011831
2009,555,37,3677.19,115.141885,35.422234,448.52,0.00080786
2009,555,38,3776.57,115.140925,35.422002,433.57,0.00023826
2009,555,39,3875.95,115.139853,35.421964,448.52,0.00000000
2009,555,40,3975.34,115.138914,35.421695,448.52,0.00036001
2009,555,41,4074.72,115.137820,35.421695,448.52,0.00088982
2009,555,42,4174.10,115.136967,35.421277,463.47,-0.00072404
2009,555,43,4273.49,115.135943,35.421156,463.47,-0.00039605
2009,555,44,4372.87,115.134889,35.421086,448.52,0.00089869
2009,555,45,4472.25,115.133999,35.420734,418.61,-0.00096108
2009,555,46,4571.64,115.132972,35.420617,418.61,-0.00070119
2009,555,47,4671.02,115.131878,35.420617,418.61,0.00046730
2009,555,48,4770.40,115.130931,35.420362,388.71,0.00009342
2009,555,49,4869.79,115.129845,35.420347,418.61,0.00028419
2009,555,50,4969.17,115.128907,35.420078,388.71,-0.00004684
2009,555,51,5068.55,115.127864,35.419989,388.71,-0.00055939
2009,555,52,5167.94,115.126874,35.419808,388.71,-0.00024474
2009,555,53,5267.32,115.125780,35.419808,388.71,0.00027520
2009,555,54,5366.70,115.124796,35.419617,373.76,0.00049658
2009,555,55,5466.09,115.123747,35.419539,418.61,0.00088982
2009,555,56,5565.47,115.122809,35.419269,388.71,-0.00025183
2009,555,57,5664.85,115.121871,35.419000,388.71,-0.00083108
2009,555,58,5764.24,115.120776,35.419000,388.71,0.00088982
2009,555,59,5863.62,115.119849,35.418712,388.71,-0.00011710
2009,555,60,5963.00,115.118900,35.418461,358.81,-0.00088982
2009,555,61,6062.39,115.117805,35.418461,418.61,0.00094818
2009,555,62,6161.77,115.116867,35.418191,418.61,0.00088982
2009,555,63,6261.15,115.115929,35.417922,448.52,-0.00088982
2009,555,64,6360.54,115.114990,35.417652,418.61,-0.00108319
2009,555,65,6459.92,115.113896,35.417652,448.52,-0.00000000
2009,555,66,6559.30,115.112922,35.417444,433.57,0.00039113
2009,555,67,6658.69,115.111863,35.417383,463.47,0.00088982
2009,555,68,6758.07,115.110925,35.417113,448.52,0.00069206
2009,555,69,6857.45,115.109987,35.416844,448.52,-0.00077777
2009,555,70,6956.84,115.109048,35.416574,418.61,-0.00088982
2009,555,71,7056.22,115.107974,35.416539,418.61,0.00075674
2009,555,72,7155.60,115.107016,35.416305,418.61,0.00127017
2009,555,73,7254.99,115.106094,35.416006,418.61,0.00000000
2009,555,74,7354.37,115.105203,35.415654,388.71,-0.00040138
2009,555,75,7453.75,115.104214,35.415473,373.76,0.00086718
2009,555,76,7553.14,115.103323,35.415122,388.71,0.00058476
2009,555,77,7652.52,115.102480,35.414688,299.01,-0.00084614
2009,555,78,7751.90,115.101542,35.414418,328.91,-0.00112746
2009,556,0,0.00,115.101542,35.414418,867.13,-0.00205115
2009,556,1,79.12,115.101542,35.413705,538.22,-0.00211516
2009,556,2,158.24,115.101272,35.413071,328.91,-0.00217917
2009,557,0,0.00,115.101542,35.414418,358.81,0.00209336
2009,557,1,99.46,115.100453,35.414407,239.21,0.00251953
2009,557,2,198.92,115.099562,35.414055,209.31,0.00115341
2009,557,3,298.38,115.098724,35.413610,179.41,-0.00088554
2009,557,4,397.85,115.097779,35.413351,209.31,-0.00000000
2009,557,5,497.31,115.096846,35.413071,179.41,0.00139161
2009,557,6,596.77,115.095997,35.412646,179.41,0.00161343
2009,557,7,696.23,115.095204,35.412123,224.26,0.00086171
2009,557,8,795.69,115.094497,35.411454,209.31,-0.00036025
2009,557,9,895.15,115.093718,35.410907,269.11,0.00034721
2009,557,10,994.61,115.092930,35.410376,299.01,0.00140565
2009,557,11,1094.07,115.092379,35.409647,328.91,0.00029574
2009,557,12,1193.54,115.091747,35.408935,373.76,0.00002191
2009,557,13,1293.00,115.091053,35.408242,388.71,0.00215010
2009,557,14,1392.46,115.090568,35.407487,433.57,0.00179953
2009,557,15,1491.92,115.090622,35.406733,403.66,-0.00229344
2009,557,16,1591.38,115.090137,35.405978,254.16,-0.00229344
2009,557,17,1690.84,115.089344,35.405455,403.66,0.00000000
2009,557,18,1790.30,115.088859,35.404700,388.71,-0.00103726
2009,557,19,1889.76,115.088067,35.404177,448.52,-0.00207452
2009,558,0,0.00,115.088067,35.404177,403.66,-0.00110809
2009,558,1,98.10,115.087800,35.403371,403.66,-0.00073529
2009,558,2,196.19,115.087324,35.402626,403.66,-0.00055040
2009,558,3,294.29,115.086989,35.401840,403.66,-0.00073102
2009,558,4,392.38,115.086373,35.401136,418.61,-0.00013000
2009,558,5,490.48,115.085897,35.400391,418.61,-0.00017251
2009,558,6,588.57,115.085372,35.399661,478.42,-0.00027832
2009,558,7,686.67,115.084738,35.398962,478.42,-0.00000000
2009,558,8,784.76,115.084262,35.398217,463.47,-0.00012605
2009,558,9,882.86,115.083578,35.397533,523.27,0.00066530
2009,558,10,980.95,115.083103,35.396788,478.42,0.00053437
2009,558,11,1079.05,115.082677,35.396028,493.37,-0.00026093
2009,558,12,1177.14,115.082151,35.395298,508.32,0.00000000
2009,558,13,1275.24,115.081676,35.394552,523.27,0.00030262
2009,558,14,1373.34,115.081200,35.393807,478.42,0.00000634
2009,558,15,1471.43,115.080791,35.393043,493.37,0.00020298
2009,558,16,1569.53,115.080252,35.392316,523.27,0.00108524
2009,558,17,1667.62,115.079982,35.391511,523.27,0.00143198
2009,559,0,0.00,115.088067,35.404177,1091.39,-0.00115126
2009,559,1,92.24,115.087424,35.404821,478.42,-0.00118223
2009,559,2,184.47,115.086989,35.405525,687.72,-0.00121320
2009,56,0,0.00,115.861516,35.860432,269.11,0.00534085
2009,56,1,55.79,115.860899,35.860432,269.11,0.00558803
2009,56,2,111.58,115.860438,35.860162,254.16,0.00583521
2009,560,0,0.00,115.079982,35.391511,538.22,0.00062998
2009,560,1,98.40,115.079443,35.390782,538.22,0.00024371
2009,560,2,196.80,115.079027,35.390017,538.22,-0.00048578
2009,560,3,295.19,115.078500,35.389355,568.12,0.00000181
2009,560,4,393.59,115.077973,35.388693,538.22,0.00119492
2009,560,5,491.99,115.077557,35.387928,523.27,0.00045376
2009,560,6,590.39,115.077287,35.387120,508.32,-0.00102413
2009,560,7,688.79,115.076748,35.386391,523.27,-0.00139858
2009,561,0,0.00,115.079982,35.391511,1255.84,-0.00000000
2009,561,1,98.33,115.080668,35.390825,1046.54,0.00051144
2009,561,2,196.67,115.081353,35.390140,1106.34,0.00106215
2009,561,3,295.00,115.082138,35.389625,837.23,0.00110141
2009,562,0,0.00,115.076748,35.386391,493.37,0.00000000
2009,562,1,29.90,115.076748,35.386121,493.37,0.00000000
2009,562,2,59.80,115.076748,35.385852,478.42,0.00000000
2009,563,0,0.00,115.076748,35.386391,1031.59,0.00348436
2009,563,1,92.30,115.076104,35.387034,1629.61,0.00517726
2009,563,2,184.60,115.075184,35.387199,956.83,0.00832477
2009,563,3,276.90,115.074323,35.386931,403.66,0.00983567
2009,563,4,369.20,115.074426,35.386287,657.82,0.00577082
2009,563,5,461.50,115.074862,35.385582,762.48,0.00164968
2009,564,0,0.00,115.076748,35.385852,508.32,-0.00070132
2009,564,1,85.16,115.076209,35.385242,478.42,-0.00076111
2009,564,2,170.33,115.075670,35.384774,448.52,-0.00082090
2009,565,0,0.00,115.076748,35.385852,1136.24,0.00000000
2009,565,1,85.46,115.077344,35.385256,1061.49,0.00068138
2009,565,2,170.91,115.077940,35.384660,1136.24,0.00142065
2009,565,3,256.37,115.078635,35.384235,792.38,0.00147854
2009,566,0,0.00,115.074862,35.385582,1016.64,-0.00528605
2009,566,1,56.05,115.074245,35.385582,1001.69,-0.00552968
2009,566,2,112.10,115.073784,35.385852,762.48,-0.00577331
2009,567,0,0.00,115.074862,35.385582,1091.39,-0.00000000
2009,567,1,57.97,115.075266,35.385178,1166.14,-0.00000000
2009,567,2,115.94,115.075670,35.384774,1121.29,-0.00000000
2009,568,0,0.00,115.075670,35.384774,493.37,-0.00376804
2009,568,1,81.43,115.075670,35.384040,418.61,-0.00401361
2009,568,2,162.86,115.075160,35.383455,433.57,-0.00232939
2009,568,3,244.29,115.074592,35.382887,388.71,-0.00039960
2009,570,0,0.00,115.073784,35.385852,478.42,0.00000000
2009,570,1,14.95,115.073784,35.385987,478.42,0.00000000
2009,570,2,29.90,115.073784,35.386121,493.37,0.00000000
2009,571,0,0.00,115.073784,35.385852,493.37,0.00000000
2009,571,1,19.32,115.073649,35.385717,418.61,0.00000000
2009,571,2,38.65,115.073514,35.385582,418.61,0.00000000
2009,572,0,0.00,115.074592,35.382887,941.88,0.00000000
2009,572,1,93.62,115.073939,35.383540,1091.39,0.00117594
2009,572,2,187.24,115.073286,35.384193,911.98,0.00247919
2009,572,3,280.85,115.072436,35.384504,44.85,0.00260651
2009,573,0,0.00,115.074592,35.382887,463.47,-0.00109770
2009,573,1,98.39,115.074323,35.382079,403.66,-0.00141127
2009,573,2,196.79,115.073845,35.381332,418.61,-0.00032531
2009,573,3,295.18,115.073245,35.380621,358.81,0.00063722
2009,573,4,393.57,115.072975,35.379813,328.91,-0.00147128
2009,573,5,491.97,115.072413,35.379091,313.96,-0.00241888
2009,573,6,590.36,115.071628,35.378575,373.76,-0.00169499
2009,574,0,0.00,115.071628,35.378575,313.96,-0.00019126
2009,574,1,95.97,115.071375,35.377784,254.16,-0.00089173
2009,574,2,191.93,115.071089,35.377003,209.31,-0.00152687
2009,574,3,287.90,115.070550,35.376296,164.46,0.00004781
2009,574,4,383.87,115.069993,35.375594,224.26,0.00162250
2009,574,5,479.83,115.069741,35.374802,358.81,0.00168784
2009,575,0,0.00,115.071628,35.378575,837.23,0.00000000
2009,575,1,77.30,115.071089,35.379114,867.13,0.00000000
2009,575,2,154.59,115.070550,35.379653,807.33,0.00000000
2009,576,0,0.00,115.069741,35.374802,269.11,0.00422150
2009,576,1,89.50,115.068756,35.374802,239.21,0.00211075
2009,576,2,178.99,115.068083,35.374263,299.01,-0.00110825
2009,576,3,268.49,115.067098,35.374263,418.61,-0.00000000
2009,576,4,357.99,115.066269,35.373994,478.42,0.00000000
2009,576,5,447.48,115.065440,35.373725,508.32,-0.00211075
2009,576,6,536.98,115.064455,35.373725,448.52,-0.00100250
2009,576,7,626.48,115.063470,35.373725,448.52,-0.00100250
2009,576,8,715.98,115.062485,35.373725,478.42,-0.00211075
2009,576,9,805.47,115.061656,35.373994,538.22,-0.00221650
2009,577,0,0.00,115.069741,35.374802,911.98,-0.00347876
2009,577,1,53.60,115.070115,35.374429,672.77,-0.00358621
2009,577,2,107.20,115.070280,35.373994,792.38,-0.00369367
2009,578,0,0.00,115.061656,35.373994,538.22,0.00238869
2009,578,1,86.35,115.060862,35.374263,538.22,0.00227369
2009,578,2,172.70,115.059912,35.374263,448.52,0.00107935
2009,578,3,259.05,115.058961,35.374263,508.32,0.00000000
2009,579,0,0.00,115.061656,35.373994,822.28,0.00000000
2009,579,1,86.00,115.061057,35.373394,538.22,-0.00000000
2009,579,2,172.01,115.060457,35.372795,358.81,-0.00217066
2009,579,3,258.01,115.059857,35.372195,269.11,-0.00445332
2009,579,4,344.01,115.058961,35.372108,164.46,-0.00456532
2009,58,0,0.00,115.863403,35.859893,358.81,-0.00044698
2009,58,1,99.91,115.862864,35.859148,313.96,-0.00048247
2009,58,2,199.82,115.862325,35.858545,239.21,-0.00051796
2009,59,0,0.00,115.860438,35.860162,254.16,0.00168350
2009,59,1,82.83,115.859661,35.859924,254.16,0.00397183
2009,59,2,165.67,115.858982,35.859515,239.21,0.00534644
2009,59,3,248.50,115.858821,35.858815,343.86,0.00443273
2009,6,0,0.00,115.862325,35.903012,1255.84,-0.00814910
2009,6,1,76.43,115.862859,35.903546,612.97,-0.00717638
2009,6,2,152.87,115.863546,35.903281,224.26,-0.00502225
2009,6,3,229.30,115.864392,35.903281,224.26,-0.00566634
2009,6,4,305.74,115.864750,35.902742,269.11,-0.00749185
2009,60,0,0.00,115.858821,35.858815,269.11,-0.00000000
2009,60,1,19.28,115.858687,35.858680,328.91,-0.00000000
2009,60,2,38.56,115.858552,35.858545,373.76,-0.00000000
2009,61,0,0.00,115.858821,35.858815,478.42,-0.00574469
2009,61,1,84.71,115.859712,35.858733,1076.44,-0.01180328
2009,61,2,169.42,115.860034,35.858141,284.06,-0.01691667
2009,61,3,254.13,115.859175,35.858006,553.17,-0.01089265
2009,61,4,338.84,115.858552,35.858545,1794.06,-0.00581383
2009,62,0,0.00,115.858552,35.858545,358.81,0.00196288
2009,62,1,96.49,115.857641,35.858276,358.81,0.00132093
2009,62,2,192.98,115.856888,35.857737,373.76,0.00133781
2009,62,3,289.47,115.856032,35.857373,328.91,0.00147168
2009,62,4,385.96,115.855567,35.856638,313.96,-0.00046084
2009,62,5,482.45,115.854793,35.856134,328.91,-0.00110094
2009,62,6,578.94,115.854047,35.855581,373.76,0.00038724
2009,62,7,675.43,115.853245,35.855125,328.91,0.00052217
2009,62,8,771.92,115.852714,35.854503,358.81,-0.00031632
2009,62,9,868.41,115.851907,35.854056,343.86,-0.00090080
2009,62,10,964.90,115.851207,35.853425,328.91,-0.00068506
2009,62,11,1061.39,115.850296,35.853155,313.96,0.00074470
2009,62,12,1157.88,115.849586,35.852543,313.96,0.00044740
2009,62,13,1254.37,115.848812,35.852039,328.91,-0.00025864
2009,62,14,1350.86,115.848038,35.851535,254.16,0.00057115
2009,62,15,1447.35,115.847283,35.850999,239.21,0.00089978
2009,62,16,1543.84,115.846590,35.850356,164.46,-0.00069200
2009,62,17,1640.33,115.845916,35.849682,179.41,-0.00336685
2009,62,18,1736.82,115.845022,35.849382,149.51,-0.00337722
2009,62,19,1833.31,115.844269,35.849382,239.21,-0.00227685
2009,63,0,0.00,115.844269,35.849382,1091.39,-0.00313090
2009,63,1,64.13,115.844269,35.849960,224.26,-0.00322401
2009,63,2,128.27,115.844538,35.850460,179.41,-0.00331712
2009,64,0,0.00,115.844269,35.849382,209.31,-0.00404012
2009,64,1,94.14,115.843541,35.848843,179.41,-0.00310836
2009,64,2,188.29,115.842499,35.848843,179.41,-0.00099777
2009,64,3,282.43,115.841599,35.848600,224.26,-0.00073235
2009,64,4,376.58,115.840572,35.848574,269.11,-0.00172692
2009,64,5,470.72,115.839530,35.848574,299.01,-0.00098412
2009,64,6,564.86,115.838632,35.848821,358.81,-0.00079841
2009,64,7,659.01,115.837603,35.848843,358.81,-0.00202842
2009,64,8,753.15,115.836819,35.849286,403.66,-0.00064813
2009,64,9,847.30,115.835991,35.849652,418.61,0.00103066
2009,64,10,941.44,115.835106,35.849921,388.71,0.00073740
2009,65,0,0.00,115.835106,35.849921,448.52,-0.00101914
2009,65,1,75.76,115.834477,35.850281,388.71,-0.00000000
2009,65,2,151.51,115.833901,35.850730,418.61,0.00156360
2009,65,3,227.27,115.833219,35.850999,418.61,0.00210805
2009,66,0,0.00,115.835106,35.849921,1345.55,-0.00000000
2009,66,1,85.23,115.834510,35.849326,1285.75,-0.00068269
2009,66,2,170.47,115.833914,35.848730,1016.64,-0.00142366
2009,66,3,255.70,115.833219,35.848304,568.12,-0.00148194
2009,67,0,0.00,115.833219,35.850999,1420.30,-0.00000000
2009,67,1,80.49,115.832657,35.850437,1480.10,-0.00160309
2009,67,2,160.99,115.832094,35.849874,837.23,-0.00337367
2009,67,3,241.48,115.831333,35.849652,493.37,-0.00354116
2009,68,0,0.00,115.833219,35.850999,388.71,0.00183276
2009,68,1,98.41,115.832532,35.851687,358.81,0.00222918
2009,68,2,196.82,115.831670,35.852077,358.81,0.00091547
2009,68,3,295.23,115.830759,35.852382,328.91,0.00059506
2009,68,4,393.64,115.829963,35.852886,328.91,0.00267734
2009,68,5,492.05,115.828886,35.852907,433.57,0.00185390
2009,68,6,590.46,115.828099,35.852886,508.32,0.00033789
2009,69,0,0.00,115.828099,35.852886,1106.34,0.00138794
2009,69,1,93.05,115.828099,35.852047,747.53,0.00197315
2009,69,2,186.10,115.828355,35.851283,642.87,0.00373523
2009,69,3,279.15,115.828796,35.850572,343.86,0.00535334
2009,69,4,372.21,115.829446,35.850460,343.86,0.00579459
2009,7,0,0.00,115.905444,35.932117,209.31,0.00000000
2009,7,1,19.27,115.905309,35.931983,239.21,0.00000000
2009,7,2,38.54,115.905174,35.931848,239.21,0.00000000
2009,70,0,0.00,115.828099,35.852886,448.52,0.00224990
2009,70,1,87.24,115.827448,35.853425,418.61,0.00276148
2009,70,2,174.49,115.826639,35.853694,358.81,0.00236689
2009,70,3,261.73,115.825773,35.853865,373.76,-0.00043980
2009,70,4,348.98,115.824865,35.853964,388.71,-0.00117015
2009,70,5,436.22,115.824156,35.854403,403.66,0.00074809
2009,70,6,523.47,115.823248,35.854503,418.61,-0.00000000
2009,70,7,610.71,115.822440,35.854772,433.57,-0.00149619
2009,71,0,0.00,115.822440,35.854772,418.61,-0.00000000
2009,71,1,74.39,115.821773,35.855042,388.71,0.00163000
2009,71,2,148.78,115.821107,35.855311,388.71,0.00309964
2009,71,3,223.17,115.820284,35.855311,478.42,0.00293928
2009,72,0,0.00,115.822440,35.854772,1345.55,-0.00000000
2009,72,1,83.93,115.821853,35.854186,1121.29,-0.00058694
2009,72,2,167.86,115.821266,35.853599,911.98,-0.00674236
2009,72,3,251.78,115.820596,35.853155,373.76,-0.01298634
2009,72,4,335.71,115.820284,35.853799,882.08,-0.00790309
2009,72,5,419.64,115.820284,35.854555,1285.75,-0.00107217
2009,72,6,503.57,115.820284,35.855311,1300.70,0.00000000
2009,74,0,0.00,115.820284,35.855311,448.52,0.00000000
2009,74,1,98.79,115.819394,35.855662,433.57,0.00059061
2009,74,2,197.58,115.818505,35.856012,433.57,0.00110875
2009,74,3,296.37,115.817517,35.856192,433.57,0.00021693
2009,74,4,395.16,115.816538,35.856389,403.66,-0.00054807
2009,74,5,493.95,115.815602,35.856659,418.61,-0.00024686
2009,74,6,592.74,115.814666,35.856928,418.61,0.00069179
2009,74,7,691.53,115.813729,35.857198,418.61,0.00090185
2009,74,8,790.32,115.812673,35.857262,373.76,-0.00047025
2009,74,9,889.12,115.811699,35.857467,388.71,-0.00078669
2009,74,10,987.91,115.810763,35.857737,418.61,0.00068031
2009,74,11,1086.70,115.809807,35.857973,403.66,0.00067838
2009,74,12,1185.49,115.808733,35.858006,388.71,-0.00000000
2009,74,13,1284.28,115.807796,35.858276,388.71,0.00010832
2009,74,14,1383.07,115.806703,35.858276,388.71,0.00000000
2009,74,15,1481.86,115.805766,35.858545,418.61,-0.00000000
2009,74,16,1580.65,115.804673,35.858545,388.71,-0.00082947
2009,74,17,1679.44,115.803736,35.858815,388.71,0.00000000
2009,74,18,1778.23,115.802788,35.859063,388.71,0.00158751
2009,74,19,1877.02,115.801706,35.859084,418.61,0.00081815
2009,74,20,1975.81,115.800612,35.859084,418.61,-0.00075804
2009,74,21,2074.60,115.799519,35.859084,448.52,-0.00081815
2009,74,22,2173.39,115.798582,35.859354,418.61,0.00081815
2009,74,23,2272.18,115.797489,35.859354,418.61,0.00081815
2009,74,24,2370.97,115.796395,35.859354,418.61,-0.00081815
2009,74,25,2469.76,115.795301,35.859354,418.61,-0.00081815
2009,74,26,2568.55,115.794365,35.859623,448.52,-0.00000000
2009,74,27,2667.35,115.793271,35.859623,418.61,-0.00000000
2009,74,28,2766.14,115.792335,35.859893,418.61,0.00081815
2009,74,29,2864.93,115.791241,35.859893,418.61,0.00081815
2009,74,30,2963.72,115.790147,35.859893,418.61,-0.00000000
2009,74,31,3062.51,115.789053,35.859893,418.61,0.00000000
2009,74,32,3161.30,115.787960,35.859893,418.61,0.00000000
2009,74,33,3260.09,115.786866,35.859893,418.61,-0.00000000
2009,74,34,3358.88,115.785772,35.859893,448.52,0.00000000
2009,74,35,3457.67,115.784679,35.859893,478.42,-0.00000000
2009,74,36,3556.46,115.783585,35.859893,478.42,0.00000000
2009,74,37,3655.25,115.782491,35.859893,478.42,0.00000000
2009,74,38,3754.04,115.781397,35.859893,448.52,-0.00000000
2009,74,39,3852.83,115.780304,35.859893,418.61,0.00000000
2009,74,40,3951.62,115.779210,35.859893,388.71,0.00026107
2009,74,41,4050.41,115.778116,35.859893,388.71,0.00081815
2009,74,42,4149.20,115.777075,35.859803,343.86,0.00027362
2009,74,43,4247.99,115.776086,35.859623,358.81,-0.00076040
2009,74,44,4346.78,115.774992,35.859623,328.91,0.00061359
2009,74,45,4445.58,115.773910,35.859603,358.81,0.00163232
2009,74,46,4544.37,115.773021,35.859253,328.91,0.00022680
2009,74,47,4643.16,115.772033,35.859073,328.91,-0.00057585
2009,74,48,4741.95,115.771090,35.858815,269.11,-0.00055693
2009,74,49,4840.74,115.770055,35.858713,254.16,-0.00000000
2009,74,50,4939.53,115.769059,35.858545,239.21,-0.00000000
2009,74,51,5038.32,115.768078,35.858352,179.41,0.00057585
2009,74,52,5137.11,115.767029,35.858276,149.51,0.00183813
2009,74,53,5235.90,115.766201,35.857822,164.46,0.00118028
2009,74,54,5334.69,115.765314,35.857467,224.26,0.00162161
2009,74,55,5433.48,115.764522,35.856952,284.06,0.00107134
2009,74,56,5532.27,115.763959,35.856224,388.71,-0.00166489
2009,74,57,5631.06,115.763151,35.855850,493.37,-0.00265742
2009,75,0,0.00,115.763151,35.855850,343.86,0.00000000
2009,75,1,99.15,115.763151,35.854957,313.96,0.00000000
2009,75,2,198.30,115.763151,35.854063,299.01,-0.00064381
2009,75,3,297.45,115.763151,35.853170,284.06,-0.00132521
2009,75,4,396.60,115.762881,35.852354,313.96,-0.00068140
2009,75,5,495.75,115.762612,35.851538,373.76,0.00000000
2009,76,0,0.00,115.763151,35.855850,792.38,0.00000000
2009,76,1,77.12,115.762612,35.856389,478.42,0.00000000
2009,76,2,154.23,115.762073,35.856928,313.96,0.00000000
2009,77,0,0.00,115.762612,35.851538,373.76,0.00000000
2009,77,1,90.48,115.762612,35.850723,403.66,0.00000000
2009,77,2,180.96,115.762612,35.849907,373.76,-0.00175676
2009,77,3,271.44,115.762612,35.849092,373.76,-0.00388362
2009,77,4,361.92,115.762073,35.848574,478.42,-0.00425373
2009,78,0,0.00,115.762612,35.851538,1569.81,0.00345166
2009,78,1,79.13,115.761761,35.851496,717.63,0.00355851
2009,78,2,158.26,115.761108,35.851113,568.12,0.00183269
2009,78,3,237.40,115.760456,35.850730,403.66,0.00000000
2009,79,0,0.00,115.762073,35.848574,343.86,0.00000000
2009,79,1,90.38,115.762073,35.847759,328.91,0.00000000
2009,79,2,180.76,115.762073,35.846945,269.11,-0.00005238
2009,79,3,271.15,115.762073,35.846130,269.11,-0.00077740
2009,79,4,361.53,115.762054,35.845321,313.96,-0.00185244
2009,79,5,451.91,115.761803,35.844579,328.91,-0.00166154
2009,79,6,542.29,115.761418,35.843876,328.91,-0.00064767
2009,79,7,632.67,115.760995,35.843184,313.96,-0.00022711
2009,8,0,0.00,115.905174,35.931848,493.37,0.00203489
2009,8,1,75.02,115.904550,35.932202,493.37,0.00203894
2009,8,2,150.05,115.903827,35.932387,343.86,0.00204299
2009,80,0,0.00,115.762073,35.848574,627.92,-0.00208955
2009,80,1,72.38,115.761468,35.848910,568.12,-0.00199911
2009,80,2,144.76,115.760962,35.849416,493.37,-0.00095434
2009,80,3,217.14,115.760456,35.849921,403.66,-0.00000000
2009,81,0,0.00,115.760995,35.843184,313.96,-0.00141057
2009,81,1,94.81,115.760995,35.842330,284.06,-0.00141307
2009,81,2,189.62,115.760725,35.841553,284.06,-0.00171301
2009,81,3,284.43,115.760470,35.840773,328.91,-0.00219070
2009,81,4,379.25,115.759917,35.840220,403.66,-0.00237096
2009,82,0,0.00,115.760995,35.843184,478.42,0.00000000
2009,82,1,57.84,115.760591,35.843588,463.47,0.00000000
2009,82,2,115.68,115.760186,35.843993,493.37,0.00000000
2009,83,0,0.00,115.759917,35.840220,299.01,-0.00261022
2009,83,1,94.12,115.759917,35.839371,313.96,-0.00199230
2009,83,2,188.23,115.759437,35.838662,299.01,-0.00033964
2009,83,3,282.35,115.759197,35.837883,269.11,0.00026231
2009,83,4,376.47,115.758839,35.837139,269.11,0.00017017
2009,83,5,470.59,115.758569,35.836369,239.21,-0.00034745
2009,83,6,564.70,115.758300,35.835598,209.31,-0.00111258
2009,83,7,658.82,115.757820,35.834889,224.26,-0.00042283
2009,83,8,752.94,115.757372,35.834171,209.31,0.00068335
2009,83,9,847.05,115.756923,35.833453,179.41,0.00119515
2009,83,10,941.17,115.756683,35.832674,254.16,0.00119739
2009,84,0,0.00,115.759917,35.840220,598.02,0.00464213
2009,84,1,87.26,115.759266,35.840759,1210.99,0.00454767
2009,84,2,174.51,115.758300,35.840759,732.58,0.00445320
2009,85,0,0.00,115.756683,35.832674,239.21,0.00000000
2009,85,1,85.24,115.756087,35.832078,269.11,-0.00068264
2009,85,2,170.48,115.755492,35.831482,299.01,-0.00142355
2009,85,3,255.72,115.754796,35.831057,343.86,-0.00148182
2009,86,0,0.00,115.756683,35.832674,1510.00,0.00000000
2009,86,1,75.09,115.757357,35.832404,807.33,0.00000000
2009,86,2,150.17,115.758030,35.832135,,0.00000000
2009,87,0,0.00,115.754796,35.831057,313.96,-0.00086884
2009,87,1,94.29,115.754527,35.830285,239.21,-0.00243178
2009,87,2,188.57,115.754106,35.829557,299.01,-0.00306391
2009,87,3,282.86,115.753288,35.829170,284.06,-0.00112961
2009,87,4,377.15,115.752559,35.828631,313.96,0.00037361
2009,87,5,471.43,115.751732,35.828261,239.21,0.00025138
2009,87,6,565.72,115.751073,35.827602,299.01,-0.00146638
2009,87,7,660.00,115.750215,35.827284,358.81,-0.00256217
2009,88,0,0.00,115.754796,35.831057,1524.95,0.00392300
2009,88,1,67.98,115.754201,35.831326,598.02,0.00373280
2009,88,2,135.96,115.753449,35.831326,373.76,0.00354260
2009,89,0,0.00,115.750215,35.827284,1375.45,-0.00185637
2009,89,1,72.80,115.749706,35.827793,1629.61,-0.00191172
2009,89,2,145.59,115.749407,35.828362,702.67,-0.00196707
2009,9,0,0.00,115.905444,35.932117,986.73,0.00000000
2009,9,1,48.64,115.905983,35.932117,568.12,0.00000000
2009,9,2,97.28,115.906522,35.932117,89.70,0.00000000
2009,90,0,0.00,115.750215,35.827284,328.91,-0.00113627
2009,90,1,99.22,115.749422,35.826761,269.11,-0.00115272
2009,90,2,198.43,115.748530,35.826408,254.16,-0.00117034
2009,90,3,297.65,115.747638,35.826055,239.21,-0.00016832
2009,90,4,396.87,115.746647,35.825872,254.16,-0.00020853
2009,90,5,496.09,115.745826,35.825397,209.31,-0.00130031
2009,90,6,595.30,115.744728,35.825397,239.21,-0.00067434
2009,90,7,694.52,115.743787,35.825128,209.31,-0.00081090
2009,90,8,793.74,115.742689,35.825128,269.11,-0.00081090
2009,90,9,892.96,115.741591,35.825128,568.12,0.00000000
2009,91,0,0.00,115.741591,35.825128,762.48,0.00238822
2009,91,1,86.55,115.741591,35.825908,478.42,0.00387485
2009,91,2,173.10,115.741217,35.826580,254.16,0.00413353
2009,91,3,259.65,115.740513,35.827014,358.81,0.00290559
2009,92,0,0.00,115.741591,35.825128,478.42,-0.00344122
2009,92,1,93.36,115.740873,35.824589,672.77,-0.00306706
2009,92,2,186.71,115.739889,35.824504,568.12,-0.00257600
2009,92,3,280.07,115.738964,35.824319,463.47,-0.00285396
2009,92,4,373.43,115.738088,35.824589,358.81,-0.00324881
2009,93,0,0.00,115.740513,35.827014,313.96,0.00000000
2009,93,1,44.85,115.740513,35.827419,254.16,0.00000000
2009,93,2,89.71,115.740513,35.827823,373.76,0.00000000
2009,94,0,0.00,115.740513,35.827014,1061.49,-0.00000000
2009,94,1,57.85,115.740109,35.826610,508.32,-0.00000000
2009,94,2,115.69,115.739705,35.826206,269.11,-0.00000000
2009,95,0,0.00,115.738088,35.824589,792.38,-0.00245706
2009,95,1,64.13,115.738118,35.825158,418.61,-0.00251402
2009,95,2,128.27,115.738357,35.825667,553.17,-0.00257098
2009,96,0,0.00,115.738088,35.824589,403.66,-0.00575112
2009,96,1,62.92,115.737450,35.824688,313.96,-0.00555154
2009,96,2,125.83,115.737010,35.825128,523.27,-0.00535195
2009,97,0,0.00,115.740513,35.827823,1016.64,-0.00207826
2009,97,1,92.34,115.741378,35.828092,657.82,-0.00197947
2009,97,2,184.67,115.742400,35.828092,313.96,-0.00188069
2009,98,0,0.00,115.740513,35.827823,284.06,0.00109762
2009,98,1,96.65,115.740047,35.828559,313.96,0.00159859
2009,98,2,193.30,115.739371,35.829234,328.91,0.00104978
2009,98,3,289.96,115.738597,35.829740,328.91,-0.00052806
2009,98,4,386.61,115.737921,35.830415,373.76,-0.00052806
2009,98,5,483.26,115.737246,35.831091,358.81,0.00018825
2009,98,6,579.91,115.736570,35.831766,343.86,0.00000000
2009,98,7,676.57,115.735932,35.832311,328.91,0.00016170
2009,98,8,773.22,115.735329,35.833007,284.06,0.00052806
2009,98,9,869.87,115.734554,35.833513,299.01,0.00017811
2009,98,10,966.52,115.733879,35.834188,313.96,0.00000000
2009,98,11,1063.17,115.733104,35.834693,358.81,-0.00052806
2009,98,12,1159.83,115.732428,35.835369,328.91,-0.00105613
2009,99,0,0.00,115.739705,35.826206,358.81,0.00928161
2009,99,1,43.63,115.739379,35.826475,448.52,0.00909270
2009,99,2,87.27,115.738896,35.826475,493.37,0.00890379
